index,scheduled_offset_ms,start_offset_ms,timestamp_utc,operation,row_id,latency_ms,success,error
0,0.0,0.071,2026-09-17T15:11:46.302452+00:00,read,80826,12.837,True,
1,20.0,20.182,2026-09-17T15:11:46.322568+00:00,write,85836,5.248,True,
2,40.0,40.264,2026-09-17T15:11:46.342650+00:00,read,40688,3.057,True,
3,60.0,60.191,2026-09-17T15:11:46.362575+00:00,read,72860,2.709,True,
4,80.0,80.093,2026-09-17T15:11:46.382474+00:00,read,602,1.489,True,
5,100.0,100.518,2026-09-17T15:11:46.402921+00:00,read,48889,2.702,True,
6,120.0,120.181,2026-09-17T15:11:46.422569+00:00,write,43030,3.904,True,
7,140.0,140.157,2026-09-17T15:11:46.442548+00:00,read,71315,8.722,True,
8,160.0,160.221,2026-09-17T15:11:46.462610+00:00,write,27372,3.543,True,
9,180.0,180.281,2026-09-17T15:11:46.482670+00:00,read,28029,2.872,True,
10,200.0,200.336,2026-09-17T15:11:46.502721+00:00,read,87439,2.086,True,
11,220.0,220.212,2026-09-17T15:11:46.522597+00:00,read,2740,1.934,True,
12,240.0,240.176,2026-09-17T15:11:46.542560+00:00,write,94791,1.506,True,
13,260.0,260.256,2026-09-17T15:11:46.562643+00:00,read,5491,2.997,True,
14,280.0,280.191,2026-09-17T15:11:46.582578+00:00,write,75650,4.451,True,
15,300.0,300.103,2026-09-17T15:11:46.602484+00:00,read,16175,2.0,True,
16,320.0,320.133,2026-09-17T15:11:46.622519+00:00,read,3238,3.168,True,
17,340.0,340.233,2026-09-17T15:11:46.642617+00:00,read,95639,1.5,True,
18,360.0,360.21,2026-09-17T15:11:46.662592+00:00,read,64797,1.951,True,
19,380.0,380.247,2026-09-17T15:11:46.682634+00:00,read,69139,2.568,True,
20,400.0,400.483,2026-09-17T15:11:46.702872+00:00,read,80032,3.41,True,
21,420.0,420.289,2026-09-17T15:11:46.722671+00:00,read,33320,1.373,True,
22,440.0,440.197,2026-09-17T15:11:46.742580+00:00,read,26448,2.147,True,
23,460.0,460.212,2026-09-17T15:11:46.762599+00:00,read,61200,1.919,True,
24,480.0,480.217,2026-09-17T15:11:46.782606+00:00,read,5507,2.035,True,
25,500.0,500.157,2026-09-17T15:11:46.802546+00:00,read,65801,2.558,True,
26,520.0,520.295,2026-09-17T15:11:46.822680+00:00,read,28190,3.127,True,
27,540.0,540.277,2026-09-17T15:11:46.842661+00:00,read,69716,2.86,True,
28,560.0,560.151,2026-09-17T15:11:46.862539+00:00,read,94795,2.351,True,
29,580.0,580.35,2026-09-17T15:11:46.882732+00:00,read,74233,2.053,True,
30,600.0,600.184,2026-09-17T15:11:46.902571+00:00,read,5014,2.342,True,
31,620.0,620.168,2026-09-17T15:11:46.922554+00:00,read,7990,3.165,True,
32,640.0,640.165,2026-09-17T15:11:46.942551+00:00,read,3957,3.273,True,
33,660.0,660.273,2026-09-17T15:11:46.962656+00:00,read,35679,1.732,True,
34,680.0,680.178,2026-09-17T15:11:46.982564+00:00,read,73269,2.122,True,
35,700.0,700.258,2026-09-17T15:11:47.002642+00:00,read,57852,2.018,True,
36,720.0,720.276,2026-09-17T15:11:47.022658+00:00,write,17197,1.217,True,
37,740.0,740.219,2026-09-17T15:11:47.042607+00:00,read,36604,1.824,True,
38,760.0,760.164,2026-09-17T15:11:47.062549+00:00,read,39471,2.822,True,
39,780.0,780.223,2026-09-17T15:11:47.082610+00:00,read,14383,2.901,True,
40,800.0,800.302,2026-09-17T15:11:47.102690+00:00,read,20894,3.376,True,
41,820.0,820.275,2026-09-17T15:11:47.122659+00:00,read,5908,2.125,True,
42,840.0,840.236,2026-09-17T15:11:47.142624+00:00,write,65577,2.387,True,
43,860.0,860.147,2026-09-17T15:11:47.162535+00:00,read,8896,2.397,True,
44,880.0,880.178,2026-09-17T15:11:47.182567+00:00,write,28104,1.646,True,
45,900.0,900.261,2026-09-17T15:11:47.202648+00:00,read,13311,3.077,True,
46,920.0,920.245,2026-09-17T15:11:47.222628+00:00,read,49221,2.305,True,
47,940.0,940.162,2026-09-17T15:11:47.242546+00:00,write,59175,1.837,True,
48,960.0,960.231,2026-09-17T15:11:47.262617+00:00,read,75179,3.033,True,
49,980.0,980.336,2026-09-17T15:11:47.282722+00:00,read,4996,3.006,True,
50,1000.0,1000.319,2026-09-17T15:11:47.302704+00:00,read,74049,2.775,True,
51,1020.0,1020.19,2026-09-17T15:11:47.322573+00:00,write,64576,2.14,True,
52,1040.0,1040.211,2026-09-17T15:11:47.342595+00:00,read,51400,2.021,True,
53,1060.0,1060.224,2026-09-17T15:11:47.362611+00:00,read,18499,3.305,True,
54,1080.0,1080.26,2026-09-17T15:11:47.382649+00:00,read,36213,3.423,True,
55,1100.0,1100.303,2026-09-17T15:11:47.402693+00:00,read,61411,3.734,True,
56,1120.0,1120.266,2026-09-17T15:11:47.422657+00:00,write,18949,3.003,True,
57,1140.0,1140.519,2026-09-17T15:11:47.442910+00:00,write,50111,1.777,True,
58,1160.0,1160.467,2026-09-17T15:11:47.462858+00:00,read,37690,2.055,True,
59,1180.0,1180.187,2026-09-17T15:11:47.482574+00:00,read,73706,1.807,True,
60,1200.0,1200.173,2026-09-17T15:11:47.502556+00:00,read,42620,1.632,True,
61,1220.0,1220.208,2026-09-17T15:11:47.522592+00:00,read,1866,1.832,True,
62,1240.0,1240.122,2026-09-17T15:11:47.542505+00:00,read,91889,1.424,True,
63,1260.0,1260.192,2026-09-17T15:11:47.562578+00:00,write,32598,2.216,True,
64,1280.0,1280.192,2026-09-17T15:11:47.582579+00:00,read,36486,1.865,True,
65,1300.0,1300.148,2026-09-17T15:11:47.602534+00:00,read,40216,2.98,True,
66,1320.0,1320.169,2026-09-17T15:11:47.622552+00:00,read,13347,1.441,True,
67,1340.0,1340.139,2026-09-17T15:11:47.642527+00:00,read,55875,3.379,True,
68,1360.0,1360.282,2026-09-17T15:11:47.662673+00:00,read,93521,3.505,True,
69,1380.0,1380.251,2026-09-17T15:11:47.682641+00:00,read,75597,3.275,True,
70,1400.0,1400.188,2026-09-17T15:11:47.702574+00:00,write,96140,2.608,True,
71,1420.0,1420.166,2026-09-17T15:11:47.722553+00:00,read,99787,3.588,True,
72,1440.0,1440.234,2026-09-17T15:11:47.742619+00:00,write,23288,1.798,True,
73,1460.0,1460.199,2026-09-17T15:11:47.762583+00:00,write,35003,2.073,True,
74,1480.0,1480.255,2026-09-17T15:11:47.782640+00:00,write,96809,1.9,True,
75,1500.0,1500.434,2026-09-17T15:11:47.802819+00:00,read,41304,2.935,True,
76,1520.0,1520.16,2026-09-17T15:11:47.822547+00:00,read,57401,2.966,True,
77,1540.0,1540.442,2026-09-17T15:11:47.842829+00:00,read,18614,2.96,True,
78,1560.0,1560.164,2026-09-17T15:11:47.862550+00:00,write,63878,2.351,True,
79,1580.0,1580.172,2026-09-17T15:11:47.882560+00:00,read,91022,2.445,True,
80,1600.0,1600.311,2026-09-17T15:11:47.902699+00:00,read,30773,3.208,True,
81,1620.0,1620.168,2026-09-17T15:11:47.922555+00:00,write,66808,2.244,True,
82,1640.0,1640.328,2026-09-17T15:11:47.942716+00:00,read,8969,3.288,True,
83,1660.0,1660.31,2026-09-17T15:11:47.962698+00:00,read,26355,3.515,True,
84,1680.0,1680.175,2026-09-17T15:11:47.982562+00:00,read,54864,2.024,True,
85,1700.0,1700.284,2026-09-17T15:11:48.002674+00:00,read,8914,3.412,True,
86,1720.0,1720.228,2026-09-17T15:11:48.022617+00:00,read,96973,3.352,True,
87,1740.0,1740.171,2026-09-17T15:11:48.042558+00:00,read,40240,3.189,True,
88,1760.0,1760.153,2026-09-17T15:11:48.062540+00:00,read,14097,2.911,True,
89,1780.0,1780.612,2026-09-17T15:11:48.083001+00:00,write,74449,3.105,True,
90,1800.0,1800.181,2026-09-17T15:11:48.102566+00:00,read,29847,2.338,True,
91,1820.0,1820.301,2026-09-17T15:11:48.122688+00:00,read,69910,3.384,True,
92,1840.0,1840.166,2026-09-17T15:11:48.142555+00:00,read,33463,5.084,True,
93,1860.0,1860.452,2026-09-17T15:11:48.162843+00:00,read,2745,5.162,True,
94,1880.0,1880.302,2026-09-17T15:11:48.182692+00:00,read,7796,3.817,True,
95,1900.0,1900.176,2026-09-17T15:11:48.202562+00:00,read,56749,2.387,True,
96,1920.0,1920.254,2026-09-17T15:11:48.222646+00:00,read,63856,5.452,True,
97,1940.0,1940.136,2026-09-17T15:11:48.242520+00:00,read,18075,1.588,True,
98,1960.0,1960.132,2026-09-17T15:11:48.262515+00:00,read,21581,1.601,True,
99,1980.0,1980.134,2026-09-17T15:11:48.282521+00:00,read,99933,2.506,True,
100,2000.0,2000.159,2026-09-17T15:11:48.302544+00:00,write,70605,2.365,True,
101,2020.0,2020.456,2026-09-17T15:11:48.322841+00:00,write,1916,2.546,True,
102,2040.0,2040.202,2026-09-17T15:11:48.342588+00:00,read,12602,3.873,True,
103,2060.0,2060.167,2026-09-17T15:11:48.362556+00:00,write,14082,2.61,True,
104,2080.0,2080.159,2026-09-17T15:11:48.382545+00:00,write,91828,2.1,True,
105,2100.0,2100.131,2026-09-17T15:11:48.402517+00:00,read,4772,2.821,True,
106,2120.0,2120.125,2026-09-17T15:11:48.422508+00:00,read,2548,1.807,True,
107,2140.0,2140.127,2026-09-17T15:11:48.442509+00:00,read,35877,1.398,True,
108,2160.0,2160.174,2026-09-17T15:11:48.462561+00:00,write,13242,1.419,True,
109,2180.0,2180.18,2026-09-17T15:11:48.482570+00:00,read,98967,1.478,True,
110,2200.0,2200.153,2026-09-17T15:11:48.502539+00:00,read,58608,1.409,True,
111,2220.0,2220.18,2026-09-17T15:11:48.522561+00:00,read,72735,1.311,True,
112,2240.0,2240.127,2026-09-17T15:11:48.542513+00:00,read,46194,2.274,True,
113,2260.0,2260.286,2026-09-17T15:11:48.562672+00:00,read,68882,4.007,True,
114,2280.0,2280.298,2026-09-17T15:11:48.582684+00:00,write,38641,2.58,True,
115,2300.0,2300.316,2026-09-17T15:11:48.602701+00:00,read,92594,3.642,True,
116,2320.0,2320.328,2026-09-17T15:11:48.622715+00:00,read,90028,4.316,True,
117,2340.0,2340.542,2026-09-17T15:11:48.642927+00:00,read,7355,4.417,True,
118,2360.0,2360.15,2026-09-17T15:11:48.662536+00:00,read,1463,3.776,True,
119,2380.0,2380.261,2026-09-17T15:11:48.682649+00:00,read,92498,3.873,True,
120,2400.0,2400.297,2026-09-17T15:11:48.702687+00:00,read,51584,4.343,True,
121,2420.0,2420.214,2026-09-17T15:11:48.722602+00:00,read,75975,3.861,True,
122,2440.0,2440.203,2026-09-17T15:11:48.742652+00:00,read,7045,4.107,True,
123,2460.0,2460.147,2026-09-17T15:11:48.762536+00:00,read,46035,2.469,True,
124,2480.0,2480.187,2026-09-17T15:11:48.782588+00:00,read,73231,3.516,True,
125,2500.0,2500.204,2026-09-17T15:11:48.802593+00:00,read,31067,2.306,True,
126,2520.0,2520.191,2026-09-17T15:11:48.822578+00:00,write,77092,1.869,True,
127,2540.0,2540.148,2026-09-17T15:11:48.842533+00:00,read,29804,1.706,True,
128,2560.0,2560.133,2026-09-17T15:11:48.862517+00:00,read,83833,1.621,True,
129,2580.0,2580.101,2026-09-17T15:11:48.882486+00:00,write,15595,1.538,True,
130,2600.0,2600.1,2026-09-17T15:11:48.902484+00:00,read,30655,1.623,True,
131,2620.0,2620.099,2026-09-17T15:11:48.922483+00:00,read,13221,2.078,True,
132,2640.0,2640.108,2026-09-17T15:11:48.942493+00:00,read,50857,1.693,True,
133,2660.0,2660.132,2026-09-17T15:11:48.962516+00:00,write,54816,1.198,True,
134,2680.0,2680.174,2026-09-17T15:11:48.982584+00:00,read,8513,3.977,True,
135,2700.0,2700.193,2026-09-17T15:11:49.002580+00:00,read,68564,2.91,True,
136,2720.0,2720.242,2026-09-17T15:11:49.022628+00:00,write,33392,2.643,True,
137,2740.0,2740.233,2026-09-17T15:11:49.042622+00:00,read,94070,3.62,True,
138,2760.0,2760.294,2026-09-17T15:11:49.062682+00:00,read,51855,4.526,True,
139,2780.0,2780.295,2026-09-17T15:11:49.082683+00:00,read,38030,3.505,True,
140,2800.0,2800.227,2026-09-17T15:11:49.102616+00:00,read,68274,4.689,True,
141,2820.0,2820.296,2026-09-17T15:11:49.122684+00:00,read,28512,4.065,True,
142,2840.0,2840.119,2026-09-17T15:11:49.142502+00:00,read,71014,2.214,True,
143,2860.0,2860.144,2026-09-17T15:11:49.162529+00:00,read,53844,2.59,True,
144,2880.0,2880.16,2026-09-17T15:11:49.182549+00:00,write,99477,4.018,True,
145,2900.0,2900.33,2026-09-17T15:11:49.202718+00:00,read,65480,3.336,True,
146,2920.0,2920.147,2026-09-17T15:11:49.222531+00:00,read,4724,1.66,True,
147,2940.0,2940.161,2026-09-17T15:11:49.242545+00:00,read,12405,2.132,True,
148,2960.0,2960.254,2026-09-17T15:11:49.262636+00:00,read,47867,1.672,True,
149,2980.0,2980.125,2026-09-17T15:11:49.282509+00:00,read,51137,1.558,True,
150,3000.0,3000.171,2026-09-17T15:11:49.302559+00:00,read,3356,3.018,True,
151,3020.0,3020.346,2026-09-17T15:11:49.322739+00:00,read,41471,6.962,True,
152,3040.0,3040.285,2026-09-17T15:11:49.342677+00:00,read,25930,5.374,True,
153,3060.0,3060.262,2026-09-17T15:11:49.362654+00:00,read,91526,4.252,True,
154,3080.0,3080.212,2026-09-17T15:11:49.382600+00:00,read,48378,2.999,True,
155,3100.0,3100.253,2026-09-17T15:11:49.402638+00:00,read,53047,2.005,True,
156,3120.0,3120.172,2026-09-17T15:11:49.422556+00:00,write,97017,1.321,True,
157,3140.0,3140.165,2026-09-17T15:11:49.442550+00:00,write,79077,1.024,True,
158,3160.0,3160.226,2026-09-17T15:11:49.462608+00:00,read,4732,2.121,True,
159,3180.0,3180.158,2026-09-17T15:11:49.482543+00:00,write,30681,3.286,True,
160,3200.0,3200.272,2026-09-17T15:11:49.502656+00:00,write,17898,2.64,True,
161,3220.0,3220.268,2026-09-17T15:11:49.522654+00:00,read,10829,3.799,True,
162,3240.0,3240.33,2026-09-17T15:11:49.542718+00:00,read,2460,3.343,True,
163,3260.0,3260.31,2026-09-17T15:11:49.562696+00:00,read,24928,4.576,True,
164,3280.0,3280.189,2026-09-17T15:11:49.582574+00:00,read,35287,3.283,True,
165,3300.0,3300.205,2026-09-17T15:11:49.602593+00:00,read,67868,3.927,True,
166,3320.0,3320.181,2026-09-17T15:11:49.622567+00:00,read,10138,3.565,True,
167,3340.0,3340.203,2026-09-17T15:11:49.642587+00:00,read,23113,1.669,True,
168,3360.0,3360.211,2026-09-17T15:11:49.662595+00:00,read,68424,1.68,True,
169,3380.0,3380.108,2026-09-17T15:11:49.682490+00:00,read,71286,1.506,True,
170,3400.0,3400.192,2026-09-17T15:11:49.702582+00:00,read,64533,3.71,True,
171,3420.0,3420.201,2026-09-17T15:11:49.722592+00:00,read,69320,3.017,True,
172,3440.0,3440.144,2026-09-17T15:11:49.742529+00:00,write,14795,1.83,True,
173,3460.0,3460.153,2026-09-17T15:11:49.762536+00:00,read,59873,2.443,True,
174,3480.0,3480.163,2026-09-17T15:11:49.782556+00:00,read,30633,1.676,True,
175,3500.0,3500.146,2026-09-17T15:11:49.802531+00:00,read,28542,3.318,True,
176,3520.0,3520.137,2026-09-17T15:11:49.822523+00:00,read,68342,3.489,True,
177,3540.0,3540.247,2026-09-17T15:11:49.842632+00:00,read,61848,15.034,True,
178,3560.0,3560.09,2026-09-17T15:11:49.862470+00:00,read,2989,1.583,True,
179,3580.0,3580.146,2026-09-17T15:11:49.882531+00:00,read,96207,3.214,True,
180,3600.0,3600.269,2026-09-17T15:11:49.902654+00:00,write,32165,2.7,True,
181,3620.0,3620.296,2026-09-17T15:11:49.922681+00:00,write,8701,2.888,True,
182,3640.0,3640.315,2026-09-17T15:11:49.942701+00:00,read,80050,4.234,True,
183,3660.0,3660.272,2026-09-17T15:11:49.962658+00:00,read,74743,3.688,True,
184,3680.0,3680.294,2026-09-17T15:11:49.982679+00:00,read,38723,4.227,True,
185,3700.0,3700.369,2026-09-17T15:11:50.002858+00:00,read,3981,4.188,True,
186,3720.0,3720.267,2026-09-17T15:11:50.022652+00:00,read,76125,3.865,True,
187,3740.0,3740.294,2026-09-17T15:11:50.042679+00:00,read,10061,4.251,True,
188,3760.0,3760.202,2026-09-17T15:11:50.062588+00:00,write,16769,3.811,True,
189,3780.0,3780.277,2026-09-17T15:11:50.082662+00:00,read,76217,3.983,True,
190,3800.0,3800.197,2026-09-17T15:11:50.102583+00:00,read,88285,3.635,True,
191,3820.0,3820.165,2026-09-17T15:11:50.122554+00:00,read,49181,3.891,True,
192,3840.0,3840.205,2026-09-17T15:11:50.142592+00:00,read,35118,3.797,True,
193,3860.0,3860.123,2026-09-17T15:11:50.162510+00:00,read,80460,2.701,True,
194,3880.0,3880.253,2026-09-17T15:11:50.182638+00:00,read,38873,2.77,True,
195,3900.0,3900.141,2026-09-17T15:11:50.202529+00:00,write,97532,2.613,True,
196,3920.0,3920.563,2026-09-17T15:11:50.222954+00:00,read,29221,4.427,True,
197,3940.0,3940.265,2026-09-17T15:11:50.242658+00:00,read,32659,7.071,True,
198,3960.0,3960.237,2026-09-17T15:11:50.262629+00:00,read,23223,4.124,True,
199,3980.0,3980.354,2026-09-17T15:11:50.282743+00:00,read,13772,3.428,True,
200,4000.0,4000.166,2026-09-17T15:11:50.302551+00:00,read,25832,2.026,True,
201,4020.0,4020.124,2026-09-17T15:11:50.322510+00:00,read,94472,1.841,True,
202,4040.0,4040.153,2026-09-17T15:11:50.342539+00:00,read,49621,1.964,True,
203,4060.0,4060.096,2026-09-17T15:11:50.362480+00:00,read,8460,2.045,True,
204,4080.0,4080.203,2026-09-17T15:11:50.382588+00:00,read,46333,1.993,True,
205,4100.0,4100.135,2026-09-17T15:11:50.402520+00:00,read,66621,1.648,True,
206,4120.0,4120.147,2026-09-17T15:11:50.422533+00:00,read,19787,2.794,True,
207,4140.0,4140.241,2026-09-17T15:11:50.442629+00:00,read,16075,1.968,True,
208,4160.0,4160.174,2026-09-17T15:11:50.462563+00:00,read,78675,3.391,True,
209,4180.0,4180.532,2026-09-17T15:11:50.482922+00:00,read,70092,4.151,True,
210,4200.0,4200.277,2026-09-17T15:11:50.502666+00:00,read,15003,3.595,True,
211,4220.0,4220.317,2026-09-17T15:11:50.522705+00:00,read,27381,3.934,True,
212,4240.0,4240.284,2026-09-17T15:11:50.542673+00:00,read,30409,3.829,True,
213,4260.0,4260.202,2026-09-17T15:11:50.562591+00:00,write,43030,3.426,True,
214,4280.0,4280.272,2026-09-17T15:11:50.582660+00:00,write,40900,2.511,True,
215,4300.0,4300.208,2026-09-17T15:11:50.602600+00:00,read,84992,3.659,True,
216,4320.0,4320.212,2026-09-17T15:11:50.622602+00:00,read,51383,2.873,True,
217,4340.0,4340.324,2026-09-17T15:11:50.642711+00:00,write,36829,2.316,True,
218,4360.0,4360.335,2026-09-17T15:11:50.662721+00:00,write,74060,2.252,True,
219,4380.0,4380.241,2026-09-17T15:11:50.682626+00:00,read,10294,3.127,True,
220,4400.0,4400.164,2026-09-17T15:11:50.702547+00:00,read,34819,2.291,True,
221,4420.0,4420.266,2026-09-17T15:11:50.722652+00:00,read,51011,3.435,True,
222,4440.0,4440.278,2026-09-17T15:11:50.742665+00:00,read,23352,3.973,True,
223,4460.0,4460.165,2026-09-17T15:11:50.762556+00:00,read,85986,2.669,True,
224,4480.0,4480.31,2026-09-17T15:11:50.782698+00:00,read,81444,4.346,True,
225,4500.0,4500.245,2026-09-17T15:11:50.802633+00:00,read,64804,3.222,True,
226,4520.0,4520.518,2026-09-17T15:11:50.822906+00:00,write,94088,2.774,True,
227,4540.0,4540.319,2026-09-17T15:11:50.842708+00:00,read,12383,3.689,True,
228,4560.0,4560.224,2026-09-17T15:11:50.862608+00:00,read,86377,2.269,True,
229,4580.0,4580.46,2026-09-17T15:11:50.882853+00:00,read,82896,4.152,True,
230,4600.0,4600.312,2026-09-17T15:11:50.902704+00:00,write,42536,2.855,True,
231,4620.0,4620.18,2026-09-17T15:11:50.922569+00:00,write,90332,1.983,True,
232,4640.0,4640.355,2026-09-17T15:11:50.942743+00:00,read,20137,5.024,True,
233,4660.0,4660.245,2026-09-17T15:11:50.962631+00:00,read,92050,2.575,True,
234,4680.0,4680.295,2026-09-17T15:11:50.982686+00:00,write,3543,2.899,True,
235,4700.0,4700.504,2026-09-17T15:11:51.002892+00:00,write,34205,1.903,True,
236,4720.0,4720.179,2026-09-17T15:11:51.022569+00:00,read,89450,3.626,True,
237,4740.0,4740.164,2026-09-17T15:11:51.042548+00:00,read,24924,2.5,True,
238,4760.0,4760.425,2026-09-17T15:11:51.062811+00:00,write,6339,2.616,True,
239,4780.0,4780.26,2026-09-17T15:11:51.082647+00:00,write,77347,2.458,True,
240,4800.0,4800.368,2026-09-17T15:11:51.102787+00:00,read,6171,3.56,True,
241,4820.0,4820.173,2026-09-17T15:11:51.122561+00:00,read,12811,3.113,True,
242,4840.0,4840.268,2026-09-17T15:11:51.142654+00:00,read,52272,5.288,True,
243,4860.0,4860.44,2026-09-17T15:11:51.162828+00:00,read,23252,3.85,True,
244,4880.0,4880.292,2026-09-17T15:11:51.182680+00:00,write,58849,2.991,True,
245,4900.0,4900.273,2026-09-17T15:11:51.202660+00:00,read,13944,3.861,True,
246,4920.0,4920.167,2026-09-17T15:11:51.222553+00:00,read,53184,3.47,True,
247,4940.0,4940.184,2026-09-17T15:11:51.242571+00:00,read,76966,3.525,True,
248,4960.0,4960.23,2026-09-17T15:11:51.262616+00:00,write,68907,2.868,True,
249,4980.0,4980.301,2026-09-17T15:11:51.282685+00:00,read,84457,3.443,True,
250,5000.0,5000.256,2026-09-17T15:11:51.302642+00:00,write,99481,3.853,True,
251,5020.0,5020.178,2026-09-17T15:11:51.322564+00:00,write,116,2.755,True,
252,5040.0,5040.23,2026-09-17T15:11:51.342620+00:00,read,29264,5.391,True,
253,5060.0,5060.295,2026-09-17T15:11:51.362684+00:00,write,83233,2.599,True,
254,5080.0,5080.301,2026-09-17T15:11:51.382689+00:00,write,34885,1.886,True,
255,5100.0,5100.169,2026-09-17T15:11:51.402556+00:00,write,84001,2.023,True,
256,5120.0,5120.131,2026-09-17T15:11:51.422516+00:00,read,77947,1.897,True,
257,5140.0,5140.18,2026-09-17T15:11:51.442568+00:00,read,90958,3.068,True,
258,5160.0,5160.202,2026-09-17T15:11:51.462591+00:00,read,9783,3.097,True,
259,5180.0,5180.152,2026-09-17T15:11:51.482537+00:00,read,57973,2.596,True,
260,5200.0,5200.19,2026-09-17T15:11:51.502574+00:00,read,40179,2.302,True,
261,5220.0,5220.146,2026-09-17T15:11:51.522532+00:00,write,77984,2.458,True,
262,5240.0,5240.332,2026-09-17T15:11:51.542717+00:00,write,66903,2.015,True,
263,5260.0,5260.278,2026-09-17T15:11:51.562660+00:00,read,39014,1.738,True,
264,5280.0,5280.473,2026-09-17T15:11:51.582855+00:00,write,90112,2.0,True,
265,5300.0,5300.191,2026-09-17T15:11:51.602576+00:00,read,79227,2.645,True,
266,5320.0,5320.23,2026-09-17T15:11:51.622615+00:00,read,56889,3.066,True,
267,5340.0,5340.463,2026-09-17T15:11:51.642848+00:00,read,53974,2.775,True,
268,5360.0,5360.191,2026-09-17T15:11:51.662576+00:00,read,6569,2.893,True,
269,5380.0,5380.292,2026-09-17T15:11:51.682677+00:00,read,46287,2.833,True,
270,5400.0,5400.196,2026-09-17T15:11:51.702581+00:00,read,38641,2.865,True,
271,5420.0,5420.188,2026-09-17T15:11:51.722574+00:00,read,51002,2.495,True,
272,5440.0,5440.248,2026-09-17T15:11:51.742637+00:00,read,73608,3.759,True,
273,5460.0,5460.126,2026-09-17T15:11:51.762510+00:00,read,26799,4.365,True,
274,5480.0,5480.211,2026-09-17T15:11:51.782600+00:00,read,7160,2.026,True,
275,5500.0,5500.158,2026-09-17T15:11:51.802545+00:00,read,17063,3.078,True,
276,5520.0,5520.27,2026-09-17T15:11:51.822659+00:00,read,59038,3.77,True,
277,5540.0,5540.324,2026-09-17T15:11:51.842713+00:00,read,49652,3.382,True,
278,5560.0,5560.6,2026-09-17T15:11:51.862987+00:00,read,71094,3.264,True,
279,5580.0,5580.281,2026-09-17T15:11:51.882669+00:00,read,5845,2.915,True,
280,5600.0,5600.298,2026-09-17T15:11:51.902685+00:00,read,49356,3.262,True,
281,5620.0,5620.212,2026-09-17T15:11:51.922603+00:00,read,72931,4.361,True,
282,5640.0,5640.283,2026-09-17T15:11:51.942672+00:00,read,47999,3.271,True,
283,5660.0,5660.354,2026-09-17T15:11:51.962742+00:00,read,97888,2.585,True,
284,5680.0,5680.471,2026-09-17T15:11:51.982859+00:00,read,99896,3.57,True,
285,5700.0,5700.36,2026-09-17T15:11:52.002746+00:00,read,19181,3.704,True,
286,5720.0,5720.354,2026-09-17T15:11:52.022739+00:00,read,75412,3.57,True,
287,5740.0,5740.362,2026-09-17T15:11:52.042982+00:00,write,52387,2.783,True,
288,5760.0,5760.292,2026-09-17T15:11:52.062677+00:00,read,11502,3.376,True,
289,5780.0,5780.152,2026-09-17T15:11:52.082537+00:00,write,33996,2.476,True,
290,5800.0,5800.205,2026-09-17T15:11:52.102591+00:00,read,475,4.107,True,
291,5820.0,5820.183,2026-09-17T15:11:52.122570+00:00,write,63825,2.116,True,
292,5840.0,5840.418,2026-09-17T15:11:52.142805+00:00,read,91161,3.472,True,
293,5860.0,5860.262,2026-09-17T15:11:52.162649+00:00,read,56753,3.583,True,
294,5880.0,5880.216,2026-09-17T15:11:52.182602+00:00,write,42246,1.663,True,
295,5900.0,5900.216,2026-09-17T15:11:52.202599+00:00,write,29648,1.449,True,
296,5920.0,5920.246,2026-09-17T15:11:52.222629+00:00,read,31114,2.933,True,
297,5940.0,5940.151,2026-09-17T15:11:52.242535+00:00,read,36407,2.028,True,
298,5960.0,5960.114,2026-09-17T15:11:52.262499+00:00,read,68243,1.893,True,
299,5980.0,5980.152,2026-09-17T15:11:52.282536+00:00,read,47759,2.963,True,
300,6000.0,6000.199,2026-09-17T15:11:52.302587+00:00,read,13355,2.693,True,
301,6020.0,6020.29,2026-09-17T15:11:52.322681+00:00,read,61843,2.807,True,
302,6040.0,6040.18,2026-09-17T15:11:52.342570+00:00,read,21949,3.597,True,
303,6060.0,6060.218,2026-09-17T15:11:52.362609+00:00,read,59368,2.871,True,
304,6080.0,6080.237,2026-09-17T15:11:52.382628+00:00,read,15981,3.564,True,
305,6100.0,6100.215,2026-09-17T15:11:52.402605+00:00,read,37743,4.824,True,
306,6120.0,6120.165,2026-09-17T15:11:52.422555+00:00,read,59317,6.549,True,
307,6140.0,6140.15,2026-09-17T15:11:52.442534+00:00,read,46119,2.011,True,
308,6160.0,6160.183,2026-09-17T15:11:52.462573+00:00,read,88679,3.602,True,
309,6180.0,6180.181,2026-09-17T15:11:52.482570+00:00,write,35376,1.683,True,
310,6200.0,6200.123,2026-09-17T15:11:52.502509+00:00,read,145,2.051,True,
311,6220.0,6220.143,2026-09-17T15:11:52.522527+00:00,read,39325,1.951,True,
312,6240.0,6240.216,2026-09-17T15:11:52.542605+00:00,read,68509,2.857,True,
313,6260.0,6260.223,2026-09-17T15:11:52.562607+00:00,read,19556,2.82,True,
314,6280.0,6280.257,2026-09-17T15:11:52.582639+00:00,read,13518,2.522,True,
315,6300.0,6300.21,2026-09-17T15:11:52.602597+00:00,write,99836,3.008,True,
316,6320.0,6320.135,2026-09-17T15:11:52.622519+00:00,read,90173,1.983,True,
317,6340.0,6340.145,2026-09-17T15:11:52.642530+00:00,write,56174,1.664,True,
318,6360.0,6360.19,2026-09-17T15:11:52.662576+00:00,read,29550,2.192,True,
319,6380.0,6380.18,2026-09-17T15:11:52.682568+00:00,read,16385,4.132,True,
320,6400.0,6400.18,2026-09-17T15:11:52.702565+00:00,read,93005,2.947,True,
321,6420.0,6420.238,2026-09-17T15:11:52.722623+00:00,read,52133,3.731,True,
322,6440.0,6440.18,2026-09-17T15:11:52.742566+00:00,write,71787,2.87,True,
323,6460.0,6460.167,2026-09-17T15:11:52.762557+00:00,write,14793,2.624,True,
324,6480.0,6480.204,2026-09-17T15:11:52.782593+00:00,read,80093,3.782,True,
325,6500.0,6500.184,2026-09-17T15:11:52.802569+00:00,write,5856,2.515,True,
326,6520.0,6520.184,2026-09-17T15:11:52.822572+00:00,write,46439,2.724,True,
327,6540.0,6540.197,2026-09-17T15:11:52.842586+00:00,read,34755,3.418,True,
328,6560.0,6560.181,2026-09-17T15:11:52.862570+00:00,write,87028,2.412,True,
329,6580.0,6580.168,2026-09-17T15:11:52.882555+00:00,read,91634,3.196,True,
330,6600.0,6600.305,2026-09-17T15:11:52.902692+00:00,write,47390,2.881,True,
331,6620.0,6620.255,2026-09-17T15:11:52.922641+00:00,write,40864,2.923,True,
332,6640.0,6640.318,2026-09-17T15:11:52.942704+00:00,read,44903,3.783,True,
333,6660.0,6660.334,2026-09-17T15:11:52.962721+00:00,read,80621,3.918,True,
334,6680.0,6680.452,2026-09-17T15:11:52.982841+00:00,read,50912,4.252,True,
335,6700.0,6700.207,2026-09-17T15:11:53.002594+00:00,write,32543,2.818,True,
336,6720.0,6720.366,2026-09-17T15:11:53.022779+00:00,write,28835,2.843,True,
337,6740.0,6740.214,2026-09-17T15:11:53.042600+00:00,read,88556,3.685,True,
338,6760.0,6760.219,2026-09-17T15:11:53.062604+00:00,read,83505,3.223,True,
339,6780.0,6780.262,2026-09-17T15:11:53.082648+00:00,read,36768,3.445,True,
340,6800.0,6800.18,2026-09-17T15:11:53.102565+00:00,read,30086,4.745,True,
341,6820.0,6820.3,2026-09-17T15:11:53.122685+00:00,read,43112,3.503,True,
342,6840.0,6840.169,2026-09-17T15:11:53.142555+00:00,write,98545,2.537,True,
343,6860.0,6860.147,2026-09-17T15:11:53.162532+00:00,write,7564,2.365,True,
344,6880.0,6880.196,2026-09-17T15:11:53.182582+00:00,read,55093,3.849,True,
345,6900.0,6900.203,2026-09-17T15:11:53.202589+00:00,read,75937,4.293,True,
346,6920.0,6920.142,2026-09-17T15:11:53.222528+00:00,write,60661,2.527,True,
347,6940.0,6940.459,2026-09-17T15:11:53.242844+00:00,read,430,3.44,True,
348,6960.0,6960.166,2026-09-17T15:11:53.262550+00:00,write,4629,2.015,True,
349,6980.0,6980.193,2026-09-17T15:11:53.282574+00:00,write,19253,1.043,True,
350,7000.0,7000.194,2026-09-17T15:11:53.302580+00:00,write,94178,2.736,True,
351,7020.0,7020.143,2026-09-17T15:11:53.322565+00:00,read,14202,4.042,True,
352,7040.0,7040.19,2026-09-17T15:11:53.342576+00:00,read,14746,2.754,True,
353,7060.0,7060.27,2026-09-17T15:11:53.362654+00:00,read,27649,4.156,True,
354,7080.0,7080.209,2026-09-17T15:11:53.382596+00:00,read,73099,3.196,True,
355,7100.0,7100.281,2026-09-17T15:11:53.402669+00:00,read,66530,3.138,True,
356,7120.0,7120.193,2026-09-17T15:11:53.422577+00:00,read,55879,1.959,True,
357,7140.0,7140.137,2026-09-17T15:11:53.442525+00:00,read,80158,2.704,True,
358,7160.0,7160.144,2026-09-17T15:11:53.462532+00:00,read,24441,3.615,True,
359,7180.0,7180.36,2026-09-17T15:11:53.482858+00:00,write,70912,2.506,True,
360,7200.0,7200.35,2026-09-17T15:11:53.502738+00:00,read,94688,3.054,True,
361,7220.0,7220.322,2026-09-17T15:11:53.522711+00:00,read,25304,3.261,True,
362,7240.0,7240.265,2026-09-17T15:11:53.542653+00:00,read,22374,1.898,True,
363,7260.0,7260.324,2026-09-17T15:11:53.562711+00:00,read,51945,2.941,True,
364,7280.0,7280.258,2026-09-17T15:11:53.582643+00:00,write,91238,2.144,True,
365,7300.0,7300.158,2026-09-17T15:11:53.602544+00:00,write,62851,1.84,True,
366,7320.0,7320.192,2026-09-17T15:11:53.622574+00:00,read,64149,1.653,True,
367,7340.0,7340.277,2026-09-17T15:11:53.642666+00:00,read,82619,2.93,True,
368,7360.0,7360.322,2026-09-17T15:11:53.662705+00:00,read,82520,2.246,True,
369,7380.0,7380.223,2026-09-17T15:11:53.682606+00:00,read,19176,2.368,True,
370,7400.0,7400.248,2026-09-17T15:11:53.702632+00:00,write,51310,2.036,True,
371,7420.0,7420.234,2026-09-17T15:11:53.722618+00:00,read,45294,2.71,True,
372,7440.0,7440.155,2026-09-17T15:11:53.742539+00:00,read,68170,2.234,True,
373,7460.0,7460.188,2026-09-17T15:11:53.762571+00:00,read,47738,2.335,True,
374,7480.0,7480.254,2026-09-17T15:11:53.782642+00:00,read,35551,3.974,True,
375,7500.0,7500.361,2026-09-17T15:11:53.802830+00:00,read,73813,2.781,True,
376,7520.0,7520.215,2026-09-17T15:11:53.822598+00:00,read,70978,2.711,True,
377,7540.0,7540.166,2026-09-17T15:11:53.842552+00:00,read,52778,2.479,True,
378,7560.0,7560.193,2026-09-17T15:11:53.862579+00:00,read,74873,2.892,True,
379,7580.0,7580.255,2026-09-17T15:11:53.882643+00:00,read,79988,4.099,True,
380,7600.0,7600.233,2026-09-17T15:11:53.902618+00:00,read,90586,1.522,True,
381,7620.0,7620.275,2026-09-17T15:11:53.922663+00:00,read,7388,3.423,True,
382,7640.0,7640.178,2026-09-17T15:11:53.942566+00:00,read,29043,3.375,True,
383,7660.0,7660.254,2026-09-17T15:11:53.962645+00:00,read,51652,2.775,True,
384,7680.0,7680.316,2026-09-17T15:11:53.982707+00:00,read,89292,3.578,True,
385,7700.0,7700.253,2026-09-17T15:11:54.002637+00:00,read,55736,3.003,True,
386,7720.0,7720.402,2026-09-17T15:11:54.022788+00:00,read,97950,3.734,True,
387,7740.0,7740.283,2026-09-17T15:11:54.042671+00:00,read,59882,3.835,True,
388,7760.0,7760.28,2026-09-17T15:11:54.062669+00:00,read,10508,3.328,True,
389,7780.0,7780.175,2026-09-17T15:11:54.082564+00:00,read,98004,3.886,True,
390,7800.0,7800.239,2026-09-17T15:11:54.102626+00:00,read,52332,4.285,True,
391,7820.0,7820.273,2026-09-17T15:11:54.122686+00:00,read,49097,4.256,True,
392,7840.0,7840.308,2026-09-17T15:11:54.142695+00:00,read,34502,3.187,True,
393,7860.0,7860.181,2026-09-17T15:11:54.162567+00:00,read,3713,3.223,True,
394,7880.0,7880.411,2026-09-17T15:11:54.182797+00:00,write,10083,2.889,True,
395,7900.0,7900.236,2026-09-17T15:11:54.202625+00:00,read,67442,3.648,True,
396,7920.0,7920.497,2026-09-17T15:11:54.222887+00:00,read,47906,3.428,True,
397,7940.0,7940.36,2026-09-17T15:11:54.242827+00:00,read,26108,3.522,True,
398,7960.0,7960.223,2026-09-17T15:11:54.262609+00:00,read,37934,4.302,True,
399,7980.0,7980.631,2026-09-17T15:11:54.283022+00:00,read,10054,3.833,True,
400,8000.0,8000.167,2026-09-17T15:11:54.302557+00:00,write,94350,3.168,True,
401,8020.0,8020.588,2026-09-17T15:11:54.322978+00:00,read,54081,3.688,True,
402,8040.0,8040.148,2026-09-17T15:11:54.342533+00:00,read,69016,3.435,True,
403,8060.0,8060.189,2026-09-17T15:11:54.362575+00:00,read,20253,3.546,True,
404,8080.0,8080.279,2026-09-17T15:11:54.382666+00:00,read,44406,4.364,True,
405,8100.0,8100.291,2026-09-17T15:11:54.402676+00:00,read,21129,4.221,True,
406,8120.0,8120.186,2026-09-17T15:11:54.422571+00:00,read,11313,3.205,True,
407,8140.0,8140.269,2026-09-17T15:11:54.442654+00:00,read,18421,4.088,True,
408,8160.0,8160.463,2026-09-17T15:11:54.462852+00:00,write,93460,2.512,True,
409,8180.0,8180.194,2026-09-17T15:11:54.482581+00:00,read,80274,3.621,True,
410,8200.0,8200.459,2026-09-17T15:11:54.502844+00:00,read,72690,3.25,True,
411,8220.0,8220.184,2026-09-17T15:11:54.522569+00:00,write,42641,2.845,True,
412,8240.0,8240.495,2026-09-17T15:11:54.542882+00:00,write,80874,3.117,True,
413,8260.0,8260.162,2026-09-17T15:11:54.562548+00:00,write,51520,2.08,True,
414,8280.0,8280.179,2026-09-17T15:11:54.582566+00:00,write,24456,2.085,True,
415,8300.0,8300.131,2026-09-17T15:11:54.602518+00:00,write,59829,1.685,True,
416,8320.0,8320.171,2026-09-17T15:11:54.622556+00:00,read,61587,3.393,True,
417,8340.0,8340.154,2026-09-17T15:11:54.642541+00:00,read,70952,2.356,True,
418,8360.0,8360.186,2026-09-17T15:11:54.662575+00:00,read,80765,2.882,True,
419,8380.0,8380.311,2026-09-17T15:11:54.682699+00:00,read,60301,2.5,True,
420,8400.0,8400.196,2026-09-17T15:11:54.702586+00:00,read,68249,3.425,True,
421,8420.0,8420.187,2026-09-17T15:11:54.722574+00:00,read,64434,3.176,True,
422,8440.0,8440.174,2026-09-17T15:11:54.742561+00:00,read,30935,3.473,True,
423,8460.0,8460.189,2026-09-17T15:11:54.762578+00:00,write,86865,2.736,True,
424,8480.0,8480.195,2026-09-17T15:11:54.782583+00:00,read,48869,4.574,True,
425,8500.0,8500.29,2026-09-17T15:11:54.802677+00:00,read,55321,3.84,True,
426,8520.0,8520.319,2026-09-17T15:11:54.822709+00:00,write,85595,2.626,True,
427,8540.0,8540.178,2026-09-17T15:11:54.842565+00:00,read,79219,4.429,True,
428,8560.0,8560.276,2026-09-17T15:11:54.862665+00:00,read,32405,3.944,True,
429,8580.0,8580.174,2026-09-17T15:11:54.882557+00:00,write,98949,1.603,True,
430,8600.0,8600.123,2026-09-17T15:11:54.902507+00:00,read,50034,2.36,True,
431,8620.0,8620.119,2026-09-17T15:11:54.922503+00:00,read,79475,1.49,True,
432,8640.0,8640.179,2026-09-17T15:11:54.942568+00:00,read,13684,3.574,True,
433,8660.0,8660.157,2026-09-17T15:11:54.962545+00:00,write,87591,2.657,True,
434,8680.0,8680.292,2026-09-17T15:11:54.982680+00:00,write,29919,2.99,True,
435,8700.0,8700.184,2026-09-17T15:11:55.002572+00:00,write,34847,2.358,True,
436,8720.0,8720.295,2026-09-17T15:11:55.022682+00:00,read,17331,3.938,True,
437,8740.0,8740.194,2026-09-17T15:11:55.042581+00:00,write,25570,2.973,True,
438,8760.0,8760.267,2026-09-17T15:11:55.062655+00:00,read,85273,4.043,True,
439,8780.0,8780.221,2026-09-17T15:11:55.082610+00:00,read,68485,3.917,True,
440,8800.0,8800.281,2026-09-17T15:11:55.102668+00:00,write,22332,2.37,True,
441,8820.0,8820.193,2026-09-17T15:11:55.122580+00:00,read,95422,4.555,True,
442,8840.0,8840.178,2026-09-17T15:11:55.142565+00:00,read,62947,4.729,True,
443,8860.0,8860.285,2026-09-17T15:11:55.162672+00:00,read,51739,3.756,True,
444,8880.0,8880.281,2026-09-17T15:11:55.182668+00:00,read,87134,3.313,True,
445,8900.0,8900.251,2026-09-17T15:11:55.202637+00:00,read,97921,3.728,True,
446,8920.0,8920.203,2026-09-17T15:11:55.222589+00:00,read,18034,3.982,True,
447,8940.0,8940.191,2026-09-17T15:11:55.242577+00:00,read,78561,3.403,True,
448,8960.0,8960.172,2026-09-17T15:11:55.262558+00:00,read,72756,3.532,True,
449,8980.0,8980.189,2026-09-17T15:11:55.282575+00:00,read,54725,3.586,True,
450,9000.0,9000.177,2026-09-17T15:11:55.302562+00:00,read,83268,3.803,True,
451,9020.0,9020.172,2026-09-17T15:11:55.322558+00:00,write,80164,2.633,True,
452,9040.0,9040.141,2026-09-17T15:11:55.342526+00:00,read,53428,4.898,True,
453,9060.0,9060.278,2026-09-17T15:11:55.362665+00:00,read,90494,3.453,True,
454,9080.0,9080.274,2026-09-17T15:11:55.382661+00:00,read,52446,3.271,True,
455,9100.0,9100.183,2026-09-17T15:11:55.402571+00:00,read,40739,3.122,True,
456,9120.0,9120.214,2026-09-17T15:11:55.422602+00:00,write,12544,2.996,True,
457,9140.0,9140.309,2026-09-17T15:11:55.442697+00:00,read,85987,24.302,True,
458,9160.0,9164.723,2026-09-17T15:11:55.467106+00:00,read,38499,5.705,True,
459,9180.0,9180.279,2026-09-17T15:11:55.482667+00:00,read,60382,2.277,True,
460,9200.0,9200.201,2026-09-17T15:11:55.502590+00:00,read,85822,3.023,True,
461,9220.0,9220.197,2026-09-17T15:11:55.522585+00:00,read,66411,3.878,True,
462,9240.0,9240.32,2026-09-17T15:11:55.542709+00:00,read,90576,3.465,True,
463,9260.0,9260.365,2026-09-17T15:11:55.562829+00:00,read,1613,2.95,True,
464,9280.0,9280.278,2026-09-17T15:11:55.582666+00:00,read,68488,3.748,True,
465,9300.0,9300.251,2026-09-17T15:11:55.602637+00:00,read,16279,3.398,True,
466,9320.0,9320.212,2026-09-17T15:11:55.622599+00:00,read,7917,3.629,True,
467,9340.0,9340.148,2026-09-17T15:11:55.642536+00:00,read,55227,3.588,True,
468,9360.0,9360.172,2026-09-17T15:11:55.662559+00:00,read,70362,3.85,True,
469,9380.0,9380.203,2026-09-17T15:11:55.682589+00:00,read,84889,3.804,True,
470,9400.0,9400.257,2026-09-17T15:11:55.702645+00:00,read,91756,3.728,True,
471,9420.0,9420.191,2026-09-17T15:11:55.722579+00:00,read,46039,3.778,True,
472,9440.0,9440.257,2026-09-17T15:11:55.742644+00:00,read,15374,3.56,True,
473,9460.0,9460.312,2026-09-17T15:11:55.762701+00:00,read,24653,3.199,True,
474,9480.0,9480.172,2026-09-17T15:11:55.782561+00:00,write,732,2.713,True,
475,9500.0,9500.185,2026-09-17T15:11:55.802573+00:00,read,83279,3.392,True,
476,9520.0,9520.313,2026-09-17T15:11:55.822701+00:00,read,51840,3.821,True,
477,9540.0,9540.203,2026-09-17T15:11:55.842591+00:00,read,2856,3.45,True,
478,9560.0,9560.211,2026-09-17T15:11:55.862599+00:00,read,94367,3.604,True,
479,9580.0,9580.256,2026-09-17T15:11:55.882642+00:00,read,58684,2.943,True,
480,9600.0,9600.203,2026-09-17T15:11:55.902586+00:00,write,58284,1.876,True,
481,9620.0,9620.363,2026-09-17T15:11:55.922825+00:00,read,2985,3.416,True,
482,9640.0,9640.126,2026-09-17T15:11:55.942510+00:00,read,90910,2.715,True,
483,9660.0,9660.455,2026-09-17T15:11:55.962845+00:00,read,53415,2.219,True,
484,9680.0,9680.288,2026-09-17T15:11:55.982677+00:00,write,59943,2.728,True,
485,9700.0,9700.653,2026-09-17T15:11:56.003039+00:00,read,94517,4.384,True,
486,9720.0,9720.261,2026-09-17T15:11:56.022647+00:00,read,91480,3.435,True,
487,9740.0,9740.301,2026-09-17T15:11:56.042688+00:00,read,94732,3.886,True,
488,9760.0,9760.27,2026-09-17T15:11:56.062655+00:00,read,20511,3.507,True,
489,9780.0,9780.418,2026-09-17T15:11:56.082802+00:00,write,49446,2.232,True,
490,9800.0,9800.191,2026-09-17T15:11:56.102577+00:00,read,64280,4.015,True,
491,9820.0,9820.258,2026-09-17T15:11:56.122645+00:00,read,33262,3.691,True,
492,9840.0,9840.315,2026-09-17T15:11:56.142703+00:00,read,12623,4.259,True,
493,9860.0,9860.339,2026-09-17T15:11:56.162727+00:00,read,89088,3.959,True,
494,9880.0,9880.422,2026-09-17T15:11:56.182810+00:00,read,83140,3.822,True,
495,9900.0,9900.497,2026-09-17T15:11:56.202886+00:00,write,28597,2.95,True,
496,9920.0,9920.353,2026-09-17T15:11:56.222743+00:00,read,73983,4.772,True,
497,9940.0,9940.533,2026-09-17T15:11:56.242923+00:00,read,15282,4.52,True,
498,9960.0,9960.254,2026-09-17T15:11:56.262641+00:00,read,3302,3.003,True,
499,9980.0,9980.408,2026-09-17T15:11:56.282794+00:00,read,6180,3.39,True,
500,10000.0,10000.214,2026-09-17T15:11:56.302604+00:00,read,10015,4.614,True,
501,10020.0,10020.435,2026-09-17T15:11:56.322822+00:00,read,48812,4.355,True,
502,10040.0,10040.482,2026-09-17T15:11:56.342871+00:00,read,57203,5.189,True,
503,10060.0,10060.517,2026-09-17T15:11:56.362905+00:00,read,2795,3.672,True,
504,10080.0,10080.266,2026-09-17T15:11:56.382654+00:00,read,55078,3.357,True,
505,10100.0,10100.19,2026-09-17T15:11:56.402576+00:00,read,41639,3.168,True,
506,10120.0,10120.128,2026-09-17T15:11:56.422511+00:00,read,47533,1.913,True,
507,10140.0,10140.16,2026-09-17T15:11:56.442551+00:00,read,27229,3.854,True,
508,10160.0,10160.311,2026-09-17T15:11:56.462698+00:00,write,17498,2.589,True,
509,10180.0,10180.181,2026-09-17T15:11:56.482569+00:00,read,5538,3.68,True,
510,10200.0,10200.228,2026-09-17T15:11:56.502617+00:00,read,66156,4.618,True,
511,10220.0,10220.194,2026-09-17T15:11:56.522581+00:00,read,37522,4.304,True,
512,10240.0,10240.272,2026-09-17T15:11:56.542659+00:00,read,60660,3.269,True,
513,10260.0,10260.266,2026-09-17T15:11:56.562652+00:00,write,43148,2.373,True,
514,10280.0,10280.17,2026-09-17T15:11:56.582558+00:00,write,39441,2.459,True,
515,10300.0,10300.255,2026-09-17T15:11:56.602642+00:00,read,23256,3.841,True,
516,10320.0,10320.11,2026-09-17T15:11:56.622493+00:00,read,86169,1.549,True,
517,10340.0,10340.1,2026-09-17T15:11:56.642483+00:00,read,50595,2.021,True,
518,10360.0,10360.136,2026-09-17T15:11:56.662521+00:00,write,79080,2.375,True,
519,10380.0,10380.143,2026-09-17T15:11:56.682526+00:00,read,50856,2.402,True,
520,10400.0,10400.157,2026-09-17T15:11:56.702543+00:00,read,7658,3.208,True,
521,10420.0,10420.099,2026-09-17T15:11:56.722482+00:00,write,36303,1.216,True,
522,10440.0,10440.131,2026-09-17T15:11:56.742515+00:00,read,48022,2.253,True,
523,10460.0,10460.112,2026-09-17T15:11:56.762495+00:00,read,13744,1.476,True,
524,10480.0,10480.261,2026-09-17T15:11:56.782650+00:00,read,78737,2.988,True,
525,10500.0,10500.503,2026-09-17T15:11:56.802891+00:00,read,76043,3.524,True,
526,10520.0,10520.208,2026-09-17T15:11:56.822596+00:00,read,28376,3.655,True,
527,10540.0,10540.43,2026-09-17T15:11:56.842817+00:00,read,5701,4.6,True,
528,10560.0,10560.519,2026-09-17T15:11:56.862906+00:00,read,10670,3.55,True,
529,10580.0,10580.199,2026-09-17T15:11:56.882583+00:00,read,97058,3.029,True,
530,10600.0,10600.197,2026-09-17T15:11:56.902583+00:00,read,39904,4.08,True,
531,10620.0,10620.148,2026-09-17T15:11:56.922534+00:00,read,87143,3.945,True,
532,10640.0,10640.144,2026-09-17T15:11:56.942529+00:00,read,39624,3.371,True,
533,10660.0,10660.141,2026-09-17T15:11:56.962524+00:00,read,83315,3.507,True,
534,10680.0,10680.225,2026-09-17T15:11:56.982610+00:00,read,98425,3.459,True,
535,10700.0,10700.306,2026-09-17T15:11:57.002696+00:00,write,47577,3.158,True,
536,10720.0,10720.27,2026-09-17T15:11:57.022656+00:00,read,90636,4.522,True,
537,10740.0,10740.261,2026-09-17T15:11:57.042647+00:00,read,93742,3.532,True,
538,10760.0,10760.197,2026-09-17T15:11:57.062583+00:00,read,30914,3.464,True,
539,10780.0,10780.447,2026-09-17T15:11:57.082832+00:00,read,44300,3.012,True,
540,10800.0,10800.213,2026-09-17T15:11:57.102599+00:00,read,11192,3.704,True,
541,10820.0,10820.521,2026-09-17T15:11:57.122908+00:00,read,41894,4.034,True,
542,10840.0,10840.187,2026-09-17T15:11:57.142574+00:00,read,7933,4.156,True,
543,10860.0,10860.515,2026-09-17T15:11:57.162900+00:00,read,54171,4.05,True,
544,10880.0,10880.333,2026-09-17T15:11:57.182719+00:00,read,8823,3.434,True,
545,10900.0,10900.65,2026-09-17T15:11:57.203040+00:00,read,74817,4.121,True,
546,10920.0,10920.525,2026-09-17T15:11:57.222914+00:00,read,87390,4.466,True,
547,10940.0,10940.329,2026-09-17T15:11:57.242719+00:00,read,53665,3.965,True,
548,10960.0,10960.313,2026-09-17T15:11:57.262703+00:00,read,66263,4.353,True,
549,10980.0,10980.329,2026-09-17T15:11:57.282719+00:00,read,57442,5.047,True,
550,11000.0,11000.32,2026-09-17T15:11:57.302709+00:00,read,67078,4.131,True,
551,11020.0,11020.262,2026-09-17T15:11:57.322652+00:00,write,24610,2.815,True,
552,11040.0,11040.304,2026-09-17T15:11:57.342690+00:00,read,46999,4.211,True,
553,11060.0,11060.273,2026-09-17T15:11:57.362657+00:00,read,77761,3.612,True,
554,11080.0,11080.295,2026-09-17T15:11:57.382681+00:00,write,36573,3.305,True,
555,11100.0,11100.144,2026-09-17T15:11:57.402529+00:00,write,39140,2.55,True,
556,11120.0,11120.214,2026-09-17T15:11:57.422599+00:00,read,45025,3.881,True,
557,11140.0,11140.259,2026-09-17T15:11:57.442645+00:00,write,6827,3.011,True,
558,11160.0,11160.256,2026-09-17T15:11:57.462641+00:00,read,8911,3.859,True,
559,11180.0,11180.172,2026-09-17T15:11:57.482558+00:00,read,77360,4.441,True,
560,11200.0,11200.46,2026-09-17T15:11:57.502847+00:00,read,12690,2.605,True,
561,11220.0,11220.167,2026-09-17T15:11:57.522551+00:00,read,76972,2.465,True,
562,11240.0,11240.255,2026-09-17T15:11:57.542643+00:00,read,76672,2.974,True,
563,11260.0,11260.335,2026-09-17T15:11:57.562721+00:00,read,71803,2.723,True,
564,11280.0,11280.282,2026-09-17T15:11:57.582669+00:00,write,86923,2.183,True,
565,11300.0,11300.227,2026-09-17T15:11:57.602614+00:00,write,31686,2.302,True,
566,11320.0,11320.49,2026-09-17T15:11:57.622879+00:00,write,71910,2.91,True,
567,11340.0,11340.27,2026-09-17T15:11:57.642656+00:00,read,47987,3.97,True,
568,11360.0,11360.3,2026-09-17T15:11:57.662687+00:00,read,62865,3.771,True,
569,11380.0,11380.179,2026-09-17T15:11:57.682566+00:00,read,61020,3.514,True,
570,11400.0,11400.25,2026-09-17T15:11:57.702637+00:00,read,34301,2.708,True,
571,11420.0,11420.323,2026-09-17T15:11:57.722710+00:00,read,58113,3.225,True,
572,11440.0,11440.261,2026-09-17T15:11:57.742646+00:00,read,60567,2.938,True,
573,11460.0,11460.165,2026-09-17T15:11:57.762550+00:00,read,13459,2.942,True,
574,11480.0,11480.214,2026-09-17T15:11:57.782599+00:00,read,75013,2.735,True,
575,11500.0,11500.158,2026-09-17T15:11:57.802542+00:00,read,79080,2.562,True,
576,11520.0,11520.294,2026-09-17T15:11:57.822677+00:00,read,36683,2.882,True,
577,11540.0,11540.308,2026-09-17T15:11:57.842692+00:00,read,68905,2.543,True,
578,11560.0,11560.283,2026-09-17T15:11:57.862666+00:00,write,8115,1.957,True,
579,11580.0,11580.337,2026-09-17T15:11:57.882720+00:00,write,59814,1.995,True,
580,11600.0,11600.289,2026-09-17T15:11:57.902678+00:00,read,56457,3.401,True,
581,11620.0,11620.299,2026-09-17T15:11:57.922687+00:00,write,24797,2.331,True,
582,11640.0,11640.142,2026-09-17T15:11:57.942525+00:00,read,50641,1.648,True,
583,11660.0,11660.459,2026-09-17T15:11:57.962845+00:00,read,98513,3.675,True,
584,11680.0,11680.285,2026-09-17T15:11:57.982672+00:00,read,89031,4.219,True,
585,11700.0,11700.179,2026-09-17T15:11:58.002565+00:00,read,14918,3.353,True,
586,11720.0,11720.249,2026-09-17T15:11:58.022637+00:00,write,37048,3.047,True,
587,11740.0,11740.17,2026-09-17T15:11:58.042558+00:00,read,87880,3.77,True,
588,11760.0,11760.188,2026-09-17T15:11:58.062576+00:00,read,29241,3.449,True,
589,11780.0,11780.302,2026-09-17T15:11:58.082688+00:00,write,97725,2.285,True,
590,11800.0,11800.142,2026-09-17T15:11:58.102527+00:00,read,38577,4.161,True,
591,11820.0,11820.191,2026-09-17T15:11:58.122578+00:00,read,19211,3.955,True,
592,11840.0,11840.31,2026-09-17T15:11:58.142696+00:00,read,7672,3.828,True,
593,11860.0,11860.27,2026-09-17T15:11:58.162657+00:00,read,29462,3.494,True,
594,11880.0,11880.348,2026-09-17T15:11:58.182735+00:00,read,45490,3.821,True,
595,11900.0,11900.222,2026-09-17T15:11:58.202609+00:00,read,38076,3.805,True,
596,11920.0,11920.215,2026-09-17T15:11:58.222603+00:00,read,71520,3.234,True,
597,11940.0,11940.257,2026-09-17T15:11:58.242645+00:00,read,18487,3.736,True,
598,11960.0,11960.176,2026-09-17T15:11:58.262564+00:00,write,38124,2.274,True,
599,11980.0,11980.235,2026-09-17T15:11:58.282623+00:00,read,89398,3.652,True,
600,12000.0,12000.284,2026-09-17T15:11:58.302672+00:00,read,9595,3.853,True,
601,12020.0,12020.208,2026-09-17T15:11:58.322596+00:00,read,26773,4.058,True,
602,12040.0,12040.187,2026-09-17T15:11:58.342572+00:00,read,6134,2.421,True,
603,12060.0,12060.113,2026-09-17T15:11:58.362499+00:00,read,15586,1.6,True,
604,12080.0,12080.204,2026-09-17T15:11:58.382591+00:00,read,44896,3.465,True,
605,12100.0,12100.171,2026-09-17T15:11:58.402559+00:00,read,83539,3.598,True,
606,12120.0,12120.283,2026-09-17T15:11:58.422672+00:00,read,44581,3.725,True,
607,12140.0,12140.169,2026-09-17T15:11:58.442555+00:00,read,98363,3.799,True,
608,12160.0,12160.128,2026-09-17T15:11:58.462516+00:00,read,85419,4.367,True,
609,12180.0,12180.177,2026-09-17T15:11:58.482565+00:00,read,32585,3.658,True,
610,12200.0,12200.146,2026-09-17T15:11:58.502532+00:00,read,68127,2.848,True,
611,12220.0,12220.198,2026-09-17T15:11:58.522582+00:00,read,36355,1.953,True,
612,12240.0,12240.18,2026-09-17T15:11:58.542574+00:00,read,57571,4.573,True,
613,12260.0,12260.353,2026-09-17T15:11:58.562741+00:00,read,67784,3.488,True,
614,12280.0,12280.22,2026-09-17T15:11:58.582609+00:00,read,53707,4.488,True,
615,12300.0,12300.289,2026-09-17T15:11:58.602676+00:00,write,34617,2.571,True,
616,12320.0,12320.191,2026-09-17T15:11:58.622577+00:00,read,21045,4.445,True,
617,12340.0,12340.21,2026-09-17T15:11:58.642597+00:00,write,35867,3.49,True,
618,12360.0,12360.279,2026-09-17T15:11:58.662668+00:00,read,66624,3.525,True,
619,12380.0,12380.326,2026-09-17T15:11:58.682716+00:00,read,95024,4.66,True,
620,12400.0,12400.216,2026-09-17T15:11:58.702606+00:00,read,41693,3.944,True,
621,12420.0,12420.5,2026-09-17T15:11:58.722891+00:00,read,50920,3.605,True,
622,12440.0,12440.466,2026-09-17T15:11:58.742857+00:00,read,33585,3.856,True,
623,12460.0,12460.185,2026-09-17T15:11:58.762574+00:00,read,5182,3.439,True,
624,12480.0,12480.501,2026-09-17T15:11:58.782894+00:00,read,78478,3.578,True,
625,12500.0,12500.201,2026-09-17T15:11:58.802592+00:00,read,7483,3.805,True,
626,12520.0,12520.35,2026-09-17T15:11:58.822739+00:00,read,42027,3.625,True,
627,12540.0,12540.189,2026-09-17T15:11:58.842574+00:00,read,27526,2.872,True,
628,12560.0,12560.104,2026-09-17T15:11:58.862490+00:00,read,9816,3.163,True,
629,12580.0,12580.217,2026-09-17T15:11:58.882607+00:00,read,86564,4.319,True,
630,12600.0,12600.136,2026-09-17T15:11:58.902522+00:00,read,54657,3.252,True,
631,12620.0,12620.197,2026-09-17T15:11:58.922581+00:00,read,66004,2.203,True,
632,12640.0,12640.171,2026-09-17T15:11:58.942559+00:00,read,74934,2.26,True,
633,12660.0,12660.114,2026-09-17T15:11:58.962497+00:00,read,82929,1.673,True,
634,12680.0,12680.118,2026-09-17T15:11:58.982502+00:00,read,81337,2.207,True,
635,12700.0,12700.149,2026-09-17T15:11:59.002534+00:00,read,39131,1.507,True,
636,12720.0,12720.107,2026-09-17T15:11:59.022491+00:00,write,37156,1.156,True,
637,12740.0,12740.154,2026-09-17T15:11:59.042539+00:00,read,29561,4.103,True,
638,12760.0,12760.131,2026-09-17T15:11:59.062517+00:00,write,25222,1.976,True,
639,12780.0,12780.147,2026-09-17T15:11:59.082536+00:00,write,5372,2.306,True,
640,12800.0,12800.193,2026-09-17T15:11:59.102581+00:00,read,72836,3.319,True,
641,12820.0,12820.175,2026-09-17T15:11:59.122562+00:00,read,37482,3.432,True,
642,12840.0,12840.203,2026-09-17T15:11:59.142594+00:00,read,71727,3.122,True,
643,12860.0,12860.142,2026-09-17T15:11:59.162530+00:00,read,97719,3.13,True,
644,12880.0,12880.303,2026-09-17T15:11:59.182691+00:00,read,1790,3.176,True,
645,12900.0,12900.122,2026-09-17T15:11:59.202506+00:00,write,85562,1.369,True,
646,12920.0,12920.188,2026-09-17T15:11:59.222575+00:00,read,32623,4.452,True,
647,12940.0,12940.216,2026-09-17T15:11:59.242610+00:00,read,64561,2.848,True,
648,12960.0,12960.238,2026-09-17T15:11:59.262624+00:00,read,42203,2.791,True,
649,12980.0,12980.335,2026-09-17T15:11:59.282723+00:00,read,23960,1.744,True,
650,13000.0,13000.361,2026-09-17T15:11:59.302839+00:00,read,70064,3.301,True,
651,13020.0,13020.198,2026-09-17T15:11:59.322587+00:00,write,90892,2.599,True,
652,13040.0,13040.52,2026-09-17T15:11:59.342910+00:00,read,1997,3.65,True,
653,13060.0,13060.199,2026-09-17T15:11:59.362586+00:00,read,33888,3.342,True,
654,13080.0,13080.277,2026-09-17T15:11:59.382663+00:00,read,30172,4.346,True,
655,13100.0,13100.279,2026-09-17T15:11:59.402667+00:00,read,51467,3.64,True,
656,13120.0,13120.254,2026-09-17T15:11:59.422639+00:00,write,81649,2.642,True,
657,13140.0,13140.179,2026-09-17T15:11:59.442565+00:00,read,16253,2.987,True,
658,13160.0,13160.217,2026-09-17T15:11:59.462605+00:00,write,4424,3.209,True,
659,13180.0,13180.242,2026-09-17T15:11:59.482630+00:00,read,59491,3.62,True,
660,13200.0,13200.239,2026-09-17T15:11:59.502626+00:00,write,3384,2.448,True,
661,13220.0,13220.257,2026-09-17T15:11:59.522646+00:00,read,34595,2.627,True,
662,13240.0,13240.287,2026-09-17T15:11:59.542678+00:00,read,37332,1.776,True,
663,13260.0,13260.177,2026-09-17T15:11:59.562561+00:00,read,5525,2.911,True,
664,13280.0,13280.489,2026-09-17T15:11:59.582879+00:00,write,69226,2.694,True,
665,13300.0,13300.301,2026-09-17T15:11:59.602687+00:00,read,90800,3.842,True,
666,13320.0,13320.31,2026-09-17T15:11:59.622696+00:00,write,49868,3.01,True,
667,13340.0,13340.364,2026-09-17T15:11:59.642882+00:00,read,27918,3.637,True,
668,13360.0,13360.136,2026-09-17T15:11:59.662524+00:00,read,35467,2.875,True,
669,13380.0,13380.483,2026-09-17T15:11:59.682870+00:00,write,86723,2.326,True,
670,13400.0,13400.153,2026-09-17T15:11:59.702539+00:00,write,46262,2.211,True,
671,13420.0,13420.225,2026-09-17T15:11:59.722617+00:00,read,83453,4.026,True,
672,13440.0,13440.14,2026-09-17T15:11:59.742525+00:00,write,54285,1.306,True,
673,13460.0,13460.15,2026-09-17T15:11:59.762538+00:00,read,15503,3.316,True,
674,13480.0,13480.158,2026-09-17T15:11:59.782543+00:00,read,66940,1.988,True,
675,13500.0,13500.127,2026-09-17T15:11:59.802511+00:00,read,91314,1.978,True,
676,13520.0,13520.145,2026-09-17T15:11:59.822530+00:00,read,90124,1.744,True,
677,13540.0,13540.176,2026-09-17T15:11:59.842566+00:00,read,65326,4.289,True,
678,13560.0,13560.321,2026-09-17T15:11:59.862709+00:00,read,13592,3.544,True,
679,13580.0,13580.17,2026-09-17T15:11:59.882558+00:00,write,35336,2.621,True,
680,13600.0,13600.163,2026-09-17T15:11:59.902550+00:00,write,77440,2.702,True,
681,13620.0,13620.286,2026-09-17T15:11:59.922674+00:00,read,2009,3.776,True,
682,13640.0,13640.182,2026-09-17T15:11:59.942573+00:00,read,18840,4.109,True,
683,13660.0,13660.205,2026-09-17T15:11:59.962594+00:00,read,60085,3.801,True,
684,13680.0,13680.296,2026-09-17T15:11:59.982685+00:00,read,80710,3.594,True,
685,13700.0,13700.468,2026-09-17T15:12:00.002857+00:00,write,74910,2.628,True,
686,13720.0,13720.429,2026-09-17T15:12:00.022821+00:00,write,98825,3.305,True,
687,13740.0,13740.232,2026-09-17T15:12:00.042623+00:00,read,90517,3.754,True,
688,13760.0,13760.509,2026-09-17T15:12:00.062900+00:00,write,70961,2.472,True,
689,13780.0,13780.245,2026-09-17T15:12:00.082633+00:00,read,52745,4.323,True,
690,13800.0,13800.204,2026-09-17T15:12:00.102591+00:00,read,39554,3.572,True,
691,13820.0,13820.301,2026-09-17T15:12:00.122700+00:00,read,56864,1.881,True,
692,13840.0,13840.472,2026-09-17T15:12:00.142859+00:00,write,46585,2.957,True,
693,13860.0,13860.349,2026-09-17T15:12:00.162737+00:00,read,32879,3.13,True,
694,13880.0,13880.217,2026-09-17T15:12:00.182608+00:00,read,54365,3.933,True,
695,13900.0,13900.487,2026-09-17T15:12:00.202874+00:00,read,24706,4.087,True,
696,13920.0,13920.289,2026-09-17T15:12:00.222675+00:00,read,5982,4.171,True,
697,13940.0,13940.493,2026-09-17T15:12:00.242880+00:00,read,98389,3.476,True,
698,13960.0,13960.54,2026-09-17T15:12:00.262925+00:00,read,79240,3.796,True,
699,13980.0,13980.266,2026-09-17T15:12:00.282650+00:00,write,8408,3.042,True,
700,14000.0,14000.173,2026-09-17T15:12:00.302559+00:00,read,74703,3.564,True,
701,14020.0,14020.166,2026-09-17T15:12:00.322552+00:00,read,35908,3.698,True,
702,14040.0,14040.17,2026-09-17T15:12:00.342555+00:00,read,77467,3.574,True,
703,14060.0,14060.187,2026-09-17T15:12:00.362573+00:00,read,21511,3.307,True,
704,14080.0,14080.281,2026-09-17T15:12:00.382669+00:00,read,86774,3.978,True,
705,14100.0,14100.298,2026-09-17T15:12:00.402683+00:00,write,45070,2.814,True,
706,14120.0,14120.212,2026-09-17T15:12:00.422596+00:00,read,29846,3.751,True,
707,14140.0,14140.261,2026-09-17T15:12:00.442647+00:00,read,13074,3.144,True,
708,14160.0,14160.27,2026-09-17T15:12:00.462654+00:00,read,10834,5.434,True,
709,14180.0,14180.325,2026-09-17T15:12:00.482710+00:00,read,43982,3.365,True,
710,14200.0,14200.278,2026-09-17T15:12:00.502663+00:00,read,56335,3.574,True,
711,14220.0,14220.169,2026-09-17T15:12:00.522555+00:00,read,16993,3.133,True,
712,14240.0,14240.303,2026-09-17T15:12:00.542689+00:00,write,49031,1.994,True,
713,14260.0,14260.255,2026-09-17T15:12:00.562639+00:00,read,86743,2.329,True,
714,14280.0,14280.237,2026-09-17T15:12:00.582619+00:00,read,21530,2.028,True,
715,14300.0,14300.162,2026-09-17T15:12:00.602543+00:00,write,87718,1.177,True,
716,14320.0,14320.092,2026-09-17T15:12:00.622474+00:00,read,65260,1.506,True,
717,14340.0,14340.158,2026-09-17T15:12:00.642547+00:00,write,20340,1.266,True,
718,14360.0,14360.13,2026-09-17T15:12:00.662511+00:00,read,25679,1.53,True,
719,14380.0,14380.208,2026-09-17T15:12:00.682599+00:00,write,15502,1.453,True,
720,14400.0,14400.138,2026-09-17T15:12:00.702523+00:00,read,11020,1.498,True,
721,14420.0,14420.163,2026-09-17T15:12:00.722554+00:00,read,17855,1.638,True,
722,14440.0,14440.165,2026-09-17T15:12:00.742550+00:00,read,99111,1.78,True,
723,14460.0,14460.113,2026-09-17T15:12:00.762498+00:00,read,48226,1.544,True,
724,14480.0,14480.143,2026-09-17T15:12:00.782526+00:00,read,63592,1.382,True,
725,14500.0,14500.164,2026-09-17T15:12:00.802559+00:00,read,22066,1.652,True,
726,14520.0,14520.166,2026-09-17T15:12:00.822550+00:00,read,99686,1.731,True,
727,14540.0,14540.155,2026-09-17T15:12:00.842540+00:00,read,15156,1.822,True,
728,14560.0,14560.131,2026-09-17T15:12:00.862516+00:00,write,48946,1.244,True,
729,14580.0,14580.112,2026-09-17T15:12:00.882497+00:00,read,4960,1.715,True,
730,14600.0,14600.159,2026-09-17T15:12:00.902543+00:00,read,4797,1.596,True,
731,14620.0,14620.109,2026-09-17T15:12:00.922494+00:00,read,62170,1.779,True,
732,14640.0,14640.101,2026-09-17T15:12:00.942486+00:00,write,21796,1.377,True,
733,14660.0,14660.131,2026-09-17T15:12:00.962515+00:00,write,53335,1.167,True,
734,14680.0,14680.125,2026-09-17T15:12:00.982509+00:00,read,11030,1.591,True,
735,14700.0,14700.137,2026-09-17T15:12:01.002522+00:00,read,34733,1.683,True,
736,14720.0,14720.179,2026-09-17T15:12:01.022563+00:00,read,13398,1.787,True,
737,14740.0,14740.128,2026-09-17T15:12:01.042512+00:00,read,31321,1.844,True,
738,14760.0,14760.119,2026-09-17T15:12:01.062503+00:00,read,13073,1.68,True,
739,14780.0,14780.158,2026-09-17T15:12:01.082542+00:00,read,72106,1.618,True,
740,14800.0,14800.306,2026-09-17T15:12:01.102688+00:00,read,59341,1.565,True,
741,14820.0,14820.347,2026-09-17T15:12:01.122731+00:00,read,82549,1.511,True,
742,14840.0,14840.181,2026-09-17T15:12:01.142572+00:00,read,76309,1.671,True,
743,14860.0,14860.222,2026-09-17T15:12:01.162607+00:00,read,28577,1.62,True,
744,14880.0,14880.128,2026-09-17T15:12:01.182512+00:00,read,32270,1.587,True,
745,14900.0,14900.125,2026-09-17T15:12:01.202508+00:00,read,58845,1.542,True,
746,14920.0,14920.101,2026-09-17T15:12:01.222484+00:00,read,78056,1.9,True,
747,14940.0,14940.101,2026-09-17T15:12:01.242483+00:00,write,23802,1.211,True,
748,14960.0,14960.275,2026-09-17T15:12:01.262657+00:00,read,42802,1.595,True,
749,14980.0,14980.226,2026-09-17T15:12:01.282610+00:00,read,55435,1.866,True,
750,15000.0,15000.158,2026-09-17T15:12:01.302540+00:00,write,70565,1.081,True,
751,15020.0,15020.157,2026-09-17T15:12:01.322539+00:00,write,83190,1.315,True,
752,15040.0,15040.132,2026-09-17T15:12:01.342516+00:00,read,71800,1.634,True,
753,15060.0,15060.31,2026-09-17T15:12:01.362695+00:00,read,21158,2.773,True,
754,15080.0,15080.286,2026-09-17T15:12:01.382672+00:00,read,90745,3.321,True,
755,15100.0,15100.289,2026-09-17T15:12:01.402675+00:00,read,3507,3.525,True,
756,15120.0,15120.293,2026-09-17T15:12:01.422678+00:00,read,47100,3.676,True,
757,15140.0,15140.311,2026-09-17T15:12:01.442697+00:00,read,27745,4.344,True,
758,15160.0,15160.498,2026-09-17T15:12:01.462898+00:00,write,45231,3.71,True,
759,15180.0,15180.473,2026-09-17T15:12:01.482860+00:00,read,729,3.809,True,
760,15200.0,15200.346,2026-09-17T15:12:01.502736+00:00,read,16367,3.672,True,
761,15220.0,15220.186,2026-09-17T15:12:01.522572+00:00,read,88904,3.808,True,
762,15240.0,15240.48,2026-09-17T15:12:01.542869+00:00,read,40999,4.067,True,
763,15260.0,15260.296,2026-09-17T15:12:01.562681+00:00,read,60470,4.754,True,
764,15280.0,15280.325,2026-09-17T15:12:01.582709+00:00,write,61537,2.397,True,
765,15300.0,15300.254,2026-09-17T15:12:01.602637+00:00,read,15657,2.473,True,
766,15320.0,15320.358,2026-09-17T15:12:01.622743+00:00,read,45122,3.435,True,
767,15340.0,15340.292,2026-09-17T15:12:01.642678+00:00,read,57294,4.344,True,
768,15360.0,15360.214,2026-09-17T15:12:01.662601+00:00,read,63607,5.264,True,
769,15380.0,15380.453,2026-09-17T15:12:01.682841+00:00,read,59763,8.936,True,
770,15400.0,15400.255,2026-09-17T15:12:01.702639+00:00,write,29935,1.224,True,
771,15420.0,15420.161,2026-09-17T15:12:01.722551+00:00,read,67802,3.545,True,
772,15440.0,15440.306,2026-09-17T15:12:01.742695+00:00,write,70274,2.756,True,
773,15460.0,15460.149,2026-09-17T15:12:01.762534+00:00,read,46166,2.398,True,
774,15480.0,15480.185,2026-09-17T15:12:01.782576+00:00,write,43738,2.852,True,
775,15500.0,15500.188,2026-09-17T15:12:01.802577+00:00,read,98180,4.664,True,
776,15520.0,15520.208,2026-09-17T15:12:01.822596+00:00,read,20620,4.399,True,
777,15540.0,15540.277,2026-09-17T15:12:01.842663+00:00,write,89132,2.722,True,
778,15560.0,15560.155,2026-09-17T15:12:01.862542+00:00,read,56819,4.144,True,
779,15580.0,15580.191,2026-09-17T15:12:01.882577+00:00,read,74094,3.243,True,
780,15600.0,15600.144,2026-09-17T15:12:01.902530+00:00,read,45371,6.598,True,
781,15620.0,15620.523,2026-09-17T15:12:01.922920+00:00,read,13776,4.172,True,
782,15640.0,15640.233,2026-09-17T15:12:01.942625+00:00,read,64279,4.947,True,
783,15660.0,15660.321,2026-09-17T15:12:01.962712+00:00,read,7477,4.587,True,
784,15680.0,15680.195,2026-09-17T15:12:01.982580+00:00,write,36001,1.474,True,
785,15700.0,15700.233,2026-09-17T15:12:02.002619+00:00,write,6823,2.052,True,
786,15720.0,15720.162,2026-09-17T15:12:02.022547+00:00,read,14963,3.526,True,
787,15740.0,15740.212,2026-09-17T15:12:02.042597+00:00,read,56045,3.666,True,
788,15760.0,15760.192,2026-09-17T15:12:02.062577+00:00,write,13787,2.693,True,
789,15780.0,15780.133,2026-09-17T15:12:02.082519+00:00,write,3146,2.325,True,
790,15800.0,15800.329,2026-09-17T15:12:02.102713+00:00,read,68388,2.79,True,
791,15820.0,15820.22,2026-09-17T15:12:02.122605+00:00,read,55530,3.417,True,
792,15840.0,15840.228,2026-09-17T15:12:02.142617+00:00,write,37184,2.292,True,
793,15860.0,15860.129,2026-09-17T15:12:02.162513+00:00,read,5067,2.767,True,
794,15880.0,15880.237,2026-09-17T15:12:02.182624+00:00,write,50958,2.282,True,
795,15900.0,15900.257,2026-09-17T15:12:02.202644+00:00,read,75390,3.685,True,
796,15920.0,15920.21,2026-09-17T15:12:02.222598+00:00,read,4488,3.723,True,
797,15940.0,15940.288,2026-09-17T15:12:02.242676+00:00,read,32620,3.841,True,
798,15960.0,15960.206,2026-09-17T15:12:02.262594+00:00,read,58779,4.134,True,
799,15980.0,15980.199,2026-09-17T15:12:02.282585+00:00,read,17902,3.348,True,
800,16000.0,16000.194,2026-09-17T15:12:02.302580+00:00,read,36146,3.906,True,
801,16020.0,16020.184,2026-09-17T15:12:02.322573+00:00,write,67477,2.372,True,
802,16040.0,16040.363,2026-09-17T15:12:02.342846+00:00,read,55969,3.537,True,
803,16060.0,16060.601,2026-09-17T15:12:02.362994+00:00,write,48274,3.025,True,
804,16080.0,16080.222,2026-09-17T15:12:02.382613+00:00,read,12648,4.95,True,
805,16100.0,16100.255,2026-09-17T15:12:02.402649+00:00,read,48434,6.41,True,
806,16120.0,16120.211,2026-09-17T15:12:02.422602+00:00,read,49881,5.07,True,
807,16140.0,16140.195,2026-09-17T15:12:02.442579+00:00,read,87456,3.025,True,
808,16160.0,16160.161,2026-09-17T15:12:02.462552+00:00,read,17676,4.358,True,
809,16180.0,16180.149,2026-09-17T15:12:02.482537+00:00,read,73573,1.93,True,
810,16200.0,16200.195,2026-09-17T15:12:02.502585+00:00,write,51415,1.718,True,
811,16220.0,16220.115,2026-09-17T15:12:02.522499+00:00,read,32342,2.557,True,
812,16240.0,16240.236,2026-09-17T15:12:02.542621+00:00,read,31165,3.803,True,
813,16260.0,16260.119,2026-09-17T15:12:02.562503+00:00,read,28024,3.079,True,
814,16280.0,16280.184,2026-09-17T15:12:02.582573+00:00,read,1712,2.568,True,
815,16300.0,16300.178,2026-09-17T15:12:02.602566+00:00,read,11980,2.045,True,
816,16320.0,16320.515,2026-09-17T15:12:02.622903+00:00,read,54026,1.919,True,
817,16340.0,16340.305,2026-09-17T15:12:02.642696+00:00,read,64159,3.268,True,
818,16360.0,16360.203,2026-09-17T15:12:02.662594+00:00,read,1179,3.329,True,
819,16380.0,16380.272,2026-09-17T15:12:02.682663+00:00,read,9136,2.006,True,
820,16400.0,16400.213,2026-09-17T15:12:02.702597+00:00,read,77614,1.681,True,
821,16420.0,16420.264,2026-09-17T15:12:02.722656+00:00,read,66071,2.311,True,
822,16440.0,16440.206,2026-09-17T15:12:02.742596+00:00,read,89005,2.117,True,
823,16460.0,16460.14,2026-09-17T15:12:02.762523+00:00,read,54393,1.568,True,
824,16480.0,16480.103,2026-09-17T15:12:02.782487+00:00,write,39490,1.122,True,
825,16500.0,16500.216,2026-09-17T15:12:02.802607+00:00,read,20676,3.549,True,
826,16520.0,16520.144,2026-09-17T15:12:02.822530+00:00,read,74310,3.127,True,
827,16540.0,16540.169,2026-09-17T15:12:02.842557+00:00,read,67568,3.405,True,
828,16560.0,16560.118,2026-09-17T15:12:02.862503+00:00,read,24422,3.604,True,
829,16580.0,16580.231,2026-09-17T15:12:02.882618+00:00,read,53322,3.73,True,
830,16600.0,16600.182,2026-09-17T15:12:02.902562+00:00,read,6180,2.394,True,
831,16620.0,16620.135,2026-09-17T15:12:02.922520+00:00,read,85197,1.885,True,
832,16640.0,16640.124,2026-09-17T15:12:02.942508+00:00,read,22820,1.33,True,
833,16660.0,16660.102,2026-09-17T15:12:02.962487+00:00,read,52793,1.698,True,
834,16680.0,16680.115,2026-09-17T15:12:02.982499+00:00,read,54666,1.64,True,
835,16700.0,16700.287,2026-09-17T15:12:03.002678+00:00,read,4395,3.263,True,
836,16720.0,16720.125,2026-09-17T15:12:03.022509+00:00,read,21003,1.658,True,
837,16740.0,16740.236,2026-09-17T15:12:03.042625+00:00,read,37545,3.411,True,
838,16760.0,16760.153,2026-09-17T15:12:03.062537+00:00,write,53610,1.36,True,
839,16780.0,16780.11,2026-09-17T15:12:03.082494+00:00,read,63282,1.352,True,
840,16800.0,16800.128,2026-09-17T15:12:03.102513+00:00,read,29699,1.86,True,
841,16820.0,16820.154,2026-09-17T15:12:03.122540+00:00,read,22777,2.941,True,
842,16840.0,16840.209,2026-09-17T15:12:03.142596+00:00,write,61880,1.986,True,
843,16860.0,16860.157,2026-09-17T15:12:03.162543+00:00,read,6448,4.12,True,
844,16880.0,16880.19,2026-09-17T15:12:03.182579+00:00,read,74570,3.355,True,
845,16900.0,16900.36,2026-09-17T15:12:03.202875+00:00,read,58703,4.332,True,
846,16920.0,16920.258,2026-09-17T15:12:03.222645+00:00,read,75547,3.627,True,
847,16940.0,16940.238,2026-09-17T15:12:03.242626+00:00,read,58060,3.385,True,
848,16960.0,16960.276,2026-09-17T15:12:03.262664+00:00,write,44320,2.875,True,
849,16980.0,16980.273,2026-09-17T15:12:03.282659+00:00,write,559,2.548,True,
850,17000.0,17000.297,2026-09-17T15:12:03.302685+00:00,read,15936,3.695,True,
851,17020.0,17020.193,2026-09-17T15:12:03.322580+00:00,read,85014,3.406,True,
852,17040.0,17040.156,2026-09-17T15:12:03.342542+00:00,read,45891,3.858,True,
853,17060.0,17060.184,2026-09-17T15:12:03.362571+00:00,read,70152,3.113,True,
854,17080.0,17080.208,2026-09-17T15:12:03.382597+00:00,read,21922,4.292,True,
855,17100.0,17100.17,2026-09-17T15:12:03.402556+00:00,read,16554,3.352,True,
856,17120.0,17120.307,2026-09-17T15:12:03.422695+00:00,write,73756,2.652,True,
857,17140.0,17140.174,2026-09-17T15:12:03.442561+00:00,read,17820,3.497,True,
858,17160.0,17160.15,2026-09-17T15:12:03.462537+00:00,read,97723,3.33,True,
859,17180.0,17180.14,2026-09-17T15:12:03.482526+00:00,read,6393,3.095,True,
860,17200.0,17200.243,2026-09-17T15:12:03.502628+00:00,read,97734,2.736,True,
861,17220.0,17220.353,2026-09-17T15:12:03.522741+00:00,read,92955,3.842,True,
862,17240.0,17240.178,2026-09-17T15:12:03.542564+00:00,write,92681,2.125,True,
863,17260.0,17260.326,2026-09-17T15:12:03.562715+00:00,write,17340,2.775,True,
864,17280.0,17280.304,2026-09-17T15:12:03.582692+00:00,read,71185,3.386,True,
865,17300.0,17300.257,2026-09-17T15:12:03.602643+00:00,read,67405,3.145,True,
866,17320.0,17320.327,2026-09-17T15:12:03.622714+00:00,read,54497,3.433,True,
867,17340.0,17340.18,2026-09-17T15:12:03.642567+00:00,read,25426,3.261,True,
868,17360.0,17360.159,2026-09-17T15:12:03.662544+00:00,read,70698,2.356,True,
869,17380.0,17380.473,2026-09-17T15:12:03.682860+00:00,read,60268,3.283,True,
870,17400.0,17400.269,2026-09-17T15:12:03.702655+00:00,read,81354,3.102,True,
871,17420.0,17420.398,2026-09-17T15:12:03.722783+00:00,read,21421,2.906,True,
872,17440.0,17440.278,2026-09-17T15:12:03.742668+00:00,read,66479,3.962,True,
873,17460.0,17460.255,2026-09-17T15:12:03.762640+00:00,write,4720,2.434,True,
874,17480.0,17480.174,2026-09-17T15:12:03.782563+00:00,read,39027,3.453,True,
875,17500.0,17500.295,2026-09-17T15:12:03.802683+00:00,read,90412,3.173,True,
876,17520.0,17520.243,2026-09-17T15:12:03.822628+00:00,read,77062,2.708,True,
877,17540.0,17540.165,2026-09-17T15:12:03.842553+00:00,read,40130,4.52,True,
878,17560.0,17560.133,2026-09-17T15:12:03.862517+00:00,read,13329,1.657,True,
879,17580.0,17580.143,2026-09-17T15:12:03.882528+00:00,read,94163,2.113,True,
880,17600.0,17600.263,2026-09-17T15:12:03.902653+00:00,read,82070,3.217,True,
881,17620.0,17620.27,2026-09-17T15:12:03.922653+00:00,read,14783,2.689,True,
882,17640.0,17640.248,2026-09-17T15:12:03.942634+00:00,read,23181,2.871,True,
883,17660.0,17660.328,2026-09-17T15:12:03.962712+00:00,write,65655,2.137,True,
884,17680.0,17680.203,2026-09-17T15:12:03.982591+00:00,write,55993,2.717,True,
885,17700.0,17700.363,2026-09-17T15:12:04.002818+00:00,read,27682,3.867,True,
886,17720.0,17720.204,2026-09-17T15:12:04.022588+00:00,read,71951,3.15,True,
887,17740.0,17740.185,2026-09-17T15:12:04.042571+00:00,write,23840,2.401,True,
888,17760.0,17760.233,2026-09-17T15:12:04.062618+00:00,read,32765,2.931,True,
889,17780.0,17780.252,2026-09-17T15:12:04.082638+00:00,write,56539,2.489,True,
890,17800.0,17800.5,2026-09-17T15:12:04.102890+00:00,write,38208,3.401,True,
891,17820.0,17820.252,2026-09-17T15:12:04.122642+00:00,read,3492,4.031,True,
892,17840.0,17840.206,2026-09-17T15:12:04.142591+00:00,read,19333,3.968,True,
893,17860.0,17860.142,2026-09-17T15:12:04.162527+00:00,read,25265,4.662,True,
894,17880.0,17880.131,2026-09-17T15:12:04.182516+00:00,read,79202,3.939,True,
895,17900.0,17900.263,2026-09-17T15:12:04.202649+00:00,write,40173,2.626,True,
896,17920.0,17920.333,2026-09-17T15:12:04.222716+00:00,read,71464,2.895,True,
897,17940.0,17940.247,2026-09-17T15:12:04.242632+00:00,write,93717,2.292,True,
898,17960.0,17960.11,2026-09-17T15:12:04.262493+00:00,read,21346,3.018,True,
899,17980.0,17980.147,2026-09-17T15:12:04.282535+00:00,read,26109,3.331,True,
900,18000.0,18000.134,2026-09-17T15:12:04.302520+00:00,read,48642,3.674,True,
901,18020.0,18020.279,2026-09-17T15:12:04.322665+00:00,read,21996,4.031,True,
902,18040.0,18040.211,2026-09-17T15:12:04.342597+00:00,write,2800,2.664,True,
903,18060.0,18060.351,2026-09-17T15:12:04.362740+00:00,read,29669,3.731,True,
904,18080.0,18080.362,2026-09-17T15:12:04.382838+00:00,read,95880,3.717,True,
905,18100.0,18100.353,2026-09-17T15:12:04.402740+00:00,read,43888,3.589,True,
906,18120.0,18120.203,2026-09-17T15:12:04.422592+00:00,read,353,3.638,True,
907,18140.0,18140.274,2026-09-17T15:12:04.442660+00:00,read,17679,3.531,True,
908,18160.0,18160.257,2026-09-17T15:12:04.462645+00:00,read,25578,3.61,True,
909,18180.0,18180.182,2026-09-17T15:12:04.482569+00:00,read,50585,4.775,True,
910,18200.0,18200.316,2026-09-17T15:12:04.502705+00:00,read,60505,3.874,True,
911,18220.0,18220.188,2026-09-17T15:12:04.522574+00:00,read,7999,3.331,True,
912,18240.0,18240.336,2026-09-17T15:12:04.542721+00:00,write,20995,2.525,True,
913,18260.0,18260.3,2026-09-17T15:12:04.562687+00:00,read,97454,3.34,True,
914,18280.0,18280.176,2026-09-17T15:12:04.582562+00:00,write,17247,2.733,True,
915,18300.0,18300.316,2026-09-17T15:12:04.602705+00:00,read,78181,3.586,True,
916,18320.0,18320.318,2026-09-17T15:12:04.622704+00:00,write,23714,2.852,True,
917,18340.0,18340.354,2026-09-17T15:12:04.642742+00:00,read,67261,3.628,True,
918,18360.0,18360.248,2026-09-17T15:12:04.662634+00:00,write,51605,2.417,True,
919,18380.0,18380.273,2026-09-17T15:12:04.682659+00:00,read,80393,3.354,True,
920,18400.0,18400.354,2026-09-17T15:12:04.702740+00:00,read,71144,3.351,True,
921,18420.0,18420.207,2026-09-17T15:12:04.722593+00:00,read,18778,3.147,True,
922,18440.0,18440.264,2026-09-17T15:12:04.742652+00:00,read,11656,2.701,True,
923,18460.0,18460.181,2026-09-17T15:12:04.762568+00:00,write,82401,2.317,True,
924,18480.0,18480.207,2026-09-17T15:12:04.782594+00:00,write,89907,2.979,True,
925,18500.0,18500.546,2026-09-17T15:12:04.802937+00:00,read,5600,4.71,True,
926,18520.0,18520.555,2026-09-17T15:12:04.822943+00:00,read,92464,4.202,True,
927,18540.0,18540.558,2026-09-17T15:12:04.842947+00:00,write,25327,3.176,True,
928,18560.0,18560.163,2026-09-17T15:12:04.862551+00:00,read,58231,3.104,True,
929,18580.0,18580.145,2026-09-17T15:12:04.882533+00:00,read,76191,3.11,True,
930,18600.0,18600.362,2026-09-17T15:12:04.902830+00:00,read,53328,3.176,True,
931,18620.0,18620.303,2026-09-17T15:12:04.922690+00:00,write,89549,2.694,True,
932,18640.0,18640.255,2026-09-17T15:12:04.942640+00:00,read,1270,3.569,True,
933,18660.0,18660.2,2026-09-17T15:12:04.962587+00:00,read,4009,3.394,True,
934,18680.0,18680.258,2026-09-17T15:12:04.982645+00:00,read,6980,3.548,True,
935,18700.0,18700.194,2026-09-17T15:12:05.002579+00:00,write,8557,2.987,True,
936,18720.0,18720.3,2026-09-17T15:12:05.022685+00:00,read,54127,4.223,True,
937,18740.0,18740.215,2026-09-17T15:12:05.042602+00:00,read,25940,3.393,True,
938,18760.0,18760.177,2026-09-17T15:12:05.062562+00:00,read,2229,3.694,True,
939,18780.0,18780.149,2026-09-17T15:12:05.082535+00:00,read,45808,3.155,True,
940,18800.0,18800.215,2026-09-17T15:12:05.102601+00:00,read,82109,4.383,True,
941,18820.0,18820.498,2026-09-17T15:12:05.122885+00:00,read,25645,4.043,True,
942,18840.0,18840.342,2026-09-17T15:12:05.142734+00:00,read,87561,4.351,True,
943,18860.0,18860.211,2026-09-17T15:12:05.162597+00:00,read,95517,4.285,True,
944,18880.0,18880.247,2026-09-17T15:12:05.182633+00:00,read,57422,4.62,True,
945,18900.0,18900.175,2026-09-17T15:12:05.202560+00:00,write,61067,2.358,True,
946,18920.0,18920.126,2026-09-17T15:12:05.222510+00:00,write,17539,1.653,True,
947,18940.0,18940.338,2026-09-17T15:12:05.242722+00:00,read,5932,1.922,True,
948,18960.0,18960.128,2026-09-17T15:12:05.262509+00:00,read,43408,1.289,True,
949,18980.0,18980.13,2026-09-17T15:12:05.282519+00:00,write,80045,2.542,True,
950,19000.0,19000.214,2026-09-17T15:12:05.302603+00:00,read,27228,3.676,True,
951,19020.0,19020.275,2026-09-17T15:12:05.322661+00:00,read,91178,3.395,True,
952,19040.0,19040.278,2026-09-17T15:12:05.342664+00:00,read,21109,3.737,True,
953,19060.0,19060.307,2026-09-17T15:12:05.362692+00:00,read,54921,3.402,True,
954,19080.0,19080.267,2026-09-17T15:12:05.382652+00:00,read,1173,3.185,True,
955,19100.0,19100.286,2026-09-17T15:12:05.402675+00:00,read,93922,3.845,True,
956,19120.0,19120.315,2026-09-17T15:12:05.422706+00:00,write,33693,3.098,True,
957,19140.0,19140.121,2026-09-17T15:12:05.442505+00:00,read,68510,2.983,True,
958,19160.0,19160.284,2026-09-17T15:12:05.462670+00:00,read,4749,2.752,True,
959,19180.0,19180.259,2026-09-17T15:12:05.482644+00:00,read,50810,3.893,True,
960,19200.0,19200.205,2026-09-17T15:12:05.502592+00:00,read,22923,4.561,True,
961,19220.0,19220.256,2026-09-17T15:12:05.522643+00:00,write,35970,2.596,True,
962,19240.0,19240.293,2026-09-17T15:12:05.542680+00:00,read,48774,3.713,True,
963,19260.0,19260.294,2026-09-17T15:12:05.562682+00:00,read,51600,4.057,True,
964,19280.0,19280.233,2026-09-17T15:12:05.582620+00:00,read,57176,3.959,True,
965,19300.0,19300.332,2026-09-17T15:12:05.602725+00:00,read,26345,3.921,True,
966,19320.0,19320.515,2026-09-17T15:12:05.622908+00:00,read,7728,3.808,True,
967,19340.0,19340.481,2026-09-17T15:12:05.642870+00:00,read,78056,3.871,True,
968,19360.0,19360.505,2026-09-17T15:12:05.662894+00:00,read,50147,4.153,True,
969,19380.0,19380.242,2026-09-17T15:12:05.682631+00:00,read,47077,3.678,True,
970,19400.0,19400.419,2026-09-17T15:12:05.702809+00:00,read,54137,3.693,True,
971,19420.0,19420.279,2026-09-17T15:12:05.722664+00:00,read,39946,3.875,True,
972,19440.0,19440.307,2026-09-17T15:12:05.742691+00:00,read,74348,2.997,True,
973,19460.0,19460.203,2026-09-17T15:12:05.762589+00:00,read,87173,3.378,True,
974,19480.0,19480.176,2026-09-17T15:12:05.782563+00:00,read,8573,3.015,True,
975,19500.0,19500.278,2026-09-17T15:12:05.802665+00:00,read,5321,4.808,True,
976,19520.0,19520.288,2026-09-17T15:12:05.822674+00:00,write,63925,3.053,True,
977,19540.0,19540.35,2026-09-17T15:12:05.842736+00:00,read,91011,4.58,True,
978,19560.0,19560.55,2026-09-17T15:12:05.862939+00:00,read,26025,3.714,True,
979,19580.0,19580.274,2026-09-17T15:12:05.882663+00:00,read,47082,3.773,True,
980,19600.0,19600.485,2026-09-17T15:12:05.902876+00:00,read,9980,4.604,True,
981,19620.0,19620.462,2026-09-17T15:12:05.922852+00:00,read,16128,4.549,True,
982,19640.0,19640.187,2026-09-17T15:12:05.942575+00:00,read,25352,3.505,True,
983,19660.0,19660.194,2026-09-17T15:12:05.962582+00:00,write,45936,2.575,True,
984,19680.0,19680.098,2026-09-17T15:12:05.982482+00:00,read,43059,1.696,True,
985,19700.0,19700.167,2026-09-17T15:12:06.002555+00:00,read,42358,2.429,True,
986,19720.0,19720.286,2026-09-17T15:12:06.022673+00:00,read,29146,3.965,True,
987,19740.0,19745.84,2026-09-17T15:12:06.048227+00:00,read,21884,4.637,True,
988,19760.0,19760.131,2026-09-17T15:12:06.062514+00:00,read,84747,2.043,True,
989,19780.0,19780.244,2026-09-17T15:12:06.082630+00:00,read,52325,3.271,True,
990,19800.0,19800.288,2026-09-17T15:12:06.102674+00:00,write,12933,2.947,True,
991,19820.0,19820.293,2026-09-17T15:12:06.122678+00:00,read,26504,4.467,True,
992,19840.0,19840.5,2026-09-17T15:12:06.142885+00:00,read,15317,3.713,True,
993,19860.0,19860.284,2026-09-17T15:12:06.162669+00:00,read,37705,3.882,True,
994,19880.0,19880.289,2026-09-17T15:12:06.182673+00:00,read,96118,2.309,True,
995,19900.0,19900.288,2026-09-17T15:12:06.202674+00:00,read,63068,4.151,True,
996,19920.0,19920.279,2026-09-17T15:12:06.222664+00:00,read,26034,3.651,True,
997,19940.0,19940.303,2026-09-17T15:12:06.242689+00:00,read,58611,3.473,True,
998,19960.0,19960.281,2026-09-17T15:12:06.262666+00:00,read,5927,3.455,True,
999,19980.0,19980.144,2026-09-17T15:12:06.282528+00:00,read,89068,3.196,True,
1000,20000.0,20000.318,2026-09-17T15:12:06.302701+00:00,read,85918,2.839,True,
1001,20020.0,20020.238,2026-09-17T15:12:06.322623+00:00,read,19038,3.195,True,
1002,20040.0,20040.144,2026-09-17T15:12:06.342531+00:00,read,93031,3.147,True,
1003,20060.0,20060.345,2026-09-17T15:12:06.362731+00:00,read,68324,3.967,True,
1004,20080.0,20080.33,2026-09-17T15:12:06.382715+00:00,read,48606,3.582,True,
1005,20100.0,20100.51,2026-09-17T15:12:06.402899+00:00,read,42883,4.087,True,
1006,20120.0,20120.21,2026-09-17T15:12:06.422596+00:00,read,86872,4.157,True,
1007,20140.0,20140.308,2026-09-17T15:12:06.442695+00:00,read,30131,3.919,True,
1008,20160.0,20160.271,2026-09-17T15:12:06.462656+00:00,read,29888,3.499,True,
1009,20180.0,20180.286,2026-09-17T15:12:06.482670+00:00,read,90422,3.272,True,
1010,20200.0,20200.208,2026-09-17T15:12:06.502594+00:00,read,89931,3.762,True,
1011,20220.0,20220.292,2026-09-17T15:12:06.522678+00:00,read,14380,3.421,True,
1012,20240.0,20240.306,2026-09-17T15:12:06.542692+00:00,read,42784,3.897,True,
1013,20260.0,20260.163,2026-09-17T15:12:06.562548+00:00,read,96335,3.829,True,
1014,20280.0,20280.162,2026-09-17T15:12:06.582548+00:00,read,48120,3.4,True,
1015,20300.0,20300.404,2026-09-17T15:12:06.602792+00:00,read,85415,3.131,True,
1016,20320.0,20320.312,2026-09-17T15:12:06.622699+00:00,read,8108,2.835,True,
1017,20340.0,20340.255,2026-09-17T15:12:06.642641+00:00,read,98901,3.051,True,
1018,20360.0,20360.244,2026-09-17T15:12:06.662630+00:00,read,54251,2.135,True,
1019,20380.0,20380.166,2026-09-17T15:12:06.682552+00:00,read,82730,2.627,True,
1020,20400.0,20400.271,2026-09-17T15:12:06.702657+00:00,read,71654,3.472,True,
1021,20420.0,20420.264,2026-09-17T15:12:06.722650+00:00,read,87097,2.821,True,
1022,20440.0,20440.183,2026-09-17T15:12:06.742568+00:00,read,87324,3.19,True,
1023,20460.0,20460.307,2026-09-17T15:12:06.762691+00:00,read,55345,2.769,True,
1024,20480.0,20480.271,2026-09-17T15:12:06.782658+00:00,write,59362,2.209,True,
1025,20500.0,20500.273,2026-09-17T15:12:06.802657+00:00,read,81980,1.888,True,
1026,20520.0,20520.269,2026-09-17T15:12:06.822652+00:00,read,57503,2.332,True,
1027,20540.0,20540.193,2026-09-17T15:12:06.842576+00:00,read,28272,2.392,True,
1028,20560.0,20560.424,2026-09-17T15:12:06.862809+00:00,read,88735,2.825,True,
1029,20580.0,20580.307,2026-09-17T15:12:06.882688+00:00,read,62381,1.2,True,
1030,20600.0,20600.271,2026-09-17T15:12:06.902654+00:00,read,6050,2.475,True,
1031,20620.0,20620.283,2026-09-17T15:12:06.922667+00:00,write,65637,2.03,True,
1032,20640.0,20640.271,2026-09-17T15:12:06.942651+00:00,read,25000,1.505,True,
1033,20660.0,20660.307,2026-09-17T15:12:06.962687+00:00,write,32715,1.21,True,
1034,20680.0,20680.156,2026-09-17T15:12:06.982541+00:00,read,33607,2.639,True,
1035,20700.0,20700.119,2026-09-17T15:12:07.002506+00:00,read,3899,1.856,True,
1036,20720.0,20720.149,2026-09-17T15:12:07.022533+00:00,read,63696,2.57,True,
1037,20740.0,20740.243,2026-09-17T15:12:07.042626+00:00,read,5567,2.6,True,
1038,20760.0,20760.219,2026-09-17T15:12:07.062603+00:00,read,89650,2.714,True,
1039,20780.0,20780.149,2026-09-17T15:12:07.082533+00:00,write,85187,1.884,True,
1040,20800.0,20800.261,2026-09-17T15:12:07.102650+00:00,read,26268,3.654,True,
1041,20820.0,20820.286,2026-09-17T15:12:07.122672+00:00,read,89715,3.804,True,
1042,20840.0,20840.288,2026-09-17T15:12:07.142673+00:00,read,24391,3.765,True,
1043,20860.0,20860.292,2026-09-17T15:12:07.162678+00:00,read,82331,3.696,True,
1044,20880.0,20880.527,2026-09-17T15:12:07.182913+00:00,read,48481,3.785,True,
1045,20900.0,20900.189,2026-09-17T15:12:07.202574+00:00,read,80015,3.734,True,
1046,20920.0,20920.285,2026-09-17T15:12:07.222670+00:00,read,18146,4.186,True,
1047,20940.0,20940.485,2026-09-17T15:12:07.242871+00:00,write,79024,2.774,True,
1048,20960.0,20960.485,2026-09-17T15:12:07.262871+00:00,read,62981,3.772,True,
1049,20980.0,20980.188,2026-09-17T15:12:07.282574+00:00,read,14723,4.07,True,
1050,21000.0,21000.242,2026-09-17T15:12:07.302626+00:00,read,15140,2.517,True,
1051,21020.0,21020.134,2026-09-17T15:12:07.322516+00:00,read,40527,1.768,True,
1052,21040.0,21040.138,2026-09-17T15:12:07.342520+00:00,read,78011,1.651,True,
1053,21060.0,21060.103,2026-09-17T15:12:07.362488+00:00,read,4030,1.545,True,
1054,21080.0,21080.141,2026-09-17T15:12:07.382527+00:00,read,98529,1.834,True,
1055,21100.0,21100.18,2026-09-17T15:12:07.402566+00:00,read,74458,3.112,True,
1056,21120.0,21120.457,2026-09-17T15:12:07.422844+00:00,read,6542,2.734,True,
1057,21140.0,21140.24,2026-09-17T15:12:07.442623+00:00,write,87455,1.772,True,
1058,21160.0,21160.281,2026-09-17T15:12:07.462666+00:00,read,62331,2.047,True,
1059,21180.0,21180.195,2026-09-17T15:12:07.482583+00:00,read,57062,3.44,True,
1060,21200.0,21200.289,2026-09-17T15:12:07.502675+00:00,write,85288,2.698,True,
1061,21220.0,21220.262,2026-09-17T15:12:07.522647+00:00,read,14112,3.493,True,
1062,21240.0,21240.269,2026-09-17T15:12:07.542655+00:00,read,97690,3.6,True,
1063,21260.0,21260.286,2026-09-17T15:12:07.562671+00:00,read,36170,3.868,True,
1064,21280.0,21280.427,2026-09-17T15:12:07.582814+00:00,read,77860,3.508,True,
1065,21300.0,21300.229,2026-09-17T15:12:07.602616+00:00,write,42997,2.227,True,
1066,21320.0,21320.131,2026-09-17T15:12:07.622517+00:00,read,41903,4.517,True,
1067,21340.0,21340.367,2026-09-17T15:12:07.642877+00:00,read,48043,4.144,True,
1068,21360.0,21360.457,2026-09-17T15:12:07.662845+00:00,write,28129,2.974,True,
1069,21380.0,21380.264,2026-09-17T15:12:07.682652+00:00,read,31373,4.549,True,
1070,21400.0,21400.283,2026-09-17T15:12:07.702670+00:00,write,36339,3.037,True,
1071,21420.0,21420.251,2026-09-17T15:12:07.722638+00:00,read,94471,3.706,True,
1072,21440.0,21440.323,2026-09-17T15:12:07.742712+00:00,write,42274,2.653,True,
1073,21460.0,21460.355,2026-09-17T15:12:07.762741+00:00,read,74776,2.098,True,
1074,21480.0,21480.274,2026-09-17T15:12:07.782662+00:00,read,53844,3.178,True,
1075,21500.0,21500.257,2026-09-17T15:12:07.802643+00:00,read,53529,3.396,True,
1076,21520.0,21520.212,2026-09-17T15:12:07.822595+00:00,read,99946,2.583,True,
1077,21540.0,21540.218,2026-09-17T15:12:07.842599+00:00,write,62800,1.265,True,
1078,21560.0,21560.289,2026-09-17T15:12:07.862676+00:00,read,91606,3.586,True,
1079,21580.0,21580.289,2026-09-17T15:12:07.882673+00:00,read,76912,3.485,True,
1080,21600.0,21600.284,2026-09-17T15:12:07.902670+00:00,write,28628,2.453,True,
1081,21620.0,21620.146,2026-09-17T15:12:07.922530+00:00,read,48849,3.638,True,
1082,21640.0,21640.2,2026-09-17T15:12:07.942586+00:00,read,78337,3.593,True,
1083,21660.0,21660.31,2026-09-17T15:12:07.962696+00:00,read,92693,3.584,True,
1084,21680.0,21680.219,2026-09-17T15:12:07.982604+00:00,read,4060,3.18,True,
1085,21700.0,21700.424,2026-09-17T15:12:08.002810+00:00,read,8515,3.731,True,
1086,21720.0,21720.193,2026-09-17T15:12:08.022580+00:00,read,39872,2.671,True,
1087,21740.0,21740.27,2026-09-17T15:12:08.042657+00:00,read,97334,2.646,True,
1088,21760.0,21760.235,2026-09-17T15:12:08.062620+00:00,read,17512,2.651,True,
1089,21780.0,21780.346,2026-09-17T15:12:08.082732+00:00,read,93984,2.748,True,
1090,21800.0,21800.273,2026-09-17T15:12:08.102659+00:00,read,511,3.192,True,
1091,21820.0,21820.259,2026-09-17T15:12:08.122646+00:00,read,9856,3.904,True,
1092,21840.0,21840.444,2026-09-17T15:12:08.142829+00:00,read,58578,3.582,True,
1093,21860.0,21860.284,2026-09-17T15:12:08.162670+00:00,read,51793,4.174,True,
1094,21880.0,21880.413,2026-09-17T15:12:08.182798+00:00,read,95037,3.397,True,
1095,21900.0,21900.305,2026-09-17T15:12:08.202691+00:00,write,38354,2.672,True,
1096,21920.0,21920.288,2026-09-17T15:12:08.222674+00:00,read,33596,4.244,True,
1097,21940.0,21940.322,2026-09-17T15:12:08.242711+00:00,read,32762,4.712,True,
1098,21960.0,21960.19,2026-09-17T15:12:08.262580+00:00,read,39120,3.869,True,
1099,21980.0,21980.225,2026-09-17T15:12:08.282616+00:00,read,78391,3.387,True,
1100,22000.0,22000.338,2026-09-17T15:12:08.302727+00:00,read,19428,4.792,True,
1101,22020.0,22020.505,2026-09-17T15:12:08.322899+00:00,read,60298,4.914,True,
1102,22040.0,22040.232,2026-09-17T15:12:08.342616+00:00,read,78742,3.125,True,
1103,22060.0,22060.159,2026-09-17T15:12:08.362543+00:00,read,4436,2.743,True,
1104,22080.0,22080.264,2026-09-17T15:12:08.382652+00:00,write,95531,2.518,True,
1105,22100.0,22100.197,2026-09-17T15:12:08.402585+00:00,read,38206,3.587,True,
1106,22120.0,22120.282,2026-09-17T15:12:08.422669+00:00,read,73376,4.336,True,
1107,22140.0,22140.259,2026-09-17T15:12:08.442645+00:00,read,47,3.298,True,
1108,22160.0,22160.282,2026-09-17T15:12:08.462668+00:00,write,1023,2.831,True,
1109,22180.0,22180.29,2026-09-17T15:12:08.482676+00:00,read,19975,4.12,True,
1110,22200.0,22200.273,2026-09-17T15:12:08.502658+00:00,read,85028,3.283,True,
1111,22220.0,22220.164,2026-09-17T15:12:08.522550+00:00,read,73571,4.155,True,
1112,22240.0,22240.183,2026-09-17T15:12:08.542568+00:00,read,54567,2.96,True,
1113,22260.0,22260.284,2026-09-17T15:12:08.562670+00:00,write,78235,2.832,True,
1114,22280.0,22280.183,2026-09-17T15:12:08.582568+00:00,read,38331,4.156,True,
1115,22300.0,22300.36,2026-09-17T15:12:08.602784+00:00,read,39843,3.644,True,
1116,22320.0,22320.19,2026-09-17T15:12:08.622575+00:00,read,22135,4.306,True,
1117,22340.0,22340.263,2026-09-17T15:12:08.642649+00:00,write,69027,2.953,True,
1118,22360.0,22360.119,2026-09-17T15:12:08.662504+00:00,read,99700,4.152,True,
1119,22380.0,22380.253,2026-09-17T15:12:08.682637+00:00,write,67533,2.414,True,
1120,22400.0,22400.244,2026-09-17T15:12:08.702629+00:00,write,15596,2.727,True,
1121,22420.0,22420.474,2026-09-17T15:12:08.722861+00:00,write,40668,2.656,True,
1122,22440.0,22440.275,2026-09-17T15:12:08.742660+00:00,read,80622,3.283,True,
1123,22460.0,22460.313,2026-09-17T15:12:08.762698+00:00,read,63589,3.644,True,
1124,22480.0,22480.123,2026-09-17T15:12:08.782507+00:00,read,24735,2.252,True,
1125,22500.0,22500.498,2026-09-17T15:12:08.802888+00:00,read,3334,4.649,True,
1126,22520.0,22520.175,2026-09-17T15:12:08.822562+00:00,read,74162,3.794,True,
1127,22540.0,22540.324,2026-09-17T15:12:08.842711+00:00,read,30898,4.158,True,
1128,22560.0,22560.775,2026-09-17T15:12:08.863162+00:00,read,88636,3.093,True,
1129,22580.0,22580.11,2026-09-17T15:12:08.882494+00:00,read,59423,3.94,True,
1130,22600.0,22600.245,2026-09-17T15:12:08.902633+00:00,read,83950,4.626,True,
1131,22620.0,22620.166,2026-09-17T15:12:08.922556+00:00,read,98041,4.944,True,
1132,22640.0,22640.193,2026-09-17T15:12:08.942584+00:00,read,59609,3.936,True,
1133,22660.0,22660.093,2026-09-17T15:12:08.962477+00:00,read,15010,2.22,True,
1134,22680.0,22680.154,2026-09-17T15:12:08.982541+00:00,read,55011,3.413,True,
1135,22700.0,22700.497,2026-09-17T15:12:09.002890+00:00,read,631,5.294,True,
1136,22720.0,22720.172,2026-09-17T15:12:09.022558+00:00,read,89731,2.64,True,
1137,22740.0,22740.144,2026-09-17T15:12:09.042533+00:00,write,12144,1.289,True,
1138,22760.0,22760.119,2026-09-17T15:12:09.062505+00:00,write,27740,2.728,True,
1139,22780.0,22780.203,2026-09-17T15:12:09.082593+00:00,write,4371,2.476,True,
1140,22800.0,22800.13,2026-09-17T15:12:09.102513+00:00,write,76310,1.225,True,
1141,22820.0,22820.288,2026-09-17T15:12:09.122678+00:00,read,82649,3.316,True,
1142,22840.0,22840.298,2026-09-17T15:12:09.142687+00:00,write,99639,3.045,True,
1143,22860.0,22860.282,2026-09-17T15:12:09.162672+00:00,read,33466,3.177,True,
1144,22880.0,22880.208,2026-09-17T15:12:09.182595+00:00,read,44534,3.275,True,
1145,22900.0,22900.183,2026-09-17T15:12:09.202569+00:00,write,70899,3.063,True,
1146,22920.0,22920.154,2026-09-17T15:12:09.222538+00:00,read,23506,4.199,True,
1147,22940.0,22940.216,2026-09-17T15:12:09.242600+00:00,write,14253,3.154,True,
1148,22960.0,22960.468,2026-09-17T15:12:09.262853+00:00,read,37059,4.209,True,
1149,22980.0,22980.308,2026-09-17T15:12:09.282695+00:00,read,14237,3.938,True,
1150,23000.0,23000.356,2026-09-17T15:12:09.302853+00:00,write,44765,3.318,True,
1151,23020.0,23020.217,2026-09-17T15:12:09.322605+00:00,read,29220,4.642,True,
1152,23040.0,23040.333,2026-09-17T15:12:09.342724+00:00,read,62361,4.986,True,
1153,23060.0,23060.476,2026-09-17T15:12:09.362865+00:00,read,31513,4.236,True,
1154,23080.0,23080.171,2026-09-17T15:12:09.382560+00:00,read,73014,3.451,True,
1155,23100.0,23100.291,2026-09-17T15:12:09.402676+00:00,read,54294,2.797,True,
1156,23120.0,23120.131,2026-09-17T15:12:09.422516+00:00,write,94834,1.736,True,
1157,23140.0,23140.127,2026-09-17T15:12:09.442510+00:00,read,74365,1.674,True,
1158,23160.0,23160.17,2026-09-17T15:12:09.462555+00:00,read,87083,2.224,True,
1159,23180.0,23180.156,2026-09-17T15:12:09.482540+00:00,read,31671,2.011,True,
1160,23200.0,23200.181,2026-09-17T15:12:09.502571+00:00,read,6879,3.442,True,
1161,23220.0,23220.193,2026-09-17T15:12:09.522580+00:00,read,44017,3.385,True,
1162,23240.0,23240.301,2026-09-17T15:12:09.542689+00:00,read,52150,3.957,True,
1163,23260.0,23260.289,2026-09-17T15:12:09.562676+00:00,write,42356,2.684,True,
1164,23280.0,23280.178,2026-09-17T15:12:09.582563+00:00,read,71545,2.927,True,
1165,23300.0,23300.205,2026-09-17T15:12:09.602591+00:00,write,75927,2.619,True,
1166,23320.0,23320.206,2026-09-17T15:12:09.622592+00:00,read,44081,3.444,True,
1167,23340.0,23340.262,2026-09-17T15:12:09.642648+00:00,read,69448,3.574,True,
1168,23360.0,23360.164,2026-09-17T15:12:09.662550+00:00,write,70759,13.957,True,
1169,23380.0,23380.245,2026-09-17T15:12:09.682630+00:00,read,40259,2.972,True,
1170,23400.0,23400.271,2026-09-17T15:12:09.702657+00:00,read,63726,3.947,True,
1171,23420.0,23420.269,2026-09-17T15:12:09.722655+00:00,read,90586,2.563,True,
1172,23440.0,23440.262,2026-09-17T15:12:09.742650+00:00,read,30973,3.833,True,
1173,23460.0,23460.268,2026-09-17T15:12:09.762655+00:00,read,27956,4.387,True,
1174,23480.0,23480.248,2026-09-17T15:12:09.782632+00:00,read,45129,3.154,True,
1175,23500.0,23500.288,2026-09-17T15:12:09.802672+00:00,read,45513,3.138,True,
1176,23520.0,23520.17,2026-09-17T15:12:09.822555+00:00,read,94028,3.032,True,
1177,23540.0,23540.282,2026-09-17T15:12:09.842667+00:00,write,67765,2.665,True,
1178,23560.0,23560.36,2026-09-17T15:12:09.862746+00:00,read,90873,5.09,True,
1179,23580.0,23580.163,2026-09-17T15:12:09.882548+00:00,read,25031,3.704,True,
1180,23600.0,23600.201,2026-09-17T15:12:09.902586+00:00,write,14751,2.699,True,
1181,23620.0,23620.267,2026-09-17T15:12:09.922653+00:00,read,48985,3.677,True,
1182,23640.0,23640.362,2026-09-17T15:12:09.942786+00:00,read,78431,3.071,True,
1183,23660.0,23660.316,2026-09-17T15:12:09.962703+00:00,write,13981,2.851,True,
1184,23680.0,23680.243,2026-09-17T15:12:09.982629+00:00,read,43651,3.788,True,
1185,23700.0,23700.222,2026-09-17T15:12:10.002608+00:00,read,88001,4.307,True,
1186,23720.0,23720.158,2026-09-17T15:12:10.022543+00:00,write,17825,2.779,True,
1187,23740.0,23740.129,2026-09-17T15:12:10.042529+00:00,read,96457,2.617,True,
1188,23760.0,23760.273,2026-09-17T15:12:10.062660+00:00,read,27786,3.912,True,
1189,23780.0,23780.196,2026-09-17T15:12:10.082581+00:00,read,57919,3.322,True,
1190,23800.0,23800.475,2026-09-17T15:12:10.102861+00:00,read,91705,3.524,True,
1191,23820.0,23820.17,2026-09-17T15:12:10.122553+00:00,read,89424,2.443,True,
1192,23840.0,23840.28,2026-09-17T15:12:10.142665+00:00,read,44024,3.289,True,
1193,23860.0,23860.29,2026-09-17T15:12:10.162676+00:00,write,88524,2.626,True,
1194,23880.0,23880.179,2026-09-17T15:12:10.182564+00:00,write,49682,2.39,True,
1195,23900.0,23900.167,2026-09-17T15:12:10.202553+00:00,write,11818,3.25,True,
1196,23920.0,23920.155,2026-09-17T15:12:10.222539+00:00,read,39686,3.744,True,
1197,23940.0,23940.166,2026-09-17T15:12:10.242552+00:00,read,99471,3.587,True,
1198,23960.0,23960.178,2026-09-17T15:12:10.262562+00:00,read,24703,3.56,True,
1199,23980.0,23980.177,2026-09-17T15:12:10.282561+00:00,read,87427,3.111,True,
1200,24000.0,24000.288,2026-09-17T15:12:10.302673+00:00,read,1607,3.871,True,
1201,24020.0,24020.268,2026-09-17T15:12:10.322654+00:00,read,8129,3.796,True,
1202,24040.0,24040.281,2026-09-17T15:12:10.342666+00:00,read,38984,3.76,True,
1203,24060.0,24060.475,2026-09-17T15:12:10.362860+00:00,write,30429,2.761,True,
1204,24080.0,24080.199,2026-09-17T15:12:10.382585+00:00,read,89957,3.364,True,
1205,24100.0,24100.297,2026-09-17T15:12:10.402682+00:00,read,68491,3.491,True,
1206,24120.0,24120.241,2026-09-17T15:12:10.422627+00:00,read,46157,2.899,True,
1207,24140.0,24140.249,2026-09-17T15:12:10.442630+00:00,read,18704,1.242,True,
1208,24160.0,24160.107,2026-09-17T15:12:10.462491+00:00,read,43486,1.858,True,
1209,24180.0,24180.21,2026-09-17T15:12:10.482600+00:00,read,42847,4.249,True,
1210,24200.0,24200.259,2026-09-17T15:12:10.502646+00:00,read,10595,4.272,True,
1211,24220.0,24220.278,2026-09-17T15:12:10.522664+00:00,read,40336,3.741,True,
1212,24240.0,24240.44,2026-09-17T15:12:10.542827+00:00,write,64291,2.602,True,
1213,24260.0,24260.44,2026-09-17T15:12:10.562826+00:00,write,81011,3.18,True,
1214,24280.0,24280.216,2026-09-17T15:12:10.582601+00:00,read,71073,3.697,True,
1215,24300.0,24300.159,2026-09-17T15:12:10.602545+00:00,read,61742,3.662,True,
1216,24320.0,24320.132,2026-09-17T15:12:10.622517+00:00,read,75713,3.177,True,
1217,24340.0,24340.151,2026-09-17T15:12:10.642536+00:00,read,18990,3.879,True,
1218,24360.0,24360.17,2026-09-17T15:12:10.662556+00:00,write,33921,2.473,True,
1219,24380.0,24380.409,2026-09-17T15:12:10.682793+00:00,read,24617,3.93,True,
1220,24400.0,24400.294,2026-09-17T15:12:10.702681+00:00,read,49310,3.803,True,
1221,24420.0,24420.3,2026-09-17T15:12:10.722686+00:00,read,18491,3.677,True,
1222,24440.0,24440.186,2026-09-17T15:12:10.742573+00:00,read,57133,3.43,True,
1223,24460.0,24460.281,2026-09-17T15:12:10.762667+00:00,write,99451,3.156,True,
1224,24480.0,24480.183,2026-09-17T15:12:10.782567+00:00,read,44584,3.383,True,
1225,24500.0,24500.2,2026-09-17T15:12:10.802586+00:00,write,3631,2.552,True,
1226,24520.0,24520.165,2026-09-17T15:12:10.822550+00:00,read,86134,4.005,True,
1227,24540.0,24540.279,2026-09-17T15:12:10.842666+00:00,write,82551,2.963,True,
1228,24560.0,24560.292,2026-09-17T15:12:10.862679+00:00,write,31856,3.592,True,
1229,24580.0,24580.225,2026-09-17T15:12:10.882630+00:00,read,71458,3.829,True,
1230,24600.0,24600.235,2026-09-17T15:12:10.899050+00:00,read,28800,2.954,True,
1231,24620.0,24620.269,2026-09-17T15:12:10.919085+00:00,read,3157,2.926,True,
1232,24640.0,24640.149,2026-09-17T15:12:10.938963+00:00,read,97957,2.897,True,
1233,24660.0,24660.178,2026-09-17T15:12:10.958992+00:00,read,88571,2.383,True,
1234,24680.0,24680.218,2026-09-17T15:12:10.979034+00:00,read,76038,3.698,True,
1235,24700.0,24700.253,2026-09-17T15:12:10.999070+00:00,write,42594,2.636,True,
1236,24720.0,24720.256,2026-09-17T15:12:11.019071+00:00,read,68268,3.878,True,
1237,24740.0,24740.167,2026-09-17T15:12:11.038984+00:00,read,18309,2.665,True,
1238,24760.0,24760.23,2026-09-17T15:12:11.059051+00:00,read,68923,2.853,True,
1239,24780.0,24780.163,2026-09-17T15:12:11.078985+00:00,read,89315,4.193,True,
1240,24800.0,24800.188,2026-09-17T15:12:11.099007+00:00,read,28523,3.884,True,
1241,24820.0,24820.175,2026-09-17T15:12:11.118993+00:00,read,27689,3.138,True,
1242,24840.0,24840.156,2026-09-17T15:12:11.138975+00:00,read,56063,4.108,True,
1243,24860.0,24860.183,2026-09-17T15:12:11.159002+00:00,read,18623,4.382,True,
1244,24880.0,24880.265,2026-09-17T15:12:11.179087+00:00,write,33735,1.64,True,
1245,24900.0,24900.237,2026-09-17T15:12:11.199055+00:00,read,85611,2.914,True,
1246,24920.0,24920.271,2026-09-17T15:12:11.219089+00:00,write,22286,2.611,True,
1247,24940.0,24940.254,2026-09-17T15:12:11.239073+00:00,read,5773,3.391,True,
1248,24960.0,24960.256,2026-09-17T15:12:11.259070+00:00,read,87889,2.53,True,
1249,24980.0,24980.204,2026-09-17T15:12:11.279021+00:00,read,50070,2.768,True,
1250,25000.0,25000.264,2026-09-17T15:12:11.299085+00:00,read,3426,2.734,True,
1251,25020.0,25020.233,2026-09-17T15:12:11.319050+00:00,read,22445,3.224,True,
1252,25040.0,25040.306,2026-09-17T15:12:11.339125+00:00,read,13511,2.894,True,
1253,25060.0,25060.299,2026-09-17T15:12:11.359116+00:00,write,18894,2.076,True,
1254,25080.0,25080.175,2026-09-17T15:12:11.378992+00:00,read,27538,2.374,True,
1255,25100.0,25100.313,2026-09-17T15:12:11.399128+00:00,read,3297,2.887,True,
1256,25120.0,25120.221,2026-09-17T15:12:11.419037+00:00,write,23218,2.172,True,
1257,25140.0,25140.27,2026-09-17T15:12:11.439086+00:00,read,97962,2.476,True,
1258,25160.0,25160.168,2026-09-17T15:12:11.458987+00:00,read,58603,3.305,True,
1259,25180.0,25180.13,2026-09-17T15:12:11.478947+00:00,read,32152,3.059,True,
1260,25200.0,25200.283,2026-09-17T15:12:11.499104+00:00,read,20545,3.194,True,
1261,25220.0,25220.142,2026-09-17T15:12:11.518958+00:00,read,90842,2.916,True,
1262,25240.0,25240.216,2026-09-17T15:12:11.539034+00:00,read,5836,2.896,True,
1263,25260.0,25260.285,2026-09-17T15:12:11.559104+00:00,read,28364,3.212,True,
1264,25280.0,25280.114,2026-09-17T15:12:11.578929+00:00,read,76508,1.703,True,
1265,25300.0,25300.204,2026-09-17T15:12:11.599026+00:00,read,20130,2.245,True,
1266,25320.0,25320.11,2026-09-17T15:12:11.618926+00:00,read,91861,1.748,True,
1267,25340.0,25340.194,2026-09-17T15:12:11.639014+00:00,read,5251,3.247,True,
1268,25360.0,25360.207,2026-09-17T15:12:11.659028+00:00,read,18443,3.552,True,
1269,25380.0,25380.205,2026-09-17T15:12:11.679023+00:00,read,23653,3.157,True,
1270,25400.0,25400.16,2026-09-17T15:12:11.698981+00:00,write,69139,2.58,True,
1271,25420.0,25420.215,2026-09-17T15:12:11.719036+00:00,write,70985,2.837,True,
1272,25440.0,25440.153,2026-09-17T15:12:11.738968+00:00,write,14945,2.322,True,
1273,25460.0,25460.129,2026-09-17T15:12:11.758942+00:00,write,76559,1.328,True,
1274,25480.0,25480.161,2026-09-17T15:12:11.778975+00:00,read,20720,1.576,True,
1275,25500.0,25500.201,2026-09-17T15:12:11.799018+00:00,read,50794,1.125,True,
1276,25520.0,25520.225,2026-09-17T15:12:11.819042+00:00,read,34084,4.347,True,
1277,25540.0,25540.21,2026-09-17T15:12:11.839030+00:00,read,3732,3.95,True,
1278,25560.0,25560.265,2026-09-17T15:12:11.859083+00:00,write,8316,2.844,True,
1279,25580.0,25580.185,2026-09-17T15:12:11.879001+00:00,read,34543,3.975,True,
1280,25600.0,25600.363,2026-09-17T15:12:11.899280+00:00,read,32183,4.219,True,
1281,25620.0,25620.165,2026-09-17T15:12:11.918980+00:00,read,97504,3.331,True,
1282,25640.0,25640.248,2026-09-17T15:12:11.939063+00:00,read,10607,2.71,True,
1283,25660.0,25660.298,2026-09-17T15:12:11.959113+00:00,read,21208,3.589,True,
1284,25680.0,25680.175,2026-09-17T15:12:11.978990+00:00,read,58559,3.315,True,
1285,25700.0,25700.196,2026-09-17T15:12:11.999012+00:00,read,71803,2.481,True,
1286,25720.0,25720.278,2026-09-17T15:12:12.019102+00:00,read,23836,4.223,True,
1287,25740.0,25740.303,2026-09-17T15:12:12.039119+00:00,write,93305,3.077,True,
1288,25760.0,25760.297,2026-09-17T15:12:12.059115+00:00,write,5975,2.851,True,
1289,25780.0,25780.297,2026-09-17T15:12:12.079113+00:00,write,57858,2.796,True,
1290,25800.0,25800.247,2026-09-17T15:12:12.099065+00:00,read,53696,3.17,True,
1291,25820.0,25820.297,2026-09-17T15:12:12.119113+00:00,read,42226,3.624,True,
1292,25840.0,25840.507,2026-09-17T15:12:12.139323+00:00,write,72098,2.576,True,
1293,25860.0,25860.225,2026-09-17T15:12:12.159044+00:00,read,38967,3.698,True,
1294,25880.0,25880.262,2026-09-17T15:12:12.179079+00:00,read,85192,3.513,True,
1295,25900.0,25900.289,2026-09-17T15:12:12.199106+00:00,read,32377,2.645,True,
1296,25920.0,25920.123,2026-09-17T15:12:12.218937+00:00,read,46780,1.552,True,
1297,25940.0,25940.14,2026-09-17T15:12:12.238956+00:00,read,91511,3.017,True,
1298,25960.0,25960.186,2026-09-17T15:12:12.259002+00:00,read,32895,4.429,True,
1299,25980.0,25980.185,2026-09-17T15:12:12.279001+00:00,read,81933,3.498,True,
1300,26000.0,26000.163,2026-09-17T15:12:12.298981+00:00,read,49428,3.068,True,
1301,26020.0,26020.183,2026-09-17T15:12:12.319001+00:00,write,84293,2.839,True,
1302,26040.0,26040.152,2026-09-17T15:12:12.338970+00:00,read,92992,3.38,True,
1303,26060.0,26060.299,2026-09-17T15:12:12.359117+00:00,read,45026,3.845,True,
1304,26080.0,26080.474,2026-09-17T15:12:12.379290+00:00,read,4072,3.499,True,
1305,26100.0,26100.158,2026-09-17T15:12:12.398975+00:00,read,30384,3.58,True,
1306,26120.0,26120.495,2026-09-17T15:12:12.419311+00:00,read,43117,3.611,True,
1307,26140.0,26140.3,2026-09-17T15:12:12.439116+00:00,read,88295,3.949,True,
1308,26160.0,26160.203,2026-09-17T15:12:12.459020+00:00,read,96859,3.881,True,
1309,26180.0,26180.153,2026-09-17T15:12:12.478968+00:00,read,85753,3.175,True,
1310,26200.0,26200.161,2026-09-17T15:12:12.498978+00:00,read,10860,3.258,True,
1311,26220.0,26220.193,2026-09-17T15:12:12.519012+00:00,read,33383,2.745,True,
1312,26240.0,26240.22,2026-09-17T15:12:12.539040+00:00,read,12287,4.452,True,
1313,26260.0,26260.2,2026-09-17T15:12:12.559020+00:00,read,50649,3.6,True,
1314,26280.0,26280.205,2026-09-17T15:12:12.579026+00:00,read,95248,3.786,True,
1315,26300.0,26300.142,2026-09-17T15:12:12.598960+00:00,read,68873,3.869,True,
1316,26320.0,26320.15,2026-09-17T15:12:12.618969+00:00,read,69402,3.725,True,
1317,26340.0,26340.231,2026-09-17T15:12:12.639056+00:00,read,15492,4.261,True,
1318,26360.0,26360.241,2026-09-17T15:12:12.659062+00:00,read,77439,4.571,True,
1319,26380.0,26380.325,2026-09-17T15:12:12.679146+00:00,read,32948,4.109,True,
1320,26400.0,26400.156,2026-09-17T15:12:12.698975+00:00,read,3797,3.764,True,
1321,26420.0,26420.183,2026-09-17T15:12:12.719000+00:00,read,76151,3.137,True,
1322,26440.0,26440.192,2026-09-17T15:12:12.739011+00:00,read,81639,3.064,True,
1323,26460.0,26460.124,2026-09-17T15:12:12.758942+00:00,read,62780,2.17,True,
1324,26480.0,26480.155,2026-09-17T15:12:12.778974+00:00,read,96182,4.191,True,
1325,26500.0,26500.159,2026-09-17T15:12:12.798979+00:00,read,81734,2.043,True,
1326,26520.0,26520.164,2026-09-17T15:12:12.818981+00:00,read,1440,3.267,True,
1327,26540.0,26540.275,2026-09-17T15:12:12.839093+00:00,read,77146,3.076,True,
1328,26560.0,26560.294,2026-09-17T15:12:12.859114+00:00,read,15341,3.199,True,
1329,26580.0,26580.333,2026-09-17T15:12:12.879151+00:00,read,82168,3.295,True,
1330,26600.0,26600.277,2026-09-17T15:12:12.899094+00:00,read,97629,2.922,True,
1331,26620.0,26620.153,2026-09-17T15:12:12.918970+00:00,read,53847,1.531,True,
1332,26640.0,26640.154,2026-09-17T15:12:12.938978+00:00,read,82705,3.049,True,
1333,26660.0,26660.159,2026-09-17T15:12:12.958977+00:00,read,39433,2.87,True,
1334,26680.0,26680.242,2026-09-17T15:12:12.979058+00:00,read,42552,3.222,True,
1335,26700.0,26700.279,2026-09-17T15:12:12.999095+00:00,read,17029,2.832,True,
1336,26720.0,26720.299,2026-09-17T15:12:13.019120+00:00,read,20005,3.437,True,
1337,26740.0,26740.179,2026-09-17T15:12:13.038996+00:00,read,64631,3.575,True,
1338,26760.0,26760.138,2026-09-17T15:12:13.058954+00:00,read,41820,3.129,True,
1339,26780.0,26780.261,2026-09-17T15:12:13.079077+00:00,read,3628,2.572,True,
1340,26800.0,26800.152,2026-09-17T15:12:13.098972+00:00,read,33466,2.386,True,
1341,26820.0,26820.209,2026-09-17T15:12:13.119024+00:00,read,34098,2.934,True,
1342,26840.0,26840.398,2026-09-17T15:12:13.139214+00:00,read,83241,3.092,True,
1343,26860.0,26860.182,2026-09-17T15:12:13.158997+00:00,read,45069,2.75,True,
1344,26880.0,26880.154,2026-09-17T15:12:13.178969+00:00,read,18235,2.536,True,
1345,26900.0,26900.14,2026-09-17T15:12:13.198953+00:00,write,5299,1.693,True,
1346,26920.0,26920.135,2026-09-17T15:12:13.218950+00:00,read,34856,3.105,True,
1347,26940.0,26940.497,2026-09-17T15:12:13.239317+00:00,read,80255,3.568,True,
1348,26960.0,26960.309,2026-09-17T15:12:13.259126+00:00,read,42569,3.895,True,
1349,26980.0,26980.262,2026-09-17T15:12:13.279080+00:00,read,26884,3.076,True,
1350,27000.0,27000.275,2026-09-17T15:12:13.299094+00:00,write,68950,2.543,True,
1351,27020.0,27020.273,2026-09-17T15:12:13.319090+00:00,read,36423,2.965,True,
1352,27040.0,27040.156,2026-09-17T15:12:13.338972+00:00,read,38070,2.905,True,
1353,27060.0,27060.47,2026-09-17T15:12:13.359287+00:00,write,89658,3.026,True,
1354,27080.0,27080.299,2026-09-17T15:12:13.379113+00:00,read,96412,2.003,True,
1355,27100.0,27100.144,2026-09-17T15:12:13.398962+00:00,read,54540,3.185,True,
1356,27120.0,27120.189,2026-09-17T15:12:13.419007+00:00,read,36161,3.415,True,
1357,27140.0,27140.109,2026-09-17T15:12:13.438923+00:00,read,63094,2.646,True,
1358,27160.0,27160.197,2026-09-17T15:12:13.459012+00:00,read,61710,2.586,True,
1359,27180.0,27180.411,2026-09-17T15:12:13.479225+00:00,read,48103,2.763,True,
1360,27200.0,27200.257,2026-09-17T15:12:13.499073+00:00,read,87348,2.864,True,
1361,27220.0,27220.28,2026-09-17T15:12:13.519099+00:00,read,71909,3.199,True,
1362,27240.0,27240.235,2026-09-17T15:12:13.539050+00:00,read,9063,2.198,True,
1363,27260.0,27260.261,2026-09-17T15:12:13.559078+00:00,read,95509,3.138,True,
1364,27280.0,27280.254,2026-09-17T15:12:13.579073+00:00,read,10446,3.664,True,
1365,27300.0,27300.176,2026-09-17T15:12:13.598997+00:00,read,62423,3.172,True,
1366,27320.0,27320.133,2026-09-17T15:12:13.618947+00:00,read,35564,2.958,True,
1367,27340.0,27340.143,2026-09-17T15:12:13.638960+00:00,write,44606,2.278,True,
1368,27360.0,27360.19,2026-09-17T15:12:13.659008+00:00,write,70261,2.048,True,
1369,27380.0,27380.176,2026-09-17T15:12:13.678994+00:00,read,86178,3.96,True,
1370,27400.0,27400.12,2026-09-17T15:12:13.698937+00:00,read,74023,2.615,True,
1371,27420.0,27420.209,2026-09-17T15:12:13.719029+00:00,read,77916,3.797,True,
1372,27440.0,27440.186,2026-09-17T15:12:13.739006+00:00,read,40833,3.849,True,
1373,27460.0,27460.235,2026-09-17T15:12:13.759055+00:00,read,66068,3.463,True,
1374,27480.0,27480.178,2026-09-17T15:12:13.778999+00:00,write,58708,2.562,True,
1375,27500.0,27500.403,2026-09-17T15:12:13.799224+00:00,write,91741,2.688,True,
1376,27520.0,27520.223,2026-09-17T15:12:13.819038+00:00,read,68551,2.719,True,
1377,27540.0,27540.259,2026-09-17T15:12:13.839075+00:00,write,75431,2.393,True,
1378,27560.0,27560.196,2026-09-17T15:12:13.859017+00:00,read,50825,3.529,True,
1379,27580.0,27580.362,2026-09-17T15:12:13.879276+00:00,read,1793,3.615,True,
1380,27600.0,27600.277,2026-09-17T15:12:13.899097+00:00,write,94764,3.016,True,
1381,27620.0,27620.299,2026-09-17T15:12:13.919117+00:00,read,73799,3.512,True,
1382,27640.0,27640.283,2026-09-17T15:12:13.939102+00:00,write,82835,2.497,True,
1383,27660.0,27660.364,2026-09-17T15:12:13.959246+00:00,read,67507,3.397,True,
1384,27680.0,27680.413,2026-09-17T15:12:13.979230+00:00,write,12521,1.981,True,
1385,27700.0,27700.249,2026-09-17T15:12:13.999066+00:00,read,40717,3.105,True,
1386,27720.0,27720.177,2026-09-17T15:12:14.018995+00:00,write,10220,2.036,True,
1387,27740.0,27740.089,2026-09-17T15:12:14.038902+00:00,read,25695,1.784,True,
1388,27760.0,27760.425,2026-09-17T15:12:14.059238+00:00,read,84947,1.308,True,
1389,27780.0,27780.151,2026-09-17T15:12:14.078966+00:00,read,35192,2.851,True,
1390,27800.0,27800.171,2026-09-17T15:12:14.098987+00:00,read,56596,2.648,True,
1391,27820.0,27820.131,2026-09-17T15:12:14.118946+00:00,read,59656,2.572,True,
1392,27840.0,27840.56,2026-09-17T15:12:14.139381+00:00,read,52127,4.556,True,
1393,27860.0,27860.239,2026-09-17T15:12:14.159054+00:00,read,51087,3.106,True,
1394,27880.0,27880.255,2026-09-17T15:12:14.179071+00:00,write,97987,2.281,True,
1395,27900.0,27900.291,2026-09-17T15:12:14.199107+00:00,read,13822,2.85,True,
1396,27920.0,27920.284,2026-09-17T15:12:14.219105+00:00,write,18112,3.221,True,
1397,27940.0,27940.195,2026-09-17T15:12:14.239012+00:00,read,67470,3.213,True,
1398,27960.0,27960.16,2026-09-17T15:12:14.258978+00:00,write,71487,2.178,True,
1399,27980.0,27980.172,2026-09-17T15:12:14.278985+00:00,read,70767,1.471,True,
1400,28000.0,28000.304,2026-09-17T15:12:14.299121+00:00,write,802,2.749,True,
1401,28020.0,28020.173,2026-09-17T15:12:14.318990+00:00,read,69193,3.729,True,
1402,28040.0,28040.216,2026-09-17T15:12:14.339036+00:00,read,59768,3.726,True,
1403,28060.0,28060.53,2026-09-17T15:12:14.359351+00:00,write,60761,3.408,True,
1404,28080.0,28080.523,2026-09-17T15:12:14.379345+00:00,read,3103,4.613,True,
1405,28100.0,28100.288,2026-09-17T15:12:14.399111+00:00,read,45450,3.935,True,
1406,28120.0,28120.221,2026-09-17T15:12:14.419040+00:00,read,37319,4.322,True,
1407,28140.0,28140.483,2026-09-17T15:12:14.439304+00:00,read,62339,3.723,True,
1408,28160.0,28160.222,2026-09-17T15:12:14.459041+00:00,read,43604,3.55,True,
1409,28180.0,28180.265,2026-09-17T15:12:14.479083+00:00,read,84844,3.617,True,
1410,28200.0,28200.496,2026-09-17T15:12:14.499316+00:00,write,95771,3.047,True,
1411,28220.0,28220.297,2026-09-17T15:12:14.519143+00:00,read,29175,3.989,True,
1412,28240.0,28240.177,2026-09-17T15:12:14.538995+00:00,read,67319,3.267,True,
1413,28260.0,28260.335,2026-09-17T15:12:14.559155+00:00,read,93550,3.697,True,
1414,28280.0,28280.477,2026-09-17T15:12:14.579294+00:00,read,38714,3.276,True,
1415,28300.0,28300.254,2026-09-17T15:12:14.599071+00:00,read,87413,3.846,True,
1416,28320.0,28320.205,2026-09-17T15:12:14.619025+00:00,read,45133,3.376,True,
1417,28340.0,28340.265,2026-09-17T15:12:14.639085+00:00,write,48574,2.845,True,
1418,28360.0,28360.191,2026-09-17T15:12:14.659011+00:00,write,90556,2.752,True,
1419,28380.0,28380.269,2026-09-17T15:12:14.679086+00:00,read,47568,3.734,True,
1420,28400.0,28400.171,2026-09-17T15:12:14.698987+00:00,read,71777,3.294,True,
1421,28420.0,28420.299,2026-09-17T15:12:14.719117+00:00,write,66015,2.842,True,
1422,28440.0,28440.28,2026-09-17T15:12:14.739096+00:00,write,78809,3.084,True,
1423,28460.0,28460.189,2026-09-17T15:12:14.759006+00:00,read,78483,3.128,True,
1424,28480.0,28480.265,2026-09-17T15:12:14.779082+00:00,read,51556,3.31,True,
1425,28500.0,28500.179,2026-09-17T15:12:14.798995+00:00,write,52024,2.743,True,
1426,28520.0,28520.194,2026-09-17T15:12:14.819011+00:00,write,44142,2.838,True,
1427,28540.0,28540.222,2026-09-17T15:12:14.839038+00:00,read,68204,3.875,True,
1428,28560.0,28560.153,2026-09-17T15:12:14.858970+00:00,read,17580,2.856,True,
1429,28580.0,28580.178,2026-09-17T15:12:14.878994+00:00,write,67909,3.509,True,
1430,28600.0,28600.335,2026-09-17T15:12:14.899152+00:00,read,3396,3.889,True,
1431,28620.0,28620.495,2026-09-17T15:12:14.919312+00:00,read,69190,3.637,True,
1432,28640.0,28640.279,2026-09-17T15:12:14.939095+00:00,write,76109,2.87,True,
1433,28660.0,28660.153,2026-09-17T15:12:14.958969+00:00,read,81191,2.929,True,
1434,28680.0,28680.143,2026-09-17T15:12:14.978959+00:00,read,68040,3.178,True,
1435,28700.0,28700.195,2026-09-17T15:12:14.999010+00:00,read,85995,3.103,True,
1436,28720.0,28720.511,2026-09-17T15:12:15.019328+00:00,read,84027,4.47,True,
1437,28740.0,28740.152,2026-09-17T15:12:15.038969+00:00,read,82557,2.923,True,
1438,28760.0,28760.123,2026-09-17T15:12:15.058937+00:00,read,89714,2.63,True,
1439,28780.0,28780.413,2026-09-17T15:12:15.079230+00:00,read,52508,4.384,True,
1440,28800.0,28800.229,2026-09-17T15:12:15.099046+00:00,read,9362,3.52,True,
1441,28820.0,28820.165,2026-09-17T15:12:15.118980+00:00,read,3504,2.982,True,
1442,28840.0,28840.319,2026-09-17T15:12:15.139134+00:00,write,31186,3.044,True,
1443,28860.0,28860.278,2026-09-17T15:12:15.159095+00:00,write,57287,2.762,True,
1444,28880.0,28880.49,2026-09-17T15:12:15.179306+00:00,read,36471,4.395,True,
1445,28900.0,28900.425,2026-09-17T15:12:15.199242+00:00,read,46870,3.569,True,
1446,28920.0,28920.299,2026-09-17T15:12:15.219116+00:00,read,51614,3.808,True,
1447,28940.0,28940.507,2026-09-17T15:12:15.239323+00:00,read,98370,3.527,True,
1448,28960.0,28960.488,2026-09-17T15:12:15.259304+00:00,read,34576,4.029,True,
1449,28980.0,28980.126,2026-09-17T15:12:15.278940+00:00,read,16577,2.855,True,
1450,29000.0,29000.237,2026-09-17T15:12:15.299052+00:00,read,51571,3.424,True,
1451,29020.0,29020.424,2026-09-17T15:12:15.319243+00:00,write,42710,2.801,True,
1452,29040.0,29040.264,2026-09-17T15:12:15.339081+00:00,read,97108,2.896,True,
1453,29060.0,29060.194,2026-09-17T15:12:15.359014+00:00,read,90371,3.148,True,
1454,29080.0,29080.096,2026-09-17T15:12:15.378913+00:00,read,8591,3.977,True,
1455,29100.0,29100.233,2026-09-17T15:12:15.399049+00:00,read,56152,2.692,True,
1456,29120.0,29120.268,2026-09-17T15:12:15.419084+00:00,write,50351,2.556,True,
1457,29140.0,29140.288,2026-09-17T15:12:15.439106+00:00,read,41152,5.1,True,
1458,29160.0,29160.459,2026-09-17T15:12:15.459276+00:00,read,31166,3.581,True,
1459,29180.0,29180.463,2026-09-17T15:12:15.479282+00:00,write,27081,3.204,True,
1460,29200.0,29200.477,2026-09-17T15:12:15.499295+00:00,read,24675,4.127,True,
1461,29220.0,29220.189,2026-09-17T15:12:15.519006+00:00,write,43468,2.719,True,
1462,29240.0,29240.296,2026-09-17T15:12:15.539114+00:00,write,51608,3.037,True,
1463,29260.0,29260.296,2026-09-17T15:12:15.559113+00:00,read,98167,4.197,True,
1464,29280.0,29280.33,2026-09-17T15:12:15.579149+00:00,read,86168,3.603,True,
1465,29300.0,29300.287,2026-09-17T15:12:15.599105+00:00,read,60723,4.059,True,
1466,29320.0,29320.293,2026-09-17T15:12:15.619109+00:00,write,69514,3.137,True,
1467,29340.0,29340.206,2026-09-17T15:12:15.639022+00:00,read,15856,2.804,True,
1468,29360.0,29360.146,2026-09-17T15:12:15.658964+00:00,read,28941,2.935,True,
1469,29380.0,29380.208,2026-09-17T15:12:15.679026+00:00,write,9133,2.459,True,
1470,29400.0,29400.234,2026-09-17T15:12:15.699052+00:00,read,63961,3.337,True,
1471,29420.0,29420.281,2026-09-17T15:12:15.719099+00:00,read,84171,3.739,True,
1472,29440.0,29440.277,2026-09-17T15:12:15.739094+00:00,read,25370,4.689,True,
1473,29460.0,29460.32,2026-09-17T15:12:15.759138+00:00,read,99958,5.044,True,
1474,29480.0,29480.288,2026-09-17T15:12:15.779104+00:00,read,50714,3.683,True,
1475,29500.0,29500.245,2026-09-17T15:12:15.799062+00:00,read,11439,3.477,True,
1476,29520.0,29520.146,2026-09-17T15:12:15.818962+00:00,read,93324,3.497,True,
1477,29540.0,29540.135,2026-09-17T15:12:15.838949+00:00,read,96000,2.324,True,
1478,29560.0,29560.144,2026-09-17T15:12:15.858959+00:00,read,41563,3.235,True,
1479,29580.0,29580.24,2026-09-17T15:12:15.879056+00:00,read,75172,1.802,True,
1480,29600.0,29600.145,2026-09-17T15:12:15.898960+00:00,read,89043,1.445,True,
1481,29620.0,29620.116,2026-09-17T15:12:15.918931+00:00,write,87548,1.212,True,
1482,29640.0,29640.138,2026-09-17T15:12:15.938956+00:00,read,56555,1.513,True,
1483,29660.0,29660.153,2026-09-17T15:12:15.958968+00:00,read,45523,3.26,True,
1484,29680.0,29680.143,2026-09-17T15:12:15.978959+00:00,read,92141,3.322,True,
1485,29700.0,29700.14,2026-09-17T15:12:15.998955+00:00,write,22665,2.368,True,
1486,29720.0,29720.143,2026-09-17T15:12:16.018959+00:00,read,69757,4.332,True,
1487,29740.0,29740.17,2026-09-17T15:12:16.038987+00:00,read,77631,2.462,True,
1488,29760.0,29760.14,2026-09-17T15:12:16.058956+00:00,read,40235,3.376,True,
1489,29780.0,29780.16,2026-09-17T15:12:16.078975+00:00,read,2474,3.912,True,
1490,29800.0,29800.128,2026-09-17T15:12:16.098944+00:00,read,91345,3.401,True,
1491,29820.0,29820.174,2026-09-17T15:12:16.118995+00:00,read,49011,3.232,True,
1492,29840.0,29840.348,2026-09-17T15:12:16.139164+00:00,read,44581,3.056,True,
1493,29860.0,29860.209,2026-09-17T15:12:16.159026+00:00,read,56598,3.663,True,
1494,29880.0,29880.295,2026-09-17T15:12:16.179110+00:00,read,15377,3.484,True,
1495,29900.0,29900.173,2026-09-17T15:12:16.198990+00:00,read,18927,3.313,True,
1496,29920.0,29920.296,2026-09-17T15:12:16.219114+00:00,read,59839,3.724,True,
1497,29940.0,29940.197,2026-09-17T15:12:16.239013+00:00,read,75870,3.386,True,
1498,29960.0,29960.316,2026-09-17T15:12:16.259133+00:00,write,83364,2.671,True,
1499,29980.0,29980.177,2026-09-17T15:12:16.278993+00:00,write,17166,2.553,True,
1500,30000.0,30000.197,2026-09-17T15:12:16.299013+00:00,read,73172,3.564,True,
1501,30020.0,30020.281,2026-09-17T15:12:16.319098+00:00,read,97132,3.881,True,
1502,30040.0,30040.139,2026-09-17T15:12:16.338953+00:00,write,61049,1.732,True,
1503,30060.0,30060.177,2026-09-17T15:12:16.358993+00:00,read,74201,3.708,True,
1504,30080.0,30080.285,2026-09-17T15:12:16.379102+00:00,read,55314,3.868,True,
1505,30100.0,30100.15,2026-09-17T15:12:16.398969+00:00,read,12467,3.678,True,
1506,30120.0,30120.278,2026-09-17T15:12:16.419096+00:00,read,40137,3.693,True,
1507,30140.0,30140.54,2026-09-17T15:12:16.439356+00:00,read,69685,3.523,True,
1508,30160.0,30160.48,2026-09-17T15:12:16.459296+00:00,read,43870,3.171,True,
1509,30180.0,30180.278,2026-09-17T15:12:16.479095+00:00,write,54623,2.792,True,
1510,30200.0,30200.358,2026-09-17T15:12:16.499174+00:00,write,73698,2.641,True,
1511,30220.0,30220.196,2026-09-17T15:12:16.519013+00:00,read,77153,4.02,True,
1512,30240.0,30240.5,2026-09-17T15:12:16.539319+00:00,read,35446,4.468,True,
1513,30260.0,30260.319,2026-09-17T15:12:16.559140+00:00,read,96979,3.768,True,
1514,30280.0,30280.33,2026-09-17T15:12:16.579150+00:00,read,87698,3.66,True,
1515,30300.0,30300.223,2026-09-17T15:12:16.599044+00:00,read,47276,3.496,True,
1516,30320.0,30320.29,2026-09-17T15:12:16.619113+00:00,read,80241,3.943,True,
1517,30340.0,30340.295,2026-09-17T15:12:16.639114+00:00,read,68774,3.993,True,
1518,30360.0,30360.204,2026-09-17T15:12:16.659019+00:00,read,97057,2.705,True,
1519,30380.0,30380.088,2026-09-17T15:12:16.678899+00:00,write,19757,1.047,True,
1520,30400.0,30400.237,2026-09-17T15:12:16.699054+00:00,read,35294,3.418,True,
1521,30420.0,30420.205,2026-09-17T15:12:16.719027+00:00,write,49842,2.83,True,
1522,30440.0,30440.181,2026-09-17T15:12:16.739000+00:00,read,10281,2.118,True,
1523,30460.0,30460.255,2026-09-17T15:12:16.759074+00:00,write,21895,2.74,True,
1524,30480.0,30480.33,2026-09-17T15:12:16.779147+00:00,write,63366,1.906,True,
1525,30500.0,30500.231,2026-09-17T15:12:16.799048+00:00,read,86786,3.053,True,
1526,30520.0,30520.461,2026-09-17T15:12:16.819279+00:00,read,49992,2.727,True,
1527,30540.0,30540.346,2026-09-17T15:12:16.839162+00:00,read,96974,2.604,True,
1528,30560.0,30560.149,2026-09-17T15:12:16.858964+00:00,read,94992,3.116,True,
1529,30580.0,30580.22,2026-09-17T15:12:16.879038+00:00,write,24088,2.387,True,
1530,30600.0,30600.144,2026-09-17T15:12:16.898960+00:00,write,38818,1.986,True,
1531,30620.0,30620.247,2026-09-17T15:12:16.919061+00:00,read,70483,2.468,True,
1532,30640.0,30640.171,2026-09-17T15:12:16.938986+00:00,read,61918,2.329,True,
1533,30660.0,30660.167,2026-09-17T15:12:16.958983+00:00,read,43127,3.116,True,
1534,30680.0,30680.145,2026-09-17T15:12:16.978959+00:00,write,23873,1.968,True,
1535,30700.0,30700.224,2026-09-17T15:12:16.999037+00:00,read,57560,1.473,True,
1536,30720.0,30720.222,2026-09-17T15:12:17.019035+00:00,read,17215,2.002,True,
1537,30740.0,30740.198,2026-09-17T15:12:17.039009+00:00,write,99366,1.073,True,
1538,30760.0,30760.113,2026-09-17T15:12:17.058925+00:00,read,55199,1.75,True,
1539,30780.0,30780.091,2026-09-17T15:12:17.078902+00:00,read,89360,1.284,True,
1540,30800.0,30800.119,2026-09-17T15:12:17.098931+00:00,read,76968,1.137,True,
1541,30820.0,30820.199,2026-09-17T15:12:17.119019+00:00,read,41934,1.454,True,
1542,30840.0,30840.134,2026-09-17T15:12:17.138946+00:00,read,60118,1.437,True,
1543,30860.0,30860.201,2026-09-17T15:12:17.159015+00:00,read,68515,1.753,True,
1544,30880.0,30880.198,2026-09-17T15:12:17.179011+00:00,write,14118,1.291,True,
1545,30900.0,30900.17,2026-09-17T15:12:17.198982+00:00,read,17144,1.265,True,
1546,30920.0,30920.167,2026-09-17T15:12:17.218984+00:00,read,96102,1.504,True,
1547,30940.0,30940.086,2026-09-17T15:12:17.238898+00:00,read,99406,1.368,True,
1548,30960.0,30960.085,2026-09-17T15:12:17.258896+00:00,read,60388,1.148,True,
1549,30980.0,30980.173,2026-09-17T15:12:17.278991+00:00,read,26236,1.391,True,
1550,31000.0,31000.095,2026-09-17T15:12:17.298906+00:00,write,641,0.962,True,
1551,31020.0,31020.14,2026-09-17T15:12:17.318950+00:00,write,28460,0.981,True,
1552,31040.0,31040.159,2026-09-17T15:12:17.338975+00:00,read,97838,1.293,True,
1553,31060.0,31060.118,2026-09-17T15:12:17.358929+00:00,read,89820,1.251,True,
1554,31080.0,31080.091,2026-09-17T15:12:17.378902+00:00,read,93678,1.656,True,
1555,31100.0,31100.111,2026-09-17T15:12:17.398922+00:00,read,92609,4.542,True,
1556,31120.0,31120.24,2026-09-17T15:12:17.419056+00:00,write,17044,1.362,True,
1557,31140.0,31140.16,2026-09-17T15:12:17.438973+00:00,read,61858,1.524,True,
1558,31160.0,31160.111,2026-09-17T15:12:17.458925+00:00,read,59435,1.622,True,
1559,31180.0,31180.259,2026-09-17T15:12:17.479073+00:00,read,67607,1.425,True,
1560,31200.0,31200.116,2026-09-17T15:12:17.498930+00:00,read,82663,3.078,True,
1561,31220.0,31220.146,2026-09-17T15:12:17.518962+00:00,read,36955,1.807,True,
1562,31240.0,31240.206,2026-09-17T15:12:17.539021+00:00,read,54111,2.02,True,
1563,31260.0,31260.334,2026-09-17T15:12:17.559157+00:00,read,34929,4.252,True,
1564,31280.0,31280.41,2026-09-17T15:12:17.579227+00:00,read,98943,4.071,True,
1565,31300.0,31300.284,2026-09-17T15:12:17.599104+00:00,write,30200,2.602,True,
1566,31320.0,31320.299,2026-09-17T15:12:17.619122+00:00,read,94154,4.307,True,
1567,31340.0,31340.43,2026-09-17T15:12:17.639253+00:00,write,16147,3.4,True,
1568,31360.0,31360.248,2026-09-17T15:12:17.659066+00:00,read,15694,3.301,True,
1569,31380.0,31380.494,2026-09-17T15:12:17.679312+00:00,read,32204,3.47,True,
1570,31400.0,31400.484,2026-09-17T15:12:17.699302+00:00,read,68036,3.967,True,
1571,31420.0,31420.201,2026-09-17T15:12:17.719023+00:00,read,57404,3.377,True,
1572,31440.0,31440.169,2026-09-17T15:12:17.738986+00:00,read,6243,3.765,True,
1573,31460.0,31460.187,2026-09-17T15:12:17.759005+00:00,read,60935,2.808,True,
1574,31480.0,31480.209,2026-09-17T15:12:17.779029+00:00,read,612,3.758,True,
1575,31500.0,31500.154,2026-09-17T15:12:17.798971+00:00,read,50008,2.412,True,
1576,31520.0,31520.319,2026-09-17T15:12:17.819136+00:00,write,94078,2.928,True,
1577,31540.0,31540.284,2026-09-17T15:12:17.839100+00:00,write,64305,2.655,True,
1578,31560.0,31560.283,2026-09-17T15:12:17.859100+00:00,read,6477,3.632,True,
1579,31580.0,31580.368,2026-09-17T15:12:17.879265+00:00,read,37998,3.031,True,
1580,31600.0,31600.198,2026-09-17T15:12:17.899016+00:00,read,88788,3.28,True,
1581,31620.0,31620.189,2026-09-17T15:12:17.919005+00:00,read,2709,3.736,True,
1582,31640.0,31640.281,2026-09-17T15:12:17.939099+00:00,read,66235,4.243,True,
1583,31660.0,31660.15,2026-09-17T15:12:17.958963+00:00,read,18948,2.316,True,
1584,31680.0,31680.111,2026-09-17T15:12:17.978927+00:00,read,19203,2.436,True,
1585,31700.0,31700.366,2026-09-17T15:12:17.999269+00:00,read,91528,2.567,True,
1586,31720.0,31720.183,2026-09-17T15:12:18.019002+00:00,read,94875,3.696,True,
1587,31740.0,31740.246,2026-09-17T15:12:18.039063+00:00,read,11369,3.039,True,
1588,31760.0,31760.152,2026-09-17T15:12:18.058972+00:00,read,18696,3.163,True,
1589,31780.0,31780.154,2026-09-17T15:12:18.078971+00:00,read,98138,3.155,True,
1590,31800.0,31800.281,2026-09-17T15:12:18.099099+00:00,read,23587,3.677,True,
1591,31820.0,31820.267,2026-09-17T15:12:18.119083+00:00,read,68960,2.914,True,
1592,31840.0,31840.3,2026-09-17T15:12:18.139116+00:00,read,83905,3.896,True,
1593,31860.0,31860.173,2026-09-17T15:12:18.158990+00:00,read,17822,3.142,True,
1594,31880.0,31880.189,2026-09-17T15:12:18.179004+00:00,read,91213,2.511,True,
1595,31900.0,31900.275,2026-09-17T15:12:18.199091+00:00,read,86292,3.735,True,
1596,31920.0,31920.482,2026-09-17T15:12:18.219300+00:00,read,61091,3.716,True,
1597,31940.0,31940.477,2026-09-17T15:12:18.239295+00:00,read,81281,4.027,True,
1598,31960.0,31960.412,2026-09-17T15:12:18.259230+00:00,write,22833,3.2,True,
1599,31980.0,31980.283,2026-09-17T15:12:18.279100+00:00,read,57304,3.562,True,
1600,32000.0,32000.206,2026-09-17T15:12:18.299023+00:00,write,70280,2.729,True,
1601,32020.0,32020.598,2026-09-17T15:12:18.319416+00:00,read,76093,4.497,True,
1602,32040.0,32040.264,2026-09-17T15:12:18.339081+00:00,read,99931,3.807,True,
1603,32060.0,32060.458,2026-09-17T15:12:18.359276+00:00,read,712,4.151,True,
1604,32080.0,32080.529,2026-09-17T15:12:18.379346+00:00,read,50803,3.972,True,
1605,32100.0,32100.287,2026-09-17T15:12:18.399105+00:00,read,59276,3.95,True,
1606,32120.0,32120.242,2026-09-17T15:12:18.419059+00:00,read,57673,3.608,True,
1607,32140.0,32140.486,2026-09-17T15:12:18.439304+00:00,read,9884,3.768,True,
1608,32160.0,32160.186,2026-09-17T15:12:18.459002+00:00,read,63822,3.518,True,
1609,32180.0,32180.362,2026-09-17T15:12:18.479235+00:00,read,66361,3.209,True,
1610,32200.0,32200.185,2026-09-17T15:12:18.499003+00:00,read,57323,3.986,True,
1611,32220.0,32220.159,2026-09-17T15:12:18.518974+00:00,read,63012,2.392,True,
1612,32240.0,32240.118,2026-09-17T15:12:18.538933+00:00,read,30120,1.832,True,
1613,32260.0,32260.127,2026-09-17T15:12:18.558943+00:00,read,84791,2.674,True,
1614,32280.0,32280.159,2026-09-17T15:12:18.578976+00:00,read,18821,3.262,True,
1615,32300.0,32300.361,2026-09-17T15:12:18.599269+00:00,read,70312,3.423,True,
1616,32320.0,32320.287,2026-09-17T15:12:18.619105+00:00,write,19992,3.65,True,
1617,32340.0,32340.419,2026-09-17T15:12:18.639238+00:00,read,71607,3.453,True,
1618,32360.0,32360.312,2026-09-17T15:12:18.659131+00:00,read,74127,4.199,True,
1619,32380.0,32380.183,2026-09-17T15:12:18.679000+00:00,read,15330,3.802,True,
1620,32400.0,32400.195,2026-09-17T15:12:18.699011+00:00,read,34087,2.989,True,
1621,32420.0,32420.492,2026-09-17T15:12:18.719311+00:00,write,52198,2.001,True,
1622,32440.0,32440.316,2026-09-17T15:12:18.739132+00:00,read,77743,3.213,True,
1623,32460.0,32460.158,2026-09-17T15:12:18.758974+00:00,read,25216,3.185,True,
1624,32480.0,32480.259,2026-09-17T15:12:18.779079+00:00,read,95744,3.893,True,
1625,32500.0,32500.25,2026-09-17T15:12:18.799071+00:00,read,47427,2.16,True,
1626,32520.0,32520.185,2026-09-17T15:12:18.819005+00:00,read,10801,3.943,True,
1627,32540.0,32540.3,2026-09-17T15:12:18.839120+00:00,read,23254,4.004,True,
1628,32560.0,32560.288,2026-09-17T15:12:18.859108+00:00,read,46193,3.701,True,
1629,32580.0,32580.171,2026-09-17T15:12:18.878992+00:00,write,40325,1.747,True,
1630,32600.0,32600.105,2026-09-17T15:12:18.898920+00:00,read,42955,2.435,True,
1631,32620.0,32620.135,2026-09-17T15:12:18.918951+00:00,read,22307,2.29,True,
1632,32640.0,32640.102,2026-09-17T15:12:18.938917+00:00,write,64400,1.39,True,
1633,32660.0,32660.153,2026-09-17T15:12:18.958973+00:00,read,93698,3.64,True,
1634,32680.0,32680.183,2026-09-17T15:12:18.979002+00:00,read,65966,3.79,True,
1635,32700.0,32700.206,2026-09-17T15:12:18.999025+00:00,read,76873,3.966,True,
1636,32720.0,32720.161,2026-09-17T15:12:19.018980+00:00,read,43643,2.967,True,
1637,32740.0,32740.158,2026-09-17T15:12:19.038978+00:00,read,75946,2.912,True,
1638,32760.0,32760.149,2026-09-17T15:12:19.058963+00:00,read,6925,1.495,True,
1639,32780.0,32780.113,2026-09-17T15:12:19.078927+00:00,read,57404,1.407,True,
1640,32800.0,32800.117,2026-09-17T15:12:19.098934+00:00,read,93267,2.731,True,
1641,32820.0,32820.163,2026-09-17T15:12:19.118978+00:00,read,47943,2.485,True,
1642,32840.0,32840.156,2026-09-17T15:12:19.138971+00:00,write,15797,1.224,True,
1643,32860.0,32860.227,2026-09-17T15:12:19.159042+00:00,read,81109,2.736,True,
1644,32880.0,32880.234,2026-09-17T15:12:19.179055+00:00,read,72355,2.592,True,
1645,32900.0,32900.179,2026-09-17T15:12:19.198995+00:00,read,11624,3.61,True,
1646,32920.0,32920.284,2026-09-17T15:12:19.219099+00:00,read,69269,3.822,True,
1647,32940.0,32940.273,2026-09-17T15:12:19.239093+00:00,write,98436,3.18,True,
1648,32960.0,32960.299,2026-09-17T15:12:19.259116+00:00,read,71351,3.998,True,
1649,32980.0,32980.187,2026-09-17T15:12:19.279004+00:00,read,19719,3.571,True,
1650,33000.0,33000.467,2026-09-17T15:12:19.299285+00:00,read,75702,3.297,True,
1651,33020.0,33020.202,2026-09-17T15:12:19.319021+00:00,read,51841,3.859,True,
1652,33040.0,33040.206,2026-09-17T15:12:19.339023+00:00,read,49056,4.549,True,
1653,33060.0,33060.232,2026-09-17T15:12:19.359048+00:00,read,72911,3.344,True,
1654,33080.0,33080.204,2026-09-17T15:12:19.379023+00:00,write,20565,3.215,True,
1655,33100.0,33100.355,2026-09-17T15:12:19.399173+00:00,write,28481,2.87,True,
1656,33120.0,33120.518,2026-09-17T15:12:19.419336+00:00,read,46315,3.842,True,
1657,33140.0,33140.365,2026-09-17T15:12:19.439305+00:00,read,81887,3.298,True,
1658,33160.0,33160.275,2026-09-17T15:12:19.459091+00:00,write,73247,3.186,True,
1659,33180.0,33180.273,2026-09-17T15:12:19.479090+00:00,read,70465,3.397,True,
1660,33200.0,33200.184,2026-09-17T15:12:19.499001+00:00,read,96121,3.475,True,
1661,33220.0,33220.321,2026-09-17T15:12:19.519140+00:00,read,84447,3.853,True,
1662,33240.0,33240.312,2026-09-17T15:12:19.539130+00:00,read,94182,3.924,True,
1663,33260.0,33260.195,2026-09-17T15:12:19.559010+00:00,read,50785,2.205,True,
1664,33280.0,33280.137,2026-09-17T15:12:19.578954+00:00,write,98703,2.436,True,
1665,33300.0,33300.192,2026-09-17T15:12:19.599009+00:00,read,58844,3.771,True,
1666,33320.0,33320.199,2026-09-17T15:12:19.619016+00:00,write,60132,2.335,True,
1667,33340.0,33340.478,2026-09-17T15:12:19.639296+00:00,read,45664,3.856,True,
1668,33360.0,33360.265,2026-09-17T15:12:19.659081+00:00,read,41149,3.232,True,
1669,33380.0,33380.28,2026-09-17T15:12:19.679097+00:00,read,67663,3.342,True,
1670,33400.0,33400.278,2026-09-17T15:12:19.699095+00:00,read,84064,3.376,True,
1671,33420.0,33420.251,2026-09-17T15:12:19.719067+00:00,read,14218,2.685,True,
1672,33440.0,33440.219,2026-09-17T15:12:19.739035+00:00,read,16846,4.105,True,
1673,33460.0,33460.23,2026-09-17T15:12:19.759045+00:00,read,72667,2.49,True,
1674,33480.0,33480.177,2026-09-17T15:12:19.778992+00:00,read,20971,2.745,True,
1675,33500.0,33500.166,2026-09-17T15:12:19.798980+00:00,write,82234,1.274,True,
1676,33520.0,33520.132,2026-09-17T15:12:19.818946+00:00,write,97855,1.689,True,
1677,33540.0,33540.133,2026-09-17T15:12:19.838952+00:00,read,54971,2.121,True,
1678,33560.0,33560.181,2026-09-17T15:12:19.858998+00:00,read,35190,3.811,True,
1679,33580.0,33580.285,2026-09-17T15:12:19.879101+00:00,read,61184,3.68,True,
1680,33600.0,33600.351,2026-09-17T15:12:19.899166+00:00,write,84747,1.946,True,
1681,33620.0,33620.28,2026-09-17T15:12:19.919100+00:00,read,42719,4.002,True,
1682,33640.0,33640.475,2026-09-17T15:12:19.939292+00:00,read,89710,3.669,True,
1683,33660.0,33660.248,2026-09-17T15:12:19.959064+00:00,read,34287,3.183,True,
1684,33680.0,33680.365,2026-09-17T15:12:19.979273+00:00,write,27585,2.888,True,
1685,33700.0,33700.479,2026-09-17T15:12:19.999295+00:00,write,38009,2.661,True,
1686,33720.0,33720.29,2026-09-17T15:12:20.019107+00:00,read,45433,4.214,True,
1687,33740.0,33740.319,2026-09-17T15:12:20.039134+00:00,read,74874,3.188,True,
1688,33760.0,33760.205,2026-09-17T15:12:20.059021+00:00,read,60382,3.357,True,
1689,33780.0,33780.269,2026-09-17T15:12:20.079085+00:00,read,67112,2.456,True,
1690,33800.0,33800.14,2026-09-17T15:12:20.098956+00:00,read,90372,2.775,True,
1691,33820.0,33820.136,2026-09-17T15:12:20.118951+00:00,read,18765,2.541,True,
1692,33840.0,33840.166,2026-09-17T15:12:20.138982+00:00,read,9642,2.211,True,
1693,33860.0,33860.162,2026-09-17T15:12:20.158980+00:00,read,54043,2.787,True,
1694,33880.0,33880.147,2026-09-17T15:12:20.178964+00:00,read,20409,2.531,True,
1695,33900.0,33900.206,2026-09-17T15:12:20.199020+00:00,read,59638,1.411,True,
1696,33920.0,33920.228,2026-09-17T15:12:20.219045+00:00,read,57016,2.685,True,
1697,33940.0,33940.307,2026-09-17T15:12:20.239127+00:00,read,4267,4.493,True,
1698,33960.0,33960.424,2026-09-17T15:12:20.259241+00:00,write,21212,2.795,True,
1699,33980.0,33980.208,2026-09-17T15:12:20.279024+00:00,read,87688,3.166,True,
1700,34000.0,34000.227,2026-09-17T15:12:20.299043+00:00,write,22695,2.594,True,
1701,34020.0,34020.171,2026-09-17T15:12:20.318983+00:00,read,49196,2.044,True,
1702,34040.0,34040.298,2026-09-17T15:12:20.339113+00:00,read,68034,4.936,True,
1703,34060.0,34060.26,2026-09-17T15:12:20.359077+00:00,read,6271,3.505,True,
1704,34080.0,34080.273,2026-09-17T15:12:20.379089+00:00,read,55998,3.91,True,
1705,34100.0,34100.195,2026-09-17T15:12:20.399011+00:00,read,89950,3.376,True,
1706,34120.0,34120.281,2026-09-17T15:12:20.419098+00:00,read,52621,3.62,True,
1707,34140.0,34140.282,2026-09-17T15:12:20.439099+00:00,read,35301,3.37,True,
1708,34160.0,34160.243,2026-09-17T15:12:20.459061+00:00,read,89407,3.031,True,
1709,34180.0,34180.28,2026-09-17T15:12:20.479099+00:00,read,74543,1.686,True,
1710,34200.0,34200.463,2026-09-17T15:12:20.499285+00:00,read,29693,3.869,True,
1711,34220.0,34220.267,2026-09-17T15:12:20.519083+00:00,write,44883,2.319,True,
1712,34240.0,34240.502,2026-09-17T15:12:20.539318+00:00,read,13461,3.726,True,
1713,34260.0,34260.304,2026-09-17T15:12:20.559120+00:00,read,95131,5.168,True,
1714,34280.0,34280.201,2026-09-17T15:12:20.579022+00:00,write,37381,3.334,True,
1715,34300.0,34300.227,2026-09-17T15:12:20.599049+00:00,write,64551,3.081,True,
1716,34320.0,34320.319,2026-09-17T15:12:20.619139+00:00,read,19846,3.621,True,
1717,34340.0,34340.335,2026-09-17T15:12:20.639158+00:00,read,55950,3.909,True,
1718,34360.0,34360.291,2026-09-17T15:12:20.659110+00:00,read,15699,3.505,True,
1719,34380.0,34380.299,2026-09-17T15:12:20.679119+00:00,read,14100,3.932,True,
1720,34400.0,34400.234,2026-09-17T15:12:20.699053+00:00,read,41000,3.192,True,
1721,34420.0,34420.288,2026-09-17T15:12:20.719106+00:00,write,1435,2.439,True,
1722,34440.0,34440.486,2026-09-17T15:12:20.739304+00:00,read,77056,3.417,True,
1723,34460.0,34460.278,2026-09-17T15:12:20.759094+00:00,read,32235,1.847,True,
1724,34480.0,34480.291,2026-09-17T15:12:20.779110+00:00,read,64724,3.487,True,
1725,34500.0,34500.169,2026-09-17T15:12:20.798984+00:00,read,29134,1.899,True,
1726,34520.0,34520.284,2026-09-17T15:12:20.819103+00:00,write,43173,2.53,True,
1727,34540.0,34540.245,2026-09-17T15:12:20.839062+00:00,read,54998,2.393,True,
1728,34560.0,34560.317,2026-09-17T15:12:20.859136+00:00,read,60482,3.347,True,
1729,34580.0,34580.419,2026-09-17T15:12:20.879240+00:00,read,20740,3.807,True,
1730,34600.0,34600.225,2026-09-17T15:12:20.899045+00:00,read,85595,3.737,True,
1731,34620.0,34620.199,2026-09-17T15:12:20.919011+00:00,read,71033,3.138,True,
1732,34640.0,34640.157,2026-09-17T15:12:20.938973+00:00,read,49187,2.462,True,
1733,34660.0,34660.131,2026-09-17T15:12:20.958949+00:00,read,65233,3.324,True,
1734,34680.0,34680.444,2026-09-17T15:12:20.979262+00:00,read,76160,2.94,True,
1735,34700.0,34700.459,2026-09-17T15:12:20.999279+00:00,write,78307,2.591,True,
1736,34720.0,34720.249,2026-09-17T15:12:21.019065+00:00,read,21598,3.02,True,
1737,34740.0,34740.275,2026-09-17T15:12:21.039091+00:00,read,59904,2.657,True,
1738,34760.0,34760.326,2026-09-17T15:12:21.059141+00:00,write,72880,2.044,True,
1739,34780.0,34780.171,2026-09-17T15:12:21.078985+00:00,read,44011,3.702,True,
1740,34800.0,34800.142,2026-09-17T15:12:21.098957+00:00,read,63544,1.473,True,
1741,34820.0,34820.217,2026-09-17T15:12:21.119038+00:00,read,10674,1.588,True,
1742,34840.0,34840.225,2026-09-17T15:12:21.139046+00:00,write,35685,2.118,True,
1743,34860.0,34860.267,2026-09-17T15:12:21.159088+00:00,read,33388,4.35,True,
1744,34880.0,34880.149,2026-09-17T15:12:21.178962+00:00,write,7094,1.212,True,
1745,34900.0,34900.311,2026-09-17T15:12:21.199127+00:00,write,59442,1.066,True,
1746,34920.0,34920.29,2026-09-17T15:12:21.219113+00:00,read,77374,3.636,True,
1747,34940.0,34940.245,2026-09-17T15:12:21.239066+00:00,read,17322,4.657,True,
1748,34960.0,34960.281,2026-09-17T15:12:21.259101+00:00,read,53845,3.042,True,
1749,34980.0,34980.33,2026-09-17T15:12:21.279152+00:00,read,77872,3.678,True,
1750,35000.0,35000.293,2026-09-17T15:12:21.299113+00:00,read,70658,2.018,True,
1751,35020.0,35020.203,2026-09-17T15:12:21.319018+00:00,read,31262,1.673,True,
1752,35040.0,35040.422,2026-09-17T15:12:21.339243+00:00,read,94090,3.704,True,
1753,35060.0,35060.299,2026-09-17T15:12:21.359119+00:00,read,74865,3.255,True,
1754,35080.0,35080.285,2026-09-17T15:12:21.379105+00:00,read,43635,3.876,True,
1755,35100.0,35100.309,2026-09-17T15:12:21.399129+00:00,read,50529,1.945,True,
1756,35120.0,35120.174,2026-09-17T15:12:21.418989+00:00,read,13902,2.05,True,
1757,35140.0,35140.463,2026-09-17T15:12:21.439284+00:00,read,77592,2.808,True,
1758,35160.0,35160.201,2026-09-17T15:12:21.459019+00:00,read,21319,1.687,True,
1759,35180.0,35180.347,2026-09-17T15:12:21.479165+00:00,read,16116,4.224,True,
1760,35200.0,35200.358,2026-09-17T15:12:21.499172+00:00,read,84487,3.541,True,
1761,35220.0,35220.29,2026-09-17T15:12:21.519112+00:00,read,50724,4.447,True,
1762,35240.0,35240.291,2026-09-17T15:12:21.539110+00:00,read,26186,3.695,True,
1763,35260.0,35260.309,2026-09-17T15:12:21.559130+00:00,read,261,4.335,True,
1764,35280.0,35280.314,2026-09-17T15:12:21.579133+00:00,write,86958,2.801,True,
1765,35300.0,35300.134,2026-09-17T15:12:21.598950+00:00,read,53564,1.8,True,
1766,35320.0,35320.128,2026-09-17T15:12:21.618944+00:00,read,22945,1.644,True,
1767,35340.0,35340.158,2026-09-17T15:12:21.638973+00:00,read,32810,1.663,True,
1768,35360.0,35360.613,2026-09-17T15:12:21.659429+00:00,read,37946,1.448,True,
1769,35380.0,35380.294,2026-09-17T15:12:21.679116+00:00,read,94474,2.991,True,
1770,35400.0,35400.468,2026-09-17T15:12:21.699288+00:00,read,57011,2.295,True,
1771,35420.0,35420.307,2026-09-17T15:12:21.719129+00:00,read,56241,3.251,True,
1772,35440.0,35440.319,2026-09-17T15:12:21.739140+00:00,write,53366,2.753,True,
1773,35460.0,35460.088,2026-09-17T15:12:21.758907+00:00,write,35296,1.588,True,
1774,35480.0,35480.312,2026-09-17T15:12:21.779134+00:00,read,11484,1.839,True,
1775,35500.0,35500.295,2026-09-17T15:12:21.799117+00:00,read,87008,3.687,True,
1776,35520.0,35520.29,2026-09-17T15:12:21.819112+00:00,write,41603,1.811,True,
1777,35540.0,35540.509,2026-09-17T15:12:21.839330+00:00,read,87308,3.772,True,
1778,35560.0,35560.513,2026-09-17T15:12:21.859334+00:00,read,76139,4.615,True,
1779,35580.0,35580.297,2026-09-17T15:12:21.879117+00:00,write,90729,2.91,True,
1780,35600.0,35600.309,2026-09-17T15:12:21.899130+00:00,read,60434,4.319,True,
1781,35620.0,35620.366,2026-09-17T15:12:21.919323+00:00,read,16303,4.232,True,
1782,35640.0,35640.345,2026-09-17T15:12:21.939167+00:00,read,149,3.601,True,
1783,35660.0,35660.333,2026-09-17T15:12:21.959154+00:00,read,27296,4.252,True,
1784,35680.0,35680.304,2026-09-17T15:12:21.979122+00:00,read,5310,1.888,True,
1785,35700.0,35700.272,2026-09-17T15:12:21.999091+00:00,write,46652,2.586,True,
1786,35720.0,35720.184,2026-09-17T15:12:22.019001+00:00,read,36031,3.123,True,
1787,35740.0,35740.173,2026-09-17T15:12:22.038989+00:00,read,80348,2.832,True,
1788,35760.0,35760.22,2026-09-17T15:12:22.059035+00:00,read,35338,2.864,True,
1789,35780.0,35780.29,2026-09-17T15:12:22.079106+00:00,read,571,2.878,True,
1790,35800.0,35800.289,2026-09-17T15:12:22.099111+00:00,write,26892,2.817,True,
1791,35820.0,35820.173,2026-09-17T15:12:22.118991+00:00,read,91359,2.895,True,
1792,35840.0,35840.104,2026-09-17T15:12:22.138915+00:00,read,20835,2.929,True,
1793,35860.0,35860.265,2026-09-17T15:12:22.159077+00:00,write,95255,1.21,True,
1794,35880.0,35880.231,2026-09-17T15:12:22.179045+00:00,write,63878,1.032,True,
1795,35900.0,35900.28,2026-09-17T15:12:22.199092+00:00,read,26562,2.195,True,
1796,35920.0,35920.194,2026-09-17T15:12:22.219013+00:00,read,5207,2.619,True,
1797,35940.0,35940.141,2026-09-17T15:12:22.238956+00:00,write,9398,1.135,True,
1798,35960.0,35960.195,2026-09-17T15:12:22.259015+00:00,read,7006,3.401,True,
1799,35980.0,35980.297,2026-09-17T15:12:22.279119+00:00,read,70472,3.638,True,
1800,36000.0,36000.275,2026-09-17T15:12:22.299089+00:00,read,47076,2.501,True,
1801,36020.0,36020.256,2026-09-17T15:12:22.319080+00:00,read,11678,2.264,True,
1802,36040.0,36040.427,2026-09-17T15:12:22.339243+00:00,read,41914,2.259,True,
1803,36060.0,36060.212,2026-09-17T15:12:22.359032+00:00,write,97048,2.803,True,
1804,36080.0,36080.301,2026-09-17T15:12:22.379115+00:00,read,31470,2.867,True,
1805,36100.0,36100.269,2026-09-17T15:12:22.399083+00:00,read,13529,2.803,True,
1806,36120.0,36120.293,2026-09-17T15:12:22.419108+00:00,write,17064,2.286,True,
1807,36140.0,36140.288,2026-09-17T15:12:22.439104+00:00,read,46118,3.012,True,
1808,36160.0,36160.315,2026-09-17T15:12:22.459131+00:00,write,45669,2.258,True,
1809,36180.0,36180.332,2026-09-17T15:12:22.479149+00:00,read,8649,2.351,True,
1810,36200.0,36200.262,2026-09-17T15:12:22.499078+00:00,write,95805,2.63,True,
1811,36220.0,36220.478,2026-09-17T15:12:22.519294+00:00,read,2824,2.789,True,
1812,36240.0,36240.286,2026-09-17T15:12:22.539102+00:00,read,41191,3.33,True,
1813,36260.0,36260.257,2026-09-17T15:12:22.559072+00:00,read,62207,2.463,True,
1814,36280.0,36280.184,2026-09-17T15:12:22.579002+00:00,write,49964,2.622,True,
1815,36300.0,36300.188,2026-09-17T15:12:22.599006+00:00,read,79935,4.122,True,
1816,36320.0,36320.22,2026-09-17T15:12:22.619039+00:00,write,52680,2.557,True,
1817,36340.0,36340.316,2026-09-17T15:12:22.639136+00:00,read,15866,3.879,True,
1818,36360.0,36360.352,2026-09-17T15:12:22.659169+00:00,write,4822,3.374,True,
1819,36380.0,36380.261,2026-09-17T15:12:22.679083+00:00,write,47032,3.339,True,
1820,36400.0,36400.342,2026-09-17T15:12:22.699162+00:00,read,27655,4.382,True,
1821,36420.0,36420.475,2026-09-17T15:12:22.719296+00:00,read,76100,3.674,True,
1822,36440.0,36440.299,2026-09-17T15:12:22.739118+00:00,read,44173,3.686,True,
1823,36460.0,36460.273,2026-09-17T15:12:22.759092+00:00,read,36721,5.002,True,
1824,36480.0,36480.165,2026-09-17T15:12:22.778985+00:00,read,1536,3.74,True,
1825,36500.0,36500.183,2026-09-17T15:12:22.799001+00:00,write,50593,2.943,True,
1826,36520.0,36520.289,2026-09-17T15:12:22.819106+00:00,read,94222,3.355,True,
1827,36540.0,36540.5,2026-09-17T15:12:22.839317+00:00,write,87644,3.274,True,
1828,36560.0,36560.281,2026-09-17T15:12:22.859097+00:00,read,5898,3.472,True,
1829,36580.0,36580.485,2026-09-17T15:12:22.879301+00:00,read,48674,3.537,True,
1830,36600.0,36600.228,2026-09-17T15:12:22.899044+00:00,read,52917,2.863,True,
1831,36620.0,36620.114,2026-09-17T15:12:22.918929+00:00,write,99185,2.185,True,
1832,36640.0,36640.314,2026-09-17T15:12:22.939133+00:00,read,84057,3.36,True,
1833,36660.0,36660.175,2026-09-17T15:12:22.958995+00:00,read,76782,2.995,True,
1834,36680.0,36680.109,2026-09-17T15:12:22.978921+00:00,read,68741,1.498,True,
1835,36700.0,36700.122,2026-09-17T15:12:22.998932+00:00,read,16908,1.037,True,
1836,36720.0,36720.175,2026-09-17T15:12:23.018990+00:00,read,51689,3.087,True,
1837,36740.0,36740.213,2026-09-17T15:12:23.039029+00:00,read,82065,3.437,True,
1838,36760.0,36760.304,2026-09-17T15:12:23.059120+00:00,read,97424,3.951,True,
1839,36780.0,36780.16,2026-09-17T15:12:23.078977+00:00,read,45665,4.13,True,
1840,36800.0,36800.199,2026-09-17T15:12:23.099015+00:00,read,19779,3.17,True,
1841,36820.0,36820.191,2026-09-17T15:12:23.119008+00:00,read,45855,2.989,True,
1842,36840.0,36840.358,2026-09-17T15:12:23.139174+00:00,read,53399,3.31,True,
1843,36860.0,36860.252,2026-09-17T15:12:23.159068+00:00,read,79660,3.629,True,
1844,36880.0,36880.181,2026-09-17T15:12:23.179000+00:00,read,20042,3.828,True,
1845,36900.0,36900.294,2026-09-17T15:12:23.199110+00:00,read,4620,4.508,True,
1846,36920.0,36920.327,2026-09-17T15:12:23.219143+00:00,read,57953,3.271,True,
1847,36940.0,36940.157,2026-09-17T15:12:23.238973+00:00,write,79395,2.574,True,
1848,36960.0,36960.291,2026-09-17T15:12:23.259107+00:00,read,24687,3.688,True,
1849,36980.0,36980.147,2026-09-17T15:12:23.278963+00:00,read,35243,2.938,True,
1850,37000.0,37000.205,2026-09-17T15:12:23.299022+00:00,read,97279,2.793,True,
1851,37020.0,37020.169,2026-09-17T15:12:23.318986+00:00,read,20089,3.356,True,
1852,37040.0,37040.273,2026-09-17T15:12:23.339090+00:00,write,45524,3.058,True,
1853,37060.0,37060.277,2026-09-17T15:12:23.359094+00:00,read,94450,4.356,True,
1854,37080.0,37080.277,2026-09-17T15:12:23.379093+00:00,write,35161,2.589,True,
1855,37100.0,37100.266,2026-09-17T15:12:23.399083+00:00,read,66601,3.144,True,
1856,37120.0,37120.18,2026-09-17T15:12:23.418994+00:00,read,6284,2.35,True,
1857,37140.0,37140.218,2026-09-17T15:12:23.439029+00:00,read,29622,1.386,True,
1858,37160.0,37160.09,2026-09-17T15:12:23.458901+00:00,read,38912,1.286,True,
1859,37180.0,37180.172,2026-09-17T15:12:23.478983+00:00,read,38551,1.421,True,
1860,37200.0,37200.091,2026-09-17T15:12:23.498901+00:00,write,62986,0.949,True,
1861,37220.0,37220.175,2026-09-17T15:12:23.518987+00:00,read,18222,1.338,True,
1862,37240.0,37240.109,2026-09-17T15:12:23.538920+00:00,read,89663,1.635,True,
1863,37260.0,37260.128,2026-09-17T15:12:23.558939+00:00,read,8063,1.281,True,
1864,37280.0,37280.088,2026-09-17T15:12:23.578898+00:00,read,9548,1.448,True,
1865,37300.0,37300.104,2026-09-17T15:12:23.598915+00:00,read,89388,1.303,True,
1866,37320.0,37320.155,2026-09-17T15:12:23.618968+00:00,read,43620,2.117,True,
1867,37340.0,37340.175,2026-09-17T15:12:23.638992+00:00,read,8154,3.737,True,
1868,37360.0,37360.157,2026-09-17T15:12:23.658972+00:00,read,22999,4.164,True,
1869,37380.0,37380.283,2026-09-17T15:12:23.679099+00:00,read,44951,3.844,True,
1870,37400.0,37400.214,2026-09-17T15:12:23.699031+00:00,read,14262,4.111,True,
1871,37420.0,37420.203,2026-09-17T15:12:23.719080+00:00,read,45008,4.019,True,
1872,37440.0,37440.467,2026-09-17T15:12:23.739285+00:00,read,53872,3.536,True,
1873,37460.0,37460.321,2026-09-17T15:12:23.759138+00:00,read,66619,3.632,True,
1874,37480.0,37480.251,2026-09-17T15:12:23.779072+00:00,read,43732,3.146,True,
1875,37500.0,37500.223,2026-09-17T15:12:23.799044+00:00,write,15274,2.772,True,
1876,37520.0,37520.125,2026-09-17T15:12:23.818943+00:00,read,54421,3.414,True,
1877,37540.0,37540.284,2026-09-17T15:12:23.839103+00:00,read,29686,3.863,True,
1878,37560.0,37560.267,2026-09-17T15:12:23.859084+00:00,read,97123,3.304,True,
1879,37580.0,37580.451,2026-09-17T15:12:23.879267+00:00,read,11505,2.717,True,
1880,37600.0,37600.455,2026-09-17T15:12:23.899277+00:00,read,68279,4.046,True,
1881,37620.0,37620.29,2026-09-17T15:12:23.919109+00:00,read,73214,3.836,True,
1882,37640.0,37640.257,2026-09-17T15:12:23.939073+00:00,read,99958,2.25,True,
1883,37660.0,37660.203,2026-09-17T15:12:23.959020+00:00,read,17216,2.615,True,
1884,37680.0,37680.138,2026-09-17T15:12:23.978953+00:00,write,41236,2.274,True,
1885,37700.0,37700.165,2026-09-17T15:12:23.998984+00:00,read,61486,3.068,True,
1886,37720.0,37720.512,2026-09-17T15:12:24.019330+00:00,read,27004,4.171,True,
1887,37740.0,37740.18,2026-09-17T15:12:24.038996+00:00,read,72811,3.527,True,
1888,37760.0,37760.184,2026-09-17T15:12:24.059000+00:00,read,99490,4.04,True,
1889,37780.0,37780.338,2026-09-17T15:12:24.079155+00:00,read,75823,3.947,True,
1890,37800.0,37800.215,2026-09-17T15:12:24.099031+00:00,read,30100,3.516,True,
1891,37820.0,37820.314,2026-09-17T15:12:24.119131+00:00,read,14130,3.39,True,
1892,37840.0,37840.239,2026-09-17T15:12:24.139057+00:00,read,30559,3.419,True,
1893,37860.0,37860.155,2026-09-17T15:12:24.158971+00:00,read,3740,3.664,True,
1894,37880.0,37880.199,2026-09-17T15:12:24.179016+00:00,read,65618,3.548,True,
1895,37900.0,37900.29,2026-09-17T15:12:24.199107+00:00,read,34657,3.611,True,
1896,37920.0,37920.21,2026-09-17T15:12:24.219026+00:00,read,86903,3.29,True,
1897,37940.0,37940.299,2026-09-17T15:12:24.239116+00:00,read,22206,3.645,True,
1898,37960.0,37960.183,2026-09-17T15:12:24.259000+00:00,read,96568,3.416,True,
1899,37980.0,37980.188,2026-09-17T15:12:24.279006+00:00,read,98908,3.101,True,
1900,38000.0,38000.291,2026-09-17T15:12:24.299108+00:00,read,72487,3.17,True,
1901,38020.0,38020.191,2026-09-17T15:12:24.319007+00:00,read,42715,3.953,True,
1902,38040.0,38040.139,2026-09-17T15:12:24.338955+00:00,read,73432,4.028,True,
1903,38060.0,38060.283,2026-09-17T15:12:24.359099+00:00,read,90101,3.157,True,
1904,38080.0,38080.152,2026-09-17T15:12:24.378969+00:00,read,11842,3.645,True,
1905,38100.0,38100.173,2026-09-17T15:12:24.398986+00:00,read,59717,1.976,True,
1906,38120.0,38120.286,2026-09-17T15:12:24.419107+00:00,read,21039,3.792,True,
1907,38140.0,38140.26,2026-09-17T15:12:24.439079+00:00,read,50396,3.304,True,
1908,38160.0,38160.226,2026-09-17T15:12:24.459045+00:00,read,70083,4.257,True,
1909,38180.0,38180.278,2026-09-17T15:12:24.479100+00:00,read,45843,4.544,True,
1910,38200.0,38200.298,2026-09-17T15:12:24.499120+00:00,write,77507,2.87,True,
1911,38220.0,38220.243,2026-09-17T15:12:24.519059+00:00,read,57823,2.557,True,
1912,38240.0,38240.364,2026-09-17T15:12:24.539284+00:00,read,72731,3.662,True,
1913,38260.0,38260.461,2026-09-17T15:12:24.559277+00:00,read,33008,2.99,True,
1914,38280.0,38280.483,2026-09-17T15:12:24.579303+00:00,read,80430,3.31,True,
1915,38300.0,38300.295,2026-09-17T15:12:24.599112+00:00,read,74493,3.583,True,
1916,38320.0,38320.267,2026-09-17T15:12:24.619084+00:00,write,15965,2.269,True,
1917,38340.0,38340.304,2026-09-17T15:12:24.639122+00:00,read,68843,3.647,True,
1918,38360.0,38360.159,2026-09-17T15:12:24.658976+00:00,read,18928,3.602,True,
1919,38380.0,38380.198,2026-09-17T15:12:24.679015+00:00,read,29164,3.739,True,
1920,38400.0,38400.268,2026-09-17T15:12:24.699084+00:00,read,52189,4.224,True,
1921,38420.0,38420.134,2026-09-17T15:12:24.718950+00:00,read,37487,3.235,True,
1922,38440.0,38440.279,2026-09-17T15:12:24.739094+00:00,read,75465,3.846,True,
1923,38460.0,38460.49,2026-09-17T15:12:24.759307+00:00,read,92738,3.319,True,
1924,38480.0,38480.286,2026-09-17T15:12:24.779102+00:00,read,3618,4.212,True,
1925,38500.0,38500.29,2026-09-17T15:12:24.799107+00:00,write,9630,2.928,True,
1926,38520.0,38520.622,2026-09-17T15:12:24.819439+00:00,read,37446,3.695,True,
1927,38540.0,38540.295,2026-09-17T15:12:24.839112+00:00,read,42754,4.029,True,
1928,38560.0,38560.432,2026-09-17T15:12:24.859328+00:00,read,88066,4.21,True,
1929,38580.0,38580.261,2026-09-17T15:12:24.879081+00:00,read,41581,3.051,True,
1930,38600.0,38600.292,2026-09-17T15:12:24.899108+00:00,read,50022,2.713,True,
1931,38620.0,38620.153,2026-09-17T15:12:24.918970+00:00,write,44798,1.728,True,
1932,38640.0,38640.087,2026-09-17T15:12:24.938901+00:00,read,80856,1.537,True,
1933,38660.0,38660.178,2026-09-17T15:12:24.958999+00:00,read,15818,1.596,True,
1934,38680.0,38680.175,2026-09-17T15:12:24.978992+00:00,read,16138,3.945,True,
1935,38700.0,38700.152,2026-09-17T15:12:24.998994+00:00,read,41844,2.426,True,
1936,38720.0,38720.169,2026-09-17T15:12:25.018987+00:00,read,90301,3.232,True,
1937,38740.0,38740.117,2026-09-17T15:12:25.038934+00:00,read,11115,3.127,True,
1938,38760.0,38760.154,2026-09-17T15:12:25.058970+00:00,read,19988,3.309,True,
1939,38780.0,38780.205,2026-09-17T15:12:25.079022+00:00,read,63658,3.257,True,
1940,38800.0,38800.186,2026-09-17T15:12:25.099003+00:00,read,32214,3.214,True,
1941,38820.0,38820.506,2026-09-17T15:12:25.119323+00:00,read,96359,4.449,True,
1942,38840.0,38840.241,2026-09-17T15:12:25.139058+00:00,read,1873,3.224,True,
1943,38860.0,38860.305,2026-09-17T15:12:25.159122+00:00,read,56560,3.759,True,
1944,38880.0,38880.201,2026-09-17T15:12:25.179019+00:00,read,89257,3.522,True,
1945,38900.0,38900.141,2026-09-17T15:12:25.198956+00:00,read,24799,5.194,True,
1946,38920.0,38920.218,2026-09-17T15:12:25.219038+00:00,read,88280,3.793,True,
1947,38940.0,38940.202,2026-09-17T15:12:25.239020+00:00,write,34653,3.274,True,
1948,38960.0,38960.171,2026-09-17T15:12:25.258987+00:00,write,80970,2.668,True,
1949,38980.0,38980.587,2026-09-17T15:12:25.279402+00:00,read,9811,3.293,True,
1950,39000.0,39000.308,2026-09-17T15:12:25.299124+00:00,read,53552,3.712,True,
1951,39020.0,39020.275,2026-09-17T15:12:25.319091+00:00,read,6642,3.885,True,
1952,39040.0,39040.292,2026-09-17T15:12:25.339108+00:00,read,26183,4.23,True,
1953,39060.0,39060.25,2026-09-17T15:12:25.359066+00:00,read,9652,5.208,True,
1954,39080.0,39080.496,2026-09-17T15:12:25.379313+00:00,read,75457,3.692,True,
1955,39100.0,39100.199,2026-09-17T15:12:25.399019+00:00,read,26244,3.661,True,
1956,39120.0,39120.31,2026-09-17T15:12:25.419126+00:00,write,80266,2.669,True,
1957,39140.0,39140.286,2026-09-17T15:12:25.439103+00:00,read,25223,3.368,True,
1958,39160.0,39160.173,2026-09-17T15:12:25.458990+00:00,write,55753,1.94,True,
1959,39180.0,39180.267,2026-09-17T15:12:25.479091+00:00,write,5422,2.205,True,
1960,39200.0,39200.163,2026-09-17T15:12:25.498981+00:00,write,67838,2.546,True,
1961,39220.0,39220.181,2026-09-17T15:12:25.519001+00:00,read,10854,2.932,True,
1962,39240.0,39240.169,2026-09-17T15:12:25.538988+00:00,read,684,3.478,True,
1963,39260.0,39260.154,2026-09-17T15:12:25.558972+00:00,read,42489,3.27,True,
1964,39280.0,39280.155,2026-09-17T15:12:25.578973+00:00,write,9865,1.321,True,
1965,39300.0,39300.242,2026-09-17T15:12:25.599060+00:00,read,77950,3.142,True,
1966,39320.0,39320.29,2026-09-17T15:12:25.619107+00:00,read,42030,3.429,True,
1967,39340.0,39340.204,2026-09-17T15:12:25.639020+00:00,write,56920,2.429,True,
1968,39360.0,39360.142,2026-09-17T15:12:25.658957+00:00,read,17532,3.394,True,
1969,39380.0,39380.159,2026-09-17T15:12:25.678975+00:00,read,95535,3.259,True,
1970,39400.0,39400.476,2026-09-17T15:12:25.699292+00:00,write,21170,2.537,True,
1971,39420.0,39420.205,2026-09-17T15:12:25.719022+00:00,read,45207,4.407,True,
1972,39440.0,39440.267,2026-09-17T15:12:25.739084+00:00,write,14362,2.63,True,
1973,39460.0,39460.271,2026-09-17T15:12:25.759088+00:00,read,53586,3.902,True,
1974,39480.0,39480.182,2026-09-17T15:12:25.778998+00:00,read,92583,2.76,True,
1975,39500.0,39500.165,2026-09-17T15:12:25.798981+00:00,write,33054,2.275,True,
1976,39520.0,39520.217,2026-09-17T15:12:25.819031+00:00,read,74437,2.815,True,
1977,39540.0,39540.27,2026-09-17T15:12:25.839087+00:00,read,47533,2.463,True,
1978,39560.0,39560.187,2026-09-17T15:12:25.859003+00:00,read,40947,2.806,True,
1979,39580.0,39580.241,2026-09-17T15:12:25.879058+00:00,read,68101,2.936,True,
1980,39600.0,39600.453,2026-09-17T15:12:25.899271+00:00,read,82064,2.921,True,
1981,39620.0,39620.312,2026-09-17T15:12:25.919128+00:00,read,64080,2.368,True,
1982,39640.0,39640.248,2026-09-17T15:12:25.939063+00:00,read,94104,3.083,True,
1983,39660.0,39660.172,2026-09-17T15:12:25.958992+00:00,read,33132,1.922,True,
1984,39680.0,39680.227,2026-09-17T15:12:25.979042+00:00,read,13081,2.46,True,
1985,39700.0,39700.172,2026-09-17T15:12:25.998989+00:00,write,82633,1.846,True,
1986,39720.0,39720.165,2026-09-17T15:12:26.018982+00:00,write,4589,2.688,True,
1987,39740.0,39740.342,2026-09-17T15:12:26.039160+00:00,read,83689,3.047,True,
1988,39760.0,39760.479,2026-09-17T15:12:26.059297+00:00,read,79435,3.858,True,
1989,39780.0,39780.18,2026-09-17T15:12:26.079000+00:00,read,4924,3.065,True,
1990,39800.0,39800.406,2026-09-17T15:12:26.099223+00:00,read,69541,3.284,True,
1991,39820.0,39820.228,2026-09-17T15:12:26.119046+00:00,read,27112,3.199,True,
1992,39840.0,39840.258,2026-09-17T15:12:26.139075+00:00,read,20352,3.516,True,
1993,39860.0,39860.177,2026-09-17T15:12:26.158993+00:00,read,40907,3.25,True,
1994,39880.0,39880.325,2026-09-17T15:12:26.179141+00:00,read,31851,2.065,True,
1995,39900.0,39900.454,2026-09-17T15:12:26.199269+00:00,write,43068,1.983,True,
1996,39920.0,39920.214,2026-09-17T15:12:26.219030+00:00,read,32784,3.01,True,
1997,39940.0,39940.36,2026-09-17T15:12:26.239175+00:00,read,80684,2.301,True,
1998,39960.0,39960.235,2026-09-17T15:12:26.259056+00:00,read,25162,4.515,True,
1999,39980.0,39980.451,2026-09-17T15:12:26.279269+00:00,read,75408,3.071,True,
2000,40000.0,40000.235,2026-09-17T15:12:26.299051+00:00,read,30710,3.297,True,
2001,40020.0,40020.326,2026-09-17T15:12:26.319142+00:00,read,2458,3.432,True,
2002,40040.0,40040.475,2026-09-17T15:12:26.339301+00:00,read,7334,3.857,True,
2003,40060.0,40060.46,2026-09-17T15:12:26.359283+00:00,read,35556,4.93,True,
2004,40080.0,40080.623,2026-09-17T15:12:26.379449+00:00,read,57548,4.418,True,
2005,40100.0,40100.409,2026-09-17T15:12:26.399226+00:00,write,21452,2.983,True,
2006,40120.0,40120.289,2026-09-17T15:12:26.419108+00:00,read,67574,3.751,True,
2007,40140.0,40140.343,2026-09-17T15:12:26.439163+00:00,read,98435,3.992,True,
2008,40160.0,40160.356,2026-09-17T15:12:26.459171+00:00,read,9989,3.883,True,
2009,40180.0,40180.171,2026-09-17T15:12:26.478988+00:00,write,62669,2.33,True,
2010,40200.0,40200.247,2026-09-17T15:12:26.499065+00:00,read,88607,3.801,True,
2011,40220.0,40220.237,2026-09-17T15:12:26.519053+00:00,write,90265,1.97,True,
2012,40240.0,40240.157,2026-09-17T15:12:26.538969+00:00,read,7495,1.501,True,
2013,40260.0,40260.098,2026-09-17T15:12:26.558910+00:00,write,84810,0.999,True,
2014,40280.0,40280.172,2026-09-17T15:12:26.578989+00:00,read,88840,2.439,True,
2015,40300.0,40300.2,2026-09-17T15:12:26.599015+00:00,write,66478,1.128,True,
2016,40320.0,40320.168,2026-09-17T15:12:26.618983+00:00,read,96194,1.394,True,
2017,40340.0,40340.125,2026-09-17T15:12:26.638941+00:00,read,11481,2.095,True,
2018,40360.0,40360.145,2026-09-17T15:12:26.658960+00:00,read,32150,3.106,True,
2019,40380.0,40380.291,2026-09-17T15:12:26.679108+00:00,write,82773,3.036,True,
2020,40400.0,40400.299,2026-09-17T15:12:26.699115+00:00,read,93672,3.666,True,
2021,40420.0,40420.203,2026-09-17T15:12:26.719021+00:00,read,51424,4.161,True,
2022,40440.0,40440.31,2026-09-17T15:12:26.739126+00:00,read,49825,3.753,True,
2023,40460.0,40460.289,2026-09-17T15:12:26.759106+00:00,read,62300,3.798,True,
2024,40480.0,40480.44,2026-09-17T15:12:26.779256+00:00,read,93545,3.33,True,
2025,40500.0,40500.185,2026-09-17T15:12:26.799001+00:00,read,71670,3.201,True,
2026,40520.0,40520.321,2026-09-17T15:12:26.819136+00:00,read,80123,3.403,True,
2027,40540.0,40540.157,2026-09-17T15:12:26.838979+00:00,write,74253,3.356,True,
2028,40560.0,40560.253,2026-09-17T15:12:26.859068+00:00,read,33814,3.896,True,
2029,40580.0,40580.276,2026-09-17T15:12:26.879095+00:00,read,38650,5.124,True,
2030,40600.0,40600.248,2026-09-17T15:12:26.899064+00:00,read,30978,3.687,True,
2031,40620.0,40620.271,2026-09-17T15:12:26.919088+00:00,read,61217,3.362,True,
2032,40640.0,40640.309,2026-09-17T15:12:26.939125+00:00,read,65058,3.616,True,
2033,40660.0,40660.142,2026-09-17T15:12:26.958961+00:00,read,23931,3.359,True,
2034,40680.0,40680.156,2026-09-17T15:12:26.978975+00:00,read,68064,2.806,True,
2035,40700.0,40700.273,2026-09-17T15:12:26.999094+00:00,read,44917,2.073,True,
2036,40720.0,40720.259,2026-09-17T15:12:27.019079+00:00,read,62372,3.538,True,
2037,40740.0,40740.193,2026-09-17T15:12:27.039013+00:00,read,55152,3.146,True,
2038,40760.0,40760.261,2026-09-17T15:12:27.059078+00:00,read,67750,2.539,True,
2039,40780.0,40780.176,2026-09-17T15:12:27.078993+00:00,read,69313,3.444,True,
2040,40800.0,40800.297,2026-09-17T15:12:27.099114+00:00,read,46933,3.215,True,
2041,40820.0,40820.457,2026-09-17T15:12:27.119276+00:00,read,77986,4.186,True,
2042,40840.0,40840.188,2026-09-17T15:12:27.139008+00:00,read,2062,3.792,True,
2043,40860.0,40860.268,2026-09-17T15:12:27.159087+00:00,read,45535,3.422,True,
2044,40880.0,40880.187,2026-09-17T15:12:27.179006+00:00,read,49808,3.946,True,
2045,40900.0,40900.266,2026-09-17T15:12:27.199082+00:00,write,12800,3.314,True,
2046,40920.0,40920.288,2026-09-17T15:12:27.219105+00:00,read,27994,3.503,True,
2047,40940.0,40940.309,2026-09-17T15:12:27.239126+00:00,read,69935,3.366,True,
2048,40960.0,40960.204,2026-09-17T15:12:27.259020+00:00,read,20071,3.162,True,
2049,40980.0,40980.281,2026-09-17T15:12:27.279100+00:00,read,40447,3.461,True,
2050,41000.0,41000.347,2026-09-17T15:12:27.299164+00:00,read,63350,4.007,True,
2051,41020.0,41020.347,2026-09-17T15:12:27.319167+00:00,read,42891,3.985,True,
2052,41040.0,41040.304,2026-09-17T15:12:27.339122+00:00,read,72501,3.466,True,
2053,41060.0,41060.271,2026-09-17T15:12:27.359088+00:00,write,91318,2.546,True,
2054,41080.0,41080.304,2026-09-17T15:12:27.379121+00:00,read,73700,3.66,True,
2055,41100.0,41100.5,2026-09-17T15:12:27.399316+00:00,read,11345,3.204,True,
2056,41120.0,41120.24,2026-09-17T15:12:27.419056+00:00,read,70299,3.678,True,
2057,41140.0,41140.22,2026-09-17T15:12:27.439038+00:00,read,74081,3.535,True,
2058,41160.0,41160.158,2026-09-17T15:12:27.458974+00:00,read,31212,3.628,True,
2059,41180.0,41180.129,2026-09-17T15:12:27.478944+00:00,read,80802,3.078,True,
2060,41200.0,41200.202,2026-09-17T15:12:27.499018+00:00,read,78587,3.405,True,
2061,41220.0,41220.138,2026-09-17T15:12:27.518954+00:00,read,29129,2.868,True,
2062,41240.0,41240.199,2026-09-17T15:12:27.539018+00:00,read,18639,3.344,True,
2063,41260.0,41260.275,2026-09-17T15:12:27.559089+00:00,read,43390,2.317,True,
2064,41280.0,41280.106,2026-09-17T15:12:27.578919+00:00,write,60121,1.267,True,
2065,41300.0,41300.169,2026-09-17T15:12:27.598984+00:00,read,48661,1.989,True,
2066,41320.0,41320.215,2026-09-17T15:12:27.619031+00:00,read,32509,3.135,True,
2067,41340.0,41340.348,2026-09-17T15:12:27.639175+00:00,read,63797,13.589,True,
2068,41360.0,41360.724,2026-09-17T15:12:27.659539+00:00,read,41343,3.49,True,
2069,41380.0,41380.336,2026-09-17T15:12:27.679154+00:00,write,56373,2.822,True,
2070,41400.0,41400.286,2026-09-17T15:12:27.699104+00:00,read,24656,3.415,True,
2071,41420.0,41420.288,2026-09-17T15:12:27.719104+00:00,read,1282,3.138,True,
2072,41440.0,41440.269,2026-09-17T15:12:27.739086+00:00,write,41134,2.297,True,
2073,41460.0,41460.141,2026-09-17T15:12:27.758956+00:00,write,45528,2.577,True,
2074,41480.0,41480.151,2026-09-17T15:12:27.778966+00:00,read,54626,3.162,True,
2075,41500.0,41500.17,2026-09-17T15:12:27.798986+00:00,read,49503,3.554,True,
2076,41520.0,41520.297,2026-09-17T15:12:27.819113+00:00,write,46767,2.786,True,
2077,41540.0,41540.156,2026-09-17T15:12:27.838974+00:00,read,44521,3.359,True,
2078,41560.0,41560.136,2026-09-17T15:12:27.858954+00:00,read,67470,3.029,True,
2079,41580.0,41580.512,2026-09-17T15:12:27.879331+00:00,write,54222,2.837,True,
2080,41600.0,41600.213,2026-09-17T15:12:27.899032+00:00,read,43485,3.331,True,
2081,41620.0,41620.272,2026-09-17T15:12:27.919099+00:00,read,72473,4.97,True,
2082,41640.0,41640.237,2026-09-17T15:12:27.939060+00:00,read,46190,4.313,True,
2083,41660.0,41660.235,2026-09-17T15:12:27.959061+00:00,read,76661,5.226,True,
2084,41680.0,41680.313,2026-09-17T15:12:27.979139+00:00,read,95070,5.398,True,
2085,41700.0,41700.345,2026-09-17T15:12:27.999170+00:00,read,42675,4.355,True,
2086,41720.0,41720.277,2026-09-17T15:12:28.019097+00:00,read,57867,3.685,True,
2087,41740.0,41740.284,2026-09-17T15:12:28.039104+00:00,read,2021,3.384,True,
2088,41760.0,41760.312,2026-09-17T15:12:28.059136+00:00,read,46760,4.142,True,
2089,41780.0,41780.501,2026-09-17T15:12:28.079325+00:00,write,52303,3.34,True,
2090,41800.0,41800.262,2026-09-17T15:12:28.099087+00:00,write,51274,3.015,True,
2091,41820.0,41820.411,2026-09-17T15:12:28.119234+00:00,read,172,3.761,True,
2092,41840.0,41840.201,2026-09-17T15:12:28.139024+00:00,read,61010,4.907,True,
2093,41860.0,41860.266,2026-09-17T15:12:28.159332+00:00,read,4727,4.365,True,
2094,41880.0,41880.527,2026-09-17T15:12:28.179349+00:00,read,94150,4.157,True,
2095,41900.0,41900.285,2026-09-17T15:12:28.199105+00:00,read,18621,3.764,True,
2096,41920.0,41920.277,2026-09-17T15:12:28.219094+00:00,read,92496,3.525,True,
2097,41940.0,41940.209,2026-09-17T15:12:28.239028+00:00,read,54435,3.79,True,
2098,41960.0,41960.253,2026-09-17T15:12:28.259069+00:00,write,6870,2.465,True,
2099,41980.0,41980.276,2026-09-17T15:12:28.279092+00:00,write,61018,2.12,True,
2100,42000.0,42000.339,2026-09-17T15:12:28.299159+00:00,read,30817,4.206,True,
2101,42020.0,42020.538,2026-09-17T15:12:28.319358+00:00,read,92348,4.117,True,
2102,42040.0,42040.183,2026-09-17T15:12:28.339002+00:00,read,98876,3.492,True,
2103,42060.0,42060.187,2026-09-17T15:12:28.359005+00:00,write,31085,2.954,True,
2104,42080.0,42080.259,2026-09-17T15:12:28.379076+00:00,read,17477,3.383,True,
2105,42100.0,42100.252,2026-09-17T15:12:28.399069+00:00,read,37964,3.431,True,
2106,42120.0,42120.334,2026-09-17T15:12:28.419150+00:00,read,75874,3.833,True,
2107,42140.0,42140.472,2026-09-17T15:12:28.439290+00:00,read,23673,2.651,True,
2108,42160.0,42160.459,2026-09-17T15:12:28.459275+00:00,write,89244,2.544,True,
2109,42180.0,42180.159,2026-09-17T15:12:28.478973+00:00,read,16134,1.823,True,
2110,42200.0,42200.2,2026-09-17T15:12:28.499019+00:00,read,66092,3.327,True,
2111,42220.0,42220.254,2026-09-17T15:12:28.519074+00:00,read,2503,3.333,True,
2112,42240.0,42240.464,2026-09-17T15:12:28.539283+00:00,read,41208,2.158,True,
2113,42260.0,42260.208,2026-09-17T15:12:28.559026+00:00,read,25682,3.263,True,
2114,42280.0,42280.3,2026-09-17T15:12:28.579118+00:00,read,61206,3.266,True,
2115,42300.0,42300.282,2026-09-17T15:12:28.599098+00:00,read,31616,3.376,True,
2116,42320.0,42320.221,2026-09-17T15:12:28.619042+00:00,write,72981,2.874,True,
2117,42340.0,42340.264,2026-09-17T15:12:28.639085+00:00,read,14212,3.352,True,
2118,42360.0,42360.21,2026-09-17T15:12:28.659028+00:00,write,35629,2.045,True,
2119,42380.0,42380.226,2026-09-17T15:12:28.679045+00:00,read,61383,3.93,True,
2120,42400.0,42400.179,2026-09-17T15:12:28.699000+00:00,read,25320,3.626,True,
2121,42420.0,42420.286,2026-09-17T15:12:28.719108+00:00,read,67825,3.345,True,
2122,42440.0,42440.233,2026-09-17T15:12:28.739057+00:00,read,9382,4.317,True,
2123,42460.0,42460.289,2026-09-17T15:12:28.759108+00:00,read,11745,3.047,True,
2124,42480.0,42480.181,2026-09-17T15:12:28.779003+00:00,read,76956,3.817,True,
2125,42500.0,42500.259,2026-09-17T15:12:28.799084+00:00,read,36249,5.136,True,
2126,42520.0,42520.235,2026-09-17T15:12:28.819060+00:00,read,62766,3.838,True,
2127,42540.0,42540.249,2026-09-17T15:12:28.839074+00:00,read,42757,4.552,True,
2128,42560.0,42560.248,2026-09-17T15:12:28.859073+00:00,write,56018,3.747,True,
2129,42580.0,42580.497,2026-09-17T15:12:28.879322+00:00,read,71906,4.142,True,
2130,42600.0,42600.241,2026-09-17T15:12:28.899065+00:00,read,49147,5.297,True,
2131,42620.0,42620.232,2026-09-17T15:12:28.919057+00:00,write,87584,2.876,True,
2132,42640.0,42640.241,2026-09-17T15:12:28.939064+00:00,read,86861,4.366,True,
2133,42660.0,42660.128,2026-09-17T15:12:28.958947+00:00,write,98299,1.876,True,
2134,42680.0,42680.14,2026-09-17T15:12:28.978963+00:00,read,9779,3.593,True,
2135,42700.0,42700.13,2026-09-17T15:12:28.998947+00:00,read,87494,2.319,True,
2136,42720.0,42720.124,2026-09-17T15:12:29.018942+00:00,read,66371,2.575,True,
2137,42740.0,42740.171,2026-09-17T15:12:29.038989+00:00,read,18731,1.987,True,
2138,42760.0,42760.098,2026-09-17T15:12:29.058917+00:00,write,57048,1.48,True,
2139,42780.0,42780.207,2026-09-17T15:12:29.079030+00:00,read,44002,2.326,True,
2140,42800.0,42800.103,2026-09-17T15:12:29.098921+00:00,read,25773,2.867,True,
2141,42820.0,42820.332,2026-09-17T15:12:29.119149+00:00,read,92018,3.767,True,
2142,42840.0,42840.445,2026-09-17T15:12:29.139267+00:00,write,43971,3.451,True,
2143,42860.0,42860.27,2026-09-17T15:12:29.159093+00:00,read,39731,4.582,True,
2144,42880.0,42880.212,2026-09-17T15:12:29.179031+00:00,read,84008,4.083,True,
2145,42900.0,42900.221,2026-09-17T15:12:29.199042+00:00,read,46936,4.726,True,
2146,42920.0,42920.317,2026-09-17T15:12:29.219141+00:00,read,4917,4.189,True,
2147,42940.0,42940.46,2026-09-17T15:12:29.239281+00:00,read,86730,3.574,True,
2148,42960.0,42960.235,2026-09-17T15:12:29.259052+00:00,read,44671,4.053,True,
2149,42980.0,42980.187,2026-09-17T15:12:29.279008+00:00,read,27796,3.729,True,
2150,43000.0,43000.292,2026-09-17T15:12:29.299110+00:00,read,20619,3.738,True,
2151,43020.0,43020.309,2026-09-17T15:12:29.319132+00:00,write,7335,3.039,True,
2152,43040.0,43040.28,2026-09-17T15:12:29.339101+00:00,read,40564,3.311,True,
2153,43060.0,43060.344,2026-09-17T15:12:29.359163+00:00,read,79585,3.375,True,
2154,43080.0,43080.416,2026-09-17T15:12:29.379233+00:00,read,26278,4.304,True,
2155,43100.0,43100.266,2026-09-17T15:12:29.399088+00:00,read,6159,4.218,True,
2156,43120.0,43120.277,2026-09-17T15:12:29.419096+00:00,read,669,3.758,True,
2157,43140.0,43140.27,2026-09-17T15:12:29.439090+00:00,read,11429,3.095,True,
2158,43160.0,43160.613,2026-09-17T15:12:29.459432+00:00,read,51591,4.441,True,
2159,43180.0,43180.208,2026-09-17T15:12:29.479025+00:00,read,43278,3.642,True,
2160,43200.0,43200.318,2026-09-17T15:12:29.499135+00:00,read,19646,3.557,True,
2161,43220.0,43220.304,2026-09-17T15:12:29.519123+00:00,read,61180,3.762,True,
2162,43240.0,43240.467,2026-09-17T15:12:29.539286+00:00,read,20315,3.63,True,
2163,43260.0,43260.534,2026-09-17T15:12:29.559355+00:00,read,30144,4.469,True,
2164,43280.0,43280.278,2026-09-17T15:12:29.579096+00:00,read,55797,5.893,True,
2165,43300.0,43300.255,2026-09-17T15:12:29.599075+00:00,read,40911,4.443,True,
2166,43320.0,43320.248,2026-09-17T15:12:29.619066+00:00,read,21224,2.412,True,
2167,43340.0,43340.226,2026-09-17T15:12:29.639045+00:00,read,35665,4.003,True,
2168,43360.0,43360.544,2026-09-17T15:12:29.659360+00:00,read,61836,3.591,True,
2169,43380.0,43380.506,2026-09-17T15:12:29.679323+00:00,read,78650,3.488,True,
2170,43400.0,43400.236,2026-09-17T15:12:29.699054+00:00,read,82522,5.187,True,
2171,43420.0,43420.242,2026-09-17T15:12:29.719059+00:00,read,57973,2.713,True,
2172,43440.0,43440.339,2026-09-17T15:12:29.739156+00:00,read,14334,3.88,True,
2173,43460.0,43460.212,2026-09-17T15:12:29.759032+00:00,read,93799,4.286,True,
2174,43480.0,43480.28,2026-09-17T15:12:29.779100+00:00,write,63105,2.756,True,
2175,43500.0,43500.352,2026-09-17T15:12:29.799171+00:00,read,27722,4.158,True,
2176,43520.0,43520.309,2026-09-17T15:12:29.819130+00:00,read,46128,3.745,True,
2177,43540.0,43540.213,2026-09-17T15:12:29.839034+00:00,read,1037,4.391,True,
2178,43560.0,43560.492,2026-09-17T15:12:29.859309+00:00,read,50612,3.526,True,
2179,43580.0,43580.289,2026-09-17T15:12:29.879114+00:00,write,13602,2.848,True,
2180,43600.0,43600.217,2026-09-17T15:12:29.899038+00:00,read,68809,4.719,True,
2181,43620.0,43620.213,2026-09-17T15:12:29.919030+00:00,read,5403,3.343,True,
2182,43640.0,43640.295,2026-09-17T15:12:29.939116+00:00,read,94373,3.563,True,
2183,43660.0,43660.188,2026-09-17T15:12:29.959006+00:00,read,87017,3.182,True,
2184,43680.0,43680.243,2026-09-17T15:12:29.979067+00:00,read,38428,4.423,True,
2185,43700.0,43700.336,2026-09-17T15:12:29.999153+00:00,read,45604,3.962,True,
2186,43720.0,43720.219,2026-09-17T15:12:30.019035+00:00,write,96548,2.71,True,
2187,43740.0,43740.294,2026-09-17T15:12:30.039116+00:00,read,53240,5.66,True,
2188,43760.0,43760.212,2026-09-17T15:12:30.059034+00:00,read,91297,3.398,True,
2189,43780.0,43780.252,2026-09-17T15:12:30.079072+00:00,read,7061,3.155,True,
2190,43800.0,43800.467,2026-09-17T15:12:30.099285+00:00,write,59002,3.046,True,
2191,43820.0,43820.252,2026-09-17T15:12:30.119068+00:00,read,85274,3.332,True,
2192,43840.0,43840.302,2026-09-17T15:12:30.139124+00:00,write,38568,3.043,True,
2193,43860.0,43860.553,2026-09-17T15:12:30.159376+00:00,read,87494,3.577,True,
2194,43880.0,43880.194,2026-09-17T15:12:30.179014+00:00,read,99276,3.212,True,
2195,43900.0,43900.105,2026-09-17T15:12:30.198926+00:00,read,13746,3.126,True,
2196,43920.0,43920.275,2026-09-17T15:12:30.219100+00:00,read,94800,6.777,True,
2197,43940.0,43940.446,2026-09-17T15:12:30.239271+00:00,read,63773,4.621,True,
2198,43960.0,43960.216,2026-09-17T15:12:30.259040+00:00,write,93711,3.65,True,
2199,43980.0,43980.244,2026-09-17T15:12:30.279068+00:00,write,96377,3.51,True,
2200,44000.0,44000.255,2026-09-17T15:12:30.299079+00:00,read,70688,4.472,True,
2201,44020.0,44020.343,2026-09-17T15:12:30.319168+00:00,read,50286,4.851,True,
2202,44040.0,44040.423,2026-09-17T15:12:30.339246+00:00,read,29449,4.253,True,
2203,44060.0,44060.299,2026-09-17T15:12:30.359122+00:00,read,88354,4.04,True,
2204,44080.0,44080.255,2026-09-17T15:12:30.379077+00:00,read,45444,4.072,True,
2205,44100.0,44101.282,2026-09-17T15:12:30.400105+00:00,read,73303,4.372,True,
2206,44120.0,44120.288,2026-09-17T15:12:30.419110+00:00,write,65857,2.814,True,
2207,44140.0,44140.213,2026-09-17T15:12:30.439036+00:00,read,9493,4.975,True,
2208,44160.0,44160.308,2026-09-17T15:12:30.459129+00:00,read,27480,4.776,True,
2209,44180.0,44180.287,2026-09-17T15:12:30.479107+00:00,write,22715,3.228,True,
2210,44200.0,44200.197,2026-09-17T15:12:30.499018+00:00,read,88882,2.656,True,
2211,44220.0,44220.181,2026-09-17T15:12:30.519002+00:00,read,65419,3.301,True,
2212,44240.0,44240.36,2026-09-17T15:12:30.539256+00:00,read,31694,3.431,True,
2213,44260.0,44260.479,2026-09-17T15:12:30.559296+00:00,read,25897,3.265,True,
2214,44280.0,44280.46,2026-09-17T15:12:30.579279+00:00,read,37817,2.999,True,
2215,44300.0,44300.41,2026-09-17T15:12:30.599228+00:00,read,5085,3.022,True,
2216,44320.0,44320.179,2026-09-17T15:12:30.618998+00:00,read,92728,2.968,True,
2217,44340.0,44340.2,2026-09-17T15:12:30.639017+00:00,read,41438,3.346,True,
2218,44360.0,44360.504,2026-09-17T15:12:30.659323+00:00,write,66252,2.116,True,
2219,44380.0,44380.277,2026-09-17T15:12:30.679097+00:00,read,70307,3.153,True,
2220,44400.0,44400.436,2026-09-17T15:12:30.699260+00:00,read,84933,5.408,True,
2221,44420.0,44420.301,2026-09-17T15:12:30.719127+00:00,read,81743,3.877,True,
2222,44440.0,44440.31,2026-09-17T15:12:30.739135+00:00,read,25162,4.239,True,
2223,44460.0,44460.152,2026-09-17T15:12:30.758971+00:00,write,94083,2.077,True,
2224,44480.0,44480.188,2026-09-17T15:12:30.779014+00:00,read,61344,1.955,True,
2225,44500.0,44500.105,2026-09-17T15:12:30.798920+00:00,read,92176,1.353,True,
2226,44520.0,44520.108,2026-09-17T15:12:30.818923+00:00,read,64044,1.322,True,
2227,44540.0,44540.147,2026-09-17T15:12:30.838962+00:00,read,15612,1.282,True,
2228,44560.0,44560.218,2026-09-17T15:12:30.859032+00:00,read,48836,1.698,True,
2229,44580.0,44580.183,2026-09-17T15:12:30.878999+00:00,read,12841,2.818,True,
2230,44600.0,44600.223,2026-09-17T15:12:30.899041+00:00,read,43795,3.683,True,
2231,44620.0,44620.216,2026-09-17T15:12:30.919033+00:00,write,64557,2.091,True,
2232,44640.0,44640.281,2026-09-17T15:12:30.939100+00:00,read,54287,3.88,True,
2233,44660.0,44660.201,2026-09-17T15:12:30.959019+00:00,write,88146,2.694,True,
2234,44680.0,44680.166,2026-09-17T15:12:30.978985+00:00,read,67882,3.211,True,
2235,44700.0,44700.188,2026-09-17T15:12:30.999007+00:00,write,51495,2.32,True,
2236,44720.0,44720.181,2026-09-17T15:12:31.018998+00:00,read,48018,2.638,True,
2237,44740.0,44740.157,2026-09-17T15:12:31.038975+00:00,read,6542,2.467,True,
2238,44760.0,44760.185,2026-09-17T15:12:31.059002+00:00,read,10758,3.688,True,
2239,44780.0,44780.192,2026-09-17T15:12:31.079010+00:00,write,5680,2.254,True,
2240,44800.0,44800.178,2026-09-17T15:12:31.098996+00:00,read,65495,3.0,True,
2241,44820.0,44820.193,2026-09-17T15:12:31.119011+00:00,read,86508,2.478,True,
2242,44840.0,44840.21,2026-09-17T15:12:31.139027+00:00,read,53611,2.509,True,
2243,44860.0,44860.173,2026-09-17T15:12:31.158991+00:00,write,17368,1.988,True,
2244,44880.0,44880.259,2026-09-17T15:12:31.179076+00:00,read,1677,2.833,True,
2245,44900.0,44900.253,2026-09-17T15:12:31.199070+00:00,read,57900,2.645,True,
2246,44920.0,44920.151,2026-09-17T15:12:31.218967+00:00,read,76697,2.544,True,
2247,44940.0,44940.172,2026-09-17T15:12:31.238989+00:00,read,20802,2.711,True,
2248,44960.0,44960.169,2026-09-17T15:12:31.258985+00:00,read,39420,2.68,True,
2249,44980.0,44980.152,2026-09-17T15:12:31.278971+00:00,read,51064,3.017,True,
2250,45000.0,45000.199,2026-09-17T15:12:31.299016+00:00,read,45068,2.967,True,
2251,45020.0,45020.154,2026-09-17T15:12:31.318973+00:00,read,4362,3.334,True,
2252,45040.0,45040.161,2026-09-17T15:12:31.338978+00:00,read,24141,3.357,True,
2253,45060.0,45060.202,2026-09-17T15:12:31.359021+00:00,read,30337,3.129,True,
2254,45080.0,45080.208,2026-09-17T15:12:31.379026+00:00,read,77197,3.632,True,
2255,45100.0,45100.223,2026-09-17T15:12:31.399043+00:00,read,22774,3.889,True,
2256,45120.0,45120.186,2026-09-17T15:12:31.419006+00:00,read,3420,3.964,True,
2257,45140.0,45140.202,2026-09-17T15:12:31.439021+00:00,read,67421,3.162,True,
2258,45160.0,45160.205,2026-09-17T15:12:31.459023+00:00,write,45238,2.931,True,
2259,45180.0,45180.265,2026-09-17T15:12:31.479084+00:00,read,95888,3.682,True,
2260,45200.0,45200.219,2026-09-17T15:12:31.499039+00:00,read,65657,3.802,True,
2261,45220.0,45220.18,2026-09-17T15:12:31.518999+00:00,read,87144,3.975,True,
2262,45240.0,45240.201,2026-09-17T15:12:31.539019+00:00,read,89113,3.529,True,
2263,45260.0,45260.211,2026-09-17T15:12:31.559029+00:00,write,6831,2.814,True,
2264,45280.0,45280.23,2026-09-17T15:12:31.579050+00:00,read,45641,3.609,True,
2265,45300.0,45300.246,2026-09-17T15:12:31.599065+00:00,read,34273,4.757,True,
2266,45320.0,45320.181,2026-09-17T15:12:31.618999+00:00,read,98802,4.735,True,
2267,45340.0,45340.315,2026-09-17T15:12:31.639135+00:00,read,87192,3.328,True,
2268,45360.0,45360.209,2026-09-17T15:12:31.659028+00:00,read,4088,3.56,True,
2269,45380.0,45380.213,2026-09-17T15:12:31.679032+00:00,read,67901,3.204,True,
2270,45400.0,45400.208,2026-09-17T15:12:31.699025+00:00,read,44176,3.261,True,
2271,45420.0,45420.172,2026-09-17T15:12:31.718990+00:00,read,71531,2.798,True,
2272,45440.0,45440.282,2026-09-17T15:12:31.739100+00:00,read,84819,2.699,True,
2273,45460.0,45460.173,2026-09-17T15:12:31.758991+00:00,read,42976,2.949,True,
2274,45480.0,45480.183,2026-09-17T15:12:31.779001+00:00,read,81383,3.64,True,
2275,45500.0,45500.218,2026-09-17T15:12:31.799036+00:00,read,24692,3.365,True,
2276,45520.0,45520.298,2026-09-17T15:12:31.819124+00:00,write,49444,2.314,True,
2277,45540.0,45540.154,2026-09-17T15:12:31.838973+00:00,read,35487,2.604,True,
2278,45560.0,45560.172,2026-09-17T15:12:31.858991+00:00,read,54189,2.301,True,
2279,45580.0,45580.177,2026-09-17T15:12:31.878993+00:00,write,14677,1.614,True,
2280,45600.0,45600.177,2026-09-17T15:12:31.898994+00:00,read,76485,2.221,True,
2281,45620.0,45620.322,2026-09-17T15:12:31.919152+00:00,write,54517,2.669,True,
2282,45640.0,45640.183,2026-09-17T15:12:31.939002+00:00,read,35638,2.295,True,
2283,45660.0,45660.455,2026-09-17T15:12:31.959279+00:00,write,45783,2.799,True,
2284,45680.0,45680.266,2026-09-17T15:12:31.979088+00:00,read,11814,3.35,True,
2285,45700.0,45700.235,2026-09-17T15:12:31.999055+00:00,read,30705,2.89,True,
2286,45720.0,45720.187,2026-09-17T15:12:32.019005+00:00,read,77964,2.518,True,
2287,45740.0,45740.324,2026-09-17T15:12:32.039143+00:00,read,28022,2.277,True,
2288,45760.0,45760.251,2026-09-17T15:12:32.059076+00:00,read,31065,6.281,True,
2289,45780.0,45780.272,2026-09-17T15:12:32.079101+00:00,read,83992,5.209,True,
2290,45800.0,45800.502,2026-09-17T15:12:32.099329+00:00,write,3868,3.06,True,
2291,45820.0,45820.207,2026-09-17T15:12:32.119030+00:00,read,89921,5.045,True,
2292,45840.0,45840.271,2026-09-17T15:12:32.139092+00:00,read,60484,3.994,True,
2293,45860.0,45860.204,2026-09-17T15:12:32.159025+00:00,read,67398,2.163,True,
2294,45880.0,45880.145,2026-09-17T15:12:32.178967+00:00,write,8924,2.27,True,
2295,45900.0,45900.212,2026-09-17T15:12:32.199031+00:00,read,44291,2.611,True,
2296,45920.0,45920.173,2026-09-17T15:12:32.218993+00:00,write,23227,1.976,True,
2297,45940.0,45940.242,2026-09-17T15:12:32.239058+00:00,read,85964,1.911,True,
2298,45960.0,45960.199,2026-09-17T15:12:32.259019+00:00,read,4385,2.836,True,
2299,45980.0,45980.193,2026-09-17T15:12:32.279011+00:00,read,82688,3.026,True,
2300,46000.0,46000.278,2026-09-17T15:12:32.299100+00:00,read,97821,3.161,True,
2301,46020.0,46020.167,2026-09-17T15:12:32.318988+00:00,read,36810,3.208,True,
2302,46040.0,46040.17,2026-09-17T15:12:32.338989+00:00,read,31452,2.595,True,
2303,46060.0,46060.256,2026-09-17T15:12:32.359078+00:00,write,19829,2.74,True,
2304,46080.0,46080.176,2026-09-17T15:12:32.378994+00:00,read,81962,3.343,True,
2305,46100.0,46100.159,2026-09-17T15:12:32.398981+00:00,read,36923,4.304,True,
2306,46120.0,46120.244,2026-09-17T15:12:32.419065+00:00,write,99197,2.54,True,
2307,46140.0,46140.201,2026-09-17T15:12:32.439022+00:00,read,53358,3.488,True,
2308,46160.0,46160.241,2026-09-17T15:12:32.459062+00:00,write,98695,2.815,True,
2309,46180.0,46180.269,2026-09-17T15:12:32.479093+00:00,read,99599,4.673,True,
2310,46200.0,46200.216,2026-09-17T15:12:32.499039+00:00,write,99095,2.845,True,
2311,46220.0,46220.239,2026-09-17T15:12:32.519060+00:00,read,80910,13.634,True,
2312,46240.0,46240.306,2026-09-17T15:12:32.539129+00:00,read,59137,5.974,True,
2313,46260.0,46260.165,2026-09-17T15:12:32.558982+00:00,read,46953,2.492,True,
2314,46280.0,46280.293,2026-09-17T15:12:32.579116+00:00,read,98548,5.518,True,
2315,46300.0,46300.259,2026-09-17T15:12:32.599082+00:00,read,10713,5.416,True,
2316,46320.0,46320.26,2026-09-17T15:12:32.619086+00:00,read,60482,4.623,True,
2317,46340.0,46340.237,2026-09-17T15:12:32.639063+00:00,write,19191,3.177,True,
2318,46360.0,46360.176,2026-09-17T15:12:32.658998+00:00,write,6224,3.132,True,
2319,46380.0,46380.265,2026-09-17T15:12:32.679094+00:00,read,25922,5.471,True,
2320,46400.0,46400.271,2026-09-17T15:12:32.699096+00:00,read,22542,4.01,True,
2321,46420.0,46420.273,2026-09-17T15:12:32.719097+00:00,read,5154,4.387,True,
2322,46440.0,46440.24,2026-09-17T15:12:32.739062+00:00,read,98283,4.408,True,
2323,46460.0,46460.219,2026-09-17T15:12:32.759044+00:00,read,46736,3.489,True,
2324,46480.0,46480.28,2026-09-17T15:12:32.779105+00:00,read,66848,4.153,True,
2325,46500.0,46500.208,2026-09-17T15:12:32.799029+00:00,read,17324,4.626,True,
2326,46520.0,46520.218,2026-09-17T15:12:32.819039+00:00,read,56287,2.903,True,
2327,46540.0,46540.192,2026-09-17T15:12:32.839015+00:00,read,19475,3.895,True,
2328,46560.0,46560.186,2026-09-17T15:12:32.859007+00:00,read,78477,2.823,True,
2329,46580.0,46580.194,2026-09-17T15:12:32.879017+00:00,read,53474,3.469,True,
2330,46600.0,46600.198,2026-09-17T15:12:32.899018+00:00,read,67156,2.841,True,
2331,46620.0,46620.17,2026-09-17T15:12:32.918989+00:00,read,44017,2.398,True,
2332,46640.0,46640.155,2026-09-17T15:12:32.938975+00:00,write,89236,1.752,True,
2333,46660.0,46660.18,2026-09-17T15:12:32.959001+00:00,read,84281,2.684,True,
2334,46680.0,46680.274,2026-09-17T15:12:32.979096+00:00,write,5111,3.051,True,
2335,46700.0,46700.238,2026-09-17T15:12:32.999062+00:00,read,25534,3.176,True,
2336,46720.0,46720.236,2026-09-17T15:12:33.019054+00:00,read,20367,2.866,True,
2337,46740.0,46740.523,2026-09-17T15:12:33.039348+00:00,read,65925,2.358,True,
2338,46760.0,46760.526,2026-09-17T15:12:33.059351+00:00,write,81674,3.417,True,
2339,46780.0,46780.481,2026-09-17T15:12:33.079303+00:00,read,51,2.887,True,
2340,46800.0,46800.319,2026-09-17T15:12:33.099137+00:00,read,75434,3.043,True,
2341,46820.0,46820.172,2026-09-17T15:12:33.118991+00:00,read,18909,2.429,True,
2342,46840.0,46840.265,2026-09-17T15:12:33.139088+00:00,read,8262,2.641,True,
2343,46860.0,46860.308,2026-09-17T15:12:33.159128+00:00,write,13626,2.939,True,
2344,46880.0,46880.138,2026-09-17T15:12:33.178956+00:00,read,39385,2.677,True,
2345,46900.0,46900.252,2026-09-17T15:12:33.199076+00:00,read,87084,3.169,True,
2346,46920.0,46920.317,2026-09-17T15:12:33.219142+00:00,write,91829,3.597,True,
2347,46940.0,46940.178,2026-09-17T15:12:33.238998+00:00,read,92422,2.64,True,
2348,46960.0,46960.324,2026-09-17T15:12:33.259147+00:00,read,77415,5.045,True,
2349,46980.0,46980.262,2026-09-17T15:12:33.279085+00:00,read,28677,4.384,True,
2350,47000.0,47000.28,2026-09-17T15:12:33.299104+00:00,read,34400,4.898,True,
2351,47020.0,47020.169,2026-09-17T15:12:33.318992+00:00,read,71540,2.552,True,
2352,47040.0,47040.263,2026-09-17T15:12:33.339089+00:00,read,75553,4.577,True,
2353,47060.0,47060.295,2026-09-17T15:12:33.359120+00:00,read,39171,3.565,True,
2354,47080.0,47080.226,2026-09-17T15:12:33.379049+00:00,read,63982,4.057,True,
2355,47100.0,47100.339,2026-09-17T15:12:33.399163+00:00,read,8205,4.62,True,
2356,47120.0,47120.127,2026-09-17T15:12:33.418945+00:00,read,17066,2.26,True,
2357,47140.0,47140.319,2026-09-17T15:12:33.439144+00:00,read,61155,2.723,True,
2358,47160.0,47160.295,2026-09-17T15:12:33.459118+00:00,read,27640,4.187,True,
2359,47180.0,47180.353,2026-09-17T15:12:33.479224+00:00,read,64925,3.976,True,
2360,47200.0,47200.273,2026-09-17T15:12:33.499123+00:00,read,23995,2.487,True,
2361,47220.0,47220.283,2026-09-17T15:12:33.519105+00:00,read,47581,4.488,True,
2362,47240.0,47240.315,2026-09-17T15:12:33.539140+00:00,read,764,4.802,True,
2363,47260.0,47260.511,2026-09-17T15:12:33.559334+00:00,read,37552,4.488,True,
2364,47280.0,47280.181,2026-09-17T15:12:33.578996+00:00,read,95337,2.332,True,
2365,47300.0,47300.227,2026-09-17T15:12:33.599049+00:00,read,82844,3.913,True,
2366,47320.0,47320.265,2026-09-17T15:12:33.619087+00:00,read,92950,4.248,True,
2367,47340.0,47340.233,2026-09-17T15:12:33.639057+00:00,write,46587,3.507,True,
2368,47360.0,47360.434,2026-09-17T15:12:33.659256+00:00,write,78479,2.615,True,
2369,47380.0,47380.272,2026-09-17T15:12:33.679087+00:00,read,72210,1.965,True,
2370,47400.0,47400.268,2026-09-17T15:12:33.699087+00:00,write,8806,2.717,True,
2371,47420.0,47420.219,2026-09-17T15:12:33.719038+00:00,read,75092,3.786,True,
2372,47440.0,47440.246,2026-09-17T15:12:33.739066+00:00,read,7587,3.928,True,
2373,47460.0,47460.19,2026-09-17T15:12:33.759008+00:00,read,36901,3.904,True,
2374,47480.0,47480.274,2026-09-17T15:12:33.779089+00:00,read,3252,3.784,True,
2375,47500.0,47500.324,2026-09-17T15:12:33.799145+00:00,write,46982,2.83,True,
2376,47520.0,47520.253,2026-09-17T15:12:33.819073+00:00,write,70333,3.042,True,
2377,47540.0,47540.306,2026-09-17T15:12:33.839126+00:00,read,43496,3.413,True,
2378,47560.0,47560.355,2026-09-17T15:12:33.859174+00:00,read,79361,2.42,True,
2379,47580.0,47580.339,2026-09-17T15:12:33.879160+00:00,read,44693,3.787,True,
2380,47600.0,47600.187,2026-09-17T15:12:33.899003+00:00,read,75612,3.854,True,
2381,47620.0,47620.312,2026-09-17T15:12:33.919133+00:00,read,76489,4.196,True,
2382,47640.0,47640.468,2026-09-17T15:12:33.939288+00:00,read,48713,3.671,True,
2383,47660.0,47660.294,2026-09-17T15:12:33.959115+00:00,read,63397,4.201,True,
2384,47680.0,47680.22,2026-09-17T15:12:33.979038+00:00,read,81830,3.803,True,
2385,47700.0,47700.5,2026-09-17T15:12:33.999354+00:00,read,13714,3.001,True,
2386,47720.0,47720.306,2026-09-17T15:12:34.019124+00:00,write,95601,1.473,True,
2387,47740.0,47740.226,2026-09-17T15:12:34.039049+00:00,read,61082,2.741,True,
2388,47760.0,47760.56,2026-09-17T15:12:34.059382+00:00,read,10449,6.063,True,
2389,47780.0,47780.265,2026-09-17T15:12:34.079086+00:00,read,23181,4.447,True,
2390,47800.0,47800.601,2026-09-17T15:12:34.099424+00:00,read,12095,2.784,True,
2391,47820.0,47820.208,2026-09-17T15:12:34.119024+00:00,read,79435,1.812,True,
2392,47840.0,47840.165,2026-09-17T15:12:34.138984+00:00,read,77275,3.948,True,
2393,47860.0,47860.255,2026-09-17T15:12:34.159075+00:00,read,67837,2.776,True,
2394,47880.0,47880.301,2026-09-17T15:12:34.179120+00:00,read,886,4.486,True,
2395,47900.0,47900.343,2026-09-17T15:12:34.199166+00:00,read,57936,4.39,True,
2396,47920.0,47920.283,2026-09-17T15:12:34.219103+00:00,write,58363,3.414,True,
2397,47940.0,47940.224,2026-09-17T15:12:34.239046+00:00,read,36548,3.986,True,
2398,47960.0,47960.31,2026-09-17T15:12:34.259131+00:00,read,24579,4.242,True,
2399,47980.0,47980.288,2026-09-17T15:12:34.279108+00:00,read,90877,3.53,True,
2400,48000.0,48000.281,2026-09-17T15:12:34.299101+00:00,read,13600,3.775,True,
2401,48020.0,48020.353,2026-09-17T15:12:34.319176+00:00,read,6890,4.459,True,
2402,48040.0,48040.278,2026-09-17T15:12:34.339099+00:00,read,2869,4.456,True,
2403,48060.0,48060.301,2026-09-17T15:12:34.359123+00:00,read,46155,3.886,True,
2404,48080.0,48080.2,2026-09-17T15:12:34.379021+00:00,read,78772,5.426,True,
2405,48100.0,48100.286,2026-09-17T15:12:34.399107+00:00,read,49140,3.544,True,
2406,48120.0,48120.189,2026-09-17T15:12:34.419008+00:00,read,91173,3.645,True,
2407,48140.0,48140.236,2026-09-17T15:12:34.439060+00:00,read,75390,3.81,True,
2408,48160.0,48160.369,2026-09-17T15:12:34.459218+00:00,read,25120,4.124,True,
2409,48180.0,48180.151,2026-09-17T15:12:34.478970+00:00,read,92752,3.64,True,
2410,48200.0,48200.207,2026-09-17T15:12:34.499026+00:00,read,77731,3.839,True,
2411,48220.0,48220.312,2026-09-17T15:12:34.519134+00:00,write,93880,3.087,True,
2412,48240.0,48240.224,2026-09-17T15:12:34.539045+00:00,read,28193,3.73,True,
2413,48260.0,48260.214,2026-09-17T15:12:34.559034+00:00,read,47934,3.651,True,
2414,48280.0,48280.259,2026-09-17T15:12:34.579078+00:00,read,32412,2.981,True,
2415,48300.0,48300.195,2026-09-17T15:12:34.599014+00:00,write,16658,2.953,True,
2416,48320.0,48320.217,2026-09-17T15:12:34.619036+00:00,write,618,2.897,True,
2417,48340.0,48340.464,2026-09-17T15:12:34.639285+00:00,write,14842,2.61,True,
2418,48360.0,48360.367,2026-09-17T15:12:34.659265+00:00,read,50741,3.489,True,
2419,48380.0,48380.186,2026-09-17T15:12:34.679006+00:00,write,84868,2.308,True,
2420,48400.0,48400.158,2026-09-17T15:12:34.698975+00:00,read,79433,3.321,True,
2421,48420.0,48420.176,2026-09-17T15:12:34.718995+00:00,read,33494,4.381,True,
2422,48440.0,48440.188,2026-09-17T15:12:34.739010+00:00,read,26865,3.331,True,
2423,48460.0,48460.207,2026-09-17T15:12:34.759026+00:00,read,43446,4.36,True,
2424,48480.0,48480.511,2026-09-17T15:12:34.779331+00:00,read,15848,4.407,True,
2425,48500.0,48500.302,2026-09-17T15:12:34.799121+00:00,read,94146,3.78,True,
2426,48520.0,48520.15,2026-09-17T15:12:34.818967+00:00,read,58969,3.404,True,
2427,48540.0,48540.305,2026-09-17T15:12:34.839123+00:00,read,29788,3.215,True,
2428,48560.0,48560.279,2026-09-17T15:12:34.859095+00:00,read,51929,3.023,True,
2429,48580.0,48580.442,2026-09-17T15:12:34.879257+00:00,read,37544,2.623,True,
2430,48600.0,48600.301,2026-09-17T15:12:34.899121+00:00,write,94569,2.923,True,
2431,48620.0,48620.353,2026-09-17T15:12:34.919172+00:00,read,75096,3.744,True,
2432,48640.0,48640.48,2026-09-17T15:12:34.939298+00:00,read,48340,3.443,True,
2433,48660.0,48660.207,2026-09-17T15:12:34.959028+00:00,read,80345,4.094,True,
2434,48680.0,48680.262,2026-09-17T15:12:34.979080+00:00,write,19433,3.115,True,
2435,48700.0,48700.474,2026-09-17T15:12:34.999295+00:00,write,6471,3.084,True,
2436,48720.0,48720.495,2026-09-17T15:12:35.019314+00:00,read,80432,3.402,True,
2437,48740.0,48740.398,2026-09-17T15:12:35.039219+00:00,write,52050,2.703,True,
2438,48760.0,48760.48,2026-09-17T15:12:35.059300+00:00,write,65629,2.986,True,
2439,48780.0,48780.283,2026-09-17T15:12:35.079104+00:00,write,78020,3.6,True,
2440,48800.0,48800.328,2026-09-17T15:12:35.099146+00:00,read,70519,3.618,True,
2441,48820.0,48820.468,2026-09-17T15:12:35.119286+00:00,read,2690,2.648,True,
2442,48840.0,48840.325,2026-09-17T15:12:35.139146+00:00,write,79966,3.129,True,
2443,48860.0,48860.277,2026-09-17T15:12:35.159095+00:00,read,43642,3.233,True,
2444,48880.0,48880.492,2026-09-17T15:12:35.179312+00:00,write,40163,3.055,True,
2445,48900.0,48900.206,2026-09-17T15:12:35.199027+00:00,read,72215,3.836,True,
2446,48920.0,48920.267,2026-09-17T15:12:35.219084+00:00,read,7963,3.512,True,
2447,48940.0,48940.233,2026-09-17T15:12:35.239051+00:00,read,4243,3.394,True,
2448,48960.0,48960.258,2026-09-17T15:12:35.259077+00:00,read,72009,3.44,True,
2449,48980.0,48980.275,2026-09-17T15:12:35.279093+00:00,read,49313,3.45,True,
2450,49000.0,49000.461,2026-09-17T15:12:35.299279+00:00,read,96459,3.173,True,
2451,49020.0,49020.174,2026-09-17T15:12:35.318993+00:00,read,42633,3.561,True,
2452,49040.0,49040.321,2026-09-17T15:12:35.339143+00:00,read,65412,2.558,True,
2453,49060.0,49060.194,2026-09-17T15:12:35.359016+00:00,read,18227,4.053,True,
2454,49080.0,49080.237,2026-09-17T15:12:35.379058+00:00,read,75200,3.005,True,
2455,49100.0,49100.48,2026-09-17T15:12:35.399297+00:00,write,39291,3.425,True,
2456,49120.0,49120.28,2026-09-17T15:12:35.419099+00:00,read,24314,3.855,True,
2457,49140.0,49140.35,2026-09-17T15:12:35.439170+00:00,read,49328,3.748,True,
2458,49160.0,49160.356,2026-09-17T15:12:35.459176+00:00,read,34967,4.183,True,
2459,49180.0,49180.203,2026-09-17T15:12:35.479019+00:00,read,65217,2.715,True,
2460,49200.0,49200.336,2026-09-17T15:12:35.499158+00:00,read,25617,5.18,True,
2461,49220.0,49220.251,2026-09-17T15:12:35.519073+00:00,read,45185,4.985,True,
2462,49240.0,49240.317,2026-09-17T15:12:35.539139+00:00,read,58626,5.186,True,
2463,49260.0,49260.233,2026-09-17T15:12:35.559051+00:00,write,95718,3.192,True,
2464,49280.0,49280.258,2026-09-17T15:12:35.579076+00:00,read,41878,3.775,True,
2465,49300.0,49300.269,2026-09-17T15:12:35.599085+00:00,write,13321,1.725,True,
2466,49320.0,49320.17,2026-09-17T15:12:35.618987+00:00,read,21766,3.096,True,
2467,49340.0,49340.182,2026-09-17T15:12:35.639001+00:00,read,43800,3.07,True,
2468,49360.0,49360.176,2026-09-17T15:12:35.658995+00:00,read,95278,2.929,True,
2469,49380.0,49380.18,2026-09-17T15:12:35.678995+00:00,read,39922,2.728,True,
2470,49400.0,49400.16,2026-09-17T15:12:35.698976+00:00,read,92389,1.899,True,
2471,49420.0,49420.167,2026-09-17T15:12:35.718984+00:00,read,62082,2.964,True,
2472,49440.0,49440.217,2026-09-17T15:12:35.739038+00:00,read,65609,3.381,True,
2473,49460.0,49460.156,2026-09-17T15:12:35.758974+00:00,write,25568,1.873,True,
2474,49480.0,49480.173,2026-09-17T15:12:35.778993+00:00,read,56344,2.446,True,
2475,49500.0,49500.182,2026-09-17T15:12:35.799003+00:00,read,54826,4.078,True,
2476,49520.0,49520.135,2026-09-17T15:12:35.818952+00:00,read,18897,3.549,True,
2477,49540.0,49540.174,2026-09-17T15:12:35.838994+00:00,write,70305,2.557,True,
2478,49560.0,49560.776,2026-09-17T15:12:35.859593+00:00,read,33115,1.802,True,
2479,49580.0,49580.313,2026-09-17T15:12:35.879134+00:00,read,98911,3.818,True,
2480,49600.0,49600.209,2026-09-17T15:12:35.899028+00:00,write,4890,2.56,True,
2481,49620.0,49620.31,2026-09-17T15:12:35.919131+00:00,write,7902,3.308,True,
2482,49640.0,49640.458,2026-09-17T15:12:35.939277+00:00,read,2865,3.39,True,
2483,49660.0,49660.473,2026-09-17T15:12:35.959291+00:00,read,20424,3.45,True,
2484,49680.0,49680.257,2026-09-17T15:12:35.979074+00:00,write,54342,2.323,True,
2485,49700.0,49700.17,2026-09-17T15:12:35.998987+00:00,read,34909,3.102,True,
2486,49720.0,49720.135,2026-09-17T15:12:36.018951+00:00,read,5058,2.995,True,
2487,49740.0,49740.226,2026-09-17T15:12:36.039045+00:00,read,76513,3.334,True,
2488,49760.0,49760.315,2026-09-17T15:12:36.059131+00:00,read,89396,3.597,True,
2489,49780.0,49780.223,2026-09-17T15:12:36.079039+00:00,read,85462,2.793,True,
2490,49800.0,49800.181,2026-09-17T15:12:36.098997+00:00,write,32865,2.408,True,
2491,49820.0,49820.229,2026-09-17T15:12:36.119045+00:00,read,3902,2.742,True,
2492,49840.0,49840.277,2026-09-17T15:12:36.139094+00:00,write,88843,1.926,True,
2493,49860.0,49860.211,2026-09-17T15:12:36.159029+00:00,read,85928,3.879,True,
2494,49880.0,49880.18,2026-09-17T15:12:36.178997+00:00,read,70895,3.51,True,
2495,49900.0,49900.308,2026-09-17T15:12:36.199125+00:00,read,38963,2.359,True,
2496,49920.0,49920.158,2026-09-17T15:12:36.218974+00:00,read,75153,3.166,True,
2497,49940.0,49940.253,2026-09-17T15:12:36.239070+00:00,read,97557,2.96,True,
2498,49960.0,49960.253,2026-09-17T15:12:36.259069+00:00,read,11003,2.676,True,
2499,49980.0,49980.195,2026-09-17T15:12:36.279016+00:00,read,35470,3.732,True,
2500,50000.0,50000.251,2026-09-17T15:12:36.299068+00:00,read,36994,3.362,True,
2501,50020.0,50020.34,2026-09-17T15:12:36.319156+00:00,write,45698,2.147,True,
2502,50040.0,50040.368,2026-09-17T15:12:36.339258+00:00,read,32778,2.901,True,
2503,50060.0,50060.257,2026-09-17T15:12:36.359073+00:00,read,96025,2.391,True,
2504,50080.0,50080.283,2026-09-17T15:12:36.379098+00:00,read,2478,2.954,True,
2505,50100.0,50100.472,2026-09-17T15:12:36.399286+00:00,read,769,2.782,True,
2506,50120.0,50120.368,2026-09-17T15:12:36.419213+00:00,read,7394,3.397,True,
2507,50140.0,50140.201,2026-09-17T15:12:36.439019+00:00,read,40959,3.154,True,
2508,50160.0,50160.419,2026-09-17T15:12:36.459237+00:00,write,42090,3.238,True,
2509,50180.0,50180.325,2026-09-17T15:12:36.479146+00:00,read,63879,3.339,True,
2510,50200.0,50200.264,2026-09-17T15:12:36.499080+00:00,read,29823,3.602,True,
2511,50220.0,50220.459,2026-09-17T15:12:36.519276+00:00,read,73440,2.934,True,
2512,50240.0,50240.462,2026-09-17T15:12:36.539278+00:00,read,6586,2.908,True,
2513,50260.0,50260.318,2026-09-17T15:12:36.559136+00:00,read,95184,3.471,True,
2514,50280.0,50280.322,2026-09-17T15:12:36.579144+00:00,write,28476,3.251,True,
2515,50300.0,50300.423,2026-09-17T15:12:36.599244+00:00,read,29477,4.248,True,
2516,50320.0,50320.272,2026-09-17T15:12:36.619095+00:00,read,51748,4.389,True,
2517,50340.0,50340.269,2026-09-17T15:12:36.639091+00:00,write,46975,2.683,True,
2518,50360.0,50360.325,2026-09-17T15:12:36.659145+00:00,read,95936,3.538,True,
2519,50380.0,50380.27,2026-09-17T15:12:36.679088+00:00,read,6687,3.547,True,
2520,50400.0,50400.264,2026-09-17T15:12:36.699084+00:00,read,22585,4.559,True,
2521,50420.0,50420.25,2026-09-17T15:12:36.719073+00:00,write,18144,2.948,True,
2522,50440.0,50440.299,2026-09-17T15:12:36.739121+00:00,read,1064,3.591,True,
2523,50460.0,50460.249,2026-09-17T15:12:36.759072+00:00,write,67057,3.675,True,
2524,50480.0,50480.303,2026-09-17T15:12:36.779124+00:00,write,45333,3.895,True,
2525,50500.0,50500.215,2026-09-17T15:12:36.799035+00:00,read,59651,5.232,True,
2526,50520.0,50520.252,2026-09-17T15:12:36.819075+00:00,read,2744,4.811,True,
2527,50540.0,50540.281,2026-09-17T15:12:36.839101+00:00,write,84032,3.424,True,
2528,50560.0,50560.18,2026-09-17T15:12:36.859002+00:00,read,82223,3.216,True,
2529,50580.0,50580.161,2026-09-17T15:12:36.878979+00:00,write,58680,2.413,True,
2530,50600.0,50600.227,2026-09-17T15:12:36.899044+00:00,read,28965,3.109,True,
2531,50620.0,50620.224,2026-09-17T15:12:36.919043+00:00,read,5178,3.302,True,
2532,50640.0,50640.242,2026-09-17T15:12:36.939062+00:00,write,90590,2.825,True,
2533,50660.0,50660.264,2026-09-17T15:12:36.959085+00:00,read,303,3.946,True,
2534,50680.0,50680.33,2026-09-17T15:12:36.979152+00:00,read,70,3.886,True,
2535,50700.0,50700.474,2026-09-17T15:12:36.999296+00:00,write,18911,3.289,True,
2536,50720.0,50720.544,2026-09-17T15:12:37.019365+00:00,read,21816,4.567,True,
2537,50740.0,50740.575,2026-09-17T15:12:37.039397+00:00,read,74954,4.075,True,
2538,50760.0,50760.284,2026-09-17T15:12:37.059106+00:00,read,93349,4.396,True,
2539,50780.0,50780.341,2026-09-17T15:12:37.079162+00:00,write,17253,2.952,True,
2540,50800.0,50800.432,2026-09-17T15:12:37.099254+00:00,read,69404,3.669,True,
2541,50820.0,50820.313,2026-09-17T15:12:37.119140+00:00,read,60463,4.487,True,
2542,50840.0,50840.269,2026-09-17T15:12:37.139090+00:00,read,62443,3.455,True,
2543,50860.0,50860.228,2026-09-17T15:12:37.159053+00:00,write,60578,3.374,True,
2544,50880.0,50880.186,2026-09-17T15:12:37.179005+00:00,read,77204,3.271,True,
2545,50900.0,50900.266,2026-09-17T15:12:37.199082+00:00,write,60876,2.077,True,
2546,50920.0,50920.333,2026-09-17T15:12:37.219148+00:00,read,95874,2.613,True,
2547,50940.0,50940.254,2026-09-17T15:12:37.239070+00:00,read,98675,3.354,True,
2548,50960.0,50960.473,2026-09-17T15:12:37.259294+00:00,read,78804,4.834,True,
2549,50980.0,50980.181,2026-09-17T15:12:37.279001+00:00,write,36017,2.256,True,
2550,51000.0,51000.196,2026-09-17T15:12:37.299015+00:00,read,88041,3.664,True,
2551,51020.0,51020.272,2026-09-17T15:12:37.319090+00:00,read,95003,3.825,True,
2552,51040.0,51040.202,2026-09-17T15:12:37.339024+00:00,read,72891,4.313,True,
2553,51060.0,51060.237,2026-09-17T15:12:37.359061+00:00,read,82601,3.255,True,
2554,51080.0,51080.329,2026-09-17T15:12:37.379150+00:00,write,35948,1.942,True,
2555,51100.0,51100.27,2026-09-17T15:12:37.399089+00:00,read,42614,4.241,True,
2556,51120.0,51120.464,2026-09-17T15:12:37.419282+00:00,read,72758,3.236,True,
2557,51140.0,51140.267,2026-09-17T15:12:37.439087+00:00,read,21992,3.772,True,
2558,51160.0,51160.275,2026-09-17T15:12:37.459093+00:00,read,22407,3.692,True,
2559,51180.0,51180.335,2026-09-17T15:12:37.479153+00:00,write,84151,2.69,True,
2560,51200.0,51200.335,2026-09-17T15:12:37.499152+00:00,read,24801,3.289,True,
2561,51220.0,51220.506,2026-09-17T15:12:37.519325+00:00,read,33678,4.103,True,
2562,51240.0,51240.412,2026-09-17T15:12:37.539230+00:00,read,78116,3.532,True,
2563,51260.0,51260.46,2026-09-17T15:12:37.559282+00:00,read,80651,3.77,True,
2564,51280.0,51280.493,2026-09-17T15:12:37.579315+00:00,read,45186,4.109,True,
2565,51300.0,51300.613,2026-09-17T15:12:37.599436+00:00,read,44899,4.669,True,
2566,51320.0,51320.488,2026-09-17T15:12:37.619311+00:00,read,80089,3.801,True,
2567,51340.0,51340.308,2026-09-17T15:12:37.639131+00:00,read,81440,4.457,True,
2568,51360.0,51360.216,2026-09-17T15:12:37.659036+00:00,read,16864,3.828,True,
2569,51380.0,51380.208,2026-09-17T15:12:37.679024+00:00,write,23152,2.677,True,
2570,51400.0,51400.207,2026-09-17T15:12:37.699023+00:00,read,61142,3.11,True,
2571,51420.0,51420.206,2026-09-17T15:12:37.719027+00:00,read,4420,5.207,True,
2572,51440.0,51440.329,2026-09-17T15:12:37.739153+00:00,read,97586,4.441,True,
2573,51460.0,51460.318,2026-09-17T15:12:37.759142+00:00,read,52101,5.704,True,
2574,51480.0,51480.23,2026-09-17T15:12:37.779053+00:00,read,14171,4.742,True,
2575,51500.0,51500.438,2026-09-17T15:12:37.799261+00:00,read,39621,4.458,True,
2576,51520.0,51520.172,2026-09-17T15:12:37.818994+00:00,read,13750,4.611,True,
2577,51540.0,51540.137,2026-09-17T15:12:37.838960+00:00,read,19689,3.882,True,
2578,51560.0,51560.201,2026-09-17T15:12:37.859025+00:00,write,41228,3.292,True,
2579,51580.0,51580.216,2026-09-17T15:12:37.879041+00:00,read,58954,5.31,True,
2580,51600.0,51600.285,2026-09-17T15:12:37.899104+00:00,write,8661,2.73,True,
2581,51620.0,51620.182,2026-09-17T15:12:37.919000+00:00,read,52830,2.583,True,
2582,51640.0,51640.206,2026-09-17T15:12:37.939028+00:00,read,17936,3.981,True,
2583,51660.0,51660.18,2026-09-17T15:12:37.958999+00:00,write,50962,2.608,True,
2584,51680.0,51680.195,2026-09-17T15:12:37.979015+00:00,read,39267,3.741,True,
2585,51700.0,51700.48,2026-09-17T15:12:37.999302+00:00,read,58096,4.592,True,
2586,51720.0,51720.304,2026-09-17T15:12:38.019124+00:00,read,56103,2.492,True,
2587,51740.0,51740.303,2026-09-17T15:12:38.039127+00:00,write,95964,3.33,True,
2588,51760.0,51760.485,2026-09-17T15:12:38.059307+00:00,read,38847,5.194,True,
2589,51780.0,51780.29,2026-09-17T15:12:38.079109+00:00,read,57845,3.651,True,
2590,51800.0,51800.478,2026-09-17T15:12:38.099300+00:00,read,66799,3.417,True,
2591,51820.0,51820.288,2026-09-17T15:12:38.119105+00:00,read,59926,2.879,True,
2592,51840.0,51840.465,2026-09-17T15:12:38.139282+00:00,read,25944,3.075,True,
2593,51860.0,51860.272,2026-09-17T15:12:38.159093+00:00,read,32888,3.361,True,
2594,51880.0,51880.336,2026-09-17T15:12:38.179152+00:00,read,6453,3.295,True,
2595,51900.0,51900.421,2026-09-17T15:12:38.199237+00:00,read,87351,2.907,True,
2596,51920.0,51920.266,2026-09-17T15:12:38.219082+00:00,read,820,3.115,True,
2597,51940.0,51940.461,2026-09-17T15:12:38.239278+00:00,read,41781,2.775,True,
2598,51960.0,51960.24,2026-09-17T15:12:38.259055+00:00,read,1277,3.151,True,
2599,51980.0,51980.251,2026-09-17T15:12:38.279067+00:00,read,70278,2.988,True,
2600,52000.0,52000.324,2026-09-17T15:12:38.299142+00:00,read,69541,2.478,True,
2601,52020.0,52020.277,2026-09-17T15:12:38.319093+00:00,read,88163,3.29,True,
2602,52040.0,52040.283,2026-09-17T15:12:38.339103+00:00,read,95241,4.846,True,
2603,52060.0,52060.488,2026-09-17T15:12:38.359310+00:00,read,43597,4.427,True,
2604,52080.0,52080.491,2026-09-17T15:12:38.379312+00:00,read,47812,4.122,True,
2605,52100.0,52100.432,2026-09-17T15:12:38.399251+00:00,read,55998,4.186,True,
2606,52120.0,52120.43,2026-09-17T15:12:38.419248+00:00,read,78736,3.596,True,
2607,52140.0,52140.435,2026-09-17T15:12:38.439251+00:00,read,61774,2.897,True,
2608,52160.0,52160.313,2026-09-17T15:12:38.459133+00:00,write,86111,2.821,True,
2609,52180.0,52180.22,2026-09-17T15:12:38.479040+00:00,read,32530,3.332,True,
2610,52200.0,52200.255,2026-09-17T15:12:38.499075+00:00,read,17791,3.284,True,
2611,52220.0,52220.241,2026-09-17T15:12:38.519060+00:00,read,53458,3.335,True,
2612,52240.0,52240.508,2026-09-17T15:12:38.539329+00:00,read,31643,4.286,True,
2613,52260.0,52260.368,2026-09-17T15:12:38.559226+00:00,write,9284,3.047,True,
2614,52280.0,52280.475,2026-09-17T15:12:38.579292+00:00,read,19456,3.702,True,
2615,52300.0,52300.439,2026-09-17T15:12:38.599257+00:00,read,61230,3.644,True,
2616,52320.0,52320.229,2026-09-17T15:12:38.619047+00:00,read,29611,4.583,True,
2617,52340.0,52340.344,2026-09-17T15:12:38.639168+00:00,read,35828,3.837,True,
2618,52360.0,52360.284,2026-09-17T15:12:38.659101+00:00,read,15925,3.134,True,
2619,52380.0,52380.178,2026-09-17T15:12:38.678990+00:00,read,7364,1.603,True,
2620,52400.0,52400.351,2026-09-17T15:12:38.699165+00:00,read,85380,1.732,True,
2621,52420.0,52420.488,2026-09-17T15:12:38.719304+00:00,write,63966,3.008,True,
2622,52440.0,52440.499,2026-09-17T15:12:38.739317+00:00,write,63880,3.012,True,
2623,52460.0,52460.448,2026-09-17T15:12:38.759270+00:00,write,72530,3.285,True,
2624,52480.0,52480.217,2026-09-17T15:12:38.779039+00:00,read,13114,3.53,True,
2625,52500.0,52500.27,2026-09-17T15:12:38.799091+00:00,read,23779,3.632,True,
2626,52520.0,52520.269,2026-09-17T15:12:38.819092+00:00,read,41174,4.548,True,
2627,52540.0,52540.357,2026-09-17T15:12:38.839263+00:00,read,10329,3.516,True,
2628,52560.0,52560.21,2026-09-17T15:12:38.859033+00:00,read,44229,4.321,True,
2629,52580.0,52580.284,2026-09-17T15:12:38.879104+00:00,read,45455,3.895,True,
2630,52600.0,52600.307,2026-09-17T15:12:38.899131+00:00,read,48916,5.117,True,
2631,52620.0,52620.28,2026-09-17T15:12:38.919104+00:00,read,2405,4.593,True,
2632,52640.0,52640.222,2026-09-17T15:12:38.939045+00:00,read,44638,5.046,True,
2633,52660.0,52660.956,2026-09-17T15:12:38.959783+00:00,read,20244,9.928,True,
2634,52680.0,52680.289,2026-09-17T15:12:38.979112+00:00,read,18718,7.634,True,
2635,52700.0,52700.191,2026-09-17T15:12:38.999011+00:00,write,89609,2.687,True,
2636,52720.0,52720.3,2026-09-17T15:12:39.019119+00:00,read,22564,2.428,True,
2637,52740.0,52740.113,2026-09-17T15:12:39.038928+00:00,read,40080,2.464,True,
2638,52760.0,52760.156,2026-09-17T15:12:39.058976+00:00,write,17124,2.359,True,
2639,52780.0,52780.102,2026-09-17T15:12:39.078921+00:00,read,57948,3.989,True,
2640,52800.0,52800.129,2026-09-17T15:12:39.098945+00:00,read,70893,2.761,True,
2641,52820.0,52820.161,2026-09-17T15:12:39.118981+00:00,read,67882,2.313,True,
2642,52840.0,52840.105,2026-09-17T15:12:39.138923+00:00,read,53510,2.011,True,
2643,52860.0,52860.141,2026-09-17T15:12:39.158958+00:00,write,6715,1.911,True,
2644,52880.0,52880.344,2026-09-17T15:12:39.179164+00:00,read,50717,3.539,True,
2645,52900.0,52900.263,2026-09-17T15:12:39.199081+00:00,write,59748,2.864,True,
2646,52920.0,52920.369,2026-09-17T15:12:39.219305+00:00,read,1412,3.822,True,
2647,52940.0,52940.181,2026-09-17T15:12:39.238996+00:00,read,16113,3.579,True,
2648,52960.0,52960.173,2026-09-17T15:12:39.258989+00:00,read,72625,3.381,True,
2649,52980.0,52980.285,2026-09-17T15:12:39.279103+00:00,read,95622,3.451,True,
2650,53000.0,53000.192,2026-09-17T15:12:39.299010+00:00,read,46474,3.617,True,
2651,53020.0,53020.43,2026-09-17T15:12:39.319251+00:00,read,74217,5.024,True,
2652,53040.0,53040.332,2026-09-17T15:12:39.339151+00:00,read,44154,3.099,True,
2653,53060.0,53060.338,2026-09-17T15:12:39.359161+00:00,read,75955,3.786,True,
2654,53080.0,53080.35,2026-09-17T15:12:39.379172+00:00,read,80295,3.667,True,
2655,53100.0,53100.493,2026-09-17T15:12:39.399315+00:00,read,62221,4.306,True,
2656,53120.0,53120.363,2026-09-17T15:12:39.419270+00:00,read,76211,3.524,True,
2657,53140.0,53140.444,2026-09-17T15:12:39.439264+00:00,read,55526,4.034,True,
2658,53160.0,53160.229,2026-09-17T15:12:39.459049+00:00,read,94714,3.983,True,
2659,53180.0,53180.225,2026-09-17T15:12:39.479046+00:00,write,28092,2.802,True,
2660,53200.0,53200.456,2026-09-17T15:12:39.499271+00:00,read,61719,3.495,True,
2661,53220.0,53220.314,2026-09-17T15:12:39.519132+00:00,read,6119,3.652,True,
2662,53240.0,53240.305,2026-09-17T15:12:39.539128+00:00,read,6397,4.439,True,
2663,53260.0,53260.33,2026-09-17T15:12:39.559162+00:00,read,99910,4.221,True,
2664,53280.0,53280.281,2026-09-17T15:12:39.579100+00:00,write,8834,3.255,True,
2665,53300.0,53300.518,2026-09-17T15:12:39.599337+00:00,write,66732,3.051,True,
2666,53320.0,53320.476,2026-09-17T15:12:39.619293+00:00,read,47455,3.179,True,
2667,53340.0,53340.292,2026-09-17T15:12:39.639110+00:00,read,18583,4.386,True,
2668,53360.0,53360.435,2026-09-17T15:12:39.659254+00:00,write,93301,3.267,True,
2669,53380.0,53380.329,2026-09-17T15:12:39.679144+00:00,read,67250,3.42,True,
2670,53400.0,53400.466,2026-09-17T15:12:39.699288+00:00,read,89309,4.577,True,
2671,53420.0,53420.496,2026-09-17T15:12:39.719321+00:00,read,75798,4.042,True,
2672,53440.0,53440.261,2026-09-17T15:12:39.739083+00:00,read,46591,3.546,True,
2673,53460.0,53460.253,2026-09-17T15:12:39.759071+00:00,read,58874,3.77,True,
2674,53480.0,53480.187,2026-09-17T15:12:39.779005+00:00,read,13215,3.482,True,
2675,53500.0,53500.547,2026-09-17T15:12:39.799370+00:00,read,52491,4.25,True,
2676,53520.0,53520.289,2026-09-17T15:12:39.819107+00:00,write,37179,3.315,True,
2677,53540.0,53540.205,2026-09-17T15:12:39.839025+00:00,read,41431,3.483,True,
2678,53560.0,53560.333,2026-09-17T15:12:39.859154+00:00,read,45918,4.684,True,
2679,53580.0,53580.189,2026-09-17T15:12:39.879010+00:00,read,79679,3.509,True,
2680,53600.0,53600.207,2026-09-17T15:12:39.899029+00:00,read,76594,3.66,True,
2681,53620.0,53620.347,2026-09-17T15:12:39.919172+00:00,read,14341,4.722,True,
2682,53640.0,53640.234,2026-09-17T15:12:39.939055+00:00,write,28807,3.332,True,
2683,53660.0,53660.514,2026-09-17T15:12:39.959337+00:00,read,83757,4.551,True,
2684,53680.0,53680.494,2026-09-17T15:12:39.979316+00:00,read,14024,4.153,True,
2685,53700.0,53700.501,2026-09-17T15:12:39.999323+00:00,read,77877,4.115,True,
2686,53720.0,53720.295,2026-09-17T15:12:40.019118+00:00,read,32456,4.583,True,
2687,53740.0,53740.285,2026-09-17T15:12:40.039110+00:00,write,44982,3.453,True,
2688,53760.0,53760.675,2026-09-17T15:12:40.059499+00:00,write,75757,3.527,True,
2689,53780.0,53780.206,2026-09-17T15:12:40.079029+00:00,read,72417,6.177,True,
2690,53800.0,53800.266,2026-09-17T15:12:40.099088+00:00,read,73742,4.043,True,
2691,53820.0,53820.227,2026-09-17T15:12:40.119049+00:00,read,19758,6.09,True,
2692,53840.0,53840.254,2026-09-17T15:12:40.139082+00:00,write,33080,2.666,True,
2693,53860.0,53860.236,2026-09-17T15:12:40.159063+00:00,read,64249,3.761,True,
2694,53880.0,53880.266,2026-09-17T15:12:40.179085+00:00,read,81452,2.881,True,
2695,53900.0,53900.216,2026-09-17T15:12:40.199042+00:00,read,88596,3.28,True,
2696,53920.0,53920.158,2026-09-17T15:12:40.218978+00:00,read,11879,2.305,True,
2697,53940.0,53940.165,2026-09-17T15:12:40.238982+00:00,read,59721,3.136,True,
2698,53960.0,53960.199,2026-09-17T15:12:40.259014+00:00,read,18762,2.384,True,
2699,53980.0,53980.265,2026-09-17T15:12:40.279080+00:00,write,57631,2.285,True,
2700,54000.0,54000.37,2026-09-17T15:12:40.299332+00:00,read,16231,4.983,True,
2701,54020.0,54020.232,2026-09-17T15:12:40.319050+00:00,read,59366,3.732,True,
2702,54040.0,54040.359,2026-09-17T15:12:40.339268+00:00,read,16157,3.44,True,
2703,54060.0,54060.273,2026-09-17T15:12:40.359091+00:00,read,14684,3.296,True,
2704,54080.0,54080.178,2026-09-17T15:12:40.378997+00:00,write,83277,2.494,True,
2705,54100.0,54100.515,2026-09-17T15:12:40.399333+00:00,read,22246,3.698,True,
2706,54120.0,54120.315,2026-09-17T15:12:40.419130+00:00,read,46083,2.428,True,
2707,54140.0,54140.327,2026-09-17T15:12:40.439147+00:00,write,57773,3.15,True,
2708,54160.0,54160.493,2026-09-17T15:12:40.459309+00:00,write,35121,2.954,True,
2709,54180.0,54180.188,2026-09-17T15:12:40.479009+00:00,read,96444,3.738,True,
2710,54200.0,54200.471,2026-09-17T15:12:40.499285+00:00,read,47535,2.399,True,
2711,54220.0,54220.418,2026-09-17T15:12:40.519238+00:00,read,3575,3.759,True,
2712,54240.0,54240.327,2026-09-17T15:12:40.539149+00:00,read,52376,4.744,True,
2713,54260.0,54260.426,2026-09-17T15:12:40.559244+00:00,read,25166,3.209,True,
2714,54280.0,54280.357,2026-09-17T15:12:40.579173+00:00,read,79797,3.31,True,
2715,54300.0,54300.264,2026-09-17T15:12:40.599082+00:00,read,26121,3.155,True,
2716,54320.0,54320.197,2026-09-17T15:12:40.619016+00:00,read,29627,5.543,True,
2717,54340.0,54340.67,2026-09-17T15:12:40.639488+00:00,read,41077,3.39,True,
2718,54360.0,54360.243,2026-09-17T15:12:40.659057+00:00,read,6701,2.881,True,
2719,54380.0,54380.438,2026-09-17T15:12:40.679252+00:00,read,95849,2.791,True,
2720,54400.0,54400.354,2026-09-17T15:12:40.699172+00:00,read,62738,3.554,True,
2721,54420.0,54420.292,2026-09-17T15:12:40.719106+00:00,write,97966,1.978,True,
2722,54440.0,54440.2,2026-09-17T15:12:40.739018+00:00,read,86,6.816,True,
2723,54460.0,54460.649,2026-09-17T15:12:40.759464+00:00,read,26350,2.812,True,
2724,54480.0,54480.279,2026-09-17T15:12:40.779096+00:00,read,38953,4.384,True,
2725,54500.0,54500.42,2026-09-17T15:12:40.799236+00:00,write,42642,3.334,True,
2726,54520.0,54520.179,2026-09-17T15:12:40.818994+00:00,read,90082,2.886,True,
2727,54540.0,54540.271,2026-09-17T15:12:40.839087+00:00,read,6594,3.856,True,
2728,54560.0,54561.278,2026-09-17T15:12:40.860094+00:00,read,4495,10.514,True,
2729,54580.0,54580.342,2026-09-17T15:12:40.879159+00:00,read,88501,3.945,True,
2730,54600.0,54600.259,2026-09-17T15:12:40.899083+00:00,read,86166,5.325,True,
2731,54620.0,54620.252,2026-09-17T15:12:40.915296+00:00,read,67895,4.989,True,
2732,54640.0,54640.367,2026-09-17T15:12:40.935507+00:00,read,63778,4.298,True,
2733,54660.0,54660.172,2026-09-17T15:12:40.955215+00:00,read,68748,4.325,True,
2734,54680.0,54680.181,2026-09-17T15:12:40.975218+00:00,read,12273,3.459,True,
2735,54700.0,54700.266,2026-09-17T15:12:40.995310+00:00,write,79530,3.425,True,
2736,54720.0,54720.488,2026-09-17T15:12:41.015530+00:00,read,36121,4.463,True,
2737,54740.0,54740.275,2026-09-17T15:12:41.035318+00:00,write,9275,3.943,True,
2738,54760.0,54760.271,2026-09-17T15:12:41.055315+00:00,read,84656,3.256,True,
2739,54780.0,54780.224,2026-09-17T15:12:41.075268+00:00,read,36473,4.021,True,
2740,54800.0,54800.351,2026-09-17T15:12:41.095395+00:00,read,38795,5.038,True,
2741,54820.0,54820.288,2026-09-17T15:12:41.115333+00:00,read,99291,3.852,True,
2742,54840.0,54840.222,2026-09-17T15:12:41.135264+00:00,read,40854,5.191,True,
2743,54860.0,54860.193,2026-09-17T15:12:41.155235+00:00,read,24796,4.317,True,
2744,54880.0,54880.187,2026-09-17T15:12:41.175229+00:00,read,53296,4.833,True,
2745,54900.0,54900.214,2026-09-17T15:12:41.195253+00:00,read,16846,3.715,True,
2746,54920.0,54920.206,2026-09-17T15:12:41.215245+00:00,read,59915,5.1,True,
2747,54940.0,54940.168,2026-09-17T15:12:41.235210+00:00,read,66063,4.198,True,
2748,54960.0,54960.178,2026-09-17T15:12:41.255219+00:00,read,97707,3.78,True,
2749,54980.0,54980.26,2026-09-17T15:12:41.275301+00:00,read,58786,2.729,True,
2750,55000.0,55000.195,2026-09-17T15:12:41.295234+00:00,write,57426,2.477,True,
2751,55020.0,55020.295,2026-09-17T15:12:41.315339+00:00,read,55130,2.789,True,
2752,55040.0,55040.484,2026-09-17T15:12:41.335527+00:00,read,53337,3.849,True,
2753,55060.0,55060.179,2026-09-17T15:12:41.355220+00:00,read,94307,3.983,True,
2754,55080.0,55080.689,2026-09-17T15:12:41.375729+00:00,read,19935,3.852,True,
2755,55100.0,55100.355,2026-09-17T15:12:41.395545+00:00,read,99467,4.296,True,
2756,55120.0,55120.333,2026-09-17T15:12:41.415375+00:00,read,73787,4.525,True,
2757,55140.0,55140.288,2026-09-17T15:12:41.435328+00:00,write,72480,3.085,True,
2758,55160.0,55160.285,2026-09-17T15:12:41.455323+00:00,read,2682,2.77,True,
2759,55180.0,55180.258,2026-09-17T15:12:41.475298+00:00,read,89793,3.814,True,
2760,55200.0,55200.316,2026-09-17T15:12:41.495356+00:00,read,53663,3.36,True,
2761,55220.0,55220.537,2026-09-17T15:12:41.515582+00:00,read,81602,3.586,True,
2762,55240.0,55240.35,2026-09-17T15:12:41.535388+00:00,read,14985,3.496,True,
2763,55260.0,55260.355,2026-09-17T15:12:41.555394+00:00,read,74730,3.886,True,
2764,55280.0,55280.341,2026-09-17T15:12:41.575378+00:00,read,11270,2.934,True,
2765,55300.0,55300.15,2026-09-17T15:12:41.595190+00:00,read,69415,3.371,True,
2766,55320.0,55320.356,2026-09-17T15:12:41.615527+00:00,read,42533,5.241,True,
2767,55340.0,55340.306,2026-09-17T15:12:41.635351+00:00,read,56457,4.256,True,
2768,55360.0,55360.341,2026-09-17T15:12:41.655382+00:00,write,87239,2.962,True,
2769,55380.0,55380.226,2026-09-17T15:12:41.675270+00:00,write,2608,3.196,True,
2770,55400.0,55400.495,2026-09-17T15:12:41.695538+00:00,read,99064,4.079,True,
2771,55420.0,55420.26,2026-09-17T15:12:41.715299+00:00,read,47114,3.308,True,
2772,55440.0,55440.303,2026-09-17T15:12:41.735344+00:00,read,7486,3.992,True,
2773,55460.0,55460.249,2026-09-17T15:12:41.755295+00:00,read,25736,3.983,True,
2774,55480.0,55480.287,2026-09-17T15:12:41.775328+00:00,write,17476,2.652,True,
2775,55500.0,55500.277,2026-09-17T15:12:41.795320+00:00,read,79502,3.621,True,
2776,55520.0,55520.26,2026-09-17T15:12:41.815306+00:00,read,94938,4.818,True,
2777,55540.0,55540.35,2026-09-17T15:12:41.835393+00:00,read,91709,3.75,True,
2778,55560.0,55560.266,2026-09-17T15:12:41.855304+00:00,write,91552,2.673,True,
2779,55580.0,55580.464,2026-09-17T15:12:41.875500+00:00,read,73012,3.472,True,
2780,55600.0,55600.465,2026-09-17T15:12:41.895503+00:00,read,61142,2.807,True,
2781,55620.0,55620.303,2026-09-17T15:12:41.915345+00:00,read,35734,4.037,True,
2782,55640.0,55640.228,2026-09-17T15:12:41.935272+00:00,read,63813,3.581,True,
2783,55660.0,55660.253,2026-09-17T15:12:41.955291+00:00,read,83847,3.296,True,
2784,55680.0,55680.266,2026-09-17T15:12:41.975305+00:00,read,80344,3.553,True,
2785,55700.0,55700.283,2026-09-17T15:12:41.995322+00:00,read,41717,3.563,True,
2786,55720.0,55720.283,2026-09-17T15:12:42.015322+00:00,write,43456,3.153,True,
2787,55740.0,55740.237,2026-09-17T15:12:42.035277+00:00,read,43589,3.746,True,
2788,55760.0,55760.184,2026-09-17T15:12:42.055223+00:00,read,41533,2.974,True,
2789,55780.0,55780.188,2026-09-17T15:12:42.075225+00:00,read,95666,3.24,True,
2790,55800.0,55800.277,2026-09-17T15:12:42.095316+00:00,write,17319,2.512,True,
2791,55820.0,55820.273,2026-09-17T15:12:42.115310+00:00,read,17986,3.244,True,
2792,55840.0,55840.248,2026-09-17T15:12:42.135287+00:00,read,7903,3.315,True,
2793,55860.0,55860.245,2026-09-17T15:12:42.155284+00:00,read,30312,4.242,True,
2794,55880.0,55880.512,2026-09-17T15:12:42.175553+00:00,write,67565,3.236,True,
2795,55900.0,55900.304,2026-09-17T15:12:42.195346+00:00,write,15533,3.218,True,
2796,55920.0,55920.256,2026-09-17T15:12:42.215297+00:00,read,32176,4.884,True,
2797,55940.0,55940.319,2026-09-17T15:12:42.235361+00:00,read,34191,5.532,True,
2798,55960.0,55960.339,2026-09-17T15:12:42.255380+00:00,read,85249,5.098,True,
2799,55980.0,55980.224,2026-09-17T15:12:42.275266+00:00,read,60605,3.918,True,
2800,56000.0,56000.205,2026-09-17T15:12:42.295245+00:00,read,22863,4.401,True,
2801,56020.0,56020.236,2026-09-17T15:12:42.315279+00:00,read,61682,3.856,True,
2802,56040.0,56040.544,2026-09-17T15:12:42.335591+00:00,write,69795,3.713,True,
2803,56060.0,56060.274,2026-09-17T15:12:42.355311+00:00,read,81510,4.492,True,
2804,56080.0,56080.168,2026-09-17T15:12:42.375206+00:00,read,60729,2.331,True,
2805,56100.0,56100.132,2026-09-17T15:12:42.395172+00:00,read,3507,3.201,True,
2806,56120.0,56120.324,2026-09-17T15:12:42.415363+00:00,read,11229,2.266,True,
2807,56140.0,56140.302,2026-09-17T15:12:42.435340+00:00,read,2447,1.978,True,
2808,56160.0,56160.269,2026-09-17T15:12:42.455307+00:00,read,14050,3.4,True,
2809,56180.0,56180.213,2026-09-17T15:12:42.475251+00:00,write,19236,2.24,True,
2810,56200.0,56200.256,2026-09-17T15:12:42.495294+00:00,read,55714,2.46,True,
2811,56220.0,56220.466,2026-09-17T15:12:42.515504+00:00,read,28638,3.417,True,
2812,56240.0,56240.199,2026-09-17T15:12:42.535238+00:00,read,83004,3.971,True,
2813,56260.0,56260.26,2026-09-17T15:12:42.555299+00:00,read,71249,3.399,True,
2814,56280.0,56280.278,2026-09-17T15:12:42.575313+00:00,read,28758,2.964,True,
2815,56300.0,56300.234,2026-09-17T15:12:42.595275+00:00,write,68718,2.909,True,
2816,56320.0,56320.475,2026-09-17T15:12:42.615512+00:00,read,45526,3.412,True,
2817,56340.0,56340.461,2026-09-17T15:12:42.635501+00:00,read,21114,4.052,True,
2818,56360.0,56360.244,2026-09-17T15:12:42.655286+00:00,read,17921,3.84,True,
2819,56380.0,56380.672,2026-09-17T15:12:42.675720+00:00,read,6983,4.909,True,
2820,56400.0,56400.518,2026-09-17T15:12:42.695559+00:00,read,29735,4.211,True,
2821,56420.0,56420.314,2026-09-17T15:12:42.715358+00:00,read,91896,4.576,True,
2822,56440.0,56440.26,2026-09-17T15:12:42.735307+00:00,write,36098,3.29,True,
2823,56460.0,56460.238,2026-09-17T15:12:42.755279+00:00,read,80167,4.214,True,
2824,56480.0,56480.23,2026-09-17T15:12:42.775290+00:00,write,36621,2.418,True,
2825,56500.0,56500.159,2026-09-17T15:12:42.795199+00:00,read,59758,3.023,True,
2826,56520.0,56520.3,2026-09-17T15:12:42.815340+00:00,read,18109,3.819,True,
2827,56540.0,56540.299,2026-09-17T15:12:42.835336+00:00,read,89967,3.675,True,
2828,56560.0,56560.165,2026-09-17T15:12:42.855201+00:00,read,94974,4.329,True,
2829,56580.0,56580.249,2026-09-17T15:12:42.875285+00:00,write,14120,2.56,True,
2830,56600.0,56600.256,2026-09-17T15:12:42.895292+00:00,read,30062,3.382,True,
2831,56620.0,56620.147,2026-09-17T15:12:42.915187+00:00,read,21422,3.959,True,
2832,56640.0,56640.48,2026-09-17T15:12:42.935521+00:00,read,21332,3.864,True,
2833,56660.0,56660.287,2026-09-17T15:12:42.955333+00:00,read,74166,4.25,True,
2834,56680.0,56680.22,2026-09-17T15:12:42.975261+00:00,read,83222,3.095,True,
2835,56700.0,56700.188,2026-09-17T15:12:42.995224+00:00,write,95110,1.418,True,
2836,56720.0,56720.438,2026-09-17T15:12:43.015477+00:00,read,1879,2.599,True,
2837,56740.0,56740.254,2026-09-17T15:12:43.035293+00:00,read,16052,4.604,True,
2838,56760.0,56760.49,2026-09-17T15:12:43.055529+00:00,read,50136,3.596,True,
2839,56780.0,56780.262,2026-09-17T15:12:43.075299+00:00,read,23739,3.089,True,
2840,56800.0,56800.369,2026-09-17T15:12:43.095511+00:00,write,47697,3.396,True,
2841,56820.0,56820.303,2026-09-17T15:12:43.115345+00:00,write,71163,3.068,True,
2842,56840.0,56840.364,2026-09-17T15:12:43.135498+00:00,read,73546,4.141,True,
2843,56860.0,56860.191,2026-09-17T15:12:43.155233+00:00,read,88609,3.687,True,
2844,56880.0,56880.335,2026-09-17T15:12:43.175378+00:00,read,39969,4.261,True,
2845,56900.0,56900.26,2026-09-17T15:12:43.195302+00:00,read,58215,4.227,True,
2846,56920.0,56920.343,2026-09-17T15:12:43.215380+00:00,read,68453,3.31,True,
2847,56940.0,56940.214,2026-09-17T15:12:43.235251+00:00,read,94433,3.289,True,
2848,56960.0,56960.149,2026-09-17T15:12:43.255187+00:00,write,54249,2.784,True,
2849,56980.0,56980.265,2026-09-17T15:12:43.275304+00:00,read,21004,3.087,True,
2850,57000.0,57000.487,2026-09-17T15:12:43.295525+00:00,read,38160,4.218,True,
2851,57020.0,57020.299,2026-09-17T15:12:43.315339+00:00,read,39082,3.617,True,
2852,57040.0,57040.281,2026-09-17T15:12:43.335323+00:00,read,95374,3.879,True,
2853,57060.0,57060.271,2026-09-17T15:12:43.355309+00:00,read,11593,3.126,True,
2854,57080.0,57080.457,2026-09-17T15:12:43.375495+00:00,write,64448,2.61,True,
2855,57100.0,57100.493,2026-09-17T15:12:43.395534+00:00,read,68665,3.767,True,
2856,57120.0,57120.572,2026-09-17T15:12:43.415612+00:00,read,28623,4.611,True,
2857,57140.0,57140.175,2026-09-17T15:12:43.435214+00:00,read,61567,3.991,True,
2858,57160.0,57160.204,2026-09-17T15:12:43.455241+00:00,read,12748,3.677,True,
2859,57180.0,57180.204,2026-09-17T15:12:43.475241+00:00,write,86860,2.097,True,
2860,57200.0,57200.177,2026-09-17T15:12:43.495213+00:00,read,80984,3.457,True,
2861,57220.0,57220.261,2026-09-17T15:12:43.515299+00:00,write,98808,1.979,True,
2862,57240.0,57240.333,2026-09-17T15:12:43.535369+00:00,read,38383,3.136,True,
2863,57260.0,57260.255,2026-09-17T15:12:43.555295+00:00,read,63517,2.249,True,
2864,57280.0,57280.283,2026-09-17T15:12:43.575319+00:00,read,81007,3.081,True,
2865,57300.0,57300.361,2026-09-17T15:12:43.595394+00:00,read,7846,1.935,True,
2866,57320.0,57320.205,2026-09-17T15:12:43.615241+00:00,read,70997,3.273,True,
2867,57340.0,57340.269,2026-09-17T15:12:43.635307+00:00,read,73820,3.302,True,
2868,57360.0,57360.339,2026-09-17T15:12:43.655382+00:00,read,11477,3.856,True,
2869,57380.0,57380.455,2026-09-17T15:12:43.675500+00:00,read,99893,4.26,True,
2870,57400.0,57400.235,2026-09-17T15:12:43.695272+00:00,read,59057,3.314,True,
2871,57420.0,57420.259,2026-09-17T15:12:43.715297+00:00,read,58696,3.178,True,
2872,57440.0,57440.278,2026-09-17T15:12:43.735314+00:00,read,87216,3.141,True,
2873,57460.0,57460.246,2026-09-17T15:12:43.755282+00:00,read,76950,2.758,True,
2874,57480.0,57480.163,2026-09-17T15:12:43.775197+00:00,read,28382,2.744,True,
2875,57500.0,57500.17,2026-09-17T15:12:43.795212+00:00,read,42869,2.337,True,
2876,57520.0,57520.246,2026-09-17T15:12:43.815284+00:00,read,82436,2.4,True,
2877,57540.0,57540.256,2026-09-17T15:12:43.835293+00:00,read,30051,3.417,True,
2878,57560.0,57560.263,2026-09-17T15:12:43.855300+00:00,read,31787,3.838,True,
2879,57580.0,57580.192,2026-09-17T15:12:43.875228+00:00,read,13859,3.592,True,
2880,57600.0,57600.265,2026-09-17T15:12:43.895306+00:00,read,79767,3.64,True,
2881,57620.0,57620.48,2026-09-17T15:12:43.915529+00:00,read,64681,4.12,True,
2882,57640.0,57640.236,2026-09-17T15:12:43.935277+00:00,read,16217,4.264,True,
2883,57660.0,57660.444,2026-09-17T15:12:43.955489+00:00,write,77727,2.69,True,
2884,57680.0,57680.308,2026-09-17T15:12:43.975350+00:00,read,23366,3.794,True,
2885,57700.0,57700.209,2026-09-17T15:12:43.995251+00:00,read,63166,4.053,True,
2886,57720.0,57720.312,2026-09-17T15:12:44.015352+00:00,write,13237,2.871,True,
2887,57740.0,57740.2,2026-09-17T15:12:44.035242+00:00,read,74106,3.445,True,
2888,57760.0,57760.239,2026-09-17T15:12:44.055279+00:00,read,8811,3.701,True,
2889,57780.0,57780.183,2026-09-17T15:12:44.075223+00:00,read,58131,4.952,True,
2890,57800.0,57800.242,2026-09-17T15:12:44.095282+00:00,read,44544,3.632,True,
2891,57820.0,57820.46,2026-09-17T15:12:44.115507+00:00,read,39617,3.279,True,
2892,57840.0,57840.219,2026-09-17T15:12:44.135261+00:00,read,20944,4.993,True,
2893,57860.0,57860.263,2026-09-17T15:12:44.155303+00:00,read,85390,4.04,True,
2894,57880.0,57880.494,2026-09-17T15:12:44.175533+00:00,read,92918,3.767,True,
2895,57900.0,57900.499,2026-09-17T15:12:44.195535+00:00,read,79853,4.115,True,
2896,57920.0,57920.138,2026-09-17T15:12:44.215176+00:00,read,28746,3.094,True,
2897,57940.0,57940.266,2026-09-17T15:12:44.235304+00:00,read,29653,3.065,True,
2898,57960.0,57960.2,2026-09-17T15:12:44.255238+00:00,read,94932,3.967,True,
2899,57980.0,57980.293,2026-09-17T15:12:44.275330+00:00,write,11277,2.601,True,
2900,58000.0,58000.28,2026-09-17T15:12:44.295317+00:00,write,45292,2.178,True,
2901,58020.0,58020.193,2026-09-17T15:12:44.315230+00:00,write,76608,2.78,True,
2902,58040.0,58040.226,2026-09-17T15:12:44.335265+00:00,read,82737,3.563,True,
2903,58060.0,58060.233,2026-09-17T15:12:44.355276+00:00,read,93197,4.099,True,
2904,58080.0,58080.423,2026-09-17T15:12:44.375461+00:00,read,80531,3.561,True,
2905,58100.0,58100.199,2026-09-17T15:12:44.395237+00:00,write,9107,2.798,True,
2906,58120.0,58120.317,2026-09-17T15:12:44.415353+00:00,write,14973,2.339,True,
2907,58140.0,58140.209,2026-09-17T15:12:44.435249+00:00,read,11790,4.816,True,
2908,58160.0,58160.238,2026-09-17T15:12:44.455279+00:00,read,86725,4.663,True,
2909,58180.0,58180.524,2026-09-17T15:12:44.475567+00:00,read,94004,5.039,True,
2910,58200.0,58200.238,2026-09-17T15:12:44.495279+00:00,read,42618,4.308,True,
2911,58220.0,58220.289,2026-09-17T15:12:44.515329+00:00,read,74253,4.397,True,
2912,58240.0,58240.276,2026-09-17T15:12:44.535314+00:00,write,69806,2.087,True,
2913,58260.0,58260.199,2026-09-17T15:12:44.555236+00:00,read,42309,4.569,True,
2914,58280.0,58280.278,2026-09-17T15:12:44.575321+00:00,read,42908,3.732,True,
2915,58300.0,58300.311,2026-09-17T15:12:44.595350+00:00,read,95108,3.721,True,
2916,58320.0,58320.185,2026-09-17T15:12:44.615225+00:00,read,77774,2.941,True,
2917,58340.0,58340.281,2026-09-17T15:12:44.635323+00:00,write,51372,3.081,True,
2918,58360.0,58360.155,2026-09-17T15:12:44.655194+00:00,read,14060,3.294,True,
2919,58380.0,58380.34,2026-09-17T15:12:44.675381+00:00,read,99979,3.416,True,
2920,58400.0,58400.205,2026-09-17T15:12:44.695242+00:00,read,35414,4.057,True,
2921,58420.0,58420.283,2026-09-17T15:12:44.715320+00:00,write,90133,2.805,True,
2922,58440.0,58440.202,2026-09-17T15:12:44.735238+00:00,read,42169,4.09,True,
2923,58460.0,58460.413,2026-09-17T15:12:44.755451+00:00,read,74071,3.284,True,
2924,58480.0,58480.296,2026-09-17T15:12:44.775332+00:00,read,62068,3.674,True,
2925,58500.0,58500.438,2026-09-17T15:12:44.795475+00:00,read,40536,4.048,True,
2926,58520.0,58520.222,2026-09-17T15:12:44.815261+00:00,read,4504,4.108,True,
2927,58540.0,58540.215,2026-09-17T15:12:44.835254+00:00,read,46861,3.757,True,
2928,58560.0,58560.494,2026-09-17T15:12:44.855534+00:00,read,11765,3.856,True,
2929,58580.0,58580.325,2026-09-17T15:12:44.875369+00:00,write,36378,3.151,True,
2930,58600.0,58600.462,2026-09-17T15:12:44.895505+00:00,read,74268,5.06,True,
2931,58620.0,58620.205,2026-09-17T15:12:44.915242+00:00,write,18958,3.253,True,
2932,58640.0,58640.195,2026-09-17T15:12:44.935234+00:00,read,4333,3.231,True,
2933,58660.0,58660.22,2026-09-17T15:12:44.955257+00:00,read,2185,3.367,True,
2934,58680.0,58680.26,2026-09-17T15:12:44.975298+00:00,read,9455,3.881,True,
2935,58700.0,58700.207,2026-09-17T15:12:44.995243+00:00,write,62369,2.562,True,
2936,58720.0,58720.262,2026-09-17T15:12:45.015297+00:00,read,70118,2.758,True,
2937,58740.0,58740.247,2026-09-17T15:12:45.035281+00:00,read,18308,2.558,True,
2938,58760.0,58760.304,2026-09-17T15:12:45.055340+00:00,write,42312,2.075,True,
2939,58780.0,58780.161,2026-09-17T15:12:45.075195+00:00,read,74617,1.87,True,
2940,58800.0,58800.408,2026-09-17T15:12:45.095445+00:00,read,55297,3.835,True,
2941,58820.0,58820.504,2026-09-17T15:12:45.115540+00:00,write,62161,3.033,True,
2942,58840.0,58840.484,2026-09-17T15:12:45.135520+00:00,read,53000,3.733,True,
2943,58860.0,58860.148,2026-09-17T15:12:45.155188+00:00,read,96983,4.059,True,
2944,58880.0,58880.267,2026-09-17T15:12:45.175305+00:00,read,68259,3.133,True,
2945,58900.0,58900.274,2026-09-17T15:12:45.195311+00:00,read,78784,3.666,True,
2946,58920.0,58920.421,2026-09-17T15:12:45.215458+00:00,read,21065,4.459,True,
2947,58940.0,58940.194,2026-09-17T15:12:45.235234+00:00,read,2693,3.552,True,
2948,58960.0,58960.241,2026-09-17T15:12:45.255275+00:00,read,54622,2.722,True,
2949,58980.0,58980.256,2026-09-17T15:12:45.275291+00:00,read,85937,2.581,True,
2950,59000.0,59000.264,2026-09-17T15:12:45.295302+00:00,read,18293,4.316,True,
2951,59020.0,59020.202,2026-09-17T15:12:45.315239+00:00,write,61767,2.994,True,
2952,59040.0,59040.343,2026-09-17T15:12:45.335379+00:00,read,67350,3.226,True,
2953,59060.0,59060.5,2026-09-17T15:12:45.355536+00:00,read,37635,4.218,True,
2954,59080.0,59080.268,2026-09-17T15:12:45.375307+00:00,read,68834,3.738,True,
2955,59100.0,59100.365,2026-09-17T15:12:45.395501+00:00,read,12668,3.882,True,
2956,59120.0,59120.359,2026-09-17T15:12:45.415396+00:00,read,3142,3.784,True,
2957,59140.0,59140.236,2026-09-17T15:12:45.435273+00:00,read,9932,3.827,True,
2958,59160.0,59160.352,2026-09-17T15:12:45.455391+00:00,read,71840,3.683,True,
2959,59180.0,59180.272,2026-09-17T15:12:45.475312+00:00,read,50141,3.239,True,
2960,59200.0,59200.196,2026-09-17T15:12:45.495235+00:00,read,75562,3.287,True,
2961,59220.0,59220.159,2026-09-17T15:12:45.515202+00:00,read,51153,4.076,True,
2962,59240.0,59240.356,2026-09-17T15:12:45.535492+00:00,read,33569,4.273,True,
2963,59260.0,59260.244,2026-09-17T15:12:45.555283+00:00,read,5952,3.747,True,
2964,59280.0,59280.283,2026-09-17T15:12:45.575322+00:00,read,45914,3.945,True,
2965,59300.0,59300.277,2026-09-17T15:12:45.595319+00:00,read,44649,3.731,True,
2966,59320.0,59320.266,2026-09-17T15:12:45.615303+00:00,read,49855,3.782,True,
2967,59340.0,59340.265,2026-09-17T15:12:45.635303+00:00,write,36010,2.296,True,
2968,59360.0,59360.17,2026-09-17T15:12:45.655204+00:00,read,90461,1.848,True,
2969,59380.0,59380.304,2026-09-17T15:12:45.675341+00:00,write,3274,2.361,True,
2970,59400.0,59400.204,2026-09-17T15:12:45.695240+00:00,read,51984,3.899,True,
2971,59420.0,59420.247,2026-09-17T15:12:45.715285+00:00,read,30545,3.968,True,
2972,59440.0,59440.181,2026-09-17T15:12:45.735217+00:00,read,94273,3.555,True,
2973,59460.0,59460.268,2026-09-17T15:12:45.755305+00:00,read,91233,3.711,True,
2974,59480.0,59480.323,2026-09-17T15:12:45.775364+00:00,read,69007,3.728,True,
2975,59500.0,59500.294,2026-09-17T15:12:45.795330+00:00,read,70036,5.155,True,
2976,59520.0,59520.275,2026-09-17T15:12:45.815313+00:00,read,2908,4.067,True,
2977,59540.0,59540.355,2026-09-17T15:12:45.835393+00:00,read,16228,3.722,True,
2978,59560.0,59560.22,2026-09-17T15:12:45.855258+00:00,read,89449,3.717,True,
2979,59580.0,59580.43,2026-09-17T15:12:45.875468+00:00,read,72848,4.094,True,
2980,59600.0,59600.278,2026-09-17T15:12:45.895314+00:00,read,49381,3.327,True,
2981,59620.0,59620.514,2026-09-17T15:12:45.915552+00:00,read,80728,3.768,True,
2982,59640.0,59640.49,2026-09-17T15:12:45.935530+00:00,read,24149,3.389,True,
2983,59660.0,59660.34,2026-09-17T15:12:45.955376+00:00,write,4927,2.71,True,
2984,59680.0,59680.252,2026-09-17T15:12:45.975290+00:00,write,87799,2.428,True,
2985,59700.0,59700.275,2026-09-17T15:12:45.995315+00:00,write,10024,3.023,True,
2986,59720.0,59720.27,2026-09-17T15:12:46.015308+00:00,read,77936,3.9,True,
2987,59740.0,59740.203,2026-09-17T15:12:46.035239+00:00,read,95736,3.517,True,
2988,59760.0,59760.34,2026-09-17T15:12:46.055379+00:00,read,97722,3.555,True,
2989,59780.0,59780.498,2026-09-17T15:12:46.075535+00:00,write,53743,2.842,True,
2990,59800.0,59800.416,2026-09-17T15:12:46.095453+00:00,read,30946,4.131,True,
2991,59820.0,59820.195,2026-09-17T15:12:46.115233+00:00,write,37919,2.792,True,
2992,59840.0,59840.488,2026-09-17T15:12:46.135529+00:00,read,27390,3.572,True,
2993,59860.0,59860.186,2026-09-17T15:12:46.155222+00:00,read,73222,6.349,True,
2994,59880.0,59880.343,2026-09-17T15:12:46.175384+00:00,read,94249,3.909,True,
2995,59900.0,59900.303,2026-09-17T15:12:46.195344+00:00,read,96704,4.036,True,
2996,59920.0,59920.315,2026-09-17T15:12:46.215355+00:00,read,7244,4.018,True,
2997,59940.0,59940.401,2026-09-17T15:12:46.235444+00:00,write,92275,3.348,True,
2998,59960.0,59960.32,2026-09-17T15:12:46.255363+00:00,write,57754,3.392,True,
2999,59980.0,59980.356,2026-09-17T15:12:46.275394+00:00,read,11674,3.313,True,
3000,60000.0,60000.276,2026-09-17T15:12:46.295319+00:00,write,20443,2.435,True,
3001,60020.0,60020.286,2026-09-17T15:12:46.315474+00:00,read,73967,4.638,True,
3002,60040.0,60040.315,2026-09-17T15:12:46.335361+00:00,read,67798,5.117,True,
3003,60060.0,60060.306,2026-09-17T15:12:46.355344+00:00,write,66818,2.888,True,
3004,60080.0,60080.148,2026-09-17T15:12:46.375191+00:00,read,89439,2.699,True,
3005,60100.0,60100.154,2026-09-17T15:12:46.395190+00:00,read,50685,3.178,True,
3006,60120.0,60120.253,2026-09-17T15:12:46.415290+00:00,read,10416,3.416,True,
3007,60140.0,60140.289,2026-09-17T15:12:46.435325+00:00,read,77778,4.611,True,
3008,60160.0,60160.287,2026-09-17T15:12:46.455325+00:00,write,90972,3.332,True,
3009,60180.0,60180.173,2026-09-17T15:12:46.475212+00:00,read,71365,3.254,True,
3010,60200.0,60200.277,2026-09-17T15:12:46.495316+00:00,read,82922,3.656,True,
3011,60220.0,60220.15,2026-09-17T15:12:46.515188+00:00,read,5324,3.096,True,
3012,60240.0,60240.493,2026-09-17T15:12:46.535534+00:00,write,37500,2.695,True,
3013,60260.0,60260.492,2026-09-17T15:12:46.555533+00:00,read,21429,3.873,True,
3014,60280.0,60280.448,2026-09-17T15:12:46.575489+00:00,write,7495,3.163,True,
3015,60300.0,60300.423,2026-09-17T15:12:46.595462+00:00,read,11186,4.353,True,
3016,60320.0,60320.482,2026-09-17T15:12:46.615521+00:00,read,26078,3.522,True,
3017,60340.0,60340.281,2026-09-17T15:12:46.635320+00:00,read,40957,3.848,True,
3018,60360.0,60360.199,2026-09-17T15:12:46.655239+00:00,read,9583,3.932,True,
3019,60380.0,60380.321,2026-09-17T15:12:46.675361+00:00,read,40960,3.478,True,
3020,60400.0,60400.223,2026-09-17T15:12:46.695260+00:00,read,98627,3.243,True,
3021,60420.0,60420.311,2026-09-17T15:12:46.715348+00:00,read,97310,3.668,True,
3022,60440.0,60440.191,2026-09-17T15:12:46.735227+00:00,read,44344,2.875,True,
3023,60460.0,60460.234,2026-09-17T15:12:46.755270+00:00,read,15300,3.778,True,
3024,60480.0,60480.222,2026-09-17T15:12:46.775263+00:00,read,24197,4.081,True,
3025,60500.0,60500.352,2026-09-17T15:12:46.795392+00:00,read,56808,3.795,True,
3026,60520.0,60520.262,2026-09-17T15:12:46.815301+00:00,read,36837,3.514,True,
3027,60540.0,60540.175,2026-09-17T15:12:46.835215+00:00,read,52754,3.604,True,
3028,60560.0,60560.497,2026-09-17T15:12:46.855538+00:00,write,10133,2.802,True,
3029,60580.0,60580.26,2026-09-17T15:12:46.875300+00:00,read,50620,3.316,True,
3030,60600.0,60600.313,2026-09-17T15:12:46.895353+00:00,read,54478,3.839,True,
3031,60620.0,60620.502,2026-09-17T15:12:46.915541+00:00,read,78970,3.998,True,
3032,60640.0,60640.47,2026-09-17T15:12:46.935511+00:00,read,57366,4.36,True,
3033,60660.0,60660.26,2026-09-17T15:12:46.955296+00:00,read,22703,3.286,True,
3034,60680.0,60680.198,2026-09-17T15:12:46.975232+00:00,read,531,2.876,True,
3035,60700.0,60700.253,2026-09-17T15:12:46.995288+00:00,write,40168,2.332,True,
3036,60720.0,60720.29,2026-09-17T15:12:47.015329+00:00,read,61873,3.522,True,
3037,60740.0,60740.314,2026-09-17T15:12:47.035355+00:00,read,12480,4.395,True,
3038,60760.0,60760.437,2026-09-17T15:12:47.055478+00:00,write,4925,2.954,True,
3039,60780.0,60780.311,2026-09-17T15:12:47.075352+00:00,read,94769,4.687,True,
3040,60800.0,60800.561,2026-09-17T15:12:47.095605+00:00,read,15561,4.127,True,
3041,60820.0,60820.424,2026-09-17T15:12:47.115464+00:00,read,67326,3.915,True,
3042,60840.0,60840.418,2026-09-17T15:12:47.135458+00:00,read,2458,3.458,True,
3043,60860.0,60860.278,2026-09-17T15:12:47.155319+00:00,read,9509,3.559,True,
3044,60880.0,60880.513,2026-09-17T15:12:47.175553+00:00,read,36283,3.952,True,
3045,60900.0,60900.616,2026-09-17T15:12:47.195655+00:00,read,83590,3.537,True,
3046,60920.0,60920.338,2026-09-17T15:12:47.215380+00:00,read,63782,4.682,True,
3047,60940.0,60940.281,2026-09-17T15:12:47.235321+00:00,write,39758,2.882,True,
3048,60960.0,60960.352,2026-09-17T15:12:47.255390+00:00,write,33835,2.643,True,
3049,60980.0,60980.27,2026-09-17T15:12:47.275308+00:00,write,35480,2.314,True,
3050,61000.0,61000.16,2026-09-17T15:12:47.295199+00:00,read,67139,2.357,True,
3051,61020.0,61020.313,2026-09-17T15:12:47.315352+00:00,write,56608,2.419,True,
3052,61040.0,61040.128,2026-09-17T15:12:47.335166+00:00,read,12351,2.724,True,
3053,61060.0,61060.307,2026-09-17T15:12:47.355345+00:00,read,61257,3.184,True,
3054,61080.0,61080.362,2026-09-17T15:12:47.375482+00:00,read,32782,3.608,True,
3055,61100.0,61100.514,2026-09-17T15:12:47.395555+00:00,read,82269,4.404,True,
3056,61120.0,61120.307,2026-09-17T15:12:47.415344+00:00,read,64510,4.521,True,
3057,61140.0,61140.312,2026-09-17T15:12:47.435347+00:00,read,5135,2.995,True,
3058,61160.0,61160.17,2026-09-17T15:12:47.455205+00:00,read,72142,2.877,True,
3059,61180.0,61180.472,2026-09-17T15:12:47.475509+00:00,read,18878,3.008,True,
3060,61200.0,61200.321,2026-09-17T15:12:47.495360+00:00,read,94108,3.745,True,
3061,61220.0,61220.279,2026-09-17T15:12:47.515318+00:00,read,68588,3.52,True,
3062,61240.0,61240.483,2026-09-17T15:12:47.535522+00:00,read,54115,3.547,True,
3063,61260.0,61260.469,2026-09-17T15:12:47.555504+00:00,read,3205,3.322,True,
3064,61280.0,61280.215,2026-09-17T15:12:47.575254+00:00,write,56011,2.796,True,
3065,61300.0,61300.309,2026-09-17T15:12:47.595353+00:00,read,33021,4.178,True,
3066,61320.0,61320.257,2026-09-17T15:12:47.615299+00:00,read,43647,4.239,True,
3067,61340.0,61340.291,2026-09-17T15:12:47.635330+00:00,write,26312,3.02,True,
3068,61360.0,61360.404,2026-09-17T15:12:47.655442+00:00,write,93314,2.548,True,
3069,61380.0,61380.489,2026-09-17T15:12:47.675532+00:00,read,87303,4.095,True,
3070,61400.0,61400.532,2026-09-17T15:12:47.695573+00:00,read,22182,3.955,True,
3071,61420.0,61420.231,2026-09-17T15:12:47.715272+00:00,read,6149,3.688,True,
3072,61440.0,61440.361,2026-09-17T15:12:47.735504+00:00,write,85658,2.719,True,
3073,61460.0,61460.291,2026-09-17T15:12:47.755334+00:00,read,56508,4.312,True,
3074,61480.0,61480.266,2026-09-17T15:12:47.775310+00:00,read,32766,4.327,True,
3075,61500.0,61500.354,2026-09-17T15:12:47.795520+00:00,read,45527,4.93,True,
3076,61520.0,61520.233,2026-09-17T15:12:47.815279+00:00,read,32934,4.339,True,
3077,61540.0,61540.28,2026-09-17T15:12:47.835322+00:00,read,53588,3.924,True,
3078,61560.0,61560.221,2026-09-17T15:12:47.855262+00:00,read,34012,4.574,True,
3079,61580.0,61580.434,2026-09-17T15:12:47.875472+00:00,read,99716,3.198,True,
3080,61600.0,61600.576,2026-09-17T15:12:47.895615+00:00,read,61458,3.636,True,
3081,61620.0,61620.452,2026-09-17T15:12:47.915490+00:00,read,8320,4.027,True,
3082,61640.0,61640.28,2026-09-17T15:12:47.935319+00:00,read,23818,3.559,True,
3083,61660.0,61660.165,2026-09-17T15:12:47.955203+00:00,write,68736,2.359,True,
3084,61680.0,61680.265,2026-09-17T15:12:47.975305+00:00,read,42952,3.38,True,
3085,61700.0,61700.214,2026-09-17T15:12:47.995254+00:00,read,16593,3.733,True,
3086,61720.0,61720.324,2026-09-17T15:12:48.015363+00:00,read,17155,3.923,True,
3087,61740.0,61740.291,2026-09-17T15:12:48.035327+00:00,read,4045,3.591,True,
3088,61760.0,61760.181,2026-09-17T15:12:48.055218+00:00,read,90727,3.227,True,
3089,61780.0,61780.712,2026-09-17T15:12:48.075748+00:00,read,77776,2.806,True,
3090,61800.0,61800.444,2026-09-17T15:12:48.095482+00:00,read,5021,2.909,True,
3091,61820.0,61820.345,2026-09-17T15:12:48.115380+00:00,read,86838,2.134,True,
3092,61840.0,61840.275,2026-09-17T15:12:48.135310+00:00,read,25249,2.684,True,
3093,61860.0,61860.301,2026-09-17T15:12:48.155342+00:00,read,33415,3.358,True,
3094,61880.0,61880.281,2026-09-17T15:12:48.175322+00:00,read,54074,3.466,True,
3095,61900.0,61900.365,2026-09-17T15:12:48.195487+00:00,read,42233,3.63,True,
3096,61920.0,61920.276,2026-09-17T15:12:48.215313+00:00,read,62981,3.045,True,
3097,61940.0,61940.324,2026-09-17T15:12:48.235362+00:00,read,32245,3.231,True,
3098,61960.0,61960.283,2026-09-17T15:12:48.255321+00:00,write,19681,2.389,True,
3099,61980.0,61980.254,2026-09-17T15:12:48.275298+00:00,read,86089,3.987,True,
3100,62000.0,62000.206,2026-09-17T15:12:48.295246+00:00,read,44709,3.843,True,
3101,62020.0,62020.48,2026-09-17T15:12:48.315521+00:00,read,33004,4.019,True,
3102,62040.0,62040.244,2026-09-17T15:12:48.335283+00:00,write,62123,2.767,True,
3103,62060.0,62060.216,2026-09-17T15:12:48.355261+00:00,write,52091,4.12,True,
3104,62080.0,62080.342,2026-09-17T15:12:48.375380+00:00,read,39566,4.638,True,
3105,62100.0,62100.209,2026-09-17T15:12:48.395249+00:00,read,27898,3.722,True,
3106,62120.0,62120.261,2026-09-17T15:12:48.415299+00:00,read,4848,3.215,True,
3107,62140.0,62140.342,2026-09-17T15:12:48.435381+00:00,read,96344,3.762,True,
3108,62160.0,62160.211,2026-09-17T15:12:48.455252+00:00,read,8921,5.284,True,
3109,62180.0,62180.326,2026-09-17T15:12:48.475366+00:00,read,77062,3.805,True,
3110,62200.0,62200.261,2026-09-17T15:12:48.495304+00:00,read,70573,4.269,True,
3111,62220.0,62220.225,2026-09-17T15:12:48.515268+00:00,read,80285,5.017,True,
3112,62240.0,62240.288,2026-09-17T15:12:48.535330+00:00,read,63089,4.79,True,
3113,62260.0,62260.313,2026-09-17T15:12:48.555351+00:00,read,79123,4.473,True,
3114,62280.0,62280.207,2026-09-17T15:12:48.575249+00:00,read,16708,4.091,True,
3115,62300.0,62300.211,2026-09-17T15:12:48.595250+00:00,read,76455,3.715,True,
3116,62320.0,62320.251,2026-09-17T15:12:48.615292+00:00,read,41674,3.811,True,
3117,62340.0,62340.227,2026-09-17T15:12:48.635268+00:00,read,71232,4.688,True,
3118,62360.0,62360.312,2026-09-17T15:12:48.655353+00:00,read,83435,4.404,True,
3119,62380.0,62380.141,2026-09-17T15:12:48.675176+00:00,read,85007,2.364,True,
3120,62400.0,62400.269,2026-09-17T15:12:48.695306+00:00,read,56586,4.023,True,
3121,62420.0,62420.427,2026-09-17T15:12:48.715464+00:00,read,68350,2.222,True,
3122,62440.0,62440.229,2026-09-17T15:12:48.735265+00:00,write,18918,1.731,True,
3123,62460.0,62460.163,2026-09-17T15:12:48.755199+00:00,write,87069,1.664,True,
3124,62480.0,62480.265,2026-09-17T15:12:48.775305+00:00,read,70238,4.472,True,
3125,62500.0,62500.274,2026-09-17T15:12:48.795317+00:00,read,4942,3.871,True,
3126,62520.0,62520.213,2026-09-17T15:12:48.815255+00:00,read,74831,3.73,True,
3127,62540.0,62540.214,2026-09-17T15:12:48.835258+00:00,read,22800,4.11,True,
3128,62560.0,62560.195,2026-09-17T15:12:48.855235+00:00,read,17256,3.794,True,
3129,62580.0,62580.24,2026-09-17T15:12:48.875282+00:00,read,21268,4.517,True,
3130,62600.0,62600.319,2026-09-17T15:12:48.895364+00:00,read,20211,4.823,True,
3131,62620.0,62620.342,2026-09-17T15:12:48.915507+00:00,read,60981,4.639,True,
3132,62640.0,62640.219,2026-09-17T15:12:48.935262+00:00,read,32413,4.91,True,
3133,62660.0,62660.181,2026-09-17T15:12:48.955227+00:00,read,45985,5.231,True,
3134,62680.0,62680.473,2026-09-17T15:12:48.975518+00:00,read,12583,4.746,True,
3135,62700.0,62700.122,2026-09-17T15:12:48.995161+00:00,read,54565,3.478,True,
3136,62720.0,62720.135,2026-09-17T15:12:49.015174+00:00,read,13040,2.23,True,
3137,62740.0,62740.148,2026-09-17T15:12:49.035188+00:00,read,31574,3.563,True,
3138,62760.0,62760.215,2026-09-17T15:12:49.055254+00:00,read,71858,3.99,True,
3139,62780.0,62780.12,2026-09-17T15:12:49.075159+00:00,read,27267,3.198,True,
3140,62800.0,62800.158,2026-09-17T15:12:49.095200+00:00,read,8953,3.558,True,
3141,62820.0,62820.169,2026-09-17T15:12:49.115207+00:00,read,15766,2.787,True,
3142,62840.0,62840.246,2026-09-17T15:12:49.135286+00:00,read,93060,3.15,True,
3143,62860.0,62860.285,2026-09-17T15:12:49.155321+00:00,read,14193,3.413,True,
3144,62880.0,62880.256,2026-09-17T15:12:49.175292+00:00,read,98664,2.634,True,
3145,62900.0,62900.49,2026-09-17T15:12:49.195527+00:00,read,94732,2.928,True,
3146,62920.0,62920.275,2026-09-17T15:12:49.215311+00:00,write,79058,3.204,True,
3147,62940.0,62940.415,2026-09-17T15:12:49.235451+00:00,write,72786,2.956,True,
3148,62960.0,62960.194,2026-09-17T15:12:49.255230+00:00,read,21808,6.091,True,
3149,62980.0,62980.265,2026-09-17T15:12:49.275306+00:00,read,86712,4.233,True,
3150,63000.0,63000.457,2026-09-17T15:12:49.295500+00:00,write,29771,3.041,True,
3151,63020.0,63020.309,2026-09-17T15:12:49.315350+00:00,read,33416,4.054,True,
3152,63040.0,63040.166,2026-09-17T15:12:49.335202+00:00,read,10817,3.093,True,
3153,63060.0,63060.314,2026-09-17T15:12:49.355353+00:00,read,31396,4.232,True,
3154,63080.0,63080.144,2026-09-17T15:12:49.375185+00:00,read,56266,5.472,True,
3155,63100.0,63100.551,2026-09-17T15:12:49.395593+00:00,read,2709,3.443,True,
3156,63120.0,63120.505,2026-09-17T15:12:49.415548+00:00,write,56665,3.095,True,
3157,63140.0,63140.181,2026-09-17T15:12:49.435223+00:00,read,74514,3.56,True,
3158,63160.0,63160.473,2026-09-17T15:12:49.455510+00:00,read,97580,3.172,True,
3159,63180.0,63180.448,2026-09-17T15:12:49.475488+00:00,read,36756,3.664,True,
3160,63200.0,63200.261,2026-09-17T15:12:49.495303+00:00,write,6978,3.174,True,
3161,63220.0,63220.147,2026-09-17T15:12:49.515186+00:00,write,1927,2.97,True,
3162,63240.0,63240.193,2026-09-17T15:12:49.535232+00:00,read,18124,3.902,True,
3163,63260.0,63260.464,2026-09-17T15:12:49.555502+00:00,read,52709,4.283,True,
3164,63280.0,63280.345,2026-09-17T15:12:49.575382+00:00,write,19504,2.891,True,
3165,63300.0,63300.223,2026-09-17T15:12:49.595265+00:00,read,8436,3.822,True,
3166,63320.0,63320.214,2026-09-17T15:12:49.615254+00:00,read,62876,5.552,True,
3167,63340.0,63340.355,2026-09-17T15:12:49.635392+00:00,read,83843,3.514,True,
3168,63360.0,63360.213,2026-09-17T15:12:49.655253+00:00,write,43760,3.106,True,
3169,63380.0,63380.28,2026-09-17T15:12:49.675323+00:00,read,85937,4.235,True,
3170,63400.0,63400.267,2026-09-17T15:12:49.695310+00:00,read,94059,4.027,True,
3171,63420.0,63420.284,2026-09-17T15:12:49.715325+00:00,read,51619,3.76,True,
3172,63440.0,63440.279,2026-09-17T15:12:49.735317+00:00,read,92706,3.357,True,
3173,63460.0,63460.221,2026-09-17T15:12:49.755257+00:00,read,62970,3.427,True,
3174,63480.0,63480.247,2026-09-17T15:12:49.775283+00:00,read,69857,2.768,True,
3175,63500.0,63500.251,2026-09-17T15:12:49.795289+00:00,read,46826,2.75,True,
3176,63520.0,63520.218,2026-09-17T15:12:49.815259+00:00,read,99821,3.59,True,
3177,63540.0,63540.289,2026-09-17T15:12:49.835326+00:00,read,79484,3.147,True,
3178,63560.0,63560.431,2026-09-17T15:12:49.855468+00:00,read,77645,4.048,True,
3179,63580.0,63580.451,2026-09-17T15:12:49.875492+00:00,read,68938,4.182,True,
3180,63600.0,63600.468,2026-09-17T15:12:49.895510+00:00,read,32249,3.79,True,
3181,63620.0,63620.211,2026-09-17T15:12:49.915250+00:00,read,54198,4.051,True,
3182,63640.0,63640.189,2026-09-17T15:12:49.935232+00:00,read,72664,3.58,True,
3183,63660.0,63660.186,2026-09-17T15:12:49.955225+00:00,write,24557,2.698,True,
3184,63680.0,63680.451,2026-09-17T15:12:49.975490+00:00,read,43529,3.575,True,
3185,63700.0,63700.234,2026-09-17T15:12:49.995275+00:00,write,11153,3.252,True,
3186,63720.0,63720.469,2026-09-17T15:12:50.015505+00:00,read,51292,3.559,True,
3187,63740.0,63740.149,2026-09-17T15:12:50.035186+00:00,read,1369,3.458,True,
3188,63760.0,63760.314,2026-09-17T15:12:50.055363+00:00,write,23233,2.973,True,
3189,63780.0,63780.412,2026-09-17T15:12:50.075448+00:00,read,12685,3.485,True,
3190,63800.0,63800.474,2026-09-17T15:12:50.095514+00:00,read,85630,3.719,True,
3191,63820.0,63820.193,2026-09-17T15:12:50.115235+00:00,read,40346,3.796,True,
3192,63840.0,63840.443,2026-09-17T15:12:50.135484+00:00,read,99575,4.379,True,
3193,63860.0,63860.225,2026-09-17T15:12:50.155263+00:00,read,41037,3.652,True,
3194,63880.0,63880.275,2026-09-17T15:12:50.175313+00:00,read,55518,3.537,True,
3195,63900.0,63900.206,2026-09-17T15:12:50.195244+00:00,read,14833,4.105,True,
3196,63920.0,63920.54,2026-09-17T15:12:50.215580+00:00,read,70569,3.722,True,
3197,63940.0,63940.513,2026-09-17T15:12:50.235549+00:00,read,13597,4.018,True,
3198,63960.0,63960.328,2026-09-17T15:12:50.255366+00:00,read,11201,4.128,True,
3199,63980.0,63980.287,2026-09-17T15:12:50.275325+00:00,read,62674,3.608,True,
3200,64000.0,64000.245,2026-09-17T15:12:50.295287+00:00,read,57299,3.698,True,
3201,64020.0,64020.321,2026-09-17T15:12:50.315359+00:00,write,75406,3.104,True,
3202,64040.0,64040.215,2026-09-17T15:12:50.335255+00:00,write,89378,3.236,True,
3203,64060.0,64060.272,2026-09-17T15:12:50.355308+00:00,read,2877,2.876,True,
3204,64080.0,64080.306,2026-09-17T15:12:50.375343+00:00,write,98223,2.712,True,
3205,64100.0,64100.173,2026-09-17T15:12:50.395214+00:00,read,62062,8.541,True,
3206,64120.0,64120.52,2026-09-17T15:12:50.415564+00:00,read,34291,4.205,True,
3207,64140.0,64140.312,2026-09-17T15:12:50.435356+00:00,read,69708,4.676,True,
3208,64160.0,64160.367,2026-09-17T15:12:50.455513+00:00,read,83221,3.497,True,
3209,64180.0,64180.256,2026-09-17T15:12:50.475297+00:00,read,3118,3.75,True,
3210,64200.0,64200.317,2026-09-17T15:12:50.495361+00:00,read,61153,4.214,True,
3211,64220.0,64220.433,2026-09-17T15:12:50.515477+00:00,read,13432,4.033,True,
3212,64240.0,64240.282,2026-09-17T15:12:50.535325+00:00,write,99546,3.052,True,
3213,64260.0,64260.306,2026-09-17T15:12:50.555351+00:00,read,12205,4.79,True,
3214,64280.0,64280.184,2026-09-17T15:12:50.575227+00:00,write,64845,2.944,True,
3215,64300.0,64300.215,2026-09-17T15:12:50.595259+00:00,read,97387,5.072,True,
3216,64320.0,64320.443,2026-09-17T15:12:50.615484+00:00,read,21967,4.069,True,
3217,64340.0,64340.317,2026-09-17T15:12:50.635358+00:00,read,85755,3.688,True,
3218,64360.0,64360.295,2026-09-17T15:12:50.655335+00:00,read,60356,3.838,True,
3219,64380.0,64380.28,2026-09-17T15:12:50.675319+00:00,read,98154,3.754,True,
3220,64400.0,64400.276,2026-09-17T15:12:50.695315+00:00,write,56727,3.327,True,
3221,64420.0,64420.304,2026-09-17T15:12:50.715348+00:00,read,62974,5.028,True,
3222,64440.0,64440.305,2026-09-17T15:12:50.735347+00:00,read,83142,4.407,True,
3223,64460.0,64460.483,2026-09-17T15:12:50.755524+00:00,write,15762,2.984,True,
3224,64480.0,64480.28,2026-09-17T15:12:50.775320+00:00,read,29641,3.48,True,
3225,64500.0,64500.425,2026-09-17T15:12:50.795467+00:00,read,82701,5.778,True,
3226,64520.0,64520.502,2026-09-17T15:12:50.815544+00:00,read,33581,3.989,True,
3227,64540.0,64540.2,2026-09-17T15:12:50.835242+00:00,read,22146,3.252,True,
3228,64560.0,64560.41,2026-09-17T15:12:50.855450+00:00,write,75358,3.104,True,
3229,64580.0,64580.185,2026-09-17T15:12:50.875224+00:00,read,40325,3.66,True,
3230,64600.0,64600.362,2026-09-17T15:12:50.895500+00:00,read,67706,3.776,True,
3231,64620.0,64620.478,2026-09-17T15:12:50.915515+00:00,read,9859,4.011,True,
3232,64640.0,64640.296,2026-09-17T15:12:50.935336+00:00,write,62074,2.342,True,
3233,64660.0,64660.204,2026-09-17T15:12:50.955245+00:00,write,49990,3.017,True,
3234,64680.0,64680.349,2026-09-17T15:12:50.975386+00:00,read,95049,3.127,True,
3235,64700.0,64700.201,2026-09-17T15:12:50.995237+00:00,read,84895,2.918,True,
3236,64720.0,64720.303,2026-09-17T15:12:51.015336+00:00,read,96554,2.473,True,
3237,64740.0,64740.466,2026-09-17T15:12:51.035502+00:00,read,98491,2.8,True,
3238,64760.0,64760.357,2026-09-17T15:12:51.055396+00:00,read,71619,3.324,True,
3239,64780.0,64780.262,2026-09-17T15:12:51.075303+00:00,read,37633,3.398,True,
3240,64800.0,64800.203,2026-09-17T15:12:51.095244+00:00,read,34587,3.833,True,
3241,64820.0,64820.436,2026-09-17T15:12:51.115480+00:00,read,92480,3.532,True,
3242,64840.0,64840.282,2026-09-17T15:12:51.135327+00:00,read,99910,3.414,True,
3243,64860.0,64860.317,2026-09-17T15:12:51.155360+00:00,read,64873,4.411,True,
3244,64880.0,64880.261,2026-09-17T15:12:51.175305+00:00,read,88242,3.982,True,
3245,64900.0,64900.306,2026-09-17T15:12:51.195351+00:00,read,68924,3.632,True,
3246,64920.0,64920.475,2026-09-17T15:12:51.215515+00:00,write,19134,3.5,True,
3247,64940.0,64940.501,2026-09-17T15:12:51.235545+00:00,read,92328,5.277,True,
3248,64960.0,64960.251,2026-09-17T15:12:51.255289+00:00,read,94809,3.687,True,
3249,64980.0,64980.194,2026-09-17T15:12:51.275239+00:00,read,79605,5.343,True,
3250,65000.0,65000.158,2026-09-17T15:12:51.295197+00:00,read,1119,4.146,True,
3251,65020.0,65020.267,2026-09-17T15:12:51.315310+00:00,write,67315,3.296,True,
3252,65040.0,65040.191,2026-09-17T15:12:51.335233+00:00,read,39337,3.491,True,
3253,65060.0,65060.434,2026-09-17T15:12:51.355474+00:00,write,69988,3.047,True,
3254,65080.0,65080.265,2026-09-17T15:12:51.375303+00:00,write,86902,2.853,True,
3255,65100.0,65100.166,2026-09-17T15:12:51.395202+00:00,read,75420,3.382,True,
3256,65120.0,65120.271,2026-09-17T15:12:51.415311+00:00,read,40498,3.678,True,
3257,65140.0,65140.77,2026-09-17T15:12:51.435812+00:00,read,41515,3.365,True,
3258,65160.0,65160.447,2026-09-17T15:12:51.455484+00:00,read,72606,2.76,True,
3259,65180.0,65180.269,2026-09-17T15:12:51.475304+00:00,read,12462,3.011,True,
3260,65200.0,65200.178,2026-09-17T15:12:51.495215+00:00,read,60493,2.818,True,
3261,65220.0,65220.365,2026-09-17T15:12:51.515507+00:00,write,61299,2.807,True,
3262,65240.0,65240.284,2026-09-17T15:12:51.535321+00:00,read,1274,3.154,True,
3263,65260.0,65260.265,2026-09-17T15:12:51.555303+00:00,read,24967,3.295,True,
3264,65280.0,65280.257,2026-09-17T15:12:51.575292+00:00,read,70828,3.262,True,
3265,65300.0,65300.272,2026-09-17T15:12:51.595310+00:00,read,17748,3.691,True,
3266,65320.0,65320.264,2026-09-17T15:12:51.615305+00:00,read,44659,3.842,True,
3267,65340.0,65340.319,2026-09-17T15:12:51.635359+00:00,read,72291,3.836,True,
3268,65360.0,65360.319,2026-09-17T15:12:51.655360+00:00,read,12460,2.936,True,
3269,65380.0,65380.214,2026-09-17T15:12:51.675250+00:00,read,55184,2.246,True,
3270,65400.0,65400.282,2026-09-17T15:12:51.695322+00:00,read,80438,3.504,True,
3271,65420.0,65420.168,2026-09-17T15:12:51.715207+00:00,read,92493,3.591,True,
3272,65440.0,65440.223,2026-09-17T15:12:51.735264+00:00,read,26355,3.68,True,
3273,65460.0,65460.219,2026-09-17T15:12:51.755260+00:00,write,63749,2.88,True,
3274,65480.0,65480.264,2026-09-17T15:12:51.775304+00:00,read,40051,3.815,True,
3275,65500.0,65500.169,2026-09-17T15:12:51.795205+00:00,write,80549,2.397,True,
3276,65520.0,65520.532,2026-09-17T15:12:51.815574+00:00,read,22590,4.072,True,
3277,65540.0,65540.294,2026-09-17T15:12:51.835335+00:00,read,30661,3.275,True,
3278,65560.0,65560.462,2026-09-17T15:12:51.855500+00:00,read,70831,3.749,True,
3279,65580.0,65580.497,2026-09-17T15:12:51.875535+00:00,write,26304,3.113,True,
3280,65600.0,65600.268,2026-09-17T15:12:51.895304+00:00,write,9777,3.506,True,
3281,65620.0,65620.347,2026-09-17T15:12:51.915385+00:00,read,15940,3.429,True,
3282,65640.0,65640.315,2026-09-17T15:12:51.935351+00:00,read,29300,3.473,True,
3283,65660.0,65660.263,2026-09-17T15:12:51.955300+00:00,read,15017,3.955,True,
3284,65680.0,65680.222,2026-09-17T15:12:51.975266+00:00,write,13272,2.915,True,
3285,65700.0,65700.235,2026-09-17T15:12:51.995272+00:00,read,73208,3.293,True,
3286,65720.0,65720.282,2026-09-17T15:12:52.015318+00:00,read,3085,3.396,True,
3287,65740.0,65740.302,2026-09-17T15:12:52.035335+00:00,read,97210,2.131,True,
3288,65760.0,65760.226,2026-09-17T15:12:52.055265+00:00,read,2748,2.55,True,
3289,65780.0,65780.211,2026-09-17T15:12:52.075249+00:00,read,74658,2.262,True,
3290,65800.0,65800.216,2026-09-17T15:12:52.095253+00:00,read,51424,1.723,True,
3291,65820.0,65820.164,2026-09-17T15:12:52.115201+00:00,read,49059,2.127,True,
3292,65840.0,65840.141,2026-09-17T15:12:52.135175+00:00,read,23106,1.86,True,
3293,65860.0,65860.293,2026-09-17T15:12:52.155330+00:00,read,42563,2.813,True,
3294,65880.0,65880.198,2026-09-17T15:12:52.175233+00:00,read,6540,2.902,True,
3295,65900.0,65900.272,2026-09-17T15:12:52.195307+00:00,read,96266,3.551,True,
3296,65920.0,65920.248,2026-09-17T15:12:52.215283+00:00,read,7591,2.48,True,
3297,65940.0,65940.258,2026-09-17T15:12:52.235295+00:00,read,50423,3.269,True,
3298,65960.0,65960.223,2026-09-17T15:12:52.255261+00:00,read,89504,2.365,True,
3299,65980.0,65980.144,2026-09-17T15:12:52.275178+00:00,read,58994,1.965,True,
3300,66000.0,66000.211,2026-09-17T15:12:52.295249+00:00,read,83972,2.275,True,
3301,66020.0,66020.156,2026-09-17T15:12:52.315189+00:00,read,50147,1.82,True,
3302,66040.0,66040.158,2026-09-17T15:12:52.335193+00:00,read,75164,2.611,True,
3303,66060.0,66060.184,2026-09-17T15:12:52.355216+00:00,read,57483,2.495,True,
3304,66080.0,66080.239,2026-09-17T15:12:52.375276+00:00,read,86385,3.376,True,
3305,66100.0,66100.364,2026-09-17T15:12:52.395486+00:00,read,21564,2.89,True,
3306,66120.0,66120.236,2026-09-17T15:12:52.415271+00:00,read,6579,2.798,True,
3307,66140.0,66140.258,2026-09-17T15:12:52.435301+00:00,read,38732,3.877,True,
3308,66160.0,66160.178,2026-09-17T15:12:52.455219+00:00,read,736,4.003,True,
3309,66180.0,66180.271,2026-09-17T15:12:52.475312+00:00,read,94629,4.354,True,
3310,66200.0,66200.481,2026-09-17T15:12:52.495523+00:00,read,83827,4.092,True,
3311,66220.0,66220.342,2026-09-17T15:12:52.515383+00:00,read,1498,3.805,True,
3312,66240.0,66240.226,2026-09-17T15:12:52.535268+00:00,read,97778,4.032,True,
3313,66260.0,66260.277,2026-09-17T15:12:52.555317+00:00,read,26337,3.699,True,
3314,66280.0,66280.219,2026-09-17T15:12:52.575260+00:00,read,68573,3.959,True,
3315,66300.0,66300.272,2026-09-17T15:12:52.595309+00:00,read,70613,3.478,True,
3316,66320.0,66320.159,2026-09-17T15:12:52.615195+00:00,read,84623,2.349,True,
3317,66340.0,66340.123,2026-09-17T15:12:52.635156+00:00,read,34906,1.824,True,
3318,66360.0,66360.165,2026-09-17T15:12:52.655201+00:00,read,49236,2.379,True,
3319,66380.0,66380.195,2026-09-17T15:12:52.675233+00:00,read,36725,4.128,True,
3320,66400.0,66400.254,2026-09-17T15:12:52.695294+00:00,read,85164,3.653,True,
3321,66420.0,66420.199,2026-09-17T15:12:52.715236+00:00,read,90937,2.016,True,
3322,66440.0,66440.138,2026-09-17T15:12:52.735177+00:00,read,67369,3.563,True,
3323,66460.0,66460.146,2026-09-17T15:12:52.755185+00:00,read,4528,3.997,True,
3324,66480.0,66480.171,2026-09-17T15:12:52.775212+00:00,write,59278,3.369,True,
3325,66500.0,66500.303,2026-09-17T15:12:52.795349+00:00,read,51901,4.001,True,
3326,66520.0,66520.182,2026-09-17T15:12:52.815220+00:00,read,47034,3.56,True,
3327,66540.0,66540.171,2026-09-17T15:12:52.835208+00:00,read,90395,3.478,True,
3328,66560.0,66560.28,2026-09-17T15:12:52.855317+00:00,read,32694,3.32,True,
3329,66580.0,66580.48,2026-09-17T15:12:52.875518+00:00,read,87315,3.405,True,
3330,66600.0,66600.399,2026-09-17T15:12:52.895436+00:00,read,62551,3.489,True,
3331,66620.0,66620.268,2026-09-17T15:12:52.915305+00:00,read,15169,3.337,True,
3332,66640.0,66640.359,2026-09-17T15:12:52.935396+00:00,read,7983,4.327,True,
3333,66660.0,66660.482,2026-09-17T15:12:52.955520+00:00,write,90129,3.066,True,
3334,66680.0,66680.221,2026-09-17T15:12:52.975258+00:00,read,50486,2.667,True,
3335,66700.0,66700.304,2026-09-17T15:12:52.995343+00:00,write,81359,2.91,True,
3336,66720.0,66720.283,2026-09-17T15:12:53.015325+00:00,read,59846,3.859,True,
3337,66740.0,66740.253,2026-09-17T15:12:53.035292+00:00,read,86816,3.568,True,
3338,66760.0,66760.205,2026-09-17T15:12:53.055243+00:00,read,52394,3.325,True,
3339,66780.0,66780.224,2026-09-17T15:12:53.075259+00:00,read,36714,3.071,True,
3340,66800.0,66800.234,2026-09-17T15:12:53.095269+00:00,read,81249,2.944,True,
3341,66820.0,66820.308,2026-09-17T15:12:53.115340+00:00,read,38294,1.865,True,
3342,66840.0,66840.282,2026-09-17T15:12:53.135315+00:00,read,69647,1.806,True,
3343,66860.0,66860.297,2026-09-17T15:12:53.155334+00:00,write,55105,2.59,True,
3344,66880.0,66880.251,2026-09-17T15:12:53.175287+00:00,read,42033,3.636,True,
3345,66900.0,66900.232,2026-09-17T15:12:53.195270+00:00,read,14722,3.847,True,
3346,66920.0,66920.503,2026-09-17T15:12:53.215543+00:00,write,23279,2.834,True,
3347,66940.0,66940.26,2026-09-17T15:12:53.235296+00:00,read,18391,2.955,True,
3348,66960.0,66960.177,2026-09-17T15:12:53.255211+00:00,read,7408,2.619,True,
3349,66980.0,66980.464,2026-09-17T15:12:53.275539+00:00,read,53315,3.286,True,
3350,67000.0,67000.213,2026-09-17T15:12:53.295250+00:00,read,38858,2.235,True,
3351,67020.0,67020.33,2026-09-17T15:12:53.315368+00:00,read,23389,3.722,True,
3352,67040.0,67040.169,2026-09-17T15:12:53.335209+00:00,read,34717,3.703,True,
3353,67060.0,67060.197,2026-09-17T15:12:53.355235+00:00,read,53342,2.894,True,
3354,67080.0,67080.157,2026-09-17T15:12:53.375193+00:00,read,24661,3.044,True,
3355,67100.0,67100.252,2026-09-17T15:12:53.395288+00:00,read,99957,2.722,True,
3356,67120.0,67120.158,2026-09-17T15:12:53.415192+00:00,read,20954,3.294,True,
3357,67140.0,67140.26,2026-09-17T15:12:53.435300+00:00,read,25644,2.903,True,
3358,67160.0,67160.183,2026-09-17T15:12:53.455223+00:00,write,2682,2.39,True,
3359,67180.0,67180.227,2026-09-17T15:12:53.475268+00:00,read,79700,3.849,True,
3360,67200.0,67200.227,2026-09-17T15:12:53.495269+00:00,read,55263,3.501,True,
3361,67220.0,67220.213,2026-09-17T15:12:53.515257+00:00,read,71456,4.03,True,
3362,67240.0,67240.169,2026-09-17T15:12:53.535210+00:00,write,59515,3.345,True,
3363,67260.0,67260.239,2026-09-17T15:12:53.555282+00:00,read,70441,4.718,True,
3364,67280.0,67280.183,2026-09-17T15:12:53.575222+00:00,read,53411,2.292,True,
3365,67300.0,67300.134,2026-09-17T15:12:53.595172+00:00,read,84438,2.025,True,
3366,67320.0,67320.194,2026-09-17T15:12:53.615237+00:00,write,70281,3.499,True,
3367,67340.0,67340.118,2026-09-17T15:12:53.635157+00:00,read,35954,2.363,True,
3368,67360.0,67360.138,2026-09-17T15:12:53.655175+00:00,read,50051,3.236,True,
3369,67380.0,67380.146,2026-09-17T15:12:53.675182+00:00,read,93062,2.871,True,
3370,67400.0,67400.158,2026-09-17T15:12:53.695196+00:00,read,20008,4.129,True,
3371,67420.0,67420.334,2026-09-17T15:12:53.715372+00:00,write,5422,2.581,True,
3372,67440.0,67440.235,2026-09-17T15:12:53.735275+00:00,read,54906,3.976,True,
3373,67460.0,67460.26,2026-09-17T15:12:53.755302+00:00,read,6458,5.055,True,
3374,67480.0,67480.177,2026-09-17T15:12:53.775218+00:00,read,78809,4.026,True,
3375,67500.0,67500.202,2026-09-17T15:12:53.795241+00:00,write,82096,2.567,True,
3376,67520.0,67520.189,2026-09-17T15:12:53.815229+00:00,read,62460,5.125,True,
3377,67540.0,67540.216,2026-09-17T15:12:53.835260+00:00,read,15699,3.692,True,
3378,67560.0,67560.195,2026-09-17T15:12:53.855231+00:00,read,39538,2.481,True,
3379,67580.0,67580.188,2026-09-17T15:12:53.875222+00:00,read,20528,1.805,True,
3380,67600.0,67600.16,2026-09-17T15:12:53.895198+00:00,read,16331,3.284,True,
3381,67620.0,67620.273,2026-09-17T15:12:53.915310+00:00,write,51785,2.627,True,
3382,67640.0,67640.351,2026-09-17T15:12:53.935388+00:00,read,60096,4.327,True,
3383,67660.0,67660.31,2026-09-17T15:12:53.955463+00:00,read,63089,2.914,True,
3384,67680.0,67680.415,2026-09-17T15:12:53.975453+00:00,read,50219,4.213,True,
3385,67700.0,67700.43,2026-09-17T15:12:53.995468+00:00,read,63490,3.811,True,
3386,67720.0,67720.539,2026-09-17T15:12:54.015582+00:00,read,28389,3.671,True,
3387,67740.0,67740.164,2026-09-17T15:12:54.035200+00:00,read,2483,2.794,True,
3388,67760.0,67760.208,2026-09-17T15:12:54.055245+00:00,write,40566,2.566,True,
3389,67780.0,67780.253,2026-09-17T15:12:54.075291+00:00,read,22361,4.299,True,
3390,67800.0,67800.288,2026-09-17T15:12:54.095331+00:00,read,95314,3.826,True,
3391,67820.0,67820.278,2026-09-17T15:12:54.115319+00:00,read,81905,3.608,True,
3392,67840.0,67840.282,2026-09-17T15:12:54.135325+00:00,read,25112,4.221,True,
3393,67860.0,67860.278,2026-09-17T15:12:54.155318+00:00,read,6202,3.784,True,
3394,67880.0,67880.308,2026-09-17T15:12:54.175345+00:00,read,75055,2.433,True,
3395,67900.0,67900.179,2026-09-17T15:12:54.195217+00:00,read,55246,2.649,True,
3396,67920.0,67920.26,2026-09-17T15:12:54.215297+00:00,read,20876,2.609,True,
3397,67940.0,67940.115,2026-09-17T15:12:54.235151+00:00,read,61587,1.93,True,
3398,67960.0,67960.322,2026-09-17T15:12:54.255360+00:00,write,21832,2.32,True,
3399,67980.0,67980.458,2026-09-17T15:12:54.275493+00:00,read,9771,3.057,True,
3400,68000.0,68000.15,2026-09-17T15:12:54.295188+00:00,write,25135,2.39,True,
3401,68020.0,68020.291,2026-09-17T15:12:54.315333+00:00,read,56246,3.433,True,
3402,68040.0,68040.281,2026-09-17T15:12:54.335316+00:00,read,75008,2.636,True,
3403,68060.0,68060.282,2026-09-17T15:12:54.355319+00:00,write,24776,2.386,True,
3404,68080.0,68080.277,2026-09-17T15:12:54.375313+00:00,read,85087,3.006,True,
3405,68100.0,68100.221,2026-09-17T15:12:54.395256+00:00,write,81130,2.803,True,
3406,68120.0,68120.332,2026-09-17T15:12:54.415369+00:00,read,71114,3.419,True,
3407,68140.0,68140.272,2026-09-17T15:12:54.435309+00:00,read,74896,3.271,True,
3408,68160.0,68160.346,2026-09-17T15:12:54.455388+00:00,read,26228,3.68,True,
3409,68180.0,68180.279,2026-09-17T15:12:54.475315+00:00,read,75304,2.773,True,
3410,68200.0,68200.23,2026-09-17T15:12:54.495267+00:00,read,37772,3.312,True,
3411,68220.0,68220.442,2026-09-17T15:12:54.515482+00:00,read,77146,3.068,True,
3412,68240.0,68240.223,2026-09-17T15:12:54.535262+00:00,read,41706,3.513,True,
3413,68260.0,68260.297,2026-09-17T15:12:54.555336+00:00,read,66540,3.043,True,
3414,68280.0,68280.26,2026-09-17T15:12:54.575295+00:00,read,95174,3.336,True,
3415,68300.0,68300.278,2026-09-17T15:12:54.595313+00:00,read,70186,1.855,True,
3416,68320.0,68320.198,2026-09-17T15:12:54.615240+00:00,read,31511,3.896,True,
3417,68340.0,68340.228,2026-09-17T15:12:54.635273+00:00,read,79811,4.618,True,
3418,68360.0,68360.269,2026-09-17T15:12:54.655307+00:00,read,23715,2.056,True,
3419,68380.0,68380.264,2026-09-17T15:12:54.675300+00:00,read,82735,3.208,True,
3420,68400.0,68400.281,2026-09-17T15:12:54.695318+00:00,read,90302,3.654,True,
3421,68420.0,68420.287,2026-09-17T15:12:54.715323+00:00,read,20608,3.627,True,
3422,68440.0,68440.331,2026-09-17T15:12:54.735369+00:00,read,78875,3.67,True,
3423,68460.0,68460.27,2026-09-17T15:12:54.755305+00:00,read,73379,2.583,True,
3424,68480.0,68480.278,2026-09-17T15:12:54.775319+00:00,read,14268,3.477,True,
3425,68500.0,68500.267,2026-09-17T15:12:54.795306+00:00,write,35342,2.371,True,
3426,68520.0,68520.272,2026-09-17T15:12:54.815312+00:00,read,72952,4.018,True,
3427,68540.0,68540.187,2026-09-17T15:12:54.835225+00:00,read,73349,3.796,True,
3428,68560.0,68560.282,2026-09-17T15:12:54.855325+00:00,read,73945,4.04,True,
3429,68580.0,68580.205,2026-09-17T15:12:54.875247+00:00,write,12201,2.838,True,
3430,68600.0,68600.199,2026-09-17T15:12:54.895242+00:00,read,51869,4.681,True,
3431,68620.0,68620.138,2026-09-17T15:12:54.915174+00:00,read,37469,3.065,True,
3432,68640.0,68640.36,2026-09-17T15:12:54.935493+00:00,write,36752,3.539,True,
3433,68660.0,68660.366,2026-09-17T15:12:54.955518+00:00,read,75040,3.751,True,
3434,68680.0,68680.238,2026-09-17T15:12:54.975276+00:00,read,50436,2.729,True,
3435,68700.0,68700.285,2026-09-17T15:12:54.995320+00:00,read,98489,2.39,True,
3436,68720.0,68720.251,2026-09-17T15:12:55.015294+00:00,write,84518,3.833,True,
3437,68740.0,68740.216,2026-09-17T15:12:55.035258+00:00,read,66111,5.995,True,
3438,68760.0,68760.253,2026-09-17T15:12:55.055293+00:00,read,34284,4.369,True,
3439,68780.0,68780.217,2026-09-17T15:12:55.075260+00:00,read,3545,3.696,True,
3440,68800.0,68800.333,2026-09-17T15:12:55.095374+00:00,read,92466,1.988,True,
3441,68820.0,68820.199,2026-09-17T15:12:55.115241+00:00,read,33783,4.308,True,
3442,68840.0,68840.205,2026-09-17T15:12:55.135243+00:00,read,79145,3.925,True,
3443,68860.0,68860.175,2026-09-17T15:12:55.155212+00:00,read,15441,3.867,True,
3444,68880.0,68880.175,2026-09-17T15:12:55.175211+00:00,write,36766,2.322,True,
3445,68900.0,68900.169,2026-09-17T15:12:55.195205+00:00,read,36148,2.834,True,
3446,68920.0,68920.159,2026-09-17T15:12:55.215194+00:00,read,66328,3.015,True,
3447,68940.0,68940.361,2026-09-17T15:12:55.235395+00:00,write,70179,2.202,True,
3448,68960.0,68960.252,2026-09-17T15:12:55.255286+00:00,read,2330,2.832,True,
3449,68980.0,68980.158,2026-09-17T15:12:55.275190+00:00,read,67033,1.972,True,
3450,69000.0,69000.091,2026-09-17T15:12:55.295125+00:00,write,35574,1.275,True,
3451,69020.0,69020.338,2026-09-17T15:12:55.315379+00:00,read,74064,3.0,True,
3452,69040.0,69040.203,2026-09-17T15:12:55.335244+00:00,read,70421,3.48,True,
3453,69060.0,69060.26,2026-09-17T15:12:55.355300+00:00,read,29846,3.582,True,
3454,69080.0,69080.368,2026-09-17T15:12:55.375499+00:00,read,91043,3.184,True,
3455,69100.0,69100.27,2026-09-17T15:12:55.395306+00:00,read,22667,3.659,True,
3456,69120.0,69120.225,2026-09-17T15:12:55.415263+00:00,read,10726,3.723,True,
3457,69140.0,69140.424,2026-09-17T15:12:55.435460+00:00,read,65166,3.874,True,
3458,69160.0,69160.394,2026-09-17T15:12:55.455433+00:00,read,43302,3.56,True,
3459,69180.0,69180.456,2026-09-17T15:12:55.475495+00:00,read,62075,3.868,True,
3460,69200.0,69200.165,2026-09-17T15:12:55.495201+00:00,read,470,3.169,True,
3461,69220.0,69220.16,2026-09-17T15:12:55.515196+00:00,write,59029,2.528,True,
3462,69240.0,69240.274,2026-09-17T15:12:55.535310+00:00,read,67125,2.68,True,
3463,69260.0,69260.146,2026-09-17T15:12:55.555181+00:00,read,13405,2.019,True,
3464,69280.0,69280.205,2026-09-17T15:12:55.575241+00:00,write,52982,1.647,True,
3465,69300.0,69300.171,2026-09-17T15:12:55.595206+00:00,read,97109,2.297,True,
3466,69320.0,69320.171,2026-09-17T15:12:55.615209+00:00,read,42175,2.205,True,
3467,69340.0,69340.255,2026-09-17T15:12:55.635301+00:00,read,33438,4.344,True,
3468,69360.0,69360.235,2026-09-17T15:12:55.655277+00:00,read,92369,5.453,True,
3469,69380.0,69380.241,2026-09-17T15:12:55.675280+00:00,read,31528,2.453,True,
3470,69400.0,69400.16,2026-09-17T15:12:55.695199+00:00,read,85937,3.278,True,
3471,69420.0,69420.272,2026-09-17T15:12:55.715315+00:00,read,98598,3.998,True,
3472,69440.0,69440.426,2026-09-17T15:12:55.735470+00:00,read,74266,4.217,True,
3473,69460.0,69460.504,2026-09-17T15:12:55.755543+00:00,read,75470,4.467,True,
3474,69480.0,69480.287,2026-09-17T15:12:55.775327+00:00,read,8136,3.533,True,
3475,69500.0,69500.232,2026-09-17T15:12:55.795269+00:00,write,45174,2.227,True,
3476,69520.0,69520.332,2026-09-17T15:12:55.815368+00:00,read,68160,3.758,True,
3477,69540.0,69540.262,2026-09-17T15:12:55.835298+00:00,read,70876,3.665,True,
3478,69560.0,69560.292,2026-09-17T15:12:55.855334+00:00,read,88445,5.0,True,
3479,69580.0,69580.217,2026-09-17T15:12:55.875254+00:00,read,80979,2.108,True,
3480,69600.0,69600.286,2026-09-17T15:12:55.895328+00:00,read,58807,4.634,True,
3481,69620.0,69620.297,2026-09-17T15:12:55.915341+00:00,read,82820,4.799,True,
3482,69640.0,69640.199,2026-09-17T15:12:55.935239+00:00,write,6012,2.624,True,
3483,69660.0,69660.306,2026-09-17T15:12:55.955346+00:00,write,7789,2.796,True,
3484,69680.0,69680.29,2026-09-17T15:12:55.975329+00:00,read,11958,4.315,True,
3485,69700.0,69700.256,2026-09-17T15:12:55.995292+00:00,read,4136,3.376,True,
3486,69720.0,69720.269,2026-09-17T15:12:56.015306+00:00,read,26097,3.091,True,
3487,69740.0,69740.272,2026-09-17T15:12:56.035304+00:00,read,29648,1.863,True,
3488,69760.0,69760.17,2026-09-17T15:12:56.055208+00:00,read,19331,3.767,True,
3489,69780.0,69780.17,2026-09-17T15:12:56.075206+00:00,read,53297,3.041,True,
3490,69800.0,69800.286,2026-09-17T15:12:56.095322+00:00,read,52465,3.481,True,
3491,69820.0,69820.227,2026-09-17T15:12:56.115264+00:00,read,17938,3.569,True,
3492,69840.0,69840.234,2026-09-17T15:12:56.135270+00:00,write,18122,2.357,True,
3493,69860.0,69860.162,2026-09-17T15:12:56.155199+00:00,read,13531,3.356,True,
3494,69880.0,69880.134,2026-09-17T15:12:56.175170+00:00,read,80464,2.993,True,
3495,69900.0,69900.334,2026-09-17T15:12:56.195368+00:00,read,59425,2.887,True,
3496,69920.0,69920.5,2026-09-17T15:12:56.215542+00:00,read,26992,4.134,True,
3497,69940.0,69940.368,2026-09-17T15:12:56.235440+00:00,read,32530,3.439,True,
3498,69960.0,69960.421,2026-09-17T15:12:56.255461+00:00,read,37132,3.89,True,
3499,69980.0,69980.287,2026-09-17T15:12:56.275327+00:00,read,49956,4.216,True,
3500,70000.0,70000.152,2026-09-17T15:12:56.295190+00:00,read,54847,3.795,True,
3501,70020.0,70020.261,2026-09-17T15:12:56.315301+00:00,read,89255,3.483,True,
3502,70040.0,70040.192,2026-09-17T15:12:56.335231+00:00,read,12958,3.92,True,
3503,70060.0,70060.276,2026-09-17T15:12:56.355310+00:00,read,73502,2.702,True,
3504,70080.0,70080.156,2026-09-17T15:12:56.375191+00:00,read,28530,2.749,True,
3505,70100.0,70100.297,2026-09-17T15:12:56.395334+00:00,read,44287,2.8,True,
3506,70120.0,70120.272,2026-09-17T15:12:56.415312+00:00,read,55808,3.622,True,
3507,70140.0,70140.304,2026-09-17T15:12:56.435339+00:00,read,70073,2.4,True,
3508,70160.0,70160.183,2026-09-17T15:12:56.455230+00:00,read,92449,1.871,True,
3509,70180.0,70180.133,2026-09-17T15:12:56.475169+00:00,read,69897,1.839,True,
3510,70200.0,70200.413,2026-09-17T15:12:56.495446+00:00,read,53572,1.798,True,
3511,70220.0,70220.131,2026-09-17T15:12:56.515165+00:00,read,16272,2.08,True,
3512,70240.0,70240.249,2026-09-17T15:12:56.535283+00:00,write,85113,1.727,True,
3513,70260.0,70260.257,2026-09-17T15:12:56.555291+00:00,write,81392,1.372,True,
3514,70280.0,70280.282,2026-09-17T15:12:56.575319+00:00,read,56784,3.339,True,
3515,70300.0,70300.285,2026-09-17T15:12:56.595321+00:00,write,55182,3.498,True,
3516,70320.0,70320.307,2026-09-17T15:12:56.615343+00:00,read,32800,4.247,True,
3517,70340.0,70340.207,2026-09-17T15:12:56.635245+00:00,read,33545,4.266,True,
3518,70360.0,70360.249,2026-09-17T15:12:56.655285+00:00,read,24701,2.521,True,
3519,70380.0,70380.168,2026-09-17T15:12:56.675205+00:00,read,91597,2.642,True,
3520,70400.0,70400.292,2026-09-17T15:12:56.695330+00:00,read,23248,3.639,True,
3521,70420.0,70420.285,2026-09-17T15:12:56.715321+00:00,read,26287,3.909,True,
3522,70440.0,70440.17,2026-09-17T15:12:56.735207+00:00,read,18067,3.422,True,
3523,70460.0,70460.276,2026-09-17T15:12:56.755319+00:00,read,95383,4.298,True,
3524,70480.0,70480.219,2026-09-17T15:12:56.775257+00:00,read,52509,3.458,True,
3525,70500.0,70500.27,2026-09-17T15:12:56.795312+00:00,read,70979,3.311,True,
3526,70520.0,70520.181,2026-09-17T15:12:56.815222+00:00,read,25160,4.077,True,
3527,70540.0,70540.519,2026-09-17T15:12:56.835562+00:00,read,12987,2.668,True,
3528,70560.0,70560.265,2026-09-17T15:12:56.855303+00:00,write,30599,3.054,True,
3529,70580.0,70580.469,2026-09-17T15:12:56.875505+00:00,read,31537,3.438,True,
3530,70600.0,70600.278,2026-09-17T15:12:56.895316+00:00,read,2728,4.43,True,
3531,70620.0,70620.267,2026-09-17T15:12:56.915305+00:00,read,41963,3.724,True,
3532,70640.0,70640.235,2026-09-17T15:12:56.935272+00:00,read,90129,3.506,True,
3533,70660.0,70660.178,2026-09-17T15:12:56.955220+00:00,read,91868,4.068,True,
3534,70680.0,70680.283,2026-09-17T15:12:56.975323+00:00,read,40717,2.355,True,
3535,70700.0,70700.243,2026-09-17T15:12:56.995290+00:00,read,44776,3.53,True,
3536,70720.0,70720.186,2026-09-17T15:12:57.015223+00:00,read,38506,3.94,True,
3537,70740.0,70740.35,2026-09-17T15:12:57.035387+00:00,read,37701,3.57,True,
3538,70760.0,70760.277,2026-09-17T15:12:57.055313+00:00,read,96608,3.52,True,
3539,70780.0,70780.233,2026-09-17T15:12:57.075269+00:00,read,58634,2.903,True,
3540,70800.0,70800.467,2026-09-17T15:12:57.095507+00:00,read,65292,3.81,True,
3541,70820.0,70820.225,2026-09-17T15:12:57.115260+00:00,read,15039,3.178,True,
3542,70840.0,70840.25,2026-09-17T15:12:57.135286+00:00,write,63446,2.165,True,
3543,70860.0,70860.347,2026-09-17T15:12:57.155385+00:00,write,85334,2.695,True,
3544,70880.0,70880.317,2026-09-17T15:12:57.175356+00:00,read,9605,3.316,True,
3545,70900.0,70900.471,2026-09-17T15:12:57.195511+00:00,read,44558,3.59,True,
3546,70920.0,70920.184,2026-09-17T15:12:57.215224+00:00,read,5678,4.288,True,
3547,70940.0,70940.173,2026-09-17T15:12:57.235211+00:00,read,85630,3.23,True,
3548,70960.0,70960.282,2026-09-17T15:12:57.255323+00:00,read,59920,3.417,True,
3549,70980.0,70980.438,2026-09-17T15:12:57.275473+00:00,read,72308,2.742,True,
3550,71000.0,71000.266,2026-09-17T15:12:57.295303+00:00,read,38472,3.311,True,
3551,71020.0,71020.172,2026-09-17T15:12:57.315211+00:00,read,70469,3.434,True,
3552,71040.0,71040.17,2026-09-17T15:12:57.335205+00:00,read,43137,2.981,True,
3553,71060.0,71060.328,2026-09-17T15:12:57.355362+00:00,read,84925,2.735,True,
3554,71080.0,71080.238,2026-09-17T15:12:57.375272+00:00,read,37491,2.44,True,
3555,71100.0,71100.261,2026-09-17T15:12:57.395306+00:00,read,34380,4.443,True,
3556,71120.0,71120.312,2026-09-17T15:12:57.415353+00:00,read,80877,3.822,True,
3557,71140.0,71140.353,2026-09-17T15:12:57.435390+00:00,read,77643,3.355,True,
3558,71160.0,71160.349,2026-09-17T15:12:57.455384+00:00,write,9326,2.411,True,
3559,71180.0,71180.289,2026-09-17T15:12:57.475331+00:00,write,78339,2.866,True,
3560,71200.0,71200.274,2026-09-17T15:12:57.495315+00:00,read,30315,3.802,True,
3561,71220.0,71220.246,2026-09-17T15:12:57.515283+00:00,read,65719,3.406,True,
3562,71240.0,71240.464,2026-09-17T15:12:57.535501+00:00,read,78990,3.269,True,
3563,71260.0,71260.351,2026-09-17T15:12:57.555386+00:00,read,39623,2.949,True,
3564,71280.0,71280.303,2026-09-17T15:12:57.575340+00:00,read,53594,3.565,True,
3565,71300.0,71300.352,2026-09-17T15:12:57.595392+00:00,read,2005,3.184,True,
3566,71320.0,71320.253,2026-09-17T15:12:57.615290+00:00,read,99541,3.041,True,
3567,71340.0,71340.259,2026-09-17T15:12:57.635297+00:00,write,44658,3.001,True,
3568,71360.0,71360.503,2026-09-17T15:12:57.655542+00:00,write,24931,3.082,True,
3569,71380.0,71380.285,2026-09-17T15:12:57.675326+00:00,read,75170,3.533,True,
3570,71400.0,71400.328,2026-09-17T15:12:57.695366+00:00,write,5338,2.379,True,
3571,71420.0,71420.225,2026-09-17T15:12:57.715263+00:00,read,77600,3.757,True,
3572,71440.0,71440.445,2026-09-17T15:12:57.735489+00:00,read,14875,4.06,True,
3573,71460.0,71460.246,2026-09-17T15:12:57.755283+00:00,read,8818,3.74,True,
3574,71480.0,71480.165,2026-09-17T15:12:57.775205+00:00,read,67472,3.343,True,
3575,71500.0,71500.175,2026-09-17T15:12:57.795213+00:00,read,40754,3.498,True,
3576,71520.0,71520.236,2026-09-17T15:12:57.815272+00:00,write,46906,2.365,True,
3577,71540.0,71540.212,2026-09-17T15:12:57.835278+00:00,read,17920,4.322,True,
3578,71560.0,71560.222,2026-09-17T15:12:57.855263+00:00,write,30902,1.936,True,
3579,71580.0,71580.153,2026-09-17T15:12:57.875191+00:00,read,3665,3.889,True,
3580,71600.0,71600.273,2026-09-17T15:12:57.895313+00:00,read,73731,3.571,True,
3581,71620.0,71620.247,2026-09-17T15:12:57.915288+00:00,read,68851,4.404,True,
3582,71640.0,71640.248,2026-09-17T15:12:57.935291+00:00,read,8010,4.229,True,
3583,71660.0,71660.249,2026-09-17T15:12:57.955292+00:00,write,18534,3.517,True,
3584,71680.0,71680.279,2026-09-17T15:12:57.975323+00:00,read,80042,5.563,True,
3585,71700.0,71700.34,2026-09-17T15:12:57.995384+00:00,read,24283,5.716,True,
3586,71720.0,71720.225,2026-09-17T15:12:58.015269+00:00,read,34407,4.791,True,
3587,71740.0,71740.259,2026-09-17T15:12:58.035302+00:00,read,59600,3.675,True,
3588,71760.0,71760.149,2026-09-17T15:12:58.055191+00:00,read,9160,3.518,True,
3589,71780.0,71780.294,2026-09-17T15:12:58.075338+00:00,read,90525,3.753,True,
3590,71800.0,71800.319,2026-09-17T15:12:58.095358+00:00,read,83277,3.663,True,
3591,71820.0,71820.285,2026-09-17T15:12:58.115324+00:00,read,50861,3.318,True,
3592,71840.0,71840.262,2026-09-17T15:12:58.135298+00:00,write,32649,3.365,True,
3593,71860.0,71860.369,2026-09-17T15:12:58.155506+00:00,read,88820,3.487,True,
3594,71880.0,71880.534,2026-09-17T15:12:58.175571+00:00,read,86254,4.219,True,
3595,71900.0,71900.177,2026-09-17T15:12:58.195213+00:00,write,87732,2.79,True,
3596,71920.0,71920.484,2026-09-17T15:12:58.215524+00:00,read,15374,3.638,True,
3597,71940.0,71940.327,2026-09-17T15:12:58.235363+00:00,write,61476,2.381,True,
3598,71960.0,71960.349,2026-09-17T15:12:58.255385+00:00,read,65982,2.957,True,
3599,71980.0,71980.126,2026-09-17T15:12:58.275161+00:00,write,14475,2.107,True,
3600,72000.0,72000.497,2026-09-17T15:12:58.295535+00:00,write,4558,2.659,True,
3601,72020.0,72020.259,2026-09-17T15:12:58.315297+00:00,write,59929,2.989,True,
3602,72040.0,72040.459,2026-09-17T15:12:58.335500+00:00,read,33751,3.672,True,
3603,72060.0,72060.307,2026-09-17T15:12:58.355349+00:00,write,61613,2.885,True,
3604,72080.0,72080.155,2026-09-17T15:12:58.375196+00:00,write,58337,2.866,True,
3605,72100.0,72100.298,2026-09-17T15:12:58.395340+00:00,read,66188,3.557,True,
3606,72120.0,72120.265,2026-09-17T15:12:58.415306+00:00,read,81669,3.448,True,
3607,72140.0,72140.343,2026-09-17T15:12:58.435386+00:00,read,37557,4.325,True,
3608,72160.0,72160.427,2026-09-17T15:12:58.455470+00:00,read,75070,4.108,True,
3609,72180.0,72180.259,2026-09-17T15:12:58.475299+00:00,read,48449,3.686,True,
3610,72200.0,72200.214,2026-09-17T15:12:58.495256+00:00,read,33899,3.963,True,
3611,72220.0,72220.275,2026-09-17T15:12:58.515313+00:00,read,74622,3.376,True,
3612,72240.0,72240.302,2026-09-17T15:12:58.535339+00:00,read,24059,4.74,True,
3613,72260.0,72260.295,2026-09-17T15:12:58.555333+00:00,read,67133,3.703,True,
3614,72280.0,72280.461,2026-09-17T15:12:58.575504+00:00,read,38388,4.708,True,
3615,72300.0,72300.222,2026-09-17T15:12:58.595261+00:00,read,4563,3.678,True,
3616,72320.0,72320.45,2026-09-17T15:12:58.615491+00:00,write,59425,3.113,True,
3617,72340.0,72340.242,2026-09-17T15:12:58.635282+00:00,write,19216,3.229,True,
3618,72360.0,72360.43,2026-09-17T15:12:58.655469+00:00,read,26471,3.646,True,
3619,72380.0,72380.233,2026-09-17T15:12:58.675277+00:00,read,80367,4.038,True,
3620,72400.0,72400.544,2026-09-17T15:12:58.695586+00:00,read,80041,3.543,True,
3621,72420.0,72420.308,2026-09-17T15:12:58.715348+00:00,read,66130,4.547,True,
3622,72440.0,72440.474,2026-09-17T15:12:58.735517+00:00,read,54006,4.174,True,
3623,72460.0,72460.408,2026-09-17T15:12:58.755444+00:00,read,66067,3.86,True,
3624,72480.0,72480.277,2026-09-17T15:12:58.775316+00:00,write,10845,2.675,True,
3625,72500.0,72500.458,2026-09-17T15:12:58.795499+00:00,write,65192,2.859,True,
3626,72520.0,72520.554,2026-09-17T15:12:58.815596+00:00,read,86893,3.665,True,
3627,72540.0,72540.255,2026-09-17T15:12:58.835294+00:00,read,41444,3.438,True,
3628,72560.0,72560.305,2026-09-17T15:12:58.855346+00:00,read,33964,4.451,True,
3629,72580.0,72580.357,2026-09-17T15:12:58.875511+00:00,read,22094,3.832,True,
3630,72600.0,72600.245,2026-09-17T15:12:58.895286+00:00,read,15401,4.48,True,
3631,72620.0,72620.347,2026-09-17T15:12:58.915391+00:00,read,33638,3.981,True,
3632,72640.0,72640.215,2026-09-17T15:12:58.935258+00:00,read,8170,5.483,True,
3633,72660.0,72661.188,2026-09-17T15:12:58.956231+00:00,read,26413,5.067,True,
3634,72680.0,72680.387,2026-09-17T15:12:58.975433+00:00,read,98317,5.404,True,
3635,72700.0,72700.206,2026-09-17T15:12:58.995248+00:00,read,87630,5.17,True,
3636,72720.0,72720.23,2026-09-17T15:12:59.015272+00:00,read,87373,5.313,True,
3637,72740.0,72740.121,2026-09-17T15:12:59.035162+00:00,read,14456,4.82,True,
3638,72760.0,72760.217,2026-09-17T15:12:59.055262+00:00,read,68806,3.81,True,
3639,72780.0,72780.145,2026-09-17T15:12:59.075202+00:00,read,25605,3.043,True,
3640,72800.0,72800.146,2026-09-17T15:12:59.095188+00:00,read,44836,4.358,True,
3641,72820.0,72820.261,2026-09-17T15:12:59.115301+00:00,write,69799,3.06,True,
3642,72840.0,72840.149,2026-09-17T15:12:59.135191+00:00,read,60531,3.686,True,
3643,72860.0,72860.107,2026-09-17T15:12:59.155142+00:00,read,43396,2.248,True,
3644,72880.0,72880.333,2026-09-17T15:12:59.175376+00:00,read,60493,3.927,True,
3645,72900.0,72900.159,2026-09-17T15:12:59.195197+00:00,read,95765,3.538,True,
3646,72920.0,72920.19,2026-09-17T15:12:59.215227+00:00,read,24047,3.953,True,
3647,72940.0,72940.199,2026-09-17T15:12:59.235236+00:00,write,96626,2.672,True,
3648,72960.0,72960.163,2026-09-17T15:12:59.255200+00:00,read,72049,3.773,True,
3649,72980.0,72980.477,2026-09-17T15:12:59.275514+00:00,write,10409,2.917,True,
3650,73000.0,73000.24,2026-09-17T15:12:59.295276+00:00,read,1947,3.401,True,
3651,73020.0,73020.284,2026-09-17T15:12:59.315321+00:00,read,63735,3.766,True,
3652,73040.0,73040.212,2026-09-17T15:12:59.335254+00:00,read,42004,3.866,True,
3653,73060.0,73060.289,2026-09-17T15:12:59.355331+00:00,read,93057,3.874,True,
3654,73080.0,73080.31,2026-09-17T15:12:59.375352+00:00,read,13425,4.16,True,
3655,73100.0,73100.232,2026-09-17T15:12:59.395271+00:00,read,10491,3.489,True,
3656,73120.0,73120.336,2026-09-17T15:12:59.415379+00:00,read,65238,3.844,True,
3657,73140.0,73140.28,2026-09-17T15:12:59.435321+00:00,read,97259,3.606,True,
3658,73160.0,73160.231,2026-09-17T15:12:59.455273+00:00,read,99022,4.369,True,
3659,73180.0,73180.26,2026-09-17T15:12:59.475307+00:00,read,57649,4.227,True,
3660,73200.0,73200.206,2026-09-17T15:12:59.495245+00:00,read,49128,4.281,True,
3661,73220.0,73220.245,2026-09-17T15:12:59.515288+00:00,read,71094,3.69,True,
3662,73240.0,73240.172,2026-09-17T15:12:59.535211+00:00,read,19389,3.781,True,
3663,73260.0,73260.177,2026-09-17T15:12:59.555217+00:00,read,76091,2.931,True,
3664,73280.0,73280.176,2026-09-17T15:12:59.575211+00:00,read,6126,2.877,True,
3665,73300.0,73300.302,2026-09-17T15:12:59.595344+00:00,read,45585,4.209,True,
3666,73320.0,73320.569,2026-09-17T15:12:59.615612+00:00,read,35751,4.316,True,
3667,73340.0,73340.29,2026-09-17T15:12:59.635330+00:00,write,64143,3.138,True,
3668,73360.0,73360.229,2026-09-17T15:12:59.655270+00:00,read,14867,3.73,True,
3669,73380.0,73380.32,2026-09-17T15:12:59.675361+00:00,read,98666,4.205,True,
3670,73400.0,73400.521,2026-09-17T15:12:59.695567+00:00,read,75904,4.328,True,
3671,73420.0,73420.307,2026-09-17T15:12:59.715344+00:00,read,15038,3.546,True,
3672,73440.0,73440.542,2026-09-17T15:12:59.735582+00:00,read,56569,4.353,True,
3673,73460.0,73460.354,2026-09-17T15:12:59.755504+00:00,read,52602,4.866,True,
3674,73480.0,73480.37,2026-09-17T15:12:59.775562+00:00,read,41882,3.974,True,
3675,73500.0,73500.303,2026-09-17T15:12:59.795340+00:00,read,17387,5.251,True,
3676,73520.0,73520.281,2026-09-17T15:12:59.815317+00:00,write,90534,2.908,True,
3677,73540.0,73540.357,2026-09-17T15:12:59.835494+00:00,read,18353,3.994,True,
3678,73560.0,73560.272,2026-09-17T15:12:59.855312+00:00,write,64799,2.735,True,
3679,73580.0,73580.198,2026-09-17T15:12:59.875239+00:00,read,67512,4.096,True,
3680,73600.0,73600.426,2026-09-17T15:12:59.895496+00:00,read,15287,3.871,True,
3681,73620.0,73620.576,2026-09-17T15:12:59.915618+00:00,read,91412,3.985,True,
3682,73640.0,73640.478,2026-09-17T15:12:59.935519+00:00,read,65353,4.374,True,
3683,73660.0,73660.175,2026-09-17T15:12:59.955212+00:00,read,98218,3.188,True,
3684,73680.0,73680.388,2026-09-17T15:12:59.975424+00:00,read,58469,3.514,True,
3685,73700.0,73700.32,2026-09-17T15:12:59.995362+00:00,read,51925,3.648,True,
3686,73720.0,73720.278,2026-09-17T15:13:00.015320+00:00,read,47034,3.801,True,
3687,73740.0,73740.231,2026-09-17T15:13:00.035272+00:00,read,70709,3.468,True,
3688,73760.0,73760.218,2026-09-17T15:13:00.055259+00:00,read,91350,4.377,True,
3689,73780.0,73780.251,2026-09-17T15:13:00.075293+00:00,write,43260,3.747,True,
3690,73800.0,73800.329,2026-09-17T15:13:00.095556+00:00,read,40337,4.634,True,
3691,73820.0,73820.284,2026-09-17T15:13:00.115327+00:00,read,65237,5.725,True,
3692,73840.0,73840.168,2026-09-17T15:13:00.135209+00:00,read,61811,4.124,True,
3693,73860.0,73860.188,2026-09-17T15:13:00.155231+00:00,read,93637,3.747,True,
3694,73880.0,73880.254,2026-09-17T15:13:00.175298+00:00,read,756,3.749,True,
3695,73900.0,73900.462,2026-09-17T15:13:00.195536+00:00,read,51022,3.495,True,
3696,73920.0,73920.358,2026-09-17T15:13:00.215486+00:00,read,70640,4.27,True,
3697,73940.0,73940.328,2026-09-17T15:13:00.235372+00:00,read,51189,4.015,True,
3698,73960.0,73960.337,2026-09-17T15:13:00.255471+00:00,read,87060,2.681,True,
3699,73980.0,73980.145,2026-09-17T15:13:00.275184+00:00,write,54184,1.76,True,
3700,74000.0,74000.49,2026-09-17T15:13:00.295528+00:00,write,77066,2.714,True,
3701,74020.0,74020.3,2026-09-17T15:13:00.315335+00:00,read,84758,3.307,True,
3702,74040.0,74040.32,2026-09-17T15:13:00.335355+00:00,read,41454,3.43,True,
3703,74060.0,74060.357,2026-09-17T15:13:00.355396+00:00,read,43923,3.824,True,
3704,74080.0,74080.224,2026-09-17T15:13:00.375264+00:00,read,20992,3.953,True,
3705,74100.0,74100.325,2026-09-17T15:13:00.395365+00:00,read,73168,4.718,True,
3706,74120.0,74120.339,2026-09-17T15:13:00.415379+00:00,read,49939,4.3,True,
3707,74140.0,74140.48,2026-09-17T15:13:00.435521+00:00,read,71573,4.156,True,
3708,74160.0,74160.506,2026-09-17T15:13:00.455550+00:00,read,54566,3.861,True,
3709,74180.0,74180.19,2026-09-17T15:13:00.475233+00:00,read,5861,3.715,True,
3710,74200.0,74200.269,2026-09-17T15:13:00.495313+00:00,write,91552,3.414,True,
3711,74220.0,74220.291,2026-09-17T15:13:00.515331+00:00,read,25155,4.636,True,
3712,74240.0,74240.186,2026-09-17T15:13:00.535225+00:00,write,63013,2.889,True,
3713,74260.0,74260.218,2026-09-17T15:13:00.555255+00:00,read,87083,3.572,True,
3714,74280.0,74280.536,2026-09-17T15:13:00.575580+00:00,read,73577,4.838,True,
3715,74300.0,74300.446,2026-09-17T15:13:00.595483+00:00,write,2582,2.971,True,
3716,74320.0,74320.486,2026-09-17T15:13:00.615526+00:00,write,65002,3.187,True,
3717,74340.0,74340.268,2026-09-17T15:13:00.635308+00:00,read,94776,3.571,True,
3718,74360.0,74360.549,2026-09-17T15:13:00.655594+00:00,write,76998,3.349,True,
3719,74380.0,74380.501,2026-09-17T15:13:00.675545+00:00,read,30942,3.598,True,
3720,74400.0,74400.501,2026-09-17T15:13:00.695546+00:00,read,36790,3.84,True,
3721,74420.0,74420.333,2026-09-17T15:13:00.715374+00:00,read,31619,4.181,True,
3722,74440.0,74440.308,2026-09-17T15:13:00.735349+00:00,read,44047,3.955,True,
3723,74460.0,74460.571,2026-09-17T15:13:00.755611+00:00,read,31836,3.677,True,
3724,74480.0,74480.278,2026-09-17T15:13:00.775316+00:00,read,13451,4.231,True,
3725,74500.0,74500.525,2026-09-17T15:13:00.795568+00:00,read,87455,4.194,True,
3726,74520.0,74520.274,2026-09-17T15:13:00.815311+00:00,write,98793,3.252,True,
3727,74540.0,74540.527,2026-09-17T15:13:00.835573+00:00,read,6685,4.147,True,
3728,74560.0,74560.246,2026-09-17T15:13:00.855289+00:00,read,3616,4.373,True,
3729,74580.0,74580.128,2026-09-17T15:13:00.875165+00:00,read,78345,3.129,True,
3730,74600.0,74600.487,2026-09-17T15:13:00.895530+00:00,write,96597,2.985,True,
3731,74620.0,74620.262,2026-09-17T15:13:00.915306+00:00,write,34562,3.765,True,
3732,74640.0,74640.284,2026-09-17T15:13:00.935327+00:00,read,12723,4.238,True,
3733,74660.0,74660.349,2026-09-17T15:13:00.955388+00:00,read,30309,4.318,True,
3734,74680.0,74680.466,2026-09-17T15:13:00.975506+00:00,read,4574,3.533,True,
3735,74700.0,74700.306,2026-09-17T15:13:00.995348+00:00,read,26610,3.706,True,
3736,74720.0,74720.194,2026-09-17T15:13:01.015232+00:00,read,4131,3.403,True,
3737,74740.0,74740.144,2026-09-17T15:13:01.035183+00:00,read,86275,3.28,True,
3738,74760.0,74760.433,2026-09-17T15:13:01.055472+00:00,read,45657,3.302,True,
3739,74780.0,74780.272,2026-09-17T15:13:01.075315+00:00,read,44729,4.202,True,
3740,74800.0,74800.416,2026-09-17T15:13:01.095456+00:00,read,1010,4.333,True,
3741,74820.0,74820.352,2026-09-17T15:13:01.115396+00:00,read,1216,4.192,True,
3742,74840.0,74840.272,2026-09-17T15:13:01.135314+00:00,read,82267,4.015,True,
3743,74860.0,74860.19,2026-09-17T15:13:01.155231+00:00,read,68860,3.696,True,
3744,74880.0,74880.338,2026-09-17T15:13:01.175377+00:00,read,26711,3.122,True,
3745,74900.0,74900.337,2026-09-17T15:13:01.195380+00:00,read,31885,3.672,True,
3746,74920.0,74920.492,2026-09-17T15:13:01.215531+00:00,read,28553,3.323,True,
3747,74940.0,74940.318,2026-09-17T15:13:01.235358+00:00,read,25495,3.574,True,
3748,74960.0,74960.47,2026-09-17T15:13:01.255509+00:00,read,76876,2.977,True,
3749,74980.0,74980.318,2026-09-17T15:13:01.275359+00:00,read,28237,3.731,True,
3750,75000.0,75000.557,2026-09-17T15:13:01.295598+00:00,write,74512,2.985,True,
3751,75020.0,75020.192,2026-09-17T15:13:01.315234+00:00,read,14244,3.557,True,
3752,75040.0,75040.355,2026-09-17T15:13:01.335392+00:00,read,66253,2.679,True,
3753,75060.0,75060.318,2026-09-17T15:13:01.355361+00:00,read,80301,3.119,True,
3754,75080.0,75080.239,2026-09-17T15:13:01.375277+00:00,read,5499,2.808,True,
3755,75100.0,75100.459,2026-09-17T15:13:01.395497+00:00,read,10941,3.37,True,
3756,75120.0,75120.167,2026-09-17T15:13:01.415205+00:00,read,30832,3.341,True,
3757,75140.0,75140.201,2026-09-17T15:13:01.435239+00:00,write,66520,2.325,True,
3758,75160.0,75160.451,2026-09-17T15:13:01.455487+00:00,write,45070,2.197,True,
3759,75180.0,75180.196,2026-09-17T15:13:01.475234+00:00,read,24680,2.288,True,
3760,75200.0,75200.223,2026-09-17T15:13:01.495263+00:00,write,90765,2.528,True,
3761,75220.0,75220.216,2026-09-17T15:13:01.515258+00:00,read,99029,3.832,True,
3762,75240.0,75240.356,2026-09-17T15:13:01.535485+00:00,read,37526,3.604,True,
3763,75260.0,75260.405,2026-09-17T15:13:01.555506+00:00,read,31449,2.284,True,
3764,75280.0,75280.268,2026-09-17T15:13:01.575305+00:00,read,47519,3.223,True,
3765,75300.0,75300.232,2026-09-17T15:13:01.595272+00:00,read,32433,4.062,True,
3766,75320.0,75320.485,2026-09-17T15:13:01.615526+00:00,read,59821,3.74,True,
3767,75340.0,75340.481,2026-09-17T15:13:01.635522+00:00,read,74559,3.424,True,
3768,75360.0,75360.223,2026-09-17T15:13:01.655262+00:00,read,46055,3.432,True,
3769,75380.0,75380.338,2026-09-17T15:13:01.675380+00:00,read,38561,3.744,True,
3770,75400.0,75400.316,2026-09-17T15:13:01.695360+00:00,read,15162,4.765,True,
3771,75420.0,75420.332,2026-09-17T15:13:01.715373+00:00,read,93778,4.484,True,
3772,75440.0,75440.324,2026-09-17T15:13:01.735365+00:00,read,97382,4.148,True,
3773,75460.0,75460.495,2026-09-17T15:13:01.755536+00:00,write,5458,3.218,True,
3774,75480.0,75480.539,2026-09-17T15:13:01.775583+00:00,read,35809,3.73,True,
3775,75500.0,75500.561,2026-09-17T15:13:01.795603+00:00,read,66598,4.048,True,
3776,75520.0,75520.537,2026-09-17T15:13:01.815579+00:00,read,6203,3.98,True,
3777,75540.0,75540.232,2026-09-17T15:13:01.835269+00:00,read,47053,3.474,True,
3778,75560.0,75560.245,2026-09-17T15:13:01.855286+00:00,read,28677,3.758,True,
3779,75580.0,75580.228,2026-09-17T15:13:01.875270+00:00,read,20487,4.052,True,
3780,75600.0,75600.143,2026-09-17T15:13:01.895181+00:00,read,91183,5.254,True,
3781,75620.0,75620.491,2026-09-17T15:13:01.915534+00:00,read,22857,3.581,True,
3782,75640.0,75640.19,2026-09-17T15:13:01.935229+00:00,read,52533,3.561,True,
3783,75660.0,75660.228,2026-09-17T15:13:01.955267+00:00,write,82281,2.98,True,
3784,75680.0,75680.188,2026-09-17T15:13:01.975227+00:00,read,16059,3.175,True,
3785,75700.0,75700.494,2026-09-17T15:13:01.995537+00:00,write,58536,2.591,True,
3786,75720.0,75720.344,2026-09-17T15:13:02.015383+00:00,read,73506,3.912,True,
3787,75740.0,75740.338,2026-09-17T15:13:02.035380+00:00,read,99504,4.856,True,
3788,75760.0,75760.321,2026-09-17T15:13:02.055359+00:00,read,1466,4.189,True,
3789,75780.0,75780.602,2026-09-17T15:13:02.075643+00:00,read,79258,4.325,True,
3790,75800.0,75800.318,2026-09-17T15:13:02.095355+00:00,read,37252,2.782,True,
3791,75820.0,75820.214,2026-09-17T15:13:02.115254+00:00,read,21602,3.491,True,
3792,75840.0,75840.221,2026-09-17T15:13:02.135260+00:00,read,75713,2.892,True,
3793,75860.0,75860.19,2026-09-17T15:13:02.155229+00:00,read,17243,3.529,True,
3794,75880.0,75880.164,2026-09-17T15:13:02.175205+00:00,read,83224,4.34,True,
3795,75900.0,75900.302,2026-09-17T15:13:02.195343+00:00,read,68172,3.77,True,
3796,75920.0,75920.345,2026-09-17T15:13:02.215383+00:00,read,86652,3.603,True,
3797,75940.0,75940.291,2026-09-17T15:13:02.235330+00:00,read,92305,3.103,True,
3798,75960.0,75960.156,2026-09-17T15:13:02.255192+00:00,write,40051,2.339,True,
3799,75980.0,75980.438,2026-09-17T15:13:02.275473+00:00,read,16186,2.718,True,
3800,76000.0,76000.186,2026-09-17T15:13:02.295226+00:00,read,27574,3.323,True,
3801,76020.0,76020.213,2026-09-17T15:13:02.315253+00:00,read,25426,3.643,True,
3802,76040.0,76040.296,2026-09-17T15:13:02.335336+00:00,read,93314,4.183,True,
3803,76060.0,76060.247,2026-09-17T15:13:02.355288+00:00,read,19805,3.453,True,
3804,76080.0,76080.23,2026-09-17T15:13:02.375269+00:00,read,69727,3.836,True,
3805,76100.0,76100.227,2026-09-17T15:13:02.395272+00:00,write,78321,3.273,True,
3806,76120.0,76120.307,2026-09-17T15:13:02.415350+00:00,read,7888,3.719,True,
3807,76140.0,76140.267,2026-09-17T15:13:02.435308+00:00,read,58466,3.922,True,
3808,76160.0,76160.277,2026-09-17T15:13:02.455315+00:00,write,4108,2.461,True,
3809,76180.0,76180.289,2026-09-17T15:13:02.475331+00:00,read,20635,3.747,True,
3810,76200.0,76200.286,2026-09-17T15:13:02.495329+00:00,read,92592,3.625,True,
3811,76220.0,76220.246,2026-09-17T15:13:02.515289+00:00,read,20874,5.058,True,
3812,76240.0,76240.282,2026-09-17T15:13:02.535319+00:00,write,89956,2.596,True,
3813,76260.0,76260.489,2026-09-17T15:13:02.555528+00:00,read,19970,3.555,True,
3814,76280.0,76280.172,2026-09-17T15:13:02.575207+00:00,write,48529,2.564,True,
3815,76300.0,76300.94,2026-09-17T15:13:02.595980+00:00,read,22072,3.541,True,
3816,76320.0,76320.357,2026-09-17T15:13:02.615394+00:00,read,44925,3.662,True,
3817,76340.0,76340.279,2026-09-17T15:13:02.635320+00:00,read,30465,3.625,True,
3818,76360.0,76360.31,2026-09-17T15:13:02.655350+00:00,read,42120,3.771,True,
3819,76380.0,76380.153,2026-09-17T15:13:02.675189+00:00,read,79267,3.134,True,
3820,76400.0,76400.439,2026-09-17T15:13:02.695480+00:00,read,75443,4.439,True,
3821,76420.0,76420.314,2026-09-17T15:13:02.715354+00:00,read,33718,3.78,True,
3822,76440.0,76440.198,2026-09-17T15:13:02.735238+00:00,read,32396,4.068,True,
3823,76460.0,76460.45,2026-09-17T15:13:02.755490+00:00,read,45725,4.202,True,
3824,76480.0,76480.236,2026-09-17T15:13:02.775272+00:00,read,4351,3.945,True,
3825,76500.0,76500.459,2026-09-17T15:13:02.795499+00:00,read,32454,4.301,True,
3826,76520.0,76520.334,2026-09-17T15:13:02.815373+00:00,write,51009,2.961,True,
3827,76540.0,76540.305,2026-09-17T15:13:02.835342+00:00,read,87049,3.566,True,
3828,76560.0,76560.291,2026-09-17T15:13:02.855327+00:00,write,235,3.245,True,
3829,76580.0,76580.483,2026-09-17T15:13:02.875522+00:00,read,7347,3.762,True,
3830,76600.0,76600.495,2026-09-17T15:13:02.895533+00:00,read,40363,3.208,True,
3831,76620.0,76620.294,2026-09-17T15:13:02.915335+00:00,read,3470,3.972,True,
3832,76640.0,76640.304,2026-09-17T15:13:02.935348+00:00,read,62843,4.245,True,
3833,76660.0,76660.191,2026-09-17T15:13:02.955226+00:00,read,58135,3.273,True,
3834,76680.0,76680.425,2026-09-17T15:13:02.975467+00:00,read,33550,4.096,True,
3835,76700.0,76700.274,2026-09-17T15:13:02.995313+00:00,read,30169,3.803,True,
3836,76720.0,76720.215,2026-09-17T15:13:03.015255+00:00,read,91733,3.416,True,
3837,76740.0,76740.256,2026-09-17T15:13:03.035293+00:00,read,15247,3.623,True,
3838,76760.0,76760.229,2026-09-17T15:13:03.055271+00:00,write,92058,3.02,True,
3839,76780.0,76780.235,2026-09-17T15:13:03.075273+00:00,read,80002,3.024,True,
3840,76800.0,76800.15,2026-09-17T15:13:03.095189+00:00,read,64156,2.369,True,
3841,76820.0,76820.256,2026-09-17T15:13:03.115297+00:00,read,14177,2.884,True,
3842,76840.0,76840.257,2026-09-17T15:13:03.135295+00:00,read,82065,3.63,True,
3843,76860.0,76860.265,2026-09-17T15:13:03.155301+00:00,read,87170,3.57,True,
3844,76880.0,76880.16,2026-09-17T15:13:03.175198+00:00,read,87707,3.176,True,
3845,76900.0,76900.352,2026-09-17T15:13:03.195391+00:00,write,39277,2.335,True,
3846,76920.0,76920.493,2026-09-17T15:13:03.215531+00:00,write,37731,2.686,True,
3847,76940.0,76940.445,2026-09-17T15:13:03.235484+00:00,read,66679,3.567,True,
3848,76960.0,76960.366,2026-09-17T15:13:03.255529+00:00,write,26759,3.324,True,
3849,76980.0,76980.367,2026-09-17T15:13:03.275519+00:00,read,71913,3.374,True,
3850,77000.0,77000.428,2026-09-17T15:13:03.295466+00:00,read,29102,3.307,True,
3851,77020.0,77020.486,2026-09-17T15:13:03.315527+00:00,read,93650,3.863,True,
3852,77040.0,77040.457,2026-09-17T15:13:03.335492+00:00,read,85124,2.983,True,
3853,77060.0,77060.272,2026-09-17T15:13:03.355308+00:00,read,57875,2.837,True,
3854,77080.0,77080.336,2026-09-17T15:13:03.375373+00:00,write,82046,2.693,True,
3855,77100.0,77100.227,2026-09-17T15:13:03.395263+00:00,read,82310,3.159,True,
3856,77120.0,77120.317,2026-09-17T15:13:03.415352+00:00,read,5047,2.932,True,
3857,77140.0,77140.47,2026-09-17T15:13:03.435504+00:00,read,91697,2.636,True,
3858,77160.0,77160.231,2026-09-17T15:13:03.455266+00:00,read,8648,3.215,True,
3859,77180.0,77180.227,2026-09-17T15:13:03.475265+00:00,write,39490,2.657,True,
3860,77200.0,77200.18,2026-09-17T15:13:03.495218+00:00,read,34560,3.272,True,
3861,77220.0,77220.179,2026-09-17T15:13:03.515219+00:00,read,10474,2.947,True,
3862,77240.0,77240.245,2026-09-17T15:13:03.535285+00:00,read,97706,3.503,True,
3863,77260.0,77260.171,2026-09-17T15:13:03.555206+00:00,write,25015,2.628,True,
3864,77280.0,77280.451,2026-09-17T15:13:03.575487+00:00,read,30548,3.111,True,
3865,77300.0,77300.266,2026-09-17T15:13:03.595304+00:00,read,9885,2.918,True,
3866,77320.0,77320.234,2026-09-17T15:13:03.615272+00:00,read,70957,3.122,True,
3867,77340.0,77340.451,2026-09-17T15:13:03.635490+00:00,write,35514,2.505,True,
3868,77360.0,77360.316,2026-09-17T15:13:03.655357+00:00,read,81897,3.94,True,
3869,77380.0,77380.234,2026-09-17T15:13:03.675271+00:00,write,47849,2.238,True,
3870,77400.0,77400.278,2026-09-17T15:13:03.695318+00:00,read,12381,3.466,True,
3871,77420.0,77420.24,2026-09-17T15:13:03.715278+00:00,read,13111,3.281,True,
3872,77440.0,77440.509,2026-09-17T15:13:03.735547+00:00,write,86640,3.039,True,
3873,77460.0,77460.432,2026-09-17T15:13:03.755468+00:00,read,8666,3.652,True,
3874,77480.0,77480.187,2026-09-17T15:13:03.775227+00:00,read,79754,3.861,True,
3875,77500.0,77500.511,2026-09-17T15:13:03.795549+00:00,write,50837,2.972,True,
3876,77520.0,77520.425,2026-09-17T15:13:03.815467+00:00,read,92790,4.076,True,
3877,77540.0,77540.613,2026-09-17T15:13:03.835656+00:00,read,13231,4.393,True,
3878,77560.0,77560.245,2026-09-17T15:13:03.855287+00:00,read,84235,4.005,True,
3879,77580.0,77580.461,2026-09-17T15:13:03.875505+00:00,read,70004,4.158,True,
3880,77600.0,77600.263,2026-09-17T15:13:03.895305+00:00,read,3581,3.621,True,
3881,77620.0,77620.25,2026-09-17T15:13:03.915295+00:00,read,75439,5.042,True,
3882,77640.0,77640.24,2026-09-17T15:13:03.935281+00:00,read,14434,4.072,True,
3883,77660.0,77660.324,2026-09-17T15:13:03.955367+00:00,write,79636,2.783,True,
3884,77680.0,77680.486,2026-09-17T15:13:03.975531+00:00,read,85626,4.392,True,
3885,77700.0,77700.519,2026-09-17T15:13:03.995559+00:00,read,43293,3.473,True,
3886,77720.0,77720.244,2026-09-17T15:13:04.015286+00:00,read,54944,4.043,True,
3887,77740.0,77740.511,2026-09-17T15:13:04.035553+00:00,read,62556,3.471,True,
3888,77760.0,77760.463,2026-09-17T15:13:04.055508+00:00,read,84863,4.265,True,
3889,77780.0,77780.22,2026-09-17T15:13:04.075265+00:00,read,18400,4.098,True,
3890,77800.0,77800.278,2026-09-17T15:13:04.095318+00:00,read,48683,3.288,True,
3891,77820.0,77820.535,2026-09-17T15:13:04.115579+00:00,write,36625,3.446,True,
3892,77840.0,77840.558,2026-09-17T15:13:04.135600+00:00,read,91102,4.14,True,
3893,77860.0,77860.263,2026-09-17T15:13:04.155302+00:00,read,15904,3.651,True,
3894,77880.0,77880.275,2026-09-17T15:13:04.175316+00:00,read,1728,3.755,True,
3895,77900.0,77900.465,2026-09-17T15:13:04.195508+00:00,write,77210,3.336,True,
3896,77920.0,77920.351,2026-09-17T15:13:04.215393+00:00,read,82557,3.24,True,
3897,77940.0,77940.246,2026-09-17T15:13:04.235282+00:00,read,17033,3.047,True,
3898,77960.0,77960.205,2026-09-17T15:13:04.255241+00:00,read,1146,3.185,True,
3899,77980.0,77980.249,2026-09-17T15:13:04.275289+00:00,write,55267,2.033,True,
3900,78000.0,78000.271,2026-09-17T15:13:04.295314+00:00,read,6450,4.291,True,
3901,78020.0,78020.288,2026-09-17T15:13:04.315325+00:00,write,83624,3.296,True,
3902,78040.0,78040.263,2026-09-17T15:13:04.335316+00:00,read,26152,3.678,True,
3903,78060.0,78060.201,2026-09-17T15:13:04.355241+00:00,read,42676,4.039,True,
3904,78080.0,78080.48,2026-09-17T15:13:04.375526+00:00,write,57382,3.378,True,
3905,78100.0,78100.477,2026-09-17T15:13:04.395518+00:00,read,37743,3.344,True,
3906,78120.0,78120.299,2026-09-17T15:13:04.415343+00:00,read,72322,4.57,True,
3907,78140.0,78140.592,2026-09-17T15:13:04.435636+00:00,read,26964,3.981,True,
3908,78160.0,78160.548,2026-09-17T15:13:04.455590+00:00,read,55199,3.492,True,
3909,78180.0,78180.35,2026-09-17T15:13:04.475391+00:00,read,51951,3.877,True,
3910,78200.0,78200.21,2026-09-17T15:13:04.495251+00:00,read,86603,3.882,True,
3911,78220.0,78220.227,2026-09-17T15:13:04.515265+00:00,read,24605,3.5,True,
3912,78240.0,78240.18,2026-09-17T15:13:04.535217+00:00,write,85063,2.314,True,
3913,78260.0,78260.203,2026-09-17T15:13:04.555242+00:00,read,988,3.443,True,
3914,78280.0,78280.246,2026-09-17T15:13:04.575281+00:00,read,6561,2.966,True,
3915,78300.0,78300.251,2026-09-17T15:13:04.595286+00:00,read,86626,3.064,True,
3916,78320.0,78320.265,2026-09-17T15:13:04.615307+00:00,read,58202,3.954,True,
3917,78340.0,78340.238,2026-09-17T15:13:04.635279+00:00,write,69432,3.014,True,
3918,78360.0,78360.492,2026-09-17T15:13:04.655532+00:00,write,64817,2.829,True,
3919,78380.0,78380.19,2026-09-17T15:13:04.675228+00:00,read,10881,3.372,True,
3920,78400.0,78400.23,2026-09-17T15:13:04.695271+00:00,read,75982,3.647,True,
3921,78420.0,78420.278,2026-09-17T15:13:04.715320+00:00,read,46439,3.672,True,
3922,78440.0,78440.302,2026-09-17T15:13:04.735342+00:00,write,3195,3.215,True,
3923,78460.0,78460.345,2026-09-17T15:13:04.755381+00:00,read,64448,3.419,True,
3924,78480.0,78480.407,2026-09-17T15:13:04.775444+00:00,write,87359,2.815,True,
3925,78500.0,78500.222,2026-09-17T15:13:04.795258+00:00,read,46248,3.367,True,
3926,78520.0,78520.344,2026-09-17T15:13:04.815380+00:00,read,5683,3.293,True,
3927,78540.0,78540.237,2026-09-17T15:13:04.835277+00:00,write,15349,3.018,True,
3928,78560.0,78560.331,2026-09-17T15:13:04.855370+00:00,read,30543,3.732,True,
3929,78580.0,78580.498,2026-09-17T15:13:04.875539+00:00,read,49570,3.538,True,
3930,78600.0,78600.968,2026-09-17T15:13:04.896008+00:00,read,42290,4.067,True,
3931,78620.0,78620.475,2026-09-17T15:13:04.915514+00:00,read,36923,3.137,True,
3932,78640.0,78640.356,2026-09-17T15:13:04.935510+00:00,read,87552,5.127,True,
3933,78660.0,78660.278,2026-09-17T15:13:04.955319+00:00,read,19695,4.371,True,
3934,78680.0,78680.479,2026-09-17T15:13:04.975522+00:00,write,50304,3.536,True,
3935,78700.0,78700.345,2026-09-17T15:13:04.995388+00:00,write,65484,3.001,True,
3936,78720.0,78720.239,2026-09-17T15:13:05.015284+00:00,read,41189,4.092,True,
3937,78740.0,78740.505,2026-09-17T15:13:05.035546+00:00,read,19955,4.072,True,
3938,78760.0,78760.358,2026-09-17T15:13:05.055431+00:00,read,18574,4.138,True,
3939,78780.0,78780.282,2026-09-17T15:13:05.075327+00:00,read,69,4.807,True,
3940,78800.0,78800.393,2026-09-17T15:13:05.095437+00:00,read,18888,3.451,True,
3941,78820.0,78820.206,2026-09-17T15:13:05.115249+00:00,read,20463,2.738,True,
3942,78840.0,78840.322,2026-09-17T15:13:05.135364+00:00,read,18365,3.874,True,
3943,78860.0,78860.302,2026-09-17T15:13:05.155342+00:00,read,27637,3.583,True,
3944,78880.0,78880.171,2026-09-17T15:13:05.175210+00:00,write,61902,2.455,True,
3945,78900.0,78900.222,2026-09-17T15:13:05.195263+00:00,read,94202,3.569,True,
3946,78920.0,78920.52,2026-09-17T15:13:05.215559+00:00,write,24720,3.165,True,
3947,78940.0,78940.203,2026-09-17T15:13:05.235241+00:00,read,34831,4.333,True,
3948,78960.0,78960.246,2026-09-17T15:13:05.255287+00:00,read,51640,2.625,True,
3949,78980.0,78980.27,2026-09-17T15:13:05.275305+00:00,read,93994,3.153,True,
3950,79000.0,79000.159,2026-09-17T15:13:05.295198+00:00,read,94497,3.784,True,
3951,79020.0,79020.169,2026-09-17T15:13:05.315209+00:00,read,53952,3.486,True,
3952,79040.0,79040.326,2026-09-17T15:13:05.335370+00:00,read,42124,3.777,True,
3953,79060.0,79060.528,2026-09-17T15:13:05.355565+00:00,write,43223,2.865,True,
3954,79080.0,79080.436,2026-09-17T15:13:05.375474+00:00,write,66504,3.375,True,
3955,79100.0,79100.416,2026-09-17T15:13:05.395456+00:00,read,22711,3.675,True,
3956,79120.0,79120.505,2026-09-17T15:13:05.415547+00:00,read,12765,4.278,True,
3957,79140.0,79140.542,2026-09-17T15:13:05.435587+00:00,read,78130,4.71,True,
3958,79160.0,79160.476,2026-09-17T15:13:05.455516+00:00,read,28679,3.296,True,
3959,79180.0,79180.23,2026-09-17T15:13:05.475273+00:00,read,40732,4.087,True,
3960,79200.0,79200.603,2026-09-17T15:13:05.495651+00:00,read,20143,4.013,True,
3961,79220.0,79220.173,2026-09-17T15:13:05.515218+00:00,read,3888,3.985,True,
3962,79240.0,79240.274,2026-09-17T15:13:05.535318+00:00,read,84605,3.914,True,
3963,79260.0,79260.526,2026-09-17T15:13:05.555569+00:00,read,58575,3.764,True,
3964,79280.0,79280.246,2026-09-17T15:13:05.575285+00:00,read,99705,3.845,True,
3965,79300.0,79300.355,2026-09-17T15:13:05.595396+00:00,read,74420,4.398,True,
3966,79320.0,79320.331,2026-09-17T15:13:05.615373+00:00,read,65935,4.314,True,
3967,79340.0,79340.462,2026-09-17T15:13:05.635499+00:00,read,21820,3.837,True,
3968,79360.0,79360.489,2026-09-17T15:13:05.655528+00:00,read,29136,3.668,True,
3969,79380.0,79380.331,2026-09-17T15:13:05.675369+00:00,read,52611,3.737,True,
3970,79400.0,79400.248,2026-09-17T15:13:05.695329+00:00,read,33661,4.63,True,
3971,79420.0,79420.262,2026-09-17T15:13:05.715304+00:00,read,17286,4.399,True,
3972,79440.0,79440.269,2026-09-17T15:13:05.735310+00:00,read,49298,4.343,True,
3973,79460.0,79460.33,2026-09-17T15:13:05.755365+00:00,write,84703,2.371,True,
3974,79480.0,79480.246,2026-09-17T15:13:05.775280+00:00,read,78659,2.609,True,
3975,79500.0,79500.368,2026-09-17T15:13:05.795499+00:00,read,69087,3.753,True,
3976,79520.0,79520.338,2026-09-17T15:13:05.815375+00:00,read,7649,3.424,True,
3977,79540.0,79540.431,2026-09-17T15:13:05.835483+00:00,read,84522,4.217,True,
3978,79560.0,79560.277,2026-09-17T15:13:05.855314+00:00,read,73797,3.348,True,
3979,79580.0,79580.297,2026-09-17T15:13:05.875341+00:00,write,47764,2.645,True,
3980,79600.0,79600.261,2026-09-17T15:13:05.895299+00:00,write,1875,3.02,True,
3981,79620.0,79620.345,2026-09-17T15:13:05.915385+00:00,read,73769,4.666,True,
3982,79640.0,79640.48,2026-09-17T15:13:05.935524+00:00,read,6174,5.07,True,
3983,79660.0,79660.506,2026-09-17T15:13:05.955546+00:00,write,92525,2.754,True,
3984,79680.0,79680.356,2026-09-17T15:13:05.975396+00:00,write,6255,2.781,True,
3985,79700.0,79700.519,2026-09-17T15:13:05.995560+00:00,read,98821,4.67,True,
3986,79720.0,79720.174,2026-09-17T15:13:06.015212+00:00,read,68900,3.488,True,
3987,79740.0,79740.204,2026-09-17T15:13:06.035241+00:00,read,66405,4.637,True,
3988,79760.0,79760.316,2026-09-17T15:13:06.055355+00:00,read,59223,2.796,True,
3989,79780.0,79780.256,2026-09-17T15:13:06.075296+00:00,read,40692,3.634,True,
3990,79800.0,79800.474,2026-09-17T15:13:06.095513+00:00,read,2265,4.487,True,
3991,79820.0,79820.157,2026-09-17T15:13:06.115195+00:00,read,65501,3.398,True,
3992,79840.0,79840.471,2026-09-17T15:13:06.135512+00:00,read,54851,3.788,True,
3993,79860.0,79860.284,2026-09-17T15:13:06.155323+00:00,read,42785,3.651,True,
3994,79880.0,79880.262,2026-09-17T15:13:06.175304+00:00,read,76316,4.479,True,
3995,79900.0,79901.039,2026-09-17T15:13:06.196079+00:00,read,35643,3.787,True,
3996,79920.0,79920.31,2026-09-17T15:13:06.215354+00:00,read,65828,3.6,True,
3997,79940.0,79940.218,2026-09-17T15:13:06.235262+00:00,read,34745,3.965,True,
3998,79960.0,79960.197,2026-09-17T15:13:06.255239+00:00,read,46713,4.822,True,
3999,79980.0,79980.48,2026-09-17T15:13:06.275523+00:00,read,44842,3.784,True,
4000,80000.0,80000.205,2026-09-17T15:13:06.295246+00:00,read,95372,4.3,True,
4001,80020.0,80020.196,2026-09-17T15:13:06.315232+00:00,write,93863,1.508,True,
4002,80040.0,80040.274,2026-09-17T15:13:06.335314+00:00,read,97910,4.009,True,
4003,80060.0,80060.208,2026-09-17T15:13:06.355250+00:00,read,70679,4.263,True,
4004,80080.0,80080.359,2026-09-17T15:13:06.375480+00:00,read,80160,4.279,True,
4005,80100.0,80100.172,2026-09-17T15:13:06.395209+00:00,write,11177,2.863,True,
4006,80120.0,80120.315,2026-09-17T15:13:06.415356+00:00,read,26097,3.424,True,
4007,80140.0,80140.332,2026-09-17T15:13:06.435372+00:00,read,86725,3.319,True,
4008,80160.0,80160.335,2026-09-17T15:13:06.455374+00:00,read,43895,3.174,True,
4009,80180.0,80180.255,2026-09-17T15:13:06.475292+00:00,read,30654,3.144,True,
4010,80200.0,80200.192,2026-09-17T15:13:06.495229+00:00,read,4588,3.136,True,
4011,80220.0,80220.164,2026-09-17T15:13:06.515203+00:00,read,86068,3.274,True,
4012,80240.0,80240.348,2026-09-17T15:13:06.535389+00:00,read,70358,3.138,True,
4013,80260.0,80260.359,2026-09-17T15:13:06.555459+00:00,read,32858,3.744,True,
4014,80280.0,80280.271,2026-09-17T15:13:06.575310+00:00,read,72968,3.271,True,
4015,80300.0,80300.286,2026-09-17T15:13:06.595326+00:00,read,53871,2.727,True,
4016,80320.0,80320.321,2026-09-17T15:13:06.615393+00:00,write,66269,2.297,True,
4017,80340.0,80340.244,2026-09-17T15:13:06.635283+00:00,read,91143,3.127,True,
4018,80360.0,80360.228,2026-09-17T15:13:06.655266+00:00,read,91125,3.056,True,
4019,80380.0,80380.341,2026-09-17T15:13:06.675378+00:00,write,8405,2.176,True,
4020,80400.0,80400.32,2026-09-17T15:13:06.695359+00:00,read,52722,3.637,True,
4021,80420.0,80420.172,2026-09-17T15:13:06.715213+00:00,read,79099,3.541,True,
4022,80440.0,80440.296,2026-09-17T15:13:06.735338+00:00,write,41384,2.935,True,
4023,80460.0,80460.204,2026-09-17T15:13:06.755243+00:00,read,46657,2.925,True,
4024,80480.0,80480.15,2026-09-17T15:13:06.775184+00:00,read,5308,2.329,True,
4025,80500.0,80500.263,2026-09-17T15:13:06.795303+00:00,read,47729,2.658,True,
4026,80520.0,80520.246,2026-09-17T15:13:06.815285+00:00,read,89046,3.119,True,
4027,80540.0,80540.333,2026-09-17T15:13:06.835375+00:00,read,3561,3.69,True,
4028,80560.0,80560.193,2026-09-17T15:13:06.855234+00:00,read,75495,4.554,True,
4029,80580.0,80580.14,2026-09-17T15:13:06.875178+00:00,write,87311,2.79,True,
4030,80600.0,80600.321,2026-09-17T15:13:06.895363+00:00,read,40502,3.487,True,
4031,80620.0,80620.181,2026-09-17T15:13:06.915220+00:00,write,90800,2.668,True,
4032,80640.0,80640.305,2026-09-17T15:13:06.935345+00:00,read,48992,4.207,True,
4033,80660.0,80660.166,2026-09-17T15:13:06.955203+00:00,read,64083,2.979,True,
4034,80680.0,80680.156,2026-09-17T15:13:06.975192+00:00,read,65822,3.168,True,
4035,80700.0,80700.289,2026-09-17T15:13:06.995327+00:00,read,83658,2.893,True,
4036,80720.0,80720.176,2026-09-17T15:13:07.015214+00:00,read,31382,2.88,True,
4037,80740.0,80740.242,2026-09-17T15:13:07.035280+00:00,write,34650,2.139,True,
4038,80760.0,80760.242,2026-09-17T15:13:07.055279+00:00,read,17210,2.715,True,
4039,80780.0,80780.318,2026-09-17T15:13:07.075355+00:00,read,13795,2.746,True,
4040,80800.0,80800.141,2026-09-17T15:13:07.095179+00:00,read,39950,3.051,True,
4041,80820.0,80820.194,2026-09-17T15:13:07.115233+00:00,read,53417,3.002,True,
4042,80840.0,80840.283,2026-09-17T15:13:07.135321+00:00,read,21663,2.97,True,
4043,80860.0,80860.186,2026-09-17T15:13:07.155223+00:00,read,3255,2.892,True,
4044,80880.0,80880.168,2026-09-17T15:13:07.175204+00:00,read,48057,2.595,True,
4045,80900.0,80900.132,2026-09-17T15:13:07.195171+00:00,read,20170,3.089,True,
4046,80920.0,80920.158,2026-09-17T15:13:07.215195+00:00,read,4756,3.171,True,
4047,80940.0,80940.191,2026-09-17T15:13:07.235228+00:00,read,68668,3.462,True,
4048,80960.0,80960.31,2026-09-17T15:13:07.255347+00:00,read,45079,2.943,True,
4049,80980.0,80980.231,2026-09-17T15:13:07.275271+00:00,write,55572,2.408,True,
4050,81000.0,81000.168,2026-09-17T15:13:07.295207+00:00,read,56892,2.83,True,
4051,81020.0,81020.168,2026-09-17T15:13:07.315209+00:00,read,28711,3.933,True,
4052,81040.0,81040.22,2026-09-17T15:13:07.335262+00:00,write,95096,2.207,True,
4053,81060.0,81060.263,2026-09-17T15:13:07.355302+00:00,write,74095,2.447,True,
4054,81080.0,81080.186,2026-09-17T15:13:07.375226+00:00,read,42699,3.87,True,
4055,81100.0,81100.363,2026-09-17T15:13:07.395486+00:00,read,18414,3.519,True,
4056,81120.0,81120.259,2026-09-17T15:13:07.415300+00:00,read,7074,3.111,True,
4057,81140.0,81140.214,2026-09-17T15:13:07.435258+00:00,write,58686,2.629,True,
4058,81160.0,81160.203,2026-09-17T15:13:07.455241+00:00,read,65853,3.539,True,
4059,81180.0,81180.252,2026-09-17T15:13:07.475288+00:00,read,27201,4.07,True,
4060,81200.0,81200.271,2026-09-17T15:13:07.495308+00:00,read,30951,3.542,True,
4061,81220.0,81220.281,2026-09-17T15:13:07.515318+00:00,read,84916,3.635,True,
4062,81240.0,81240.513,2026-09-17T15:13:07.535549+00:00,read,41614,4.463,True,
4063,81260.0,81260.161,2026-09-17T15:13:07.555198+00:00,read,86777,3.504,True,
4064,81280.0,81280.233,2026-09-17T15:13:07.575270+00:00,read,43280,3.77,True,
4065,81300.0,81300.465,2026-09-17T15:13:07.595504+00:00,read,79038,3.506,True,
4066,81320.0,81320.5,2026-09-17T15:13:07.615541+00:00,read,29995,3.766,True,
4067,81340.0,81340.285,2026-09-17T15:13:07.635322+00:00,read,34748,3.732,True,
4068,81360.0,81360.344,2026-09-17T15:13:07.655385+00:00,read,15627,3.946,True,
4069,81380.0,81380.218,2026-09-17T15:13:07.675254+00:00,read,70585,3.434,True,
4070,81400.0,81400.275,2026-09-17T15:13:07.695315+00:00,read,46045,3.692,True,
4071,81420.0,81420.277,2026-09-17T15:13:07.715319+00:00,write,21833,2.96,True,
4072,81440.0,81440.271,2026-09-17T15:13:07.735313+00:00,read,37086,3.83,True,
4073,81460.0,81460.46,2026-09-17T15:13:07.755502+00:00,read,63921,4.434,True,
4074,81480.0,81480.228,2026-09-17T15:13:07.775267+00:00,read,86078,3.902,True,
4075,81500.0,81500.255,2026-09-17T15:13:07.795299+00:00,read,20011,4.056,True,
4076,81520.0,81520.432,2026-09-17T15:13:07.815538+00:00,read,45553,3.825,True,
4077,81540.0,81540.331,2026-09-17T15:13:07.835377+00:00,read,15584,4.787,True,
4078,81560.0,81560.162,2026-09-17T15:13:07.855197+00:00,read,89293,2.565,True,
4079,81580.0,81580.336,2026-09-17T15:13:07.875371+00:00,read,17564,3.136,True,
4080,81600.0,81600.231,2026-09-17T15:13:07.895271+00:00,read,9967,4.414,True,
4081,81620.0,81620.21,2026-09-17T15:13:07.915254+00:00,read,48226,4.153,True,
4082,81640.0,81640.352,2026-09-17T15:13:07.935396+00:00,read,87613,4.745,True,
4083,81660.0,81660.444,2026-09-17T15:13:07.955487+00:00,read,13221,2.874,True,
4084,81680.0,81680.306,2026-09-17T15:13:07.975348+00:00,read,92440,3.524,True,
4085,81700.0,81700.205,2026-09-17T15:13:07.995244+00:00,read,44376,3.698,True,
4086,81720.0,81720.245,2026-09-17T15:13:08.015286+00:00,read,90762,3.243,True,
4087,81740.0,81740.362,2026-09-17T15:13:08.035537+00:00,write,80425,3.579,True,
4088,81760.0,81760.539,2026-09-17T15:13:08.055583+00:00,read,27075,4.496,True,
4089,81780.0,81780.331,2026-09-17T15:13:08.075370+00:00,read,20426,3.589,True,
4090,81800.0,81800.197,2026-09-17T15:13:08.095235+00:00,read,46105,3.615,True,
4091,81820.0,81820.173,2026-09-17T15:13:08.115216+00:00,read,14332,4.389,True,
4092,81840.0,81840.182,2026-09-17T15:13:08.135219+00:00,read,58818,3.712,True,
4093,81860.0,81860.575,2026-09-17T15:13:08.155613+00:00,write,24895,2.672,True,
4094,81880.0,81880.519,2026-09-17T15:13:08.175566+00:00,read,50240,3.947,True,
4095,81900.0,81900.257,2026-09-17T15:13:08.195305+00:00,write,62650,3.436,True,
4096,81920.0,81920.172,2026-09-17T15:13:08.215209+00:00,read,59419,3.455,True,
4097,81940.0,81940.303,2026-09-17T15:13:08.235345+00:00,read,64772,3.93,True,
4098,81960.0,81960.415,2026-09-17T15:13:08.255456+00:00,read,93559,4.306,True,
4099,81980.0,81980.503,2026-09-17T15:13:08.275547+00:00,read,52270,4.286,True,
4100,82000.0,82000.337,2026-09-17T15:13:08.295380+00:00,read,44832,3.859,True,
4101,82020.0,82020.441,2026-09-17T15:13:08.315484+00:00,read,63888,3.586,True,
4102,82040.0,82040.27,2026-09-17T15:13:08.335313+00:00,read,67027,3.955,True,
4103,82060.0,82060.365,2026-09-17T15:13:08.355484+00:00,read,29931,4.318,True,
4104,82080.0,82080.159,2026-09-17T15:13:08.375196+00:00,read,96586,4.442,True,
4105,82100.0,82100.27,2026-09-17T15:13:08.395309+00:00,read,78870,3.858,True,
4106,82120.0,82120.47,2026-09-17T15:13:08.415510+00:00,read,72463,3.815,True,
4107,82140.0,82140.258,2026-09-17T15:13:08.435302+00:00,read,718,4.44,True,
4108,82160.0,82160.234,2026-09-17T15:13:08.455275+00:00,write,11824,3.686,True,
4109,82180.0,82180.305,2026-09-17T15:13:08.475345+00:00,read,6482,4.207,True,
4110,82200.0,82200.36,2026-09-17T15:13:08.495494+00:00,write,48439,3.256,True,
4111,82220.0,82220.525,2026-09-17T15:13:08.515564+00:00,read,86194,3.613,True,
4112,82240.0,82240.481,2026-09-17T15:13:08.535522+00:00,write,10293,3.196,True,
4113,82260.0,82260.431,2026-09-17T15:13:08.555471+00:00,write,16159,2.916,True,
4114,82280.0,82280.439,2026-09-17T15:13:08.575485+00:00,read,24907,4.738,True,
4115,82300.0,82300.226,2026-09-17T15:13:08.595267+00:00,read,80671,3.538,True,
4116,82320.0,82320.357,2026-09-17T15:13:08.615431+00:00,read,854,4.12,True,
4117,82340.0,82340.249,2026-09-17T15:13:08.635290+00:00,write,61131,2.926,True,
4118,82360.0,82360.317,2026-09-17T15:13:08.655358+00:00,read,48980,3.188,True,
4119,82380.0,82380.286,2026-09-17T15:13:08.675330+00:00,read,69701,3.884,True,
4120,82400.0,82400.34,2026-09-17T15:13:08.695384+00:00,read,46277,3.938,True,
4121,82420.0,82420.302,2026-09-17T15:13:08.715344+00:00,read,43345,3.663,True,
4122,82440.0,82440.218,2026-09-17T15:13:08.735256+00:00,read,62939,3.621,True,
4123,82460.0,82460.489,2026-09-17T15:13:08.755531+00:00,read,35271,3.977,True,
4124,82480.0,82480.15,2026-09-17T15:13:08.775211+00:00,read,68415,3.4,True,
4125,82500.0,82500.469,2026-09-17T15:13:08.795507+00:00,read,74479,3.481,True,
4126,82520.0,82520.431,2026-09-17T15:13:08.815475+00:00,read,67397,3.712,True,
4127,82540.0,82540.271,2026-09-17T15:13:08.835311+00:00,read,899,3.621,True,
4128,82560.0,82560.305,2026-09-17T15:13:08.855346+00:00,read,33092,4.164,True,
4129,82580.0,82580.345,2026-09-17T15:13:08.875385+00:00,read,70592,3.592,True,
4130,82600.0,82600.326,2026-09-17T15:13:08.895366+00:00,read,9648,3.77,True,
4131,82620.0,82620.182,2026-09-17T15:13:08.915221+00:00,read,99886,4.134,True,
4132,82640.0,82640.217,2026-09-17T15:13:08.935260+00:00,read,36959,3.906,True,
4133,82660.0,82660.191,2026-09-17T15:13:08.955233+00:00,read,40254,4.571,True,
4134,82680.0,82680.181,2026-09-17T15:13:08.975225+00:00,write,66189,3.489,True,
4135,82700.0,82700.165,2026-09-17T15:13:08.995208+00:00,read,11090,4.404,True,
4136,82720.0,82720.295,2026-09-17T15:13:09.015337+00:00,read,50207,5.16,True,
4137,82740.0,82740.321,2026-09-17T15:13:09.035367+00:00,read,334,5.329,True,
4138,82760.0,82760.266,2026-09-17T15:13:09.055308+00:00,read,22095,3.923,True,
4139,82780.0,82780.298,2026-09-17T15:13:09.075337+00:00,read,16379,3.953,True,
4140,82800.0,82800.22,2026-09-17T15:13:09.095263+00:00,write,37416,3.816,True,
4141,82820.0,82820.207,2026-09-17T15:13:09.115250+00:00,read,66252,6.243,True,
4142,82840.0,82840.205,2026-09-17T15:13:09.135247+00:00,read,51105,3.12,True,
4143,82860.0,82860.17,2026-09-17T15:13:09.155210+00:00,read,53195,3.311,True,
4144,82880.0,82880.191,2026-09-17T15:13:09.175230+00:00,write,66994,2.028,True,
4145,82900.0,82900.201,2026-09-17T15:13:09.195244+00:00,read,50369,3.394,True,
4146,82920.0,82920.131,2026-09-17T15:13:09.215170+00:00,read,35405,3.073,True,
4147,82940.0,82940.199,2026-09-17T15:13:09.235238+00:00,read,17705,3.948,True,
4148,82960.0,82960.192,2026-09-17T15:13:09.255228+00:00,read,279,3.564,True,
4149,82980.0,82980.257,2026-09-17T15:13:09.275292+00:00,write,94523,3.033,True,
4150,83000.0,83000.321,2026-09-17T15:13:09.295358+00:00,read,95802,3.516,True,
4151,83020.0,83020.288,2026-09-17T15:13:09.315325+00:00,read,2741,3.804,True,
4152,83040.0,83040.216,2026-09-17T15:13:09.335254+00:00,read,53539,4.005,True,
4153,83060.0,83060.208,2026-09-17T15:13:09.355246+00:00,read,86446,3.952,True,
4154,83080.0,83080.239,2026-09-17T15:13:09.375274+00:00,read,3806,3.17,True,
4155,83100.0,83100.296,2026-09-17T15:13:09.395330+00:00,read,43140,2.764,True,
4156,83120.0,83120.172,2026-09-17T15:13:09.415208+00:00,read,68424,3.455,True,
4157,83140.0,83140.452,2026-09-17T15:13:09.435492+00:00,read,37080,3.664,True,
4158,83160.0,83160.234,2026-09-17T15:13:09.455276+00:00,read,67622,4.335,True,
4159,83180.0,83180.493,2026-09-17T15:13:09.475535+00:00,read,80532,4.112,True,
4160,83200.0,83200.231,2026-09-17T15:13:09.495274+00:00,read,22152,4.833,True,
4161,83220.0,83220.356,2026-09-17T15:13:09.515397+00:00,read,97861,3.585,True,
4162,83240.0,83240.122,2026-09-17T15:13:09.535179+00:00,read,65653,3.405,True,
4163,83260.0,83260.292,2026-09-17T15:13:09.555331+00:00,read,27285,4.012,True,
4164,83280.0,83280.289,2026-09-17T15:13:09.575328+00:00,read,11204,3.695,True,
4165,83300.0,83300.29,2026-09-17T15:13:09.595326+00:00,write,98734,2.649,True,
4166,83320.0,83320.367,2026-09-17T15:13:09.615486+00:00,read,84231,3.558,True,
4167,83340.0,83340.309,2026-09-17T15:13:09.635346+00:00,read,20465,3.581,True,
4168,83360.0,83360.234,2026-09-17T15:13:09.655272+00:00,read,60166,3.67,True,
4169,83380.0,83380.249,2026-09-17T15:13:09.675288+00:00,write,20607,3.466,True,
4170,83400.0,83400.328,2026-09-17T15:13:09.695368+00:00,read,38678,3.865,True,
4171,83420.0,83420.473,2026-09-17T15:13:09.715515+00:00,read,28863,4.301,True,
4172,83440.0,83440.3,2026-09-17T15:13:09.735340+00:00,read,23379,4.319,True,
4173,83460.0,83460.328,2026-09-17T15:13:09.755369+00:00,read,11545,4.382,True,
4174,83480.0,83480.446,2026-09-17T15:13:09.775494+00:00,write,1600,3.075,True,
4175,83500.0,83500.22,2026-09-17T15:13:09.795256+00:00,write,84425,2.92,True,
4176,83520.0,83520.479,2026-09-17T15:13:09.815518+00:00,write,43145,2.888,True,
4177,83540.0,83540.511,2026-09-17T15:13:09.835553+00:00,write,62586,3.178,True,
4178,83560.0,83560.208,2026-09-17T15:13:09.855249+00:00,read,4003,4.341,True,
4179,83580.0,83580.215,2026-09-17T15:13:09.875255+00:00,read,71722,3.721,True,
4180,83600.0,83600.47,2026-09-17T15:13:09.895515+00:00,read,76519,4.322,True,
4181,83620.0,83620.241,2026-09-17T15:13:09.915276+00:00,read,19425,3.086,True,
4182,83640.0,83640.237,2026-09-17T15:13:09.935274+00:00,read,19088,3.089,True,
4183,83660.0,83660.211,2026-09-17T15:13:09.955250+00:00,read,39370,3.39,True,
4184,83680.0,83680.475,2026-09-17T15:13:09.975516+00:00,read,41590,3.717,True,
4185,83700.0,83700.471,2026-09-17T15:13:09.995509+00:00,read,93814,3.553,True,
4186,83720.0,83720.244,2026-09-17T15:13:10.015280+00:00,read,29799,3.056,True,
4187,83740.0,83740.525,2026-09-17T15:13:10.035571+00:00,write,69872,3.006,True,
4188,83760.0,83760.441,2026-09-17T15:13:10.055485+00:00,read,70886,4.239,True,
4189,83780.0,83780.277,2026-09-17T15:13:10.075316+00:00,write,25382,2.857,True,
4190,83800.0,83800.283,2026-09-17T15:13:10.095320+00:00,write,71516,3.417,True,
4191,83820.0,83820.201,2026-09-17T15:13:10.115242+00:00,read,73991,4.772,True,
4192,83840.0,83840.302,2026-09-17T15:13:10.135347+00:00,read,66662,4.243,True,
4193,83860.0,83860.423,2026-09-17T15:13:10.155472+00:00,read,46434,3.869,True,
4194,83880.0,83880.355,2026-09-17T15:13:10.175446+00:00,read,34091,3.85,True,
4195,83900.0,83900.367,2026-09-17T15:13:10.195527+00:00,read,67622,4.159,True,
4196,83920.0,83920.169,2026-09-17T15:13:10.215209+00:00,read,66294,4.37,True,
4197,83940.0,83940.644,2026-09-17T15:13:10.235689+00:00,read,80013,4.311,True,
4198,83960.0,83960.544,2026-09-17T15:13:10.255591+00:00,read,5912,3.689,True,
4199,83980.0,83980.338,2026-09-17T15:13:10.275380+00:00,read,78130,3.95,True,
4200,84000.0,84000.587,2026-09-17T15:13:10.295629+00:00,read,14887,4.054,True,
4201,84020.0,84020.208,2026-09-17T15:13:10.315252+00:00,read,64493,4.09,True,
4202,84040.0,84040.526,2026-09-17T15:13:10.335570+00:00,write,9650,3.168,True,
4203,84060.0,84060.18,2026-09-17T15:13:10.355222+00:00,read,17883,4.487,True,
4204,84080.0,84080.216,2026-09-17T15:13:10.375261+00:00,read,7692,4.493,True,
4205,84100.0,84100.208,2026-09-17T15:13:10.395250+00:00,read,61742,4.796,True,
4206,84120.0,84120.505,2026-09-17T15:13:10.415547+00:00,read,75815,4.014,True,
4207,84140.0,84140.338,2026-09-17T15:13:10.435379+00:00,read,97207,4.252,True,
4208,84160.0,84160.332,2026-09-17T15:13:10.455375+00:00,read,79050,4.621,True,
4209,84180.0,84180.416,2026-09-17T15:13:10.475458+00:00,read,40215,3.256,True,
4210,84200.0,84200.318,2026-09-17T15:13:10.495360+00:00,read,88866,3.734,True,
4211,84220.0,84220.298,2026-09-17T15:13:10.515341+00:00,read,94420,4.009,True,
4212,84240.0,84240.43,2026-09-17T15:13:10.535474+00:00,read,94151,4.271,True,
4213,84260.0,84260.319,2026-09-17T15:13:10.555365+00:00,read,47696,3.808,True,
4214,84280.0,84280.3,2026-09-17T15:13:10.575344+00:00,read,21903,4.676,True,
4215,84300.0,84300.349,2026-09-17T15:13:10.595392+00:00,read,36294,4.163,True,
4216,84320.0,84320.332,2026-09-17T15:13:10.615375+00:00,read,16680,5.092,True,
4217,84340.0,84340.429,2026-09-17T15:13:10.635473+00:00,read,65223,4.264,True,
4218,84360.0,84360.224,2026-09-17T15:13:10.655263+00:00,read,21005,3.149,True,
4219,84380.0,84380.283,2026-09-17T15:13:10.675326+00:00,read,7608,3.811,True,
4220,84400.0,84400.297,2026-09-17T15:13:10.695339+00:00,write,90682,3.894,True,
4221,84420.0,84420.499,2026-09-17T15:13:10.715541+00:00,read,50330,2.866,True,
4222,84440.0,84440.207,2026-09-17T15:13:10.735249+00:00,write,80342,3.074,True,
4223,84460.0,84460.282,2026-09-17T15:13:10.755321+00:00,read,67644,3.43,True,
4224,84480.0,84480.216,2026-09-17T15:13:10.775254+00:00,read,36436,3.621,True,
4225,84500.0,84500.417,2026-09-17T15:13:10.795457+00:00,read,59452,3.854,True,
4226,84520.0,84520.295,2026-09-17T15:13:10.815332+00:00,read,10981,2.955,True,
4227,84540.0,84540.281,2026-09-17T15:13:10.835321+00:00,write,99657,2.988,True,
4228,84560.0,84560.205,2026-09-17T15:13:10.855242+00:00,read,92193,3.248,True,
4229,84580.0,84580.307,2026-09-17T15:13:10.875350+00:00,read,97007,3.834,True,
4230,84600.0,84600.486,2026-09-17T15:13:10.895527+00:00,read,92655,3.437,True,
4231,84620.0,84620.181,2026-09-17T15:13:10.913315+00:00,write,75828,3.225,True,
4232,84640.0,84640.298,2026-09-17T15:13:10.933435+00:00,read,20205,3.969,True,
4233,84660.0,84660.286,2026-09-17T15:13:10.953419+00:00,read,20163,3.836,True,
4234,84680.0,84680.472,2026-09-17T15:13:10.973604+00:00,write,89347,2.799,True,
4235,84700.0,84700.287,2026-09-17T15:13:10.993416+00:00,read,9651,2.888,True,
4236,84720.0,84720.269,2026-09-17T15:13:11.013397+00:00,write,32946,2.474,True,
4237,84740.0,84740.212,2026-09-17T15:13:11.033343+00:00,read,92927,3.853,True,
4238,84760.0,84760.291,2026-09-17T15:13:11.053424+00:00,read,78716,3.673,True,
4239,84780.0,84780.359,2026-09-17T15:13:11.073488+00:00,read,85996,3.27,True,
4240,84800.0,84800.154,2026-09-17T15:13:11.093282+00:00,read,14318,2.51,True,
4241,84820.0,84820.472,2026-09-17T15:13:11.113604+00:00,read,78105,3.407,True,
4242,84840.0,84840.49,2026-09-17T15:13:11.133621+00:00,read,55149,3.104,True,
4243,84860.0,84860.48,2026-09-17T15:13:11.153609+00:00,read,81484,3.144,True,
4244,84880.0,84880.402,2026-09-17T15:13:11.173532+00:00,read,72160,3.078,True,
4245,84900.0,84900.255,2026-09-17T15:13:11.193386+00:00,read,7338,2.724,True,
4246,84920.0,84920.326,2026-09-17T15:13:11.213457+00:00,read,97358,2.234,True,
4247,84940.0,84940.286,2026-09-17T15:13:11.233415+00:00,write,26423,2.357,True,
4248,84960.0,84960.313,2026-09-17T15:13:11.253450+00:00,read,37371,3.429,True,
4249,84980.0,84980.337,2026-09-17T15:13:11.273474+00:00,read,37579,3.664,True,
4250,85000.0,85000.278,2026-09-17T15:13:11.293407+00:00,read,29074,3.522,True,
4251,85020.0,85020.359,2026-09-17T15:13:11.313488+00:00,read,73626,3.445,True,
4252,85040.0,85040.167,2026-09-17T15:13:11.333297+00:00,read,3522,3.808,True,
4253,85060.0,85060.272,2026-09-17T15:13:11.353405+00:00,read,57968,3.83,True,
4254,85080.0,85080.186,2026-09-17T15:13:11.373319+00:00,write,56726,3.096,True,
4255,85100.0,85100.355,2026-09-17T15:13:11.393628+00:00,read,55436,4.358,True,
4256,85120.0,85120.222,2026-09-17T15:13:11.413356+00:00,read,45329,3.964,True,
4257,85140.0,85140.239,2026-09-17T15:13:11.433373+00:00,read,12814,4.032,True,
4258,85160.0,85160.203,2026-09-17T15:13:11.453338+00:00,read,67045,4.483,True,
4259,85180.0,85180.236,2026-09-17T15:13:11.473373+00:00,write,7534,3.513,True,
4260,85200.0,85200.411,2026-09-17T15:13:11.493545+00:00,read,22630,3.778,True,
4261,85220.0,85220.243,2026-09-17T15:13:11.513380+00:00,read,52973,4.904,True,
4262,85240.0,85240.266,2026-09-17T15:13:11.533401+00:00,read,33254,4.777,True,
4263,85260.0,85260.354,2026-09-17T15:13:11.553487+00:00,read,95461,5.261,True,
4264,85280.0,85280.274,2026-09-17T15:13:11.573415+00:00,write,89954,3.802,True,
4265,85300.0,85300.229,2026-09-17T15:13:11.593365+00:00,read,55443,4.767,True,
4266,85320.0,85320.182,2026-09-17T15:13:11.613317+00:00,read,22992,3.4,True,
4267,85340.0,85340.226,2026-09-17T15:13:11.633361+00:00,read,85336,3.438,True,
4268,85360.0,85360.192,2026-09-17T15:13:11.653322+00:00,read,38212,3.397,True,
4269,85380.0,85380.259,2026-09-17T15:13:11.673389+00:00,read,3930,3.292,True,
4270,85400.0,85400.2,2026-09-17T15:13:11.693331+00:00,read,92597,3.282,True,
4271,85420.0,85420.202,2026-09-17T15:13:11.713336+00:00,read,37320,4.014,True,
4272,85440.0,85440.138,2026-09-17T15:13:11.733268+00:00,read,11648,3.329,True,
4273,85460.0,85460.173,2026-09-17T15:13:11.753301+00:00,read,86903,3.61,True,
4274,85480.0,85480.224,2026-09-17T15:13:11.773353+00:00,read,61100,3.55,True,
4275,85500.0,85500.349,2026-09-17T15:13:11.793477+00:00,read,41602,3.974,True,
4276,85520.0,85520.43,2026-09-17T15:13:11.813561+00:00,read,7209,3.317,True,
4277,85540.0,85540.357,2026-09-17T15:13:11.833487+00:00,read,22784,4.174,True,
4278,85560.0,85560.3,2026-09-17T15:13:11.853428+00:00,read,12641,3.593,True,
4279,85580.0,85580.602,2026-09-17T15:13:11.873738+00:00,read,81741,3.52,True,
4280,85600.0,85600.277,2026-09-17T15:13:11.893413+00:00,read,14609,4.487,True,
4281,85620.0,85620.179,2026-09-17T15:13:11.913307+00:00,write,20839,1.981,True,
4282,85640.0,85640.321,2026-09-17T15:13:11.933456+00:00,read,79684,3.91,True,
4283,85660.0,85660.251,2026-09-17T15:13:11.953378+00:00,write,35834,2.449,True,
4284,85680.0,85680.358,2026-09-17T15:13:11.973581+00:00,read,64296,4.341,True,
4285,85700.0,85700.268,2026-09-17T15:13:11.993397+00:00,read,71098,3.515,True,
4286,85720.0,85720.17,2026-09-17T15:13:12.013298+00:00,write,1424,2.142,True,
4287,85740.0,85740.264,2026-09-17T15:13:12.033395+00:00,read,57577,3.596,True,
4288,85760.0,85760.301,2026-09-17T15:13:12.053433+00:00,read,35968,3.63,True,
4289,85780.0,85780.213,2026-09-17T15:13:12.073342+00:00,read,72254,3.466,True,
4290,85800.0,85800.342,2026-09-17T15:13:12.093479+00:00,read,33003,3.966,True,
4291,85820.0,85820.26,2026-09-17T15:13:12.113387+00:00,read,68757,2.792,True,
4292,85840.0,85840.256,2026-09-17T15:13:12.133384+00:00,read,98650,2.882,True,
4293,85860.0,85860.435,2026-09-17T15:13:12.153565+00:00,read,29390,3.032,True,
4294,85880.0,85880.417,2026-09-17T15:13:12.173547+00:00,read,14023,3.469,True,
4295,85900.0,85900.32,2026-09-17T15:13:12.193455+00:00,read,88886,3.59,True,
4296,85920.0,85920.499,2026-09-17T15:13:12.213634+00:00,write,17987,3.044,True,
4297,85940.0,85940.314,2026-09-17T15:13:12.233451+00:00,read,59648,4.033,True,
4298,85960.0,85960.229,2026-09-17T15:13:12.253362+00:00,write,19842,2.838,True,
4299,85980.0,85980.521,2026-09-17T15:13:12.273655+00:00,read,54096,4.125,True,
4300,86000.0,86000.276,2026-09-17T15:13:12.293407+00:00,read,96394,4.744,True,
4301,86020.0,86020.485,2026-09-17T15:13:12.313631+00:00,read,73363,4.346,True,
4302,86040.0,86040.329,2026-09-17T15:13:12.333464+00:00,read,85006,3.705,True,
4303,86060.0,86060.263,2026-09-17T15:13:12.353400+00:00,read,87987,4.56,True,
4304,86080.0,86080.247,2026-09-17T15:13:12.373379+00:00,read,12394,3.808,True,
4305,86100.0,86100.305,2026-09-17T15:13:12.393435+00:00,read,60527,3.237,True,
4306,86120.0,86120.444,2026-09-17T15:13:12.413574+00:00,read,39593,3.444,True,
4307,86140.0,86140.49,2026-09-17T15:13:12.433621+00:00,read,44999,2.839,True,
4308,86160.0,86160.331,2026-09-17T15:13:12.453462+00:00,read,90863,2.872,True,
4309,86180.0,86180.271,2026-09-17T15:13:12.473401+00:00,read,18197,3.088,True,
4310,86200.0,86200.196,2026-09-17T15:13:12.493332+00:00,read,21847,3.886,True,
4311,86220.0,86220.251,2026-09-17T15:13:12.513387+00:00,read,8211,4.337,True,
4312,86240.0,86240.209,2026-09-17T15:13:12.533342+00:00,write,59233,3.404,True,
4313,86260.0,86260.236,2026-09-17T15:13:12.553370+00:00,read,7585,3.93,True,
4314,86280.0,86280.195,2026-09-17T15:13:12.573327+00:00,read,33295,3.776,True,
4315,86300.0,86300.18,2026-09-17T15:13:12.593313+00:00,read,17721,5.903,True,
4316,86320.0,86320.297,2026-09-17T15:13:12.613430+00:00,read,67575,4.176,True,
4317,86340.0,86340.519,2026-09-17T15:13:12.633657+00:00,read,13834,4.583,True,
4318,86360.0,86360.174,2026-09-17T15:13:12.653304+00:00,write,40347,2.927,True,
4319,86380.0,86380.338,2026-09-17T15:13:12.673469+00:00,write,20747,2.738,True,
4320,86400.0,86400.26,2026-09-17T15:13:12.693393+00:00,read,38594,3.869,True,
4321,86420.0,86420.138,2026-09-17T15:13:12.713269+00:00,read,41502,3.168,True,
4322,86440.0,86440.253,2026-09-17T15:13:12.733382+00:00,read,5365,3.099,True,
4323,86460.0,86460.301,2026-09-17T15:13:12.753428+00:00,write,67738,2.328,True,
4324,86480.0,86480.151,2026-09-17T15:13:12.773304+00:00,read,98590,2.825,True,
4325,86500.0,86500.258,2026-09-17T15:13:12.793391+00:00,read,54763,3.894,True,
4326,86520.0,86520.269,2026-09-17T15:13:12.813401+00:00,read,44524,3.173,True,
4327,86540.0,86540.149,2026-09-17T15:13:12.833277+00:00,read,22855,2.761,True,
4328,86560.0,86560.247,2026-09-17T15:13:12.853373+00:00,read,54115,2.185,True,
4329,86580.0,86580.245,2026-09-17T15:13:12.873375+00:00,read,58178,2.968,True,
4330,86600.0,86600.257,2026-09-17T15:13:12.893388+00:00,write,3263,2.6,True,
4331,86620.0,86620.414,2026-09-17T15:13:12.913542+00:00,read,71332,2.731,True,
4332,86640.0,86640.302,2026-09-17T15:13:12.933434+00:00,write,68673,2.809,True,
4333,86660.0,86660.261,2026-09-17T15:13:12.953393+00:00,read,23064,4.296,True,
4334,86680.0,86680.54,2026-09-17T15:13:12.973673+00:00,read,58576,3.62,True,
4335,86700.0,86700.341,2026-09-17T15:13:12.993473+00:00,read,55289,3.997,True,
4336,86720.0,86720.356,2026-09-17T15:13:13.013604+00:00,read,25338,3.327,True,
4337,86740.0,86740.338,2026-09-17T15:13:13.033467+00:00,read,99913,3.655,True,
4338,86760.0,86760.363,2026-09-17T15:13:13.053583+00:00,read,65486,3.863,True,
4339,86780.0,86780.27,2026-09-17T15:13:13.073404+00:00,write,32484,3.037,True,
4340,86800.0,86800.299,2026-09-17T15:13:13.093431+00:00,read,19631,3.834,True,
4341,86820.0,86820.364,2026-09-17T15:13:13.113593+00:00,write,77128,2.944,True,
4342,86840.0,86840.318,2026-09-17T15:13:13.133450+00:00,read,94264,3.664,True,
4343,86860.0,86860.326,2026-09-17T15:13:13.153458+00:00,read,73266,4.522,True,
4344,86880.0,86880.341,2026-09-17T15:13:13.173471+00:00,read,68831,3.359,True,
4345,86900.0,86900.333,2026-09-17T15:13:13.193469+00:00,read,50085,3.76,True,
4346,86920.0,86920.49,2026-09-17T15:13:13.213622+00:00,read,96226,4.264,True,
4347,86940.0,86940.313,2026-09-17T15:13:13.233448+00:00,read,16668,4.002,True,
4348,86960.0,86960.326,2026-09-17T15:13:13.253459+00:00,read,70790,4.444,True,
4349,86980.0,86980.149,2026-09-17T15:13:13.273277+00:00,read,78229,3.551,True,
4350,87000.0,87000.513,2026-09-17T15:13:13.293644+00:00,read,25468,4.032,True,
4351,87020.0,87020.332,2026-09-17T15:13:13.313466+00:00,write,57650,3.065,True,
4352,87040.0,87040.218,2026-09-17T15:13:13.333350+00:00,read,58614,3.247,True,
4353,87060.0,87060.194,2026-09-17T15:13:13.353324+00:00,read,71192,3.791,True,
4354,87080.0,87080.305,2026-09-17T15:13:13.373436+00:00,write,24241,2.789,True,
4355,87100.0,87100.365,2026-09-17T15:13:13.393625+00:00,read,69726,3.662,True,
4356,87120.0,87120.167,2026-09-17T15:13:13.413296+00:00,write,67113,2.558,True,
4357,87140.0,87140.199,2026-09-17T15:13:13.433328+00:00,read,85676,2.835,True,
4358,87160.0,87160.309,2026-09-17T15:13:13.453437+00:00,read,18687,2.505,True,
4359,87180.0,87180.303,2026-09-17T15:13:13.473431+00:00,read,95851,2.719,True,
4360,87200.0,87200.145,2026-09-17T15:13:13.493278+00:00,read,38360,2.352,True,
4361,87220.0,87220.168,2026-09-17T15:13:13.513300+00:00,write,91894,2.155,True,
4362,87240.0,87240.242,2026-09-17T15:13:13.533375+00:00,read,96724,4.046,True,
4363,87260.0,87260.347,2026-09-17T15:13:13.553479+00:00,read,71966,3.582,True,
4364,87280.0,87280.319,2026-09-17T15:13:13.573448+00:00,read,70460,3.25,True,
4365,87300.0,87300.202,2026-09-17T15:13:13.593334+00:00,read,11585,4.537,True,
4366,87320.0,87320.461,2026-09-17T15:13:13.613596+00:00,read,52475,5.065,True,
4367,87340.0,87340.502,2026-09-17T15:13:13.633638+00:00,read,98166,3.657,True,
4368,87360.0,87360.343,2026-09-17T15:13:13.653474+00:00,read,70679,4.011,True,
4369,87380.0,87380.339,2026-09-17T15:13:13.673476+00:00,write,93080,3.579,True,
4370,87400.0,87400.313,2026-09-17T15:13:13.693445+00:00,read,18747,4.212,True,
4371,87420.0,87420.207,2026-09-17T15:13:13.713340+00:00,read,15335,4.238,True,
4372,87440.0,87440.308,2026-09-17T15:13:13.733443+00:00,write,27564,3.047,True,
4373,87460.0,87460.286,2026-09-17T15:13:13.753418+00:00,read,3044,3.702,True,
4374,87480.0,87480.429,2026-09-17T15:13:13.773562+00:00,read,46395,4.051,True,
4375,87500.0,87500.282,2026-09-17T15:13:13.793412+00:00,read,69723,3.753,True,
4376,87520.0,87520.185,2026-09-17T15:13:13.813314+00:00,read,39122,3.238,True,
4377,87540.0,87540.403,2026-09-17T15:13:13.833532+00:00,write,45730,2.056,True,
4378,87560.0,87560.291,2026-09-17T15:13:13.853418+00:00,write,47712,2.132,True,
4379,87580.0,87580.437,2026-09-17T15:13:13.873567+00:00,read,43204,3.774,True,
4380,87600.0,87600.499,2026-09-17T15:13:13.893632+00:00,read,92651,4.317,True,
4381,87620.0,87620.326,2026-09-17T15:13:13.913460+00:00,read,90020,4.184,True,
4382,87640.0,87640.28,2026-09-17T15:13:13.933416+00:00,read,54690,4.137,True,
4383,87660.0,87660.308,2026-09-17T15:13:13.953443+00:00,read,37702,4.276,True,
4384,87680.0,87680.506,2026-09-17T15:13:13.973643+00:00,read,63857,3.476,True,
4385,87700.0,87700.51,2026-09-17T15:13:13.993645+00:00,write,72244,3.258,True,
4386,87720.0,87720.457,2026-09-17T15:13:14.013585+00:00,read,86676,2.945,True,
4387,87740.0,87740.221,2026-09-17T15:13:14.033351+00:00,read,23243,3.77,True,
4388,87760.0,87760.244,2026-09-17T15:13:14.053371+00:00,read,80540,2.847,True,
4389,87780.0,87780.186,2026-09-17T15:13:14.073315+00:00,read,59321,3.432,True,
4390,87800.0,87800.427,2026-09-17T15:13:14.093559+00:00,write,64675,3.18,True,
4391,87820.0,87820.369,2026-09-17T15:13:14.113601+00:00,read,16436,4.088,True,
4392,87840.0,87840.209,2026-09-17T15:13:14.133337+00:00,write,60615,2.123,True,
4393,87860.0,87860.218,2026-09-17T15:13:14.153349+00:00,read,27844,3.942,True,
4394,87880.0,87880.49,2026-09-17T15:13:14.173619+00:00,read,97438,3.499,True,
4395,87900.0,87900.207,2026-09-17T15:13:14.193339+00:00,read,71030,4.272,True,
4396,87920.0,87920.225,2026-09-17T15:13:14.213360+00:00,read,64980,4.7,True,
4397,87940.0,87940.361,2026-09-17T15:13:14.233609+00:00,read,84096,4.182,True,
4398,87960.0,87960.541,2026-09-17T15:13:14.253675+00:00,read,99390,4.475,True,
4399,87980.0,87980.413,2026-09-17T15:13:14.273541+00:00,read,74020,3.389,True,
4400,88000.0,88000.443,2026-09-17T15:13:14.293576+00:00,read,17126,3.815,True,
4401,88020.0,88020.51,2026-09-17T15:13:14.313645+00:00,read,60820,3.905,True,
4402,88040.0,88040.431,2026-09-17T15:13:14.333564+00:00,read,32386,3.619,True,
4403,88060.0,88060.315,2026-09-17T15:13:14.353447+00:00,read,86390,4.045,True,
4404,88080.0,88080.332,2026-09-17T15:13:14.373465+00:00,read,1956,3.688,True,
4405,88100.0,88100.236,2026-09-17T15:13:14.393373+00:00,read,51455,4.519,True,
4406,88120.0,88120.356,2026-09-17T15:13:14.413595+00:00,write,37673,3.361,True,
4407,88140.0,88140.228,2026-09-17T15:13:14.433360+00:00,read,15354,4.93,True,
4408,88160.0,88160.355,2026-09-17T15:13:14.453485+00:00,read,67821,3.749,True,
4409,88180.0,88180.443,2026-09-17T15:13:14.473573+00:00,read,73218,3.601,True,
4410,88200.0,88200.311,2026-09-17T15:13:14.493443+00:00,write,1956,3.058,True,
4411,88220.0,88220.27,2026-09-17T15:13:14.513410+00:00,read,78569,3.753,True,
4412,88240.0,88240.294,2026-09-17T15:13:14.533430+00:00,read,31247,4.709,True,
4413,88260.0,88260.324,2026-09-17T15:13:14.553458+00:00,read,4471,4.846,True,
4414,88280.0,88280.356,2026-09-17T15:13:14.573528+00:00,read,17900,4.6,True,
4415,88300.0,88300.563,2026-09-17T15:13:14.593700+00:00,read,25606,4.361,True,
4416,88320.0,88320.18,2026-09-17T15:13:14.613315+00:00,read,19928,4.373,True,
4417,88340.0,88340.342,2026-09-17T15:13:14.633478+00:00,read,20681,3.96,True,
4418,88360.0,88360.439,2026-09-17T15:13:14.653576+00:00,read,75669,4.864,True,
4419,88380.0,88380.283,2026-09-17T15:13:14.673414+00:00,read,27796,3.621,True,
4420,88400.0,88400.305,2026-09-17T15:13:14.693440+00:00,read,9186,3.967,True,
4421,88420.0,88420.293,2026-09-17T15:13:14.713429+00:00,read,94732,3.88,True,
4422,88440.0,88440.469,2026-09-17T15:13:14.733603+00:00,read,63368,3.953,True,
4423,88460.0,88460.477,2026-09-17T15:13:14.753610+00:00,read,92628,4.013,True,
4424,88480.0,88480.483,2026-09-17T15:13:14.773611+00:00,write,11698,2.945,True,
4425,88500.0,88500.288,2026-09-17T15:13:14.793420+00:00,read,95527,3.78,True,
4426,88520.0,88520.341,2026-09-17T15:13:14.813469+00:00,read,12164,3.453,True,
4427,88540.0,88540.534,2026-09-17T15:13:14.833669+00:00,read,19328,3.682,True,
4428,88560.0,88560.262,2026-09-17T15:13:14.853395+00:00,read,83001,4.247,True,
4429,88580.0,88580.282,2026-09-17T15:13:14.873415+00:00,read,50203,4.232,True,
4430,88600.0,88600.553,2026-09-17T15:13:14.893687+00:00,read,54062,4.234,True,
4431,88620.0,88620.263,2026-09-17T15:13:14.913396+00:00,read,15335,2.89,True,
4432,88640.0,88640.294,2026-09-17T15:13:14.933426+00:00,read,73259,4.567,True,
4433,88660.0,88660.344,2026-09-17T15:13:14.953477+00:00,read,59819,3.606,True,
4434,88680.0,88680.491,2026-09-17T15:13:14.973625+00:00,read,79843,4.053,True,
4435,88700.0,88700.288,2026-09-17T15:13:14.993420+00:00,read,37719,3.746,True,
4436,88720.0,88720.286,2026-09-17T15:13:15.013415+00:00,read,36219,3.585,True,
4437,88740.0,88740.213,2026-09-17T15:13:15.033342+00:00,read,58873,3.451,True,
4438,88760.0,88760.488,2026-09-17T15:13:15.053625+00:00,read,53245,4.417,True,
4439,88780.0,88780.5,2026-09-17T15:13:15.073641+00:00,read,71839,4.762,True,
4440,88800.0,88800.334,2026-09-17T15:13:15.093466+00:00,read,99122,3.293,True,
4441,88820.0,88820.262,2026-09-17T15:13:15.113397+00:00,read,82905,3.406,True,
4442,88840.0,88840.395,2026-09-17T15:13:15.133526+00:00,read,95577,3.446,True,
4443,88860.0,88860.431,2026-09-17T15:13:15.153565+00:00,write,62803,5.203,True,
4444,88880.0,88880.247,2026-09-17T15:13:15.173374+00:00,write,9048,2.426,True,
4445,88900.0,88900.17,2026-09-17T15:13:15.193297+00:00,read,69500,3.003,True,
4446,88920.0,88920.32,2026-09-17T15:13:15.213448+00:00,write,51676,2.448,True,
4447,88940.0,88940.339,2026-09-17T15:13:15.233466+00:00,read,24119,3.187,True,
4448,88960.0,88960.191,2026-09-17T15:13:15.253320+00:00,write,17163,2.832,True,
4449,88980.0,88980.461,2026-09-17T15:13:15.273593+00:00,read,81266,4.042,True,
4450,89000.0,89000.453,2026-09-17T15:13:15.293586+00:00,read,67575,3.342,True,
4451,89020.0,89020.237,2026-09-17T15:13:15.313368+00:00,read,79528,3.715,True,
4452,89040.0,89040.526,2026-09-17T15:13:15.333659+00:00,read,59292,3.734,True,
4453,89060.0,89060.569,2026-09-17T15:13:15.353705+00:00,read,70056,3.901,True,
4454,89080.0,89080.431,2026-09-17T15:13:15.373636+00:00,write,49316,3.088,True,
4455,89100.0,89100.229,2026-09-17T15:13:15.393364+00:00,read,21440,4.412,True,
4456,89120.0,89120.465,2026-09-17T15:13:15.413594+00:00,read,50772,4.002,True,
4457,89140.0,89140.331,2026-09-17T15:13:15.433462+00:00,read,33800,4.483,True,
4458,89160.0,89160.483,2026-09-17T15:13:15.453616+00:00,read,88967,4.059,True,
4459,89180.0,89180.267,2026-09-17T15:13:15.473407+00:00,read,32607,4.762,True,
4460,89200.0,89200.198,2026-09-17T15:13:15.493327+00:00,read,85329,4.593,True,
4461,89220.0,89220.333,2026-09-17T15:13:15.513469+00:00,write,80001,3.323,True,
4462,89240.0,89240.189,2026-09-17T15:13:15.533318+00:00,read,1840,3.671,True,
4463,89260.0,89260.648,2026-09-17T15:13:15.553791+00:00,write,42624,3.695,True,
4464,89280.0,89280.292,2026-09-17T15:13:15.573423+00:00,read,12170,4.238,True,
4465,89300.0,89300.496,2026-09-17T15:13:15.593633+00:00,read,13971,4.51,True,
4466,89320.0,89320.515,2026-09-17T15:13:15.613648+00:00,read,5156,3.628,True,
4467,89340.0,89340.356,2026-09-17T15:13:15.633486+00:00,write,72732,2.833,True,
4468,89360.0,89360.477,2026-09-17T15:13:15.653610+00:00,read,69239,3.554,True,
4469,89380.0,89380.478,2026-09-17T15:13:15.673612+00:00,read,80251,3.735,True,
4470,89400.0,89400.506,2026-09-17T15:13:15.693682+00:00,read,79417,3.787,True,
4471,89420.0,89420.333,2026-09-17T15:13:15.713468+00:00,read,16976,4.441,True,
4472,89440.0,89440.257,2026-09-17T15:13:15.733388+00:00,read,96957,3.494,True,
4473,89460.0,89460.231,2026-09-17T15:13:15.753368+00:00,read,71851,4.123,True,
4474,89480.0,89480.178,2026-09-17T15:13:15.773311+00:00,read,20876,3.908,True,
4475,89500.0,89500.326,2026-09-17T15:13:15.793460+00:00,read,89997,4.216,True,
4476,89520.0,89520.496,2026-09-17T15:13:15.813629+00:00,read,13968,4.318,True,
4477,89540.0,89540.203,2026-09-17T15:13:15.833341+00:00,read,35252,4.449,True,
4478,89560.0,89560.291,2026-09-17T15:13:15.853425+00:00,read,2402,4.611,True,
4479,89580.0,89580.332,2026-09-17T15:13:15.873460+00:00,read,57305,2.913,True,
4480,89600.0,89600.357,2026-09-17T15:13:15.893574+00:00,read,74367,3.852,True,
4481,89620.0,89620.29,2026-09-17T15:13:15.913424+00:00,read,81036,3.696,True,
4482,89640.0,89640.215,2026-09-17T15:13:15.933348+00:00,read,68204,4.087,True,
4483,89660.0,89660.22,2026-09-17T15:13:15.953351+00:00,read,12699,3.824,True,
4484,89680.0,89680.178,2026-09-17T15:13:15.973311+00:00,read,6692,4.103,True,
4485,89700.0,89700.254,2026-09-17T15:13:15.993387+00:00,read,36283,2.841,True,
4486,89720.0,89720.188,2026-09-17T15:13:16.013320+00:00,write,2160,2.975,True,
4487,89740.0,89740.296,2026-09-17T15:13:16.033427+00:00,read,56385,3.894,True,
4488,89760.0,89760.426,2026-09-17T15:13:16.053556+00:00,read,71750,4.302,True,
4489,89780.0,89780.449,2026-09-17T15:13:16.073578+00:00,write,62111,2.826,True,
4490,89800.0,89800.508,2026-09-17T15:13:16.093639+00:00,write,15574,3.004,True,
4491,89820.0,89820.232,2026-09-17T15:13:16.113361+00:00,write,93335,3.094,True,
4492,89840.0,89840.493,2026-09-17T15:13:16.133628+00:00,read,36994,3.51,True,
4493,89860.0,89860.308,2026-09-17T15:13:16.153441+00:00,read,45794,4.619,True,
4494,89880.0,89880.215,2026-09-17T15:13:16.173349+00:00,read,55155,3.43,True,
4495,89900.0,89900.161,2026-09-17T15:13:16.193294+00:00,write,82276,2.898,True,
4496,89920.0,89920.464,2026-09-17T15:13:16.213602+00:00,read,48110,3.873,True,
4497,89940.0,89940.513,2026-09-17T15:13:16.233649+00:00,read,9197,4.02,True,
4498,89960.0,89960.306,2026-09-17T15:13:16.253440+00:00,read,26217,4.457,True,
4499,89980.0,89980.367,2026-09-17T15:13:16.273601+00:00,read,43526,4.162,True,
4500,90000.0,90000.354,2026-09-17T15:13:16.293487+00:00,read,78134,3.471,True,
4501,90020.0,90020.343,2026-09-17T15:13:16.313480+00:00,read,48359,4.249,True,
4502,90040.0,90040.507,2026-09-17T15:13:16.333643+00:00,read,79072,3.51,True,
4503,90060.0,90060.489,2026-09-17T15:13:16.353625+00:00,read,29592,4.376,True,
4504,90080.0,90080.477,2026-09-17T15:13:16.373609+00:00,read,60199,3.708,True,
4505,90100.0,90100.437,2026-09-17T15:13:16.393573+00:00,read,66524,4.083,True,
4506,90120.0,90120.262,2026-09-17T15:13:16.413394+00:00,write,96029,2.632,True,
4507,90140.0,90140.331,2026-09-17T15:13:16.433461+00:00,write,40337,2.46,True,
4508,90160.0,90160.236,2026-09-17T15:13:16.453427+00:00,read,92976,2.853,True,
4509,90180.0,90180.176,2026-09-17T15:13:16.473305+00:00,read,14404,3.363,True,
4510,90200.0,90200.158,2026-09-17T15:13:16.493287+00:00,read,85398,2.201,True,
4511,90220.0,90220.241,2026-09-17T15:13:16.513371+00:00,read,92841,2.836,True,
4512,90240.0,90240.197,2026-09-17T15:13:16.533330+00:00,read,5072,3.417,True,
4513,90260.0,90260.155,2026-09-17T15:13:16.553285+00:00,read,89323,3.259,True,
4514,90280.0,90280.149,2026-09-17T15:13:16.573275+00:00,read,5680,2.583,True,
4515,90300.0,90300.195,2026-09-17T15:13:16.593321+00:00,write,55896,1.841,True,
4516,90320.0,90320.339,2026-09-17T15:13:16.613467+00:00,read,57756,2.645,True,
4517,90340.0,90340.151,2026-09-17T15:13:16.633280+00:00,read,72018,2.437,True,
4518,90360.0,90360.297,2026-09-17T15:13:16.653428+00:00,read,99592,3.34,True,
4519,90380.0,90380.272,2026-09-17T15:13:16.673402+00:00,read,77703,3.252,True,
4520,90400.0,90400.268,2026-09-17T15:13:16.693396+00:00,read,61341,2.956,True,
4521,90420.0,90420.442,2026-09-17T15:13:16.713569+00:00,read,71717,2.411,True,
4522,90440.0,90440.366,2026-09-17T15:13:16.733576+00:00,read,94561,3.097,True,
4523,90460.0,90460.471,2026-09-17T15:13:16.753603+00:00,read,85558,3.174,True,
4524,90480.0,90480.488,2026-09-17T15:13:16.773619+00:00,read,70608,4.138,True,
4525,90500.0,90500.364,2026-09-17T15:13:16.793576+00:00,write,12774,2.441,True,
4526,90520.0,90520.233,2026-09-17T15:13:16.813366+00:00,read,27461,3.469,True,
4527,90540.0,90540.44,2026-09-17T15:13:16.833572+00:00,read,28912,2.498,True,
4528,90560.0,90560.263,2026-09-17T15:13:16.853398+00:00,read,77088,4.097,True,
4529,90580.0,90580.268,2026-09-17T15:13:16.873398+00:00,read,41059,3.538,True,
4530,90600.0,90600.47,2026-09-17T15:13:16.893604+00:00,read,81038,4.573,True,
4531,90620.0,90620.27,2026-09-17T15:13:16.913399+00:00,read,76702,3.097,True,
4532,90640.0,90640.184,2026-09-17T15:13:16.933316+00:00,read,15852,3.447,True,
4533,90660.0,90660.258,2026-09-17T15:13:16.953392+00:00,read,82963,3.611,True,
4534,90680.0,90680.477,2026-09-17T15:13:16.973607+00:00,read,28177,3.49,True,
4535,90700.0,90700.326,2026-09-17T15:13:16.993459+00:00,write,73657,3.122,True,
4536,90720.0,90720.23,2026-09-17T15:13:17.013362+00:00,read,10928,4.021,True,
4537,90740.0,90740.207,2026-09-17T15:13:17.033337+00:00,read,21510,3.916,True,
4538,90760.0,90760.502,2026-09-17T15:13:17.053634+00:00,write,41043,2.836,True,
4539,90780.0,90780.225,2026-09-17T15:13:17.073357+00:00,read,77937,3.394,True,
4540,90800.0,90800.206,2026-09-17T15:13:17.093334+00:00,read,44414,3.468,True,
4541,90820.0,90820.25,2026-09-17T15:13:17.113387+00:00,read,87878,4.355,True,
4542,90840.0,90840.494,2026-09-17T15:13:17.133628+00:00,read,43616,4.364,True,
4543,90860.0,90860.182,2026-09-17T15:13:17.153312+00:00,read,27380,3.474,True,
4544,90880.0,90880.307,2026-09-17T15:13:17.173436+00:00,read,65437,3.618,True,
4545,90900.0,90900.19,2026-09-17T15:13:17.193326+00:00,read,94471,3.483,True,
4546,90920.0,90920.477,2026-09-17T15:13:17.213612+00:00,read,28790,3.874,True,
4547,90940.0,90940.533,2026-09-17T15:13:17.233668+00:00,write,24381,3.694,True,
4548,90960.0,90960.185,2026-09-17T15:13:17.253314+00:00,read,39245,3.387,True,
4549,90980.0,90980.246,2026-09-17T15:13:17.273375+00:00,write,87742,2.056,True,
4550,91000.0,91000.288,2026-09-17T15:13:17.293424+00:00,read,58620,3.425,True,
4551,91020.0,91020.485,2026-09-17T15:13:17.313620+00:00,write,57889,3.32,True,
4552,91040.0,91040.3,2026-09-17T15:13:17.333436+00:00,read,97785,4.057,True,
4553,91060.0,91060.169,2026-09-17T15:13:17.353298+00:00,write,14008,2.834,True,
4554,91080.0,91080.364,2026-09-17T15:13:17.373625+00:00,read,98679,4.163,True,
4555,91100.0,91100.353,2026-09-17T15:13:17.393487+00:00,read,90576,4.165,True,
4556,91120.0,91120.2,2026-09-17T15:13:17.413336+00:00,read,93117,3.595,True,
4557,91140.0,91140.333,2026-09-17T15:13:17.433468+00:00,read,49459,4.945,True,
4558,91160.0,91160.509,2026-09-17T15:13:17.453642+00:00,read,18672,4.109,True,
4559,91180.0,91180.28,2026-09-17T15:13:17.473415+00:00,read,70826,3.989,True,
4560,91200.0,91200.36,2026-09-17T15:13:17.493524+00:00,read,271,3.418,True,
4561,91220.0,91220.292,2026-09-17T15:13:17.513426+00:00,read,97179,3.402,True,
4562,91240.0,91240.214,2026-09-17T15:13:17.533347+00:00,read,1808,3.792,True,
4563,91260.0,91260.249,2026-09-17T15:13:17.553380+00:00,read,23578,4.088,True,
4564,91280.0,91280.251,2026-09-17T15:13:17.573385+00:00,read,31009,5.383,True,
4565,91300.0,91300.488,2026-09-17T15:13:17.593619+00:00,read,32376,4.199,True,
4566,91320.0,91320.314,2026-09-17T15:13:17.613446+00:00,write,59774,3.042,True,
4567,91340.0,91340.344,2026-09-17T15:13:17.633474+00:00,read,73888,3.517,True,
4568,91360.0,91360.268,2026-09-17T15:13:17.653400+00:00,write,92841,2.974,True,
4569,91380.0,91380.419,2026-09-17T15:13:17.673552+00:00,read,38109,3.746,True,
4570,91400.0,91400.494,2026-09-17T15:13:17.693629+00:00,read,42939,4.135,True,
4571,91420.0,91420.368,2026-09-17T15:13:17.713604+00:00,read,17345,4.306,True,
4572,91440.0,91440.433,2026-09-17T15:13:17.733568+00:00,read,11026,4.096,True,
4573,91460.0,91460.322,2026-09-17T15:13:17.753458+00:00,write,49828,4.269,True,
4574,91480.0,91480.191,2026-09-17T15:13:17.773323+00:00,read,91613,4.137,True,
4575,91500.0,91500.526,2026-09-17T15:13:17.793664+00:00,read,53736,4.161,True,
4576,91520.0,91520.404,2026-09-17T15:13:17.813532+00:00,read,65682,4.057,True,
4577,91540.0,91540.315,2026-09-17T15:13:17.833445+00:00,read,88627,3.6,True,
4578,91560.0,91560.293,2026-09-17T15:13:17.853422+00:00,write,10588,2.523,True,
4579,91580.0,91580.22,2026-09-17T15:13:17.873354+00:00,write,94978,3.05,True,
4580,91600.0,91600.263,2026-09-17T15:13:17.893395+00:00,write,13403,2.892,True,
4581,91620.0,91620.211,2026-09-17T15:13:17.913349+00:00,write,62185,3.643,True,
4582,91640.0,91640.218,2026-09-17T15:13:17.933351+00:00,read,86746,3.742,True,
4583,91660.0,91660.183,2026-09-17T15:13:17.953313+00:00,read,16633,3.44,True,
4584,91680.0,91680.289,2026-09-17T15:13:17.973423+00:00,read,64072,3.619,True,
4585,91700.0,91700.475,2026-09-17T15:13:17.993613+00:00,write,18893,3.434,True,
4586,91720.0,91720.248,2026-09-17T15:13:18.013383+00:00,read,47413,4.213,True,
4587,91740.0,91740.284,2026-09-17T15:13:18.033414+00:00,read,86467,3.031,True,
4588,91760.0,91760.251,2026-09-17T15:13:18.053379+00:00,read,35350,3.117,True,
4589,91780.0,91780.231,2026-09-17T15:13:18.073358+00:00,write,72262,2.554,True,
4590,91800.0,91800.178,2026-09-17T15:13:18.093308+00:00,read,97099,2.998,True,
4591,91820.0,91820.313,2026-09-17T15:13:18.113449+00:00,read,12508,4.417,True,
4592,91840.0,91840.484,2026-09-17T15:13:18.133617+00:00,read,7755,3.159,True,
4593,91860.0,91860.268,2026-09-17T15:13:18.153401+00:00,write,96397,2.788,True,
4594,91880.0,91880.269,2026-09-17T15:13:18.173400+00:00,read,47331,3.918,True,
4595,91900.0,91900.279,2026-09-17T15:13:18.193413+00:00,read,7463,3.583,True,
4596,91920.0,91920.258,2026-09-17T15:13:18.213392+00:00,read,41150,3.572,True,
4597,91940.0,91940.298,2026-09-17T15:13:18.233434+00:00,read,81967,3.611,True,
4598,91960.0,91960.44,2026-09-17T15:13:18.253569+00:00,read,63208,4.447,True,
4599,91980.0,91980.31,2026-09-17T15:13:18.273441+00:00,read,3824,3.456,True,
4600,92000.0,92000.491,2026-09-17T15:13:18.293619+00:00,read,92314,3.521,True,
4601,92020.0,92020.364,2026-09-17T15:13:18.313589+00:00,read,39617,3.302,True,
4602,92040.0,92040.305,2026-09-17T15:13:18.333438+00:00,write,67199,2.921,True,
4603,92060.0,92060.222,2026-09-17T15:13:18.353356+00:00,read,85843,3.694,True,
4604,92080.0,92080.492,2026-09-17T15:13:18.373626+00:00,write,94266,3.269,True,
4605,92100.0,92100.195,2026-09-17T15:13:18.393324+00:00,read,23461,4.557,True,
4606,92120.0,92120.221,2026-09-17T15:13:18.413350+00:00,write,60566,2.951,True,
4607,92140.0,92140.326,2026-09-17T15:13:18.433459+00:00,read,13959,3.838,True,
4608,92160.0,92160.526,2026-09-17T15:13:18.453660+00:00,read,9615,4.447,True,
4609,92180.0,92180.252,2026-09-17T15:13:18.473380+00:00,write,50846,2.333,True,
4610,92200.0,92200.263,2026-09-17T15:13:18.493394+00:00,write,75591,2.743,True,
4611,92220.0,92220.156,2026-09-17T15:13:18.513290+00:00,read,44588,3.773,True,
4612,92240.0,92240.242,2026-09-17T15:13:18.533379+00:00,read,51138,4.001,True,
4613,92260.0,92260.344,2026-09-17T15:13:18.553482+00:00,read,26051,4.262,True,
4614,92280.0,92280.479,2026-09-17T15:13:18.573615+00:00,read,43433,4.628,True,
4615,92300.0,92300.304,2026-09-17T15:13:18.593446+00:00,write,33921,3.146,True,
4616,92320.0,92320.45,2026-09-17T15:13:18.613584+00:00,write,16107,3.365,True,
4617,92340.0,92340.316,2026-09-17T15:13:18.633445+00:00,read,31206,4.244,True,
4618,92360.0,92360.443,2026-09-17T15:13:18.653576+00:00,read,42570,3.917,True,
4619,92380.0,92380.326,2026-09-17T15:13:18.673459+00:00,write,69900,2.934,True,
4620,92400.0,92400.219,2026-09-17T15:13:18.693351+00:00,write,75950,3.302,True,
4621,92420.0,92420.191,2026-09-17T15:13:18.713322+00:00,read,6460,3.696,True,
4622,92440.0,92440.499,2026-09-17T15:13:18.733634+00:00,read,79602,4.004,True,
4623,92460.0,92460.508,2026-09-17T15:13:18.753636+00:00,read,26675,3.291,True,
4624,92480.0,92480.177,2026-09-17T15:13:18.773309+00:00,write,16230,2.813,True,
4625,92500.0,92500.259,2026-09-17T15:13:18.793389+00:00,read,27134,3.763,True,
4626,92520.0,92520.302,2026-09-17T15:13:18.813433+00:00,read,66044,4.473,True,
4627,92540.0,92540.286,2026-09-17T15:13:18.833420+00:00,read,78867,3.399,True,
4628,92560.0,92560.19,2026-09-17T15:13:18.853323+00:00,read,38370,3.757,True,
4629,92580.0,92580.209,2026-09-17T15:13:18.873343+00:00,read,80214,4.027,True,
4630,92600.0,92600.276,2026-09-17T15:13:18.893411+00:00,read,89565,3.811,True,
4631,92620.0,92620.248,2026-09-17T15:13:18.913380+00:00,read,1561,4.744,True,
4632,92640.0,92640.276,2026-09-17T15:13:18.933411+00:00,read,33225,4.268,True,
4633,92660.0,92660.544,2026-09-17T15:13:18.953680+00:00,write,95688,3.655,True,
4634,92680.0,92680.22,2026-09-17T15:13:18.973357+00:00,read,54940,4.043,True,
4635,92700.0,92700.221,2026-09-17T15:13:18.993358+00:00,read,44439,4.068,True,
4636,92720.0,92720.206,2026-09-17T15:13:19.013340+00:00,read,69398,5.161,True,
4637,92740.0,92740.216,2026-09-17T15:13:19.033352+00:00,read,73122,3.545,True,
4638,92760.0,92760.126,2026-09-17T15:13:19.053257+00:00,read,56931,2.82,True,
4639,92780.0,92780.121,2026-09-17T15:13:19.073252+00:00,write,45119,1.789,True,
4640,92800.0,92800.148,2026-09-17T15:13:19.093280+00:00,read,25017,3.026,True,
4641,92820.0,92820.155,2026-09-17T15:13:19.113287+00:00,read,41772,2.084,True,
4642,92840.0,92840.155,2026-09-17T15:13:19.133286+00:00,read,9092,2.925,True,
4643,92860.0,92860.163,2026-09-17T15:13:19.153295+00:00,read,70329,3.799,True,
4644,92880.0,92880.162,2026-09-17T15:13:19.173293+00:00,read,3510,3.631,True,
4645,92900.0,92900.503,2026-09-17T15:13:19.193636+00:00,read,53341,4.243,True,
4646,92920.0,92920.284,2026-09-17T15:13:19.213413+00:00,read,65661,3.709,True,
4647,92940.0,92940.281,2026-09-17T15:13:19.233410+00:00,write,14649,2.857,True,
4648,92960.0,92960.203,2026-09-17T15:13:19.253332+00:00,read,74349,3.968,True,
4649,92980.0,92980.55,2026-09-17T15:13:19.273678+00:00,read,11853,3.551,True,
4650,93000.0,93000.189,2026-09-17T15:13:19.293321+00:00,read,13214,3.913,True,
4651,93020.0,93020.444,2026-09-17T15:13:19.313573+00:00,write,41480,3.136,True,
4652,93040.0,93040.324,2026-09-17T15:13:19.333452+00:00,read,34635,3.66,True,
4653,93060.0,93060.244,2026-09-17T15:13:19.353377+00:00,read,96235,3.485,True,
4654,93080.0,93080.209,2026-09-17T15:13:19.373341+00:00,read,54284,3.604,True,
4655,93100.0,93100.273,2026-09-17T15:13:19.393406+00:00,write,67260,3.575,True,
4656,93120.0,93120.254,2026-09-17T15:13:19.413388+00:00,write,4685,3.623,True,
4657,93140.0,93140.307,2026-09-17T15:13:19.433435+00:00,read,45585,2.63,True,
4658,93160.0,93160.271,2026-09-17T15:13:19.453404+00:00,read,30870,4.257,True,
4659,93180.0,93180.495,2026-09-17T15:13:19.473625+00:00,read,82040,2.982,True,
4660,93200.0,93200.269,2026-09-17T15:13:19.493400+00:00,write,24821,2.84,True,
4661,93220.0,93220.178,2026-09-17T15:13:19.513308+00:00,read,26169,3.354,True,
4662,93240.0,93240.26,2026-09-17T15:13:19.533397+00:00,read,83946,3.108,True,
4663,93260.0,93260.287,2026-09-17T15:13:19.553421+00:00,read,51115,3.713,True,
4664,93280.0,93280.303,2026-09-17T15:13:19.573439+00:00,read,53231,3.897,True,
4665,93300.0,93300.154,2026-09-17T15:13:19.593285+00:00,read,78017,3.325,True,
4666,93320.0,93320.265,2026-09-17T15:13:19.613395+00:00,write,68507,2.788,True,
4667,93340.0,93340.224,2026-09-17T15:13:19.633353+00:00,read,15885,3.209,True,
4668,93360.0,93360.263,2026-09-17T15:13:19.653391+00:00,read,36944,3.01,True,
4669,93380.0,93380.342,2026-09-17T15:13:19.673469+00:00,read,14885,2.357,True,
4670,93400.0,93400.462,2026-09-17T15:13:19.693592+00:00,read,18559,4.218,True,
4671,93420.0,93420.261,2026-09-17T15:13:19.713390+00:00,read,57130,3.008,True,
4672,93440.0,93440.211,2026-09-17T15:13:19.733345+00:00,write,7529,3.267,True,
4673,93460.0,93460.275,2026-09-17T15:13:19.753404+00:00,read,74086,3.035,True,
4674,93480.0,93480.476,2026-09-17T15:13:19.773604+00:00,write,11069,2.406,True,
4675,93500.0,93500.165,2026-09-17T15:13:19.793292+00:00,read,61684,3.34,True,
4676,93520.0,93520.453,2026-09-17T15:13:19.813580+00:00,read,19980,2.754,True,
4677,93540.0,93540.452,2026-09-17T15:13:19.833578+00:00,read,62822,2.677,True,
4678,93560.0,93560.491,2026-09-17T15:13:19.853618+00:00,read,5519,2.426,True,
4679,93580.0,93580.155,2026-09-17T15:13:19.873282+00:00,write,41814,2.29,True,
4680,93600.0,93600.326,2026-09-17T15:13:19.893455+00:00,write,39873,2.352,True,
4681,93620.0,93620.366,2026-09-17T15:13:19.913569+00:00,read,7845,2.99,True,
4682,93640.0,93640.199,2026-09-17T15:13:19.933329+00:00,write,99742,2.662,True,
4683,93660.0,93660.308,2026-09-17T15:13:19.953438+00:00,read,99405,3.468,True,
4684,93680.0,93680.16,2026-09-17T15:13:19.973289+00:00,read,72321,3.189,True,
4685,93700.0,93700.494,2026-09-17T15:13:19.993630+00:00,read,38744,4.576,True,
4686,93720.0,93720.476,2026-09-17T15:13:20.013610+00:00,read,38130,4.71,True,
4687,93740.0,93740.238,2026-09-17T15:13:20.033370+00:00,read,34411,3.808,True,
4688,93760.0,93760.476,2026-09-17T15:13:20.053607+00:00,read,53032,3.518,True,
4689,93780.0,93780.163,2026-09-17T15:13:20.073294+00:00,write,65174,2.512,True,
4690,93800.0,93800.145,2026-09-17T15:13:20.093277+00:00,write,55383,2.937,True,
4691,93820.0,93820.508,2026-09-17T15:13:20.113646+00:00,read,54141,4.216,True,
4692,93840.0,93840.258,2026-09-17T15:13:20.133391+00:00,read,6962,4.237,True,
4693,93860.0,93860.506,2026-09-17T15:13:20.153641+00:00,read,676,3.791,True,
4694,93880.0,93880.296,2026-09-17T15:13:20.173432+00:00,read,68652,3.791,True,
4695,93900.0,93900.317,2026-09-17T15:13:20.193446+00:00,read,94922,3.462,True,
4696,93920.0,93920.295,2026-09-17T15:13:20.213425+00:00,read,77774,2.678,True,
4697,93940.0,93940.177,2026-09-17T15:13:20.233309+00:00,write,10122,3.001,True,
4698,93960.0,93960.3,2026-09-17T15:13:20.253428+00:00,read,33766,3.62,True,
4699,93980.0,93980.22,2026-09-17T15:13:20.273353+00:00,read,24317,4.79,True,
4700,94000.0,94000.18,2026-09-17T15:13:20.293309+00:00,write,28033,2.567,True,
4701,94020.0,94020.249,2026-09-17T15:13:20.313377+00:00,write,95881,2.281,True,
4702,94040.0,94040.456,2026-09-17T15:13:20.333590+00:00,read,37749,3.242,True,
4703,94060.0,94060.333,2026-09-17T15:13:20.353464+00:00,read,85633,3.008,True,
4704,94080.0,94080.355,2026-09-17T15:13:20.373487+00:00,read,7769,3.677,True,
4705,94100.0,94100.17,2026-09-17T15:13:20.393300+00:00,read,20017,3.226,True,
4706,94120.0,94120.362,2026-09-17T15:13:20.413587+00:00,read,65213,3.672,True,
4707,94140.0,94140.204,2026-09-17T15:13:20.433337+00:00,read,25162,3.148,True,
4708,94160.0,94160.218,2026-09-17T15:13:20.453355+00:00,read,96919,5.032,True,
4709,94180.0,94180.302,2026-09-17T15:13:20.473430+00:00,read,44922,3.631,True,
4710,94200.0,94200.26,2026-09-17T15:13:20.493389+00:00,read,48213,3.351,True,
4711,94220.0,94220.267,2026-09-17T15:13:20.513397+00:00,read,93808,3.536,True,
4712,94240.0,94240.206,2026-09-17T15:13:20.533336+00:00,read,26467,3.69,True,
4713,94260.0,94260.499,2026-09-17T15:13:20.553631+00:00,read,56663,3.314,True,
4714,94280.0,94280.22,2026-09-17T15:13:20.573354+00:00,write,1642,3.295,True,
4715,94300.0,94300.357,2026-09-17T15:13:20.593634+00:00,write,38031,3.137,True,
4716,94320.0,94320.355,2026-09-17T15:13:20.613584+00:00,read,25284,4.156,True,
4717,94340.0,94340.318,2026-09-17T15:13:20.633450+00:00,write,95753,2.497,True,
4718,94360.0,94360.312,2026-09-17T15:13:20.653447+00:00,read,65473,3.798,True,
4719,94380.0,94380.219,2026-09-17T15:13:20.673351+00:00,read,35216,3.633,True,
4720,94400.0,94400.502,2026-09-17T15:13:20.693636+00:00,write,87823,2.673,True,
4721,94420.0,94420.179,2026-09-17T15:13:20.713311+00:00,read,65201,3.273,True,
4722,94440.0,94440.232,2026-09-17T15:13:20.733365+00:00,read,2448,4.387,True,
4723,94460.0,94460.206,2026-09-17T15:13:20.753335+00:00,read,72274,3.605,True,
4724,94480.0,94480.28,2026-09-17T15:13:20.773413+00:00,read,50928,3.717,True,
4725,94500.0,94500.353,2026-09-17T15:13:20.793483+00:00,write,37348,3.277,True,
4726,94520.0,94520.208,2026-09-17T15:13:20.813339+00:00,write,46967,3.585,True,
4727,94540.0,94540.511,2026-09-17T15:13:20.833644+00:00,read,31644,16.583,True,
4728,94560.0,94560.282,2026-09-17T15:13:20.853412+00:00,read,37727,3.419,True,
4729,94580.0,94580.339,2026-09-17T15:13:20.873469+00:00,read,48068,3.449,True,
4730,94600.0,94600.505,2026-09-17T15:13:20.893638+00:00,read,36304,3.807,True,
4731,94620.0,94620.473,2026-09-17T15:13:20.913603+00:00,write,67134,2.654,True,
4732,94640.0,94640.329,2026-09-17T15:13:20.933465+00:00,read,45830,4.36,True,
4733,94660.0,94660.216,2026-09-17T15:13:20.953349+00:00,read,17482,3.229,True,
4734,94680.0,94680.262,2026-09-17T15:13:20.973389+00:00,write,80821,2.082,True,
4735,94700.0,94700.264,2026-09-17T15:13:20.993394+00:00,write,52038,2.45,True,
4736,94720.0,94720.277,2026-09-17T15:13:21.013409+00:00,read,55874,3.621,True,
4737,94740.0,94740.252,2026-09-17T15:13:21.033385+00:00,write,29987,2.697,True,
4738,94760.0,94760.467,2026-09-17T15:13:21.053636+00:00,read,31696,3.619,True,
4739,94780.0,94780.486,2026-09-17T15:13:21.073617+00:00,read,58321,4.357,True,
4740,94800.0,94800.246,2026-09-17T15:13:21.093377+00:00,write,73662,2.988,True,
4741,94820.0,94820.356,2026-09-17T15:13:21.113488+00:00,write,63964,3.125,True,
4742,94840.0,94840.308,2026-09-17T15:13:21.133447+00:00,read,50198,4.864,True,
4743,94860.0,94860.553,2026-09-17T15:13:21.153691+00:00,read,9773,4.515,True,
4744,94880.0,94880.205,2026-09-17T15:13:21.173338+00:00,read,86643,4.373,True,
4745,94900.0,94900.312,2026-09-17T15:13:21.193449+00:00,read,44742,3.754,True,
4746,94920.0,94920.282,2026-09-17T15:13:21.213416+00:00,read,96345,3.907,True,
4747,94940.0,94940.484,2026-09-17T15:13:21.233621+00:00,read,88031,3.802,True,
4748,94960.0,94960.198,2026-09-17T15:13:21.253330+00:00,read,18814,3.382,True,
4749,94980.0,94980.482,2026-09-17T15:13:21.273614+00:00,read,20454,3.261,True,
4750,95000.0,95000.47,2026-09-17T15:13:21.293599+00:00,read,14681,3.055,True,
4751,95020.0,95020.333,2026-09-17T15:13:21.313464+00:00,read,60517,3.495,True,
4752,95040.0,95040.233,2026-09-17T15:13:21.333363+00:00,read,62009,2.967,True,
4753,95060.0,95060.358,2026-09-17T15:13:21.353618+00:00,read,26599,3.08,True,
4754,95080.0,95080.27,2026-09-17T15:13:21.373401+00:00,read,86014,2.09,True,
4755,95100.0,95100.509,2026-09-17T15:13:21.393639+00:00,read,78180,2.773,True,
4756,95120.0,95120.302,2026-09-17T15:13:21.413430+00:00,read,80629,2.95,True,
4757,95140.0,95140.469,2026-09-17T15:13:21.433599+00:00,write,24477,2.364,True,
4758,95160.0,95160.266,2026-09-17T15:13:21.453398+00:00,read,32389,3.487,True,
4759,95180.0,95180.313,2026-09-17T15:13:21.473441+00:00,read,95478,3.385,True,
4760,95200.0,95200.191,2026-09-17T15:13:21.493324+00:00,read,40885,3.707,True,
4761,95220.0,95220.295,2026-09-17T15:13:21.513431+00:00,read,58837,3.701,True,
4762,95240.0,95240.276,2026-09-17T15:13:21.533407+00:00,read,66029,2.303,True,
4763,95260.0,95260.271,2026-09-17T15:13:21.553404+00:00,read,31489,3.097,True,
4764,95280.0,95280.328,2026-09-17T15:13:21.573456+00:00,read,83633,3.148,True,
4765,95300.0,95300.297,2026-09-17T15:13:21.593427+00:00,read,61795,3.441,True,
4766,95320.0,95320.164,2026-09-17T15:13:21.613295+00:00,read,66327,3.596,True,
4767,95340.0,95340.195,2026-09-17T15:13:21.633328+00:00,read,92493,3.074,True,
4768,95360.0,95360.32,2026-09-17T15:13:21.653450+00:00,read,83271,3.292,True,
4769,95380.0,95380.246,2026-09-17T15:13:21.673376+00:00,read,96535,2.873,True,
4770,95400.0,95400.48,2026-09-17T15:13:21.693610+00:00,read,13317,3.142,True,
4771,95420.0,95420.195,2026-09-17T15:13:21.713330+00:00,read,18367,3.588,True,
4772,95440.0,95440.354,2026-09-17T15:13:21.733488+00:00,write,37882,2.672,True,
4773,95460.0,95460.481,2026-09-17T15:13:21.753614+00:00,read,77508,3.376,True,
4774,95480.0,95480.464,2026-09-17T15:13:21.773593+00:00,read,78644,3.387,True,
4775,95500.0,95500.3,2026-09-17T15:13:21.793431+00:00,read,38706,3.223,True,
4776,95520.0,95520.448,2026-09-17T15:13:21.813577+00:00,read,44940,2.903,True,
4777,95540.0,95540.208,2026-09-17T15:13:21.833337+00:00,write,20499,2.152,True,
4778,95560.0,95560.3,2026-09-17T15:13:21.853431+00:00,write,78849,2.346,True,
4779,95580.0,95580.191,2026-09-17T15:13:21.873321+00:00,read,96882,2.959,True,
4780,95600.0,95600.288,2026-09-17T15:13:21.893423+00:00,read,10562,4.069,True,
4781,95620.0,95620.36,2026-09-17T15:13:21.913600+00:00,read,254,3.961,True,
4782,95640.0,95640.3,2026-09-17T15:13:21.933432+00:00,read,71384,3.963,True,
4783,95660.0,95660.359,2026-09-17T15:13:21.953583+00:00,read,10219,3.442,True,
4784,95680.0,95680.486,2026-09-17T15:13:21.973613+00:00,write,23243,2.435,True,
4785,95700.0,95700.507,2026-09-17T15:13:21.993639+00:00,write,65040,2.803,True,
4786,95720.0,95720.497,2026-09-17T15:13:22.013629+00:00,read,19756,3.517,True,
4787,95740.0,95740.231,2026-09-17T15:13:22.033362+00:00,read,42971,4.246,True,
4788,95760.0,95760.356,2026-09-17T15:13:22.053486+00:00,read,23501,3.713,True,
4789,95780.0,95780.334,2026-09-17T15:13:22.073465+00:00,read,22597,3.953,True,
4790,95800.0,95800.236,2026-09-17T15:13:22.093369+00:00,read,32547,4.033,True,
4791,95820.0,95820.226,2026-09-17T15:13:22.113355+00:00,read,14111,4.487,True,
4792,95840.0,95840.457,2026-09-17T15:13:22.133585+00:00,read,65682,2.572,True,
4793,95860.0,95860.274,2026-09-17T15:13:22.153403+00:00,read,69648,3.402,True,
4794,95880.0,95880.436,2026-09-17T15:13:22.173565+00:00,read,2364,4.109,True,
4795,95900.0,95900.28,2026-09-17T15:13:22.193410+00:00,read,50357,4.51,True,
4796,95920.0,95920.444,2026-09-17T15:13:22.213577+00:00,read,49362,3.313,True,
4797,95940.0,95940.272,2026-09-17T15:13:22.233406+00:00,read,72025,3.031,True,
4798,95960.0,95960.267,2026-09-17T15:13:22.253399+00:00,write,33232,2.627,True,
4799,95980.0,95980.337,2026-09-17T15:13:22.273469+00:00,read,21508,4.417,True,
4800,96000.0,96000.263,2026-09-17T15:13:22.293395+00:00,write,66617,2.901,True,
4801,96020.0,96020.501,2026-09-17T15:13:22.313636+00:00,read,75017,2.596,True,
4802,96040.0,96040.468,2026-09-17T15:13:22.333600+00:00,write,97858,2.949,True,
4803,96060.0,96060.416,2026-09-17T15:13:22.353546+00:00,read,48051,3.606,True,
4804,96080.0,96080.2,2026-09-17T15:13:22.373329+00:00,read,72030,3.908,True,
4805,96100.0,96100.325,2026-09-17T15:13:22.393454+00:00,read,3584,3.91,True,
4806,96120.0,96120.252,2026-09-17T15:13:22.413382+00:00,write,20449,3.107,True,
4807,96140.0,96140.291,2026-09-17T15:13:22.433421+00:00,write,9217,3.139,True,
4808,96160.0,96160.452,2026-09-17T15:13:22.453583+00:00,write,18909,2.994,True,
4809,96180.0,96180.194,2026-09-17T15:13:22.473325+00:00,write,87144,2.916,True,
4810,96200.0,96200.189,2026-09-17T15:13:22.493318+00:00,read,80798,2.865,True,
4811,96220.0,96220.213,2026-09-17T15:13:22.513342+00:00,read,6171,2.584,True,
4812,96240.0,96240.216,2026-09-17T15:13:22.533346+00:00,read,88924,2.896,True,
4813,96260.0,96260.197,2026-09-17T15:13:22.553331+00:00,write,87871,2.973,True,
4814,96280.0,96280.495,2026-09-17T15:13:22.573629+00:00,read,51939,4.395,True,
4815,96300.0,96300.206,2026-09-17T15:13:22.593338+00:00,read,9329,2.823,True,
4816,96320.0,96320.255,2026-09-17T15:13:22.613388+00:00,read,11009,3.888,True,
4817,96340.0,96340.259,2026-09-17T15:13:22.633393+00:00,read,46983,3.889,True,
4818,96360.0,96360.203,2026-09-17T15:13:22.653335+00:00,read,50833,3.625,True,
4819,96380.0,96380.311,2026-09-17T15:13:22.673440+00:00,read,90269,3.683,True,
4820,96400.0,96400.284,2026-09-17T15:13:22.693415+00:00,read,6775,3.555,True,
4821,96420.0,96420.352,2026-09-17T15:13:22.713485+00:00,read,702,3.455,True,
4822,96440.0,96440.262,2026-09-17T15:13:22.733396+00:00,read,64718,4.76,True,
4823,96460.0,96460.279,2026-09-17T15:13:22.753412+00:00,read,83704,4.658,True,
4824,96480.0,96480.274,2026-09-17T15:13:22.773404+00:00,read,48045,3.831,True,
4825,96500.0,96500.321,2026-09-17T15:13:22.793451+00:00,write,16859,3.24,True,
4826,96520.0,96520.419,2026-09-17T15:13:22.813552+00:00,read,57327,3.869,True,
4827,96540.0,96540.249,2026-09-17T15:13:22.833382+00:00,read,97429,4.055,True,
4828,96560.0,96560.546,2026-09-17T15:13:22.853676+00:00,read,63578,3.54,True,
4829,96580.0,96580.205,2026-09-17T15:13:22.873338+00:00,read,39704,3.944,True,
4830,96600.0,96600.237,2026-09-17T15:13:22.893371+00:00,read,23750,3.688,True,
4831,96620.0,96620.544,2026-09-17T15:13:22.913733+00:00,read,182,4.234,True,
4832,96640.0,96640.154,2026-09-17T15:13:22.933287+00:00,read,64240,4.145,True,
4833,96660.0,96660.322,2026-09-17T15:13:22.953454+00:00,read,83233,3.448,True,
4834,96680.0,96680.238,2026-09-17T15:13:22.973369+00:00,read,85168,3.83,True,
4835,96700.0,96700.316,2026-09-17T15:13:22.993448+00:00,read,36740,3.815,True,
4836,96720.0,96720.455,2026-09-17T15:13:23.013587+00:00,read,77129,4.563,True,
4837,96740.0,96740.245,2026-09-17T15:13:23.033376+00:00,read,76530,3.746,True,
4838,96760.0,96760.314,2026-09-17T15:13:23.053444+00:00,read,94062,4.434,True,
4839,96780.0,96780.269,2026-09-17T15:13:23.073397+00:00,write,69227,2.536,True,
4840,96800.0,96800.143,2026-09-17T15:13:23.093273+00:00,read,83617,4.105,True,
4841,96820.0,96820.343,2026-09-17T15:13:23.113475+00:00,read,11706,3.309,True,
4842,96840.0,96840.203,2026-09-17T15:13:23.133335+00:00,write,34002,2.802,True,
4843,96860.0,96860.324,2026-09-17T15:13:23.153458+00:00,read,50601,4.0,True,
4844,96880.0,96880.356,2026-09-17T15:13:23.173487+00:00,read,81168,3.962,True,
4845,96900.0,96900.335,2026-09-17T15:13:23.193468+00:00,read,22114,3.69,True,
4846,96920.0,96920.354,2026-09-17T15:13:23.213658+00:00,read,535,4.131,True,
4847,96940.0,96940.308,2026-09-17T15:13:23.233437+00:00,write,4895,3.156,True,
4848,96960.0,96960.493,2026-09-17T15:13:23.253624+00:00,read,63129,4.353,True,
4849,96980.0,96980.25,2026-09-17T15:13:23.273384+00:00,write,81811,2.605,True,
4850,97000.0,97000.433,2026-09-17T15:13:23.293564+00:00,read,60811,3.714,True,
4851,97020.0,97020.311,2026-09-17T15:13:23.313444+00:00,read,4055,4.006,True,
4852,97040.0,97040.477,2026-09-17T15:13:23.333613+00:00,read,38703,4.002,True,
4853,97060.0,97060.29,2026-09-17T15:13:23.353422+00:00,read,31625,3.781,True,
4854,97080.0,97080.353,2026-09-17T15:13:23.373484+00:00,read,95323,3.527,True,
4855,97100.0,97100.235,2026-09-17T15:13:23.393370+00:00,read,91396,3.739,True,
4856,97120.0,97120.263,2026-09-17T15:13:23.413396+00:00,read,3627,4.443,True,
4857,97140.0,97140.352,2026-09-17T15:13:23.433480+00:00,read,62340,3.384,True,
4858,97160.0,97160.252,2026-09-17T15:13:23.453383+00:00,read,49422,3.749,True,
4859,97180.0,97180.293,2026-09-17T15:13:23.473426+00:00,write,28469,2.931,True,
4860,97200.0,97200.305,2026-09-17T15:13:23.493435+00:00,write,42504,2.338,True,
4861,97220.0,97220.171,2026-09-17T15:13:23.513303+00:00,read,73302,3.313,True,
4862,97240.0,97240.275,2026-09-17T15:13:23.533409+00:00,read,98276,3.992,True,
4863,97260.0,97260.454,2026-09-17T15:13:23.553585+00:00,write,5606,2.405,True,
4864,97280.0,97280.196,2026-09-17T15:13:23.573330+00:00,read,44614,3.33,True,
4865,97300.0,97300.359,2026-09-17T15:13:23.593576+00:00,write,99519,3.052,True,
4866,97320.0,97320.273,2026-09-17T15:13:23.613406+00:00,read,24001,3.772,True,
4867,97340.0,97340.347,2026-09-17T15:13:23.633482+00:00,read,44164,3.516,True,
4868,97360.0,97360.253,2026-09-17T15:13:23.653383+00:00,read,59066,3.487,True,
4869,97380.0,97380.416,2026-09-17T15:13:23.673545+00:00,read,82032,3.107,True,
4870,97400.0,97400.351,2026-09-17T15:13:23.693479+00:00,read,91381,2.894,True,
4871,97420.0,97420.257,2026-09-17T15:13:23.713386+00:00,read,55185,3.12,True,
4872,97440.0,97440.313,2026-09-17T15:13:23.733446+00:00,read,40318,3.463,True,
4873,97460.0,97460.309,2026-09-17T15:13:23.753436+00:00,read,33802,3.287,True,
4874,97480.0,97480.462,2026-09-17T15:13:23.773593+00:00,read,70239,2.924,True,
4875,97500.0,97500.406,2026-09-17T15:13:23.793537+00:00,read,59582,3.337,True,
4876,97520.0,97520.307,2026-09-17T15:13:23.813434+00:00,read,38062,2.841,True,
4877,97540.0,97540.396,2026-09-17T15:13:23.833521+00:00,read,26908,2.656,True,
4878,97560.0,97560.289,2026-09-17T15:13:23.853417+00:00,read,99220,2.413,True,
4879,97580.0,97580.195,2026-09-17T15:13:23.873322+00:00,read,73669,3.1,True,
4880,97600.0,97600.448,2026-09-17T15:13:23.893574+00:00,read,62288,2.388,True,
4881,97620.0,97620.118,2026-09-17T15:13:23.913246+00:00,read,17579,2.8,True,
4882,97640.0,97640.438,2026-09-17T15:13:23.933564+00:00,read,51948,3.12,True,
4883,97660.0,97660.237,2026-09-17T15:13:23.953372+00:00,read,86628,3.839,True,
4884,97680.0,97680.207,2026-09-17T15:13:23.973338+00:00,read,4917,3.319,True,
4885,97700.0,97700.342,2026-09-17T15:13:23.993471+00:00,read,56298,3.045,True,
4886,97720.0,97720.36,2026-09-17T15:13:24.013571+00:00,read,60119,2.905,True,
4887,97740.0,97740.298,2026-09-17T15:13:24.033431+00:00,read,65019,4.326,True,
4888,97760.0,97760.496,2026-09-17T15:13:24.053631+00:00,read,26319,3.69,True,
4889,97780.0,97780.311,2026-09-17T15:13:24.073444+00:00,read,78539,4.021,True,
4890,97800.0,97800.306,2026-09-17T15:13:24.093438+00:00,write,22267,2.573,True,
4891,97820.0,97820.322,2026-09-17T15:13:24.113455+00:00,read,87495,3.664,True,
4892,97840.0,97840.267,2026-09-17T15:13:24.133397+00:00,read,93886,3.348,True,
4893,97860.0,97860.181,2026-09-17T15:13:24.153311+00:00,read,29365,3.431,True,
4894,97880.0,97880.444,2026-09-17T15:13:24.173580+00:00,read,22265,4.106,True,
4895,97900.0,97900.303,2026-09-17T15:13:24.193436+00:00,read,58725,3.786,True,
4896,97920.0,97920.286,2026-09-17T15:13:24.213418+00:00,read,4210,3.987,True,
4897,97940.0,97940.298,2026-09-17T15:13:24.233429+00:00,write,34671,2.818,True,
4898,97960.0,97960.464,2026-09-17T15:13:24.253594+00:00,read,21032,3.771,True,
4899,97980.0,97980.351,2026-09-17T15:13:24.273484+00:00,read,24835,4.273,True,
4900,98000.0,98000.329,2026-09-17T15:13:24.293460+00:00,read,89709,3.77,True,
4901,98020.0,98020.359,2026-09-17T15:13:24.313596+00:00,read,90549,3.959,True,
4902,98040.0,98040.157,2026-09-17T15:13:24.333288+00:00,read,12953,3.641,True,
4903,98060.0,98060.269,2026-09-17T15:13:24.353405+00:00,read,36479,3.814,True,
4904,98080.0,98080.193,2026-09-17T15:13:24.373324+00:00,write,37020,2.79,True,
4905,98100.0,98100.269,2026-09-17T15:13:24.393404+00:00,read,24792,3.734,True,
4906,98120.0,98120.262,2026-09-17T15:13:24.413395+00:00,write,88749,2.531,True,
4907,98140.0,98140.536,2026-09-17T15:13:24.433667+00:00,read,2641,4.504,True,
4908,98160.0,98160.424,2026-09-17T15:13:24.453553+00:00,read,27692,3.753,True,
4909,98180.0,98180.209,2026-09-17T15:13:24.473340+00:00,read,68909,3.856,True,
4910,98200.0,98200.361,2026-09-17T15:13:24.493578+00:00,read,37988,3.511,True,
4911,98220.0,98220.301,2026-09-17T15:13:24.513434+00:00,read,5044,4.184,True,
4912,98240.0,98240.479,2026-09-17T15:13:24.533611+00:00,read,67771,3.848,True,
4913,98260.0,98260.484,2026-09-17T15:13:24.553615+00:00,read,24871,4.238,True,
4914,98280.0,98280.458,2026-09-17T15:13:24.573589+00:00,write,44291,3.098,True,
4915,98300.0,98300.519,2026-09-17T15:13:24.593650+00:00,read,30144,3.267,True,
4916,98320.0,98320.255,2026-09-17T15:13:24.613384+00:00,read,1851,3.761,True,
4917,98340.0,98340.289,2026-09-17T15:13:24.633419+00:00,write,91407,2.96,True,
4918,98360.0,98360.335,2026-09-17T15:13:24.653468+00:00,read,99432,3.575,True,
4919,98380.0,98380.162,2026-09-17T15:13:24.673289+00:00,read,76564,2.95,True,
4920,98400.0,98400.217,2026-09-17T15:13:24.693347+00:00,read,16948,3.767,True,
4921,98420.0,98420.172,2026-09-17T15:13:24.713302+00:00,read,46321,2.946,True,
4922,98440.0,98440.222,2026-09-17T15:13:24.733350+00:00,write,44232,2.503,True,
4923,98460.0,98460.364,2026-09-17T15:13:24.753585+00:00,write,97450,3.233,True,
4924,98480.0,98480.231,2026-09-17T15:13:24.773366+00:00,read,42315,3.804,True,
4925,98500.0,98500.266,2026-09-17T15:13:24.793399+00:00,read,62363,3.788,True,
4926,98520.0,98520.205,2026-09-17T15:13:24.813336+00:00,read,54613,3.441,True,
4927,98540.0,98540.293,2026-09-17T15:13:24.833428+00:00,read,13448,3.491,True,
4928,98560.0,98560.28,2026-09-17T15:13:24.853412+00:00,read,1399,3.321,True,
4929,98580.0,98580.301,2026-09-17T15:13:24.873434+00:00,read,85439,3.751,True,
4930,98600.0,98600.283,2026-09-17T15:13:24.893411+00:00,read,30830,3.871,True,
4931,98620.0,98620.304,2026-09-17T15:13:24.913433+00:00,read,13956,3.575,True,
4932,98640.0,98640.497,2026-09-17T15:13:24.933625+00:00,read,87898,3.35,True,
4933,98660.0,98660.287,2026-09-17T15:13:24.953415+00:00,read,90633,7.767,True,
4934,98680.0,98680.184,2026-09-17T15:13:24.973313+00:00,write,97573,3.157,True,
4935,98700.0,98700.477,2026-09-17T15:13:24.993606+00:00,read,11584,3.506,True,
4936,98720.0,98720.489,2026-09-17T15:13:25.013617+00:00,read,40932,3.521,True,
4937,98740.0,98740.502,2026-09-17T15:13:25.033631+00:00,read,98375,3.345,True,
4938,98760.0,98760.424,2026-09-17T15:13:25.053553+00:00,write,39591,3.035,True,
4939,98780.0,98780.34,2026-09-17T15:13:25.073470+00:00,read,69815,3.63,True,
4940,98800.0,98800.157,2026-09-17T15:13:25.093287+00:00,read,5359,3.3,True,
4941,98820.0,98820.274,2026-09-17T15:13:25.113407+00:00,read,17945,4.021,True,
4942,98840.0,98840.309,2026-09-17T15:13:25.133441+00:00,read,3885,3.55,True,
4943,98860.0,98860.203,2026-09-17T15:13:25.153331+00:00,read,41981,3.116,True,
4944,98880.0,98880.281,2026-09-17T15:13:25.173410+00:00,read,87813,3.733,True,
4945,98900.0,98900.181,2026-09-17T15:13:25.193314+00:00,write,55316,3.34,True,
4946,98920.0,98920.228,2026-09-17T15:13:25.213362+00:00,read,72892,3.503,True,
4947,98940.0,98940.413,2026-09-17T15:13:25.233542+00:00,read,70268,3.483,True,
4948,98960.0,98960.205,2026-09-17T15:13:25.253334+00:00,read,22365,3.653,True,
4949,98980.0,98980.2,2026-09-17T15:13:25.273330+00:00,read,87871,3.692,True,
4950,99000.0,99000.294,2026-09-17T15:13:25.293423+00:00,write,44934,2.531,True,
4951,99020.0,99020.442,2026-09-17T15:13:25.313570+00:00,read,4624,4.327,True,
4952,99040.0,99040.454,2026-09-17T15:13:25.333584+00:00,write,23373,3.693,True,
4953,99060.0,99060.3,2026-09-17T15:13:25.353434+00:00,read,49113,4.069,True,
4954,99080.0,99080.318,2026-09-17T15:13:25.373455+00:00,read,16305,4.554,True,
4955,99100.0,99100.303,2026-09-17T15:13:25.393434+00:00,write,34166,3.449,True,
4956,99120.0,99120.351,2026-09-17T15:13:25.413485+00:00,read,67561,3.711,True,
4957,99140.0,99140.217,2026-09-17T15:13:25.433350+00:00,read,9448,3.676,True,
4958,99160.0,99160.193,2026-09-17T15:13:25.453324+00:00,read,68696,3.072,True,
4959,99180.0,99180.473,2026-09-17T15:13:25.473608+00:00,read,22545,3.881,True,
4960,99200.0,99200.291,2026-09-17T15:13:25.493423+00:00,read,84569,3.436,True,
4961,99220.0,99220.262,2026-09-17T15:13:25.513395+00:00,write,90195,2.481,True,
4962,99240.0,99240.317,2026-09-17T15:13:25.533451+00:00,write,40798,3.193,True,
4963,99260.0,99260.333,2026-09-17T15:13:25.553463+00:00,write,31175,3.313,True,
4964,99280.0,99280.532,2026-09-17T15:13:25.573660+00:00,read,40805,3.337,True,
4965,99300.0,99300.19,2026-09-17T15:13:25.593319+00:00,read,10172,4.437,True,
4966,99320.0,99320.264,2026-09-17T15:13:25.613400+00:00,read,43623,3.17,True,
4967,99340.0,99340.358,2026-09-17T15:13:25.633623+00:00,read,24240,4.816,True,
4968,99360.0,99360.363,2026-09-17T15:13:25.653617+00:00,read,72709,4.971,True,
4969,99380.0,99380.337,2026-09-17T15:13:25.673614+00:00,read,42278,5.923,True,
4970,99400.0,99400.35,2026-09-17T15:13:25.693529+00:00,read,67247,5.502,True,
4971,99420.0,99420.324,2026-09-17T15:13:25.713462+00:00,read,45281,5.743,True,
4972,99440.0,99440.159,2026-09-17T15:13:25.733293+00:00,read,94042,3.757,True,
4973,99460.0,99460.265,2026-09-17T15:13:25.753401+00:00,read,38199,4.816,True,
4974,99480.0,99480.351,2026-09-17T15:13:25.773489+00:00,read,40676,4.531,True,
4975,99500.0,99500.319,2026-09-17T15:13:25.793454+00:00,read,88604,3.511,True,
4976,99520.0,99520.331,2026-09-17T15:13:25.813464+00:00,write,92381,2.803,True,
4977,99540.0,99540.188,2026-09-17T15:13:25.833322+00:00,read,59154,3.775,True,
4978,99560.0,99560.293,2026-09-17T15:13:25.853430+00:00,read,98700,3.696,True,
4979,99580.0,99580.186,2026-09-17T15:13:25.873318+00:00,read,47161,4.367,True,
4980,99600.0,99600.259,2026-09-17T15:13:25.893388+00:00,read,73564,4.293,True,
4981,99620.0,99620.21,2026-09-17T15:13:25.913340+00:00,read,63802,3.898,True,
4982,99640.0,99640.161,2026-09-17T15:13:25.933289+00:00,write,23950,3.872,True,
4983,99660.0,99660.241,2026-09-17T15:13:25.953370+00:00,read,93532,3.046,True,
4984,99680.0,99680.367,2026-09-17T15:13:25.973533+00:00,read,96789,4.178,True,
4985,99700.0,99700.152,2026-09-17T15:13:25.993280+00:00,read,61582,3.758,True,
4986,99720.0,99720.451,2026-09-17T15:13:26.013584+00:00,write,84582,3.154,True,
4987,99740.0,99740.209,2026-09-17T15:13:26.033341+00:00,read,72651,3.815,True,
4988,99760.0,99760.5,2026-09-17T15:13:26.053634+00:00,read,5284,3.497,True,
4989,99780.0,99780.27,2026-09-17T15:13:26.073401+00:00,read,51987,4.253,True,
4990,99800.0,99800.259,2026-09-17T15:13:26.093390+00:00,write,98932,2.441,True,
4991,99820.0,99820.267,2026-09-17T15:13:26.113395+00:00,read,30928,3.56,True,
4992,99840.0,99840.289,2026-09-17T15:13:26.133421+00:00,read,57,3.08,True,
4993,99860.0,99860.465,2026-09-17T15:13:26.153599+00:00,write,91189,3.368,True,
4994,99880.0,99880.359,2026-09-17T15:13:26.173487+00:00,read,7348,3.664,True,
4995,99900.0,99900.257,2026-09-17T15:13:26.193386+00:00,read,62632,3.581,True,
4996,99920.0,99920.238,2026-09-17T15:13:26.213367+00:00,write,60823,2.155,True,
4997,99940.0,99940.264,2026-09-17T15:13:26.233395+00:00,read,32374,4.421,True,
4998,99960.0,99960.473,2026-09-17T15:13:26.253607+00:00,read,33036,3.827,True,
4999,99980.0,99980.309,2026-09-17T15:13:26.273440+00:00,read,23617,4.218,True,
5000,100000.0,100000.18,2026-09-17T15:13:26.293308+00:00,read,5790,3.603,True,
5001,100020.0,100020.437,2026-09-17T15:13:26.313570+00:00,read,18670,4.66,True,
5002,100040.0,100040.425,2026-09-17T15:13:26.333555+00:00,write,80328,3.118,True,
5003,100060.0,100060.431,2026-09-17T15:13:26.353562+00:00,write,21073,3.023,True,
5004,100080.0,100080.475,2026-09-17T15:13:26.373605+00:00,read,41203,3.514,True,
5005,100100.0,100100.506,2026-09-17T15:13:26.393635+00:00,read,97802,3.738,True,
5006,100120.0,100120.2,2026-09-17T15:13:26.413329+00:00,read,45014,3.761,True,
5007,100140.0,100140.471,2026-09-17T15:13:26.433602+00:00,read,43381,3.702,True,
5008,100160.0,100160.285,2026-09-17T15:13:26.453417+00:00,read,50267,4.064,True,
5009,100180.0,100180.284,2026-09-17T15:13:26.473412+00:00,read,47206,3.457,True,
5010,100200.0,100200.367,2026-09-17T15:13:26.493624+00:00,write,56885,2.753,True,
5011,100220.0,100220.165,2026-09-17T15:13:26.513295+00:00,read,16797,5.015,True,
5012,100240.0,100240.25,2026-09-17T15:13:26.533384+00:00,write,74655,3.151,True,
5013,100260.0,100260.418,2026-09-17T15:13:26.553550+00:00,read,63024,3.252,True,
5014,100280.0,100280.463,2026-09-17T15:13:26.573594+00:00,write,59518,2.594,True,
5015,100300.0,100300.452,2026-09-17T15:13:26.593581+00:00,read,23984,3.32,True,
5016,100320.0,100320.417,2026-09-17T15:13:26.613551+00:00,read,13374,3.531,True,
5017,100340.0,100340.358,2026-09-17T15:13:26.633579+00:00,read,55454,3.29,True,
5018,100360.0,100360.193,2026-09-17T15:13:26.653323+00:00,read,12848,3.361,True,
5019,100380.0,100380.184,2026-09-17T15:13:26.673313+00:00,read,51019,3.443,True,
5020,100400.0,100400.274,2026-09-17T15:13:26.693405+00:00,write,68973,2.497,True,
5021,100420.0,100420.313,2026-09-17T15:13:26.713442+00:00,read,95235,3.522,True,
5022,100440.0,100440.23,2026-09-17T15:13:26.733358+00:00,read,84507,3.296,True,
5023,100460.0,100460.225,2026-09-17T15:13:26.753354+00:00,read,46927,3.5,True,
5024,100480.0,100480.361,2026-09-17T15:13:26.773580+00:00,read,97242,3.696,True,
5025,100500.0,100500.243,2026-09-17T15:13:26.793373+00:00,read,27772,3.602,True,
5026,100520.0,100520.317,2026-09-17T15:13:26.813445+00:00,read,15714,2.802,True,
5027,100540.0,100540.353,2026-09-17T15:13:26.833480+00:00,read,46374,2.69,True,
5028,100560.0,100560.283,2026-09-17T15:13:26.853411+00:00,read,66473,2.943,True,
5029,100580.0,100580.275,2026-09-17T15:13:26.873402+00:00,write,22399,1.896,True,
5030,100600.0,100600.188,2026-09-17T15:13:26.893318+00:00,read,4613,3.323,True,
5031,100620.0,100620.286,2026-09-17T15:13:26.913415+00:00,write,66257,2.62,True,
5032,100640.0,100640.197,2026-09-17T15:13:26.933326+00:00,read,59581,3.467,True,
5033,100660.0,100660.158,2026-09-17T15:13:26.953286+00:00,write,41059,1.321,True,
5034,100680.0,100680.191,2026-09-17T15:13:26.973324+00:00,write,99639,3.074,True,
5035,100700.0,100700.302,2026-09-17T15:13:26.993436+00:00,read,4370,5.055,True,
5036,100720.0,100720.518,2026-09-17T15:13:27.013654+00:00,read,41880,4.018,True,
5037,100740.0,100740.482,2026-09-17T15:13:27.033615+00:00,read,72120,3.589,True,
5038,100760.0,100760.242,2026-09-17T15:13:27.053376+00:00,read,66498,4.583,True,
5039,100780.0,100780.255,2026-09-17T15:13:27.073388+00:00,read,79416,3.697,True,
5040,100800.0,100800.261,2026-09-17T15:13:27.093394+00:00,write,91931,2.923,True,
5041,100820.0,100820.498,2026-09-17T15:13:27.113630+00:00,read,98393,3.987,True,
5042,100840.0,100840.186,2026-09-17T15:13:27.133315+00:00,read,8883,3.539,True,
5043,100860.0,100860.476,2026-09-17T15:13:27.153605+00:00,read,79912,3.577,True,
5044,100880.0,100880.499,2026-09-17T15:13:27.173681+00:00,write,60752,2.919,True,
5045,100900.0,100900.323,2026-09-17T15:13:27.193727+00:00,write,5551,3.292,True,
5046,100920.0,100920.244,2026-09-17T15:13:27.213371+00:00,write,67135,2.578,True,
5047,100940.0,100940.462,2026-09-17T15:13:27.233594+00:00,read,42364,3.611,True,
5048,100960.0,100960.19,2026-09-17T15:13:27.253319+00:00,read,32760,3.602,True,
5049,100980.0,100980.498,2026-09-17T15:13:27.273629+00:00,write,42534,3.057,True,
5050,101000.0,101000.366,2026-09-17T15:13:27.293603+00:00,read,94443,3.557,True,
5051,101020.0,101020.524,2026-09-17T15:13:27.313656+00:00,write,64624,3.428,True,
5052,101040.0,101040.36,2026-09-17T15:13:27.333579+00:00,read,45605,4.005,True,
5053,101060.0,101060.258,2026-09-17T15:13:27.353390+00:00,read,31418,3.865,True,
5054,101080.0,101080.279,2026-09-17T15:13:27.373408+00:00,read,40006,3.772,True,
5055,101100.0,101100.624,2026-09-17T15:13:27.393756+00:00,read,41753,4.646,True,
5056,101120.0,101120.339,2026-09-17T15:13:27.413473+00:00,read,10656,3.937,True,
5057,101140.0,101140.22,2026-09-17T15:13:27.433349+00:00,read,75,3.517,True,
5058,101160.0,101160.323,2026-09-17T15:13:27.453456+00:00,read,49975,3.353,True,
5059,101180.0,101180.334,2026-09-17T15:13:27.473464+00:00,read,2140,3.287,True,
5060,101200.0,101200.345,2026-09-17T15:13:27.493476+00:00,write,99442,2.76,True,
5061,101220.0,101220.186,2026-09-17T15:13:27.513319+00:00,read,84415,3.495,True,
5062,101240.0,101240.158,2026-09-17T15:13:27.533291+00:00,read,64484,4.738,True,
5063,101260.0,101260.201,2026-09-17T15:13:27.553337+00:00,read,33848,3.522,True,
5064,101280.0,101280.269,2026-09-17T15:13:27.573401+00:00,read,48234,3.542,True,
5065,101300.0,101300.36,2026-09-17T15:13:27.593577+00:00,write,52664,2.95,True,
5066,101320.0,101320.32,2026-09-17T15:13:27.613458+00:00,read,74392,4.584,True,
5067,101340.0,101340.186,2026-09-17T15:13:27.633318+00:00,read,47454,3.624,True,
5068,101360.0,101360.245,2026-09-17T15:13:27.653376+00:00,read,20387,3.517,True,
5069,101380.0,101380.323,2026-09-17T15:13:27.673457+00:00,read,44385,5.188,True,
5070,101400.0,101400.316,2026-09-17T15:13:27.693451+00:00,read,61522,3.969,True,
5071,101420.0,101420.214,2026-09-17T15:13:27.713347+00:00,write,48572,2.944,True,
5072,101440.0,101440.238,2026-09-17T15:13:27.733370+00:00,write,19912,3.433,True,
5073,101460.0,101460.268,2026-09-17T15:13:27.753407+00:00,read,32923,4.284,True,
5074,101480.0,101480.462,2026-09-17T15:13:27.773595+00:00,write,11622,2.59,True,
5075,101500.0,101500.234,2026-09-17T15:13:27.793368+00:00,read,94993,3.618,True,
5076,101520.0,101520.341,2026-09-17T15:13:27.813483+00:00,read,75907,3.71,True,
5077,101540.0,101540.355,2026-09-17T15:13:27.833487+00:00,read,23927,3.623,True,
5078,101560.0,101560.349,2026-09-17T15:13:27.853482+00:00,read,74456,3.973,True,
5079,101580.0,101580.342,2026-09-17T15:13:27.873473+00:00,read,35758,3.372,True,
5080,101600.0,101600.507,2026-09-17T15:13:27.893637+00:00,read,16641,3.472,True,
5081,101620.0,101620.55,2026-09-17T15:13:27.913689+00:00,read,73651,4.141,True,
5082,101640.0,101640.493,2026-09-17T15:13:27.933626+00:00,read,30593,3.777,True,
5083,101660.0,101660.263,2026-09-17T15:13:27.953418+00:00,write,23414,2.578,True,
5084,101680.0,101680.337,2026-09-17T15:13:27.973475+00:00,write,27819,3.618,True,
5085,101700.0,101700.146,2026-09-17T15:13:27.993278+00:00,write,85319,2.739,True,
5086,101720.0,101720.328,2026-09-17T15:13:28.013463+00:00,read,75646,4.294,True,
5087,101740.0,101740.518,2026-09-17T15:13:28.033654+00:00,read,48859,3.786,True,
5088,101760.0,101760.216,2026-09-17T15:13:28.053351+00:00,read,97347,3.448,True,
5089,101780.0,101780.246,2026-09-17T15:13:28.073378+00:00,write,86790,2.764,True,
5090,101800.0,101800.192,2026-09-17T15:13:28.093322+00:00,read,57658,3.814,True,
5091,101820.0,101820.323,2026-09-17T15:13:28.113456+00:00,read,66234,4.177,True,
5092,101840.0,101840.337,2026-09-17T15:13:28.133470+00:00,read,31543,4.206,True,
5093,101860.0,101860.417,2026-09-17T15:13:28.153546+00:00,read,80619,3.94,True,
5094,101880.0,101880.333,2026-09-17T15:13:28.173465+00:00,read,67912,4.464,True,
5095,101900.0,101900.22,2026-09-17T15:13:28.193354+00:00,write,66477,3.098,True,
5096,101920.0,101920.24,2026-09-17T15:13:28.213374+00:00,read,12959,3.959,True,
5097,101940.0,101940.299,2026-09-17T15:13:28.233439+00:00,read,62600,4.637,True,
5098,101960.0,101960.287,2026-09-17T15:13:28.253420+00:00,read,6207,11.087,True,
5099,101980.0,101980.251,2026-09-17T15:13:28.273380+00:00,read,18505,3.934,True,
5100,102000.0,102000.251,2026-09-17T15:13:28.293381+00:00,read,92326,2.945,True,
5101,102020.0,102020.234,2026-09-17T15:13:28.313368+00:00,read,93794,5.348,True,
5102,102040.0,102040.311,2026-09-17T15:13:28.333448+00:00,read,39207,4.652,True,
5103,102060.0,102060.315,2026-09-17T15:13:28.353442+00:00,read,20150,3.304,True,
5104,102080.0,102080.359,2026-09-17T15:13:28.373489+00:00,write,30052,2.527,True,
5105,102100.0,102100.433,2026-09-17T15:13:28.393565+00:00,read,29745,4.204,True,
5106,102120.0,102120.305,2026-09-17T15:13:28.413433+00:00,read,2045,3.712,True,
5107,102140.0,102140.364,2026-09-17T15:13:28.433589+00:00,read,24162,4.315,True,
5108,102160.0,102160.368,2026-09-17T15:13:28.453601+00:00,read,19936,3.894,True,
5109,102180.0,102180.495,2026-09-17T15:13:28.473628+00:00,write,17209,2.599,True,
5110,102200.0,102200.194,2026-09-17T15:13:28.493328+00:00,read,76144,3.385,True,
5111,102220.0,102220.321,2026-09-17T15:13:28.513453+00:00,read,82497,3.829,True,
5112,102240.0,102240.174,2026-09-17T15:13:28.533307+00:00,write,63748,2.842,True,
5113,102260.0,102260.552,2026-09-17T15:13:28.553690+00:00,read,17811,4.07,True,
5114,102280.0,102280.548,2026-09-17T15:13:28.573689+00:00,read,90211,4.457,True,
5115,102300.0,102300.508,2026-09-17T15:13:28.593645+00:00,write,90626,3.17,True,
5116,102320.0,102320.325,2026-09-17T15:13:28.613460+00:00,read,33539,3.596,True,
5117,102340.0,102340.364,2026-09-17T15:13:28.633600+00:00,read,24326,3.695,True,
5118,102360.0,102360.261,2026-09-17T15:13:28.653395+00:00,read,93470,3.824,True,
5119,102380.0,102380.281,2026-09-17T15:13:28.673413+00:00,write,90169,3.055,True,
5120,102400.0,102400.267,2026-09-17T15:13:28.693401+00:00,read,70193,3.626,True,
5121,102420.0,102420.283,2026-09-17T15:13:28.713432+00:00,write,70557,3.105,True,
5122,102440.0,102440.312,2026-09-17T15:13:28.733447+00:00,read,86720,3.141,True,
5123,102460.0,102460.552,2026-09-17T15:13:28.753684+00:00,read,11235,4.011,True,
5124,102480.0,102480.151,2026-09-17T15:13:28.773282+00:00,read,4484,3.644,True,
5125,102500.0,102500.512,2026-09-17T15:13:28.793643+00:00,read,12371,2.96,True,
5126,102520.0,102520.201,2026-09-17T15:13:28.813331+00:00,read,31710,3.735,True,
5127,102540.0,102540.256,2026-09-17T15:13:28.833383+00:00,read,80153,2.804,True,
5128,102560.0,102560.199,2026-09-17T15:13:28.853329+00:00,write,16844,2.619,True,
5129,102580.0,102580.187,2026-09-17T15:13:28.873321+00:00,read,80509,4.059,True,
5130,102600.0,102600.267,2026-09-17T15:13:28.893400+00:00,read,1442,3.322,True,
5131,102620.0,102620.234,2026-09-17T15:13:28.913363+00:00,read,1007,2.851,True,
5132,102640.0,102640.369,2026-09-17T15:13:28.933537+00:00,read,26033,5.02,True,
5133,102660.0,102660.355,2026-09-17T15:13:28.953556+00:00,read,66894,4.9,True,
5134,102680.0,102680.273,2026-09-17T15:13:28.973408+00:00,write,87720,3.085,True,
5135,102700.0,102700.215,2026-09-17T15:13:28.993352+00:00,read,80081,5.615,True,
5136,102720.0,102720.491,2026-09-17T15:13:29.013623+00:00,read,64035,4.882,True,
5137,102740.0,102740.189,2026-09-17T15:13:29.033322+00:00,write,91259,3.191,True,
5138,102760.0,102760.235,2026-09-17T15:13:29.053369+00:00,read,98719,4.498,True,
5139,102780.0,102780.257,2026-09-17T15:13:29.073392+00:00,read,24806,4.245,True,
5140,102800.0,102800.297,2026-09-17T15:13:29.093431+00:00,read,14753,5.14,True,
5141,102820.0,102820.153,2026-09-17T15:13:29.113286+00:00,read,13619,3.635,True,
5142,102840.0,102840.173,2026-09-17T15:13:29.133305+00:00,write,99575,2.551,True,
5143,102860.0,102860.167,2026-09-17T15:13:29.153299+00:00,write,97100,2.421,True,
5144,102880.0,102880.196,2026-09-17T15:13:29.173331+00:00,read,78135,4.966,True,
5145,102900.0,102900.157,2026-09-17T15:13:29.193291+00:00,read,18363,2.693,True,
5146,102920.0,102920.178,2026-09-17T15:13:29.213312+00:00,read,99249,3.096,True,
5147,102940.0,102940.161,2026-09-17T15:13:29.233295+00:00,read,52895,3.696,True,
5148,102960.0,102960.201,2026-09-17T15:13:29.253333+00:00,read,9337,3.427,True,
5149,102980.0,102980.157,2026-09-17T15:13:29.273288+00:00,read,93990,2.971,True,
5150,103000.0,103000.249,2026-09-17T15:13:29.293382+00:00,read,63206,3.645,True,
5151,103020.0,103020.478,2026-09-17T15:13:29.313610+00:00,read,6841,4.201,True,
5152,103040.0,103040.192,2026-09-17T15:13:29.333323+00:00,read,36039,3.634,True,
5153,103060.0,103060.28,2026-09-17T15:13:29.353413+00:00,write,7652,3.282,True,
5154,103080.0,103080.273,2026-09-17T15:13:29.373410+00:00,read,521,4.005,True,
5155,103100.0,103100.286,2026-09-17T15:13:29.393417+00:00,read,49690,4.395,True,
5156,103120.0,103120.282,2026-09-17T15:13:29.413410+00:00,read,68941,3.755,True,
5157,103140.0,103140.344,2026-09-17T15:13:29.433483+00:00,read,71815,5.143,True,
5158,103160.0,103160.318,2026-09-17T15:13:29.453453+00:00,read,52006,5.084,True,
5159,103180.0,103180.573,2026-09-17T15:13:29.473710+00:00,read,96284,4.632,True,
5160,103200.0,103200.506,2026-09-17T15:13:29.493642+00:00,read,90653,4.465,True,
5161,103220.0,103220.305,2026-09-17T15:13:29.513438+00:00,read,94120,2.439,True,
5162,103240.0,103240.197,2026-09-17T15:13:29.533330+00:00,read,84557,4.056,True,
5163,103260.0,103260.229,2026-09-17T15:13:29.553364+00:00,read,88336,3.668,True,
5164,103280.0,103280.177,2026-09-17T15:13:29.573308+00:00,read,77074,3.646,True,
5165,103300.0,103300.325,2026-09-17T15:13:29.593454+00:00,write,1499,2.247,True,
5166,103320.0,103320.467,2026-09-17T15:13:29.613597+00:00,read,62654,3.346,True,
5167,103340.0,103340.322,2026-09-17T15:13:29.633454+00:00,read,47581,3.882,True,
5168,103360.0,103360.187,2026-09-17T15:13:29.653317+00:00,read,22157,3.209,True,
5169,103380.0,103380.325,2026-09-17T15:13:29.673455+00:00,write,44840,2.5,True,
5170,103400.0,103400.276,2026-09-17T15:13:29.693407+00:00,read,12908,3.368,True,
5171,103420.0,103420.158,2026-09-17T15:13:29.713287+00:00,read,65930,3.181,True,
5172,103440.0,103440.356,2026-09-17T15:13:29.733483+00:00,write,97041,1.601,True,
5173,103460.0,103460.144,2026-09-17T15:13:29.753274+00:00,read,60446,2.535,True,
5174,103480.0,103480.279,2026-09-17T15:13:29.773407+00:00,write,78168,2.234,True,
5175,103500.0,103500.184,2026-09-17T15:13:29.793317+00:00,read,2807,3.406,True,
5176,103520.0,103520.364,2026-09-17T15:13:29.813573+00:00,read,11614,2.994,True,
5177,103540.0,103540.249,2026-09-17T15:13:29.833376+00:00,read,56163,2.723,True,
5178,103560.0,103560.259,2026-09-17T15:13:29.853388+00:00,read,74129,3.31,True,
5179,103580.0,103580.203,2026-09-17T15:13:29.873332+00:00,read,83858,3.168,True,
5180,103600.0,103600.277,2026-09-17T15:13:29.893405+00:00,read,92523,2.974,True,
5181,103620.0,103620.27,2026-09-17T15:13:29.913397+00:00,read,42664,2.971,True,
5182,103640.0,103640.279,2026-09-17T15:13:29.933407+00:00,read,60261,2.564,True,
5183,103660.0,103660.21,2026-09-17T15:13:29.953338+00:00,read,49873,3.637,True,
5184,103680.0,103680.354,2026-09-17T15:13:29.973609+00:00,read,7240,3.465,True,
5185,103700.0,103700.297,2026-09-17T15:13:29.993427+00:00,write,99083,2.414,True,
5186,103720.0,103720.169,2026-09-17T15:13:30.013298+00:00,read,20053,3.256,True,
5187,103740.0,103740.255,2026-09-17T15:13:30.033393+00:00,read,8516,4.375,True,
5188,103760.0,103760.446,2026-09-17T15:13:30.053582+00:00,write,50816,3.597,True,
5189,103780.0,103780.524,2026-09-17T15:13:30.073658+00:00,read,86908,4.046,True,
5190,103800.0,103800.489,2026-09-17T15:13:30.093624+00:00,read,11554,4.122,True,
5191,103820.0,103820.538,2026-09-17T15:13:30.113674+00:00,read,233,4.222,True,
5192,103840.0,103840.539,2026-09-17T15:13:30.133675+00:00,read,6101,4.363,True,
5193,103860.0,103860.457,2026-09-17T15:13:30.153589+00:00,write,45022,2.898,True,
5194,103880.0,103880.219,2026-09-17T15:13:30.173357+00:00,write,10477,3.491,True,
5195,103900.0,103900.331,2026-09-17T15:13:30.193471+00:00,read,93090,4.2,True,
5196,103920.0,103920.482,2026-09-17T15:13:30.213619+00:00,read,68258,4.195,True,
5197,103940.0,103940.575,2026-09-17T15:13:30.233715+00:00,write,90320,3.541,True,
5198,103960.0,103960.253,2026-09-17T15:13:30.253393+00:00,read,17439,4.241,True,
5199,103980.0,103980.225,2026-09-17T15:13:30.273358+00:00,read,33560,4.509,True,
5200,104000.0,104000.256,2026-09-17T15:13:30.293388+00:00,write,75952,3.154,True,
5201,104020.0,104020.224,2026-09-17T15:13:30.313363+00:00,read,74217,4.482,True,
5202,104040.0,104040.172,2026-09-17T15:13:30.333306+00:00,read,85058,3.672,True,
5203,104060.0,104060.501,2026-09-17T15:13:30.353639+00:00,read,54149,4.009,True,
5204,104080.0,104080.191,2026-09-17T15:13:30.373319+00:00,read,87629,3.004,True,
5205,104100.0,104100.261,2026-09-17T15:13:30.393392+00:00,read,23473,3.574,True,
5206,104120.0,104120.154,2026-09-17T15:13:30.413287+00:00,write,51572,3.084,True,
5207,104140.0,104140.299,2026-09-17T15:13:30.433435+00:00,read,47119,3.76,True,
5208,104160.0,104160.269,2026-09-17T15:13:30.453404+00:00,read,77594,3.77,True,
5209,104180.0,104180.48,2026-09-17T15:13:30.473616+00:00,write,56884,2.9,True,
5210,104200.0,104200.295,2026-09-17T15:13:30.493426+00:00,read,49113,3.4,True,
5211,104220.0,104220.236,2026-09-17T15:13:30.513370+00:00,read,76913,3.646,True,
5212,104240.0,104240.292,2026-09-17T15:13:30.533425+00:00,read,41915,3.61,True,
5213,104260.0,104260.302,2026-09-17T15:13:30.553436+00:00,read,53819,3.639,True,
5214,104280.0,104280.236,2026-09-17T15:13:30.573366+00:00,read,15957,3.612,True,
5215,104300.0,104300.28,2026-09-17T15:13:30.593418+00:00,read,66853,4.388,True,
5216,104320.0,104320.306,2026-09-17T15:13:30.613439+00:00,read,43088,3.757,True,
5217,104340.0,104340.538,2026-09-17T15:13:30.633674+00:00,read,48324,4.864,True,
5218,104360.0,104360.33,2026-09-17T15:13:30.653463+00:00,read,17307,4.31,True,
5219,104380.0,104380.342,2026-09-17T15:13:30.673478+00:00,write,82083,3.199,True,
5220,104400.0,104400.485,2026-09-17T15:13:30.693618+00:00,read,39247,3.663,True,
5221,104420.0,104420.488,2026-09-17T15:13:30.713622+00:00,read,92700,3.487,True,
5222,104440.0,104440.266,2026-09-17T15:13:30.733400+00:00,read,67652,3.302,True,
5223,104460.0,104460.979,2026-09-17T15:13:30.754110+00:00,read,71194,5.581,True,
5224,104480.0,104480.183,2026-09-17T15:13:30.773318+00:00,read,36757,4.001,True,
5225,104500.0,104500.209,2026-09-17T15:13:30.793346+00:00,read,96688,5.09,True,
5226,104520.0,104520.299,2026-09-17T15:13:30.813436+00:00,read,43831,3.99,True,
5227,104540.0,104540.512,2026-09-17T15:13:30.833645+00:00,read,71566,4.001,True,
5228,104560.0,104560.335,2026-09-17T15:13:30.853472+00:00,write,43790,3.215,True,
5229,104580.0,104580.297,2026-09-17T15:13:30.873433+00:00,read,41952,3.914,True,
5230,104600.0,104600.485,2026-09-17T15:13:30.893619+00:00,write,48177,2.948,True,
5231,104620.0,104620.332,2026-09-17T15:13:30.913469+00:00,read,40373,3.443,True,
5232,104640.0,104640.252,2026-09-17T15:13:30.933382+00:00,read,73251,3.199,True,
5233,104660.0,104660.351,2026-09-17T15:13:30.953482+00:00,write,55075,3.339,True,
5234,104680.0,104680.26,2026-09-17T15:13:30.973391+00:00,read,23673,3.318,True,
5235,104700.0,104700.232,2026-09-17T15:13:30.993363+00:00,read,32300,3.46,True,
5236,104720.0,104720.287,2026-09-17T15:13:31.013421+00:00,read,41179,3.746,True,
5237,104740.0,104740.337,2026-09-17T15:13:31.033469+00:00,write,74524,2.754,True,
5238,104760.0,104760.275,2026-09-17T15:13:31.053404+00:00,read,33955,3.257,True,
5239,104780.0,104780.336,2026-09-17T15:13:31.073467+00:00,write,94590,2.388,True,
5240,104800.0,104800.442,2026-09-17T15:13:31.093573+00:00,read,917,3.016,True,
5241,104820.0,104820.445,2026-09-17T15:13:31.113575+00:00,read,71756,2.85,True,
5242,104840.0,104840.237,2026-09-17T15:13:31.133369+00:00,read,21064,3.091,True,
5243,104860.0,104860.438,2026-09-17T15:13:31.153567+00:00,write,8877,2.218,True,
5244,104880.0,104880.519,2026-09-17T15:13:31.173648+00:00,read,75346,3.287,True,
5245,104900.0,104900.456,2026-09-17T15:13:31.193586+00:00,read,22549,2.86,True,
5246,104920.0,104920.441,2026-09-17T15:13:31.213571+00:00,read,6527,2.919,True,
5247,104940.0,104940.461,2026-09-17T15:13:31.233591+00:00,read,82833,3.031,True,
5248,104960.0,104960.456,2026-09-17T15:13:31.253585+00:00,write,79516,2.514,True,
5249,104980.0,104980.502,2026-09-17T15:13:31.273635+00:00,read,83776,3.153,True,
5250,105000.0,105000.336,2026-09-17T15:13:31.293464+00:00,read,54239,4.029,True,
5251,105020.0,105020.415,2026-09-17T15:13:31.313545+00:00,read,6009,2.969,True,
5252,105040.0,105040.23,2026-09-17T15:13:31.333359+00:00,read,91852,3.05,True,
5253,105060.0,105060.482,2026-09-17T15:13:31.353613+00:00,write,20032,2.432,True,
5254,105080.0,105080.234,2026-09-17T15:13:31.373365+00:00,read,72485,3.498,True,
5255,105100.0,105100.33,2026-09-17T15:13:31.393466+00:00,write,44501,3.145,True,
5256,105120.0,105120.299,2026-09-17T15:13:31.413431+00:00,read,20776,4.529,True,
5257,105140.0,105140.268,2026-09-17T15:13:31.433402+00:00,read,51789,4.536,True,
5258,105160.0,105160.196,2026-09-17T15:13:31.453332+00:00,read,50845,4.496,True,
5259,105180.0,105180.325,2026-09-17T15:13:31.473461+00:00,read,96219,4.159,True,
5260,105200.0,105200.255,2026-09-17T15:13:31.493392+00:00,read,43657,4.298,True,
5261,105220.0,105220.247,2026-09-17T15:13:31.513383+00:00,read,92247,5.276,True,
5262,105240.0,105240.34,2026-09-17T15:13:31.533476+00:00,read,95881,3.641,True,
5263,105260.0,105260.224,2026-09-17T15:13:31.553358+00:00,read,8529,4.376,True,
5264,105280.0,105280.277,2026-09-17T15:13:31.573409+00:00,write,36331,2.969,True,
5265,105300.0,105300.488,2026-09-17T15:13:31.593621+00:00,read,37684,3.701,True,
5266,105320.0,105320.278,2026-09-17T15:13:31.613409+00:00,read,12924,4.633,True,
5267,105340.0,105340.337,2026-09-17T15:13:31.633469+00:00,read,69513,3.5,True,
5268,105360.0,105360.291,2026-09-17T15:13:31.653422+00:00,read,50124,3.592,True,
5269,105380.0,105380.318,2026-09-17T15:13:31.673451+00:00,read,81792,3.696,True,
5270,105400.0,105400.432,2026-09-17T15:13:31.693562+00:00,read,30507,4.209,True,
5271,105420.0,105420.288,2026-09-17T15:13:31.713421+00:00,write,5979,3.253,True,
5272,105440.0,105440.588,2026-09-17T15:13:31.733724+00:00,read,70954,4.027,True,
5273,105460.0,105460.484,2026-09-17T15:13:31.753618+00:00,read,62972,4.593,True,
5274,105480.0,105480.297,2026-09-17T15:13:31.773432+00:00,read,97656,4.555,True,
5275,105500.0,105500.228,2026-09-17T15:13:31.793362+00:00,write,50894,3.058,True,
5276,105520.0,105520.26,2026-09-17T15:13:31.813391+00:00,read,63166,3.835,True,
5277,105540.0,105540.323,2026-09-17T15:13:31.833455+00:00,read,26090,3.712,True,
5278,105560.0,105560.46,2026-09-17T15:13:31.853594+00:00,read,86290,3.693,True,
5279,105580.0,105580.518,2026-09-17T15:13:31.873656+00:00,read,58376,4.418,True,
5280,105600.0,105600.296,2026-09-17T15:13:31.893426+00:00,read,27256,3.31,True,
5281,105620.0,105620.309,2026-09-17T15:13:31.913442+00:00,read,13407,3.928,True,
5282,105640.0,105640.201,2026-09-17T15:13:31.933333+00:00,read,53599,3.377,True,
5283,105660.0,105660.235,2026-09-17T15:13:31.953368+00:00,read,43429,2.296,True,
5284,105680.0,105680.283,2026-09-17T15:13:31.973414+00:00,read,97698,2.134,True,
5285,105700.0,105700.196,2026-09-17T15:13:31.993327+00:00,read,80139,3.381,True,
5286,105720.0,105720.162,2026-09-17T15:13:32.013290+00:00,read,91209,3.148,True,
5287,105740.0,105740.273,2026-09-17T15:13:32.033401+00:00,read,65567,3.398,True,
5288,105760.0,105760.199,2026-09-17T15:13:32.053327+00:00,read,63488,3.686,True,
5289,105780.0,105780.294,2026-09-17T15:13:32.073423+00:00,read,97800,3.256,True,
5290,105800.0,105800.514,2026-09-17T15:13:32.093647+00:00,read,55715,3.673,True,
5291,105820.0,105820.203,2026-09-17T15:13:32.113336+00:00,write,84566,3.076,True,
5292,105840.0,105840.27,2026-09-17T15:13:32.133404+00:00,read,59336,3.786,True,
5293,105860.0,105860.495,2026-09-17T15:13:32.153629+00:00,read,46925,3.79,True,
5294,105880.0,105880.315,2026-09-17T15:13:32.173451+00:00,read,48874,4.014,True,
5295,105900.0,105900.44,2026-09-17T15:13:32.193579+00:00,read,42165,4.537,True,
5296,105920.0,105920.261,2026-09-17T15:13:32.213398+00:00,read,95520,3.968,True,
5297,105940.0,105940.254,2026-09-17T15:13:32.233391+00:00,write,70785,4.058,True,
5298,105960.0,105960.493,2026-09-17T15:13:32.253632+00:00,read,51155,4.26,True,
5299,105980.0,105980.416,2026-09-17T15:13:32.273546+00:00,read,66084,3.81,True,
5300,106000.0,106000.206,2026-09-17T15:13:32.293338+00:00,write,73256,2.964,True,
5301,106020.0,106020.364,2026-09-17T15:13:32.313592+00:00,read,1783,4.086,True,
5302,106040.0,106040.321,2026-09-17T15:13:32.333457+00:00,read,79849,4.457,True,
5303,106060.0,106060.325,2026-09-17T15:13:32.353460+00:00,read,48451,4.186,True,
5304,106080.0,106080.307,2026-09-17T15:13:32.373450+00:00,read,81240,3.875,True,
5305,106100.0,106100.351,2026-09-17T15:13:32.393593+00:00,read,86690,4.671,True,
5306,106120.0,106120.321,2026-09-17T15:13:32.413457+00:00,write,54320,3.446,True,
5307,106140.0,106140.358,2026-09-17T15:13:32.433596+00:00,read,96781,4.803,True,
5308,106160.0,106160.226,2026-09-17T15:13:32.453353+00:00,read,89986,3.219,True,
5309,106180.0,106180.361,2026-09-17T15:13:32.473571+00:00,read,17308,3.464,True,
5310,106200.0,106200.213,2026-09-17T15:13:32.493347+00:00,read,1256,3.682,True,
5311,106220.0,106220.2,2026-09-17T15:13:32.513334+00:00,read,18562,3.879,True,
5312,106240.0,106240.504,2026-09-17T15:13:32.533636+00:00,write,63594,3.224,True,
5313,106260.0,106260.229,2026-09-17T15:13:32.553363+00:00,read,9940,4.81,True,
5314,106280.0,106280.255,2026-09-17T15:13:32.573388+00:00,read,34621,3.726,True,
5315,106300.0,106300.268,2026-09-17T15:13:32.593399+00:00,write,67147,2.735,True,
5316,106320.0,106320.362,2026-09-17T15:13:32.613608+00:00,read,65132,3.412,True,
5317,106340.0,106340.49,2026-09-17T15:13:32.633622+00:00,write,3604,2.783,True,
5318,106360.0,106360.235,2026-09-17T15:13:32.653364+00:00,write,17828,2.521,True,
5319,106380.0,106380.299,2026-09-17T15:13:32.673434+00:00,write,2513,2.81,True,
5320,106400.0,106400.344,2026-09-17T15:13:32.693476+00:00,read,71201,3.882,True,
5321,106420.0,106420.355,2026-09-17T15:13:32.713489+00:00,read,88013,3.678,True,
5322,106440.0,106440.448,2026-09-17T15:13:32.733578+00:00,write,51100,2.593,True,
5323,106460.0,106460.48,2026-09-17T15:13:32.753611+00:00,read,80209,3.492,True,
5324,106480.0,106480.262,2026-09-17T15:13:32.773391+00:00,write,80857,2.593,True,
5325,106500.0,106500.283,2026-09-17T15:13:32.793412+00:00,write,73613,2.281,True,
5326,106520.0,106520.417,2026-09-17T15:13:32.813548+00:00,write,64825,2.495,True,
5327,106540.0,106540.407,2026-09-17T15:13:32.833537+00:00,read,65753,2.992,True,
5328,106560.0,106560.418,2026-09-17T15:13:32.853546+00:00,read,82381,2.652,True,
5329,106580.0,106580.437,2026-09-17T15:13:32.873565+00:00,read,15642,2.834,True,
5330,106600.0,106600.301,2026-09-17T15:13:32.893429+00:00,read,86156,2.558,True,
5331,106620.0,106620.278,2026-09-17T15:13:32.913405+00:00,read,34661,2.778,True,
5332,106640.0,106640.342,2026-09-17T15:13:32.933468+00:00,write,39076,2.144,True,
5333,106660.0,106660.161,2026-09-17T15:13:32.953289+00:00,read,47614,3.758,True,
5334,106680.0,106680.15,2026-09-17T15:13:32.973313+00:00,write,38830,2.565,True,
5335,106700.0,106700.366,2026-09-17T15:13:32.993593+00:00,read,94994,3.884,True,
5336,106720.0,106720.458,2026-09-17T15:13:33.013588+00:00,read,86824,3.403,True,
5337,106740.0,106740.399,2026-09-17T15:13:33.033528+00:00,read,86383,2.807,True,
5338,106760.0,106760.163,2026-09-17T15:13:33.053290+00:00,read,22138,2.571,True,
5339,106780.0,106780.292,2026-09-17T15:13:33.073422+00:00,read,73791,3.666,True,
5340,106800.0,106800.244,2026-09-17T15:13:33.093374+00:00,read,32954,2.857,True,
5341,106820.0,106820.334,2026-09-17T15:13:33.113465+00:00,read,38249,3.126,True,
5342,106840.0,106840.242,2026-09-17T15:13:33.133372+00:00,read,67187,3.063,True,
5343,106860.0,106860.241,2026-09-17T15:13:33.153373+00:00,read,33557,3.473,True,
5344,106880.0,106880.168,2026-09-17T15:13:33.173296+00:00,read,61653,2.726,True,
5345,106900.0,106900.232,2026-09-17T15:13:33.193359+00:00,write,31939,2.292,True,
5346,106920.0,106920.125,2026-09-17T15:13:33.213250+00:00,write,34975,1.302,True,
5347,106940.0,106940.346,2026-09-17T15:13:33.233477+00:00,read,54383,2.487,True,
5348,106960.0,106960.327,2026-09-17T15:13:33.253454+00:00,read,63442,2.829,True,
5349,106980.0,106980.271,2026-09-17T15:13:33.273396+00:00,read,38589,2.218,True,
5350,107000.0,107000.264,2026-09-17T15:13:33.293392+00:00,read,2097,2.064,True,
5351,107020.0,107020.286,2026-09-17T15:13:33.313414+00:00,read,60518,2.448,True,
5352,107040.0,107040.277,2026-09-17T15:13:33.333403+00:00,read,80233,2.402,True,
5353,107060.0,107060.178,2026-09-17T15:13:33.353309+00:00,read,49675,2.725,True,
5354,107080.0,107080.227,2026-09-17T15:13:33.373358+00:00,read,13191,3.37,True,
5355,107100.0,107100.333,2026-09-17T15:13:33.393460+00:00,read,50890,2.898,True,
5356,107120.0,107120.228,2026-09-17T15:13:33.413355+00:00,read,77838,2.549,True,
5357,107140.0,107140.391,2026-09-17T15:13:33.433518+00:00,read,52193,2.508,True,
5358,107160.0,107160.277,2026-09-17T15:13:33.453404+00:00,read,17838,3.001,True,
5359,107180.0,107180.337,2026-09-17T15:13:33.473466+00:00,read,40863,3.669,True,
5360,107200.0,107200.152,2026-09-17T15:13:33.493282+00:00,read,64957,3.779,True,
5361,107220.0,107220.288,2026-09-17T15:13:33.513421+00:00,write,29949,3.16,True,
5362,107240.0,107240.27,2026-09-17T15:13:33.533403+00:00,write,84861,2.938,True,
5363,107260.0,107260.339,2026-09-17T15:13:33.553473+00:00,read,63625,3.873,True,
5364,107280.0,107280.27,2026-09-17T15:13:33.573400+00:00,write,27677,3.15,True,
5365,107300.0,107300.344,2026-09-17T15:13:33.593477+00:00,write,79620,2.933,True,
5366,107320.0,107320.199,2026-09-17T15:13:33.613334+00:00,read,67270,4.46,True,
5367,107340.0,107340.278,2026-09-17T15:13:33.633410+00:00,read,12913,3.699,True,
5368,107360.0,107360.244,2026-09-17T15:13:33.653374+00:00,read,39239,3.417,True,
5369,107380.0,107380.25,2026-09-17T15:13:33.673381+00:00,read,17235,3.247,True,
5370,107400.0,107400.203,2026-09-17T15:13:33.693388+00:00,read,25836,3.705,True,
5371,107420.0,107420.224,2026-09-17T15:13:33.713358+00:00,read,58445,3.837,True,
5372,107440.0,107440.278,2026-09-17T15:13:33.733415+00:00,read,93854,3.843,True,
5373,107460.0,107460.258,2026-09-17T15:13:33.753390+00:00,read,25704,3.813,True,
5374,107480.0,107480.354,2026-09-17T15:13:33.773485+00:00,read,48410,3.218,True,
5375,107500.0,107500.31,2026-09-17T15:13:33.793447+00:00,read,84523,4.432,True,
5376,107520.0,107520.283,2026-09-17T15:13:33.813419+00:00,read,94730,3.71,True,
5377,107540.0,107540.335,2026-09-17T15:13:33.833472+00:00,read,34153,4.667,True,
5378,107560.0,107560.339,2026-09-17T15:13:33.853471+00:00,read,28398,4.26,True,
5379,107580.0,107580.426,2026-09-17T15:13:33.873555+00:00,read,49233,3.618,True,
5380,107600.0,107600.474,2026-09-17T15:13:33.893607+00:00,read,90361,4.191,True,
5381,107620.0,107620.334,2026-09-17T15:13:33.913471+00:00,write,71223,3.194,True,
5382,107640.0,107640.491,2026-09-17T15:13:33.933628+00:00,read,96794,3.817,True,
5383,107660.0,107660.276,2026-09-17T15:13:33.953409+00:00,write,79253,2.793,True,
5384,107680.0,107680.536,2026-09-17T15:13:33.973665+00:00,read,59727,4.102,True,
5385,107700.0,107700.202,2026-09-17T15:13:33.993335+00:00,read,84606,3.504,True,
5386,107720.0,107720.273,2026-09-17T15:13:34.013408+00:00,write,53831,3.421,True,
5387,107740.0,107740.282,2026-09-17T15:13:34.033415+00:00,read,63074,3.799,True,
5388,107760.0,107760.277,2026-09-17T15:13:34.053409+00:00,read,26837,3.62,True,
5389,107780.0,107780.234,2026-09-17T15:13:34.073367+00:00,write,47421,2.642,True,
5390,107800.0,107800.207,2026-09-17T15:13:34.093340+00:00,read,40695,3.479,True,
5391,107820.0,107820.567,2026-09-17T15:13:34.113700+00:00,read,17628,4.413,True,
5392,107840.0,107840.327,2026-09-17T15:13:34.133459+00:00,write,8719,3.212,True,
5393,107860.0,107860.301,2026-09-17T15:13:34.153433+00:00,read,94836,3.744,True,
5394,107880.0,107880.487,2026-09-17T15:13:34.173622+00:00,write,55254,3.445,True,
5395,107900.0,107900.504,2026-09-17T15:13:34.193634+00:00,read,32756,3.222,True,
5396,107920.0,107920.289,2026-09-17T15:13:34.213423+00:00,read,89234,4.278,True,
5397,107940.0,107940.619,2026-09-17T15:13:34.233754+00:00,read,43167,4.24,True,
5398,107960.0,107960.241,2026-09-17T15:13:34.253370+00:00,write,3592,3.305,True,
5399,107980.0,107980.33,2026-09-17T15:13:34.273466+00:00,read,16553,5.466,True,
5400,108000.0,108000.416,2026-09-17T15:13:34.293550+00:00,write,80573,2.863,True,
5401,108020.0,108020.51,2026-09-17T15:13:34.313645+00:00,write,48257,3.31,True,
5402,108040.0,108040.327,2026-09-17T15:13:34.333460+00:00,write,23816,3.153,True,
5403,108060.0,108060.427,2026-09-17T15:13:34.353564+00:00,read,55998,3.78,True,
5404,108080.0,108080.183,2026-09-17T15:13:34.373311+00:00,read,83722,3.304,True,
5405,108100.0,108100.216,2026-09-17T15:13:34.393348+00:00,read,24657,3.623,True,
5406,108120.0,108120.496,2026-09-17T15:13:34.413632+00:00,write,4647,3.311,True,
5407,108140.0,108140.356,2026-09-17T15:13:34.433596+00:00,write,59196,3.544,True,
5408,108160.0,108160.294,2026-09-17T15:13:34.453422+00:00,read,62231,3.732,True,
5409,108180.0,108180.318,2026-09-17T15:13:34.473595+00:00,read,48139,3.661,True,
5410,108200.0,108200.157,2026-09-17T15:13:34.493290+00:00,read,42099,3.268,True,
5411,108220.0,108220.281,2026-09-17T15:13:34.513411+00:00,read,51000,3.285,True,
5412,108240.0,108240.182,2026-09-17T15:13:34.533312+00:00,read,67656,3.181,True,
5413,108260.0,108260.177,2026-09-17T15:13:34.553307+00:00,read,57833,3.055,True,
5414,108280.0,108280.365,2026-09-17T15:13:34.573577+00:00,read,42527,3.05,True,
5415,108300.0,108300.282,2026-09-17T15:13:34.593418+00:00,read,56788,3.789,True,
5416,108320.0,108320.331,2026-09-17T15:13:34.613466+00:00,read,20759,4.831,True,
5417,108340.0,108340.347,2026-09-17T15:13:34.633482+00:00,read,97897,4.655,True,
5418,108360.0,108360.503,2026-09-17T15:13:34.653638+00:00,read,51816,3.922,True,
5419,108380.0,108380.459,2026-09-17T15:13:34.673591+00:00,write,21842,2.652,True,
5420,108400.0,108400.15,2026-09-17T15:13:34.693280+00:00,write,13923,2.821,True,
5421,108420.0,108420.426,2026-09-17T15:13:34.713561+00:00,write,6235,3.083,True,
5422,108440.0,108440.329,2026-09-17T15:13:34.733463+00:00,read,32906,3.93,True,
5423,108460.0,108460.473,2026-09-17T15:13:34.753604+00:00,read,88641,3.806,True,
5424,108480.0,108480.174,2026-09-17T15:13:34.773303+00:00,read,35540,3.454,True,
5425,108500.0,108500.302,2026-09-17T15:13:34.793436+00:00,read,5132,3.531,True,
5426,108520.0,108520.229,2026-09-17T15:13:34.813359+00:00,read,19758,3.351,True,
5427,108540.0,108540.294,2026-09-17T15:13:34.833425+00:00,write,48232,2.607,True,
5428,108560.0,108560.29,2026-09-17T15:13:34.853420+00:00,read,24632,4.17,True,
5429,108580.0,108580.167,2026-09-17T15:13:34.873297+00:00,write,52323,2.731,True,
5430,108600.0,108600.251,2026-09-17T15:13:34.893382+00:00,read,49406,3.705,True,
5431,108620.0,108620.293,2026-09-17T15:13:34.913423+00:00,read,36538,3.858,True,
5432,108640.0,108640.507,2026-09-17T15:13:34.933640+00:00,read,32002,3.801,True,
5433,108660.0,108660.359,2026-09-17T15:13:34.953556+00:00,read,99124,5.145,True,
5434,108680.0,108680.287,2026-09-17T15:13:34.973416+00:00,read,97102,3.517,True,
5435,108700.0,108700.293,2026-09-17T15:13:34.993423+00:00,read,26332,3.855,True,
5436,108720.0,108720.297,2026-09-17T15:13:35.013427+00:00,read,99771,3.468,True,
5437,108740.0,108740.342,2026-09-17T15:13:35.033470+00:00,read,15069,3.052,True,
5438,108760.0,108760.265,2026-09-17T15:13:35.053392+00:00,read,50902,2.646,True,
5439,108780.0,108780.189,2026-09-17T15:13:35.073320+00:00,read,83655,3.514,True,
5440,108800.0,108800.226,2026-09-17T15:13:35.093359+00:00,read,75691,3.121,True,
5441,108820.0,108820.208,2026-09-17T15:13:35.113342+00:00,read,90732,3.955,True,
5442,108840.0,108840.309,2026-09-17T15:13:35.133443+00:00,read,22512,3.723,True,
5443,108860.0,108860.332,2026-09-17T15:13:35.153460+00:00,write,46417,1.811,True,
5444,108880.0,108880.119,2026-09-17T15:13:35.173250+00:00,read,54512,3.525,True,
5445,108900.0,108900.492,2026-09-17T15:13:35.193623+00:00,read,42245,3.51,True,
5446,108920.0,108920.307,2026-09-17T15:13:35.213437+00:00,write,95003,2.79,True,
5447,108940.0,108940.173,2026-09-17T15:13:35.233302+00:00,read,93678,3.358,True,
5448,108960.0,108960.337,2026-09-17T15:13:35.253468+00:00,read,34641,3.71,True,
5449,108980.0,108980.427,2026-09-17T15:13:35.273557+00:00,read,42404,4.96,True,
5450,109000.0,109000.511,2026-09-17T15:13:35.293643+00:00,read,8428,3.316,True,
5451,109020.0,109020.359,2026-09-17T15:13:35.313594+00:00,read,94748,3.882,True,
5452,109040.0,109040.343,2026-09-17T15:13:35.333476+00:00,read,57975,3.879,True,
5453,109060.0,109060.21,2026-09-17T15:13:35.353339+00:00,write,85880,2.94,True,
5454,109080.0,109080.434,2026-09-17T15:13:35.373568+00:00,write,65809,2.597,True,
5455,109100.0,109100.341,2026-09-17T15:13:35.393478+00:00,read,23873,4.187,True,
5456,109120.0,109120.45,2026-09-17T15:13:35.413586+00:00,read,51063,4.19,True,
5457,109140.0,109140.353,2026-09-17T15:13:35.433485+00:00,read,25710,4.329,True,
5458,109160.0,109160.327,2026-09-17T15:13:35.453457+00:00,read,50191,3.487,True,
5459,109180.0,109180.426,2026-09-17T15:13:35.473560+00:00,read,95265,3.875,True,
5460,109200.0,109200.428,2026-09-17T15:13:35.493561+00:00,read,138,3.412,True,
5461,109220.0,109220.229,2026-09-17T15:13:35.513360+00:00,write,61287,2.815,True,
5462,109240.0,109240.221,2026-09-17T15:13:35.533352+00:00,read,9199,3.534,True,
5463,109260.0,109260.216,2026-09-17T15:13:35.553345+00:00,read,20931,3.638,True,
5464,109280.0,109280.289,2026-09-17T15:13:35.573418+00:00,read,66802,4.257,True,
5465,109300.0,109300.216,2026-09-17T15:13:35.593344+00:00,write,58180,2.515,True,
5466,109320.0,109320.186,2026-09-17T15:13:35.613318+00:00,write,80426,3.037,True,
5467,109340.0,109340.161,2026-09-17T15:13:35.633294+00:00,read,2861,3.739,True,
5468,109360.0,109360.231,2026-09-17T15:13:35.653362+00:00,read,78554,3.849,True,
5469,109380.0,109380.417,2026-09-17T15:13:35.673548+00:00,read,39486,3.525,True,
5470,109400.0,109400.495,2026-09-17T15:13:35.693624+00:00,read,6470,3.144,True,
5471,109420.0,109420.511,2026-09-17T15:13:35.713645+00:00,read,74954,3.076,True,
5472,109440.0,109440.568,2026-09-17T15:13:35.733705+00:00,write,13671,3.315,True,
5473,109460.0,109460.43,2026-09-17T15:13:35.753561+00:00,read,55867,3.626,True,
5474,109480.0,109480.407,2026-09-17T15:13:35.773535+00:00,read,12465,4.242,True,
5475,109500.0,109500.321,2026-09-17T15:13:35.793453+00:00,write,48645,2.59,True,
5476,109520.0,109520.367,2026-09-17T15:13:35.813643+00:00,read,24307,3.865,True,
5477,109540.0,109540.304,2026-09-17T15:13:35.833434+00:00,read,88958,3.619,True,
5478,109560.0,109560.16,2026-09-17T15:13:35.853292+00:00,read,58301,3.188,True,
5479,109580.0,109580.219,2026-09-17T15:13:35.873347+00:00,read,34096,2.702,True,
5480,109600.0,109600.282,2026-09-17T15:13:35.893411+00:00,write,1075,2.282,True,
5481,109620.0,109620.264,2026-09-17T15:13:35.913391+00:00,read,69437,3.234,True,
5482,109640.0,109640.341,2026-09-17T15:13:35.933475+00:00,read,37828,4.446,True,
5483,109660.0,109660.227,2026-09-17T15:13:35.953360+00:00,read,81616,3.547,True,
5484,109680.0,109680.284,2026-09-17T15:13:35.973416+00:00,read,44276,3.533,True,
5485,109700.0,109700.349,2026-09-17T15:13:35.993480+00:00,read,17043,3.796,True,
5486,109720.0,109720.345,2026-09-17T15:13:36.013479+00:00,read,29522,3.718,True,
5487,109740.0,109740.3,2026-09-17T15:13:36.033434+00:00,read,26064,3.799,True,
5488,109760.0,109760.196,2026-09-17T15:13:36.053331+00:00,read,79024,3.636,True,
5489,109780.0,109780.363,2026-09-17T15:13:36.073610+00:00,write,61251,2.905,True,
5490,109800.0,109800.24,2026-09-17T15:13:36.093371+00:00,read,43195,3.653,True,
5491,109820.0,109820.485,2026-09-17T15:13:36.113616+00:00,write,76219,2.959,True,
5492,109840.0,109840.56,2026-09-17T15:13:36.133690+00:00,read,12478,4.059,True,
5493,109860.0,109860.499,2026-09-17T15:13:36.153631+00:00,read,97936,3.489,True,
5494,109880.0,109880.205,2026-09-17T15:13:36.173337+00:00,read,74427,5.053,True,
5495,109900.0,109900.318,2026-09-17T15:13:36.193448+00:00,read,48529,3.664,True,
5496,109920.0,109920.381,2026-09-17T15:13:36.213512+00:00,read,6666,3.652,True,
5497,109940.0,109940.272,2026-09-17T15:13:36.233401+00:00,read,17501,3.802,True,
5498,109960.0,109960.491,2026-09-17T15:13:36.253622+00:00,read,45708,4.283,True,
5499,109980.0,109980.311,2026-09-17T15:13:36.273636+00:00,read,50296,3.563,True,
5500,110000.0,110000.442,2026-09-17T15:13:36.293573+00:00,read,31677,3.229,True,
5501,110020.0,110020.337,2026-09-17T15:13:36.313470+00:00,read,4552,4.184,True,
5502,110040.0,110040.638,2026-09-17T15:13:36.333769+00:00,read,37612,3.642,True,
5503,110060.0,110060.51,2026-09-17T15:13:36.353644+00:00,read,33291,4.03,True,
5504,110080.0,110080.282,2026-09-17T15:13:36.373410+00:00,read,30767,3.831,True,
5505,110100.0,110100.301,2026-09-17T15:13:36.393433+00:00,read,37714,3.457,True,
5506,110120.0,110120.347,2026-09-17T15:13:36.413477+00:00,read,17971,4.538,True,
5507,110140.0,110140.433,2026-09-17T15:13:36.433566+00:00,read,36168,3.796,True,
5508,110160.0,110160.531,2026-09-17T15:13:36.453662+00:00,read,53840,3.459,True,
5509,110180.0,110180.307,2026-09-17T15:13:36.473440+00:00,read,60636,3.969,True,
5510,110200.0,110200.429,2026-09-17T15:13:36.493562+00:00,read,4647,3.521,True,
5511,110220.0,110220.295,2026-09-17T15:13:36.513427+00:00,read,9455,3.207,True,
5512,110240.0,110240.284,2026-09-17T15:13:36.533417+00:00,read,51,4.029,True,
5513,110260.0,110260.21,2026-09-17T15:13:36.553343+00:00,read,79970,3.617,True,
5514,110280.0,110280.235,2026-09-17T15:13:36.573365+00:00,read,17298,3.665,True,
5515,110300.0,110300.564,2026-09-17T15:13:36.593695+00:00,read,9311,3.237,True,
5516,110320.0,110320.341,2026-09-17T15:13:36.613470+00:00,read,93462,2.818,True,
5517,110340.0,110340.246,2026-09-17T15:13:36.633376+00:00,read,24166,3.024,True,
5518,110360.0,110360.483,2026-09-17T15:13:36.653615+00:00,write,1486,2.586,True,
5519,110380.0,110380.341,2026-09-17T15:13:36.673471+00:00,write,40040,2.647,True,
5520,110400.0,110400.509,2026-09-17T15:13:36.693643+00:00,write,16044,2.664,True,
5521,110420.0,110420.293,2026-09-17T15:13:36.713428+00:00,read,56507,4.345,True,
5522,110440.0,110440.273,2026-09-17T15:13:36.733409+00:00,read,21819,4.26,True,
5523,110460.0,110460.429,2026-09-17T15:13:36.753563+00:00,read,37910,3.898,True,
5524,110480.0,110480.426,2026-09-17T15:13:36.773639+00:00,read,71521,4.235,True,
5525,110500.0,110500.529,2026-09-17T15:13:36.793666+00:00,read,91533,3.759,True,
5526,110520.0,110520.466,2026-09-17T15:13:36.813598+00:00,read,4244,3.836,True,
5527,110540.0,110540.497,2026-09-17T15:13:36.833630+00:00,read,3125,3.514,True,
5528,110560.0,110560.219,2026-09-17T15:13:36.853353+00:00,read,6514,4.145,True,
5529,110580.0,110580.292,2026-09-17T15:13:36.873422+00:00,read,559,3.749,True,
5530,110600.0,110600.234,2026-09-17T15:13:36.893363+00:00,read,39802,3.196,True,
5531,110620.0,110620.217,2026-09-17T15:13:36.913352+00:00,read,48189,3.817,True,
5532,110640.0,110640.281,2026-09-17T15:13:36.933409+00:00,read,92658,3.676,True,
5533,110660.0,110660.26,2026-09-17T15:13:36.953388+00:00,write,69876,2.424,True,
5534,110680.0,110680.565,2026-09-17T15:13:36.973695+00:00,read,73617,3.747,True,
5535,110700.0,110700.356,2026-09-17T15:13:36.993486+00:00,write,77081,3.002,True,
5536,110720.0,110720.31,2026-09-17T15:13:37.013443+00:00,read,39736,3.696,True,
5537,110740.0,110740.504,2026-09-17T15:13:37.033635+00:00,read,40948,3.304,True,
5538,110760.0,110760.284,2026-09-17T15:13:37.053412+00:00,read,32222,4.315,True,
5539,110780.0,110780.229,2026-09-17T15:13:37.073359+00:00,read,9840,3.872,True,
5540,110800.0,110800.369,2026-09-17T15:13:37.093611+00:00,read,72139,4.026,True,
5541,110820.0,110820.319,2026-09-17T15:13:37.113447+00:00,read,32462,2.779,True,
5542,110840.0,110840.216,2026-09-17T15:13:37.133343+00:00,read,5265,2.843,True,
5543,110860.0,110860.208,2026-09-17T15:13:37.153335+00:00,read,94948,2.641,True,
5544,110880.0,110880.328,2026-09-17T15:13:37.173458+00:00,read,14142,6.57,True,
5545,110900.0,110900.318,2026-09-17T15:13:37.193453+00:00,read,60999,3.758,True,
5546,110920.0,110920.28,2026-09-17T15:13:37.213414+00:00,read,71488,3.68,True,
5547,110940.0,110940.358,2026-09-17T15:13:37.233610+00:00,read,78453,3.378,True,
5548,110960.0,110960.275,2026-09-17T15:13:37.253408+00:00,read,62773,3.77,True,
5549,110980.0,110980.174,2026-09-17T15:13:37.273303+00:00,read,57283,3.218,True,
5550,111000.0,111000.262,2026-09-17T15:13:37.293391+00:00,read,77970,2.845,True,
5551,111020.0,111020.321,2026-09-17T15:13:37.313450+00:00,read,43149,3.695,True,
5552,111040.0,111040.357,2026-09-17T15:13:37.333486+00:00,read,34463,3.416,True,
5553,111060.0,111060.3,2026-09-17T15:13:37.353430+00:00,write,84415,3.151,True,
5554,111080.0,111080.33,2026-09-17T15:13:37.373460+00:00,read,56747,3.558,True,
5555,111100.0,111100.204,2026-09-17T15:13:37.393334+00:00,read,16717,3.639,True,
5556,111120.0,111120.325,2026-09-17T15:13:37.413454+00:00,read,19340,3.65,True,
5557,111140.0,111140.473,2026-09-17T15:13:37.433605+00:00,write,64981,2.713,True,
5558,111160.0,111160.33,2026-09-17T15:13:37.453459+00:00,read,54526,4.121,True,
5559,111180.0,111180.422,2026-09-17T15:13:37.473555+00:00,read,85036,4.294,True,
5560,111200.0,111200.2,2026-09-17T15:13:37.493331+00:00,write,24798,2.431,True,
5561,111220.0,111220.231,2026-09-17T15:13:37.513365+00:00,read,23786,3.569,True,
5562,111240.0,111240.301,2026-09-17T15:13:37.533434+00:00,read,58678,4.05,True,
5563,111260.0,111260.187,2026-09-17T15:13:37.553319+00:00,read,33083,3.836,True,
5564,111280.0,111280.517,2026-09-17T15:13:37.573650+00:00,read,92545,4.289,True,
5565,111300.0,111300.459,2026-09-17T15:13:37.593593+00:00,read,43583,4.191,True,
5566,111320.0,111320.212,2026-09-17T15:13:37.613344+00:00,read,62835,3.641,True,
5567,111340.0,111340.312,2026-09-17T15:13:37.633446+00:00,write,78498,2.693,True,
5568,111360.0,111360.477,2026-09-17T15:13:37.653610+00:00,read,6386,4.284,True,
5569,111380.0,111380.413,2026-09-17T15:13:37.673544+00:00,read,10038,2.976,True,
5570,111400.0,111400.165,2026-09-17T15:13:37.693293+00:00,read,94551,3.46,True,
5571,111420.0,111420.147,2026-09-17T15:13:37.713279+00:00,read,99771,3.618,True,
5572,111440.0,111440.353,2026-09-17T15:13:37.733487+00:00,read,13113,3.652,True,
5573,111460.0,111460.502,2026-09-17T15:13:37.753640+00:00,read,15410,4.421,True,
5574,111480.0,111480.218,2026-09-17T15:13:37.773348+00:00,read,3226,3.704,True,
5575,111500.0,111500.279,2026-09-17T15:13:37.793412+00:00,read,90274,4.432,True,
5576,111520.0,111520.174,2026-09-17T15:13:37.813305+00:00,read,1962,3.798,True,
5577,111540.0,111540.287,2026-09-17T15:13:37.833417+00:00,read,79697,3.792,True,
5578,111560.0,111560.278,2026-09-17T15:13:37.853408+00:00,read,69120,3.596,True,
5579,111580.0,111580.206,2026-09-17T15:13:37.873336+00:00,write,10441,2.691,True,
5580,111600.0,111600.234,2026-09-17T15:13:37.893369+00:00,read,87941,3.838,True,
5581,111620.0,111620.456,2026-09-17T15:13:37.913590+00:00,read,39780,4.175,True,
5582,111640.0,111640.588,2026-09-17T15:13:37.933723+00:00,read,72943,4.054,True,
5583,111660.0,111660.306,2026-09-17T15:13:37.953435+00:00,write,13872,2.768,True,
5584,111680.0,111680.437,2026-09-17T15:13:37.973567+00:00,read,45059,3.835,True,
5585,111700.0,111700.454,2026-09-17T15:13:37.993586+00:00,read,9895,3.812,True,
5586,111720.0,111720.217,2026-09-17T15:13:38.013346+00:00,read,90732,3.305,True,
5587,111740.0,111740.258,2026-09-17T15:13:38.033387+00:00,write,23917,2.641,True,
5588,111760.0,111760.312,2026-09-17T15:13:38.053445+00:00,read,79152,3.685,True,
5589,111780.0,111780.455,2026-09-17T15:13:38.073585+00:00,read,65184,3.098,True,
5590,111800.0,111800.206,2026-09-17T15:13:38.093334+00:00,read,6968,2.785,True,
5591,111820.0,111820.166,2026-09-17T15:13:38.113296+00:00,read,65923,3.521,True,
5592,111840.0,111840.269,2026-09-17T15:13:38.133401+00:00,read,81831,3.754,True,
5593,111860.0,111860.21,2026-09-17T15:13:38.153346+00:00,write,391,3.1,True,
5594,111880.0,111880.19,2026-09-17T15:13:38.173321+00:00,read,85366,2.348,True,
5595,111900.0,111900.278,2026-09-17T15:13:38.193407+00:00,read,33122,2.095,True,
5596,111920.0,111920.243,2026-09-17T15:13:38.213377+00:00,read,78987,3.502,True,
5597,111940.0,111940.27,2026-09-17T15:13:38.233403+00:00,read,72138,3.622,True,
5598,111960.0,111960.272,2026-09-17T15:13:38.253405+00:00,write,71462,3.141,True,
5599,111980.0,111980.296,2026-09-17T15:13:38.273430+00:00,read,71112,3.726,True,
5600,112000.0,112000.484,2026-09-17T15:13:38.293615+00:00,read,63240,3.34,True,
5601,112020.0,112020.191,2026-09-17T15:13:38.313324+00:00,read,52695,3.429,True,
5602,112040.0,112040.182,2026-09-17T15:13:38.333314+00:00,read,77171,3.77,True,
5603,112060.0,112060.28,2026-09-17T15:13:38.353413+00:00,read,643,4.375,True,
5604,112080.0,112080.172,2026-09-17T15:13:38.373303+00:00,read,9730,3.314,True,
5605,112100.0,112100.233,2026-09-17T15:13:38.393363+00:00,read,6201,4.02,True,
5606,112120.0,112120.457,2026-09-17T15:13:38.413587+00:00,write,85864,2.344,True,
5607,112140.0,112140.428,2026-09-17T15:13:38.433557+00:00,write,46067,3.024,True,
5608,112160.0,112160.314,2026-09-17T15:13:38.453443+00:00,read,45408,4.68,True,
5609,112180.0,112180.302,2026-09-17T15:13:38.473432+00:00,read,78440,4.06,True,
5610,112200.0,112200.32,2026-09-17T15:13:38.493451+00:00,read,75403,3.484,True,
5611,112220.0,112220.682,2026-09-17T15:13:38.513814+00:00,read,37683,3.802,True,
5612,112240.0,112240.261,2026-09-17T15:13:38.533393+00:00,read,20103,3.575,True,
5613,112260.0,112260.235,2026-09-17T15:13:38.553370+00:00,read,43391,3.811,True,
5614,112280.0,112280.538,2026-09-17T15:13:38.573674+00:00,read,48775,3.979,True,
5615,112300.0,112300.524,2026-09-17T15:13:38.593662+00:00,write,22609,3.628,True,
5616,112320.0,112320.241,2026-09-17T15:13:38.613369+00:00,read,54252,4.248,True,
5617,112340.0,112340.172,2026-09-17T15:13:38.633303+00:00,read,78820,4.08,True,
5618,112360.0,112360.226,2026-09-17T15:13:38.653360+00:00,read,68004,4.085,True,
5619,112380.0,112380.418,2026-09-17T15:13:38.673546+00:00,read,63467,2.806,True,
5620,112400.0,112400.269,2026-09-17T15:13:38.693395+00:00,read,24568,2.196,True,
5621,112420.0,112420.259,2026-09-17T15:13:38.713387+00:00,read,69734,2.512,True,
5622,112440.0,112440.283,2026-09-17T15:13:38.733413+00:00,read,27368,3.419,True,
5623,112460.0,112460.181,2026-09-17T15:13:38.753313+00:00,write,2661,2.856,True,
5624,112480.0,112480.182,2026-09-17T15:13:38.773314+00:00,read,34704,4.47,True,
5625,112500.0,112500.287,2026-09-17T15:13:38.793423+00:00,read,84229,3.825,True,
5626,112520.0,112520.219,2026-09-17T15:13:38.813353+00:00,read,95187,4.337,True,
5627,112540.0,112540.21,2026-09-17T15:13:38.833342+00:00,read,62553,3.643,True,
5628,112560.0,112560.305,2026-09-17T15:13:38.853437+00:00,write,99230,3.061,True,
5629,112580.0,112580.49,2026-09-17T15:13:38.873625+00:00,read,48532,3.39,True,
5630,112600.0,112600.239,2026-09-17T15:13:38.893373+00:00,read,35220,3.568,True,
5631,112620.0,112620.369,2026-09-17T15:13:38.913594+00:00,write,17460,2.963,True,
5632,112640.0,112640.289,2026-09-17T15:13:38.933422+00:00,read,60109,3.951,True,
5633,112660.0,112660.33,2026-09-17T15:13:38.953467+00:00,read,96074,4.368,True,
5634,112680.0,112680.297,2026-09-17T15:13:38.973431+00:00,read,88283,4.329,True,
5635,112700.0,112700.293,2026-09-17T15:13:38.993429+00:00,read,91620,5.171,True,
5636,112720.0,112720.505,2026-09-17T15:13:39.013717+00:00,read,99854,5.093,True,
5637,112740.0,112740.224,2026-09-17T15:13:39.033358+00:00,write,83142,3.126,True,
5638,112760.0,112760.212,2026-09-17T15:13:39.053346+00:00,read,14304,3.994,True,
5639,112780.0,112780.165,2026-09-17T15:13:39.073296+00:00,read,37982,3.879,True,
5640,112800.0,112800.132,2026-09-17T15:13:39.093264+00:00,read,57180,2.948,True,
5641,112820.0,112820.31,2026-09-17T15:13:39.113448+00:00,read,50375,6.227,True,
5642,112840.0,112840.199,2026-09-17T15:13:39.133331+00:00,read,47384,4.121,True,
5643,112860.0,112860.136,2026-09-17T15:13:39.153264+00:00,read,9481,1.848,True,
5644,112880.0,112880.152,2026-09-17T15:13:39.173286+00:00,read,6254,3.835,True,
5645,112900.0,112900.185,2026-09-17T15:13:39.193319+00:00,read,5801,2.163,True,
5646,112920.0,112920.135,2026-09-17T15:13:39.213263+00:00,read,94688,2.845,True,
5647,112940.0,112940.155,2026-09-17T15:13:39.233281+00:00,write,84127,5.286,True,
5648,112960.0,112960.276,2026-09-17T15:13:39.253404+00:00,read,40204,3.762,True,
5649,112980.0,112980.302,2026-09-17T15:13:39.273431+00:00,write,50394,2.957,True,
5650,113000.0,113000.2,2026-09-17T15:13:39.293328+00:00,read,93390,3.434,True,
5651,113020.0,113020.305,2026-09-17T15:13:39.313434+00:00,write,10885,2.87,True,
5652,113040.0,113040.458,2026-09-17T15:13:39.333585+00:00,read,93256,2.741,True,
5653,113060.0,113060.238,2026-09-17T15:13:39.353366+00:00,read,46933,3.274,True,
5654,113080.0,113080.879,2026-09-17T15:13:39.374008+00:00,write,37522,2.493,True,
5655,113100.0,113100.3,2026-09-17T15:13:39.393431+00:00,write,63330,2.663,True,
5656,113120.0,113120.305,2026-09-17T15:13:39.413434+00:00,read,28055,4.053,True,
5657,113140.0,113140.497,2026-09-17T15:13:39.433627+00:00,read,96305,4.101,True,
5658,113160.0,113160.44,2026-09-17T15:13:39.453567+00:00,read,91365,3.364,True,
5659,113180.0,113180.764,2026-09-17T15:13:39.473893+00:00,read,51687,3.488,True,
5660,113200.0,113200.229,2026-09-17T15:13:39.493359+00:00,write,23876,2.914,True,
5661,113220.0,113220.514,2026-09-17T15:13:39.513645+00:00,read,59889,3.04,True,
5662,113240.0,113240.244,2026-09-17T15:13:39.533372+00:00,read,30252,4.361,True,
5663,113260.0,113260.251,2026-09-17T15:13:39.553379+00:00,read,6452,2.852,True,
5664,113280.0,113280.452,2026-09-17T15:13:39.573581+00:00,read,73984,2.879,True,
5665,113300.0,113300.267,2026-09-17T15:13:39.593399+00:00,write,87327,3.038,True,
5666,113320.0,113320.307,2026-09-17T15:13:39.613440+00:00,read,85943,4.051,True,
5667,113340.0,113340.282,2026-09-17T15:13:39.633437+00:00,read,9328,4.437,True,
5668,113360.0,113360.485,2026-09-17T15:13:39.653618+00:00,read,48402,3.698,True,
5669,113380.0,113380.525,2026-09-17T15:13:39.673659+00:00,read,56043,4.523,True,
5670,113400.0,113400.476,2026-09-17T15:13:39.693607+00:00,write,38334,2.618,True,
5671,113420.0,113420.464,2026-09-17T15:13:39.713593+00:00,read,81406,3.458,True,
5672,113440.0,113440.348,2026-09-17T15:13:39.733481+00:00,read,20042,3.266,True,
5673,113460.0,113460.196,2026-09-17T15:13:39.753327+00:00,read,24487,4.337,True,
5674,113480.0,113480.36,2026-09-17T15:13:39.773591+00:00,read,56776,3.693,True,
5675,113500.0,113500.157,2026-09-17T15:13:39.793291+00:00,read,62431,3.866,True,
5676,113520.0,113520.203,2026-09-17T15:13:39.813334+00:00,read,5285,3.803,True,
5677,113540.0,113540.146,2026-09-17T15:13:39.833278+00:00,read,61688,4.648,True,
5678,113560.0,113560.291,2026-09-17T15:13:39.853425+00:00,read,98464,3.756,True,
5679,113580.0,113580.361,2026-09-17T15:13:39.873524+00:00,read,66449,3.683,True,
5680,113600.0,113600.167,2026-09-17T15:13:39.893298+00:00,write,45167,2.7,True,
5681,113620.0,113620.485,2026-09-17T15:13:39.913617+00:00,read,64703,3.637,True,
5682,113640.0,113640.244,2026-09-17T15:13:39.933391+00:00,read,20468,3.012,True,
5683,113660.0,113660.312,2026-09-17T15:13:39.953442+00:00,read,45079,2.921,True,
5684,113680.0,113680.172,2026-09-17T15:13:39.973301+00:00,read,81646,3.094,True,
5685,113700.0,113700.275,2026-09-17T15:13:39.993403+00:00,read,67940,2.601,True,
5686,113720.0,113720.194,2026-09-17T15:13:40.013322+00:00,read,72598,2.561,True,
5687,113740.0,113740.278,2026-09-17T15:13:40.033403+00:00,read,92153,2.089,True,
5688,113760.0,113760.315,2026-09-17T15:13:40.053442+00:00,read,28612,2.929,True,
5689,113780.0,113780.444,2026-09-17T15:13:40.073572+00:00,read,76019,2.07,True,
5690,113800.0,113800.459,2026-09-17T15:13:40.093586+00:00,read,94126,2.235,True,
5691,113820.0,113820.408,2026-09-17T15:13:40.113536+00:00,read,51465,2.737,True,
5692,113840.0,113840.434,2026-09-17T15:13:40.133563+00:00,write,57318,2.486,True,
5693,113860.0,113860.363,2026-09-17T15:13:40.153573+00:00,write,48947,2.811,True,
5694,113880.0,113880.364,2026-09-17T15:13:40.173581+00:00,read,79987,3.313,True,
5695,113900.0,113900.466,2026-09-17T15:13:40.193597+00:00,read,28778,4.018,True,
5696,113920.0,113920.165,2026-09-17T15:13:40.213292+00:00,read,7647,2.485,True,
5697,113940.0,113940.324,2026-09-17T15:13:40.233459+00:00,read,53918,3.83,True,
5698,113960.0,113960.143,2026-09-17T15:13:40.253277+00:00,read,85291,3.488,True,
5699,113980.0,113980.268,2026-09-17T15:13:40.273396+00:00,read,3532,3.534,True,
5700,114000.0,114000.139,2026-09-17T15:13:40.293268+00:00,read,18026,3.868,True,
5701,114020.0,114020.145,2026-09-17T15:13:40.313273+00:00,read,53907,2.286,True,
5702,114040.0,114040.134,2026-09-17T15:13:40.333266+00:00,write,16523,2.746,True,
5703,114060.0,114060.44,2026-09-17T15:13:40.353573+00:00,read,484,2.644,True,
5704,114080.0,114080.173,2026-09-17T15:13:40.373304+00:00,read,17079,3.124,True,
5705,114100.0,114100.231,2026-09-17T15:13:40.393367+00:00,write,37298,6.844,True,
5706,114120.0,114120.234,2026-09-17T15:13:40.413373+00:00,read,58231,3.984,True,
5707,114140.0,114140.277,2026-09-17T15:13:40.433414+00:00,read,50556,4.331,True,
5708,114160.0,114160.229,2026-09-17T15:13:40.453365+00:00,write,8227,5.237,True,
5709,114180.0,114180.234,2026-09-17T15:13:40.473370+00:00,read,55070,3.971,True,
5710,114200.0,114200.161,2026-09-17T15:13:40.493295+00:00,write,82778,1.991,True,
5711,114220.0,114220.169,2026-09-17T15:13:40.513301+00:00,read,86883,3.704,True,
5712,114240.0,114240.295,2026-09-17T15:13:40.533430+00:00,read,78979,3.959,True,
5713,114260.0,114260.431,2026-09-17T15:13:40.553566+00:00,read,2630,4.462,True,
5714,114280.0,114280.269,2026-09-17T15:13:40.573399+00:00,read,1306,3.383,True,
5715,114300.0,114300.272,2026-09-17T15:13:40.593404+00:00,read,71245,3.475,True,
5716,114320.0,114320.264,2026-09-17T15:13:40.613397+00:00,read,74625,3.68,True,
5717,114340.0,114340.294,2026-09-17T15:13:40.633427+00:00,read,61812,3.557,True,
5718,114360.0,114360.209,2026-09-17T15:13:40.653339+00:00,write,46653,2.886,True,
5719,114380.0,114380.203,2026-09-17T15:13:40.673335+00:00,read,2917,3.456,True,
5720,114400.0,114400.415,2026-09-17T15:13:40.693545+00:00,read,58278,3.046,True,
5721,114420.0,114420.302,2026-09-17T15:13:40.713434+00:00,write,35025,2.303,True,
5722,114440.0,114440.312,2026-09-17T15:13:40.733449+00:00,write,37670,3.193,True,
5723,114460.0,114460.282,2026-09-17T15:13:40.753413+00:00,read,86152,3.433,True,
5724,114480.0,114480.521,2026-09-17T15:13:40.773655+00:00,read,31608,4.706,True,
5725,114500.0,114500.399,2026-09-17T15:13:40.793531+00:00,read,57953,3.155,True,
5726,114520.0,114520.343,2026-09-17T15:13:40.813473+00:00,write,94639,2.641,True,
5727,114540.0,114540.255,2026-09-17T15:13:40.833387+00:00,write,14918,3.006,True,
5728,114560.0,114560.273,2026-09-17T15:13:40.853404+00:00,read,44425,3.599,True,
5729,114580.0,114580.234,2026-09-17T15:13:40.873364+00:00,read,2332,3.936,True,
5730,114600.0,114600.324,2026-09-17T15:13:40.893459+00:00,read,22181,4.81,True,
5731,114620.0,114620.274,2026-09-17T15:13:40.910906+00:00,write,42717,3.013,True,
5732,114640.0,114640.332,2026-09-17T15:13:40.930963+00:00,read,64795,3.878,True,
5733,114660.0,114660.285,2026-09-17T15:13:40.950916+00:00,read,35531,3.612,True,
5734,114680.0,114680.409,2026-09-17T15:13:40.971040+00:00,write,82005,2.93,True,
5735,114700.0,114700.317,2026-09-17T15:13:40.990947+00:00,read,77551,3.483,True,
5736,114720.0,114720.355,2026-09-17T15:13:41.010984+00:00,read,18849,3.261,True,
5737,114740.0,114740.48,2026-09-17T15:13:41.031110+00:00,write,585,2.877,True,
5738,114760.0,114760.217,2026-09-17T15:13:41.050847+00:00,read,11991,3.469,True,
5739,114780.0,114780.213,2026-09-17T15:13:41.070841+00:00,read,13428,3.293,True,
5740,114800.0,114800.273,2026-09-17T15:13:41.090901+00:00,read,53802,3.7,True,
5741,114820.0,114820.494,2026-09-17T15:13:41.111123+00:00,read,95645,3.266,True,
5742,114840.0,114840.344,2026-09-17T15:13:41.130972+00:00,read,43273,3.341,True,
5743,114860.0,114860.254,2026-09-17T15:13:41.150882+00:00,read,97862,3.307,True,
5744,114880.0,114880.438,2026-09-17T15:13:41.171070+00:00,write,81558,3.236,True,
5745,114900.0,114900.42,2026-09-17T15:13:41.191055+00:00,read,96602,3.893,True,
5746,114920.0,114920.286,2026-09-17T15:13:41.210915+00:00,read,49105,3.606,True,
5747,114940.0,114940.335,2026-09-17T15:13:41.230964+00:00,read,59137,3.5,True,
5748,114960.0,114960.264,2026-09-17T15:13:41.250890+00:00,read,86472,3.141,True,
5749,114980.0,114980.515,2026-09-17T15:13:41.271142+00:00,read,56469,3.391,True,
5750,115000.0,115000.494,2026-09-17T15:13:41.291122+00:00,write,32123,2.732,True,
5751,115020.0,115020.351,2026-09-17T15:13:41.310976+00:00,write,8433,2.163,True,
5752,115040.0,115040.335,2026-09-17T15:13:41.330959+00:00,write,65229,1.969,True,
5753,115060.0,115060.587,2026-09-17T15:13:41.351215+00:00,read,39772,4.383,True,
5754,115080.0,115080.161,2026-09-17T15:13:41.370786+00:00,read,85891,3.054,True,
5755,115100.0,115100.27,2026-09-17T15:13:41.390896+00:00,read,82194,3.416,True,
5756,115120.0,115120.699,2026-09-17T15:13:41.411324+00:00,read,5640,3.763,True,
5757,115140.0,115140.274,2026-09-17T15:13:41.430903+00:00,read,99607,4.485,True,
5758,115160.0,115160.319,2026-09-17T15:13:41.450946+00:00,read,28174,3.286,True,
5759,115180.0,115180.49,2026-09-17T15:13:41.471117+00:00,read,54481,3.751,True,
5760,115200.0,115200.308,2026-09-17T15:13:41.490934+00:00,read,46059,3.167,True,
5761,115220.0,115220.28,2026-09-17T15:13:41.510907+00:00,read,13614,3.479,True,
5762,115240.0,115240.272,2026-09-17T15:13:41.530904+00:00,read,67113,3.671,True,
5763,115260.0,115260.282,2026-09-17T15:13:41.550910+00:00,read,37307,3.005,True,
5764,115280.0,115280.287,2026-09-17T15:13:41.570917+00:00,write,61513,3.133,True,
5765,115300.0,115300.214,2026-09-17T15:13:41.590846+00:00,read,87823,3.846,True,
5766,115320.0,115320.172,2026-09-17T15:13:41.610800+00:00,read,61487,5.688,True,
5767,115340.0,115340.73,2026-09-17T15:13:41.631356+00:00,read,44500,2.103,True,
5768,115360.0,115360.332,2026-09-17T15:13:41.650957+00:00,read,99566,3.014,True,
5769,115380.0,115380.199,2026-09-17T15:13:41.670831+00:00,read,85897,4.135,True,
5770,115400.0,115400.196,2026-09-17T15:13:41.690827+00:00,read,48463,4.316,True,
5771,115420.0,115420.341,2026-09-17T15:13:41.710978+00:00,write,7616,2.566,True,
5772,115440.0,115440.553,2026-09-17T15:13:41.731186+00:00,write,89142,3.722,True,
5773,115460.0,115460.201,2026-09-17T15:13:41.750830+00:00,read,20227,3.493,True,
5774,115480.0,115480.486,2026-09-17T15:13:41.771115+00:00,read,73590,3.828,True,
5775,115500.0,115500.179,2026-09-17T15:13:41.790810+00:00,read,45057,3.912,True,
5776,115520.0,115520.362,2026-09-17T15:13:41.811069+00:00,write,23387,2.57,True,
5777,115540.0,115540.254,2026-09-17T15:13:41.830886+00:00,read,45653,3.253,True,
5778,115560.0,115560.236,2026-09-17T15:13:41.850871+00:00,write,7268,2.771,True,
5779,115580.0,115580.467,2026-09-17T15:13:41.871101+00:00,read,51574,3.681,True,
5780,115600.0,115600.285,2026-09-17T15:13:41.890917+00:00,write,63572,2.958,True,
5781,115620.0,115620.483,2026-09-17T15:13:41.911112+00:00,read,28461,3.452,True,
5782,115640.0,115640.317,2026-09-17T15:13:41.930946+00:00,read,69502,3.724,True,
5783,115660.0,115660.25,2026-09-17T15:13:41.950881+00:00,read,4388,4.278,True,
5784,115680.0,115680.353,2026-09-17T15:13:41.970983+00:00,write,64471,3.003,True,
5785,115700.0,115700.594,2026-09-17T15:13:41.991222+00:00,read,34590,3.182,True,
5786,115720.0,115720.188,2026-09-17T15:13:42.010818+00:00,read,57000,3.54,True,
5787,115740.0,115740.503,2026-09-17T15:13:42.031129+00:00,read,3870,2.554,True,
5788,115760.0,115760.599,2026-09-17T15:13:42.051224+00:00,read,1496,2.479,True,
5789,115780.0,115780.444,2026-09-17T15:13:42.071071+00:00,write,98899,1.826,True,
5790,115800.0,115800.271,2026-09-17T15:13:42.090896+00:00,read,1633,3.318,True,
5791,115820.0,115820.462,2026-09-17T15:13:42.111094+00:00,read,28205,3.294,True,
5792,115840.0,115840.487,2026-09-17T15:13:42.131114+00:00,read,43860,2.629,True,
5793,115860.0,115860.225,2026-09-17T15:13:42.150850+00:00,write,71486,2.027,True,
5794,115880.0,115880.349,2026-09-17T15:13:42.170975+00:00,read,19182,3.106,True,
5795,115900.0,115900.13,2026-09-17T15:13:42.190756+00:00,write,90866,1.929,True,
5796,115920.0,115920.27,2026-09-17T15:13:42.210895+00:00,read,19556,2.735,True,
5797,115940.0,115940.346,2026-09-17T15:13:42.230974+00:00,read,41123,3.807,True,
5798,115960.0,115960.439,2026-09-17T15:13:42.251068+00:00,read,3984,3.274,True,
5799,115980.0,115980.283,2026-09-17T15:13:42.270912+00:00,read,22621,3.315,True,
5800,116000.0,116000.305,2026-09-17T15:13:42.290931+00:00,read,96270,3.251,True,
5801,116020.0,116020.294,2026-09-17T15:13:42.310921+00:00,read,8079,3.67,True,
5802,116040.0,116040.549,2026-09-17T15:13:42.331180+00:00,read,11146,4.196,True,
5803,116060.0,116060.554,2026-09-17T15:13:42.351187+00:00,read,16649,4.558,True,
5804,116080.0,116080.358,2026-09-17T15:13:42.371149+00:00,read,90622,3.843,True,
5805,116100.0,116100.19,2026-09-17T15:13:42.390819+00:00,read,95735,4.078,True,
5806,116120.0,116120.208,2026-09-17T15:13:42.410838+00:00,read,55598,3.944,True,
5807,116140.0,116140.258,2026-09-17T15:13:42.430890+00:00,read,84673,4.047,True,
5808,116160.0,116160.487,2026-09-17T15:13:42.451116+00:00,read,91268,3.401,True,
5809,116180.0,116180.262,2026-09-17T15:13:42.470894+00:00,read,82405,3.849,True,
5810,116200.0,116200.453,2026-09-17T15:13:42.491081+00:00,read,50823,3.27,True,
5811,116220.0,116220.274,2026-09-17T15:13:42.510906+00:00,read,47303,3.689,True,
5812,116240.0,116240.191,2026-09-17T15:13:42.530823+00:00,read,25788,3.972,True,
5813,116260.0,116260.244,2026-09-17T15:13:42.550872+00:00,read,39365,3.175,True,
5814,116280.0,116280.198,2026-09-17T15:13:42.570823+00:00,read,69802,2.911,True,
5815,116300.0,116300.183,2026-09-17T15:13:42.590811+00:00,read,9485,3.057,True,
5816,116320.0,116320.277,2026-09-17T15:13:42.610908+00:00,read,23431,3.47,True,
5817,116340.0,116340.285,2026-09-17T15:13:42.630919+00:00,write,48224,2.954,True,
5818,116360.0,116360.254,2026-09-17T15:13:42.650884+00:00,read,46612,3.866,True,
5819,116380.0,116380.251,2026-09-17T15:13:42.670879+00:00,read,26087,3.247,True,
5820,116400.0,116400.295,2026-09-17T15:13:42.690927+00:00,read,3317,3.941,True,
5821,116420.0,116420.222,2026-09-17T15:13:42.710854+00:00,read,67203,3.643,True,
5822,116440.0,116440.246,2026-09-17T15:13:42.730874+00:00,read,91360,3.982,True,
5823,116460.0,116460.288,2026-09-17T15:13:42.750915+00:00,write,42126,3.196,True,
5824,116480.0,116480.193,2026-09-17T15:13:42.770821+00:00,read,43492,3.456,True,
5825,116500.0,116500.163,2026-09-17T15:13:42.790797+00:00,read,42392,3.783,True,
5826,116520.0,116520.295,2026-09-17T15:13:42.810922+00:00,write,24618,2.934,True,
5827,116540.0,116540.596,2026-09-17T15:13:42.831225+00:00,read,65820,3.861,True,
5828,116560.0,116560.369,2026-09-17T15:13:42.851163+00:00,read,54897,4.648,True,
5829,116580.0,116580.19,2026-09-17T15:13:42.870819+00:00,read,56425,3.61,True,
5830,116600.0,116600.178,2026-09-17T15:13:42.890813+00:00,read,22561,3.542,True,
5831,116620.0,116620.254,2026-09-17T15:13:42.910879+00:00,read,14041,3.171,True,
5832,116640.0,116640.191,2026-09-17T15:13:42.930815+00:00,read,10712,3.359,True,
5833,116660.0,116660.145,2026-09-17T15:13:42.950771+00:00,read,96172,3.412,True,
5834,116680.0,116680.174,2026-09-17T15:13:42.970801+00:00,read,74257,2.476,True,
5835,116700.0,116700.309,2026-09-17T15:13:42.990941+00:00,read,97170,3.075,True,
5836,116720.0,116720.232,2026-09-17T15:13:43.010860+00:00,write,58860,3.539,True,
5837,116740.0,116740.309,2026-09-17T15:13:43.030935+00:00,read,27552,3.474,True,
5838,116760.0,116760.22,2026-09-17T15:13:43.050849+00:00,read,10204,4.352,True,
5839,116780.0,116780.211,2026-09-17T15:13:43.070840+00:00,write,32184,3.125,True,
5840,116800.0,116800.231,2026-09-17T15:13:43.090858+00:00,read,67043,3.56,True,
5841,116820.0,116820.427,2026-09-17T15:13:43.111053+00:00,read,53842,4.038,True,
5842,116840.0,116840.339,2026-09-17T15:13:43.130967+00:00,read,33243,4.252,True,
5843,116860.0,116860.526,2026-09-17T15:13:43.151154+00:00,read,30822,3.821,True,
5844,116880.0,116880.245,2026-09-17T15:13:43.170875+00:00,read,13819,3.799,True,
5845,116900.0,116900.357,2026-09-17T15:13:43.190984+00:00,read,75490,2.921,True,
5846,116920.0,116920.314,2026-09-17T15:13:43.210940+00:00,read,75191,2.938,True,
5847,116940.0,116940.245,2026-09-17T15:13:43.230873+00:00,read,81966,3.825,True,
5848,116960.0,116960.514,2026-09-17T15:13:43.251241+00:00,write,86935,2.945,True,
5849,116980.0,116980.279,2026-09-17T15:13:43.270909+00:00,read,10741,4.587,True,
5850,117000.0,117000.223,2026-09-17T15:13:43.290853+00:00,read,77846,4.009,True,
5851,117020.0,117020.277,2026-09-17T15:13:43.310906+00:00,write,1779,3.306,True,
5852,117040.0,117040.328,2026-09-17T15:13:43.330960+00:00,read,31900,4.588,True,
5853,117060.0,117060.516,2026-09-17T15:13:43.351147+00:00,read,96025,3.764,True,
5854,117080.0,117080.253,2026-09-17T15:13:43.370885+00:00,read,483,3.693,True,
5855,117100.0,117100.339,2026-09-17T15:13:43.390971+00:00,read,91779,3.62,True,
5856,117120.0,117120.241,2026-09-17T15:13:43.410871+00:00,write,63938,2.922,True,
5857,117140.0,117140.341,2026-09-17T15:13:43.430966+00:00,write,45427,2.294,True,
5858,117160.0,117160.333,2026-09-17T15:13:43.450961+00:00,read,77560,3.92,True,
5859,117180.0,117180.477,2026-09-17T15:13:43.471105+00:00,write,71178,2.893,True,
5860,117200.0,117200.477,2026-09-17T15:13:43.491106+00:00,write,13537,2.636,True,
5861,117220.0,117220.274,2026-09-17T15:13:43.510905+00:00,read,85432,3.62,True,
5862,117240.0,117240.246,2026-09-17T15:13:43.530875+00:00,read,75795,3.504,True,
5863,117260.0,117260.323,2026-09-17T15:13:43.550955+00:00,read,33062,3.748,True,
5864,117280.0,117280.42,2026-09-17T15:13:43.571048+00:00,read,12412,3.512,True,
5865,117300.0,117300.33,2026-09-17T15:13:43.590961+00:00,read,59730,3.786,True,
5866,117320.0,117320.463,2026-09-17T15:13:43.611094+00:00,write,70287,2.567,True,
5867,117340.0,117340.276,2026-09-17T15:13:43.630904+00:00,read,6355,3.236,True,
5868,117360.0,117360.276,2026-09-17T15:13:43.650908+00:00,read,17365,3.685,True,
5869,117380.0,117380.324,2026-09-17T15:13:43.670955+00:00,write,62127,2.998,True,
5870,117400.0,117400.332,2026-09-17T15:13:43.690961+00:00,write,5836,2.849,True,
5871,117420.0,117420.263,2026-09-17T15:13:43.710892+00:00,read,17638,4.07,True,
5872,117440.0,117440.294,2026-09-17T15:13:43.730926+00:00,read,85087,3.39,True,
5873,117460.0,117460.416,2026-09-17T15:13:43.751043+00:00,read,77204,3.254,True,
5874,117480.0,117480.257,2026-09-17T15:13:43.770887+00:00,read,58796,3.417,True,
5875,117500.0,117500.475,2026-09-17T15:13:43.791108+00:00,read,83044,4.174,True,
5876,117520.0,117520.187,2026-09-17T15:13:43.810817+00:00,write,17791,2.814,True,
5877,117540.0,117540.309,2026-09-17T15:13:43.830940+00:00,read,45273,3.951,True,
5878,117560.0,117560.289,2026-09-17T15:13:43.850920+00:00,read,55900,3.919,True,
5879,117580.0,117580.447,2026-09-17T15:13:43.871077+00:00,read,37106,4.082,True,
5880,117600.0,117600.283,2026-09-17T15:13:43.890913+00:00,read,45075,4.185,True,
5881,117620.0,117620.298,2026-09-17T15:13:43.910928+00:00,write,31740,3.536,True,
5882,117640.0,117640.355,2026-09-17T15:13:43.930984+00:00,read,45733,3.645,True,
5883,117660.0,117660.231,2026-09-17T15:13:43.950860+00:00,write,22679,2.472,True,
5884,117680.0,117680.282,2026-09-17T15:13:43.970910+00:00,read,44667,3.222,True,
5885,117700.0,117700.253,2026-09-17T15:13:43.990880+00:00,read,75303,3.422,True,
5886,117720.0,117720.312,2026-09-17T15:13:44.010944+00:00,write,71985,3.398,True,
5887,117740.0,117740.491,2026-09-17T15:13:44.031121+00:00,read,21522,4.584,True,
5888,117760.0,117760.212,2026-09-17T15:13:44.050842+00:00,read,43549,3.384,True,
5889,117780.0,117780.367,2026-09-17T15:13:44.071083+00:00,read,41467,3.667,True,
5890,117800.0,117800.327,2026-09-17T15:13:44.090958+00:00,write,45550,3.569,True,
5891,117820.0,117820.365,2026-09-17T15:13:44.111091+00:00,read,84639,4.223,True,
5892,117840.0,117840.182,2026-09-17T15:13:44.130812+00:00,read,88550,3.803,True,
5893,117860.0,117860.519,2026-09-17T15:13:44.151148+00:00,write,93089,3.512,True,
5894,117880.0,117880.235,2026-09-17T15:13:44.170862+00:00,read,59933,3.595,True,
5895,117900.0,117900.306,2026-09-17T15:13:44.190936+00:00,read,34568,3.802,True,
5896,117920.0,117920.307,2026-09-17T15:13:44.210935+00:00,read,38854,3.391,True,
5897,117940.0,117940.252,2026-09-17T15:13:44.230881+00:00,read,50826,3.365,True,
5898,117960.0,117960.421,2026-09-17T15:13:44.251050+00:00,read,41195,4.192,True,
5899,117980.0,117980.444,2026-09-17T15:13:44.271073+00:00,read,59013,3.515,True,
5900,118000.0,118000.279,2026-09-17T15:13:44.290908+00:00,read,63247,3.793,True,
5901,118020.0,118020.188,2026-09-17T15:13:44.310814+00:00,read,82013,3.122,True,
5902,118040.0,118040.243,2026-09-17T15:13:44.330872+00:00,read,38500,3.927,True,
5903,118060.0,118060.501,2026-09-17T15:13:44.351127+00:00,read,92641,4.227,True,
5904,118080.0,118080.28,2026-09-17T15:13:44.370909+00:00,read,70454,3.485,True,
5905,118100.0,118100.201,2026-09-17T15:13:44.390827+00:00,read,20320,2.875,True,
5906,118120.0,118120.435,2026-09-17T15:13:44.411065+00:00,read,39599,3.531,True,
5907,118140.0,118140.265,2026-09-17T15:13:44.430892+00:00,read,33527,3.714,True,
5908,118160.0,118160.364,2026-09-17T15:13:44.451058+00:00,read,97123,2.164,True,
5909,118180.0,118180.164,2026-09-17T15:13:44.470790+00:00,write,47557,2.179,True,
5910,118200.0,118200.164,2026-09-17T15:13:44.490792+00:00,read,43036,3.483,True,
5911,118220.0,118220.224,2026-09-17T15:13:44.510853+00:00,read,64039,4.012,True,
5912,118240.0,118240.233,2026-09-17T15:13:44.530861+00:00,read,65073,4.061,True,
5913,118260.0,118260.464,2026-09-17T15:13:44.551096+00:00,read,4098,3.734,True,
5914,118280.0,118280.508,2026-09-17T15:13:44.571141+00:00,read,57722,3.781,True,
5915,118300.0,118300.181,2026-09-17T15:13:44.590811+00:00,read,6849,3.993,True,
5916,118320.0,118320.41,2026-09-17T15:13:44.611038+00:00,read,52297,4.264,True,
5917,118340.0,118340.272,2026-09-17T15:13:44.630900+00:00,read,45195,3.142,True,
5918,118360.0,118360.156,2026-09-17T15:13:44.650786+00:00,read,1861,4.056,True,
5919,118380.0,118380.26,2026-09-17T15:13:44.670926+00:00,read,53019,2.865,True,
5920,118400.0,118400.488,2026-09-17T15:13:44.691119+00:00,write,36107,2.704,True,
5921,118420.0,118420.44,2026-09-17T15:13:44.711072+00:00,read,32943,3.502,True,
5922,118440.0,118440.277,2026-09-17T15:13:44.730908+00:00,read,59472,3.533,True,
5923,118460.0,118460.197,2026-09-17T15:13:44.750829+00:00,read,96219,4.796,True,
5924,118480.0,118480.241,2026-09-17T15:13:44.770874+00:00,read,51756,4.024,True,
5925,118500.0,118500.235,2026-09-17T15:13:44.790869+00:00,read,70163,4.468,True,
5926,118520.0,118520.335,2026-09-17T15:13:44.810969+00:00,read,82609,3.717,True,
5927,118540.0,118540.344,2026-09-17T15:13:44.830980+00:00,read,58348,4.166,True,
5928,118560.0,118560.206,2026-09-17T15:13:44.850841+00:00,read,93466,4.817,True,
5929,118580.0,118580.351,2026-09-17T15:13:44.870985+00:00,read,76146,2.648,True,
5930,118600.0,118600.314,2026-09-17T15:13:44.890945+00:00,read,34977,3.785,True,
5931,118620.0,118620.289,2026-09-17T15:13:44.910921+00:00,read,47799,3.745,True,
5932,118640.0,118640.288,2026-09-17T15:13:44.930918+00:00,read,74392,2.638,True,
5933,118660.0,118660.172,2026-09-17T15:13:44.950802+00:00,read,11867,3.692,True,
5934,118680.0,118680.281,2026-09-17T15:13:44.970911+00:00,read,21200,3.47,True,
5935,118700.0,118700.418,2026-09-17T15:13:44.991045+00:00,read,81634,2.638,True,
5936,118720.0,118720.259,2026-09-17T15:13:45.010888+00:00,read,88100,2.825,True,
5937,118740.0,118740.186,2026-09-17T15:13:45.030817+00:00,write,97999,2.761,True,
5938,118760.0,118760.329,2026-09-17T15:13:45.050964+00:00,write,66019,3.294,True,
5939,118780.0,118780.417,2026-09-17T15:13:45.071047+00:00,read,90649,3.127,True,
5940,118800.0,118800.364,2026-09-17T15:13:45.091050+00:00,read,92513,2.928,True,
5941,118820.0,118820.155,2026-09-17T15:13:45.110784+00:00,read,99258,3.236,True,
5942,118840.0,118840.453,2026-09-17T15:13:45.131080+00:00,read,66522,2.552,True,
5943,118860.0,118860.353,2026-09-17T15:13:45.150981+00:00,read,73931,3.274,True,
5944,118880.0,118880.282,2026-09-17T15:13:45.170909+00:00,read,73270,2.98,True,
5945,118900.0,118900.231,2026-09-17T15:13:45.190857+00:00,read,76602,2.828,True,
5946,118920.0,118920.301,2026-09-17T15:13:45.210929+00:00,write,27732,3.122,True,
5947,118940.0,118940.343,2026-09-17T15:13:45.230973+00:00,read,59305,3.49,True,
5948,118960.0,118960.272,2026-09-17T15:13:45.250903+00:00,read,13281,3.932,True,
5949,118980.0,118980.24,2026-09-17T15:13:45.270869+00:00,read,87076,4.114,True,
5950,119000.0,119000.217,2026-09-17T15:13:45.290847+00:00,read,98170,3.189,True,
5951,119020.0,119020.204,2026-09-17T15:13:45.310836+00:00,write,7226,3.163,True,
5952,119040.0,119040.518,2026-09-17T15:13:45.331152+00:00,read,88740,3.711,True,
5953,119060.0,119060.645,2026-09-17T15:13:45.351274+00:00,write,66831,2.861,True,
5954,119080.0,119080.47,2026-09-17T15:13:45.371168+00:00,read,17270,3.723,True,
5955,119100.0,119100.261,2026-09-17T15:13:45.390889+00:00,write,73682,2.924,True,
5956,119120.0,119120.5,2026-09-17T15:13:45.411127+00:00,read,31770,3.421,True,
5957,119140.0,119140.342,2026-09-17T15:13:45.430972+00:00,write,88831,3.52,True,
5958,119160.0,119160.278,2026-09-17T15:13:45.450905+00:00,read,26502,4.009,True,
5959,119180.0,119180.43,2026-09-17T15:13:45.471058+00:00,write,38144,3.346,True,
5960,119200.0,119200.165,2026-09-17T15:13:45.490795+00:00,read,1804,3.158,True,
5961,119220.0,119220.441,2026-09-17T15:13:45.511069+00:00,read,30782,3.846,True,
5962,119240.0,119240.496,2026-09-17T15:13:45.531125+00:00,read,82327,3.641,True,
5963,119260.0,119260.22,2026-09-17T15:13:45.550849+00:00,read,94283,4.981,True,
5964,119280.0,119280.244,2026-09-17T15:13:45.570872+00:00,read,8372,3.415,True,
5965,119300.0,119300.344,2026-09-17T15:13:45.590974+00:00,write,74063,2.869,True,
5966,119320.0,119320.273,2026-09-17T15:13:45.610905+00:00,read,5598,3.925,True,
5967,119340.0,119340.351,2026-09-17T15:13:45.630979+00:00,read,61232,4.167,True,
5968,119360.0,119360.367,2026-09-17T15:13:45.651071+00:00,write,41722,3.337,True,
5969,119380.0,119380.309,2026-09-17T15:13:45.670941+00:00,read,53142,3.761,True,
5970,119400.0,119400.287,2026-09-17T15:13:45.690917+00:00,read,7485,3.484,True,
5971,119420.0,119420.436,2026-09-17T15:13:45.711064+00:00,write,33751,2.567,True,
5972,119440.0,119440.218,2026-09-17T15:13:45.730845+00:00,read,15281,3.646,True,
5973,119460.0,119460.321,2026-09-17T15:13:45.750950+00:00,write,55680,3.516,True,
5974,119480.0,119480.446,2026-09-17T15:13:45.771228+00:00,read,72097,4.29,True,
5975,119500.0,119500.329,2026-09-17T15:13:45.790960+00:00,write,35962,2.955,True,
5976,119520.0,119520.273,2026-09-17T15:13:45.810905+00:00,read,3445,3.618,True,
5977,119540.0,119540.299,2026-09-17T15:13:45.830928+00:00,read,17852,4.347,True,
5978,119560.0,119560.449,2026-09-17T15:13:45.851077+00:00,read,8379,3.867,True,
5979,119580.0,119580.166,2026-09-17T15:13:45.870797+00:00,read,92560,3.67,True,
5980,119600.0,119600.514,2026-09-17T15:13:45.891142+00:00,read,61532,3.638,True,
5981,119620.0,119620.325,2026-09-17T15:13:45.910957+00:00,write,83882,2.823,True,
5982,119640.0,119640.307,2026-09-17T15:13:45.930933+00:00,read,53004,3.94,True,
5983,119660.0,119660.244,2026-09-17T15:13:45.950874+00:00,read,99601,3.603,True,
5984,119680.0,119680.424,2026-09-17T15:13:45.971050+00:00,read,17166,4.117,True,
5985,119700.0,119700.326,2026-09-17T15:13:45.990955+00:00,read,88310,3.81,True,
5986,119720.0,119720.714,2026-09-17T15:13:46.011342+00:00,read,93622,3.816,True,
5987,119740.0,119740.249,2026-09-17T15:13:46.030876+00:00,read,4771,2.76,True,
5988,119760.0,119760.168,2026-09-17T15:13:46.050794+00:00,write,43453,2.563,True,
5989,119780.0,119780.301,2026-09-17T15:13:46.070932+00:00,write,88150,3.192,True,
5990,119800.0,119800.463,2026-09-17T15:13:46.091099+00:00,read,47323,3.626,True,
5991,119820.0,119820.24,2026-09-17T15:13:46.110870+00:00,read,10395,3.954,True,
5992,119840.0,119840.453,2026-09-17T15:13:46.131085+00:00,read,64282,4.356,True,
5993,119860.0,119860.367,2026-09-17T15:13:46.151100+00:00,read,43488,4.111,True,
5994,119880.0,119880.42,2026-09-17T15:13:46.171047+00:00,read,78746,3.569,True,
5995,119900.0,119900.252,2026-09-17T15:13:46.190882+00:00,read,59387,3.786,True,
5996,119920.0,119920.523,2026-09-17T15:13:46.211153+00:00,read,94020,4.39,True,
5997,119940.0,119940.213,2026-09-17T15:13:46.230841+00:00,write,11794,2.772,True,
5998,119960.0,119960.188,2026-09-17T15:13:46.250817+00:00,write,53861,3.527,True,
5999,119980.0,119980.537,2026-09-17T15:13:46.271168+00:00,read,44525,4.071,True,
