index,scheduled_offset_ms,start_offset_ms,timestamp_utc,operation,row_id,latency_ms,success,error
0,0.0,0.036,2026-09-17T14:33:39.756920+00:00,read,86834,5.638,True,
1,20.0,20.226,2026-09-17T14:33:39.777114+00:00,read,89459,2.323,True,
2,40.0,40.311,2026-09-17T14:33:39.797197+00:00,read,20863,1.985,True,
3,60.0,60.254,2026-09-17T14:33:39.817142+00:00,read,14226,4.295,True,
4,80.0,80.188,2026-09-17T14:33:39.837075+00:00,read,66119,1.667,True,
5,100.0,100.141,2026-09-17T14:33:39.857027+00:00,read,99870,1.858,True,
6,120.0,120.224,2026-09-17T14:33:39.877112+00:00,read,57401,1.295,True,
7,140.0,140.105,2026-09-17T14:33:39.896991+00:00,read,75111,1.514,True,
8,160.0,160.094,2026-09-17T14:33:39.916980+00:00,read,65657,1.368,True,
9,180.0,180.173,2026-09-17T14:33:39.937061+00:00,read,73610,1.453,True,
10,200.0,200.361,2026-09-17T14:33:39.957249+00:00,read,70111,1.678,True,
11,220.0,220.228,2026-09-17T14:33:39.977115+00:00,read,32580,1.717,True,
12,240.0,240.342,2026-09-17T14:33:39.997227+00:00,read,57118,1.273,True,
13,260.0,260.245,2026-09-17T14:33:40.017131+00:00,read,70848,1.36,True,
14,280.0,280.361,2026-09-17T14:33:40.037246+00:00,read,59418,1.275,True,
15,300.0,300.475,2026-09-17T14:33:40.057361+00:00,read,83473,1.29,True,
16,320.0,320.213,2026-09-17T14:33:40.077103+00:00,read,69544,1.569,True,
17,340.0,340.2,2026-09-17T14:33:40.097087+00:00,read,16763,1.454,True,
18,360.0,360.304,2026-09-17T14:33:40.117189+00:00,read,63513,1.323,True,
19,380.0,380.334,2026-09-17T14:33:40.137221+00:00,read,23886,1.386,True,
20,400.0,400.835,2026-09-17T14:33:40.157720+00:00,read,78217,1.275,True,
21,420.0,420.385,2026-09-17T14:33:40.177272+00:00,read,89143,1.333,True,
22,440.0,440.269,2026-09-17T14:33:40.197154+00:00,read,93479,1.545,True,
23,460.0,460.345,2026-09-17T14:33:40.217230+00:00,read,24898,1.34,True,
24,480.0,480.18,2026-09-17T14:33:40.237065+00:00,read,9908,1.876,True,
25,500.0,500.309,2026-09-17T14:33:40.257194+00:00,read,47864,1.27,True,
26,520.0,520.14,2026-09-17T14:33:40.277025+00:00,read,42512,1.45,True,
27,540.0,540.469,2026-09-17T14:33:40.297356+00:00,read,34015,1.451,True,
28,560.0,560.291,2026-09-17T14:33:40.317176+00:00,read,79675,1.517,True,
29,580.0,580.112,2026-09-17T14:33:40.336999+00:00,read,58584,1.475,True,
30,600.0,600.117,2026-09-17T14:33:40.357005+00:00,read,76968,1.515,True,
31,620.0,620.235,2026-09-17T14:33:40.377123+00:00,read,92043,1.556,True,
32,640.0,640.091,2026-09-17T14:33:40.396978+00:00,read,80320,1.564,True,
33,660.0,660.136,2026-09-17T14:33:40.417023+00:00,read,7015,1.635,True,
34,680.0,680.18,2026-09-17T14:33:40.437068+00:00,read,75545,1.576,True,
35,700.0,700.192,2026-09-17T14:33:40.457080+00:00,read,28277,1.701,True,
36,720.0,720.295,2026-09-17T14:33:40.477183+00:00,read,76162,2.519,True,
37,740.0,740.34,2026-09-17T14:33:40.497226+00:00,read,16913,1.456,True,
38,760.0,760.333,2026-09-17T14:33:40.517221+00:00,read,73063,1.322,True,
39,780.0,780.3,2026-09-17T14:33:40.537188+00:00,read,9889,1.37,True,
40,800.0,800.293,2026-09-17T14:33:40.557181+00:00,read,29112,1.392,True,
41,820.0,820.261,2026-09-17T14:33:40.577148+00:00,read,15423,1.448,True,
42,840.0,840.326,2026-09-17T14:33:40.597214+00:00,read,21833,1.82,True,
43,860.0,860.251,2026-09-17T14:33:40.617140+00:00,read,87161,1.561,True,
44,880.0,880.105,2026-09-17T14:33:40.636993+00:00,read,1138,1.728,True,
45,900.0,900.364,2026-09-17T14:33:40.657252+00:00,read,46359,1.749,True,
46,920.0,920.223,2026-09-17T14:33:40.677112+00:00,read,50516,1.534,True,
47,940.0,940.125,2026-09-17T14:33:40.697012+00:00,read,71328,1.422,True,
48,960.0,960.135,2026-09-17T14:33:40.717021+00:00,read,97983,1.413,True,
49,980.0,980.182,2026-09-17T14:33:40.734068+00:00,read,57305,1.259,True,
50,1000.0,1000.122,2026-09-17T14:33:40.754008+00:00,read,57592,1.562,True,
51,1020.0,1020.1,2026-09-17T14:33:40.773986+00:00,read,19693,1.857,True,
52,1040.0,1040.224,2026-09-17T14:33:40.794110+00:00,read,95988,1.328,True,
53,1060.0,1060.263,2026-09-17T14:33:40.814148+00:00,read,60364,1.355,True,
54,1080.0,1080.245,2026-09-17T14:33:40.834129+00:00,read,54093,1.257,True,
55,1100.0,1100.389,2026-09-17T14:33:40.854274+00:00,read,36488,2.23,True,
56,1120.0,1120.231,2026-09-17T14:33:40.874116+00:00,read,92269,1.153,True,
57,1140.0,1140.48,2026-09-17T14:33:40.894364+00:00,read,81917,1.345,True,
58,1160.0,1160.213,2026-09-17T14:33:40.914098+00:00,read,15035,1.33,True,
59,1180.0,1180.11,2026-09-17T14:33:40.933997+00:00,read,63617,1.322,True,
60,1200.0,1200.247,2026-09-17T14:33:40.954133+00:00,read,34722,1.502,True,
61,1220.0,1220.133,2026-09-17T14:33:40.974019+00:00,read,26090,1.426,True,
62,1240.0,1240.135,2026-09-17T14:33:40.994021+00:00,read,81533,1.451,True,
63,1260.0,1260.215,2026-09-17T14:33:41.014102+00:00,read,94690,1.634,True,
64,1280.0,1280.214,2026-09-17T14:33:41.034097+00:00,read,23335,1.137,True,
65,1300.0,1300.194,2026-09-17T14:33:41.054078+00:00,read,15240,1.825,True,
66,1320.0,1320.138,2026-09-17T14:33:41.074020+00:00,read,75375,1.144,True,
67,1340.0,1340.191,2026-09-17T14:33:41.094082+00:00,read,36751,1.431,True,
68,1360.0,1360.12,2026-09-17T14:33:41.114004+00:00,read,7456,2.564,True,
69,1380.0,1380.398,2026-09-17T14:33:41.134281+00:00,read,97481,1.174,True,
70,1400.0,1400.601,2026-09-17T14:33:41.154483+00:00,read,85779,1.12,True,
71,1420.0,1420.439,2026-09-17T14:33:41.174322+00:00,read,51998,1.207,True,
72,1440.0,1440.124,2026-09-17T14:33:41.194006+00:00,read,67975,1.64,True,
73,1460.0,1460.456,2026-09-17T14:33:41.214338+00:00,read,10938,1.634,True,
74,1480.0,1480.646,2026-09-17T14:33:41.234528+00:00,read,36696,0.989,True,
75,1500.0,1500.363,2026-09-17T14:33:41.254247+00:00,read,63269,1.789,True,
76,1520.0,1520.629,2026-09-17T14:33:41.274512+00:00,read,319,1.745,True,
77,1540.0,1540.775,2026-09-17T14:33:41.294657+00:00,read,96011,0.997,True,
78,1560.0,1560.246,2026-09-17T14:33:41.314130+00:00,read,22137,1.388,True,
79,1580.0,1580.099,2026-09-17T14:33:41.333983+00:00,read,95269,1.304,True,
80,1600.0,1600.146,2026-09-17T14:33:41.354053+00:00,read,46198,1.257,True,
81,1620.0,1620.1,2026-09-17T14:33:41.373982+00:00,read,57763,1.15,True,
82,1640.0,1640.198,2026-09-17T14:33:41.394087+00:00,read,31867,1.059,True,
83,1660.0,1660.09,2026-09-17T14:33:41.413972+00:00,read,62716,1.32,True,
84,1680.0,1680.246,2026-09-17T14:33:41.434128+00:00,read,95978,2.867,True,
85,1700.0,1700.104,2026-09-17T14:33:41.453988+00:00,read,16998,1.818,True,
86,1720.0,1720.362,2026-09-17T14:33:41.474246+00:00,read,30166,2.122,True,
87,1740.0,1740.501,2026-09-17T14:33:41.494383+00:00,read,12650,0.965,True,
88,1760.0,1760.214,2026-09-17T14:33:41.514100+00:00,read,13749,1.318,True,
89,1780.0,1780.393,2026-09-17T14:33:41.534279+00:00,read,20166,1.435,True,
90,1800.0,1800.308,2026-09-17T14:33:41.554193+00:00,read,98251,1.646,True,
91,1820.0,1820.461,2026-09-17T14:33:41.574345+00:00,read,4228,1.254,True,
92,1840.0,1840.26,2026-09-17T14:33:41.594144+00:00,read,10273,1.166,True,
93,1860.0,1860.221,2026-09-17T14:33:41.614108+00:00,read,37846,1.467,True,
94,1880.0,1880.393,2026-09-17T14:33:41.634281+00:00,read,47290,1.804,True,
95,1900.0,1900.334,2026-09-17T14:33:41.654217+00:00,read,18868,1.406,True,
96,1920.0,1920.142,2026-09-17T14:33:41.674024+00:00,read,1200,1.237,True,
97,1940.0,1940.188,2026-09-17T14:33:41.694070+00:00,read,12682,1.061,True,
98,1960.0,1960.181,2026-09-17T14:33:41.714063+00:00,read,82228,1.19,True,
99,1980.0,1980.412,2026-09-17T14:33:41.734294+00:00,read,60505,1.167,True,
100,2000.0,2000.085,2026-09-17T14:33:41.753968+00:00,read,62505,1.194,True,
101,2020.0,2020.095,2026-09-17T14:33:41.773977+00:00,read,34974,1.237,True,
102,2040.0,2040.089,2026-09-17T14:33:41.793973+00:00,read,63197,1.238,True,
103,2060.0,2060.12,2026-09-17T14:33:41.814004+00:00,read,31588,1.448,True,
104,2080.0,2080.086,2026-09-17T14:33:41.833969+00:00,read,57174,1.131,True,
105,2100.0,2100.09,2026-09-17T14:33:41.853973+00:00,read,81630,1.226,True,
106,2120.0,2120.176,2026-09-17T14:33:41.874059+00:00,read,90802,1.234,True,
107,2140.0,2140.105,2026-09-17T14:33:41.893988+00:00,read,91907,1.072,True,
108,2160.0,2160.268,2026-09-17T14:33:41.914152+00:00,read,75318,1.192,True,
109,2180.0,2180.227,2026-09-17T14:33:41.934120+00:00,read,54642,1.557,True,
110,2200.0,2200.184,2026-09-17T14:33:41.954071+00:00,read,17825,2.437,True,
111,2220.0,2220.222,2026-09-17T14:33:41.974109+00:00,read,47387,2.568,True,
112,2240.0,2240.398,2026-09-17T14:33:41.994289+00:00,read,84452,3.083,True,
113,2260.0,2260.292,2026-09-17T14:33:42.014181+00:00,read,64167,3.465,True,
114,2280.0,2280.352,2026-09-17T14:33:42.034240+00:00,read,35261,3.039,True,
115,2300.0,2300.346,2026-09-17T14:33:42.054235+00:00,read,30975,3.272,True,
116,2320.0,2320.209,2026-09-17T14:33:42.074097+00:00,read,87345,2.776,True,
117,2340.0,2340.28,2026-09-17T14:33:42.094168+00:00,read,98078,3.163,True,
118,2360.0,2360.187,2026-09-17T14:33:42.114075+00:00,read,42577,2.877,True,
119,2380.0,2380.233,2026-09-17T14:33:42.134120+00:00,read,49520,2.923,True,
120,2400.0,2400.239,2026-09-17T14:33:42.154126+00:00,read,72465,3.289,True,
121,2420.0,2420.234,2026-09-17T14:33:42.174123+00:00,read,85936,2.875,True,
122,2440.0,2440.142,2026-09-17T14:33:42.194105+00:00,read,5352,3.208,True,
123,2460.0,2460.226,2026-09-17T14:33:42.214113+00:00,read,94817,3.253,True,
124,2480.0,2480.192,2026-09-17T14:33:42.234079+00:00,read,78153,2.789,True,
125,2500.0,2500.227,2026-09-17T14:33:42.254114+00:00,read,56277,2.982,True,
126,2520.0,2520.139,2026-09-17T14:33:42.274100+00:00,read,66583,3.11,True,
127,2540.0,2540.179,2026-09-17T14:33:42.294066+00:00,read,78897,2.859,True,
128,2560.0,2560.184,2026-09-17T14:33:42.314072+00:00,read,60012,2.68,True,
129,2580.0,2580.219,2026-09-17T14:33:42.334106+00:00,read,42327,3.692,True,
130,2600.0,2600.292,2026-09-17T14:33:42.354180+00:00,read,87156,2.947,True,
131,2620.0,2620.142,2026-09-17T14:33:42.374103+00:00,read,93135,3.126,True,
132,2640.0,2640.293,2026-09-17T14:33:42.394179+00:00,read,98596,2.686,True,
133,2660.0,2660.142,2026-09-17T14:33:42.414095+00:00,read,99760,3.791,True,
134,2680.0,2680.194,2026-09-17T14:33:42.434083+00:00,read,89492,3.505,True,
135,2700.0,2700.261,2026-09-17T14:33:42.454148+00:00,read,2873,2.328,True,
136,2720.0,2720.267,2026-09-17T14:33:42.474155+00:00,read,69140,3.399,True,
137,2740.0,2740.27,2026-09-17T14:33:42.494157+00:00,read,14257,3.219,True,
138,2760.0,2760.417,2026-09-17T14:33:42.514305+00:00,read,33975,3.598,True,
139,2780.0,2780.346,2026-09-17T14:33:42.534234+00:00,read,63201,2.968,True,
140,2800.0,2800.281,2026-09-17T14:33:42.554168+00:00,read,27179,3.227,True,
141,2820.0,2820.188,2026-09-17T14:33:42.574076+00:00,read,35618,3.351,True,
142,2840.0,2840.248,2026-09-17T14:33:42.594136+00:00,read,95961,3.008,True,
143,2860.0,2860.19,2026-09-17T14:33:42.614078+00:00,read,90294,3.416,True,
144,2880.0,2880.139,2026-09-17T14:33:42.634091+00:00,read,97255,2.662,True,
145,2900.0,2900.257,2026-09-17T14:33:42.654149+00:00,read,10629,3.86,True,
146,2920.0,2920.353,2026-09-17T14:33:42.674243+00:00,read,13295,3.188,True,
147,2940.0,2940.462,2026-09-17T14:33:42.694353+00:00,read,20994,3.499,True,
148,2960.0,2960.266,2026-09-17T14:33:42.714155+00:00,read,40806,3.374,True,
149,2980.0,2980.215,2026-09-17T14:33:42.734106+00:00,read,83398,3.22,True,
150,3000.0,3000.298,2026-09-17T14:33:42.754189+00:00,read,42968,3.231,True,
151,3020.0,3020.221,2026-09-17T14:33:42.774107+00:00,read,61807,2.441,True,
152,3040.0,3040.238,2026-09-17T14:33:42.794127+00:00,read,3091,3.379,True,
153,3060.0,3060.399,2026-09-17T14:33:42.814287+00:00,read,13797,2.946,True,
154,3080.0,3080.37,2026-09-17T14:33:42.834256+00:00,read,12187,3.165,True,
155,3100.0,3100.274,2026-09-17T14:33:42.854160+00:00,read,77927,3.183,True,
156,3120.0,3120.281,2026-09-17T14:33:42.874168+00:00,read,89187,2.858,True,
157,3140.0,3140.293,2026-09-17T14:33:42.894182+00:00,read,44537,2.962,True,
158,3160.0,3160.283,2026-09-17T14:33:42.914170+00:00,read,70389,2.753,True,
159,3180.0,3180.14,2026-09-17T14:33:42.934088+00:00,read,5819,2.294,True,
160,3200.0,3200.168,2026-09-17T14:33:42.954053+00:00,read,31901,2.313,True,
161,3220.0,3220.228,2026-09-17T14:33:42.974116+00:00,read,83654,2.833,True,
162,3240.0,3240.272,2026-09-17T14:33:42.994159+00:00,read,63516,2.915,True,
163,3260.0,3260.284,2026-09-17T14:33:43.014171+00:00,read,9896,2.952,True,
164,3280.0,3280.13,2026-09-17T14:33:43.034016+00:00,read,59576,2.098,True,
165,3300.0,3300.14,2026-09-17T14:33:43.054077+00:00,read,32925,2.415,True,
166,3320.0,3320.13,2026-09-17T14:33:43.074015+00:00,read,3791,1.349,True,
167,3340.0,3340.123,2026-09-17T14:33:43.094010+00:00,read,25082,1.901,True,
168,3360.0,3360.118,2026-09-17T14:33:43.114004+00:00,read,83993,1.366,True,
169,3380.0,3380.238,2026-09-17T14:33:43.134126+00:00,read,44642,1.648,True,
170,3400.0,3400.266,2026-09-17T14:33:43.154154+00:00,read,3018,3.429,True,
171,3420.0,3420.184,2026-09-17T14:33:43.174071+00:00,read,23785,3.349,True,
172,3440.0,3440.248,2026-09-17T14:33:43.194136+00:00,read,19481,3.263,True,
173,3460.0,3460.282,2026-09-17T14:33:43.214169+00:00,read,12254,3.032,True,
174,3480.0,3480.289,2026-09-17T14:33:43.234177+00:00,read,17547,3.417,True,
175,3500.0,3500.278,2026-09-17T14:33:43.254165+00:00,read,40493,2.78,True,
176,3520.0,3520.515,2026-09-17T14:33:43.274405+00:00,read,64246,3.285,True,
177,3540.0,3540.325,2026-09-17T14:33:43.294215+00:00,read,15923,2.911,True,
178,3560.0,3560.189,2026-09-17T14:33:43.314077+00:00,read,3143,3.054,True,
179,3580.0,3580.23,2026-09-17T14:33:43.334117+00:00,read,68281,3.026,True,
180,3600.0,3600.222,2026-09-17T14:33:43.354111+00:00,read,1647,3.001,True,
181,3620.0,3620.285,2026-09-17T14:33:43.374174+00:00,read,89460,3.18,True,
182,3640.0,3640.262,2026-09-17T14:33:43.394149+00:00,read,94910,2.705,True,
183,3660.0,3660.257,2026-09-17T14:33:43.414144+00:00,read,24949,3.173,True,
184,3680.0,3680.192,2026-09-17T14:33:43.434080+00:00,read,19750,2.565,True,
185,3700.0,3700.199,2026-09-17T14:33:43.454086+00:00,read,87801,2.012,True,
186,3720.0,3720.145,2026-09-17T14:33:43.474101+00:00,read,81295,2.6,True,
187,3740.0,3740.286,2026-09-17T14:33:43.494174+00:00,read,67101,3.086,True,
188,3760.0,3760.243,2026-09-17T14:33:43.514130+00:00,read,60001,3.046,True,
189,3780.0,3780.201,2026-09-17T14:33:43.534087+00:00,read,66798,2.868,True,
190,3800.0,3800.187,2026-09-17T14:33:43.554074+00:00,read,64678,3.386,True,
191,3820.0,3820.272,2026-09-17T14:33:43.574160+00:00,read,3965,2.686,True,
192,3840.0,3840.305,2026-09-17T14:33:43.594193+00:00,read,52402,2.93,True,
193,3860.0,3860.234,2026-09-17T14:33:43.614122+00:00,read,88440,3.03,True,
194,3880.0,3880.372,2026-09-17T14:33:43.634262+00:00,read,12599,3.561,True,
195,3900.0,3900.242,2026-09-17T14:33:43.654130+00:00,read,66299,3.242,True,
196,3920.0,3920.271,2026-09-17T14:33:43.674159+00:00,read,54869,3.282,True,
197,3940.0,3940.363,2026-09-17T14:33:43.694250+00:00,read,32705,2.886,True,
198,3960.0,3960.268,2026-09-17T14:33:43.714157+00:00,read,71212,2.929,True,
199,3980.0,3980.327,2026-09-17T14:33:43.734215+00:00,read,48270,2.766,True,
200,4000.0,4000.329,2026-09-17T14:33:43.754217+00:00,read,51356,2.955,True,
201,4020.0,4020.143,2026-09-17T14:33:43.774113+00:00,read,21930,2.42,True,
202,4040.0,4040.135,2026-09-17T14:33:43.794021+00:00,read,58826,1.62,True,
203,4060.0,4060.303,2026-09-17T14:33:43.814192+00:00,read,81816,2.736,True,
204,4080.0,4080.115,2026-09-17T14:33:43.834001+00:00,read,12057,1.95,True,
205,4100.0,4100.115,2026-09-17T14:33:43.854002+00:00,read,86057,2.091,True,
206,4120.0,4120.227,2026-09-17T14:33:43.874113+00:00,read,90541,1.925,True,
207,4140.0,4140.23,2026-09-17T14:33:43.894116+00:00,read,28752,2.051,True,
208,4160.0,4160.088,2026-09-17T14:33:43.913970+00:00,read,53055,1.456,True,
209,4180.0,4180.125,2026-09-17T14:33:43.934011+00:00,read,31715,1.099,True,
210,4200.0,4200.199,2026-09-17T14:33:43.954097+00:00,read,88214,1.705,True,
211,4220.0,4220.202,2026-09-17T14:33:43.974088+00:00,read,35977,1.174,True,
212,4240.0,4240.104,2026-09-17T14:33:43.993990+00:00,read,61177,1.509,True,
213,4260.0,4260.228,2026-09-17T14:33:44.014115+00:00,read,33466,2.419,True,
214,4280.0,4280.145,2026-09-17T14:33:44.034097+00:00,read,94386,2.461,True,
215,4300.0,4300.208,2026-09-17T14:33:44.054093+00:00,read,24437,1.929,True,
216,4320.0,4320.129,2026-09-17T14:33:44.074014+00:00,read,53257,1.81,True,
217,4340.0,4340.219,2026-09-17T14:33:44.094101+00:00,read,31325,1.178,True,
218,4360.0,4360.141,2026-09-17T14:33:44.114107+00:00,read,9386,3.193,True,
219,4380.0,4380.22,2026-09-17T14:33:44.134107+00:00,read,34402,2.905,True,
220,4400.0,4400.191,2026-09-17T14:33:44.154079+00:00,read,60505,2.798,True,
221,4420.0,4420.221,2026-09-17T14:33:44.174110+00:00,read,13507,3.13,True,
222,4440.0,4440.239,2026-09-17T14:33:44.194127+00:00,read,16155,2.975,True,
223,4460.0,4460.226,2026-09-17T14:33:44.214113+00:00,read,62641,3.239,True,
224,4480.0,4480.225,2026-09-17T14:33:44.234111+00:00,read,80301,2.3,True,
225,4500.0,4500.232,2026-09-17T14:33:44.254120+00:00,read,64989,3.419,True,
226,4520.0,4520.27,2026-09-17T14:33:44.274157+00:00,read,65130,2.809,True,
227,4540.0,4540.228,2026-09-17T14:33:44.294115+00:00,read,46562,2.86,True,
228,4560.0,4560.14,2026-09-17T14:33:44.314102+00:00,read,49263,3.241,True,
229,4580.0,4580.141,2026-09-17T14:33:44.334119+00:00,read,24668,2.439,True,
230,4600.0,4600.243,2026-09-17T14:33:44.354133+00:00,read,72883,3.028,True,
231,4620.0,4620.262,2026-09-17T14:33:44.374151+00:00,read,91427,2.51,True,
232,4640.0,4640.258,2026-09-17T14:33:44.394148+00:00,read,93107,2.782,True,
233,4660.0,4660.22,2026-09-17T14:33:44.414109+00:00,read,56765,2.755,True,
234,4680.0,4680.359,2026-09-17T14:33:44.434248+00:00,read,62107,2.972,True,
235,4700.0,4700.293,2026-09-17T14:33:44.454180+00:00,read,46042,2.772,True,
236,4720.0,4720.212,2026-09-17T14:33:44.474099+00:00,read,60032,2.944,True,
237,4740.0,4740.227,2026-09-17T14:33:44.494115+00:00,read,21432,2.93,True,
238,4760.0,4760.144,2026-09-17T14:33:44.514125+00:00,read,87516,2.85,True,
239,4780.0,4780.216,2026-09-17T14:33:44.534102+00:00,read,9673,3.221,True,
240,4800.0,4800.301,2026-09-17T14:33:44.554189+00:00,read,58975,3.595,True,
241,4820.0,4820.306,2026-09-17T14:33:44.574193+00:00,read,2997,2.84,True,
242,4840.0,4840.248,2026-09-17T14:33:44.594135+00:00,read,64066,2.655,True,
243,4860.0,4860.267,2026-09-17T14:33:44.614156+00:00,read,48466,2.838,True,
244,4880.0,4880.218,2026-09-17T14:33:44.634108+00:00,read,2432,2.804,True,
245,4900.0,4900.237,2026-09-17T14:33:44.654130+00:00,read,45114,3.67,True,
246,4920.0,4920.382,2026-09-17T14:33:44.674270+00:00,read,65817,3.256,True,
247,4940.0,4940.204,2026-09-17T14:33:44.694091+00:00,read,13527,2.607,True,
248,4960.0,4960.14,2026-09-17T14:33:44.714127+00:00,read,68071,2.927,True,
249,4980.0,4980.271,2026-09-17T14:33:44.734159+00:00,read,53662,2.614,True,
250,5000.0,5000.265,2026-09-17T14:33:44.754153+00:00,read,26271,2.924,True,
251,5020.0,5020.234,2026-09-17T14:33:44.774118+00:00,read,51595,1.43,True,
252,5040.0,5040.266,2026-09-17T14:33:44.794161+00:00,read,37687,2.623,True,
253,5060.0,5060.422,2026-09-17T14:33:44.814315+00:00,read,48431,3.494,True,
254,5080.0,5080.296,2026-09-17T14:33:44.834188+00:00,read,48531,3.948,True,
255,5100.0,5100.482,2026-09-17T14:33:44.854374+00:00,read,77700,3.891,True,
256,5120.0,5120.395,2026-09-17T14:33:44.874286+00:00,read,26714,3.437,True,
257,5140.0,5140.376,2026-09-17T14:33:44.894264+00:00,read,8767,3.223,True,
258,5160.0,5160.351,2026-09-17T14:33:44.914239+00:00,read,64839,3.207,True,
259,5180.0,5180.223,2026-09-17T14:33:44.934112+00:00,read,19731,2.968,True,
260,5200.0,5200.232,2026-09-17T14:33:44.954120+00:00,read,93175,2.371,True,
261,5220.0,5220.23,2026-09-17T14:33:44.974119+00:00,read,47592,2.46,True,
262,5240.0,5240.289,2026-09-17T14:33:44.994179+00:00,read,84149,3.456,True,
263,5260.0,5260.214,2026-09-17T14:33:45.014102+00:00,read,71341,2.304,True,
264,5280.0,5280.242,2026-09-17T14:33:45.034126+00:00,read,15600,2.614,True,
265,5300.0,5300.117,2026-09-17T14:33:45.054000+00:00,read,43507,1.551,True,
266,5320.0,5320.195,2026-09-17T14:33:45.074078+00:00,read,50770,1.316,True,
267,5340.0,5340.215,2026-09-17T14:33:45.094100+00:00,read,22820,2.593,True,
268,5360.0,5360.194,2026-09-17T14:33:45.114081+00:00,read,38422,3.534,True,
269,5380.0,5380.258,2026-09-17T14:33:45.134146+00:00,read,15625,3.182,True,
270,5400.0,5400.126,2026-09-17T14:33:45.154012+00:00,read,20609,1.982,True,
271,5420.0,5420.12,2026-09-17T14:33:45.174005+00:00,read,3,1.837,True,
272,5440.0,5440.231,2026-09-17T14:33:45.194122+00:00,read,85410,2.753,True,
273,5460.0,5460.279,2026-09-17T14:33:45.214169+00:00,read,91235,2.634,True,
274,5480.0,5480.22,2026-09-17T14:33:45.234108+00:00,read,7118,2.202,True,
275,5500.0,5500.204,2026-09-17T14:33:45.254100+00:00,read,41767,1.371,True,
276,5520.0,5520.125,2026-09-17T14:33:45.274013+00:00,read,64572,2.092,True,
277,5540.0,5540.268,2026-09-17T14:33:45.294157+00:00,read,27007,2.783,True,
278,5560.0,5560.232,2026-09-17T14:33:45.314120+00:00,read,44737,3.486,True,
279,5580.0,5580.267,2026-09-17T14:33:45.334154+00:00,read,35569,2.827,True,
280,5600.0,5600.271,2026-09-17T14:33:45.354159+00:00,read,33530,3.052,True,
281,5620.0,5620.244,2026-09-17T14:33:45.374130+00:00,read,62747,2.582,True,
282,5640.0,5640.243,2026-09-17T14:33:45.394130+00:00,read,11657,2.782,True,
283,5660.0,5660.195,2026-09-17T14:33:45.414083+00:00,read,50999,4.157,True,
284,5680.0,5680.28,2026-09-17T14:33:45.434168+00:00,read,15753,2.95,True,
285,5700.0,5700.225,2026-09-17T14:33:45.454113+00:00,read,10873,3.314,True,
286,5720.0,5720.301,2026-09-17T14:33:45.474188+00:00,read,97675,2.663,True,
287,5740.0,5740.23,2026-09-17T14:33:45.494118+00:00,read,97200,3.44,True,
288,5760.0,5760.201,2026-09-17T14:33:45.514088+00:00,read,34011,2.873,True,
289,5780.0,5780.259,2026-09-17T14:33:45.534146+00:00,read,93294,2.698,True,
290,5800.0,5800.297,2026-09-17T14:33:45.554186+00:00,read,18309,2.852,True,
291,5820.0,5820.281,2026-09-17T14:33:45.574169+00:00,read,35502,3.062,True,
292,5840.0,5840.202,2026-09-17T14:33:45.594091+00:00,read,13321,2.955,True,
293,5860.0,5860.245,2026-09-17T14:33:45.614132+00:00,read,22146,2.837,True,
294,5880.0,5880.239,2026-09-17T14:33:45.634127+00:00,read,95887,2.295,True,
295,5900.0,5900.24,2026-09-17T14:33:45.654128+00:00,read,85993,3.271,True,
296,5920.0,5920.276,2026-09-17T14:33:45.674164+00:00,read,34602,3.012,True,
297,5940.0,5940.289,2026-09-17T14:33:45.694176+00:00,read,89406,3.457,True,
298,5960.0,5960.303,2026-09-17T14:33:45.714190+00:00,read,94048,3.134,True,
299,5980.0,5980.243,2026-09-17T14:33:45.734130+00:00,read,82944,2.53,True,
300,6000.0,6000.334,2026-09-17T14:33:45.754222+00:00,read,31101,3.18,True,
301,6020.0,6020.216,2026-09-17T14:33:45.774102+00:00,read,75961,2.427,True,
302,6040.0,6040.239,2026-09-17T14:33:45.794127+00:00,read,96566,2.997,True,
303,6060.0,6060.279,2026-09-17T14:33:45.814167+00:00,read,29154,3.103,True,
304,6080.0,6080.26,2026-09-17T14:33:45.834147+00:00,read,3774,2.989,True,
305,6100.0,6100.238,2026-09-17T14:33:45.854125+00:00,read,39008,2.821,True,
306,6120.0,6120.141,2026-09-17T14:33:45.874109+00:00,read,33905,2.781,True,
307,6140.0,6140.239,2026-09-17T14:33:45.894127+00:00,read,6487,2.587,True,
308,6160.0,6160.294,2026-09-17T14:33:45.914181+00:00,read,1813,2.835,True,
309,6180.0,6180.197,2026-09-17T14:33:45.934084+00:00,read,59334,3.04,True,
310,6200.0,6200.206,2026-09-17T14:33:45.954093+00:00,read,86058,2.323,True,
311,6220.0,6220.263,2026-09-17T14:33:45.974150+00:00,read,95424,2.821,True,
312,6240.0,6240.208,2026-09-17T14:33:45.994096+00:00,read,52597,3.163,True,
313,6260.0,6260.3,2026-09-17T14:33:46.014195+00:00,read,16744,3.03,True,
314,6280.0,6280.245,2026-09-17T14:33:46.034132+00:00,read,34119,2.959,True,
315,6300.0,6300.224,2026-09-17T14:33:46.054111+00:00,read,61452,2.853,True,
316,6320.0,6320.216,2026-09-17T14:33:46.074103+00:00,read,97674,3.401,True,
317,6340.0,6340.145,2026-09-17T14:33:46.094134+00:00,read,72787,3.136,True,
318,6360.0,6360.287,2026-09-17T14:33:46.114177+00:00,read,11553,3.247,True,
319,6380.0,6380.208,2026-09-17T14:33:46.134096+00:00,read,96283,2.908,True,
320,6400.0,6400.284,2026-09-17T14:33:46.154172+00:00,read,86556,3.153,True,
321,6420.0,6420.146,2026-09-17T14:33:46.174106+00:00,read,58486,3.359,True,
322,6440.0,6440.285,2026-09-17T14:33:46.194172+00:00,read,39004,3.029,True,
323,6460.0,6460.223,2026-09-17T14:33:46.214110+00:00,read,15371,3.176,True,
324,6480.0,6480.194,2026-09-17T14:33:46.234081+00:00,read,66051,3.18,True,
325,6500.0,6500.216,2026-09-17T14:33:46.254104+00:00,read,71770,2.764,True,
326,6520.0,6520.183,2026-09-17T14:33:46.274070+00:00,read,34457,3.735,True,
327,6540.0,6540.293,2026-09-17T14:33:46.294180+00:00,read,89904,3.39,True,
328,6560.0,6560.251,2026-09-17T14:33:46.314138+00:00,read,7254,3.604,True,
329,6580.0,6580.259,2026-09-17T14:33:46.334178+00:00,read,91330,2.374,True,
330,6600.0,6600.184,2026-09-17T14:33:46.354072+00:00,read,52869,2.925,True,
331,6620.0,6620.229,2026-09-17T14:33:46.374116+00:00,read,40311,2.695,True,
332,6640.0,6640.178,2026-09-17T14:33:46.394065+00:00,read,42779,2.713,True,
333,6660.0,6660.277,2026-09-17T14:33:46.414165+00:00,read,28797,2.745,True,
334,6680.0,6680.238,2026-09-17T14:33:46.434125+00:00,read,75036,2.63,True,
335,6700.0,6700.226,2026-09-17T14:33:46.454114+00:00,read,74377,2.504,True,
336,6720.0,6720.231,2026-09-17T14:33:46.474118+00:00,read,3790,2.774,True,
337,6740.0,6740.18,2026-09-17T14:33:46.494069+00:00,read,38575,2.354,True,
338,6760.0,6760.244,2026-09-17T14:33:46.514132+00:00,read,87163,2.661,True,
339,6780.0,6780.194,2026-09-17T14:33:46.534082+00:00,read,94828,3.625,True,
340,6800.0,6800.296,2026-09-17T14:33:46.554184+00:00,read,90124,2.747,True,
341,6820.0,6820.226,2026-09-17T14:33:46.574114+00:00,read,62528,3.198,True,
342,6840.0,6840.179,2026-09-17T14:33:46.594067+00:00,read,47440,2.688,True,
343,6860.0,6860.178,2026-09-17T14:33:46.614066+00:00,read,79340,2.968,True,
344,6880.0,6880.291,2026-09-17T14:33:46.634177+00:00,read,47262,2.39,True,
345,6900.0,6900.283,2026-09-17T14:33:46.654172+00:00,read,64363,3.339,True,
346,6920.0,6920.241,2026-09-17T14:33:46.674128+00:00,read,17472,3.386,True,
347,6940.0,6940.249,2026-09-17T14:33:46.694138+00:00,read,82698,3.345,True,
348,6960.0,6960.192,2026-09-17T14:33:46.714080+00:00,read,89502,2.905,True,
349,6980.0,6980.304,2026-09-17T14:33:46.734192+00:00,read,14397,2.63,True,
350,7000.0,7000.255,2026-09-17T14:33:46.754143+00:00,read,38833,3.039,True,
351,7020.0,7020.201,2026-09-17T14:33:46.774090+00:00,read,38219,2.167,True,
352,7040.0,7040.174,2026-09-17T14:33:46.794061+00:00,read,57183,3.024,True,
353,7060.0,7060.317,2026-09-17T14:33:46.814204+00:00,read,14081,3.141,True,
354,7080.0,7080.328,2026-09-17T14:33:46.834215+00:00,read,39503,3.274,True,
355,7100.0,7100.282,2026-09-17T14:33:46.854170+00:00,read,7182,3.699,True,
356,7120.0,7120.29,2026-09-17T14:33:46.874179+00:00,read,14206,3.159,True,
357,7140.0,7140.239,2026-09-17T14:33:46.894128+00:00,read,59318,2.543,True,
358,7160.0,7160.282,2026-09-17T14:33:46.914173+00:00,read,51078,3.241,True,
359,7180.0,7180.252,2026-09-17T14:33:46.934140+00:00,read,93690,2.441,True,
360,7200.0,7200.118,2026-09-17T14:33:46.954003+00:00,read,46991,1.624,True,
361,7220.0,7220.198,2026-09-17T14:33:46.974087+00:00,read,87121,1.96,True,
362,7240.0,7240.202,2026-09-17T14:33:46.994087+00:00,read,99232,1.317,True,
363,7260.0,7260.216,2026-09-17T14:33:47.014101+00:00,read,28684,1.167,True,
364,7280.0,7280.14,2026-09-17T14:33:47.034086+00:00,read,78137,1.671,True,
365,7300.0,7300.133,2026-09-17T14:33:47.054021+00:00,read,19563,2.099,True,
366,7320.0,7320.249,2026-09-17T14:33:47.074141+00:00,read,48672,2.77,True,
367,7340.0,7340.199,2026-09-17T14:33:47.094088+00:00,read,66923,2.324,True,
368,7360.0,7360.111,2026-09-17T14:33:47.113998+00:00,read,71069,1.277,True,
369,7380.0,7380.116,2026-09-17T14:33:47.134015+00:00,read,1882,1.401,True,
370,7400.0,7400.138,2026-09-17T14:33:47.154086+00:00,read,11515,3.644,True,
371,7420.0,7420.198,2026-09-17T14:33:47.174087+00:00,read,60216,2.719,True,
372,7440.0,7440.105,2026-09-17T14:33:47.193992+00:00,read,44376,2.097,True,
373,7460.0,7460.21,2026-09-17T14:33:47.214099+00:00,read,93824,2.795,True,
374,7480.0,7480.135,2026-09-17T14:33:47.234024+00:00,read,14365,2.795,True,
375,7500.0,7500.283,2026-09-17T14:33:47.254170+00:00,read,96749,3.12,True,
376,7520.0,7520.251,2026-09-17T14:33:47.274137+00:00,read,76657,2.408,True,
377,7540.0,7540.21,2026-09-17T14:33:47.294095+00:00,read,37046,2.133,True,
378,7560.0,7560.224,2026-09-17T14:33:47.314109+00:00,read,71872,1.808,True,
379,7580.0,7580.21,2026-09-17T14:33:47.334102+00:00,read,78937,2.917,True,
380,7600.0,7600.133,2026-09-17T14:33:47.354020+00:00,read,25525,1.771,True,
381,7620.0,7620.205,2026-09-17T14:33:47.374094+00:00,read,83969,2.284,True,
382,7640.0,7640.232,2026-09-17T14:33:47.394120+00:00,read,73966,2.575,True,
383,7660.0,7660.244,2026-09-17T14:33:47.414134+00:00,read,782,2.88,True,
384,7680.0,7680.267,2026-09-17T14:33:47.434157+00:00,read,81835,3.349,True,
385,7700.0,7700.277,2026-09-17T14:33:47.454163+00:00,read,93222,2.726,True,
386,7720.0,7720.352,2026-09-17T14:33:47.474239+00:00,read,76130,3.152,True,
387,7740.0,7740.134,2026-09-17T14:33:47.494022+00:00,read,77803,2.42,True,
388,7760.0,7760.264,2026-09-17T14:33:47.514151+00:00,read,4527,3.086,True,
389,7780.0,7780.184,2026-09-17T14:33:47.534072+00:00,read,56276,3.084,True,
390,7800.0,7800.222,2026-09-17T14:33:47.554110+00:00,read,85681,2.664,True,
391,7820.0,7820.225,2026-09-17T14:33:47.574112+00:00,read,7178,2.375,True,
392,7840.0,7840.315,2026-09-17T14:33:47.594205+00:00,read,60327,3.278,True,
393,7860.0,7860.197,2026-09-17T14:33:47.614092+00:00,read,16392,3.665,True,
394,7880.0,7880.548,2026-09-17T14:33:47.634439+00:00,read,88637,3.514,True,
395,7900.0,7900.278,2026-09-17T14:33:47.654166+00:00,read,24268,2.558,True,
396,7920.0,7920.283,2026-09-17T14:33:47.674172+00:00,read,17682,3.205,True,
397,7940.0,7940.284,2026-09-17T14:33:47.694173+00:00,read,38004,2.905,True,
398,7960.0,7960.295,2026-09-17T14:33:47.714182+00:00,read,56702,2.603,True,
399,7980.0,7980.311,2026-09-17T14:33:47.734198+00:00,read,70951,3.134,True,
400,8000.0,8000.193,2026-09-17T14:33:47.754081+00:00,read,95450,3.119,True,
401,8020.0,8020.228,2026-09-17T14:33:47.774114+00:00,read,42886,2.162,True,
402,8040.0,8040.287,2026-09-17T14:33:47.794175+00:00,read,32019,2.772,True,
403,8060.0,8060.218,2026-09-17T14:33:47.814105+00:00,read,16902,3.313,True,
404,8080.0,8080.219,2026-09-17T14:33:47.834106+00:00,read,51368,2.788,True,
405,8100.0,8100.188,2026-09-17T14:33:47.854076+00:00,read,59661,3.071,True,
406,8120.0,8120.235,2026-09-17T14:33:47.874124+00:00,read,78094,2.755,True,
407,8140.0,8140.248,2026-09-17T14:33:47.894135+00:00,read,75434,2.773,True,
408,8160.0,8160.252,2026-09-17T14:33:47.914140+00:00,read,32237,2.783,True,
409,8180.0,8180.227,2026-09-17T14:33:47.934115+00:00,read,78208,2.7,True,
410,8200.0,8200.18,2026-09-17T14:33:47.954067+00:00,read,80633,2.22,True,
411,8220.0,8220.229,2026-09-17T14:33:47.974117+00:00,read,30306,2.853,True,
412,8240.0,8240.229,2026-09-17T14:33:47.994116+00:00,read,62661,2.648,True,
413,8260.0,8260.198,2026-09-17T14:33:48.014085+00:00,read,46121,3.004,True,
414,8280.0,8280.37,2026-09-17T14:33:48.034260+00:00,read,98112,3.036,True,
415,8300.0,8300.34,2026-09-17T14:33:48.054228+00:00,read,99169,3.204,True,
416,8320.0,8320.286,2026-09-17T14:33:48.074174+00:00,read,98155,3.114,True,
417,8340.0,8340.25,2026-09-17T14:33:48.094137+00:00,read,29986,3.213,True,
418,8360.0,8360.374,2026-09-17T14:33:48.114262+00:00,read,46614,3.363,True,
419,8380.0,8380.197,2026-09-17T14:33:48.134084+00:00,read,66692,2.71,True,
420,8400.0,8400.287,2026-09-17T14:33:48.154176+00:00,read,39714,2.864,True,
421,8420.0,8420.236,2026-09-17T14:33:48.174124+00:00,read,57524,3.07,True,
422,8440.0,8440.273,2026-09-17T14:33:48.194161+00:00,read,74270,2.979,True,
423,8460.0,8460.373,2026-09-17T14:33:48.214262+00:00,read,93633,3.43,True,
424,8480.0,8480.193,2026-09-17T14:33:48.234081+00:00,read,44503,3.217,True,
425,8500.0,8500.217,2026-09-17T14:33:48.254106+00:00,read,42631,2.627,True,
426,8520.0,8520.245,2026-09-17T14:33:48.274132+00:00,read,96674,2.635,True,
427,8540.0,8540.205,2026-09-17T14:33:48.294092+00:00,read,57335,2.528,True,
428,8560.0,8560.273,2026-09-17T14:33:48.314160+00:00,read,94250,3.355,True,
429,8580.0,8580.192,2026-09-17T14:33:48.334079+00:00,read,93597,2.558,True,
430,8600.0,8600.181,2026-09-17T14:33:48.354069+00:00,read,13339,2.656,True,
431,8620.0,8620.255,2026-09-17T14:33:48.374145+00:00,read,76170,3.206,True,
432,8640.0,8640.247,2026-09-17T14:33:48.394134+00:00,read,61919,2.703,True,
433,8660.0,8660.141,2026-09-17T14:33:48.414099+00:00,read,5884,2.642,True,
434,8680.0,8680.213,2026-09-17T14:33:48.434101+00:00,read,37443,2.7,True,
435,8700.0,8700.223,2026-09-17T14:33:48.454110+00:00,read,38170,2.42,True,
436,8720.0,8720.255,2026-09-17T14:33:48.474142+00:00,read,23302,3.087,True,
437,8740.0,8740.251,2026-09-17T14:33:48.494138+00:00,read,24013,2.963,True,
438,8760.0,8760.216,2026-09-17T14:33:48.514103+00:00,read,3960,2.491,True,
439,8780.0,8780.25,2026-09-17T14:33:48.534138+00:00,read,70785,2.646,True,
440,8800.0,8800.142,2026-09-17T14:33:48.554102+00:00,read,61188,3.002,True,
441,8820.0,8820.191,2026-09-17T14:33:48.574079+00:00,read,88994,2.884,True,
442,8840.0,8840.171,2026-09-17T14:33:48.594056+00:00,read,97279,2.231,True,
443,8860.0,8860.23,2026-09-17T14:33:48.614117+00:00,read,22643,2.877,True,
444,8880.0,8880.206,2026-09-17T14:33:48.634094+00:00,read,16727,3.29,True,
445,8900.0,8900.145,2026-09-17T14:33:48.654097+00:00,read,98381,2.865,True,
446,8920.0,8920.237,2026-09-17T14:33:48.674126+00:00,read,28804,2.772,True,
447,8940.0,8940.246,2026-09-17T14:33:48.694135+00:00,read,19104,2.834,True,
448,8960.0,8960.231,2026-09-17T14:33:48.714120+00:00,read,50465,2.436,True,
449,8980.0,8980.23,2026-09-17T14:33:48.734118+00:00,read,42240,2.544,True,
450,9000.0,9000.179,2026-09-17T14:33:48.754068+00:00,read,37275,2.859,True,
451,9020.0,9020.232,2026-09-17T14:33:48.774119+00:00,read,53935,2.286,True,
452,9040.0,9040.199,2026-09-17T14:33:48.794086+00:00,read,49044,2.024,True,
453,9060.0,9060.285,2026-09-17T14:33:48.814173+00:00,read,901,2.711,True,
454,9080.0,9080.233,2026-09-17T14:33:48.834121+00:00,read,56234,2.727,True,
455,9100.0,9100.27,2026-09-17T14:33:48.854158+00:00,read,13213,2.968,True,
456,9120.0,9120.248,2026-09-17T14:33:48.874135+00:00,read,66041,2.863,True,
457,9140.0,9140.339,2026-09-17T14:33:48.894226+00:00,read,98767,3.667,True,
458,9160.0,9160.236,2026-09-17T14:33:48.914123+00:00,read,69736,3.194,True,
459,9180.0,9180.192,2026-09-17T14:33:48.934079+00:00,read,90247,3.063,True,
460,9200.0,9200.174,2026-09-17T14:33:48.954062+00:00,read,34894,2.475,True,
461,9220.0,9220.257,2026-09-17T14:33:48.974144+00:00,read,67781,2.971,True,
462,9240.0,9240.178,2026-09-17T14:33:48.994066+00:00,read,20882,3.064,True,
463,9260.0,9260.178,2026-09-17T14:33:49.014066+00:00,read,50486,2.631,True,
464,9280.0,9280.123,2026-09-17T14:33:49.034010+00:00,read,76731,3.735,True,
465,9300.0,9300.426,2026-09-17T14:33:49.054316+00:00,read,3858,2.509,True,
466,9320.0,9320.221,2026-09-17T14:33:49.074113+00:00,read,75885,3.453,True,
467,9340.0,9340.262,2026-09-17T14:33:49.094152+00:00,read,96342,2.76,True,
468,9360.0,9360.218,2026-09-17T14:33:49.114106+00:00,read,93830,2.329,True,
469,9380.0,9380.242,2026-09-17T14:33:49.134130+00:00,read,95176,2.58,True,
470,9400.0,9400.294,2026-09-17T14:33:49.154182+00:00,read,76935,2.433,True,
471,9420.0,9420.261,2026-09-17T14:33:49.174152+00:00,read,1794,3.816,True,
472,9440.0,9440.384,2026-09-17T14:33:49.194275+00:00,read,87901,3.364,True,
473,9460.0,9460.391,2026-09-17T14:33:49.214277+00:00,read,98419,2.314,True,
474,9480.0,9480.43,2026-09-17T14:33:49.234317+00:00,read,66691,3.062,True,
475,9500.0,9500.245,2026-09-17T14:33:49.254130+00:00,read,97567,1.464,True,
476,9520.0,9520.378,2026-09-17T14:33:49.274265+00:00,read,69995,2.257,True,
477,9540.0,9540.29,2026-09-17T14:33:49.294177+00:00,read,27165,2.468,True,
478,9560.0,9560.278,2026-09-17T14:33:49.314164+00:00,read,22683,2.06,True,
479,9580.0,9580.293,2026-09-17T14:33:49.334178+00:00,read,95719,2.007,True,
480,9600.0,9600.278,2026-09-17T14:33:49.354166+00:00,read,87763,2.72,True,
481,9620.0,9620.259,2026-09-17T14:33:49.374146+00:00,read,2070,2.092,True,
482,9640.0,9640.272,2026-09-17T14:33:49.394159+00:00,read,95594,1.73,True,
483,9660.0,9660.245,2026-09-17T14:33:49.414133+00:00,read,7231,2.212,True,
484,9680.0,9680.125,2026-09-17T14:33:49.434012+00:00,read,18756,1.892,True,
485,9700.0,9700.213,2026-09-17T14:33:49.454101+00:00,read,63586,2.347,True,
486,9720.0,9720.408,2026-09-17T14:33:49.474300+00:00,read,62441,2.216,True,
487,9740.0,9740.32,2026-09-17T14:33:49.494211+00:00,read,31799,3.163,True,
488,9760.0,9760.19,2026-09-17T14:33:49.514082+00:00,read,16240,3.068,True,
489,9780.0,9780.193,2026-09-17T14:33:49.534080+00:00,read,61762,1.808,True,
490,9800.0,9800.216,2026-09-17T14:33:49.554107+00:00,read,74758,2.281,True,
491,9820.0,9820.253,2026-09-17T14:33:49.574141+00:00,read,46731,2.396,True,
492,9840.0,9840.218,2026-09-17T14:33:49.594105+00:00,read,35980,2.126,True,
493,9860.0,9860.226,2026-09-17T14:33:49.614112+00:00,read,16241,2.017,True,
494,9880.0,9880.254,2026-09-17T14:33:49.634142+00:00,read,46104,2.312,True,
495,9900.0,9900.306,2026-09-17T14:33:49.654199+00:00,read,35841,2.922,True,
496,9920.0,9920.385,2026-09-17T14:33:49.674276+00:00,read,20062,2.698,True,
497,9940.0,9940.298,2026-09-17T14:33:49.694185+00:00,read,41075,2.473,True,
498,9960.0,9960.281,2026-09-17T14:33:49.714169+00:00,read,31430,2.421,True,
499,9980.0,9980.408,2026-09-17T14:33:49.734296+00:00,read,69370,2.623,True,
500,10000.0,10000.293,2026-09-17T14:33:49.754180+00:00,read,37491,2.87,True,
501,10020.0,10020.215,2026-09-17T14:33:49.774099+00:00,read,77168,1.315,True,
502,10040.0,10040.247,2026-09-17T14:33:49.794137+00:00,read,84626,2.216,True,
503,10060.0,10060.237,2026-09-17T14:33:49.814127+00:00,read,61744,3.058,True,
504,10080.0,10080.252,2026-09-17T14:33:49.834139+00:00,read,87261,2.514,True,
505,10100.0,10100.287,2026-09-17T14:33:49.854175+00:00,read,52275,2.988,True,
506,10120.0,10120.386,2026-09-17T14:33:49.874348+00:00,read,98225,2.847,True,
507,10140.0,10140.261,2026-09-17T14:33:49.894148+00:00,read,92804,3.051,True,
508,10160.0,10160.268,2026-09-17T14:33:49.914155+00:00,read,79335,2.821,True,
509,10180.0,10180.145,2026-09-17T14:33:49.934068+00:00,read,79365,2.838,True,
510,10200.0,10200.26,2026-09-17T14:33:49.954148+00:00,read,11517,2.367,True,
511,10220.0,10220.289,2026-09-17T14:33:49.974176+00:00,read,92412,2.833,True,
512,10240.0,10240.229,2026-09-17T14:33:49.994117+00:00,read,10080,3.323,True,
513,10260.0,10260.133,2026-09-17T14:33:50.014020+00:00,read,46125,1.87,True,
514,10280.0,10280.236,2026-09-17T14:33:50.034124+00:00,read,11893,2.716,True,
515,10300.0,10300.254,2026-09-17T14:33:50.054141+00:00,read,12338,3.146,True,
516,10320.0,10320.178,2026-09-17T14:33:50.074065+00:00,read,35865,2.946,True,
517,10340.0,10340.226,2026-09-17T14:33:50.094113+00:00,read,87800,2.53,True,
518,10360.0,10360.203,2026-09-17T14:33:50.114090+00:00,read,78408,2.72,True,
519,10380.0,10380.226,2026-09-17T14:33:50.134113+00:00,read,98874,3.037,True,
520,10400.0,10400.27,2026-09-17T14:33:50.154157+00:00,read,78247,2.778,True,
521,10420.0,10420.268,2026-09-17T14:33:50.174157+00:00,read,7713,2.963,True,
522,10440.0,10440.233,2026-09-17T14:33:50.194120+00:00,read,28161,2.686,True,
523,10460.0,10460.232,2026-09-17T14:33:50.214119+00:00,read,27429,2.794,True,
524,10480.0,10480.284,2026-09-17T14:33:50.234171+00:00,read,63231,3.027,True,
525,10500.0,10500.281,2026-09-17T14:33:50.254168+00:00,read,91903,3.285,True,
526,10520.0,10520.198,2026-09-17T14:33:50.274085+00:00,read,38167,2.921,True,
527,10540.0,10540.236,2026-09-17T14:33:50.294123+00:00,read,60839,2.847,True,
528,10560.0,10560.224,2026-09-17T14:33:50.314111+00:00,read,85851,3.581,True,
529,10580.0,10580.213,2026-09-17T14:33:50.334101+00:00,read,31610,3.506,True,
530,10600.0,10600.28,2026-09-17T14:33:50.354167+00:00,read,2433,3.027,True,
531,10620.0,10620.136,2026-09-17T14:33:50.374024+00:00,read,39695,3.367,True,
532,10640.0,10640.254,2026-09-17T14:33:50.394141+00:00,read,37364,3.209,True,
533,10660.0,10660.197,2026-09-17T14:33:50.414085+00:00,read,94055,3.237,True,
534,10680.0,10680.393,2026-09-17T14:33:50.434280+00:00,read,58560,2.69,True,
535,10700.0,10700.289,2026-09-17T14:33:50.454176+00:00,read,74484,2.83,True,
536,10720.0,10720.236,2026-09-17T14:33:50.474123+00:00,read,52542,2.889,True,
537,10740.0,10740.226,2026-09-17T14:33:50.494113+00:00,read,94068,2.932,True,
538,10760.0,10760.203,2026-09-17T14:33:50.514092+00:00,read,51033,2.695,True,
539,10780.0,10780.298,2026-09-17T14:33:50.534185+00:00,read,65874,2.705,True,
540,10800.0,10800.224,2026-09-17T14:33:50.554113+00:00,read,21813,3.034,True,
541,10820.0,10820.304,2026-09-17T14:33:50.574192+00:00,read,29932,2.841,True,
542,10840.0,10840.238,2026-09-17T14:33:50.594125+00:00,read,1064,2.844,True,
543,10860.0,10860.185,2026-09-17T14:33:50.614073+00:00,read,10405,2.839,True,
544,10880.0,10880.243,2026-09-17T14:33:50.634131+00:00,read,66987,3.443,True,
545,10900.0,10900.137,2026-09-17T14:33:50.654024+00:00,read,64355,3.171,True,
546,10920.0,10920.281,2026-09-17T14:33:50.674169+00:00,read,31270,3.405,True,
547,10940.0,10940.271,2026-09-17T14:33:50.694159+00:00,read,13816,3.069,True,
548,10960.0,10960.283,2026-09-17T14:33:50.714169+00:00,read,82262,2.761,True,
549,10980.0,10980.229,2026-09-17T14:33:50.734118+00:00,read,34417,2.388,True,
550,11000.0,11000.176,2026-09-17T14:33:50.754063+00:00,read,17969,2.779,True,
551,11020.0,11020.236,2026-09-17T14:33:50.774124+00:00,read,94102,2.236,True,
552,11040.0,11040.228,2026-09-17T14:33:50.794115+00:00,read,17222,2.668,True,
553,11060.0,11060.246,2026-09-17T14:33:50.814133+00:00,read,70445,2.994,True,
554,11080.0,11080.267,2026-09-17T14:33:50.834154+00:00,read,30866,2.668,True,
555,11100.0,11100.198,2026-09-17T14:33:50.854085+00:00,read,68343,2.811,True,
556,11120.0,11120.281,2026-09-17T14:33:50.874169+00:00,read,77395,2.981,True,
557,11140.0,11140.265,2026-09-17T14:33:50.894152+00:00,read,37899,2.892,True,
558,11160.0,11160.215,2026-09-17T14:33:50.914102+00:00,read,24503,2.611,True,
559,11180.0,11180.291,2026-09-17T14:33:50.934178+00:00,read,11147,2.321,True,
560,11200.0,11200.223,2026-09-17T14:33:50.954108+00:00,read,90710,2.226,True,
561,11220.0,11220.271,2026-09-17T14:33:50.974157+00:00,read,42789,2.206,True,
562,11240.0,11240.199,2026-09-17T14:33:50.994085+00:00,read,14524,1.952,True,
563,11260.0,11260.244,2026-09-17T14:33:51.014130+00:00,read,94315,2.301,True,
564,11280.0,11280.303,2026-09-17T14:33:51.034190+00:00,read,51687,2.442,True,
565,11300.0,11300.214,2026-09-17T14:33:51.054100+00:00,read,96365,2.128,True,
566,11320.0,11320.366,2026-09-17T14:33:51.074252+00:00,read,98060,2.044,True,
567,11340.0,11340.366,2026-09-17T14:33:51.094248+00:00,read,87433,1.415,True,
568,11360.0,11360.309,2026-09-17T14:33:51.114193+00:00,read,13629,1.855,True,
569,11380.0,11380.225,2026-09-17T14:33:51.134111+00:00,read,37970,1.768,True,
570,11400.0,11400.239,2026-09-17T14:33:51.154124+00:00,read,66764,1.961,True,
571,11420.0,11420.227,2026-09-17T14:33:51.174112+00:00,read,25978,2.013,True,
572,11440.0,11440.202,2026-09-17T14:33:51.194088+00:00,read,65491,1.774,True,
573,11460.0,11460.341,2026-09-17T14:33:51.214228+00:00,read,10522,2.344,True,
574,11480.0,11480.27,2026-09-17T14:33:51.234154+00:00,read,94481,1.707,True,
575,11500.0,11500.089,2026-09-17T14:33:51.253971+00:00,read,33029,1.081,True,
576,11520.0,11520.21,2026-09-17T14:33:51.274093+00:00,read,35168,1.014,True,
577,11540.0,11540.114,2026-09-17T14:33:51.293997+00:00,read,45879,1.039,True,
578,11560.0,11560.214,2026-09-17T14:33:51.314096+00:00,read,22621,1.029,True,
579,11580.0,11580.192,2026-09-17T14:33:51.334075+00:00,read,54803,1.182,True,
580,11600.0,11600.181,2026-09-17T14:33:51.354063+00:00,read,39610,1.065,True,
581,11620.0,11620.089,2026-09-17T14:33:51.373971+00:00,read,71164,1.077,True,
582,11640.0,11640.187,2026-09-17T14:33:51.394071+00:00,read,57434,1.2,True,
583,11660.0,11660.101,2026-09-17T14:33:51.413988+00:00,read,10551,1.298,True,
584,11680.0,11680.24,2026-09-17T14:33:51.434126+00:00,read,13802,1.387,True,
585,11700.0,11700.109,2026-09-17T14:33:51.453992+00:00,read,27989,1.386,True,
586,11720.0,11720.113,2026-09-17T14:33:51.473996+00:00,read,50524,1.223,True,
587,11740.0,11740.115,2026-09-17T14:33:51.494003+00:00,read,594,1.345,True,
588,11760.0,11760.1,2026-09-17T14:33:51.513986+00:00,read,70022,1.281,True,
589,11780.0,11780.264,2026-09-17T14:33:51.534147+00:00,read,90553,1.157,True,
590,11800.0,11800.293,2026-09-17T14:33:51.554177+00:00,read,18201,1.127,True,
591,11820.0,11820.115,2026-09-17T14:33:51.573999+00:00,read,45677,1.228,True,
592,11840.0,11840.226,2026-09-17T14:33:51.594111+00:00,read,71604,1.209,True,
593,11860.0,11860.143,2026-09-17T14:33:51.614071+00:00,read,81001,1.598,True,
594,11880.0,11880.245,2026-09-17T14:33:51.634131+00:00,read,45183,1.426,True,
595,11900.0,11900.194,2026-09-17T14:33:51.654080+00:00,read,26372,1.474,True,
596,11920.0,11920.228,2026-09-17T14:33:51.674112+00:00,read,65904,1.239,True,
597,11940.0,11940.244,2026-09-17T14:33:51.694127+00:00,read,92617,1.11,True,
598,11960.0,11960.111,2026-09-17T14:33:51.713995+00:00,read,31361,1.184,True,
599,11980.0,11980.093,2026-09-17T14:33:51.733976+00:00,read,1556,1.184,True,
600,12000.0,12000.214,2026-09-17T14:33:51.754098+00:00,read,29075,1.091,True,
601,12020.0,12020.309,2026-09-17T14:33:51.774192+00:00,read,61757,1.018,True,
602,12040.0,12040.121,2026-09-17T14:33:51.794003+00:00,read,47263,1.462,True,
603,12060.0,12060.214,2026-09-17T14:33:51.814097+00:00,read,82929,1.08,True,
604,12080.0,12080.212,2026-09-17T14:33:51.834095+00:00,read,99096,1.041,True,
605,12100.0,12100.095,2026-09-17T14:33:51.853979+00:00,read,11516,1.159,True,
606,12120.0,12120.176,2026-09-17T14:33:51.874061+00:00,read,77637,1.346,True,
607,12140.0,12140.304,2026-09-17T14:33:51.894188+00:00,read,88241,1.208,True,
608,12160.0,12160.1,2026-09-17T14:33:51.913984+00:00,read,16042,1.226,True,
609,12180.0,12180.096,2026-09-17T14:33:51.933980+00:00,read,52828,1.327,True,
610,12200.0,12200.11,2026-09-17T14:33:51.953994+00:00,read,21237,1.29,True,
611,12220.0,12220.146,2026-09-17T14:33:51.974099+00:00,read,29669,2.16,True,
612,12240.0,12240.21,2026-09-17T14:33:51.994097+00:00,read,10470,2.687,True,
613,12260.0,12260.201,2026-09-17T14:33:52.014088+00:00,read,64012,2.533,True,
614,12280.0,12280.251,2026-09-17T14:33:52.034139+00:00,read,75997,2.993,True,
615,12300.0,12300.258,2026-09-17T14:33:52.054146+00:00,read,88259,2.827,True,
616,12320.0,12320.18,2026-09-17T14:33:52.074067+00:00,read,78528,3.507,True,
617,12340.0,12340.254,2026-09-17T14:33:52.094141+00:00,read,23546,2.621,True,
618,12360.0,12360.273,2026-09-17T14:33:52.114161+00:00,read,80169,3.161,True,
619,12380.0,12380.273,2026-09-17T14:33:52.134160+00:00,read,29322,2.743,True,
620,12400.0,12400.258,2026-09-17T14:33:52.154144+00:00,read,69832,2.617,True,
621,12420.0,12420.323,2026-09-17T14:33:52.174209+00:00,read,22755,3.412,True,
622,12440.0,12440.257,2026-09-17T14:33:52.194143+00:00,read,29163,2.52,True,
623,12460.0,12460.353,2026-09-17T14:33:52.214240+00:00,read,40380,3.207,True,
624,12480.0,12480.229,2026-09-17T14:33:52.234118+00:00,read,22766,2.657,True,
625,12500.0,12500.251,2026-09-17T14:33:52.254140+00:00,read,30844,2.827,True,
626,12520.0,12520.176,2026-09-17T14:33:52.274064+00:00,read,87343,2.764,True,
627,12540.0,12540.257,2026-09-17T14:33:52.294144+00:00,read,23516,2.83,True,
628,12560.0,12560.179,2026-09-17T14:33:52.314067+00:00,read,42649,2.696,True,
629,12580.0,12580.176,2026-09-17T14:33:52.334065+00:00,read,19701,2.778,True,
630,12600.0,12600.236,2026-09-17T14:33:52.354124+00:00,read,35596,2.911,True,
631,12620.0,12620.285,2026-09-17T14:33:52.374172+00:00,read,78318,3.374,True,
632,12640.0,12640.217,2026-09-17T14:33:52.394105+00:00,read,2279,2.537,True,
633,12660.0,12660.231,2026-09-17T14:33:52.414118+00:00,read,82242,2.896,True,
634,12680.0,12680.282,2026-09-17T14:33:52.434168+00:00,read,51038,2.93,True,
635,12700.0,12700.243,2026-09-17T14:33:52.454130+00:00,read,5494,2.966,True,
636,12720.0,12720.191,2026-09-17T14:33:52.474079+00:00,read,234,3.347,True,
637,12740.0,12740.144,2026-09-17T14:33:52.494109+00:00,read,83047,2.556,True,
638,12760.0,12760.229,2026-09-17T14:33:52.514119+00:00,read,192,2.553,True,
639,12780.0,12780.304,2026-09-17T14:33:52.534192+00:00,read,99199,2.886,True,
640,12800.0,12800.285,2026-09-17T14:33:52.554173+00:00,read,19444,2.791,True,
641,12820.0,12820.271,2026-09-17T14:33:52.574158+00:00,read,30894,3.136,True,
642,12840.0,12840.306,2026-09-17T14:33:52.594193+00:00,read,79338,2.519,True,
643,12860.0,12860.289,2026-09-17T14:33:52.614177+00:00,read,92364,2.778,True,
644,12880.0,12880.283,2026-09-17T14:33:52.634169+00:00,read,38395,2.714,True,
645,12900.0,12900.214,2026-09-17T14:33:52.654102+00:00,read,88715,3.295,True,
646,12920.0,12920.136,2026-09-17T14:33:52.674022+00:00,read,84982,2.379,True,
647,12940.0,12940.242,2026-09-17T14:33:52.694131+00:00,read,61994,2.705,True,
648,12960.0,12960.238,2026-09-17T14:33:52.714125+00:00,read,2640,2.79,True,
649,12980.0,12980.235,2026-09-17T14:33:52.734123+00:00,read,59000,2.521,True,
650,13000.0,13000.212,2026-09-17T14:33:52.754099+00:00,read,7255,2.591,True,
651,13020.0,13020.172,2026-09-17T14:33:52.774060+00:00,read,64329,2.402,True,
652,13040.0,13040.204,2026-09-17T14:33:52.794092+00:00,read,70879,2.603,True,
653,13060.0,13060.175,2026-09-17T14:33:52.814062+00:00,read,89100,2.687,True,
654,13080.0,13080.362,2026-09-17T14:33:52.834251+00:00,read,76758,2.78,True,
655,13100.0,13100.259,2026-09-17T14:33:52.854147+00:00,read,20909,2.711,True,
656,13120.0,13120.293,2026-09-17T14:33:52.874180+00:00,read,88476,2.888,True,
657,13140.0,13140.227,2026-09-17T14:33:52.894114+00:00,read,94803,2.794,True,
658,13160.0,13160.178,2026-09-17T14:33:52.914066+00:00,read,45202,2.755,True,
659,13180.0,13180.25,2026-09-17T14:33:52.934137+00:00,read,52271,2.503,True,
660,13200.0,13200.136,2026-09-17T14:33:52.954021+00:00,read,41434,3.093,True,
661,13220.0,13220.217,2026-09-17T14:33:52.974106+00:00,read,6355,3.258,True,
662,13240.0,13240.179,2026-09-17T14:33:52.994066+00:00,read,25011,2.738,True,
663,13260.0,13260.233,2026-09-17T14:33:53.014121+00:00,read,49334,2.781,True,
664,13280.0,13280.295,2026-09-17T14:33:53.034182+00:00,read,50045,2.868,True,
665,13300.0,13300.179,2026-09-17T14:33:53.054067+00:00,read,80186,2.631,True,
666,13320.0,13320.23,2026-09-17T14:33:53.074117+00:00,read,31442,2.751,True,
667,13340.0,13340.222,2026-09-17T14:33:53.094109+00:00,read,38366,2.588,True,
668,13360.0,13360.241,2026-09-17T14:33:53.114128+00:00,read,99825,2.646,True,
669,13380.0,13380.266,2026-09-17T14:33:53.134152+00:00,read,91775,2.687,True,
670,13400.0,13400.269,2026-09-17T14:33:53.154157+00:00,read,77334,2.8,True,
671,13420.0,13420.218,2026-09-17T14:33:53.174106+00:00,read,43524,2.992,True,
672,13440.0,13440.208,2026-09-17T14:33:53.194095+00:00,read,40510,2.636,True,
673,13460.0,13460.179,2026-09-17T14:33:53.214068+00:00,read,89849,2.787,True,
674,13480.0,13480.344,2026-09-17T14:33:53.234231+00:00,read,35874,3.464,True,
675,13500.0,13500.259,2026-09-17T14:33:53.254145+00:00,read,4689,2.566,True,
676,13520.0,13520.298,2026-09-17T14:33:53.274185+00:00,read,8498,3.105,True,
677,13540.0,13540.253,2026-09-17T14:33:53.294140+00:00,read,272,3.008,True,
678,13560.0,13560.195,2026-09-17T14:33:53.314095+00:00,read,93158,2.92,True,
679,13580.0,13580.261,2026-09-17T14:33:53.334148+00:00,read,75233,3.164,True,
680,13600.0,13600.175,2026-09-17T14:33:53.354063+00:00,read,62887,2.777,True,
681,13620.0,13620.237,2026-09-17T14:33:53.374124+00:00,read,36706,2.615,True,
682,13640.0,13640.339,2026-09-17T14:33:53.394227+00:00,read,94032,2.589,True,
683,13660.0,13660.176,2026-09-17T14:33:53.414063+00:00,read,2452,2.518,True,
684,13680.0,13680.225,2026-09-17T14:33:53.434112+00:00,read,94293,2.925,True,
685,13700.0,13700.235,2026-09-17T14:33:53.454122+00:00,read,85640,2.639,True,
686,13720.0,13720.177,2026-09-17T14:33:53.474064+00:00,read,62499,2.928,True,
687,13740.0,13740.136,2026-09-17T14:33:53.494023+00:00,read,36546,2.386,True,
688,13760.0,13760.235,2026-09-17T14:33:53.514122+00:00,read,26046,2.52,True,
689,13780.0,13780.202,2026-09-17T14:33:53.534092+00:00,read,3153,3.481,True,
690,13800.0,13800.357,2026-09-17T14:33:53.554246+00:00,read,45909,3.234,True,
691,13820.0,13820.237,2026-09-17T14:33:53.574124+00:00,read,7119,2.898,True,
692,13840.0,13840.221,2026-09-17T14:33:53.594109+00:00,read,68135,2.474,True,
693,13860.0,13860.277,2026-09-17T14:33:53.614166+00:00,read,76569,2.646,True,
694,13880.0,13880.224,2026-09-17T14:33:53.634112+00:00,read,14722,3.038,True,
695,13900.0,13900.184,2026-09-17T14:33:53.654079+00:00,read,78899,2.598,True,
696,13920.0,13920.133,2026-09-17T14:33:53.674020+00:00,read,89910,2.192,True,
697,13940.0,13940.117,2026-09-17T14:33:53.694002+00:00,read,40892,1.528,True,
698,13960.0,13960.194,2026-09-17T14:33:53.714081+00:00,read,13383,1.682,True,
699,13980.0,13980.177,2026-09-17T14:33:53.734063+00:00,read,78487,1.629,True,
700,14000.0,14000.18,2026-09-17T14:33:53.754066+00:00,read,44025,1.297,True,
701,14020.0,14020.104,2026-09-17T14:33:53.773990+00:00,read,12202,1.539,True,
702,14040.0,14040.224,2026-09-17T14:33:53.794113+00:00,read,16701,2.86,True,
703,14060.0,14060.402,2026-09-17T14:33:53.814290+00:00,read,22139,3.724,True,
704,14080.0,14080.292,2026-09-17T14:33:53.834179+00:00,read,28438,3.139,True,
705,14100.0,14100.246,2026-09-17T14:33:53.854132+00:00,read,42877,2.835,True,
706,14120.0,14120.286,2026-09-17T14:33:53.874173+00:00,read,31,3.058,True,
707,14140.0,14140.283,2026-09-17T14:33:53.894171+00:00,read,26874,2.816,True,
708,14160.0,14160.214,2026-09-17T14:33:53.914102+00:00,read,328,2.898,True,
709,14180.0,14180.228,2026-09-17T14:33:53.934115+00:00,read,95136,3.113,True,
710,14200.0,14200.136,2026-09-17T14:33:53.954022+00:00,read,88564,2.506,True,
711,14220.0,14220.244,2026-09-17T14:33:53.974133+00:00,read,77513,3.57,True,
712,14240.0,14240.499,2026-09-17T14:33:53.994389+00:00,read,28419,3.271,True,
713,14260.0,14260.509,2026-09-17T14:33:54.014399+00:00,read,5543,4.328,True,
714,14280.0,14280.425,2026-09-17T14:33:54.034314+00:00,read,93674,3.691,True,
715,14300.0,14300.18,2026-09-17T14:33:54.054068+00:00,read,28324,2.564,True,
716,14320.0,14320.304,2026-09-17T14:33:54.074192+00:00,read,40546,3.424,True,
717,14340.0,14340.303,2026-09-17T14:33:54.094192+00:00,read,41423,2.796,True,
718,14360.0,14360.188,2026-09-17T14:33:54.114076+00:00,read,22303,3.33,True,
719,14380.0,14380.202,2026-09-17T14:33:54.134089+00:00,read,60547,2.461,True,
720,14400.0,14400.198,2026-09-17T14:33:54.154085+00:00,read,79409,3.074,True,
721,14420.0,14420.136,2026-09-17T14:33:54.174023+00:00,read,90218,3.252,True,
722,14440.0,14440.33,2026-09-17T14:33:54.194217+00:00,read,54768,2.794,True,
723,14460.0,14460.206,2026-09-17T14:33:54.214094+00:00,read,23714,3.096,True,
724,14480.0,14480.291,2026-09-17T14:33:54.234178+00:00,read,98159,3.22,True,
725,14500.0,14500.267,2026-09-17T14:33:54.254160+00:00,read,44741,2.618,True,
726,14520.0,14520.229,2026-09-17T14:33:54.274117+00:00,read,86520,2.684,True,
727,14540.0,14540.143,2026-09-17T14:33:54.294105+00:00,read,36502,3.341,True,
728,14560.0,14560.203,2026-09-17T14:33:54.314090+00:00,read,12413,3.202,True,
729,14580.0,14580.237,2026-09-17T14:33:54.334125+00:00,read,13719,3.159,True,
730,14600.0,14600.31,2026-09-17T14:33:54.354197+00:00,read,44155,2.39,True,
731,14620.0,14620.277,2026-09-17T14:33:54.374164+00:00,read,48292,3.243,True,
732,14640.0,14640.287,2026-09-17T14:33:54.394174+00:00,read,69163,3.703,True,
733,14660.0,14660.193,2026-09-17T14:33:54.414081+00:00,read,63143,2.988,True,
734,14680.0,14680.273,2026-09-17T14:33:54.434160+00:00,read,86271,2.929,True,
735,14700.0,14700.189,2026-09-17T14:33:54.454076+00:00,read,3799,2.753,True,
736,14720.0,14720.25,2026-09-17T14:33:54.474138+00:00,read,39367,2.985,True,
737,14740.0,14740.135,2026-09-17T14:33:54.494021+00:00,read,5721,2.686,True,
738,14760.0,14760.223,2026-09-17T14:33:54.514110+00:00,read,84734,4.694,True,
739,14780.0,14780.267,2026-09-17T14:33:54.534156+00:00,read,69721,3.112,True,
740,14800.0,14800.145,2026-09-17T14:33:54.554104+00:00,read,35711,2.831,True,
741,14820.0,14820.226,2026-09-17T14:33:54.574113+00:00,read,53325,2.891,True,
742,14840.0,14840.14,2026-09-17T14:33:54.594024+00:00,read,78637,2.154,True,
743,14860.0,14860.244,2026-09-17T14:33:54.614131+00:00,read,37949,2.703,True,
744,14880.0,14880.193,2026-09-17T14:33:54.634082+00:00,read,87683,2.77,True,
745,14900.0,14900.346,2026-09-17T14:33:54.654236+00:00,read,79001,1.923,True,
746,14920.0,14920.251,2026-09-17T14:33:54.674139+00:00,read,35990,3.06,True,
747,14940.0,14940.271,2026-09-17T14:33:54.694158+00:00,read,94043,4.164,True,
748,14960.0,14960.314,2026-09-17T14:33:54.714201+00:00,read,97491,3.192,True,
749,14980.0,14980.271,2026-09-17T14:33:54.734158+00:00,read,38173,2.424,True,
750,15000.0,15000.263,2026-09-17T14:33:54.754151+00:00,read,2495,2.913,True,
751,15020.0,15020.277,2026-09-17T14:33:54.774163+00:00,read,58998,2.468,True,
752,15040.0,15040.209,2026-09-17T14:33:54.794096+00:00,read,49621,2.6,True,
753,15060.0,15060.146,2026-09-17T14:33:54.814109+00:00,read,37820,2.878,True,
754,15080.0,15080.185,2026-09-17T14:33:54.834073+00:00,read,28479,2.816,True,
755,15100.0,15100.142,2026-09-17T14:33:54.854102+00:00,read,77980,2.746,True,
756,15120.0,15120.135,2026-09-17T14:33:54.874022+00:00,read,33436,2.645,True,
757,15140.0,15140.236,2026-09-17T14:33:54.894123+00:00,read,98700,2.895,True,
758,15160.0,15160.178,2026-09-17T14:33:54.914065+00:00,read,40568,2.868,True,
759,15180.0,15180.231,2026-09-17T14:33:54.934117+00:00,read,60206,2.548,True,
760,15200.0,15200.146,2026-09-17T14:33:54.954088+00:00,read,86092,11.096,True,
761,15220.0,15220.926,2026-09-17T14:33:54.974815+00:00,read,38709,4.09,True,
762,15240.0,15240.236,2026-09-17T14:33:54.994126+00:00,read,72877,3.615,True,
763,15260.0,15260.279,2026-09-17T14:33:55.014167+00:00,read,78299,3.261,True,
764,15280.0,15280.233,2026-09-17T14:33:55.034122+00:00,read,89425,2.634,True,
765,15300.0,15300.123,2026-09-17T14:33:55.054012+00:00,read,72915,2.197,True,
766,15320.0,15320.242,2026-09-17T14:33:55.074131+00:00,read,43480,2.935,True,
767,15340.0,15340.305,2026-09-17T14:33:55.094191+00:00,read,20562,3.243,True,
768,15360.0,15360.193,2026-09-17T14:33:55.114080+00:00,read,20416,2.855,True,
769,15380.0,15380.301,2026-09-17T14:33:55.134188+00:00,read,14000,2.612,True,
770,15400.0,15400.231,2026-09-17T14:33:55.154118+00:00,read,25750,2.602,True,
771,15420.0,15420.132,2026-09-17T14:33:55.174019+00:00,read,84336,3.279,True,
772,15440.0,15440.256,2026-09-17T14:33:55.194143+00:00,read,6899,2.648,True,
773,15460.0,15460.275,2026-09-17T14:33:55.214163+00:00,read,10883,2.809,True,
774,15480.0,15480.239,2026-09-17T14:33:55.234126+00:00,read,2857,3.101,True,
775,15500.0,15500.262,2026-09-17T14:33:55.254154+00:00,read,62629,3.146,True,
776,15520.0,15520.277,2026-09-17T14:33:55.274165+00:00,read,83036,3.392,True,
777,15540.0,15540.289,2026-09-17T14:33:55.294177+00:00,read,94510,2.62,True,
778,15560.0,15560.201,2026-09-17T14:33:55.314088+00:00,read,85414,2.902,True,
779,15580.0,15580.199,2026-09-17T14:33:55.334087+00:00,read,69591,2.868,True,
780,15600.0,15600.264,2026-09-17T14:33:55.354151+00:00,read,10685,3.119,True,
781,15620.0,15620.146,2026-09-17T14:33:55.374112+00:00,read,13745,3.341,True,
782,15640.0,15640.258,2026-09-17T14:33:55.394146+00:00,read,2447,2.985,True,
783,15660.0,15660.188,2026-09-17T14:33:55.414076+00:00,read,6776,3.43,True,
784,15680.0,15680.299,2026-09-17T14:33:55.434186+00:00,read,70365,3.055,True,
785,15700.0,15700.224,2026-09-17T14:33:55.454112+00:00,read,99080,2.752,True,
786,15720.0,15720.146,2026-09-17T14:33:55.474117+00:00,read,73415,2.775,True,
787,15740.0,15740.217,2026-09-17T14:33:55.494107+00:00,read,15925,3.149,True,
788,15760.0,15760.264,2026-09-17T14:33:55.514151+00:00,read,58763,2.984,True,
789,15780.0,15780.319,2026-09-17T14:33:55.534210+00:00,read,12669,3.335,True,
790,15800.0,15800.277,2026-09-17T14:33:55.554166+00:00,read,50852,4.061,True,
791,15820.0,15820.181,2026-09-17T14:33:55.574070+00:00,read,71037,3.21,True,
792,15840.0,15840.244,2026-09-17T14:33:55.594133+00:00,read,43277,3.464,True,
793,15860.0,15860.234,2026-09-17T14:33:55.614123+00:00,read,71262,2.931,True,
794,15880.0,15880.302,2026-09-17T14:33:55.634194+00:00,read,79787,3.255,True,
795,15900.0,15900.484,2026-09-17T14:33:55.654373+00:00,read,23943,3.108,True,
796,15920.0,15920.236,2026-09-17T14:33:55.674126+00:00,read,54647,3.08,True,
797,15940.0,15940.274,2026-09-17T14:33:55.694163+00:00,read,64299,2.752,True,
798,15960.0,15960.2,2026-09-17T14:33:55.714087+00:00,read,21422,2.695,True,
799,15980.0,15980.378,2026-09-17T14:33:55.734265+00:00,read,27391,2.51,True,
800,16000.0,16000.297,2026-09-17T14:33:55.754184+00:00,read,79191,3.317,True,
801,16020.0,16020.181,2026-09-17T14:33:55.774068+00:00,read,348,2.74,True,
802,16040.0,16040.242,2026-09-17T14:33:55.794128+00:00,read,91780,2.15,True,
803,16060.0,16060.141,2026-09-17T14:33:55.814076+00:00,read,12319,2.063,True,
804,16080.0,16080.237,2026-09-17T14:33:55.834124+00:00,read,12411,2.209,True,
805,16100.0,16100.196,2026-09-17T14:33:55.854084+00:00,read,7596,2.486,True,
806,16120.0,16120.23,2026-09-17T14:33:55.874116+00:00,read,7194,2.306,True,
807,16140.0,16140.118,2026-09-17T14:33:55.894003+00:00,read,13800,1.326,True,
808,16160.0,16160.268,2026-09-17T14:33:55.914158+00:00,read,20388,2.903,True,
809,16180.0,16180.169,2026-09-17T14:33:55.934056+00:00,read,883,2.296,True,
810,16200.0,16200.281,2026-09-17T14:33:55.954167+00:00,read,20566,2.55,True,
811,16220.0,16220.184,2026-09-17T14:33:55.974076+00:00,read,37248,3.15,True,
812,16240.0,16240.357,2026-09-17T14:33:55.994247+00:00,read,72484,3.365,True,
813,16260.0,16260.46,2026-09-17T14:33:56.014350+00:00,read,35561,3.762,True,
814,16280.0,16280.368,2026-09-17T14:33:56.034259+00:00,read,99717,3.483,True,
815,16300.0,16300.238,2026-09-17T14:33:56.054127+00:00,read,8070,3.421,True,
816,16320.0,16320.249,2026-09-17T14:33:56.074139+00:00,read,90085,3.329,True,
817,16340.0,16340.276,2026-09-17T14:33:56.094163+00:00,read,93000,2.809,True,
818,16360.0,16360.302,2026-09-17T14:33:56.114191+00:00,read,72547,3.125,True,
819,16380.0,16380.23,2026-09-17T14:33:56.134117+00:00,read,81192,2.758,True,
820,16400.0,16400.192,2026-09-17T14:33:56.154080+00:00,read,12825,2.779,True,
821,16420.0,16420.256,2026-09-17T14:33:56.174144+00:00,read,88614,2.784,True,
822,16440.0,16440.143,2026-09-17T14:33:56.194100+00:00,read,29967,3.07,True,
823,16460.0,16460.218,2026-09-17T14:33:56.214105+00:00,read,49103,2.648,True,
824,16480.0,16480.353,2026-09-17T14:33:56.234241+00:00,read,23573,2.705,True,
825,16500.0,16500.192,2026-09-17T14:33:56.254081+00:00,read,28287,2.946,True,
826,16520.0,16520.244,2026-09-17T14:33:56.274131+00:00,read,38089,2.863,True,
827,16540.0,16540.243,2026-09-17T14:33:56.294132+00:00,read,60390,2.518,True,
828,16560.0,16560.232,2026-09-17T14:33:56.314120+00:00,read,49736,3.011,True,
829,16580.0,16580.285,2026-09-17T14:33:56.334173+00:00,read,256,3.223,True,
830,16600.0,16600.144,2026-09-17T14:33:56.354103+00:00,read,84811,2.968,True,
831,16620.0,16620.237,2026-09-17T14:33:56.374125+00:00,read,4249,2.984,True,
832,16640.0,16640.223,2026-09-17T14:33:56.394112+00:00,read,46825,2.83,True,
833,16660.0,16660.27,2026-09-17T14:33:56.414159+00:00,read,87076,2.705,True,
834,16680.0,16680.243,2026-09-17T14:33:56.434132+00:00,read,69763,3.052,True,
835,16700.0,16700.183,2026-09-17T14:33:56.454071+00:00,read,67305,3.295,True,
836,16720.0,16720.182,2026-09-17T14:33:56.474144+00:00,read,22574,2.81,True,
837,16740.0,16740.139,2026-09-17T14:33:56.494104+00:00,read,7899,3.412,True,
838,16760.0,16760.194,2026-09-17T14:33:56.514081+00:00,read,80267,2.285,True,
839,16780.0,16780.289,2026-09-17T14:33:56.534176+00:00,read,64629,2.508,True,
840,16800.0,16800.221,2026-09-17T14:33:56.554111+00:00,read,42537,3.496,True,
841,16820.0,16820.196,2026-09-17T14:33:56.574083+00:00,read,37148,2.886,True,
842,16840.0,16840.251,2026-09-17T14:33:56.594139+00:00,read,10646,2.723,True,
843,16860.0,16860.24,2026-09-17T14:33:56.614128+00:00,read,10692,2.78,True,
844,16880.0,16880.257,2026-09-17T14:33:56.634143+00:00,read,65278,2.633,True,
845,16900.0,16900.232,2026-09-17T14:33:56.654119+00:00,read,7202,3.886,True,
846,16920.0,16920.291,2026-09-17T14:33:56.674179+00:00,read,88997,2.966,True,
847,16940.0,16940.135,2026-09-17T14:33:56.694022+00:00,read,29115,2.549,True,
848,16960.0,16960.392,2026-09-17T14:33:56.714279+00:00,read,94732,3.884,True,
849,16980.0,16980.185,2026-09-17T14:33:56.734071+00:00,read,19885,2.617,True,
850,17000.0,17000.264,2026-09-17T14:33:56.754151+00:00,read,21755,3.413,True,
851,17020.0,17020.221,2026-09-17T14:33:56.774108+00:00,read,42811,2.427,True,
852,17040.0,17040.206,2026-09-17T14:33:56.794094+00:00,read,1361,3.004,True,
853,17060.0,17060.242,2026-09-17T14:33:56.814137+00:00,read,90637,3.14,True,
854,17080.0,17080.285,2026-09-17T14:33:56.834172+00:00,read,79561,2.898,True,
855,17100.0,17100.276,2026-09-17T14:33:56.854163+00:00,read,14287,3.355,True,
856,17120.0,17120.291,2026-09-17T14:33:56.874180+00:00,read,16531,3.244,True,
857,17140.0,17140.208,2026-09-17T14:33:56.894095+00:00,read,3782,2.351,True,
858,17160.0,17160.363,2026-09-17T14:33:56.914255+00:00,read,64301,2.916,True,
859,17180.0,17180.325,2026-09-17T14:33:56.934214+00:00,read,116,2.645,True,
860,17200.0,17200.18,2026-09-17T14:33:56.954067+00:00,read,49086,2.065,True,
861,17220.0,17220.107,2026-09-17T14:33:56.973993+00:00,read,79379,1.296,True,
862,17240.0,17240.102,2026-09-17T14:33:56.993988+00:00,read,30877,1.275,True,
863,17260.0,17260.267,2026-09-17T14:33:57.014152+00:00,read,19827,1.431,True,
864,17280.0,17280.242,2026-09-17T14:33:57.034127+00:00,read,32056,1.843,True,
865,17300.0,17300.143,2026-09-17T14:33:57.054100+00:00,read,71717,2.724,True,
866,17320.0,17320.241,2026-09-17T14:33:57.074131+00:00,read,87213,2.529,True,
867,17340.0,17340.275,2026-09-17T14:33:57.094166+00:00,read,3453,2.778,True,
868,17360.0,17360.199,2026-09-17T14:33:57.114088+00:00,read,32828,2.818,True,
869,17380.0,17380.239,2026-09-17T14:33:57.134127+00:00,read,81426,2.618,True,
870,17400.0,17400.209,2026-09-17T14:33:57.154099+00:00,read,4709,3.136,True,
871,17420.0,17420.142,2026-09-17T14:33:57.174070+00:00,read,38730,1.926,True,
872,17440.0,17440.1,2026-09-17T14:33:57.193986+00:00,read,62741,1.253,True,
873,17460.0,17460.244,2026-09-17T14:33:57.214130+00:00,read,64911,1.229,True,
874,17480.0,17480.104,2026-09-17T14:33:57.233991+00:00,read,36486,1.924,True,
875,17500.0,17500.136,2026-09-17T14:33:57.254024+00:00,read,223,2.553,True,
876,17520.0,17520.143,2026-09-17T14:33:57.274103+00:00,read,58772,3.236,True,
877,17540.0,17540.27,2026-09-17T14:33:57.294158+00:00,read,6991,3.291,True,
878,17560.0,17560.292,2026-09-17T14:33:57.314179+00:00,read,76778,3.143,True,
879,17580.0,17580.214,2026-09-17T14:33:57.334102+00:00,read,24246,3.257,True,
880,17600.0,17600.141,2026-09-17T14:33:57.354063+00:00,read,36747,3.195,True,
881,17620.0,17620.222,2026-09-17T14:33:57.374109+00:00,read,36141,2.424,True,
882,17640.0,17640.185,2026-09-17T14:33:57.394072+00:00,read,67014,2.433,True,
883,17660.0,17660.215,2026-09-17T14:33:57.414104+00:00,read,66711,3.272,True,
884,17680.0,17680.211,2026-09-17T14:33:57.434098+00:00,read,73335,2.879,True,
885,17700.0,17700.139,2026-09-17T14:33:57.454094+00:00,read,59889,2.498,True,
886,17720.0,17720.242,2026-09-17T14:33:57.474129+00:00,read,93295,2.67,True,
887,17740.0,17740.214,2026-09-17T14:33:57.494102+00:00,read,45796,2.673,True,
888,17760.0,17760.188,2026-09-17T14:33:57.514076+00:00,read,7489,3.09,True,
889,17780.0,17780.291,2026-09-17T14:33:57.534178+00:00,read,82510,2.376,True,
890,17800.0,17800.234,2026-09-17T14:33:57.554122+00:00,read,61857,2.684,True,
891,17820.0,17820.198,2026-09-17T14:33:57.574086+00:00,read,20386,2.945,True,
892,17840.0,17840.24,2026-09-17T14:33:57.594127+00:00,read,99615,3.274,True,
893,17860.0,17860.178,2026-09-17T14:33:57.614065+00:00,read,22807,2.605,True,
894,17880.0,17880.304,2026-09-17T14:33:57.634192+00:00,read,66929,2.796,True,
895,17900.0,17900.231,2026-09-17T14:33:57.654119+00:00,read,77832,2.816,True,
896,17920.0,17920.221,2026-09-17T14:33:57.674109+00:00,read,91064,2.831,True,
897,17940.0,17940.214,2026-09-17T14:33:57.694102+00:00,read,40874,2.274,True,
898,17960.0,17960.223,2026-09-17T14:33:57.714110+00:00,read,87934,3.844,True,
899,17980.0,17980.311,2026-09-17T14:33:57.734200+00:00,read,2839,3.196,True,
900,18000.0,18000.139,2026-09-17T14:33:57.754153+00:00,read,96982,3.451,True,
901,18020.0,18020.251,2026-09-17T14:33:57.774138+00:00,read,51640,2.582,True,
902,18040.0,18040.186,2026-09-17T14:33:57.794072+00:00,read,96721,2.898,True,
903,18060.0,18060.235,2026-09-17T14:33:57.814122+00:00,read,97895,2.642,True,
904,18080.0,18080.242,2026-09-17T14:33:57.834131+00:00,read,52377,3.723,True,
905,18100.0,18100.14,2026-09-17T14:33:57.854095+00:00,read,68416,2.744,True,
906,18120.0,18120.231,2026-09-17T14:33:57.874118+00:00,read,64009,3.234,True,
907,18140.0,18140.292,2026-09-17T14:33:57.894179+00:00,read,2801,2.936,True,
908,18160.0,18160.144,2026-09-17T14:33:57.914089+00:00,read,78972,2.235,True,
909,18180.0,18180.118,2026-09-17T14:33:57.934003+00:00,read,74753,1.651,True,
910,18200.0,18200.301,2026-09-17T14:33:57.954188+00:00,read,35865,2.741,True,
911,18220.0,18220.173,2026-09-17T14:33:57.974062+00:00,read,63174,2.246,True,
912,18240.0,18240.282,2026-09-17T14:33:57.994170+00:00,read,69737,2.504,True,
913,18260.0,18260.202,2026-09-17T14:33:58.014092+00:00,read,77826,2.708,True,
914,18280.0,18280.146,2026-09-17T14:33:58.034080+00:00,read,5213,2.084,True,
915,18300.0,18300.142,2026-09-17T14:33:58.054145+00:00,read,18919,2.759,True,
916,18320.0,18320.286,2026-09-17T14:33:58.074173+00:00,read,94123,3.102,True,
917,18340.0,18340.285,2026-09-17T14:33:58.094172+00:00,read,19170,2.795,True,
918,18360.0,18360.332,2026-09-17T14:33:58.114219+00:00,read,11003,3.113,True,
919,18380.0,18380.208,2026-09-17T14:33:58.134094+00:00,read,46641,2.507,True,
920,18400.0,18400.193,2026-09-17T14:33:58.154080+00:00,read,43659,2.769,True,
921,18420.0,18420.232,2026-09-17T14:33:58.174118+00:00,read,57048,2.459,True,
922,18440.0,18440.261,2026-09-17T14:33:58.194149+00:00,read,21575,2.213,True,
923,18460.0,18460.302,2026-09-17T14:33:58.214190+00:00,read,70382,2.353,True,
924,18480.0,18480.256,2026-09-17T14:33:58.234143+00:00,read,33166,2.34,True,
925,18500.0,18500.26,2026-09-17T14:33:58.254147+00:00,read,9367,2.49,True,
926,18520.0,18520.246,2026-09-17T14:33:58.274134+00:00,read,6820,2.443,True,
927,18540.0,18540.18,2026-09-17T14:33:58.294068+00:00,read,60286,2.85,True,
928,18560.0,18560.254,2026-09-17T14:33:58.314144+00:00,read,78197,2.485,True,
929,18580.0,18580.281,2026-09-17T14:33:58.334167+00:00,read,76959,2.436,True,
930,18600.0,18600.422,2026-09-17T14:33:58.354309+00:00,read,15281,2.199,True,
931,18620.0,18620.236,2026-09-17T14:33:58.374123+00:00,read,36266,2.244,True,
932,18640.0,18640.216,2026-09-17T14:33:58.394103+00:00,read,20974,2.487,True,
933,18660.0,18660.28,2026-09-17T14:33:58.414168+00:00,read,63058,2.559,True,
934,18680.0,18680.281,2026-09-17T14:33:58.434167+00:00,read,52157,2.421,True,
935,18700.0,18700.237,2026-09-17T14:33:58.454125+00:00,read,63626,2.917,True,
936,18720.0,18720.379,2026-09-17T14:33:58.474269+00:00,read,43100,2.743,True,
937,18740.0,18740.38,2026-09-17T14:33:58.494269+00:00,read,59791,2.7,True,
938,18760.0,18760.242,2026-09-17T14:33:58.514132+00:00,read,72386,2.944,True,
939,18780.0,18780.272,2026-09-17T14:33:58.534162+00:00,read,84820,2.865,True,
940,18800.0,18800.254,2026-09-17T14:33:58.554144+00:00,read,93592,2.365,True,
941,18820.0,18820.127,2026-09-17T14:33:58.574016+00:00,read,11855,2.245,True,
942,18840.0,18840.273,2026-09-17T14:33:58.594160+00:00,read,27729,2.103,True,
943,18860.0,18860.214,2026-09-17T14:33:58.614102+00:00,read,63168,1.965,True,
944,18880.0,18880.136,2026-09-17T14:33:58.634084+00:00,read,26264,2.568,True,
945,18900.0,18900.291,2026-09-17T14:33:58.654179+00:00,read,34106,2.152,True,
946,18920.0,18920.293,2026-09-17T14:33:58.674184+00:00,read,24530,2.865,True,
947,18940.0,18940.208,2026-09-17T14:33:58.694097+00:00,read,18256,2.624,True,
948,18960.0,18960.273,2026-09-17T14:33:58.714163+00:00,read,74577,2.468,True,
949,18980.0,18980.215,2026-09-17T14:33:58.734106+00:00,read,53587,2.909,True,
950,19000.0,19000.278,2026-09-17T14:33:58.754166+00:00,read,45070,3.024,True,
951,19020.0,19020.138,2026-09-17T14:33:58.774060+00:00,read,61177,1.369,True,
952,19040.0,19040.254,2026-09-17T14:33:58.794145+00:00,read,97170,2.988,True,
953,19060.0,19060.323,2026-09-17T14:33:58.814212+00:00,read,65616,1.554,True,
954,19080.0,19080.329,2026-09-17T14:33:58.834218+00:00,read,83115,2.257,True,
955,19100.0,19100.272,2026-09-17T14:33:58.854162+00:00,read,90980,2.656,True,
956,19120.0,19120.291,2026-09-17T14:33:58.874179+00:00,read,12319,2.56,True,
957,19140.0,19140.235,2026-09-17T14:33:58.894123+00:00,read,5237,2.487,True,
958,19160.0,19160.272,2026-09-17T14:33:58.914161+00:00,read,8469,2.697,True,
959,19180.0,19180.448,2026-09-17T14:33:58.934336+00:00,read,67413,2.317,True,
960,19200.0,19200.205,2026-09-17T14:33:58.954093+00:00,read,27706,2.392,True,
961,19220.0,19220.283,2026-09-17T14:33:58.974172+00:00,read,23289,1.463,True,
962,19240.0,19240.346,2026-09-17T14:33:58.994237+00:00,read,82371,1.844,True,
963,19260.0,19260.211,2026-09-17T14:33:59.014100+00:00,read,36490,2.47,True,
964,19280.0,19280.212,2026-09-17T14:33:59.034104+00:00,read,44326,3.866,True,
965,19300.0,19300.321,2026-09-17T14:33:59.054215+00:00,read,3467,3.572,True,
966,19320.0,19320.364,2026-09-17T14:33:59.074257+00:00,read,14525,3.772,True,
967,19340.0,19340.311,2026-09-17T14:33:59.094202+00:00,read,99310,3.572,True,
968,19360.0,19360.41,2026-09-17T14:33:59.114302+00:00,read,72610,3.422,True,
969,19380.0,19380.435,2026-09-17T14:33:59.134321+00:00,read,27668,3.037,True,
970,19400.0,19400.247,2026-09-17T14:33:59.154135+00:00,read,72661,2.551,True,
971,19420.0,19420.386,2026-09-17T14:33:59.174275+00:00,read,32739,2.305,True,
972,19440.0,19440.276,2026-09-17T14:33:59.194163+00:00,read,254,2.433,True,
973,19460.0,19460.393,2026-09-17T14:33:59.214281+00:00,read,94785,2.554,True,
974,19480.0,19480.233,2026-09-17T14:33:59.234119+00:00,read,34122,2.136,True,
975,19500.0,19500.208,2026-09-17T14:33:59.254094+00:00,read,47701,2.219,True,
976,19520.0,19520.276,2026-09-17T14:33:59.274162+00:00,read,72583,2.246,True,
977,19540.0,19540.224,2026-09-17T14:33:59.294111+00:00,read,78169,1.543,True,
978,19560.0,19560.397,2026-09-17T14:33:59.314283+00:00,read,99817,2.396,True,
979,19580.0,19580.306,2026-09-17T14:33:59.334193+00:00,read,31452,2.089,True,
980,19600.0,19600.282,2026-09-17T14:33:59.354177+00:00,read,84315,2.411,True,
981,19620.0,19620.309,2026-09-17T14:33:59.374197+00:00,read,38460,2.487,True,
982,19640.0,19640.139,2026-09-17T14:33:59.394074+00:00,read,59448,2.383,True,
983,19660.0,19660.277,2026-09-17T14:33:59.414163+00:00,read,97651,2.297,True,
984,19680.0,19680.391,2026-09-17T14:33:59.434280+00:00,read,73148,2.433,True,
985,19700.0,19700.391,2026-09-17T14:33:59.454276+00:00,read,69516,1.124,True,
986,19720.0,19720.298,2026-09-17T14:33:59.474184+00:00,read,22006,2.328,True,
987,19740.0,19740.387,2026-09-17T14:33:59.494275+00:00,read,70627,1.943,True,
988,19760.0,19760.278,2026-09-17T14:33:59.514165+00:00,read,81873,2.354,True,
989,19780.0,19780.324,2026-09-17T14:33:59.534211+00:00,read,81678,2.376,True,
990,19800.0,19800.22,2026-09-17T14:33:59.554104+00:00,read,71131,1.24,True,
991,19820.0,19820.212,2026-09-17T14:33:59.574100+00:00,read,33831,2.349,True,
992,19840.0,19840.351,2026-09-17T14:33:59.594240+00:00,read,92374,2.663,True,
993,19860.0,19860.321,2026-09-17T14:33:59.614207+00:00,read,38377,1.403,True,
994,19880.0,19880.207,2026-09-17T14:33:59.634094+00:00,read,56511,1.529,True,
995,19900.0,19900.209,2026-09-17T14:33:59.654095+00:00,read,62750,1.532,True,
996,19920.0,19920.226,2026-09-17T14:33:59.674112+00:00,read,42629,2.142,True,
997,19940.0,19940.125,2026-09-17T14:33:59.694011+00:00,read,22629,2.125,True,
998,19960.0,19960.302,2026-09-17T14:33:59.714192+00:00,read,80328,2.352,True,
999,19980.0,19980.181,2026-09-17T14:33:59.734073+00:00,read,60110,3.119,True,
1000,20000.0,20000.199,2026-09-17T14:33:59.754087+00:00,read,48783,2.393,True,
1001,20020.0,20020.235,2026-09-17T14:33:59.774123+00:00,read,74494,2.697,True,
1002,20040.0,20040.14,2026-09-17T14:33:59.794121+00:00,read,11527,2.602,True,
1003,20060.0,20060.272,2026-09-17T14:33:59.814159+00:00,read,85772,3.043,True,
1004,20080.0,20080.223,2026-09-17T14:33:59.834109+00:00,read,13682,3.334,True,
1005,20100.0,20100.26,2026-09-17T14:33:59.854147+00:00,read,90706,2.609,True,
1006,20120.0,20120.215,2026-09-17T14:33:59.874103+00:00,read,50122,2.806,True,
1007,20140.0,20140.128,2026-09-17T14:33:59.894015+00:00,read,56532,2.932,True,
1008,20160.0,20160.175,2026-09-17T14:33:59.914063+00:00,read,80040,3.255,True,
1009,20180.0,20180.239,2026-09-17T14:33:59.934126+00:00,read,93927,2.751,True,
1010,20200.0,20200.245,2026-09-17T14:33:59.954131+00:00,read,59534,2.201,True,
1011,20220.0,20220.192,2026-09-17T14:33:59.974078+00:00,read,78041,2.321,True,
1012,20240.0,20240.284,2026-09-17T14:33:59.994169+00:00,read,60635,2.32,True,
1013,20260.0,20260.295,2026-09-17T14:34:00.014187+00:00,read,19653,2.988,True,
1014,20280.0,20280.234,2026-09-17T14:34:00.034125+00:00,read,83929,2.873,True,
1015,20300.0,20300.184,2026-09-17T14:34:00.054074+00:00,read,52539,2.734,True,
1016,20320.0,20320.179,2026-09-17T14:34:00.074067+00:00,read,54200,2.658,True,
1017,20340.0,20340.205,2026-09-17T14:34:00.094173+00:00,read,62012,2.95,True,
1018,20360.0,20360.216,2026-09-17T14:34:00.114104+00:00,read,34735,2.149,True,
1019,20380.0,20380.188,2026-09-17T14:34:00.134077+00:00,read,95354,1.659,True,
1020,20400.0,20400.256,2026-09-17T14:34:00.154142+00:00,read,3082,1.402,True,
1021,20420.0,20420.369,2026-09-17T14:34:00.174258+00:00,read,96369,2.426,True,
1022,20440.0,20440.252,2026-09-17T14:34:00.194138+00:00,read,21477,2.52,True,
1023,20460.0,20460.255,2026-09-17T14:34:00.214142+00:00,read,49365,2.359,True,
1024,20480.0,20480.334,2026-09-17T14:34:00.234220+00:00,read,73759,2.279,True,
1025,20500.0,20500.342,2026-09-17T14:34:00.254227+00:00,read,96290,1.925,True,
1026,20520.0,20520.218,2026-09-17T14:34:00.274101+00:00,read,50045,1.414,True,
1027,20540.0,20540.112,2026-09-17T14:34:00.293996+00:00,read,15755,1.182,True,
1028,20560.0,20560.091,2026-09-17T14:34:00.313975+00:00,read,90838,1.242,True,
1029,20580.0,20580.1,2026-09-17T14:34:00.333985+00:00,read,97982,1.297,True,
1030,20600.0,20600.083,2026-09-17T14:34:00.353966+00:00,read,91493,1.127,True,
1031,20620.0,20620.09,2026-09-17T14:34:00.373973+00:00,read,20643,1.171,True,
1032,20640.0,20640.119,2026-09-17T14:34:00.394001+00:00,read,34284,1.113,True,
1033,20660.0,20660.249,2026-09-17T14:34:00.414132+00:00,read,40860,1.189,True,
1034,20680.0,20680.253,2026-09-17T14:34:00.434138+00:00,read,67160,1.436,True,
1035,20700.0,20700.186,2026-09-17T14:34:00.454072+00:00,read,97552,1.146,True,
1036,20720.0,20720.112,2026-09-17T14:34:00.473996+00:00,read,29875,1.333,True,
1037,20740.0,20740.084,2026-09-17T14:34:00.493967+00:00,read,29364,6.783,True,
1038,20760.0,20760.082,2026-09-17T14:34:00.513964+00:00,read,78092,22.969,True,
1039,20780.0,20783.085,2026-09-17T14:34:00.536966+00:00,read,10674,1.249,True,
1040,20800.0,20800.298,2026-09-17T14:34:00.554180+00:00,read,1929,1.055,True,
1041,20820.0,20820.127,2026-09-17T14:34:00.574011+00:00,read,20320,1.115,True,
1042,20840.0,20840.223,2026-09-17T14:34:00.594106+00:00,read,21128,1.123,True,
1043,20860.0,20860.095,2026-09-17T14:34:00.613979+00:00,read,28183,1.177,True,
1044,20880.0,20880.2,2026-09-17T14:34:00.634085+00:00,read,43508,1.277,True,
1045,20900.0,20900.262,2026-09-17T14:34:00.654145+00:00,read,65881,1.361,True,
1046,20920.0,20920.104,2026-09-17T14:34:00.673991+00:00,read,36099,1.532,True,
1047,20940.0,20940.112,2026-09-17T14:34:00.693998+00:00,read,79012,1.395,True,
1048,20960.0,20960.142,2026-09-17T14:34:00.714060+00:00,read,24898,1.343,True,
1049,20980.0,20980.127,2026-09-17T14:34:00.734012+00:00,read,1953,1.312,True,
1050,21000.0,21000.192,2026-09-17T14:34:00.754077+00:00,read,1196,1.424,True,
1051,21020.0,21020.097,2026-09-17T14:34:00.773980+00:00,read,50639,1.088,True,
1052,21040.0,21040.093,2026-09-17T14:34:00.793975+00:00,read,30168,1.109,True,
1053,21060.0,21060.108,2026-09-17T14:34:00.813990+00:00,read,45023,1.129,True,
1054,21080.0,21080.146,2026-09-17T14:34:00.834060+00:00,read,31890,1.112,True,
1055,21100.0,21100.136,2026-09-17T14:34:00.854021+00:00,read,13065,1.108,True,
1056,21120.0,21120.213,2026-09-17T14:34:00.874106+00:00,read,78313,1.379,True,
1057,21140.0,21140.142,2026-09-17T14:34:00.894060+00:00,read,64525,1.301,True,
1058,21160.0,21160.481,2026-09-17T14:34:00.914366+00:00,read,62573,1.387,True,
1059,21180.0,21180.458,2026-09-17T14:34:00.934343+00:00,read,93873,1.634,True,
1060,21200.0,21200.272,2026-09-17T14:34:00.954163+00:00,read,51277,1.398,True,
1061,21220.0,21220.128,2026-09-17T14:34:00.974014+00:00,read,64303,1.175,True,
1062,21240.0,21240.271,2026-09-17T14:34:00.994163+00:00,read,61913,1.357,True,
1063,21260.0,21260.099,2026-09-17T14:34:01.013983+00:00,read,36664,1.354,True,
1064,21280.0,21280.215,2026-09-17T14:34:01.034099+00:00,read,93564,1.297,True,
1065,21300.0,21300.461,2026-09-17T14:34:01.054345+00:00,read,47730,1.274,True,
1066,21320.0,21320.246,2026-09-17T14:34:01.074130+00:00,read,45077,1.204,True,
1067,21340.0,21340.449,2026-09-17T14:34:01.094334+00:00,read,92831,1.357,True,
1068,21360.0,21360.302,2026-09-17T14:34:01.114185+00:00,read,80863,1.22,True,
1069,21380.0,21380.109,2026-09-17T14:34:01.133993+00:00,read,84101,1.228,True,
1070,21400.0,21400.301,2026-09-17T14:34:01.154185+00:00,read,63949,1.157,True,
1071,21420.0,21420.299,2026-09-17T14:34:01.174184+00:00,read,24784,1.204,True,
1072,21440.0,21440.296,2026-09-17T14:34:01.194180+00:00,read,50106,1.253,True,
1073,21460.0,21460.262,2026-09-17T14:34:01.214156+00:00,read,76257,1.345,True,
1074,21480.0,21480.248,2026-09-17T14:34:01.234133+00:00,read,82345,1.283,True,
1075,21500.0,21500.271,2026-09-17T14:34:01.254156+00:00,read,2036,1.362,True,
1076,21520.0,21520.449,2026-09-17T14:34:01.274333+00:00,read,8298,1.355,True,
1077,21540.0,21540.165,2026-09-17T14:34:01.294049+00:00,read,19972,1.519,True,
1078,21560.0,21560.243,2026-09-17T14:34:01.314126+00:00,read,89794,1.204,True,
1079,21580.0,21580.282,2026-09-17T14:34:01.334167+00:00,read,67439,1.563,True,
1080,21600.0,21600.191,2026-09-17T14:34:01.354075+00:00,read,37443,1.423,True,
1081,21620.0,21620.087,2026-09-17T14:34:01.373971+00:00,read,19726,1.271,True,
1082,21640.0,21640.1,2026-09-17T14:34:01.393984+00:00,read,82639,1.175,True,
1083,21660.0,21660.192,2026-09-17T14:34:01.414076+00:00,read,77324,1.117,True,
1084,21680.0,21680.198,2026-09-17T14:34:01.434080+00:00,read,71582,1.15,True,
1085,21700.0,21700.189,2026-09-17T14:34:01.454074+00:00,read,48460,1.079,True,
1086,21720.0,21720.145,2026-09-17T14:34:01.474063+00:00,read,66949,1.106,True,
1087,21740.0,21740.232,2026-09-17T14:34:01.494116+00:00,read,26369,1.276,True,
1088,21760.0,21760.237,2026-09-17T14:34:01.514121+00:00,read,34789,1.382,True,
1089,21780.0,21780.21,2026-09-17T14:34:01.534094+00:00,read,45126,1.322,True,
1090,21800.0,21800.145,2026-09-17T14:34:01.554057+00:00,read,65001,1.353,True,
1091,21820.0,21820.207,2026-09-17T14:34:01.574096+00:00,read,64259,1.093,True,
1092,21840.0,21840.159,2026-09-17T14:34:01.594042+00:00,read,40643,1.082,True,
1093,21860.0,21860.095,2026-09-17T14:34:01.614005+00:00,read,82311,1.115,True,
1094,21880.0,21880.144,2026-09-17T14:34:01.634056+00:00,read,53668,1.274,True,
1095,21900.0,21900.178,2026-09-17T14:34:01.654062+00:00,read,40803,1.572,True,
1096,21920.0,21920.207,2026-09-17T14:34:01.674090+00:00,read,46701,1.275,True,
1097,21940.0,21940.085,2026-09-17T14:34:01.693968+00:00,read,41463,1.21,True,
1098,21960.0,21960.19,2026-09-17T14:34:01.714074+00:00,read,72025,1.177,True,
1099,21980.0,21980.216,2026-09-17T14:34:01.734103+00:00,read,3714,2.427,True,
1100,22000.0,22000.232,2026-09-17T14:34:01.754120+00:00,read,89638,2.849,True,
1101,22020.0,22020.293,2026-09-17T14:34:01.774181+00:00,read,74309,10.212,True,
1102,22040.0,22040.213,2026-09-17T14:34:01.794103+00:00,read,74375,3.551,True,
1103,22060.0,22060.284,2026-09-17T14:34:01.814173+00:00,read,34906,3.564,True,
1104,22080.0,22080.299,2026-09-17T14:34:01.834187+00:00,read,64385,3.166,True,
1105,22100.0,22100.236,2026-09-17T14:34:01.854123+00:00,read,97182,2.861,True,
1106,22120.0,22120.274,2026-09-17T14:34:01.874162+00:00,read,33293,3.142,True,
1107,22140.0,22140.377,2026-09-17T14:34:01.894265+00:00,read,87564,3.305,True,
1108,22160.0,22160.316,2026-09-17T14:34:01.914205+00:00,read,10763,2.672,True,
1109,22180.0,22180.204,2026-09-17T14:34:01.934091+00:00,read,73739,2.835,True,
1110,22200.0,22200.191,2026-09-17T14:34:01.954078+00:00,read,21391,2.3,True,
1111,22220.0,22220.282,2026-09-17T14:34:01.974225+00:00,read,31937,3.037,True,
1112,22240.0,22240.267,2026-09-17T14:34:01.994154+00:00,read,97414,3.176,True,
1113,22260.0,22260.26,2026-09-17T14:34:02.014146+00:00,read,67466,1.936,True,
1114,22280.0,22280.283,2026-09-17T14:34:02.034171+00:00,read,36479,2.934,True,
1115,22300.0,22300.221,2026-09-17T14:34:02.054111+00:00,read,54200,3.302,True,
1116,22320.0,22320.281,2026-09-17T14:34:02.074169+00:00,read,56161,3.44,True,
1117,22340.0,22340.227,2026-09-17T14:34:02.094114+00:00,read,1590,3.845,True,
1118,22360.0,22360.125,2026-09-17T14:34:02.114012+00:00,read,29228,2.672,True,
1119,22380.0,22380.141,2026-09-17T14:34:02.134089+00:00,read,4345,2.497,True,
1120,22400.0,22400.234,2026-09-17T14:34:02.154120+00:00,read,50566,2.642,True,
1121,22420.0,22420.265,2026-09-17T14:34:02.174151+00:00,read,9422,3.185,True,
1122,22440.0,22440.136,2026-09-17T14:34:02.194022+00:00,read,90848,2.202,True,
1123,22460.0,22460.141,2026-09-17T14:34:02.214080+00:00,read,62731,2.005,True,
1124,22480.0,22480.21,2026-09-17T14:34:02.234098+00:00,read,97982,1.666,True,
1125,22500.0,22500.236,2026-09-17T14:34:02.254125+00:00,read,43894,2.473,True,
1126,22520.0,22520.205,2026-09-17T14:34:02.274095+00:00,read,25817,2.524,True,
1127,22540.0,22540.203,2026-09-17T14:34:02.294092+00:00,read,36162,2.061,True,
1128,22560.0,22560.175,2026-09-17T14:34:02.314062+00:00,read,31125,1.256,True,
1129,22580.0,22580.197,2026-09-17T14:34:02.334086+00:00,read,38736,2.837,True,
1130,22600.0,22600.137,2026-09-17T14:34:02.354105+00:00,read,56865,2.812,True,
1131,22620.0,22620.146,2026-09-17T14:34:02.374098+00:00,read,79711,3.195,True,
1132,22640.0,22640.289,2026-09-17T14:34:02.394177+00:00,read,86765,3.239,True,
1133,22660.0,22660.279,2026-09-17T14:34:02.414167+00:00,read,4777,2.847,True,
1134,22680.0,22680.239,2026-09-17T14:34:02.434127+00:00,read,62800,3.094,True,
1135,22700.0,22700.226,2026-09-17T14:34:02.454114+00:00,read,83277,2.539,True,
1136,22720.0,22720.241,2026-09-17T14:34:02.474129+00:00,read,45612,2.721,True,
1137,22740.0,22740.198,2026-09-17T14:34:02.494086+00:00,read,26661,3.18,True,
1138,22760.0,22760.232,2026-09-17T14:34:02.514119+00:00,read,23980,2.912,True,
1139,22780.0,22780.202,2026-09-17T14:34:02.534089+00:00,read,43790,2.833,True,
1140,22800.0,22800.247,2026-09-17T14:34:02.554134+00:00,read,89155,3.032,True,
1141,22820.0,22820.239,2026-09-17T14:34:02.574127+00:00,read,36202,2.634,True,
1142,22840.0,22840.225,2026-09-17T14:34:02.594113+00:00,read,64690,2.728,True,
1143,22860.0,22860.229,2026-09-17T14:34:02.614117+00:00,read,22589,2.819,True,
1144,22880.0,22880.226,2026-09-17T14:34:02.634113+00:00,read,56329,2.765,True,
1145,22900.0,22900.183,2026-09-17T14:34:02.654071+00:00,read,96658,3.458,True,
1146,22920.0,22920.219,2026-09-17T14:34:02.674107+00:00,read,27850,2.541,True,
1147,22940.0,22940.209,2026-09-17T14:34:02.694096+00:00,read,19274,2.972,True,
1148,22960.0,22960.228,2026-09-17T14:34:02.714114+00:00,read,63251,2.563,True,
1149,22980.0,22980.259,2026-09-17T14:34:02.734149+00:00,read,63527,2.454,True,
1150,23000.0,23000.31,2026-09-17T14:34:02.754198+00:00,read,26253,3.089,True,
1151,23020.0,23020.274,2026-09-17T14:34:02.774163+00:00,read,63638,2.51,True,
1152,23040.0,23040.274,2026-09-17T14:34:02.794161+00:00,read,47103,2.719,True,
1153,23060.0,23060.322,2026-09-17T14:34:02.814209+00:00,read,88900,3.005,True,
1154,23080.0,23080.236,2026-09-17T14:34:02.834123+00:00,read,91793,2.813,True,
1155,23100.0,23100.242,2026-09-17T14:34:02.854129+00:00,read,60396,2.674,True,
1156,23120.0,23120.289,2026-09-17T14:34:02.874178+00:00,read,76682,3.282,True,
1157,23140.0,23140.297,2026-09-17T14:34:02.894184+00:00,read,90694,2.72,True,
1158,23160.0,23160.271,2026-09-17T14:34:02.914158+00:00,read,91649,2.466,True,
1159,23180.0,23180.189,2026-09-17T14:34:02.934076+00:00,read,40235,3.039,True,
1160,23200.0,23200.33,2026-09-17T14:34:02.954217+00:00,read,476,2.872,True,
1161,23220.0,23220.223,2026-09-17T14:34:02.974110+00:00,read,84095,2.84,True,
1162,23240.0,23240.138,2026-09-17T14:34:02.994096+00:00,read,59289,3.048,True,
1163,23260.0,23260.234,2026-09-17T14:34:03.014122+00:00,read,8734,2.808,True,
1164,23280.0,23280.198,2026-09-17T14:34:03.034085+00:00,read,3345,2.981,True,
1165,23300.0,23300.283,2026-09-17T14:34:03.054170+00:00,read,83414,2.534,True,
1166,23320.0,23320.257,2026-09-17T14:34:03.074144+00:00,read,70697,2.578,True,
1167,23340.0,23340.282,2026-09-17T14:34:03.094170+00:00,read,80228,2.834,True,
1168,23360.0,23360.414,2026-09-17T14:34:03.114300+00:00,read,6141,2.298,True,
1169,23380.0,23380.225,2026-09-17T14:34:03.134111+00:00,read,99583,2.276,True,
1170,23400.0,23400.269,2026-09-17T14:34:03.154157+00:00,read,50826,2.784,True,
1171,23420.0,23420.223,2026-09-17T14:34:03.174112+00:00,read,75176,2.697,True,
1172,23440.0,23440.239,2026-09-17T14:34:03.194126+00:00,read,4384,2.673,True,
1173,23460.0,23460.291,2026-09-17T14:34:03.214179+00:00,read,80758,2.898,True,
1174,23480.0,23480.209,2026-09-17T14:34:03.234096+00:00,read,95869,3.552,True,
1175,23500.0,23500.329,2026-09-17T14:34:03.254216+00:00,read,22262,2.417,True,
1176,23520.0,23520.245,2026-09-17T14:34:03.274132+00:00,read,96972,2.697,True,
1177,23540.0,23540.238,2026-09-17T14:34:03.294126+00:00,read,13976,3.006,True,
1178,23560.0,23560.326,2026-09-17T14:34:03.314213+00:00,read,1578,2.833,True,
1179,23580.0,23580.182,2026-09-17T14:34:03.334070+00:00,read,33929,2.982,True,
1180,23600.0,23600.362,2026-09-17T14:34:03.354250+00:00,read,77896,3.11,True,
1181,23620.0,23620.27,2026-09-17T14:34:03.374157+00:00,read,16878,3.114,True,
1182,23640.0,23640.244,2026-09-17T14:34:03.394168+00:00,read,55008,2.721,True,
1183,23660.0,23660.244,2026-09-17T14:34:03.414134+00:00,read,84144,2.821,True,
1184,23680.0,23680.243,2026-09-17T14:34:03.434131+00:00,read,30383,3.036,True,
1185,23700.0,23700.284,2026-09-17T14:34:03.454172+00:00,read,54034,2.586,True,
1186,23720.0,23720.225,2026-09-17T14:34:03.474112+00:00,read,86985,2.616,True,
1187,23740.0,23740.208,2026-09-17T14:34:03.494096+00:00,read,300,2.499,True,
1188,23760.0,23760.242,2026-09-17T14:34:03.514129+00:00,read,1214,2.409,True,
1189,23780.0,23780.187,2026-09-17T14:34:03.534074+00:00,read,50660,3.431,True,
1190,23800.0,23800.324,2026-09-17T14:34:03.554211+00:00,read,63578,2.616,True,
1191,23820.0,23820.138,2026-09-17T14:34:03.574025+00:00,read,5102,2.213,True,
1192,23840.0,23840.227,2026-09-17T14:34:03.594114+00:00,read,73875,2.652,True,
1193,23860.0,23860.276,2026-09-17T14:34:03.614164+00:00,read,7206,2.334,True,
1194,23880.0,23880.213,2026-09-17T14:34:03.634103+00:00,read,96760,2.714,True,
1195,23900.0,23900.298,2026-09-17T14:34:03.654185+00:00,read,73813,2.796,True,
1196,23920.0,23920.255,2026-09-17T14:34:03.674143+00:00,read,49498,2.888,True,
1197,23940.0,23940.241,2026-09-17T14:34:03.694128+00:00,read,35285,2.748,True,
1198,23960.0,23960.27,2026-09-17T14:34:03.714157+00:00,read,75185,2.375,True,
1199,23980.0,23980.292,2026-09-17T14:34:03.734180+00:00,read,30228,2.475,True,
1200,24000.0,24000.313,2026-09-17T14:34:03.754202+00:00,read,56780,2.805,True,
1201,24020.0,24020.316,2026-09-17T14:34:03.774203+00:00,read,52191,2.398,True,
1202,24040.0,24040.217,2026-09-17T14:34:03.794105+00:00,read,70783,2.165,True,
1203,24060.0,24060.281,2026-09-17T14:34:03.814168+00:00,read,79552,3.453,True,
1204,24080.0,24080.276,2026-09-17T14:34:03.834163+00:00,read,47224,3.324,True,
1205,24100.0,24100.244,2026-09-17T14:34:03.854131+00:00,read,66547,2.854,True,
1206,24120.0,24120.239,2026-09-17T14:34:03.874127+00:00,read,35563,2.901,True,
1207,24140.0,24140.219,2026-09-17T14:34:03.894106+00:00,read,48830,2.933,True,
1208,24160.0,24160.193,2026-09-17T14:34:03.914080+00:00,read,32253,2.367,True,
1209,24180.0,24180.376,2026-09-17T14:34:03.934264+00:00,read,91294,2.619,True,
1210,24200.0,24200.258,2026-09-17T14:34:03.954146+00:00,read,14964,2.61,True,
1211,24220.0,24220.208,2026-09-17T14:34:03.974096+00:00,read,13940,2.545,True,
1212,24240.0,24240.285,2026-09-17T14:34:03.994173+00:00,read,48744,2.947,True,
1213,24260.0,24260.299,2026-09-17T14:34:04.014186+00:00,read,56000,2.665,True,
1214,24280.0,24280.24,2026-09-17T14:34:04.034127+00:00,read,47845,2.86,True,
1215,24300.0,24300.278,2026-09-17T14:34:04.054165+00:00,read,54566,2.835,True,
1216,24320.0,24320.264,2026-09-17T14:34:04.074151+00:00,read,97803,2.561,True,
1217,24340.0,24340.202,2026-09-17T14:34:04.094091+00:00,read,16646,3.05,True,
1218,24360.0,24360.145,2026-09-17T14:34:04.114121+00:00,read,33005,2.832,True,
1219,24380.0,24380.229,2026-09-17T14:34:04.134234+00:00,read,67221,2.336,True,
1220,24400.0,24400.278,2026-09-17T14:34:04.154165+00:00,read,87252,2.772,True,
1221,24420.0,24420.141,2026-09-17T14:34:04.174130+00:00,read,46382,3.315,True,
1222,24440.0,24440.231,2026-09-17T14:34:04.194118+00:00,read,76381,2.683,True,
1223,24460.0,24460.247,2026-09-17T14:34:04.214134+00:00,read,53489,2.652,True,
1224,24480.0,24480.244,2026-09-17T14:34:04.234131+00:00,read,53154,2.74,True,
1225,24500.0,24500.392,2026-09-17T14:34:04.254279+00:00,read,92554,2.808,True,
1226,24520.0,24520.139,2026-09-17T14:34:04.274101+00:00,read,77792,2.866,True,
1227,24540.0,24540.182,2026-09-17T14:34:04.294069+00:00,read,22586,2.66,True,
1228,24560.0,24560.139,2026-09-17T14:34:04.314103+00:00,read,3735,2.425,True,
1229,24580.0,24580.205,2026-09-17T14:34:04.334091+00:00,read,14718,2.12,True,
1230,24600.0,24600.136,2026-09-17T14:34:04.354021+00:00,read,84919,2.15,True,
1231,24620.0,24620.117,2026-09-17T14:34:04.374006+00:00,read,11681,2.094,True,
1232,24640.0,24640.21,2026-09-17T14:34:04.394099+00:00,read,4875,2.648,True,
1233,24660.0,24660.106,2026-09-17T14:34:04.413992+00:00,read,9411,1.82,True,
1234,24680.0,24680.195,2026-09-17T14:34:04.434080+00:00,read,60766,1.337,True,
1235,24700.0,24700.229,2026-09-17T14:34:04.454118+00:00,read,14655,2.202,True,
1236,24720.0,24720.206,2026-09-17T14:34:04.474094+00:00,read,8008,2.781,True,
1237,24740.0,24740.229,2026-09-17T14:34:04.494117+00:00,read,36567,3.161,True,
1238,24760.0,24760.138,2026-09-17T14:34:04.514053+00:00,read,469,2.542,True,
1239,24780.0,24780.25,2026-09-17T14:34:04.534140+00:00,read,34903,2.935,True,
1240,24800.0,24800.203,2026-09-17T14:34:04.554090+00:00,read,72839,2.166,True,
1241,24820.0,24820.27,2026-09-17T14:34:04.574158+00:00,read,75819,2.97,True,
1242,24840.0,24840.196,2026-09-17T14:34:04.594083+00:00,read,26951,2.555,True,
1243,24860.0,24860.143,2026-09-17T14:34:04.614250+00:00,read,96336,2.568,True,
1244,24880.0,24880.233,2026-09-17T14:34:04.634119+00:00,read,76387,2.808,True,
1245,24900.0,24900.336,2026-09-17T14:34:04.654225+00:00,read,65579,3.011,True,
1246,24920.0,24920.231,2026-09-17T14:34:04.674118+00:00,read,89552,1.988,True,
1247,24940.0,24940.303,2026-09-17T14:34:04.694190+00:00,read,4496,3.611,True,
1248,24960.0,24960.246,2026-09-17T14:34:04.714133+00:00,read,88886,2.376,True,
1249,24980.0,24980.237,2026-09-17T14:34:04.734126+00:00,read,49619,2.228,True,
1250,25000.0,25000.246,2026-09-17T14:34:04.754133+00:00,read,25421,2.857,True,
1251,25020.0,25020.227,2026-09-17T14:34:04.774115+00:00,read,523,2.738,True,
1252,25040.0,25040.201,2026-09-17T14:34:04.794088+00:00,read,81355,2.711,True,
1253,25060.0,25060.137,2026-09-17T14:34:04.814023+00:00,read,98980,2.516,True,
1254,25080.0,25080.286,2026-09-17T14:34:04.834174+00:00,read,55201,3.226,True,
1255,25100.0,25100.146,2026-09-17T14:34:04.854244+00:00,read,51346,3.268,True,
1256,25120.0,25120.144,2026-09-17T14:34:04.874096+00:00,read,80508,2.808,True,
1257,25140.0,25140.229,2026-09-17T14:34:04.894116+00:00,read,51165,3.252,True,
1258,25160.0,25160.241,2026-09-17T14:34:04.914128+00:00,read,65659,2.507,True,
1259,25180.0,25180.222,2026-09-17T14:34:04.934109+00:00,read,15710,2.789,True,
1260,25200.0,25200.231,2026-09-17T14:34:04.954119+00:00,read,36127,2.329,True,
1261,25220.0,25220.269,2026-09-17T14:34:04.974156+00:00,read,28882,2.869,True,
1262,25240.0,25240.248,2026-09-17T14:34:04.994135+00:00,read,89307,3.25,True,
1263,25260.0,25260.144,2026-09-17T14:34:05.014125+00:00,read,68385,2.491,True,
1264,25280.0,25280.229,2026-09-17T14:34:05.034116+00:00,read,34156,2.953,True,
1265,25300.0,25300.26,2026-09-17T14:34:05.054150+00:00,read,68977,3.136,True,
1266,25320.0,25320.194,2026-09-17T14:34:05.074081+00:00,read,40759,2.794,True,
1267,25340.0,25340.202,2026-09-17T14:34:05.094090+00:00,read,30921,3.406,True,
1268,25360.0,25360.221,2026-09-17T14:34:05.114108+00:00,read,83136,2.135,True,
1269,25380.0,25380.212,2026-09-17T14:34:05.134100+00:00,read,29431,2.483,True,
1270,25400.0,25400.285,2026-09-17T14:34:05.154175+00:00,read,43968,3.16,True,
1271,25420.0,25420.302,2026-09-17T14:34:05.174189+00:00,read,81953,2.631,True,
1272,25440.0,25440.287,2026-09-17T14:34:05.194174+00:00,read,95618,3.102,True,
1273,25460.0,25460.671,2026-09-17T14:34:05.214561+00:00,read,66373,3.032,True,
1274,25480.0,25480.131,2026-09-17T14:34:05.234018+00:00,read,21665,3.118,True,
1275,25500.0,25500.304,2026-09-17T14:34:05.254190+00:00,read,96007,2.911,True,
1276,25520.0,25520.487,2026-09-17T14:34:05.274374+00:00,read,41865,3.204,True,
1277,25540.0,25540.269,2026-09-17T14:34:05.294157+00:00,read,62755,3.125,True,
1278,25560.0,25560.251,2026-09-17T14:34:05.314139+00:00,read,76582,2.905,True,
1279,25580.0,25580.357,2026-09-17T14:34:05.334244+00:00,read,63991,3.089,True,
1280,25600.0,25600.222,2026-09-17T14:34:05.354109+00:00,read,89882,2.701,True,
1281,25620.0,25620.364,2026-09-17T14:34:05.374250+00:00,read,87063,1.623,True,
1282,25640.0,25640.391,2026-09-17T14:34:05.394281+00:00,read,5840,3.234,True,
1283,25660.0,25660.234,2026-09-17T14:34:05.414123+00:00,read,15317,2.642,True,
1284,25680.0,25680.285,2026-09-17T14:34:05.434173+00:00,read,28488,3.312,True,
1285,25700.0,25700.401,2026-09-17T14:34:05.454289+00:00,read,57541,2.923,True,
1286,25720.0,25720.182,2026-09-17T14:34:05.474070+00:00,read,76089,2.851,True,
1287,25740.0,25740.236,2026-09-17T14:34:05.494123+00:00,read,74698,3.26,True,
1288,25760.0,25760.353,2026-09-17T14:34:05.514240+00:00,read,388,2.698,True,
1289,25780.0,25780.26,2026-09-17T14:34:05.534148+00:00,read,95905,3.039,True,
1290,25800.0,25800.227,2026-09-17T14:34:05.554115+00:00,read,18620,3.503,True,
1291,25820.0,25820.354,2026-09-17T14:34:05.574242+00:00,read,67205,2.667,True,
1292,25840.0,25840.265,2026-09-17T14:34:05.594153+00:00,read,24672,2.749,True,
1293,25860.0,25860.174,2026-09-17T14:34:05.614061+00:00,read,2528,2.924,True,
1294,25880.0,25880.25,2026-09-17T14:34:05.634140+00:00,read,82513,2.974,True,
1295,25900.0,25900.37,2026-09-17T14:34:05.654258+00:00,read,23643,3.011,True,
1296,25920.0,25920.314,2026-09-17T14:34:05.674202+00:00,read,62914,3.125,True,
1297,25940.0,25940.25,2026-09-17T14:34:05.694138+00:00,read,78734,3.492,True,
1298,25960.0,25960.221,2026-09-17T14:34:05.714107+00:00,read,67434,2.907,True,
1299,25980.0,25980.283,2026-09-17T14:34:05.734170+00:00,read,63242,3.102,True,
1300,26000.0,26000.42,2026-09-17T14:34:05.754310+00:00,read,43262,3.306,True,
1301,26020.0,26020.271,2026-09-17T14:34:05.774160+00:00,read,18523,3.178,True,
1302,26040.0,26040.336,2026-09-17T14:34:05.794226+00:00,read,13646,3.198,True,
1303,26060.0,26060.351,2026-09-17T14:34:05.814238+00:00,read,75484,2.687,True,
1304,26080.0,26080.146,2026-09-17T14:34:05.834115+00:00,read,77907,3.338,True,
1305,26100.0,26100.249,2026-09-17T14:34:05.854138+00:00,read,1990,3.246,True,
1306,26120.0,26120.236,2026-09-17T14:34:05.874123+00:00,read,92677,3.002,True,
1307,26140.0,26140.278,2026-09-17T14:34:05.894165+00:00,read,78863,3.036,True,
1308,26160.0,26160.225,2026-09-17T14:34:05.914114+00:00,read,51901,2.867,True,
1309,26180.0,26180.184,2026-09-17T14:34:05.934074+00:00,read,70897,3.257,True,
1310,26200.0,26200.278,2026-09-17T14:34:05.954164+00:00,read,65637,2.303,True,
1311,26220.0,26220.137,2026-09-17T14:34:05.974023+00:00,read,29854,3.289,True,
1312,26240.0,26240.251,2026-09-17T14:34:05.994138+00:00,read,83342,3.114,True,
1313,26260.0,26260.283,2026-09-17T14:34:06.014171+00:00,read,16165,3.281,True,
1314,26280.0,26280.184,2026-09-17T14:34:06.034072+00:00,read,62929,3.017,True,
1315,26300.0,26300.312,2026-09-17T14:34:06.054199+00:00,read,7647,3.318,True,
1316,26320.0,26320.187,2026-09-17T14:34:06.074075+00:00,read,93189,3.048,True,
1317,26340.0,26340.183,2026-09-17T14:34:06.094071+00:00,read,37620,2.853,True,
1318,26360.0,26360.187,2026-09-17T14:34:06.114077+00:00,read,88447,2.85,True,
1319,26380.0,26380.249,2026-09-17T14:34:06.134137+00:00,read,54273,2.959,True,
1320,26400.0,26400.323,2026-09-17T14:34:06.154212+00:00,read,75211,2.904,True,
1321,26420.0,26420.233,2026-09-17T14:34:06.174122+00:00,read,87469,2.572,True,
1322,26440.0,26440.239,2026-09-17T14:34:06.194126+00:00,read,21630,2.635,True,
1323,26460.0,26460.252,2026-09-17T14:34:06.214140+00:00,read,78207,2.691,True,
1324,26480.0,26480.282,2026-09-17T14:34:06.234169+00:00,read,44958,3.057,True,
1325,26500.0,26500.236,2026-09-17T14:34:06.254123+00:00,read,86968,2.754,True,
1326,26520.0,26520.275,2026-09-17T14:34:06.274162+00:00,read,27271,2.644,True,
1327,26540.0,26540.193,2026-09-17T14:34:06.294081+00:00,read,11259,3.138,True,
1328,26560.0,26560.267,2026-09-17T14:34:06.314154+00:00,read,29614,3.027,True,
1329,26580.0,26580.269,2026-09-17T14:34:06.334157+00:00,read,10071,3.145,True,
1330,26600.0,26600.257,2026-09-17T14:34:06.354145+00:00,read,56874,2.972,True,
1331,26620.0,26620.263,2026-09-17T14:34:06.374150+00:00,read,54391,2.486,True,
1332,26640.0,26640.289,2026-09-17T14:34:06.394176+00:00,read,7648,2.918,True,
1333,26660.0,26660.333,2026-09-17T14:34:06.414221+00:00,read,19360,3.147,True,
1334,26680.0,26680.249,2026-09-17T14:34:06.434137+00:00,read,73686,3.885,True,
1335,26700.0,26700.293,2026-09-17T14:34:06.454180+00:00,read,42136,2.491,True,
1336,26720.0,26720.118,2026-09-17T14:34:06.474003+00:00,read,75767,1.996,True,
1337,26740.0,26740.126,2026-09-17T14:34:06.494012+00:00,read,52367,1.755,True,
1338,26760.0,26760.119,2026-09-17T14:34:06.514007+00:00,read,89077,1.765,True,
1339,26780.0,26780.216,2026-09-17T14:34:06.534104+00:00,read,25859,2.111,True,
1340,26800.0,26800.133,2026-09-17T14:34:06.554020+00:00,read,6776,1.886,True,
1341,26820.0,26820.13,2026-09-17T14:34:06.574016+00:00,read,62387,1.296,True,
1342,26840.0,26840.463,2026-09-17T14:34:06.594351+00:00,read,26693,2.531,True,
1343,26860.0,26860.23,2026-09-17T14:34:06.614116+00:00,read,50964,1.994,True,
1344,26880.0,26880.264,2026-09-17T14:34:06.634150+00:00,read,69318,2.64,True,
1345,26900.0,26900.341,2026-09-17T14:34:06.654228+00:00,read,80775,3.04,True,
1346,26920.0,26920.132,2026-09-17T14:34:06.674019+00:00,read,87679,2.46,True,
1347,26940.0,26940.186,2026-09-17T14:34:06.694074+00:00,read,51442,2.68,True,
1348,26960.0,26960.194,2026-09-17T14:34:06.714083+00:00,read,40450,3.227,True,
1349,26980.0,26980.249,2026-09-17T14:34:06.734136+00:00,read,53535,2.716,True,
1350,27000.0,27000.206,2026-09-17T14:34:06.754093+00:00,read,28194,2.227,True,
1351,27020.0,27020.24,2026-09-17T14:34:06.774128+00:00,read,61268,2.994,True,
1352,27040.0,27040.179,2026-09-17T14:34:06.794065+00:00,read,95529,2.783,True,
1353,27060.0,27060.141,2026-09-17T14:34:06.814098+00:00,read,81291,2.827,True,
1354,27080.0,27080.23,2026-09-17T14:34:06.834117+00:00,read,35400,2.849,True,
1355,27100.0,27100.247,2026-09-17T14:34:06.854134+00:00,read,59085,3.07,True,
1356,27120.0,27120.142,2026-09-17T14:34:06.874108+00:00,read,94993,2.981,True,
1357,27140.0,27140.297,2026-09-17T14:34:06.894186+00:00,read,78030,3.42,True,
1358,27160.0,27160.267,2026-09-17T14:34:06.914156+00:00,read,55206,2.678,True,
1359,27180.0,27180.216,2026-09-17T14:34:06.934106+00:00,read,97588,3.133,True,
1360,27200.0,27200.328,2026-09-17T14:34:06.954217+00:00,read,24757,3.093,True,
1361,27220.0,27220.183,2026-09-17T14:34:06.974071+00:00,read,77898,2.789,True,
1362,27240.0,27240.095,2026-09-17T14:34:06.993980+00:00,read,33911,1.396,True,
1363,27260.0,27260.105,2026-09-17T14:34:07.013991+00:00,read,79995,3.558,True,
1364,27280.0,27280.1,2026-09-17T14:34:07.033985+00:00,read,2271,1.452,True,
1365,27300.0,27300.196,2026-09-17T14:34:07.054081+00:00,read,17950,1.34,True,
1366,27320.0,27320.294,2026-09-17T14:34:07.074183+00:00,read,55505,2.384,True,
1367,27340.0,27340.202,2026-09-17T14:34:07.094093+00:00,read,13609,2.646,True,
1368,27360.0,27360.135,2026-09-17T14:34:07.114023+00:00,read,88266,1.947,True,
1369,27380.0,27380.202,2026-09-17T14:34:07.134093+00:00,read,56495,2.697,True,
1370,27400.0,27400.335,2026-09-17T14:34:07.154222+00:00,read,52563,2.863,True,
1371,27420.0,27420.235,2026-09-17T14:34:07.174123+00:00,read,14007,1.994,True,
1372,27440.0,27440.202,2026-09-17T14:34:07.194092+00:00,read,19447,3.333,True,
1373,27460.0,27460.222,2026-09-17T14:34:07.214113+00:00,read,90943,2.832,True,
1374,27480.0,27480.123,2026-09-17T14:34:07.234007+00:00,read,42479,1.093,True,
1375,27500.0,27500.207,2026-09-17T14:34:07.254092+00:00,read,92180,1.789,True,
1376,27520.0,27520.292,2026-09-17T14:34:07.274179+00:00,read,71507,2.806,True,
1377,27540.0,27540.223,2026-09-17T14:34:07.294112+00:00,read,21198,3.458,True,
1378,27560.0,27560.206,2026-09-17T14:34:07.314094+00:00,read,74915,3.035,True,
1379,27580.0,27580.377,2026-09-17T14:34:07.334266+00:00,read,18081,3.412,True,
1380,27600.0,27600.388,2026-09-17T14:34:07.354276+00:00,read,37439,2.96,True,
1381,27620.0,27620.305,2026-09-17T14:34:07.374194+00:00,read,54133,3.452,True,
1382,27640.0,27640.289,2026-09-17T14:34:07.394177+00:00,read,13244,3.388,True,
1383,27660.0,27660.19,2026-09-17T14:34:07.414078+00:00,read,13203,3.098,True,
1384,27680.0,27680.383,2026-09-17T14:34:07.434271+00:00,read,1467,3.381,True,
1385,27700.0,27700.32,2026-09-17T14:34:07.454210+00:00,read,6027,2.934,True,
1386,27720.0,27720.191,2026-09-17T14:34:07.474078+00:00,read,44884,2.791,True,
1387,27740.0,27740.215,2026-09-17T14:34:07.494104+00:00,read,63678,2.998,True,
1388,27760.0,27760.19,2026-09-17T14:34:07.514089+00:00,read,57830,3.339,True,
1389,27780.0,27780.337,2026-09-17T14:34:07.534226+00:00,read,5363,3.471,True,
1390,27800.0,27800.441,2026-09-17T14:34:07.554330+00:00,read,32410,3.612,True,
1391,27820.0,27820.366,2026-09-17T14:34:07.574253+00:00,read,59223,2.941,True,
1392,27840.0,27840.296,2026-09-17T14:34:07.594185+00:00,read,80651,3.988,True,
1393,27860.0,27860.264,2026-09-17T14:34:07.614156+00:00,read,62171,2.401,True,
1394,27880.0,27880.265,2026-09-17T14:34:07.634153+00:00,read,95660,2.895,True,
1395,27900.0,27900.226,2026-09-17T14:34:07.654114+00:00,read,35450,2.697,True,
1396,27920.0,27920.254,2026-09-17T14:34:07.674141+00:00,read,84619,2.645,True,
1397,27940.0,27940.313,2026-09-17T14:34:07.694201+00:00,read,43014,2.663,True,
1398,27960.0,27960.135,2026-09-17T14:34:07.714022+00:00,read,63818,2.661,True,
1399,27980.0,27980.977,2026-09-17T14:34:07.734864+00:00,read,95728,2.697,True,
1400,28000.0,28000.257,2026-09-17T14:34:07.754146+00:00,read,9301,3.058,True,
1401,28020.0,28020.244,2026-09-17T14:34:07.774132+00:00,read,57449,3.077,True,
1402,28040.0,28040.311,2026-09-17T14:34:07.794198+00:00,read,63701,2.772,True,
1403,28060.0,28060.258,2026-09-17T14:34:07.814146+00:00,read,80591,2.938,True,
1404,28080.0,28080.244,2026-09-17T14:34:07.834131+00:00,read,16392,2.773,True,
1405,28100.0,28100.188,2026-09-17T14:34:07.854077+00:00,read,13260,2.776,True,
1406,28120.0,28120.191,2026-09-17T14:34:07.874078+00:00,read,11370,3.229,True,
1407,28140.0,28140.142,2026-09-17T14:34:07.894105+00:00,read,18972,2.717,True,
1408,28160.0,28160.221,2026-09-17T14:34:07.914108+00:00,read,21288,2.78,True,
1409,28180.0,28180.18,2026-09-17T14:34:07.934068+00:00,read,79135,2.878,True,
1410,28200.0,28200.315,2026-09-17T14:34:07.954203+00:00,read,23176,2.307,True,
1411,28220.0,28220.193,2026-09-17T14:34:07.974081+00:00,read,90420,2.583,True,
1412,28240.0,28240.247,2026-09-17T14:34:07.994134+00:00,read,9303,2.723,True,
1413,28260.0,28260.264,2026-09-17T14:34:08.014151+00:00,read,36877,2.76,True,
1414,28280.0,28280.202,2026-09-17T14:34:08.034089+00:00,read,24305,2.658,True,
1415,28300.0,28300.212,2026-09-17T14:34:08.054099+00:00,read,79412,2.558,True,
1416,28320.0,28320.275,2026-09-17T14:34:08.074163+00:00,read,36918,2.286,True,
1417,28340.0,28340.239,2026-09-17T14:34:08.094126+00:00,read,65146,2.848,True,
1418,28360.0,28360.192,2026-09-17T14:34:08.114079+00:00,read,91156,2.48,True,
1419,28380.0,28380.261,2026-09-17T14:34:08.134147+00:00,read,87456,2.506,True,
1420,28400.0,28400.292,2026-09-17T14:34:08.154180+00:00,read,58753,2.975,True,
1421,28420.0,28420.322,2026-09-17T14:34:08.174209+00:00,read,34747,3.261,True,
1422,28440.0,28440.246,2026-09-17T14:34:08.194133+00:00,read,11019,2.898,True,
1423,28460.0,28460.142,2026-09-17T14:34:08.214089+00:00,read,25096,2.648,True,
1424,28480.0,28480.239,2026-09-17T14:34:08.234127+00:00,read,69924,2.576,True,
1425,28500.0,28500.288,2026-09-17T14:34:08.254175+00:00,read,18037,2.943,True,
1426,28520.0,28520.336,2026-09-17T14:34:08.274223+00:00,read,59709,2.753,True,
1427,28540.0,28540.186,2026-09-17T14:34:08.294075+00:00,read,14911,2.667,True,
1428,28560.0,28560.242,2026-09-17T14:34:08.314129+00:00,read,13646,2.47,True,
1429,28580.0,28580.231,2026-09-17T14:34:08.334118+00:00,read,17927,2.943,True,
1430,28600.0,28600.243,2026-09-17T14:34:08.354130+00:00,read,19759,2.831,True,
1431,28620.0,28620.182,2026-09-17T14:34:08.374069+00:00,read,20742,2.863,True,
1432,28640.0,28640.381,2026-09-17T14:34:08.394269+00:00,read,57045,2.986,True,
1433,28660.0,28660.143,2026-09-17T14:34:08.414119+00:00,read,45691,2.806,True,
1434,28680.0,28680.269,2026-09-17T14:34:08.434157+00:00,read,30041,2.672,True,
1435,28700.0,28700.191,2026-09-17T14:34:08.454078+00:00,read,86447,3.272,True,
1436,28720.0,28720.205,2026-09-17T14:34:08.474101+00:00,read,87839,2.992,True,
1437,28740.0,28740.217,2026-09-17T14:34:08.494105+00:00,read,98065,2.929,True,
1438,28760.0,28760.136,2026-09-17T14:34:08.514022+00:00,read,78208,2.504,True,
1439,28780.0,28780.368,2026-09-17T14:34:08.534255+00:00,read,86943,3.084,True,
1440,28800.0,28800.234,2026-09-17T14:34:08.554121+00:00,read,3285,2.849,True,
1441,28820.0,28820.23,2026-09-17T14:34:08.574117+00:00,read,88602,2.692,True,
1442,28840.0,28840.22,2026-09-17T14:34:08.594105+00:00,read,43540,1.887,True,
1443,28860.0,28860.144,2026-09-17T14:34:08.614098+00:00,read,14746,2.182,True,
1444,28880.0,28880.134,2026-09-17T14:34:08.634020+00:00,read,24386,1.522,True,
1445,28900.0,28900.257,2026-09-17T14:34:08.654147+00:00,read,4292,2.107,True,
1446,28920.0,28920.11,2026-09-17T14:34:08.673996+00:00,read,59333,1.813,True,
1447,28940.0,28940.219,2026-09-17T14:34:08.694106+00:00,read,89652,1.487,True,
1448,28960.0,28960.216,2026-09-17T14:34:08.714107+00:00,read,45195,2.745,True,
1449,28980.0,28980.228,2026-09-17T14:34:08.734116+00:00,read,75623,2.712,True,
1450,29000.0,29000.264,2026-09-17T14:34:08.754152+00:00,read,69810,3.51,True,
1451,29020.0,29020.245,2026-09-17T14:34:08.774135+00:00,read,9609,2.649,True,
1452,29040.0,29040.315,2026-09-17T14:34:08.794202+00:00,read,59032,2.247,True,
1453,29060.0,29060.243,2026-09-17T14:34:08.814131+00:00,read,33656,2.705,True,
1454,29080.0,29080.216,2026-09-17T14:34:08.834104+00:00,read,65491,2.722,True,
1455,29100.0,29100.192,2026-09-17T14:34:08.854080+00:00,read,14779,3.219,True,
1456,29120.0,29120.216,2026-09-17T14:34:08.874105+00:00,read,56759,2.974,True,
1457,29140.0,29140.252,2026-09-17T14:34:08.894141+00:00,read,54347,2.609,True,
1458,29160.0,29160.231,2026-09-17T14:34:08.914118+00:00,read,44660,2.551,True,
1459,29180.0,29180.145,2026-09-17T14:34:08.934103+00:00,read,12484,2.756,True,
1460,29200.0,29200.23,2026-09-17T14:34:08.954116+00:00,read,23637,2.375,True,
1461,29220.0,29220.229,2026-09-17T14:34:08.974116+00:00,read,82120,2.826,True,
1462,29240.0,29240.335,2026-09-17T14:34:08.994221+00:00,read,53921,2.724,True,
1463,29260.0,29260.137,2026-09-17T14:34:09.014023+00:00,read,76354,3.262,True,
1464,29280.0,29280.287,2026-09-17T14:34:09.034175+00:00,read,54264,3.567,True,
1465,29300.0,29300.189,2026-09-17T14:34:09.054076+00:00,read,6686,3.21,True,
1466,29320.0,29320.245,2026-09-17T14:34:09.074131+00:00,read,58395,2.799,True,
1467,29340.0,29340.318,2026-09-17T14:34:09.094209+00:00,read,64409,2.663,True,
1468,29360.0,29360.201,2026-09-17T14:34:09.114094+00:00,read,87995,3.2,True,
1469,29380.0,29380.227,2026-09-17T14:34:09.134116+00:00,read,95060,3.218,True,
1470,29400.0,29400.284,2026-09-17T14:34:09.154171+00:00,read,30014,2.375,True,
1471,29420.0,29420.271,2026-09-17T14:34:09.174197+00:00,read,23160,2.431,True,
1472,29440.0,29440.337,2026-09-17T14:34:09.194224+00:00,read,22931,2.422,True,
1473,29460.0,29460.279,2026-09-17T14:34:09.214167+00:00,read,43796,2.502,True,
1474,29480.0,29480.26,2026-09-17T14:34:09.234148+00:00,read,67785,2.634,True,
1475,29500.0,29500.285,2026-09-17T14:34:09.254173+00:00,read,63813,2.804,True,
1476,29520.0,29520.306,2026-09-17T14:34:09.274193+00:00,read,15309,2.437,True,
1477,29540.0,29540.219,2026-09-17T14:34:09.294106+00:00,read,67934,2.469,True,
1478,29560.0,29560.183,2026-09-17T14:34:09.314069+00:00,read,20666,1.277,True,
1479,29580.0,29580.124,2026-09-17T14:34:09.334007+00:00,read,16605,1.87,True,
1480,29600.0,29600.308,2026-09-17T14:34:09.354194+00:00,read,24482,2.641,True,
1481,29620.0,29620.241,2026-09-17T14:34:09.374130+00:00,read,65197,2.571,True,
1482,29640.0,29640.328,2026-09-17T14:34:09.394216+00:00,read,64580,2.578,True,
1483,29660.0,29660.338,2026-09-17T14:34:09.414226+00:00,read,39718,2.104,True,
1484,29680.0,29680.238,2026-09-17T14:34:09.434124+00:00,read,31334,2.193,True,
1485,29700.0,29700.213,2026-09-17T14:34:09.454098+00:00,read,68108,1.218,True,
1486,29720.0,29720.397,2026-09-17T14:34:09.474287+00:00,read,68847,2.349,True,
1487,29740.0,29740.146,2026-09-17T14:34:09.494085+00:00,read,49570,1.805,True,
1488,29760.0,29760.225,2026-09-17T14:34:09.514119+00:00,read,83585,2.148,True,
1489,29780.0,29780.137,2026-09-17T14:34:09.534024+00:00,read,96611,2.294,True,
1490,29800.0,29800.241,2026-09-17T14:34:09.554128+00:00,read,95983,2.155,True,
1491,29820.0,29820.22,2026-09-17T14:34:09.574107+00:00,read,36130,2.265,True,
1492,29840.0,29840.244,2026-09-17T14:34:09.594132+00:00,read,98239,2.302,True,
1493,29860.0,29860.211,2026-09-17T14:34:09.614102+00:00,read,42394,3.037,True,
1494,29880.0,29880.355,2026-09-17T14:34:09.634245+00:00,read,95053,2.81,True,
1495,29900.0,29900.257,2026-09-17T14:34:09.654144+00:00,read,60530,2.442,True,
1496,29920.0,29920.217,2026-09-17T14:34:09.674104+00:00,read,72864,1.582,True,
1497,29940.0,29940.343,2026-09-17T14:34:09.694229+00:00,read,807,1.995,True,
1498,29960.0,29960.233,2026-09-17T14:34:09.714121+00:00,read,21817,2.302,True,
1499,29980.0,29980.23,2026-09-17T14:34:09.734117+00:00,read,75044,2.307,True,
