index,scheduled_offset_ms,start_offset_ms,timestamp_utc,operation,row_id,latency_ms,success,error
0,0.0,0.035,2026-09-17T15:04:58.753375+00:00,read,86834,6.976,True,
1,20.0,20.142,2026-09-17T15:04:58.773490+00:00,read,89459,4.731,True,
2,40.0,40.279,2026-09-17T15:04:58.793626+00:00,read,20863,3.63,True,
3,60.0,60.405,2026-09-17T15:04:58.813753+00:00,read,14226,3.554,True,
4,80.0,80.385,2026-09-17T15:04:58.833733+00:00,read,66119,3.894,True,
5,100.0,100.229,2026-09-17T15:04:58.853576+00:00,read,99870,3.187,True,
6,120.0,120.366,2026-09-17T15:04:58.873710+00:00,read,57401,2.767,True,
7,140.0,140.264,2026-09-17T15:04:58.893610+00:00,read,75111,3.275,True,
8,160.0,160.353,2026-09-17T15:04:58.913696+00:00,read,65657,3.192,True,
9,180.0,180.227,2026-09-17T15:04:58.933572+00:00,read,73610,3.046,True,
10,200.0,200.341,2026-09-17T15:04:58.953687+00:00,read,70111,1.877,True,
11,220.0,220.381,2026-09-17T15:04:58.973726+00:00,read,32580,3.031,True,
12,240.0,240.34,2026-09-17T15:04:58.993682+00:00,read,57118,1.37,True,
13,260.0,260.251,2026-09-17T15:04:59.013597+00:00,read,70848,3.058,True,
14,280.0,280.272,2026-09-17T15:04:59.033620+00:00,read,59418,2.989,True,
15,300.0,300.207,2026-09-17T15:04:59.053554+00:00,read,83473,3.243,True,
16,320.0,320.36,2026-09-17T15:04:59.073706+00:00,read,69544,3.107,True,
17,340.0,340.168,2026-09-17T15:04:59.093517+00:00,read,16763,3.178,True,
18,360.0,360.189,2026-09-17T15:04:59.113536+00:00,read,63513,2.717,True,
19,380.0,380.236,2026-09-17T15:04:59.133584+00:00,read,23886,4.797,True,
20,400.0,400.164,2026-09-17T15:04:59.153512+00:00,read,78217,2.448,True,
21,420.0,420.18,2026-09-17T15:04:59.173527+00:00,read,89143,3.438,True,
22,440.0,440.168,2026-09-17T15:04:59.193515+00:00,read,93479,2.999,True,
23,460.0,460.197,2026-09-17T15:04:59.213545+00:00,read,24898,2.964,True,
24,480.0,480.184,2026-09-17T15:04:59.233529+00:00,read,9908,3.54,True,
25,500.0,500.283,2026-09-17T15:04:59.253711+00:00,read,47864,3.151,True,
26,520.0,520.186,2026-09-17T15:04:59.273533+00:00,read,42512,3.365,True,
27,540.0,540.286,2026-09-17T15:04:59.293710+00:00,read,34015,3.214,True,
28,560.0,560.172,2026-09-17T15:04:59.313519+00:00,read,79675,3.459,True,
29,580.0,580.256,2026-09-17T15:04:59.333602+00:00,read,58584,2.989,True,
30,600.0,600.246,2026-09-17T15:04:59.353592+00:00,read,76968,3.072,True,
31,620.0,620.281,2026-09-17T15:04:59.373629+00:00,read,92043,3.164,True,
32,640.0,640.241,2026-09-17T15:04:59.393588+00:00,read,80320,3.09,True,
33,660.0,660.201,2026-09-17T15:04:59.413544+00:00,read,7015,1.419,True,
34,680.0,680.141,2026-09-17T15:04:59.433487+00:00,read,75545,2.711,True,
35,700.0,700.225,2026-09-17T15:04:59.453570+00:00,read,28277,3.187,True,
36,720.0,720.2,2026-09-17T15:04:59.473548+00:00,read,76162,3.496,True,
37,740.0,740.393,2026-09-17T15:04:59.493743+00:00,read,16913,3.846,True,
38,760.0,760.519,2026-09-17T15:04:59.513871+00:00,read,73063,1.938,True,
39,780.0,780.416,2026-09-17T15:04:59.533766+00:00,read,9889,3.741,True,
40,800.0,800.254,2026-09-17T15:04:59.553603+00:00,read,29112,1.831,True,
41,820.0,820.166,2026-09-17T15:04:59.573516+00:00,read,15423,2.68,True,
42,840.0,840.474,2026-09-17T15:04:59.593823+00:00,read,21833,3.636,True,
43,860.0,860.278,2026-09-17T15:04:59.613628+00:00,read,87161,3.327,True,
44,880.0,880.284,2026-09-17T15:04:59.633706+00:00,read,1138,3.408,True,
45,900.0,900.158,2026-09-17T15:04:59.653508+00:00,read,46359,4.039,True,
46,920.0,920.432,2026-09-17T15:04:59.673783+00:00,read,50516,3.482,True,
47,940.0,940.169,2026-09-17T15:04:59.693518+00:00,read,71328,4.094,True,
48,960.0,960.36,2026-09-17T15:04:59.713704+00:00,read,97983,3.141,True,
49,980.0,980.425,2026-09-17T15:04:59.733777+00:00,read,57305,3.698,True,
50,1000.0,1000.177,2026-09-17T15:04:59.753526+00:00,read,57592,1.819,True,
51,1020.0,1020.139,2026-09-17T15:04:59.773483+00:00,read,19693,2.417,True,
52,1040.0,1040.162,2026-09-17T15:04:59.793512+00:00,read,95988,2.068,True,
53,1060.0,1060.14,2026-09-17T15:04:59.813485+00:00,read,60364,1.31,True,
54,1080.0,1080.19,2026-09-17T15:04:59.833532+00:00,read,54093,1.637,True,
55,1100.0,1100.404,2026-09-17T15:04:59.853751+00:00,read,36488,2.711,True,
56,1120.0,1120.394,2026-09-17T15:04:59.873742+00:00,read,92269,3.516,True,
57,1140.0,1140.128,2026-09-17T15:04:59.893473+00:00,read,81917,2.99,True,
58,1160.0,1160.261,2026-09-17T15:04:59.913608+00:00,read,15035,3.003,True,
59,1180.0,1180.277,2026-09-17T15:04:59.933625+00:00,read,63617,3.621,True,
60,1200.0,1200.196,2026-09-17T15:04:59.953545+00:00,read,34722,1.894,True,
61,1220.0,1220.266,2026-09-17T15:04:59.973612+00:00,read,26090,2.484,True,
62,1240.0,1240.357,2026-09-17T15:04:59.993705+00:00,read,81533,2.932,True,
63,1260.0,1260.199,2026-09-17T15:05:00.013545+00:00,read,94690,3.294,True,
64,1280.0,1280.409,2026-09-17T15:05:00.033761+00:00,read,23335,4.464,True,
65,1300.0,1300.384,2026-09-17T15:05:00.053731+00:00,read,15240,3.84,True,
66,1320.0,1320.374,2026-09-17T15:05:00.073720+00:00,read,75375,2.841,True,
67,1340.0,1340.224,2026-09-17T15:05:00.093571+00:00,read,36751,3.165,True,
68,1360.0,1360.228,2026-09-17T15:05:00.113577+00:00,read,7456,2.952,True,
69,1380.0,1380.382,2026-09-17T15:05:00.133727+00:00,read,97481,2.695,True,
70,1400.0,1400.193,2026-09-17T15:05:00.153540+00:00,read,85779,3.348,True,
71,1420.0,1420.191,2026-09-17T15:05:00.173540+00:00,read,51998,3.698,True,
72,1440.0,1440.202,2026-09-17T15:05:00.193552+00:00,read,67975,3.381,True,
73,1460.0,1460.257,2026-09-17T15:05:00.213606+00:00,read,10938,3.132,True,
74,1480.0,1480.286,2026-09-17T15:05:00.233706+00:00,read,36696,2.435,True,
75,1500.0,1500.196,2026-09-17T15:05:00.253544+00:00,read,63269,3.514,True,
76,1520.0,1520.269,2026-09-17T15:05:00.273616+00:00,read,319,1.962,True,
77,1540.0,1540.284,2026-09-17T15:05:00.293629+00:00,read,96011,2.331,True,
78,1560.0,1560.206,2026-09-17T15:05:00.313551+00:00,read,22137,2.088,True,
79,1580.0,1580.182,2026-09-17T15:05:00.333527+00:00,read,95269,2.735,True,
80,1600.0,1600.388,2026-09-17T15:05:00.353737+00:00,read,46198,1.986,True,
81,1620.0,1620.28,2026-09-17T15:05:00.373625+00:00,read,57763,3.223,True,
82,1640.0,1640.274,2026-09-17T15:05:00.393620+00:00,read,31867,2.853,True,
83,1660.0,1660.1,2026-09-17T15:05:00.413443+00:00,read,62716,1.317,True,
84,1680.0,1680.173,2026-09-17T15:05:00.433519+00:00,read,95978,2.807,True,
85,1700.0,1700.421,2026-09-17T15:05:00.453773+00:00,read,16998,3.78,True,
86,1720.0,1720.398,2026-09-17T15:05:00.473749+00:00,read,30166,4.486,True,
87,1740.0,1740.272,2026-09-17T15:05:00.493620+00:00,read,12650,2.975,True,
88,1760.0,1760.277,2026-09-17T15:05:00.513627+00:00,read,13749,3.355,True,
89,1780.0,1780.247,2026-09-17T15:05:00.533593+00:00,read,20166,3.243,True,
90,1800.0,1800.258,2026-09-17T15:05:00.553604+00:00,read,98251,3.157,True,
91,1820.0,1820.252,2026-09-17T15:05:00.573600+00:00,read,4228,4.597,True,
92,1840.0,1840.142,2026-09-17T15:05:00.593490+00:00,read,10273,3.147,True,
93,1860.0,1860.29,2026-09-17T15:05:00.613801+00:00,read,37846,2.036,True,
94,1880.0,1880.171,2026-09-17T15:05:00.633516+00:00,read,47290,1.914,True,
95,1900.0,1900.11,2026-09-17T15:05:00.653454+00:00,read,18868,1.584,True,
96,1920.0,1920.394,2026-09-17T15:05:00.673745+00:00,read,1200,3.799,True,
97,1940.0,1940.135,2026-09-17T15:05:00.693481+00:00,read,12682,1.793,True,
98,1960.0,1960.165,2026-09-17T15:05:00.713509+00:00,read,82228,1.315,True,
99,1980.0,1980.157,2026-09-17T15:05:00.733504+00:00,read,60505,2.376,True,
100,2000.0,2000.166,2026-09-17T15:05:00.753515+00:00,read,62505,3.536,True,
101,2020.0,2020.198,2026-09-17T15:05:00.773546+00:00,read,34974,3.228,True,
102,2040.0,2040.348,2026-09-17T15:05:00.793693+00:00,read,63197,2.034,True,
103,2060.0,2060.155,2026-09-17T15:05:00.813502+00:00,read,31588,2.902,True,
104,2080.0,2080.122,2026-09-17T15:05:00.833468+00:00,read,57174,2.697,True,
105,2100.0,2100.276,2026-09-17T15:05:00.853624+00:00,read,81630,3.098,True,
106,2120.0,2120.182,2026-09-17T15:05:00.873527+00:00,read,90802,2.914,True,
107,2140.0,2140.171,2026-09-17T15:05:00.893521+00:00,read,91907,3.206,True,
108,2160.0,2160.195,2026-09-17T15:05:00.913538+00:00,read,75318,1.327,True,
109,2180.0,2180.144,2026-09-17T15:05:00.933487+00:00,read,54642,2.947,True,
110,2200.0,2200.152,2026-09-17T15:05:00.953495+00:00,read,17825,1.587,True,
111,2220.0,2220.289,2026-09-17T15:05:00.973688+00:00,read,47387,2.587,True,
112,2240.0,2240.414,2026-09-17T15:05:00.993762+00:00,read,84452,2.663,True,
113,2260.0,2260.319,2026-09-17T15:05:01.013662+00:00,read,64167,1.283,True,
114,2280.0,2280.158,2026-09-17T15:05:01.033499+00:00,read,35261,2.298,True,
115,2300.0,2300.383,2026-09-17T15:05:01.053730+00:00,read,30975,2.588,True,
116,2320.0,2320.18,2026-09-17T15:05:01.073526+00:00,read,87345,2.985,True,
117,2340.0,2340.168,2026-09-17T15:05:01.093515+00:00,read,98078,2.956,True,
118,2360.0,2360.124,2026-09-17T15:05:01.113470+00:00,read,42577,1.804,True,
119,2380.0,2380.141,2026-09-17T15:05:01.133488+00:00,read,49520,1.264,True,
120,2400.0,2400.428,2026-09-17T15:05:01.153775+00:00,read,72465,1.476,True,
121,2420.0,2420.191,2026-09-17T15:05:01.173536+00:00,read,85936,2.114,True,
122,2440.0,2440.391,2026-09-17T15:05:01.193735+00:00,read,5352,3.456,True,
123,2460.0,2460.114,2026-09-17T15:05:01.213460+00:00,read,94817,2.458,True,
124,2480.0,2480.391,2026-09-17T15:05:01.233741+00:00,read,78153,3.177,True,
125,2500.0,2500.164,2026-09-17T15:05:01.253512+00:00,read,56277,3.199,True,
126,2520.0,2520.194,2026-09-17T15:05:01.273545+00:00,read,66583,3.562,True,
127,2540.0,2540.168,2026-09-17T15:05:01.293519+00:00,read,78897,3.841,True,
128,2560.0,2560.369,2026-09-17T15:05:01.313717+00:00,read,60012,3.469,True,
129,2580.0,2580.214,2026-09-17T15:05:01.333559+00:00,read,42327,3.653,True,
130,2600.0,2600.418,2026-09-17T15:05:01.353765+00:00,read,87156,3.867,True,
131,2620.0,2620.279,2026-09-17T15:05:01.373625+00:00,read,93135,3.646,True,
132,2640.0,2640.381,2026-09-17T15:05:01.393728+00:00,read,98596,3.553,True,
133,2660.0,2660.367,2026-09-17T15:05:01.413712+00:00,read,99760,3.457,True,
134,2680.0,2680.171,2026-09-17T15:05:01.433518+00:00,read,89492,3.298,True,
135,2700.0,2700.173,2026-09-17T15:05:01.453519+00:00,read,2873,2.714,True,
136,2720.0,2720.254,2026-09-17T15:05:01.473598+00:00,read,69140,2.27,True,
137,2740.0,2740.176,2026-09-17T15:05:01.493521+00:00,read,14257,1.705,True,
138,2760.0,2760.149,2026-09-17T15:05:01.513492+00:00,read,33975,1.793,True,
139,2780.0,2780.144,2026-09-17T15:05:01.533489+00:00,read,63201,2.278,True,
140,2800.0,2800.192,2026-09-17T15:05:01.553535+00:00,read,27179,1.67,True,
141,2820.0,2820.162,2026-09-17T15:05:01.573508+00:00,read,35618,2.53,True,
142,2840.0,2840.126,2026-09-17T15:05:01.593468+00:00,read,95961,1.789,True,
143,2860.0,2860.252,2026-09-17T15:05:01.613603+00:00,read,90294,3.787,True,
144,2880.0,2880.382,2026-09-17T15:05:01.633728+00:00,read,97255,2.342,True,
145,2900.0,2900.151,2026-09-17T15:05:01.653496+00:00,read,10629,3.268,True,
146,2920.0,2920.26,2026-09-17T15:05:01.673607+00:00,read,13295,3.73,True,
147,2940.0,2940.191,2026-09-17T15:05:01.693541+00:00,read,20994,3.418,True,
148,2960.0,2960.383,2026-09-17T15:05:01.713734+00:00,read,40806,3.832,True,
149,2980.0,2980.161,2026-09-17T15:05:01.733508+00:00,read,83398,1.88,True,
150,3000.0,3000.165,2026-09-17T15:05:01.753513+00:00,read,42968,2.362,True,
151,3020.0,3020.403,2026-09-17T15:05:01.773749+00:00,read,61807,3.358,True,
152,3040.0,3040.398,2026-09-17T15:05:01.793744+00:00,read,3091,4.509,True,
153,3060.0,3060.555,2026-09-17T15:05:01.813903+00:00,read,13797,3.587,True,
154,3080.0,3080.423,2026-09-17T15:05:01.833772+00:00,read,12187,4.334,True,
155,3100.0,3100.447,2026-09-17T15:05:01.853798+00:00,read,77927,3.761,True,
156,3120.0,3120.161,2026-09-17T15:05:01.873507+00:00,read,89187,3.92,True,
157,3140.0,3140.149,2026-09-17T15:05:01.893494+00:00,read,44537,3.012,True,
158,3160.0,3160.201,2026-09-17T15:05:01.913547+00:00,read,70389,15.365,True,
159,3180.0,3180.219,2026-09-17T15:05:01.933564+00:00,read,5819,3.49,True,
160,3200.0,3200.386,2026-09-17T15:05:01.953736+00:00,read,31901,3.138,True,
161,3220.0,3220.425,2026-09-17T15:05:01.973775+00:00,read,83654,3.615,True,
162,3240.0,3240.399,2026-09-17T15:05:01.993744+00:00,read,63516,3.383,True,
163,3260.0,3260.354,2026-09-17T15:05:02.013701+00:00,read,9896,3.656,True,
164,3280.0,3280.282,2026-09-17T15:05:02.033629+00:00,read,59576,3.222,True,
165,3300.0,3300.217,2026-09-17T15:05:02.053562+00:00,read,32925,3.296,True,
166,3320.0,3320.161,2026-09-17T15:05:02.073506+00:00,read,3791,3.737,True,
167,3340.0,3340.174,2026-09-17T15:05:02.093522+00:00,read,25082,4.37,True,
168,3360.0,3360.148,2026-09-17T15:05:02.113494+00:00,read,83993,3.707,True,
169,3380.0,3380.185,2026-09-17T15:05:02.133531+00:00,read,44642,3.103,True,
170,3400.0,3400.165,2026-09-17T15:05:02.153511+00:00,read,3018,4.292,True,
171,3420.0,3420.165,2026-09-17T15:05:02.173511+00:00,read,23785,3.007,True,
172,3440.0,3440.128,2026-09-17T15:05:02.193469+00:00,read,19481,1.164,True,
173,3460.0,3460.125,2026-09-17T15:05:02.213467+00:00,read,12254,1.633,True,
174,3480.0,3480.111,2026-09-17T15:05:02.233455+00:00,read,17547,1.601,True,
175,3500.0,3500.105,2026-09-17T15:05:02.253448+00:00,read,40493,1.535,True,
176,3520.0,3520.152,2026-09-17T15:05:02.273498+00:00,read,64246,2.507,True,
177,3540.0,3540.145,2026-09-17T15:05:02.293494+00:00,read,15923,1.897,True,
178,3560.0,3560.141,2026-09-17T15:05:02.313484+00:00,read,3143,2.225,True,
179,3580.0,3580.186,2026-09-17T15:05:02.333532+00:00,read,68281,3.135,True,
180,3600.0,3600.185,2026-09-17T15:05:02.353531+00:00,read,1647,3.039,True,
181,3620.0,3620.169,2026-09-17T15:05:02.373515+00:00,read,89460,3.139,True,
182,3640.0,3640.187,2026-09-17T15:05:02.393533+00:00,read,94910,3.384,True,
183,3660.0,3660.212,2026-09-17T15:05:02.413558+00:00,read,24949,3.631,True,
184,3680.0,3680.18,2026-09-17T15:05:02.433527+00:00,read,19750,3.187,True,
185,3700.0,3700.151,2026-09-17T15:05:02.453497+00:00,read,87801,3.36,True,
186,3720.0,3720.191,2026-09-17T15:05:02.473537+00:00,read,81295,3.093,True,
187,3740.0,3740.165,2026-09-17T15:05:02.493513+00:00,read,67101,2.86,True,
188,3760.0,3760.159,2026-09-17T15:05:02.513507+00:00,read,60001,3.376,True,
189,3780.0,3780.165,2026-09-17T15:05:02.533514+00:00,read,66798,3.023,True,
190,3800.0,3800.241,2026-09-17T15:05:02.553589+00:00,read,64678,3.142,True,
191,3820.0,3820.282,2026-09-17T15:05:02.573629+00:00,read,3965,3.356,True,
192,3840.0,3840.289,2026-09-17T15:05:02.593754+00:00,read,52402,3.195,True,
193,3860.0,3860.153,2026-09-17T15:05:02.613498+00:00,read,88440,2.888,True,
194,3880.0,3880.291,2026-09-17T15:05:02.633725+00:00,read,12599,2.174,True,
195,3900.0,3900.287,2026-09-17T15:05:02.653699+00:00,read,66299,3.179,True,
196,3920.0,3920.152,2026-09-17T15:05:02.673498+00:00,read,54869,3.052,True,
197,3940.0,3940.208,2026-09-17T15:05:02.693597+00:00,read,32705,3.369,True,
198,3960.0,3960.275,2026-09-17T15:05:02.713625+00:00,read,71212,3.002,True,
199,3980.0,3980.261,2026-09-17T15:05:02.733611+00:00,read,48270,2.941,True,
200,4000.0,4000.164,2026-09-17T15:05:02.753514+00:00,read,51356,4.308,True,
201,4020.0,4020.267,2026-09-17T15:05:02.773616+00:00,read,21930,3.66,True,
202,4040.0,4040.118,2026-09-17T15:05:02.793466+00:00,read,58826,2.956,True,
203,4060.0,4060.108,2026-09-17T15:05:02.813451+00:00,read,81816,1.838,True,
204,4080.0,4080.225,2026-09-17T15:05:02.833576+00:00,read,12057,3.327,True,
205,4100.0,4100.275,2026-09-17T15:05:02.853625+00:00,read,86057,3.744,True,
206,4120.0,4120.256,2026-09-17T15:05:02.873605+00:00,read,90541,3.345,True,
207,4140.0,4140.291,2026-09-17T15:05:02.893717+00:00,read,28752,3.415,True,
208,4160.0,4160.201,2026-09-17T15:05:02.913550+00:00,read,53055,3.145,True,
209,4180.0,4180.235,2026-09-17T15:05:02.933584+00:00,read,31715,2.423,True,
210,4200.0,4200.177,2026-09-17T15:05:02.953529+00:00,read,88214,2.951,True,
211,4220.0,4220.165,2026-09-17T15:05:02.973511+00:00,read,35977,2.357,True,
212,4240.0,4240.135,2026-09-17T15:05:02.993478+00:00,read,61177,1.833,True,
213,4260.0,4260.168,2026-09-17T15:05:03.013511+00:00,read,33466,2.131,True,
214,4280.0,4280.143,2026-09-17T15:05:03.033490+00:00,read,94386,2.264,True,
215,4300.0,4300.16,2026-09-17T15:05:03.053505+00:00,read,24437,1.984,True,
216,4320.0,4320.242,2026-09-17T15:05:03.073586+00:00,read,53257,1.283,True,
217,4340.0,4340.271,2026-09-17T15:05:03.093618+00:00,read,31325,2.692,True,
218,4360.0,4360.373,2026-09-17T15:05:03.113719+00:00,read,9386,2.849,True,
219,4380.0,4380.445,2026-09-17T15:05:03.133794+00:00,read,34402,3.125,True,
220,4400.0,4400.246,2026-09-17T15:05:03.153591+00:00,read,60505,2.27,True,
221,4420.0,4420.449,2026-09-17T15:05:03.173794+00:00,read,13507,1.669,True,
222,4440.0,4440.396,2026-09-17T15:05:03.193742+00:00,read,16155,2.406,True,
223,4460.0,4460.147,2026-09-17T15:05:03.213491+00:00,read,62641,2.569,True,
224,4480.0,4480.21,2026-09-17T15:05:03.233552+00:00,read,80301,1.819,True,
225,4500.0,4500.137,2026-09-17T15:05:03.253483+00:00,read,64989,22.841,True,
226,4520.0,4523.018,2026-09-17T15:05:03.276357+00:00,read,65130,2.198,True,
227,4540.0,4540.162,2026-09-17T15:05:03.293509+00:00,read,46562,2.782,True,
228,4560.0,4560.108,2026-09-17T15:05:03.313454+00:00,read,49263,2.833,True,
229,4580.0,4580.146,2026-09-17T15:05:03.333491+00:00,read,24668,1.586,True,
230,4600.0,4600.155,2026-09-17T15:05:03.353501+00:00,read,72883,1.945,True,
231,4620.0,4620.371,2026-09-17T15:05:03.373720+00:00,read,91427,3.228,True,
232,4640.0,4640.187,2026-09-17T15:05:03.393538+00:00,read,93107,3.242,True,
233,4660.0,4660.249,2026-09-17T15:05:03.413598+00:00,read,56765,2.945,True,
234,4680.0,4680.288,2026-09-17T15:05:03.433667+00:00,read,62107,3.374,True,
235,4700.0,4700.203,2026-09-17T15:05:03.453550+00:00,read,46042,3.428,True,
236,4720.0,4720.274,2026-09-17T15:05:03.473623+00:00,read,60032,2.873,True,
237,4740.0,4740.268,2026-09-17T15:05:03.493617+00:00,read,21432,3.117,True,
238,4760.0,4760.258,2026-09-17T15:05:03.513605+00:00,read,87516,3.47,True,
239,4780.0,4780.375,2026-09-17T15:05:03.533722+00:00,read,9673,4.058,True,
240,4800.0,4800.182,2026-09-17T15:05:03.553528+00:00,read,58975,3.476,True,
241,4820.0,4820.202,2026-09-17T15:05:03.573548+00:00,read,2997,3.906,True,
242,4840.0,4840.178,2026-09-17T15:05:03.593526+00:00,read,64066,2.933,True,
243,4860.0,4860.212,2026-09-17T15:05:03.613561+00:00,read,48466,3.686,True,
244,4880.0,4880.179,2026-09-17T15:05:03.633527+00:00,read,2432,2.435,True,
245,4900.0,4900.206,2026-09-17T15:05:03.653555+00:00,read,45114,2.576,True,
246,4920.0,4920.343,2026-09-17T15:05:03.673690+00:00,read,65817,2.631,True,
247,4940.0,4940.214,2026-09-17T15:05:03.693564+00:00,read,13527,3.022,True,
248,4960.0,4960.215,2026-09-17T15:05:03.713565+00:00,read,68071,3.592,True,
249,4980.0,4980.403,2026-09-17T15:05:03.733750+00:00,read,53662,3.131,True,
250,5000.0,5000.158,2026-09-17T15:05:03.753506+00:00,read,26271,3.423,True,
251,5020.0,5020.173,2026-09-17T15:05:03.773524+00:00,read,51595,6.041,True,
252,5040.0,5040.412,2026-09-17T15:05:03.793764+00:00,read,37687,5.211,True,
253,5060.0,5060.285,2026-09-17T15:05:03.813734+00:00,read,48431,3.675,True,
254,5080.0,5080.388,2026-09-17T15:05:03.833738+00:00,read,48531,4.461,True,
255,5100.0,5100.386,2026-09-17T15:05:03.853734+00:00,read,77700,3.643,True,
256,5120.0,5120.528,2026-09-17T15:05:03.873873+00:00,read,26714,2.024,True,
257,5140.0,5140.358,2026-09-17T15:05:03.893705+00:00,read,8767,3.354,True,
258,5160.0,5160.405,2026-09-17T15:05:03.913754+00:00,read,64839,3.357,True,
259,5180.0,5180.431,2026-09-17T15:05:03.933782+00:00,read,19731,4.26,True,
260,5200.0,5200.258,2026-09-17T15:05:03.953611+00:00,read,93175,5.553,True,
261,5220.0,5220.274,2026-09-17T15:05:03.973626+00:00,read,47592,6.177,True,
262,5240.0,5240.186,2026-09-17T15:05:03.993531+00:00,read,84149,1.614,True,
263,5260.0,5260.19,2026-09-17T15:05:04.013535+00:00,read,71341,2.46,True,
264,5280.0,5280.186,2026-09-17T15:05:04.033535+00:00,read,15600,1.891,True,
265,5300.0,5300.171,2026-09-17T15:05:04.053519+00:00,read,43507,3.021,True,
266,5320.0,5320.14,2026-09-17T15:05:04.073485+00:00,read,50770,1.508,True,
267,5340.0,5340.373,2026-09-17T15:05:04.093723+00:00,read,22820,3.724,True,
268,5360.0,5360.33,2026-09-17T15:05:04.113679+00:00,read,38422,3.876,True,
269,5380.0,5380.947,2026-09-17T15:05:04.134297+00:00,read,15625,3.113,True,
270,5400.0,5400.233,2026-09-17T15:05:04.153577+00:00,read,20609,1.977,True,
271,5420.0,5420.446,2026-09-17T15:05:04.173794+00:00,read,3,3.56,True,
272,5440.0,5440.177,2026-09-17T15:05:04.193525+00:00,read,85410,3.54,True,
273,5460.0,5460.278,2026-09-17T15:05:04.213625+00:00,read,91235,3.426,True,
274,5480.0,5480.28,2026-09-17T15:05:04.233628+00:00,read,7118,3.632,True,
275,5500.0,5500.373,2026-09-17T15:05:04.253719+00:00,read,41767,2.778,True,
276,5520.0,5520.417,2026-09-17T15:05:04.273765+00:00,read,64572,3.116,True,
277,5540.0,5540.1,2026-09-17T15:05:04.293442+00:00,read,27007,1.239,True,
278,5560.0,5560.134,2026-09-17T15:05:04.313480+00:00,read,44737,2.219,True,
279,5580.0,5580.166,2026-09-17T15:05:04.333514+00:00,read,35569,3.642,True,
280,5600.0,5600.388,2026-09-17T15:05:04.353734+00:00,read,33530,4.132,True,
281,5620.0,5620.337,2026-09-17T15:05:04.373683+00:00,read,62747,4.273,True,
282,5640.0,5640.172,2026-09-17T15:05:04.393517+00:00,read,11657,3.409,True,
283,5660.0,5660.425,2026-09-17T15:05:04.413773+00:00,read,50999,6.637,True,
284,5680.0,5680.153,2026-09-17T15:05:04.433498+00:00,read,15753,2.918,True,
285,5700.0,5700.33,2026-09-17T15:05:04.453675+00:00,read,10873,2.537,True,
286,5720.0,5720.188,2026-09-17T15:05:04.473535+00:00,read,97675,3.728,True,
287,5740.0,5740.403,2026-09-17T15:05:04.493753+00:00,read,97200,4.064,True,
288,5760.0,5760.272,2026-09-17T15:05:04.513619+00:00,read,34011,3.759,True,
289,5780.0,5780.185,2026-09-17T15:05:04.533535+00:00,read,93294,2.869,True,
290,5800.0,5800.384,2026-09-17T15:05:04.553733+00:00,read,18309,4.064,True,
291,5820.0,5820.519,2026-09-17T15:05:04.573869+00:00,read,35502,3.554,True,
292,5840.0,5840.264,2026-09-17T15:05:04.593612+00:00,read,13321,3.137,True,
293,5860.0,5860.352,2026-09-17T15:05:04.613700+00:00,read,22146,3.807,True,
294,5880.0,5880.25,2026-09-17T15:05:04.633598+00:00,read,95887,3.778,True,
295,5900.0,5900.205,2026-09-17T15:05:04.653552+00:00,read,85993,3.971,True,
296,5920.0,5920.158,2026-09-17T15:05:04.673748+00:00,read,34602,3.542,True,
297,5940.0,5940.282,2026-09-17T15:05:04.693627+00:00,read,89406,3.973,True,
298,5960.0,5960.153,2026-09-17T15:05:04.713500+00:00,read,94048,3.014,True,
299,5980.0,5980.155,2026-09-17T15:05:04.733504+00:00,read,82944,3.041,True,
300,6000.0,6000.148,2026-09-17T15:05:04.753496+00:00,read,31101,3.215,True,
301,6020.0,6020.169,2026-09-17T15:05:04.773515+00:00,read,75961,2.848,True,
302,6040.0,6040.142,2026-09-17T15:05:04.793486+00:00,read,96566,1.537,True,
303,6060.0,6060.255,2026-09-17T15:05:04.813602+00:00,read,29154,1.942,True,
304,6080.0,6080.179,2026-09-17T15:05:04.833525+00:00,read,3774,3.062,True,
305,6100.0,6100.257,2026-09-17T15:05:04.853602+00:00,read,39008,2.884,True,
306,6120.0,6120.398,2026-09-17T15:05:04.873748+00:00,read,33905,3.349,True,
307,6140.0,6140.244,2026-09-17T15:05:04.893588+00:00,read,6487,2.149,True,
308,6160.0,6160.216,2026-09-17T15:05:04.913562+00:00,read,1813,2.11,True,
309,6180.0,6180.106,2026-09-17T15:05:04.933452+00:00,read,59334,2.04,True,
310,6200.0,6200.171,2026-09-17T15:05:04.953520+00:00,read,86058,2.661,True,
311,6220.0,6220.157,2026-09-17T15:05:04.973502+00:00,read,95424,2.953,True,
312,6240.0,6240.157,2026-09-17T15:05:04.993502+00:00,read,52597,3.394,True,
313,6260.0,6260.211,2026-09-17T15:05:05.013560+00:00,read,16744,2.895,True,
314,6280.0,6280.366,2026-09-17T15:05:05.033715+00:00,read,34119,1.781,True,
315,6300.0,6300.215,2026-09-17T15:05:05.053561+00:00,read,61452,2.855,True,
316,6320.0,6320.391,2026-09-17T15:05:05.073739+00:00,read,97674,3.026,True,
317,6340.0,6340.227,2026-09-17T15:05:05.093571+00:00,read,72787,2.037,True,
318,6360.0,6360.25,2026-09-17T15:05:05.113599+00:00,read,11553,2.857,True,
319,6380.0,6380.257,2026-09-17T15:05:05.133607+00:00,read,96283,3.557,True,
320,6400.0,6400.23,2026-09-17T15:05:05.153591+00:00,read,86556,4.207,True,
321,6420.0,6420.385,2026-09-17T15:05:05.173731+00:00,read,58486,4.332,True,
322,6440.0,6440.285,2026-09-17T15:05:05.193746+00:00,read,39004,3.556,True,
323,6460.0,6460.291,2026-09-17T15:05:05.213726+00:00,read,15371,3.655,True,
324,6480.0,6480.212,2026-09-17T15:05:05.233560+00:00,read,66051,3.718,True,
325,6500.0,6500.394,2026-09-17T15:05:05.253745+00:00,read,71770,3.731,True,
326,6520.0,6520.204,2026-09-17T15:05:05.273552+00:00,read,34457,4.319,True,
327,6540.0,6540.245,2026-09-17T15:05:05.293591+00:00,read,89904,3.808,True,
328,6560.0,6560.223,2026-09-17T15:05:05.313567+00:00,read,7254,2.796,True,
329,6580.0,6580.364,2026-09-17T15:05:05.333710+00:00,read,91330,3.198,True,
330,6600.0,6600.175,2026-09-17T15:05:05.353524+00:00,read,52869,3.136,True,
331,6620.0,6620.197,2026-09-17T15:05:05.373544+00:00,read,40311,3.307,True,
332,6640.0,6640.408,2026-09-17T15:05:05.393759+00:00,read,42779,3.723,True,
333,6660.0,6660.287,2026-09-17T15:05:05.413726+00:00,read,28797,3.49,True,
334,6680.0,6680.383,2026-09-17T15:05:05.433729+00:00,read,75036,3.474,True,
335,6700.0,6700.418,2026-09-17T15:05:05.453765+00:00,read,74377,3.666,True,
336,6720.0,6720.288,2026-09-17T15:05:05.473802+00:00,read,3790,3.723,True,
337,6740.0,6740.268,2026-09-17T15:05:05.493614+00:00,read,38575,3.462,True,
338,6760.0,6760.181,2026-09-17T15:05:05.513532+00:00,read,87163,3.467,True,
339,6780.0,6780.276,2026-09-17T15:05:05.533625+00:00,read,94828,2.999,True,
340,6800.0,6800.267,2026-09-17T15:05:05.553615+00:00,read,90124,3.084,True,
341,6820.0,6820.256,2026-09-17T15:05:05.573600+00:00,read,62528,3.163,True,
342,6840.0,6840.35,2026-09-17T15:05:05.593693+00:00,read,47440,2.497,True,
343,6860.0,6860.122,2026-09-17T15:05:05.613464+00:00,read,79340,1.741,True,
344,6880.0,6880.163,2026-09-17T15:05:05.633511+00:00,read,47262,1.908,True,
345,6900.0,6900.391,2026-09-17T15:05:05.653742+00:00,read,64363,2.994,True,
346,6920.0,6920.214,2026-09-17T15:05:05.673569+00:00,read,17472,3.773,True,
347,6940.0,6940.157,2026-09-17T15:05:05.693501+00:00,read,82698,2.789,True,
348,6960.0,6960.147,2026-09-17T15:05:05.713492+00:00,read,89502,3.02,True,
349,6980.0,6980.152,2026-09-17T15:05:05.733498+00:00,read,14397,3.018,True,
350,7000.0,7000.215,2026-09-17T15:05:05.753564+00:00,read,38833,3.064,True,
351,7020.0,7020.199,2026-09-17T15:05:05.773550+00:00,read,38219,2.601,True,
352,7040.0,7040.173,2026-09-17T15:05:05.793519+00:00,read,57183,3.079,True,
353,7060.0,7060.258,2026-09-17T15:05:05.813601+00:00,read,14081,2.636,True,
354,7080.0,7080.276,2026-09-17T15:05:05.833619+00:00,read,39503,2.266,True,
355,7100.0,7100.447,2026-09-17T15:05:05.853790+00:00,read,7182,2.618,True,
356,7120.0,7120.265,2026-09-17T15:05:05.873609+00:00,read,14206,2.601,True,
357,7140.0,7140.241,2026-09-17T15:05:05.893583+00:00,read,59318,1.932,True,
358,7160.0,7160.391,2026-09-17T15:05:05.913741+00:00,read,51078,3.409,True,
359,7180.0,7180.157,2026-09-17T15:05:05.933506+00:00,read,93690,3.548,True,
360,7200.0,7200.179,2026-09-17T15:05:05.953527+00:00,read,46991,3.084,True,
361,7220.0,7220.398,2026-09-17T15:05:05.973745+00:00,read,87121,2.971,True,
362,7240.0,7240.616,2026-09-17T15:05:05.993963+00:00,read,99232,3.647,True,
363,7260.0,7260.175,2026-09-17T15:05:06.013520+00:00,read,28684,2.351,True,
364,7280.0,7280.202,2026-09-17T15:05:06.033551+00:00,read,78137,3.856,True,
365,7300.0,7300.355,2026-09-17T15:05:06.053702+00:00,read,19563,3.084,True,
366,7320.0,7320.282,2026-09-17T15:05:06.073629+00:00,read,48672,3.642,True,
367,7340.0,7340.19,2026-09-17T15:05:06.093538+00:00,read,66923,3.089,True,
368,7360.0,7360.538,2026-09-17T15:05:06.113890+00:00,read,71069,3.663,True,
369,7380.0,7380.402,2026-09-17T15:05:06.133753+00:00,read,1882,3.628,True,
370,7400.0,7400.283,2026-09-17T15:05:06.153630+00:00,read,11515,4.143,True,
371,7420.0,7420.281,2026-09-17T15:05:06.173626+00:00,read,60216,3.679,True,
372,7440.0,7440.214,2026-09-17T15:05:06.193560+00:00,read,44376,3.755,True,
373,7460.0,7460.411,2026-09-17T15:05:06.213756+00:00,read,93824,3.145,True,
374,7480.0,7480.16,2026-09-17T15:05:06.233506+00:00,read,14365,1.887,True,
375,7500.0,7500.111,2026-09-17T15:05:06.253457+00:00,read,96749,1.834,True,
376,7520.0,7520.222,2026-09-17T15:05:06.273566+00:00,read,76657,1.578,True,
377,7540.0,7540.121,2026-09-17T15:05:06.293465+00:00,read,37046,1.55,True,
378,7560.0,7560.16,2026-09-17T15:05:06.313508+00:00,read,71872,3.036,True,
379,7580.0,7580.13,2026-09-17T15:05:06.333474+00:00,read,78937,1.477,True,
380,7600.0,7600.185,2026-09-17T15:05:06.353530+00:00,read,25525,1.658,True,
381,7620.0,7620.208,2026-09-17T15:05:06.373554+00:00,read,83969,2.013,True,
382,7640.0,7640.259,2026-09-17T15:05:06.393612+00:00,read,73966,5.827,True,
383,7660.0,7660.131,2026-09-17T15:05:06.413478+00:00,read,782,4.793,True,
384,7680.0,7680.225,2026-09-17T15:05:06.433576+00:00,read,81835,5.206,True,
385,7700.0,7700.268,2026-09-17T15:05:06.453617+00:00,read,93222,3.14,True,
386,7720.0,7720.162,2026-09-17T15:05:06.473538+00:00,read,76130,2.557,True,
387,7740.0,7740.273,2026-09-17T15:05:06.493618+00:00,read,77803,2.041,True,
388,7760.0,7760.168,2026-09-17T15:05:06.513512+00:00,read,4527,1.51,True,
389,7780.0,7780.147,2026-09-17T15:05:06.533492+00:00,read,56276,1.853,True,
390,7800.0,7800.181,2026-09-17T15:05:06.553530+00:00,read,85681,2.574,True,
391,7820.0,7820.149,2026-09-17T15:05:06.573493+00:00,read,7178,1.593,True,
392,7840.0,7840.174,2026-09-17T15:05:06.593522+00:00,read,60327,2.634,True,
393,7860.0,7860.177,2026-09-17T15:05:06.613525+00:00,read,16392,3.459,True,
394,7880.0,7880.371,2026-09-17T15:05:06.633720+00:00,read,88637,2.986,True,
395,7900.0,7900.396,2026-09-17T15:05:06.653747+00:00,read,24268,5.2,True,
396,7920.0,7920.364,2026-09-17T15:05:06.673715+00:00,read,17682,3.475,True,
397,7940.0,7940.407,2026-09-17T15:05:06.693757+00:00,read,38004,3.666,True,
398,7960.0,7960.491,2026-09-17T15:05:06.713843+00:00,read,56702,4.549,True,
399,7980.0,7980.228,2026-09-17T15:05:06.733577+00:00,read,70951,4.238,True,
400,8000.0,8000.246,2026-09-17T15:05:06.753594+00:00,read,95450,2.27,True,
401,8020.0,8020.446,2026-09-17T15:05:06.773798+00:00,read,42886,4.024,True,
402,8040.0,8040.356,2026-09-17T15:05:06.793708+00:00,read,32019,3.928,True,
403,8060.0,8060.431,2026-09-17T15:05:06.813783+00:00,read,16902,4.533,True,
404,8080.0,8080.394,2026-09-17T15:05:06.833744+00:00,read,51368,2.979,True,
405,8100.0,8100.422,2026-09-17T15:05:06.853773+00:00,read,59661,4.4,True,
406,8120.0,8120.285,2026-09-17T15:05:06.873741+00:00,read,78094,3.792,True,
407,8140.0,8140.417,2026-09-17T15:05:06.893770+00:00,read,75434,3.575,True,
408,8160.0,8160.408,2026-09-17T15:05:06.913760+00:00,read,32237,4.707,True,
409,8180.0,8180.211,2026-09-17T15:05:06.933562+00:00,read,78208,4.545,True,
410,8200.0,8200.264,2026-09-17T15:05:06.953618+00:00,read,80633,6.144,True,
411,8220.0,8220.28,2026-09-17T15:05:06.973720+00:00,read,30306,4.333,True,
412,8240.0,8240.338,2026-09-17T15:05:06.993684+00:00,read,62661,2.186,True,
413,8260.0,8260.234,2026-09-17T15:05:07.013585+00:00,read,46121,5.234,True,
414,8280.0,8280.258,2026-09-17T15:05:07.033610+00:00,read,98112,3.666,True,
415,8300.0,8300.248,2026-09-17T15:05:07.053600+00:00,read,99169,3.622,True,
416,8320.0,8320.414,2026-09-17T15:05:07.073765+00:00,read,98155,4.618,True,
417,8340.0,8340.388,2026-09-17T15:05:07.093741+00:00,read,29986,3.699,True,
418,8360.0,8360.208,2026-09-17T15:05:07.113558+00:00,read,46614,4.04,True,
419,8380.0,8380.453,2026-09-17T15:05:07.133805+00:00,read,66692,4.186,True,
420,8400.0,8400.238,2026-09-17T15:05:07.153764+00:00,read,39714,3.87,True,
421,8420.0,8420.242,2026-09-17T15:05:07.173594+00:00,read,57524,3.328,True,
422,8440.0,8440.177,2026-09-17T15:05:07.193524+00:00,read,74270,2.716,True,
423,8460.0,8460.222,2026-09-17T15:05:07.213573+00:00,read,93633,4.876,True,
424,8480.0,8480.26,2026-09-17T15:05:07.233610+00:00,read,44503,4.146,True,
425,8500.0,8500.201,2026-09-17T15:05:07.253550+00:00,read,42631,3.926,True,
426,8520.0,8520.133,2026-09-17T15:05:07.273479+00:00,read,96674,2.271,True,
427,8540.0,8540.241,2026-09-17T15:05:07.293591+00:00,read,57335,4.594,True,
428,8560.0,8560.188,2026-09-17T15:05:07.313535+00:00,read,94250,5.603,True,
429,8580.0,8580.232,2026-09-17T15:05:07.333583+00:00,read,93597,4.356,True,
430,8600.0,8600.269,2026-09-17T15:05:07.353617+00:00,read,13339,4.212,True,
431,8620.0,8620.201,2026-09-17T15:05:07.373552+00:00,read,76170,3.971,True,
432,8640.0,8640.227,2026-09-17T15:05:07.393577+00:00,read,61919,4.313,True,
433,8660.0,8660.206,2026-09-17T15:05:07.413557+00:00,read,5884,4.446,True,
434,8680.0,8680.262,2026-09-17T15:05:07.433612+00:00,read,37443,4.156,True,
435,8700.0,8700.407,2026-09-17T15:05:07.453758+00:00,read,38170,4.273,True,
436,8720.0,8720.223,2026-09-17T15:05:07.473573+00:00,read,23302,4.357,True,
437,8740.0,8740.197,2026-09-17T15:05:07.493547+00:00,read,24013,3.803,True,
438,8760.0,8760.228,2026-09-17T15:05:07.513579+00:00,read,3960,3.869,True,
439,8780.0,8780.363,2026-09-17T15:05:07.533711+00:00,read,70785,2.983,True,
440,8800.0,8800.221,2026-09-17T15:05:07.553574+00:00,read,61188,3.825,True,
441,8820.0,8820.212,2026-09-17T15:05:07.573564+00:00,read,88994,3.441,True,
442,8840.0,8840.245,2026-09-17T15:05:07.593596+00:00,read,97279,3.688,True,
443,8860.0,8860.248,2026-09-17T15:05:07.613601+00:00,read,22643,4.565,True,
444,8880.0,8880.348,2026-09-17T15:05:07.633696+00:00,read,16727,2.545,True,
445,8900.0,8900.292,2026-09-17T15:05:07.653730+00:00,read,98381,4.87,True,
446,8920.0,8920.223,2026-09-17T15:05:07.673734+00:00,read,28804,3.078,True,
447,8940.0,8940.212,2026-09-17T15:05:07.693561+00:00,read,19104,2.717,True,
448,8960.0,8960.208,2026-09-17T15:05:07.713557+00:00,read,50465,2.946,True,
449,8980.0,8980.209,2026-09-17T15:05:07.733567+00:00,read,42240,3.7,True,
450,9000.0,9000.16,2026-09-17T15:05:07.753508+00:00,read,37275,3.949,True,
451,9020.0,9020.121,2026-09-17T15:05:07.773470+00:00,read,53935,4.493,True,
452,9040.0,9040.186,2026-09-17T15:05:07.793537+00:00,read,49044,4.245,True,
453,9060.0,9060.239,2026-09-17T15:05:07.813590+00:00,read,901,4.599,True,
454,9080.0,9080.405,2026-09-17T15:05:07.833755+00:00,read,56234,3.657,True,
455,9100.0,9100.212,2026-09-17T15:05:07.853564+00:00,read,13213,3.363,True,
456,9120.0,9120.232,2026-09-17T15:05:07.873583+00:00,read,66041,3.728,True,
457,9140.0,9140.138,2026-09-17T15:05:07.893482+00:00,read,98767,1.811,True,
458,9160.0,9160.166,2026-09-17T15:05:07.913514+00:00,read,69736,2.938,True,
459,9180.0,9180.148,2026-09-17T15:05:07.933499+00:00,read,90247,4.052,True,
460,9200.0,9200.198,2026-09-17T15:05:07.953550+00:00,read,34894,5.072,True,
461,9220.0,9220.183,2026-09-17T15:05:07.973532+00:00,read,67781,4.259,True,
462,9240.0,9240.219,2026-09-17T15:05:07.993569+00:00,read,20882,3.445,True,
463,9260.0,9260.237,2026-09-17T15:05:08.013589+00:00,read,50486,3.544,True,
464,9280.0,9280.199,2026-09-17T15:05:08.033549+00:00,read,76731,3.072,True,
465,9300.0,9300.221,2026-09-17T15:05:08.053570+00:00,read,3858,2.351,True,
466,9320.0,9320.139,2026-09-17T15:05:08.073487+00:00,read,75885,1.95,True,
467,9340.0,9340.17,2026-09-17T15:05:08.093516+00:00,read,96342,2.322,True,
468,9360.0,9360.208,2026-09-17T15:05:08.113552+00:00,read,93830,3.028,True,
469,9380.0,9380.203,2026-09-17T15:05:08.133548+00:00,read,95176,2.385,True,
470,9400.0,9400.221,2026-09-17T15:05:08.153572+00:00,read,76935,3.096,True,
471,9420.0,9420.275,2026-09-17T15:05:08.173621+00:00,read,1794,2.774,True,
472,9440.0,9440.219,2026-09-17T15:05:08.193563+00:00,read,87901,1.46,True,
473,9460.0,9460.174,2026-09-17T15:05:08.213522+00:00,read,98419,1.993,True,
474,9480.0,9480.221,2026-09-17T15:05:08.233570+00:00,read,66691,2.204,True,
475,9500.0,9500.196,2026-09-17T15:05:08.253543+00:00,read,97567,1.98,True,
476,9520.0,9520.113,2026-09-17T15:05:08.273458+00:00,read,69995,1.697,True,
477,9540.0,9540.125,2026-09-17T15:05:08.293472+00:00,read,27165,1.837,True,
478,9560.0,9560.19,2026-09-17T15:05:08.313538+00:00,read,22683,2.93,True,
479,9580.0,9580.246,2026-09-17T15:05:08.333597+00:00,read,95719,4.936,True,
480,9600.0,9600.291,2026-09-17T15:05:08.353757+00:00,read,87763,3.879,True,
481,9620.0,9620.417,2026-09-17T15:05:08.373767+00:00,read,2070,2.88,True,
482,9640.0,9640.251,2026-09-17T15:05:08.393600+00:00,read,95594,3.845,True,
483,9660.0,9660.229,2026-09-17T15:05:08.413579+00:00,read,7231,4.017,True,
484,9680.0,9680.271,2026-09-17T15:05:08.433620+00:00,read,18756,5.077,True,
485,9700.0,9700.287,2026-09-17T15:05:08.453754+00:00,read,63586,4.296,True,
486,9720.0,9720.123,2026-09-17T15:05:08.473467+00:00,read,62441,1.976,True,
487,9740.0,9740.12,2026-09-17T15:05:08.493464+00:00,read,31799,1.547,True,
488,9760.0,9760.123,2026-09-17T15:05:08.513466+00:00,read,16240,1.563,True,
489,9780.0,9780.119,2026-09-17T15:05:08.533469+00:00,read,61762,2.154,True,
490,9800.0,9800.184,2026-09-17T15:05:08.553529+00:00,read,74758,1.647,True,
491,9820.0,9820.12,2026-09-17T15:05:08.573467+00:00,read,46731,2.651,True,
492,9840.0,9840.163,2026-09-17T15:05:08.593515+00:00,read,35980,3.996,True,
493,9860.0,9860.165,2026-09-17T15:05:08.613512+00:00,read,16241,3.353,True,
494,9880.0,9880.172,2026-09-17T15:05:08.633521+00:00,read,46104,3.221,True,
495,9900.0,9900.161,2026-09-17T15:05:08.653510+00:00,read,35841,2.496,True,
496,9920.0,9920.108,2026-09-17T15:05:08.673453+00:00,read,20062,1.53,True,
497,9940.0,9940.141,2026-09-17T15:05:08.693485+00:00,read,41075,1.562,True,
498,9960.0,9960.191,2026-09-17T15:05:08.713536+00:00,read,31430,1.619,True,
499,9980.0,9980.11,2026-09-17T15:05:08.733455+00:00,read,69370,1.654,True,
500,10000.0,10000.16,2026-09-17T15:05:08.753505+00:00,read,37491,2.76,True,
501,10020.0,10020.166,2026-09-17T15:05:08.773519+00:00,read,77168,2.645,True,
502,10040.0,10040.186,2026-09-17T15:05:08.793532+00:00,read,84626,2.188,True,
503,10060.0,10060.195,2026-09-17T15:05:08.813566+00:00,read,61744,1.944,True,
504,10080.0,10080.127,2026-09-17T15:05:08.833472+00:00,read,87261,1.72,True,
505,10100.0,10100.178,2026-09-17T15:05:08.853524+00:00,read,52275,2.168,True,
506,10120.0,10120.17,2026-09-17T15:05:08.873522+00:00,read,98225,2.008,True,
507,10140.0,10140.268,2026-09-17T15:05:08.893613+00:00,read,92804,1.724,True,
508,10160.0,10160.2,2026-09-17T15:05:08.913551+00:00,read,79335,3.622,True,
509,10180.0,10180.375,2026-09-17T15:05:08.933728+00:00,read,79365,3.536,True,
510,10200.0,10200.205,2026-09-17T15:05:08.953557+00:00,read,11517,5.009,True,
511,10220.0,10220.406,2026-09-17T15:05:08.973762+00:00,read,92412,3.738,True,
512,10240.0,10240.414,2026-09-17T15:05:08.993764+00:00,read,10080,4.067,True,
513,10260.0,10260.429,2026-09-17T15:05:09.013780+00:00,read,46125,3.766,True,
514,10280.0,10280.34,2026-09-17T15:05:09.033687+00:00,read,11893,3.524,True,
515,10300.0,10300.359,2026-09-17T15:05:09.053711+00:00,read,12338,3.881,True,
516,10320.0,10320.249,2026-09-17T15:05:09.073600+00:00,read,35865,3.266,True,
517,10340.0,10340.409,2026-09-17T15:05:09.093763+00:00,read,87800,3.644,True,
518,10360.0,10360.412,2026-09-17T15:05:09.113766+00:00,read,78408,3.583,True,
519,10380.0,10380.287,2026-09-17T15:05:09.133744+00:00,read,98874,4.198,True,
520,10400.0,10400.179,2026-09-17T15:05:09.153525+00:00,read,78247,1.739,True,
521,10420.0,10420.107,2026-09-17T15:05:09.173452+00:00,read,7713,1.558,True,
522,10440.0,10440.224,2026-09-17T15:05:09.193569+00:00,read,28161,1.504,True,
523,10460.0,10460.177,2026-09-17T15:05:09.213524+00:00,read,27429,1.603,True,
524,10480.0,10480.13,2026-09-17T15:05:09.233474+00:00,read,63231,1.723,True,
525,10500.0,10500.123,2026-09-17T15:05:09.253469+00:00,read,91903,2.13,True,
526,10520.0,10520.149,2026-09-17T15:05:09.273496+00:00,read,38167,1.888,True,
527,10540.0,10540.174,2026-09-17T15:05:09.293522+00:00,read,60839,3.034,True,
528,10560.0,10560.276,2026-09-17T15:05:09.313622+00:00,read,85851,1.919,True,
529,10580.0,10580.127,2026-09-17T15:05:09.333472+00:00,read,31610,1.975,True,
530,10600.0,10600.16,2026-09-17T15:05:09.353558+00:00,read,2433,1.875,True,
531,10620.0,10620.209,2026-09-17T15:05:09.373559+00:00,read,39695,2.033,True,
532,10640.0,10640.426,2026-09-17T15:05:09.393775+00:00,read,37364,1.997,True,
533,10660.0,10660.199,2026-09-17T15:05:09.413546+00:00,read,94055,2.939,True,
534,10680.0,10680.104,2026-09-17T15:05:09.433453+00:00,read,58560,3.846,True,
535,10700.0,10700.431,2026-09-17T15:05:09.453784+00:00,read,74484,3.847,True,
536,10720.0,10720.184,2026-09-17T15:05:09.473534+00:00,read,52542,4.331,True,
537,10740.0,10740.433,2026-09-17T15:05:09.493783+00:00,read,94068,2.999,True,
538,10760.0,10760.211,2026-09-17T15:05:09.513563+00:00,read,51033,2.558,True,
539,10780.0,10780.419,2026-09-17T15:05:09.533770+00:00,read,65874,3.238,True,
540,10800.0,10800.45,2026-09-17T15:05:09.553804+00:00,read,21813,3.623,True,
541,10820.0,10820.267,2026-09-17T15:05:09.573617+00:00,read,29932,4.376,True,
542,10840.0,10840.551,2026-09-17T15:05:09.593901+00:00,read,1064,3.85,True,
543,10860.0,10860.197,2026-09-17T15:05:09.613547+00:00,read,10405,3.906,True,
544,10880.0,10880.271,2026-09-17T15:05:09.633624+00:00,read,66987,5.587,True,
545,10900.0,10900.488,2026-09-17T15:05:09.653841+00:00,read,64355,4.434,True,
546,10920.0,10920.184,2026-09-17T15:05:09.673535+00:00,read,31270,3.042,True,
547,10940.0,10940.291,2026-09-17T15:05:09.693676+00:00,read,13816,2.106,True,
548,10960.0,10960.194,2026-09-17T15:05:09.713542+00:00,read,82262,1.733,True,
549,10980.0,10980.141,2026-09-17T15:05:09.733486+00:00,read,34417,1.585,True,
550,11000.0,11000.133,2026-09-17T15:05:09.753477+00:00,read,17969,1.611,True,
551,11020.0,11020.128,2026-09-17T15:05:09.773473+00:00,read,94102,1.895,True,
552,11040.0,11040.188,2026-09-17T15:05:09.793533+00:00,read,17222,2.319,True,
553,11060.0,11060.158,2026-09-17T15:05:09.813521+00:00,read,70445,2.087,True,
554,11080.0,11080.148,2026-09-17T15:05:09.833498+00:00,read,30866,2.811,True,
555,11100.0,11100.267,2026-09-17T15:05:09.853619+00:00,read,68343,3.587,True,
556,11120.0,11120.281,2026-09-17T15:05:09.873690+00:00,read,77395,3.45,True,
557,11140.0,11140.122,2026-09-17T15:05:09.893466+00:00,read,37899,1.49,True,
558,11160.0,11160.256,2026-09-17T15:05:09.913604+00:00,read,24503,2.715,True,
559,11180.0,11180.288,2026-09-17T15:05:09.933673+00:00,read,11147,3.967,True,
560,11200.0,11200.26,2026-09-17T15:05:09.953611+00:00,read,90710,3.514,True,
561,11220.0,11220.413,2026-09-17T15:05:09.973763+00:00,read,42789,3.495,True,
562,11240.0,11240.261,2026-09-17T15:05:09.993608+00:00,read,14524,2.63,True,
563,11260.0,11260.529,2026-09-17T15:05:10.013877+00:00,read,94315,4.293,True,
564,11280.0,11280.212,2026-09-17T15:05:10.033559+00:00,read,51687,3.229,True,
565,11300.0,11300.269,2026-09-17T15:05:10.053616+00:00,read,96365,2.068,True,
566,11320.0,11320.213,2026-09-17T15:05:10.073560+00:00,read,98060,2.031,True,
567,11340.0,11340.204,2026-09-17T15:05:10.093555+00:00,read,87433,3.928,True,
568,11360.0,11360.262,2026-09-17T15:05:10.113610+00:00,read,13629,3.168,True,
569,11380.0,11380.231,2026-09-17T15:05:10.133578+00:00,read,37970,2.578,True,
570,11400.0,11400.652,2026-09-17T15:05:10.154003+00:00,read,66764,5.24,True,
571,11420.0,11420.218,2026-09-17T15:05:10.173568+00:00,read,25978,3.799,True,
572,11440.0,11440.197,2026-09-17T15:05:10.193547+00:00,read,65491,3.597,True,
573,11460.0,11460.249,2026-09-17T15:05:10.213596+00:00,read,10522,3.756,True,
574,11480.0,11480.232,2026-09-17T15:05:10.233585+00:00,read,94481,4.446,True,
575,11500.0,11500.217,2026-09-17T15:05:10.253570+00:00,read,33029,4.656,True,
576,11520.0,11520.285,2026-09-17T15:05:10.273652+00:00,read,35168,3.157,True,
577,11540.0,11540.137,2026-09-17T15:05:10.293481+00:00,read,45879,2.396,True,
578,11560.0,11560.233,2026-09-17T15:05:10.313577+00:00,read,22621,1.776,True,
579,11580.0,11580.166,2026-09-17T15:05:10.333510+00:00,read,54803,1.822,True,
580,11600.0,11600.155,2026-09-17T15:05:10.353500+00:00,read,39610,1.705,True,
581,11620.0,11620.138,2026-09-17T15:05:10.373483+00:00,read,71164,1.414,True,
582,11640.0,11640.12,2026-09-17T15:05:10.393465+00:00,read,57434,1.722,True,
583,11660.0,11660.192,2026-09-17T15:05:10.413542+00:00,read,10551,2.897,True,
584,11680.0,11680.198,2026-09-17T15:05:10.433550+00:00,read,13802,3.835,True,
585,11700.0,11700.242,2026-09-17T15:05:10.453593+00:00,read,27989,4.576,True,
586,11720.0,11720.158,2026-09-17T15:05:10.473506+00:00,read,50524,3.988,True,
587,11740.0,11740.255,2026-09-17T15:05:10.493606+00:00,read,594,5.272,True,
588,11760.0,11760.231,2026-09-17T15:05:10.513582+00:00,read,70022,4.845,True,
589,11780.0,11780.237,2026-09-17T15:05:10.533588+00:00,read,90553,3.419,True,
590,11800.0,11800.254,2026-09-17T15:05:10.553605+00:00,read,18201,3.695,True,
591,11820.0,11820.248,2026-09-17T15:05:10.573600+00:00,read,45677,4.39,True,
592,11840.0,11840.222,2026-09-17T15:05:10.593574+00:00,read,71604,3.706,True,
593,11860.0,11860.256,2026-09-17T15:05:10.613606+00:00,read,81001,4.213,True,
594,11880.0,11880.204,2026-09-17T15:05:10.633556+00:00,read,45183,4.657,True,
595,11900.0,11900.25,2026-09-17T15:05:10.653603+00:00,read,26372,4.42,True,
596,11920.0,11920.399,2026-09-17T15:05:10.673751+00:00,read,65904,3.277,True,
597,11940.0,11940.257,2026-09-17T15:05:10.693609+00:00,read,92617,3.608,True,
598,11960.0,11960.191,2026-09-17T15:05:10.713542+00:00,read,31361,4.629,True,
599,11980.0,11980.291,2026-09-17T15:05:10.733738+00:00,read,1556,3.453,True,
600,12000.0,12000.233,2026-09-17T15:05:10.753584+00:00,read,29075,4.783,True,
601,12020.0,12020.241,2026-09-17T15:05:10.773592+00:00,read,61757,4.372,True,
602,12040.0,12040.213,2026-09-17T15:05:10.793563+00:00,read,47263,5.039,True,
603,12060.0,12060.26,2026-09-17T15:05:10.813610+00:00,read,82929,4.468,True,
604,12080.0,12080.416,2026-09-17T15:05:10.833769+00:00,read,99096,3.655,True,
605,12100.0,12100.466,2026-09-17T15:05:10.853819+00:00,read,11516,4.537,True,
606,12120.0,12120.229,2026-09-17T15:05:10.870293+00:00,read,77637,3.304,True,
607,12140.0,12140.276,2026-09-17T15:05:10.890338+00:00,read,88241,4.152,True,
608,12160.0,12160.234,2026-09-17T15:05:10.910295+00:00,read,16042,3.62,True,
609,12180.0,12180.254,2026-09-17T15:05:10.930316+00:00,read,52828,4.594,True,
610,12200.0,12200.262,2026-09-17T15:05:10.950325+00:00,read,21237,4.862,True,
611,12220.0,12220.275,2026-09-17T15:05:10.970332+00:00,read,29669,2.175,True,
612,12240.0,12240.182,2026-09-17T15:05:10.990244+00:00,read,10470,3.76,True,
613,12260.0,12260.162,2026-09-17T15:05:11.010224+00:00,read,64012,3.437,True,
614,12280.0,12280.155,2026-09-17T15:05:11.030212+00:00,read,75997,1.546,True,
615,12300.0,12300.246,2026-09-17T15:05:11.050300+00:00,read,88259,1.681,True,
616,12320.0,12320.202,2026-09-17T15:05:11.070263+00:00,read,78528,3.917,True,
617,12340.0,12340.329,2026-09-17T15:05:11.090390+00:00,read,23546,4.437,True,
618,12360.0,12360.24,2026-09-17T15:05:11.110302+00:00,read,80169,4.242,True,
619,12380.0,12380.429,2026-09-17T15:05:11.130492+00:00,read,29322,3.807,True,
620,12400.0,12400.228,2026-09-17T15:05:11.150290+00:00,read,69832,4.437,True,
621,12420.0,12420.262,2026-09-17T15:05:11.170323+00:00,read,22755,5.013,True,
622,12440.0,12440.428,2026-09-17T15:05:11.190489+00:00,read,29163,3.403,True,
623,12460.0,12460.264,2026-09-17T15:05:11.210325+00:00,read,40380,3.668,True,
624,12480.0,12480.18,2026-09-17T15:05:11.230241+00:00,read,22766,3.583,True,
625,12500.0,12500.252,2026-09-17T15:05:11.250315+00:00,read,30844,4.406,True,
626,12520.0,12520.248,2026-09-17T15:05:11.270310+00:00,read,87343,4.961,True,
627,12540.0,12540.263,2026-09-17T15:05:11.290319+00:00,read,23516,3.341,True,
628,12560.0,12560.164,2026-09-17T15:05:11.310223+00:00,read,42649,1.916,True,
629,12580.0,12580.112,2026-09-17T15:05:11.330167+00:00,read,19701,1.367,True,
630,12600.0,12600.19,2026-09-17T15:05:11.350248+00:00,read,35596,2.722,True,
631,12620.0,12620.213,2026-09-17T15:05:11.370274+00:00,read,78318,4.207,True,
632,12640.0,12640.211,2026-09-17T15:05:11.390273+00:00,read,2279,3.823,True,
633,12660.0,12660.286,2026-09-17T15:05:11.410458+00:00,read,82242,3.923,True,
634,12680.0,12680.163,2026-09-17T15:05:11.430223+00:00,read,51038,3.273,True,
635,12700.0,12700.407,2026-09-17T15:05:11.450468+00:00,read,5494,4.744,True,
636,12720.0,12720.201,2026-09-17T15:05:11.470260+00:00,read,234,4.274,True,
637,12740.0,12740.137,2026-09-17T15:05:11.490195+00:00,read,83047,2.323,True,
638,12760.0,12760.16,2026-09-17T15:05:11.510218+00:00,read,192,4.108,True,
639,12780.0,12780.199,2026-09-17T15:05:11.530261+00:00,read,99199,3.89,True,
640,12800.0,12800.169,2026-09-17T15:05:11.550229+00:00,read,19444,4.928,True,
641,12820.0,12820.231,2026-09-17T15:05:11.570294+00:00,read,30894,4.141,True,
642,12840.0,12840.169,2026-09-17T15:05:11.590226+00:00,read,79338,3.729,True,
643,12860.0,12860.213,2026-09-17T15:05:11.610272+00:00,read,92364,2.248,True,
644,12880.0,12880.195,2026-09-17T15:05:11.630258+00:00,read,38395,4.086,True,
645,12900.0,12900.265,2026-09-17T15:05:11.650326+00:00,read,88715,6.634,True,
646,12920.0,12920.208,2026-09-17T15:05:11.670267+00:00,read,84982,4.178,True,
647,12940.0,12940.222,2026-09-17T15:05:11.690278+00:00,read,61994,2.324,True,
648,12960.0,12960.159,2026-09-17T15:05:11.710218+00:00,read,2640,2.158,True,
649,12980.0,12980.123,2026-09-17T15:05:11.730182+00:00,read,59000,2.123,True,
650,13000.0,13000.113,2026-09-17T15:05:11.750169+00:00,read,7255,1.765,True,
651,13020.0,13020.137,2026-09-17T15:05:11.770193+00:00,read,64329,1.891,True,
652,13040.0,13040.211,2026-09-17T15:05:11.790270+00:00,read,70879,2.217,True,
653,13060.0,13060.217,2026-09-17T15:05:11.810277+00:00,read,89100,3.673,True,
654,13080.0,13080.195,2026-09-17T15:05:11.830255+00:00,read,76758,4.371,True,
655,13100.0,13100.224,2026-09-17T15:05:11.850281+00:00,read,20909,3.129,True,
656,13120.0,13120.271,2026-09-17T15:05:11.870333+00:00,read,88476,3.615,True,
657,13140.0,13140.695,2026-09-17T15:05:11.890758+00:00,read,94803,3.477,True,
658,13160.0,13160.218,2026-09-17T15:05:11.910278+00:00,read,45202,4.367,True,
659,13180.0,13180.367,2026-09-17T15:05:11.930429+00:00,read,52271,3.463,True,
660,13200.0,13200.16,2026-09-17T15:05:11.950222+00:00,read,41434,4.927,True,
661,13220.0,13220.217,2026-09-17T15:05:11.970279+00:00,read,6355,3.985,True,
662,13240.0,13240.243,2026-09-17T15:05:11.990304+00:00,read,25011,4.471,True,
663,13260.0,13260.222,2026-09-17T15:05:12.010283+00:00,read,49334,3.652,True,
664,13280.0,13280.276,2026-09-17T15:05:12.030338+00:00,read,50045,4.007,True,
665,13300.0,13300.233,2026-09-17T15:05:12.050295+00:00,read,80186,3.895,True,
666,13320.0,13320.268,2026-09-17T15:05:12.070331+00:00,read,31442,3.778,True,
667,13340.0,13340.43,2026-09-17T15:05:12.090492+00:00,read,38366,3.328,True,
668,13360.0,13360.146,2026-09-17T15:05:12.110206+00:00,read,99825,2.352,True,
669,13380.0,13380.25,2026-09-17T15:05:12.130309+00:00,read,91775,2.431,True,
670,13400.0,13400.212,2026-09-17T15:05:12.150274+00:00,read,77334,3.754,True,
671,13420.0,13420.444,2026-09-17T15:05:12.170506+00:00,read,43524,4.303,True,
672,13440.0,13440.293,2026-09-17T15:05:12.190412+00:00,read,40510,2.519,True,
673,13460.0,13460.275,2026-09-17T15:05:12.210334+00:00,read,89849,3.463,True,
674,13480.0,13480.182,2026-09-17T15:05:12.230241+00:00,read,35874,5.526,True,
675,13500.0,13500.271,2026-09-17T15:05:12.250333+00:00,read,4689,4.166,True,
676,13520.0,13520.225,2026-09-17T15:05:12.270287+00:00,read,8498,5.079,True,
677,13540.0,13540.266,2026-09-17T15:05:12.290325+00:00,read,272,4.577,True,
678,13560.0,13560.351,2026-09-17T15:05:12.310410+00:00,read,93158,2.993,True,
679,13580.0,13581.209,2026-09-17T15:05:12.331273+00:00,read,75233,5.075,True,
680,13600.0,13600.158,2026-09-17T15:05:12.350216+00:00,read,62887,2.248,True,
681,13620.0,13620.232,2026-09-17T15:05:12.370293+00:00,read,36706,2.658,True,
682,13640.0,13640.202,2026-09-17T15:05:12.390264+00:00,read,94032,3.054,True,
683,13660.0,13660.582,2026-09-17T15:05:12.410642+00:00,read,2452,3.381,True,
684,13680.0,13680.33,2026-09-17T15:05:12.430396+00:00,read,94293,3.86,True,
685,13700.0,13700.246,2026-09-17T15:05:12.450308+00:00,read,85640,5.155,True,
686,13720.0,13720.198,2026-09-17T15:05:12.470256+00:00,read,62499,4.52,True,
687,13740.0,13740.246,2026-09-17T15:05:12.490308+00:00,read,36546,3.831,True,
688,13760.0,13760.181,2026-09-17T15:05:12.510236+00:00,read,26046,1.413,True,
689,13780.0,13780.118,2026-09-17T15:05:12.530174+00:00,read,3153,1.902,True,
690,13800.0,13800.141,2026-09-17T15:05:12.550197+00:00,read,45909,1.63,True,
691,13820.0,13820.123,2026-09-17T15:05:12.570179+00:00,read,7119,1.534,True,
692,13840.0,13840.155,2026-09-17T15:05:12.590212+00:00,read,68135,1.67,True,
693,13860.0,13860.171,2026-09-17T15:05:12.610233+00:00,read,76569,2.004,True,
694,13880.0,13880.114,2026-09-17T15:05:12.630170+00:00,read,14722,1.677,True,
695,13900.0,13900.192,2026-09-17T15:05:12.650250+00:00,read,78899,2.806,True,
696,13920.0,13920.273,2026-09-17T15:05:12.670332+00:00,read,89910,2.855,True,
697,13940.0,13940.255,2026-09-17T15:05:12.690313+00:00,read,40892,2.632,True,
698,13960.0,13960.683,2026-09-17T15:05:12.710746+00:00,read,13383,3.863,True,
699,13980.0,13980.29,2026-09-17T15:05:12.730459+00:00,read,78487,3.976,True,
700,14000.0,14000.136,2026-09-17T15:05:12.750192+00:00,read,44025,1.77,True,
701,14020.0,14020.278,2026-09-17T15:05:12.770395+00:00,read,12202,2.957,True,
702,14040.0,14040.206,2026-09-17T15:05:12.790261+00:00,read,16701,1.955,True,
703,14060.0,14060.192,2026-09-17T15:05:12.810253+00:00,read,22139,2.477,True,
704,14080.0,14080.159,2026-09-17T15:05:12.830215+00:00,read,28438,1.408,True,
705,14100.0,14100.181,2026-09-17T15:05:12.850236+00:00,read,42877,1.602,True,
706,14120.0,14120.204,2026-09-17T15:05:12.870260+00:00,read,31,1.482,True,
707,14140.0,14140.207,2026-09-17T15:05:12.890268+00:00,read,26874,2.757,True,
708,14160.0,14160.195,2026-09-17T15:05:12.910255+00:00,read,328,3.417,True,
709,14180.0,14180.206,2026-09-17T15:05:12.930311+00:00,read,95136,3.759,True,
710,14200.0,14200.212,2026-09-17T15:05:12.950274+00:00,read,88564,3.98,True,
711,14220.0,14220.397,2026-09-17T15:05:12.970453+00:00,read,77513,2.714,True,
712,14240.0,14240.13,2026-09-17T15:05:12.990186+00:00,read,28419,1.79,True,
713,14260.0,14260.204,2026-09-17T15:05:13.010303+00:00,read,5543,1.731,True,
714,14280.0,14280.18,2026-09-17T15:05:13.030237+00:00,read,93674,1.828,True,
715,14300.0,14300.158,2026-09-17T15:05:13.050214+00:00,read,28324,1.6,True,
716,14320.0,14320.355,2026-09-17T15:05:13.070415+00:00,read,40546,1.665,True,
717,14340.0,14340.132,2026-09-17T15:05:13.090187+00:00,read,41423,2.351,True,
718,14360.0,14360.142,2026-09-17T15:05:13.110199+00:00,read,22303,2.679,True,
719,14380.0,14380.153,2026-09-17T15:05:13.130208+00:00,read,60547,2.576,True,
720,14400.0,14400.178,2026-09-17T15:05:13.150237+00:00,read,79409,3.237,True,
721,14420.0,14420.269,2026-09-17T15:05:13.170331+00:00,read,90218,3.578,True,
722,14440.0,14440.275,2026-09-17T15:05:13.190338+00:00,read,54768,4.441,True,
723,14460.0,14460.181,2026-09-17T15:05:13.210240+00:00,read,23714,4.021,True,
724,14480.0,14480.355,2026-09-17T15:05:13.230415+00:00,read,98159,3.191,True,
725,14500.0,14500.234,2026-09-17T15:05:13.250296+00:00,read,44741,3.638,True,
726,14520.0,14520.269,2026-09-17T15:05:13.270331+00:00,read,86520,3.949,True,
727,14540.0,14540.332,2026-09-17T15:05:13.290393+00:00,read,36502,4.251,True,
728,14560.0,14560.594,2026-09-17T15:05:13.310655+00:00,read,12413,4.211,True,
729,14580.0,14580.272,2026-09-17T15:05:13.330335+00:00,read,13719,3.768,True,
730,14600.0,14600.405,2026-09-17T15:05:13.350467+00:00,read,44155,3.84,True,
731,14620.0,14620.226,2026-09-17T15:05:13.370288+00:00,read,48292,3.505,True,
732,14640.0,14640.234,2026-09-17T15:05:13.390297+00:00,read,69163,3.949,True,
733,14660.0,14660.224,2026-09-17T15:05:13.410285+00:00,read,63143,3.936,True,
734,14680.0,14680.279,2026-09-17T15:05:13.430424+00:00,read,86271,4.346,True,
735,14700.0,14700.18,2026-09-17T15:05:13.450244+00:00,read,3799,3.933,True,
736,14720.0,14720.249,2026-09-17T15:05:13.470311+00:00,read,39367,4.449,True,
737,14740.0,14740.399,2026-09-17T15:05:13.490460+00:00,read,5721,4.327,True,
738,14760.0,14760.409,2026-09-17T15:05:13.510469+00:00,read,84734,3.99,True,
739,14780.0,14780.384,2026-09-17T15:05:13.530457+00:00,read,69721,4.799,True,
740,14800.0,14800.403,2026-09-17T15:05:13.550465+00:00,read,35711,4.042,True,
741,14820.0,14820.249,2026-09-17T15:05:13.570309+00:00,read,53325,4.22,True,
742,14840.0,14840.454,2026-09-17T15:05:13.590515+00:00,read,78637,4.189,True,
743,14860.0,14860.21,2026-09-17T15:05:13.610269+00:00,read,37949,3.945,True,
744,14880.0,14880.196,2026-09-17T15:05:13.630256+00:00,read,87683,2.938,True,
745,14900.0,14900.239,2026-09-17T15:05:13.650301+00:00,read,79001,5.174,True,
746,14920.0,14920.282,2026-09-17T15:05:13.670413+00:00,read,35990,3.575,True,
747,14940.0,14940.238,2026-09-17T15:05:13.690300+00:00,read,94043,5.441,True,
748,14960.0,14960.215,2026-09-17T15:05:13.710277+00:00,read,97491,3.95,True,
749,14980.0,14980.412,2026-09-17T15:05:13.730471+00:00,read,38173,4.275,True,
750,15000.0,15000.431,2026-09-17T15:05:13.750495+00:00,read,2495,4.685,True,
751,15020.0,15020.259,2026-09-17T15:05:13.770320+00:00,read,58998,4.787,True,
752,15040.0,15040.192,2026-09-17T15:05:13.790252+00:00,read,49621,4.777,True,
753,15060.0,15060.264,2026-09-17T15:05:13.810321+00:00,read,37820,2.366,True,
754,15080.0,15080.29,2026-09-17T15:05:13.830451+00:00,read,28479,2.831,True,
755,15100.0,15100.166,2026-09-17T15:05:13.850222+00:00,read,77980,1.679,True,
756,15120.0,15120.196,2026-09-17T15:05:13.870253+00:00,read,33436,2.285,True,
757,15140.0,15140.23,2026-09-17T15:05:13.890294+00:00,read,98700,4.182,True,
758,15160.0,15160.175,2026-09-17T15:05:13.910236+00:00,read,40568,4.056,True,
759,15180.0,15180.398,2026-09-17T15:05:13.930459+00:00,read,60206,4.73,True,
760,15200.0,15200.221,2026-09-17T15:05:13.950282+00:00,read,86092,4.394,True,
761,15220.0,15220.374,2026-09-17T15:05:13.970435+00:00,read,38709,4.005,True,
762,15240.0,15240.433,2026-09-17T15:05:13.990494+00:00,read,72877,4.029,True,
763,15260.0,15260.408,2026-09-17T15:05:14.010469+00:00,read,78299,3.598,True,
764,15280.0,15280.365,2026-09-17T15:05:14.030426+00:00,read,89425,4.126,True,
765,15300.0,15300.454,2026-09-17T15:05:14.050514+00:00,read,72915,3.282,True,
766,15320.0,15320.282,2026-09-17T15:05:14.070434+00:00,read,43480,3.935,True,
767,15340.0,15340.202,2026-09-17T15:05:14.090263+00:00,read,20562,3.637,True,
768,15360.0,15360.264,2026-09-17T15:05:14.110327+00:00,read,20416,4.983,True,
769,15380.0,15380.449,2026-09-17T15:05:14.130509+00:00,read,14000,3.045,True,
770,15400.0,15400.212,2026-09-17T15:05:14.150450+00:00,read,25750,4.003,True,
771,15420.0,15420.434,2026-09-17T15:05:14.170494+00:00,read,84336,3.655,True,
772,15440.0,15440.356,2026-09-17T15:05:14.190418+00:00,read,6899,3.815,True,
773,15460.0,15460.188,2026-09-17T15:05:14.210248+00:00,read,10883,3.742,True,
774,15480.0,15480.251,2026-09-17T15:05:14.230310+00:00,read,2857,3.655,True,
775,15500.0,15500.39,2026-09-17T15:05:14.250455+00:00,read,62629,3.293,True,
776,15520.0,15520.578,2026-09-17T15:05:14.270640+00:00,read,83036,3.662,True,
777,15540.0,15540.234,2026-09-17T15:05:14.290295+00:00,read,94510,4.822,True,
778,15560.0,15560.149,2026-09-17T15:05:14.310210+00:00,read,85414,3.284,True,
779,15580.0,15580.363,2026-09-17T15:05:14.330425+00:00,read,69591,3.81,True,
780,15600.0,15600.234,2026-09-17T15:05:14.350295+00:00,read,10685,4.39,True,
781,15620.0,15620.251,2026-09-17T15:05:14.370312+00:00,read,13745,3.406,True,
782,15640.0,15640.21,2026-09-17T15:05:14.390272+00:00,read,2447,3.062,True,
783,15660.0,15660.221,2026-09-17T15:05:14.410281+00:00,read,6776,3.509,True,
784,15680.0,15680.429,2026-09-17T15:05:14.430491+00:00,read,70365,4.382,True,
785,15700.0,15700.286,2026-09-17T15:05:14.450375+00:00,read,99080,4.382,True,
786,15720.0,15720.199,2026-09-17T15:05:14.470398+00:00,read,73415,4.285,True,
787,15740.0,15740.327,2026-09-17T15:05:14.490384+00:00,read,15925,1.916,True,
788,15760.0,15760.126,2026-09-17T15:05:14.510181+00:00,read,58763,1.517,True,
789,15780.0,15780.125,2026-09-17T15:05:14.530181+00:00,read,12669,2.21,True,
790,15800.0,15800.441,2026-09-17T15:05:14.550503+00:00,read,50852,4.17,True,
791,15820.0,15820.239,2026-09-17T15:05:14.570302+00:00,read,71037,3.735,True,
792,15840.0,15840.287,2026-09-17T15:05:14.590404+00:00,read,43277,3.469,True,
793,15860.0,15860.259,2026-09-17T15:05:14.610316+00:00,read,71262,3.172,True,
794,15880.0,15880.124,2026-09-17T15:05:14.630180+00:00,read,79787,2.464,True,
795,15900.0,15900.194,2026-09-17T15:05:14.650254+00:00,read,23943,3.672,True,
796,15920.0,15920.191,2026-09-17T15:05:14.670251+00:00,read,54647,3.473,True,
797,15940.0,15940.164,2026-09-17T15:05:14.690218+00:00,read,64299,1.496,True,
798,15960.0,15960.185,2026-09-17T15:05:14.710247+00:00,read,21422,1.673,True,
799,15980.0,15980.259,2026-09-17T15:05:14.730314+00:00,read,27391,1.624,True,
800,16000.0,16000.099,2026-09-17T15:05:14.750154+00:00,read,79191,2.102,True,
801,16020.0,16020.342,2026-09-17T15:05:14.770397+00:00,read,348,1.473,True,
802,16040.0,16040.215,2026-09-17T15:05:14.790271+00:00,read,91780,1.952,True,
803,16060.0,16060.268,2026-09-17T15:05:14.810329+00:00,read,12319,2.838,True,
804,16080.0,16080.388,2026-09-17T15:05:14.830444+00:00,read,12411,3.004,True,
805,16100.0,16100.187,2026-09-17T15:05:14.850243+00:00,read,7596,1.94,True,
806,16120.0,16120.531,2026-09-17T15:05:14.870594+00:00,read,7194,3.339,True,
807,16140.0,16140.192,2026-09-17T15:05:14.890248+00:00,read,13800,2.706,True,
808,16160.0,16160.132,2026-09-17T15:05:14.910187+00:00,read,20388,2.344,True,
809,16180.0,16180.384,2026-09-17T15:05:14.930443+00:00,read,883,1.78,True,
810,16200.0,16200.252,2026-09-17T15:05:14.950311+00:00,read,20566,3.071,True,
811,16220.0,16220.223,2026-09-17T15:05:14.970282+00:00,read,37248,4.27,True,
812,16240.0,16240.249,2026-09-17T15:05:14.990305+00:00,read,72484,2.248,True,
813,16260.0,16260.261,2026-09-17T15:05:15.010317+00:00,read,35561,1.79,True,
814,16280.0,16280.372,2026-09-17T15:05:15.030433+00:00,read,99717,3.059,True,
815,16300.0,16300.218,2026-09-17T15:05:15.050274+00:00,read,8070,1.568,True,
816,16320.0,16320.21,2026-09-17T15:05:15.070269+00:00,read,90085,2.522,True,
817,16340.0,16340.367,2026-09-17T15:05:15.090427+00:00,read,93000,3.354,True,
818,16360.0,16360.246,2026-09-17T15:05:15.110302+00:00,read,72547,2.285,True,
819,16380.0,16380.477,2026-09-17T15:05:15.130535+00:00,read,81192,4.0,True,
820,16400.0,16400.204,2026-09-17T15:05:15.150258+00:00,read,12825,1.462,True,
821,16420.0,16420.195,2026-09-17T15:05:15.170252+00:00,read,88614,3.074,True,
822,16440.0,16440.152,2026-09-17T15:05:15.190213+00:00,read,29967,4.132,True,
823,16460.0,16460.209,2026-09-17T15:05:15.210265+00:00,read,49103,3.56,True,
824,16480.0,16480.263,2026-09-17T15:05:15.230321+00:00,read,23573,2.697,True,
825,16500.0,16500.157,2026-09-17T15:05:15.250216+00:00,read,28287,2.993,True,
826,16520.0,16520.407,2026-09-17T15:05:15.270466+00:00,read,38089,3.525,True,
827,16540.0,16540.18,2026-09-17T15:05:15.290237+00:00,read,60390,3.002,True,
828,16560.0,16560.51,2026-09-17T15:05:15.310566+00:00,read,49736,2.344,True,
829,16580.0,16580.226,2026-09-17T15:05:15.330288+00:00,read,256,3.952,True,
830,16600.0,16600.264,2026-09-17T15:05:15.350322+00:00,read,84811,2.907,True,
831,16620.0,16620.24,2026-09-17T15:05:15.370296+00:00,read,4249,2.35,True,
832,16640.0,16640.191,2026-09-17T15:05:15.390251+00:00,read,46825,3.166,True,
833,16660.0,16660.167,2026-09-17T15:05:15.410228+00:00,read,87076,5.062,True,
834,16680.0,16680.208,2026-09-17T15:05:15.430268+00:00,read,69763,3.217,True,
835,16700.0,16700.246,2026-09-17T15:05:15.450309+00:00,read,67305,3.684,True,
836,16720.0,16720.257,2026-09-17T15:05:15.470312+00:00,read,22574,2.046,True,
837,16740.0,16740.16,2026-09-17T15:05:15.490219+00:00,read,7899,3.194,True,
838,16760.0,16760.114,2026-09-17T15:05:15.510169+00:00,read,80267,1.582,True,
839,16780.0,16780.131,2026-09-17T15:05:15.530187+00:00,read,64629,4.478,True,
840,16800.0,16800.278,2026-09-17T15:05:15.550333+00:00,read,42537,1.577,True,
841,16820.0,16820.189,2026-09-17T15:05:15.570247+00:00,read,37148,2.635,True,
842,16840.0,16840.205,2026-09-17T15:05:15.590265+00:00,read,10646,3.697,True,
843,16860.0,16860.261,2026-09-17T15:05:15.610317+00:00,read,10692,1.948,True,
844,16880.0,16880.148,2026-09-17T15:05:15.630203+00:00,read,65278,1.709,True,
845,16900.0,16900.153,2026-09-17T15:05:15.650206+00:00,read,7202,1.359,True,
846,16920.0,16920.235,2026-09-17T15:05:15.670302+00:00,read,88997,1.545,True,
847,16940.0,16940.181,2026-09-17T15:05:15.690240+00:00,read,29115,2.897,True,
848,16960.0,16960.233,2026-09-17T15:05:15.710289+00:00,read,94732,3.969,True,
849,16980.0,16980.209,2026-09-17T15:05:15.730271+00:00,read,19885,3.793,True,
850,17000.0,17000.394,2026-09-17T15:05:15.750456+00:00,read,21755,3.551,True,
851,17020.0,17020.453,2026-09-17T15:05:15.770511+00:00,read,42811,4.172,True,
852,17040.0,17040.406,2026-09-17T15:05:15.790466+00:00,read,1361,3.685,True,
853,17060.0,17060.41,2026-09-17T15:05:15.810468+00:00,read,90637,3.372,True,
854,17080.0,17080.279,2026-09-17T15:05:15.830337+00:00,read,79561,3.191,True,
855,17100.0,17100.392,2026-09-17T15:05:15.850452+00:00,read,14287,4.271,True,
856,17120.0,17120.238,2026-09-17T15:05:15.870297+00:00,read,16531,3.442,True,
857,17140.0,17140.197,2026-09-17T15:05:15.890255+00:00,read,3782,2.522,True,
858,17160.0,17160.133,2026-09-17T15:05:15.910190+00:00,read,64301,1.85,True,
859,17180.0,17180.487,2026-09-17T15:05:15.930547+00:00,read,116,3.956,True,
860,17200.0,17200.165,2026-09-17T15:05:15.950220+00:00,read,49086,1.63,True,
861,17220.0,17220.18,2026-09-17T15:05:15.970236+00:00,read,79379,2.016,True,
862,17240.0,17240.17,2026-09-17T15:05:15.990228+00:00,read,30877,2.883,True,
863,17260.0,17260.403,2026-09-17T15:05:16.010464+00:00,read,19827,4.605,True,
864,17280.0,17280.192,2026-09-17T15:05:16.030252+00:00,read,32056,3.401,True,
865,17300.0,17300.185,2026-09-17T15:05:16.050243+00:00,read,71717,3.045,True,
866,17320.0,17320.223,2026-09-17T15:05:16.070284+00:00,read,87213,4.434,True,
867,17340.0,17340.179,2026-09-17T15:05:16.090238+00:00,read,3453,3.15,True,
868,17360.0,17360.219,2026-09-17T15:05:16.110279+00:00,read,32828,3.811,True,
869,17380.0,17380.292,2026-09-17T15:05:16.130462+00:00,read,81426,3.948,True,
870,17400.0,17400.407,2026-09-17T15:05:16.150466+00:00,read,4709,2.752,True,
871,17420.0,17420.237,2026-09-17T15:05:16.170297+00:00,read,38730,3.674,True,
872,17440.0,17440.287,2026-09-17T15:05:16.190455+00:00,read,62741,3.906,True,
873,17460.0,17460.344,2026-09-17T15:05:16.210403+00:00,read,64911,3.524,True,
874,17480.0,17480.203,2026-09-17T15:05:16.230265+00:00,read,36486,3.627,True,
875,17500.0,17500.286,2026-09-17T15:05:16.250453+00:00,read,223,3.41,True,
876,17520.0,17520.406,2026-09-17T15:05:16.270466+00:00,read,58772,3.519,True,
877,17540.0,17540.218,2026-09-17T15:05:16.290279+00:00,read,6991,4.384,True,
878,17560.0,17560.289,2026-09-17T15:05:16.310436+00:00,read,76778,3.46,True,
879,17580.0,17580.438,2026-09-17T15:05:16.330503+00:00,read,24246,3.979,True,
880,17600.0,17600.214,2026-09-17T15:05:16.350272+00:00,read,36747,3.524,True,
881,17620.0,17620.167,2026-09-17T15:05:16.370224+00:00,read,36141,2.163,True,
882,17640.0,17640.138,2026-09-17T15:05:16.390195+00:00,read,67014,2.22,True,
883,17660.0,17660.147,2026-09-17T15:05:16.410202+00:00,read,66711,3.262,True,
884,17680.0,17680.225,2026-09-17T15:05:16.430286+00:00,read,73335,1.883,True,
885,17700.0,17700.216,2026-09-17T15:05:16.450278+00:00,read,59889,3.728,True,
886,17720.0,17720.228,2026-09-17T15:05:16.470289+00:00,read,93295,2.239,True,
887,17740.0,17740.434,2026-09-17T15:05:16.490488+00:00,read,45796,1.837,True,
888,17760.0,17760.168,2026-09-17T15:05:16.510224+00:00,read,7489,1.46,True,
889,17780.0,17780.395,2026-09-17T15:05:16.530457+00:00,read,82510,3.73,True,
890,17800.0,17800.109,2026-09-17T15:05:16.550164+00:00,read,61857,1.595,True,
891,17820.0,17820.214,2026-09-17T15:05:16.570277+00:00,read,20386,3.397,True,
892,17840.0,17840.272,2026-09-17T15:05:16.590335+00:00,read,99615,2.929,True,
893,17860.0,17860.267,2026-09-17T15:05:16.610323+00:00,read,22807,1.921,True,
894,17880.0,17880.408,2026-09-17T15:05:16.630470+00:00,read,66929,2.079,True,
895,17900.0,17900.143,2026-09-17T15:05:16.650198+00:00,read,77832,1.897,True,
896,17920.0,17920.168,2026-09-17T15:05:16.670222+00:00,read,91064,2.684,True,
897,17940.0,17940.113,2026-09-17T15:05:16.690169+00:00,read,40874,1.466,True,
898,17960.0,17960.235,2026-09-17T15:05:16.710296+00:00,read,87934,2.174,True,
899,17980.0,17980.253,2026-09-17T15:05:16.730315+00:00,read,2839,4.504,True,
900,18000.0,18000.194,2026-09-17T15:05:16.750254+00:00,read,96982,2.809,True,
901,18020.0,18020.198,2026-09-17T15:05:16.770258+00:00,read,51640,3.379,True,
902,18040.0,18040.206,2026-09-17T15:05:16.790263+00:00,read,96721,3.899,True,
903,18060.0,18060.386,2026-09-17T15:05:16.810452+00:00,read,97895,3.626,True,
904,18080.0,18080.199,2026-09-17T15:05:16.830255+00:00,read,52377,3.11,True,
905,18100.0,18100.277,2026-09-17T15:05:16.850334+00:00,read,68416,4.172,True,
906,18120.0,18120.291,2026-09-17T15:05:16.870443+00:00,read,64009,3.987,True,
907,18140.0,18140.36,2026-09-17T15:05:16.890417+00:00,read,2801,3.218,True,
908,18160.0,18160.133,2026-09-17T15:05:16.910187+00:00,read,78972,1.584,True,
909,18180.0,18180.149,2026-09-17T15:05:16.930204+00:00,read,74753,1.61,True,
910,18200.0,18200.129,2026-09-17T15:05:16.950185+00:00,read,35865,1.347,True,
911,18220.0,18220.39,2026-09-17T15:05:16.970452+00:00,read,63174,4.047,True,
912,18240.0,18240.392,2026-09-17T15:05:16.990454+00:00,read,69737,2.159,True,
913,18260.0,18260.359,2026-09-17T15:05:17.010415+00:00,read,77826,1.636,True,
914,18280.0,18280.239,2026-09-17T15:05:17.030294+00:00,read,5213,1.862,True,
915,18300.0,18300.36,2026-09-17T15:05:17.050415+00:00,read,18919,2.795,True,
916,18320.0,18320.394,2026-09-17T15:05:17.070454+00:00,read,94123,2.82,True,
917,18340.0,18340.245,2026-09-17T15:05:17.090302+00:00,read,19170,2.592,True,
918,18360.0,18360.216,2026-09-17T15:05:17.110276+00:00,read,11003,3.551,True,
919,18380.0,18380.276,2026-09-17T15:05:17.130335+00:00,read,46641,3.714,True,
920,18400.0,18400.436,2026-09-17T15:05:17.150494+00:00,read,43659,4.537,True,
921,18420.0,18420.375,2026-09-17T15:05:17.170433+00:00,read,57048,4.041,True,
922,18440.0,18440.174,2026-09-17T15:05:17.190232+00:00,read,21575,3.104,True,
923,18460.0,18460.26,2026-09-17T15:05:17.210318+00:00,read,70382,2.942,True,
924,18480.0,18480.204,2026-09-17T15:05:17.230261+00:00,read,33166,2.471,True,
925,18500.0,18500.168,2026-09-17T15:05:17.250226+00:00,read,9367,3.627,True,
926,18520.0,18520.219,2026-09-17T15:05:17.270281+00:00,read,6820,3.748,True,
927,18540.0,18540.181,2026-09-17T15:05:17.290239+00:00,read,60286,3.34,True,
928,18560.0,18560.252,2026-09-17T15:05:17.310310+00:00,read,78197,3.746,True,
929,18580.0,18580.232,2026-09-17T15:05:17.330292+00:00,read,76959,4.306,True,
930,18600.0,18600.179,2026-09-17T15:05:17.350239+00:00,read,15281,3.157,True,
931,18620.0,18620.243,2026-09-17T15:05:17.370301+00:00,read,36266,3.035,True,
932,18640.0,18640.21,2026-09-17T15:05:17.390270+00:00,read,20974,3.351,True,
933,18660.0,18660.226,2026-09-17T15:05:17.410288+00:00,read,63058,3.467,True,
934,18680.0,18680.191,2026-09-17T15:05:17.430251+00:00,read,52157,3.804,True,
935,18700.0,18700.247,2026-09-17T15:05:17.450307+00:00,read,63626,4.147,True,
936,18720.0,18720.235,2026-09-17T15:05:17.470290+00:00,read,43100,1.511,True,
937,18740.0,18740.201,2026-09-17T15:05:17.490256+00:00,read,59791,1.38,True,
938,18760.0,18760.183,2026-09-17T15:05:17.510243+00:00,read,72386,3.594,True,
939,18780.0,18780.289,2026-09-17T15:05:17.530391+00:00,read,84820,2.134,True,
940,18800.0,18800.128,2026-09-17T15:05:17.550180+00:00,read,93592,1.192,True,
941,18820.0,18820.093,2026-09-17T15:05:17.570145+00:00,read,11855,1.448,True,
942,18840.0,18840.107,2026-09-17T15:05:17.590161+00:00,read,27729,1.368,True,
943,18860.0,18860.177,2026-09-17T15:05:17.610234+00:00,read,63168,2.612,True,
944,18880.0,18880.153,2026-09-17T15:05:17.630211+00:00,read,26264,2.912,True,
945,18900.0,18900.393,2026-09-17T15:05:17.650451+00:00,read,34106,3.209,True,
946,18920.0,18920.232,2026-09-17T15:05:17.670288+00:00,read,24530,2.978,True,
947,18940.0,18940.167,2026-09-17T15:05:17.690223+00:00,read,18256,3.191,True,
948,18960.0,18960.197,2026-09-17T15:05:17.710258+00:00,read,74577,2.512,True,
949,18980.0,18980.127,2026-09-17T15:05:17.730182+00:00,read,53587,1.51,True,
950,19000.0,19000.106,2026-09-17T15:05:17.750162+00:00,read,45070,2.93,True,
951,19020.0,19020.143,2026-09-17T15:05:17.770201+00:00,read,61177,2.506,True,
952,19040.0,19040.163,2026-09-17T15:05:17.790221+00:00,read,97170,3.249,True,
953,19060.0,19060.198,2026-09-17T15:05:17.810256+00:00,read,65616,4.3,True,
954,19080.0,19080.243,2026-09-17T15:05:17.830299+00:00,read,83115,3.474,True,
955,19100.0,19100.43,2026-09-17T15:05:17.850489+00:00,read,90980,3.696,True,
956,19120.0,19120.282,2026-09-17T15:05:17.870372+00:00,read,12319,3.25,True,
957,19140.0,19140.484,2026-09-17T15:05:17.890543+00:00,read,5237,3.591,True,
958,19160.0,19160.271,2026-09-17T15:05:17.910329+00:00,read,8469,2.88,True,
959,19180.0,19180.284,2026-09-17T15:05:17.930456+00:00,read,67413,3.809,True,
960,19200.0,19200.257,2026-09-17T15:05:17.950313+00:00,read,27706,2.713,True,
961,19220.0,19220.383,2026-09-17T15:05:17.970441+00:00,read,23289,3.532,True,
962,19240.0,19240.38,2026-09-17T15:05:17.990439+00:00,read,82371,3.663,True,
963,19260.0,19260.137,2026-09-17T15:05:18.010193+00:00,read,36490,2.268,True,
964,19280.0,19280.17,2026-09-17T15:05:18.030256+00:00,read,44326,2.473,True,
965,19300.0,19300.16,2026-09-17T15:05:18.050217+00:00,read,3467,1.934,True,
966,19320.0,19320.177,2026-09-17T15:05:18.070234+00:00,read,14525,2.047,True,
967,19340.0,19340.206,2026-09-17T15:05:18.090262+00:00,read,99310,2.184,True,
968,19360.0,19360.214,2026-09-17T15:05:18.110273+00:00,read,72610,3.64,True,
969,19380.0,19380.205,2026-09-17T15:05:18.130265+00:00,read,27668,3.723,True,
970,19400.0,19400.15,2026-09-17T15:05:18.150210+00:00,read,72661,3.457,True,
971,19420.0,19420.209,2026-09-17T15:05:18.170268+00:00,read,32739,3.714,True,
972,19440.0,19440.554,2026-09-17T15:05:18.190701+00:00,read,254,2.32,True,
973,19460.0,19460.245,2026-09-17T15:05:18.210303+00:00,read,94785,2.926,True,
974,19480.0,19480.266,2026-09-17T15:05:18.230324+00:00,read,34122,2.356,True,
975,19500.0,19500.25,2026-09-17T15:05:18.250311+00:00,read,47701,3.249,True,
976,19520.0,19520.291,2026-09-17T15:05:18.270416+00:00,read,72583,3.506,True,
977,19540.0,19540.196,2026-09-17T15:05:18.290256+00:00,read,78169,3.103,True,
978,19560.0,19560.248,2026-09-17T15:05:18.310304+00:00,read,99817,2.345,True,
979,19580.0,19580.208,2026-09-17T15:05:18.330268+00:00,read,31452,3.422,True,
980,19600.0,19600.195,2026-09-17T15:05:18.350257+00:00,read,84315,3.65,True,
981,19620.0,19620.252,2026-09-17T15:05:18.370312+00:00,read,38460,3.455,True,
982,19640.0,19640.223,2026-09-17T15:05:18.390283+00:00,read,59448,3.336,True,
983,19660.0,19660.212,2026-09-17T15:05:18.410271+00:00,read,97651,2.584,True,
984,19680.0,19680.173,2026-09-17T15:05:18.430231+00:00,read,73148,3.103,True,
985,19700.0,19700.177,2026-09-17T15:05:18.450240+00:00,read,69516,3.876,True,
986,19720.0,19720.151,2026-09-17T15:05:18.470209+00:00,read,22006,2.521,True,
987,19740.0,19740.155,2026-09-17T15:05:18.490211+00:00,read,70627,1.934,True,
988,19760.0,19760.094,2026-09-17T15:05:18.510148+00:00,read,81873,1.397,True,
989,19780.0,19781.085,2026-09-17T15:05:18.531147+00:00,read,81678,3.108,True,
990,19800.0,19800.24,2026-09-17T15:05:18.550301+00:00,read,71131,4.504,True,
991,19820.0,19820.231,2026-09-17T15:05:18.570295+00:00,read,33831,6.67,True,
992,19840.0,19840.224,2026-09-17T15:05:18.590285+00:00,read,92374,3.593,True,
993,19860.0,19860.141,2026-09-17T15:05:18.610198+00:00,read,38377,2.267,True,
994,19880.0,19880.131,2026-09-17T15:05:18.630187+00:00,read,56511,2.118,True,
995,19900.0,19900.148,2026-09-17T15:05:18.650203+00:00,read,62750,2.054,True,
996,19920.0,19920.096,2026-09-17T15:05:18.670150+00:00,read,42629,1.426,True,
997,19940.0,19940.147,2026-09-17T15:05:18.690204+00:00,read,22629,1.795,True,
998,19960.0,19960.118,2026-09-17T15:05:18.710175+00:00,read,80328,2.183,True,
999,19980.0,19980.194,2026-09-17T15:05:18.730251+00:00,read,60110,1.793,True,
1000,20000.0,20000.159,2026-09-17T15:05:18.750220+00:00,read,48783,4.866,True,
1001,20020.0,20020.188,2026-09-17T15:05:18.770247+00:00,read,74494,2.524,True,
1002,20040.0,20040.234,2026-09-17T15:05:18.790293+00:00,read,11527,2.577,True,
1003,20060.0,20060.229,2026-09-17T15:05:18.810286+00:00,read,85772,3.248,True,
1004,20080.0,20080.175,2026-09-17T15:05:18.830232+00:00,read,13682,3.101,True,
1005,20100.0,20100.217,2026-09-17T15:05:18.850273+00:00,read,90706,2.713,True,
1006,20120.0,20120.267,2026-09-17T15:05:18.870322+00:00,read,50122,2.752,True,
1007,20140.0,20140.346,2026-09-17T15:05:18.890399+00:00,read,56532,1.335,True,
1008,20160.0,20160.321,2026-09-17T15:05:18.910377+00:00,read,80040,3.15,True,
1009,20180.0,20180.245,2026-09-17T15:05:18.930300+00:00,read,93927,2.319,True,
1010,20200.0,20200.2,2026-09-17T15:05:18.950256+00:00,read,59534,1.837,True,
1011,20220.0,20220.192,2026-09-17T15:05:18.970245+00:00,read,78041,1.577,True,
1012,20240.0,20240.15,2026-09-17T15:05:18.990205+00:00,read,60635,1.794,True,
1013,20260.0,20260.362,2026-09-17T15:05:19.010420+00:00,read,19653,2.75,True,
1014,20280.0,20280.414,2026-09-17T15:05:19.030476+00:00,read,83929,4.029,True,
1015,20300.0,20300.18,2026-09-17T15:05:19.050237+00:00,read,52539,2.652,True,
1016,20320.0,20320.361,2026-09-17T15:05:19.070421+00:00,read,54200,3.696,True,
1017,20340.0,20340.19,2026-09-17T15:05:19.090250+00:00,read,62012,3.465,True,
1018,20360.0,20360.346,2026-09-17T15:05:19.110409+00:00,read,34735,3.566,True,
1019,20380.0,20380.222,2026-09-17T15:05:19.130282+00:00,read,95354,3.766,True,
1020,20400.0,20400.457,2026-09-17T15:05:19.150518+00:00,read,3082,2.421,True,
1021,20420.0,20420.206,2026-09-17T15:05:19.170267+00:00,read,96369,3.006,True,
1022,20440.0,20440.203,2026-09-17T15:05:19.190263+00:00,read,21477,4.71,True,
1023,20460.0,20460.164,2026-09-17T15:05:19.210224+00:00,read,49365,2.767,True,
1024,20480.0,20480.494,2026-09-17T15:05:19.230554+00:00,read,73759,4.253,True,
1025,20500.0,20500.134,2026-09-17T15:05:19.250191+00:00,read,96290,2.596,True,
1026,20520.0,20520.219,2026-09-17T15:05:19.270280+00:00,read,50045,2.824,True,
1027,20540.0,20540.222,2026-09-17T15:05:19.290284+00:00,read,15755,3.622,True,
1028,20560.0,20560.275,2026-09-17T15:05:19.310337+00:00,read,90838,3.761,True,
1029,20580.0,20580.39,2026-09-17T15:05:19.330452+00:00,read,97982,4.613,True,
1030,20600.0,20600.241,2026-09-17T15:05:19.350304+00:00,read,91493,3.839,True,
1031,20620.0,20620.386,2026-09-17T15:05:19.370447+00:00,read,20643,3.844,True,
1032,20640.0,20640.472,2026-09-17T15:05:19.390536+00:00,read,34284,4.261,True,
1033,20660.0,20660.419,2026-09-17T15:05:19.410481+00:00,read,40860,4.145,True,
1034,20680.0,20680.414,2026-09-17T15:05:19.430478+00:00,read,67160,4.339,True,
1035,20700.0,20700.359,2026-09-17T15:05:19.450421+00:00,read,97552,3.493,True,
1036,20720.0,20720.258,2026-09-17T15:05:19.470315+00:00,read,29875,3.651,True,
1037,20740.0,20740.291,2026-09-17T15:05:19.490445+00:00,read,29364,15.758,True,
1038,20760.0,20760.239,2026-09-17T15:05:19.510294+00:00,read,78092,2.763,True,
1039,20780.0,20780.292,2026-09-17T15:05:19.530425+00:00,read,10674,3.077,True,
1040,20800.0,20800.285,2026-09-17T15:05:19.550414+00:00,read,1929,3.199,True,
1041,20820.0,20820.207,2026-09-17T15:05:19.570268+00:00,read,20320,3.49,True,
1042,20840.0,20840.157,2026-09-17T15:05:19.590215+00:00,read,21128,3.145,True,
1043,20860.0,20860.189,2026-09-17T15:05:19.610247+00:00,read,28183,3.491,True,
1044,20880.0,20880.185,2026-09-17T15:05:19.630243+00:00,read,43508,3.168,True,
1045,20900.0,20900.418,2026-09-17T15:05:19.650479+00:00,read,65881,3.783,True,
1046,20920.0,20920.4,2026-09-17T15:05:19.670459+00:00,read,36099,3.771,True,
1047,20940.0,20940.282,2026-09-17T15:05:19.690465+00:00,read,79012,3.715,True,
1048,20960.0,20960.238,2026-09-17T15:05:19.710301+00:00,read,24898,3.035,True,
1049,20980.0,20980.181,2026-09-17T15:05:19.730241+00:00,read,1953,4.39,True,
1050,21000.0,21000.183,2026-09-17T15:05:19.750236+00:00,read,1196,1.352,True,
1051,21020.0,21020.347,2026-09-17T15:05:19.770408+00:00,read,50639,2.26,True,
1052,21040.0,21040.105,2026-09-17T15:05:19.790163+00:00,read,30168,2.966,True,
1053,21060.0,21060.126,2026-09-17T15:05:19.810181+00:00,read,45023,1.869,True,
1054,21080.0,21080.251,2026-09-17T15:05:19.830308+00:00,read,31890,2.41,True,
1055,21100.0,21100.267,2026-09-17T15:05:19.850328+00:00,read,13065,3.698,True,
1056,21120.0,21120.369,2026-09-17T15:05:19.870425+00:00,read,78313,2.921,True,
1057,21140.0,21140.175,2026-09-17T15:05:19.890233+00:00,read,64525,3.268,True,
1058,21160.0,21160.356,2026-09-17T15:05:19.910414+00:00,read,62573,2.941,True,
1059,21180.0,21180.158,2026-09-17T15:05:19.930213+00:00,read,93873,2.775,True,
1060,21200.0,21200.203,2026-09-17T15:05:19.950259+00:00,read,51277,2.354,True,
1061,21220.0,21220.188,2026-09-17T15:05:19.970248+00:00,read,64303,1.787,True,
1062,21240.0,21240.409,2026-09-17T15:05:19.990468+00:00,read,61913,2.748,True,
1063,21260.0,21260.255,2026-09-17T15:05:20.010311+00:00,read,36664,1.302,True,
1064,21280.0,21280.618,2026-09-17T15:05:20.030674+00:00,read,93564,2.357,True,
1065,21300.0,21300.342,2026-09-17T15:05:20.050400+00:00,read,47730,2.858,True,
1066,21320.0,21320.248,2026-09-17T15:05:20.070311+00:00,read,45077,2.327,True,
1067,21340.0,21340.178,2026-09-17T15:05:20.090237+00:00,read,92831,3.191,True,
1068,21360.0,21360.132,2026-09-17T15:05:20.110188+00:00,read,80863,1.509,True,
1069,21380.0,21380.419,2026-09-17T15:05:20.130482+00:00,read,84101,3.344,True,
1070,21400.0,21400.2,2026-09-17T15:05:20.150255+00:00,read,63949,2.651,True,
1071,21420.0,21420.141,2026-09-17T15:05:20.170198+00:00,read,24784,1.898,True,
1072,21440.0,21440.235,2026-09-17T15:05:20.190290+00:00,read,50106,1.476,True,
1073,21460.0,21460.29,2026-09-17T15:05:20.210422+00:00,read,76257,3.355,True,
1074,21480.0,21480.41,2026-09-17T15:05:20.230466+00:00,read,82345,2.727,True,
1075,21500.0,21500.275,2026-09-17T15:05:20.250334+00:00,read,2036,2.967,True,
1076,21520.0,21520.369,2026-09-17T15:05:20.270428+00:00,read,8298,3.248,True,
1077,21540.0,21540.211,2026-09-17T15:05:20.290268+00:00,read,19972,2.277,True,
1078,21560.0,21560.183,2026-09-17T15:05:20.310245+00:00,read,89794,3.04,True,
1079,21580.0,21580.191,2026-09-17T15:05:20.330249+00:00,read,67439,3.257,True,
1080,21600.0,21600.267,2026-09-17T15:05:20.350327+00:00,read,37443,2.74,True,
1081,21620.0,21620.339,2026-09-17T15:05:20.370397+00:00,read,19726,2.812,True,
1082,21640.0,21640.176,2026-09-17T15:05:20.390234+00:00,read,82639,3.228,True,
1083,21660.0,21660.236,2026-09-17T15:05:20.410294+00:00,read,77324,3.414,True,
1084,21680.0,21680.181,2026-09-17T15:05:20.430238+00:00,read,71582,1.969,True,
1085,21700.0,21700.337,2026-09-17T15:05:20.450397+00:00,read,48460,2.679,True,
1086,21720.0,21720.209,2026-09-17T15:05:20.470272+00:00,read,66949,2.804,True,
1087,21740.0,21740.42,2026-09-17T15:05:20.490482+00:00,read,26369,3.573,True,
1088,21760.0,21760.401,2026-09-17T15:05:20.510464+00:00,read,34789,4.16,True,
1089,21780.0,21780.235,2026-09-17T15:05:20.530298+00:00,read,45126,5.202,True,
1090,21800.0,21800.379,2026-09-17T15:05:20.550442+00:00,read,65001,4.359,True,
1091,21820.0,21820.532,2026-09-17T15:05:20.570595+00:00,read,64259,4.2,True,
1092,21840.0,21840.416,2026-09-17T15:05:20.590478+00:00,read,40643,4.346,True,
1093,21860.0,21860.433,2026-09-17T15:05:20.610496+00:00,read,82311,3.602,True,
1094,21880.0,21880.369,2026-09-17T15:05:20.630429+00:00,read,53668,4.45,True,
1095,21900.0,21900.272,2026-09-17T15:05:20.650332+00:00,read,40803,3.096,True,
1096,21920.0,21920.266,2026-09-17T15:05:20.670324+00:00,read,46701,3.18,True,
1097,21940.0,21940.223,2026-09-17T15:05:20.690286+00:00,read,41463,3.71,True,
1098,21960.0,21960.243,2026-09-17T15:05:20.710301+00:00,read,72025,2.754,True,
1099,21980.0,21980.387,2026-09-17T15:05:20.730446+00:00,read,3714,3.518,True,
1100,22000.0,22000.379,2026-09-17T15:05:20.750439+00:00,read,89638,3.972,True,
1101,22020.0,22020.172,2026-09-17T15:05:20.770228+00:00,read,74309,3.129,True,
1102,22040.0,22040.161,2026-09-17T15:05:20.790219+00:00,read,74375,3.977,True,
1103,22060.0,22060.374,2026-09-17T15:05:20.810434+00:00,read,34906,3.374,True,
1104,22080.0,22080.381,2026-09-17T15:05:20.830437+00:00,read,64385,3.288,True,
1105,22100.0,22100.283,2026-09-17T15:05:20.850340+00:00,read,97182,3.063,True,
1106,22120.0,22120.279,2026-09-17T15:05:20.870415+00:00,read,33293,3.144,True,
1107,22140.0,22140.142,2026-09-17T15:05:20.890197+00:00,read,87564,2.223,True,
1108,22160.0,22160.104,2026-09-17T15:05:20.910160+00:00,read,10763,2.207,True,
1109,22180.0,22180.13,2026-09-17T15:05:20.930187+00:00,read,73739,2.768,True,
1110,22200.0,22200.29,2026-09-17T15:05:20.950449+00:00,read,21391,3.697,True,
1111,22220.0,22220.26,2026-09-17T15:05:20.970317+00:00,read,31937,3.781,True,
1112,22240.0,22240.418,2026-09-17T15:05:20.990475+00:00,read,97414,3.675,True,
1113,22260.0,22260.275,2026-09-17T15:05:21.010331+00:00,read,67466,3.736,True,
1114,22280.0,22280.174,2026-09-17T15:05:21.030232+00:00,read,36479,3.857,True,
1115,22300.0,22300.266,2026-09-17T15:05:21.050322+00:00,read,54200,2.742,True,
1116,22320.0,22320.377,2026-09-17T15:05:21.070435+00:00,read,56161,3.419,True,
1117,22340.0,22340.449,2026-09-17T15:05:21.090508+00:00,read,1590,3.689,True,
1118,22360.0,22360.146,2026-09-17T15:05:21.110203+00:00,read,29228,3.401,True,
1119,22380.0,22380.144,2026-09-17T15:05:21.130199+00:00,read,4345,2.74,True,
1120,22400.0,22400.285,2026-09-17T15:05:21.150442+00:00,read,50566,3.267,True,
1121,22420.0,22420.189,2026-09-17T15:05:21.170246+00:00,read,9422,3.731,True,
1122,22440.0,22440.16,2026-09-17T15:05:21.190216+00:00,read,90848,3.391,True,
1123,22460.0,22460.135,2026-09-17T15:05:21.210191+00:00,read,62731,3.465,True,
1124,22480.0,22480.156,2026-09-17T15:05:21.230214+00:00,read,97982,3.196,True,
1125,22500.0,22500.157,2026-09-17T15:05:21.250213+00:00,read,43894,3.215,True,
1126,22520.0,22520.157,2026-09-17T15:05:21.270214+00:00,read,25817,3.981,True,
1127,22540.0,22540.278,2026-09-17T15:05:21.290337+00:00,read,36162,3.659,True,
1128,22560.0,22560.164,2026-09-17T15:05:21.310220+00:00,read,31125,3.19,True,
1129,22580.0,22580.18,2026-09-17T15:05:21.330236+00:00,read,38736,3.468,True,
1130,22600.0,22600.146,2026-09-17T15:05:21.350203+00:00,read,56865,3.888,True,
1131,22620.0,22620.18,2026-09-17T15:05:21.370237+00:00,read,79711,3.612,True,
1132,22640.0,22640.434,2026-09-17T15:05:21.390491+00:00,read,86765,3.037,True,
1133,22660.0,22660.191,2026-09-17T15:05:21.410247+00:00,read,4777,3.683,True,
1134,22680.0,22680.181,2026-09-17T15:05:21.430238+00:00,read,62800,3.253,True,
1135,22700.0,22700.171,2026-09-17T15:05:21.450226+00:00,read,83277,2.98,True,
1136,22720.0,22720.136,2026-09-17T15:05:21.470192+00:00,read,45612,3.125,True,
1137,22740.0,22740.143,2026-09-17T15:05:21.490198+00:00,read,26661,3.111,True,
1138,22760.0,22760.157,2026-09-17T15:05:21.510213+00:00,read,23980,6.449,True,
1139,22780.0,22780.157,2026-09-17T15:05:21.530213+00:00,read,43790,3.485,True,
1140,22800.0,22800.292,2026-09-17T15:05:21.550442+00:00,read,89155,3.027,True,
1141,22820.0,22820.265,2026-09-17T15:05:21.570321+00:00,read,36202,3.381,True,
1142,22840.0,22840.432,2026-09-17T15:05:21.590495+00:00,read,64690,3.608,True,
1143,22860.0,22860.265,2026-09-17T15:05:21.610322+00:00,read,22589,3.279,True,
1144,22880.0,22880.285,2026-09-17T15:05:21.630416+00:00,read,56329,3.041,True,
1145,22900.0,22900.227,2026-09-17T15:05:21.650284+00:00,read,96658,2.919,True,
1146,22920.0,22920.268,2026-09-17T15:05:21.670326+00:00,read,27850,3.034,True,
1147,22940.0,22940.262,2026-09-17T15:05:21.690320+00:00,read,19274,2.969,True,
1148,22960.0,22960.11,2026-09-17T15:05:21.710167+00:00,read,63251,2.695,True,
1149,22980.0,22980.128,2026-09-17T15:05:21.730185+00:00,read,63527,2.424,True,
1150,23000.0,23000.09,2026-09-17T15:05:21.750143+00:00,read,26253,2.189,True,
1151,23020.0,23020.118,2026-09-17T15:05:21.770173+00:00,read,63638,1.614,True,
1152,23040.0,23040.228,2026-09-17T15:05:21.790283+00:00,read,47103,1.727,True,
1153,23060.0,23060.273,2026-09-17T15:05:21.810330+00:00,read,88900,3.056,True,
1154,23080.0,23080.215,2026-09-17T15:05:21.830275+00:00,read,91793,1.86,True,
1155,23100.0,23100.125,2026-09-17T15:05:21.850179+00:00,read,60396,1.574,True,
1156,23120.0,23120.273,2026-09-17T15:05:21.870334+00:00,read,76682,3.338,True,
1157,23140.0,23140.186,2026-09-17T15:05:21.890244+00:00,read,90694,3.282,True,
1158,23160.0,23160.179,2026-09-17T15:05:21.910237+00:00,read,91649,3.08,True,
1159,23180.0,23180.235,2026-09-17T15:05:21.930296+00:00,read,40235,4.565,True,
1160,23200.0,23200.279,2026-09-17T15:05:21.950426+00:00,read,476,4.898,True,
1161,23220.0,23220.228,2026-09-17T15:05:21.970290+00:00,read,84095,3.936,True,
1162,23240.0,23240.448,2026-09-17T15:05:21.990508+00:00,read,59289,4.272,True,
1163,23260.0,23260.212,2026-09-17T15:05:22.010274+00:00,read,8734,4.246,True,
1164,23280.0,23280.111,2026-09-17T15:05:22.030169+00:00,read,3345,1.63,True,
1165,23300.0,23300.169,2026-09-17T15:05:22.050227+00:00,read,83414,2.208,True,
1166,23320.0,23320.218,2026-09-17T15:05:22.070280+00:00,read,70697,3.139,True,
1167,23340.0,23340.406,2026-09-17T15:05:22.090468+00:00,read,80228,2.833,True,
1168,23360.0,23360.143,2026-09-17T15:05:22.110201+00:00,read,6141,2.458,True,
1169,23380.0,23380.218,2026-09-17T15:05:22.130278+00:00,read,99583,3.637,True,
1170,23400.0,23400.263,2026-09-17T15:05:22.150321+00:00,read,50826,2.183,True,
1171,23420.0,23420.179,2026-09-17T15:05:22.170237+00:00,read,75176,2.828,True,
1172,23440.0,23440.224,2026-09-17T15:05:22.190283+00:00,read,4384,2.46,True,
1173,23460.0,23460.257,2026-09-17T15:05:22.210315+00:00,read,80758,2.315,True,
1174,23480.0,23480.146,2026-09-17T15:05:22.230202+00:00,read,95869,2.308,True,
1175,23500.0,23500.174,2026-09-17T15:05:22.250232+00:00,read,22262,1.936,True,
1176,23520.0,23520.273,2026-09-17T15:05:22.270332+00:00,read,96972,2.9,True,
1177,23540.0,23540.165,2026-09-17T15:05:22.290223+00:00,read,13976,3.178,True,
1178,23560.0,23560.13,2026-09-17T15:05:22.310185+00:00,read,1578,1.744,True,
1179,23580.0,23580.15,2026-09-17T15:05:22.330206+00:00,read,33929,1.913,True,
1180,23600.0,23600.169,2026-09-17T15:05:22.350227+00:00,read,77896,3.225,True,
1181,23620.0,23620.142,2026-09-17T15:05:22.370198+00:00,read,16878,3.509,True,
1182,23640.0,23640.197,2026-09-17T15:05:22.390253+00:00,read,55008,3.51,True,
1183,23660.0,23660.17,2026-09-17T15:05:22.410225+00:00,read,84144,2.391,True,
1184,23680.0,23680.332,2026-09-17T15:05:22.430388+00:00,read,30383,3.51,True,
1185,23700.0,23700.161,2026-09-17T15:05:22.450218+00:00,read,54034,3.855,True,
1186,23720.0,23720.209,2026-09-17T15:05:22.470265+00:00,read,86985,3.159,True,
1187,23740.0,23740.139,2026-09-17T15:05:22.490193+00:00,read,300,2.666,True,
1188,23760.0,23760.185,2026-09-17T15:05:22.510242+00:00,read,1214,3.492,True,
1189,23780.0,23780.194,2026-09-17T15:05:22.530251+00:00,read,50660,3.855,True,
1190,23800.0,23800.579,2026-09-17T15:05:22.550637+00:00,read,63578,3.519,True,
1191,23820.0,23820.256,2026-09-17T15:05:22.570313+00:00,read,5102,2.928,True,
1192,23840.0,23840.204,2026-09-17T15:05:22.590263+00:00,read,73875,3.096,True,
1193,23860.0,23860.225,2026-09-17T15:05:22.610282+00:00,read,7206,3.456,True,
1194,23880.0,23880.154,2026-09-17T15:05:22.630211+00:00,read,96760,3.102,True,
1195,23900.0,23900.183,2026-09-17T15:05:22.650240+00:00,read,73813,3.625,True,
1196,23920.0,23920.255,2026-09-17T15:05:22.670311+00:00,read,49498,2.784,True,
1197,23940.0,23940.148,2026-09-17T15:05:22.690205+00:00,read,35285,2.937,True,
1198,23960.0,23960.378,2026-09-17T15:05:22.710435+00:00,read,75185,3.238,True,
1199,23980.0,23980.278,2026-09-17T15:05:22.730335+00:00,read,30228,3.206,True,
1200,24000.0,24000.271,2026-09-17T15:05:22.750328+00:00,read,56780,3.199,True,
1201,24020.0,24020.155,2026-09-17T15:05:22.770213+00:00,read,52191,3.095,True,
1202,24040.0,24040.166,2026-09-17T15:05:22.790222+00:00,read,70783,3.37,True,
1203,24060.0,24060.173,2026-09-17T15:05:22.810229+00:00,read,79552,3.956,True,
1204,24080.0,24080.234,2026-09-17T15:05:22.830288+00:00,read,47224,2.79,True,
1205,24100.0,24100.121,2026-09-17T15:05:22.850173+00:00,read,66547,1.701,True,
1206,24120.0,24120.138,2026-09-17T15:05:22.870195+00:00,read,35563,2.91,True,
1207,24140.0,24140.168,2026-09-17T15:05:22.890227+00:00,read,48830,4.372,True,
1208,24160.0,24160.193,2026-09-17T15:05:22.910249+00:00,read,32253,3.291,True,
1209,24180.0,24180.214,2026-09-17T15:05:22.930270+00:00,read,91294,4.448,True,
1210,24200.0,24200.386,2026-09-17T15:05:22.950447+00:00,read,14964,3.334,True,
1211,24220.0,24220.216,2026-09-17T15:05:22.970275+00:00,read,13940,3.257,True,
1212,24240.0,24240.271,2026-09-17T15:05:22.990329+00:00,read,48744,3.21,True,
1213,24260.0,24260.168,2026-09-17T15:05:23.010226+00:00,read,56000,3.315,True,
1214,24280.0,24280.404,2026-09-17T15:05:23.030462+00:00,read,47845,4.151,True,
1215,24300.0,24300.725,2026-09-17T15:05:23.050784+00:00,read,54566,3.888,True,
1216,24320.0,24320.413,2026-09-17T15:05:23.070473+00:00,read,97803,3.697,True,
1217,24340.0,24340.413,2026-09-17T15:05:23.090475+00:00,read,16646,3.816,True,
1218,24360.0,24360.403,2026-09-17T15:05:23.110462+00:00,read,33005,4.169,True,
1219,24380.0,24380.223,2026-09-17T15:05:23.130282+00:00,read,67221,3.384,True,
1220,24400.0,24400.417,2026-09-17T15:05:23.150474+00:00,read,87252,3.341,True,
1221,24420.0,24420.274,2026-09-17T15:05:23.170334+00:00,read,46382,3.776,True,
1222,24440.0,24440.281,2026-09-17T15:05:23.190338+00:00,read,76381,3.549,True,
1223,24460.0,24460.258,2026-09-17T15:05:23.210314+00:00,read,53489,3.382,True,
1224,24480.0,24480.255,2026-09-17T15:05:23.230312+00:00,read,53154,2.637,True,
1225,24500.0,24500.215,2026-09-17T15:05:23.250272+00:00,read,92554,3.259,True,
1226,24520.0,24520.19,2026-09-17T15:05:23.270248+00:00,read,77792,3.638,True,
1227,24540.0,24540.184,2026-09-17T15:05:23.290266+00:00,read,22586,3.372,True,
1228,24560.0,24560.147,2026-09-17T15:05:23.310204+00:00,read,3735,3.338,True,
1229,24580.0,24580.251,2026-09-17T15:05:23.330305+00:00,read,14718,2.951,True,
1230,24600.0,24600.359,2026-09-17T15:05:23.350415+00:00,read,84919,1.907,True,
1231,24620.0,24620.229,2026-09-17T15:05:23.370282+00:00,read,11681,2.125,True,
1232,24640.0,24640.286,2026-09-17T15:05:23.390412+00:00,read,4875,3.638,True,
1233,24660.0,24660.176,2026-09-17T15:05:23.410233+00:00,read,9411,3.252,True,
1234,24680.0,24680.212,2026-09-17T15:05:23.430272+00:00,read,60766,3.588,True,
1235,24700.0,24700.172,2026-09-17T15:05:23.450230+00:00,read,14655,3.189,True,
1236,24720.0,24720.17,2026-09-17T15:05:23.470230+00:00,read,8008,2.628,True,
1237,24740.0,24740.144,2026-09-17T15:05:23.490207+00:00,read,36567,3.626,True,
1238,24760.0,24760.192,2026-09-17T15:05:23.510249+00:00,read,469,3.25,True,
1239,24780.0,24780.151,2026-09-17T15:05:23.530208+00:00,read,34903,2.713,True,
1240,24800.0,24800.201,2026-09-17T15:05:23.550259+00:00,read,72839,3.453,True,
1241,24820.0,24820.152,2026-09-17T15:05:23.570209+00:00,read,75819,3.141,True,
1242,24840.0,24840.16,2026-09-17T15:05:23.590217+00:00,read,26951,3.301,True,
1243,24860.0,24860.291,2026-09-17T15:05:23.610447+00:00,read,96336,3.336,True,
1244,24880.0,24880.188,2026-09-17T15:05:23.630247+00:00,read,76387,3.439,True,
1245,24900.0,24900.187,2026-09-17T15:05:23.650244+00:00,read,65579,3.565,True,
1246,24920.0,24920.174,2026-09-17T15:05:23.670233+00:00,read,89552,3.446,True,
1247,24940.0,24940.143,2026-09-17T15:05:23.690200+00:00,read,4496,3.489,True,
1248,24960.0,24960.19,2026-09-17T15:05:23.710248+00:00,read,88886,2.895,True,
1249,24980.0,24980.178,2026-09-17T15:05:23.730236+00:00,read,49619,3.74,True,
1250,25000.0,25000.148,2026-09-17T15:05:23.750204+00:00,read,25421,3.512,True,
1251,25020.0,25020.218,2026-09-17T15:05:23.770274+00:00,read,523,3.215,True,
1252,25040.0,25040.267,2026-09-17T15:05:23.790325+00:00,read,81355,3.333,True,
1253,25060.0,25060.202,2026-09-17T15:05:23.810260+00:00,read,98980,3.383,True,
1254,25080.0,25080.25,2026-09-17T15:05:23.830309+00:00,read,55201,2.981,True,
1255,25100.0,25100.181,2026-09-17T15:05:23.850239+00:00,read,51346,8.489,True,
1256,25120.0,25120.162,2026-09-17T15:05:23.870217+00:00,read,80508,2.877,True,
1257,25140.0,25140.29,2026-09-17T15:05:23.890435+00:00,read,51165,3.891,True,
1258,25160.0,25160.159,2026-09-17T15:05:23.910219+00:00,read,65659,4.022,True,
1259,25180.0,25180.204,2026-09-17T15:05:23.930265+00:00,read,15710,3.935,True,
1260,25200.0,25200.282,2026-09-17T15:05:23.950431+00:00,read,36127,3.948,True,
1261,25220.0,25220.213,2026-09-17T15:05:23.970275+00:00,read,28882,5.167,True,
1262,25240.0,25240.233,2026-09-17T15:05:23.990292+00:00,read,89307,3.674,True,
1263,25260.0,25260.243,2026-09-17T15:05:24.010306+00:00,read,68385,2.923,True,
1264,25280.0,25280.182,2026-09-17T15:05:24.030238+00:00,read,34156,1.55,True,
1265,25300.0,25300.181,2026-09-17T15:05:24.050239+00:00,read,68977,2.005,True,
1266,25320.0,25320.116,2026-09-17T15:05:24.070171+00:00,read,40759,2.519,True,
1267,25340.0,25340.278,2026-09-17T15:05:24.090336+00:00,read,30921,4.284,True,
1268,25360.0,25360.396,2026-09-17T15:05:24.110454+00:00,read,83136,3.625,True,
1269,25380.0,25380.16,2026-09-17T15:05:24.130216+00:00,read,29431,3.796,True,
1270,25400.0,25400.287,2026-09-17T15:05:24.150457+00:00,read,43968,3.887,True,
1271,25420.0,25420.379,2026-09-17T15:05:24.170435+00:00,read,81953,3.71,True,
1272,25440.0,25440.388,2026-09-17T15:05:24.190445+00:00,read,95618,3.432,True,
1273,25460.0,25460.411,2026-09-17T15:05:24.210470+00:00,read,66373,3.682,True,
1274,25480.0,25480.261,2026-09-17T15:05:24.230316+00:00,read,21665,3.184,True,
1275,25500.0,25500.511,2026-09-17T15:05:24.250571+00:00,read,96007,3.679,True,
1276,25520.0,25520.524,2026-09-17T15:05:24.270584+00:00,read,41865,4.283,True,
1277,25540.0,25540.29,2026-09-17T15:05:24.290439+00:00,read,62755,3.998,True,
1278,25560.0,25560.415,2026-09-17T15:05:24.310472+00:00,read,76582,3.46,True,
1279,25580.0,25580.288,2026-09-17T15:05:24.330451+00:00,read,63991,3.511,True,
1280,25600.0,25600.134,2026-09-17T15:05:24.350188+00:00,read,89882,2.464,True,
1281,25620.0,25620.139,2026-09-17T15:05:24.370192+00:00,read,87063,1.998,True,
1282,25640.0,25640.251,2026-09-17T15:05:24.390307+00:00,read,5840,1.996,True,
1283,25660.0,25660.119,2026-09-17T15:05:24.410172+00:00,read,15317,1.439,True,
1284,25680.0,25680.175,2026-09-17T15:05:24.430234+00:00,read,28488,2.723,True,
1285,25700.0,25700.227,2026-09-17T15:05:24.450285+00:00,read,57541,2.828,True,
1286,25720.0,25720.281,2026-09-17T15:05:24.470337+00:00,read,76089,3.06,True,
1287,25740.0,25740.195,2026-09-17T15:05:24.490251+00:00,read,74698,3.514,True,
1288,25760.0,25760.397,2026-09-17T15:05:24.510453+00:00,read,388,3.401,True,
1289,25780.0,25780.292,2026-09-17T15:05:24.530455+00:00,read,95905,3.371,True,
1290,25800.0,25800.194,2026-09-17T15:05:24.550251+00:00,read,18620,3.751,True,
1291,25820.0,25820.157,2026-09-17T15:05:24.570214+00:00,read,67205,3.247,True,
1292,25840.0,25840.174,2026-09-17T15:05:24.590231+00:00,read,24672,3.14,True,
1293,25860.0,25860.186,2026-09-17T15:05:24.610243+00:00,read,2528,2.934,True,
1294,25880.0,25880.154,2026-09-17T15:05:24.630211+00:00,read,82513,3.128,True,
1295,25900.0,25900.152,2026-09-17T15:05:24.650208+00:00,read,23643,2.308,True,
1296,25920.0,25920.118,2026-09-17T15:05:24.670176+00:00,read,62914,2.299,True,
1297,25940.0,25940.123,2026-09-17T15:05:24.690181+00:00,read,78734,2.336,True,
1298,25960.0,25960.288,2026-09-17T15:05:24.710404+00:00,read,67434,3.036,True,
1299,25980.0,25980.328,2026-09-17T15:05:24.730384+00:00,read,63242,2.523,True,
1300,26000.0,26000.233,2026-09-17T15:05:24.750290+00:00,read,43262,2.959,True,
1301,26020.0,26020.161,2026-09-17T15:05:24.770269+00:00,read,18523,2.644,True,
1302,26040.0,26040.222,2026-09-17T15:05:24.790277+00:00,read,13646,2.688,True,
1303,26060.0,26060.269,2026-09-17T15:05:24.810324+00:00,read,75484,2.479,True,
1304,26080.0,26080.282,2026-09-17T15:05:24.830340+00:00,read,77907,2.79,True,
1305,26100.0,26100.218,2026-09-17T15:05:24.850272+00:00,read,1990,2.495,True,
1306,26120.0,26120.088,2026-09-17T15:05:24.870139+00:00,read,92677,1.33,True,
1307,26140.0,26140.15,2026-09-17T15:05:24.890202+00:00,read,78863,1.386,True,
1308,26160.0,26160.127,2026-09-17T15:05:24.910179+00:00,read,51901,1.386,True,
1309,26180.0,26180.168,2026-09-17T15:05:24.930220+00:00,read,70897,1.169,True,
1310,26200.0,26200.141,2026-09-17T15:05:24.950194+00:00,read,65637,1.446,True,
1311,26220.0,26220.124,2026-09-17T15:05:24.970178+00:00,read,29854,1.498,True,
1312,26240.0,26240.246,2026-09-17T15:05:24.990301+00:00,read,83342,1.724,True,
1313,26260.0,26260.387,2026-09-17T15:05:25.010438+00:00,read,16165,1.255,True,
1314,26280.0,26280.18,2026-09-17T15:05:25.030232+00:00,read,62929,1.307,True,
1315,26300.0,26300.111,2026-09-17T15:05:25.050164+00:00,read,7647,1.328,True,
1316,26320.0,26320.154,2026-09-17T15:05:25.070208+00:00,read,93189,1.555,True,
1317,26340.0,26340.196,2026-09-17T15:05:25.090250+00:00,read,37620,1.495,True,
1318,26360.0,26360.181,2026-09-17T15:05:25.110233+00:00,read,88447,1.338,True,
1319,26380.0,26380.096,2026-09-17T15:05:25.130151+00:00,read,54273,1.683,True,
1320,26400.0,26400.199,2026-09-17T15:05:25.150251+00:00,read,75211,1.563,True,
1321,26420.0,26420.412,2026-09-17T15:05:25.170464+00:00,read,87469,1.268,True,
1322,26440.0,26440.307,2026-09-17T15:05:25.190358+00:00,read,21630,1.319,True,
1323,26460.0,26460.086,2026-09-17T15:05:25.210137+00:00,read,78207,1.126,True,
1324,26480.0,26480.09,2026-09-17T15:05:25.230141+00:00,read,44958,1.124,True,
1325,26500.0,26500.135,2026-09-17T15:05:25.250186+00:00,read,86968,1.308,True,
1326,26520.0,26520.388,2026-09-17T15:05:25.270439+00:00,read,27271,1.213,True,
1327,26540.0,26540.129,2026-09-17T15:05:25.290180+00:00,read,11259,1.202,True,
1328,26560.0,26560.186,2026-09-17T15:05:25.310245+00:00,read,29614,1.389,True,
1329,26580.0,26580.112,2026-09-17T15:05:25.330163+00:00,read,10071,1.387,True,
1330,26600.0,26600.153,2026-09-17T15:05:25.350203+00:00,read,56874,1.109,True,
1331,26620.0,26620.086,2026-09-17T15:05:25.370137+00:00,read,54391,1.284,True,
1332,26640.0,26640.122,2026-09-17T15:05:25.390173+00:00,read,7648,1.222,True,
1333,26660.0,26660.358,2026-09-17T15:05:25.410410+00:00,read,19360,1.55,True,
1334,26680.0,26680.12,2026-09-17T15:05:25.430171+00:00,read,73686,1.473,True,
1335,26700.0,26700.098,2026-09-17T15:05:25.450149+00:00,read,42136,1.095,True,
1336,26720.0,26720.097,2026-09-17T15:05:25.470147+00:00,read,75767,1.172,True,
1337,26740.0,26740.172,2026-09-17T15:05:25.490228+00:00,read,52367,1.251,True,
1338,26760.0,26760.171,2026-09-17T15:05:25.510222+00:00,read,89077,1.311,True,
1339,26780.0,26780.129,2026-09-17T15:05:25.530180+00:00,read,25859,1.229,True,
1340,26800.0,26800.2,2026-09-17T15:05:25.550260+00:00,read,6776,1.648,True,
1341,26820.0,26820.161,2026-09-17T15:05:25.570217+00:00,read,62387,14.325,True,
1342,26840.0,26840.162,2026-09-17T15:05:25.590214+00:00,read,26693,1.53,True,
1343,26860.0,26860.209,2026-09-17T15:05:25.610267+00:00,read,50964,3.381,True,
1344,26880.0,26880.214,2026-09-17T15:05:25.630270+00:00,read,69318,3.494,True,
1345,26900.0,26900.394,2026-09-17T15:05:25.650451+00:00,read,80775,3.515,True,
1346,26920.0,26920.384,2026-09-17T15:05:25.670443+00:00,read,87679,3.816,True,
1347,26940.0,26940.162,2026-09-17T15:05:25.690217+00:00,read,51442,2.792,True,
1348,26960.0,26960.421,2026-09-17T15:05:25.710480+00:00,read,40450,3.841,True,
1349,26980.0,26980.265,2026-09-17T15:05:25.730322+00:00,read,53535,3.202,True,
1350,27000.0,27000.29,2026-09-17T15:05:25.750453+00:00,read,28194,3.474,True,
1351,27020.0,27020.282,2026-09-17T15:05:25.770339+00:00,read,61268,3.773,True,
1352,27040.0,27040.157,2026-09-17T15:05:25.790214+00:00,read,95529,3.467,True,
1353,27060.0,27060.268,2026-09-17T15:05:25.810325+00:00,read,81291,3.681,True,
1354,27080.0,27080.164,2026-09-17T15:05:25.830221+00:00,read,35400,3.446,True,
1355,27100.0,27100.277,2026-09-17T15:05:25.850336+00:00,read,59085,3.463,True,
1356,27120.0,27120.182,2026-09-17T15:05:25.870239+00:00,read,94993,3.306,True,
1357,27140.0,27140.209,2026-09-17T15:05:25.890266+00:00,read,78030,3.328,True,
1358,27160.0,27160.203,2026-09-17T15:05:25.910261+00:00,read,55206,3.096,True,
1359,27180.0,27180.226,2026-09-17T15:05:25.930283+00:00,read,97588,3.128,True,
1360,27200.0,27200.438,2026-09-17T15:05:25.950494+00:00,read,24757,3.497,True,
1361,27220.0,27220.152,2026-09-17T15:05:25.970209+00:00,read,77898,4.223,True,
1362,27240.0,27240.149,2026-09-17T15:05:25.990205+00:00,read,33911,2.778,True,
1363,27260.0,27260.283,2026-09-17T15:05:26.010339+00:00,read,79995,1.899,True,
1364,27280.0,27280.147,2026-09-17T15:05:26.030205+00:00,read,2271,3.046,True,
1365,27300.0,27300.191,2026-09-17T15:05:26.050247+00:00,read,17950,3.697,True,
1366,27320.0,27320.269,2026-09-17T15:05:26.070325+00:00,read,55505,2.888,True,
1367,27340.0,27340.246,2026-09-17T15:05:26.090307+00:00,read,13609,3.315,True,
1368,27360.0,27360.278,2026-09-17T15:05:26.110338+00:00,read,88266,3.243,True,
1369,27380.0,27380.18,2026-09-17T15:05:26.130239+00:00,read,56495,2.79,True,
1370,27400.0,27400.26,2026-09-17T15:05:26.150319+00:00,read,52563,3.133,True,
1371,27420.0,27420.279,2026-09-17T15:05:26.170337+00:00,read,14007,3.604,True,
1372,27440.0,27440.343,2026-09-17T15:05:26.190399+00:00,read,19447,3.41,True,
1373,27460.0,27460.288,2026-09-17T15:05:26.210441+00:00,read,90943,3.235,True,
1374,27480.0,27480.216,2026-09-17T15:05:26.230274+00:00,read,42479,3.692,True,
1375,27500.0,27500.162,2026-09-17T15:05:26.250218+00:00,read,92180,3.585,True,
1376,27520.0,27520.263,2026-09-17T15:05:26.270318+00:00,read,71507,3.194,True,
1377,27540.0,27540.188,2026-09-17T15:05:26.290246+00:00,read,21198,4.249,True,
1378,27560.0,27560.383,2026-09-17T15:05:26.310440+00:00,read,74915,3.515,True,
1379,27580.0,27580.167,2026-09-17T15:05:26.330223+00:00,read,18081,3.544,True,
1380,27600.0,27600.16,2026-09-17T15:05:26.350216+00:00,read,37439,3.309,True,
1381,27620.0,27620.259,2026-09-17T15:05:26.370313+00:00,read,54133,3.326,True,
1382,27640.0,27640.14,2026-09-17T15:05:26.390195+00:00,read,13244,3.133,True,
1383,27660.0,27660.438,2026-09-17T15:05:26.410495+00:00,read,13203,3.112,True,
1384,27680.0,27680.375,2026-09-17T15:05:26.430432+00:00,read,1467,3.321,True,
1385,27700.0,27700.251,2026-09-17T15:05:26.450307+00:00,read,6027,3.617,True,
1386,27720.0,27720.164,2026-09-17T15:05:26.470218+00:00,read,44884,2.312,True,
1387,27740.0,27740.141,2026-09-17T15:05:26.490195+00:00,read,63678,2.881,True,
1388,27760.0,27760.359,2026-09-17T15:05:26.510416+00:00,read,57830,2.204,True,
1389,27780.0,27780.25,2026-09-17T15:05:26.530309+00:00,read,5363,2.863,True,
1390,27800.0,27800.236,2026-09-17T15:05:26.550294+00:00,read,32410,2.578,True,
1391,27820.0,27820.214,2026-09-17T15:05:26.570270+00:00,read,59223,2.243,True,
1392,27840.0,27840.193,2026-09-17T15:05:26.590248+00:00,read,80651,2.011,True,
1393,27860.0,27860.181,2026-09-17T15:05:26.610240+00:00,read,62171,3.396,True,
1394,27880.0,27880.207,2026-09-17T15:05:26.630263+00:00,read,95660,3.423,True,
1395,27900.0,27900.353,2026-09-17T15:05:26.650411+00:00,read,35450,3.759,True,
1396,27920.0,27920.187,2026-09-17T15:05:26.670246+00:00,read,84619,3.8,True,
1397,27940.0,27940.285,2026-09-17T15:05:26.690372+00:00,read,43014,3.506,True,
1398,27960.0,27960.396,2026-09-17T15:05:26.710454+00:00,read,63818,3.754,True,
1399,27980.0,27980.268,2026-09-17T15:05:26.730324+00:00,read,95728,3.341,True,
1400,28000.0,28000.243,2026-09-17T15:05:26.750306+00:00,read,9301,5.602,True,
1401,28020.0,28020.117,2026-09-17T15:05:26.770172+00:00,read,57449,1.731,True,
1402,28040.0,28040.21,2026-09-17T15:05:26.790303+00:00,read,63701,1.658,True,
1403,28060.0,28060.345,2026-09-17T15:05:26.810402+00:00,read,80591,1.637,True,
1404,28080.0,28080.343,2026-09-17T15:05:26.830399+00:00,read,16392,1.523,True,
1405,28100.0,28100.232,2026-09-17T15:05:26.850284+00:00,read,13260,1.295,True,
1406,28120.0,28120.403,2026-09-17T15:05:26.870459+00:00,read,11370,2.956,True,
1407,28140.0,28140.208,2026-09-17T15:05:26.890266+00:00,read,18972,3.223,True,
1408,28160.0,28160.216,2026-09-17T15:05:26.910276+00:00,read,21288,3.782,True,
1409,28180.0,28180.23,2026-09-17T15:05:26.930288+00:00,read,79135,3.738,True,
1410,28200.0,28200.292,2026-09-17T15:05:26.950433+00:00,read,23176,3.106,True,
1411,28220.0,28220.178,2026-09-17T15:05:26.970237+00:00,read,90420,3.074,True,
1412,28240.0,28240.209,2026-09-17T15:05:26.990267+00:00,read,9303,2.452,True,
1413,28260.0,28260.266,2026-09-17T15:05:27.010320+00:00,read,36877,1.76,True,
1414,28280.0,28280.11,2026-09-17T15:05:27.030163+00:00,read,24305,1.543,True,
1415,28300.0,28300.227,2026-09-17T15:05:27.050291+00:00,read,79412,2.97,True,
1416,28320.0,28320.167,2026-09-17T15:05:27.070226+00:00,read,36918,2.913,True,
1417,28340.0,28340.418,2026-09-17T15:05:27.090475+00:00,read,65146,3.338,True,
1418,28360.0,28360.193,2026-09-17T15:05:27.110254+00:00,read,91156,3.516,True,
1419,28380.0,28380.199,2026-09-17T15:05:27.130258+00:00,read,87456,3.432,True,
1420,28400.0,28400.388,2026-09-17T15:05:27.150447+00:00,read,58753,3.682,True,
1421,28420.0,28420.212,2026-09-17T15:05:27.170271+00:00,read,34747,3.617,True,
1422,28440.0,28440.321,2026-09-17T15:05:27.190379+00:00,read,11019,3.032,True,
1423,28460.0,28460.159,2026-09-17T15:05:27.210216+00:00,read,25096,2.657,True,
1424,28480.0,28480.163,2026-09-17T15:05:27.230219+00:00,read,69924,2.323,True,
1425,28500.0,28500.147,2026-09-17T15:05:27.250205+00:00,read,18037,2.761,True,
1426,28520.0,28520.331,2026-09-17T15:05:27.270389+00:00,read,59709,3.01,True,
1427,28540.0,28540.168,2026-09-17T15:05:27.290225+00:00,read,14911,3.424,True,
1428,28560.0,28560.25,2026-09-17T15:05:27.310309+00:00,read,13646,3.088,True,
1429,28580.0,28580.27,2026-09-17T15:05:27.330328+00:00,read,17927,3.817,True,
1430,28600.0,28600.272,2026-09-17T15:05:27.350330+00:00,read,19759,3.497,True,
1431,28620.0,28620.127,2026-09-17T15:05:27.370185+00:00,read,20742,3.239,True,
1432,28640.0,28640.236,2026-09-17T15:05:27.390293+00:00,read,57045,3.441,True,
1433,28660.0,28660.182,2026-09-17T15:05:27.410239+00:00,read,45691,3.614,True,
1434,28680.0,28680.278,2026-09-17T15:05:27.430338+00:00,read,30041,4.602,True,
1435,28700.0,28700.209,2026-09-17T15:05:27.450273+00:00,read,86447,4.164,True,
1436,28720.0,28720.188,2026-09-17T15:05:27.470245+00:00,read,87839,3.809,True,
1437,28740.0,28740.374,2026-09-17T15:05:27.490430+00:00,read,98065,3.725,True,
1438,28760.0,28760.154,2026-09-17T15:05:27.510210+00:00,read,78208,3.146,True,
1439,28780.0,28780.22,2026-09-17T15:05:27.530275+00:00,read,86943,2.674,True,
1440,28800.0,28800.194,2026-09-17T15:05:27.550251+00:00,read,3285,2.65,True,
1441,28820.0,28820.172,2026-09-17T15:05:27.570229+00:00,read,88602,3.212,True,
1442,28840.0,28840.209,2026-09-17T15:05:27.590265+00:00,read,43540,3.262,True,
1443,28860.0,28860.195,2026-09-17T15:05:27.610252+00:00,read,14746,3.253,True,
1444,28880.0,28880.286,2026-09-17T15:05:27.630448+00:00,read,24386,3.204,True,
1445,28900.0,28900.288,2026-09-17T15:05:27.650463+00:00,read,4292,3.815,True,
1446,28920.0,28920.221,2026-09-17T15:05:27.670277+00:00,read,59333,2.625,True,
1447,28940.0,28940.22,2026-09-17T15:05:27.690278+00:00,read,89652,2.837,True,
1448,28960.0,28960.235,2026-09-17T15:05:27.710291+00:00,read,45195,2.004,True,
1449,28980.0,28980.386,2026-09-17T15:05:27.730447+00:00,read,75623,3.567,True,
1450,29000.0,29000.38,2026-09-17T15:05:27.750439+00:00,read,69810,3.573,True,
1451,29020.0,29020.193,2026-09-17T15:05:27.770249+00:00,read,9609,1.899,True,
1452,29040.0,29040.214,2026-09-17T15:05:27.790268+00:00,read,59032,1.757,True,
1453,29060.0,29060.398,2026-09-17T15:05:27.810454+00:00,read,33656,2.469,True,
1454,29080.0,29080.259,2026-09-17T15:05:27.830314+00:00,read,65491,2.663,True,
1455,29100.0,29100.168,2026-09-17T15:05:27.850223+00:00,read,14779,2.314,True,
1456,29120.0,29120.176,2026-09-17T15:05:27.870230+00:00,read,56759,2.353,True,
1457,29140.0,29140.231,2026-09-17T15:05:27.890286+00:00,read,54347,2.259,True,
1458,29160.0,29160.247,2026-09-17T15:05:27.910302+00:00,read,44660,2.456,True,
1459,29180.0,29180.34,2026-09-17T15:05:27.930394+00:00,read,12484,2.623,True,
1460,29200.0,29200.166,2026-09-17T15:05:27.950221+00:00,read,23637,2.502,True,
1461,29220.0,29220.244,2026-09-17T15:05:27.970300+00:00,read,82120,2.902,True,
1462,29240.0,29240.266,2026-09-17T15:05:27.990321+00:00,read,53921,2.748,True,
1463,29260.0,29260.391,2026-09-17T15:05:28.010446+00:00,read,76354,2.336,True,
1464,29280.0,29280.461,2026-09-17T15:05:28.030517+00:00,read,54264,3.092,True,
1465,29300.0,29300.37,2026-09-17T15:05:28.050458+00:00,read,6686,2.952,True,
1466,29320.0,29320.399,2026-09-17T15:05:28.070456+00:00,read,58395,3.28,True,
1467,29340.0,29340.381,2026-09-17T15:05:28.090438+00:00,read,64409,2.889,True,
1468,29360.0,29360.272,2026-09-17T15:05:28.110332+00:00,read,87995,4.283,True,
1469,29380.0,29380.187,2026-09-17T15:05:28.130247+00:00,read,95060,1.885,True,
1470,29400.0,29400.399,2026-09-17T15:05:28.150457+00:00,read,30014,2.874,True,
1471,29420.0,29420.179,2026-09-17T15:05:28.170237+00:00,read,23160,3.784,True,
1472,29440.0,29440.261,2026-09-17T15:05:28.190317+00:00,read,22931,4.263,True,
1473,29460.0,29460.278,2026-09-17T15:05:28.210334+00:00,read,43796,3.406,True,
1474,29480.0,29480.141,2026-09-17T15:05:28.230197+00:00,read,67785,3.046,True,
1475,29500.0,29500.172,2026-09-17T15:05:28.250231+00:00,read,63813,3.644,True,
1476,29520.0,29520.131,2026-09-17T15:05:28.270188+00:00,read,15309,2.332,True,
1477,29540.0,29540.421,2026-09-17T15:05:28.290478+00:00,read,67934,3.209,True,
1478,29560.0,29560.29,2026-09-17T15:05:28.310442+00:00,read,20666,3.907,True,
1479,29580.0,29580.463,2026-09-17T15:05:28.330520+00:00,read,16605,4.107,True,
1480,29600.0,29600.191,2026-09-17T15:05:28.350248+00:00,read,24482,3.644,True,
1481,29620.0,29620.252,2026-09-17T15:05:28.370308+00:00,read,65197,3.444,True,
1482,29640.0,29640.233,2026-09-17T15:05:28.390289+00:00,read,64580,2.874,True,
1483,29660.0,29660.153,2026-09-17T15:05:28.410209+00:00,read,39718,3.348,True,
1484,29680.0,29680.288,2026-09-17T15:05:28.430546+00:00,read,31334,3.742,True,
1485,29700.0,29700.255,2026-09-17T15:05:28.450314+00:00,read,68108,3.347,True,
1486,29720.0,29720.175,2026-09-17T15:05:28.470234+00:00,read,68847,2.861,True,
1487,29740.0,29740.122,2026-09-17T15:05:28.490177+00:00,read,49570,1.484,True,
1488,29760.0,29760.153,2026-09-17T15:05:28.510208+00:00,read,83585,1.473,True,
1489,29780.0,29780.122,2026-09-17T15:05:28.530177+00:00,read,96611,1.64,True,
1490,29800.0,29800.095,2026-09-17T15:05:28.550149+00:00,read,95983,1.393,True,
1491,29820.0,29820.091,2026-09-17T15:05:28.570146+00:00,read,36130,1.37,True,
1492,29840.0,29840.134,2026-09-17T15:05:28.590189+00:00,read,98239,1.429,True,
1493,29860.0,29860.118,2026-09-17T15:05:28.610174+00:00,read,42394,1.992,True,
1494,29880.0,29880.172,2026-09-17T15:05:28.630233+00:00,read,95053,4.629,True,
1495,29900.0,29900.244,2026-09-17T15:05:28.650304+00:00,read,60530,4.511,True,
1496,29920.0,29920.223,2026-09-17T15:05:28.670286+00:00,read,72864,3.898,True,
1497,29940.0,29940.152,2026-09-17T15:05:28.690209+00:00,read,807,2.743,True,
1498,29960.0,29960.115,2026-09-17T15:05:28.710172+00:00,read,21817,2.049,True,
1499,29980.0,29980.232,2026-09-17T15:05:28.730294+00:00,read,75044,3.758,True,
