timestamp,phase,event_relative_s,tablet_rows,pending_replica_rows,active_transition_rows,placement_sha256,changed_from_previous
2026-09-21T17:02:21.327319+00:00,,,32,0,0,a0308cc5293a95f9689886b7125aad909c93385e5a5b1cdacea2b281799ee779,False
2026-09-21T17:02:22.389196+00:00,,,32,0,0,a0308cc5293a95f9689886b7125aad909c93385e5a5b1cdacea2b281799ee779,False
2026-09-21T17:02:23.423413+00:00,,,32,0,0,a0308cc5293a95f9689886b7125aad909c93385e5a5b1cdacea2b281799ee779,False
2026-09-21T17:02:24.477347+00:00,,,32,0,0,a0308cc5293a95f9689886b7125aad909c93385e5a5b1cdacea2b281799ee779,False
2026-09-21T17:02:25.560241+00:00,,,32,0,0,a0308cc5293a95f9689886b7125aad909c93385e5a5b1cdacea2b281799ee779,False
2026-09-21T17:02:26.639730+00:00,,,32,0,0,a0308cc5293a95f9689886b7125aad909c93385e5a5b1cdacea2b281799ee779,False
2026-09-21T17:02:27.695476+00:00,,,32,0,0,a0308cc5293a95f9689886b7125aad909c93385e5a5b1cdacea2b281799ee779,False
2026-09-21T17:02:28.772185+00:00,,,32,0,0,a0308cc5293a95f9689886b7125aad909c93385e5a5b1cdacea2b281799ee779,False
2026-09-21T17:02:29.897288+00:00,,,32,0,0,a0308cc5293a95f9689886b7125aad909c93385e5a5b1cdacea2b281799ee779,False
2026-09-21T17:02:30.969567+00:00,,,32,0,0,a0308cc5293a95f9689886b7125aad909c93385e5a5b1cdacea2b281799ee779,False
2026-09-21T17:02:32.058950+00:00,,,32,0,0,a0308cc5293a95f9689886b7125aad909c93385e5a5b1cdacea2b281799ee779,False
2026-09-21T17:02:33.132409+00:00,,,32,0,0,a0308cc5293a95f9689886b7125aad909c93385e5a5b1cdacea2b281799ee779,False
2026-09-21T17:02:34.212546+00:00,,,32,0,0,a0308cc5293a95f9689886b7125aad909c93385e5a5b1cdacea2b281799ee779,False
2026-09-21T17:02:35.272177+00:00,,,32,0,0,a0308cc5293a95f9689886b7125aad909c93385e5a5b1cdacea2b281799ee779,False
2026-09-21T17:02:36.366218+00:00,,,32,0,0,a0308cc5293a95f9689886b7125aad909c93385e5a5b1cdacea2b281799ee779,False
2026-09-21T17:02:37.450263+00:00,,,32,0,0,a0308cc5293a95f9689886b7125aad909c93385e5a5b1cdacea2b281799ee779,False
2026-09-21T17:02:38.515607+00:00,,,32,0,0,a0308cc5293a95f9689886b7125aad909c93385e5a5b1cdacea2b281799ee779,False
2026-09-21T17:02:39.586193+00:00,,,32,0,0,a0308cc5293a95f9689886b7125aad909c93385e5a5b1cdacea2b281799ee779,False
2026-09-21T17:02:40.655130+00:00,,,32,0,0,a0308cc5293a95f9689886b7125aad909c93385e5a5b1cdacea2b281799ee779,False
2026-09-21T17:02:41.711066+00:00,,,32,0,0,a0308cc5293a95f9689886b7125aad909c93385e5a5b1cdacea2b281799ee779,False
2026-09-21T17:02:42.798328+00:00,,,32,0,0,a0308cc5293a95f9689886b7125aad909c93385e5a5b1cdacea2b281799ee779,False
2026-09-21T17:02:43.846281+00:00,,,32,0,0,a0308cc5293a95f9689886b7125aad909c93385e5a5b1cdacea2b281799ee779,False
2026-09-21T17:02:44.943015+00:00,,,32,0,0,a0308cc5293a95f9689886b7125aad909c93385e5a5b1cdacea2b281799ee779,False
2026-09-21T17:02:46.012564+00:00,,,32,0,0,a0308cc5293a95f9689886b7125aad909c93385e5a5b1cdacea2b281799ee779,False
2026-09-21T17:02:47.079657+00:00,,,32,0,0,a0308cc5293a95f9689886b7125aad909c93385e5a5b1cdacea2b281799ee779,False
2026-09-21T17:02:48.142978+00:00,,,32,0,0,a0308cc5293a95f9689886b7125aad909c93385e5a5b1cdacea2b281799ee779,False
2026-09-21T17:02:49.188289+00:00,,,32,0,0,a0308cc5293a95f9689886b7125aad909c93385e5a5b1cdacea2b281799ee779,False
2026-09-21T17:02:50.227210+00:00,,,32,0,0,a0308cc5293a95f9689886b7125aad909c93385e5a5b1cdacea2b281799ee779,False
2026-09-21T17:02:51.287793+00:00,,,32,0,0,a0308cc5293a95f9689886b7125aad909c93385e5a5b1cdacea2b281799ee779,False
2026-09-21T17:02:52.359529+00:00,,,32,0,0,a0308cc5293a95f9689886b7125aad909c93385e5a5b1cdacea2b281799ee779,False
2026-09-21T17:02:53.448279+00:00,,,32,0,0,a0308cc5293a95f9689886b7125aad909c93385e5a5b1cdacea2b281799ee779,False
2026-09-21T17:02:54.516770+00:00,,,32,0,0,a0308cc5293a95f9689886b7125aad909c93385e5a5b1cdacea2b281799ee779,False
2026-09-21T17:02:55.605968+00:00,,,32,0,0,a0308cc5293a95f9689886b7125aad909c93385e5a5b1cdacea2b281799ee779,False
2026-09-21T17:02:56.699981+00:00,,,32,0,0,a0308cc5293a95f9689886b7125aad909c93385e5a5b1cdacea2b281799ee779,False
2026-09-21T17:02:57.777836+00:00,,,32,0,0,a0308cc5293a95f9689886b7125aad909c93385e5a5b1cdacea2b281799ee779,False
2026-09-21T17:02:58.867155+00:00,,,32,0,0,a0308cc5293a95f9689886b7125aad909c93385e5a5b1cdacea2b281799ee779,False
2026-09-21T17:02:59.942511+00:00,,,32,0,0,a0308cc5293a95f9689886b7125aad909c93385e5a5b1cdacea2b281799ee779,False
2026-09-21T17:03:01.053345+00:00,,,32,0,0,a0308cc5293a95f9689886b7125aad909c93385e5a5b1cdacea2b281799ee779,False
2026-09-21T17:03:02.147161+00:00,,,32,0,0,a0308cc5293a95f9689886b7125aad909c93385e5a5b1cdacea2b281799ee779,False
2026-09-21T17:03:03.226183+00:00,,,32,0,0,a0308cc5293a95f9689886b7125aad909c93385e5a5b1cdacea2b281799ee779,False
2026-09-21T17:03:04.308871+00:00,,,32,0,0,a0308cc5293a95f9689886b7125aad909c93385e5a5b1cdacea2b281799ee779,False
2026-09-21T17:03:05.373212+00:00,,,32,0,0,a0308cc5293a95f9689886b7125aad909c93385e5a5b1cdacea2b281799ee779,False
2026-09-21T17:03:06.449297+00:00,,,32,0,0,a0308cc5293a95f9689886b7125aad909c93385e5a5b1cdacea2b281799ee779,False
2026-09-21T17:03:07.532483+00:00,,,32,0,0,a0308cc5293a95f9689886b7125aad909c93385e5a5b1cdacea2b281799ee779,False
2026-09-21T17:03:08.593242+00:00,,,32,0,0,a0308cc5293a95f9689886b7125aad909c93385e5a5b1cdacea2b281799ee779,False
2026-09-21T17:03:09.640742+00:00,,,32,0,0,a0308cc5293a95f9689886b7125aad909c93385e5a5b1cdacea2b281799ee779,False
2026-09-21T17:03:10.731802+00:00,,,32,0,0,a0308cc5293a95f9689886b7125aad909c93385e5a5b1cdacea2b281799ee779,False
2026-09-21T17:03:11.833007+00:00,,,32,0,0,a0308cc5293a95f9689886b7125aad909c93385e5a5b1cdacea2b281799ee779,False
2026-09-21T17:03:12.892069+00:00,,,32,0,0,a0308cc5293a95f9689886b7125aad909c93385e5a5b1cdacea2b281799ee779,False
2026-09-21T17:03:13.958520+00:00,,,32,0,0,a0308cc5293a95f9689886b7125aad909c93385e5a5b1cdacea2b281799ee779,False
2026-09-21T17:03:15.052929+00:00,,,32,0,0,a0308cc5293a95f9689886b7125aad909c93385e5a5b1cdacea2b281799ee779,False
2026-09-21T17:03:16.147949+00:00,,,32,0,0,a0308cc5293a95f9689886b7125aad909c93385e5a5b1cdacea2b281799ee779,False
2026-09-21T17:03:17.222817+00:00,,,32,0,0,a0308cc5293a95f9689886b7125aad909c93385e5a5b1cdacea2b281799ee779,False
2026-09-21T17:03:18.302903+00:00,,,32,0,0,a0308cc5293a95f9689886b7125aad909c93385e5a5b1cdacea2b281799ee779,False
2026-09-21T17:03:19.336633+00:00,,,32,0,0,a0308cc5293a95f9689886b7125aad909c93385e5a5b1cdacea2b281799ee779,False
2026-09-21T17:03:20.401651+00:00,,,32,0,0,a0308cc5293a95f9689886b7125aad909c93385e5a5b1cdacea2b281799ee779,False
2026-09-21T17:03:21.498581+00:00,,,32,0,0,a0308cc5293a95f9689886b7125aad909c93385e5a5b1cdacea2b281799ee779,False
2026-09-21T17:03:22.598584+00:00,,,32,0,0,a0308cc5293a95f9689886b7125aad909c93385e5a5b1cdacea2b281799ee779,False
2026-09-21T17:03:23.677443+00:00,,,32,0,0,a0308cc5293a95f9689886b7125aad909c93385e5a5b1cdacea2b281799ee779,False
2026-09-21T17:03:24.712637+00:00,,,32,0,0,a0308cc5293a95f9689886b7125aad909c93385e5a5b1cdacea2b281799ee779,False
2026-09-21T17:03:25.783278+00:00,,,32,0,0,a0308cc5293a95f9689886b7125aad909c93385e5a5b1cdacea2b281799ee779,False
2026-09-21T17:03:26.856068+00:00,,,32,0,0,a0308cc5293a95f9689886b7125aad909c93385e5a5b1cdacea2b281799ee779,False
2026-09-21T17:03:27.944744+00:00,,,32,0,0,a0308cc5293a95f9689886b7125aad909c93385e5a5b1cdacea2b281799ee779,False
2026-09-21T17:03:29.025287+00:00,,,32,0,0,a0308cc5293a95f9689886b7125aad909c93385e5a5b1cdacea2b281799ee779,False
2026-09-21T17:03:30.105936+00:00,,,32,0,0,a0308cc5293a95f9689886b7125aad909c93385e5a5b1cdacea2b281799ee779,False
2026-09-21T17:03:31.170066+00:00,,,32,0,0,a0308cc5293a95f9689886b7125aad909c93385e5a5b1cdacea2b281799ee779,False
2026-09-21T17:03:32.256083+00:00,,,32,0,0,a0308cc5293a95f9689886b7125aad909c93385e5a5b1cdacea2b281799ee779,False
2026-09-21T17:03:33.328502+00:00,,,32,0,0,a0308cc5293a95f9689886b7125aad909c93385e5a5b1cdacea2b281799ee779,False
2026-09-21T17:03:34.398690+00:00,,,32,0,0,a0308cc5293a95f9689886b7125aad909c93385e5a5b1cdacea2b281799ee779,False
2026-09-21T17:03:35.487496+00:00,,,32,0,0,a0308cc5293a95f9689886b7125aad909c93385e5a5b1cdacea2b281799ee779,False
2026-09-21T17:03:36.548253+00:00,,,32,0,0,a0308cc5293a95f9689886b7125aad909c93385e5a5b1cdacea2b281799ee779,False
2026-09-21T17:03:37.624419+00:00,,,32,0,0,a0308cc5293a95f9689886b7125aad909c93385e5a5b1cdacea2b281799ee779,False
2026-09-21T17:03:38.703337+00:00,,,32,0,0,a0308cc5293a95f9689886b7125aad909c93385e5a5b1cdacea2b281799ee779,False
2026-09-21T17:03:39.800315+00:00,,,32,0,0,a0308cc5293a95f9689886b7125aad909c93385e5a5b1cdacea2b281799ee779,False
2026-09-21T17:03:40.890633+00:00,,,32,0,0,a0308cc5293a95f9689886b7125aad909c93385e5a5b1cdacea2b281799ee779,False
2026-09-21T17:03:41.953781+00:00,,,32,0,0,a0308cc5293a95f9689886b7125aad909c93385e5a5b1cdacea2b281799ee779,False
2026-09-21T17:03:43.040035+00:00,,,32,0,0,a0308cc5293a95f9689886b7125aad909c93385e5a5b1cdacea2b281799ee779,False
2026-09-21T17:03:44.101108+00:00,,,32,0,0,a0308cc5293a95f9689886b7125aad909c93385e5a5b1cdacea2b281799ee779,False
2026-09-21T17:03:45.186211+00:00,,,32,0,0,a0308cc5293a95f9689886b7125aad909c93385e5a5b1cdacea2b281799ee779,False
2026-09-21T17:03:46.259022+00:00,,,32,0,0,a0308cc5293a95f9689886b7125aad909c93385e5a5b1cdacea2b281799ee779,False
2026-09-21T17:03:47.310700+00:00,,,32,0,0,a0308cc5293a95f9689886b7125aad909c93385e5a5b1cdacea2b281799ee779,False
2026-09-21T17:03:48.387913+00:00,,,32,0,0,a0308cc5293a95f9689886b7125aad909c93385e5a5b1cdacea2b281799ee779,False
2026-09-21T17:03:49.507791+00:00,,,32,0,0,a0308cc5293a95f9689886b7125aad909c93385e5a5b1cdacea2b281799ee779,False
2026-09-21T17:03:50.592224+00:00,,,32,0,0,a0308cc5293a95f9689886b7125aad909c93385e5a5b1cdacea2b281799ee779,False
2026-09-21T17:03:51.672680+00:00,,,32,0,0,a0308cc5293a95f9689886b7125aad909c93385e5a5b1cdacea2b281799ee779,False
2026-09-21T17:03:52.774191+00:00,,,32,0,0,a0308cc5293a95f9689886b7125aad909c93385e5a5b1cdacea2b281799ee779,False
2026-09-21T17:03:53.849831+00:00,,,32,0,0,a0308cc5293a95f9689886b7125aad909c93385e5a5b1cdacea2b281799ee779,False
2026-09-21T17:03:54.918373+00:00,,,32,0,0,a0308cc5293a95f9689886b7125aad909c93385e5a5b1cdacea2b281799ee779,False
2026-09-21T17:03:55.998178+00:00,,,32,0,0,a0308cc5293a95f9689886b7125aad909c93385e5a5b1cdacea2b281799ee779,False
2026-09-21T17:03:57.056766+00:00,,,32,0,0,a0308cc5293a95f9689886b7125aad909c93385e5a5b1cdacea2b281799ee779,False
2026-09-21T17:03:58.137007+00:00,,,32,0,0,a0308cc5293a95f9689886b7125aad909c93385e5a5b1cdacea2b281799ee779,False
2026-09-21T17:03:59.207172+00:00,,,32,0,0,a0308cc5293a95f9689886b7125aad909c93385e5a5b1cdacea2b281799ee779,False
2026-09-21T17:04:00.274726+00:00,,,32,0,0,a0308cc5293a95f9689886b7125aad909c93385e5a5b1cdacea2b281799ee779,False
2026-09-21T17:04:01.361678+00:00,,,32,0,0,a0308cc5293a95f9689886b7125aad909c93385e5a5b1cdacea2b281799ee779,False
2026-09-21T17:04:02.434685+00:00,,,32,0,0,a0308cc5293a95f9689886b7125aad909c93385e5a5b1cdacea2b281799ee779,False
2026-09-21T17:04:03.504818+00:00,,,32,0,0,a0308cc5293a95f9689886b7125aad909c93385e5a5b1cdacea2b281799ee779,False
2026-09-21T17:04:04.567315+00:00,,,32,0,0,a0308cc5293a95f9689886b7125aad909c93385e5a5b1cdacea2b281799ee779,False
2026-09-21T17:04:05.631684+00:00,,,32,0,0,a0308cc5293a95f9689886b7125aad909c93385e5a5b1cdacea2b281799ee779,False
2026-09-21T17:04:06.704770+00:00,,,32,0,0,a0308cc5293a95f9689886b7125aad909c93385e5a5b1cdacea2b281799ee779,False
2026-09-21T17:04:07.756080+00:00,,,32,0,0,a0308cc5293a95f9689886b7125aad909c93385e5a5b1cdacea2b281799ee779,False
2026-09-21T17:04:08.821669+00:00,,,32,0,0,a0308cc5293a95f9689886b7125aad909c93385e5a5b1cdacea2b281799ee779,False
2026-09-21T17:04:09.870452+00:00,,,32,0,0,a0308cc5293a95f9689886b7125aad909c93385e5a5b1cdacea2b281799ee779,False
2026-09-21T17:04:10.945731+00:00,,,32,0,0,a0308cc5293a95f9689886b7125aad909c93385e5a5b1cdacea2b281799ee779,False
2026-09-21T17:04:12.007959+00:00,,,32,0,0,a0308cc5293a95f9689886b7125aad909c93385e5a5b1cdacea2b281799ee779,False
2026-09-21T17:04:13.075009+00:00,,,32,0,0,a0308cc5293a95f9689886b7125aad909c93385e5a5b1cdacea2b281799ee779,False
2026-09-21T17:04:14.136017+00:00,,,32,0,0,a0308cc5293a95f9689886b7125aad909c93385e5a5b1cdacea2b281799ee779,False
2026-09-21T17:04:15.243618+00:00,,,32,0,0,a0308cc5293a95f9689886b7125aad909c93385e5a5b1cdacea2b281799ee779,False
2026-09-21T17:04:16.332101+00:00,,,32,0,0,a0308cc5293a95f9689886b7125aad909c93385e5a5b1cdacea2b281799ee779,False
2026-09-21T17:04:17.387054+00:00,,,32,0,0,a0308cc5293a95f9689886b7125aad909c93385e5a5b1cdacea2b281799ee779,False
2026-09-21T17:04:18.457524+00:00,,,32,0,0,a0308cc5293a95f9689886b7125aad909c93385e5a5b1cdacea2b281799ee779,False
2026-09-21T17:04:19.520192+00:00,,,32,0,0,a0308cc5293a95f9689886b7125aad909c93385e5a5b1cdacea2b281799ee779,False
2026-09-21T17:04:20.575213+00:00,,,32,0,0,a0308cc5293a95f9689886b7125aad909c93385e5a5b1cdacea2b281799ee779,False
2026-09-21T17:04:21.663264+00:00,,,32,0,0,a0308cc5293a95f9689886b7125aad909c93385e5a5b1cdacea2b281799ee779,False
2026-09-21T17:04:22.720259+00:00,,,32,0,0,a0308cc5293a95f9689886b7125aad909c93385e5a5b1cdacea2b281799ee779,False
2026-09-21T17:04:23.772217+00:00,,,32,0,0,a0308cc5293a95f9689886b7125aad909c93385e5a5b1cdacea2b281799ee779,False
2026-09-21T17:04:24.823785+00:00,,,32,0,0,a0308cc5293a95f9689886b7125aad909c93385e5a5b1cdacea2b281799ee779,False
2026-09-21T17:04:25.888322+00:00,,,32,0,0,a0308cc5293a95f9689886b7125aad909c93385e5a5b1cdacea2b281799ee779,False
2026-09-21T17:04:26.943641+00:00,,,32,0,0,a0308cc5293a95f9689886b7125aad909c93385e5a5b1cdacea2b281799ee779,False
2026-09-21T17:04:28.014145+00:00,,,32,0,0,a0308cc5293a95f9689886b7125aad909c93385e5a5b1cdacea2b281799ee779,False
2026-09-21T17:04:29.075166+00:00,,,32,0,0,a0308cc5293a95f9689886b7125aad909c93385e5a5b1cdacea2b281799ee779,False
2026-09-21T17:04:30.123216+00:00,,,32,0,0,a0308cc5293a95f9689886b7125aad909c93385e5a5b1cdacea2b281799ee779,False
2026-09-21T17:04:31.178895+00:00,,,32,0,0,a0308cc5293a95f9689886b7125aad909c93385e5a5b1cdacea2b281799ee779,False
2026-09-21T17:04:32.275645+00:00,,,32,0,0,a0308cc5293a95f9689886b7125aad909c93385e5a5b1cdacea2b281799ee779,False
2026-09-21T17:04:33.333717+00:00,,,32,0,0,a0308cc5293a95f9689886b7125aad909c93385e5a5b1cdacea2b281799ee779,False
2026-09-21T17:04:34.409588+00:00,,,32,0,0,a0308cc5293a95f9689886b7125aad909c93385e5a5b1cdacea2b281799ee779,False
2026-09-21T17:04:35.489433+00:00,,,32,0,0,a0308cc5293a95f9689886b7125aad909c93385e5a5b1cdacea2b281799ee779,False
2026-09-21T17:04:36.561779+00:00,,,32,0,0,a0308cc5293a95f9689886b7125aad909c93385e5a5b1cdacea2b281799ee779,False
2026-09-21T17:04:37.621149+00:00,,,32,0,0,a0308cc5293a95f9689886b7125aad909c93385e5a5b1cdacea2b281799ee779,False
2026-09-21T17:04:38.699707+00:00,,,32,0,0,a0308cc5293a95f9689886b7125aad909c93385e5a5b1cdacea2b281799ee779,False
2026-09-21T17:04:39.766542+00:00,,,32,0,0,a0308cc5293a95f9689886b7125aad909c93385e5a5b1cdacea2b281799ee779,False
2026-09-21T17:04:40.831672+00:00,,,32,0,0,a0308cc5293a95f9689886b7125aad909c93385e5a5b1cdacea2b281799ee779,False
2026-09-21T17:04:41.907438+00:00,,,32,0,0,a0308cc5293a95f9689886b7125aad909c93385e5a5b1cdacea2b281799ee779,False
2026-09-21T17:04:42.978526+00:00,,,32,0,0,a0308cc5293a95f9689886b7125aad909c93385e5a5b1cdacea2b281799ee779,False
2026-09-21T17:04:44.034858+00:00,,,32,0,0,a0308cc5293a95f9689886b7125aad909c93385e5a5b1cdacea2b281799ee779,False
2026-09-21T17:04:45.113122+00:00,,,32,0,0,a0308cc5293a95f9689886b7125aad909c93385e5a5b1cdacea2b281799ee779,False
2026-09-21T17:04:46.197927+00:00,,,32,0,0,a0308cc5293a95f9689886b7125aad909c93385e5a5b1cdacea2b281799ee779,False
2026-09-21T17:04:47.280454+00:00,,,32,0,0,a0308cc5293a95f9689886b7125aad909c93385e5a5b1cdacea2b281799ee779,False
2026-09-21T17:04:48.369644+00:00,,,32,0,0,a0308cc5293a95f9689886b7125aad909c93385e5a5b1cdacea2b281799ee779,False
2026-09-21T17:04:49.418674+00:00,,,32,0,0,a0308cc5293a95f9689886b7125aad909c93385e5a5b1cdacea2b281799ee779,False
2026-09-21T17:04:50.477748+00:00,,,32,0,0,a0308cc5293a95f9689886b7125aad909c93385e5a5b1cdacea2b281799ee779,False
2026-09-21T17:04:51.544239+00:00,,,32,0,0,a0308cc5293a95f9689886b7125aad909c93385e5a5b1cdacea2b281799ee779,False
2026-09-21T17:04:52.587423+00:00,,,32,0,0,a0308cc5293a95f9689886b7125aad909c93385e5a5b1cdacea2b281799ee779,False
2026-09-21T17:04:53.622078+00:00,,,32,0,0,a0308cc5293a95f9689886b7125aad909c93385e5a5b1cdacea2b281799ee779,False
2026-09-21T17:04:54.685352+00:00,,,32,0,0,a0308cc5293a95f9689886b7125aad909c93385e5a5b1cdacea2b281799ee779,False
2026-09-21T17:04:55.726883+00:00,,,32,0,0,a0308cc5293a95f9689886b7125aad909c93385e5a5b1cdacea2b281799ee779,False
2026-09-21T17:04:56.809716+00:00,,,32,0,0,a0308cc5293a95f9689886b7125aad909c93385e5a5b1cdacea2b281799ee779,False
2026-09-21T17:04:57.848506+00:00,,,32,0,0,a0308cc5293a95f9689886b7125aad909c93385e5a5b1cdacea2b281799ee779,False
2026-09-21T17:04:58.916434+00:00,,,32,0,0,a0308cc5293a95f9689886b7125aad909c93385e5a5b1cdacea2b281799ee779,False
2026-09-21T17:04:59.957709+00:00,,,32,0,0,a0308cc5293a95f9689886b7125aad909c93385e5a5b1cdacea2b281799ee779,False
2026-09-21T17:05:01.017855+00:00,,,32,0,0,a0308cc5293a95f9689886b7125aad909c93385e5a5b1cdacea2b281799ee779,False
2026-09-21T17:05:02.063876+00:00,,,32,0,0,a0308cc5293a95f9689886b7125aad909c93385e5a5b1cdacea2b281799ee779,False
2026-09-21T17:05:03.101347+00:00,,,32,0,0,a0308cc5293a95f9689886b7125aad909c93385e5a5b1cdacea2b281799ee779,False
2026-09-21T17:05:04.153891+00:00,,,32,0,0,a0308cc5293a95f9689886b7125aad909c93385e5a5b1cdacea2b281799ee779,False
2026-09-21T17:05:05.203786+00:00,,,32,0,0,a0308cc5293a95f9689886b7125aad909c93385e5a5b1cdacea2b281799ee779,False
2026-09-21T17:05:06.246340+00:00,,,32,0,0,a0308cc5293a95f9689886b7125aad909c93385e5a5b1cdacea2b281799ee779,False
2026-09-21T17:05:07.283540+00:00,,,32,0,0,a0308cc5293a95f9689886b7125aad909c93385e5a5b1cdacea2b281799ee779,False
2026-09-21T17:05:08.324691+00:00,,,32,0,0,a0308cc5293a95f9689886b7125aad909c93385e5a5b1cdacea2b281799ee779,False
2026-09-21T17:05:09.371550+00:00,,,32,0,0,a0308cc5293a95f9689886b7125aad909c93385e5a5b1cdacea2b281799ee779,False
2026-09-21T17:05:10.409234+00:00,,,32,0,0,a0308cc5293a95f9689886b7125aad909c93385e5a5b1cdacea2b281799ee779,False
2026-09-21T17:05:11.449973+00:00,,,32,0,0,a0308cc5293a95f9689886b7125aad909c93385e5a5b1cdacea2b281799ee779,False
2026-09-21T17:05:12.511280+00:00,,,32,0,0,a0308cc5293a95f9689886b7125aad909c93385e5a5b1cdacea2b281799ee779,False
2026-09-21T17:05:13.555982+00:00,,,32,0,0,a0308cc5293a95f9689886b7125aad909c93385e5a5b1cdacea2b281799ee779,False
2026-09-21T17:05:14.580793+00:00,,,32,0,0,a0308cc5293a95f9689886b7125aad909c93385e5a5b1cdacea2b281799ee779,False
2026-09-21T17:05:15.593106+00:00,,,32,0,0,a0308cc5293a95f9689886b7125aad909c93385e5a5b1cdacea2b281799ee779,False
2026-09-21T17:05:16.618868+00:00,,,32,0,0,a0308cc5293a95f9689886b7125aad909c93385e5a5b1cdacea2b281799ee779,False
2026-09-21T17:05:17.691011+00:00,,,32,0,0,a0308cc5293a95f9689886b7125aad909c93385e5a5b1cdacea2b281799ee779,False
2026-09-21T17:05:18.736128+00:00,,,32,0,0,a0308cc5293a95f9689886b7125aad909c93385e5a5b1cdacea2b281799ee779,False
2026-09-21T17:05:19.799130+00:00,,,32,0,0,a0308cc5293a95f9689886b7125aad909c93385e5a5b1cdacea2b281799ee779,False
2026-09-21T17:05:20.856366+00:00,,,32,0,0,a0308cc5293a95f9689886b7125aad909c93385e5a5b1cdacea2b281799ee779,False
2026-09-21T17:05:21.908005+00:00,,,32,0,0,a0308cc5293a95f9689886b7125aad909c93385e5a5b1cdacea2b281799ee779,False
2026-09-21T17:05:22.971799+00:00,,,32,0,0,a0308cc5293a95f9689886b7125aad909c93385e5a5b1cdacea2b281799ee779,False
2026-09-21T17:05:24.017453+00:00,,,32,0,0,a0308cc5293a95f9689886b7125aad909c93385e5a5b1cdacea2b281799ee779,False
2026-09-21T17:05:25.067890+00:00,,,32,0,0,a0308cc5293a95f9689886b7125aad909c93385e5a5b1cdacea2b281799ee779,False
2026-09-21T17:05:26.111412+00:00,,,32,0,0,a0308cc5293a95f9689886b7125aad909c93385e5a5b1cdacea2b281799ee779,False
2026-09-21T17:05:27.153279+00:00,,,32,0,0,a0308cc5293a95f9689886b7125aad909c93385e5a5b1cdacea2b281799ee779,False
2026-09-21T17:05:28.218709+00:00,,,32,0,0,a0308cc5293a95f9689886b7125aad909c93385e5a5b1cdacea2b281799ee779,False
2026-09-21T17:05:29.251947+00:00,,,32,0,0,a0308cc5293a95f9689886b7125aad909c93385e5a5b1cdacea2b281799ee779,False
2026-09-21T17:05:30.311414+00:00,,,32,0,0,a0308cc5293a95f9689886b7125aad909c93385e5a5b1cdacea2b281799ee779,False
2026-09-21T17:05:31.348085+00:00,,,32,0,0,a0308cc5293a95f9689886b7125aad909c93385e5a5b1cdacea2b281799ee779,False
2026-09-21T17:05:32.370817+00:00,,,32,0,0,a0308cc5293a95f9689886b7125aad909c93385e5a5b1cdacea2b281799ee779,False
2026-09-21T17:05:33.413098+00:00,,,32,0,0,a0308cc5293a95f9689886b7125aad909c93385e5a5b1cdacea2b281799ee779,False
2026-09-21T17:05:34.453638+00:00,,,32,0,0,a0308cc5293a95f9689886b7125aad909c93385e5a5b1cdacea2b281799ee779,False
2026-09-21T17:05:35.526281+00:00,,,32,0,0,a0308cc5293a95f9689886b7125aad909c93385e5a5b1cdacea2b281799ee779,False
2026-09-21T17:05:36.591487+00:00,,,32,0,0,a0308cc5293a95f9689886b7125aad909c93385e5a5b1cdacea2b281799ee779,False
2026-09-21T17:05:37.649915+00:00,,,32,0,0,a0308cc5293a95f9689886b7125aad909c93385e5a5b1cdacea2b281799ee779,False
2026-09-21T17:05:38.695604+00:00,,,32,0,0,a0308cc5293a95f9689886b7125aad909c93385e5a5b1cdacea2b281799ee779,False
2026-09-21T17:05:39.735936+00:00,,,32,0,0,a0308cc5293a95f9689886b7125aad909c93385e5a5b1cdacea2b281799ee779,False
2026-09-21T17:05:40.777809+00:00,,,32,0,0,a0308cc5293a95f9689886b7125aad909c93385e5a5b1cdacea2b281799ee779,False
2026-09-21T17:05:41.827383+00:00,,,32,0,0,a0308cc5293a95f9689886b7125aad909c93385e5a5b1cdacea2b281799ee779,False
2026-09-21T17:05:42.852788+00:00,,,32,0,0,a0308cc5293a95f9689886b7125aad909c93385e5a5b1cdacea2b281799ee779,False
2026-09-21T17:05:43.917799+00:00,,,32,0,0,a0308cc5293a95f9689886b7125aad909c93385e5a5b1cdacea2b281799ee779,False
2026-09-21T17:05:44.969747+00:00,,,32,0,0,a0308cc5293a95f9689886b7125aad909c93385e5a5b1cdacea2b281799ee779,False
2026-09-21T17:05:46.015745+00:00,,,32,0,0,a0308cc5293a95f9689886b7125aad909c93385e5a5b1cdacea2b281799ee779,False
2026-09-21T17:05:47.075194+00:00,,,32,0,0,a0308cc5293a95f9689886b7125aad909c93385e5a5b1cdacea2b281799ee779,False
2026-09-21T17:05:48.127770+00:00,,,32,0,0,a0308cc5293a95f9689886b7125aad909c93385e5a5b1cdacea2b281799ee779,False
2026-09-21T17:05:49.169548+00:00,,,32,0,0,a0308cc5293a95f9689886b7125aad909c93385e5a5b1cdacea2b281799ee779,False
2026-09-21T17:05:50.210462+00:00,,,32,0,0,a0308cc5293a95f9689886b7125aad909c93385e5a5b1cdacea2b281799ee779,False
2026-09-21T17:05:51.259944+00:00,,,32,0,0,a0308cc5293a95f9689886b7125aad909c93385e5a5b1cdacea2b281799ee779,False
2026-09-21T17:05:52.300411+00:00,,,32,0,0,a0308cc5293a95f9689886b7125aad909c93385e5a5b1cdacea2b281799ee779,False
2026-09-21T17:05:53.346184+00:00,,,32,0,0,a0308cc5293a95f9689886b7125aad909c93385e5a5b1cdacea2b281799ee779,False
2026-09-21T17:05:54.388061+00:00,,,32,0,0,a0308cc5293a95f9689886b7125aad909c93385e5a5b1cdacea2b281799ee779,False
2026-09-21T17:05:55.432691+00:00,,,32,0,0,a0308cc5293a95f9689886b7125aad909c93385e5a5b1cdacea2b281799ee779,False
2026-09-21T17:05:56.467756+00:00,,,32,0,0,a0308cc5293a95f9689886b7125aad909c93385e5a5b1cdacea2b281799ee779,False
2026-09-21T17:05:57.512932+00:00,,,32,0,0,a0308cc5293a95f9689886b7125aad909c93385e5a5b1cdacea2b281799ee779,False
2026-09-21T17:05:58.549672+00:00,,,32,0,0,a0308cc5293a95f9689886b7125aad909c93385e5a5b1cdacea2b281799ee779,False
2026-09-21T17:05:59.588249+00:00,,,32,0,0,a0308cc5293a95f9689886b7125aad909c93385e5a5b1cdacea2b281799ee779,False
2026-09-21T17:06:00.623647+00:00,,,32,0,0,a0308cc5293a95f9689886b7125aad909c93385e5a5b1cdacea2b281799ee779,False
2026-09-21T17:06:01.659122+00:00,,,32,0,0,a0308cc5293a95f9689886b7125aad909c93385e5a5b1cdacea2b281799ee779,False
2026-09-21T17:06:02.700964+00:00,,,32,0,0,a0308cc5293a95f9689886b7125aad909c93385e5a5b1cdacea2b281799ee779,False
2026-09-21T17:06:03.743250+00:00,,,32,0,0,a0308cc5293a95f9689886b7125aad909c93385e5a5b1cdacea2b281799ee779,False
2026-09-21T17:06:04.775878+00:00,,,32,0,0,a0308cc5293a95f9689886b7125aad909c93385e5a5b1cdacea2b281799ee779,False
2026-09-21T17:06:05.816133+00:00,,,32,0,0,a0308cc5293a95f9689886b7125aad909c93385e5a5b1cdacea2b281799ee779,False
2026-09-21T17:06:06.860262+00:00,,,32,0,0,a0308cc5293a95f9689886b7125aad909c93385e5a5b1cdacea2b281799ee779,False
2026-09-21T17:06:07.910863+00:00,,,32,0,0,a0308cc5293a95f9689886b7125aad909c93385e5a5b1cdacea2b281799ee779,False
2026-09-21T17:06:08.965559+00:00,,,32,0,0,a0308cc5293a95f9689886b7125aad909c93385e5a5b1cdacea2b281799ee779,False
2026-09-21T17:06:10.020235+00:00,,,32,0,0,a0308cc5293a95f9689886b7125aad909c93385e5a5b1cdacea2b281799ee779,False
2026-09-21T17:06:11.104450+00:00,,,32,0,0,a0308cc5293a95f9689886b7125aad909c93385e5a5b1cdacea2b281799ee779,False
2026-09-21T17:06:12.147737+00:00,,,32,0,0,a0308cc5293a95f9689886b7125aad909c93385e5a5b1cdacea2b281799ee779,False
2026-09-21T17:06:13.225244+00:00,,,32,0,0,a0308cc5293a95f9689886b7125aad909c93385e5a5b1cdacea2b281799ee779,False
2026-09-21T17:06:14.282163+00:00,,,32,0,0,a0308cc5293a95f9689886b7125aad909c93385e5a5b1cdacea2b281799ee779,False
2026-09-21T17:06:15.368545+00:00,,,32,0,0,a0308cc5293a95f9689886b7125aad909c93385e5a5b1cdacea2b281799ee779,False
2026-09-21T17:06:16.412471+00:00,,,32,0,0,a0308cc5293a95f9689886b7125aad909c93385e5a5b1cdacea2b281799ee779,False
2026-09-21T17:06:17.462188+00:00,,,32,0,0,a0308cc5293a95f9689886b7125aad909c93385e5a5b1cdacea2b281799ee779,False
2026-09-21T17:06:18.520320+00:00,,,32,0,0,a0308cc5293a95f9689886b7125aad909c93385e5a5b1cdacea2b281799ee779,False
2026-09-21T17:06:19.581711+00:00,,,32,0,0,a0308cc5293a95f9689886b7125aad909c93385e5a5b1cdacea2b281799ee779,False
2026-09-21T17:06:20.618437+00:00,,,32,0,0,a0308cc5293a95f9689886b7125aad909c93385e5a5b1cdacea2b281799ee779,False
2026-09-21T17:06:21.685321+00:00,,,32,0,0,a0308cc5293a95f9689886b7125aad909c93385e5a5b1cdacea2b281799ee779,False
2026-09-21T17:06:22.731763+00:00,,,32,0,0,a0308cc5293a95f9689886b7125aad909c93385e5a5b1cdacea2b281799ee779,False
2026-09-21T17:06:23.797640+00:00,,,32,0,0,a0308cc5293a95f9689886b7125aad909c93385e5a5b1cdacea2b281799ee779,False
2026-09-21T17:06:24.840969+00:00,,,32,0,0,a0308cc5293a95f9689886b7125aad909c93385e5a5b1cdacea2b281799ee779,False
2026-09-21T17:06:25.882178+00:00,,,32,0,0,a0308cc5293a95f9689886b7125aad909c93385e5a5b1cdacea2b281799ee779,False
2026-09-21T17:06:26.932962+00:00,,,32,0,0,a0308cc5293a95f9689886b7125aad909c93385e5a5b1cdacea2b281799ee779,False
2026-09-21T17:06:27.986856+00:00,,,32,0,0,a0308cc5293a95f9689886b7125aad909c93385e5a5b1cdacea2b281799ee779,False
2026-09-21T17:06:29.025479+00:00,,,32,0,0,a0308cc5293a95f9689886b7125aad909c93385e5a5b1cdacea2b281799ee779,False
2026-09-21T17:06:30.090087+00:00,,,32,0,0,a0308cc5293a95f9689886b7125aad909c93385e5a5b1cdacea2b281799ee779,False
2026-09-21T17:06:31.161724+00:00,,,32,0,0,a0308cc5293a95f9689886b7125aad909c93385e5a5b1cdacea2b281799ee779,False
2026-09-21T17:06:32.212755+00:00,,,32,0,0,a0308cc5293a95f9689886b7125aad909c93385e5a5b1cdacea2b281799ee779,False
2026-09-21T17:06:33.276436+00:00,,,32,0,0,a0308cc5293a95f9689886b7125aad909c93385e5a5b1cdacea2b281799ee779,False
2026-09-21T17:06:34.331218+00:00,,,32,0,0,a0308cc5293a95f9689886b7125aad909c93385e5a5b1cdacea2b281799ee779,False
2026-09-21T17:06:35.376047+00:00,,,32,0,0,a0308cc5293a95f9689886b7125aad909c93385e5a5b1cdacea2b281799ee779,False
2026-09-21T17:06:36.445098+00:00,,,32,0,0,a0308cc5293a95f9689886b7125aad909c93385e5a5b1cdacea2b281799ee779,False
2026-09-21T17:06:37.501353+00:00,,,32,0,0,a0308cc5293a95f9689886b7125aad909c93385e5a5b1cdacea2b281799ee779,False
2026-09-21T17:06:38.598437+00:00,,,32,0,0,a0308cc5293a95f9689886b7125aad909c93385e5a5b1cdacea2b281799ee779,False
2026-09-21T17:06:39.644603+00:00,,,32,0,0,a0308cc5293a95f9689886b7125aad909c93385e5a5b1cdacea2b281799ee779,False
2026-09-21T17:06:40.702090+00:00,,,32,0,0,a0308cc5293a95f9689886b7125aad909c93385e5a5b1cdacea2b281799ee779,False
2026-09-21T17:06:41.764973+00:00,,,32,0,0,a0308cc5293a95f9689886b7125aad909c93385e5a5b1cdacea2b281799ee779,False
2026-09-21T17:06:42.857405+00:00,,,32,0,0,a0308cc5293a95f9689886b7125aad909c93385e5a5b1cdacea2b281799ee779,False
2026-09-21T17:06:43.906198+00:00,,,32,0,0,a0308cc5293a95f9689886b7125aad909c93385e5a5b1cdacea2b281799ee779,False
2026-09-21T17:06:44.954941+00:00,,,32,0,0,a0308cc5293a95f9689886b7125aad909c93385e5a5b1cdacea2b281799ee779,False
2026-09-21T17:06:46.002889+00:00,,,32,0,0,a0308cc5293a95f9689886b7125aad909c93385e5a5b1cdacea2b281799ee779,False
2026-09-21T17:06:47.047459+00:00,,,32,0,0,a0308cc5293a95f9689886b7125aad909c93385e5a5b1cdacea2b281799ee779,False
2026-09-21T17:06:48.096062+00:00,,,32,0,0,a0308cc5293a95f9689886b7125aad909c93385e5a5b1cdacea2b281799ee779,False
2026-09-21T17:06:49.180022+00:00,,,32,0,0,a0308cc5293a95f9689886b7125aad909c93385e5a5b1cdacea2b281799ee779,False
2026-09-21T17:06:50.227532+00:00,,,32,0,0,a0308cc5293a95f9689886b7125aad909c93385e5a5b1cdacea2b281799ee779,False
2026-09-21T17:06:51.279918+00:00,,,32,0,0,a0308cc5293a95f9689886b7125aad909c93385e5a5b1cdacea2b281799ee779,False
2026-09-21T17:06:52.333069+00:00,,,32,0,0,a0308cc5293a95f9689886b7125aad909c93385e5a5b1cdacea2b281799ee779,False
2026-09-21T17:06:53.368630+00:00,,,32,0,0,a0308cc5293a95f9689886b7125aad909c93385e5a5b1cdacea2b281799ee779,False
2026-09-21T17:06:54.417511+00:00,,,32,0,0,a0308cc5293a95f9689886b7125aad909c93385e5a5b1cdacea2b281799ee779,False
2026-09-21T17:06:55.474622+00:00,,,32,0,0,a0308cc5293a95f9689886b7125aad909c93385e5a5b1cdacea2b281799ee779,False
2026-09-21T17:06:56.528455+00:00,,,32,0,0,a0308cc5293a95f9689886b7125aad909c93385e5a5b1cdacea2b281799ee779,False
2026-09-21T17:06:57.601379+00:00,,,32,0,0,a0308cc5293a95f9689886b7125aad909c93385e5a5b1cdacea2b281799ee779,False
2026-09-21T17:06:58.661119+00:00,,,32,0,0,a0308cc5293a95f9689886b7125aad909c93385e5a5b1cdacea2b281799ee779,False
2026-09-21T17:06:59.748712+00:00,,,32,0,0,a0308cc5293a95f9689886b7125aad909c93385e5a5b1cdacea2b281799ee779,False
2026-09-21T17:07:00.829557+00:00,,,32,0,0,a0308cc5293a95f9689886b7125aad909c93385e5a5b1cdacea2b281799ee779,False
2026-09-21T17:07:01.877746+00:00,,,32,0,0,a0308cc5293a95f9689886b7125aad909c93385e5a5b1cdacea2b281799ee779,False
2026-09-21T17:07:02.934452+00:00,,,32,0,0,a0308cc5293a95f9689886b7125aad909c93385e5a5b1cdacea2b281799ee779,False
2026-09-21T17:07:04.001748+00:00,,,32,0,0,a0308cc5293a95f9689886b7125aad909c93385e5a5b1cdacea2b281799ee779,False
2026-09-21T17:07:05.054203+00:00,,,32,0,0,a0308cc5293a95f9689886b7125aad909c93385e5a5b1cdacea2b281799ee779,False
2026-09-21T17:07:06.103437+00:00,,,32,0,0,a0308cc5293a95f9689886b7125aad909c93385e5a5b1cdacea2b281799ee779,False
2026-09-21T17:07:07.155231+00:00,,,32,0,0,a0308cc5293a95f9689886b7125aad909c93385e5a5b1cdacea2b281799ee779,False
2026-09-21T17:07:08.208810+00:00,,,32,0,0,a0308cc5293a95f9689886b7125aad909c93385e5a5b1cdacea2b281799ee779,False
2026-09-21T17:07:09.253162+00:00,,,32,0,0,a0308cc5293a95f9689886b7125aad909c93385e5a5b1cdacea2b281799ee779,False
2026-09-21T17:07:10.284091+00:00,,,32,0,0,a0308cc5293a95f9689886b7125aad909c93385e5a5b1cdacea2b281799ee779,False
2026-09-21T17:07:11.327964+00:00,,,32,0,0,a0308cc5293a95f9689886b7125aad909c93385e5a5b1cdacea2b281799ee779,False
2026-09-21T17:07:12.366709+00:00,,,32,0,0,a0308cc5293a95f9689886b7125aad909c93385e5a5b1cdacea2b281799ee779,False
2026-09-21T17:07:13.405864+00:00,,,32,0,0,a0308cc5293a95f9689886b7125aad909c93385e5a5b1cdacea2b281799ee779,False
2026-09-21T17:07:14.460330+00:00,,,32,0,0,a0308cc5293a95f9689886b7125aad909c93385e5a5b1cdacea2b281799ee779,False
2026-09-21T17:07:15.503000+00:00,,,32,0,0,a0308cc5293a95f9689886b7125aad909c93385e5a5b1cdacea2b281799ee779,False
2026-09-21T17:07:16.547766+00:00,,,32,0,0,a0308cc5293a95f9689886b7125aad909c93385e5a5b1cdacea2b281799ee779,False
2026-09-21T17:07:17.601169+00:00,,,32,0,0,a0308cc5293a95f9689886b7125aad909c93385e5a5b1cdacea2b281799ee779,False
2026-09-21T17:07:18.648126+00:00,,,32,0,0,a0308cc5293a95f9689886b7125aad909c93385e5a5b1cdacea2b281799ee779,False
2026-09-21T17:07:19.708477+00:00,,,32,0,0,a0308cc5293a95f9689886b7125aad909c93385e5a5b1cdacea2b281799ee779,False
2026-09-21T17:07:20.748745+00:00,,,32,0,0,a0308cc5293a95f9689886b7125aad909c93385e5a5b1cdacea2b281799ee779,False
2026-09-21T17:07:21.778821+00:00,,,32,0,0,a0308cc5293a95f9689886b7125aad909c93385e5a5b1cdacea2b281799ee779,False
2026-09-21T17:07:22.806134+00:00,,,32,0,0,a0308cc5293a95f9689886b7125aad909c93385e5a5b1cdacea2b281799ee779,False
2026-09-21T17:07:23.851826+00:00,,,32,0,0,a0308cc5293a95f9689886b7125aad909c93385e5a5b1cdacea2b281799ee779,False
2026-09-21T17:07:24.882163+00:00,,,32,0,0,a0308cc5293a95f9689886b7125aad909c93385e5a5b1cdacea2b281799ee779,False
2026-09-21T17:07:25.912575+00:00,,,32,0,0,a0308cc5293a95f9689886b7125aad909c93385e5a5b1cdacea2b281799ee779,False
2026-09-21T17:07:26.955127+00:00,,,32,0,0,a0308cc5293a95f9689886b7125aad909c93385e5a5b1cdacea2b281799ee779,False
2026-09-21T17:07:28.003419+00:00,,,32,0,0,a0308cc5293a95f9689886b7125aad909c93385e5a5b1cdacea2b281799ee779,False
2026-09-21T17:07:29.071208+00:00,,,32,0,0,a0308cc5293a95f9689886b7125aad909c93385e5a5b1cdacea2b281799ee779,False
2026-09-21T17:07:30.117479+00:00,,,32,0,0,a0308cc5293a95f9689886b7125aad909c93385e5a5b1cdacea2b281799ee779,False
2026-09-21T17:07:31.163270+00:00,,,32,0,0,a0308cc5293a95f9689886b7125aad909c93385e5a5b1cdacea2b281799ee779,False
2026-09-21T17:07:32.212965+00:00,,,32,0,0,a0308cc5293a95f9689886b7125aad909c93385e5a5b1cdacea2b281799ee779,False
2026-09-21T17:07:33.262520+00:00,,,32,0,0,a0308cc5293a95f9689886b7125aad909c93385e5a5b1cdacea2b281799ee779,False
2026-09-21T17:07:34.317062+00:00,,,32,0,0,a0308cc5293a95f9689886b7125aad909c93385e5a5b1cdacea2b281799ee779,False
2026-09-21T17:07:35.363123+00:00,,,32,0,0,a0308cc5293a95f9689886b7125aad909c93385e5a5b1cdacea2b281799ee779,False
2026-09-21T17:07:36.413413+00:00,,,32,0,0,a0308cc5293a95f9689886b7125aad909c93385e5a5b1cdacea2b281799ee779,False
2026-09-21T17:07:37.459779+00:00,,,32,0,0,a0308cc5293a95f9689886b7125aad909c93385e5a5b1cdacea2b281799ee779,False
2026-09-21T17:07:38.509133+00:00,,,32,0,0,a0308cc5293a95f9689886b7125aad909c93385e5a5b1cdacea2b281799ee779,False
2026-09-21T17:07:39.558350+00:00,,,32,0,0,a0308cc5293a95f9689886b7125aad909c93385e5a5b1cdacea2b281799ee779,False
2026-09-21T17:07:40.621620+00:00,,,32,0,0,a0308cc5293a95f9689886b7125aad909c93385e5a5b1cdacea2b281799ee779,False
2026-09-21T17:07:41.670826+00:00,,,32,0,0,a0308cc5293a95f9689886b7125aad909c93385e5a5b1cdacea2b281799ee779,False
2026-09-21T17:07:42.729166+00:00,,,32,0,0,a0308cc5293a95f9689886b7125aad909c93385e5a5b1cdacea2b281799ee779,False
2026-09-21T17:07:43.776884+00:00,,,32,0,0,a0308cc5293a95f9689886b7125aad909c93385e5a5b1cdacea2b281799ee779,False
2026-09-21T17:07:44.820929+00:00,,,32,0,0,a0308cc5293a95f9689886b7125aad909c93385e5a5b1cdacea2b281799ee779,False
2026-09-21T17:07:45.937904+00:00,,,32,0,0,a0308cc5293a95f9689886b7125aad909c93385e5a5b1cdacea2b281799ee779,False
2026-09-21T17:07:46.995339+00:00,,,32,0,0,a0308cc5293a95f9689886b7125aad909c93385e5a5b1cdacea2b281799ee779,False
2026-09-21T17:07:48.050019+00:00,,,32,0,0,a0308cc5293a95f9689886b7125aad909c93385e5a5b1cdacea2b281799ee779,False
2026-09-21T17:07:49.089733+00:00,,,32,0,0,a0308cc5293a95f9689886b7125aad909c93385e5a5b1cdacea2b281799ee779,False
2026-09-21T17:07:50.138244+00:00,,,32,0,0,a0308cc5293a95f9689886b7125aad909c93385e5a5b1cdacea2b281799ee779,False
2026-09-21T17:07:51.180754+00:00,,,32,0,0,a0308cc5293a95f9689886b7125aad909c93385e5a5b1cdacea2b281799ee779,False
2026-09-21T17:07:52.229144+00:00,,,32,0,0,a0308cc5293a95f9689886b7125aad909c93385e5a5b1cdacea2b281799ee779,False
2026-09-21T17:07:53.282911+00:00,,,32,0,0,a0308cc5293a95f9689886b7125aad909c93385e5a5b1cdacea2b281799ee779,False
2026-09-21T17:07:54.334862+00:00,,,32,0,0,a0308cc5293a95f9689886b7125aad909c93385e5a5b1cdacea2b281799ee779,False
2026-09-21T17:07:55.426420+00:00,,,32,0,0,a0308cc5293a95f9689886b7125aad909c93385e5a5b1cdacea2b281799ee779,False
2026-09-21T17:07:56.482852+00:00,,,32,0,0,a0308cc5293a95f9689886b7125aad909c93385e5a5b1cdacea2b281799ee779,False
2026-09-21T17:07:57.529087+00:00,,,32,0,0,a0308cc5293a95f9689886b7125aad909c93385e5a5b1cdacea2b281799ee779,False
2026-09-21T17:07:58.596702+00:00,,,32,0,0,a0308cc5293a95f9689886b7125aad909c93385e5a5b1cdacea2b281799ee779,False
2026-09-21T17:07:59.632918+00:00,,,32,0,0,a0308cc5293a95f9689886b7125aad909c93385e5a5b1cdacea2b281799ee779,False
2026-09-21T17:08:00.687303+00:00,,,32,0,0,a0308cc5293a95f9689886b7125aad909c93385e5a5b1cdacea2b281799ee779,False
2026-09-21T17:08:01.743952+00:00,,,32,0,0,a0308cc5293a95f9689886b7125aad909c93385e5a5b1cdacea2b281799ee779,False
2026-09-21T17:08:02.780511+00:00,,,32,0,0,a0308cc5293a95f9689886b7125aad909c93385e5a5b1cdacea2b281799ee779,False
2026-09-21T17:08:03.830742+00:00,,,32,0,0,a0308cc5293a95f9689886b7125aad909c93385e5a5b1cdacea2b281799ee779,False
2026-09-21T17:08:05.142692+00:00,,,32,0,0,a0308cc5293a95f9689886b7125aad909c93385e5a5b1cdacea2b281799ee779,False
2026-09-21T17:08:06.222877+00:00,,,32,0,0,a0308cc5293a95f9689886b7125aad909c93385e5a5b1cdacea2b281799ee779,False
2026-09-21T17:08:07.265069+00:00,,,32,0,0,a0308cc5293a95f9689886b7125aad909c93385e5a5b1cdacea2b281799ee779,False
2026-09-21T17:08:08.314706+00:00,,,32,0,0,a0308cc5293a95f9689886b7125aad909c93385e5a5b1cdacea2b281799ee779,False
2026-09-21T17:08:09.334563+00:00,,,32,0,0,a0308cc5293a95f9689886b7125aad909c93385e5a5b1cdacea2b281799ee779,False
2026-09-21T17:08:10.386016+00:00,,,32,0,0,a0308cc5293a95f9689886b7125aad909c93385e5a5b1cdacea2b281799ee779,False
2026-09-21T17:08:11.429592+00:00,,,32,0,0,a0308cc5293a95f9689886b7125aad909c93385e5a5b1cdacea2b281799ee779,False
2026-09-21T17:08:12.474240+00:00,,,32,0,0,a0308cc5293a95f9689886b7125aad909c93385e5a5b1cdacea2b281799ee779,False
2026-09-21T17:08:13.518330+00:00,,,32,0,0,a0308cc5293a95f9689886b7125aad909c93385e5a5b1cdacea2b281799ee779,False
2026-09-21T17:08:14.561735+00:00,,,32,0,0,a0308cc5293a95f9689886b7125aad909c93385e5a5b1cdacea2b281799ee779,False
2026-09-21T17:08:15.623099+00:00,,,32,0,0,a0308cc5293a95f9689886b7125aad909c93385e5a5b1cdacea2b281799ee779,False
2026-09-21T17:08:16.674055+00:00,,,32,0,0,a0308cc5293a95f9689886b7125aad909c93385e5a5b1cdacea2b281799ee779,False
2026-09-21T17:08:17.744759+00:00,,,32,0,0,a0308cc5293a95f9689886b7125aad909c93385e5a5b1cdacea2b281799ee779,False
2026-09-21T17:08:18.804020+00:00,,,32,0,0,a0308cc5293a95f9689886b7125aad909c93385e5a5b1cdacea2b281799ee779,False
2026-09-21T17:08:19.879650+00:00,,,32,0,0,a0308cc5293a95f9689886b7125aad909c93385e5a5b1cdacea2b281799ee779,False
2026-09-21T17:08:20.911775+00:00,,,32,0,0,a0308cc5293a95f9689886b7125aad909c93385e5a5b1cdacea2b281799ee779,False
2026-09-21T17:08:21.980734+00:00,,,32,0,0,a0308cc5293a95f9689886b7125aad909c93385e5a5b1cdacea2b281799ee779,False
2026-09-21T17:08:23.033202+00:00,,,32,0,0,a0308cc5293a95f9689886b7125aad909c93385e5a5b1cdacea2b281799ee779,False
2026-09-21T17:08:24.083908+00:00,,,32,0,0,a0308cc5293a95f9689886b7125aad909c93385e5a5b1cdacea2b281799ee779,False
2026-09-21T17:08:25.118029+00:00,,,32,0,0,a0308cc5293a95f9689886b7125aad909c93385e5a5b1cdacea2b281799ee779,False
2026-09-21T17:08:26.164585+00:00,,,32,0,0,a0308cc5293a95f9689886b7125aad909c93385e5a5b1cdacea2b281799ee779,False
2026-09-21T17:08:27.214801+00:00,,,32,0,0,a0308cc5293a95f9689886b7125aad909c93385e5a5b1cdacea2b281799ee779,False
2026-09-21T17:08:28.253873+00:00,,,32,0,0,a0308cc5293a95f9689886b7125aad909c93385e5a5b1cdacea2b281799ee779,False
2026-09-21T17:08:29.288664+00:00,,,32,0,0,a0308cc5293a95f9689886b7125aad909c93385e5a5b1cdacea2b281799ee779,False
2026-09-21T17:08:30.355193+00:00,,,32,0,0,a0308cc5293a95f9689886b7125aad909c93385e5a5b1cdacea2b281799ee779,False
2026-09-21T17:08:31.400511+00:00,,,32,0,0,a0308cc5293a95f9689886b7125aad909c93385e5a5b1cdacea2b281799ee779,False
2026-09-21T17:08:32.434447+00:00,,,32,0,0,a0308cc5293a95f9689886b7125aad909c93385e5a5b1cdacea2b281799ee779,False
2026-09-21T17:08:33.566387+00:00,,,32,0,0,a0308cc5293a95f9689886b7125aad909c93385e5a5b1cdacea2b281799ee779,False
2026-09-21T17:08:34.612456+00:00,,,32,0,0,a0308cc5293a95f9689886b7125aad909c93385e5a5b1cdacea2b281799ee779,False
2026-09-21T17:08:35.645627+00:00,,,32,0,0,a0308cc5293a95f9689886b7125aad909c93385e5a5b1cdacea2b281799ee779,False
2026-09-21T17:08:36.678936+00:00,,,32,0,0,a0308cc5293a95f9689886b7125aad909c93385e5a5b1cdacea2b281799ee779,False
2026-09-21T17:08:37.727069+00:00,,,32,0,0,a0308cc5293a95f9689886b7125aad909c93385e5a5b1cdacea2b281799ee779,False
2026-09-21T17:08:38.766340+00:00,,,32,0,0,a0308cc5293a95f9689886b7125aad909c93385e5a5b1cdacea2b281799ee779,False
2026-09-21T17:08:39.809777+00:00,,,32,0,0,a0308cc5293a95f9689886b7125aad909c93385e5a5b1cdacea2b281799ee779,False
2026-09-21T17:08:40.892433+00:00,,,32,0,0,a0308cc5293a95f9689886b7125aad909c93385e5a5b1cdacea2b281799ee779,False
2026-09-21T17:08:41.934631+00:00,,,32,0,0,a0308cc5293a95f9689886b7125aad909c93385e5a5b1cdacea2b281799ee779,False
2026-09-21T17:08:42.985846+00:00,,,32,0,0,a0308cc5293a95f9689886b7125aad909c93385e5a5b1cdacea2b281799ee779,False
2026-09-21T17:08:44.032852+00:00,,,32,0,0,a0308cc5293a95f9689886b7125aad909c93385e5a5b1cdacea2b281799ee779,False
2026-09-21T17:08:45.066380+00:00,,,32,0,0,a0308cc5293a95f9689886b7125aad909c93385e5a5b1cdacea2b281799ee779,False
2026-09-21T17:08:46.101816+00:00,,,32,0,0,a0308cc5293a95f9689886b7125aad909c93385e5a5b1cdacea2b281799ee779,False
2026-09-21T17:08:47.138762+00:00,,,32,0,0,a0308cc5293a95f9689886b7125aad909c93385e5a5b1cdacea2b281799ee779,False
2026-09-21T17:08:48.178480+00:00,,,32,0,0,a0308cc5293a95f9689886b7125aad909c93385e5a5b1cdacea2b281799ee779,False
2026-09-21T17:08:49.219518+00:00,,,32,0,0,a0308cc5293a95f9689886b7125aad909c93385e5a5b1cdacea2b281799ee779,False
2026-09-21T17:08:50.258390+00:00,,,32,0,0,a0308cc5293a95f9689886b7125aad909c93385e5a5b1cdacea2b281799ee779,False
2026-09-21T17:08:51.314300+00:00,,,32,0,0,a0308cc5293a95f9689886b7125aad909c93385e5a5b1cdacea2b281799ee779,False
2026-09-21T17:08:52.349824+00:00,,,32,0,0,a0308cc5293a95f9689886b7125aad909c93385e5a5b1cdacea2b281799ee779,False
2026-09-21T17:08:53.399052+00:00,,,32,0,0,a0308cc5293a95f9689886b7125aad909c93385e5a5b1cdacea2b281799ee779,False
2026-09-21T17:08:54.475387+00:00,,,32,0,0,a0308cc5293a95f9689886b7125aad909c93385e5a5b1cdacea2b281799ee779,False
2026-09-21T17:08:55.529056+00:00,,,32,0,0,a0308cc5293a95f9689886b7125aad909c93385e5a5b1cdacea2b281799ee779,False
2026-09-21T17:08:56.583010+00:00,,,32,0,0,a0308cc5293a95f9689886b7125aad909c93385e5a5b1cdacea2b281799ee779,False
2026-09-21T17:08:57.627383+00:00,,,32,0,0,a0308cc5293a95f9689886b7125aad909c93385e5a5b1cdacea2b281799ee779,False
2026-09-21T17:08:58.669111+00:00,,,32,0,0,a0308cc5293a95f9689886b7125aad909c93385e5a5b1cdacea2b281799ee779,False
2026-09-21T17:08:59.718990+00:00,,,32,0,0,a0308cc5293a95f9689886b7125aad909c93385e5a5b1cdacea2b281799ee779,False
2026-09-21T17:09:00.792388+00:00,,,32,0,0,a0308cc5293a95f9689886b7125aad909c93385e5a5b1cdacea2b281799ee779,False
2026-09-21T17:09:01.838323+00:00,,,32,0,0,a0308cc5293a95f9689886b7125aad909c93385e5a5b1cdacea2b281799ee779,False
2026-09-21T17:09:02.902641+00:00,,,32,0,0,a0308cc5293a95f9689886b7125aad909c93385e5a5b1cdacea2b281799ee779,False
2026-09-21T17:09:03.967051+00:00,,,32,0,0,a0308cc5293a95f9689886b7125aad909c93385e5a5b1cdacea2b281799ee779,False
2026-09-21T17:09:05.043395+00:00,,,32,0,0,a0308cc5293a95f9689886b7125aad909c93385e5a5b1cdacea2b281799ee779,False
2026-09-21T17:09:06.096394+00:00,,,32,0,0,a0308cc5293a95f9689886b7125aad909c93385e5a5b1cdacea2b281799ee779,False
2026-09-21T17:09:07.144711+00:00,,,32,0,0,a0308cc5293a95f9689886b7125aad909c93385e5a5b1cdacea2b281799ee779,False
2026-09-21T17:09:08.196179+00:00,,,32,0,0,a0308cc5293a95f9689886b7125aad909c93385e5a5b1cdacea2b281799ee779,False
2026-09-21T17:09:09.234357+00:00,,,32,0,0,a0308cc5293a95f9689886b7125aad909c93385e5a5b1cdacea2b281799ee779,False
2026-09-21T17:09:10.283238+00:00,,,32,0,0,a0308cc5293a95f9689886b7125aad909c93385e5a5b1cdacea2b281799ee779,False
2026-09-21T17:09:11.321752+00:00,,,32,0,0,a0308cc5293a95f9689886b7125aad909c93385e5a5b1cdacea2b281799ee779,False
2026-09-21T17:09:12.409181+00:00,,,32,0,0,a0308cc5293a95f9689886b7125aad909c93385e5a5b1cdacea2b281799ee779,False
2026-09-21T17:09:13.452848+00:00,,,32,0,0,a0308cc5293a95f9689886b7125aad909c93385e5a5b1cdacea2b281799ee779,False
2026-09-21T17:09:14.497070+00:00,,,32,0,0,a0308cc5293a95f9689886b7125aad909c93385e5a5b1cdacea2b281799ee779,False
2026-09-21T17:09:15.580073+00:00,,,32,0,0,a0308cc5293a95f9689886b7125aad909c93385e5a5b1cdacea2b281799ee779,False
2026-09-21T17:09:16.614992+00:00,,,32,0,0,a0308cc5293a95f9689886b7125aad909c93385e5a5b1cdacea2b281799ee779,False
2026-09-21T17:09:17.674171+00:00,,,32,0,0,a0308cc5293a95f9689886b7125aad909c93385e5a5b1cdacea2b281799ee779,False
2026-09-21T17:09:18.702963+00:00,,,32,0,0,a0308cc5293a95f9689886b7125aad909c93385e5a5b1cdacea2b281799ee779,False
2026-09-21T17:09:19.754043+00:00,,,32,0,0,a0308cc5293a95f9689886b7125aad909c93385e5a5b1cdacea2b281799ee779,False
2026-09-21T17:09:20.794166+00:00,,,32,0,0,a0308cc5293a95f9689886b7125aad909c93385e5a5b1cdacea2b281799ee779,False
2026-09-21T17:09:21.857095+00:00,,,32,0,0,a0308cc5293a95f9689886b7125aad909c93385e5a5b1cdacea2b281799ee779,False
2026-09-21T17:09:22.902348+00:00,,,32,0,0,a0308cc5293a95f9689886b7125aad909c93385e5a5b1cdacea2b281799ee779,False
2026-09-21T17:09:23.960175+00:00,,,32,0,0,a0308cc5293a95f9689886b7125aad909c93385e5a5b1cdacea2b281799ee779,False
2026-09-21T17:09:25.013978+00:00,,,32,0,0,a0308cc5293a95f9689886b7125aad909c93385e5a5b1cdacea2b281799ee779,False
2026-09-21T17:09:26.072174+00:00,,,32,0,0,a0308cc5293a95f9689886b7125aad909c93385e5a5b1cdacea2b281799ee779,False
2026-09-21T17:09:27.122794+00:00,,,32,0,0,a0308cc5293a95f9689886b7125aad909c93385e5a5b1cdacea2b281799ee779,False
2026-09-21T17:09:28.166748+00:00,,,32,0,0,a0308cc5293a95f9689886b7125aad909c93385e5a5b1cdacea2b281799ee779,False
2026-09-21T17:09:29.202692+00:00,,,32,0,0,a0308cc5293a95f9689886b7125aad909c93385e5a5b1cdacea2b281799ee779,False
2026-09-21T17:09:30.276288+00:00,,,32,0,0,a0308cc5293a95f9689886b7125aad909c93385e5a5b1cdacea2b281799ee779,False
2026-09-21T17:09:31.331594+00:00,,,32,0,0,a0308cc5293a95f9689886b7125aad909c93385e5a5b1cdacea2b281799ee779,False
2026-09-21T17:09:32.385097+00:00,,,32,0,0,a0308cc5293a95f9689886b7125aad909c93385e5a5b1cdacea2b281799ee779,False
2026-09-21T17:09:33.438189+00:00,,,32,0,0,a0308cc5293a95f9689886b7125aad909c93385e5a5b1cdacea2b281799ee779,False
2026-09-21T17:09:34.485109+00:00,,,32,0,0,a0308cc5293a95f9689886b7125aad909c93385e5a5b1cdacea2b281799ee779,False
2026-09-21T17:09:35.541291+00:00,,,32,0,0,a0308cc5293a95f9689886b7125aad909c93385e5a5b1cdacea2b281799ee779,False
2026-09-21T17:09:36.591032+00:00,,,32,0,0,a0308cc5293a95f9689886b7125aad909c93385e5a5b1cdacea2b281799ee779,False
2026-09-21T17:09:37.656588+00:00,,,32,0,0,a0308cc5293a95f9689886b7125aad909c93385e5a5b1cdacea2b281799ee779,False
2026-09-21T17:09:38.702682+00:00,,,32,0,0,a0308cc5293a95f9689886b7125aad909c93385e5a5b1cdacea2b281799ee779,False
2026-09-21T17:09:39.759791+00:00,,,32,0,0,a0308cc5293a95f9689886b7125aad909c93385e5a5b1cdacea2b281799ee779,False
2026-09-21T17:09:40.852882+00:00,,,32,0,0,a0308cc5293a95f9689886b7125aad909c93385e5a5b1cdacea2b281799ee779,False
2026-09-21T17:09:41.896858+00:00,,,32,0,0,a0308cc5293a95f9689886b7125aad909c93385e5a5b1cdacea2b281799ee779,False
2026-09-21T17:09:42.946616+00:00,,,32,0,0,a0308cc5293a95f9689886b7125aad909c93385e5a5b1cdacea2b281799ee779,False
2026-09-21T17:09:44.170175+00:00,,,32,0,0,a0308cc5293a95f9689886b7125aad909c93385e5a5b1cdacea2b281799ee779,False
2026-09-21T17:09:45.212420+00:00,,,32,0,0,a0308cc5293a95f9689886b7125aad909c93385e5a5b1cdacea2b281799ee779,False
2026-09-21T17:09:46.253038+00:00,,,32,0,0,a0308cc5293a95f9689886b7125aad909c93385e5a5b1cdacea2b281799ee779,False
2026-09-21T17:09:47.334165+00:00,,,32,0,0,a0308cc5293a95f9689886b7125aad909c93385e5a5b1cdacea2b281799ee779,False
2026-09-21T17:09:48.359274+00:00,,,32,0,0,a0308cc5293a95f9689886b7125aad909c93385e5a5b1cdacea2b281799ee779,False
2026-09-21T17:09:49.403346+00:00,,,32,0,0,a0308cc5293a95f9689886b7125aad909c93385e5a5b1cdacea2b281799ee779,False
2026-09-21T17:09:50.460866+00:00,,,32,0,0,a0308cc5293a95f9689886b7125aad909c93385e5a5b1cdacea2b281799ee779,False
2026-09-21T17:09:51.519808+00:00,,,32,0,0,a0308cc5293a95f9689886b7125aad909c93385e5a5b1cdacea2b281799ee779,False
2026-09-21T17:09:52.582360+00:00,,,32,0,0,a0308cc5293a95f9689886b7125aad909c93385e5a5b1cdacea2b281799ee779,False
2026-09-21T17:09:53.632335+00:00,,,32,0,0,a0308cc5293a95f9689886b7125aad909c93385e5a5b1cdacea2b281799ee779,False
2026-09-21T17:09:54.681463+00:00,,,32,0,0,a0308cc5293a95f9689886b7125aad909c93385e5a5b1cdacea2b281799ee779,False
2026-09-21T17:09:55.707150+00:00,,,32,0,0,a0308cc5293a95f9689886b7125aad909c93385e5a5b1cdacea2b281799ee779,False
2026-09-21T17:09:56.754610+00:00,,,32,0,0,a0308cc5293a95f9689886b7125aad909c93385e5a5b1cdacea2b281799ee779,False
2026-09-21T17:09:57.795730+00:00,,,32,0,0,a0308cc5293a95f9689886b7125aad909c93385e5a5b1cdacea2b281799ee779,False
2026-09-21T17:09:58.844065+00:00,,,32,0,0,a0308cc5293a95f9689886b7125aad909c93385e5a5b1cdacea2b281799ee779,False
2026-09-21T17:09:59.908603+00:00,,,32,0,0,a0308cc5293a95f9689886b7125aad909c93385e5a5b1cdacea2b281799ee779,False
2026-09-21T17:10:01.136671+00:00,,,32,0,0,a0308cc5293a95f9689886b7125aad909c93385e5a5b1cdacea2b281799ee779,False
2026-09-21T17:10:02.179679+00:00,,,32,0,0,a0308cc5293a95f9689886b7125aad909c93385e5a5b1cdacea2b281799ee779,False
2026-09-21T17:10:03.237951+00:00,,,32,0,0,a0308cc5293a95f9689886b7125aad909c93385e5a5b1cdacea2b281799ee779,False
2026-09-21T17:10:04.273838+00:00,,,32,0,0,a0308cc5293a95f9689886b7125aad909c93385e5a5b1cdacea2b281799ee779,False
2026-09-21T17:10:05.359720+00:00,,,32,0,0,a0308cc5293a95f9689886b7125aad909c93385e5a5b1cdacea2b281799ee779,False
2026-09-21T17:10:06.410984+00:00,,,32,0,0,a0308cc5293a95f9689886b7125aad909c93385e5a5b1cdacea2b281799ee779,False
2026-09-21T17:10:07.466500+00:00,,,32,0,0,a0308cc5293a95f9689886b7125aad909c93385e5a5b1cdacea2b281799ee779,False
2026-09-21T17:10:08.515209+00:00,,,32,0,0,a0308cc5293a95f9689886b7125aad909c93385e5a5b1cdacea2b281799ee779,False
2026-09-21T17:10:09.557983+00:00,,,32,0,0,a0308cc5293a95f9689886b7125aad909c93385e5a5b1cdacea2b281799ee779,False
2026-09-21T17:10:10.602176+00:00,,,32,0,0,a0308cc5293a95f9689886b7125aad909c93385e5a5b1cdacea2b281799ee779,False
2026-09-21T17:10:11.653497+00:00,,,32,0,0,a0308cc5293a95f9689886b7125aad909c93385e5a5b1cdacea2b281799ee779,False
2026-09-21T17:10:12.705639+00:00,,,32,0,0,a0308cc5293a95f9689886b7125aad909c93385e5a5b1cdacea2b281799ee779,False
2026-09-21T17:10:13.742845+00:00,,,32,0,0,a0308cc5293a95f9689886b7125aad909c93385e5a5b1cdacea2b281799ee779,False
2026-09-21T17:10:14.779470+00:00,,,32,0,0,a0308cc5293a95f9689886b7125aad909c93385e5a5b1cdacea2b281799ee779,False
2026-09-21T17:10:15.827210+00:00,,,32,0,0,a0308cc5293a95f9689886b7125aad909c93385e5a5b1cdacea2b281799ee779,False
2026-09-21T17:10:16.867474+00:00,,,32,0,0,a0308cc5293a95f9689886b7125aad909c93385e5a5b1cdacea2b281799ee779,False
2026-09-21T17:10:17.924932+00:00,,,32,0,0,a0308cc5293a95f9689886b7125aad909c93385e5a5b1cdacea2b281799ee779,False
2026-09-21T17:10:18.985152+00:00,,,32,0,0,a0308cc5293a95f9689886b7125aad909c93385e5a5b1cdacea2b281799ee779,False
2026-09-21T17:10:20.082481+00:00,,,32,0,0,a0308cc5293a95f9689886b7125aad909c93385e5a5b1cdacea2b281799ee779,False
2026-09-21T17:10:21.167411+00:00,,,32,0,0,a0308cc5293a95f9689886b7125aad909c93385e5a5b1cdacea2b281799ee779,False
2026-09-21T17:10:22.220985+00:00,,,32,0,0,a0308cc5293a95f9689886b7125aad909c93385e5a5b1cdacea2b281799ee779,False
2026-09-21T17:10:23.295908+00:00,,,32,0,0,a0308cc5293a95f9689886b7125aad909c93385e5a5b1cdacea2b281799ee779,False
2026-09-21T17:10:24.363683+00:00,,,32,0,0,a0308cc5293a95f9689886b7125aad909c93385e5a5b1cdacea2b281799ee779,False
2026-09-21T17:10:25.401062+00:00,,,32,0,0,a0308cc5293a95f9689886b7125aad909c93385e5a5b1cdacea2b281799ee779,False
2026-09-21T17:10:26.450829+00:00,,,32,0,0,a0308cc5293a95f9689886b7125aad909c93385e5a5b1cdacea2b281799ee779,False
2026-09-21T17:10:27.512687+00:00,,,32,0,0,a0308cc5293a95f9689886b7125aad909c93385e5a5b1cdacea2b281799ee779,False
2026-09-21T17:10:28.570254+00:00,,,32,0,0,a0308cc5293a95f9689886b7125aad909c93385e5a5b1cdacea2b281799ee779,False
2026-09-21T17:10:29.652564+00:00,,,32,0,0,a0308cc5293a95f9689886b7125aad909c93385e5a5b1cdacea2b281799ee779,False
2026-09-21T17:10:30.700918+00:00,,,32,0,0,a0308cc5293a95f9689886b7125aad909c93385e5a5b1cdacea2b281799ee779,False
2026-09-21T17:10:31.769626+00:00,,,32,0,0,a0308cc5293a95f9689886b7125aad909c93385e5a5b1cdacea2b281799ee779,False
2026-09-21T17:10:32.864709+00:00,,,32,0,0,a0308cc5293a95f9689886b7125aad909c93385e5a5b1cdacea2b281799ee779,False
2026-09-21T17:10:33.926445+00:00,,,32,0,0,a0308cc5293a95f9689886b7125aad909c93385e5a5b1cdacea2b281799ee779,False
2026-09-21T17:10:34.971034+00:00,,,32,0,0,a0308cc5293a95f9689886b7125aad909c93385e5a5b1cdacea2b281799ee779,False
2026-09-21T17:10:36.038709+00:00,,,32,0,0,a0308cc5293a95f9689886b7125aad909c93385e5a5b1cdacea2b281799ee779,False
2026-09-21T17:10:37.083500+00:00,,,32,0,0,a0308cc5293a95f9689886b7125aad909c93385e5a5b1cdacea2b281799ee779,False
2026-09-21T17:10:38.129200+00:00,,,32,0,0,a0308cc5293a95f9689886b7125aad909c93385e5a5b1cdacea2b281799ee779,False
2026-09-21T17:10:39.159561+00:00,,,32,0,0,a0308cc5293a95f9689886b7125aad909c93385e5a5b1cdacea2b281799ee779,False
2026-09-21T17:10:40.221259+00:00,,,32,0,0,a0308cc5293a95f9689886b7125aad909c93385e5a5b1cdacea2b281799ee779,False
2026-09-21T17:10:41.267018+00:00,,,32,0,0,a0308cc5293a95f9689886b7125aad909c93385e5a5b1cdacea2b281799ee779,False
2026-09-21T17:10:42.328462+00:00,,,32,0,0,a0308cc5293a95f9689886b7125aad909c93385e5a5b1cdacea2b281799ee779,False
2026-09-21T17:10:43.377899+00:00,,,32,0,0,a0308cc5293a95f9689886b7125aad909c93385e5a5b1cdacea2b281799ee779,False
2026-09-21T17:10:44.419214+00:00,,,32,0,0,a0308cc5293a95f9689886b7125aad909c93385e5a5b1cdacea2b281799ee779,False
2026-09-21T17:10:45.479193+00:00,,,32,0,0,a0308cc5293a95f9689886b7125aad909c93385e5a5b1cdacea2b281799ee779,False
2026-09-21T17:10:46.533923+00:00,,,32,0,0,a0308cc5293a95f9689886b7125aad909c93385e5a5b1cdacea2b281799ee779,False
2026-09-21T17:10:47.569324+00:00,,,32,0,0,a0308cc5293a95f9689886b7125aad909c93385e5a5b1cdacea2b281799ee779,False
2026-09-21T17:10:48.613711+00:00,,,32,0,0,a0308cc5293a95f9689886b7125aad909c93385e5a5b1cdacea2b281799ee779,False
2026-09-21T17:10:49.651619+00:00,,,32,0,0,a0308cc5293a95f9689886b7125aad909c93385e5a5b1cdacea2b281799ee779,False
2026-09-21T17:10:50.699754+00:00,,,32,0,0,a0308cc5293a95f9689886b7125aad909c93385e5a5b1cdacea2b281799ee779,False
2026-09-21T17:10:51.738595+00:00,,,32,0,0,a0308cc5293a95f9689886b7125aad909c93385e5a5b1cdacea2b281799ee779,False
2026-09-21T17:10:52.805681+00:00,,,32,0,0,a0308cc5293a95f9689886b7125aad909c93385e5a5b1cdacea2b281799ee779,False
2026-09-21T17:10:53.861804+00:00,,,32,0,0,a0308cc5293a95f9689886b7125aad909c93385e5a5b1cdacea2b281799ee779,False
2026-09-21T17:10:54.893831+00:00,,,32,0,0,a0308cc5293a95f9689886b7125aad909c93385e5a5b1cdacea2b281799ee779,False
2026-09-21T17:10:55.935222+00:00,,,32,0,0,a0308cc5293a95f9689886b7125aad909c93385e5a5b1cdacea2b281799ee779,False
2026-09-21T17:10:56.983014+00:00,,,32,0,0,a0308cc5293a95f9689886b7125aad909c93385e5a5b1cdacea2b281799ee779,False
2026-09-21T17:10:58.031394+00:00,,,32,0,0,a0308cc5293a95f9689886b7125aad909c93385e5a5b1cdacea2b281799ee779,False
2026-09-21T17:10:59.079430+00:00,,,32,0,0,a0308cc5293a95f9689886b7125aad909c93385e5a5b1cdacea2b281799ee779,False
2026-09-21T17:11:00.118558+00:00,,,32,0,0,a0308cc5293a95f9689886b7125aad909c93385e5a5b1cdacea2b281799ee779,False
2026-09-21T17:11:01.155603+00:00,,,32,0,0,a0308cc5293a95f9689886b7125aad909c93385e5a5b1cdacea2b281799ee779,False
2026-09-21T17:11:02.180324+00:00,,,32,0,0,a0308cc5293a95f9689886b7125aad909c93385e5a5b1cdacea2b281799ee779,False
2026-09-21T17:11:03.249941+00:00,,,32,0,0,a0308cc5293a95f9689886b7125aad909c93385e5a5b1cdacea2b281799ee779,False
2026-09-21T17:11:04.282479+00:00,,,32,0,0,a0308cc5293a95f9689886b7125aad909c93385e5a5b1cdacea2b281799ee779,False
2026-09-21T17:11:05.325420+00:00,,,32,0,0,a0308cc5293a95f9689886b7125aad909c93385e5a5b1cdacea2b281799ee779,False
2026-09-21T17:11:06.340407+00:00,,,32,0,0,a0308cc5293a95f9689886b7125aad909c93385e5a5b1cdacea2b281799ee779,False
2026-09-21T17:11:07.409645+00:00,,,32,0,0,a0308cc5293a95f9689886b7125aad909c93385e5a5b1cdacea2b281799ee779,False
2026-09-21T17:11:08.466700+00:00,,,32,0,0,a0308cc5293a95f9689886b7125aad909c93385e5a5b1cdacea2b281799ee779,False
2026-09-21T17:11:09.520449+00:00,,,32,0,0,a0308cc5293a95f9689886b7125aad909c93385e5a5b1cdacea2b281799ee779,False
2026-09-21T17:11:10.542917+00:00,,,32,0,0,a0308cc5293a95f9689886b7125aad909c93385e5a5b1cdacea2b281799ee779,False
2026-09-21T17:11:11.594948+00:00,,,32,0,0,a0308cc5293a95f9689886b7125aad909c93385e5a5b1cdacea2b281799ee779,False
2026-09-21T17:11:12.638399+00:00,,,32,0,0,a0308cc5293a95f9689886b7125aad909c93385e5a5b1cdacea2b281799ee779,False
2026-09-21T17:11:13.669668+00:00,,,32,0,0,a0308cc5293a95f9689886b7125aad909c93385e5a5b1cdacea2b281799ee779,False
2026-09-21T17:11:14.706765+00:00,,,32,0,0,a0308cc5293a95f9689886b7125aad909c93385e5a5b1cdacea2b281799ee779,False
2026-09-21T17:11:15.750394+00:00,,,32,0,0,a0308cc5293a95f9689886b7125aad909c93385e5a5b1cdacea2b281799ee779,False
2026-09-21T17:11:16.806723+00:00,,,32,0,0,a0308cc5293a95f9689886b7125aad909c93385e5a5b1cdacea2b281799ee779,False
2026-09-21T17:11:17.860230+00:00,,,32,0,0,a0308cc5293a95f9689886b7125aad909c93385e5a5b1cdacea2b281799ee779,False
2026-09-21T17:11:18.897980+00:00,,,32,0,0,a0308cc5293a95f9689886b7125aad909c93385e5a5b1cdacea2b281799ee779,False
2026-09-21T17:11:19.949099+00:00,,,32,0,0,a0308cc5293a95f9689886b7125aad909c93385e5a5b1cdacea2b281799ee779,False
2026-09-21T17:11:20.981076+00:00,,,32,0,0,a0308cc5293a95f9689886b7125aad909c93385e5a5b1cdacea2b281799ee779,False
2026-09-21T17:11:22.055545+00:00,,,32,0,0,a0308cc5293a95f9689886b7125aad909c93385e5a5b1cdacea2b281799ee779,False
2026-09-21T17:11:23.099813+00:00,,,32,0,0,a0308cc5293a95f9689886b7125aad909c93385e5a5b1cdacea2b281799ee779,False
2026-09-21T17:11:24.146226+00:00,,,32,0,0,a0308cc5293a95f9689886b7125aad909c93385e5a5b1cdacea2b281799ee779,False
2026-09-21T17:11:25.190059+00:00,,,32,0,0,a0308cc5293a95f9689886b7125aad909c93385e5a5b1cdacea2b281799ee779,False
2026-09-21T17:11:26.240890+00:00,,,32,0,0,a0308cc5293a95f9689886b7125aad909c93385e5a5b1cdacea2b281799ee779,False
2026-09-21T17:11:27.293472+00:00,,,32,0,0,a0308cc5293a95f9689886b7125aad909c93385e5a5b1cdacea2b281799ee779,False
2026-09-21T17:11:28.339435+00:00,,,32,0,0,a0308cc5293a95f9689886b7125aad909c93385e5a5b1cdacea2b281799ee779,False
2026-09-21T17:11:29.388657+00:00,,,32,0,0,a0308cc5293a95f9689886b7125aad909c93385e5a5b1cdacea2b281799ee779,False
2026-09-21T17:11:30.452712+00:00,,,32,0,0,a0308cc5293a95f9689886b7125aad909c93385e5a5b1cdacea2b281799ee779,False
2026-09-21T17:11:31.511340+00:00,,,32,0,0,a0308cc5293a95f9689886b7125aad909c93385e5a5b1cdacea2b281799ee779,False
2026-09-21T17:11:32.578049+00:00,,,32,0,0,a0308cc5293a95f9689886b7125aad909c93385e5a5b1cdacea2b281799ee779,False
2026-09-21T17:11:33.638659+00:00,,,32,0,0,a0308cc5293a95f9689886b7125aad909c93385e5a5b1cdacea2b281799ee779,False
2026-09-21T17:11:34.680231+00:00,,,32,0,0,a0308cc5293a95f9689886b7125aad909c93385e5a5b1cdacea2b281799ee779,False
2026-09-21T17:11:35.729355+00:00,,,32,0,0,a0308cc5293a95f9689886b7125aad909c93385e5a5b1cdacea2b281799ee779,False
2026-09-21T17:11:36.799559+00:00,,,32,0,0,a0308cc5293a95f9689886b7125aad909c93385e5a5b1cdacea2b281799ee779,False
2026-09-21T17:11:37.857653+00:00,,,32,0,0,a0308cc5293a95f9689886b7125aad909c93385e5a5b1cdacea2b281799ee779,False
2026-09-21T17:11:38.944242+00:00,,,32,0,0,a0308cc5293a95f9689886b7125aad909c93385e5a5b1cdacea2b281799ee779,False
2026-09-21T17:11:39.996367+00:00,,,32,0,0,a0308cc5293a95f9689886b7125aad909c93385e5a5b1cdacea2b281799ee779,False
2026-09-21T17:11:41.052175+00:00,,,32,0,0,a0308cc5293a95f9689886b7125aad909c93385e5a5b1cdacea2b281799ee779,False
2026-09-21T17:11:42.106907+00:00,,,32,0,0,a0308cc5293a95f9689886b7125aad909c93385e5a5b1cdacea2b281799ee779,False
2026-09-21T17:11:43.172206+00:00,,,32,0,0,a0308cc5293a95f9689886b7125aad909c93385e5a5b1cdacea2b281799ee779,False
2026-09-21T17:11:44.237401+00:00,,,32,0,0,a0308cc5293a95f9689886b7125aad909c93385e5a5b1cdacea2b281799ee779,False
2026-09-21T17:11:45.286450+00:00,,,32,0,0,a0308cc5293a95f9689886b7125aad909c93385e5a5b1cdacea2b281799ee779,False
2026-09-21T17:11:46.330188+00:00,,,32,0,0,a0308cc5293a95f9689886b7125aad909c93385e5a5b1cdacea2b281799ee779,False
2026-09-21T17:11:47.372475+00:00,,,32,0,0,a0308cc5293a95f9689886b7125aad909c93385e5a5b1cdacea2b281799ee779,False
2026-09-21T17:11:48.430436+00:00,,,32,0,0,a0308cc5293a95f9689886b7125aad909c93385e5a5b1cdacea2b281799ee779,False
2026-09-21T17:11:49.468473+00:00,,,32,0,0,a0308cc5293a95f9689886b7125aad909c93385e5a5b1cdacea2b281799ee779,False
2026-09-21T17:11:50.500793+00:00,,,32,0,0,a0308cc5293a95f9689886b7125aad909c93385e5a5b1cdacea2b281799ee779,False
2026-09-21T17:11:51.528874+00:00,,,32,0,0,a0308cc5293a95f9689886b7125aad909c93385e5a5b1cdacea2b281799ee779,False
2026-09-21T17:11:52.580690+00:00,,,32,0,0,a0308cc5293a95f9689886b7125aad909c93385e5a5b1cdacea2b281799ee779,False
2026-09-21T17:11:53.622033+00:00,,,32,0,0,a0308cc5293a95f9689886b7125aad909c93385e5a5b1cdacea2b281799ee779,False
2026-09-21T17:11:54.652477+00:00,,,32,0,0,a0308cc5293a95f9689886b7125aad909c93385e5a5b1cdacea2b281799ee779,False
2026-09-21T17:11:55.702288+00:00,,,32,0,0,a0308cc5293a95f9689886b7125aad909c93385e5a5b1cdacea2b281799ee779,False
2026-09-21T17:11:56.779212+00:00,,,32,0,0,a0308cc5293a95f9689886b7125aad909c93385e5a5b1cdacea2b281799ee779,False
2026-09-21T17:11:57.831018+00:00,,,32,0,0,a0308cc5293a95f9689886b7125aad909c93385e5a5b1cdacea2b281799ee779,False
2026-09-21T17:11:58.889075+00:00,,,32,0,0,a0308cc5293a95f9689886b7125aad909c93385e5a5b1cdacea2b281799ee779,False
2026-09-21T17:11:59.933732+00:00,,,32,0,0,a0308cc5293a95f9689886b7125aad909c93385e5a5b1cdacea2b281799ee779,False
2026-09-21T17:12:00.985321+00:00,,,32,0,0,a0308cc5293a95f9689886b7125aad909c93385e5a5b1cdacea2b281799ee779,False
2026-09-21T17:12:02.017728+00:00,,,32,0,0,a0308cc5293a95f9689886b7125aad909c93385e5a5b1cdacea2b281799ee779,False
2026-09-21T17:12:03.101290+00:00,,,32,0,0,a0308cc5293a95f9689886b7125aad909c93385e5a5b1cdacea2b281799ee779,False
2026-09-21T17:12:04.171492+00:00,,,32,0,0,a0308cc5293a95f9689886b7125aad909c93385e5a5b1cdacea2b281799ee779,False
2026-09-21T17:12:05.226118+00:00,,,32,0,0,a0308cc5293a95f9689886b7125aad909c93385e5a5b1cdacea2b281799ee779,False
2026-09-21T17:12:06.276241+00:00,,,32,0,0,a0308cc5293a95f9689886b7125aad909c93385e5a5b1cdacea2b281799ee779,False
2026-09-21T17:12:07.318756+00:00,,,32,0,0,a0308cc5293a95f9689886b7125aad909c93385e5a5b1cdacea2b281799ee779,False
2026-09-21T17:12:08.545838+00:00,,,32,0,0,a0308cc5293a95f9689886b7125aad909c93385e5a5b1cdacea2b281799ee779,False
2026-09-21T17:12:09.603066+00:00,,,32,0,0,a0308cc5293a95f9689886b7125aad909c93385e5a5b1cdacea2b281799ee779,False
2026-09-21T17:12:10.655233+00:00,,,32,0,0,a0308cc5293a95f9689886b7125aad909c93385e5a5b1cdacea2b281799ee779,False
2026-09-21T17:12:11.773360+00:00,,,32,0,0,a0308cc5293a95f9689886b7125aad909c93385e5a5b1cdacea2b281799ee779,False
2026-09-21T17:12:12.818831+00:00,,,32,0,0,a0308cc5293a95f9689886b7125aad909c93385e5a5b1cdacea2b281799ee779,False
2026-09-21T17:12:13.861312+00:00,,,32,0,0,a0308cc5293a95f9689886b7125aad909c93385e5a5b1cdacea2b281799ee779,False
2026-09-21T17:12:14.917315+00:00,,,32,0,0,a0308cc5293a95f9689886b7125aad909c93385e5a5b1cdacea2b281799ee779,False
2026-09-21T17:12:15.970891+00:00,,,32,0,0,a0308cc5293a95f9689886b7125aad909c93385e5a5b1cdacea2b281799ee779,False
2026-09-21T17:12:17.030865+00:00,,,32,0,0,a0308cc5293a95f9689886b7125aad909c93385e5a5b1cdacea2b281799ee779,False
2026-09-21T17:12:18.069009+00:00,,,32,0,0,a0308cc5293a95f9689886b7125aad909c93385e5a5b1cdacea2b281799ee779,False
2026-09-21T17:12:19.129510+00:00,,,32,0,0,a0308cc5293a95f9689886b7125aad909c93385e5a5b1cdacea2b281799ee779,False
2026-09-21T17:12:20.170911+00:00,,,32,0,0,a0308cc5293a95f9689886b7125aad909c93385e5a5b1cdacea2b281799ee779,False
2026-09-21T17:12:21.218433+00:00,,,32,0,0,a0308cc5293a95f9689886b7125aad909c93385e5a5b1cdacea2b281799ee779,False
2026-09-21T17:12:22.264223+00:00,,,32,0,0,a0308cc5293a95f9689886b7125aad909c93385e5a5b1cdacea2b281799ee779,False
2026-09-21T17:12:23.326779+00:00,,,32,0,0,a0308cc5293a95f9689886b7125aad909c93385e5a5b1cdacea2b281799ee779,False
2026-09-21T17:12:24.380917+00:00,,,32,0,0,a0308cc5293a95f9689886b7125aad909c93385e5a5b1cdacea2b281799ee779,False
2026-09-21T17:12:25.454336+00:00,,,32,0,0,a0308cc5293a95f9689886b7125aad909c93385e5a5b1cdacea2b281799ee779,False
2026-09-21T17:12:26.536700+00:00,,,32,0,0,a0308cc5293a95f9689886b7125aad909c93385e5a5b1cdacea2b281799ee779,False
2026-09-21T17:12:27.569936+00:00,,,32,0,0,a0308cc5293a95f9689886b7125aad909c93385e5a5b1cdacea2b281799ee779,False
2026-09-21T17:12:28.614410+00:00,,,32,0,0,a0308cc5293a95f9689886b7125aad909c93385e5a5b1cdacea2b281799ee779,False
2026-09-21T17:12:29.659027+00:00,,,32,0,0,a0308cc5293a95f9689886b7125aad909c93385e5a5b1cdacea2b281799ee779,False
2026-09-21T17:12:30.693187+00:00,,,32,0,0,a0308cc5293a95f9689886b7125aad909c93385e5a5b1cdacea2b281799ee779,False
2026-09-21T17:12:31.761773+00:00,,,32,0,0,a0308cc5293a95f9689886b7125aad909c93385e5a5b1cdacea2b281799ee779,False
2026-09-21T17:12:32.806352+00:00,,,32,0,0,a0308cc5293a95f9689886b7125aad909c93385e5a5b1cdacea2b281799ee779,False
2026-09-21T17:12:33.887776+00:00,,,32,0,0,a0308cc5293a95f9689886b7125aad909c93385e5a5b1cdacea2b281799ee779,False
2026-09-21T17:12:34.921599+00:00,,,32,0,0,a0308cc5293a95f9689886b7125aad909c93385e5a5b1cdacea2b281799ee779,False
2026-09-21T17:12:35.984872+00:00,,,32,0,0,a0308cc5293a95f9689886b7125aad909c93385e5a5b1cdacea2b281799ee779,False
2026-09-21T17:12:37.021778+00:00,,,32,0,0,a0308cc5293a95f9689886b7125aad909c93385e5a5b1cdacea2b281799ee779,False
2026-09-21T17:12:38.090720+00:00,,,32,0,0,a0308cc5293a95f9689886b7125aad909c93385e5a5b1cdacea2b281799ee779,False
2026-09-21T17:12:39.143079+00:00,,,32,0,0,a0308cc5293a95f9689886b7125aad909c93385e5a5b1cdacea2b281799ee779,False
2026-09-21T17:12:40.199435+00:00,,,32,0,0,a0308cc5293a95f9689886b7125aad909c93385e5a5b1cdacea2b281799ee779,False
2026-09-21T17:12:41.244933+00:00,,,32,0,0,a0308cc5293a95f9689886b7125aad909c93385e5a5b1cdacea2b281799ee779,False
2026-09-21T17:12:42.286041+00:00,,,32,0,0,a0308cc5293a95f9689886b7125aad909c93385e5a5b1cdacea2b281799ee779,False
2026-09-21T17:12:43.337768+00:00,,,32,0,0,a0308cc5293a95f9689886b7125aad909c93385e5a5b1cdacea2b281799ee779,False
2026-09-21T17:12:44.423464+00:00,,,32,0,0,a0308cc5293a95f9689886b7125aad909c93385e5a5b1cdacea2b281799ee779,False
2026-09-21T17:12:45.471515+00:00,,,32,0,0,a0308cc5293a95f9689886b7125aad909c93385e5a5b1cdacea2b281799ee779,False
2026-09-21T17:12:46.525523+00:00,,,32,0,0,a0308cc5293a95f9689886b7125aad909c93385e5a5b1cdacea2b281799ee779,False
2026-09-21T17:12:47.593949+00:00,,,32,0,0,a0308cc5293a95f9689886b7125aad909c93385e5a5b1cdacea2b281799ee779,False
2026-09-21T17:12:48.643515+00:00,,,32,0,0,a0308cc5293a95f9689886b7125aad909c93385e5a5b1cdacea2b281799ee779,False
2026-09-21T17:12:49.693416+00:00,,,32,0,0,a0308cc5293a95f9689886b7125aad909c93385e5a5b1cdacea2b281799ee779,False
2026-09-21T17:12:50.718530+00:00,,,32,0,0,a0308cc5293a95f9689886b7125aad909c93385e5a5b1cdacea2b281799ee779,False
2026-09-21T17:12:51.759467+00:00,,,32,0,0,a0308cc5293a95f9689886b7125aad909c93385e5a5b1cdacea2b281799ee779,False
2026-09-21T17:12:52.809730+00:00,,,32,0,0,a0308cc5293a95f9689886b7125aad909c93385e5a5b1cdacea2b281799ee779,False
2026-09-21T17:12:53.861572+00:00,,,32,0,0,a0308cc5293a95f9689886b7125aad909c93385e5a5b1cdacea2b281799ee779,False
2026-09-21T17:12:54.919460+00:00,,,32,0,0,a0308cc5293a95f9689886b7125aad909c93385e5a5b1cdacea2b281799ee779,False
2026-09-21T17:12:55.962419+00:00,,,32,0,0,a0308cc5293a95f9689886b7125aad909c93385e5a5b1cdacea2b281799ee779,False
2026-09-21T17:12:56.995727+00:00,,,32,0,0,a0308cc5293a95f9689886b7125aad909c93385e5a5b1cdacea2b281799ee779,False
2026-09-21T17:12:58.037652+00:00,,,32,0,0,a0308cc5293a95f9689886b7125aad909c93385e5a5b1cdacea2b281799ee779,False
2026-09-21T17:12:59.072383+00:00,,,32,0,0,a0308cc5293a95f9689886b7125aad909c93385e5a5b1cdacea2b281799ee779,False
2026-09-21T17:13:00.107557+00:00,,,32,0,0,a0308cc5293a95f9689886b7125aad909c93385e5a5b1cdacea2b281799ee779,False
2026-09-21T17:13:01.138552+00:00,,,32,0,0,a0308cc5293a95f9689886b7125aad909c93385e5a5b1cdacea2b281799ee779,False
2026-09-21T17:13:02.180110+00:00,,,32,0,0,a0308cc5293a95f9689886b7125aad909c93385e5a5b1cdacea2b281799ee779,False
2026-09-21T17:13:03.226233+00:00,,,32,0,0,a0308cc5293a95f9689886b7125aad909c93385e5a5b1cdacea2b281799ee779,False
2026-09-21T17:13:04.254898+00:00,,,32,0,0,a0308cc5293a95f9689886b7125aad909c93385e5a5b1cdacea2b281799ee779,False
2026-09-21T17:13:05.304121+00:00,,,32,0,0,a0308cc5293a95f9689886b7125aad909c93385e5a5b1cdacea2b281799ee779,False
2026-09-21T17:13:06.364327+00:00,,,32,0,0,a0308cc5293a95f9689886b7125aad909c93385e5a5b1cdacea2b281799ee779,False
2026-09-21T17:13:07.418416+00:00,,,32,0,0,a0308cc5293a95f9689886b7125aad909c93385e5a5b1cdacea2b281799ee779,False
2026-09-21T17:13:08.451011+00:00,,,32,0,0,a0308cc5293a95f9689886b7125aad909c93385e5a5b1cdacea2b281799ee779,False
2026-09-21T17:13:09.485906+00:00,,,32,0,0,a0308cc5293a95f9689886b7125aad909c93385e5a5b1cdacea2b281799ee779,False
2026-09-21T17:13:10.540479+00:00,,,32,0,0,a0308cc5293a95f9689886b7125aad909c93385e5a5b1cdacea2b281799ee779,False
2026-09-21T17:13:11.562950+00:00,,,32,0,0,a0308cc5293a95f9689886b7125aad909c93385e5a5b1cdacea2b281799ee779,False
2026-09-21T17:13:12.605387+00:00,,,32,0,0,a0308cc5293a95f9689886b7125aad909c93385e5a5b1cdacea2b281799ee779,False
2026-09-21T17:13:13.676390+00:00,,,32,0,0,a0308cc5293a95f9689886b7125aad909c93385e5a5b1cdacea2b281799ee779,False
2026-09-21T17:13:14.747714+00:00,,,32,0,0,a0308cc5293a95f9689886b7125aad909c93385e5a5b1cdacea2b281799ee779,False
2026-09-21T17:13:15.789716+00:00,,,32,0,0,a0308cc5293a95f9689886b7125aad909c93385e5a5b1cdacea2b281799ee779,False
2026-09-21T17:13:16.828151+00:00,,,32,0,0,a0308cc5293a95f9689886b7125aad909c93385e5a5b1cdacea2b281799ee779,False
2026-09-21T17:13:17.886972+00:00,,,32,0,0,a0308cc5293a95f9689886b7125aad909c93385e5a5b1cdacea2b281799ee779,False
2026-09-21T17:13:18.957397+00:00,,,32,0,0,a0308cc5293a95f9689886b7125aad909c93385e5a5b1cdacea2b281799ee779,False
2026-09-21T17:13:20.038799+00:00,,,32,0,0,a0308cc5293a95f9689886b7125aad909c93385e5a5b1cdacea2b281799ee779,False
2026-09-21T17:13:21.081566+00:00,,,32,0,0,a0308cc5293a95f9689886b7125aad909c93385e5a5b1cdacea2b281799ee779,False
2026-09-21T17:13:22.133384+00:00,,,32,0,0,a0308cc5293a95f9689886b7125aad909c93385e5a5b1cdacea2b281799ee779,False
2026-09-21T17:13:23.187435+00:00,,,32,0,0,a0308cc5293a95f9689886b7125aad909c93385e5a5b1cdacea2b281799ee779,False
2026-09-21T17:13:24.223363+00:00,,,32,0,0,a0308cc5293a95f9689886b7125aad909c93385e5a5b1cdacea2b281799ee779,False
2026-09-21T17:13:25.264411+00:00,,,32,0,0,a0308cc5293a95f9689886b7125aad909c93385e5a5b1cdacea2b281799ee779,False
2026-09-21T17:13:26.298524+00:00,,,32,0,0,a0308cc5293a95f9689886b7125aad909c93385e5a5b1cdacea2b281799ee779,False
2026-09-21T17:13:27.347402+00:00,,,32,0,0,a0308cc5293a95f9689886b7125aad909c93385e5a5b1cdacea2b281799ee779,False
2026-09-21T17:13:28.389853+00:00,,,32,0,0,a0308cc5293a95f9689886b7125aad909c93385e5a5b1cdacea2b281799ee779,False
2026-09-21T17:13:29.431514+00:00,,,32,0,0,a0308cc5293a95f9689886b7125aad909c93385e5a5b1cdacea2b281799ee779,False
2026-09-21T17:13:30.469491+00:00,,,32,0,0,a0308cc5293a95f9689886b7125aad909c93385e5a5b1cdacea2b281799ee779,False
2026-09-21T17:13:31.515565+00:00,,,32,0,0,a0308cc5293a95f9689886b7125aad909c93385e5a5b1cdacea2b281799ee779,False
2026-09-21T17:13:32.561796+00:00,,,32,0,0,a0308cc5293a95f9689886b7125aad909c93385e5a5b1cdacea2b281799ee779,False
2026-09-21T17:13:33.608562+00:00,,,32,0,0,a0308cc5293a95f9689886b7125aad909c93385e5a5b1cdacea2b281799ee779,False
2026-09-21T17:13:34.640723+00:00,,,32,0,0,a0308cc5293a95f9689886b7125aad909c93385e5a5b1cdacea2b281799ee779,False
2026-09-21T17:13:35.698737+00:00,,,32,0,0,a0308cc5293a95f9689886b7125aad909c93385e5a5b1cdacea2b281799ee779,False
2026-09-21T17:13:36.762483+00:00,,,32,0,0,a0308cc5293a95f9689886b7125aad909c93385e5a5b1cdacea2b281799ee779,False
2026-09-21T17:13:37.801549+00:00,,,32,0,0,a0308cc5293a95f9689886b7125aad909c93385e5a5b1cdacea2b281799ee779,False
2026-09-21T17:13:38.840667+00:00,,,32,0,0,a0308cc5293a95f9689886b7125aad909c93385e5a5b1cdacea2b281799ee779,False
2026-09-21T17:13:39.875567+00:00,,,32,0,0,a0308cc5293a95f9689886b7125aad909c93385e5a5b1cdacea2b281799ee779,False
2026-09-21T17:13:40.931315+00:00,,,32,0,0,a0308cc5293a95f9689886b7125aad909c93385e5a5b1cdacea2b281799ee779,False
2026-09-21T17:13:41.978329+00:00,,,32,0,0,a0308cc5293a95f9689886b7125aad909c93385e5a5b1cdacea2b281799ee779,False
2026-09-21T17:13:43.023077+00:00,,,32,0,0,a0308cc5293a95f9689886b7125aad909c93385e5a5b1cdacea2b281799ee779,False
2026-09-21T17:13:44.077496+00:00,,,32,0,0,a0308cc5293a95f9689886b7125aad909c93385e5a5b1cdacea2b281799ee779,False
2026-09-21T17:13:45.118011+00:00,,,32,0,0,a0308cc5293a95f9689886b7125aad909c93385e5a5b1cdacea2b281799ee779,False
2026-09-21T17:13:46.163355+00:00,,,32,0,0,a0308cc5293a95f9689886b7125aad909c93385e5a5b1cdacea2b281799ee779,False
2026-09-21T17:13:47.201320+00:00,,,32,0,0,a0308cc5293a95f9689886b7125aad909c93385e5a5b1cdacea2b281799ee779,False
2026-09-21T17:13:48.237361+00:00,,,32,0,0,a0308cc5293a95f9689886b7125aad909c93385e5a5b1cdacea2b281799ee779,False
2026-09-21T17:13:49.269381+00:00,,,32,0,0,a0308cc5293a95f9689886b7125aad909c93385e5a5b1cdacea2b281799ee779,False
2026-09-21T17:13:50.313457+00:00,,,32,0,0,a0308cc5293a95f9689886b7125aad909c93385e5a5b1cdacea2b281799ee779,False
2026-09-21T17:13:51.348583+00:00,,,32,0,0,a0308cc5293a95f9689886b7125aad909c93385e5a5b1cdacea2b281799ee779,False
2026-09-21T17:13:52.382369+00:00,,,32,0,0,a0308cc5293a95f9689886b7125aad909c93385e5a5b1cdacea2b281799ee779,False
2026-09-21T17:13:53.434468+00:00,,,32,0,0,a0308cc5293a95f9689886b7125aad909c93385e5a5b1cdacea2b281799ee779,False
2026-09-21T17:13:54.483635+00:00,,,32,0,0,a0308cc5293a95f9689886b7125aad909c93385e5a5b1cdacea2b281799ee779,False
2026-09-21T17:13:55.535419+00:00,,,32,0,0,a0308cc5293a95f9689886b7125aad909c93385e5a5b1cdacea2b281799ee779,False
2026-09-21T17:13:56.576587+00:00,,,32,0,0,a0308cc5293a95f9689886b7125aad909c93385e5a5b1cdacea2b281799ee779,False
2026-09-21T17:13:57.615209+00:00,,,32,0,0,a0308cc5293a95f9689886b7125aad909c93385e5a5b1cdacea2b281799ee779,False
2026-09-21T17:13:58.667396+00:00,,,32,0,0,a0308cc5293a95f9689886b7125aad909c93385e5a5b1cdacea2b281799ee779,False
2026-09-21T17:13:59.716532+00:00,,,32,0,0,a0308cc5293a95f9689886b7125aad909c93385e5a5b1cdacea2b281799ee779,False
2026-09-21T17:14:00.757392+00:00,,,32,0,0,a0308cc5293a95f9689886b7125aad909c93385e5a5b1cdacea2b281799ee779,False
2026-09-21T17:14:01.791373+00:00,,,32,0,0,a0308cc5293a95f9689886b7125aad909c93385e5a5b1cdacea2b281799ee779,False
2026-09-21T17:14:02.825309+00:00,,,32,0,0,a0308cc5293a95f9689886b7125aad909c93385e5a5b1cdacea2b281799ee779,False
2026-09-21T17:14:03.870009+00:00,,,32,0,0,a0308cc5293a95f9689886b7125aad909c93385e5a5b1cdacea2b281799ee779,False
2026-09-21T17:14:04.978672+00:00,,,32,0,0,a0308cc5293a95f9689886b7125aad909c93385e5a5b1cdacea2b281799ee779,False
2026-09-21T17:14:05.999680+00:00,,,32,0,0,a0308cc5293a95f9689886b7125aad909c93385e5a5b1cdacea2b281799ee779,False
2026-09-21T17:14:07.046248+00:00,,,32,0,0,a0308cc5293a95f9689886b7125aad909c93385e5a5b1cdacea2b281799ee779,False
2026-09-21T17:14:08.105133+00:00,,,32,0,0,a0308cc5293a95f9689886b7125aad909c93385e5a5b1cdacea2b281799ee779,False
2026-09-21T17:14:09.139307+00:00,,,32,0,0,a0308cc5293a95f9689886b7125aad909c93385e5a5b1cdacea2b281799ee779,False
2026-09-21T17:14:10.200095+00:00,,,32,0,0,a0308cc5293a95f9689886b7125aad909c93385e5a5b1cdacea2b281799ee779,False
2026-09-21T17:14:11.249113+00:00,,,32,0,0,a0308cc5293a95f9689886b7125aad909c93385e5a5b1cdacea2b281799ee779,False
2026-09-21T17:14:12.295991+00:00,,,32,0,0,a0308cc5293a95f9689886b7125aad909c93385e5a5b1cdacea2b281799ee779,False
2026-09-21T17:14:13.323097+00:00,,,32,0,0,a0308cc5293a95f9689886b7125aad909c93385e5a5b1cdacea2b281799ee779,False
2026-09-21T17:14:14.384303+00:00,,,32,0,0,a0308cc5293a95f9689886b7125aad909c93385e5a5b1cdacea2b281799ee779,False
2026-09-21T17:14:15.456863+00:00,,,32,0,0,a0308cc5293a95f9689886b7125aad909c93385e5a5b1cdacea2b281799ee779,False
2026-09-21T17:14:16.550512+00:00,,,32,0,0,a0308cc5293a95f9689886b7125aad909c93385e5a5b1cdacea2b281799ee779,False
2026-09-21T17:14:17.605322+00:00,,,32,0,0,a0308cc5293a95f9689886b7125aad909c93385e5a5b1cdacea2b281799ee779,False
2026-09-21T17:14:18.663725+00:00,,,32,0,0,a0308cc5293a95f9689886b7125aad909c93385e5a5b1cdacea2b281799ee779,False
2026-09-21T17:14:19.701799+00:00,,,32,0,0,a0308cc5293a95f9689886b7125aad909c93385e5a5b1cdacea2b281799ee779,False
2026-09-21T17:14:20.740323+00:00,,,32,0,0,a0308cc5293a95f9689886b7125aad909c93385e5a5b1cdacea2b281799ee779,False
2026-09-21T17:14:21.885579+00:00,,,32,0,0,a0308cc5293a95f9689886b7125aad909c93385e5a5b1cdacea2b281799ee779,False
2026-09-21T17:14:22.934699+00:00,,,32,0,0,a0308cc5293a95f9689886b7125aad909c93385e5a5b1cdacea2b281799ee779,False
2026-09-21T17:14:23.976642+00:00,,,32,0,0,a0308cc5293a95f9689886b7125aad909c93385e5a5b1cdacea2b281799ee779,False
2026-09-21T17:14:25.030210+00:00,,,32,0,0,a0308cc5293a95f9689886b7125aad909c93385e5a5b1cdacea2b281799ee779,False
2026-09-21T17:14:26.061943+00:00,,,32,0,0,a0308cc5293a95f9689886b7125aad909c93385e5a5b1cdacea2b281799ee779,False
2026-09-21T17:14:27.096857+00:00,,,32,0,0,a0308cc5293a95f9689886b7125aad909c93385e5a5b1cdacea2b281799ee779,False
2026-09-21T17:14:28.150614+00:00,,,32,0,0,a0308cc5293a95f9689886b7125aad909c93385e5a5b1cdacea2b281799ee779,False
2026-09-21T17:14:29.198906+00:00,,,32,0,0,a0308cc5293a95f9689886b7125aad909c93385e5a5b1cdacea2b281799ee779,False
2026-09-21T17:14:30.254471+00:00,,,32,0,0,a0308cc5293a95f9689886b7125aad909c93385e5a5b1cdacea2b281799ee779,False
2026-09-21T17:14:31.297450+00:00,,,32,0,0,a0308cc5293a95f9689886b7125aad909c93385e5a5b1cdacea2b281799ee779,False
2026-09-21T17:14:32.347689+00:00,,,32,0,0,a0308cc5293a95f9689886b7125aad909c93385e5a5b1cdacea2b281799ee779,False
2026-09-21T17:14:33.409704+00:00,,,32,0,0,a0308cc5293a95f9689886b7125aad909c93385e5a5b1cdacea2b281799ee779,False
2026-09-21T17:14:34.436930+00:00,,,32,0,0,a0308cc5293a95f9689886b7125aad909c93385e5a5b1cdacea2b281799ee779,False
2026-09-21T17:14:35.490067+00:00,,,32,0,0,a0308cc5293a95f9689886b7125aad909c93385e5a5b1cdacea2b281799ee779,False
2026-09-21T17:14:36.528744+00:00,,,32,0,0,a0308cc5293a95f9689886b7125aad909c93385e5a5b1cdacea2b281799ee779,False
2026-09-21T17:14:37.579265+00:00,,,32,0,0,a0308cc5293a95f9689886b7125aad909c93385e5a5b1cdacea2b281799ee779,False
2026-09-21T17:14:38.640868+00:00,,,32,0,0,a0308cc5293a95f9689886b7125aad909c93385e5a5b1cdacea2b281799ee779,False
2026-09-21T17:14:39.680923+00:00,,,32,0,0,a0308cc5293a95f9689886b7125aad909c93385e5a5b1cdacea2b281799ee779,False
2026-09-21T17:14:40.737271+00:00,,,32,0,0,a0308cc5293a95f9689886b7125aad909c93385e5a5b1cdacea2b281799ee779,False
2026-09-21T17:14:41.785678+00:00,,,32,0,0,a0308cc5293a95f9689886b7125aad909c93385e5a5b1cdacea2b281799ee779,False
2026-09-21T17:14:42.830672+00:00,,,32,0,0,a0308cc5293a95f9689886b7125aad909c93385e5a5b1cdacea2b281799ee779,False
2026-09-21T17:14:43.891270+00:00,,,32,0,0,a0308cc5293a95f9689886b7125aad909c93385e5a5b1cdacea2b281799ee779,False
2026-09-21T17:14:44.922645+00:00,,,32,0,0,a0308cc5293a95f9689886b7125aad909c93385e5a5b1cdacea2b281799ee779,False
2026-09-21T17:14:45.963737+00:00,,,32,0,0,a0308cc5293a95f9689886b7125aad909c93385e5a5b1cdacea2b281799ee779,False
2026-09-21T17:14:47.039562+00:00,,,32,0,0,a0308cc5293a95f9689886b7125aad909c93385e5a5b1cdacea2b281799ee779,False
2026-09-21T17:14:48.078777+00:00,,,32,0,0,a0308cc5293a95f9689886b7125aad909c93385e5a5b1cdacea2b281799ee779,False
2026-09-21T17:14:49.117108+00:00,,,32,0,0,a0308cc5293a95f9689886b7125aad909c93385e5a5b1cdacea2b281799ee779,False
2026-09-21T17:14:50.151832+00:00,,,32,0,0,a0308cc5293a95f9689886b7125aad909c93385e5a5b1cdacea2b281799ee779,False
2026-09-21T17:14:51.176021+00:00,,,32,0,0,a0308cc5293a95f9689886b7125aad909c93385e5a5b1cdacea2b281799ee779,False
2026-09-21T17:14:52.223402+00:00,,,32,0,0,a0308cc5293a95f9689886b7125aad909c93385e5a5b1cdacea2b281799ee779,False
2026-09-21T17:14:53.265788+00:00,,,32,0,0,a0308cc5293a95f9689886b7125aad909c93385e5a5b1cdacea2b281799ee779,False
2026-09-21T17:14:54.313236+00:00,,,32,0,0,a0308cc5293a95f9689886b7125aad909c93385e5a5b1cdacea2b281799ee779,False
2026-09-21T17:14:55.372670+00:00,,,32,0,0,a0308cc5293a95f9689886b7125aad909c93385e5a5b1cdacea2b281799ee779,False
2026-09-21T17:14:56.402301+00:00,,,32,0,0,a0308cc5293a95f9689886b7125aad909c93385e5a5b1cdacea2b281799ee779,False
2026-09-21T17:14:57.487034+00:00,,,32,0,0,a0308cc5293a95f9689886b7125aad909c93385e5a5b1cdacea2b281799ee779,False
2026-09-21T17:14:58.533885+00:00,,,32,0,0,a0308cc5293a95f9689886b7125aad909c93385e5a5b1cdacea2b281799ee779,False
2026-09-21T17:14:59.558402+00:00,,,32,0,0,a0308cc5293a95f9689886b7125aad909c93385e5a5b1cdacea2b281799ee779,False
2026-09-21T17:15:00.595957+00:00,,,32,0,0,a0308cc5293a95f9689886b7125aad909c93385e5a5b1cdacea2b281799ee779,False
2026-09-21T17:15:01.671096+00:00,,,32,0,0,a0308cc5293a95f9689886b7125aad909c93385e5a5b1cdacea2b281799ee779,False
2026-09-21T17:15:02.723610+00:00,,,32,0,0,a0308cc5293a95f9689886b7125aad909c93385e5a5b1cdacea2b281799ee779,False
2026-09-21T17:15:03.765314+00:00,,,32,0,0,a0308cc5293a95f9689886b7125aad909c93385e5a5b1cdacea2b281799ee779,False
2026-09-21T17:15:04.823811+00:00,,,32,0,0,a0308cc5293a95f9689886b7125aad909c93385e5a5b1cdacea2b281799ee779,False
2026-09-21T17:15:05.907426+00:00,,,32,0,0,a0308cc5293a95f9689886b7125aad909c93385e5a5b1cdacea2b281799ee779,False
2026-09-21T17:15:06.952758+00:00,,,32,0,0,a0308cc5293a95f9689886b7125aad909c93385e5a5b1cdacea2b281799ee779,False
2026-09-21T17:15:08.015816+00:00,,,32,0,0,a0308cc5293a95f9689886b7125aad909c93385e5a5b1cdacea2b281799ee779,False
2026-09-21T17:15:09.061131+00:00,,,32,0,0,a0308cc5293a95f9689886b7125aad909c93385e5a5b1cdacea2b281799ee779,False
2026-09-21T17:15:10.116127+00:00,,,32,0,0,a0308cc5293a95f9689886b7125aad909c93385e5a5b1cdacea2b281799ee779,False
2026-09-21T17:15:11.163811+00:00,,,32,0,0,a0308cc5293a95f9689886b7125aad909c93385e5a5b1cdacea2b281799ee779,False
2026-09-21T17:15:12.197411+00:00,,,32,0,0,a0308cc5293a95f9689886b7125aad909c93385e5a5b1cdacea2b281799ee779,False
2026-09-21T17:15:13.240711+00:00,,,32,0,0,a0308cc5293a95f9689886b7125aad909c93385e5a5b1cdacea2b281799ee779,False
2026-09-21T17:15:14.272961+00:00,,,32,0,0,a0308cc5293a95f9689886b7125aad909c93385e5a5b1cdacea2b281799ee779,False
2026-09-21T17:15:15.329028+00:00,,,32,0,0,a0308cc5293a95f9689886b7125aad909c93385e5a5b1cdacea2b281799ee779,False
2026-09-21T17:15:16.363766+00:00,,,32,0,0,a0308cc5293a95f9689886b7125aad909c93385e5a5b1cdacea2b281799ee779,False
2026-09-21T17:15:17.414248+00:00,,,32,0,0,a0308cc5293a95f9689886b7125aad909c93385e5a5b1cdacea2b281799ee779,False
2026-09-21T17:15:18.450353+00:00,,,32,0,0,a0308cc5293a95f9689886b7125aad909c93385e5a5b1cdacea2b281799ee779,False
2026-09-21T17:15:19.488872+00:00,,,32,0,0,a0308cc5293a95f9689886b7125aad909c93385e5a5b1cdacea2b281799ee779,False
2026-09-21T17:15:20.522260+00:00,,,32,0,0,a0308cc5293a95f9689886b7125aad909c93385e5a5b1cdacea2b281799ee779,False
2026-09-21T17:15:21.572136+00:00,,,32,0,0,a0308cc5293a95f9689886b7125aad909c93385e5a5b1cdacea2b281799ee779,False
2026-09-21T17:15:22.663136+00:00,,,32,0,0,a0308cc5293a95f9689886b7125aad909c93385e5a5b1cdacea2b281799ee779,False
2026-09-21T17:15:23.731659+00:00,,,32,0,0,a0308cc5293a95f9689886b7125aad909c93385e5a5b1cdacea2b281799ee779,False
2026-09-21T17:15:24.774764+00:00,,,32,0,0,a0308cc5293a95f9689886b7125aad909c93385e5a5b1cdacea2b281799ee779,False
2026-09-21T17:15:25.886363+00:00,,,32,0,0,a0308cc5293a95f9689886b7125aad909c93385e5a5b1cdacea2b281799ee779,False
2026-09-21T17:15:26.930540+00:00,,,32,0,0,a0308cc5293a95f9689886b7125aad909c93385e5a5b1cdacea2b281799ee779,False
2026-09-21T17:15:27.995028+00:00,,,32,0,0,a0308cc5293a95f9689886b7125aad909c93385e5a5b1cdacea2b281799ee779,False
2026-09-21T17:15:29.039095+00:00,,,32,0,0,a0308cc5293a95f9689886b7125aad909c93385e5a5b1cdacea2b281799ee779,False
2026-09-21T17:15:30.085388+00:00,,,32,0,0,a0308cc5293a95f9689886b7125aad909c93385e5a5b1cdacea2b281799ee779,False
2026-09-21T17:15:31.133270+00:00,,,32,0,0,a0308cc5293a95f9689886b7125aad909c93385e5a5b1cdacea2b281799ee779,False
2026-09-21T17:15:32.185312+00:00,,,32,0,0,a0308cc5293a95f9689886b7125aad909c93385e5a5b1cdacea2b281799ee779,False
2026-09-21T17:15:33.245758+00:00,,,32,0,0,a0308cc5293a95f9689886b7125aad909c93385e5a5b1cdacea2b281799ee779,False
2026-09-21T17:15:34.302294+00:00,,,32,0,0,a0308cc5293a95f9689886b7125aad909c93385e5a5b1cdacea2b281799ee779,False
2026-09-21T17:15:35.349480+00:00,,,32,0,0,a0308cc5293a95f9689886b7125aad909c93385e5a5b1cdacea2b281799ee779,False
2026-09-21T17:15:36.382201+00:00,,,32,0,0,a0308cc5293a95f9689886b7125aad909c93385e5a5b1cdacea2b281799ee779,False
2026-09-21T17:15:37.443405+00:00,,,32,0,0,a0308cc5293a95f9689886b7125aad909c93385e5a5b1cdacea2b281799ee779,False
2026-09-21T17:15:38.487403+00:00,,,32,0,0,a0308cc5293a95f9689886b7125aad909c93385e5a5b1cdacea2b281799ee779,False
2026-09-21T17:15:39.555001+00:00,,,32,0,0,a0308cc5293a95f9689886b7125aad909c93385e5a5b1cdacea2b281799ee779,False
2026-09-21T17:15:40.593715+00:00,,,32,0,0,a0308cc5293a95f9689886b7125aad909c93385e5a5b1cdacea2b281799ee779,False
2026-09-21T17:15:41.641963+00:00,,,32,0,0,a0308cc5293a95f9689886b7125aad909c93385e5a5b1cdacea2b281799ee779,False
2026-09-21T17:15:42.685936+00:00,,,32,0,0,a0308cc5293a95f9689886b7125aad909c93385e5a5b1cdacea2b281799ee779,False
2026-09-21T17:15:43.728879+00:00,,,32,0,0,a0308cc5293a95f9689886b7125aad909c93385e5a5b1cdacea2b281799ee779,False
2026-09-21T17:15:44.770235+00:00,,,32,0,0,a0308cc5293a95f9689886b7125aad909c93385e5a5b1cdacea2b281799ee779,False
2026-09-21T17:15:45.802100+00:00,,,32,0,0,a0308cc5293a95f9689886b7125aad909c93385e5a5b1cdacea2b281799ee779,False
2026-09-21T17:15:46.822467+00:00,,,32,0,0,a0308cc5293a95f9689886b7125aad909c93385e5a5b1cdacea2b281799ee779,False
2026-09-21T17:15:47.860424+00:00,,,32,0,0,a0308cc5293a95f9689886b7125aad909c93385e5a5b1cdacea2b281799ee779,False
2026-09-21T17:15:48.913867+00:00,,,32,0,0,a0308cc5293a95f9689886b7125aad909c93385e5a5b1cdacea2b281799ee779,False
2026-09-21T17:15:49.987128+00:00,,,32,0,0,a0308cc5293a95f9689886b7125aad909c93385e5a5b1cdacea2b281799ee779,False
2026-09-21T17:15:51.026523+00:00,,,32,0,0,a0308cc5293a95f9689886b7125aad909c93385e5a5b1cdacea2b281799ee779,False
2026-09-21T17:15:52.088550+00:00,,,32,0,0,a0308cc5293a95f9689886b7125aad909c93385e5a5b1cdacea2b281799ee779,False
2026-09-21T17:15:53.188528+00:00,,,32,0,0,a0308cc5293a95f9689886b7125aad909c93385e5a5b1cdacea2b281799ee779,False
2026-09-21T17:15:54.245339+00:00,,,32,0,0,a0308cc5293a95f9689886b7125aad909c93385e5a5b1cdacea2b281799ee779,False
2026-09-21T17:15:55.290531+00:00,,,32,0,0,a0308cc5293a95f9689886b7125aad909c93385e5a5b1cdacea2b281799ee779,False
2026-09-21T17:15:56.349526+00:00,,,32,0,0,a0308cc5293a95f9689886b7125aad909c93385e5a5b1cdacea2b281799ee779,False
2026-09-21T17:15:57.528459+00:00,,,32,0,0,a0308cc5293a95f9689886b7125aad909c93385e5a5b1cdacea2b281799ee779,False
2026-09-21T17:15:58.577524+00:00,,,32,0,0,a0308cc5293a95f9689886b7125aad909c93385e5a5b1cdacea2b281799ee779,False
2026-09-21T17:15:59.618091+00:00,,,32,0,0,a0308cc5293a95f9689886b7125aad909c93385e5a5b1cdacea2b281799ee779,False
2026-09-21T17:16:00.664945+00:00,,,32,0,0,a0308cc5293a95f9689886b7125aad909c93385e5a5b1cdacea2b281799ee779,False
2026-09-21T17:16:01.710976+00:00,,,32,0,0,a0308cc5293a95f9689886b7125aad909c93385e5a5b1cdacea2b281799ee779,False
2026-09-21T17:16:02.757098+00:00,,,32,0,0,a0308cc5293a95f9689886b7125aad909c93385e5a5b1cdacea2b281799ee779,False
2026-09-21T17:16:03.798499+00:00,,,32,0,0,a0308cc5293a95f9689886b7125aad909c93385e5a5b1cdacea2b281799ee779,False
2026-09-21T17:16:04.829904+00:00,,,32,0,0,a0308cc5293a95f9689886b7125aad909c93385e5a5b1cdacea2b281799ee779,False
2026-09-21T17:16:05.897168+00:00,,,32,0,0,a0308cc5293a95f9689886b7125aad909c93385e5a5b1cdacea2b281799ee779,False
2026-09-21T17:16:06.952985+00:00,,,32,0,0,a0308cc5293a95f9689886b7125aad909c93385e5a5b1cdacea2b281799ee779,False
2026-09-21T17:16:08.012062+00:00,,,32,0,0,a0308cc5293a95f9689886b7125aad909c93385e5a5b1cdacea2b281799ee779,False
2026-09-21T17:16:09.083905+00:00,,,32,0,0,a0308cc5293a95f9689886b7125aad909c93385e5a5b1cdacea2b281799ee779,False
2026-09-21T17:16:10.157850+00:00,,,32,0,0,a0308cc5293a95f9689886b7125aad909c93385e5a5b1cdacea2b281799ee779,False
2026-09-21T17:16:11.260105+00:00,,,32,0,0,a0308cc5293a95f9689886b7125aad909c93385e5a5b1cdacea2b281799ee779,False
2026-09-21T17:16:12.315843+00:00,,,32,0,0,a0308cc5293a95f9689886b7125aad909c93385e5a5b1cdacea2b281799ee779,False
2026-09-21T17:16:13.360765+00:00,,,32,0,0,a0308cc5293a95f9689886b7125aad909c93385e5a5b1cdacea2b281799ee779,False
2026-09-21T17:16:14.408347+00:00,,,32,0,0,a0308cc5293a95f9689886b7125aad909c93385e5a5b1cdacea2b281799ee779,False
2026-09-21T17:16:15.440129+00:00,,,32,0,0,a0308cc5293a95f9689886b7125aad909c93385e5a5b1cdacea2b281799ee779,False
2026-09-21T17:16:16.477007+00:00,,,32,0,0,a0308cc5293a95f9689886b7125aad909c93385e5a5b1cdacea2b281799ee779,False
2026-09-21T17:16:17.534277+00:00,,,32,0,0,a0308cc5293a95f9689886b7125aad909c93385e5a5b1cdacea2b281799ee779,False
2026-09-21T17:16:18.606864+00:00,,,32,0,0,a0308cc5293a95f9689886b7125aad909c93385e5a5b1cdacea2b281799ee779,False
2026-09-21T17:16:19.676718+00:00,,,32,0,0,a0308cc5293a95f9689886b7125aad909c93385e5a5b1cdacea2b281799ee779,False
2026-09-21T17:16:20.732176+00:00,,,32,0,0,a0308cc5293a95f9689886b7125aad909c93385e5a5b1cdacea2b281799ee779,False
2026-09-21T17:16:21.798813+00:00,,,32,0,0,a0308cc5293a95f9689886b7125aad909c93385e5a5b1cdacea2b281799ee779,False
2026-09-21T17:16:22.847283+00:00,,,32,0,0,a0308cc5293a95f9689886b7125aad909c93385e5a5b1cdacea2b281799ee779,False
2026-09-21T17:16:23.916611+00:00,,,32,0,0,a0308cc5293a95f9689886b7125aad909c93385e5a5b1cdacea2b281799ee779,False
2026-09-21T17:16:24.944867+00:00,,,32,0,0,a0308cc5293a95f9689886b7125aad909c93385e5a5b1cdacea2b281799ee779,False
2026-09-21T17:16:25.986807+00:00,,,32,0,0,a0308cc5293a95f9689886b7125aad909c93385e5a5b1cdacea2b281799ee779,False
2026-09-21T17:16:27.031343+00:00,,,32,0,0,a0308cc5293a95f9689886b7125aad909c93385e5a5b1cdacea2b281799ee779,False
2026-09-21T17:16:28.093486+00:00,,,32,0,0,a0308cc5293a95f9689886b7125aad909c93385e5a5b1cdacea2b281799ee779,False
2026-09-21T17:16:29.122664+00:00,,,32,0,0,a0308cc5293a95f9689886b7125aad909c93385e5a5b1cdacea2b281799ee779,False
2026-09-21T17:16:30.161887+00:00,,,32,0,0,a0308cc5293a95f9689886b7125aad909c93385e5a5b1cdacea2b281799ee779,False
2026-09-21T17:16:31.225261+00:00,,,32,0,0,a0308cc5293a95f9689886b7125aad909c93385e5a5b1cdacea2b281799ee779,False
2026-09-21T17:16:32.274807+00:00,,,32,0,0,a0308cc5293a95f9689886b7125aad909c93385e5a5b1cdacea2b281799ee779,False
2026-09-21T17:16:33.331576+00:00,,,32,0,0,a0308cc5293a95f9689886b7125aad909c93385e5a5b1cdacea2b281799ee779,False
2026-09-21T17:16:34.396370+00:00,,,32,0,0,a0308cc5293a95f9689886b7125aad909c93385e5a5b1cdacea2b281799ee779,False
2026-09-21T17:16:35.452331+00:00,,,32,0,0,a0308cc5293a95f9689886b7125aad909c93385e5a5b1cdacea2b281799ee779,False
2026-09-21T17:16:36.495143+00:00,,,32,0,0,a0308cc5293a95f9689886b7125aad909c93385e5a5b1cdacea2b281799ee779,False
2026-09-21T17:16:37.564865+00:00,,,32,0,0,a0308cc5293a95f9689886b7125aad909c93385e5a5b1cdacea2b281799ee779,False
2026-09-21T17:16:38.616347+00:00,,,32,0,0,a0308cc5293a95f9689886b7125aad909c93385e5a5b1cdacea2b281799ee779,False
2026-09-21T17:16:39.652790+00:00,,,32,0,0,a0308cc5293a95f9689886b7125aad909c93385e5a5b1cdacea2b281799ee779,False
2026-09-21T17:16:40.692861+00:00,,,32,0,0,a0308cc5293a95f9689886b7125aad909c93385e5a5b1cdacea2b281799ee779,False
2026-09-21T17:16:41.791103+00:00,,,32,0,0,a0308cc5293a95f9689886b7125aad909c93385e5a5b1cdacea2b281799ee779,False
2026-09-21T17:16:42.837968+00:00,,,32,0,0,a0308cc5293a95f9689886b7125aad909c93385e5a5b1cdacea2b281799ee779,False
2026-09-21T17:16:43.881027+00:00,,,32,0,0,a0308cc5293a95f9689886b7125aad909c93385e5a5b1cdacea2b281799ee779,False
2026-09-21T17:16:44.960455+00:00,,,32,0,0,a0308cc5293a95f9689886b7125aad909c93385e5a5b1cdacea2b281799ee779,False
2026-09-21T17:16:46.033383+00:00,,,32,0,0,a0308cc5293a95f9689886b7125aad909c93385e5a5b1cdacea2b281799ee779,False
2026-09-21T17:16:47.084392+00:00,,,32,0,0,a0308cc5293a95f9689886b7125aad909c93385e5a5b1cdacea2b281799ee779,False
2026-09-21T17:16:48.123422+00:00,,,32,0,0,a0308cc5293a95f9689886b7125aad909c93385e5a5b1cdacea2b281799ee779,False
2026-09-21T17:16:49.163001+00:00,,,32,0,0,a0308cc5293a95f9689886b7125aad909c93385e5a5b1cdacea2b281799ee779,False
2026-09-21T17:16:50.209975+00:00,,,32,0,0,a0308cc5293a95f9689886b7125aad909c93385e5a5b1cdacea2b281799ee779,False
2026-09-21T17:16:51.255022+00:00,,,32,0,0,a0308cc5293a95f9689886b7125aad909c93385e5a5b1cdacea2b281799ee779,False
2026-09-21T17:16:52.291012+00:00,,,32,0,0,a0308cc5293a95f9689886b7125aad909c93385e5a5b1cdacea2b281799ee779,False
2026-09-21T17:16:53.326334+00:00,,,32,0,0,a0308cc5293a95f9689886b7125aad909c93385e5a5b1cdacea2b281799ee779,False
2026-09-21T17:16:54.367556+00:00,,,32,0,0,a0308cc5293a95f9689886b7125aad909c93385e5a5b1cdacea2b281799ee779,False
2026-09-21T17:16:55.403657+00:00,,,32,0,0,a0308cc5293a95f9689886b7125aad909c93385e5a5b1cdacea2b281799ee779,False
2026-09-21T17:16:56.451902+00:00,,,32,0,0,a0308cc5293a95f9689886b7125aad909c93385e5a5b1cdacea2b281799ee779,False
2026-09-21T17:16:57.531782+00:00,,,32,0,0,a0308cc5293a95f9689886b7125aad909c93385e5a5b1cdacea2b281799ee779,False
2026-09-21T17:16:58.588698+00:00,,,32,0,0,a0308cc5293a95f9689886b7125aad909c93385e5a5b1cdacea2b281799ee779,False
2026-09-21T17:16:59.624083+00:00,,,32,0,0,a0308cc5293a95f9689886b7125aad909c93385e5a5b1cdacea2b281799ee779,False
2026-09-21T17:17:00.672247+00:00,,,32,0,0,a0308cc5293a95f9689886b7125aad909c93385e5a5b1cdacea2b281799ee779,False
2026-09-21T17:17:01.702862+00:00,,,32,0,0,a0308cc5293a95f9689886b7125aad909c93385e5a5b1cdacea2b281799ee779,False
2026-09-21T17:17:02.786756+00:00,,,32,0,0,a0308cc5293a95f9689886b7125aad909c93385e5a5b1cdacea2b281799ee779,False
2026-09-21T17:17:03.861809+00:00,,,32,0,0,a0308cc5293a95f9689886b7125aad909c93385e5a5b1cdacea2b281799ee779,False
2026-09-21T17:17:04.924698+00:00,,,32,0,0,a0308cc5293a95f9689886b7125aad909c93385e5a5b1cdacea2b281799ee779,False
2026-09-21T17:17:06.049815+00:00,,,32,0,0,a0308cc5293a95f9689886b7125aad909c93385e5a5b1cdacea2b281799ee779,False
2026-09-21T17:17:07.087433+00:00,,,32,0,0,a0308cc5293a95f9689886b7125aad909c93385e5a5b1cdacea2b281799ee779,False
2026-09-21T17:17:08.145058+00:00,,,32,0,0,a0308cc5293a95f9689886b7125aad909c93385e5a5b1cdacea2b281799ee779,False
2026-09-21T17:17:09.181680+00:00,,,32,0,0,a0308cc5293a95f9689886b7125aad909c93385e5a5b1cdacea2b281799ee779,False
2026-09-21T17:17:10.225385+00:00,,,32,0,0,a0308cc5293a95f9689886b7125aad909c93385e5a5b1cdacea2b281799ee779,False
2026-09-21T17:17:11.287191+00:00,,,32,0,0,a0308cc5293a95f9689886b7125aad909c93385e5a5b1cdacea2b281799ee779,False
2026-09-21T17:17:12.343380+00:00,,,32,0,0,a0308cc5293a95f9689886b7125aad909c93385e5a5b1cdacea2b281799ee779,False
2026-09-21T17:17:13.413675+00:00,,,32,0,0,a0308cc5293a95f9689886b7125aad909c93385e5a5b1cdacea2b281799ee779,False
2026-09-21T17:17:14.462636+00:00,,,32,0,0,a0308cc5293a95f9689886b7125aad909c93385e5a5b1cdacea2b281799ee779,False
2026-09-21T17:17:15.514256+00:00,,,32,0,0,a0308cc5293a95f9689886b7125aad909c93385e5a5b1cdacea2b281799ee779,False
2026-09-21T17:17:16.566450+00:00,,,32,0,0,a0308cc5293a95f9689886b7125aad909c93385e5a5b1cdacea2b281799ee779,False
2026-09-21T17:17:17.623174+00:00,,,32,0,0,a0308cc5293a95f9689886b7125aad909c93385e5a5b1cdacea2b281799ee779,False
2026-09-21T17:17:18.675296+00:00,,,32,0,0,a0308cc5293a95f9689886b7125aad909c93385e5a5b1cdacea2b281799ee779,False
2026-09-21T17:17:19.734790+00:00,,,32,0,0,a0308cc5293a95f9689886b7125aad909c93385e5a5b1cdacea2b281799ee779,False
2026-09-21T17:17:20.769221+00:00,,,32,0,0,a0308cc5293a95f9689886b7125aad909c93385e5a5b1cdacea2b281799ee779,False
2026-09-21T17:17:21.822056+00:00,,,32,0,0,a0308cc5293a95f9689886b7125aad909c93385e5a5b1cdacea2b281799ee779,False
2026-09-21T17:17:22.894400+00:00,,,32,0,0,a0308cc5293a95f9689886b7125aad909c93385e5a5b1cdacea2b281799ee779,False
2026-09-21T17:17:23.999526+00:00,,,32,0,0,a0308cc5293a95f9689886b7125aad909c93385e5a5b1cdacea2b281799ee779,False
2026-09-21T17:17:25.056780+00:00,,,32,0,0,a0308cc5293a95f9689886b7125aad909c93385e5a5b1cdacea2b281799ee779,False
2026-09-21T17:17:26.112124+00:00,,,32,0,0,a0308cc5293a95f9689886b7125aad909c93385e5a5b1cdacea2b281799ee779,False
2026-09-21T17:17:27.204819+00:00,,,32,0,0,a0308cc5293a95f9689886b7125aad909c93385e5a5b1cdacea2b281799ee779,False
2026-09-21T17:17:28.265242+00:00,,,32,0,0,a0308cc5293a95f9689886b7125aad909c93385e5a5b1cdacea2b281799ee779,False
2026-09-21T17:17:29.309152+00:00,,,32,0,0,a0308cc5293a95f9689886b7125aad909c93385e5a5b1cdacea2b281799ee779,False
2026-09-21T17:17:30.359078+00:00,,,32,0,0,a0308cc5293a95f9689886b7125aad909c93385e5a5b1cdacea2b281799ee779,False
2026-09-21T17:17:31.417777+00:00,,,32,0,0,a0308cc5293a95f9689886b7125aad909c93385e5a5b1cdacea2b281799ee779,False
2026-09-21T17:17:32.451818+00:00,,,32,0,0,a0308cc5293a95f9689886b7125aad909c93385e5a5b1cdacea2b281799ee779,False
2026-09-21T17:17:33.500508+00:00,,,32,0,0,a0308cc5293a95f9689886b7125aad909c93385e5a5b1cdacea2b281799ee779,False
2026-09-21T17:17:34.543879+00:00,,,32,0,0,a0308cc5293a95f9689886b7125aad909c93385e5a5b1cdacea2b281799ee779,False
2026-09-21T17:17:35.571257+00:00,,,32,0,0,a0308cc5293a95f9689886b7125aad909c93385e5a5b1cdacea2b281799ee779,False
2026-09-21T17:17:36.623528+00:00,,,32,0,0,a0308cc5293a95f9689886b7125aad909c93385e5a5b1cdacea2b281799ee779,False
2026-09-21T17:17:37.675721+00:00,,,32,0,0,a0308cc5293a95f9689886b7125aad909c93385e5a5b1cdacea2b281799ee779,False
2026-09-21T17:17:38.730444+00:00,,,32,0,0,a0308cc5293a95f9689886b7125aad909c93385e5a5b1cdacea2b281799ee779,False
2026-09-21T17:17:39.766083+00:00,,,32,0,0,a0308cc5293a95f9689886b7125aad909c93385e5a5b1cdacea2b281799ee779,False
2026-09-21T17:17:40.792545+00:00,,,32,0,0,a0308cc5293a95f9689886b7125aad909c93385e5a5b1cdacea2b281799ee779,False
2026-09-21T17:17:41.856255+00:00,,,32,0,0,a0308cc5293a95f9689886b7125aad909c93385e5a5b1cdacea2b281799ee779,False
2026-09-21T17:17:42.898251+00:00,,,32,0,0,a0308cc5293a95f9689886b7125aad909c93385e5a5b1cdacea2b281799ee779,False
2026-09-21T17:17:43.995017+00:00,,,32,0,0,a0308cc5293a95f9689886b7125aad909c93385e5a5b1cdacea2b281799ee779,False
2026-09-21T17:17:45.056876+00:00,,,32,0,0,a0308cc5293a95f9689886b7125aad909c93385e5a5b1cdacea2b281799ee779,False
2026-09-21T17:17:46.106923+00:00,,,32,0,0,a0308cc5293a95f9689886b7125aad909c93385e5a5b1cdacea2b281799ee779,False
2026-09-21T17:17:47.155516+00:00,,,32,0,0,a0308cc5293a95f9689886b7125aad909c93385e5a5b1cdacea2b281799ee779,False
2026-09-21T17:17:48.229911+00:00,,,32,0,0,a0308cc5293a95f9689886b7125aad909c93385e5a5b1cdacea2b281799ee779,False
2026-09-21T17:17:49.293980+00:00,,,32,0,0,a0308cc5293a95f9689886b7125aad909c93385e5a5b1cdacea2b281799ee779,False
2026-09-21T17:17:50.320558+00:00,,,32,0,0,a0308cc5293a95f9689886b7125aad909c93385e5a5b1cdacea2b281799ee779,False
2026-09-21T17:17:51.362361+00:00,,,32,0,0,a0308cc5293a95f9689886b7125aad909c93385e5a5b1cdacea2b281799ee779,False
2026-09-21T17:17:52.414410+00:00,,,32,0,0,a0308cc5293a95f9689886b7125aad909c93385e5a5b1cdacea2b281799ee779,False
2026-09-21T17:17:53.444751+00:00,,,32,0,0,a0308cc5293a95f9689886b7125aad909c93385e5a5b1cdacea2b281799ee779,False
2026-09-21T17:17:54.498353+00:00,,,32,0,0,a0308cc5293a95f9689886b7125aad909c93385e5a5b1cdacea2b281799ee779,False
2026-09-21T17:17:55.561565+00:00,,,32,0,0,a0308cc5293a95f9689886b7125aad909c93385e5a5b1cdacea2b281799ee779,False
2026-09-21T17:17:56.622838+00:00,,,32,0,0,a0308cc5293a95f9689886b7125aad909c93385e5a5b1cdacea2b281799ee779,False
2026-09-21T17:17:57.679406+00:00,,,32,0,0,a0308cc5293a95f9689886b7125aad909c93385e5a5b1cdacea2b281799ee779,False
2026-09-21T17:17:58.733546+00:00,,,32,0,0,a0308cc5293a95f9689886b7125aad909c93385e5a5b1cdacea2b281799ee779,False
2026-09-21T17:17:59.777564+00:00,,,32,0,0,a0308cc5293a95f9689886b7125aad909c93385e5a5b1cdacea2b281799ee779,False
2026-09-21T17:18:00.822368+00:00,,,32,0,0,a0308cc5293a95f9689886b7125aad909c93385e5a5b1cdacea2b281799ee779,False
2026-09-21T17:18:01.876891+00:00,,,32,0,0,a0308cc5293a95f9689886b7125aad909c93385e5a5b1cdacea2b281799ee779,False
2026-09-21T17:18:02.931493+00:00,,,32,0,0,a0308cc5293a95f9689886b7125aad909c93385e5a5b1cdacea2b281799ee779,False
2026-09-21T17:18:03.984276+00:00,,,32,0,0,a0308cc5293a95f9689886b7125aad909c93385e5a5b1cdacea2b281799ee779,False
2026-09-21T17:18:05.033067+00:00,,,32,0,0,a0308cc5293a95f9689886b7125aad909c93385e5a5b1cdacea2b281799ee779,False
2026-09-21T17:18:06.066304+00:00,,,32,0,0,a0308cc5293a95f9689886b7125aad909c93385e5a5b1cdacea2b281799ee779,False
2026-09-21T17:18:07.115531+00:00,,,32,0,0,a0308cc5293a95f9689886b7125aad909c93385e5a5b1cdacea2b281799ee779,False
2026-09-21T17:18:08.161821+00:00,,,32,0,0,a0308cc5293a95f9689886b7125aad909c93385e5a5b1cdacea2b281799ee779,False
2026-09-21T17:18:09.223383+00:00,,,32,0,0,a0308cc5293a95f9689886b7125aad909c93385e5a5b1cdacea2b281799ee779,False
2026-09-21T17:18:10.286584+00:00,,,32,0,0,a0308cc5293a95f9689886b7125aad909c93385e5a5b1cdacea2b281799ee779,False
2026-09-21T17:18:11.326297+00:00,,,32,0,0,a0308cc5293a95f9689886b7125aad909c93385e5a5b1cdacea2b281799ee779,False
2026-09-21T17:18:12.358330+00:00,,,32,0,0,a0308cc5293a95f9689886b7125aad909c93385e5a5b1cdacea2b281799ee779,False
2026-09-21T17:18:13.404167+00:00,,,32,0,0,a0308cc5293a95f9689886b7125aad909c93385e5a5b1cdacea2b281799ee779,False
2026-09-21T17:18:14.432146+00:00,,,32,0,0,a0308cc5293a95f9689886b7125aad909c93385e5a5b1cdacea2b281799ee779,False
2026-09-21T17:18:15.472703+00:00,,,32,0,0,a0308cc5293a95f9689886b7125aad909c93385e5a5b1cdacea2b281799ee779,False
2026-09-21T17:18:16.529127+00:00,,,32,0,0,a0308cc5293a95f9689886b7125aad909c93385e5a5b1cdacea2b281799ee779,False
2026-09-21T17:18:17.563249+00:00,,,32,0,0,a0308cc5293a95f9689886b7125aad909c93385e5a5b1cdacea2b281799ee779,False
2026-09-21T17:18:18.599005+00:00,,,32,0,0,a0308cc5293a95f9689886b7125aad909c93385e5a5b1cdacea2b281799ee779,False
2026-09-21T17:18:19.634983+00:00,,,32,0,0,a0308cc5293a95f9689886b7125aad909c93385e5a5b1cdacea2b281799ee779,False
2026-09-21T17:18:20.665016+00:00,,,32,0,0,a0308cc5293a95f9689886b7125aad909c93385e5a5b1cdacea2b281799ee779,False
2026-09-21T17:18:21.697266+00:00,,,32,0,0,a0308cc5293a95f9689886b7125aad909c93385e5a5b1cdacea2b281799ee779,False
2026-09-21T17:18:22.727495+00:00,,,32,0,0,a0308cc5293a95f9689886b7125aad909c93385e5a5b1cdacea2b281799ee779,False
2026-09-21T17:18:23.764082+00:00,,,32,0,0,a0308cc5293a95f9689886b7125aad909c93385e5a5b1cdacea2b281799ee779,False
2026-09-21T17:18:24.806728+00:00,,,32,0,0,a0308cc5293a95f9689886b7125aad909c93385e5a5b1cdacea2b281799ee779,False
2026-09-21T17:18:25.883845+00:00,,,32,0,0,a0308cc5293a95f9689886b7125aad909c93385e5a5b1cdacea2b281799ee779,False
2026-09-21T17:18:26.944560+00:00,,,32,0,0,a0308cc5293a95f9689886b7125aad909c93385e5a5b1cdacea2b281799ee779,False
2026-09-21T17:18:27.996332+00:00,,,32,0,0,a0308cc5293a95f9689886b7125aad909c93385e5a5b1cdacea2b281799ee779,False
2026-09-21T17:18:29.038718+00:00,,,32,0,0,a0308cc5293a95f9689886b7125aad909c93385e5a5b1cdacea2b281799ee779,False
2026-09-21T17:18:30.080091+00:00,,,32,0,0,a0308cc5293a95f9689886b7125aad909c93385e5a5b1cdacea2b281799ee779,False
2026-09-21T17:18:31.120359+00:00,,,32,0,0,a0308cc5293a95f9689886b7125aad909c93385e5a5b1cdacea2b281799ee779,False
2026-09-21T17:18:32.140413+00:00,,,32,0,0,a0308cc5293a95f9689886b7125aad909c93385e5a5b1cdacea2b281799ee779,False
2026-09-21T17:18:33.172339+00:00,,,32,0,0,a0308cc5293a95f9689886b7125aad909c93385e5a5b1cdacea2b281799ee779,False
2026-09-21T17:18:34.209014+00:00,,,32,0,0,a0308cc5293a95f9689886b7125aad909c93385e5a5b1cdacea2b281799ee779,False
2026-09-21T17:18:35.245776+00:00,,,32,0,0,a0308cc5293a95f9689886b7125aad909c93385e5a5b1cdacea2b281799ee779,False
2026-09-21T17:18:36.288724+00:00,,,32,0,0,a0308cc5293a95f9689886b7125aad909c93385e5a5b1cdacea2b281799ee779,False
2026-09-21T17:18:37.324245+00:00,,,32,0,0,a0308cc5293a95f9689886b7125aad909c93385e5a5b1cdacea2b281799ee779,False
2026-09-21T17:18:38.356239+00:00,,,32,0,0,a0308cc5293a95f9689886b7125aad909c93385e5a5b1cdacea2b281799ee779,False
2026-09-21T17:18:39.385893+00:00,,,32,0,0,a0308cc5293a95f9689886b7125aad909c93385e5a5b1cdacea2b281799ee779,False
2026-09-21T17:18:40.433667+00:00,,,32,0,0,a0308cc5293a95f9689886b7125aad909c93385e5a5b1cdacea2b281799ee779,False
2026-09-21T17:18:41.472021+00:00,,,32,0,0,a0308cc5293a95f9689886b7125aad909c93385e5a5b1cdacea2b281799ee779,False
2026-09-21T17:18:42.563761+00:00,,,32,0,0,a0308cc5293a95f9689886b7125aad909c93385e5a5b1cdacea2b281799ee779,False
2026-09-21T17:18:43.651794+00:00,,,32,0,0,a0308cc5293a95f9689886b7125aad909c93385e5a5b1cdacea2b281799ee779,False
2026-09-21T17:18:44.713249+00:00,,,32,0,0,a0308cc5293a95f9689886b7125aad909c93385e5a5b1cdacea2b281799ee779,False
2026-09-21T17:18:45.746108+00:00,,,32,0,0,a0308cc5293a95f9689886b7125aad909c93385e5a5b1cdacea2b281799ee779,False
2026-09-21T17:18:46.808868+00:00,,,32,0,0,a0308cc5293a95f9689886b7125aad909c93385e5a5b1cdacea2b281799ee779,False
2026-09-21T17:18:47.867973+00:00,,,32,0,0,a0308cc5293a95f9689886b7125aad909c93385e5a5b1cdacea2b281799ee779,False
2026-09-21T17:18:48.906076+00:00,,,32,0,0,a0308cc5293a95f9689886b7125aad909c93385e5a5b1cdacea2b281799ee779,False
2026-09-21T17:18:49.946324+00:00,,,32,0,0,a0308cc5293a95f9689886b7125aad909c93385e5a5b1cdacea2b281799ee779,False
2026-09-21T17:18:51.000906+00:00,,,32,0,0,a0308cc5293a95f9689886b7125aad909c93385e5a5b1cdacea2b281799ee779,False
2026-09-21T17:18:52.038886+00:00,,,32,0,0,a0308cc5293a95f9689886b7125aad909c93385e5a5b1cdacea2b281799ee779,False
2026-09-21T17:18:53.072196+00:00,baseline,,32,0,0,a0308cc5293a95f9689886b7125aad909c93385e5a5b1cdacea2b281799ee779,False
2026-09-21T17:18:54.137385+00:00,baseline,,32,0,0,a0308cc5293a95f9689886b7125aad909c93385e5a5b1cdacea2b281799ee779,False
2026-09-21T17:18:55.187421+00:00,baseline,,32,0,0,a0308cc5293a95f9689886b7125aad909c93385e5a5b1cdacea2b281799ee779,False
2026-09-21T17:18:56.219793+00:00,baseline,,32,0,0,a0308cc5293a95f9689886b7125aad909c93385e5a5b1cdacea2b281799ee779,False
2026-09-21T17:18:57.250928+00:00,baseline,,32,0,0,a0308cc5293a95f9689886b7125aad909c93385e5a5b1cdacea2b281799ee779,False
2026-09-21T17:18:58.304120+00:00,baseline,,32,0,0,a0308cc5293a95f9689886b7125aad909c93385e5a5b1cdacea2b281799ee779,False
2026-09-21T17:18:59.338793+00:00,baseline,,32,0,0,a0308cc5293a95f9689886b7125aad909c93385e5a5b1cdacea2b281799ee779,False
2026-09-21T17:19:00.388758+00:00,baseline,,32,0,0,a0308cc5293a95f9689886b7125aad909c93385e5a5b1cdacea2b281799ee779,False
2026-09-21T17:19:01.470359+00:00,baseline,,32,0,0,a0308cc5293a95f9689886b7125aad909c93385e5a5b1cdacea2b281799ee779,False
2026-09-21T17:19:02.521615+00:00,baseline,,32,0,0,a0308cc5293a95f9689886b7125aad909c93385e5a5b1cdacea2b281799ee779,False
2026-09-21T17:19:03.563239+00:00,baseline,,32,0,0,a0308cc5293a95f9689886b7125aad909c93385e5a5b1cdacea2b281799ee779,False
2026-09-21T17:19:04.604624+00:00,baseline,,32,0,0,a0308cc5293a95f9689886b7125aad909c93385e5a5b1cdacea2b281799ee779,False
2026-09-21T17:19:05.650202+00:00,baseline,,32,0,0,a0308cc5293a95f9689886b7125aad909c93385e5a5b1cdacea2b281799ee779,False
2026-09-21T17:19:06.690941+00:00,baseline,,32,0,0,a0308cc5293a95f9689886b7125aad909c93385e5a5b1cdacea2b281799ee779,False
2026-09-21T17:19:07.731735+00:00,baseline,,32,0,0,a0308cc5293a95f9689886b7125aad909c93385e5a5b1cdacea2b281799ee779,False
2026-09-21T17:19:08.780196+00:00,baseline,,32,0,0,a0308cc5293a95f9689886b7125aad909c93385e5a5b1cdacea2b281799ee779,False
2026-09-21T17:19:09.809664+00:00,baseline,,32,0,0,a0308cc5293a95f9689886b7125aad909c93385e5a5b1cdacea2b281799ee779,False
2026-09-21T17:19:10.866205+00:00,baseline,,32,0,0,a0308cc5293a95f9689886b7125aad909c93385e5a5b1cdacea2b281799ee779,False
2026-09-21T17:19:11.904474+00:00,baseline,,32,0,0,a0308cc5293a95f9689886b7125aad909c93385e5a5b1cdacea2b281799ee779,False
2026-09-21T17:19:12.946060+00:00,baseline,,32,0,0,a0308cc5293a95f9689886b7125aad909c93385e5a5b1cdacea2b281799ee779,False
2026-09-21T17:19:14.008131+00:00,baseline,,32,0,0,a0308cc5293a95f9689886b7125aad909c93385e5a5b1cdacea2b281799ee779,False
2026-09-21T17:19:15.052214+00:00,baseline,,32,0,0,a0308cc5293a95f9689886b7125aad909c93385e5a5b1cdacea2b281799ee779,False
2026-09-21T17:19:16.112578+00:00,baseline,,32,0,0,a0308cc5293a95f9689886b7125aad909c93385e5a5b1cdacea2b281799ee779,False
2026-09-21T17:19:17.170349+00:00,baseline,,32,0,0,a0308cc5293a95f9689886b7125aad909c93385e5a5b1cdacea2b281799ee779,False
2026-09-21T17:19:18.232655+00:00,baseline,,32,0,0,a0308cc5293a95f9689886b7125aad909c93385e5a5b1cdacea2b281799ee779,False
2026-09-21T17:19:19.267876+00:00,baseline,,32,0,0,a0308cc5293a95f9689886b7125aad909c93385e5a5b1cdacea2b281799ee779,False
2026-09-21T17:19:20.293798+00:00,baseline,,32,0,0,a0308cc5293a95f9689886b7125aad909c93385e5a5b1cdacea2b281799ee779,False
2026-09-21T17:19:21.341528+00:00,baseline,,32,0,0,a0308cc5293a95f9689886b7125aad909c93385e5a5b1cdacea2b281799ee779,False
2026-09-21T17:19:22.397446+00:00,baseline,,32,0,0,a0308cc5293a95f9689886b7125aad909c93385e5a5b1cdacea2b281799ee779,False
2026-09-21T17:19:23.429673+00:00,baseline,,32,0,0,a0308cc5293a95f9689886b7125aad909c93385e5a5b1cdacea2b281799ee779,False
2026-09-21T17:19:24.509860+00:00,baseline,,32,0,0,a0308cc5293a95f9689886b7125aad909c93385e5a5b1cdacea2b281799ee779,False
2026-09-21T17:19:25.544990+00:00,baseline,,32,0,0,a0308cc5293a95f9689886b7125aad909c93385e5a5b1cdacea2b281799ee779,False
2026-09-21T17:19:26.580114+00:00,baseline,,32,0,0,a0308cc5293a95f9689886b7125aad909c93385e5a5b1cdacea2b281799ee779,False
2026-09-21T17:19:27.608858+00:00,baseline,,32,0,0,a0308cc5293a95f9689886b7125aad909c93385e5a5b1cdacea2b281799ee779,False
2026-09-21T17:19:28.647050+00:00,baseline,,32,0,0,a0308cc5293a95f9689886b7125aad909c93385e5a5b1cdacea2b281799ee779,False
2026-09-21T17:19:29.689089+00:00,baseline,,32,0,0,a0308cc5293a95f9689886b7125aad909c93385e5a5b1cdacea2b281799ee779,False
2026-09-21T17:19:30.732932+00:00,baseline,,32,0,0,a0308cc5293a95f9689886b7125aad909c93385e5a5b1cdacea2b281799ee779,False
2026-09-21T17:19:31.802840+00:00,baseline,,32,0,0,a0308cc5293a95f9689886b7125aad909c93385e5a5b1cdacea2b281799ee779,False
2026-09-21T17:19:32.845324+00:00,baseline,,32,0,0,a0308cc5293a95f9689886b7125aad909c93385e5a5b1cdacea2b281799ee779,False
2026-09-21T17:19:33.877617+00:00,baseline,,32,0,0,a0308cc5293a95f9689886b7125aad909c93385e5a5b1cdacea2b281799ee779,False
2026-09-21T17:19:34.922091+00:00,baseline,,32,0,0,a0308cc5293a95f9689886b7125aad909c93385e5a5b1cdacea2b281799ee779,False
2026-09-21T17:19:35.966797+00:00,baseline,,32,0,0,a0308cc5293a95f9689886b7125aad909c93385e5a5b1cdacea2b281799ee779,False
2026-09-21T17:19:37.049564+00:00,baseline,,32,0,0,a0308cc5293a95f9689886b7125aad909c93385e5a5b1cdacea2b281799ee779,False
2026-09-21T17:19:38.085217+00:00,baseline,,32,0,0,a0308cc5293a95f9689886b7125aad909c93385e5a5b1cdacea2b281799ee779,False
2026-09-21T17:19:39.136686+00:00,baseline,,32,0,0,a0308cc5293a95f9689886b7125aad909c93385e5a5b1cdacea2b281799ee779,False
2026-09-21T17:19:40.161328+00:00,baseline,,32,0,0,a0308cc5293a95f9689886b7125aad909c93385e5a5b1cdacea2b281799ee779,False
2026-09-21T17:19:41.202800+00:00,baseline,,32,0,0,a0308cc5293a95f9689886b7125aad909c93385e5a5b1cdacea2b281799ee779,False
2026-09-21T17:19:42.243011+00:00,baseline,,32,0,0,a0308cc5293a95f9689886b7125aad909c93385e5a5b1cdacea2b281799ee779,False
2026-09-21T17:19:43.289060+00:00,baseline,,32,0,0,a0308cc5293a95f9689886b7125aad909c93385e5a5b1cdacea2b281799ee779,False
2026-09-21T17:19:44.333035+00:00,baseline,,32,0,0,a0308cc5293a95f9689886b7125aad909c93385e5a5b1cdacea2b281799ee779,False
2026-09-21T17:19:45.361144+00:00,baseline,,32,0,0,a0308cc5293a95f9689886b7125aad909c93385e5a5b1cdacea2b281799ee779,False
2026-09-21T17:19:46.396237+00:00,baseline,,32,0,0,a0308cc5293a95f9689886b7125aad909c93385e5a5b1cdacea2b281799ee779,False
2026-09-21T17:19:47.433459+00:00,baseline,,32,0,0,a0308cc5293a95f9689886b7125aad909c93385e5a5b1cdacea2b281799ee779,False
2026-09-21T17:19:48.504643+00:00,baseline,,32,0,0,a0308cc5293a95f9689886b7125aad909c93385e5a5b1cdacea2b281799ee779,False
2026-09-21T17:19:49.573751+00:00,baseline,,32,0,0,a0308cc5293a95f9689886b7125aad909c93385e5a5b1cdacea2b281799ee779,False
2026-09-21T17:19:50.608488+00:00,baseline,,32,0,0,a0308cc5293a95f9689886b7125aad909c93385e5a5b1cdacea2b281799ee779,False
2026-09-21T17:19:51.639332+00:00,baseline,,32,0,0,a0308cc5293a95f9689886b7125aad909c93385e5a5b1cdacea2b281799ee779,False
2026-09-21T17:19:52.690594+00:00,baseline,,32,0,0,a0308cc5293a95f9689886b7125aad909c93385e5a5b1cdacea2b281799ee779,False
2026-09-21T17:19:53.739969+00:00,baseline,,32,0,0,a0308cc5293a95f9689886b7125aad909c93385e5a5b1cdacea2b281799ee779,False
2026-09-21T17:19:54.784454+00:00,baseline,,32,0,0,a0308cc5293a95f9689886b7125aad909c93385e5a5b1cdacea2b281799ee779,False
2026-09-21T17:19:55.833984+00:00,baseline,,32,0,0,a0308cc5293a95f9689886b7125aad909c93385e5a5b1cdacea2b281799ee779,False
2026-09-21T17:19:56.874735+00:00,baseline,,32,0,0,a0308cc5293a95f9689886b7125aad909c93385e5a5b1cdacea2b281799ee779,False
2026-09-21T17:19:57.913463+00:00,baseline,,32,0,0,a0308cc5293a95f9689886b7125aad909c93385e5a5b1cdacea2b281799ee779,False
2026-09-21T17:19:58.954379+00:00,baseline,,32,0,0,a0308cc5293a95f9689886b7125aad909c93385e5a5b1cdacea2b281799ee779,False
2026-09-21T17:20:00.001717+00:00,baseline,,32,0,0,a0308cc5293a95f9689886b7125aad909c93385e5a5b1cdacea2b281799ee779,False
2026-09-21T17:20:01.040255+00:00,baseline,,32,0,0,a0308cc5293a95f9689886b7125aad909c93385e5a5b1cdacea2b281799ee779,False
2026-09-21T17:20:02.073204+00:00,baseline,,32,0,0,a0308cc5293a95f9689886b7125aad909c93385e5a5b1cdacea2b281799ee779,False
2026-09-21T17:20:03.106723+00:00,baseline,,32,0,0,a0308cc5293a95f9689886b7125aad909c93385e5a5b1cdacea2b281799ee779,False
2026-09-21T17:20:04.137119+00:00,baseline,,32,0,0,a0308cc5293a95f9689886b7125aad909c93385e5a5b1cdacea2b281799ee779,False
2026-09-21T17:20:05.169485+00:00,baseline,,32,0,0,a0308cc5293a95f9689886b7125aad909c93385e5a5b1cdacea2b281799ee779,False
2026-09-21T17:20:06.200439+00:00,baseline,,32,0,0,a0308cc5293a95f9689886b7125aad909c93385e5a5b1cdacea2b281799ee779,False
2026-09-21T17:20:07.247866+00:00,baseline,,32,0,0,a0308cc5293a95f9689886b7125aad909c93385e5a5b1cdacea2b281799ee779,False
2026-09-21T17:20:08.280851+00:00,baseline,,32,0,0,a0308cc5293a95f9689886b7125aad909c93385e5a5b1cdacea2b281799ee779,False
2026-09-21T17:20:09.324967+00:00,baseline,,32,0,0,a0308cc5293a95f9689886b7125aad909c93385e5a5b1cdacea2b281799ee779,False
2026-09-21T17:20:10.372618+00:00,baseline,,32,0,0,a0308cc5293a95f9689886b7125aad909c93385e5a5b1cdacea2b281799ee779,False
2026-09-21T17:20:11.412474+00:00,baseline,,32,0,0,a0308cc5293a95f9689886b7125aad909c93385e5a5b1cdacea2b281799ee779,False
2026-09-21T17:20:12.514782+00:00,baseline,,32,0,0,a0308cc5293a95f9689886b7125aad909c93385e5a5b1cdacea2b281799ee779,False
2026-09-21T17:20:13.547228+00:00,baseline,,32,0,0,a0308cc5293a95f9689886b7125aad909c93385e5a5b1cdacea2b281799ee779,False
2026-09-21T17:20:14.581093+00:00,baseline,,32,0,0,a0308cc5293a95f9689886b7125aad909c93385e5a5b1cdacea2b281799ee779,False
2026-09-21T17:20:15.611455+00:00,baseline,,32,0,0,a0308cc5293a95f9689886b7125aad909c93385e5a5b1cdacea2b281799ee779,False
2026-09-21T17:20:16.650838+00:00,baseline,,32,0,0,a0308cc5293a95f9689886b7125aad909c93385e5a5b1cdacea2b281799ee779,False
2026-09-21T17:20:17.692804+00:00,baseline,,32,0,0,a0308cc5293a95f9689886b7125aad909c93385e5a5b1cdacea2b281799ee779,False
2026-09-21T17:20:18.727774+00:00,baseline,,32,0,0,a0308cc5293a95f9689886b7125aad909c93385e5a5b1cdacea2b281799ee779,False
2026-09-21T17:20:19.767861+00:00,baseline,,32,0,0,a0308cc5293a95f9689886b7125aad909c93385e5a5b1cdacea2b281799ee779,False
2026-09-21T17:20:20.793367+00:00,baseline,,32,0,0,a0308cc5293a95f9689886b7125aad909c93385e5a5b1cdacea2b281799ee779,False
2026-09-21T17:20:21.839567+00:00,baseline,,32,0,0,a0308cc5293a95f9689886b7125aad909c93385e5a5b1cdacea2b281799ee779,False
2026-09-21T17:20:22.972884+00:00,baseline,,32,0,0,a0308cc5293a95f9689886b7125aad909c93385e5a5b1cdacea2b281799ee779,False
2026-09-21T17:20:24.034716+00:00,baseline,,32,0,0,a0308cc5293a95f9689886b7125aad909c93385e5a5b1cdacea2b281799ee779,False
2026-09-21T17:20:25.073462+00:00,baseline,,32,0,0,a0308cc5293a95f9689886b7125aad909c93385e5a5b1cdacea2b281799ee779,False
2026-09-21T17:20:26.136174+00:00,baseline,,32,0,0,a0308cc5293a95f9689886b7125aad909c93385e5a5b1cdacea2b281799ee779,False
2026-09-21T17:20:27.168915+00:00,baseline,,32,0,0,a0308cc5293a95f9689886b7125aad909c93385e5a5b1cdacea2b281799ee779,False
2026-09-21T17:20:28.209958+00:00,baseline,,32,0,0,a0308cc5293a95f9689886b7125aad909c93385e5a5b1cdacea2b281799ee779,False
2026-09-21T17:20:29.248874+00:00,baseline,,32,0,0,a0308cc5293a95f9689886b7125aad909c93385e5a5b1cdacea2b281799ee779,False
2026-09-21T17:20:30.301517+00:00,baseline,,32,0,0,a0308cc5293a95f9689886b7125aad909c93385e5a5b1cdacea2b281799ee779,False
2026-09-21T17:20:31.335196+00:00,baseline,,32,0,0,a0308cc5293a95f9689886b7125aad909c93385e5a5b1cdacea2b281799ee779,False
2026-09-21T17:20:32.390885+00:00,baseline,,32,0,0,a0308cc5293a95f9689886b7125aad909c93385e5a5b1cdacea2b281799ee779,False
2026-09-21T17:20:33.451944+00:00,baseline,,32,0,0,a0308cc5293a95f9689886b7125aad909c93385e5a5b1cdacea2b281799ee779,False
2026-09-21T17:20:34.503149+00:00,baseline,,32,0,0,a0308cc5293a95f9689886b7125aad909c93385e5a5b1cdacea2b281799ee779,False
2026-09-21T17:20:35.557199+00:00,baseline,,32,0,0,a0308cc5293a95f9689886b7125aad909c93385e5a5b1cdacea2b281799ee779,False
2026-09-21T17:20:36.605456+00:00,baseline,,32,0,0,a0308cc5293a95f9689886b7125aad909c93385e5a5b1cdacea2b281799ee779,False
2026-09-21T17:20:37.637372+00:00,baseline,,32,0,0,a0308cc5293a95f9689886b7125aad909c93385e5a5b1cdacea2b281799ee779,False
2026-09-21T17:20:38.684341+00:00,baseline,,32,0,0,a0308cc5293a95f9689886b7125aad909c93385e5a5b1cdacea2b281799ee779,False
2026-09-21T17:20:39.742166+00:00,baseline,,32,0,0,a0308cc5293a95f9689886b7125aad909c93385e5a5b1cdacea2b281799ee779,False
2026-09-21T17:20:40.807043+00:00,baseline,,32,0,0,a0308cc5293a95f9689886b7125aad909c93385e5a5b1cdacea2b281799ee779,False
2026-09-21T17:20:41.855379+00:00,baseline,,32,0,0,a0308cc5293a95f9689886b7125aad909c93385e5a5b1cdacea2b281799ee779,False
2026-09-21T17:20:42.886252+00:00,baseline,,32,0,0,a0308cc5293a95f9689886b7125aad909c93385e5a5b1cdacea2b281799ee779,False
2026-09-21T17:20:43.918556+00:00,baseline,,32,0,0,a0308cc5293a95f9689886b7125aad909c93385e5a5b1cdacea2b281799ee779,False
2026-09-21T17:20:44.954663+00:00,baseline,,32,0,0,a0308cc5293a95f9689886b7125aad909c93385e5a5b1cdacea2b281799ee779,False
2026-09-21T17:20:45.987205+00:00,baseline,,32,0,0,a0308cc5293a95f9689886b7125aad909c93385e5a5b1cdacea2b281799ee779,False
2026-09-21T17:20:47.028346+00:00,baseline,,32,0,0,a0308cc5293a95f9689886b7125aad909c93385e5a5b1cdacea2b281799ee779,False
2026-09-21T17:20:48.064525+00:00,baseline,,32,0,0,a0308cc5293a95f9689886b7125aad909c93385e5a5b1cdacea2b281799ee779,False
2026-09-21T17:20:49.093083+00:00,baseline,,32,0,0,a0308cc5293a95f9689886b7125aad909c93385e5a5b1cdacea2b281799ee779,False
2026-09-21T17:20:50.125227+00:00,baseline,,32,0,0,a0308cc5293a95f9689886b7125aad909c93385e5a5b1cdacea2b281799ee779,False
2026-09-21T17:20:51.170780+00:00,baseline,,32,0,0,a0308cc5293a95f9689886b7125aad909c93385e5a5b1cdacea2b281799ee779,False
2026-09-21T17:20:52.203533+00:00,baseline,,32,0,0,a0308cc5293a95f9689886b7125aad909c93385e5a5b1cdacea2b281799ee779,False
2026-09-21T17:20:53.269883+00:00,baseline,,32,0,0,a0308cc5293a95f9689886b7125aad909c93385e5a5b1cdacea2b281799ee779,False
2026-09-21T17:20:54.320258+00:00,baseline,,32,0,0,a0308cc5293a95f9689886b7125aad909c93385e5a5b1cdacea2b281799ee779,False
2026-09-21T17:20:55.368657+00:00,baseline,,32,0,0,a0308cc5293a95f9689886b7125aad909c93385e5a5b1cdacea2b281799ee779,False
2026-09-21T17:20:56.418878+00:00,baseline,,32,0,0,a0308cc5293a95f9689886b7125aad909c93385e5a5b1cdacea2b281799ee779,False
2026-09-21T17:20:57.461402+00:00,baseline,,32,0,0,a0308cc5293a95f9689886b7125aad909c93385e5a5b1cdacea2b281799ee779,False
2026-09-21T17:20:58.507446+00:00,baseline,,32,0,0,a0308cc5293a95f9689886b7125aad909c93385e5a5b1cdacea2b281799ee779,False
2026-09-21T17:20:59.557138+00:00,baseline,,32,0,0,a0308cc5293a95f9689886b7125aad909c93385e5a5b1cdacea2b281799ee779,False
2026-09-21T17:21:00.588134+00:00,baseline,,32,0,0,a0308cc5293a95f9689886b7125aad909c93385e5a5b1cdacea2b281799ee779,False
2026-09-21T17:21:01.625654+00:00,,,32,0,0,a0308cc5293a95f9689886b7125aad909c93385e5a5b1cdacea2b281799ee779,False
2026-09-21T17:21:02.671802+00:00,,,32,0,0,a0308cc5293a95f9689886b7125aad909c93385e5a5b1cdacea2b281799ee779,False
2026-09-21T17:21:03.721970+00:00,,,32,0,0,a0308cc5293a95f9689886b7125aad909c93385e5a5b1cdacea2b281799ee779,False
2026-09-21T17:21:04.766251+00:00,,,32,0,0,a0308cc5293a95f9689886b7125aad909c93385e5a5b1cdacea2b281799ee779,False
2026-09-21T17:21:05.889407+00:00,,,32,0,0,a0308cc5293a95f9689886b7125aad909c93385e5a5b1cdacea2b281799ee779,False
2026-09-21T17:21:06.955346+00:00,,,32,0,0,a0308cc5293a95f9689886b7125aad909c93385e5a5b1cdacea2b281799ee779,False
2026-09-21T17:21:08.006208+00:00,,,32,0,0,a0308cc5293a95f9689886b7125aad909c93385e5a5b1cdacea2b281799ee779,False
2026-09-21T17:21:09.061146+00:00,,,32,0,0,a0308cc5293a95f9689886b7125aad909c93385e5a5b1cdacea2b281799ee779,False
2026-09-21T17:21:10.114534+00:00,,,32,0,0,a0308cc5293a95f9689886b7125aad909c93385e5a5b1cdacea2b281799ee779,False
2026-09-21T17:21:11.148480+00:00,,,32,0,0,a0308cc5293a95f9689886b7125aad909c93385e5a5b1cdacea2b281799ee779,False
2026-09-21T17:21:12.193854+00:00,,,32,0,0,a0308cc5293a95f9689886b7125aad909c93385e5a5b1cdacea2b281799ee779,False
2026-09-21T17:21:13.239687+00:00,,,32,0,0,a0308cc5293a95f9689886b7125aad909c93385e5a5b1cdacea2b281799ee779,False
2026-09-21T17:21:14.300345+00:00,,,32,0,0,a0308cc5293a95f9689886b7125aad909c93385e5a5b1cdacea2b281799ee779,False
2026-09-21T17:21:15.343009+00:00,,,32,0,0,a0308cc5293a95f9689886b7125aad909c93385e5a5b1cdacea2b281799ee779,False
2026-09-21T17:21:16.381071+00:00,,,32,0,0,a0308cc5293a95f9689886b7125aad909c93385e5a5b1cdacea2b281799ee779,False
2026-09-21T17:21:17.433052+00:00,,,32,0,0,a0308cc5293a95f9689886b7125aad909c93385e5a5b1cdacea2b281799ee779,False
2026-09-21T17:21:18.472393+00:00,,,32,0,0,a0308cc5293a95f9689886b7125aad909c93385e5a5b1cdacea2b281799ee779,False
2026-09-21T17:21:19.525051+00:00,,,32,0,0,a0308cc5293a95f9689886b7125aad909c93385e5a5b1cdacea2b281799ee779,False
2026-09-21T17:21:20.575250+00:00,,,32,0,0,a0308cc5293a95f9689886b7125aad909c93385e5a5b1cdacea2b281799ee779,False
2026-09-21T17:21:21.669999+00:00,,,32,0,0,a0308cc5293a95f9689886b7125aad909c93385e5a5b1cdacea2b281799ee779,False
2026-09-21T17:21:22.742687+00:00,,,32,0,0,a0308cc5293a95f9689886b7125aad909c93385e5a5b1cdacea2b281799ee779,False
2026-09-21T17:21:23.794916+00:00,,,32,0,0,a0308cc5293a95f9689886b7125aad909c93385e5a5b1cdacea2b281799ee779,False
2026-09-21T17:21:24.844375+00:00,,,32,0,0,a0308cc5293a95f9689886b7125aad909c93385e5a5b1cdacea2b281799ee779,False
2026-09-21T17:21:25.882926+00:00,,,32,0,0,a0308cc5293a95f9689886b7125aad909c93385e5a5b1cdacea2b281799ee779,False
2026-09-21T17:21:26.948314+00:00,,,32,0,0,a0308cc5293a95f9689886b7125aad909c93385e5a5b1cdacea2b281799ee779,False
2026-09-21T17:21:27.980224+00:00,,,32,0,0,a0308cc5293a95f9689886b7125aad909c93385e5a5b1cdacea2b281799ee779,False
2026-09-21T17:21:29.023563+00:00,,,32,0,0,a0308cc5293a95f9689886b7125aad909c93385e5a5b1cdacea2b281799ee779,False
2026-09-21T17:21:30.084088+00:00,,,32,0,0,a0308cc5293a95f9689886b7125aad909c93385e5a5b1cdacea2b281799ee779,False
2026-09-21T17:21:31.106252+00:00,,,32,0,0,a0308cc5293a95f9689886b7125aad909c93385e5a5b1cdacea2b281799ee779,False
2026-09-21T17:21:32.121684+00:00,,,32,0,0,a0308cc5293a95f9689886b7125aad909c93385e5a5b1cdacea2b281799ee779,False
2026-09-21T17:21:33.149622+00:00,,,32,0,0,a0308cc5293a95f9689886b7125aad909c93385e5a5b1cdacea2b281799ee779,False
2026-09-21T17:21:34.215013+00:00,,,32,0,0,a0308cc5293a95f9689886b7125aad909c93385e5a5b1cdacea2b281799ee779,False
2026-09-21T17:21:35.256654+00:00,,,32,0,0,a0308cc5293a95f9689886b7125aad909c93385e5a5b1cdacea2b281799ee779,False
2026-09-21T17:21:36.315035+00:00,,,32,0,0,a0308cc5293a95f9689886b7125aad909c93385e5a5b1cdacea2b281799ee779,False
2026-09-21T17:21:37.373522+00:00,,,32,0,0,a0308cc5293a95f9689886b7125aad909c93385e5a5b1cdacea2b281799ee779,False
2026-09-21T17:21:38.434261+00:00,,,32,0,0,a0308cc5293a95f9689886b7125aad909c93385e5a5b1cdacea2b281799ee779,False
2026-09-21T17:21:39.479391+00:00,,,32,0,0,a0308cc5293a95f9689886b7125aad909c93385e5a5b1cdacea2b281799ee779,False
2026-09-21T17:21:40.533948+00:00,,,32,0,0,a0308cc5293a95f9689886b7125aad909c93385e5a5b1cdacea2b281799ee779,False
2026-09-21T17:21:41.589640+00:00,,,32,0,0,a0308cc5293a95f9689886b7125aad909c93385e5a5b1cdacea2b281799ee779,False
2026-09-21T17:21:42.660202+00:00,,,32,0,0,a0308cc5293a95f9689886b7125aad909c93385e5a5b1cdacea2b281799ee779,False
2026-09-21T17:21:43.709560+00:00,,,32,0,0,a0308cc5293a95f9689886b7125aad909c93385e5a5b1cdacea2b281799ee779,False
2026-09-21T17:21:44.777943+00:00,,,32,0,0,a0308cc5293a95f9689886b7125aad909c93385e5a5b1cdacea2b281799ee779,False
2026-09-21T17:21:45.824260+00:00,,,32,0,0,a0308cc5293a95f9689886b7125aad909c93385e5a5b1cdacea2b281799ee779,False
2026-09-21T17:21:46.880405+00:00,,,32,0,0,a0308cc5293a95f9689886b7125aad909c93385e5a5b1cdacea2b281799ee779,False
2026-09-21T17:21:47.932328+00:00,,,32,0,0,a0308cc5293a95f9689886b7125aad909c93385e5a5b1cdacea2b281799ee779,False
2026-09-21T17:21:48.998824+00:00,,,32,0,0,a0308cc5293a95f9689886b7125aad909c93385e5a5b1cdacea2b281799ee779,False
2026-09-21T17:21:50.083427+00:00,,,32,0,0,a0308cc5293a95f9689886b7125aad909c93385e5a5b1cdacea2b281799ee779,False
2026-09-21T17:21:51.148183+00:00,,,32,0,0,a0308cc5293a95f9689886b7125aad909c93385e5a5b1cdacea2b281799ee779,False
2026-09-21T17:21:52.212700+00:00,,,32,0,0,a0308cc5293a95f9689886b7125aad909c93385e5a5b1cdacea2b281799ee779,False
2026-09-21T17:21:53.240481+00:00,,,32,0,0,a0308cc5293a95f9689886b7125aad909c93385e5a5b1cdacea2b281799ee779,False
2026-09-21T17:21:54.303333+00:00,,,32,0,0,a0308cc5293a95f9689886b7125aad909c93385e5a5b1cdacea2b281799ee779,False
2026-09-21T17:21:55.357439+00:00,,,32,0,0,a0308cc5293a95f9689886b7125aad909c93385e5a5b1cdacea2b281799ee779,False
2026-09-21T17:21:56.433781+00:00,,,32,0,0,a0308cc5293a95f9689886b7125aad909c93385e5a5b1cdacea2b281799ee779,False
2026-09-21T17:21:57.486120+00:00,,,32,0,0,a0308cc5293a95f9689886b7125aad909c93385e5a5b1cdacea2b281799ee779,False
2026-09-21T17:21:58.525363+00:00,,,32,0,0,a0308cc5293a95f9689886b7125aad909c93385e5a5b1cdacea2b281799ee779,False
2026-09-21T17:21:59.574946+00:00,,,32,0,0,a0308cc5293a95f9689886b7125aad909c93385e5a5b1cdacea2b281799ee779,False
2026-09-21T17:22:00.617210+00:00,,,32,0,0,a0308cc5293a95f9689886b7125aad909c93385e5a5b1cdacea2b281799ee779,False
2026-09-21T17:22:01.661927+00:00,,,32,0,0,a0308cc5293a95f9689886b7125aad909c93385e5a5b1cdacea2b281799ee779,False
2026-09-21T17:22:02.727711+00:00,,,32,0,0,a0308cc5293a95f9689886b7125aad909c93385e5a5b1cdacea2b281799ee779,False
2026-09-21T17:22:03.839337+00:00,,,32,0,0,a0308cc5293a95f9689886b7125aad909c93385e5a5b1cdacea2b281799ee779,False
2026-09-21T17:22:04.873833+00:00,,,32,0,0,a0308cc5293a95f9689886b7125aad909c93385e5a5b1cdacea2b281799ee779,False
2026-09-21T17:22:05.912903+00:00,,,32,0,0,a0308cc5293a95f9689886b7125aad909c93385e5a5b1cdacea2b281799ee779,False
2026-09-21T17:22:06.959210+00:00,,,32,0,0,a0308cc5293a95f9689886b7125aad909c93385e5a5b1cdacea2b281799ee779,False
2026-09-21T17:22:08.000303+00:00,,,32,0,0,a0308cc5293a95f9689886b7125aad909c93385e5a5b1cdacea2b281799ee779,False
2026-09-21T17:22:09.037750+00:00,,,32,0,0,a0308cc5293a95f9689886b7125aad909c93385e5a5b1cdacea2b281799ee779,False
2026-09-21T17:22:10.076588+00:00,,,32,0,0,a0308cc5293a95f9689886b7125aad909c93385e5a5b1cdacea2b281799ee779,False
2026-09-21T17:22:11.132376+00:00,,,32,0,0,a0308cc5293a95f9689886b7125aad909c93385e5a5b1cdacea2b281799ee779,False
2026-09-21T17:22:12.169524+00:00,,,32,0,0,a0308cc5293a95f9689886b7125aad909c93385e5a5b1cdacea2b281799ee779,False
2026-09-21T17:22:13.225185+00:00,,,32,0,0,a0308cc5293a95f9689886b7125aad909c93385e5a5b1cdacea2b281799ee779,False
2026-09-21T17:22:14.282003+00:00,,,32,0,0,a0308cc5293a95f9689886b7125aad909c93385e5a5b1cdacea2b281799ee779,False
2026-09-21T17:22:15.345518+00:00,,,32,0,0,a0308cc5293a95f9689886b7125aad909c93385e5a5b1cdacea2b281799ee779,False
2026-09-21T17:22:16.406008+00:00,,,32,0,0,a0308cc5293a95f9689886b7125aad909c93385e5a5b1cdacea2b281799ee779,False
2026-09-21T17:22:17.486862+00:00,,,32,0,0,a0308cc5293a95f9689886b7125aad909c93385e5a5b1cdacea2b281799ee779,False
2026-09-21T17:22:18.529893+00:00,,,32,0,0,a0308cc5293a95f9689886b7125aad909c93385e5a5b1cdacea2b281799ee779,False
2026-09-21T17:22:19.584187+00:00,,,32,0,0,a0308cc5293a95f9689886b7125aad909c93385e5a5b1cdacea2b281799ee779,False
2026-09-21T17:22:20.624857+00:00,,,32,0,0,a0308cc5293a95f9689886b7125aad909c93385e5a5b1cdacea2b281799ee779,False
2026-09-21T17:22:21.661807+00:00,,,32,0,0,a0308cc5293a95f9689886b7125aad909c93385e5a5b1cdacea2b281799ee779,False
2026-09-21T17:22:22.692110+00:00,,,32,0,0,a0308cc5293a95f9689886b7125aad909c93385e5a5b1cdacea2b281799ee779,False
2026-09-21T17:22:23.725764+00:00,,,32,0,0,a0308cc5293a95f9689886b7125aad909c93385e5a5b1cdacea2b281799ee779,False
2026-09-21T17:22:24.766662+00:00,,,32,0,0,a0308cc5293a95f9689886b7125aad909c93385e5a5b1cdacea2b281799ee779,False
2026-09-21T17:22:25.811475+00:00,,,32,0,0,a0308cc5293a95f9689886b7125aad909c93385e5a5b1cdacea2b281799ee779,False
2026-09-21T17:22:26.862581+00:00,,,32,0,0,a0308cc5293a95f9689886b7125aad909c93385e5a5b1cdacea2b281799ee779,False
2026-09-21T17:22:27.925259+00:00,,,32,0,0,a0308cc5293a95f9689886b7125aad909c93385e5a5b1cdacea2b281799ee779,False
2026-09-21T17:22:28.976711+00:00,,,32,0,0,a0308cc5293a95f9689886b7125aad909c93385e5a5b1cdacea2b281799ee779,False
2026-09-21T17:22:30.015111+00:00,,,32,0,0,a0308cc5293a95f9689886b7125aad909c93385e5a5b1cdacea2b281799ee779,False
2026-09-21T17:22:31.059420+00:00,,,32,0,0,a0308cc5293a95f9689886b7125aad909c93385e5a5b1cdacea2b281799ee779,False
2026-09-21T17:22:32.107401+00:00,,,32,0,0,a0308cc5293a95f9689886b7125aad909c93385e5a5b1cdacea2b281799ee779,False
2026-09-21T17:22:33.146206+00:00,,,32,0,0,a0308cc5293a95f9689886b7125aad909c93385e5a5b1cdacea2b281799ee779,False
2026-09-21T17:22:34.188428+00:00,,,32,0,0,a0308cc5293a95f9689886b7125aad909c93385e5a5b1cdacea2b281799ee779,False
2026-09-21T17:22:35.242015+00:00,,,32,0,0,a0308cc5293a95f9689886b7125aad909c93385e5a5b1cdacea2b281799ee779,False
2026-09-21T17:22:36.299679+00:00,,,32,0,0,a0308cc5293a95f9689886b7125aad909c93385e5a5b1cdacea2b281799ee779,False
2026-09-21T17:22:37.346731+00:00,,,32,0,0,a0308cc5293a95f9689886b7125aad909c93385e5a5b1cdacea2b281799ee779,False
2026-09-21T17:22:38.390974+00:00,,,32,0,0,a0308cc5293a95f9689886b7125aad909c93385e5a5b1cdacea2b281799ee779,False
2026-09-21T17:22:39.447750+00:00,,,32,0,0,a0308cc5293a95f9689886b7125aad909c93385e5a5b1cdacea2b281799ee779,False
2026-09-21T17:22:40.505160+00:00,,,32,0,0,a0308cc5293a95f9689886b7125aad909c93385e5a5b1cdacea2b281799ee779,False
2026-09-21T17:22:41.531199+00:00,,,32,0,0,a0308cc5293a95f9689886b7125aad909c93385e5a5b1cdacea2b281799ee779,False
2026-09-21T17:22:42.598183+00:00,,,32,0,0,a0308cc5293a95f9689886b7125aad909c93385e5a5b1cdacea2b281799ee779,False
2026-09-21T17:22:43.659275+00:00,,,32,0,0,a0308cc5293a95f9689886b7125aad909c93385e5a5b1cdacea2b281799ee779,False
2026-09-21T17:22:44.723896+00:00,,,32,0,0,a0308cc5293a95f9689886b7125aad909c93385e5a5b1cdacea2b281799ee779,False
2026-09-21T17:22:45.775839+00:00,,,32,0,0,a0308cc5293a95f9689886b7125aad909c93385e5a5b1cdacea2b281799ee779,False
2026-09-21T17:22:46.836304+00:00,,,32,0,0,a0308cc5293a95f9689886b7125aad909c93385e5a5b1cdacea2b281799ee779,False
2026-09-21T17:22:47.908064+00:00,,,32,0,0,a0308cc5293a95f9689886b7125aad909c93385e5a5b1cdacea2b281799ee779,False
2026-09-21T17:22:48.973358+00:00,,,32,0,0,a0308cc5293a95f9689886b7125aad909c93385e5a5b1cdacea2b281799ee779,False
2026-09-21T17:22:50.015578+00:00,,,32,0,0,a0308cc5293a95f9689886b7125aad909c93385e5a5b1cdacea2b281799ee779,False
2026-09-21T17:22:51.067042+00:00,,,32,0,0,a0308cc5293a95f9689886b7125aad909c93385e5a5b1cdacea2b281799ee779,False
2026-09-21T17:22:52.199477+00:00,,,32,0,0,a0308cc5293a95f9689886b7125aad909c93385e5a5b1cdacea2b281799ee779,False
2026-09-21T17:22:53.271263+00:00,,,32,0,0,a0308cc5293a95f9689886b7125aad909c93385e5a5b1cdacea2b281799ee779,False
2026-09-21T17:22:54.328100+00:00,,,32,0,0,a0308cc5293a95f9689886b7125aad909c93385e5a5b1cdacea2b281799ee779,False
2026-09-21T17:22:55.384257+00:00,,,32,0,0,a0308cc5293a95f9689886b7125aad909c93385e5a5b1cdacea2b281799ee779,False
2026-09-21T17:22:56.428775+00:00,,,32,0,0,a0308cc5293a95f9689886b7125aad909c93385e5a5b1cdacea2b281799ee779,False
2026-09-21T17:22:57.474938+00:00,,,32,0,0,a0308cc5293a95f9689886b7125aad909c93385e5a5b1cdacea2b281799ee779,False
2026-09-21T17:22:58.522707+00:00,,,32,0,0,a0308cc5293a95f9689886b7125aad909c93385e5a5b1cdacea2b281799ee779,False
2026-09-21T17:22:59.561108+00:00,,,32,0,0,a0308cc5293a95f9689886b7125aad909c93385e5a5b1cdacea2b281799ee779,False
2026-09-21T17:23:00.608036+00:00,,,32,0,0,a0308cc5293a95f9689886b7125aad909c93385e5a5b1cdacea2b281799ee779,False
2026-09-21T17:23:01.673604+00:00,,,32,0,0,a0308cc5293a95f9689886b7125aad909c93385e5a5b1cdacea2b281799ee779,False
2026-09-21T17:23:02.738472+00:00,,,32,0,0,a0308cc5293a95f9689886b7125aad909c93385e5a5b1cdacea2b281799ee779,False
2026-09-21T17:23:03.783094+00:00,,,32,0,0,a0308cc5293a95f9689886b7125aad909c93385e5a5b1cdacea2b281799ee779,False
2026-09-21T17:23:04.840072+00:00,,,32,0,0,a0308cc5293a95f9689886b7125aad909c93385e5a5b1cdacea2b281799ee779,False
2026-09-21T17:23:05.922459+00:00,,,32,0,0,a0308cc5293a95f9689886b7125aad909c93385e5a5b1cdacea2b281799ee779,False
2026-09-21T17:23:06.948817+00:00,,,32,0,0,a0308cc5293a95f9689886b7125aad909c93385e5a5b1cdacea2b281799ee779,False
2026-09-21T17:23:08.029669+00:00,,,32,0,0,a0308cc5293a95f9689886b7125aad909c93385e5a5b1cdacea2b281799ee779,False
2026-09-21T17:23:09.086636+00:00,,,32,0,0,a0308cc5293a95f9689886b7125aad909c93385e5a5b1cdacea2b281799ee779,False
2026-09-21T17:23:10.142076+00:00,,,32,0,0,a0308cc5293a95f9689886b7125aad909c93385e5a5b1cdacea2b281799ee779,False
2026-09-21T17:23:11.208892+00:00,,,32,0,0,a0308cc5293a95f9689886b7125aad909c93385e5a5b1cdacea2b281799ee779,False
2026-09-21T17:23:12.258404+00:00,,,32,0,0,a0308cc5293a95f9689886b7125aad909c93385e5a5b1cdacea2b281799ee779,False
2026-09-21T17:23:13.345933+00:00,,,32,0,0,a0308cc5293a95f9689886b7125aad909c93385e5a5b1cdacea2b281799ee779,False
2026-09-21T17:23:14.388620+00:00,,,32,0,0,a0308cc5293a95f9689886b7125aad909c93385e5a5b1cdacea2b281799ee779,False
2026-09-21T17:23:15.469413+00:00,,,32,0,0,a0308cc5293a95f9689886b7125aad909c93385e5a5b1cdacea2b281799ee779,False
2026-09-21T17:23:16.506908+00:00,,,32,0,0,a0308cc5293a95f9689886b7125aad909c93385e5a5b1cdacea2b281799ee779,False
2026-09-21T17:23:17.572039+00:00,,,32,0,0,a0308cc5293a95f9689886b7125aad909c93385e5a5b1cdacea2b281799ee779,False
2026-09-21T17:23:18.605397+00:00,,,32,0,0,a0308cc5293a95f9689886b7125aad909c93385e5a5b1cdacea2b281799ee779,False
2026-09-21T17:23:19.641717+00:00,,,32,0,0,a0308cc5293a95f9689886b7125aad909c93385e5a5b1cdacea2b281799ee779,False
2026-09-21T17:23:20.683747+00:00,,,32,0,0,a0308cc5293a95f9689886b7125aad909c93385e5a5b1cdacea2b281799ee779,False
2026-09-21T17:23:21.722795+00:00,,,32,0,0,a0308cc5293a95f9689886b7125aad909c93385e5a5b1cdacea2b281799ee779,False
2026-09-21T17:23:22.770936+00:00,,,32,0,0,a0308cc5293a95f9689886b7125aad909c93385e5a5b1cdacea2b281799ee779,False
2026-09-21T17:23:23.820803+00:00,,,32,0,0,a0308cc5293a95f9689886b7125aad909c93385e5a5b1cdacea2b281799ee779,False
2026-09-21T17:23:24.862676+00:00,,,32,0,0,a0308cc5293a95f9689886b7125aad909c93385e5a5b1cdacea2b281799ee779,False
2026-09-21T17:23:25.903780+00:00,,,32,0,0,a0308cc5293a95f9689886b7125aad909c93385e5a5b1cdacea2b281799ee779,False
2026-09-21T17:23:26.951204+00:00,,,32,0,0,a0308cc5293a95f9689886b7125aad909c93385e5a5b1cdacea2b281799ee779,False
2026-09-21T17:23:27.993162+00:00,,,32,0,0,a0308cc5293a95f9689886b7125aad909c93385e5a5b1cdacea2b281799ee779,False
2026-09-21T17:23:29.054260+00:00,,,32,0,0,a0308cc5293a95f9689886b7125aad909c93385e5a5b1cdacea2b281799ee779,False
2026-09-21T17:23:30.099750+00:00,,,32,0,0,a0308cc5293a95f9689886b7125aad909c93385e5a5b1cdacea2b281799ee779,False
2026-09-21T17:23:31.168288+00:00,,,32,0,0,a0308cc5293a95f9689886b7125aad909c93385e5a5b1cdacea2b281799ee779,False
2026-09-21T17:23:32.199524+00:00,,,32,0,0,a0308cc5293a95f9689886b7125aad909c93385e5a5b1cdacea2b281799ee779,False
2026-09-21T17:23:33.236007+00:00,,,32,0,0,a0308cc5293a95f9689886b7125aad909c93385e5a5b1cdacea2b281799ee779,False
2026-09-21T17:23:34.304494+00:00,,,32,0,0,a0308cc5293a95f9689886b7125aad909c93385e5a5b1cdacea2b281799ee779,False
2026-09-21T17:23:35.341297+00:00,,,32,0,0,a0308cc5293a95f9689886b7125aad909c93385e5a5b1cdacea2b281799ee779,False
2026-09-21T17:23:36.372584+00:00,,,32,0,0,a0308cc5293a95f9689886b7125aad909c93385e5a5b1cdacea2b281799ee779,False
2026-09-21T17:23:37.413651+00:00,,,32,0,0,a0308cc5293a95f9689886b7125aad909c93385e5a5b1cdacea2b281799ee779,False
2026-09-21T17:23:38.460235+00:00,,,32,0,0,a0308cc5293a95f9689886b7125aad909c93385e5a5b1cdacea2b281799ee779,False
2026-09-21T17:23:39.507165+00:00,,,32,0,0,a0308cc5293a95f9689886b7125aad909c93385e5a5b1cdacea2b281799ee779,False
2026-09-21T17:23:40.563814+00:00,,,32,0,0,a0308cc5293a95f9689886b7125aad909c93385e5a5b1cdacea2b281799ee779,False
2026-09-21T17:23:41.590948+00:00,,,32,0,0,a0308cc5293a95f9689886b7125aad909c93385e5a5b1cdacea2b281799ee779,False
2026-09-21T17:23:42.639321+00:00,,,32,0,0,a0308cc5293a95f9689886b7125aad909c93385e5a5b1cdacea2b281799ee779,False
2026-09-21T17:23:43.700994+00:00,,,32,0,0,a0308cc5293a95f9689886b7125aad909c93385e5a5b1cdacea2b281799ee779,False
2026-09-21T17:23:44.743758+00:00,,,32,0,0,a0308cc5293a95f9689886b7125aad909c93385e5a5b1cdacea2b281799ee779,False
2026-09-21T17:23:45.814575+00:00,,,32,0,0,a0308cc5293a95f9689886b7125aad909c93385e5a5b1cdacea2b281799ee779,False
2026-09-21T17:23:46.856947+00:00,,,32,0,0,a0308cc5293a95f9689886b7125aad909c93385e5a5b1cdacea2b281799ee779,False
2026-09-21T17:23:47.928176+00:00,,,32,0,0,a0308cc5293a95f9689886b7125aad909c93385e5a5b1cdacea2b281799ee779,False
2026-09-21T17:23:48.992015+00:00,,,32,0,0,a0308cc5293a95f9689886b7125aad909c93385e5a5b1cdacea2b281799ee779,False
2026-09-21T17:23:50.041923+00:00,,,32,0,0,a0308cc5293a95f9689886b7125aad909c93385e5a5b1cdacea2b281799ee779,False
2026-09-21T17:23:51.068755+00:00,,,32,0,0,a0308cc5293a95f9689886b7125aad909c93385e5a5b1cdacea2b281799ee779,False
2026-09-21T17:23:52.100406+00:00,,,32,0,0,a0308cc5293a95f9689886b7125aad909c93385e5a5b1cdacea2b281799ee779,False
2026-09-21T17:23:53.151346+00:00,,,32,0,0,a0308cc5293a95f9689886b7125aad909c93385e5a5b1cdacea2b281799ee779,False
2026-09-21T17:23:54.207434+00:00,,,32,0,0,a0308cc5293a95f9689886b7125aad909c93385e5a5b1cdacea2b281799ee779,False
2026-09-21T17:23:55.269928+00:00,,,32,0,0,a0308cc5293a95f9689886b7125aad909c93385e5a5b1cdacea2b281799ee779,False
2026-09-21T17:23:56.347194+00:00,,,32,0,0,a0308cc5293a95f9689886b7125aad909c93385e5a5b1cdacea2b281799ee779,False
2026-09-21T17:23:57.416323+00:00,,,32,0,0,a0308cc5293a95f9689886b7125aad909c93385e5a5b1cdacea2b281799ee779,False
2026-09-21T17:23:58.471627+00:00,,,32,0,0,a0308cc5293a95f9689886b7125aad909c93385e5a5b1cdacea2b281799ee779,False
2026-09-21T17:23:59.526650+00:00,,,32,0,0,a0308cc5293a95f9689886b7125aad909c93385e5a5b1cdacea2b281799ee779,False
2026-09-21T17:24:00.566402+00:00,,,32,0,0,a0308cc5293a95f9689886b7125aad909c93385e5a5b1cdacea2b281799ee779,False
2026-09-21T17:24:01.625632+00:00,,,32,0,0,a0308cc5293a95f9689886b7125aad909c93385e5a5b1cdacea2b281799ee779,False
2026-09-21T17:24:02.693946+00:00,,,32,0,0,a0308cc5293a95f9689886b7125aad909c93385e5a5b1cdacea2b281799ee779,False
2026-09-21T17:24:03.760701+00:00,,,32,0,0,a0308cc5293a95f9689886b7125aad909c93385e5a5b1cdacea2b281799ee779,False
2026-09-21T17:24:04.798072+00:00,,,32,0,0,a0308cc5293a95f9689886b7125aad909c93385e5a5b1cdacea2b281799ee779,False
2026-09-21T17:24:05.857895+00:00,,,32,0,0,a0308cc5293a95f9689886b7125aad909c93385e5a5b1cdacea2b281799ee779,False
2026-09-21T17:24:06.911742+00:00,,,32,0,0,a0308cc5293a95f9689886b7125aad909c93385e5a5b1cdacea2b281799ee779,False
2026-09-21T17:24:07.968809+00:00,,,32,0,0,a0308cc5293a95f9689886b7125aad909c93385e5a5b1cdacea2b281799ee779,False
2026-09-21T17:24:09.054922+00:00,,,32,0,0,a0308cc5293a95f9689886b7125aad909c93385e5a5b1cdacea2b281799ee779,False
2026-09-21T17:24:10.104475+00:00,,,32,0,0,a0308cc5293a95f9689886b7125aad909c93385e5a5b1cdacea2b281799ee779,False
2026-09-21T17:24:11.177780+00:00,,,32,0,0,a0308cc5293a95f9689886b7125aad909c93385e5a5b1cdacea2b281799ee779,False
2026-09-21T17:24:12.268906+00:00,,,32,0,0,a0308cc5293a95f9689886b7125aad909c93385e5a5b1cdacea2b281799ee779,False
2026-09-21T17:24:13.315517+00:00,,,32,0,0,a0308cc5293a95f9689886b7125aad909c93385e5a5b1cdacea2b281799ee779,False
2026-09-21T17:24:14.359146+00:00,,,32,0,0,a0308cc5293a95f9689886b7125aad909c93385e5a5b1cdacea2b281799ee779,False
2026-09-21T17:24:15.411762+00:00,,,32,0,0,a0308cc5293a95f9689886b7125aad909c93385e5a5b1cdacea2b281799ee779,False
2026-09-21T17:24:16.460911+00:00,,,32,0,0,a0308cc5293a95f9689886b7125aad909c93385e5a5b1cdacea2b281799ee779,False
2026-09-21T17:24:17.523948+00:00,,,32,0,0,a0308cc5293a95f9689886b7125aad909c93385e5a5b1cdacea2b281799ee779,False
2026-09-21T17:24:18.569223+00:00,,,32,0,0,a0308cc5293a95f9689886b7125aad909c93385e5a5b1cdacea2b281799ee779,False
2026-09-21T17:24:19.638477+00:00,,,32,0,0,a0308cc5293a95f9689886b7125aad909c93385e5a5b1cdacea2b281799ee779,False
2026-09-21T17:24:20.670613+00:00,,,32,0,0,a0308cc5293a95f9689886b7125aad909c93385e5a5b1cdacea2b281799ee779,False
2026-09-21T17:24:21.721932+00:00,,,32,0,0,a0308cc5293a95f9689886b7125aad909c93385e5a5b1cdacea2b281799ee779,False
2026-09-21T17:24:22.785264+00:00,,,32,0,0,a0308cc5293a95f9689886b7125aad909c93385e5a5b1cdacea2b281799ee779,False
2026-09-21T17:24:23.831239+00:00,,,32,0,0,a0308cc5293a95f9689886b7125aad909c93385e5a5b1cdacea2b281799ee779,False
2026-09-21T17:24:24.883221+00:00,,,32,0,0,a0308cc5293a95f9689886b7125aad909c93385e5a5b1cdacea2b281799ee779,False
2026-09-21T17:24:25.920550+00:00,,,32,0,0,a0308cc5293a95f9689886b7125aad909c93385e5a5b1cdacea2b281799ee779,False
2026-09-21T17:24:26.980298+00:00,,,32,0,0,a0308cc5293a95f9689886b7125aad909c93385e5a5b1cdacea2b281799ee779,False
2026-09-21T17:24:28.042208+00:00,,,32,0,0,a0308cc5293a95f9689886b7125aad909c93385e5a5b1cdacea2b281799ee779,False
2026-09-21T17:24:29.113006+00:00,,,32,0,0,a0308cc5293a95f9689886b7125aad909c93385e5a5b1cdacea2b281799ee779,False
2026-09-21T17:24:30.171696+00:00,,,32,0,0,a0308cc5293a95f9689886b7125aad909c93385e5a5b1cdacea2b281799ee779,False
2026-09-21T17:24:31.226051+00:00,,,32,0,0,a0308cc5293a95f9689886b7125aad909c93385e5a5b1cdacea2b281799ee779,False
2026-09-21T17:24:32.456693+00:00,,,32,0,0,a0308cc5293a95f9689886b7125aad909c93385e5a5b1cdacea2b281799ee779,False
2026-09-21T17:24:33.542673+00:00,,,32,0,0,a0308cc5293a95f9689886b7125aad909c93385e5a5b1cdacea2b281799ee779,False
2026-09-21T17:24:34.592328+00:00,,,32,0,0,a0308cc5293a95f9689886b7125aad909c93385e5a5b1cdacea2b281799ee779,False
2026-09-21T17:24:35.641855+00:00,,,32,0,0,a0308cc5293a95f9689886b7125aad909c93385e5a5b1cdacea2b281799ee779,False
2026-09-21T17:24:36.737654+00:00,,,32,0,0,a0308cc5293a95f9689886b7125aad909c93385e5a5b1cdacea2b281799ee779,False
2026-09-21T17:24:37.793909+00:00,,,32,0,0,a0308cc5293a95f9689886b7125aad909c93385e5a5b1cdacea2b281799ee779,False
2026-09-21T17:24:38.824697+00:00,,,32,0,0,a0308cc5293a95f9689886b7125aad909c93385e5a5b1cdacea2b281799ee779,False
2026-09-21T17:24:39.891572+00:00,,,32,0,0,a0308cc5293a95f9689886b7125aad909c93385e5a5b1cdacea2b281799ee779,False
2026-09-21T17:24:40.939620+00:00,,,32,0,0,a0308cc5293a95f9689886b7125aad909c93385e5a5b1cdacea2b281799ee779,False
2026-09-21T17:24:42.009319+00:00,,,32,0,0,a0308cc5293a95f9689886b7125aad909c93385e5a5b1cdacea2b281799ee779,False
2026-09-21T17:24:43.052195+00:00,,,32,0,0,a0308cc5293a95f9689886b7125aad909c93385e5a5b1cdacea2b281799ee779,False
2026-09-21T17:24:44.085193+00:00,,,32,0,0,a0308cc5293a95f9689886b7125aad909c93385e5a5b1cdacea2b281799ee779,False
2026-09-21T17:24:45.120122+00:00,,,32,0,0,a0308cc5293a95f9689886b7125aad909c93385e5a5b1cdacea2b281799ee779,False
2026-09-21T17:24:46.177933+00:00,,,32,0,0,a0308cc5293a95f9689886b7125aad909c93385e5a5b1cdacea2b281799ee779,False
2026-09-21T17:24:47.228936+00:00,,,32,0,0,a0308cc5293a95f9689886b7125aad909c93385e5a5b1cdacea2b281799ee779,False
2026-09-21T17:24:48.282546+00:00,,,32,0,0,a0308cc5293a95f9689886b7125aad909c93385e5a5b1cdacea2b281799ee779,False
2026-09-21T17:24:49.349225+00:00,,,32,0,0,a0308cc5293a95f9689886b7125aad909c93385e5a5b1cdacea2b281799ee779,False
2026-09-21T17:24:50.416531+00:00,,,32,0,0,a0308cc5293a95f9689886b7125aad909c93385e5a5b1cdacea2b281799ee779,False
2026-09-21T17:24:51.481587+00:00,,,32,0,0,a0308cc5293a95f9689886b7125aad909c93385e5a5b1cdacea2b281799ee779,False
2026-09-21T17:24:52.540456+00:00,,,32,0,0,a0308cc5293a95f9689886b7125aad909c93385e5a5b1cdacea2b281799ee779,False
2026-09-21T17:24:53.578035+00:00,,,32,0,0,a0308cc5293a95f9689886b7125aad909c93385e5a5b1cdacea2b281799ee779,False
2026-09-21T17:24:54.623081+00:00,,,32,0,0,a0308cc5293a95f9689886b7125aad909c93385e5a5b1cdacea2b281799ee779,False
2026-09-21T17:24:55.665564+00:00,,,32,0,0,a0308cc5293a95f9689886b7125aad909c93385e5a5b1cdacea2b281799ee779,False
2026-09-21T17:24:56.709135+00:00,,,32,0,0,a0308cc5293a95f9689886b7125aad909c93385e5a5b1cdacea2b281799ee779,False
2026-09-21T17:24:57.759225+00:00,,,32,0,0,a0308cc5293a95f9689886b7125aad909c93385e5a5b1cdacea2b281799ee779,False
2026-09-21T17:24:58.807910+00:00,,,32,0,0,a0308cc5293a95f9689886b7125aad909c93385e5a5b1cdacea2b281799ee779,False
2026-09-21T17:24:59.865683+00:00,,,32,0,0,a0308cc5293a95f9689886b7125aad909c93385e5a5b1cdacea2b281799ee779,False
2026-09-21T17:25:00.899556+00:00,,,32,0,0,a0308cc5293a95f9689886b7125aad909c93385e5a5b1cdacea2b281799ee779,False
2026-09-21T17:25:01.934433+00:00,,,32,0,0,a0308cc5293a95f9689886b7125aad909c93385e5a5b1cdacea2b281799ee779,False
2026-09-21T17:25:02.973923+00:00,,,32,0,0,a0308cc5293a95f9689886b7125aad909c93385e5a5b1cdacea2b281799ee779,False
2026-09-21T17:25:04.026711+00:00,,,32,0,0,a0308cc5293a95f9689886b7125aad909c93385e5a5b1cdacea2b281799ee779,False
2026-09-21T17:25:05.105762+00:00,,,32,0,0,a0308cc5293a95f9689886b7125aad909c93385e5a5b1cdacea2b281799ee779,False
2026-09-21T17:25:06.150266+00:00,,,32,0,0,a0308cc5293a95f9689886b7125aad909c93385e5a5b1cdacea2b281799ee779,False
2026-09-21T17:25:07.205698+00:00,,,32,0,0,a0308cc5293a95f9689886b7125aad909c93385e5a5b1cdacea2b281799ee779,False
2026-09-21T17:25:08.286232+00:00,,,32,0,0,a0308cc5293a95f9689886b7125aad909c93385e5a5b1cdacea2b281799ee779,False
2026-09-21T17:25:09.315740+00:00,,,32,0,0,a0308cc5293a95f9689886b7125aad909c93385e5a5b1cdacea2b281799ee779,False
2026-09-21T17:25:10.350305+00:00,,,32,0,0,a0308cc5293a95f9689886b7125aad909c93385e5a5b1cdacea2b281799ee779,False
2026-09-21T17:25:11.384340+00:00,,,32,0,0,a0308cc5293a95f9689886b7125aad909c93385e5a5b1cdacea2b281799ee779,False
2026-09-21T17:25:12.416285+00:00,,,32,0,0,a0308cc5293a95f9689886b7125aad909c93385e5a5b1cdacea2b281799ee779,False
2026-09-21T17:25:13.448384+00:00,,,32,0,0,a0308cc5293a95f9689886b7125aad909c93385e5a5b1cdacea2b281799ee779,False
2026-09-21T17:25:14.490536+00:00,,,32,0,0,a0308cc5293a95f9689886b7125aad909c93385e5a5b1cdacea2b281799ee779,False
2026-09-21T17:25:15.526697+00:00,,,32,0,0,a0308cc5293a95f9689886b7125aad909c93385e5a5b1cdacea2b281799ee779,False
2026-09-21T17:25:16.564384+00:00,,,32,0,0,a0308cc5293a95f9689886b7125aad909c93385e5a5b1cdacea2b281799ee779,False
2026-09-21T17:25:17.607112+00:00,,,32,0,0,a0308cc5293a95f9689886b7125aad909c93385e5a5b1cdacea2b281799ee779,False
2026-09-21T17:25:18.641874+00:00,,,32,0,0,a0308cc5293a95f9689886b7125aad909c93385e5a5b1cdacea2b281799ee779,False
2026-09-21T17:25:19.689437+00:00,,,32,0,0,a0308cc5293a95f9689886b7125aad909c93385e5a5b1cdacea2b281799ee779,False
2026-09-21T17:25:20.735340+00:00,,,32,0,0,a0308cc5293a95f9689886b7125aad909c93385e5a5b1cdacea2b281799ee779,False
2026-09-21T17:25:21.765342+00:00,,,32,0,0,a0308cc5293a95f9689886b7125aad909c93385e5a5b1cdacea2b281799ee779,False
2026-09-21T17:25:22.829026+00:00,,,32,0,0,a0308cc5293a95f9689886b7125aad909c93385e5a5b1cdacea2b281799ee779,False
2026-09-21T17:25:23.866195+00:00,,,32,0,0,a0308cc5293a95f9689886b7125aad909c93385e5a5b1cdacea2b281799ee779,False
2026-09-21T17:25:24.905443+00:00,,,32,0,0,a0308cc5293a95f9689886b7125aad909c93385e5a5b1cdacea2b281799ee779,False
2026-09-21T17:25:25.942998+00:00,,,32,0,0,a0308cc5293a95f9689886b7125aad909c93385e5a5b1cdacea2b281799ee779,False
2026-09-21T17:25:26.988546+00:00,,,32,0,0,a0308cc5293a95f9689886b7125aad909c93385e5a5b1cdacea2b281799ee779,False
2026-09-21T17:25:28.030667+00:00,,,32,0,0,a0308cc5293a95f9689886b7125aad909c93385e5a5b1cdacea2b281799ee779,False
2026-09-21T17:25:29.081955+00:00,,,32,0,0,a0308cc5293a95f9689886b7125aad909c93385e5a5b1cdacea2b281799ee779,False
2026-09-21T17:25:30.124465+00:00,,,32,0,0,a0308cc5293a95f9689886b7125aad909c93385e5a5b1cdacea2b281799ee779,False
2026-09-21T17:25:31.171030+00:00,,,32,0,0,a0308cc5293a95f9689886b7125aad909c93385e5a5b1cdacea2b281799ee779,False
2026-09-21T17:25:32.198789+00:00,,,32,0,0,a0308cc5293a95f9689886b7125aad909c93385e5a5b1cdacea2b281799ee779,False
2026-09-21T17:25:33.241761+00:00,,,32,0,0,a0308cc5293a95f9689886b7125aad909c93385e5a5b1cdacea2b281799ee779,False
2026-09-21T17:25:34.328531+00:00,,,32,0,0,a0308cc5293a95f9689886b7125aad909c93385e5a5b1cdacea2b281799ee779,False
2026-09-21T17:25:35.377949+00:00,,,32,0,0,a0308cc5293a95f9689886b7125aad909c93385e5a5b1cdacea2b281799ee779,False
2026-09-21T17:25:36.419997+00:00,,,32,0,0,a0308cc5293a95f9689886b7125aad909c93385e5a5b1cdacea2b281799ee779,False
2026-09-21T17:25:37.459391+00:00,,,32,0,0,a0308cc5293a95f9689886b7125aad909c93385e5a5b1cdacea2b281799ee779,False
2026-09-21T17:25:38.505834+00:00,,,32,0,0,a0308cc5293a95f9689886b7125aad909c93385e5a5b1cdacea2b281799ee779,False
2026-09-21T17:25:39.559085+00:00,,,32,0,0,a0308cc5293a95f9689886b7125aad909c93385e5a5b1cdacea2b281799ee779,False
2026-09-21T17:25:40.621294+00:00,,,32,0,0,a0308cc5293a95f9689886b7125aad909c93385e5a5b1cdacea2b281799ee779,False
2026-09-21T17:25:41.679451+00:00,,,32,0,0,a0308cc5293a95f9689886b7125aad909c93385e5a5b1cdacea2b281799ee779,False
2026-09-21T17:25:42.772014+00:00,,,32,0,0,a0308cc5293a95f9689886b7125aad909c93385e5a5b1cdacea2b281799ee779,False
2026-09-21T17:25:43.821275+00:00,,,32,0,0,a0308cc5293a95f9689886b7125aad909c93385e5a5b1cdacea2b281799ee779,False
2026-09-21T17:25:44.869868+00:00,,,32,0,0,a0308cc5293a95f9689886b7125aad909c93385e5a5b1cdacea2b281799ee779,False
2026-09-21T17:25:45.907687+00:00,,,32,0,0,a0308cc5293a95f9689886b7125aad909c93385e5a5b1cdacea2b281799ee779,False
2026-09-21T17:25:46.947391+00:00,,,32,0,0,a0308cc5293a95f9689886b7125aad909c93385e5a5b1cdacea2b281799ee779,False
2026-09-21T17:25:48.005860+00:00,,,32,0,0,a0308cc5293a95f9689886b7125aad909c93385e5a5b1cdacea2b281799ee779,False
2026-09-21T17:25:49.058680+00:00,,,32,0,0,a0308cc5293a95f9689886b7125aad909c93385e5a5b1cdacea2b281799ee779,False
2026-09-21T17:25:50.079670+00:00,,,32,0,0,a0308cc5293a95f9689886b7125aad909c93385e5a5b1cdacea2b281799ee779,False
2026-09-21T17:25:51.128653+00:00,,,32,0,0,a0308cc5293a95f9689886b7125aad909c93385e5a5b1cdacea2b281799ee779,False
2026-09-21T17:25:52.188543+00:00,,,32,0,0,a0308cc5293a95f9689886b7125aad909c93385e5a5b1cdacea2b281799ee779,False
2026-09-21T17:25:53.233720+00:00,,,32,0,0,a0308cc5293a95f9689886b7125aad909c93385e5a5b1cdacea2b281799ee779,False
2026-09-21T17:25:54.269390+00:00,,,32,0,0,a0308cc5293a95f9689886b7125aad909c93385e5a5b1cdacea2b281799ee779,False
2026-09-21T17:25:55.344013+00:00,,,32,0,0,a0308cc5293a95f9689886b7125aad909c93385e5a5b1cdacea2b281799ee779,False
2026-09-21T17:25:56.428624+00:00,,,32,0,0,a0308cc5293a95f9689886b7125aad909c93385e5a5b1cdacea2b281799ee779,False
2026-09-21T17:25:57.480880+00:00,,,32,0,0,a0308cc5293a95f9689886b7125aad909c93385e5a5b1cdacea2b281799ee779,False
2026-09-21T17:25:58.517173+00:00,,,32,0,0,a0308cc5293a95f9689886b7125aad909c93385e5a5b1cdacea2b281799ee779,False
2026-09-21T17:25:59.559550+00:00,,,32,0,0,a0308cc5293a95f9689886b7125aad909c93385e5a5b1cdacea2b281799ee779,False
2026-09-21T17:26:00.605378+00:00,,,32,0,0,a0308cc5293a95f9689886b7125aad909c93385e5a5b1cdacea2b281799ee779,False
2026-09-21T17:26:01.659399+00:00,,,32,0,0,a0308cc5293a95f9689886b7125aad909c93385e5a5b1cdacea2b281799ee779,False
2026-09-21T17:26:02.700386+00:00,,,32,0,0,a0308cc5293a95f9689886b7125aad909c93385e5a5b1cdacea2b281799ee779,False
2026-09-21T17:26:03.789773+00:00,,,32,0,0,a0308cc5293a95f9689886b7125aad909c93385e5a5b1cdacea2b281799ee779,False
2026-09-21T17:26:04.831142+00:00,,,32,0,0,a0308cc5293a95f9689886b7125aad909c93385e5a5b1cdacea2b281799ee779,False
2026-09-21T17:26:05.901820+00:00,,,32,0,0,a0308cc5293a95f9689886b7125aad909c93385e5a5b1cdacea2b281799ee779,False
2026-09-21T17:26:06.958069+00:00,,,32,0,0,a0308cc5293a95f9689886b7125aad909c93385e5a5b1cdacea2b281799ee779,False
2026-09-21T17:26:08.007606+00:00,,,32,0,0,a0308cc5293a95f9689886b7125aad909c93385e5a5b1cdacea2b281799ee779,False
2026-09-21T17:26:09.060465+00:00,,,32,0,0,a0308cc5293a95f9689886b7125aad909c93385e5a5b1cdacea2b281799ee779,False
2026-09-21T17:26:10.110149+00:00,,,32,0,0,a0308cc5293a95f9689886b7125aad909c93385e5a5b1cdacea2b281799ee779,False
2026-09-21T17:26:11.160820+00:00,,,32,0,0,a0308cc5293a95f9689886b7125aad909c93385e5a5b1cdacea2b281799ee779,False
2026-09-21T17:26:12.272729+00:00,,,32,0,0,a0308cc5293a95f9689886b7125aad909c93385e5a5b1cdacea2b281799ee779,False
2026-09-21T17:26:13.335102+00:00,,,32,0,0,a0308cc5293a95f9689886b7125aad909c93385e5a5b1cdacea2b281799ee779,False
2026-09-21T17:26:14.380677+00:00,,,32,0,0,a0308cc5293a95f9689886b7125aad909c93385e5a5b1cdacea2b281799ee779,False
2026-09-21T17:26:15.430532+00:00,,,32,0,0,a0308cc5293a95f9689886b7125aad909c93385e5a5b1cdacea2b281799ee779,False
2026-09-21T17:26:16.457155+00:00,,,32,0,0,a0308cc5293a95f9689886b7125aad909c93385e5a5b1cdacea2b281799ee779,False
2026-09-21T17:26:17.500155+00:00,,,32,0,0,a0308cc5293a95f9689886b7125aad909c93385e5a5b1cdacea2b281799ee779,False
2026-09-21T17:26:18.540019+00:00,,,32,0,0,a0308cc5293a95f9689886b7125aad909c93385e5a5b1cdacea2b281799ee779,False
2026-09-21T17:26:19.572269+00:00,,,32,0,0,a0308cc5293a95f9689886b7125aad909c93385e5a5b1cdacea2b281799ee779,False
2026-09-21T17:26:20.635377+00:00,,,32,0,0,a0308cc5293a95f9689886b7125aad909c93385e5a5b1cdacea2b281799ee779,False
2026-09-21T17:26:21.682743+00:00,,,32,0,0,a0308cc5293a95f9689886b7125aad909c93385e5a5b1cdacea2b281799ee779,False
2026-09-21T17:26:22.741979+00:00,,,32,0,0,a0308cc5293a95f9689886b7125aad909c93385e5a5b1cdacea2b281799ee779,False
2026-09-21T17:26:23.787174+00:00,,,32,0,0,a0308cc5293a95f9689886b7125aad909c93385e5a5b1cdacea2b281799ee779,False
2026-09-21T17:26:24.840106+00:00,,,32,0,0,a0308cc5293a95f9689886b7125aad909c93385e5a5b1cdacea2b281799ee779,False
2026-09-21T17:26:25.882341+00:00,,,32,0,0,a0308cc5293a95f9689886b7125aad909c93385e5a5b1cdacea2b281799ee779,False
2026-09-21T17:26:26.933682+00:00,,,32,0,0,a0308cc5293a95f9689886b7125aad909c93385e5a5b1cdacea2b281799ee779,False
2026-09-21T17:26:27.990177+00:00,,,32,0,0,a0308cc5293a95f9689886b7125aad909c93385e5a5b1cdacea2b281799ee779,False
2026-09-21T17:26:29.050055+00:00,,,32,0,0,a0308cc5293a95f9689886b7125aad909c93385e5a5b1cdacea2b281799ee779,False
2026-09-21T17:26:30.090145+00:00,,,32,0,0,a0308cc5293a95f9689886b7125aad909c93385e5a5b1cdacea2b281799ee779,False
2026-09-21T17:26:31.196888+00:00,,,32,0,0,a0308cc5293a95f9689886b7125aad909c93385e5a5b1cdacea2b281799ee779,False
2026-09-21T17:26:32.239651+00:00,,,32,0,0,a0308cc5293a95f9689886b7125aad909c93385e5a5b1cdacea2b281799ee779,False
2026-09-21T17:26:33.303521+00:00,,,32,0,0,a0308cc5293a95f9689886b7125aad909c93385e5a5b1cdacea2b281799ee779,False
2026-09-21T17:26:34.365586+00:00,,,32,0,0,a0308cc5293a95f9689886b7125aad909c93385e5a5b1cdacea2b281799ee779,False
2026-09-21T17:26:35.425883+00:00,,,32,0,0,a0308cc5293a95f9689886b7125aad909c93385e5a5b1cdacea2b281799ee779,False
2026-09-21T17:26:36.462496+00:00,,,32,0,0,a0308cc5293a95f9689886b7125aad909c93385e5a5b1cdacea2b281799ee779,False
2026-09-21T17:26:37.510286+00:00,,,32,0,0,a0308cc5293a95f9689886b7125aad909c93385e5a5b1cdacea2b281799ee779,False
2026-09-21T17:26:38.571892+00:00,,,32,0,0,a0308cc5293a95f9689886b7125aad909c93385e5a5b1cdacea2b281799ee779,False
2026-09-21T17:26:39.628595+00:00,,,32,0,0,a0308cc5293a95f9689886b7125aad909c93385e5a5b1cdacea2b281799ee779,False
2026-09-21T17:26:40.673561+00:00,,,32,0,0,a0308cc5293a95f9689886b7125aad909c93385e5a5b1cdacea2b281799ee779,False
2026-09-21T17:26:41.727236+00:00,,,32,0,0,a0308cc5293a95f9689886b7125aad909c93385e5a5b1cdacea2b281799ee779,False
2026-09-21T17:26:42.786953+00:00,,,32,0,0,a0308cc5293a95f9689886b7125aad909c93385e5a5b1cdacea2b281799ee779,False
2026-09-21T17:26:43.827847+00:00,,,32,0,0,a0308cc5293a95f9689886b7125aad909c93385e5a5b1cdacea2b281799ee779,False
2026-09-21T17:26:44.890369+00:00,,,32,0,0,a0308cc5293a95f9689886b7125aad909c93385e5a5b1cdacea2b281799ee779,False
2026-09-21T17:26:45.936511+00:00,,,32,0,0,a0308cc5293a95f9689886b7125aad909c93385e5a5b1cdacea2b281799ee779,False
2026-09-21T17:26:47.021898+00:00,,,32,0,0,a0308cc5293a95f9689886b7125aad909c93385e5a5b1cdacea2b281799ee779,False
2026-09-21T17:26:48.085904+00:00,,,32,0,0,a0308cc5293a95f9689886b7125aad909c93385e5a5b1cdacea2b281799ee779,False
2026-09-21T17:26:49.136340+00:00,,,32,0,0,a0308cc5293a95f9689886b7125aad909c93385e5a5b1cdacea2b281799ee779,False
2026-09-21T17:26:50.199694+00:00,,,32,0,0,a0308cc5293a95f9689886b7125aad909c93385e5a5b1cdacea2b281799ee779,False
2026-09-21T17:26:51.235299+00:00,,,32,0,0,a0308cc5293a95f9689886b7125aad909c93385e5a5b1cdacea2b281799ee779,False
2026-09-21T17:26:52.267162+00:00,,,32,0,0,a0308cc5293a95f9689886b7125aad909c93385e5a5b1cdacea2b281799ee779,False
2026-09-21T17:26:53.305830+00:00,,,32,0,0,a0308cc5293a95f9689886b7125aad909c93385e5a5b1cdacea2b281799ee779,False
2026-09-21T17:26:54.354016+00:00,,,32,0,0,a0308cc5293a95f9689886b7125aad909c93385e5a5b1cdacea2b281799ee779,False
2026-09-21T17:26:55.418285+00:00,,,32,0,0,a0308cc5293a95f9689886b7125aad909c93385e5a5b1cdacea2b281799ee779,False
2026-09-21T17:26:56.458332+00:00,,,32,0,0,a0308cc5293a95f9689886b7125aad909c93385e5a5b1cdacea2b281799ee779,False
2026-09-21T17:26:57.516994+00:00,,,32,0,0,a0308cc5293a95f9689886b7125aad909c93385e5a5b1cdacea2b281799ee779,False
2026-09-21T17:26:58.564125+00:00,,,32,0,0,a0308cc5293a95f9689886b7125aad909c93385e5a5b1cdacea2b281799ee779,False
2026-09-21T17:26:59.611688+00:00,,,32,0,0,a0308cc5293a95f9689886b7125aad909c93385e5a5b1cdacea2b281799ee779,False
2026-09-21T17:27:00.654006+00:00,,,32,0,0,a0308cc5293a95f9689886b7125aad909c93385e5a5b1cdacea2b281799ee779,False
2026-09-21T17:27:01.693844+00:00,,,32,0,0,a0308cc5293a95f9689886b7125aad909c93385e5a5b1cdacea2b281799ee779,False
2026-09-21T17:27:02.740002+00:00,,,32,0,0,a0308cc5293a95f9689886b7125aad909c93385e5a5b1cdacea2b281799ee779,False
2026-09-21T17:27:03.788574+00:00,,,32,0,0,a0308cc5293a95f9689886b7125aad909c93385e5a5b1cdacea2b281799ee779,False
2026-09-21T17:27:04.824499+00:00,,,32,0,0,a0308cc5293a95f9689886b7125aad909c93385e5a5b1cdacea2b281799ee779,False
2026-09-21T17:27:05.867003+00:00,,,32,0,0,a0308cc5293a95f9689886b7125aad909c93385e5a5b1cdacea2b281799ee779,False
2026-09-21T17:27:06.896552+00:00,,,32,0,0,a0308cc5293a95f9689886b7125aad909c93385e5a5b1cdacea2b281799ee779,False
2026-09-21T17:27:07.953612+00:00,,,32,0,0,a0308cc5293a95f9689886b7125aad909c93385e5a5b1cdacea2b281799ee779,False
2026-09-21T17:27:09.004985+00:00,,,32,0,0,a0308cc5293a95f9689886b7125aad909c93385e5a5b1cdacea2b281799ee779,False
2026-09-21T17:27:10.071768+00:00,,,32,0,0,a0308cc5293a95f9689886b7125aad909c93385e5a5b1cdacea2b281799ee779,False
2026-09-21T17:27:11.130750+00:00,,,32,0,0,a0308cc5293a95f9689886b7125aad909c93385e5a5b1cdacea2b281799ee779,False
2026-09-21T17:27:12.175852+00:00,,,32,0,0,a0308cc5293a95f9689886b7125aad909c93385e5a5b1cdacea2b281799ee779,False
2026-09-21T17:27:13.218298+00:00,,,32,0,0,a0308cc5293a95f9689886b7125aad909c93385e5a5b1cdacea2b281799ee779,False
2026-09-21T17:27:14.265269+00:00,,,32,0,0,a0308cc5293a95f9689886b7125aad909c93385e5a5b1cdacea2b281799ee779,False
2026-09-21T17:27:15.315232+00:00,,,32,0,0,a0308cc5293a95f9689886b7125aad909c93385e5a5b1cdacea2b281799ee779,False
2026-09-21T17:27:16.371312+00:00,,,32,0,0,a0308cc5293a95f9689886b7125aad909c93385e5a5b1cdacea2b281799ee779,False
2026-09-21T17:27:17.421810+00:00,,,32,0,0,a0308cc5293a95f9689886b7125aad909c93385e5a5b1cdacea2b281799ee779,False
2026-09-21T17:27:18.495016+00:00,,,32,0,0,a0308cc5293a95f9689886b7125aad909c93385e5a5b1cdacea2b281799ee779,False
2026-09-21T17:27:19.546715+00:00,,,32,0,0,a0308cc5293a95f9689886b7125aad909c93385e5a5b1cdacea2b281799ee779,False
2026-09-21T17:27:20.582090+00:00,,,32,0,0,a0308cc5293a95f9689886b7125aad909c93385e5a5b1cdacea2b281799ee779,False
2026-09-21T17:27:21.633092+00:00,,,32,0,0,a0308cc5293a95f9689886b7125aad909c93385e5a5b1cdacea2b281799ee779,False
2026-09-21T17:27:22.674242+00:00,,,32,0,0,a0308cc5293a95f9689886b7125aad909c93385e5a5b1cdacea2b281799ee779,False
2026-09-21T17:27:23.726263+00:00,,,32,0,0,a0308cc5293a95f9689886b7125aad909c93385e5a5b1cdacea2b281799ee779,False
2026-09-21T17:27:24.755673+00:00,,,32,0,0,a0308cc5293a95f9689886b7125aad909c93385e5a5b1cdacea2b281799ee779,False
2026-09-21T17:27:25.802074+00:00,,,32,0,0,a0308cc5293a95f9689886b7125aad909c93385e5a5b1cdacea2b281799ee779,False
2026-09-21T17:27:26.867041+00:00,,,32,0,0,a0308cc5293a95f9689886b7125aad909c93385e5a5b1cdacea2b281799ee779,False
2026-09-21T17:27:27.913520+00:00,,,32,0,0,a0308cc5293a95f9689886b7125aad909c93385e5a5b1cdacea2b281799ee779,False
2026-09-21T17:27:28.974069+00:00,,,32,0,0,a0308cc5293a95f9689886b7125aad909c93385e5a5b1cdacea2b281799ee779,False
2026-09-21T17:27:30.023979+00:00,,,32,0,0,a0308cc5293a95f9689886b7125aad909c93385e5a5b1cdacea2b281799ee779,False
2026-09-21T17:27:31.064052+00:00,,,32,0,0,a0308cc5293a95f9689886b7125aad909c93385e5a5b1cdacea2b281799ee779,False
2026-09-21T17:27:32.104095+00:00,,,32,0,0,a0308cc5293a95f9689886b7125aad909c93385e5a5b1cdacea2b281799ee779,False
2026-09-21T17:27:33.145799+00:00,,,32,0,0,a0308cc5293a95f9689886b7125aad909c93385e5a5b1cdacea2b281799ee779,False
2026-09-21T17:27:34.174501+00:00,,,32,0,0,a0308cc5293a95f9689886b7125aad909c93385e5a5b1cdacea2b281799ee779,False
2026-09-21T17:27:35.211168+00:00,,,32,0,0,a0308cc5293a95f9689886b7125aad909c93385e5a5b1cdacea2b281799ee779,False
2026-09-21T17:27:36.259584+00:00,,,32,0,0,a0308cc5293a95f9689886b7125aad909c93385e5a5b1cdacea2b281799ee779,False
2026-09-21T17:27:37.300313+00:00,,,32,0,0,a0308cc5293a95f9689886b7125aad909c93385e5a5b1cdacea2b281799ee779,False
2026-09-21T17:27:38.350533+00:00,,,32,0,0,a0308cc5293a95f9689886b7125aad909c93385e5a5b1cdacea2b281799ee779,False
2026-09-21T17:27:39.398352+00:00,,,32,0,0,a0308cc5293a95f9689886b7125aad909c93385e5a5b1cdacea2b281799ee779,False
2026-09-21T17:27:40.448280+00:00,,,32,0,0,a0308cc5293a95f9689886b7125aad909c93385e5a5b1cdacea2b281799ee779,False
2026-09-21T17:27:41.508371+00:00,,,32,0,0,a0308cc5293a95f9689886b7125aad909c93385e5a5b1cdacea2b281799ee779,False
2026-09-21T17:27:42.543893+00:00,,,32,0,0,a0308cc5293a95f9689886b7125aad909c93385e5a5b1cdacea2b281799ee779,False
2026-09-21T17:27:43.591133+00:00,,,32,0,0,a0308cc5293a95f9689886b7125aad909c93385e5a5b1cdacea2b281799ee779,False
2026-09-21T17:27:44.639918+00:00,,,32,0,0,a0308cc5293a95f9689886b7125aad909c93385e5a5b1cdacea2b281799ee779,False
2026-09-21T17:27:45.689745+00:00,,,32,0,0,a0308cc5293a95f9689886b7125aad909c93385e5a5b1cdacea2b281799ee779,False
2026-09-21T17:27:46.738106+00:00,,,32,0,0,a0308cc5293a95f9689886b7125aad909c93385e5a5b1cdacea2b281799ee779,False
2026-09-21T17:27:47.793835+00:00,,,32,0,0,a0308cc5293a95f9689886b7125aad909c93385e5a5b1cdacea2b281799ee779,False
2026-09-21T17:27:48.839352+00:00,,,32,0,0,a0308cc5293a95f9689886b7125aad909c93385e5a5b1cdacea2b281799ee779,False
2026-09-21T17:27:49.887875+00:00,,,32,0,0,a0308cc5293a95f9689886b7125aad909c93385e5a5b1cdacea2b281799ee779,False
2026-09-21T17:27:50.923882+00:00,,,32,0,0,a0308cc5293a95f9689886b7125aad909c93385e5a5b1cdacea2b281799ee779,False
2026-09-21T17:27:51.969632+00:00,,,32,0,0,a0308cc5293a95f9689886b7125aad909c93385e5a5b1cdacea2b281799ee779,False
2026-09-21T17:27:53.020017+00:00,,,32,0,0,a0308cc5293a95f9689886b7125aad909c93385e5a5b1cdacea2b281799ee779,False
2026-09-21T17:27:54.052706+00:00,,,32,0,0,a0308cc5293a95f9689886b7125aad909c93385e5a5b1cdacea2b281799ee779,False
2026-09-21T17:27:55.112249+00:00,,,32,0,0,a0308cc5293a95f9689886b7125aad909c93385e5a5b1cdacea2b281799ee779,False
2026-09-21T17:27:56.193142+00:00,,,32,0,0,a0308cc5293a95f9689886b7125aad909c93385e5a5b1cdacea2b281799ee779,False
2026-09-21T17:27:57.234155+00:00,,,32,0,0,a0308cc5293a95f9689886b7125aad909c93385e5a5b1cdacea2b281799ee779,False
2026-09-21T17:27:58.295815+00:00,,,32,0,0,a0308cc5293a95f9689886b7125aad909c93385e5a5b1cdacea2b281799ee779,False
2026-09-21T17:27:59.348663+00:00,,,32,0,0,a0308cc5293a95f9689886b7125aad909c93385e5a5b1cdacea2b281799ee779,False
2026-09-21T17:28:00.419502+00:00,,,32,0,0,a0308cc5293a95f9689886b7125aad909c93385e5a5b1cdacea2b281799ee779,False
2026-09-21T17:28:01.482825+00:00,,,32,0,0,a0308cc5293a95f9689886b7125aad909c93385e5a5b1cdacea2b281799ee779,False
2026-09-21T17:28:02.530037+00:00,,,32,0,0,a0308cc5293a95f9689886b7125aad909c93385e5a5b1cdacea2b281799ee779,False
2026-09-21T17:28:03.563979+00:00,,,32,0,0,a0308cc5293a95f9689886b7125aad909c93385e5a5b1cdacea2b281799ee779,False
2026-09-21T17:28:04.618678+00:00,,,32,0,0,a0308cc5293a95f9689886b7125aad909c93385e5a5b1cdacea2b281799ee779,False
2026-09-21T17:28:05.656673+00:00,,,32,0,0,a0308cc5293a95f9689886b7125aad909c93385e5a5b1cdacea2b281799ee779,False
2026-09-21T17:28:06.720199+00:00,,,32,0,0,a0308cc5293a95f9689886b7125aad909c93385e5a5b1cdacea2b281799ee779,False
2026-09-21T17:28:07.768897+00:00,,,32,0,0,a0308cc5293a95f9689886b7125aad909c93385e5a5b1cdacea2b281799ee779,False
2026-09-21T17:28:08.816963+00:00,,,32,0,0,a0308cc5293a95f9689886b7125aad909c93385e5a5b1cdacea2b281799ee779,False
2026-09-21T17:28:09.862129+00:00,,,32,0,0,a0308cc5293a95f9689886b7125aad909c93385e5a5b1cdacea2b281799ee779,False
2026-09-21T17:28:10.922220+00:00,,,32,0,0,a0308cc5293a95f9689886b7125aad909c93385e5a5b1cdacea2b281799ee779,False
2026-09-21T17:28:11.964135+00:00,,,32,0,0,a0308cc5293a95f9689886b7125aad909c93385e5a5b1cdacea2b281799ee779,False
2026-09-21T17:28:13.010107+00:00,,,32,0,0,a0308cc5293a95f9689886b7125aad909c93385e5a5b1cdacea2b281799ee779,False
2026-09-21T17:28:14.032129+00:00,,,32,0,0,a0308cc5293a95f9689886b7125aad909c93385e5a5b1cdacea2b281799ee779,False
2026-09-21T17:28:15.066090+00:00,,,32,0,0,a0308cc5293a95f9689886b7125aad909c93385e5a5b1cdacea2b281799ee779,False
2026-09-21T17:28:16.123326+00:00,,,32,0,0,a0308cc5293a95f9689886b7125aad909c93385e5a5b1cdacea2b281799ee779,False
2026-09-21T17:28:17.178369+00:00,,,32,0,0,a0308cc5293a95f9689886b7125aad909c93385e5a5b1cdacea2b281799ee779,False
2026-09-21T17:28:18.218422+00:00,,,32,0,0,a0308cc5293a95f9689886b7125aad909c93385e5a5b1cdacea2b281799ee779,False
2026-09-21T17:28:19.253545+00:00,,,32,0,0,a0308cc5293a95f9689886b7125aad909c93385e5a5b1cdacea2b281799ee779,False
2026-09-21T17:28:20.299696+00:00,,,32,0,0,a0308cc5293a95f9689886b7125aad909c93385e5a5b1cdacea2b281799ee779,False
2026-09-21T17:28:21.330443+00:00,,,32,0,0,a0308cc5293a95f9689886b7125aad909c93385e5a5b1cdacea2b281799ee779,False
2026-09-21T17:28:22.372141+00:00,,,32,0,0,a0308cc5293a95f9689886b7125aad909c93385e5a5b1cdacea2b281799ee779,False
2026-09-21T17:28:23.458416+00:00,,,32,0,0,a0308cc5293a95f9689886b7125aad909c93385e5a5b1cdacea2b281799ee779,False
2026-09-21T17:28:24.513011+00:00,,,32,0,0,a0308cc5293a95f9689886b7125aad909c93385e5a5b1cdacea2b281799ee779,False
2026-09-21T17:28:25.564266+00:00,,,32,0,0,a0308cc5293a95f9689886b7125aad909c93385e5a5b1cdacea2b281799ee779,False
2026-09-21T17:28:26.591345+00:00,,,32,0,0,a0308cc5293a95f9689886b7125aad909c93385e5a5b1cdacea2b281799ee779,False
2026-09-21T17:28:27.683896+00:00,,,32,0,0,a0308cc5293a95f9689886b7125aad909c93385e5a5b1cdacea2b281799ee779,False
2026-09-21T17:28:28.725882+00:00,,,32,0,0,a0308cc5293a95f9689886b7125aad909c93385e5a5b1cdacea2b281799ee779,False
2026-09-21T17:28:29.784247+00:00,,,32,0,0,a0308cc5293a95f9689886b7125aad909c93385e5a5b1cdacea2b281799ee779,False
2026-09-21T17:28:30.855927+00:00,,,32,0,0,a0308cc5293a95f9689886b7125aad909c93385e5a5b1cdacea2b281799ee779,False
2026-09-21T17:28:31.906654+00:00,,,32,0,0,a0308cc5293a95f9689886b7125aad909c93385e5a5b1cdacea2b281799ee779,False
2026-09-21T17:28:32.946789+00:00,,,32,0,0,a0308cc5293a95f9689886b7125aad909c93385e5a5b1cdacea2b281799ee779,False
2026-09-21T17:28:34.006034+00:00,,,32,0,0,a0308cc5293a95f9689886b7125aad909c93385e5a5b1cdacea2b281799ee779,False
2026-09-21T17:28:35.065182+00:00,,,32,0,0,a0308cc5293a95f9689886b7125aad909c93385e5a5b1cdacea2b281799ee779,False
2026-09-21T17:28:36.111776+00:00,,,32,0,0,a0308cc5293a95f9689886b7125aad909c93385e5a5b1cdacea2b281799ee779,False
2026-09-21T17:28:37.157965+00:00,,,32,0,0,a0308cc5293a95f9689886b7125aad909c93385e5a5b1cdacea2b281799ee779,False
2026-09-21T17:28:38.208787+00:00,,,32,0,0,a0308cc5293a95f9689886b7125aad909c93385e5a5b1cdacea2b281799ee779,False
2026-09-21T17:28:39.270975+00:00,,,32,0,0,a0308cc5293a95f9689886b7125aad909c93385e5a5b1cdacea2b281799ee779,False
2026-09-21T17:28:40.322872+00:00,,,32,0,0,a0308cc5293a95f9689886b7125aad909c93385e5a5b1cdacea2b281799ee779,False
2026-09-21T17:28:41.368455+00:00,,,32,0,0,a0308cc5293a95f9689886b7125aad909c93385e5a5b1cdacea2b281799ee779,False
2026-09-21T17:28:42.604017+00:00,,,32,0,0,a0308cc5293a95f9689886b7125aad909c93385e5a5b1cdacea2b281799ee779,False
2026-09-21T17:28:43.663982+00:00,,,32,0,0,a0308cc5293a95f9689886b7125aad909c93385e5a5b1cdacea2b281799ee779,False
2026-09-21T17:28:44.711822+00:00,,,32,0,0,a0308cc5293a95f9689886b7125aad909c93385e5a5b1cdacea2b281799ee779,False
2026-09-21T17:28:45.759096+00:00,,,32,0,0,a0308cc5293a95f9689886b7125aad909c93385e5a5b1cdacea2b281799ee779,False
2026-09-21T17:28:46.810505+00:00,,,32,0,0,a0308cc5293a95f9689886b7125aad909c93385e5a5b1cdacea2b281799ee779,False
2026-09-21T17:28:47.904904+00:00,,,32,0,0,a0308cc5293a95f9689886b7125aad909c93385e5a5b1cdacea2b281799ee779,False
2026-09-21T17:28:48.959062+00:00,,,32,0,0,a0308cc5293a95f9689886b7125aad909c93385e5a5b1cdacea2b281799ee779,False
2026-09-21T17:28:50.028974+00:00,,,32,0,0,a0308cc5293a95f9689886b7125aad909c93385e5a5b1cdacea2b281799ee779,False
2026-09-21T17:28:51.095994+00:00,,,32,0,0,a0308cc5293a95f9689886b7125aad909c93385e5a5b1cdacea2b281799ee779,False
2026-09-21T17:28:52.163964+00:00,,,32,0,0,a0308cc5293a95f9689886b7125aad909c93385e5a5b1cdacea2b281799ee779,False
2026-09-21T17:28:53.214843+00:00,,,32,0,0,a0308cc5293a95f9689886b7125aad909c93385e5a5b1cdacea2b281799ee779,False
2026-09-21T17:28:54.264560+00:00,,,32,0,0,a0308cc5293a95f9689886b7125aad909c93385e5a5b1cdacea2b281799ee779,False
2026-09-21T17:28:55.335671+00:00,,,32,0,0,a0308cc5293a95f9689886b7125aad909c93385e5a5b1cdacea2b281799ee779,False
2026-09-21T17:28:56.378860+00:00,,,32,0,0,a0308cc5293a95f9689886b7125aad909c93385e5a5b1cdacea2b281799ee779,False
2026-09-21T17:28:57.429590+00:00,,,32,0,0,a0308cc5293a95f9689886b7125aad909c93385e5a5b1cdacea2b281799ee779,False
2026-09-21T17:28:58.467958+00:00,,,32,0,0,a0308cc5293a95f9689886b7125aad909c93385e5a5b1cdacea2b281799ee779,False
2026-09-21T17:28:59.530974+00:00,,,32,0,0,a0308cc5293a95f9689886b7125aad909c93385e5a5b1cdacea2b281799ee779,False
2026-09-21T17:29:00.592427+00:00,,,32,0,0,a0308cc5293a95f9689886b7125aad909c93385e5a5b1cdacea2b281799ee779,False
2026-09-21T17:29:01.626201+00:00,,,32,0,0,a0308cc5293a95f9689886b7125aad909c93385e5a5b1cdacea2b281799ee779,False
2026-09-21T17:29:02.678185+00:00,,,32,0,0,a0308cc5293a95f9689886b7125aad909c93385e5a5b1cdacea2b281799ee779,False
2026-09-21T17:29:03.729178+00:00,,,32,0,0,a0308cc5293a95f9689886b7125aad909c93385e5a5b1cdacea2b281799ee779,False
2026-09-21T17:29:04.780548+00:00,,,32,0,0,a0308cc5293a95f9689886b7125aad909c93385e5a5b1cdacea2b281799ee779,False
2026-09-21T17:29:05.842735+00:00,,,32,0,0,a0308cc5293a95f9689886b7125aad909c93385e5a5b1cdacea2b281799ee779,False
2026-09-21T17:29:06.888978+00:00,,,32,0,0,a0308cc5293a95f9689886b7125aad909c93385e5a5b1cdacea2b281799ee779,False
2026-09-21T17:29:07.943736+00:00,,,32,0,0,a0308cc5293a95f9689886b7125aad909c93385e5a5b1cdacea2b281799ee779,False
2026-09-21T17:29:08.991808+00:00,,,32,0,0,a0308cc5293a95f9689886b7125aad909c93385e5a5b1cdacea2b281799ee779,False
2026-09-21T17:29:10.047412+00:00,,,32,0,0,a0308cc5293a95f9689886b7125aad909c93385e5a5b1cdacea2b281799ee779,False
2026-09-21T17:29:11.090872+00:00,,,32,0,0,a0308cc5293a95f9689886b7125aad909c93385e5a5b1cdacea2b281799ee779,False
2026-09-21T17:29:12.126903+00:00,,,32,0,0,a0308cc5293a95f9689886b7125aad909c93385e5a5b1cdacea2b281799ee779,False
2026-09-21T17:29:13.166445+00:00,,,32,0,0,a0308cc5293a95f9689886b7125aad909c93385e5a5b1cdacea2b281799ee779,False
2026-09-21T17:29:14.199895+00:00,,,32,0,0,a0308cc5293a95f9689886b7125aad909c93385e5a5b1cdacea2b281799ee779,False
2026-09-21T17:29:15.248926+00:00,,,32,0,0,a0308cc5293a95f9689886b7125aad909c93385e5a5b1cdacea2b281799ee779,False
2026-09-21T17:29:16.315214+00:00,,,32,0,0,a0308cc5293a95f9689886b7125aad909c93385e5a5b1cdacea2b281799ee779,False
2026-09-21T17:29:17.381016+00:00,,,32,0,0,a0308cc5293a95f9689886b7125aad909c93385e5a5b1cdacea2b281799ee779,False
2026-09-21T17:29:18.436012+00:00,,,32,0,0,a0308cc5293a95f9689886b7125aad909c93385e5a5b1cdacea2b281799ee779,False
2026-09-21T17:29:19.475735+00:00,,,32,0,0,a0308cc5293a95f9689886b7125aad909c93385e5a5b1cdacea2b281799ee779,False
2026-09-21T17:29:20.509663+00:00,,,32,0,0,a0308cc5293a95f9689886b7125aad909c93385e5a5b1cdacea2b281799ee779,False
2026-09-21T17:29:21.575939+00:00,,,32,0,0,a0308cc5293a95f9689886b7125aad909c93385e5a5b1cdacea2b281799ee779,False
2026-09-21T17:29:22.625808+00:00,,,32,0,0,a0308cc5293a95f9689886b7125aad909c93385e5a5b1cdacea2b281799ee779,False
2026-09-21T17:29:23.676031+00:00,,,32,0,0,a0308cc5293a95f9689886b7125aad909c93385e5a5b1cdacea2b281799ee779,False
2026-09-21T17:29:24.711665+00:00,,,32,0,0,a0308cc5293a95f9689886b7125aad909c93385e5a5b1cdacea2b281799ee779,False
2026-09-21T17:29:25.752730+00:00,,,32,0,0,a0308cc5293a95f9689886b7125aad909c93385e5a5b1cdacea2b281799ee779,False
2026-09-21T17:29:26.795197+00:00,,,32,0,0,a0308cc5293a95f9689886b7125aad909c93385e5a5b1cdacea2b281799ee779,False
2026-09-21T17:29:27.852315+00:00,,,32,0,0,a0308cc5293a95f9689886b7125aad909c93385e5a5b1cdacea2b281799ee779,False
2026-09-21T17:29:28.918604+00:00,,,32,0,0,a0308cc5293a95f9689886b7125aad909c93385e5a5b1cdacea2b281799ee779,False
2026-09-21T17:29:29.985543+00:00,,,32,0,0,a0308cc5293a95f9689886b7125aad909c93385e5a5b1cdacea2b281799ee779,False
2026-09-21T17:29:31.049584+00:00,,,32,0,0,a0308cc5293a95f9689886b7125aad909c93385e5a5b1cdacea2b281799ee779,False
2026-09-21T17:29:32.101317+00:00,,,32,0,0,a0308cc5293a95f9689886b7125aad909c93385e5a5b1cdacea2b281799ee779,False
2026-09-21T17:29:33.163579+00:00,,,32,0,0,a0308cc5293a95f9689886b7125aad909c93385e5a5b1cdacea2b281799ee779,False
2026-09-21T17:29:34.218244+00:00,,,32,0,0,a0308cc5293a95f9689886b7125aad909c93385e5a5b1cdacea2b281799ee779,False
2026-09-21T17:29:35.252272+00:00,,,32,0,0,a0308cc5293a95f9689886b7125aad909c93385e5a5b1cdacea2b281799ee779,False
2026-09-21T17:29:36.301736+00:00,,,32,0,0,a0308cc5293a95f9689886b7125aad909c93385e5a5b1cdacea2b281799ee779,False
2026-09-21T17:29:37.353298+00:00,,,32,0,0,a0308cc5293a95f9689886b7125aad909c93385e5a5b1cdacea2b281799ee779,False
2026-09-21T17:29:38.396932+00:00,,,32,0,0,a0308cc5293a95f9689886b7125aad909c93385e5a5b1cdacea2b281799ee779,False
2026-09-21T17:29:39.469447+00:00,,,32,0,0,a0308cc5293a95f9689886b7125aad909c93385e5a5b1cdacea2b281799ee779,False
2026-09-21T17:29:40.524106+00:00,,,32,0,0,a0308cc5293a95f9689886b7125aad909c93385e5a5b1cdacea2b281799ee779,False
2026-09-21T17:29:41.581956+00:00,,,32,0,0,a0308cc5293a95f9689886b7125aad909c93385e5a5b1cdacea2b281799ee779,False
2026-09-21T17:29:42.617769+00:00,,,32,0,0,a0308cc5293a95f9689886b7125aad909c93385e5a5b1cdacea2b281799ee779,False
2026-09-21T17:29:43.669311+00:00,,,32,0,0,a0308cc5293a95f9689886b7125aad909c93385e5a5b1cdacea2b281799ee779,False
2026-09-21T17:29:44.695701+00:00,,,32,0,0,a0308cc5293a95f9689886b7125aad909c93385e5a5b1cdacea2b281799ee779,False
2026-09-21T17:29:45.735649+00:00,,,32,0,0,a0308cc5293a95f9689886b7125aad909c93385e5a5b1cdacea2b281799ee779,False
2026-09-21T17:29:46.779606+00:00,,,32,0,0,a0308cc5293a95f9689886b7125aad909c93385e5a5b1cdacea2b281799ee779,False
2026-09-21T17:29:47.846020+00:00,,,32,0,0,a0308cc5293a95f9689886b7125aad909c93385e5a5b1cdacea2b281799ee779,False
2026-09-21T17:29:48.865053+00:00,,,32,0,0,a0308cc5293a95f9689886b7125aad909c93385e5a5b1cdacea2b281799ee779,False
2026-09-21T17:29:49.901813+00:00,,,32,0,0,a0308cc5293a95f9689886b7125aad909c93385e5a5b1cdacea2b281799ee779,False
2026-09-21T17:29:50.954614+00:00,,,32,0,0,a0308cc5293a95f9689886b7125aad909c93385e5a5b1cdacea2b281799ee779,False
2026-09-21T17:29:52.002054+00:00,,,32,0,0,a0308cc5293a95f9689886b7125aad909c93385e5a5b1cdacea2b281799ee779,False
2026-09-21T17:29:53.046414+00:00,,,32,0,0,a0308cc5293a95f9689886b7125aad909c93385e5a5b1cdacea2b281799ee779,False
2026-09-21T17:29:54.107227+00:00,,,32,0,0,a0308cc5293a95f9689886b7125aad909c93385e5a5b1cdacea2b281799ee779,False
2026-09-21T17:29:55.145596+00:00,,,32,0,0,a0308cc5293a95f9689886b7125aad909c93385e5a5b1cdacea2b281799ee779,False
2026-09-21T17:29:56.171962+00:00,,,32,0,0,a0308cc5293a95f9689886b7125aad909c93385e5a5b1cdacea2b281799ee779,False
2026-09-21T17:29:57.216777+00:00,,,32,0,0,a0308cc5293a95f9689886b7125aad909c93385e5a5b1cdacea2b281799ee779,False
2026-09-21T17:29:58.265218+00:00,,,32,0,0,a0308cc5293a95f9689886b7125aad909c93385e5a5b1cdacea2b281799ee779,False
2026-09-21T17:29:59.306495+00:00,,,32,0,0,a0308cc5293a95f9689886b7125aad909c93385e5a5b1cdacea2b281799ee779,False
2026-09-21T17:30:00.384654+00:00,,,32,0,0,a0308cc5293a95f9689886b7125aad909c93385e5a5b1cdacea2b281799ee779,False
2026-09-21T17:30:01.438947+00:00,,,32,0,0,a0308cc5293a95f9689886b7125aad909c93385e5a5b1cdacea2b281799ee779,False
2026-09-21T17:30:02.486322+00:00,,,32,0,0,a0308cc5293a95f9689886b7125aad909c93385e5a5b1cdacea2b281799ee779,False
2026-09-21T17:30:03.551779+00:00,,,32,0,0,a0308cc5293a95f9689886b7125aad909c93385e5a5b1cdacea2b281799ee779,False
2026-09-21T17:30:04.612342+00:00,,,32,0,0,a0308cc5293a95f9689886b7125aad909c93385e5a5b1cdacea2b281799ee779,False
2026-09-21T17:30:05.649877+00:00,,,32,0,0,a0308cc5293a95f9689886b7125aad909c93385e5a5b1cdacea2b281799ee779,False
2026-09-21T17:30:06.696582+00:00,,,32,0,0,a0308cc5293a95f9689886b7125aad909c93385e5a5b1cdacea2b281799ee779,False
2026-09-21T17:30:07.739264+00:00,,,32,0,0,a0308cc5293a95f9689886b7125aad909c93385e5a5b1cdacea2b281799ee779,False
2026-09-21T17:30:08.785184+00:00,,,32,0,0,a0308cc5293a95f9689886b7125aad909c93385e5a5b1cdacea2b281799ee779,False
2026-09-21T17:30:09.822894+00:00,,,32,0,0,a0308cc5293a95f9689886b7125aad909c93385e5a5b1cdacea2b281799ee779,False
2026-09-21T17:30:10.866071+00:00,,,32,0,0,a0308cc5293a95f9689886b7125aad909c93385e5a5b1cdacea2b281799ee779,False
2026-09-21T17:30:11.913637+00:00,,,32,0,0,a0308cc5293a95f9689886b7125aad909c93385e5a5b1cdacea2b281799ee779,False
2026-09-21T17:30:12.951313+00:00,,,32,0,0,a0308cc5293a95f9689886b7125aad909c93385e5a5b1cdacea2b281799ee779,False
2026-09-21T17:30:14.006214+00:00,,,32,0,0,a0308cc5293a95f9689886b7125aad909c93385e5a5b1cdacea2b281799ee779,False
2026-09-21T17:30:15.045023+00:00,,,32,0,0,a0308cc5293a95f9689886b7125aad909c93385e5a5b1cdacea2b281799ee779,False
2026-09-21T17:30:16.090374+00:00,,,32,0,0,a0308cc5293a95f9689886b7125aad909c93385e5a5b1cdacea2b281799ee779,False
2026-09-21T17:30:17.143841+00:00,,,32,0,0,a0308cc5293a95f9689886b7125aad909c93385e5a5b1cdacea2b281799ee779,False
2026-09-21T17:30:18.182770+00:00,,,32,0,0,a0308cc5293a95f9689886b7125aad909c93385e5a5b1cdacea2b281799ee779,False
2026-09-21T17:30:19.377506+00:00,,,32,0,0,a0308cc5293a95f9689886b7125aad909c93385e5a5b1cdacea2b281799ee779,False
2026-09-21T17:30:20.402576+00:00,,,32,0,0,a0308cc5293a95f9689886b7125aad909c93385e5a5b1cdacea2b281799ee779,False
2026-09-21T17:30:21.435163+00:00,,,32,0,0,a0308cc5293a95f9689886b7125aad909c93385e5a5b1cdacea2b281799ee779,False
2026-09-21T17:30:22.486283+00:00,,,32,0,0,a0308cc5293a95f9689886b7125aad909c93385e5a5b1cdacea2b281799ee779,False
2026-09-21T17:30:23.520534+00:00,,,32,0,0,a0308cc5293a95f9689886b7125aad909c93385e5a5b1cdacea2b281799ee779,False
2026-09-21T17:30:24.558013+00:00,,,32,0,0,a0308cc5293a95f9689886b7125aad909c93385e5a5b1cdacea2b281799ee779,False
2026-09-21T17:30:25.633541+00:00,,,32,0,0,a0308cc5293a95f9689886b7125aad909c93385e5a5b1cdacea2b281799ee779,False
2026-09-21T17:30:26.673887+00:00,,,32,0,0,a0308cc5293a95f9689886b7125aad909c93385e5a5b1cdacea2b281799ee779,False
2026-09-21T17:30:27.721403+00:00,,,32,0,0,a0308cc5293a95f9689886b7125aad909c93385e5a5b1cdacea2b281799ee779,False
2026-09-21T17:30:28.762950+00:00,,,32,0,0,a0308cc5293a95f9689886b7125aad909c93385e5a5b1cdacea2b281799ee779,False
2026-09-21T17:30:29.793631+00:00,,,32,0,0,a0308cc5293a95f9689886b7125aad909c93385e5a5b1cdacea2b281799ee779,False
2026-09-21T17:30:30.838217+00:00,,,32,0,0,a0308cc5293a95f9689886b7125aad909c93385e5a5b1cdacea2b281799ee779,False
2026-09-21T17:30:31.877729+00:00,,,32,0,0,a0308cc5293a95f9689886b7125aad909c93385e5a5b1cdacea2b281799ee779,False
2026-09-21T17:30:32.918042+00:00,,,32,0,0,a0308cc5293a95f9689886b7125aad909c93385e5a5b1cdacea2b281799ee779,False
2026-09-21T17:30:33.984376+00:00,,,32,0,0,a0308cc5293a95f9689886b7125aad909c93385e5a5b1cdacea2b281799ee779,False
2026-09-21T17:30:35.021086+00:00,,,32,0,0,a0308cc5293a95f9689886b7125aad909c93385e5a5b1cdacea2b281799ee779,False
2026-09-21T17:30:36.071264+00:00,,,32,0,0,a0308cc5293a95f9689886b7125aad909c93385e5a5b1cdacea2b281799ee779,False
2026-09-21T17:30:37.116491+00:00,,,32,0,0,a0308cc5293a95f9689886b7125aad909c93385e5a5b1cdacea2b281799ee779,False
2026-09-21T17:30:38.168058+00:00,,,32,0,0,a0308cc5293a95f9689886b7125aad909c93385e5a5b1cdacea2b281799ee779,False
2026-09-21T17:30:39.269955+00:00,,,32,0,0,a0308cc5293a95f9689886b7125aad909c93385e5a5b1cdacea2b281799ee779,False
2026-09-21T17:30:40.310567+00:00,,,32,0,0,a0308cc5293a95f9689886b7125aad909c93385e5a5b1cdacea2b281799ee779,False
2026-09-21T17:30:41.371766+00:00,,,32,0,0,a0308cc5293a95f9689886b7125aad909c93385e5a5b1cdacea2b281799ee779,False
2026-09-21T17:30:42.448995+00:00,,,32,0,0,a0308cc5293a95f9689886b7125aad909c93385e5a5b1cdacea2b281799ee779,False
2026-09-21T17:30:43.509385+00:00,,,32,0,0,a0308cc5293a95f9689886b7125aad909c93385e5a5b1cdacea2b281799ee779,False
2026-09-21T17:30:44.560999+00:00,,,32,0,0,a0308cc5293a95f9689886b7125aad909c93385e5a5b1cdacea2b281799ee779,False
2026-09-21T17:30:45.603594+00:00,,,32,0,0,a0308cc5293a95f9689886b7125aad909c93385e5a5b1cdacea2b281799ee779,False
2026-09-21T17:30:46.652364+00:00,,,32,0,0,a0308cc5293a95f9689886b7125aad909c93385e5a5b1cdacea2b281799ee779,False
2026-09-21T17:30:47.704547+00:00,,,32,0,0,a0308cc5293a95f9689886b7125aad909c93385e5a5b1cdacea2b281799ee779,False
2026-09-21T17:30:48.740813+00:00,,,32,0,0,a0308cc5293a95f9689886b7125aad909c93385e5a5b1cdacea2b281799ee779,False
2026-09-21T17:30:49.775828+00:00,,,32,0,0,a0308cc5293a95f9689886b7125aad909c93385e5a5b1cdacea2b281799ee779,False
2026-09-21T17:30:50.795498+00:00,,,32,0,0,a0308cc5293a95f9689886b7125aad909c93385e5a5b1cdacea2b281799ee779,False
2026-09-21T17:30:51.816994+00:00,,,32,0,0,a0308cc5293a95f9689886b7125aad909c93385e5a5b1cdacea2b281799ee779,False
2026-09-21T17:30:52.847056+00:00,,,32,0,0,a0308cc5293a95f9689886b7125aad909c93385e5a5b1cdacea2b281799ee779,False
2026-09-21T17:30:53.904013+00:00,,,32,0,0,a0308cc5293a95f9689886b7125aad909c93385e5a5b1cdacea2b281799ee779,False
2026-09-21T17:30:54.937621+00:00,,,32,0,0,a0308cc5293a95f9689886b7125aad909c93385e5a5b1cdacea2b281799ee779,False
2026-09-21T17:30:55.964957+00:00,,,32,0,0,a0308cc5293a95f9689886b7125aad909c93385e5a5b1cdacea2b281799ee779,False
2026-09-21T17:30:57.031051+00:00,,,32,0,0,a0308cc5293a95f9689886b7125aad909c93385e5a5b1cdacea2b281799ee779,False
2026-09-21T17:30:58.078475+00:00,,,32,0,0,a0308cc5293a95f9689886b7125aad909c93385e5a5b1cdacea2b281799ee779,False
2026-09-21T17:30:59.147100+00:00,,,32,0,0,a0308cc5293a95f9689886b7125aad909c93385e5a5b1cdacea2b281799ee779,False
2026-09-21T17:31:00.191763+00:00,,,32,0,0,a0308cc5293a95f9689886b7125aad909c93385e5a5b1cdacea2b281799ee779,False
2026-09-21T17:31:01.225048+00:00,,,32,0,0,a0308cc5293a95f9689886b7125aad909c93385e5a5b1cdacea2b281799ee779,False
2026-09-21T17:31:02.257802+00:00,,,32,0,0,a0308cc5293a95f9689886b7125aad909c93385e5a5b1cdacea2b281799ee779,False
2026-09-21T17:31:03.287748+00:00,,,32,0,0,a0308cc5293a95f9689886b7125aad909c93385e5a5b1cdacea2b281799ee779,False
2026-09-21T17:31:04.334458+00:00,,,32,0,0,a0308cc5293a95f9689886b7125aad909c93385e5a5b1cdacea2b281799ee779,False
2026-09-21T17:31:05.377328+00:00,,,32,0,0,a0308cc5293a95f9689886b7125aad909c93385e5a5b1cdacea2b281799ee779,False
2026-09-21T17:31:06.446191+00:00,,,32,0,0,a0308cc5293a95f9689886b7125aad909c93385e5a5b1cdacea2b281799ee779,False
2026-09-21T17:31:07.500140+00:00,,,32,0,0,a0308cc5293a95f9689886b7125aad909c93385e5a5b1cdacea2b281799ee779,False
2026-09-21T17:31:08.548042+00:00,,,32,0,0,a0308cc5293a95f9689886b7125aad909c93385e5a5b1cdacea2b281799ee779,False
2026-09-21T17:31:09.583335+00:00,,,32,0,0,a0308cc5293a95f9689886b7125aad909c93385e5a5b1cdacea2b281799ee779,False
2026-09-21T17:31:10.637887+00:00,,,32,0,0,a0308cc5293a95f9689886b7125aad909c93385e5a5b1cdacea2b281799ee779,False
2026-09-21T17:31:11.670537+00:00,,,32,0,0,a0308cc5293a95f9689886b7125aad909c93385e5a5b1cdacea2b281799ee779,False
2026-09-21T17:31:12.723915+00:00,,,32,0,0,a0308cc5293a95f9689886b7125aad909c93385e5a5b1cdacea2b281799ee779,False
2026-09-21T17:31:13.786933+00:00,,,32,0,0,a0308cc5293a95f9689886b7125aad909c93385e5a5b1cdacea2b281799ee779,False
2026-09-21T17:31:14.830803+00:00,,,32,0,0,a0308cc5293a95f9689886b7125aad909c93385e5a5b1cdacea2b281799ee779,False
2026-09-21T17:31:15.883788+00:00,,,32,0,0,a0308cc5293a95f9689886b7125aad909c93385e5a5b1cdacea2b281799ee779,False
2026-09-21T17:31:16.929746+00:00,,,32,0,0,a0308cc5293a95f9689886b7125aad909c93385e5a5b1cdacea2b281799ee779,False
2026-09-21T17:31:17.988206+00:00,,,32,0,0,a0308cc5293a95f9689886b7125aad909c93385e5a5b1cdacea2b281799ee779,False
2026-09-21T17:31:19.023939+00:00,,,32,0,0,a0308cc5293a95f9689886b7125aad909c93385e5a5b1cdacea2b281799ee779,False
2026-09-21T17:31:20.064890+00:00,,,32,0,0,a0308cc5293a95f9689886b7125aad909c93385e5a5b1cdacea2b281799ee779,False
2026-09-21T17:31:21.106691+00:00,,,32,0,0,a0308cc5293a95f9689886b7125aad909c93385e5a5b1cdacea2b281799ee779,False
2026-09-21T17:31:22.158150+00:00,,,32,0,0,a0308cc5293a95f9689886b7125aad909c93385e5a5b1cdacea2b281799ee779,False
2026-09-21T17:31:23.195105+00:00,,,32,0,0,a0308cc5293a95f9689886b7125aad909c93385e5a5b1cdacea2b281799ee779,False
2026-09-21T17:31:24.253279+00:00,,,32,0,0,a0308cc5293a95f9689886b7125aad909c93385e5a5b1cdacea2b281799ee779,False
2026-09-21T17:31:25.307558+00:00,,,32,0,0,a0308cc5293a95f9689886b7125aad909c93385e5a5b1cdacea2b281799ee779,False
2026-09-21T17:31:26.347139+00:00,,,32,0,0,a0308cc5293a95f9689886b7125aad909c93385e5a5b1cdacea2b281799ee779,False
2026-09-21T17:31:27.407078+00:00,,,32,0,0,a0308cc5293a95f9689886b7125aad909c93385e5a5b1cdacea2b281799ee779,False
2026-09-21T17:31:28.452989+00:00,,,32,0,0,a0308cc5293a95f9689886b7125aad909c93385e5a5b1cdacea2b281799ee779,False
2026-09-21T17:31:29.487490+00:00,,,32,0,0,a0308cc5293a95f9689886b7125aad909c93385e5a5b1cdacea2b281799ee779,False
2026-09-21T17:31:30.526607+00:00,,,32,0,0,a0308cc5293a95f9689886b7125aad909c93385e5a5b1cdacea2b281799ee779,False
2026-09-21T17:31:31.578653+00:00,,,32,0,0,a0308cc5293a95f9689886b7125aad909c93385e5a5b1cdacea2b281799ee779,False
2026-09-21T17:31:32.637122+00:00,,,32,0,0,a0308cc5293a95f9689886b7125aad909c93385e5a5b1cdacea2b281799ee779,False
2026-09-21T17:31:33.687790+00:00,,,32,0,0,a0308cc5293a95f9689886b7125aad909c93385e5a5b1cdacea2b281799ee779,False
2026-09-21T17:31:34.733938+00:00,,,32,0,0,a0308cc5293a95f9689886b7125aad909c93385e5a5b1cdacea2b281799ee779,False
2026-09-21T17:31:35.776567+00:00,,,32,0,0,a0308cc5293a95f9689886b7125aad909c93385e5a5b1cdacea2b281799ee779,False
2026-09-21T17:31:36.820832+00:00,,,32,0,0,a0308cc5293a95f9689886b7125aad909c93385e5a5b1cdacea2b281799ee779,False
2026-09-21T17:31:37.879617+00:00,,,32,0,0,a0308cc5293a95f9689886b7125aad909c93385e5a5b1cdacea2b281799ee779,False
2026-09-21T17:31:38.916325+00:00,,,32,0,0,a0308cc5293a95f9689886b7125aad909c93385e5a5b1cdacea2b281799ee779,False
2026-09-21T17:31:39.987615+00:00,,,32,0,0,a0308cc5293a95f9689886b7125aad909c93385e5a5b1cdacea2b281799ee779,False
2026-09-21T17:31:41.036253+00:00,,,32,0,0,a0308cc5293a95f9689886b7125aad909c93385e5a5b1cdacea2b281799ee779,False
2026-09-21T17:31:42.080727+00:00,,,32,0,0,a0308cc5293a95f9689886b7125aad909c93385e5a5b1cdacea2b281799ee779,False
2026-09-21T17:31:43.129997+00:00,,,32,0,0,a0308cc5293a95f9689886b7125aad909c93385e5a5b1cdacea2b281799ee779,False
2026-09-21T17:31:44.188695+00:00,,,32,0,0,a0308cc5293a95f9689886b7125aad909c93385e5a5b1cdacea2b281799ee779,False
2026-09-21T17:31:45.257822+00:00,,,32,0,0,a0308cc5293a95f9689886b7125aad909c93385e5a5b1cdacea2b281799ee779,False
2026-09-21T17:31:46.319438+00:00,,,32,0,0,a0308cc5293a95f9689886b7125aad909c93385e5a5b1cdacea2b281799ee779,False
2026-09-21T17:31:47.347054+00:00,,,32,0,0,a0308cc5293a95f9689886b7125aad909c93385e5a5b1cdacea2b281799ee779,False
2026-09-21T17:31:48.414401+00:00,,,32,0,0,a0308cc5293a95f9689886b7125aad909c93385e5a5b1cdacea2b281799ee779,False
2026-09-21T17:31:49.477908+00:00,,,32,0,0,a0308cc5293a95f9689886b7125aad909c93385e5a5b1cdacea2b281799ee779,False
2026-09-21T17:31:50.505821+00:00,,,32,0,0,a0308cc5293a95f9689886b7125aad909c93385e5a5b1cdacea2b281799ee779,False
2026-09-21T17:31:51.570322+00:00,,,32,0,0,a0308cc5293a95f9689886b7125aad909c93385e5a5b1cdacea2b281799ee779,False
2026-09-21T17:31:52.627734+00:00,,,32,0,0,a0308cc5293a95f9689886b7125aad909c93385e5a5b1cdacea2b281799ee779,False
2026-09-21T17:31:53.678868+00:00,,,32,0,0,a0308cc5293a95f9689886b7125aad909c93385e5a5b1cdacea2b281799ee779,False
2026-09-21T17:31:54.735064+00:00,,,32,0,0,a0308cc5293a95f9689886b7125aad909c93385e5a5b1cdacea2b281799ee779,False
2026-09-21T17:31:55.784688+00:00,,,32,0,0,a0308cc5293a95f9689886b7125aad909c93385e5a5b1cdacea2b281799ee779,False
2026-09-21T17:31:56.900632+00:00,,,32,0,0,a0308cc5293a95f9689886b7125aad909c93385e5a5b1cdacea2b281799ee779,False
2026-09-21T17:31:57.966303+00:00,,,32,0,0,a0308cc5293a95f9689886b7125aad909c93385e5a5b1cdacea2b281799ee779,False
2026-09-21T17:31:59.007759+00:00,,,32,0,0,a0308cc5293a95f9689886b7125aad909c93385e5a5b1cdacea2b281799ee779,False
2026-09-21T17:32:00.079162+00:00,,,32,0,0,a0308cc5293a95f9689886b7125aad909c93385e5a5b1cdacea2b281799ee779,False
2026-09-21T17:32:01.119848+00:00,,,32,0,0,a0308cc5293a95f9689886b7125aad909c93385e5a5b1cdacea2b281799ee779,False
2026-09-21T17:32:02.169798+00:00,,,32,0,0,a0308cc5293a95f9689886b7125aad909c93385e5a5b1cdacea2b281799ee779,False
2026-09-21T17:32:03.222592+00:00,,,32,0,0,a0308cc5293a95f9689886b7125aad909c93385e5a5b1cdacea2b281799ee779,False
2026-09-21T17:32:04.264405+00:00,,,32,0,0,a0308cc5293a95f9689886b7125aad909c93385e5a5b1cdacea2b281799ee779,False
2026-09-21T17:32:05.315053+00:00,,,32,0,0,a0308cc5293a95f9689886b7125aad909c93385e5a5b1cdacea2b281799ee779,False
2026-09-21T17:32:06.364311+00:00,,,32,0,0,a0308cc5293a95f9689886b7125aad909c93385e5a5b1cdacea2b281799ee779,False
2026-09-21T17:32:07.416280+00:00,,,32,0,0,a0308cc5293a95f9689886b7125aad909c93385e5a5b1cdacea2b281799ee779,False
2026-09-21T17:32:08.476379+00:00,,,32,0,0,a0308cc5293a95f9689886b7125aad909c93385e5a5b1cdacea2b281799ee779,False
2026-09-21T17:32:09.535354+00:00,,,32,0,0,a0308cc5293a95f9689886b7125aad909c93385e5a5b1cdacea2b281799ee779,False
2026-09-21T17:32:10.569994+00:00,,,32,0,0,a0308cc5293a95f9689886b7125aad909c93385e5a5b1cdacea2b281799ee779,False
2026-09-21T17:32:11.611721+00:00,,,32,0,0,a0308cc5293a95f9689886b7125aad909c93385e5a5b1cdacea2b281799ee779,False
2026-09-21T17:32:12.662692+00:00,,,32,0,0,a0308cc5293a95f9689886b7125aad909c93385e5a5b1cdacea2b281799ee779,False
2026-09-21T17:32:13.706814+00:00,,,32,0,0,a0308cc5293a95f9689886b7125aad909c93385e5a5b1cdacea2b281799ee779,False
2026-09-21T17:32:14.745727+00:00,,,32,0,0,a0308cc5293a95f9689886b7125aad909c93385e5a5b1cdacea2b281799ee779,False
2026-09-21T17:32:15.842609+00:00,,,32,0,0,a0308cc5293a95f9689886b7125aad909c93385e5a5b1cdacea2b281799ee779,False
2026-09-21T17:32:16.892670+00:00,,,32,0,0,a0308cc5293a95f9689886b7125aad909c93385e5a5b1cdacea2b281799ee779,False
2026-09-21T17:32:17.937069+00:00,,,32,0,0,a0308cc5293a95f9689886b7125aad909c93385e5a5b1cdacea2b281799ee779,False
2026-09-21T17:32:18.981621+00:00,,,32,0,0,a0308cc5293a95f9689886b7125aad909c93385e5a5b1cdacea2b281799ee779,False
2026-09-21T17:32:20.028560+00:00,,,32,0,0,a0308cc5293a95f9689886b7125aad909c93385e5a5b1cdacea2b281799ee779,False
2026-09-21T17:32:21.099156+00:00,,,32,0,0,a0308cc5293a95f9689886b7125aad909c93385e5a5b1cdacea2b281799ee779,False
2026-09-21T17:32:22.145259+00:00,,,32,0,0,a0308cc5293a95f9689886b7125aad909c93385e5a5b1cdacea2b281799ee779,False
2026-09-21T17:32:23.196259+00:00,,,32,0,0,a0308cc5293a95f9689886b7125aad909c93385e5a5b1cdacea2b281799ee779,False
2026-09-21T17:32:24.232775+00:00,,,32,0,0,a0308cc5293a95f9689886b7125aad909c93385e5a5b1cdacea2b281799ee779,False
2026-09-21T17:32:25.267692+00:00,,,32,0,0,a0308cc5293a95f9689886b7125aad909c93385e5a5b1cdacea2b281799ee779,False
2026-09-21T17:32:26.303333+00:00,,,32,0,0,a0308cc5293a95f9689886b7125aad909c93385e5a5b1cdacea2b281799ee779,False
2026-09-21T17:32:27.359476+00:00,,,32,0,0,a0308cc5293a95f9689886b7125aad909c93385e5a5b1cdacea2b281799ee779,False
2026-09-21T17:32:28.443438+00:00,,,32,0,0,a0308cc5293a95f9689886b7125aad909c93385e5a5b1cdacea2b281799ee779,False
2026-09-21T17:32:29.479908+00:00,,,32,0,0,a0308cc5293a95f9689886b7125aad909c93385e5a5b1cdacea2b281799ee779,False
2026-09-21T17:32:30.511353+00:00,,,32,0,0,a0308cc5293a95f9689886b7125aad909c93385e5a5b1cdacea2b281799ee779,False
2026-09-21T17:32:31.554480+00:00,,,32,0,0,a0308cc5293a95f9689886b7125aad909c93385e5a5b1cdacea2b281799ee779,False
2026-09-21T17:32:32.599012+00:00,,,32,0,0,a0308cc5293a95f9689886b7125aad909c93385e5a5b1cdacea2b281799ee779,False
2026-09-21T17:32:33.645126+00:00,,,32,0,0,a0308cc5293a95f9689886b7125aad909c93385e5a5b1cdacea2b281799ee779,False
2026-09-21T17:32:34.687155+00:00,,,32,0,0,a0308cc5293a95f9689886b7125aad909c93385e5a5b1cdacea2b281799ee779,False
2026-09-21T17:32:35.738194+00:00,,,32,0,0,a0308cc5293a95f9689886b7125aad909c93385e5a5b1cdacea2b281799ee779,False
2026-09-21T17:32:36.778903+00:00,,,32,0,0,a0308cc5293a95f9689886b7125aad909c93385e5a5b1cdacea2b281799ee779,False
2026-09-21T17:32:37.825221+00:00,,,32,0,0,a0308cc5293a95f9689886b7125aad909c93385e5a5b1cdacea2b281799ee779,False
2026-09-21T17:32:38.862043+00:00,,,32,0,0,a0308cc5293a95f9689886b7125aad909c93385e5a5b1cdacea2b281799ee779,False
2026-09-21T17:32:39.897043+00:00,,,32,0,0,a0308cc5293a95f9689886b7125aad909c93385e5a5b1cdacea2b281799ee779,False
2026-09-21T17:32:40.974372+00:00,,,32,0,0,a0308cc5293a95f9689886b7125aad909c93385e5a5b1cdacea2b281799ee779,False
2026-09-21T17:32:42.023404+00:00,,,32,0,0,a0308cc5293a95f9689886b7125aad909c93385e5a5b1cdacea2b281799ee779,False
2026-09-21T17:32:43.087361+00:00,,,32,0,0,a0308cc5293a95f9689886b7125aad909c93385e5a5b1cdacea2b281799ee779,False
2026-09-21T17:32:44.177814+00:00,,,32,0,0,a0308cc5293a95f9689886b7125aad909c93385e5a5b1cdacea2b281799ee779,False
2026-09-21T17:32:45.228186+00:00,,,32,0,0,a0308cc5293a95f9689886b7125aad909c93385e5a5b1cdacea2b281799ee779,False
2026-09-21T17:32:46.287460+00:00,,,32,0,0,a0308cc5293a95f9689886b7125aad909c93385e5a5b1cdacea2b281799ee779,False
2026-09-21T17:32:47.329666+00:00,,,32,0,0,a0308cc5293a95f9689886b7125aad909c93385e5a5b1cdacea2b281799ee779,False
2026-09-21T17:32:48.391875+00:00,,,32,0,0,a0308cc5293a95f9689886b7125aad909c93385e5a5b1cdacea2b281799ee779,False
2026-09-21T17:32:49.453385+00:00,,,32,0,0,a0308cc5293a95f9689886b7125aad909c93385e5a5b1cdacea2b281799ee779,False
2026-09-21T17:32:50.500598+00:00,,,32,0,0,a0308cc5293a95f9689886b7125aad909c93385e5a5b1cdacea2b281799ee779,False
2026-09-21T17:32:51.551298+00:00,,,32,0,0,a0308cc5293a95f9689886b7125aad909c93385e5a5b1cdacea2b281799ee779,False
2026-09-21T17:32:52.593281+00:00,,,32,0,0,a0308cc5293a95f9689886b7125aad909c93385e5a5b1cdacea2b281799ee779,False
2026-09-21T17:32:53.638056+00:00,,,32,0,0,a0308cc5293a95f9689886b7125aad909c93385e5a5b1cdacea2b281799ee779,False
2026-09-21T17:32:54.691254+00:00,,,32,0,0,a0308cc5293a95f9689886b7125aad909c93385e5a5b1cdacea2b281799ee779,False
2026-09-21T17:32:55.738101+00:00,,,32,0,0,a0308cc5293a95f9689886b7125aad909c93385e5a5b1cdacea2b281799ee779,False
2026-09-21T17:32:56.790246+00:00,,,32,0,0,a0308cc5293a95f9689886b7125aad909c93385e5a5b1cdacea2b281799ee779,False
2026-09-21T17:32:57.835016+00:00,,,32,0,0,a0308cc5293a95f9689886b7125aad909c93385e5a5b1cdacea2b281799ee779,False
2026-09-21T17:32:58.896527+00:00,,,32,0,0,a0308cc5293a95f9689886b7125aad909c93385e5a5b1cdacea2b281799ee779,False
2026-09-21T17:32:59.957067+00:00,,,32,0,0,a0308cc5293a95f9689886b7125aad909c93385e5a5b1cdacea2b281799ee779,False
2026-09-21T17:33:01.023836+00:00,,,32,0,0,a0308cc5293a95f9689886b7125aad909c93385e5a5b1cdacea2b281799ee779,False
2026-09-21T17:33:02.073009+00:00,,,32,0,0,a0308cc5293a95f9689886b7125aad909c93385e5a5b1cdacea2b281799ee779,False
2026-09-21T17:33:03.119277+00:00,,,32,0,0,a0308cc5293a95f9689886b7125aad909c93385e5a5b1cdacea2b281799ee779,False
2026-09-21T17:33:04.174739+00:00,,,32,0,0,a0308cc5293a95f9689886b7125aad909c93385e5a5b1cdacea2b281799ee779,False
2026-09-21T17:33:05.226208+00:00,,,32,0,0,a0308cc5293a95f9689886b7125aad909c93385e5a5b1cdacea2b281799ee779,False
2026-09-21T17:33:06.263746+00:00,,,32,0,0,a0308cc5293a95f9689886b7125aad909c93385e5a5b1cdacea2b281799ee779,False
2026-09-21T17:33:07.322044+00:00,,,32,0,0,a0308cc5293a95f9689886b7125aad909c93385e5a5b1cdacea2b281799ee779,False
2026-09-21T17:33:08.375202+00:00,,,32,0,0,a0308cc5293a95f9689886b7125aad909c93385e5a5b1cdacea2b281799ee779,False
2026-09-21T17:33:09.465441+00:00,,,32,0,0,a0308cc5293a95f9689886b7125aad909c93385e5a5b1cdacea2b281799ee779,False
2026-09-21T17:33:10.509613+00:00,,,32,0,0,a0308cc5293a95f9689886b7125aad909c93385e5a5b1cdacea2b281799ee779,False
2026-09-21T17:33:11.569724+00:00,,,32,0,0,a0308cc5293a95f9689886b7125aad909c93385e5a5b1cdacea2b281799ee779,False
2026-09-21T17:33:12.609314+00:00,,,32,0,0,a0308cc5293a95f9689886b7125aad909c93385e5a5b1cdacea2b281799ee779,False
2026-09-21T17:33:13.659858+00:00,,,32,0,0,a0308cc5293a95f9689886b7125aad909c93385e5a5b1cdacea2b281799ee779,False
2026-09-21T17:33:14.709809+00:00,,,32,0,0,a0308cc5293a95f9689886b7125aad909c93385e5a5b1cdacea2b281799ee779,False
2026-09-21T17:33:15.771266+00:00,,,32,0,0,a0308cc5293a95f9689886b7125aad909c93385e5a5b1cdacea2b281799ee779,False
2026-09-21T17:33:16.831405+00:00,,,32,0,0,a0308cc5293a95f9689886b7125aad909c93385e5a5b1cdacea2b281799ee779,False
2026-09-21T17:33:17.893084+00:00,,,32,0,0,a0308cc5293a95f9689886b7125aad909c93385e5a5b1cdacea2b281799ee779,False
2026-09-21T17:33:18.940743+00:00,,,32,0,0,a0308cc5293a95f9689886b7125aad909c93385e5a5b1cdacea2b281799ee779,False
2026-09-21T17:33:19.982727+00:00,,,32,0,0,a0308cc5293a95f9689886b7125aad909c93385e5a5b1cdacea2b281799ee779,False
2026-09-21T17:33:21.025009+00:00,,,32,0,0,a0308cc5293a95f9689886b7125aad909c93385e5a5b1cdacea2b281799ee779,False
2026-09-21T17:33:22.085657+00:00,,,32,0,0,a0308cc5293a95f9689886b7125aad909c93385e5a5b1cdacea2b281799ee779,False
2026-09-21T17:33:23.144050+00:00,,,32,0,0,a0308cc5293a95f9689886b7125aad909c93385e5a5b1cdacea2b281799ee779,False
2026-09-21T17:33:24.194998+00:00,,,32,0,0,a0308cc5293a95f9689886b7125aad909c93385e5a5b1cdacea2b281799ee779,False
2026-09-21T17:33:25.244726+00:00,,,32,0,0,a0308cc5293a95f9689886b7125aad909c93385e5a5b1cdacea2b281799ee779,False
2026-09-21T17:33:26.295979+00:00,,,32,0,0,a0308cc5293a95f9689886b7125aad909c93385e5a5b1cdacea2b281799ee779,False
2026-09-21T17:33:27.352023+00:00,,,32,0,0,a0308cc5293a95f9689886b7125aad909c93385e5a5b1cdacea2b281799ee779,False
2026-09-21T17:33:28.407307+00:00,,,32,0,0,a0308cc5293a95f9689886b7125aad909c93385e5a5b1cdacea2b281799ee779,False
2026-09-21T17:33:29.459884+00:00,,,32,0,0,a0308cc5293a95f9689886b7125aad909c93385e5a5b1cdacea2b281799ee779,False
2026-09-21T17:33:30.530538+00:00,,,32,0,0,a0308cc5293a95f9689886b7125aad909c93385e5a5b1cdacea2b281799ee779,False
2026-09-21T17:33:31.604942+00:00,,,32,0,0,a0308cc5293a95f9689886b7125aad909c93385e5a5b1cdacea2b281799ee779,False
2026-09-21T17:33:32.668712+00:00,,,32,0,0,a0308cc5293a95f9689886b7125aad909c93385e5a5b1cdacea2b281799ee779,False
2026-09-21T17:33:33.725339+00:00,,,32,0,0,a0308cc5293a95f9689886b7125aad909c93385e5a5b1cdacea2b281799ee779,False
2026-09-21T17:33:34.777241+00:00,,,32,0,0,a0308cc5293a95f9689886b7125aad909c93385e5a5b1cdacea2b281799ee779,False
2026-09-21T17:33:35.822935+00:00,,,32,0,0,a0308cc5293a95f9689886b7125aad909c93385e5a5b1cdacea2b281799ee779,False
2026-09-21T17:33:36.935520+00:00,,,32,0,0,a0308cc5293a95f9689886b7125aad909c93385e5a5b1cdacea2b281799ee779,False
2026-09-21T17:33:38.007820+00:00,,,32,0,0,a0308cc5293a95f9689886b7125aad909c93385e5a5b1cdacea2b281799ee779,False
2026-09-21T17:33:39.060055+00:00,,,32,0,0,a0308cc5293a95f9689886b7125aad909c93385e5a5b1cdacea2b281799ee779,False
2026-09-21T17:33:40.103619+00:00,,,32,0,0,a0308cc5293a95f9689886b7125aad909c93385e5a5b1cdacea2b281799ee779,False
2026-09-21T17:33:41.153132+00:00,,,32,0,0,a0308cc5293a95f9689886b7125aad909c93385e5a5b1cdacea2b281799ee779,False
2026-09-21T17:33:42.199425+00:00,,,32,0,0,a0308cc5293a95f9689886b7125aad909c93385e5a5b1cdacea2b281799ee779,False
2026-09-21T17:33:43.247128+00:00,,,32,0,0,a0308cc5293a95f9689886b7125aad909c93385e5a5b1cdacea2b281799ee779,False
2026-09-21T17:33:44.328221+00:00,,,32,0,0,a0308cc5293a95f9689886b7125aad909c93385e5a5b1cdacea2b281799ee779,False
2026-09-21T17:33:45.379217+00:00,,,32,0,0,a0308cc5293a95f9689886b7125aad909c93385e5a5b1cdacea2b281799ee779,False
2026-09-21T17:33:46.417351+00:00,,,32,0,0,a0308cc5293a95f9689886b7125aad909c93385e5a5b1cdacea2b281799ee779,False
2026-09-21T17:33:47.461953+00:00,,,32,0,0,a0308cc5293a95f9689886b7125aad909c93385e5a5b1cdacea2b281799ee779,False
2026-09-21T17:33:48.517229+00:00,,,32,0,0,a0308cc5293a95f9689886b7125aad909c93385e5a5b1cdacea2b281799ee779,False
2026-09-21T17:33:49.568424+00:00,,,32,0,0,a0308cc5293a95f9689886b7125aad909c93385e5a5b1cdacea2b281799ee779,False
2026-09-21T17:33:50.632304+00:00,,,32,0,0,a0308cc5293a95f9689886b7125aad909c93385e5a5b1cdacea2b281799ee779,False
2026-09-21T17:33:51.663623+00:00,,,32,0,0,a0308cc5293a95f9689886b7125aad909c93385e5a5b1cdacea2b281799ee779,False
2026-09-21T17:33:52.726310+00:00,,,32,0,0,a0308cc5293a95f9689886b7125aad909c93385e5a5b1cdacea2b281799ee779,False
2026-09-21T17:33:53.795460+00:00,,,32,0,0,a0308cc5293a95f9689886b7125aad909c93385e5a5b1cdacea2b281799ee779,False
2026-09-21T17:33:54.852845+00:00,,,32,0,0,a0308cc5293a95f9689886b7125aad909c93385e5a5b1cdacea2b281799ee779,False
2026-09-21T17:33:55.978369+00:00,,,32,0,0,a0308cc5293a95f9689886b7125aad909c93385e5a5b1cdacea2b281799ee779,False
2026-09-21T17:33:57.021348+00:00,,,32,0,0,a0308cc5293a95f9689886b7125aad909c93385e5a5b1cdacea2b281799ee779,False
2026-09-21T17:33:58.059759+00:00,,,32,0,0,a0308cc5293a95f9689886b7125aad909c93385e5a5b1cdacea2b281799ee779,False
2026-09-21T17:33:59.099245+00:00,,,32,0,0,a0308cc5293a95f9689886b7125aad909c93385e5a5b1cdacea2b281799ee779,False
2026-09-21T17:34:00.151636+00:00,,,32,0,0,a0308cc5293a95f9689886b7125aad909c93385e5a5b1cdacea2b281799ee779,False
2026-09-21T17:34:01.206095+00:00,,,32,0,0,a0308cc5293a95f9689886b7125aad909c93385e5a5b1cdacea2b281799ee779,False
2026-09-21T17:34:02.243789+00:00,,,32,0,0,a0308cc5293a95f9689886b7125aad909c93385e5a5b1cdacea2b281799ee779,False
2026-09-21T17:34:03.301244+00:00,,,32,0,0,a0308cc5293a95f9689886b7125aad909c93385e5a5b1cdacea2b281799ee779,False
2026-09-21T17:34:04.356660+00:00,,,32,0,0,a0308cc5293a95f9689886b7125aad909c93385e5a5b1cdacea2b281799ee779,False
2026-09-21T17:34:05.409769+00:00,,,32,0,0,a0308cc5293a95f9689886b7125aad909c93385e5a5b1cdacea2b281799ee779,False
2026-09-21T17:34:06.453402+00:00,,,32,0,0,a0308cc5293a95f9689886b7125aad909c93385e5a5b1cdacea2b281799ee779,False
2026-09-21T17:34:07.501136+00:00,,,32,0,0,a0308cc5293a95f9689886b7125aad909c93385e5a5b1cdacea2b281799ee779,False
2026-09-21T17:34:08.544885+00:00,,,32,0,0,a0308cc5293a95f9689886b7125aad909c93385e5a5b1cdacea2b281799ee779,False
2026-09-21T17:34:09.585844+00:00,,,32,0,0,a0308cc5293a95f9689886b7125aad909c93385e5a5b1cdacea2b281799ee779,False
2026-09-21T17:34:10.653785+00:00,,,32,0,0,a0308cc5293a95f9689886b7125aad909c93385e5a5b1cdacea2b281799ee779,False
2026-09-21T17:34:11.690485+00:00,,,32,0,0,a0308cc5293a95f9689886b7125aad909c93385e5a5b1cdacea2b281799ee779,False
2026-09-21T17:34:12.883484+00:00,,,32,0,0,a0308cc5293a95f9689886b7125aad909c93385e5a5b1cdacea2b281799ee779,False
2026-09-21T17:34:13.944974+00:00,,,32,0,0,a0308cc5293a95f9689886b7125aad909c93385e5a5b1cdacea2b281799ee779,False
2026-09-21T17:34:15.000962+00:00,,,32,0,0,a0308cc5293a95f9689886b7125aad909c93385e5a5b1cdacea2b281799ee779,False
2026-09-21T17:34:16.103188+00:00,,,32,0,0,a0308cc5293a95f9689886b7125aad909c93385e5a5b1cdacea2b281799ee779,False
2026-09-21T17:34:17.147538+00:00,,,32,0,0,a0308cc5293a95f9689886b7125aad909c93385e5a5b1cdacea2b281799ee779,False
2026-09-21T17:34:18.198879+00:00,,,32,0,0,a0308cc5293a95f9689886b7125aad909c93385e5a5b1cdacea2b281799ee779,False
2026-09-21T17:34:19.281283+00:00,,,32,0,0,a0308cc5293a95f9689886b7125aad909c93385e5a5b1cdacea2b281799ee779,False
2026-09-21T17:34:20.329458+00:00,,,32,0,0,a0308cc5293a95f9689886b7125aad909c93385e5a5b1cdacea2b281799ee779,False
2026-09-21T17:34:21.375499+00:00,,,32,0,0,a0308cc5293a95f9689886b7125aad909c93385e5a5b1cdacea2b281799ee779,False
2026-09-21T17:34:22.432792+00:00,,,32,0,0,a0308cc5293a95f9689886b7125aad909c93385e5a5b1cdacea2b281799ee779,False
2026-09-21T17:34:23.494773+00:00,,,32,0,0,a0308cc5293a95f9689886b7125aad909c93385e5a5b1cdacea2b281799ee779,False
2026-09-21T17:34:24.547303+00:00,,,32,0,0,a0308cc5293a95f9689886b7125aad909c93385e5a5b1cdacea2b281799ee779,False
2026-09-21T17:34:25.617081+00:00,,,32,0,0,a0308cc5293a95f9689886b7125aad909c93385e5a5b1cdacea2b281799ee779,False
2026-09-21T17:34:26.648761+00:00,,,32,0,0,a0308cc5293a95f9689886b7125aad909c93385e5a5b1cdacea2b281799ee779,False
2026-09-21T17:34:27.714412+00:00,,,32,0,0,a0308cc5293a95f9689886b7125aad909c93385e5a5b1cdacea2b281799ee779,False
2026-09-21T17:34:28.772373+00:00,,,32,0,0,a0308cc5293a95f9689886b7125aad909c93385e5a5b1cdacea2b281799ee779,False
2026-09-21T17:34:29.844287+00:00,,,32,0,0,a0308cc5293a95f9689886b7125aad909c93385e5a5b1cdacea2b281799ee779,False
2026-09-21T17:34:30.885793+00:00,,,32,0,0,a0308cc5293a95f9689886b7125aad909c93385e5a5b1cdacea2b281799ee779,False
2026-09-21T17:34:31.930415+00:00,,,32,0,0,a0308cc5293a95f9689886b7125aad909c93385e5a5b1cdacea2b281799ee779,False
2026-09-21T17:34:32.976716+00:00,,,32,0,0,a0308cc5293a95f9689886b7125aad909c93385e5a5b1cdacea2b281799ee779,False
2026-09-21T17:34:34.045834+00:00,,,32,0,0,a0308cc5293a95f9689886b7125aad909c93385e5a5b1cdacea2b281799ee779,False
2026-09-21T17:34:35.086488+00:00,,,32,0,0,a0308cc5293a95f9689886b7125aad909c93385e5a5b1cdacea2b281799ee779,False
2026-09-21T17:34:36.139756+00:00,,,32,0,0,a0308cc5293a95f9689886b7125aad909c93385e5a5b1cdacea2b281799ee779,False
2026-09-21T17:34:37.189357+00:00,,,32,0,0,a0308cc5293a95f9689886b7125aad909c93385e5a5b1cdacea2b281799ee779,False
2026-09-21T17:34:38.238475+00:00,,,32,0,0,a0308cc5293a95f9689886b7125aad909c93385e5a5b1cdacea2b281799ee779,False
2026-09-21T17:34:39.291730+00:00,,,32,0,0,a0308cc5293a95f9689886b7125aad909c93385e5a5b1cdacea2b281799ee779,False
2026-09-21T17:34:40.343274+00:00,,,32,0,0,a0308cc5293a95f9689886b7125aad909c93385e5a5b1cdacea2b281799ee779,False
2026-09-21T17:34:41.396839+00:00,,,32,0,0,a0308cc5293a95f9689886b7125aad909c93385e5a5b1cdacea2b281799ee779,False
2026-09-21T17:34:42.432099+00:00,,,32,0,0,a0308cc5293a95f9689886b7125aad909c93385e5a5b1cdacea2b281799ee779,False
2026-09-21T17:34:43.472778+00:00,,,32,0,0,a0308cc5293a95f9689886b7125aad909c93385e5a5b1cdacea2b281799ee779,False
2026-09-21T17:34:44.516666+00:00,,,32,0,0,a0308cc5293a95f9689886b7125aad909c93385e5a5b1cdacea2b281799ee779,False
2026-09-21T17:34:45.571957+00:00,,,32,0,0,a0308cc5293a95f9689886b7125aad909c93385e5a5b1cdacea2b281799ee779,False
2026-09-21T17:34:46.619226+00:00,,,32,0,0,a0308cc5293a95f9689886b7125aad909c93385e5a5b1cdacea2b281799ee779,False
2026-09-21T17:34:47.677795+00:00,,,32,0,0,a0308cc5293a95f9689886b7125aad909c93385e5a5b1cdacea2b281799ee779,False
2026-09-21T17:34:48.730078+00:00,,,32,0,0,a0308cc5293a95f9689886b7125aad909c93385e5a5b1cdacea2b281799ee779,False
2026-09-21T17:34:49.785586+00:00,,,32,0,0,a0308cc5293a95f9689886b7125aad909c93385e5a5b1cdacea2b281799ee779,False
2026-09-21T17:34:50.830562+00:00,,,32,0,0,a0308cc5293a95f9689886b7125aad909c93385e5a5b1cdacea2b281799ee779,False
2026-09-21T17:34:51.871777+00:00,,,32,0,0,a0308cc5293a95f9689886b7125aad909c93385e5a5b1cdacea2b281799ee779,False
2026-09-21T17:34:52.935192+00:00,,,32,0,0,a0308cc5293a95f9689886b7125aad909c93385e5a5b1cdacea2b281799ee779,False
2026-09-21T17:34:53.977173+00:00,,,32,0,0,a0308cc5293a95f9689886b7125aad909c93385e5a5b1cdacea2b281799ee779,False
2026-09-21T17:34:55.035771+00:00,,,32,0,0,a0308cc5293a95f9689886b7125aad909c93385e5a5b1cdacea2b281799ee779,False
2026-09-21T17:34:56.068415+00:00,,,32,0,0,a0308cc5293a95f9689886b7125aad909c93385e5a5b1cdacea2b281799ee779,False
2026-09-21T17:34:57.125148+00:00,,,32,0,0,a0308cc5293a95f9689886b7125aad909c93385e5a5b1cdacea2b281799ee779,False
2026-09-21T17:34:58.188024+00:00,,,32,0,0,a0308cc5293a95f9689886b7125aad909c93385e5a5b1cdacea2b281799ee779,False
2026-09-21T17:34:59.231710+00:00,,,32,0,0,a0308cc5293a95f9689886b7125aad909c93385e5a5b1cdacea2b281799ee779,False
2026-09-21T17:35:00.288202+00:00,,,32,0,0,a0308cc5293a95f9689886b7125aad909c93385e5a5b1cdacea2b281799ee779,False
2026-09-21T17:35:01.329455+00:00,,,32,0,0,a0308cc5293a95f9689886b7125aad909c93385e5a5b1cdacea2b281799ee779,False
2026-09-21T17:35:02.378912+00:00,,,32,0,0,a0308cc5293a95f9689886b7125aad909c93385e5a5b1cdacea2b281799ee779,False
2026-09-21T17:35:03.425903+00:00,,,32,0,0,a0308cc5293a95f9689886b7125aad909c93385e5a5b1cdacea2b281799ee779,False
2026-09-21T17:35:04.511984+00:00,,,32,0,0,a0308cc5293a95f9689886b7125aad909c93385e5a5b1cdacea2b281799ee779,False
2026-09-21T17:35:05.575607+00:00,,,32,0,0,a0308cc5293a95f9689886b7125aad909c93385e5a5b1cdacea2b281799ee779,False
2026-09-21T17:35:06.618904+00:00,,,32,0,0,a0308cc5293a95f9689886b7125aad909c93385e5a5b1cdacea2b281799ee779,False
2026-09-21T17:35:07.665095+00:00,,,32,0,0,a0308cc5293a95f9689886b7125aad909c93385e5a5b1cdacea2b281799ee779,False
2026-09-21T17:35:08.688376+00:00,,,32,0,0,a0308cc5293a95f9689886b7125aad909c93385e5a5b1cdacea2b281799ee779,False
2026-09-21T17:35:09.741490+00:00,,,32,0,0,a0308cc5293a95f9689886b7125aad909c93385e5a5b1cdacea2b281799ee779,False
2026-09-21T17:35:10.794867+00:00,,,32,0,0,a0308cc5293a95f9689886b7125aad909c93385e5a5b1cdacea2b281799ee779,False
2026-09-21T17:35:11.884333+00:00,,,32,0,0,a0308cc5293a95f9689886b7125aad909c93385e5a5b1cdacea2b281799ee779,False
2026-09-21T17:35:12.932359+00:00,,,32,0,0,a0308cc5293a95f9689886b7125aad909c93385e5a5b1cdacea2b281799ee779,False
2026-09-21T17:35:13.982287+00:00,,,32,0,0,a0308cc5293a95f9689886b7125aad909c93385e5a5b1cdacea2b281799ee779,False
2026-09-21T17:35:15.033880+00:00,,,32,0,0,a0308cc5293a95f9689886b7125aad909c93385e5a5b1cdacea2b281799ee779,False
2026-09-21T17:35:16.084454+00:00,,,32,0,0,a0308cc5293a95f9689886b7125aad909c93385e5a5b1cdacea2b281799ee779,False
2026-09-21T17:35:17.138017+00:00,,,32,0,0,a0308cc5293a95f9689886b7125aad909c93385e5a5b1cdacea2b281799ee779,False
2026-09-21T17:35:18.210835+00:00,,,32,0,0,a0308cc5293a95f9689886b7125aad909c93385e5a5b1cdacea2b281799ee779,False
2026-09-21T17:35:19.249816+00:00,,,32,0,0,a0308cc5293a95f9689886b7125aad909c93385e5a5b1cdacea2b281799ee779,False
2026-09-21T17:35:20.311253+00:00,,,32,0,0,a0308cc5293a95f9689886b7125aad909c93385e5a5b1cdacea2b281799ee779,False
2026-09-21T17:35:21.357526+00:00,,,32,0,0,a0308cc5293a95f9689886b7125aad909c93385e5a5b1cdacea2b281799ee779,False
2026-09-21T17:35:22.593036+00:00,,,32,0,0,a0308cc5293a95f9689886b7125aad909c93385e5a5b1cdacea2b281799ee779,False
2026-09-21T17:35:23.642436+00:00,,,32,0,0,a0308cc5293a95f9689886b7125aad909c93385e5a5b1cdacea2b281799ee779,False
2026-09-21T17:35:24.690456+00:00,,,32,0,0,a0308cc5293a95f9689886b7125aad909c93385e5a5b1cdacea2b281799ee779,False
2026-09-21T17:35:25.740449+00:00,,,32,0,0,a0308cc5293a95f9689886b7125aad909c93385e5a5b1cdacea2b281799ee779,False
2026-09-21T17:35:26.794142+00:00,,,32,0,0,a0308cc5293a95f9689886b7125aad909c93385e5a5b1cdacea2b281799ee779,False
2026-09-21T17:35:27.857618+00:00,,,32,0,0,a0308cc5293a95f9689886b7125aad909c93385e5a5b1cdacea2b281799ee779,False
2026-09-21T17:35:28.917364+00:00,,,32,0,0,a0308cc5293a95f9689886b7125aad909c93385e5a5b1cdacea2b281799ee779,False
2026-09-21T17:35:29.970231+00:00,,,32,0,0,a0308cc5293a95f9689886b7125aad909c93385e5a5b1cdacea2b281799ee779,False
2026-09-21T17:35:31.004501+00:00,,,32,0,0,a0308cc5293a95f9689886b7125aad909c93385e5a5b1cdacea2b281799ee779,False
2026-09-21T17:35:32.033776+00:00,,,32,0,0,a0308cc5293a95f9689886b7125aad909c93385e5a5b1cdacea2b281799ee779,False
2026-09-21T17:35:33.077876+00:00,,,32,0,0,a0308cc5293a95f9689886b7125aad909c93385e5a5b1cdacea2b281799ee779,False
2026-09-21T17:35:34.132191+00:00,,,32,0,0,a0308cc5293a95f9689886b7125aad909c93385e5a5b1cdacea2b281799ee779,False
2026-09-21T17:35:35.185090+00:00,,,32,0,0,a0308cc5293a95f9689886b7125aad909c93385e5a5b1cdacea2b281799ee779,False
2026-09-21T17:35:36.258304+00:00,,,32,0,0,a0308cc5293a95f9689886b7125aad909c93385e5a5b1cdacea2b281799ee779,False
2026-09-21T17:35:37.310225+00:00,,,32,0,0,a0308cc5293a95f9689886b7125aad909c93385e5a5b1cdacea2b281799ee779,False
2026-09-21T17:35:38.380074+00:00,,,32,0,0,a0308cc5293a95f9689886b7125aad909c93385e5a5b1cdacea2b281799ee779,False
2026-09-21T17:35:39.470869+00:00,,,32,0,0,a0308cc5293a95f9689886b7125aad909c93385e5a5b1cdacea2b281799ee779,False
2026-09-21T17:35:40.523376+00:00,,,32,0,0,a0308cc5293a95f9689886b7125aad909c93385e5a5b1cdacea2b281799ee779,False
2026-09-21T17:35:41.590132+00:00,,,32,0,0,a0308cc5293a95f9689886b7125aad909c93385e5a5b1cdacea2b281799ee779,False
2026-09-21T17:35:42.632734+00:00,,,32,0,0,a0308cc5293a95f9689886b7125aad909c93385e5a5b1cdacea2b281799ee779,False
2026-09-21T17:35:44.024476+00:00,,,32,0,0,a0308cc5293a95f9689886b7125aad909c93385e5a5b1cdacea2b281799ee779,False
2026-09-21T17:35:45.063847+00:00,,,32,0,0,a0308cc5293a95f9689886b7125aad909c93385e5a5b1cdacea2b281799ee779,False
2026-09-21T17:35:46.128175+00:00,,,32,0,0,a0308cc5293a95f9689886b7125aad909c93385e5a5b1cdacea2b281799ee779,False
2026-09-21T17:35:47.173196+00:00,,,32,0,0,a0308cc5293a95f9689886b7125aad909c93385e5a5b1cdacea2b281799ee779,False
2026-09-21T17:35:48.220411+00:00,,,32,0,0,a0308cc5293a95f9689886b7125aad909c93385e5a5b1cdacea2b281799ee779,False
2026-09-21T17:35:49.279630+00:00,,,32,0,0,a0308cc5293a95f9689886b7125aad909c93385e5a5b1cdacea2b281799ee779,False
2026-09-21T17:35:50.316091+00:00,,,32,0,0,a0308cc5293a95f9689886b7125aad909c93385e5a5b1cdacea2b281799ee779,False
2026-09-21T17:35:51.381341+00:00,,,32,0,0,a0308cc5293a95f9689886b7125aad909c93385e5a5b1cdacea2b281799ee779,False
2026-09-21T17:35:52.439961+00:00,,,32,0,0,a0308cc5293a95f9689886b7125aad909c93385e5a5b1cdacea2b281799ee779,False
2026-09-21T17:35:53.486934+00:00,,,32,0,0,a0308cc5293a95f9689886b7125aad909c93385e5a5b1cdacea2b281799ee779,False
2026-09-21T17:35:54.541427+00:00,,,32,0,0,a0308cc5293a95f9689886b7125aad909c93385e5a5b1cdacea2b281799ee779,False
2026-09-21T17:35:55.580410+00:00,,,32,0,0,a0308cc5293a95f9689886b7125aad909c93385e5a5b1cdacea2b281799ee779,False
2026-09-21T17:35:56.638175+00:00,,,32,0,0,a0308cc5293a95f9689886b7125aad909c93385e5a5b1cdacea2b281799ee779,False
2026-09-21T17:35:57.700767+00:00,,,32,0,0,a0308cc5293a95f9689886b7125aad909c93385e5a5b1cdacea2b281799ee779,False
2026-09-21T17:35:58.761414+00:00,,,32,0,0,a0308cc5293a95f9689886b7125aad909c93385e5a5b1cdacea2b281799ee779,False
2026-09-21T17:35:59.801926+00:00,,,32,0,0,a0308cc5293a95f9689886b7125aad909c93385e5a5b1cdacea2b281799ee779,False
2026-09-21T17:36:00.860860+00:00,,,32,0,0,a0308cc5293a95f9689886b7125aad909c93385e5a5b1cdacea2b281799ee779,False
2026-09-21T17:36:01.903852+00:00,,,32,0,0,a0308cc5293a95f9689886b7125aad909c93385e5a5b1cdacea2b281799ee779,False
2026-09-21T17:36:02.944366+00:00,,,32,0,0,a0308cc5293a95f9689886b7125aad909c93385e5a5b1cdacea2b281799ee779,False
2026-09-21T17:36:03.985934+00:00,,,32,0,0,a0308cc5293a95f9689886b7125aad909c93385e5a5b1cdacea2b281799ee779,False
2026-09-21T17:36:05.025898+00:00,,,32,0,0,a0308cc5293a95f9689886b7125aad909c93385e5a5b1cdacea2b281799ee779,False
2026-09-21T17:36:06.069828+00:00,,,32,0,0,a0308cc5293a95f9689886b7125aad909c93385e5a5b1cdacea2b281799ee779,False
2026-09-21T17:36:07.123300+00:00,,,32,0,0,a0308cc5293a95f9689886b7125aad909c93385e5a5b1cdacea2b281799ee779,False
2026-09-21T17:36:08.167157+00:00,,,32,0,0,a0308cc5293a95f9689886b7125aad909c93385e5a5b1cdacea2b281799ee779,False
2026-09-21T17:36:09.217468+00:00,,,32,0,0,a0308cc5293a95f9689886b7125aad909c93385e5a5b1cdacea2b281799ee779,False
2026-09-21T17:36:10.263270+00:00,,,32,0,0,a0308cc5293a95f9689886b7125aad909c93385e5a5b1cdacea2b281799ee779,False
2026-09-21T17:36:11.304742+00:00,,,32,0,0,a0308cc5293a95f9689886b7125aad909c93385e5a5b1cdacea2b281799ee779,False
2026-09-21T17:36:12.351130+00:00,,,32,0,0,a0308cc5293a95f9689886b7125aad909c93385e5a5b1cdacea2b281799ee779,False
2026-09-21T17:36:13.409719+00:00,,,32,0,0,a0308cc5293a95f9689886b7125aad909c93385e5a5b1cdacea2b281799ee779,False
2026-09-21T17:36:14.461002+00:00,,,32,0,0,a0308cc5293a95f9689886b7125aad909c93385e5a5b1cdacea2b281799ee779,False
2026-09-21T17:36:15.499275+00:00,,,32,0,0,a0308cc5293a95f9689886b7125aad909c93385e5a5b1cdacea2b281799ee779,False
2026-09-21T17:36:16.561471+00:00,,,32,0,0,a0308cc5293a95f9689886b7125aad909c93385e5a5b1cdacea2b281799ee779,False
2026-09-21T17:36:17.597999+00:00,,,32,0,0,a0308cc5293a95f9689886b7125aad909c93385e5a5b1cdacea2b281799ee779,False
2026-09-21T17:36:18.650193+00:00,,,32,0,0,a0308cc5293a95f9689886b7125aad909c93385e5a5b1cdacea2b281799ee779,False
2026-09-21T17:36:19.695901+00:00,,,32,0,0,a0308cc5293a95f9689886b7125aad909c93385e5a5b1cdacea2b281799ee779,False
2026-09-21T17:36:20.745810+00:00,,,32,0,0,a0308cc5293a95f9689886b7125aad909c93385e5a5b1cdacea2b281799ee779,False
2026-09-21T17:36:21.806700+00:00,,,32,0,0,a0308cc5293a95f9689886b7125aad909c93385e5a5b1cdacea2b281799ee779,False
2026-09-21T17:36:22.861636+00:00,,,32,0,0,a0308cc5293a95f9689886b7125aad909c93385e5a5b1cdacea2b281799ee779,False
2026-09-21T17:36:23.918017+00:00,,,32,0,0,a0308cc5293a95f9689886b7125aad909c93385e5a5b1cdacea2b281799ee779,False
2026-09-21T17:36:24.953339+00:00,,,32,0,0,a0308cc5293a95f9689886b7125aad909c93385e5a5b1cdacea2b281799ee779,False
2026-09-21T17:36:25.998943+00:00,,,32,0,0,a0308cc5293a95f9689886b7125aad909c93385e5a5b1cdacea2b281799ee779,False
2026-09-21T17:36:27.038017+00:00,,,32,0,0,a0308cc5293a95f9689886b7125aad909c93385e5a5b1cdacea2b281799ee779,False
2026-09-21T17:36:28.071944+00:00,,,32,0,0,a0308cc5293a95f9689886b7125aad909c93385e5a5b1cdacea2b281799ee779,False
2026-09-21T17:36:29.120812+00:00,,,32,0,0,a0308cc5293a95f9689886b7125aad909c93385e5a5b1cdacea2b281799ee779,False
2026-09-21T17:36:30.169478+00:00,,,32,0,0,a0308cc5293a95f9689886b7125aad909c93385e5a5b1cdacea2b281799ee779,False
2026-09-21T17:36:31.215199+00:00,,,32,0,0,a0308cc5293a95f9689886b7125aad909c93385e5a5b1cdacea2b281799ee779,False
2026-09-21T17:36:32.257429+00:00,,,32,0,0,a0308cc5293a95f9689886b7125aad909c93385e5a5b1cdacea2b281799ee779,False
2026-09-21T17:36:33.302107+00:00,,,32,0,0,a0308cc5293a95f9689886b7125aad909c93385e5a5b1cdacea2b281799ee779,False
2026-09-21T17:36:34.357540+00:00,,,32,0,0,a0308cc5293a95f9689886b7125aad909c93385e5a5b1cdacea2b281799ee779,False
2026-09-21T17:36:35.429587+00:00,,,32,0,0,a0308cc5293a95f9689886b7125aad909c93385e5a5b1cdacea2b281799ee779,False
2026-09-21T17:36:36.484020+00:00,,,32,0,0,a0308cc5293a95f9689886b7125aad909c93385e5a5b1cdacea2b281799ee779,False
2026-09-21T17:36:37.503124+00:00,,,32,0,0,a0308cc5293a95f9689886b7125aad909c93385e5a5b1cdacea2b281799ee779,False
2026-09-21T17:36:38.550764+00:00,,,32,0,0,a0308cc5293a95f9689886b7125aad909c93385e5a5b1cdacea2b281799ee779,False
2026-09-21T17:36:39.598963+00:00,,,32,0,0,a0308cc5293a95f9689886b7125aad909c93385e5a5b1cdacea2b281799ee779,False
2026-09-21T17:36:40.651379+00:00,,,32,0,0,a0308cc5293a95f9689886b7125aad909c93385e5a5b1cdacea2b281799ee779,False
2026-09-21T17:36:41.686117+00:00,,,32,0,0,a0308cc5293a95f9689886b7125aad909c93385e5a5b1cdacea2b281799ee779,False
2026-09-21T17:36:42.737729+00:00,,,32,0,0,a0308cc5293a95f9689886b7125aad909c93385e5a5b1cdacea2b281799ee779,False
2026-09-21T17:36:43.770163+00:00,,,32,0,0,a0308cc5293a95f9689886b7125aad909c93385e5a5b1cdacea2b281799ee779,False
2026-09-21T17:36:44.818313+00:00,,,32,0,0,a0308cc5293a95f9689886b7125aad909c93385e5a5b1cdacea2b281799ee779,False
2026-09-21T17:36:45.855632+00:00,,,32,0,0,a0308cc5293a95f9689886b7125aad909c93385e5a5b1cdacea2b281799ee779,False
2026-09-21T17:36:46.929177+00:00,,,32,0,0,a0308cc5293a95f9689886b7125aad909c93385e5a5b1cdacea2b281799ee779,False
2026-09-21T17:36:47.974182+00:00,,,32,0,0,a0308cc5293a95f9689886b7125aad909c93385e5a5b1cdacea2b281799ee779,False
2026-09-21T17:36:49.015241+00:00,,,32,0,0,a0308cc5293a95f9689886b7125aad909c93385e5a5b1cdacea2b281799ee779,False
2026-09-21T17:36:50.089163+00:00,,,32,0,0,a0308cc5293a95f9689886b7125aad909c93385e5a5b1cdacea2b281799ee779,False
2026-09-21T17:36:51.157052+00:00,,,32,0,0,a0308cc5293a95f9689886b7125aad909c93385e5a5b1cdacea2b281799ee779,False
2026-09-21T17:36:52.211152+00:00,,,32,0,0,a0308cc5293a95f9689886b7125aad909c93385e5a5b1cdacea2b281799ee779,False
2026-09-21T17:36:53.250917+00:00,,,32,0,0,a0308cc5293a95f9689886b7125aad909c93385e5a5b1cdacea2b281799ee779,False
2026-09-21T17:36:54.301511+00:00,,,32,0,0,a0308cc5293a95f9689886b7125aad909c93385e5a5b1cdacea2b281799ee779,False
2026-09-21T17:36:55.353851+00:00,,,32,0,0,a0308cc5293a95f9689886b7125aad909c93385e5a5b1cdacea2b281799ee779,False
2026-09-21T17:36:56.399250+00:00,,,32,0,0,a0308cc5293a95f9689886b7125aad909c93385e5a5b1cdacea2b281799ee779,False
2026-09-21T17:36:57.462719+00:00,,,32,0,0,a0308cc5293a95f9689886b7125aad909c93385e5a5b1cdacea2b281799ee779,False
2026-09-21T17:36:58.509886+00:00,,,32,0,0,a0308cc5293a95f9689886b7125aad909c93385e5a5b1cdacea2b281799ee779,False
2026-09-21T17:36:59.553034+00:00,,,32,0,0,a0308cc5293a95f9689886b7125aad909c93385e5a5b1cdacea2b281799ee779,False
2026-09-21T17:37:00.587452+00:00,,,32,0,0,a0308cc5293a95f9689886b7125aad909c93385e5a5b1cdacea2b281799ee779,False
2026-09-21T17:37:01.618506+00:00,,,32,0,0,a0308cc5293a95f9689886b7125aad909c93385e5a5b1cdacea2b281799ee779,False
2026-09-21T17:37:02.655596+00:00,,,32,0,0,a0308cc5293a95f9689886b7125aad909c93385e5a5b1cdacea2b281799ee779,False
2026-09-21T17:37:03.705750+00:00,,,32,0,0,a0308cc5293a95f9689886b7125aad909c93385e5a5b1cdacea2b281799ee779,False
2026-09-21T17:37:04.749982+00:00,,,32,0,0,a0308cc5293a95f9689886b7125aad909c93385e5a5b1cdacea2b281799ee779,False
2026-09-21T17:37:05.788490+00:00,,,32,0,0,a0308cc5293a95f9689886b7125aad909c93385e5a5b1cdacea2b281799ee779,False
2026-09-21T17:37:06.839119+00:00,,,32,0,0,a0308cc5293a95f9689886b7125aad909c93385e5a5b1cdacea2b281799ee779,False
2026-09-21T17:37:07.880304+00:00,,,32,0,0,a0308cc5293a95f9689886b7125aad909c93385e5a5b1cdacea2b281799ee779,False
2026-09-21T17:37:08.936245+00:00,,,32,0,0,a0308cc5293a95f9689886b7125aad909c93385e5a5b1cdacea2b281799ee779,False
2026-09-21T17:37:09.974167+00:00,,,32,0,0,a0308cc5293a95f9689886b7125aad909c93385e5a5b1cdacea2b281799ee779,False
2026-09-21T17:37:11.021345+00:00,,,32,0,0,a0308cc5293a95f9689886b7125aad909c93385e5a5b1cdacea2b281799ee779,False
2026-09-21T17:37:12.075256+00:00,,,32,0,0,a0308cc5293a95f9689886b7125aad909c93385e5a5b1cdacea2b281799ee779,False
2026-09-21T17:37:13.118270+00:00,,,32,0,0,a0308cc5293a95f9689886b7125aad909c93385e5a5b1cdacea2b281799ee779,False
2026-09-21T17:37:14.184230+00:00,,,32,0,0,a0308cc5293a95f9689886b7125aad909c93385e5a5b1cdacea2b281799ee779,False
2026-09-21T17:37:15.242143+00:00,,,32,0,0,a0308cc5293a95f9689886b7125aad909c93385e5a5b1cdacea2b281799ee779,False
2026-09-21T17:37:16.294894+00:00,,,32,0,0,a0308cc5293a95f9689886b7125aad909c93385e5a5b1cdacea2b281799ee779,False
2026-09-21T17:37:17.347793+00:00,,,32,0,0,a0308cc5293a95f9689886b7125aad909c93385e5a5b1cdacea2b281799ee779,False
2026-09-21T17:37:18.599641+00:00,,,32,0,0,a0308cc5293a95f9689886b7125aad909c93385e5a5b1cdacea2b281799ee779,False
2026-09-21T17:37:19.642050+00:00,,,32,0,0,a0308cc5293a95f9689886b7125aad909c93385e5a5b1cdacea2b281799ee779,False
2026-09-21T17:37:20.686983+00:00,,,32,0,0,a0308cc5293a95f9689886b7125aad909c93385e5a5b1cdacea2b281799ee779,False
2026-09-21T17:37:21.730835+00:00,,,32,0,0,a0308cc5293a95f9689886b7125aad909c93385e5a5b1cdacea2b281799ee779,False
2026-09-21T17:37:22.790655+00:00,,,32,0,0,a0308cc5293a95f9689886b7125aad909c93385e5a5b1cdacea2b281799ee779,False
2026-09-21T17:37:23.886394+00:00,,,32,0,0,a0308cc5293a95f9689886b7125aad909c93385e5a5b1cdacea2b281799ee779,False
2026-09-21T17:37:24.943654+00:00,,,32,0,0,a0308cc5293a95f9689886b7125aad909c93385e5a5b1cdacea2b281799ee779,False
2026-09-21T17:37:26.006686+00:00,,,32,0,0,a0308cc5293a95f9689886b7125aad909c93385e5a5b1cdacea2b281799ee779,False
2026-09-21T17:37:27.037965+00:00,,,32,0,0,a0308cc5293a95f9689886b7125aad909c93385e5a5b1cdacea2b281799ee779,False
2026-09-21T17:37:28.065276+00:00,,,32,0,0,a0308cc5293a95f9689886b7125aad909c93385e5a5b1cdacea2b281799ee779,False
2026-09-21T17:37:29.097233+00:00,,,32,0,0,a0308cc5293a95f9689886b7125aad909c93385e5a5b1cdacea2b281799ee779,False
2026-09-21T17:37:30.170444+00:00,,,32,0,0,a0308cc5293a95f9689886b7125aad909c93385e5a5b1cdacea2b281799ee779,False
2026-09-21T17:37:31.237978+00:00,,,32,0,0,a0308cc5293a95f9689886b7125aad909c93385e5a5b1cdacea2b281799ee779,False
2026-09-21T17:37:32.283192+00:00,,,32,0,0,a0308cc5293a95f9689886b7125aad909c93385e5a5b1cdacea2b281799ee779,False
2026-09-21T17:37:33.335280+00:00,,,32,0,0,a0308cc5293a95f9689886b7125aad909c93385e5a5b1cdacea2b281799ee779,False
2026-09-21T17:37:34.377031+00:00,,,32,0,0,a0308cc5293a95f9689886b7125aad909c93385e5a5b1cdacea2b281799ee779,False
2026-09-21T17:37:35.429728+00:00,,,32,0,0,a0308cc5293a95f9689886b7125aad909c93385e5a5b1cdacea2b281799ee779,False
2026-09-21T17:37:36.510982+00:00,,,32,0,0,a0308cc5293a95f9689886b7125aad909c93385e5a5b1cdacea2b281799ee779,False
2026-09-21T17:37:37.602024+00:00,,,32,0,0,a0308cc5293a95f9689886b7125aad909c93385e5a5b1cdacea2b281799ee779,False
2026-09-21T17:37:38.656028+00:00,,,32,0,0,a0308cc5293a95f9689886b7125aad909c93385e5a5b1cdacea2b281799ee779,False
2026-09-21T17:37:39.736172+00:00,,,32,0,0,a0308cc5293a95f9689886b7125aad909c93385e5a5b1cdacea2b281799ee779,False
2026-09-21T17:37:40.781380+00:00,,,32,0,0,a0308cc5293a95f9689886b7125aad909c93385e5a5b1cdacea2b281799ee779,False
2026-09-21T17:37:41.841365+00:00,,,32,0,0,a0308cc5293a95f9689886b7125aad909c93385e5a5b1cdacea2b281799ee779,False
2026-09-21T17:37:42.900195+00:00,,,32,0,0,a0308cc5293a95f9689886b7125aad909c93385e5a5b1cdacea2b281799ee779,False
2026-09-21T17:37:43.944549+00:00,,,32,0,0,a0308cc5293a95f9689886b7125aad909c93385e5a5b1cdacea2b281799ee779,False
2026-09-21T17:37:45.013548+00:00,,,32,0,0,a0308cc5293a95f9689886b7125aad909c93385e5a5b1cdacea2b281799ee779,False
2026-09-21T17:37:46.062934+00:00,,,32,0,0,a0308cc5293a95f9689886b7125aad909c93385e5a5b1cdacea2b281799ee779,False
2026-09-21T17:37:47.129152+00:00,,,32,0,0,a0308cc5293a95f9689886b7125aad909c93385e5a5b1cdacea2b281799ee779,False
2026-09-21T17:37:48.156164+00:00,,,32,0,0,a0308cc5293a95f9689886b7125aad909c93385e5a5b1cdacea2b281799ee779,False
2026-09-21T17:37:49.175617+00:00,,,32,0,0,a0308cc5293a95f9689886b7125aad909c93385e5a5b1cdacea2b281799ee779,False
2026-09-21T17:37:50.231762+00:00,,,32,0,0,a0308cc5293a95f9689886b7125aad909c93385e5a5b1cdacea2b281799ee779,False
2026-09-21T17:37:51.280531+00:00,,,32,0,0,a0308cc5293a95f9689886b7125aad909c93385e5a5b1cdacea2b281799ee779,False
2026-09-21T17:37:52.323398+00:00,,,32,0,0,a0308cc5293a95f9689886b7125aad909c93385e5a5b1cdacea2b281799ee779,False
2026-09-21T17:37:53.357941+00:00,,,32,0,0,a0308cc5293a95f9689886b7125aad909c93385e5a5b1cdacea2b281799ee779,False
2026-09-21T17:37:54.408213+00:00,,,32,0,0,a0308cc5293a95f9689886b7125aad909c93385e5a5b1cdacea2b281799ee779,False
2026-09-21T17:37:55.469634+00:00,,,32,0,0,a0308cc5293a95f9689886b7125aad909c93385e5a5b1cdacea2b281799ee779,False
2026-09-21T17:37:56.522884+00:00,,,32,0,0,a0308cc5293a95f9689886b7125aad909c93385e5a5b1cdacea2b281799ee779,False
2026-09-21T17:37:57.583512+00:00,,,32,0,0,a0308cc5293a95f9689886b7125aad909c93385e5a5b1cdacea2b281799ee779,False
2026-09-21T17:37:58.655209+00:00,,,32,0,0,a0308cc5293a95f9689886b7125aad909c93385e5a5b1cdacea2b281799ee779,False
2026-09-21T17:37:59.705700+00:00,,,32,0,0,a0308cc5293a95f9689886b7125aad909c93385e5a5b1cdacea2b281799ee779,False
2026-09-21T17:38:00.739733+00:00,,,32,0,0,a0308cc5293a95f9689886b7125aad909c93385e5a5b1cdacea2b281799ee779,False
2026-09-21T17:38:01.803976+00:00,,,32,0,0,a0308cc5293a95f9689886b7125aad909c93385e5a5b1cdacea2b281799ee779,False
2026-09-21T17:38:02.887627+00:00,,,32,0,0,a0308cc5293a95f9689886b7125aad909c93385e5a5b1cdacea2b281799ee779,False
2026-09-21T17:38:03.932504+00:00,,,32,0,0,a0308cc5293a95f9689886b7125aad909c93385e5a5b1cdacea2b281799ee779,False
2026-09-21T17:38:05.002460+00:00,,,32,0,0,a0308cc5293a95f9689886b7125aad909c93385e5a5b1cdacea2b281799ee779,False
2026-09-21T17:38:06.056022+00:00,,,32,0,0,a0308cc5293a95f9689886b7125aad909c93385e5a5b1cdacea2b281799ee779,False
2026-09-21T17:38:07.119576+00:00,,,32,0,0,a0308cc5293a95f9689886b7125aad909c93385e5a5b1cdacea2b281799ee779,False
2026-09-21T17:38:08.162303+00:00,,,32,0,0,a0308cc5293a95f9689886b7125aad909c93385e5a5b1cdacea2b281799ee779,False
2026-09-21T17:38:09.190898+00:00,,,32,0,0,a0308cc5293a95f9689886b7125aad909c93385e5a5b1cdacea2b281799ee779,False
2026-09-21T17:38:10.262627+00:00,,,32,0,0,a0308cc5293a95f9689886b7125aad909c93385e5a5b1cdacea2b281799ee779,False
2026-09-21T17:38:11.316674+00:00,,,32,0,0,a0308cc5293a95f9689886b7125aad909c93385e5a5b1cdacea2b281799ee779,False
2026-09-21T17:38:12.348316+00:00,,,32,0,0,a0308cc5293a95f9689886b7125aad909c93385e5a5b1cdacea2b281799ee779,False
2026-09-21T17:38:13.372697+00:00,,,32,0,0,a0308cc5293a95f9689886b7125aad909c93385e5a5b1cdacea2b281799ee779,False
2026-09-21T17:38:14.410580+00:00,,,32,0,0,a0308cc5293a95f9689886b7125aad909c93385e5a5b1cdacea2b281799ee779,False
2026-09-21T17:38:15.457042+00:00,,,32,0,0,a0308cc5293a95f9689886b7125aad909c93385e5a5b1cdacea2b281799ee779,False
2026-09-21T17:38:16.515480+00:00,,,32,0,0,a0308cc5293a95f9689886b7125aad909c93385e5a5b1cdacea2b281799ee779,False
2026-09-21T17:38:17.577702+00:00,,,32,0,0,a0308cc5293a95f9689886b7125aad909c93385e5a5b1cdacea2b281799ee779,False
2026-09-21T17:38:18.622724+00:00,,,32,0,0,a0308cc5293a95f9689886b7125aad909c93385e5a5b1cdacea2b281799ee779,False
2026-09-21T17:38:19.671201+00:00,,,32,0,0,a0308cc5293a95f9689886b7125aad909c93385e5a5b1cdacea2b281799ee779,False
2026-09-21T17:38:20.708248+00:00,,,32,0,0,a0308cc5293a95f9689886b7125aad909c93385e5a5b1cdacea2b281799ee779,False
2026-09-21T17:38:21.756835+00:00,,,32,0,0,a0308cc5293a95f9689886b7125aad909c93385e5a5b1cdacea2b281799ee779,False
2026-09-21T17:38:22.798780+00:00,,,32,0,0,a0308cc5293a95f9689886b7125aad909c93385e5a5b1cdacea2b281799ee779,False
2026-09-21T17:38:23.861897+00:00,,,32,0,0,a0308cc5293a95f9689886b7125aad909c93385e5a5b1cdacea2b281799ee779,False
2026-09-21T17:38:24.935886+00:00,,,32,0,0,a0308cc5293a95f9689886b7125aad909c93385e5a5b1cdacea2b281799ee779,False
2026-09-21T17:38:25.973607+00:00,,,32,0,0,a0308cc5293a95f9689886b7125aad909c93385e5a5b1cdacea2b281799ee779,False
2026-09-21T17:38:27.019681+00:00,,,32,0,0,a0308cc5293a95f9689886b7125aad909c93385e5a5b1cdacea2b281799ee779,False
2026-09-21T17:38:28.048309+00:00,,,32,0,0,a0308cc5293a95f9689886b7125aad909c93385e5a5b1cdacea2b281799ee779,False
2026-09-21T17:38:29.108257+00:00,,,32,0,0,a0308cc5293a95f9689886b7125aad909c93385e5a5b1cdacea2b281799ee779,False
2026-09-21T17:38:30.171769+00:00,,,32,0,0,a0308cc5293a95f9689886b7125aad909c93385e5a5b1cdacea2b281799ee779,False
2026-09-21T17:38:31.228184+00:00,,,32,0,0,a0308cc5293a95f9689886b7125aad909c93385e5a5b1cdacea2b281799ee779,False
2026-09-21T17:38:32.273935+00:00,,,32,0,0,a0308cc5293a95f9689886b7125aad909c93385e5a5b1cdacea2b281799ee779,False
2026-09-21T17:38:33.318034+00:00,,,32,0,0,a0308cc5293a95f9689886b7125aad909c93385e5a5b1cdacea2b281799ee779,False
2026-09-21T17:38:34.408792+00:00,,,32,0,0,a0308cc5293a95f9689886b7125aad909c93385e5a5b1cdacea2b281799ee779,False
2026-09-21T17:38:35.434672+00:00,,,32,0,0,a0308cc5293a95f9689886b7125aad909c93385e5a5b1cdacea2b281799ee779,False
2026-09-21T17:38:36.495914+00:00,,,32,0,0,a0308cc5293a95f9689886b7125aad909c93385e5a5b1cdacea2b281799ee779,False
2026-09-21T17:38:37.560842+00:00,,,32,0,0,a0308cc5293a95f9689886b7125aad909c93385e5a5b1cdacea2b281799ee779,False
2026-09-21T17:38:38.618507+00:00,,,32,0,0,a0308cc5293a95f9689886b7125aad909c93385e5a5b1cdacea2b281799ee779,False
2026-09-21T17:38:39.676414+00:00,,,32,0,0,a0308cc5293a95f9689886b7125aad909c93385e5a5b1cdacea2b281799ee779,False
2026-09-21T17:38:40.721283+00:00,,,32,0,0,a0308cc5293a95f9689886b7125aad909c93385e5a5b1cdacea2b281799ee779,False
2026-09-21T17:38:41.773570+00:00,,,32,0,0,a0308cc5293a95f9689886b7125aad909c93385e5a5b1cdacea2b281799ee779,False
2026-09-21T17:38:42.813529+00:00,,,32,0,0,a0308cc5293a95f9689886b7125aad909c93385e5a5b1cdacea2b281799ee779,False
2026-09-21T17:38:43.840267+00:00,,,32,0,0,a0308cc5293a95f9689886b7125aad909c93385e5a5b1cdacea2b281799ee779,False
2026-09-21T17:38:44.939500+00:00,,,32,0,0,a0308cc5293a95f9689886b7125aad909c93385e5a5b1cdacea2b281799ee779,False
2026-09-21T17:38:45.995103+00:00,,,32,0,0,a0308cc5293a95f9689886b7125aad909c93385e5a5b1cdacea2b281799ee779,False
2026-09-21T17:38:47.037547+00:00,,,32,0,0,a0308cc5293a95f9689886b7125aad909c93385e5a5b1cdacea2b281799ee779,False
2026-09-21T17:38:48.084847+00:00,,,32,0,0,a0308cc5293a95f9689886b7125aad909c93385e5a5b1cdacea2b281799ee779,False
2026-09-21T17:38:49.134474+00:00,,,32,0,0,a0308cc5293a95f9689886b7125aad909c93385e5a5b1cdacea2b281799ee779,False
2026-09-21T17:38:50.178248+00:00,,,32,0,0,a0308cc5293a95f9689886b7125aad909c93385e5a5b1cdacea2b281799ee779,False
2026-09-21T17:38:51.232519+00:00,,,32,0,0,a0308cc5293a95f9689886b7125aad909c93385e5a5b1cdacea2b281799ee779,False
2026-09-21T17:38:52.261425+00:00,,,32,0,0,a0308cc5293a95f9689886b7125aad909c93385e5a5b1cdacea2b281799ee779,False
2026-09-21T17:38:53.311258+00:00,,,32,0,0,a0308cc5293a95f9689886b7125aad909c93385e5a5b1cdacea2b281799ee779,False
2026-09-21T17:38:54.362428+00:00,,,32,0,0,a0308cc5293a95f9689886b7125aad909c93385e5a5b1cdacea2b281799ee779,False
2026-09-21T17:38:55.414256+00:00,,,32,0,0,a0308cc5293a95f9689886b7125aad909c93385e5a5b1cdacea2b281799ee779,False
2026-09-21T17:38:56.468331+00:00,,,32,0,0,a0308cc5293a95f9689886b7125aad909c93385e5a5b1cdacea2b281799ee779,False
2026-09-21T17:38:57.494604+00:00,,,32,0,0,a0308cc5293a95f9689886b7125aad909c93385e5a5b1cdacea2b281799ee779,False
2026-09-21T17:38:58.541640+00:00,,,32,0,0,a0308cc5293a95f9689886b7125aad909c93385e5a5b1cdacea2b281799ee779,False
2026-09-21T17:38:59.593826+00:00,,,32,0,0,a0308cc5293a95f9689886b7125aad909c93385e5a5b1cdacea2b281799ee779,False
2026-09-21T17:39:00.623410+00:00,,,32,0,0,a0308cc5293a95f9689886b7125aad909c93385e5a5b1cdacea2b281799ee779,False
2026-09-21T17:39:01.660508+00:00,,,32,0,0,a0308cc5293a95f9689886b7125aad909c93385e5a5b1cdacea2b281799ee779,False
2026-09-21T17:39:02.697334+00:00,,,32,0,0,a0308cc5293a95f9689886b7125aad909c93385e5a5b1cdacea2b281799ee779,False
2026-09-21T17:39:03.751760+00:00,,,32,0,0,a0308cc5293a95f9689886b7125aad909c93385e5a5b1cdacea2b281799ee779,False
2026-09-21T17:39:04.795519+00:00,,,32,0,0,a0308cc5293a95f9689886b7125aad909c93385e5a5b1cdacea2b281799ee779,False
2026-09-21T17:39:05.862440+00:00,,,32,0,0,a0308cc5293a95f9689886b7125aad909c93385e5a5b1cdacea2b281799ee779,False
2026-09-21T17:39:06.904396+00:00,,,32,0,0,a0308cc5293a95f9689886b7125aad909c93385e5a5b1cdacea2b281799ee779,False
2026-09-21T17:39:07.940189+00:00,,,32,0,0,a0308cc5293a95f9689886b7125aad909c93385e5a5b1cdacea2b281799ee779,False
2026-09-21T17:39:08.977733+00:00,,,32,0,0,a0308cc5293a95f9689886b7125aad909c93385e5a5b1cdacea2b281799ee779,False
2026-09-21T17:39:10.014579+00:00,,,32,0,0,a0308cc5293a95f9689886b7125aad909c93385e5a5b1cdacea2b281799ee779,False
2026-09-21T17:39:11.058777+00:00,,,32,0,0,a0308cc5293a95f9689886b7125aad909c93385e5a5b1cdacea2b281799ee779,False
2026-09-21T17:39:12.106194+00:00,,,32,0,0,a0308cc5293a95f9689886b7125aad909c93385e5a5b1cdacea2b281799ee779,False
2026-09-21T17:39:13.156273+00:00,,,32,0,0,a0308cc5293a95f9689886b7125aad909c93385e5a5b1cdacea2b281799ee779,False
2026-09-21T17:39:14.198295+00:00,,,32,0,0,a0308cc5293a95f9689886b7125aad909c93385e5a5b1cdacea2b281799ee779,False
2026-09-21T17:39:15.255684+00:00,,,32,0,0,a0308cc5293a95f9689886b7125aad909c93385e5a5b1cdacea2b281799ee779,False
2026-09-21T17:39:16.325883+00:00,,,32,0,0,a0308cc5293a95f9689886b7125aad909c93385e5a5b1cdacea2b281799ee779,False
2026-09-21T17:39:17.361516+00:00,,,32,0,0,a0308cc5293a95f9689886b7125aad909c93385e5a5b1cdacea2b281799ee779,False
2026-09-21T17:39:18.402900+00:00,,,32,0,0,a0308cc5293a95f9689886b7125aad909c93385e5a5b1cdacea2b281799ee779,False
2026-09-21T17:39:19.453448+00:00,,,32,0,0,a0308cc5293a95f9689886b7125aad909c93385e5a5b1cdacea2b281799ee779,False
2026-09-21T17:39:20.493935+00:00,,,32,0,0,a0308cc5293a95f9689886b7125aad909c93385e5a5b1cdacea2b281799ee779,False
2026-09-21T17:39:21.541184+00:00,,,32,0,0,a0308cc5293a95f9689886b7125aad909c93385e5a5b1cdacea2b281799ee779,False
2026-09-21T17:39:22.589149+00:00,,,32,0,0,a0308cc5293a95f9689886b7125aad909c93385e5a5b1cdacea2b281799ee779,False
2026-09-21T17:39:23.643409+00:00,,,32,0,0,a0308cc5293a95f9689886b7125aad909c93385e5a5b1cdacea2b281799ee779,False
2026-09-21T17:39:24.706478+00:00,,,32,0,0,a0308cc5293a95f9689886b7125aad909c93385e5a5b1cdacea2b281799ee779,False
2026-09-21T17:39:25.758216+00:00,,,32,0,0,a0308cc5293a95f9689886b7125aad909c93385e5a5b1cdacea2b281799ee779,False
2026-09-21T17:39:26.814887+00:00,,,32,0,0,a0308cc5293a95f9689886b7125aad909c93385e5a5b1cdacea2b281799ee779,False
2026-09-21T17:39:27.862179+00:00,,,32,0,0,a0308cc5293a95f9689886b7125aad909c93385e5a5b1cdacea2b281799ee779,False
2026-09-21T17:39:28.916407+00:00,,,32,0,0,a0308cc5293a95f9689886b7125aad909c93385e5a5b1cdacea2b281799ee779,False
2026-09-21T17:39:30.021792+00:00,,,32,0,0,a0308cc5293a95f9689886b7125aad909c93385e5a5b1cdacea2b281799ee779,False
2026-09-21T17:39:31.064536+00:00,,,32,0,0,a0308cc5293a95f9689886b7125aad909c93385e5a5b1cdacea2b281799ee779,False
2026-09-21T17:39:32.122148+00:00,,,32,0,0,a0308cc5293a95f9689886b7125aad909c93385e5a5b1cdacea2b281799ee779,False
2026-09-21T17:39:33.164662+00:00,,,32,0,0,a0308cc5293a95f9689886b7125aad909c93385e5a5b1cdacea2b281799ee779,False
2026-09-21T17:39:34.237001+00:00,,,32,0,0,a0308cc5293a95f9689886b7125aad909c93385e5a5b1cdacea2b281799ee779,False
2026-09-21T17:39:35.283142+00:00,,,32,0,0,a0308cc5293a95f9689886b7125aad909c93385e5a5b1cdacea2b281799ee779,False
2026-09-21T17:39:36.345232+00:00,,,32,0,0,a0308cc5293a95f9689886b7125aad909c93385e5a5b1cdacea2b281799ee779,False
2026-09-21T17:39:37.365076+00:00,,,32,0,0,a0308cc5293a95f9689886b7125aad909c93385e5a5b1cdacea2b281799ee779,False
2026-09-21T17:39:38.425427+00:00,,,32,0,0,a0308cc5293a95f9689886b7125aad909c93385e5a5b1cdacea2b281799ee779,False
2026-09-21T17:39:39.476800+00:00,,,32,0,0,a0308cc5293a95f9689886b7125aad909c93385e5a5b1cdacea2b281799ee779,False
2026-09-21T17:39:40.539852+00:00,,,32,0,0,a0308cc5293a95f9689886b7125aad909c93385e5a5b1cdacea2b281799ee779,False
2026-09-21T17:39:41.599819+00:00,,,32,0,0,a0308cc5293a95f9689886b7125aad909c93385e5a5b1cdacea2b281799ee779,False
2026-09-21T17:39:42.802948+00:00,,,32,0,0,a0308cc5293a95f9689886b7125aad909c93385e5a5b1cdacea2b281799ee779,False
2026-09-21T17:39:43.851568+00:00,,,32,0,0,a0308cc5293a95f9689886b7125aad909c93385e5a5b1cdacea2b281799ee779,False
2026-09-21T17:39:44.904977+00:00,,,32,0,0,a0308cc5293a95f9689886b7125aad909c93385e5a5b1cdacea2b281799ee779,False
2026-09-21T17:39:45.968590+00:00,,,32,0,0,a0308cc5293a95f9689886b7125aad909c93385e5a5b1cdacea2b281799ee779,False
2026-09-21T17:39:47.002414+00:00,,,32,0,0,a0308cc5293a95f9689886b7125aad909c93385e5a5b1cdacea2b281799ee779,False
2026-09-21T17:39:48.052701+00:00,,,32,0,0,a0308cc5293a95f9689886b7125aad909c93385e5a5b1cdacea2b281799ee779,False
2026-09-21T17:39:49.115918+00:00,,,32,0,0,a0308cc5293a95f9689886b7125aad909c93385e5a5b1cdacea2b281799ee779,False
2026-09-21T17:39:50.155020+00:00,,,32,0,0,a0308cc5293a95f9689886b7125aad909c93385e5a5b1cdacea2b281799ee779,False
2026-09-21T17:39:51.197801+00:00,,,32,0,0,a0308cc5293a95f9689886b7125aad909c93385e5a5b1cdacea2b281799ee779,False
2026-09-21T17:39:52.233319+00:00,,,32,0,0,a0308cc5293a95f9689886b7125aad909c93385e5a5b1cdacea2b281799ee779,False
2026-09-21T17:39:53.298436+00:00,,,32,0,0,a0308cc5293a95f9689886b7125aad909c93385e5a5b1cdacea2b281799ee779,False
2026-09-21T17:39:54.340148+00:00,,,32,0,0,a0308cc5293a95f9689886b7125aad909c93385e5a5b1cdacea2b281799ee779,False
2026-09-21T17:39:55.412615+00:00,,,32,0,0,a0308cc5293a95f9689886b7125aad909c93385e5a5b1cdacea2b281799ee779,False
2026-09-21T17:39:56.455997+00:00,,,32,0,0,a0308cc5293a95f9689886b7125aad909c93385e5a5b1cdacea2b281799ee779,False
2026-09-21T17:39:57.489891+00:00,,,32,0,0,a0308cc5293a95f9689886b7125aad909c93385e5a5b1cdacea2b281799ee779,False
2026-09-21T17:39:58.556490+00:00,scaleout,-120.526520,32,0,0,a0308cc5293a95f9689886b7125aad909c93385e5a5b1cdacea2b281799ee779,False
2026-09-21T17:39:59.596294+00:00,scaleout,-119.486716,32,0,0,a0308cc5293a95f9689886b7125aad909c93385e5a5b1cdacea2b281799ee779,False
2026-09-21T17:40:00.673003+00:00,scaleout,-118.410007,32,0,0,a0308cc5293a95f9689886b7125aad909c93385e5a5b1cdacea2b281799ee779,False
2026-09-21T17:40:01.719872+00:00,scaleout,-117.363138,32,0,0,a0308cc5293a95f9689886b7125aad909c93385e5a5b1cdacea2b281799ee779,False
2026-09-21T17:40:02.748104+00:00,scaleout,-116.334906,32,0,0,a0308cc5293a95f9689886b7125aad909c93385e5a5b1cdacea2b281799ee779,False
2026-09-21T17:40:03.778261+00:00,scaleout,-115.304749,32,0,0,a0308cc5293a95f9689886b7125aad909c93385e5a5b1cdacea2b281799ee779,False
2026-09-21T17:40:05.005720+00:00,scaleout,-114.077290,32,0,0,a0308cc5293a95f9689886b7125aad909c93385e5a5b1cdacea2b281799ee779,False
2026-09-21T17:40:06.051591+00:00,scaleout,-113.031419,32,0,0,a0308cc5293a95f9689886b7125aad909c93385e5a5b1cdacea2b281799ee779,False
2026-09-21T17:40:07.098005+00:00,scaleout,-111.985005,32,0,0,a0308cc5293a95f9689886b7125aad909c93385e5a5b1cdacea2b281799ee779,False
2026-09-21T17:40:08.157925+00:00,scaleout,-110.925085,32,0,0,a0308cc5293a95f9689886b7125aad909c93385e5a5b1cdacea2b281799ee779,False
2026-09-21T17:40:09.186014+00:00,scaleout,-109.896996,32,0,0,a0308cc5293a95f9689886b7125aad909c93385e5a5b1cdacea2b281799ee779,False
2026-09-21T17:40:10.235810+00:00,scaleout,-108.847200,32,0,0,a0308cc5293a95f9689886b7125aad909c93385e5a5b1cdacea2b281799ee779,False
2026-09-21T17:40:11.280702+00:00,scaleout,-107.802308,32,0,0,a0308cc5293a95f9689886b7125aad909c93385e5a5b1cdacea2b281799ee779,False
2026-09-21T17:40:12.316404+00:00,scaleout,-106.766606,32,0,0,a0308cc5293a95f9689886b7125aad909c93385e5a5b1cdacea2b281799ee779,False
2026-09-21T17:40:13.355497+00:00,scaleout,-105.727513,32,0,0,a0308cc5293a95f9689886b7125aad909c93385e5a5b1cdacea2b281799ee779,False
2026-09-21T17:40:14.398152+00:00,scaleout,-104.684858,32,0,0,a0308cc5293a95f9689886b7125aad909c93385e5a5b1cdacea2b281799ee779,False
2026-09-21T17:40:15.434566+00:00,scaleout,-103.648444,32,0,0,a0308cc5293a95f9689886b7125aad909c93385e5a5b1cdacea2b281799ee779,False
2026-09-21T17:40:16.487391+00:00,scaleout,-102.595619,32,0,0,a0308cc5293a95f9689886b7125aad909c93385e5a5b1cdacea2b281799ee779,False
2026-09-21T17:40:17.514336+00:00,scaleout,-101.568674,32,0,0,a0308cc5293a95f9689886b7125aad909c93385e5a5b1cdacea2b281799ee779,False
2026-09-21T17:40:18.538540+00:00,scaleout,-100.544470,32,0,0,a0308cc5293a95f9689886b7125aad909c93385e5a5b1cdacea2b281799ee779,False
2026-09-21T17:40:19.572503+00:00,scaleout,-99.510507,32,0,0,a0308cc5293a95f9689886b7125aad909c93385e5a5b1cdacea2b281799ee779,False
2026-09-21T17:40:20.609670+00:00,scaleout,-98.473340,32,0,0,a0308cc5293a95f9689886b7125aad909c93385e5a5b1cdacea2b281799ee779,False
2026-09-21T17:40:21.655824+00:00,scaleout,-97.427186,32,0,0,a0308cc5293a95f9689886b7125aad909c93385e5a5b1cdacea2b281799ee779,False
2026-09-21T17:40:22.747125+00:00,scaleout,-96.335885,32,0,0,a0308cc5293a95f9689886b7125aad909c93385e5a5b1cdacea2b281799ee779,False
2026-09-21T17:40:23.791024+00:00,scaleout,-95.291986,32,0,0,a0308cc5293a95f9689886b7125aad909c93385e5a5b1cdacea2b281799ee779,False
2026-09-21T17:40:24.835700+00:00,scaleout,-94.247310,32,0,0,a0308cc5293a95f9689886b7125aad909c93385e5a5b1cdacea2b281799ee779,False
2026-09-21T17:40:25.877850+00:00,scaleout,-93.205160,32,0,0,a0308cc5293a95f9689886b7125aad909c93385e5a5b1cdacea2b281799ee779,False
2026-09-21T17:40:26.927426+00:00,scaleout,-92.155584,32,0,0,a0308cc5293a95f9689886b7125aad909c93385e5a5b1cdacea2b281799ee779,False
2026-09-21T17:40:27.975918+00:00,scaleout,-91.107092,32,0,0,a0308cc5293a95f9689886b7125aad909c93385e5a5b1cdacea2b281799ee779,False
2026-09-21T17:40:29.013302+00:00,scaleout,-90.069708,32,0,0,a0308cc5293a95f9689886b7125aad909c93385e5a5b1cdacea2b281799ee779,False
2026-09-21T17:40:30.063578+00:00,scaleout,-89.019432,32,0,0,a0308cc5293a95f9689886b7125aad909c93385e5a5b1cdacea2b281799ee779,False
2026-09-21T17:40:31.108824+00:00,scaleout,-87.974186,32,0,0,a0308cc5293a95f9689886b7125aad909c93385e5a5b1cdacea2b281799ee779,False
2026-09-21T17:40:32.147505+00:00,scaleout,-86.935505,32,0,0,a0308cc5293a95f9689886b7125aad909c93385e5a5b1cdacea2b281799ee779,False
2026-09-21T17:40:33.214229+00:00,scaleout,-85.868781,32,0,0,a0308cc5293a95f9689886b7125aad909c93385e5a5b1cdacea2b281799ee779,False
2026-09-21T17:40:34.265917+00:00,scaleout,-84.817093,32,0,0,a0308cc5293a95f9689886b7125aad909c93385e5a5b1cdacea2b281799ee779,False
2026-09-21T17:40:35.299262+00:00,scaleout,-83.783748,32,0,0,a0308cc5293a95f9689886b7125aad909c93385e5a5b1cdacea2b281799ee779,False
2026-09-21T17:40:36.324901+00:00,scaleout,-82.758109,32,0,0,a0308cc5293a95f9689886b7125aad909c93385e5a5b1cdacea2b281799ee779,False
2026-09-21T17:40:37.385504+00:00,scaleout,-81.697506,32,0,0,a0308cc5293a95f9689886b7125aad909c93385e5a5b1cdacea2b281799ee779,False
2026-09-21T17:40:38.407668+00:00,scaleout,-80.675342,32,0,0,a0308cc5293a95f9689886b7125aad909c93385e5a5b1cdacea2b281799ee779,False
2026-09-21T17:40:39.470602+00:00,scaleout,-79.612408,32,0,0,a0308cc5293a95f9689886b7125aad909c93385e5a5b1cdacea2b281799ee779,False
2026-09-21T17:40:40.515077+00:00,scaleout,-78.567933,32,0,0,a0308cc5293a95f9689886b7125aad909c93385e5a5b1cdacea2b281799ee779,False
2026-09-21T17:40:41.561249+00:00,scaleout,-77.521761,32,0,0,a0308cc5293a95f9689886b7125aad909c93385e5a5b1cdacea2b281799ee779,False
2026-09-21T17:40:42.600255+00:00,scaleout,-76.482755,32,0,0,a0308cc5293a95f9689886b7125aad909c93385e5a5b1cdacea2b281799ee779,False
2026-09-21T17:40:43.632934+00:00,scaleout,-75.450076,32,0,0,a0308cc5293a95f9689886b7125aad909c93385e5a5b1cdacea2b281799ee779,False
2026-09-21T17:40:44.682067+00:00,scaleout,-74.400943,32,0,0,a0308cc5293a95f9689886b7125aad909c93385e5a5b1cdacea2b281799ee779,False
2026-09-21T17:40:45.717752+00:00,scaleout,-73.365258,32,0,0,a0308cc5293a95f9689886b7125aad909c93385e5a5b1cdacea2b281799ee779,False
2026-09-21T17:40:46.762851+00:00,scaleout,-72.320159,32,0,0,a0308cc5293a95f9689886b7125aad909c93385e5a5b1cdacea2b281799ee779,False
2026-09-21T17:40:47.785940+00:00,scaleout,-71.297070,32,0,0,a0308cc5293a95f9689886b7125aad909c93385e5a5b1cdacea2b281799ee779,False
2026-09-21T17:40:48.826500+00:00,scaleout,-70.256510,32,0,0,a0308cc5293a95f9689886b7125aad909c93385e5a5b1cdacea2b281799ee779,False
2026-09-21T17:40:49.880693+00:00,scaleout,-69.202317,32,0,0,a0308cc5293a95f9689886b7125aad909c93385e5a5b1cdacea2b281799ee779,False
2026-09-21T17:40:51.059669+00:00,scaleout,-68.023341,32,0,0,a0308cc5293a95f9689886b7125aad909c93385e5a5b1cdacea2b281799ee779,False
2026-09-21T17:40:52.114424+00:00,scaleout,-66.968586,32,0,0,a0308cc5293a95f9689886b7125aad909c93385e5a5b1cdacea2b281799ee779,False
2026-09-21T17:40:53.170203+00:00,scaleout,-65.912807,32,0,0,a0308cc5293a95f9689886b7125aad909c93385e5a5b1cdacea2b281799ee779,False
2026-09-21T17:40:54.188607+00:00,scaleout,-64.894403,32,0,0,a0308cc5293a95f9689886b7125aad909c93385e5a5b1cdacea2b281799ee779,False
2026-09-21T17:40:55.220238+00:00,scaleout,-63.862772,32,0,0,a0308cc5293a95f9689886b7125aad909c93385e5a5b1cdacea2b281799ee779,False
2026-09-21T17:40:56.283919+00:00,scaleout,-62.799091,32,0,0,a0308cc5293a95f9689886b7125aad909c93385e5a5b1cdacea2b281799ee779,False
2026-09-21T17:40:57.337624+00:00,scaleout,-61.745386,32,0,0,a0308cc5293a95f9689886b7125aad909c93385e5a5b1cdacea2b281799ee779,False
2026-09-21T17:40:58.369706+00:00,scaleout,-60.713304,32,0,0,a0308cc5293a95f9689886b7125aad909c93385e5a5b1cdacea2b281799ee779,False
2026-09-21T17:40:59.415739+00:00,scaleout,-59.667271,32,0,0,a0308cc5293a95f9689886b7125aad909c93385e5a5b1cdacea2b281799ee779,False
2026-09-21T17:41:00.476931+00:00,scaleout,-58.606079,32,0,0,a0308cc5293a95f9689886b7125aad909c93385e5a5b1cdacea2b281799ee779,False
2026-09-21T17:41:01.537710+00:00,scaleout,-57.545300,32,0,0,a0308cc5293a95f9689886b7125aad909c93385e5a5b1cdacea2b281799ee779,False
2026-09-21T17:41:02.555455+00:00,scaleout,-56.527555,32,0,0,a0308cc5293a95f9689886b7125aad909c93385e5a5b1cdacea2b281799ee779,False
2026-09-21T17:41:03.594498+00:00,scaleout,-55.488512,32,0,0,a0308cc5293a95f9689886b7125aad909c93385e5a5b1cdacea2b281799ee779,False
2026-09-21T17:41:04.628187+00:00,scaleout,-54.454823,32,0,0,a0308cc5293a95f9689886b7125aad909c93385e5a5b1cdacea2b281799ee779,False
2026-09-21T17:41:05.668022+00:00,scaleout,-53.414988,32,0,0,a0308cc5293a95f9689886b7125aad909c93385e5a5b1cdacea2b281799ee779,False
2026-09-21T17:41:06.709720+00:00,scaleout,-52.373290,32,0,0,a0308cc5293a95f9689886b7125aad909c93385e5a5b1cdacea2b281799ee779,False
2026-09-21T17:41:07.756536+00:00,scaleout,-51.326474,32,0,0,a0308cc5293a95f9689886b7125aad909c93385e5a5b1cdacea2b281799ee779,False
2026-09-21T17:41:08.805433+00:00,scaleout,-50.277577,32,0,0,a0308cc5293a95f9689886b7125aad909c93385e5a5b1cdacea2b281799ee779,False
2026-09-21T17:41:09.853315+00:00,scaleout,-49.229695,32,0,0,a0308cc5293a95f9689886b7125aad909c93385e5a5b1cdacea2b281799ee779,False
2026-09-21T17:41:10.893330+00:00,scaleout,-48.189680,32,0,0,a0308cc5293a95f9689886b7125aad909c93385e5a5b1cdacea2b281799ee779,False
2026-09-21T17:41:11.923206+00:00,scaleout,-47.159804,32,0,0,a0308cc5293a95f9689886b7125aad909c93385e5a5b1cdacea2b281799ee779,False
2026-09-21T17:41:12.975741+00:00,scaleout,-46.107269,32,0,0,a0308cc5293a95f9689886b7125aad909c93385e5a5b1cdacea2b281799ee779,False
2026-09-21T17:41:13.997647+00:00,scaleout,-45.085363,32,0,0,a0308cc5293a95f9689886b7125aad909c93385e5a5b1cdacea2b281799ee779,False
2026-09-21T17:41:15.044718+00:00,scaleout,-44.038292,32,0,0,a0308cc5293a95f9689886b7125aad909c93385e5a5b1cdacea2b281799ee779,False
2026-09-21T17:41:16.082620+00:00,scaleout,-43.000390,32,0,0,a0308cc5293a95f9689886b7125aad909c93385e5a5b1cdacea2b281799ee779,False
2026-09-21T17:41:17.130198+00:00,scaleout,-41.952812,32,0,0,a0308cc5293a95f9689886b7125aad909c93385e5a5b1cdacea2b281799ee779,False
2026-09-21T17:41:18.237202+00:00,scaleout,-40.845808,32,0,0,a0308cc5293a95f9689886b7125aad909c93385e5a5b1cdacea2b281799ee779,False
2026-09-21T17:41:19.286562+00:00,scaleout,-39.796448,32,0,0,a0308cc5293a95f9689886b7125aad909c93385e5a5b1cdacea2b281799ee779,False
2026-09-21T17:41:20.343616+00:00,scaleout,-38.739394,32,0,0,a0308cc5293a95f9689886b7125aad909c93385e5a5b1cdacea2b281799ee779,False
2026-09-21T17:41:21.395656+00:00,scaleout,-37.687354,32,0,0,a0308cc5293a95f9689886b7125aad909c93385e5a5b1cdacea2b281799ee779,False
2026-09-21T17:41:22.439737+00:00,scaleout,-36.643273,32,0,0,a0308cc5293a95f9689886b7125aad909c93385e5a5b1cdacea2b281799ee779,False
2026-09-21T17:41:23.485813+00:00,scaleout,-35.597197,32,0,0,a0308cc5293a95f9689886b7125aad909c93385e5a5b1cdacea2b281799ee779,False
2026-09-21T17:41:24.526814+00:00,scaleout,-34.556196,32,0,0,a0308cc5293a95f9689886b7125aad909c93385e5a5b1cdacea2b281799ee779,False
2026-09-21T17:41:25.565455+00:00,scaleout,-33.517555,32,0,0,a0308cc5293a95f9689886b7125aad909c93385e5a5b1cdacea2b281799ee779,False
2026-09-21T17:41:26.603643+00:00,scaleout,-32.479367,32,0,0,a0308cc5293a95f9689886b7125aad909c93385e5a5b1cdacea2b281799ee779,False
2026-09-21T17:41:27.638779+00:00,scaleout,-31.444231,32,0,0,a0308cc5293a95f9689886b7125aad909c93385e5a5b1cdacea2b281799ee779,False
2026-09-21T17:41:28.668649+00:00,scaleout,-30.414361,32,0,0,a0308cc5293a95f9689886b7125aad909c93385e5a5b1cdacea2b281799ee779,False
2026-09-21T17:41:29.712621+00:00,scaleout,-29.370389,32,0,0,a0308cc5293a95f9689886b7125aad909c93385e5a5b1cdacea2b281799ee779,False
2026-09-21T17:41:30.754541+00:00,scaleout,-28.328469,32,0,0,a0308cc5293a95f9689886b7125aad909c93385e5a5b1cdacea2b281799ee779,False
2026-09-21T17:41:31.804847+00:00,scaleout,-27.278163,32,0,0,a0308cc5293a95f9689886b7125aad909c93385e5a5b1cdacea2b281799ee779,False
2026-09-21T17:41:32.845865+00:00,scaleout,-26.237145,32,0,0,a0308cc5293a95f9689886b7125aad909c93385e5a5b1cdacea2b281799ee779,False
2026-09-21T17:41:33.886851+00:00,scaleout,-25.196159,32,0,0,a0308cc5293a95f9689886b7125aad909c93385e5a5b1cdacea2b281799ee779,False
2026-09-21T17:41:34.928356+00:00,scaleout,-24.154654,32,0,0,a0308cc5293a95f9689886b7125aad909c93385e5a5b1cdacea2b281799ee779,False
2026-09-21T17:41:35.973680+00:00,scaleout,-23.109330,32,0,0,a0308cc5293a95f9689886b7125aad909c93385e5a5b1cdacea2b281799ee779,False
2026-09-21T17:41:37.041509+00:00,scaleout,-22.041501,32,0,0,a0308cc5293a95f9689886b7125aad909c93385e5a5b1cdacea2b281799ee779,False
2026-09-21T17:41:38.119597+00:00,scaleout,-20.963413,32,0,0,a0308cc5293a95f9689886b7125aad909c93385e5a5b1cdacea2b281799ee779,False
2026-09-21T17:41:39.177652+00:00,scaleout,-19.905358,32,0,0,a0308cc5293a95f9689886b7125aad909c93385e5a5b1cdacea2b281799ee779,False
2026-09-21T17:41:40.222978+00:00,scaleout,-18.860032,32,0,0,a0308cc5293a95f9689886b7125aad909c93385e5a5b1cdacea2b281799ee779,False
2026-09-21T17:41:41.283567+00:00,scaleout,-17.799443,32,0,0,a0308cc5293a95f9689886b7125aad909c93385e5a5b1cdacea2b281799ee779,False
2026-09-21T17:41:42.327916+00:00,scaleout,-16.755094,32,0,0,a0308cc5293a95f9689886b7125aad909c93385e5a5b1cdacea2b281799ee779,False
2026-09-21T17:41:43.372566+00:00,scaleout,-15.710444,32,0,0,a0308cc5293a95f9689886b7125aad909c93385e5a5b1cdacea2b281799ee779,False
2026-09-21T17:41:44.425016+00:00,scaleout,-14.657994,32,0,0,a0308cc5293a95f9689886b7125aad909c93385e5a5b1cdacea2b281799ee779,False
2026-09-21T17:41:45.505600+00:00,scaleout,-13.577410,32,0,0,a0308cc5293a95f9689886b7125aad909c93385e5a5b1cdacea2b281799ee779,False
2026-09-21T17:41:46.534139+00:00,scaleout,-12.548871,32,0,0,a0308cc5293a95f9689886b7125aad909c93385e5a5b1cdacea2b281799ee779,False
2026-09-21T17:41:47.590346+00:00,scaleout,-11.492664,32,0,0,a0308cc5293a95f9689886b7125aad909c93385e5a5b1cdacea2b281799ee779,False
2026-09-21T17:41:48.625656+00:00,scaleout,-10.457354,32,0,0,a0308cc5293a95f9689886b7125aad909c93385e5a5b1cdacea2b281799ee779,False
2026-09-21T17:41:49.663918+00:00,scaleout,-9.419092,32,0,0,a0308cc5293a95f9689886b7125aad909c93385e5a5b1cdacea2b281799ee779,False
2026-09-21T17:41:50.717654+00:00,scaleout,-8.365356,32,0,0,a0308cc5293a95f9689886b7125aad909c93385e5a5b1cdacea2b281799ee779,False
2026-09-21T17:41:51.760364+00:00,scaleout,-7.322646,32,0,0,a0308cc5293a95f9689886b7125aad909c93385e5a5b1cdacea2b281799ee779,False
2026-09-21T17:41:52.803747+00:00,scaleout,-6.279263,32,0,0,a0308cc5293a95f9689886b7125aad909c93385e5a5b1cdacea2b281799ee779,False
2026-09-21T17:41:53.837912+00:00,scaleout,-5.245098,32,0,0,a0308cc5293a95f9689886b7125aad909c93385e5a5b1cdacea2b281799ee779,False
2026-09-21T17:41:54.879750+00:00,scaleout,-4.203260,32,0,0,a0308cc5293a95f9689886b7125aad909c93385e5a5b1cdacea2b281799ee779,False
2026-09-21T17:41:55.923162+00:00,scaleout,-3.159848,32,0,0,a0308cc5293a95f9689886b7125aad909c93385e5a5b1cdacea2b281799ee779,False
2026-09-21T17:41:56.962157+00:00,scaleout,-2.120853,32,0,0,a0308cc5293a95f9689886b7125aad909c93385e5a5b1cdacea2b281799ee779,False
2026-09-21T17:41:57.992428+00:00,scaleout,-1.090582,32,0,0,a0308cc5293a95f9689886b7125aad909c93385e5a5b1cdacea2b281799ee779,False
2026-09-21T17:41:59.040196+00:00,scaleout,-0.042814,32,0,0,a0308cc5293a95f9689886b7125aad909c93385e5a5b1cdacea2b281799ee779,False
2026-09-21T17:42:00.095616+00:00,scaleout,1.012606,32,0,0,a0308cc5293a95f9689886b7125aad909c93385e5a5b1cdacea2b281799ee779,False
2026-09-21T17:42:01.153589+00:00,scaleout,2.070579,32,0,0,a0308cc5293a95f9689886b7125aad909c93385e5a5b1cdacea2b281799ee779,False
2026-09-21T17:42:02.196811+00:00,scaleout,3.113801,32,0,0,a0308cc5293a95f9689886b7125aad909c93385e5a5b1cdacea2b281799ee779,False
2026-09-21T17:42:03.228446+00:00,scaleout,4.145436,32,0,0,a0308cc5293a95f9689886b7125aad909c93385e5a5b1cdacea2b281799ee779,False
2026-09-21T17:42:04.282248+00:00,scaleout,5.199238,32,0,0,a0308cc5293a95f9689886b7125aad909c93385e5a5b1cdacea2b281799ee779,False
2026-09-21T17:42:05.326136+00:00,scaleout,6.243126,32,0,0,a0308cc5293a95f9689886b7125aad909c93385e5a5b1cdacea2b281799ee779,False
2026-09-21T17:42:06.373205+00:00,scaleout,7.290195,32,0,0,a0308cc5293a95f9689886b7125aad909c93385e5a5b1cdacea2b281799ee779,False
2026-09-21T17:42:07.454961+00:00,scaleout,8.371951,32,0,0,a0308cc5293a95f9689886b7125aad909c93385e5a5b1cdacea2b281799ee779,False
2026-09-21T17:42:08.496351+00:00,scaleout,9.413341,32,0,0,a0308cc5293a95f9689886b7125aad909c93385e5a5b1cdacea2b281799ee779,False
2026-09-21T17:42:09.523742+00:00,scaleout,10.440732,32,0,0,a0308cc5293a95f9689886b7125aad909c93385e5a5b1cdacea2b281799ee779,False
2026-09-21T17:42:10.543402+00:00,scaleout,11.460392,32,0,0,a0308cc5293a95f9689886b7125aad909c93385e5a5b1cdacea2b281799ee779,False
2026-09-21T17:42:11.570672+00:00,scaleout,12.487662,32,2,32,5ed0ca10119fb8d75f6178aad63eb26e47387107976bf96f9443923611504ea1,True
2026-09-21T17:42:12.598392+00:00,scaleout,13.515382,32,4,32,c59015fedac6dfdc01dd4b3bc6dd1c7c59455244f3590faa77ccac8877dd274c,True
2026-09-21T17:42:13.641452+00:00,scaleout,14.558442,32,4,32,c59015fedac6dfdc01dd4b3bc6dd1c7c59455244f3590faa77ccac8877dd274c,False
2026-09-21T17:42:14.682283+00:00,scaleout,15.599273,32,4,32,c59015fedac6dfdc01dd4b3bc6dd1c7c59455244f3590faa77ccac8877dd274c,False
2026-09-21T17:42:15.733197+00:00,scaleout,16.650187,32,4,32,c59015fedac6dfdc01dd4b3bc6dd1c7c59455244f3590faa77ccac8877dd274c,False
2026-09-21T17:42:16.767755+00:00,scaleout,17.684745,32,4,32,c59015fedac6dfdc01dd4b3bc6dd1c7c59455244f3590faa77ccac8877dd274c,False
2026-09-21T17:42:17.865227+00:00,scaleout,18.782217,32,4,32,c59015fedac6dfdc01dd4b3bc6dd1c7c59455244f3590faa77ccac8877dd274c,False
2026-09-21T17:42:18.899258+00:00,scaleout,19.816248,32,4,32,c59015fedac6dfdc01dd4b3bc6dd1c7c59455244f3590faa77ccac8877dd274c,False
2026-09-21T17:42:19.949651+00:00,scaleout,20.866641,32,5,32,90838bfd2fd6a818369b1fb140322dcfaf95cd9e22cd43d2a4f3e78eff204d03,True
2026-09-21T17:42:20.993826+00:00,scaleout,21.910816,32,7,32,d5c2277bf0d41187b3f3f1fd6959b07450863a8a6d255abb1f20971d7a46b31f,True
2026-09-21T17:42:22.044928+00:00,scaleout,22.961918,32,8,32,7b0b553bbd7a9b7e13605b42577322c24f92c84899034bfefdd041a368453e1a,True
2026-09-21T17:42:23.070460+00:00,scaleout,23.987450,32,8,32,fe7daa8199267e2cc3a89832ed6c7ef42005fa356e19e39d934b1c20a9369ee4,True
2026-09-21T17:42:24.128421+00:00,scaleout,25.045411,32,8,32,bb13fa93b39559b86894ac2e853b19a6a7bd0b82dfcfd90a77b96e4d6898971c,True
2026-09-21T17:42:25.161183+00:00,scaleout,26.078173,32,7,32,a8bdb04f47bb2d33bbe7c6d9376721047b30506e4f8c0f7dd6ba90105537adaf,True
2026-09-21T17:42:26.247797+00:00,scaleout,27.164787,32,5,32,9b6fece26d8bcd2b3706ad2299be4b3a158e5938ad4f672671eb6c4ed61dc59c,True
2026-09-21T17:42:27.283464+00:00,scaleout,28.200454,32,4,32,5c05bee53564de64f2365c511a9b9ecd86950f821f3fb536d410a2e6f9cb70ba,True
2026-09-21T17:42:28.315055+00:00,scaleout,29.232045,32,4,32,5c05bee53564de64f2365c511a9b9ecd86950f821f3fb536d410a2e6f9cb70ba,False
2026-09-21T17:42:29.369736+00:00,scaleout,30.286726,32,4,32,5c05bee53564de64f2365c511a9b9ecd86950f821f3fb536d410a2e6f9cb70ba,False
2026-09-21T17:42:30.419500+00:00,scaleout,31.336490,32,4,32,5c05bee53564de64f2365c511a9b9ecd86950f821f3fb536d410a2e6f9cb70ba,False
2026-09-21T17:42:31.474961+00:00,scaleout,32.391951,32,8,32,44c52ed4d0658d6003094e59ff601c24186951dda744f688a9bf720cbb7d2813,True
2026-09-21T17:42:32.510022+00:00,scaleout,33.427012,32,8,32,746ac13ed725e5d37c5ce8672749153c3e58ef82a66ab2cffd1000e9dbadbf47,True
2026-09-21T17:42:33.554153+00:00,scaleout,34.471143,32,8,32,4de73e4b82090e886d048911c4b09529a0501d7ad39dc7f0d0e229f8b57151e0,True
2026-09-21T17:42:34.636276+00:00,scaleout,35.553266,32,6,32,fddf95fa772c80130bbbd422ad755cea31b0fa57e8e0492c899d21ce18dc807f,True
2026-09-21T17:42:35.674180+00:00,scaleout,36.591170,32,5,32,5dee2850331fa2afcc5dcaa35a6b3aab9e77bfc11946c80127037f85ec749ed6,True
2026-09-21T17:42:36.739354+00:00,scaleout,37.656344,32,5,32,5dee2850331fa2afcc5dcaa35a6b3aab9e77bfc11946c80127037f85ec749ed6,False
2026-09-21T17:42:37.825992+00:00,scaleout,38.742982,32,5,32,5dee2850331fa2afcc5dcaa35a6b3aab9e77bfc11946c80127037f85ec749ed6,False
2026-09-21T17:42:38.875913+00:00,scaleout,39.792903,32,5,32,58ace132fa3f14b33054dbc5bdeedb0f86b17c8e83548624069781f37b788b23,True
2026-09-21T17:42:39.931266+00:00,scaleout,40.848256,32,4,32,812b412c6f54227f96f878781226fb7225bc57791270234891e806fcd72eca2f,True
2026-09-21T17:42:40.976016+00:00,scaleout,41.893006,32,4,32,812b412c6f54227f96f878781226fb7225bc57791270234891e806fcd72eca2f,False
2026-09-21T17:42:42.007853+00:00,scaleout,42.924843,32,4,32,812b412c6f54227f96f878781226fb7225bc57791270234891e806fcd72eca2f,False
2026-09-21T17:42:43.056006+00:00,scaleout,43.972996,32,4,32,61994dc10b24b766b524560bf480593e42451feab36400b0758dc09c7a079248,True
2026-09-21T17:42:44.095850+00:00,scaleout,45.012840,32,5,32,82cba4c458e92247e0d82396adefbff6e6c5ba39b5db04d71c1c7713e653ae86,True
2026-09-21T17:42:45.157661+00:00,scaleout,46.074651,32,7,32,bbe8212436278474f53d263bf1490904f6ccf3f8397b34d4efe30651ba210605,True
2026-09-21T17:42:46.228824+00:00,scaleout,47.145814,32,8,32,d4cb2016c3cf5a80c9d4ae52b23cc98a0dc884d102fb890b55e7cf9f18d899ee,True
2026-09-21T17:42:47.261335+00:00,scaleout,48.178325,32,8,32,eacb39d7a8909d9299c01dac0737838e5040094a6cc63f07cf8a80eecbd5b90c,True
2026-09-21T17:42:48.286450+00:00,scaleout,49.203440,32,4,32,e2d8ad0f8714151c78b590fe1cb2c4fd1efcc16b32ccc53d8aef1303b0b083c6,True
2026-09-21T17:42:49.314798+00:00,scaleout,50.231788,32,4,32,3ff087baa4ba362297c9e71e65c4a9a2e3e95af58abba9bf56b5ccfed7e926bb,True
2026-09-21T17:42:50.347804+00:00,scaleout,51.264794,64,0,0,aee134af82a2d3af3d3252fd7819f9599379a9c631c279d178740031d885c222,True
2026-09-21T17:42:51.396611+00:00,scaleout,52.313601,64,0,0,aee134af82a2d3af3d3252fd7819f9599379a9c631c279d178740031d885c222,False
2026-09-21T17:42:52.449228+00:00,scaleout,53.366218,64,0,0,aee134af82a2d3af3d3252fd7819f9599379a9c631c279d178740031d885c222,False
2026-09-21T17:42:53.480453+00:00,scaleout,54.397443,64,0,0,aee134af82a2d3af3d3252fd7819f9599379a9c631c279d178740031d885c222,False
2026-09-21T17:42:54.511175+00:00,scaleout,55.428165,64,0,0,aee134af82a2d3af3d3252fd7819f9599379a9c631c279d178740031d885c222,False
2026-09-21T17:42:55.563444+00:00,scaleout,56.480434,64,0,0,aee134af82a2d3af3d3252fd7819f9599379a9c631c279d178740031d885c222,False
2026-09-21T17:42:56.875976+00:00,scaleout,57.792966,64,0,0,aee134af82a2d3af3d3252fd7819f9599379a9c631c279d178740031d885c222,False
2026-09-21T17:42:57.912942+00:00,scaleout,58.829932,64,0,0,aee134af82a2d3af3d3252fd7819f9599379a9c631c279d178740031d885c222,False
2026-09-21T17:42:59.003735+00:00,scaleout,59.920725,64,0,0,aee134af82a2d3af3d3252fd7819f9599379a9c631c279d178740031d885c222,False
2026-09-21T17:43:00.054010+00:00,scaleout,60.971000,64,0,0,aee134af82a2d3af3d3252fd7819f9599379a9c631c279d178740031d885c222,False
2026-09-21T17:43:01.116598+00:00,scaleout,62.033588,64,0,0,aee134af82a2d3af3d3252fd7819f9599379a9c631c279d178740031d885c222,False
2026-09-21T17:43:02.161472+00:00,scaleout,63.078462,64,0,0,aee134af82a2d3af3d3252fd7819f9599379a9c631c279d178740031d885c222,False
2026-09-21T17:43:03.206590+00:00,scaleout,64.123580,64,0,0,aee134af82a2d3af3d3252fd7819f9599379a9c631c279d178740031d885c222,False
2026-09-21T17:43:04.241221+00:00,scaleout,65.158211,64,0,0,aee134af82a2d3af3d3252fd7819f9599379a9c631c279d178740031d885c222,False
2026-09-21T17:43:05.301728+00:00,scaleout,66.218718,64,0,0,aee134af82a2d3af3d3252fd7819f9599379a9c631c279d178740031d885c222,False
2026-09-21T17:43:06.352672+00:00,scaleout,67.269662,64,0,0,aee134af82a2d3af3d3252fd7819f9599379a9c631c279d178740031d885c222,False
2026-09-21T17:43:07.398990+00:00,scaleout,68.315980,64,0,0,aee134af82a2d3af3d3252fd7819f9599379a9c631c279d178740031d885c222,False
2026-09-21T17:43:08.427978+00:00,scaleout,69.344968,64,0,0,aee134af82a2d3af3d3252fd7819f9599379a9c631c279d178740031d885c222,False
2026-09-21T17:43:09.483852+00:00,scaleout,70.400842,64,0,0,aee134af82a2d3af3d3252fd7819f9599379a9c631c279d178740031d885c222,False
2026-09-21T17:43:10.524722+00:00,scaleout,71.441712,64,0,0,aee134af82a2d3af3d3252fd7819f9599379a9c631c279d178740031d885c222,False
2026-09-21T17:43:11.584500+00:00,scaleout,72.501490,64,0,0,aee134af82a2d3af3d3252fd7819f9599379a9c631c279d178740031d885c222,False
2026-09-21T17:43:12.627494+00:00,scaleout,73.544484,64,0,0,aee134af82a2d3af3d3252fd7819f9599379a9c631c279d178740031d885c222,False
2026-09-21T17:43:13.657837+00:00,scaleout,74.574827,64,0,0,aee134af82a2d3af3d3252fd7819f9599379a9c631c279d178740031d885c222,False
2026-09-21T17:43:14.742227+00:00,scaleout,75.659217,64,0,0,aee134af82a2d3af3d3252fd7819f9599379a9c631c279d178740031d885c222,False
2026-09-21T17:43:15.801404+00:00,scaleout,76.718394,64,0,0,aee134af82a2d3af3d3252fd7819f9599379a9c631c279d178740031d885c222,False
2026-09-21T17:43:16.853323+00:00,scaleout,77.770313,64,0,0,aee134af82a2d3af3d3252fd7819f9599379a9c631c279d178740031d885c222,False
2026-09-21T17:43:17.898672+00:00,scaleout,78.815662,64,0,0,aee134af82a2d3af3d3252fd7819f9599379a9c631c279d178740031d885c222,False
2026-09-21T17:43:18.954030+00:00,scaleout,79.871020,64,0,0,aee134af82a2d3af3d3252fd7819f9599379a9c631c279d178740031d885c222,False
2026-09-21T17:43:20.023167+00:00,scaleout,80.940157,64,0,0,aee134af82a2d3af3d3252fd7819f9599379a9c631c279d178740031d885c222,False
2026-09-21T17:43:21.071252+00:00,scaleout,81.988242,64,0,0,aee134af82a2d3af3d3252fd7819f9599379a9c631c279d178740031d885c222,False
2026-09-21T17:43:22.123452+00:00,scaleout,83.040442,64,0,0,aee134af82a2d3af3d3252fd7819f9599379a9c631c279d178740031d885c222,False
2026-09-21T17:43:23.168410+00:00,scaleout,84.085400,64,0,0,aee134af82a2d3af3d3252fd7819f9599379a9c631c279d178740031d885c222,False
2026-09-21T17:43:24.211708+00:00,scaleout,85.128698,64,0,0,aee134af82a2d3af3d3252fd7819f9599379a9c631c279d178740031d885c222,False
2026-09-21T17:43:25.264377+00:00,scaleout,86.181367,64,0,0,aee134af82a2d3af3d3252fd7819f9599379a9c631c279d178740031d885c222,False
2026-09-21T17:43:26.365765+00:00,scaleout,87.282755,64,0,0,aee134af82a2d3af3d3252fd7819f9599379a9c631c279d178740031d885c222,False
2026-09-21T17:43:27.421877+00:00,scaleout,88.338867,64,0,0,aee134af82a2d3af3d3252fd7819f9599379a9c631c279d178740031d885c222,False
2026-09-21T17:43:28.469290+00:00,scaleout,89.386280,64,0,0,aee134af82a2d3af3d3252fd7819f9599379a9c631c279d178740031d885c222,False
2026-09-21T17:43:29.527571+00:00,scaleout,90.444561,64,0,0,aee134af82a2d3af3d3252fd7819f9599379a9c631c279d178740031d885c222,False
2026-09-21T17:43:30.600000+00:00,scaleout,91.516990,64,0,0,aee134af82a2d3af3d3252fd7819f9599379a9c631c279d178740031d885c222,False
2026-09-21T17:43:31.653882+00:00,scaleout,92.570872,64,0,0,aee134af82a2d3af3d3252fd7819f9599379a9c631c279d178740031d885c222,False
2026-09-21T17:43:32.717504+00:00,scaleout,93.634494,64,0,0,aee134af82a2d3af3d3252fd7819f9599379a9c631c279d178740031d885c222,False
2026-09-21T17:43:33.760441+00:00,scaleout,94.677431,64,0,0,aee134af82a2d3af3d3252fd7819f9599379a9c631c279d178740031d885c222,False
2026-09-21T17:43:34.810249+00:00,scaleout,95.727239,64,0,0,aee134af82a2d3af3d3252fd7819f9599379a9c631c279d178740031d885c222,False
2026-09-21T17:43:35.861864+00:00,scaleout,96.778854,64,0,0,aee134af82a2d3af3d3252fd7819f9599379a9c631c279d178740031d885c222,False
2026-09-21T17:43:36.913405+00:00,scaleout,97.830395,64,0,0,aee134af82a2d3af3d3252fd7819f9599379a9c631c279d178740031d885c222,False
2026-09-21T17:43:37.962585+00:00,scaleout,98.879575,64,0,0,aee134af82a2d3af3d3252fd7819f9599379a9c631c279d178740031d885c222,False
2026-09-21T17:43:38.997579+00:00,scaleout,99.914569,64,0,0,aee134af82a2d3af3d3252fd7819f9599379a9c631c279d178740031d885c222,False
2026-09-21T17:43:40.031308+00:00,scaleout,100.948298,64,0,0,aee134af82a2d3af3d3252fd7819f9599379a9c631c279d178740031d885c222,False
2026-09-21T17:43:41.075764+00:00,scaleout,101.992754,64,0,0,aee134af82a2d3af3d3252fd7819f9599379a9c631c279d178740031d885c222,False
2026-09-21T17:43:42.127020+00:00,scaleout,103.044010,64,0,0,aee134af82a2d3af3d3252fd7819f9599379a9c631c279d178740031d885c222,False
2026-09-21T17:43:43.164702+00:00,scaleout,104.081692,64,0,0,aee134af82a2d3af3d3252fd7819f9599379a9c631c279d178740031d885c222,False
2026-09-21T17:43:44.221164+00:00,scaleout,105.138154,64,0,0,aee134af82a2d3af3d3252fd7819f9599379a9c631c279d178740031d885c222,False
2026-09-21T17:43:45.265954+00:00,scaleout,106.182944,64,0,0,aee134af82a2d3af3d3252fd7819f9599379a9c631c279d178740031d885c222,False
2026-09-21T17:43:46.323518+00:00,scaleout,107.240508,64,0,0,aee134af82a2d3af3d3252fd7819f9599379a9c631c279d178740031d885c222,False
2026-09-21T17:43:47.372673+00:00,scaleout,108.289663,64,0,0,aee134af82a2d3af3d3252fd7819f9599379a9c631c279d178740031d885c222,False
2026-09-21T17:43:48.402616+00:00,scaleout,109.319606,64,0,0,aee134af82a2d3af3d3252fd7819f9599379a9c631c279d178740031d885c222,False
2026-09-21T17:43:49.461707+00:00,scaleout,110.378697,64,0,0,aee134af82a2d3af3d3252fd7819f9599379a9c631c279d178740031d885c222,False
2026-09-21T17:43:50.508123+00:00,scaleout,111.425113,64,0,0,aee134af82a2d3af3d3252fd7819f9599379a9c631c279d178740031d885c222,False
2026-09-21T17:43:51.545542+00:00,scaleout,112.462532,64,0,0,aee134af82a2d3af3d3252fd7819f9599379a9c631c279d178740031d885c222,False
2026-09-21T17:43:52.592799+00:00,scaleout,113.509789,64,0,0,aee134af82a2d3af3d3252fd7819f9599379a9c631c279d178740031d885c222,False
2026-09-21T17:43:53.634785+00:00,scaleout,114.551775,64,0,0,aee134af82a2d3af3d3252fd7819f9599379a9c631c279d178740031d885c222,False
2026-09-21T17:43:54.685652+00:00,scaleout,115.602642,64,0,0,aee134af82a2d3af3d3252fd7819f9599379a9c631c279d178740031d885c222,False
2026-09-21T17:43:55.726009+00:00,scaleout,116.642999,64,0,0,aee134af82a2d3af3d3252fd7819f9599379a9c631c279d178740031d885c222,False
2026-09-21T17:43:56.771087+00:00,scaleout,117.688077,64,0,0,aee134af82a2d3af3d3252fd7819f9599379a9c631c279d178740031d885c222,False
2026-09-21T17:43:57.819143+00:00,scaleout,118.736133,64,0,0,aee134af82a2d3af3d3252fd7819f9599379a9c631c279d178740031d885c222,False
2026-09-21T17:43:58.878213+00:00,scaleout,119.795203,64,0,0,aee134af82a2d3af3d3252fd7819f9599379a9c631c279d178740031d885c222,False
2026-09-21T17:43:59.932304+00:00,scaleout,120.849294,64,0,0,aee134af82a2d3af3d3252fd7819f9599379a9c631c279d178740031d885c222,False
2026-09-21T17:44:01.018131+00:00,scaleout,121.935121,64,0,0,aee134af82a2d3af3d3252fd7819f9599379a9c631c279d178740031d885c222,False
2026-09-21T17:44:02.071720+00:00,scaleout,122.988710,64,0,0,aee134af82a2d3af3d3252fd7819f9599379a9c631c279d178740031d885c222,False
2026-09-21T17:44:03.113441+00:00,scaleout,124.030431,64,0,0,aee134af82a2d3af3d3252fd7819f9599379a9c631c279d178740031d885c222,False
2026-09-21T17:44:04.142698+00:00,scaleout,125.059688,64,0,0,aee134af82a2d3af3d3252fd7819f9599379a9c631c279d178740031d885c222,False
2026-09-21T17:44:05.174985+00:00,scaleout,126.091975,64,0,0,aee134af82a2d3af3d3252fd7819f9599379a9c631c279d178740031d885c222,False
2026-09-21T17:44:06.206570+00:00,scaleout,127.123560,64,0,0,aee134af82a2d3af3d3252fd7819f9599379a9c631c279d178740031d885c222,False
2026-09-21T17:44:07.249240+00:00,scaleout,128.166230,64,0,0,aee134af82a2d3af3d3252fd7819f9599379a9c631c279d178740031d885c222,False
2026-09-21T17:44:08.327272+00:00,scaleout,129.244262,64,0,0,aee134af82a2d3af3d3252fd7819f9599379a9c631c279d178740031d885c222,False
2026-09-21T17:44:09.359933+00:00,scaleout,130.276923,64,0,0,aee134af82a2d3af3d3252fd7819f9599379a9c631c279d178740031d885c222,False
2026-09-21T17:44:10.404182+00:00,scaleout,131.321172,64,0,0,aee134af82a2d3af3d3252fd7819f9599379a9c631c279d178740031d885c222,False
2026-09-21T17:44:11.488742+00:00,scaleout,132.405732,64,0,0,aee134af82a2d3af3d3252fd7819f9599379a9c631c279d178740031d885c222,False
2026-09-21T17:44:12.523871+00:00,scaleout,133.440861,64,0,0,aee134af82a2d3af3d3252fd7819f9599379a9c631c279d178740031d885c222,False
2026-09-21T17:44:13.561135+00:00,scaleout,134.478125,64,0,0,aee134af82a2d3af3d3252fd7819f9599379a9c631c279d178740031d885c222,False
2026-09-21T17:44:14.597907+00:00,scaleout,135.514897,64,0,0,aee134af82a2d3af3d3252fd7819f9599379a9c631c279d178740031d885c222,False
2026-09-21T17:44:15.646838+00:00,scaleout,136.563828,64,0,0,aee134af82a2d3af3d3252fd7819f9599379a9c631c279d178740031d885c222,False
2026-09-21T17:44:16.728532+00:00,scaleout,137.645522,64,0,0,aee134af82a2d3af3d3252fd7819f9599379a9c631c279d178740031d885c222,False
2026-09-21T17:44:17.750480+00:00,scaleout,138.667470,64,0,0,aee134af82a2d3af3d3252fd7819f9599379a9c631c279d178740031d885c222,False
2026-09-21T17:44:18.782753+00:00,scaleout,139.699743,64,0,0,aee134af82a2d3af3d3252fd7819f9599379a9c631c279d178740031d885c222,False
2026-09-21T17:44:19.812839+00:00,scaleout,140.729829,64,0,0,aee134af82a2d3af3d3252fd7819f9599379a9c631c279d178740031d885c222,False
2026-09-21T17:44:20.844967+00:00,scaleout,141.761957,64,0,0,aee134af82a2d3af3d3252fd7819f9599379a9c631c279d178740031d885c222,False
2026-09-21T17:44:21.878648+00:00,scaleout,142.795638,64,0,0,aee134af82a2d3af3d3252fd7819f9599379a9c631c279d178740031d885c222,False
2026-09-21T17:44:22.912160+00:00,scaleout,143.829150,64,0,0,aee134af82a2d3af3d3252fd7819f9599379a9c631c279d178740031d885c222,False
2026-09-21T17:44:23.936748+00:00,scaleout,144.853738,64,0,0,aee134af82a2d3af3d3252fd7819f9599379a9c631c279d178740031d885c222,False
2026-09-21T17:44:24.976876+00:00,scaleout,145.893866,64,0,0,aee134af82a2d3af3d3252fd7819f9599379a9c631c279d178740031d885c222,False
2026-09-21T17:44:26.007802+00:00,scaleout,146.924792,64,0,0,aee134af82a2d3af3d3252fd7819f9599379a9c631c279d178740031d885c222,False
2026-09-21T17:44:27.041949+00:00,scaleout,147.958939,64,0,0,aee134af82a2d3af3d3252fd7819f9599379a9c631c279d178740031d885c222,False
2026-09-21T17:44:28.070325+00:00,scaleout,148.987315,64,0,0,aee134af82a2d3af3d3252fd7819f9599379a9c631c279d178740031d885c222,False
2026-09-21T17:44:29.099026+00:00,scaleout,150.016016,64,0,0,aee134af82a2d3af3d3252fd7819f9599379a9c631c279d178740031d885c222,False
2026-09-21T17:44:30.134739+00:00,scaleout,151.051729,64,0,0,aee134af82a2d3af3d3252fd7819f9599379a9c631c279d178740031d885c222,False
2026-09-21T17:44:31.166355+00:00,scaleout,152.083345,64,0,0,aee134af82a2d3af3d3252fd7819f9599379a9c631c279d178740031d885c222,False
2026-09-21T17:44:32.197312+00:00,scaleout,153.114302,64,0,0,aee134af82a2d3af3d3252fd7819f9599379a9c631c279d178740031d885c222,False
2026-09-21T17:44:33.228636+00:00,scaleout,154.145626,64,0,0,aee134af82a2d3af3d3252fd7819f9599379a9c631c279d178740031d885c222,False
2026-09-21T17:44:34.287236+00:00,scaleout,155.204226,64,0,0,aee134af82a2d3af3d3252fd7819f9599379a9c631c279d178740031d885c222,False
2026-09-21T17:44:35.346428+00:00,scaleout,156.263418,64,0,0,aee134af82a2d3af3d3252fd7819f9599379a9c631c279d178740031d885c222,False
2026-09-21T17:44:36.423967+00:00,scaleout,157.340957,64,0,0,aee134af82a2d3af3d3252fd7819f9599379a9c631c279d178740031d885c222,False
2026-09-21T17:44:37.469077+00:00,scaleout,158.386067,64,0,0,aee134af82a2d3af3d3252fd7819f9599379a9c631c279d178740031d885c222,False
2026-09-21T17:44:38.507580+00:00,scaleout,159.424570,64,0,0,aee134af82a2d3af3d3252fd7819f9599379a9c631c279d178740031d885c222,False
2026-09-21T17:44:39.554711+00:00,scaleout,160.471701,64,0,0,aee134af82a2d3af3d3252fd7819f9599379a9c631c279d178740031d885c222,False
2026-09-21T17:44:40.612421+00:00,scaleout,161.529411,64,0,0,aee134af82a2d3af3d3252fd7819f9599379a9c631c279d178740031d885c222,False
2026-09-21T17:44:41.671186+00:00,scaleout,162.588176,64,0,0,aee134af82a2d3af3d3252fd7819f9599379a9c631c279d178740031d885c222,False
2026-09-21T17:44:42.712762+00:00,scaleout,163.629752,64,0,0,aee134af82a2d3af3d3252fd7819f9599379a9c631c279d178740031d885c222,False
2026-09-21T17:44:43.749180+00:00,scaleout,164.666170,64,0,0,aee134af82a2d3af3d3252fd7819f9599379a9c631c279d178740031d885c222,False
2026-09-21T17:44:44.794671+00:00,scaleout,165.711661,64,0,0,aee134af82a2d3af3d3252fd7819f9599379a9c631c279d178740031d885c222,False
2026-09-21T17:44:45.850396+00:00,scaleout,166.767386,64,0,0,aee134af82a2d3af3d3252fd7819f9599379a9c631c279d178740031d885c222,False
2026-09-21T17:44:46.913372+00:00,scaleout,167.830362,64,0,0,aee134af82a2d3af3d3252fd7819f9599379a9c631c279d178740031d885c222,False
2026-09-21T17:44:47.960114+00:00,scaleout,168.877104,64,0,0,aee134af82a2d3af3d3252fd7819f9599379a9c631c279d178740031d885c222,False
2026-09-21T17:44:48.991998+00:00,scaleout,169.908988,64,0,0,aee134af82a2d3af3d3252fd7819f9599379a9c631c279d178740031d885c222,False
2026-09-21T17:44:50.092187+00:00,scaleout,171.009177,64,0,0,aee134af82a2d3af3d3252fd7819f9599379a9c631c279d178740031d885c222,False
2026-09-21T17:44:51.136720+00:00,scaleout,172.053710,64,0,0,aee134af82a2d3af3d3252fd7819f9599379a9c631c279d178740031d885c222,False
2026-09-21T17:44:52.176471+00:00,scaleout,173.093461,64,0,0,aee134af82a2d3af3d3252fd7819f9599379a9c631c279d178740031d885c222,False
2026-09-21T17:44:53.228909+00:00,scaleout,174.145899,64,0,0,aee134af82a2d3af3d3252fd7819f9599379a9c631c279d178740031d885c222,False
2026-09-21T17:44:54.280426+00:00,scaleout,175.197416,64,0,0,aee134af82a2d3af3d3252fd7819f9599379a9c631c279d178740031d885c222,False
2026-09-21T17:44:55.342531+00:00,scaleout,176.259521,64,0,0,aee134af82a2d3af3d3252fd7819f9599379a9c631c279d178740031d885c222,False
2026-09-21T17:44:56.406049+00:00,scaleout,177.323039,64,0,0,aee134af82a2d3af3d3252fd7819f9599379a9c631c279d178740031d885c222,False
2026-09-21T17:44:57.465096+00:00,scaleout,178.382086,64,0,0,aee134af82a2d3af3d3252fd7819f9599379a9c631c279d178740031d885c222,False
2026-09-21T17:44:58.517586+00:00,scaleout,179.434576,64,0,0,aee134af82a2d3af3d3252fd7819f9599379a9c631c279d178740031d885c222,False
2026-09-21T17:44:59.574489+00:00,scaleout,180.491479,64,0,0,aee134af82a2d3af3d3252fd7819f9599379a9c631c279d178740031d885c222,False
2026-09-21T17:45:00.635263+00:00,scaleout,181.552253,64,0,0,aee134af82a2d3af3d3252fd7819f9599379a9c631c279d178740031d885c222,False
2026-09-21T17:45:01.685927+00:00,scaleout,182.602917,64,0,0,aee134af82a2d3af3d3252fd7819f9599379a9c631c279d178740031d885c222,False
2026-09-21T17:45:02.744595+00:00,scaleout,183.661585,64,0,0,aee134af82a2d3af3d3252fd7819f9599379a9c631c279d178740031d885c222,False
2026-09-21T17:45:03.800167+00:00,scaleout,184.717157,64,0,0,aee134af82a2d3af3d3252fd7819f9599379a9c631c279d178740031d885c222,False
2026-09-21T17:45:04.848804+00:00,scaleout,185.765794,64,0,0,aee134af82a2d3af3d3252fd7819f9599379a9c631c279d178740031d885c222,False
2026-09-21T17:45:05.893194+00:00,scaleout,186.810184,64,0,0,aee134af82a2d3af3d3252fd7819f9599379a9c631c279d178740031d885c222,False
2026-09-21T17:45:06.936880+00:00,scaleout,187.853870,64,0,0,aee134af82a2d3af3d3252fd7819f9599379a9c631c279d178740031d885c222,False
2026-09-21T17:45:07.976630+00:00,scaleout,188.893620,64,0,0,aee134af82a2d3af3d3252fd7819f9599379a9c631c279d178740031d885c222,False
2026-09-21T17:45:09.027479+00:00,scaleout,189.944469,64,0,0,aee134af82a2d3af3d3252fd7819f9599379a9c631c279d178740031d885c222,False
2026-09-21T17:45:10.079710+00:00,scaleout,190.996700,64,0,0,aee134af82a2d3af3d3252fd7819f9599379a9c631c279d178740031d885c222,False
2026-09-21T17:45:11.137186+00:00,scaleout,192.054176,64,0,0,aee134af82a2d3af3d3252fd7819f9599379a9c631c279d178740031d885c222,False
2026-09-21T17:45:12.181930+00:00,scaleout,193.098920,64,0,0,aee134af82a2d3af3d3252fd7819f9599379a9c631c279d178740031d885c222,False
2026-09-21T17:45:13.225660+00:00,scaleout,194.142650,64,0,0,aee134af82a2d3af3d3252fd7819f9599379a9c631c279d178740031d885c222,False
2026-09-21T17:45:14.274426+00:00,scaleout,195.191416,64,0,0,aee134af82a2d3af3d3252fd7819f9599379a9c631c279d178740031d885c222,False
2026-09-21T17:45:15.317227+00:00,scaleout,196.234217,64,0,0,aee134af82a2d3af3d3252fd7819f9599379a9c631c279d178740031d885c222,False
2026-09-21T17:45:16.377194+00:00,scaleout,197.294184,64,0,0,aee134af82a2d3af3d3252fd7819f9599379a9c631c279d178740031d885c222,False
2026-09-21T17:45:17.421268+00:00,scaleout,198.338258,64,0,0,aee134af82a2d3af3d3252fd7819f9599379a9c631c279d178740031d885c222,False
2026-09-21T17:45:18.459067+00:00,scaleout,199.376057,64,0,0,aee134af82a2d3af3d3252fd7819f9599379a9c631c279d178740031d885c222,False
2026-09-21T17:45:19.506069+00:00,scaleout,200.423059,64,0,0,aee134af82a2d3af3d3252fd7819f9599379a9c631c279d178740031d885c222,False
2026-09-21T17:45:20.547869+00:00,scaleout,201.464859,64,0,0,aee134af82a2d3af3d3252fd7819f9599379a9c631c279d178740031d885c222,False
2026-09-21T17:45:21.588979+00:00,scaleout,202.505969,64,0,0,aee134af82a2d3af3d3252fd7819f9599379a9c631c279d178740031d885c222,False
2026-09-21T17:45:22.647290+00:00,scaleout,203.564280,64,0,0,aee134af82a2d3af3d3252fd7819f9599379a9c631c279d178740031d885c222,False
2026-09-21T17:45:23.689050+00:00,scaleout,204.606040,64,0,0,aee134af82a2d3af3d3252fd7819f9599379a9c631c279d178740031d885c222,False
2026-09-21T17:45:24.732141+00:00,scaleout,205.649131,64,0,0,aee134af82a2d3af3d3252fd7819f9599379a9c631c279d178740031d885c222,False
2026-09-21T17:45:25.782735+00:00,scaleout,206.699725,64,0,0,aee134af82a2d3af3d3252fd7819f9599379a9c631c279d178740031d885c222,False
2026-09-21T17:45:26.837600+00:00,scaleout,207.754590,64,0,0,aee134af82a2d3af3d3252fd7819f9599379a9c631c279d178740031d885c222,False
2026-09-21T17:45:27.906352+00:00,scaleout,208.823342,64,0,0,aee134af82a2d3af3d3252fd7819f9599379a9c631c279d178740031d885c222,False
2026-09-21T17:45:28.962760+00:00,scaleout,209.879750,64,0,0,aee134af82a2d3af3d3252fd7819f9599379a9c631c279d178740031d885c222,False
2026-09-21T17:45:30.034350+00:00,scaleout,210.951340,64,0,0,aee134af82a2d3af3d3252fd7819f9599379a9c631c279d178740031d885c222,False
2026-09-21T17:45:31.079649+00:00,scaleout,211.996639,64,0,0,aee134af82a2d3af3d3252fd7819f9599379a9c631c279d178740031d885c222,False
2026-09-21T17:45:32.140346+00:00,scaleout,213.057336,64,0,0,aee134af82a2d3af3d3252fd7819f9599379a9c631c279d178740031d885c222,False
2026-09-21T17:45:33.198523+00:00,scaleout,214.115513,64,0,0,aee134af82a2d3af3d3252fd7819f9599379a9c631c279d178740031d885c222,False
2026-09-21T17:45:34.243100+00:00,scaleout,215.160090,64,0,0,aee134af82a2d3af3d3252fd7819f9599379a9c631c279d178740031d885c222,False
2026-09-21T17:45:35.285188+00:00,scaleout,216.202178,64,0,0,aee134af82a2d3af3d3252fd7819f9599379a9c631c279d178740031d885c222,False
2026-09-21T17:45:36.328056+00:00,scaleout,217.245046,64,0,0,aee134af82a2d3af3d3252fd7819f9599379a9c631c279d178740031d885c222,False
2026-09-21T17:45:37.379271+00:00,scaleout,218.296261,64,0,0,aee134af82a2d3af3d3252fd7819f9599379a9c631c279d178740031d885c222,False
2026-09-21T17:45:38.425500+00:00,scaleout,219.342490,64,0,0,aee134af82a2d3af3d3252fd7819f9599379a9c631c279d178740031d885c222,False
2026-09-21T17:45:39.467038+00:00,scaleout,220.384028,64,0,0,aee134af82a2d3af3d3252fd7819f9599379a9c631c279d178740031d885c222,False
2026-09-21T17:45:40.516193+00:00,scaleout,221.433183,64,0,0,aee134af82a2d3af3d3252fd7819f9599379a9c631c279d178740031d885c222,False
2026-09-21T17:45:41.581612+00:00,scaleout,222.498602,64,0,0,aee134af82a2d3af3d3252fd7819f9599379a9c631c279d178740031d885c222,False
2026-09-21T17:45:42.639339+00:00,scaleout,223.556329,64,0,0,aee134af82a2d3af3d3252fd7819f9599379a9c631c279d178740031d885c222,False
2026-09-21T17:45:43.692195+00:00,scaleout,224.609185,64,0,0,aee134af82a2d3af3d3252fd7819f9599379a9c631c279d178740031d885c222,False
2026-09-21T17:45:44.734424+00:00,scaleout,225.651414,64,0,0,aee134af82a2d3af3d3252fd7819f9599379a9c631c279d178740031d885c222,False
2026-09-21T17:45:45.766059+00:00,scaleout,226.683049,64,0,0,aee134af82a2d3af3d3252fd7819f9599379a9c631c279d178740031d885c222,False
2026-09-21T17:45:46.808716+00:00,scaleout,227.725706,64,0,0,aee134af82a2d3af3d3252fd7819f9599379a9c631c279d178740031d885c222,False
2026-09-21T17:45:47.847903+00:00,scaleout,228.764893,64,0,0,aee134af82a2d3af3d3252fd7819f9599379a9c631c279d178740031d885c222,False
2026-09-21T17:45:48.897667+00:00,scaleout,229.814657,64,0,0,aee134af82a2d3af3d3252fd7819f9599379a9c631c279d178740031d885c222,False
2026-09-21T17:45:49.961602+00:00,scaleout,230.878592,64,0,0,aee134af82a2d3af3d3252fd7819f9599379a9c631c279d178740031d885c222,False
2026-09-21T17:45:50.996391+00:00,scaleout,231.913381,64,0,0,aee134af82a2d3af3d3252fd7819f9599379a9c631c279d178740031d885c222,False
2026-09-21T17:45:52.041026+00:00,scaleout,232.958016,64,0,0,aee134af82a2d3af3d3252fd7819f9599379a9c631c279d178740031d885c222,False
2026-09-21T17:45:53.082562+00:00,scaleout,233.999552,64,0,0,aee134af82a2d3af3d3252fd7819f9599379a9c631c279d178740031d885c222,False
2026-09-21T17:45:54.126085+00:00,scaleout,235.043075,64,0,0,aee134af82a2d3af3d3252fd7819f9599379a9c631c279d178740031d885c222,False
2026-09-21T17:45:55.169045+00:00,scaleout,236.086035,64,0,0,aee134af82a2d3af3d3252fd7819f9599379a9c631c279d178740031d885c222,False
2026-09-21T17:45:56.234166+00:00,scaleout,237.151156,64,0,0,aee134af82a2d3af3d3252fd7819f9599379a9c631c279d178740031d885c222,False
2026-09-21T17:45:57.284996+00:00,scaleout,238.201986,64,0,0,aee134af82a2d3af3d3252fd7819f9599379a9c631c279d178740031d885c222,False
2026-09-21T17:45:58.324572+00:00,scaleout,239.241562,64,0,0,aee134af82a2d3af3d3252fd7819f9599379a9c631c279d178740031d885c222,False
2026-09-21T17:45:59.362986+00:00,scaleout,240.279976,64,0,0,aee134af82a2d3af3d3252fd7819f9599379a9c631c279d178740031d885c222,False
2026-09-21T17:46:00.482827+00:00,scaleout,241.399817,64,0,0,aee134af82a2d3af3d3252fd7819f9599379a9c631c279d178740031d885c222,False
2026-09-21T17:46:01.505011+00:00,scaleout,242.422001,64,0,0,aee134af82a2d3af3d3252fd7819f9599379a9c631c279d178740031d885c222,False
2026-09-21T17:46:02.542250+00:00,scaleout,243.459240,64,0,0,aee134af82a2d3af3d3252fd7819f9599379a9c631c279d178740031d885c222,False
2026-09-21T17:46:03.581154+00:00,scaleout,244.498144,64,0,0,aee134af82a2d3af3d3252fd7819f9599379a9c631c279d178740031d885c222,False
2026-09-21T17:46:04.620759+00:00,scaleout,245.537749,64,0,0,aee134af82a2d3af3d3252fd7819f9599379a9c631c279d178740031d885c222,False
2026-09-21T17:46:05.661070+00:00,scaleout,246.578060,64,0,0,aee134af82a2d3af3d3252fd7819f9599379a9c631c279d178740031d885c222,False
2026-09-21T17:46:06.723259+00:00,scaleout,247.640249,64,0,0,aee134af82a2d3af3d3252fd7819f9599379a9c631c279d178740031d885c222,False
2026-09-21T17:46:07.750820+00:00,scaleout,248.667810,64,0,0,aee134af82a2d3af3d3252fd7819f9599379a9c631c279d178740031d885c222,False
2026-09-21T17:46:08.782916+00:00,scaleout,249.699906,64,0,0,aee134af82a2d3af3d3252fd7819f9599379a9c631c279d178740031d885c222,False
2026-09-21T17:46:09.831239+00:00,scaleout,250.748229,64,0,0,aee134af82a2d3af3d3252fd7819f9599379a9c631c279d178740031d885c222,False
2026-09-21T17:46:10.891216+00:00,scaleout,251.808206,64,0,0,aee134af82a2d3af3d3252fd7819f9599379a9c631c279d178740031d885c222,False
2026-09-21T17:46:11.927039+00:00,scaleout,252.844029,64,0,0,aee134af82a2d3af3d3252fd7819f9599379a9c631c279d178740031d885c222,False
2026-09-21T17:46:13.006697+00:00,scaleout,253.923687,64,0,0,aee134af82a2d3af3d3252fd7819f9599379a9c631c279d178740031d885c222,False
2026-09-21T17:46:14.039197+00:00,scaleout,254.956187,64,0,0,aee134af82a2d3af3d3252fd7819f9599379a9c631c279d178740031d885c222,False
2026-09-21T17:46:15.096014+00:00,scaleout,256.013004,64,0,0,aee134af82a2d3af3d3252fd7819f9599379a9c631c279d178740031d885c222,False
2026-09-21T17:46:16.140214+00:00,scaleout,257.057204,64,0,0,aee134af82a2d3af3d3252fd7819f9599379a9c631c279d178740031d885c222,False
2026-09-21T17:46:17.188820+00:00,scaleout,258.105810,64,0,0,aee134af82a2d3af3d3252fd7819f9599379a9c631c279d178740031d885c222,False
2026-09-21T17:46:18.234045+00:00,scaleout,259.151035,64,0,0,aee134af82a2d3af3d3252fd7819f9599379a9c631c279d178740031d885c222,False
2026-09-21T17:46:19.532012+00:00,scaleout,260.449002,64,0,0,aee134af82a2d3af3d3252fd7819f9599379a9c631c279d178740031d885c222,False
2026-09-21T17:46:20.578991+00:00,scaleout,261.495981,64,0,0,aee134af82a2d3af3d3252fd7819f9599379a9c631c279d178740031d885c222,False
2026-09-21T17:46:21.628294+00:00,scaleout,262.545284,64,0,0,aee134af82a2d3af3d3252fd7819f9599379a9c631c279d178740031d885c222,False
2026-09-21T17:46:22.686352+00:00,scaleout,263.603342,64,0,0,aee134af82a2d3af3d3252fd7819f9599379a9c631c279d178740031d885c222,False
2026-09-21T17:46:23.738657+00:00,scaleout,264.655647,64,0,0,aee134af82a2d3af3d3252fd7819f9599379a9c631c279d178740031d885c222,False
2026-09-21T17:46:24.785965+00:00,scaleout,265.702955,64,0,0,aee134af82a2d3af3d3252fd7819f9599379a9c631c279d178740031d885c222,False
2026-09-21T17:46:25.837927+00:00,scaleout,266.754917,64,0,0,aee134af82a2d3af3d3252fd7819f9599379a9c631c279d178740031d885c222,False
2026-09-21T17:46:26.899576+00:00,scaleout,267.816566,64,0,0,aee134af82a2d3af3d3252fd7819f9599379a9c631c279d178740031d885c222,False
2026-09-21T17:46:27.937508+00:00,scaleout,268.854498,64,0,0,aee134af82a2d3af3d3252fd7819f9599379a9c631c279d178740031d885c222,False
2026-09-21T17:46:28.981954+00:00,scaleout,269.898944,64,0,0,aee134af82a2d3af3d3252fd7819f9599379a9c631c279d178740031d885c222,False
2026-09-21T17:46:30.035900+00:00,scaleout,270.952890,64,0,0,aee134af82a2d3af3d3252fd7819f9599379a9c631c279d178740031d885c222,False
2026-09-21T17:46:31.089087+00:00,scaleout,272.006077,64,0,0,aee134af82a2d3af3d3252fd7819f9599379a9c631c279d178740031d885c222,False
2026-09-21T17:46:32.150735+00:00,scaleout,273.067725,64,0,0,aee134af82a2d3af3d3252fd7819f9599379a9c631c279d178740031d885c222,False
2026-09-21T17:46:33.182040+00:00,scaleout,274.099030,64,0,0,aee134af82a2d3af3d3252fd7819f9599379a9c631c279d178740031d885c222,False
2026-09-21T17:46:34.227840+00:00,scaleout,275.144830,64,0,0,aee134af82a2d3af3d3252fd7819f9599379a9c631c279d178740031d885c222,False
2026-09-21T17:46:35.276898+00:00,scaleout,276.193888,64,0,0,aee134af82a2d3af3d3252fd7819f9599379a9c631c279d178740031d885c222,False
2026-09-21T17:46:36.344220+00:00,scaleout,277.261210,64,0,0,aee134af82a2d3af3d3252fd7819f9599379a9c631c279d178740031d885c222,False
2026-09-21T17:46:37.393580+00:00,scaleout,278.310570,64,0,0,aee134af82a2d3af3d3252fd7819f9599379a9c631c279d178740031d885c222,False
2026-09-21T17:46:38.433120+00:00,scaleout,279.350110,64,0,0,aee134af82a2d3af3d3252fd7819f9599379a9c631c279d178740031d885c222,False
2026-09-21T17:46:39.483248+00:00,scaleout,280.400238,64,0,0,aee134af82a2d3af3d3252fd7819f9599379a9c631c279d178740031d885c222,False
2026-09-21T17:46:40.533041+00:00,scaleout,281.450031,64,0,0,aee134af82a2d3af3d3252fd7819f9599379a9c631c279d178740031d885c222,False
2026-09-21T17:46:41.615157+00:00,scaleout,282.532147,64,0,0,aee134af82a2d3af3d3252fd7819f9599379a9c631c279d178740031d885c222,False
2026-09-21T17:46:42.678516+00:00,scaleout,283.595506,64,0,0,aee134af82a2d3af3d3252fd7819f9599379a9c631c279d178740031d885c222,False
2026-09-21T17:46:43.703901+00:00,scaleout,284.620891,64,0,0,aee134af82a2d3af3d3252fd7819f9599379a9c631c279d178740031d885c222,False
2026-09-21T17:46:44.737355+00:00,scaleout,285.654345,64,0,0,aee134af82a2d3af3d3252fd7819f9599379a9c631c279d178740031d885c222,False
2026-09-21T17:46:45.786520+00:00,scaleout,286.703510,64,0,0,aee134af82a2d3af3d3252fd7819f9599379a9c631c279d178740031d885c222,False
2026-09-21T17:46:46.839939+00:00,scaleout,287.756929,64,0,0,aee134af82a2d3af3d3252fd7819f9599379a9c631c279d178740031d885c222,False
2026-09-21T17:46:47.881289+00:00,scaleout,288.798279,64,0,0,aee134af82a2d3af3d3252fd7819f9599379a9c631c279d178740031d885c222,False
2026-09-21T17:46:48.912305+00:00,scaleout,289.829295,64,0,0,aee134af82a2d3af3d3252fd7819f9599379a9c631c279d178740031d885c222,False
2026-09-21T17:46:49.961627+00:00,scaleout,290.878617,64,0,0,aee134af82a2d3af3d3252fd7819f9599379a9c631c279d178740031d885c222,False
2026-09-21T17:46:50.998077+00:00,scaleout,291.915067,64,0,0,aee134af82a2d3af3d3252fd7819f9599379a9c631c279d178740031d885c222,False
2026-09-21T17:46:52.051054+00:00,scaleout,292.968044,64,0,0,aee134af82a2d3af3d3252fd7819f9599379a9c631c279d178740031d885c222,False
2026-09-21T17:46:53.099396+00:00,scaleout,294.016386,64,0,0,aee134af82a2d3af3d3252fd7819f9599379a9c631c279d178740031d885c222,False
2026-09-21T17:46:54.135271+00:00,scaleout,295.052261,64,0,0,aee134af82a2d3af3d3252fd7819f9599379a9c631c279d178740031d885c222,False
2026-09-21T17:46:55.184170+00:00,scaleout,296.101160,64,0,0,aee134af82a2d3af3d3252fd7819f9599379a9c631c279d178740031d885c222,False
2026-09-21T17:46:56.229570+00:00,scaleout,297.146560,64,0,0,aee134af82a2d3af3d3252fd7819f9599379a9c631c279d178740031d885c222,False
2026-09-21T17:46:57.277858+00:00,scaleout,298.194848,64,0,0,aee134af82a2d3af3d3252fd7819f9599379a9c631c279d178740031d885c222,False
2026-09-21T17:46:58.336318+00:00,scaleout,299.253308,64,0,0,aee134af82a2d3af3d3252fd7819f9599379a9c631c279d178740031d885c222,False
2026-09-21T17:46:59.395056+00:00,scaleout,300.312046,64,0,0,aee134af82a2d3af3d3252fd7819f9599379a9c631c279d178740031d885c222,False
2026-09-21T17:47:00.436889+00:00,scaleout,301.353879,64,0,0,aee134af82a2d3af3d3252fd7819f9599379a9c631c279d178740031d885c222,False
2026-09-21T17:47:01.470070+00:00,scaleout,302.387060,64,0,0,aee134af82a2d3af3d3252fd7819f9599379a9c631c279d178740031d885c222,False
2026-09-21T17:47:02.534760+00:00,scaleout,303.451750,64,0,0,aee134af82a2d3af3d3252fd7819f9599379a9c631c279d178740031d885c222,False
2026-09-21T17:47:03.573147+00:00,scaleout,304.490137,64,0,0,aee134af82a2d3af3d3252fd7819f9599379a9c631c279d178740031d885c222,False
2026-09-21T17:47:04.613699+00:00,scaleout,305.530689,64,0,0,aee134af82a2d3af3d3252fd7819f9599379a9c631c279d178740031d885c222,False
2026-09-21T17:47:05.662622+00:00,scaleout,306.579612,64,0,0,aee134af82a2d3af3d3252fd7819f9599379a9c631c279d178740031d885c222,False
2026-09-21T17:47:06.705212+00:00,scaleout,307.622202,64,0,0,aee134af82a2d3af3d3252fd7819f9599379a9c631c279d178740031d885c222,False
2026-09-21T17:47:07.762228+00:00,scaleout,308.679218,64,0,0,aee134af82a2d3af3d3252fd7819f9599379a9c631c279d178740031d885c222,False
2026-09-21T17:47:08.797348+00:00,scaleout,309.714338,64,0,0,aee134af82a2d3af3d3252fd7819f9599379a9c631c279d178740031d885c222,False
2026-09-21T17:47:09.843227+00:00,scaleout,310.760217,64,0,0,aee134af82a2d3af3d3252fd7819f9599379a9c631c279d178740031d885c222,False
2026-09-21T17:47:10.894799+00:00,scaleout,311.811789,64,0,0,aee134af82a2d3af3d3252fd7819f9599379a9c631c279d178740031d885c222,False
2026-09-21T17:47:11.947708+00:00,scaleout,312.864698,64,0,0,aee134af82a2d3af3d3252fd7819f9599379a9c631c279d178740031d885c222,False
2026-09-21T17:47:12.995701+00:00,scaleout,313.912691,64,0,0,aee134af82a2d3af3d3252fd7819f9599379a9c631c279d178740031d885c222,False
2026-09-21T17:47:14.043007+00:00,scaleout,314.959997,64,0,0,aee134af82a2d3af3d3252fd7819f9599379a9c631c279d178740031d885c222,False
2026-09-21T17:47:15.110953+00:00,scaleout,316.027943,64,0,0,aee134af82a2d3af3d3252fd7819f9599379a9c631c279d178740031d885c222,False
2026-09-21T17:47:16.173224+00:00,scaleout,317.090214,64,0,0,aee134af82a2d3af3d3252fd7819f9599379a9c631c279d178740031d885c222,False
2026-09-21T17:47:17.203421+00:00,scaleout,318.120411,64,0,0,aee134af82a2d3af3d3252fd7819f9599379a9c631c279d178740031d885c222,False
2026-09-21T17:47:18.238004+00:00,scaleout,319.154994,64,0,0,aee134af82a2d3af3d3252fd7819f9599379a9c631c279d178740031d885c222,False
2026-09-21T17:47:19.263806+00:00,scaleout,320.180796,64,0,0,aee134af82a2d3af3d3252fd7819f9599379a9c631c279d178740031d885c222,False
2026-09-21T17:47:20.291348+00:00,scaleout,321.208338,64,0,0,aee134af82a2d3af3d3252fd7819f9599379a9c631c279d178740031d885c222,False
2026-09-21T17:47:21.333683+00:00,scaleout,322.250673,64,0,0,aee134af82a2d3af3d3252fd7819f9599379a9c631c279d178740031d885c222,False
2026-09-21T17:47:22.396115+00:00,scaleout,323.313105,64,0,0,aee134af82a2d3af3d3252fd7819f9599379a9c631c279d178740031d885c222,False
2026-09-21T17:47:23.440865+00:00,scaleout,324.357855,64,0,0,aee134af82a2d3af3d3252fd7819f9599379a9c631c279d178740031d885c222,False
2026-09-21T17:47:24.507718+00:00,scaleout,325.424708,64,0,0,aee134af82a2d3af3d3252fd7819f9599379a9c631c279d178740031d885c222,False
2026-09-21T17:47:25.555249+00:00,scaleout,326.472239,64,0,0,aee134af82a2d3af3d3252fd7819f9599379a9c631c279d178740031d885c222,False
2026-09-21T17:47:26.595781+00:00,scaleout,327.512771,64,0,0,aee134af82a2d3af3d3252fd7819f9599379a9c631c279d178740031d885c222,False
2026-09-21T17:47:27.648769+00:00,scaleout,328.565759,64,0,0,aee134af82a2d3af3d3252fd7819f9599379a9c631c279d178740031d885c222,False
2026-09-21T17:47:28.719344+00:00,scaleout,329.636334,64,0,0,aee134af82a2d3af3d3252fd7819f9599379a9c631c279d178740031d885c222,False
2026-09-21T17:47:29.779646+00:00,scaleout,330.696636,64,0,0,aee134af82a2d3af3d3252fd7819f9599379a9c631c279d178740031d885c222,False
2026-09-21T17:47:30.828727+00:00,scaleout,331.745717,64,0,0,aee134af82a2d3af3d3252fd7819f9599379a9c631c279d178740031d885c222,False
2026-09-21T17:47:31.883782+00:00,scaleout,332.800772,64,0,0,aee134af82a2d3af3d3252fd7819f9599379a9c631c279d178740031d885c222,False
2026-09-21T17:47:32.943406+00:00,scaleout,333.860396,64,0,0,aee134af82a2d3af3d3252fd7819f9599379a9c631c279d178740031d885c222,False
2026-09-21T17:47:33.982237+00:00,scaleout,334.899227,64,0,0,aee134af82a2d3af3d3252fd7819f9599379a9c631c279d178740031d885c222,False
2026-09-21T17:47:35.028077+00:00,scaleout,335.945067,64,0,0,aee134af82a2d3af3d3252fd7819f9599379a9c631c279d178740031d885c222,False
2026-09-21T17:47:36.056270+00:00,scaleout,336.973260,64,0,0,aee134af82a2d3af3d3252fd7819f9599379a9c631c279d178740031d885c222,False
2026-09-21T17:47:37.110129+00:00,scaleout,338.027119,64,0,0,aee134af82a2d3af3d3252fd7819f9599379a9c631c279d178740031d885c222,False
2026-09-21T17:47:38.161231+00:00,scaleout,339.078221,64,0,0,aee134af82a2d3af3d3252fd7819f9599379a9c631c279d178740031d885c222,False
2026-09-21T17:47:39.201776+00:00,scaleout,340.118766,64,0,0,aee134af82a2d3af3d3252fd7819f9599379a9c631c279d178740031d885c222,False
2026-09-21T17:47:40.255694+00:00,scaleout,341.172684,64,0,0,aee134af82a2d3af3d3252fd7819f9599379a9c631c279d178740031d885c222,False
2026-09-21T17:47:41.318071+00:00,scaleout,342.235061,64,0,0,aee134af82a2d3af3d3252fd7819f9599379a9c631c279d178740031d885c222,False
2026-09-21T17:47:42.364990+00:00,scaleout,343.281980,64,0,0,aee134af82a2d3af3d3252fd7819f9599379a9c631c279d178740031d885c222,False
2026-09-21T17:47:43.407565+00:00,scaleout,344.324555,64,0,0,aee134af82a2d3af3d3252fd7819f9599379a9c631c279d178740031d885c222,False
2026-09-21T17:47:44.460998+00:00,scaleout,345.377988,64,0,0,aee134af82a2d3af3d3252fd7819f9599379a9c631c279d178740031d885c222,False
2026-09-21T17:47:45.501373+00:00,scaleout,346.418363,64,0,0,aee134af82a2d3af3d3252fd7819f9599379a9c631c279d178740031d885c222,False
2026-09-21T17:47:46.549054+00:00,scaleout,347.466044,64,0,0,aee134af82a2d3af3d3252fd7819f9599379a9c631c279d178740031d885c222,False
2026-09-21T17:47:47.593642+00:00,scaleout,348.510632,64,0,0,aee134af82a2d3af3d3252fd7819f9599379a9c631c279d178740031d885c222,False
2026-09-21T17:47:48.634435+00:00,scaleout,349.551425,64,0,0,aee134af82a2d3af3d3252fd7819f9599379a9c631c279d178740031d885c222,False
2026-09-21T17:47:49.682285+00:00,scaleout,350.599275,64,0,0,aee134af82a2d3af3d3252fd7819f9599379a9c631c279d178740031d885c222,False
2026-09-21T17:47:50.753063+00:00,scaleout,351.670053,64,0,0,aee134af82a2d3af3d3252fd7819f9599379a9c631c279d178740031d885c222,False
2026-09-21T17:47:51.802790+00:00,scaleout,352.719780,64,0,0,aee134af82a2d3af3d3252fd7819f9599379a9c631c279d178740031d885c222,False
2026-09-21T17:47:52.837912+00:00,scaleout,353.754902,64,0,0,aee134af82a2d3af3d3252fd7819f9599379a9c631c279d178740031d885c222,False
2026-09-21T17:47:53.875067+00:00,scaleout,354.792057,64,0,0,aee134af82a2d3af3d3252fd7819f9599379a9c631c279d178740031d885c222,False
2026-09-21T17:47:54.929258+00:00,scaleout,355.846248,64,0,0,aee134af82a2d3af3d3252fd7819f9599379a9c631c279d178740031d885c222,False
2026-09-21T17:47:55.965632+00:00,scaleout,356.882622,64,0,0,aee134af82a2d3af3d3252fd7819f9599379a9c631c279d178740031d885c222,False
2026-09-21T17:47:57.007806+00:00,scaleout,357.924796,64,0,0,aee134af82a2d3af3d3252fd7819f9599379a9c631c279d178740031d885c222,False
2026-09-21T17:47:58.054965+00:00,scaleout,358.971955,64,0,0,aee134af82a2d3af3d3252fd7819f9599379a9c631c279d178740031d885c222,False
2026-09-21T17:47:59.126572+00:00,scaleout,360.043562,64,0,0,aee134af82a2d3af3d3252fd7819f9599379a9c631c279d178740031d885c222,False
2026-09-21T17:48:00.176890+00:00,scaleout,361.093880,64,0,0,aee134af82a2d3af3d3252fd7819f9599379a9c631c279d178740031d885c222,False
2026-09-21T17:48:01.239091+00:00,scaleout,362.156081,64,0,0,aee134af82a2d3af3d3252fd7819f9599379a9c631c279d178740031d885c222,False
2026-09-21T17:48:02.297525+00:00,scaleout,363.214515,64,0,0,aee134af82a2d3af3d3252fd7819f9599379a9c631c279d178740031d885c222,False
2026-09-21T17:48:03.336760+00:00,scaleout,364.253750,64,0,0,aee134af82a2d3af3d3252fd7819f9599379a9c631c279d178740031d885c222,False
2026-09-21T17:48:04.371783+00:00,scaleout,365.288773,64,0,0,aee134af82a2d3af3d3252fd7819f9599379a9c631c279d178740031d885c222,False
2026-09-21T17:48:05.420612+00:00,scaleout,366.337602,64,0,0,aee134af82a2d3af3d3252fd7819f9599379a9c631c279d178740031d885c222,False
2026-09-21T17:48:06.454044+00:00,scaleout,367.371034,64,0,0,aee134af82a2d3af3d3252fd7819f9599379a9c631c279d178740031d885c222,False
2026-09-21T17:48:07.516658+00:00,scaleout,368.433648,64,0,0,aee134af82a2d3af3d3252fd7819f9599379a9c631c279d178740031d885c222,False
2026-09-21T17:48:08.576634+00:00,scaleout,369.493624,64,0,0,aee134af82a2d3af3d3252fd7819f9599379a9c631c279d178740031d885c222,False
2026-09-21T17:48:09.631437+00:00,scaleout,370.548427,64,0,0,aee134af82a2d3af3d3252fd7819f9599379a9c631c279d178740031d885c222,False
2026-09-21T17:48:10.678155+00:00,scaleout,371.595145,64,0,0,aee134af82a2d3af3d3252fd7819f9599379a9c631c279d178740031d885c222,False
2026-09-21T17:48:11.731584+00:00,scaleout,372.648574,64,0,0,aee134af82a2d3af3d3252fd7819f9599379a9c631c279d178740031d885c222,False
2026-09-21T17:48:12.776133+00:00,scaleout,373.693123,64,0,0,aee134af82a2d3af3d3252fd7819f9599379a9c631c279d178740031d885c222,False
2026-09-21T17:48:13.812022+00:00,scaleout,374.729012,64,0,0,aee134af82a2d3af3d3252fd7819f9599379a9c631c279d178740031d885c222,False
2026-09-21T17:48:14.849827+00:00,scaleout,375.766817,64,0,0,aee134af82a2d3af3d3252fd7819f9599379a9c631c279d178740031d885c222,False
2026-09-21T17:48:15.892041+00:00,scaleout,376.809031,64,0,0,aee134af82a2d3af3d3252fd7819f9599379a9c631c279d178740031d885c222,False
2026-09-21T17:48:16.937596+00:00,scaleout,377.854586,64,0,0,aee134af82a2d3af3d3252fd7819f9599379a9c631c279d178740031d885c222,False
2026-09-21T17:48:17.969357+00:00,scaleout,378.886347,64,0,0,aee134af82a2d3af3d3252fd7819f9599379a9c631c279d178740031d885c222,False
2026-09-21T17:48:19.019882+00:00,scaleout,379.936872,64,0,0,aee134af82a2d3af3d3252fd7819f9599379a9c631c279d178740031d885c222,False
2026-09-21T17:48:20.092124+00:00,scaleout,381.009114,64,0,0,aee134af82a2d3af3d3252fd7819f9599379a9c631c279d178740031d885c222,False
2026-09-21T17:48:21.162585+00:00,scaleout,382.079575,64,0,0,aee134af82a2d3af3d3252fd7819f9599379a9c631c279d178740031d885c222,False
2026-09-21T17:48:22.218385+00:00,scaleout,383.135375,64,0,0,aee134af82a2d3af3d3252fd7819f9599379a9c631c279d178740031d885c222,False
2026-09-21T17:48:23.273903+00:00,scaleout,384.190893,64,0,0,aee134af82a2d3af3d3252fd7819f9599379a9c631c279d178740031d885c222,False
2026-09-21T17:48:24.316577+00:00,scaleout,385.233567,64,0,0,aee134af82a2d3af3d3252fd7819f9599379a9c631c279d178740031d885c222,False
2026-09-21T17:48:25.364997+00:00,scaleout,386.281987,64,0,0,aee134af82a2d3af3d3252fd7819f9599379a9c631c279d178740031d885c222,False
2026-09-21T17:48:26.415449+00:00,scaleout,387.332439,64,0,0,aee134af82a2d3af3d3252fd7819f9599379a9c631c279d178740031d885c222,False
2026-09-21T17:48:27.452353+00:00,scaleout,388.369343,64,0,0,aee134af82a2d3af3d3252fd7819f9599379a9c631c279d178740031d885c222,False
2026-09-21T17:48:28.481837+00:00,scaleout,389.398827,64,0,0,aee134af82a2d3af3d3252fd7819f9599379a9c631c279d178740031d885c222,False
2026-09-21T17:48:29.518630+00:00,scaleout,390.435620,64,0,0,aee134af82a2d3af3d3252fd7819f9599379a9c631c279d178740031d885c222,False
2026-09-21T17:48:30.576620+00:00,scaleout,391.493610,64,0,0,aee134af82a2d3af3d3252fd7819f9599379a9c631c279d178740031d885c222,False
2026-09-21T17:48:31.615064+00:00,scaleout,392.532054,64,0,0,aee134af82a2d3af3d3252fd7819f9599379a9c631c279d178740031d885c222,False
2026-09-21T17:48:32.663961+00:00,scaleout,393.580951,64,0,0,aee134af82a2d3af3d3252fd7819f9599379a9c631c279d178740031d885c222,False
2026-09-21T17:48:33.741534+00:00,scaleout,394.658524,64,0,0,aee134af82a2d3af3d3252fd7819f9599379a9c631c279d178740031d885c222,False
2026-09-21T17:48:34.779311+00:00,scaleout,395.696301,64,0,0,aee134af82a2d3af3d3252fd7819f9599379a9c631c279d178740031d885c222,False
2026-09-21T17:48:35.834153+00:00,scaleout,396.751143,64,0,0,aee134af82a2d3af3d3252fd7819f9599379a9c631c279d178740031d885c222,False
2026-09-21T17:48:36.872971+00:00,scaleout,397.789961,64,0,0,aee134af82a2d3af3d3252fd7819f9599379a9c631c279d178740031d885c222,False
2026-09-21T17:48:37.894663+00:00,scaleout,398.811653,64,0,0,aee134af82a2d3af3d3252fd7819f9599379a9c631c279d178740031d885c222,False
2026-09-21T17:48:38.938039+00:00,scaleout,399.855029,64,0,0,aee134af82a2d3af3d3252fd7819f9599379a9c631c279d178740031d885c222,False
2026-09-21T17:48:39.994419+00:00,scaleout,400.911409,64,0,0,aee134af82a2d3af3d3252fd7819f9599379a9c631c279d178740031d885c222,False
2026-09-21T17:48:41.045985+00:00,scaleout,401.962975,64,0,0,aee134af82a2d3af3d3252fd7819f9599379a9c631c279d178740031d885c222,False
2026-09-21T17:48:42.085559+00:00,scaleout,403.002549,64,0,0,aee134af82a2d3af3d3252fd7819f9599379a9c631c279d178740031d885c222,False
2026-09-21T17:48:43.133402+00:00,scaleout,404.050392,64,0,0,aee134af82a2d3af3d3252fd7819f9599379a9c631c279d178740031d885c222,False
2026-09-21T17:48:44.196211+00:00,scaleout,405.113201,64,0,0,aee134af82a2d3af3d3252fd7819f9599379a9c631c279d178740031d885c222,False
2026-09-21T17:48:45.259166+00:00,scaleout,406.176156,64,0,0,aee134af82a2d3af3d3252fd7819f9599379a9c631c279d178740031d885c222,False
2026-09-21T17:48:46.313878+00:00,scaleout,407.230868,64,0,0,aee134af82a2d3af3d3252fd7819f9599379a9c631c279d178740031d885c222,False
2026-09-21T17:48:47.368001+00:00,scaleout,408.284991,64,0,0,aee134af82a2d3af3d3252fd7819f9599379a9c631c279d178740031d885c222,False
2026-09-21T17:48:48.408202+00:00,scaleout,409.325192,64,0,0,aee134af82a2d3af3d3252fd7819f9599379a9c631c279d178740031d885c222,False
2026-09-21T17:48:49.444525+00:00,scaleout,410.361515,64,0,0,aee134af82a2d3af3d3252fd7819f9599379a9c631c279d178740031d885c222,False
2026-09-21T17:48:50.531965+00:00,scaleout,411.448955,64,0,0,aee134af82a2d3af3d3252fd7819f9599379a9c631c279d178740031d885c222,False
2026-09-21T17:48:51.601823+00:00,scaleout,412.518813,64,0,0,aee134af82a2d3af3d3252fd7819f9599379a9c631c279d178740031d885c222,False
2026-09-21T17:48:52.644310+00:00,scaleout,413.561300,64,0,0,aee134af82a2d3af3d3252fd7819f9599379a9c631c279d178740031d885c222,False
2026-09-21T17:48:53.687648+00:00,scaleout,414.604638,64,0,0,aee134af82a2d3af3d3252fd7819f9599379a9c631c279d178740031d885c222,False
2026-09-21T17:48:54.741729+00:00,scaleout,415.658719,64,0,0,aee134af82a2d3af3d3252fd7819f9599379a9c631c279d178740031d885c222,False
2026-09-21T17:48:55.770892+00:00,scaleout,416.687882,64,0,0,aee134af82a2d3af3d3252fd7819f9599379a9c631c279d178740031d885c222,False
2026-09-21T17:48:56.900952+00:00,scaleout,417.817942,64,0,0,aee134af82a2d3af3d3252fd7819f9599379a9c631c279d178740031d885c222,False
2026-09-21T17:48:57.934298+00:00,scaleout,418.851288,64,0,0,aee134af82a2d3af3d3252fd7819f9599379a9c631c279d178740031d885c222,False
2026-09-21T17:48:58.981083+00:00,scaleout,419.898073,64,0,0,aee134af82a2d3af3d3252fd7819f9599379a9c631c279d178740031d885c222,False
2026-09-21T17:49:00.030580+00:00,scaleout,420.947570,64,0,0,aee134af82a2d3af3d3252fd7819f9599379a9c631c279d178740031d885c222,False
2026-09-21T17:49:01.069981+00:00,scaleout,421.986971,64,0,0,aee134af82a2d3af3d3252fd7819f9599379a9c631c279d178740031d885c222,False
2026-09-21T17:49:02.122470+00:00,scaleout,423.039460,64,0,0,aee134af82a2d3af3d3252fd7819f9599379a9c631c279d178740031d885c222,False
2026-09-21T17:49:03.163636+00:00,scaleout,424.080626,64,0,0,aee134af82a2d3af3d3252fd7819f9599379a9c631c279d178740031d885c222,False
2026-09-21T17:49:04.209126+00:00,scaleout,425.126116,64,0,0,aee134af82a2d3af3d3252fd7819f9599379a9c631c279d178740031d885c222,False
2026-09-21T17:49:05.240578+00:00,scaleout,426.157568,64,0,0,aee134af82a2d3af3d3252fd7819f9599379a9c631c279d178740031d885c222,False
2026-09-21T17:49:06.303219+00:00,scaleout,427.220209,64,0,0,aee134af82a2d3af3d3252fd7819f9599379a9c631c279d178740031d885c222,False
2026-09-21T17:49:07.341714+00:00,scaleout,428.258704,64,0,0,aee134af82a2d3af3d3252fd7819f9599379a9c631c279d178740031d885c222,False
2026-09-21T17:49:08.372579+00:00,scaleout,429.289569,64,0,0,aee134af82a2d3af3d3252fd7819f9599379a9c631c279d178740031d885c222,False
2026-09-21T17:49:09.421043+00:00,scaleout,430.338033,64,0,0,aee134af82a2d3af3d3252fd7819f9599379a9c631c279d178740031d885c222,False
2026-09-21T17:49:10.469318+00:00,scaleout,431.386308,64,0,0,aee134af82a2d3af3d3252fd7819f9599379a9c631c279d178740031d885c222,False
2026-09-21T17:49:11.515592+00:00,scaleout,432.432582,64,0,0,aee134af82a2d3af3d3252fd7819f9599379a9c631c279d178740031d885c222,False
2026-09-21T17:49:12.555840+00:00,scaleout,433.472830,64,0,0,aee134af82a2d3af3d3252fd7819f9599379a9c631c279d178740031d885c222,False
2026-09-21T17:49:13.592753+00:00,scaleout,434.509743,64,0,0,aee134af82a2d3af3d3252fd7819f9599379a9c631c279d178740031d885c222,False
2026-09-21T17:49:14.633264+00:00,scaleout,435.550254,64,0,0,aee134af82a2d3af3d3252fd7819f9599379a9c631c279d178740031d885c222,False
2026-09-21T17:49:15.672416+00:00,scaleout,436.589406,64,0,0,aee134af82a2d3af3d3252fd7819f9599379a9c631c279d178740031d885c222,False
2026-09-21T17:49:16.722696+00:00,scaleout,437.639686,64,0,0,aee134af82a2d3af3d3252fd7819f9599379a9c631c279d178740031d885c222,False
2026-09-21T17:49:17.771306+00:00,scaleout,438.688296,64,0,0,aee134af82a2d3af3d3252fd7819f9599379a9c631c279d178740031d885c222,False
2026-09-21T17:49:18.805835+00:00,scaleout,439.722825,64,0,0,aee134af82a2d3af3d3252fd7819f9599379a9c631c279d178740031d885c222,False
2026-09-21T17:49:19.836533+00:00,scaleout,440.753523,64,0,0,aee134af82a2d3af3d3252fd7819f9599379a9c631c279d178740031d885c222,False
2026-09-21T17:49:20.887197+00:00,scaleout,441.804187,64,0,0,aee134af82a2d3af3d3252fd7819f9599379a9c631c279d178740031d885c222,False
2026-09-21T17:49:21.946499+00:00,scaleout,442.863489,64,0,0,aee134af82a2d3af3d3252fd7819f9599379a9c631c279d178740031d885c222,False
2026-09-21T17:49:22.986561+00:00,scaleout,443.903551,64,0,0,aee134af82a2d3af3d3252fd7819f9599379a9c631c279d178740031d885c222,False
2026-09-21T17:49:24.033308+00:00,scaleout,444.950298,64,0,0,aee134af82a2d3af3d3252fd7819f9599379a9c631c279d178740031d885c222,False
2026-09-21T17:49:25.083079+00:00,scaleout,446.000069,64,0,0,aee134af82a2d3af3d3252fd7819f9599379a9c631c279d178740031d885c222,False
2026-09-21T17:49:26.106514+00:00,scaleout,447.023504,64,0,0,aee134af82a2d3af3d3252fd7819f9599379a9c631c279d178740031d885c222,False
2026-09-21T17:49:27.174253+00:00,scaleout,448.091243,64,0,0,aee134af82a2d3af3d3252fd7819f9599379a9c631c279d178740031d885c222,False
2026-09-21T17:49:28.220273+00:00,scaleout,449.137263,64,0,0,aee134af82a2d3af3d3252fd7819f9599379a9c631c279d178740031d885c222,False
2026-09-21T17:49:29.274944+00:00,scaleout,450.191934,64,0,0,aee134af82a2d3af3d3252fd7819f9599379a9c631c279d178740031d885c222,False
2026-09-21T17:49:30.321347+00:00,scaleout,451.238337,64,0,0,aee134af82a2d3af3d3252fd7819f9599379a9c631c279d178740031d885c222,False
2026-09-21T17:49:31.374806+00:00,scaleout,452.291796,64,0,0,aee134af82a2d3af3d3252fd7819f9599379a9c631c279d178740031d885c222,False
2026-09-21T17:49:32.501487+00:00,scaleout,453.418477,64,0,0,aee134af82a2d3af3d3252fd7819f9599379a9c631c279d178740031d885c222,False
2026-09-21T17:49:33.550304+00:00,scaleout,454.467294,64,0,0,aee134af82a2d3af3d3252fd7819f9599379a9c631c279d178740031d885c222,False
2026-09-21T17:49:34.610605+00:00,scaleout,455.527595,64,0,0,aee134af82a2d3af3d3252fd7819f9599379a9c631c279d178740031d885c222,False
2026-09-21T17:49:35.632220+00:00,scaleout,456.549210,64,0,0,aee134af82a2d3af3d3252fd7819f9599379a9c631c279d178740031d885c222,False
2026-09-21T17:49:36.674773+00:00,scaleout,457.591763,64,0,0,aee134af82a2d3af3d3252fd7819f9599379a9c631c279d178740031d885c222,False
2026-09-21T17:49:37.721851+00:00,scaleout,458.638841,64,0,0,aee134af82a2d3af3d3252fd7819f9599379a9c631c279d178740031d885c222,False
2026-09-21T17:49:38.774395+00:00,scaleout,459.691385,64,0,0,aee134af82a2d3af3d3252fd7819f9599379a9c631c279d178740031d885c222,False
2026-09-21T17:49:39.815181+00:00,scaleout,460.732171,64,0,0,aee134af82a2d3af3d3252fd7819f9599379a9c631c279d178740031d885c222,False
2026-09-21T17:49:40.857736+00:00,scaleout,461.774726,64,0,0,aee134af82a2d3af3d3252fd7819f9599379a9c631c279d178740031d885c222,False
2026-09-21T17:49:41.928433+00:00,scaleout,462.845423,64,0,0,aee134af82a2d3af3d3252fd7819f9599379a9c631c279d178740031d885c222,False
2026-09-21T17:49:42.967473+00:00,scaleout,463.884463,64,0,0,aee134af82a2d3af3d3252fd7819f9599379a9c631c279d178740031d885c222,False
2026-09-21T17:49:44.028514+00:00,scaleout,464.945504,64,0,0,aee134af82a2d3af3d3252fd7819f9599379a9c631c279d178740031d885c222,False
2026-09-21T17:49:45.080022+00:00,scaleout,465.997012,64,0,0,aee134af82a2d3af3d3252fd7819f9599379a9c631c279d178740031d885c222,False
2026-09-21T17:49:46.129779+00:00,scaleout,467.046769,64,0,0,aee134af82a2d3af3d3252fd7819f9599379a9c631c279d178740031d885c222,False
2026-09-21T17:49:47.176218+00:00,scaleout,468.093208,64,0,0,aee134af82a2d3af3d3252fd7819f9599379a9c631c279d178740031d885c222,False
2026-09-21T17:49:48.225206+00:00,scaleout,469.142196,64,0,0,aee134af82a2d3af3d3252fd7819f9599379a9c631c279d178740031d885c222,False
2026-09-21T17:49:49.276864+00:00,scaleout,470.193854,64,0,0,aee134af82a2d3af3d3252fd7819f9599379a9c631c279d178740031d885c222,False
2026-09-21T17:49:50.319811+00:00,scaleout,471.236801,64,0,0,aee134af82a2d3af3d3252fd7819f9599379a9c631c279d178740031d885c222,False
2026-09-21T17:49:51.366605+00:00,scaleout,472.283595,64,0,0,aee134af82a2d3af3d3252fd7819f9599379a9c631c279d178740031d885c222,False
2026-09-21T17:49:52.407427+00:00,scaleout,473.324417,64,0,0,aee134af82a2d3af3d3252fd7819f9599379a9c631c279d178740031d885c222,False
2026-09-21T17:49:53.457759+00:00,scaleout,474.374749,64,0,0,aee134af82a2d3af3d3252fd7819f9599379a9c631c279d178740031d885c222,False
2026-09-21T17:49:54.494155+00:00,scaleout,475.411145,64,0,0,aee134af82a2d3af3d3252fd7819f9599379a9c631c279d178740031d885c222,False
2026-09-21T17:49:55.580848+00:00,scaleout,476.497838,64,0,0,aee134af82a2d3af3d3252fd7819f9599379a9c631c279d178740031d885c222,False
2026-09-21T17:49:56.618306+00:00,scaleout,477.535296,64,0,0,aee134af82a2d3af3d3252fd7819f9599379a9c631c279d178740031d885c222,False
2026-09-21T17:49:57.653942+00:00,scaleout,478.570932,64,0,0,aee134af82a2d3af3d3252fd7819f9599379a9c631c279d178740031d885c222,False
2026-09-21T17:49:58.692575+00:00,scaleout,479.609565,64,0,0,aee134af82a2d3af3d3252fd7819f9599379a9c631c279d178740031d885c222,False
2026-09-21T17:49:59.739345+00:00,scaleout,480.656335,64,0,0,aee134af82a2d3af3d3252fd7819f9599379a9c631c279d178740031d885c222,False
2026-09-21T17:50:00.824675+00:00,scaleout,481.741665,64,0,0,aee134af82a2d3af3d3252fd7819f9599379a9c631c279d178740031d885c222,False
2026-09-21T17:50:01.880853+00:00,scaleout,482.797843,64,0,0,aee134af82a2d3af3d3252fd7819f9599379a9c631c279d178740031d885c222,False
2026-09-21T17:50:02.933986+00:00,scaleout,483.850976,64,0,0,aee134af82a2d3af3d3252fd7819f9599379a9c631c279d178740031d885c222,False
2026-09-21T17:50:04.023139+00:00,scaleout,484.940129,64,0,0,aee134af82a2d3af3d3252fd7819f9599379a9c631c279d178740031d885c222,False
2026-09-21T17:50:05.064401+00:00,scaleout,485.981391,64,0,0,aee134af82a2d3af3d3252fd7819f9599379a9c631c279d178740031d885c222,False
2026-09-21T17:50:06.110202+00:00,scaleout,487.027192,64,0,0,aee134af82a2d3af3d3252fd7819f9599379a9c631c279d178740031d885c222,False
2026-09-21T17:50:07.153156+00:00,scaleout,488.070146,64,0,0,aee134af82a2d3af3d3252fd7819f9599379a9c631c279d178740031d885c222,False
2026-09-21T17:50:08.193288+00:00,scaleout,489.110278,64,0,0,aee134af82a2d3af3d3252fd7819f9599379a9c631c279d178740031d885c222,False
2026-09-21T17:50:09.236412+00:00,scaleout,490.153402,64,0,0,aee134af82a2d3af3d3252fd7819f9599379a9c631c279d178740031d885c222,False
2026-09-21T17:50:10.279412+00:00,scaleout,491.196402,64,0,0,aee134af82a2d3af3d3252fd7819f9599379a9c631c279d178740031d885c222,False
2026-09-21T17:50:11.329542+00:00,scaleout,492.246532,64,0,0,aee134af82a2d3af3d3252fd7819f9599379a9c631c279d178740031d885c222,False
2026-09-21T17:50:12.358813+00:00,scaleout,493.275803,64,0,0,aee134af82a2d3af3d3252fd7819f9599379a9c631c279d178740031d885c222,False
2026-09-21T17:50:13.390249+00:00,scaleout,494.307239,64,0,0,aee134af82a2d3af3d3252fd7819f9599379a9c631c279d178740031d885c222,False
2026-09-21T17:50:14.429524+00:00,scaleout,495.346514,64,0,0,aee134af82a2d3af3d3252fd7819f9599379a9c631c279d178740031d885c222,False
2026-09-21T17:50:15.480086+00:00,scaleout,496.397076,64,0,0,aee134af82a2d3af3d3252fd7819f9599379a9c631c279d178740031d885c222,False
2026-09-21T17:50:16.518992+00:00,scaleout,497.435982,64,0,0,aee134af82a2d3af3d3252fd7819f9599379a9c631c279d178740031d885c222,False
2026-09-21T17:50:17.584537+00:00,scaleout,498.501527,64,0,0,aee134af82a2d3af3d3252fd7819f9599379a9c631c279d178740031d885c222,False
2026-09-21T17:50:18.644610+00:00,scaleout,499.561600,64,0,0,aee134af82a2d3af3d3252fd7819f9599379a9c631c279d178740031d885c222,False
2026-09-21T17:50:19.688900+00:00,scaleout,500.605890,64,0,0,aee134af82a2d3af3d3252fd7819f9599379a9c631c279d178740031d885c222,False
2026-09-21T17:50:20.740893+00:00,scaleout,501.657883,64,0,0,aee134af82a2d3af3d3252fd7819f9599379a9c631c279d178740031d885c222,False
2026-09-21T17:50:21.776531+00:00,scaleout,502.693521,64,0,0,aee134af82a2d3af3d3252fd7819f9599379a9c631c279d178740031d885c222,False
2026-09-21T17:50:22.819285+00:00,scaleout,503.736275,64,0,0,aee134af82a2d3af3d3252fd7819f9599379a9c631c279d178740031d885c222,False
2026-09-21T17:50:23.851804+00:00,scaleout,504.768794,64,0,0,aee134af82a2d3af3d3252fd7819f9599379a9c631c279d178740031d885c222,False
2026-09-21T17:50:24.917695+00:00,scaleout,505.834685,64,0,0,aee134af82a2d3af3d3252fd7819f9599379a9c631c279d178740031d885c222,False
2026-09-21T17:50:25.955772+00:00,scaleout,506.872762,64,0,0,aee134af82a2d3af3d3252fd7819f9599379a9c631c279d178740031d885c222,False
2026-09-21T17:50:27.008741+00:00,scaleout,507.925731,64,0,0,aee134af82a2d3af3d3252fd7819f9599379a9c631c279d178740031d885c222,False
2026-09-21T17:50:28.085531+00:00,scaleout,509.002521,64,0,0,aee134af82a2d3af3d3252fd7819f9599379a9c631c279d178740031d885c222,False
2026-09-21T17:50:29.131343+00:00,scaleout,510.048333,64,0,0,aee134af82a2d3af3d3252fd7819f9599379a9c631c279d178740031d885c222,False
2026-09-21T17:50:30.167589+00:00,scaleout,511.084579,64,0,0,aee134af82a2d3af3d3252fd7819f9599379a9c631c279d178740031d885c222,False
2026-09-21T17:50:31.249319+00:00,scaleout,512.166309,64,0,0,aee134af82a2d3af3d3252fd7819f9599379a9c631c279d178740031d885c222,False
2026-09-21T17:50:32.289279+00:00,scaleout,513.206269,64,0,0,aee134af82a2d3af3d3252fd7819f9599379a9c631c279d178740031d885c222,False
2026-09-21T17:50:33.359281+00:00,scaleout,514.276271,64,0,0,aee134af82a2d3af3d3252fd7819f9599379a9c631c279d178740031d885c222,False
2026-09-21T17:50:34.432885+00:00,scaleout,515.349875,64,0,0,aee134af82a2d3af3d3252fd7819f9599379a9c631c279d178740031d885c222,False
2026-09-21T17:50:35.469514+00:00,scaleout,516.386504,64,0,0,aee134af82a2d3af3d3252fd7819f9599379a9c631c279d178740031d885c222,False
2026-09-21T17:50:36.524254+00:00,scaleout,517.441244,64,0,0,aee134af82a2d3af3d3252fd7819f9599379a9c631c279d178740031d885c222,False
2026-09-21T17:50:37.560261+00:00,scaleout,518.477251,64,0,0,aee134af82a2d3af3d3252fd7819f9599379a9c631c279d178740031d885c222,False
2026-09-21T17:50:38.614760+00:00,scaleout,519.531750,64,0,0,aee134af82a2d3af3d3252fd7819f9599379a9c631c279d178740031d885c222,False
2026-09-21T17:50:39.674468+00:00,scaleout,520.591458,64,0,0,aee134af82a2d3af3d3252fd7819f9599379a9c631c279d178740031d885c222,False
2026-09-21T17:50:40.731254+00:00,scaleout,521.648244,64,0,0,aee134af82a2d3af3d3252fd7819f9599379a9c631c279d178740031d885c222,False
2026-09-21T17:50:41.774001+00:00,scaleout,522.690991,64,0,0,aee134af82a2d3af3d3252fd7819f9599379a9c631c279d178740031d885c222,False
2026-09-21T17:50:42.822807+00:00,scaleout,523.739797,64,0,0,aee134af82a2d3af3d3252fd7819f9599379a9c631c279d178740031d885c222,False
2026-09-21T17:50:43.872941+00:00,scaleout,524.789931,64,0,0,aee134af82a2d3af3d3252fd7819f9599379a9c631c279d178740031d885c222,False
2026-09-21T17:50:44.922764+00:00,scaleout,525.839754,64,0,0,aee134af82a2d3af3d3252fd7819f9599379a9c631c279d178740031d885c222,False
2026-09-21T17:50:45.969592+00:00,scaleout,526.886582,64,0,0,aee134af82a2d3af3d3252fd7819f9599379a9c631c279d178740031d885c222,False
2026-09-21T17:50:47.032224+00:00,scaleout,527.949214,64,0,0,aee134af82a2d3af3d3252fd7819f9599379a9c631c279d178740031d885c222,False
2026-09-21T17:50:48.090910+00:00,scaleout,529.007900,64,0,0,aee134af82a2d3af3d3252fd7819f9599379a9c631c279d178740031d885c222,False
2026-09-21T17:50:49.155050+00:00,scaleout,530.072040,64,0,0,aee134af82a2d3af3d3252fd7819f9599379a9c631c279d178740031d885c222,False
2026-09-21T17:50:50.215662+00:00,scaleout,531.132652,64,0,0,aee134af82a2d3af3d3252fd7819f9599379a9c631c279d178740031d885c222,False
2026-09-21T17:50:51.269841+00:00,scaleout,532.186831,64,0,0,aee134af82a2d3af3d3252fd7819f9599379a9c631c279d178740031d885c222,False
2026-09-21T17:50:52.320573+00:00,scaleout,533.237563,64,0,0,aee134af82a2d3af3d3252fd7819f9599379a9c631c279d178740031d885c222,False
2026-09-21T17:50:53.363699+00:00,scaleout,534.280689,64,0,0,aee134af82a2d3af3d3252fd7819f9599379a9c631c279d178740031d885c222,False
2026-09-21T17:50:54.413548+00:00,scaleout,535.330538,64,0,0,aee134af82a2d3af3d3252fd7819f9599379a9c631c279d178740031d885c222,False
2026-09-21T17:50:55.492378+00:00,scaleout,536.409368,64,0,0,aee134af82a2d3af3d3252fd7819f9599379a9c631c279d178740031d885c222,False
2026-09-21T17:50:56.540428+00:00,scaleout,537.457418,64,0,0,aee134af82a2d3af3d3252fd7819f9599379a9c631c279d178740031d885c222,False
2026-09-21T17:50:57.586684+00:00,scaleout,538.503674,64,0,0,aee134af82a2d3af3d3252fd7819f9599379a9c631c279d178740031d885c222,False
2026-09-21T17:50:58.636307+00:00,scaleout,539.553297,64,0,0,aee134af82a2d3af3d3252fd7819f9599379a9c631c279d178740031d885c222,False
2026-09-21T17:50:59.665067+00:00,scaleout,540.582057,64,0,0,aee134af82a2d3af3d3252fd7819f9599379a9c631c279d178740031d885c222,False
2026-09-21T17:51:00.706453+00:00,scaleout,541.623443,64,0,0,aee134af82a2d3af3d3252fd7819f9599379a9c631c279d178740031d885c222,False
2026-09-21T17:51:01.736045+00:00,scaleout,542.653035,64,0,0,aee134af82a2d3af3d3252fd7819f9599379a9c631c279d178740031d885c222,False
2026-09-21T17:51:02.785186+00:00,scaleout,543.702176,64,0,0,aee134af82a2d3af3d3252fd7819f9599379a9c631c279d178740031d885c222,False
2026-09-21T17:51:03.811488+00:00,scaleout,544.728478,64,0,0,aee134af82a2d3af3d3252fd7819f9599379a9c631c279d178740031d885c222,False
2026-09-21T17:51:04.846924+00:00,scaleout,545.763914,64,0,0,aee134af82a2d3af3d3252fd7819f9599379a9c631c279d178740031d885c222,False
2026-09-21T17:51:05.934866+00:00,scaleout,546.851856,64,0,0,aee134af82a2d3af3d3252fd7819f9599379a9c631c279d178740031d885c222,False
2026-09-21T17:51:06.972145+00:00,scaleout,547.889135,64,0,0,aee134af82a2d3af3d3252fd7819f9599379a9c631c279d178740031d885c222,False
2026-09-21T17:51:08.022540+00:00,scaleout,548.939530,64,0,0,aee134af82a2d3af3d3252fd7819f9599379a9c631c279d178740031d885c222,False
2026-09-21T17:51:09.074903+00:00,scaleout,549.991893,64,0,0,aee134af82a2d3af3d3252fd7819f9599379a9c631c279d178740031d885c222,False
2026-09-21T17:51:10.133806+00:00,scaleout,551.050796,64,0,0,aee134af82a2d3af3d3252fd7819f9599379a9c631c279d178740031d885c222,False
2026-09-21T17:51:11.171524+00:00,scaleout,552.088514,64,0,0,aee134af82a2d3af3d3252fd7819f9599379a9c631c279d178740031d885c222,False
2026-09-21T17:51:12.210259+00:00,scaleout,553.127249,64,0,0,aee134af82a2d3af3d3252fd7819f9599379a9c631c279d178740031d885c222,False
2026-09-21T17:51:13.251947+00:00,scaleout,554.168937,64,0,0,aee134af82a2d3af3d3252fd7819f9599379a9c631c279d178740031d885c222,False
2026-09-21T17:51:14.303320+00:00,scaleout,555.220310,64,0,0,aee134af82a2d3af3d3252fd7819f9599379a9c631c279d178740031d885c222,False
2026-09-21T17:51:15.336246+00:00,scaleout,556.253236,64,0,0,aee134af82a2d3af3d3252fd7819f9599379a9c631c279d178740031d885c222,False
2026-09-21T17:51:16.458186+00:00,scaleout,557.375176,64,0,0,aee134af82a2d3af3d3252fd7819f9599379a9c631c279d178740031d885c222,False
2026-09-21T17:51:17.513921+00:00,scaleout,558.430911,64,0,0,aee134af82a2d3af3d3252fd7819f9599379a9c631c279d178740031d885c222,False
2026-09-21T17:51:18.559769+00:00,scaleout,559.476759,64,0,0,aee134af82a2d3af3d3252fd7819f9599379a9c631c279d178740031d885c222,False
2026-09-21T17:51:19.712439+00:00,scaleout,560.629429,64,0,0,aee134af82a2d3af3d3252fd7819f9599379a9c631c279d178740031d885c222,False
2026-09-21T17:51:20.748539+00:00,scaleout,561.665529,64,0,0,aee134af82a2d3af3d3252fd7819f9599379a9c631c279d178740031d885c222,False
2026-09-21T17:51:21.791460+00:00,scaleout,562.708450,64,0,0,aee134af82a2d3af3d3252fd7819f9599379a9c631c279d178740031d885c222,False
2026-09-21T17:51:22.851560+00:00,scaleout,563.768550,64,0,0,aee134af82a2d3af3d3252fd7819f9599379a9c631c279d178740031d885c222,False
2026-09-21T17:51:23.894713+00:00,scaleout,564.811703,64,0,0,aee134af82a2d3af3d3252fd7819f9599379a9c631c279d178740031d885c222,False
2026-09-21T17:51:24.945594+00:00,scaleout,565.862584,64,0,0,aee134af82a2d3af3d3252fd7819f9599379a9c631c279d178740031d885c222,False
2026-09-21T17:51:26.012044+00:00,scaleout,566.929034,64,0,0,aee134af82a2d3af3d3252fd7819f9599379a9c631c279d178740031d885c222,False
2026-09-21T17:51:27.059614+00:00,scaleout,567.976604,64,0,0,aee134af82a2d3af3d3252fd7819f9599379a9c631c279d178740031d885c222,False
2026-09-21T17:51:28.102679+00:00,scaleout,569.019669,64,0,0,aee134af82a2d3af3d3252fd7819f9599379a9c631c279d178740031d885c222,False
2026-09-21T17:51:29.171466+00:00,scaleout,570.088456,64,0,0,aee134af82a2d3af3d3252fd7819f9599379a9c631c279d178740031d885c222,False
2026-09-21T17:51:30.234916+00:00,scaleout,571.151906,64,0,0,aee134af82a2d3af3d3252fd7819f9599379a9c631c279d178740031d885c222,False
2026-09-21T17:51:31.268725+00:00,scaleout,572.185715,64,0,0,aee134af82a2d3af3d3252fd7819f9599379a9c631c279d178740031d885c222,False
2026-09-21T17:51:32.331281+00:00,scaleout,573.248271,64,0,0,aee134af82a2d3af3d3252fd7819f9599379a9c631c279d178740031d885c222,False
2026-09-21T17:51:33.379384+00:00,scaleout,574.296374,64,0,0,aee134af82a2d3af3d3252fd7819f9599379a9c631c279d178740031d885c222,False
2026-09-21T17:51:34.412269+00:00,scaleout,575.329259,64,0,0,aee134af82a2d3af3d3252fd7819f9599379a9c631c279d178740031d885c222,False
2026-09-21T17:51:35.462046+00:00,scaleout,576.379036,64,0,0,aee134af82a2d3af3d3252fd7819f9599379a9c631c279d178740031d885c222,False
2026-09-21T17:51:36.546404+00:00,scaleout,577.463394,64,0,0,aee134af82a2d3af3d3252fd7819f9599379a9c631c279d178740031d885c222,False
2026-09-21T17:51:37.592615+00:00,scaleout,578.509605,64,0,0,aee134af82a2d3af3d3252fd7819f9599379a9c631c279d178740031d885c222,False
2026-09-21T17:51:38.636758+00:00,scaleout,579.553748,64,0,0,aee134af82a2d3af3d3252fd7819f9599379a9c631c279d178740031d885c222,False
2026-09-21T17:51:39.665410+00:00,scaleout,580.582400,64,0,0,aee134af82a2d3af3d3252fd7819f9599379a9c631c279d178740031d885c222,False
2026-09-21T17:51:40.735713+00:00,scaleout,581.652703,64,0,0,aee134af82a2d3af3d3252fd7819f9599379a9c631c279d178740031d885c222,False
2026-09-21T17:51:41.784420+00:00,scaleout,582.701410,64,0,0,aee134af82a2d3af3d3252fd7819f9599379a9c631c279d178740031d885c222,False
2026-09-21T17:51:42.824664+00:00,scaleout,583.741654,64,0,0,aee134af82a2d3af3d3252fd7819f9599379a9c631c279d178740031d885c222,False
2026-09-21T17:51:43.878602+00:00,scaleout,584.795592,64,0,0,aee134af82a2d3af3d3252fd7819f9599379a9c631c279d178740031d885c222,False
2026-09-21T17:51:44.934702+00:00,scaleout,585.851692,64,0,0,aee134af82a2d3af3d3252fd7819f9599379a9c631c279d178740031d885c222,False
2026-09-21T17:51:45.981108+00:00,scaleout,586.898098,64,0,0,aee134af82a2d3af3d3252fd7819f9599379a9c631c279d178740031d885c222,False
2026-09-21T17:51:47.015784+00:00,scaleout,587.932774,64,0,0,aee134af82a2d3af3d3252fd7819f9599379a9c631c279d178740031d885c222,False
2026-09-21T17:51:48.071112+00:00,scaleout,588.988102,64,0,0,aee134af82a2d3af3d3252fd7819f9599379a9c631c279d178740031d885c222,False
2026-09-21T17:51:49.120049+00:00,scaleout,590.037039,64,0,0,aee134af82a2d3af3d3252fd7819f9599379a9c631c279d178740031d885c222,False
2026-09-21T17:51:50.157298+00:00,scaleout,591.074288,64,0,0,aee134af82a2d3af3d3252fd7819f9599379a9c631c279d178740031d885c222,False
2026-09-21T17:51:51.210595+00:00,scaleout,592.127585,64,0,0,aee134af82a2d3af3d3252fd7819f9599379a9c631c279d178740031d885c222,False
2026-09-21T17:51:52.248359+00:00,scaleout,593.165349,64,0,0,aee134af82a2d3af3d3252fd7819f9599379a9c631c279d178740031d885c222,False
2026-09-21T17:51:53.328248+00:00,scaleout,594.245238,64,0,0,aee134af82a2d3af3d3252fd7819f9599379a9c631c279d178740031d885c222,False
2026-09-21T17:51:54.385733+00:00,scaleout,595.302723,64,0,0,aee134af82a2d3af3d3252fd7819f9599379a9c631c279d178740031d885c222,False
2026-09-21T17:51:55.446401+00:00,scaleout,596.363391,64,0,0,aee134af82a2d3af3d3252fd7819f9599379a9c631c279d178740031d885c222,False
2026-09-21T17:51:56.484663+00:00,scaleout,597.401653,64,0,0,aee134af82a2d3af3d3252fd7819f9599379a9c631c279d178740031d885c222,False
2026-09-21T17:51:57.521207+00:00,scaleout,598.438197,64,0,0,aee134af82a2d3af3d3252fd7819f9599379a9c631c279d178740031d885c222,False
2026-09-21T17:51:58.546467+00:00,scaleout,599.463457,64,0,0,aee134af82a2d3af3d3252fd7819f9599379a9c631c279d178740031d885c222,False
2026-09-21T17:51:59.603030+00:00,scaleout,600.520020,64,0,0,aee134af82a2d3af3d3252fd7819f9599379a9c631c279d178740031d885c222,False
2026-09-21T17:52:00.653985+00:00,scaleout,601.570975,64,0,0,aee134af82a2d3af3d3252fd7819f9599379a9c631c279d178740031d885c222,False
2026-09-21T17:52:01.701353+00:00,scaleout,602.618343,64,0,0,aee134af82a2d3af3d3252fd7819f9599379a9c631c279d178740031d885c222,False
2026-09-21T17:52:02.755288+00:00,scaleout,603.672278,64,0,0,aee134af82a2d3af3d3252fd7819f9599379a9c631c279d178740031d885c222,False
2026-09-21T17:52:03.801858+00:00,scaleout,604.718848,64,0,0,aee134af82a2d3af3d3252fd7819f9599379a9c631c279d178740031d885c222,False
2026-09-21T17:52:04.854510+00:00,scaleout,605.771500,64,0,0,aee134af82a2d3af3d3252fd7819f9599379a9c631c279d178740031d885c222,False
2026-09-21T17:52:05.896359+00:00,scaleout,606.813349,64,0,0,aee134af82a2d3af3d3252fd7819f9599379a9c631c279d178740031d885c222,False
2026-09-21T17:52:06.955824+00:00,scaleout,607.872814,64,0,0,aee134af82a2d3af3d3252fd7819f9599379a9c631c279d178740031d885c222,False
2026-09-21T17:52:08.007691+00:00,scaleout,608.924681,64,0,0,aee134af82a2d3af3d3252fd7819f9599379a9c631c279d178740031d885c222,False
2026-09-21T17:52:09.111007+00:00,scaleout,610.027997,64,0,0,aee134af82a2d3af3d3252fd7819f9599379a9c631c279d178740031d885c222,False
2026-09-21T17:52:10.159042+00:00,scaleout,611.076032,64,0,0,aee134af82a2d3af3d3252fd7819f9599379a9c631c279d178740031d885c222,False
2026-09-21T17:52:11.212218+00:00,scaleout,612.129208,64,0,0,aee134af82a2d3af3d3252fd7819f9599379a9c631c279d178740031d885c222,False
2026-09-21T17:52:12.275856+00:00,scaleout,613.192846,64,0,0,aee134af82a2d3af3d3252fd7819f9599379a9c631c279d178740031d885c222,False
2026-09-21T17:52:13.308832+00:00,scaleout,614.225822,64,0,0,aee134af82a2d3af3d3252fd7819f9599379a9c631c279d178740031d885c222,False
2026-09-21T17:52:14.382567+00:00,scaleout,615.299557,64,0,0,aee134af82a2d3af3d3252fd7819f9599379a9c631c279d178740031d885c222,False
2026-09-21T17:52:15.445619+00:00,scaleout,616.362609,64,0,0,aee134af82a2d3af3d3252fd7819f9599379a9c631c279d178740031d885c222,False
2026-09-21T17:52:16.512615+00:00,scaleout,617.429605,64,0,0,aee134af82a2d3af3d3252fd7819f9599379a9c631c279d178740031d885c222,False
2026-09-21T17:52:17.583045+00:00,scaleout,618.500035,64,0,0,aee134af82a2d3af3d3252fd7819f9599379a9c631c279d178740031d885c222,False
2026-09-21T17:52:18.612595+00:00,scaleout,619.529585,64,0,0,aee134af82a2d3af3d3252fd7819f9599379a9c631c279d178740031d885c222,False
2026-09-21T17:52:19.656423+00:00,scaleout,620.573413,64,0,0,aee134af82a2d3af3d3252fd7819f9599379a9c631c279d178740031d885c222,False
2026-09-21T17:52:20.702615+00:00,scaleout,621.619605,64,0,0,aee134af82a2d3af3d3252fd7819f9599379a9c631c279d178740031d885c222,False
2026-09-21T17:52:21.727016+00:00,scaleout,622.644006,64,0,0,aee134af82a2d3af3d3252fd7819f9599379a9c631c279d178740031d885c222,False
2026-09-21T17:52:22.793368+00:00,scaleout,623.710358,64,0,0,aee134af82a2d3af3d3252fd7819f9599379a9c631c279d178740031d885c222,False
2026-09-21T17:52:23.838297+00:00,scaleout,624.755287,64,0,0,aee134af82a2d3af3d3252fd7819f9599379a9c631c279d178740031d885c222,False
2026-09-21T17:52:24.889901+00:00,scaleout,625.806891,64,0,0,aee134af82a2d3af3d3252fd7819f9599379a9c631c279d178740031d885c222,False
2026-09-21T17:52:25.918843+00:00,scaleout,626.835833,64,0,0,aee134af82a2d3af3d3252fd7819f9599379a9c631c279d178740031d885c222,False
2026-09-21T17:52:26.971795+00:00,scaleout,627.888785,64,0,0,aee134af82a2d3af3d3252fd7819f9599379a9c631c279d178740031d885c222,False
2026-09-21T17:52:28.064670+00:00,scaleout,628.981660,64,0,0,aee134af82a2d3af3d3252fd7819f9599379a9c631c279d178740031d885c222,False
2026-09-21T17:52:29.092943+00:00,scaleout,630.009933,64,0,0,aee134af82a2d3af3d3252fd7819f9599379a9c631c279d178740031d885c222,False
2026-09-21T17:52:30.151740+00:00,scaleout,631.068730,64,0,0,aee134af82a2d3af3d3252fd7819f9599379a9c631c279d178740031d885c222,False
2026-09-21T17:52:31.213680+00:00,scaleout,632.130670,64,0,0,aee134af82a2d3af3d3252fd7819f9599379a9c631c279d178740031d885c222,False
2026-09-21T17:52:32.259310+00:00,scaleout,633.176300,64,0,0,aee134af82a2d3af3d3252fd7819f9599379a9c631c279d178740031d885c222,False
2026-09-21T17:52:33.311376+00:00,scaleout,634.228366,64,0,0,aee134af82a2d3af3d3252fd7819f9599379a9c631c279d178740031d885c222,False
2026-09-21T17:52:34.350111+00:00,scaleout,635.267101,64,0,0,aee134af82a2d3af3d3252fd7819f9599379a9c631c279d178740031d885c222,False
2026-09-21T17:52:35.393226+00:00,scaleout,636.310216,64,0,0,aee134af82a2d3af3d3252fd7819f9599379a9c631c279d178740031d885c222,False
2026-09-21T17:52:36.433526+00:00,scaleout,637.350516,64,0,0,aee134af82a2d3af3d3252fd7819f9599379a9c631c279d178740031d885c222,False
2026-09-21T17:52:37.486109+00:00,scaleout,638.403099,64,0,0,aee134af82a2d3af3d3252fd7819f9599379a9c631c279d178740031d885c222,False
2026-09-21T17:52:38.537328+00:00,scaleout,639.454318,64,0,0,aee134af82a2d3af3d3252fd7819f9599379a9c631c279d178740031d885c222,False
2026-09-21T17:52:39.584571+00:00,scaleout,640.501561,64,0,0,aee134af82a2d3af3d3252fd7819f9599379a9c631c279d178740031d885c222,False
2026-09-21T17:52:40.635430+00:00,scaleout,641.552420,64,0,0,aee134af82a2d3af3d3252fd7819f9599379a9c631c279d178740031d885c222,False
2026-09-21T17:52:41.704233+00:00,scaleout,642.621223,64,0,0,aee134af82a2d3af3d3252fd7819f9599379a9c631c279d178740031d885c222,False
2026-09-21T17:52:42.730524+00:00,scaleout,643.647514,64,0,0,aee134af82a2d3af3d3252fd7819f9599379a9c631c279d178740031d885c222,False
2026-09-21T17:52:43.773676+00:00,scaleout,644.690666,64,0,0,aee134af82a2d3af3d3252fd7819f9599379a9c631c279d178740031d885c222,False
2026-09-21T17:52:44.821493+00:00,scaleout,645.738483,64,0,0,aee134af82a2d3af3d3252fd7819f9599379a9c631c279d178740031d885c222,False
2026-09-21T17:52:45.873703+00:00,scaleout,646.790693,64,0,0,aee134af82a2d3af3d3252fd7819f9599379a9c631c279d178740031d885c222,False
2026-09-21T17:52:47.000044+00:00,scaleout,647.917034,64,0,0,aee134af82a2d3af3d3252fd7819f9599379a9c631c279d178740031d885c222,False
2026-09-21T17:52:48.054756+00:00,scaleout,648.971746,64,0,0,aee134af82a2d3af3d3252fd7819f9599379a9c631c279d178740031d885c222,False
2026-09-21T17:52:49.116994+00:00,scaleout,650.033984,64,0,0,aee134af82a2d3af3d3252fd7819f9599379a9c631c279d178740031d885c222,False
2026-09-21T17:52:50.169503+00:00,scaleout,651.086493,64,0,0,aee134af82a2d3af3d3252fd7819f9599379a9c631c279d178740031d885c222,False
2026-09-21T17:52:51.221013+00:00,scaleout,652.138003,64,0,0,aee134af82a2d3af3d3252fd7819f9599379a9c631c279d178740031d885c222,False
2026-09-21T17:52:52.271459+00:00,scaleout,653.188449,64,0,0,aee134af82a2d3af3d3252fd7819f9599379a9c631c279d178740031d885c222,False
2026-09-21T17:52:53.311478+00:00,scaleout,654.228468,64,0,0,aee134af82a2d3af3d3252fd7819f9599379a9c631c279d178740031d885c222,False
2026-09-21T17:52:54.356530+00:00,scaleout,655.273520,64,0,0,aee134af82a2d3af3d3252fd7819f9599379a9c631c279d178740031d885c222,False
2026-09-21T17:52:55.414786+00:00,scaleout,656.331776,64,0,0,aee134af82a2d3af3d3252fd7819f9599379a9c631c279d178740031d885c222,False
2026-09-21T17:52:56.460386+00:00,scaleout,657.377376,64,0,0,aee134af82a2d3af3d3252fd7819f9599379a9c631c279d178740031d885c222,False
2026-09-21T17:52:57.518152+00:00,scaleout,658.435142,64,0,0,aee134af82a2d3af3d3252fd7819f9599379a9c631c279d178740031d885c222,False
2026-09-21T17:52:58.561107+00:00,scaleout,659.478097,64,0,0,aee134af82a2d3af3d3252fd7819f9599379a9c631c279d178740031d885c222,False
2026-09-21T17:52:59.612240+00:00,scaleout,660.529230,64,0,0,aee134af82a2d3af3d3252fd7819f9599379a9c631c279d178740031d885c222,False
2026-09-21T17:53:00.661054+00:00,scaleout,661.578044,64,0,0,aee134af82a2d3af3d3252fd7819f9599379a9c631c279d178740031d885c222,False
2026-09-21T17:53:01.713099+00:00,scaleout,662.630089,64,0,0,aee134af82a2d3af3d3252fd7819f9599379a9c631c279d178740031d885c222,False
2026-09-21T17:53:02.962278+00:00,scaleout,663.879268,64,0,0,aee134af82a2d3af3d3252fd7819f9599379a9c631c279d178740031d885c222,False
2026-09-21T17:53:04.000587+00:00,scaleout,664.917577,64,0,0,aee134af82a2d3af3d3252fd7819f9599379a9c631c279d178740031d885c222,False
2026-09-21T17:53:05.042325+00:00,scaleout,665.959315,64,0,0,aee134af82a2d3af3d3252fd7819f9599379a9c631c279d178740031d885c222,False
2026-09-21T17:53:06.063697+00:00,scaleout,666.980687,64,0,0,aee134af82a2d3af3d3252fd7819f9599379a9c631c279d178740031d885c222,False
2026-09-21T17:53:07.122288+00:00,scaleout,668.039278,64,0,0,aee134af82a2d3af3d3252fd7819f9599379a9c631c279d178740031d885c222,False
2026-09-21T17:53:08.201179+00:00,scaleout,669.118169,64,0,0,aee134af82a2d3af3d3252fd7819f9599379a9c631c279d178740031d885c222,False
2026-09-21T17:53:09.295906+00:00,scaleout,670.212896,64,0,0,aee134af82a2d3af3d3252fd7819f9599379a9c631c279d178740031d885c222,False
2026-09-21T17:53:10.368305+00:00,scaleout,671.285295,64,0,0,aee134af82a2d3af3d3252fd7819f9599379a9c631c279d178740031d885c222,False
2026-09-21T17:53:11.426859+00:00,scaleout,672.343849,64,0,0,aee134af82a2d3af3d3252fd7819f9599379a9c631c279d178740031d885c222,False
2026-09-21T17:53:12.507124+00:00,scaleout,673.424114,64,0,0,aee134af82a2d3af3d3252fd7819f9599379a9c631c279d178740031d885c222,False
2026-09-21T17:53:13.590486+00:00,scaleout,674.507476,64,0,0,aee134af82a2d3af3d3252fd7819f9599379a9c631c279d178740031d885c222,False
2026-09-21T17:53:14.653621+00:00,scaleout,675.570611,64,0,0,aee134af82a2d3af3d3252fd7819f9599379a9c631c279d178740031d885c222,False
2026-09-21T17:53:15.701312+00:00,scaleout,676.618302,64,0,0,aee134af82a2d3af3d3252fd7819f9599379a9c631c279d178740031d885c222,False
2026-09-21T17:53:16.754184+00:00,scaleout,677.671174,64,0,0,aee134af82a2d3af3d3252fd7819f9599379a9c631c279d178740031d885c222,False
2026-09-21T17:53:17.818925+00:00,scaleout,678.735915,64,0,0,aee134af82a2d3af3d3252fd7819f9599379a9c631c279d178740031d885c222,False
2026-09-21T17:53:18.849136+00:00,scaleout,679.766126,64,0,0,aee134af82a2d3af3d3252fd7819f9599379a9c631c279d178740031d885c222,False
2026-09-21T17:53:19.909509+00:00,scaleout,680.826499,64,0,0,aee134af82a2d3af3d3252fd7819f9599379a9c631c279d178740031d885c222,False
2026-09-21T17:53:20.955470+00:00,scaleout,681.872460,64,0,0,aee134af82a2d3af3d3252fd7819f9599379a9c631c279d178740031d885c222,False
2026-09-21T17:53:22.024566+00:00,scaleout,682.941556,64,0,0,aee134af82a2d3af3d3252fd7819f9599379a9c631c279d178740031d885c222,False
2026-09-21T17:53:23.076881+00:00,scaleout,683.993871,64,0,0,aee134af82a2d3af3d3252fd7819f9599379a9c631c279d178740031d885c222,False
2026-09-21T17:53:24.128730+00:00,scaleout,685.045720,64,0,0,aee134af82a2d3af3d3252fd7819f9599379a9c631c279d178740031d885c222,False
2026-09-21T17:53:25.194056+00:00,scaleout,686.111046,64,0,0,aee134af82a2d3af3d3252fd7819f9599379a9c631c279d178740031d885c222,False
2026-09-21T17:53:26.280194+00:00,scaleout,687.197184,64,0,0,aee134af82a2d3af3d3252fd7819f9599379a9c631c279d178740031d885c222,False
2026-09-21T17:53:27.330394+00:00,scaleout,688.247384,64,0,0,aee134af82a2d3af3d3252fd7819f9599379a9c631c279d178740031d885c222,False
2026-09-21T17:53:28.381018+00:00,scaleout,689.298008,64,0,0,aee134af82a2d3af3d3252fd7819f9599379a9c631c279d178740031d885c222,False
2026-09-21T17:53:29.438986+00:00,scaleout,690.355976,64,0,0,aee134af82a2d3af3d3252fd7819f9599379a9c631c279d178740031d885c222,False
2026-09-21T17:53:30.483845+00:00,scaleout,691.400835,64,0,0,aee134af82a2d3af3d3252fd7819f9599379a9c631c279d178740031d885c222,False
2026-09-21T17:53:31.530700+00:00,scaleout,692.447690,64,0,0,aee134af82a2d3af3d3252fd7819f9599379a9c631c279d178740031d885c222,False
2026-09-21T17:53:32.582848+00:00,scaleout,693.499838,64,0,0,aee134af82a2d3af3d3252fd7819f9599379a9c631c279d178740031d885c222,False
2026-09-21T17:53:33.643778+00:00,scaleout,694.560768,64,0,0,aee134af82a2d3af3d3252fd7819f9599379a9c631c279d178740031d885c222,False
2026-09-21T17:53:34.693702+00:00,scaleout,695.610692,64,0,0,aee134af82a2d3af3d3252fd7819f9599379a9c631c279d178740031d885c222,False
2026-09-21T17:53:35.734267+00:00,scaleout,696.651257,64,0,0,aee134af82a2d3af3d3252fd7819f9599379a9c631c279d178740031d885c222,False
2026-09-21T17:53:36.808626+00:00,scaleout,697.725616,64,0,0,aee134af82a2d3af3d3252fd7819f9599379a9c631c279d178740031d885c222,False
2026-09-21T17:53:37.851189+00:00,scaleout,698.768179,64,0,0,aee134af82a2d3af3d3252fd7819f9599379a9c631c279d178740031d885c222,False
2026-09-21T17:53:38.894957+00:00,scaleout,699.811947,64,0,0,aee134af82a2d3af3d3252fd7819f9599379a9c631c279d178740031d885c222,False
2026-09-21T17:53:39.944900+00:00,scaleout,700.861890,64,0,0,aee134af82a2d3af3d3252fd7819f9599379a9c631c279d178740031d885c222,False
2026-09-21T17:53:40.981822+00:00,scaleout,701.898812,64,0,0,aee134af82a2d3af3d3252fd7819f9599379a9c631c279d178740031d885c222,False
2026-09-21T17:53:42.051424+00:00,scaleout,702.968414,64,0,0,aee134af82a2d3af3d3252fd7819f9599379a9c631c279d178740031d885c222,False
2026-09-21T17:53:43.147044+00:00,scaleout,704.064034,64,0,0,aee134af82a2d3af3d3252fd7819f9599379a9c631c279d178740031d885c222,False
2026-09-21T17:53:44.208128+00:00,scaleout,705.125118,64,0,0,aee134af82a2d3af3d3252fd7819f9599379a9c631c279d178740031d885c222,False
2026-09-21T17:53:45.249813+00:00,scaleout,706.166803,64,0,0,aee134af82a2d3af3d3252fd7819f9599379a9c631c279d178740031d885c222,False
2026-09-21T17:53:46.294313+00:00,scaleout,707.211303,64,0,0,aee134af82a2d3af3d3252fd7819f9599379a9c631c279d178740031d885c222,False
2026-09-21T17:53:47.349780+00:00,scaleout,708.266770,64,0,0,aee134af82a2d3af3d3252fd7819f9599379a9c631c279d178740031d885c222,False
2026-09-21T17:53:48.396539+00:00,scaleout,709.313529,64,0,0,aee134af82a2d3af3d3252fd7819f9599379a9c631c279d178740031d885c222,False
2026-09-21T17:53:49.459782+00:00,scaleout,710.376772,64,0,0,aee134af82a2d3af3d3252fd7819f9599379a9c631c279d178740031d885c222,False
2026-09-21T17:53:50.513480+00:00,scaleout,711.430470,64,0,0,aee134af82a2d3af3d3252fd7819f9599379a9c631c279d178740031d885c222,False
2026-09-21T17:53:51.564676+00:00,scaleout,712.481666,64,0,0,aee134af82a2d3af3d3252fd7819f9599379a9c631c279d178740031d885c222,False
2026-09-21T17:53:52.637504+00:00,scaleout,713.554494,64,0,0,aee134af82a2d3af3d3252fd7819f9599379a9c631c279d178740031d885c222,False
2026-09-21T17:53:53.698348+00:00,scaleout,714.615338,64,0,0,aee134af82a2d3af3d3252fd7819f9599379a9c631c279d178740031d885c222,False
2026-09-21T17:53:54.759162+00:00,scaleout,715.676152,64,0,0,aee134af82a2d3af3d3252fd7819f9599379a9c631c279d178740031d885c222,False
2026-09-21T17:53:55.819944+00:00,scaleout,716.736934,64,0,0,aee134af82a2d3af3d3252fd7819f9599379a9c631c279d178740031d885c222,False
2026-09-21T17:53:56.859470+00:00,scaleout,717.776460,64,0,0,aee134af82a2d3af3d3252fd7819f9599379a9c631c279d178740031d885c222,False
2026-09-21T17:53:57.916908+00:00,scaleout,718.833898,64,0,0,aee134af82a2d3af3d3252fd7819f9599379a9c631c279d178740031d885c222,False
2026-09-21T17:53:58.956840+00:00,scaleout,719.873830,64,0,0,aee134af82a2d3af3d3252fd7819f9599379a9c631c279d178740031d885c222,False
2026-09-21T17:54:00.016818+00:00,scaleout,720.933808,64,0,0,aee134af82a2d3af3d3252fd7819f9599379a9c631c279d178740031d885c222,False
2026-09-21T17:54:01.073408+00:00,scaleout,721.990398,64,0,0,aee134af82a2d3af3d3252fd7819f9599379a9c631c279d178740031d885c222,False
2026-09-21T17:54:02.132190+00:00,scaleout,723.049180,64,0,0,aee134af82a2d3af3d3252fd7819f9599379a9c631c279d178740031d885c222,False
2026-09-21T17:54:03.196515+00:00,scaleout,724.113505,64,0,0,aee134af82a2d3af3d3252fd7819f9599379a9c631c279d178740031d885c222,False
2026-09-21T17:54:04.257549+00:00,scaleout,725.174539,64,0,0,aee134af82a2d3af3d3252fd7819f9599379a9c631c279d178740031d885c222,False
2026-09-21T17:54:05.282715+00:00,scaleout,726.199705,64,0,0,aee134af82a2d3af3d3252fd7819f9599379a9c631c279d178740031d885c222,False
2026-09-21T17:54:06.335253+00:00,scaleout,727.252243,64,0,0,aee134af82a2d3af3d3252fd7819f9599379a9c631c279d178740031d885c222,False
2026-09-21T17:54:07.394760+00:00,scaleout,728.311750,64,0,0,aee134af82a2d3af3d3252fd7819f9599379a9c631c279d178740031d885c222,False
2026-09-21T17:54:08.457150+00:00,scaleout,729.374140,64,0,0,aee134af82a2d3af3d3252fd7819f9599379a9c631c279d178740031d885c222,False
2026-09-21T17:54:09.500017+00:00,scaleout,730.417007,64,0,0,aee134af82a2d3af3d3252fd7819f9599379a9c631c279d178740031d885c222,False
2026-09-21T17:54:10.538300+00:00,scaleout,731.455290,64,0,0,aee134af82a2d3af3d3252fd7819f9599379a9c631c279d178740031d885c222,False
2026-09-21T17:54:11.606967+00:00,scaleout,732.523957,64,0,0,aee134af82a2d3af3d3252fd7819f9599379a9c631c279d178740031d885c222,False
2026-09-21T17:54:12.650554+00:00,scaleout,733.567544,64,0,0,aee134af82a2d3af3d3252fd7819f9599379a9c631c279d178740031d885c222,False
2026-09-21T17:54:13.688586+00:00,scaleout,734.605576,64,0,0,aee134af82a2d3af3d3252fd7819f9599379a9c631c279d178740031d885c222,False
2026-09-21T17:54:14.717021+00:00,scaleout,735.634011,64,0,0,aee134af82a2d3af3d3252fd7819f9599379a9c631c279d178740031d885c222,False
2026-09-21T17:54:15.750479+00:00,scaleout,736.667469,64,0,0,aee134af82a2d3af3d3252fd7819f9599379a9c631c279d178740031d885c222,False
2026-09-21T17:54:16.811172+00:00,scaleout,737.728162,64,0,0,aee134af82a2d3af3d3252fd7819f9599379a9c631c279d178740031d885c222,False
2026-09-21T17:54:17.874396+00:00,scaleout,738.791386,64,0,0,aee134af82a2d3af3d3252fd7819f9599379a9c631c279d178740031d885c222,False
2026-09-21T17:54:18.943712+00:00,scaleout,739.860702,64,0,0,aee134af82a2d3af3d3252fd7819f9599379a9c631c279d178740031d885c222,False
2026-09-21T17:54:20.007792+00:00,scaleout,740.924782,64,0,0,aee134af82a2d3af3d3252fd7819f9599379a9c631c279d178740031d885c222,False
2026-09-21T17:54:21.075702+00:00,scaleout,741.992692,64,0,0,aee134af82a2d3af3d3252fd7819f9599379a9c631c279d178740031d885c222,False
2026-09-21T17:54:22.182943+00:00,scaleout,743.099933,64,0,0,aee134af82a2d3af3d3252fd7819f9599379a9c631c279d178740031d885c222,False
2026-09-21T17:54:23.220716+00:00,scaleout,744.137706,64,0,0,aee134af82a2d3af3d3252fd7819f9599379a9c631c279d178740031d885c222,False
2026-09-21T17:54:24.264686+00:00,scaleout,745.181676,64,0,0,aee134af82a2d3af3d3252fd7819f9599379a9c631c279d178740031d885c222,False
2026-09-21T17:54:25.302717+00:00,scaleout,746.219707,64,0,0,aee134af82a2d3af3d3252fd7819f9599379a9c631c279d178740031d885c222,False
2026-09-21T17:54:26.357763+00:00,scaleout,747.274753,64,0,0,aee134af82a2d3af3d3252fd7819f9599379a9c631c279d178740031d885c222,False
2026-09-21T17:54:27.397450+00:00,scaleout,748.314440,64,0,0,aee134af82a2d3af3d3252fd7819f9599379a9c631c279d178740031d885c222,False
2026-09-21T17:54:28.431064+00:00,scaleout,749.348054,64,0,0,aee134af82a2d3af3d3252fd7819f9599379a9c631c279d178740031d885c222,False
2026-09-21T17:54:29.487808+00:00,scaleout,750.404798,64,0,0,aee134af82a2d3af3d3252fd7819f9599379a9c631c279d178740031d885c222,False
2026-09-21T17:54:30.532179+00:00,scaleout,751.449169,64,0,0,aee134af82a2d3af3d3252fd7819f9599379a9c631c279d178740031d885c222,False
2026-09-21T17:54:31.574028+00:00,scaleout,752.491018,64,0,0,aee134af82a2d3af3d3252fd7819f9599379a9c631c279d178740031d885c222,False
2026-09-21T17:54:32.618430+00:00,scaleout,753.535420,64,0,0,aee134af82a2d3af3d3252fd7819f9599379a9c631c279d178740031d885c222,False
2026-09-21T17:54:33.669197+00:00,scaleout,754.586187,64,0,0,aee134af82a2d3af3d3252fd7819f9599379a9c631c279d178740031d885c222,False
2026-09-21T17:54:34.720663+00:00,scaleout,755.637653,64,0,0,aee134af82a2d3af3d3252fd7819f9599379a9c631c279d178740031d885c222,False
2026-09-21T17:54:35.786338+00:00,scaleout,756.703328,64,0,0,aee134af82a2d3af3d3252fd7819f9599379a9c631c279d178740031d885c222,False
2026-09-21T17:54:36.994703+00:00,scaleout,757.911693,64,0,0,aee134af82a2d3af3d3252fd7819f9599379a9c631c279d178740031d885c222,False
2026-09-21T17:54:38.070190+00:00,scaleout,758.987180,64,0,0,aee134af82a2d3af3d3252fd7819f9599379a9c631c279d178740031d885c222,False
2026-09-21T17:54:39.106194+00:00,scaleout,760.023184,64,0,0,aee134af82a2d3af3d3252fd7819f9599379a9c631c279d178740031d885c222,False
2026-09-21T17:54:40.144627+00:00,scaleout,761.061617,64,0,0,aee134af82a2d3af3d3252fd7819f9599379a9c631c279d178740031d885c222,False
2026-09-21T17:54:41.206053+00:00,scaleout,762.123043,64,0,0,aee134af82a2d3af3d3252fd7819f9599379a9c631c279d178740031d885c222,False
2026-09-21T17:54:42.249871+00:00,scaleout,763.166861,64,0,0,aee134af82a2d3af3d3252fd7819f9599379a9c631c279d178740031d885c222,False
2026-09-21T17:54:43.324881+00:00,scaleout,764.241871,64,0,0,aee134af82a2d3af3d3252fd7819f9599379a9c631c279d178740031d885c222,False
2026-09-21T17:54:44.375877+00:00,scaleout,765.292867,64,0,0,aee134af82a2d3af3d3252fd7819f9599379a9c631c279d178740031d885c222,False
2026-09-21T17:54:45.440093+00:00,scaleout,766.357083,64,0,0,aee134af82a2d3af3d3252fd7819f9599379a9c631c279d178740031d885c222,False
2026-09-21T17:54:46.495024+00:00,scaleout,767.412014,64,0,0,aee134af82a2d3af3d3252fd7819f9599379a9c631c279d178740031d885c222,False
2026-09-21T17:54:47.552821+00:00,scaleout,768.469811,64,0,0,aee134af82a2d3af3d3252fd7819f9599379a9c631c279d178740031d885c222,False
2026-09-21T17:54:48.601435+00:00,scaleout,769.518425,64,0,0,aee134af82a2d3af3d3252fd7819f9599379a9c631c279d178740031d885c222,False
2026-09-21T17:54:49.659579+00:00,scaleout,770.576569,64,0,0,aee134af82a2d3af3d3252fd7819f9599379a9c631c279d178740031d885c222,False
2026-09-21T17:54:50.708783+00:00,scaleout,771.625773,64,0,0,aee134af82a2d3af3d3252fd7819f9599379a9c631c279d178740031d885c222,False
2026-09-21T17:54:51.764234+00:00,scaleout,772.681224,64,0,0,aee134af82a2d3af3d3252fd7819f9599379a9c631c279d178740031d885c222,False
2026-09-21T17:54:52.790361+00:00,scaleout,773.707351,64,0,0,aee134af82a2d3af3d3252fd7819f9599379a9c631c279d178740031d885c222,False
2026-09-21T17:54:53.829194+00:00,scaleout,774.746184,64,0,0,aee134af82a2d3af3d3252fd7819f9599379a9c631c279d178740031d885c222,False
2026-09-21T17:54:54.903555+00:00,scaleout,775.820545,64,0,0,aee134af82a2d3af3d3252fd7819f9599379a9c631c279d178740031d885c222,False
2026-09-21T17:54:55.949838+00:00,scaleout,776.866828,64,0,0,aee134af82a2d3af3d3252fd7819f9599379a9c631c279d178740031d885c222,False
2026-09-21T17:54:57.194701+00:00,scaleout,778.111691,64,0,0,aee134af82a2d3af3d3252fd7819f9599379a9c631c279d178740031d885c222,False
2026-09-21T17:54:58.267730+00:00,scaleout,779.184720,64,0,0,aee134af82a2d3af3d3252fd7819f9599379a9c631c279d178740031d885c222,False
2026-09-21T17:54:59.332573+00:00,scaleout,780.249563,64,0,0,aee134af82a2d3af3d3252fd7819f9599379a9c631c279d178740031d885c222,False
2026-09-21T17:55:00.382011+00:00,scaleout,781.299001,64,0,0,aee134af82a2d3af3d3252fd7819f9599379a9c631c279d178740031d885c222,False
2026-09-21T17:55:01.429523+00:00,scaleout,782.346513,64,0,0,aee134af82a2d3af3d3252fd7819f9599379a9c631c279d178740031d885c222,False
2026-09-21T17:55:02.486063+00:00,scaleout,783.403053,64,0,0,aee134af82a2d3af3d3252fd7819f9599379a9c631c279d178740031d885c222,False
2026-09-21T17:55:03.546016+00:00,scaleout,784.463006,64,0,0,aee134af82a2d3af3d3252fd7819f9599379a9c631c279d178740031d885c222,False
2026-09-21T17:55:04.616706+00:00,scaleout,785.533696,64,0,0,aee134af82a2d3af3d3252fd7819f9599379a9c631c279d178740031d885c222,False
2026-09-21T17:55:05.660386+00:00,,,64,0,0,aee134af82a2d3af3d3252fd7819f9599379a9c631c279d178740031d885c222,False
2026-09-21T17:55:06.701167+00:00,,,64,0,0,aee134af82a2d3af3d3252fd7819f9599379a9c631c279d178740031d885c222,False
2026-09-21T17:55:07.743962+00:00,,,64,0,0,aee134af82a2d3af3d3252fd7819f9599379a9c631c279d178740031d885c222,False
2026-09-21T17:55:08.804907+00:00,,,64,0,0,aee134af82a2d3af3d3252fd7819f9599379a9c631c279d178740031d885c222,False
2026-09-21T17:55:09.851959+00:00,,,64,0,0,aee134af82a2d3af3d3252fd7819f9599379a9c631c279d178740031d885c222,False
2026-09-21T17:55:10.956091+00:00,,,64,0,0,aee134af82a2d3af3d3252fd7819f9599379a9c631c279d178740031d885c222,False
2026-09-21T17:55:12.021322+00:00,,,64,0,0,aee134af82a2d3af3d3252fd7819f9599379a9c631c279d178740031d885c222,False
2026-09-21T17:55:13.076545+00:00,,,64,0,0,aee134af82a2d3af3d3252fd7819f9599379a9c631c279d178740031d885c222,False
2026-09-21T17:55:14.148559+00:00,,,64,0,0,aee134af82a2d3af3d3252fd7819f9599379a9c631c279d178740031d885c222,False
2026-09-21T17:55:15.206200+00:00,,,64,0,0,aee134af82a2d3af3d3252fd7819f9599379a9c631c279d178740031d885c222,False
2026-09-21T17:55:16.247403+00:00,,,64,0,0,aee134af82a2d3af3d3252fd7819f9599379a9c631c279d178740031d885c222,False
2026-09-21T17:55:17.303106+00:00,,,64,0,0,aee134af82a2d3af3d3252fd7819f9599379a9c631c279d178740031d885c222,False
2026-09-21T17:55:18.360273+00:00,,,64,0,0,aee134af82a2d3af3d3252fd7819f9599379a9c631c279d178740031d885c222,False
2026-09-21T17:55:19.431619+00:00,,,64,0,0,aee134af82a2d3af3d3252fd7819f9599379a9c631c279d178740031d885c222,False
2026-09-21T17:55:20.480591+00:00,,,64,0,0,aee134af82a2d3af3d3252fd7819f9599379a9c631c279d178740031d885c222,False
2026-09-21T17:55:21.543529+00:00,,,64,0,0,aee134af82a2d3af3d3252fd7819f9599379a9c631c279d178740031d885c222,False
2026-09-21T17:55:22.592923+00:00,,,64,0,0,aee134af82a2d3af3d3252fd7819f9599379a9c631c279d178740031d885c222,False
2026-09-21T17:55:23.627086+00:00,,,64,0,0,aee134af82a2d3af3d3252fd7819f9599379a9c631c279d178740031d885c222,False
2026-09-21T17:55:24.693688+00:00,,,64,0,0,aee134af82a2d3af3d3252fd7819f9599379a9c631c279d178740031d885c222,False
2026-09-21T17:55:25.765507+00:00,,,64,0,0,aee134af82a2d3af3d3252fd7819f9599379a9c631c279d178740031d885c222,False
2026-09-21T17:55:26.850383+00:00,,,64,0,0,aee134af82a2d3af3d3252fd7819f9599379a9c631c279d178740031d885c222,False
2026-09-21T17:55:27.910236+00:00,,,64,0,0,aee134af82a2d3af3d3252fd7819f9599379a9c631c279d178740031d885c222,False
2026-09-21T17:55:28.952607+00:00,,,64,0,0,aee134af82a2d3af3d3252fd7819f9599379a9c631c279d178740031d885c222,False
2026-09-21T17:55:30.013513+00:00,,,64,0,0,aee134af82a2d3af3d3252fd7819f9599379a9c631c279d178740031d885c222,False
2026-09-21T17:55:31.084698+00:00,,,64,0,0,aee134af82a2d3af3d3252fd7819f9599379a9c631c279d178740031d885c222,False
2026-09-21T17:55:32.125146+00:00,,,64,0,0,aee134af82a2d3af3d3252fd7819f9599379a9c631c279d178740031d885c222,False
2026-09-21T17:55:33.193976+00:00,,,64,0,0,aee134af82a2d3af3d3252fd7819f9599379a9c631c279d178740031d885c222,False
2026-09-21T17:55:34.237676+00:00,,,64,0,0,aee134af82a2d3af3d3252fd7819f9599379a9c631c279d178740031d885c222,False
2026-09-21T17:55:35.288299+00:00,,,64,0,0,aee134af82a2d3af3d3252fd7819f9599379a9c631c279d178740031d885c222,False
2026-09-21T17:55:36.367043+00:00,,,64,0,0,aee134af82a2d3af3d3252fd7819f9599379a9c631c279d178740031d885c222,False
2026-09-21T17:55:37.419212+00:00,,,64,0,0,aee134af82a2d3af3d3252fd7819f9599379a9c631c279d178740031d885c222,False
2026-09-21T17:55:38.472353+00:00,,,64,0,0,aee134af82a2d3af3d3252fd7819f9599379a9c631c279d178740031d885c222,False
2026-09-21T17:55:39.521421+00:00,,,64,0,0,aee134af82a2d3af3d3252fd7819f9599379a9c631c279d178740031d885c222,False
2026-09-21T17:55:40.565092+00:00,,,64,0,0,aee134af82a2d3af3d3252fd7819f9599379a9c631c279d178740031d885c222,False
2026-09-21T17:55:41.640460+00:00,,,64,0,0,aee134af82a2d3af3d3252fd7819f9599379a9c631c279d178740031d885c222,False
2026-09-21T17:55:42.697356+00:00,,,64,0,0,aee134af82a2d3af3d3252fd7819f9599379a9c631c279d178740031d885c222,False
2026-09-21T17:55:43.759490+00:00,,,64,0,0,aee134af82a2d3af3d3252fd7819f9599379a9c631c279d178740031d885c222,False
2026-09-21T17:55:44.818391+00:00,,,64,0,0,aee134af82a2d3af3d3252fd7819f9599379a9c631c279d178740031d885c222,False
2026-09-21T17:55:45.874548+00:00,,,64,0,0,aee134af82a2d3af3d3252fd7819f9599379a9c631c279d178740031d885c222,False
2026-09-21T17:55:46.927198+00:00,,,64,0,0,aee134af82a2d3af3d3252fd7819f9599379a9c631c279d178740031d885c222,False
2026-09-21T17:55:47.984921+00:00,,,64,0,0,aee134af82a2d3af3d3252fd7819f9599379a9c631c279d178740031d885c222,False
2026-09-21T17:55:49.020413+00:00,,,64,0,0,aee134af82a2d3af3d3252fd7819f9599379a9c631c279d178740031d885c222,False
2026-09-21T17:55:50.059274+00:00,,,64,0,0,aee134af82a2d3af3d3252fd7819f9599379a9c631c279d178740031d885c222,False
2026-09-21T17:55:51.099059+00:00,,,64,0,0,aee134af82a2d3af3d3252fd7819f9599379a9c631c279d178740031d885c222,False
2026-09-21T17:55:52.172436+00:00,,,64,0,0,aee134af82a2d3af3d3252fd7819f9599379a9c631c279d178740031d885c222,False
2026-09-21T17:55:53.218551+00:00,,,64,0,0,aee134af82a2d3af3d3252fd7819f9599379a9c631c279d178740031d885c222,False
2026-09-21T17:55:54.273903+00:00,,,64,0,0,aee134af82a2d3af3d3252fd7819f9599379a9c631c279d178740031d885c222,False
2026-09-21T17:55:55.335009+00:00,,,64,0,0,aee134af82a2d3af3d3252fd7819f9599379a9c631c279d178740031d885c222,False
2026-09-21T17:55:56.384737+00:00,,,64,0,0,aee134af82a2d3af3d3252fd7819f9599379a9c631c279d178740031d885c222,False
2026-09-21T17:55:57.428124+00:00,,,64,0,0,aee134af82a2d3af3d3252fd7819f9599379a9c631c279d178740031d885c222,False
2026-09-21T17:55:58.484568+00:00,,,64,0,0,aee134af82a2d3af3d3252fd7819f9599379a9c631c279d178740031d885c222,False
2026-09-21T17:55:59.550047+00:00,,,64,0,0,aee134af82a2d3af3d3252fd7819f9599379a9c631c279d178740031d885c222,False
2026-09-21T17:56:00.584263+00:00,,,64,0,0,aee134af82a2d3af3d3252fd7819f9599379a9c631c279d178740031d885c222,False
2026-09-21T17:56:01.649913+00:00,,,64,0,0,aee134af82a2d3af3d3252fd7819f9599379a9c631c279d178740031d885c222,False
2026-09-21T17:56:02.697864+00:00,,,64,0,0,aee134af82a2d3af3d3252fd7819f9599379a9c631c279d178740031d885c222,False
2026-09-21T17:56:03.760965+00:00,,,64,0,0,aee134af82a2d3af3d3252fd7819f9599379a9c631c279d178740031d885c222,False
2026-09-21T17:56:04.793326+00:00,,,64,0,0,aee134af82a2d3af3d3252fd7819f9599379a9c631c279d178740031d885c222,False
2026-09-21T17:56:05.828458+00:00,,,64,0,0,aee134af82a2d3af3d3252fd7819f9599379a9c631c279d178740031d885c222,False
2026-09-21T17:56:06.862890+00:00,,,64,0,0,aee134af82a2d3af3d3252fd7819f9599379a9c631c279d178740031d885c222,False
2026-09-21T17:56:07.926461+00:00,,,64,0,0,aee134af82a2d3af3d3252fd7819f9599379a9c631c279d178740031d885c222,False
2026-09-21T17:56:08.984740+00:00,,,64,0,0,aee134af82a2d3af3d3252fd7819f9599379a9c631c279d178740031d885c222,False
2026-09-21T17:56:10.051688+00:00,,,64,0,0,aee134af82a2d3af3d3252fd7819f9599379a9c631c279d178740031d885c222,False
2026-09-21T17:56:11.089318+00:00,,,64,0,0,aee134af82a2d3af3d3252fd7819f9599379a9c631c279d178740031d885c222,False
2026-09-21T17:56:12.150957+00:00,,,64,0,0,aee134af82a2d3af3d3252fd7819f9599379a9c631c279d178740031d885c222,False
2026-09-21T17:56:13.208195+00:00,,,64,0,0,aee134af82a2d3af3d3252fd7819f9599379a9c631c279d178740031d885c222,False
2026-09-21T17:56:14.262221+00:00,,,64,0,0,aee134af82a2d3af3d3252fd7819f9599379a9c631c279d178740031d885c222,False
2026-09-21T17:56:15.297387+00:00,,,64,0,0,aee134af82a2d3af3d3252fd7819f9599379a9c631c279d178740031d885c222,False
2026-09-21T17:56:16.370917+00:00,,,64,0,0,aee134af82a2d3af3d3252fd7819f9599379a9c631c279d178740031d885c222,False
2026-09-21T17:56:17.430944+00:00,,,64,0,0,aee134af82a2d3af3d3252fd7819f9599379a9c631c279d178740031d885c222,False
2026-09-21T17:56:18.470082+00:00,,,64,0,0,aee134af82a2d3af3d3252fd7819f9599379a9c631c279d178740031d885c222,False
2026-09-21T17:56:19.506292+00:00,,,64,0,0,aee134af82a2d3af3d3252fd7819f9599379a9c631c279d178740031d885c222,False
2026-09-21T17:56:20.531641+00:00,,,64,0,0,aee134af82a2d3af3d3252fd7819f9599379a9c631c279d178740031d885c222,False
2026-09-21T17:56:21.606306+00:00,,,64,0,0,aee134af82a2d3af3d3252fd7819f9599379a9c631c279d178740031d885c222,False
2026-09-21T17:56:22.670785+00:00,,,64,0,0,aee134af82a2d3af3d3252fd7819f9599379a9c631c279d178740031d885c222,False
2026-09-21T17:56:23.734320+00:00,,,64,0,0,aee134af82a2d3af3d3252fd7819f9599379a9c631c279d178740031d885c222,False
2026-09-21T17:56:24.789119+00:00,,,64,0,0,aee134af82a2d3af3d3252fd7819f9599379a9c631c279d178740031d885c222,False
2026-09-21T17:56:25.842021+00:00,,,64,0,0,aee134af82a2d3af3d3252fd7819f9599379a9c631c279d178740031d885c222,False
2026-09-21T17:56:26.877196+00:00,,,64,0,0,aee134af82a2d3af3d3252fd7819f9599379a9c631c279d178740031d885c222,False
2026-09-21T17:56:27.914977+00:00,,,64,0,0,aee134af82a2d3af3d3252fd7819f9599379a9c631c279d178740031d885c222,False
2026-09-21T17:56:28.979942+00:00,,,64,0,0,aee134af82a2d3af3d3252fd7819f9599379a9c631c279d178740031d885c222,False
2026-09-21T17:56:30.045209+00:00,,,64,0,0,aee134af82a2d3af3d3252fd7819f9599379a9c631c279d178740031d885c222,False
2026-09-21T17:56:31.079814+00:00,,,64,0,0,aee134af82a2d3af3d3252fd7819f9599379a9c631c279d178740031d885c222,False
2026-09-21T17:56:32.121419+00:00,,,64,0,0,aee134af82a2d3af3d3252fd7819f9599379a9c631c279d178740031d885c222,False
2026-09-21T17:56:33.150826+00:00,,,64,0,0,aee134af82a2d3af3d3252fd7819f9599379a9c631c279d178740031d885c222,False
2026-09-21T17:56:34.185753+00:00,,,64,0,0,aee134af82a2d3af3d3252fd7819f9599379a9c631c279d178740031d885c222,False
2026-09-21T17:56:35.237240+00:00,,,64,0,0,aee134af82a2d3af3d3252fd7819f9599379a9c631c279d178740031d885c222,False
2026-09-21T17:56:36.276494+00:00,,,64,0,0,aee134af82a2d3af3d3252fd7819f9599379a9c631c279d178740031d885c222,False
2026-09-21T17:56:37.334351+00:00,,,64,0,0,aee134af82a2d3af3d3252fd7819f9599379a9c631c279d178740031d885c222,False
2026-09-21T17:56:38.371011+00:00,,,64,0,0,aee134af82a2d3af3d3252fd7819f9599379a9c631c279d178740031d885c222,False
2026-09-21T17:56:39.430452+00:00,,,64,0,0,aee134af82a2d3af3d3252fd7819f9599379a9c631c279d178740031d885c222,False
2026-09-21T17:56:40.483035+00:00,,,64,0,0,aee134af82a2d3af3d3252fd7819f9599379a9c631c279d178740031d885c222,False
2026-09-21T17:56:41.530809+00:00,,,64,0,0,aee134af82a2d3af3d3252fd7819f9599379a9c631c279d178740031d885c222,False
2026-09-21T17:56:42.587884+00:00,,,64,0,0,aee134af82a2d3af3d3252fd7819f9599379a9c631c279d178740031d885c222,False
2026-09-21T17:56:43.640194+00:00,,,64,0,0,aee134af82a2d3af3d3252fd7819f9599379a9c631c279d178740031d885c222,False
2026-09-21T17:56:44.694527+00:00,,,64,0,0,aee134af82a2d3af3d3252fd7819f9599379a9c631c279d178740031d885c222,False
2026-09-21T17:56:45.787008+00:00,,,64,0,0,aee134af82a2d3af3d3252fd7819f9599379a9c631c279d178740031d885c222,False
2026-09-21T17:56:46.837529+00:00,,,64,0,0,aee134af82a2d3af3d3252fd7819f9599379a9c631c279d178740031d885c222,False
2026-09-21T17:56:47.859813+00:00,,,64,0,0,aee134af82a2d3af3d3252fd7819f9599379a9c631c279d178740031d885c222,False
2026-09-21T17:56:48.895918+00:00,,,64,0,0,aee134af82a2d3af3d3252fd7819f9599379a9c631c279d178740031d885c222,False
2026-09-21T17:56:49.931569+00:00,,,64,0,0,aee134af82a2d3af3d3252fd7819f9599379a9c631c279d178740031d885c222,False
2026-09-21T17:56:50.963364+00:00,,,64,0,0,aee134af82a2d3af3d3252fd7819f9599379a9c631c279d178740031d885c222,False
2026-09-21T17:56:51.999519+00:00,,,64,0,0,aee134af82a2d3af3d3252fd7819f9599379a9c631c279d178740031d885c222,False
2026-09-21T17:56:53.034559+00:00,,,64,0,0,aee134af82a2d3af3d3252fd7819f9599379a9c631c279d178740031d885c222,False
2026-09-21T17:56:54.081760+00:00,,,64,0,0,aee134af82a2d3af3d3252fd7819f9599379a9c631c279d178740031d885c222,False
2026-09-21T17:56:55.155144+00:00,,,64,0,0,aee134af82a2d3af3d3252fd7819f9599379a9c631c279d178740031d885c222,False
2026-09-21T17:56:56.213867+00:00,,,64,0,0,aee134af82a2d3af3d3252fd7819f9599379a9c631c279d178740031d885c222,False
2026-09-21T17:56:57.275521+00:00,,,64,0,0,aee134af82a2d3af3d3252fd7819f9599379a9c631c279d178740031d885c222,False
2026-09-21T17:56:58.331872+00:00,,,64,0,0,aee134af82a2d3af3d3252fd7819f9599379a9c631c279d178740031d885c222,False
2026-09-21T17:56:59.385767+00:00,,,64,0,0,aee134af82a2d3af3d3252fd7819f9599379a9c631c279d178740031d885c222,False
2026-09-21T17:57:00.457669+00:00,,,64,0,0,aee134af82a2d3af3d3252fd7819f9599379a9c631c279d178740031d885c222,False
2026-09-21T17:57:01.501510+00:00,,,64,0,0,aee134af82a2d3af3d3252fd7819f9599379a9c631c279d178740031d885c222,False
2026-09-21T17:57:02.540657+00:00,,,64,0,0,aee134af82a2d3af3d3252fd7819f9599379a9c631c279d178740031d885c222,False
2026-09-21T17:57:03.605281+00:00,,,64,0,0,aee134af82a2d3af3d3252fd7819f9599379a9c631c279d178740031d885c222,False
2026-09-21T17:57:04.674943+00:00,,,64,0,0,aee134af82a2d3af3d3252fd7819f9599379a9c631c279d178740031d885c222,False
2026-09-21T17:57:05.717513+00:00,,,64,0,0,aee134af82a2d3af3d3252fd7819f9599379a9c631c279d178740031d885c222,False
2026-09-21T17:57:06.769716+00:00,,,64,0,0,aee134af82a2d3af3d3252fd7819f9599379a9c631c279d178740031d885c222,False
2026-09-21T17:57:07.831085+00:00,,,64,0,0,aee134af82a2d3af3d3252fd7819f9599379a9c631c279d178740031d885c222,False
2026-09-21T17:57:08.877813+00:00,,,64,0,0,aee134af82a2d3af3d3252fd7819f9599379a9c631c279d178740031d885c222,False
2026-09-21T17:57:09.931776+00:00,,,64,0,0,aee134af82a2d3af3d3252fd7819f9599379a9c631c279d178740031d885c222,False
2026-09-21T17:57:10.957769+00:00,,,64,0,0,aee134af82a2d3af3d3252fd7819f9599379a9c631c279d178740031d885c222,False
2026-09-21T17:57:12.037948+00:00,,,64,0,0,aee134af82a2d3af3d3252fd7819f9599379a9c631c279d178740031d885c222,False
2026-09-21T17:57:13.089097+00:00,,,64,0,0,aee134af82a2d3af3d3252fd7819f9599379a9c631c279d178740031d885c222,False
2026-09-21T17:57:14.131923+00:00,,,64,0,0,aee134af82a2d3af3d3252fd7819f9599379a9c631c279d178740031d885c222,False
2026-09-21T17:57:15.180233+00:00,,,64,0,0,aee134af82a2d3af3d3252fd7819f9599379a9c631c279d178740031d885c222,False
2026-09-21T17:57:16.256240+00:00,,,64,0,0,aee134af82a2d3af3d3252fd7819f9599379a9c631c279d178740031d885c222,False
2026-09-21T17:57:17.305354+00:00,,,64,0,0,aee134af82a2d3af3d3252fd7819f9599379a9c631c279d178740031d885c222,False
2026-09-21T17:57:18.339946+00:00,,,64,0,0,aee134af82a2d3af3d3252fd7819f9599379a9c631c279d178740031d885c222,False
2026-09-21T17:57:19.381839+00:00,,,64,0,0,aee134af82a2d3af3d3252fd7819f9599379a9c631c279d178740031d885c222,False
2026-09-21T17:57:20.423525+00:00,,,64,0,0,aee134af82a2d3af3d3252fd7819f9599379a9c631c279d178740031d885c222,False
2026-09-21T17:57:21.481456+00:00,,,64,0,0,aee134af82a2d3af3d3252fd7819f9599379a9c631c279d178740031d885c222,False
2026-09-21T17:57:22.545641+00:00,,,64,0,0,aee134af82a2d3af3d3252fd7819f9599379a9c631c279d178740031d885c222,False
2026-09-21T17:57:23.640923+00:00,,,64,0,0,aee134af82a2d3af3d3252fd7819f9599379a9c631c279d178740031d885c222,False
2026-09-21T17:57:24.716970+00:00,,,64,0,0,aee134af82a2d3af3d3252fd7819f9599379a9c631c279d178740031d885c222,False
2026-09-21T17:57:25.768107+00:00,,,64,0,0,aee134af82a2d3af3d3252fd7819f9599379a9c631c279d178740031d885c222,False
2026-09-21T17:57:26.829553+00:00,,,64,0,0,aee134af82a2d3af3d3252fd7819f9599379a9c631c279d178740031d885c222,False
2026-09-21T17:57:27.906971+00:00,,,64,0,0,aee134af82a2d3af3d3252fd7819f9599379a9c631c279d178740031d885c222,False
2026-09-21T17:57:28.956409+00:00,,,64,0,0,aee134af82a2d3af3d3252fd7819f9599379a9c631c279d178740031d885c222,False
2026-09-21T17:57:30.036116+00:00,,,64,0,0,aee134af82a2d3af3d3252fd7819f9599379a9c631c279d178740031d885c222,False
2026-09-21T17:57:31.134584+00:00,,,64,0,0,aee134af82a2d3af3d3252fd7819f9599379a9c631c279d178740031d885c222,False
2026-09-21T17:57:32.190067+00:00,,,64,0,0,aee134af82a2d3af3d3252fd7819f9599379a9c631c279d178740031d885c222,False
2026-09-21T17:57:33.261310+00:00,,,64,0,0,aee134af82a2d3af3d3252fd7819f9599379a9c631c279d178740031d885c222,False
2026-09-21T17:57:34.326159+00:00,,,64,0,0,aee134af82a2d3af3d3252fd7819f9599379a9c631c279d178740031d885c222,False
2026-09-21T17:57:35.388441+00:00,,,64,0,0,aee134af82a2d3af3d3252fd7819f9599379a9c631c279d178740031d885c222,False
2026-09-21T17:57:36.440436+00:00,,,64,0,0,aee134af82a2d3af3d3252fd7819f9599379a9c631c279d178740031d885c222,False
2026-09-21T17:57:37.497393+00:00,,,64,0,0,aee134af82a2d3af3d3252fd7819f9599379a9c631c279d178740031d885c222,False
2026-09-21T17:57:38.555603+00:00,,,64,0,0,aee134af82a2d3af3d3252fd7819f9599379a9c631c279d178740031d885c222,False
2026-09-21T17:57:39.613205+00:00,,,64,0,0,aee134af82a2d3af3d3252fd7819f9599379a9c631c279d178740031d885c222,False
2026-09-21T17:57:40.678843+00:00,,,64,0,0,aee134af82a2d3af3d3252fd7819f9599379a9c631c279d178740031d885c222,False
2026-09-21T17:57:41.723832+00:00,,,64,0,0,aee134af82a2d3af3d3252fd7819f9599379a9c631c279d178740031d885c222,False
2026-09-21T17:57:42.775284+00:00,,,64,0,0,aee134af82a2d3af3d3252fd7819f9599379a9c631c279d178740031d885c222,False
2026-09-21T17:57:43.830836+00:00,,,64,0,0,aee134af82a2d3af3d3252fd7819f9599379a9c631c279d178740031d885c222,False
2026-09-21T17:57:44.885305+00:00,,,64,0,0,aee134af82a2d3af3d3252fd7819f9599379a9c631c279d178740031d885c222,False
2026-09-21T17:57:45.969888+00:00,,,64,0,0,aee134af82a2d3af3d3252fd7819f9599379a9c631c279d178740031d885c222,False
2026-09-21T17:57:47.034770+00:00,,,64,0,0,aee134af82a2d3af3d3252fd7819f9599379a9c631c279d178740031d885c222,False
2026-09-21T17:57:48.079640+00:00,,,64,0,0,aee134af82a2d3af3d3252fd7819f9599379a9c631c279d178740031d885c222,False
2026-09-21T17:57:49.119320+00:00,,,64,0,0,aee134af82a2d3af3d3252fd7819f9599379a9c631c279d178740031d885c222,False
2026-09-21T17:57:50.183605+00:00,,,64,0,0,aee134af82a2d3af3d3252fd7819f9599379a9c631c279d178740031d885c222,False
2026-09-21T17:57:51.244290+00:00,,,64,0,0,aee134af82a2d3af3d3252fd7819f9599379a9c631c279d178740031d885c222,False
2026-09-21T17:57:52.283215+00:00,,,64,0,0,aee134af82a2d3af3d3252fd7819f9599379a9c631c279d178740031d885c222,False
2026-09-21T17:57:53.334843+00:00,,,64,0,0,aee134af82a2d3af3d3252fd7819f9599379a9c631c279d178740031d885c222,False
2026-09-21T17:57:54.401208+00:00,,,64,0,0,aee134af82a2d3af3d3252fd7819f9599379a9c631c279d178740031d885c222,False
2026-09-21T17:57:55.456832+00:00,,,64,0,0,aee134af82a2d3af3d3252fd7819f9599379a9c631c279d178740031d885c222,False
2026-09-21T17:57:56.524248+00:00,,,64,0,0,aee134af82a2d3af3d3252fd7819f9599379a9c631c279d178740031d885c222,False
2026-09-21T17:57:57.573983+00:00,,,64,0,0,aee134af82a2d3af3d3252fd7819f9599379a9c631c279d178740031d885c222,False
2026-09-21T17:57:58.633849+00:00,,,64,0,0,aee134af82a2d3af3d3252fd7819f9599379a9c631c279d178740031d885c222,False
2026-09-21T17:57:59.690141+00:00,,,64,0,0,aee134af82a2d3af3d3252fd7819f9599379a9c631c279d178740031d885c222,False
2026-09-21T17:58:00.745884+00:00,,,64,0,0,aee134af82a2d3af3d3252fd7819f9599379a9c631c279d178740031d885c222,False
2026-09-21T17:58:01.796237+00:00,,,64,0,0,aee134af82a2d3af3d3252fd7819f9599379a9c631c279d178740031d885c222,False
2026-09-21T17:58:02.840473+00:00,,,64,0,0,aee134af82a2d3af3d3252fd7819f9599379a9c631c279d178740031d885c222,False
2026-09-21T17:58:03.896669+00:00,,,64,0,0,aee134af82a2d3af3d3252fd7819f9599379a9c631c279d178740031d885c222,False
2026-09-21T17:58:04.955425+00:00,,,64,0,0,aee134af82a2d3af3d3252fd7819f9599379a9c631c279d178740031d885c222,False
2026-09-21T17:58:06.018456+00:00,,,64,0,0,aee134af82a2d3af3d3252fd7819f9599379a9c631c279d178740031d885c222,False
2026-09-21T17:58:07.067484+00:00,,,64,0,0,aee134af82a2d3af3d3252fd7819f9599379a9c631c279d178740031d885c222,False
2026-09-21T17:58:08.108218+00:00,,,64,0,0,aee134af82a2d3af3d3252fd7819f9599379a9c631c279d178740031d885c222,False
2026-09-21T17:58:09.154410+00:00,,,64,0,0,aee134af82a2d3af3d3252fd7819f9599379a9c631c279d178740031d885c222,False
2026-09-21T17:58:10.505387+00:00,,,64,0,0,aee134af82a2d3af3d3252fd7819f9599379a9c631c279d178740031d885c222,False
2026-09-21T17:58:11.567980+00:00,,,64,0,0,aee134af82a2d3af3d3252fd7819f9599379a9c631c279d178740031d885c222,False
2026-09-21T17:58:12.614106+00:00,,,64,0,0,aee134af82a2d3af3d3252fd7819f9599379a9c631c279d178740031d885c222,False
2026-09-21T17:58:13.654001+00:00,,,64,0,0,aee134af82a2d3af3d3252fd7819f9599379a9c631c279d178740031d885c222,False
2026-09-21T17:58:14.715369+00:00,,,64,0,0,aee134af82a2d3af3d3252fd7819f9599379a9c631c279d178740031d885c222,False
2026-09-21T17:58:15.776388+00:00,,,64,0,0,aee134af82a2d3af3d3252fd7819f9599379a9c631c279d178740031d885c222,False
2026-09-21T17:58:16.826836+00:00,,,64,0,0,aee134af82a2d3af3d3252fd7819f9599379a9c631c279d178740031d885c222,False
2026-09-21T17:58:17.894739+00:00,,,64,0,0,aee134af82a2d3af3d3252fd7819f9599379a9c631c279d178740031d885c222,False
2026-09-21T17:58:18.950254+00:00,,,64,0,0,aee134af82a2d3af3d3252fd7819f9599379a9c631c279d178740031d885c222,False
2026-09-21T17:58:19.985383+00:00,,,64,0,0,aee134af82a2d3af3d3252fd7819f9599379a9c631c279d178740031d885c222,False
2026-09-21T17:58:21.052400+00:00,,,64,0,0,aee134af82a2d3af3d3252fd7819f9599379a9c631c279d178740031d885c222,False
2026-09-21T17:58:22.099185+00:00,,,64,0,0,aee134af82a2d3af3d3252fd7819f9599379a9c631c279d178740031d885c222,False
2026-09-21T17:58:23.140965+00:00,,,64,0,0,aee134af82a2d3af3d3252fd7819f9599379a9c631c279d178740031d885c222,False
2026-09-21T17:58:24.187681+00:00,,,64,0,0,aee134af82a2d3af3d3252fd7819f9599379a9c631c279d178740031d885c222,False
2026-09-21T17:58:25.238798+00:00,,,64,0,0,aee134af82a2d3af3d3252fd7819f9599379a9c631c279d178740031d885c222,False
2026-09-21T17:58:26.289156+00:00,,,64,0,0,aee134af82a2d3af3d3252fd7819f9599379a9c631c279d178740031d885c222,False
2026-09-21T17:58:27.355974+00:00,,,64,0,0,aee134af82a2d3af3d3252fd7819f9599379a9c631c279d178740031d885c222,False
2026-09-21T17:58:28.429978+00:00,,,64,0,0,aee134af82a2d3af3d3252fd7819f9599379a9c631c279d178740031d885c222,False
2026-09-21T17:58:29.464571+00:00,,,64,0,0,aee134af82a2d3af3d3252fd7819f9599379a9c631c279d178740031d885c222,False
2026-09-21T17:58:30.612885+00:00,,,64,0,0,aee134af82a2d3af3d3252fd7819f9599379a9c631c279d178740031d885c222,False
2026-09-21T17:58:31.671352+00:00,,,64,0,0,aee134af82a2d3af3d3252fd7819f9599379a9c631c279d178740031d885c222,False
2026-09-21T17:58:32.709485+00:00,,,64,0,0,aee134af82a2d3af3d3252fd7819f9599379a9c631c279d178740031d885c222,False
2026-09-21T17:58:33.760623+00:00,,,64,0,0,aee134af82a2d3af3d3252fd7819f9599379a9c631c279d178740031d885c222,False
2026-09-21T17:58:34.830455+00:00,,,64,0,0,aee134af82a2d3af3d3252fd7819f9599379a9c631c279d178740031d885c222,False
2026-09-21T17:58:35.880162+00:00,,,64,0,0,aee134af82a2d3af3d3252fd7819f9599379a9c631c279d178740031d885c222,False
2026-09-21T17:58:36.955162+00:00,,,64,0,0,aee134af82a2d3af3d3252fd7819f9599379a9c631c279d178740031d885c222,False
2026-09-21T17:58:38.052604+00:00,,,64,0,0,aee134af82a2d3af3d3252fd7819f9599379a9c631c279d178740031d885c222,False
2026-09-21T17:58:39.101821+00:00,,,64,0,0,aee134af82a2d3af3d3252fd7819f9599379a9c631c279d178740031d885c222,False
2026-09-21T17:58:40.145974+00:00,,,64,0,0,aee134af82a2d3af3d3252fd7819f9599379a9c631c279d178740031d885c222,False
2026-09-21T17:58:41.208269+00:00,,,64,0,0,aee134af82a2d3af3d3252fd7819f9599379a9c631c279d178740031d885c222,False
2026-09-21T17:58:42.266346+00:00,,,64,0,0,aee134af82a2d3af3d3252fd7819f9599379a9c631c279d178740031d885c222,False
2026-09-21T17:58:43.303704+00:00,,,64,0,0,aee134af82a2d3af3d3252fd7819f9599379a9c631c279d178740031d885c222,False
2026-09-21T17:58:44.340646+00:00,,,64,0,0,aee134af82a2d3af3d3252fd7819f9599379a9c631c279d178740031d885c222,False
2026-09-21T17:58:45.395327+00:00,,,64,0,0,aee134af82a2d3af3d3252fd7819f9599379a9c631c279d178740031d885c222,False
2026-09-21T17:58:46.443074+00:00,,,64,0,0,aee134af82a2d3af3d3252fd7819f9599379a9c631c279d178740031d885c222,False
2026-09-21T17:58:47.491637+00:00,,,64,0,0,aee134af82a2d3af3d3252fd7819f9599379a9c631c279d178740031d885c222,False
2026-09-21T17:58:48.530519+00:00,,,64,0,0,aee134af82a2d3af3d3252fd7819f9599379a9c631c279d178740031d885c222,False
2026-09-21T17:58:49.573212+00:00,,,64,0,0,aee134af82a2d3af3d3252fd7819f9599379a9c631c279d178740031d885c222,False
2026-09-21T17:58:50.629115+00:00,,,64,0,0,aee134af82a2d3af3d3252fd7819f9599379a9c631c279d178740031d885c222,False
2026-09-21T17:58:51.671227+00:00,,,64,0,0,aee134af82a2d3af3d3252fd7819f9599379a9c631c279d178740031d885c222,False
2026-09-21T17:58:52.731626+00:00,,,64,0,0,aee134af82a2d3af3d3252fd7819f9599379a9c631c279d178740031d885c222,False
2026-09-21T17:58:53.793954+00:00,,,64,0,0,aee134af82a2d3af3d3252fd7819f9599379a9c631c279d178740031d885c222,False
2026-09-21T17:58:54.850026+00:00,,,64,0,0,aee134af82a2d3af3d3252fd7819f9599379a9c631c279d178740031d885c222,False
2026-09-21T17:58:55.891638+00:00,,,64,0,0,aee134af82a2d3af3d3252fd7819f9599379a9c631c279d178740031d885c222,False
2026-09-21T17:58:56.927160+00:00,,,64,0,0,aee134af82a2d3af3d3252fd7819f9599379a9c631c279d178740031d885c222,False
2026-09-21T17:58:57.971082+00:00,,,64,0,0,aee134af82a2d3af3d3252fd7819f9599379a9c631c279d178740031d885c222,False
2026-09-21T17:58:59.027670+00:00,,,64,0,0,aee134af82a2d3af3d3252fd7819f9599379a9c631c279d178740031d885c222,False
2026-09-21T17:59:00.087170+00:00,,,64,0,0,aee134af82a2d3af3d3252fd7819f9599379a9c631c279d178740031d885c222,False
2026-09-21T17:59:01.135302+00:00,,,64,0,0,aee134af82a2d3af3d3252fd7819f9599379a9c631c279d178740031d885c222,False
2026-09-21T17:59:02.186429+00:00,,,64,0,0,aee134af82a2d3af3d3252fd7819f9599379a9c631c279d178740031d885c222,False
2026-09-21T17:59:03.242081+00:00,,,64,0,0,aee134af82a2d3af3d3252fd7819f9599379a9c631c279d178740031d885c222,False
2026-09-21T17:59:04.296765+00:00,,,64,0,0,aee134af82a2d3af3d3252fd7819f9599379a9c631c279d178740031d885c222,False
2026-09-21T17:59:05.345526+00:00,,,64,0,0,aee134af82a2d3af3d3252fd7819f9599379a9c631c279d178740031d885c222,False
2026-09-21T17:59:06.406382+00:00,,,64,0,0,aee134af82a2d3af3d3252fd7819f9599379a9c631c279d178740031d885c222,False
2026-09-21T17:59:07.461238+00:00,,,64,0,0,aee134af82a2d3af3d3252fd7819f9599379a9c631c279d178740031d885c222,False
2026-09-21T17:59:08.524735+00:00,,,64,0,0,aee134af82a2d3af3d3252fd7819f9599379a9c631c279d178740031d885c222,False
2026-09-21T17:59:09.582499+00:00,,,64,0,0,aee134af82a2d3af3d3252fd7819f9599379a9c631c279d178740031d885c222,False
2026-09-21T17:59:10.643855+00:00,,,64,0,0,aee134af82a2d3af3d3252fd7819f9599379a9c631c279d178740031d885c222,False
2026-09-21T17:59:11.695795+00:00,,,64,0,0,aee134af82a2d3af3d3252fd7819f9599379a9c631c279d178740031d885c222,False
2026-09-21T17:59:12.746019+00:00,,,64,0,0,aee134af82a2d3af3d3252fd7819f9599379a9c631c279d178740031d885c222,False
2026-09-21T17:59:13.774889+00:00,,,64,0,0,aee134af82a2d3af3d3252fd7819f9599379a9c631c279d178740031d885c222,False
2026-09-21T17:59:14.821632+00:00,,,64,0,0,aee134af82a2d3af3d3252fd7819f9599379a9c631c279d178740031d885c222,False
2026-09-21T17:59:15.852905+00:00,,,64,0,0,aee134af82a2d3af3d3252fd7819f9599379a9c631c279d178740031d885c222,False
2026-09-21T17:59:16.907835+00:00,,,64,0,0,aee134af82a2d3af3d3252fd7819f9599379a9c631c279d178740031d885c222,False
2026-09-21T17:59:17.975444+00:00,,,64,0,0,aee134af82a2d3af3d3252fd7819f9599379a9c631c279d178740031d885c222,False
2026-09-21T17:59:19.022697+00:00,,,64,0,0,aee134af82a2d3af3d3252fd7819f9599379a9c631c279d178740031d885c222,False
2026-09-21T17:59:20.073679+00:00,,,64,0,0,aee134af82a2d3af3d3252fd7819f9599379a9c631c279d178740031d885c222,False
2026-09-21T17:59:21.099549+00:00,,,64,0,0,aee134af82a2d3af3d3252fd7819f9599379a9c631c279d178740031d885c222,False
2026-09-21T17:59:22.166647+00:00,,,64,0,0,aee134af82a2d3af3d3252fd7819f9599379a9c631c279d178740031d885c222,False
2026-09-21T17:59:23.207515+00:00,,,64,0,0,aee134af82a2d3af3d3252fd7819f9599379a9c631c279d178740031d885c222,False
2026-09-21T17:59:24.251798+00:00,,,64,0,0,aee134af82a2d3af3d3252fd7819f9599379a9c631c279d178740031d885c222,False
2026-09-21T17:59:25.286823+00:00,,,64,0,0,aee134af82a2d3af3d3252fd7819f9599379a9c631c279d178740031d885c222,False
2026-09-21T17:59:26.348112+00:00,,,64,0,0,aee134af82a2d3af3d3252fd7819f9599379a9c631c279d178740031d885c222,False
2026-09-21T17:59:27.396922+00:00,,,64,0,0,aee134af82a2d3af3d3252fd7819f9599379a9c631c279d178740031d885c222,False
2026-09-21T17:59:28.448418+00:00,,,64,0,0,aee134af82a2d3af3d3252fd7819f9599379a9c631c279d178740031d885c222,False
2026-09-21T17:59:29.478748+00:00,,,64,0,0,aee134af82a2d3af3d3252fd7819f9599379a9c631c279d178740031d885c222,False
2026-09-21T17:59:30.530376+00:00,,,64,0,0,aee134af82a2d3af3d3252fd7819f9599379a9c631c279d178740031d885c222,False
2026-09-21T17:59:31.575986+00:00,,,64,0,0,aee134af82a2d3af3d3252fd7819f9599379a9c631c279d178740031d885c222,False
2026-09-21T17:59:32.626078+00:00,,,64,0,0,aee134af82a2d3af3d3252fd7819f9599379a9c631c279d178740031d885c222,False
2026-09-21T17:59:33.681804+00:00,,,64,0,0,aee134af82a2d3af3d3252fd7819f9599379a9c631c279d178740031d885c222,False
2026-09-21T17:59:34.732249+00:00,,,64,0,0,aee134af82a2d3af3d3252fd7819f9599379a9c631c279d178740031d885c222,False
2026-09-21T17:59:35.790218+00:00,,,64,0,0,aee134af82a2d3af3d3252fd7819f9599379a9c631c279d178740031d885c222,False
2026-09-21T17:59:36.847878+00:00,,,64,0,0,aee134af82a2d3af3d3252fd7819f9599379a9c631c279d178740031d885c222,False
2026-09-21T17:59:37.933328+00:00,,,64,0,0,aee134af82a2d3af3d3252fd7819f9599379a9c631c279d178740031d885c222,False
2026-09-21T17:59:38.980331+00:00,,,64,0,0,aee134af82a2d3af3d3252fd7819f9599379a9c631c279d178740031d885c222,False
2026-09-21T17:59:40.042965+00:00,,,64,0,0,aee134af82a2d3af3d3252fd7819f9599379a9c631c279d178740031d885c222,False
2026-09-21T17:59:41.111069+00:00,,,64,0,0,aee134af82a2d3af3d3252fd7819f9599379a9c631c279d178740031d885c222,False
2026-09-21T17:59:42.169923+00:00,,,64,0,0,aee134af82a2d3af3d3252fd7819f9599379a9c631c279d178740031d885c222,False
2026-09-21T17:59:43.209612+00:00,,,64,0,0,aee134af82a2d3af3d3252fd7819f9599379a9c631c279d178740031d885c222,False
2026-09-21T17:59:44.261772+00:00,,,64,0,0,aee134af82a2d3af3d3252fd7819f9599379a9c631c279d178740031d885c222,False
2026-09-21T17:59:45.303544+00:00,,,64,0,0,aee134af82a2d3af3d3252fd7819f9599379a9c631c279d178740031d885c222,False
2026-09-21T17:59:46.365501+00:00,,,64,0,0,aee134af82a2d3af3d3252fd7819f9599379a9c631c279d178740031d885c222,False
2026-09-21T17:59:47.439760+00:00,,,64,0,0,aee134af82a2d3af3d3252fd7819f9599379a9c631c279d178740031d885c222,False
2026-09-21T17:59:48.550810+00:00,,,64,0,0,aee134af82a2d3af3d3252fd7819f9599379a9c631c279d178740031d885c222,False
2026-09-21T17:59:49.601784+00:00,,,64,0,0,aee134af82a2d3af3d3252fd7819f9599379a9c631c279d178740031d885c222,False
2026-09-21T17:59:50.649295+00:00,,,64,0,0,aee134af82a2d3af3d3252fd7819f9599379a9c631c279d178740031d885c222,False
2026-09-21T17:59:51.715286+00:00,,,64,0,0,aee134af82a2d3af3d3252fd7819f9599379a9c631c279d178740031d885c222,False
2026-09-21T17:59:52.784724+00:00,,,64,0,0,aee134af82a2d3af3d3252fd7819f9599379a9c631c279d178740031d885c222,False
2026-09-21T17:59:53.839717+00:00,,,64,0,0,aee134af82a2d3af3d3252fd7819f9599379a9c631c279d178740031d885c222,False
2026-09-21T17:59:54.916404+00:00,,,64,0,0,aee134af82a2d3af3d3252fd7819f9599379a9c631c279d178740031d885c222,False
2026-09-21T17:59:55.978992+00:00,,,64,0,0,aee134af82a2d3af3d3252fd7819f9599379a9c631c279d178740031d885c222,False
2026-09-21T17:59:57.044450+00:00,,,64,0,0,aee134af82a2d3af3d3252fd7819f9599379a9c631c279d178740031d885c222,False
2026-09-21T17:59:58.086426+00:00,,,64,0,0,aee134af82a2d3af3d3252fd7819f9599379a9c631c279d178740031d885c222,False
2026-09-21T17:59:59.141825+00:00,,,64,0,0,aee134af82a2d3af3d3252fd7819f9599379a9c631c279d178740031d885c222,False
2026-09-21T18:00:00.182199+00:00,,,64,0,0,aee134af82a2d3af3d3252fd7819f9599379a9c631c279d178740031d885c222,False
2026-09-21T18:00:01.225423+00:00,,,64,0,0,aee134af82a2d3af3d3252fd7819f9599379a9c631c279d178740031d885c222,False
2026-09-21T18:00:02.335066+00:00,,,64,0,0,aee134af82a2d3af3d3252fd7819f9599379a9c631c279d178740031d885c222,False
2026-09-21T18:00:03.399125+00:00,,,64,0,0,aee134af82a2d3af3d3252fd7819f9599379a9c631c279d178740031d885c222,False
2026-09-21T18:00:04.457750+00:00,,,64,0,0,aee134af82a2d3af3d3252fd7819f9599379a9c631c279d178740031d885c222,False
2026-09-21T18:00:05.532510+00:00,,,64,0,0,aee134af82a2d3af3d3252fd7819f9599379a9c631c279d178740031d885c222,False
2026-09-21T18:00:06.584831+00:00,,,64,0,0,aee134af82a2d3af3d3252fd7819f9599379a9c631c279d178740031d885c222,False
2026-09-21T18:00:07.633769+00:00,,,64,0,0,aee134af82a2d3af3d3252fd7819f9599379a9c631c279d178740031d885c222,False
2026-09-21T18:00:08.685711+00:00,,,64,0,0,aee134af82a2d3af3d3252fd7819f9599379a9c631c279d178740031d885c222,False
2026-09-21T18:00:09.750187+00:00,,,64,0,0,aee134af82a2d3af3d3252fd7819f9599379a9c631c279d178740031d885c222,False
2026-09-21T18:00:10.819686+00:00,,,64,0,0,aee134af82a2d3af3d3252fd7819f9599379a9c631c279d178740031d885c222,False
2026-09-21T18:00:11.870972+00:00,,,64,0,0,aee134af82a2d3af3d3252fd7819f9599379a9c631c279d178740031d885c222,False
2026-09-21T18:00:12.896845+00:00,,,64,0,0,aee134af82a2d3af3d3252fd7819f9599379a9c631c279d178740031d885c222,False
2026-09-21T18:00:13.941171+00:00,,,64,0,0,aee134af82a2d3af3d3252fd7819f9599379a9c631c279d178740031d885c222,False
2026-09-21T18:00:14.990151+00:00,,,64,0,0,aee134af82a2d3af3d3252fd7819f9599379a9c631c279d178740031d885c222,False
2026-09-21T18:00:16.042718+00:00,,,64,0,0,aee134af82a2d3af3d3252fd7819f9599379a9c631c279d178740031d885c222,False
2026-09-21T18:00:17.086777+00:00,,,64,0,0,aee134af82a2d3af3d3252fd7819f9599379a9c631c279d178740031d885c222,False
2026-09-21T18:00:18.143251+00:00,,,64,0,0,aee134af82a2d3af3d3252fd7819f9599379a9c631c279d178740031d885c222,False
2026-09-21T18:00:19.182044+00:00,,,64,0,0,aee134af82a2d3af3d3252fd7819f9599379a9c631c279d178740031d885c222,False
2026-09-21T18:00:20.236257+00:00,,,64,0,0,aee134af82a2d3af3d3252fd7819f9599379a9c631c279d178740031d885c222,False
2026-09-21T18:00:21.270632+00:00,,,64,0,0,aee134af82a2d3af3d3252fd7819f9599379a9c631c279d178740031d885c222,False
2026-09-21T18:00:22.320396+00:00,,,64,0,0,aee134af82a2d3af3d3252fd7819f9599379a9c631c279d178740031d885c222,False
2026-09-21T18:00:23.386521+00:00,,,64,0,0,aee134af82a2d3af3d3252fd7819f9599379a9c631c279d178740031d885c222,False
2026-09-21T18:00:24.444034+00:00,,,64,0,0,aee134af82a2d3af3d3252fd7819f9599379a9c631c279d178740031d885c222,False
2026-09-21T18:00:25.485725+00:00,,,64,0,0,aee134af82a2d3af3d3252fd7819f9599379a9c631c279d178740031d885c222,False
2026-09-21T18:00:26.579881+00:00,,,64,0,0,aee134af82a2d3af3d3252fd7819f9599379a9c631c279d178740031d885c222,False
2026-09-21T18:00:27.625775+00:00,,,64,0,0,aee134af82a2d3af3d3252fd7819f9599379a9c631c279d178740031d885c222,False
2026-09-21T18:00:28.668638+00:00,,,64,0,0,aee134af82a2d3af3d3252fd7819f9599379a9c631c279d178740031d885c222,False
2026-09-21T18:00:29.714898+00:00,,,64,0,0,aee134af82a2d3af3d3252fd7819f9599379a9c631c279d178740031d885c222,False
2026-09-21T18:00:30.784159+00:00,,,64,0,0,aee134af82a2d3af3d3252fd7819f9599379a9c631c279d178740031d885c222,False
2026-09-21T18:00:31.822539+00:00,,,64,0,0,aee134af82a2d3af3d3252fd7819f9599379a9c631c279d178740031d885c222,False
2026-09-21T18:00:32.866306+00:00,,,64,0,0,aee134af82a2d3af3d3252fd7819f9599379a9c631c279d178740031d885c222,False
2026-09-21T18:00:33.928892+00:00,,,64,0,0,aee134af82a2d3af3d3252fd7819f9599379a9c631c279d178740031d885c222,False
2026-09-21T18:00:35.000585+00:00,,,64,0,0,aee134af82a2d3af3d3252fd7819f9599379a9c631c279d178740031d885c222,False
2026-09-21T18:00:36.082362+00:00,,,64,0,0,aee134af82a2d3af3d3252fd7819f9599379a9c631c279d178740031d885c222,False
2026-09-21T18:00:37.139014+00:00,,,64,0,0,aee134af82a2d3af3d3252fd7819f9599379a9c631c279d178740031d885c222,False
2026-09-21T18:00:38.201313+00:00,,,64,0,0,aee134af82a2d3af3d3252fd7819f9599379a9c631c279d178740031d885c222,False
2026-09-21T18:00:39.244365+00:00,,,64,0,0,aee134af82a2d3af3d3252fd7819f9599379a9c631c279d178740031d885c222,False
2026-09-21T18:00:40.319826+00:00,,,64,0,0,aee134af82a2d3af3d3252fd7819f9599379a9c631c279d178740031d885c222,False
2026-09-21T18:00:41.345332+00:00,,,64,0,0,aee134af82a2d3af3d3252fd7819f9599379a9c631c279d178740031d885c222,False
2026-09-21T18:00:42.406391+00:00,,,64,0,0,aee134af82a2d3af3d3252fd7819f9599379a9c631c279d178740031d885c222,False
2026-09-21T18:00:43.461110+00:00,,,64,0,0,aee134af82a2d3af3d3252fd7819f9599379a9c631c279d178740031d885c222,False
2026-09-21T18:00:44.516071+00:00,,,64,0,0,aee134af82a2d3af3d3252fd7819f9599379a9c631c279d178740031d885c222,False
2026-09-21T18:00:45.542532+00:00,,,64,0,0,aee134af82a2d3af3d3252fd7819f9599379a9c631c279d178740031d885c222,False
2026-09-21T18:00:46.756526+00:00,,,64,0,0,aee134af82a2d3af3d3252fd7819f9599379a9c631c279d178740031d885c222,False
2026-09-21T18:00:47.790189+00:00,,,64,0,0,aee134af82a2d3af3d3252fd7819f9599379a9c631c279d178740031d885c222,False
2026-09-21T18:00:48.837831+00:00,,,64,0,0,aee134af82a2d3af3d3252fd7819f9599379a9c631c279d178740031d885c222,False
2026-09-21T18:00:49.890431+00:00,,,64,0,0,aee134af82a2d3af3d3252fd7819f9599379a9c631c279d178740031d885c222,False
2026-09-21T18:00:50.934268+00:00,,,64,0,0,aee134af82a2d3af3d3252fd7819f9599379a9c631c279d178740031d885c222,False
2026-09-21T18:00:51.988852+00:00,,,64,0,0,aee134af82a2d3af3d3252fd7819f9599379a9c631c279d178740031d885c222,False
2026-09-21T18:00:53.047233+00:00,,,64,0,0,aee134af82a2d3af3d3252fd7819f9599379a9c631c279d178740031d885c222,False
2026-09-21T18:00:54.085352+00:00,,,64,0,0,aee134af82a2d3af3d3252fd7819f9599379a9c631c279d178740031d885c222,False
2026-09-21T18:00:55.123881+00:00,,,64,0,0,aee134af82a2d3af3d3252fd7819f9599379a9c631c279d178740031d885c222,False
2026-09-21T18:00:56.165903+00:00,,,64,0,0,aee134af82a2d3af3d3252fd7819f9599379a9c631c279d178740031d885c222,False
2026-09-21T18:00:57.225974+00:00,,,64,0,0,aee134af82a2d3af3d3252fd7819f9599379a9c631c279d178740031d885c222,False
2026-09-21T18:00:58.278274+00:00,,,64,0,0,aee134af82a2d3af3d3252fd7819f9599379a9c631c279d178740031d885c222,False
2026-09-21T18:00:59.343184+00:00,,,64,0,0,aee134af82a2d3af3d3252fd7819f9599379a9c631c279d178740031d885c222,False
2026-09-21T18:01:00.399575+00:00,,,64,0,0,aee134af82a2d3af3d3252fd7819f9599379a9c631c279d178740031d885c222,False
2026-09-21T18:01:01.435119+00:00,,,64,0,0,aee134af82a2d3af3d3252fd7819f9599379a9c631c279d178740031d885c222,False
2026-09-21T18:01:02.509983+00:00,,,64,0,0,aee134af82a2d3af3d3252fd7819f9599379a9c631c279d178740031d885c222,False
2026-09-21T18:01:03.566178+00:00,,,64,0,0,aee134af82a2d3af3d3252fd7819f9599379a9c631c279d178740031d885c222,False
2026-09-21T18:01:04.618530+00:00,,,64,0,0,aee134af82a2d3af3d3252fd7819f9599379a9c631c279d178740031d885c222,False
2026-09-21T18:01:05.679148+00:00,,,64,0,0,aee134af82a2d3af3d3252fd7819f9599379a9c631c279d178740031d885c222,False
2026-09-21T18:01:06.744714+00:00,,,64,0,0,aee134af82a2d3af3d3252fd7819f9599379a9c631c279d178740031d885c222,False
2026-09-21T18:01:07.826114+00:00,,,64,0,0,aee134af82a2d3af3d3252fd7819f9599379a9c631c279d178740031d885c222,False
2026-09-21T18:01:08.887494+00:00,,,64,0,0,aee134af82a2d3af3d3252fd7819f9599379a9c631c279d178740031d885c222,False
2026-09-21T18:01:09.924980+00:00,,,64,0,0,aee134af82a2d3af3d3252fd7819f9599379a9c631c279d178740031d885c222,False
2026-09-21T18:01:10.970691+00:00,,,64,0,0,aee134af82a2d3af3d3252fd7819f9599379a9c631c279d178740031d885c222,False
2026-09-21T18:01:12.025746+00:00,,,64,0,0,aee134af82a2d3af3d3252fd7819f9599379a9c631c279d178740031d885c222,False
2026-09-21T18:01:13.088457+00:00,,,64,0,0,aee134af82a2d3af3d3252fd7819f9599379a9c631c279d178740031d885c222,False
2026-09-21T18:01:14.149145+00:00,,,64,0,0,aee134af82a2d3af3d3252fd7819f9599379a9c631c279d178740031d885c222,False
2026-09-21T18:01:15.218685+00:00,,,64,0,0,aee134af82a2d3af3d3252fd7819f9599379a9c631c279d178740031d885c222,False
2026-09-21T18:01:16.299963+00:00,,,64,0,0,aee134af82a2d3af3d3252fd7819f9599379a9c631c279d178740031d885c222,False
2026-09-21T18:01:17.365786+00:00,,,64,0,0,aee134af82a2d3af3d3252fd7819f9599379a9c631c279d178740031d885c222,False
2026-09-21T18:01:18.400335+00:00,,,64,0,0,aee134af82a2d3af3d3252fd7819f9599379a9c631c279d178740031d885c222,False
2026-09-21T18:01:19.455422+00:00,,,64,0,0,aee134af82a2d3af3d3252fd7819f9599379a9c631c279d178740031d885c222,False
2026-09-21T18:01:20.520894+00:00,,,64,0,0,aee134af82a2d3af3d3252fd7819f9599379a9c631c279d178740031d885c222,False
2026-09-21T18:01:21.588393+00:00,,,64,0,0,aee134af82a2d3af3d3252fd7819f9599379a9c631c279d178740031d885c222,False
2026-09-21T18:01:22.658941+00:00,,,64,0,0,aee134af82a2d3af3d3252fd7819f9599379a9c631c279d178740031d885c222,False
2026-09-21T18:01:23.731944+00:00,,,64,0,0,aee134af82a2d3af3d3252fd7819f9599379a9c631c279d178740031d885c222,False
2026-09-21T18:01:24.765528+00:00,,,64,0,0,aee134af82a2d3af3d3252fd7819f9599379a9c631c279d178740031d885c222,False
2026-09-21T18:01:25.795595+00:00,,,64,0,0,aee134af82a2d3af3d3252fd7819f9599379a9c631c279d178740031d885c222,False
2026-09-21T18:01:26.851625+00:00,,,64,0,0,aee134af82a2d3af3d3252fd7819f9599379a9c631c279d178740031d885c222,False
2026-09-21T18:01:27.924649+00:00,,,64,0,0,aee134af82a2d3af3d3252fd7819f9599379a9c631c279d178740031d885c222,False
2026-09-21T18:01:28.981287+00:00,,,64,0,0,aee134af82a2d3af3d3252fd7819f9599379a9c631c279d178740031d885c222,False
2026-09-21T18:01:30.033524+00:00,,,64,0,0,aee134af82a2d3af3d3252fd7819f9599379a9c631c279d178740031d885c222,False
2026-09-21T18:01:31.100386+00:00,,,64,0,0,aee134af82a2d3af3d3252fd7819f9599379a9c631c279d178740031d885c222,False
2026-09-21T18:01:32.142815+00:00,,,64,0,0,aee134af82a2d3af3d3252fd7819f9599379a9c631c279d178740031d885c222,False
2026-09-21T18:01:33.210425+00:00,,,64,0,0,aee134af82a2d3af3d3252fd7819f9599379a9c631c279d178740031d885c222,False
2026-09-21T18:01:34.267908+00:00,,,64,0,0,aee134af82a2d3af3d3252fd7819f9599379a9c631c279d178740031d885c222,False
2026-09-21T18:01:35.292738+00:00,,,64,0,0,aee134af82a2d3af3d3252fd7819f9599379a9c631c279d178740031d885c222,False
2026-09-21T18:01:36.354954+00:00,,,64,0,0,aee134af82a2d3af3d3252fd7819f9599379a9c631c279d178740031d885c222,False
2026-09-21T18:01:37.430544+00:00,,,64,0,0,aee134af82a2d3af3d3252fd7819f9599379a9c631c279d178740031d885c222,False
2026-09-21T18:01:38.492870+00:00,,,64,0,0,aee134af82a2d3af3d3252fd7819f9599379a9c631c279d178740031d885c222,False
2026-09-21T18:01:39.544231+00:00,,,64,0,0,aee134af82a2d3af3d3252fd7819f9599379a9c631c279d178740031d885c222,False
2026-09-21T18:01:40.588527+00:00,,,64,0,0,aee134af82a2d3af3d3252fd7819f9599379a9c631c279d178740031d885c222,False
2026-09-21T18:01:41.626228+00:00,,,64,0,0,aee134af82a2d3af3d3252fd7819f9599379a9c631c279d178740031d885c222,False
2026-09-21T18:01:42.676540+00:00,,,64,0,0,aee134af82a2d3af3d3252fd7819f9599379a9c631c279d178740031d885c222,False
2026-09-21T18:01:43.739889+00:00,,,64,0,0,aee134af82a2d3af3d3252fd7819f9599379a9c631c279d178740031d885c222,False
2026-09-21T18:01:44.774550+00:00,,,64,0,0,aee134af82a2d3af3d3252fd7819f9599379a9c631c279d178740031d885c222,False
2026-09-21T18:01:45.815296+00:00,,,64,0,0,aee134af82a2d3af3d3252fd7819f9599379a9c631c279d178740031d885c222,False
2026-09-21T18:01:46.880900+00:00,,,64,0,0,aee134af82a2d3af3d3252fd7819f9599379a9c631c279d178740031d885c222,False
2026-09-21T18:01:47.923449+00:00,,,64,0,0,aee134af82a2d3af3d3252fd7819f9599379a9c631c279d178740031d885c222,False
2026-09-21T18:01:48.967134+00:00,,,64,0,0,aee134af82a2d3af3d3252fd7819f9599379a9c631c279d178740031d885c222,False
2026-09-21T18:01:50.018590+00:00,,,64,0,0,aee134af82a2d3af3d3252fd7819f9599379a9c631c279d178740031d885c222,False
2026-09-21T18:01:51.067274+00:00,,,64,0,0,aee134af82a2d3af3d3252fd7819f9599379a9c631c279d178740031d885c222,False
2026-09-21T18:01:52.131386+00:00,,,64,0,0,aee134af82a2d3af3d3252fd7819f9599379a9c631c279d178740031d885c222,False
2026-09-21T18:01:53.170857+00:00,,,64,0,0,aee134af82a2d3af3d3252fd7819f9599379a9c631c279d178740031d885c222,False
2026-09-21T18:01:54.229094+00:00,,,64,0,0,aee134af82a2d3af3d3252fd7819f9599379a9c631c279d178740031d885c222,False
2026-09-21T18:01:55.297911+00:00,,,64,0,0,aee134af82a2d3af3d3252fd7819f9599379a9c631c279d178740031d885c222,False
2026-09-21T18:01:56.358597+00:00,,,64,0,0,aee134af82a2d3af3d3252fd7819f9599379a9c631c279d178740031d885c222,False
2026-09-21T18:01:57.397291+00:00,,,64,0,0,aee134af82a2d3af3d3252fd7819f9599379a9c631c279d178740031d885c222,False
2026-09-21T18:01:58.454877+00:00,,,64,0,0,aee134af82a2d3af3d3252fd7819f9599379a9c631c279d178740031d885c222,False
2026-09-21T18:01:59.507092+00:00,,,64,0,0,aee134af82a2d3af3d3252fd7819f9599379a9c631c279d178740031d885c222,False
2026-09-21T18:02:00.550356+00:00,,,64,0,0,aee134af82a2d3af3d3252fd7819f9599379a9c631c279d178740031d885c222,False
2026-09-21T18:02:01.612118+00:00,,,64,0,0,aee134af82a2d3af3d3252fd7819f9599379a9c631c279d178740031d885c222,False
2026-09-21T18:02:02.678739+00:00,,,64,0,0,aee134af82a2d3af3d3252fd7819f9599379a9c631c279d178740031d885c222,False
2026-09-21T18:02:03.726253+00:00,,,64,0,0,aee134af82a2d3af3d3252fd7819f9599379a9c631c279d178740031d885c222,False
2026-09-21T18:02:04.764453+00:00,,,64,0,0,aee134af82a2d3af3d3252fd7819f9599379a9c631c279d178740031d885c222,False
2026-09-21T18:02:05.840431+00:00,,,64,0,0,aee134af82a2d3af3d3252fd7819f9599379a9c631c279d178740031d885c222,False
2026-09-21T18:02:06.881370+00:00,,,64,0,0,aee134af82a2d3af3d3252fd7819f9599379a9c631c279d178740031d885c222,False
2026-09-21T18:02:07.936406+00:00,,,64,0,0,aee134af82a2d3af3d3252fd7819f9599379a9c631c279d178740031d885c222,False
2026-09-21T18:02:09.041592+00:00,,,64,0,0,aee134af82a2d3af3d3252fd7819f9599379a9c631c279d178740031d885c222,False
2026-09-21T18:02:10.104408+00:00,,,64,0,0,aee134af82a2d3af3d3252fd7819f9599379a9c631c279d178740031d885c222,False
2026-09-21T18:02:11.152870+00:00,,,64,0,0,aee134af82a2d3af3d3252fd7819f9599379a9c631c279d178740031d885c222,False
2026-09-21T18:02:12.222582+00:00,,,64,0,0,aee134af82a2d3af3d3252fd7819f9599379a9c631c279d178740031d885c222,False
2026-09-21T18:02:13.266693+00:00,,,64,0,0,aee134af82a2d3af3d3252fd7819f9599379a9c631c279d178740031d885c222,False
2026-09-21T18:02:14.310293+00:00,,,64,0,0,aee134af82a2d3af3d3252fd7819f9599379a9c631c279d178740031d885c222,False
2026-09-21T18:02:15.347109+00:00,,,64,0,0,aee134af82a2d3af3d3252fd7819f9599379a9c631c279d178740031d885c222,False
2026-09-21T18:02:16.407651+00:00,,,64,0,0,aee134af82a2d3af3d3252fd7819f9599379a9c631c279d178740031d885c222,False
2026-09-21T18:02:17.468240+00:00,,,64,0,0,aee134af82a2d3af3d3252fd7819f9599379a9c631c279d178740031d885c222,False
2026-09-21T18:02:18.512144+00:00,,,64,0,0,aee134af82a2d3af3d3252fd7819f9599379a9c631c279d178740031d885c222,False
2026-09-21T18:02:19.547195+00:00,,,64,0,0,aee134af82a2d3af3d3252fd7819f9599379a9c631c279d178740031d885c222,False
2026-09-21T18:02:20.583247+00:00,,,64,0,0,aee134af82a2d3af3d3252fd7819f9599379a9c631c279d178740031d885c222,False
2026-09-21T18:02:21.746140+00:00,,,64,0,0,aee134af82a2d3af3d3252fd7819f9599379a9c631c279d178740031d885c222,False
2026-09-21T18:02:22.815381+00:00,,,64,0,0,aee134af82a2d3af3d3252fd7819f9599379a9c631c279d178740031d885c222,False
2026-09-21T18:02:23.875275+00:00,,,64,0,0,aee134af82a2d3af3d3252fd7819f9599379a9c631c279d178740031d885c222,False
2026-09-21T18:02:24.931450+00:00,,,64,0,0,aee134af82a2d3af3d3252fd7819f9599379a9c631c279d178740031d885c222,False
2026-09-21T18:02:25.975537+00:00,,,64,0,0,aee134af82a2d3af3d3252fd7819f9599379a9c631c279d178740031d885c222,False
2026-09-21T18:02:27.014455+00:00,,,64,0,0,aee134af82a2d3af3d3252fd7819f9599379a9c631c279d178740031d885c222,False
2026-09-21T18:02:28.092756+00:00,,,64,0,0,aee134af82a2d3af3d3252fd7819f9599379a9c631c279d178740031d885c222,False
2026-09-21T18:02:29.144268+00:00,,,64,0,0,aee134af82a2d3af3d3252fd7819f9599379a9c631c279d178740031d885c222,False
2026-09-21T18:02:30.191357+00:00,,,64,0,0,aee134af82a2d3af3d3252fd7819f9599379a9c631c279d178740031d885c222,False
2026-09-21T18:02:31.239071+00:00,,,64,0,0,aee134af82a2d3af3d3252fd7819f9599379a9c631c279d178740031d885c222,False
2026-09-21T18:02:32.309148+00:00,,,64,0,0,aee134af82a2d3af3d3252fd7819f9599379a9c631c279d178740031d885c222,False
2026-09-21T18:02:33.369512+00:00,,,64,0,0,aee134af82a2d3af3d3252fd7819f9599379a9c631c279d178740031d885c222,False
2026-09-21T18:02:34.397018+00:00,,,64,0,0,aee134af82a2d3af3d3252fd7819f9599379a9c631c279d178740031d885c222,False
2026-09-21T18:02:35.451151+00:00,,,64,0,0,aee134af82a2d3af3d3252fd7819f9599379a9c631c279d178740031d885c222,False
2026-09-21T18:02:36.496585+00:00,,,64,0,0,aee134af82a2d3af3d3252fd7819f9599379a9c631c279d178740031d885c222,False
2026-09-21T18:02:37.548397+00:00,,,64,0,0,aee134af82a2d3af3d3252fd7819f9599379a9c631c279d178740031d885c222,False
2026-09-21T18:02:38.604075+00:00,,,64,0,0,aee134af82a2d3af3d3252fd7819f9599379a9c631c279d178740031d885c222,False
2026-09-21T18:02:39.641952+00:00,,,64,0,0,aee134af82a2d3af3d3252fd7819f9599379a9c631c279d178740031d885c222,False
2026-09-21T18:02:40.692534+00:00,,,64,0,0,aee134af82a2d3af3d3252fd7819f9599379a9c631c279d178740031d885c222,False
2026-09-21T18:02:41.725915+00:00,,,64,0,0,aee134af82a2d3af3d3252fd7819f9599379a9c631c279d178740031d885c222,False
2026-09-21T18:02:42.771702+00:00,,,64,0,0,aee134af82a2d3af3d3252fd7819f9599379a9c631c279d178740031d885c222,False
2026-09-21T18:02:43.824301+00:00,,,64,0,0,aee134af82a2d3af3d3252fd7819f9599379a9c631c279d178740031d885c222,False
2026-09-21T18:02:44.901793+00:00,,,64,0,0,aee134af82a2d3af3d3252fd7819f9599379a9c631c279d178740031d885c222,False
2026-09-21T18:02:45.950521+00:00,,,64,0,0,aee134af82a2d3af3d3252fd7819f9599379a9c631c279d178740031d885c222,False
2026-09-21T18:02:46.977871+00:00,,,64,0,0,aee134af82a2d3af3d3252fd7819f9599379a9c631c279d178740031d885c222,False
2026-09-21T18:02:48.034845+00:00,,,64,0,0,aee134af82a2d3af3d3252fd7819f9599379a9c631c279d178740031d885c222,False
2026-09-21T18:02:49.084141+00:00,,,64,0,0,aee134af82a2d3af3d3252fd7819f9599379a9c631c279d178740031d885c222,False
2026-09-21T18:02:50.140457+00:00,,,64,0,0,aee134af82a2d3af3d3252fd7819f9599379a9c631c279d178740031d885c222,False
2026-09-21T18:02:51.193090+00:00,,,64,0,0,aee134af82a2d3af3d3252fd7819f9599379a9c631c279d178740031d885c222,False
2026-09-21T18:02:52.234162+00:00,,,64,0,0,aee134af82a2d3af3d3252fd7819f9599379a9c631c279d178740031d885c222,False
2026-09-21T18:02:53.270222+00:00,,,64,0,0,aee134af82a2d3af3d3252fd7819f9599379a9c631c279d178740031d885c222,False
2026-09-21T18:02:54.330746+00:00,,,64,0,0,aee134af82a2d3af3d3252fd7819f9599379a9c631c279d178740031d885c222,False
2026-09-21T18:02:55.375514+00:00,,,64,0,0,aee134af82a2d3af3d3252fd7819f9599379a9c631c279d178740031d885c222,False
2026-09-21T18:02:56.420539+00:00,,,64,0,0,aee134af82a2d3af3d3252fd7819f9599379a9c631c279d178740031d885c222,False
2026-09-21T18:02:57.508646+00:00,,,64,0,0,aee134af82a2d3af3d3252fd7819f9599379a9c631c279d178740031d885c222,False
2026-09-21T18:02:58.537318+00:00,,,64,0,0,aee134af82a2d3af3d3252fd7819f9599379a9c631c279d178740031d885c222,False
2026-09-21T18:02:59.581795+00:00,,,64,0,0,aee134af82a2d3af3d3252fd7819f9599379a9c631c279d178740031d885c222,False
2026-09-21T18:03:00.624843+00:00,,,64,0,0,aee134af82a2d3af3d3252fd7819f9599379a9c631c279d178740031d885c222,False
2026-09-21T18:03:01.672185+00:00,,,64,0,0,aee134af82a2d3af3d3252fd7819f9599379a9c631c279d178740031d885c222,False
2026-09-21T18:03:02.737184+00:00,,,64,0,0,aee134af82a2d3af3d3252fd7819f9599379a9c631c279d178740031d885c222,False
2026-09-21T18:03:03.775769+00:00,,,64,0,0,aee134af82a2d3af3d3252fd7819f9599379a9c631c279d178740031d885c222,False
2026-09-21T18:03:04.849939+00:00,,,64,0,0,aee134af82a2d3af3d3252fd7819f9599379a9c631c279d178740031d885c222,False
2026-09-21T18:03:05.908197+00:00,,,64,0,0,aee134af82a2d3af3d3252fd7819f9599379a9c631c279d178740031d885c222,False
2026-09-21T18:03:06.962703+00:00,,,64,0,0,aee134af82a2d3af3d3252fd7819f9599379a9c631c279d178740031d885c222,False
2026-09-21T18:03:08.072778+00:00,,,64,0,0,aee134af82a2d3af3d3252fd7819f9599379a9c631c279d178740031d885c222,False
2026-09-21T18:03:09.142233+00:00,,,64,0,0,aee134af82a2d3af3d3252fd7819f9599379a9c631c279d178740031d885c222,False
2026-09-21T18:03:10.196317+00:00,,,64,0,0,aee134af82a2d3af3d3252fd7819f9599379a9c631c279d178740031d885c222,False
2026-09-21T18:03:11.257931+00:00,,,64,0,0,aee134af82a2d3af3d3252fd7819f9599379a9c631c279d178740031d885c222,False
2026-09-21T18:03:12.324343+00:00,,,64,0,0,aee134af82a2d3af3d3252fd7819f9599379a9c631c279d178740031d885c222,False
2026-09-21T18:03:13.377669+00:00,,,64,0,0,aee134af82a2d3af3d3252fd7819f9599379a9c631c279d178740031d885c222,False
2026-09-21T18:03:14.420695+00:00,,,64,0,0,aee134af82a2d3af3d3252fd7819f9599379a9c631c279d178740031d885c222,False
2026-09-21T18:03:15.474818+00:00,,,64,0,0,aee134af82a2d3af3d3252fd7819f9599379a9c631c279d178740031d885c222,False
2026-09-21T18:03:16.534410+00:00,,,64,0,0,aee134af82a2d3af3d3252fd7819f9599379a9c631c279d178740031d885c222,False
2026-09-21T18:03:17.605648+00:00,,,64,0,0,aee134af82a2d3af3d3252fd7819f9599379a9c631c279d178740031d885c222,False
2026-09-21T18:03:18.652497+00:00,,,64,0,0,aee134af82a2d3af3d3252fd7819f9599379a9c631c279d178740031d885c222,False
2026-09-21T18:03:19.719209+00:00,,,64,0,0,aee134af82a2d3af3d3252fd7819f9599379a9c631c279d178740031d885c222,False
2026-09-21T18:03:20.768517+00:00,,,64,0,0,aee134af82a2d3af3d3252fd7819f9599379a9c631c279d178740031d885c222,False
2026-09-21T18:03:21.819705+00:00,,,64,0,0,aee134af82a2d3af3d3252fd7819f9599379a9c631c279d178740031d885c222,False
2026-09-21T18:03:22.880530+00:00,,,64,0,0,aee134af82a2d3af3d3252fd7819f9599379a9c631c279d178740031d885c222,False
2026-09-21T18:03:23.939910+00:00,,,64,0,0,aee134af82a2d3af3d3252fd7819f9599379a9c631c279d178740031d885c222,False
2026-09-21T18:03:24.987498+00:00,,,64,0,0,aee134af82a2d3af3d3252fd7819f9599379a9c631c279d178740031d885c222,False
2026-09-21T18:03:26.047075+00:00,,,64,0,0,aee134af82a2d3af3d3252fd7819f9599379a9c631c279d178740031d885c222,False
2026-09-21T18:03:27.118909+00:00,,,64,0,0,aee134af82a2d3af3d3252fd7819f9599379a9c631c279d178740031d885c222,False
2026-09-21T18:03:28.164150+00:00,,,64,0,0,aee134af82a2d3af3d3252fd7819f9599379a9c631c279d178740031d885c222,False
2026-09-21T18:03:29.222394+00:00,,,64,0,0,aee134af82a2d3af3d3252fd7819f9599379a9c631c279d178740031d885c222,False
2026-09-21T18:03:30.266266+00:00,,,64,0,0,aee134af82a2d3af3d3252fd7819f9599379a9c631c279d178740031d885c222,False
2026-09-21T18:03:31.301169+00:00,,,64,0,0,aee134af82a2d3af3d3252fd7819f9599379a9c631c279d178740031d885c222,False
2026-09-21T18:03:32.354594+00:00,,,64,0,0,aee134af82a2d3af3d3252fd7819f9599379a9c631c279d178740031d885c222,False
2026-09-21T18:03:33.401951+00:00,,,64,0,0,aee134af82a2d3af3d3252fd7819f9599379a9c631c279d178740031d885c222,False
2026-09-21T18:03:34.443597+00:00,,,64,0,0,aee134af82a2d3af3d3252fd7819f9599379a9c631c279d178740031d885c222,False
2026-09-21T18:03:35.488527+00:00,,,64,0,0,aee134af82a2d3af3d3252fd7819f9599379a9c631c279d178740031d885c222,False
2026-09-21T18:03:36.553331+00:00,,,64,0,0,aee134af82a2d3af3d3252fd7819f9599379a9c631c279d178740031d885c222,False
2026-09-21T18:03:37.648586+00:00,,,64,0,0,aee134af82a2d3af3d3252fd7819f9599379a9c631c279d178740031d885c222,False
2026-09-21T18:03:38.708923+00:00,,,64,0,0,aee134af82a2d3af3d3252fd7819f9599379a9c631c279d178740031d885c222,False
2026-09-21T18:03:39.757803+00:00,,,64,0,0,aee134af82a2d3af3d3252fd7819f9599379a9c631c279d178740031d885c222,False
2026-09-21T18:03:40.817076+00:00,,,64,0,0,aee134af82a2d3af3d3252fd7819f9599379a9c631c279d178740031d885c222,False
2026-09-21T18:03:41.863213+00:00,,,64,0,0,aee134af82a2d3af3d3252fd7819f9599379a9c631c279d178740031d885c222,False
2026-09-21T18:03:42.929580+00:00,,,64,0,0,aee134af82a2d3af3d3252fd7819f9599379a9c631c279d178740031d885c222,False
2026-09-21T18:03:43.979644+00:00,,,64,0,0,aee134af82a2d3af3d3252fd7819f9599379a9c631c279d178740031d885c222,False
2026-09-21T18:03:45.012861+00:00,,,64,0,0,aee134af82a2d3af3d3252fd7819f9599379a9c631c279d178740031d885c222,False
2026-09-21T18:03:46.069679+00:00,,,64,0,0,aee134af82a2d3af3d3252fd7819f9599379a9c631c279d178740031d885c222,False
2026-09-21T18:03:47.181777+00:00,,,64,0,0,aee134af82a2d3af3d3252fd7819f9599379a9c631c279d178740031d885c222,False
2026-09-21T18:03:48.227555+00:00,,,64,0,0,aee134af82a2d3af3d3252fd7819f9599379a9c631c279d178740031d885c222,False
2026-09-21T18:03:49.275562+00:00,,,64,0,0,aee134af82a2d3af3d3252fd7819f9599379a9c631c279d178740031d885c222,False
2026-09-21T18:03:50.337860+00:00,,,64,0,0,aee134af82a2d3af3d3252fd7819f9599379a9c631c279d178740031d885c222,False
2026-09-21T18:03:51.405417+00:00,,,64,0,0,aee134af82a2d3af3d3252fd7819f9599379a9c631c279d178740031d885c222,False
2026-09-21T18:03:52.460147+00:00,,,64,0,0,aee134af82a2d3af3d3252fd7819f9599379a9c631c279d178740031d885c222,False
2026-09-21T18:03:53.508065+00:00,,,64,0,0,aee134af82a2d3af3d3252fd7819f9599379a9c631c279d178740031d885c222,False
2026-09-21T18:03:54.539934+00:00,,,64,0,0,aee134af82a2d3af3d3252fd7819f9599379a9c631c279d178740031d885c222,False
2026-09-21T18:03:55.604818+00:00,,,64,0,0,aee134af82a2d3af3d3252fd7819f9599379a9c631c279d178740031d885c222,False
2026-09-21T18:03:56.639955+00:00,,,64,0,0,aee134af82a2d3af3d3252fd7819f9599379a9c631c279d178740031d885c222,False
2026-09-21T18:03:57.743416+00:00,,,64,0,0,aee134af82a2d3af3d3252fd7819f9599379a9c631c279d178740031d885c222,False
2026-09-21T18:03:58.798392+00:00,,,64,0,0,aee134af82a2d3af3d3252fd7819f9599379a9c631c279d178740031d885c222,False
2026-09-21T18:03:59.859396+00:00,,,64,0,0,aee134af82a2d3af3d3252fd7819f9599379a9c631c279d178740031d885c222,False
2026-09-21T18:04:00.926274+00:00,,,64,0,0,aee134af82a2d3af3d3252fd7819f9599379a9c631c279d178740031d885c222,False
2026-09-21T18:04:01.998422+00:00,,,64,0,0,aee134af82a2d3af3d3252fd7819f9599379a9c631c279d178740031d885c222,False
2026-09-21T18:04:03.053867+00:00,,,64,0,0,aee134af82a2d3af3d3252fd7819f9599379a9c631c279d178740031d885c222,False
2026-09-21T18:04:04.106222+00:00,,,64,0,0,aee134af82a2d3af3d3252fd7819f9599379a9c631c279d178740031d885c222,False
2026-09-21T18:04:05.182095+00:00,,,64,0,0,aee134af82a2d3af3d3252fd7819f9599379a9c631c279d178740031d885c222,False
2026-09-21T18:04:06.250761+00:00,,,64,0,0,aee134af82a2d3af3d3252fd7819f9599379a9c631c279d178740031d885c222,False
2026-09-21T18:04:07.310910+00:00,,,64,0,0,aee134af82a2d3af3d3252fd7819f9599379a9c631c279d178740031d885c222,False
2026-09-21T18:04:08.383018+00:00,,,64,0,0,aee134af82a2d3af3d3252fd7819f9599379a9c631c279d178740031d885c222,False
2026-09-21T18:04:09.442450+00:00,,,64,0,0,aee134af82a2d3af3d3252fd7819f9599379a9c631c279d178740031d885c222,False
2026-09-21T18:04:10.519183+00:00,,,64,0,0,aee134af82a2d3af3d3252fd7819f9599379a9c631c279d178740031d885c222,False
2026-09-21T18:04:11.595285+00:00,,,64,0,0,aee134af82a2d3af3d3252fd7819f9599379a9c631c279d178740031d885c222,False
2026-09-21T18:04:12.657388+00:00,,,64,0,0,aee134af82a2d3af3d3252fd7819f9599379a9c631c279d178740031d885c222,False
2026-09-21T18:04:13.709944+00:00,,,64,0,0,aee134af82a2d3af3d3252fd7819f9599379a9c631c279d178740031d885c222,False
2026-09-21T18:04:14.766265+00:00,,,64,0,0,aee134af82a2d3af3d3252fd7819f9599379a9c631c279d178740031d885c222,False
2026-09-21T18:04:15.837761+00:00,,,64,0,0,aee134af82a2d3af3d3252fd7819f9599379a9c631c279d178740031d885c222,False
2026-09-21T18:04:16.901254+00:00,,,64,0,0,aee134af82a2d3af3d3252fd7819f9599379a9c631c279d178740031d885c222,False
2026-09-21T18:04:17.940789+00:00,,,64,0,0,aee134af82a2d3af3d3252fd7819f9599379a9c631c279d178740031d885c222,False
2026-09-21T18:04:18.985433+00:00,,,64,0,0,aee134af82a2d3af3d3252fd7819f9599379a9c631c279d178740031d885c222,False
2026-09-21T18:04:20.043755+00:00,,,64,0,0,aee134af82a2d3af3d3252fd7819f9599379a9c631c279d178740031d885c222,False
2026-09-21T18:04:21.098687+00:00,,,64,0,0,aee134af82a2d3af3d3252fd7819f9599379a9c631c279d178740031d885c222,False
2026-09-21T18:04:22.155524+00:00,,,64,0,0,aee134af82a2d3af3d3252fd7819f9599379a9c631c279d178740031d885c222,False
2026-09-21T18:04:23.178019+00:00,,,64,0,0,aee134af82a2d3af3d3252fd7819f9599379a9c631c279d178740031d885c222,False
2026-09-21T18:04:24.233804+00:00,,,64,0,0,aee134af82a2d3af3d3252fd7819f9599379a9c631c279d178740031d885c222,False
2026-09-21T18:04:25.302319+00:00,,,64,0,0,aee134af82a2d3af3d3252fd7819f9599379a9c631c279d178740031d885c222,False
2026-09-21T18:04:26.364529+00:00,,,64,0,0,aee134af82a2d3af3d3252fd7819f9599379a9c631c279d178740031d885c222,False
2026-09-21T18:04:27.402775+00:00,,,64,0,0,aee134af82a2d3af3d3252fd7819f9599379a9c631c279d178740031d885c222,False
2026-09-21T18:04:28.491815+00:00,,,64,0,0,aee134af82a2d3af3d3252fd7819f9599379a9c631c279d178740031d885c222,False
2026-09-21T18:04:29.556260+00:00,,,64,0,0,aee134af82a2d3af3d3252fd7819f9599379a9c631c279d178740031d885c222,False
2026-09-21T18:04:30.592722+00:00,,,64,0,0,aee134af82a2d3af3d3252fd7819f9599379a9c631c279d178740031d885c222,False
2026-09-21T18:04:31.655160+00:00,,,64,0,0,aee134af82a2d3af3d3252fd7819f9599379a9c631c279d178740031d885c222,False
2026-09-21T18:04:32.725586+00:00,,,64,0,0,aee134af82a2d3af3d3252fd7819f9599379a9c631c279d178740031d885c222,False
2026-09-21T18:04:33.790648+00:00,,,64,0,0,aee134af82a2d3af3d3252fd7819f9599379a9c631c279d178740031d885c222,False
2026-09-21T18:04:34.857781+00:00,,,64,0,0,aee134af82a2d3af3d3252fd7819f9599379a9c631c279d178740031d885c222,False
2026-09-21T18:04:35.917845+00:00,,,64,0,0,aee134af82a2d3af3d3252fd7819f9599379a9c631c279d178740031d885c222,False
2026-09-21T18:04:36.979545+00:00,,,64,0,0,aee134af82a2d3af3d3252fd7819f9599379a9c631c279d178740031d885c222,False
2026-09-21T18:04:38.041485+00:00,,,64,0,0,aee134af82a2d3af3d3252fd7819f9599379a9c631c279d178740031d885c222,False
2026-09-21T18:04:39.088685+00:00,,,64,0,0,aee134af82a2d3af3d3252fd7819f9599379a9c631c279d178740031d885c222,False
2026-09-21T18:04:40.148417+00:00,,,64,0,0,aee134af82a2d3af3d3252fd7819f9599379a9c631c279d178740031d885c222,False
2026-09-21T18:04:41.217342+00:00,,,64,0,0,aee134af82a2d3af3d3252fd7819f9599379a9c631c279d178740031d885c222,False
2026-09-21T18:04:42.275710+00:00,,,64,0,0,aee134af82a2d3af3d3252fd7819f9599379a9c631c279d178740031d885c222,False
2026-09-21T18:04:43.341299+00:00,,,64,0,0,aee134af82a2d3af3d3252fd7819f9599379a9c631c279d178740031d885c222,False
2026-09-21T18:04:44.403646+00:00,,,64,0,0,aee134af82a2d3af3d3252fd7819f9599379a9c631c279d178740031d885c222,False
2026-09-21T18:04:45.449795+00:00,,,64,0,0,aee134af82a2d3af3d3252fd7819f9599379a9c631c279d178740031d885c222,False
2026-09-21T18:04:46.498086+00:00,,,64,0,0,aee134af82a2d3af3d3252fd7819f9599379a9c631c279d178740031d885c222,False
2026-09-21T18:04:47.591739+00:00,,,64,0,0,aee134af82a2d3af3d3252fd7819f9599379a9c631c279d178740031d885c222,False
2026-09-21T18:04:48.657985+00:00,,,64,0,0,aee134af82a2d3af3d3252fd7819f9599379a9c631c279d178740031d885c222,False
2026-09-21T18:04:49.735454+00:00,,,64,0,0,aee134af82a2d3af3d3252fd7819f9599379a9c631c279d178740031d885c222,False
2026-09-21T18:04:50.790693+00:00,,,64,0,0,aee134af82a2d3af3d3252fd7819f9599379a9c631c279d178740031d885c222,False
2026-09-21T18:04:51.847574+00:00,,,64,0,0,aee134af82a2d3af3d3252fd7819f9599379a9c631c279d178740031d885c222,False
2026-09-21T18:04:52.929788+00:00,,,64,0,0,aee134af82a2d3af3d3252fd7819f9599379a9c631c279d178740031d885c222,False
2026-09-21T18:04:54.007593+00:00,,,64,0,0,aee134af82a2d3af3d3252fd7819f9599379a9c631c279d178740031d885c222,False
2026-09-21T18:04:55.044978+00:00,,,64,0,0,aee134af82a2d3af3d3252fd7819f9599379a9c631c279d178740031d885c222,False
2026-09-21T18:04:56.076976+00:00,,,64,0,0,aee134af82a2d3af3d3252fd7819f9599379a9c631c279d178740031d885c222,False
2026-09-21T18:04:57.146143+00:00,,,64,0,0,aee134af82a2d3af3d3252fd7819f9599379a9c631c279d178740031d885c222,False
2026-09-21T18:04:58.203546+00:00,,,64,0,0,aee134af82a2d3af3d3252fd7819f9599379a9c631c279d178740031d885c222,False
2026-09-21T18:04:59.266228+00:00,,,64,0,0,aee134af82a2d3af3d3252fd7819f9599379a9c631c279d178740031d885c222,False
2026-09-21T18:05:00.329127+00:00,,,64,0,0,aee134af82a2d3af3d3252fd7819f9599379a9c631c279d178740031d885c222,False
2026-09-21T18:05:01.378264+00:00,,,64,0,0,aee134af82a2d3af3d3252fd7819f9599379a9c631c279d178740031d885c222,False
2026-09-21T18:05:02.422924+00:00,,,64,0,0,aee134af82a2d3af3d3252fd7819f9599379a9c631c279d178740031d885c222,False
2026-09-21T18:05:03.489129+00:00,,,64,0,0,aee134af82a2d3af3d3252fd7819f9599379a9c631c279d178740031d885c222,False
2026-09-21T18:05:04.554833+00:00,,,64,0,0,aee134af82a2d3af3d3252fd7819f9599379a9c631c279d178740031d885c222,False
2026-09-21T18:05:05.612191+00:00,,,64,0,0,aee134af82a2d3af3d3252fd7819f9599379a9c631c279d178740031d885c222,False
2026-09-21T18:05:06.663374+00:00,,,64,0,0,aee134af82a2d3af3d3252fd7819f9599379a9c631c279d178740031d885c222,False
2026-09-21T18:05:07.720315+00:00,,,64,0,0,aee134af82a2d3af3d3252fd7819f9599379a9c631c279d178740031d885c222,False
2026-09-21T18:05:08.772579+00:00,,,64,0,0,aee134af82a2d3af3d3252fd7819f9599379a9c631c279d178740031d885c222,False
2026-09-21T18:05:09.826599+00:00,,,64,0,0,aee134af82a2d3af3d3252fd7819f9599379a9c631c279d178740031d885c222,False
2026-09-21T18:05:10.871240+00:00,,,64,0,0,aee134af82a2d3af3d3252fd7819f9599379a9c631c279d178740031d885c222,False
2026-09-21T18:05:11.928110+00:00,,,64,0,0,aee134af82a2d3af3d3252fd7819f9599379a9c631c279d178740031d885c222,False
2026-09-21T18:05:13.005272+00:00,,,64,0,0,aee134af82a2d3af3d3252fd7819f9599379a9c631c279d178740031d885c222,False
2026-09-21T18:05:14.059241+00:00,,,64,0,0,aee134af82a2d3af3d3252fd7819f9599379a9c631c279d178740031d885c222,False
2026-09-21T18:05:15.113518+00:00,,,64,0,0,aee134af82a2d3af3d3252fd7819f9599379a9c631c279d178740031d885c222,False
2026-09-21T18:05:16.152197+00:00,,,64,0,0,aee134af82a2d3af3d3252fd7819f9599379a9c631c279d178740031d885c222,False
2026-09-21T18:05:17.202288+00:00,,,64,0,0,aee134af82a2d3af3d3252fd7819f9599379a9c631c279d178740031d885c222,False
2026-09-21T18:05:18.254207+00:00,,,64,0,0,aee134af82a2d3af3d3252fd7819f9599379a9c631c279d178740031d885c222,False
2026-09-21T18:05:19.349826+00:00,,,64,0,0,aee134af82a2d3af3d3252fd7819f9599379a9c631c279d178740031d885c222,False
2026-09-21T18:05:20.388304+00:00,,,64,0,0,aee134af82a2d3af3d3252fd7819f9599379a9c631c279d178740031d885c222,False
2026-09-21T18:05:21.412693+00:00,,,64,0,0,aee134af82a2d3af3d3252fd7819f9599379a9c631c279d178740031d885c222,False
2026-09-21T18:05:22.466785+00:00,,,64,0,0,aee134af82a2d3af3d3252fd7819f9599379a9c631c279d178740031d885c222,False
2026-09-21T18:05:23.538148+00:00,,,64,0,0,aee134af82a2d3af3d3252fd7819f9599379a9c631c279d178740031d885c222,False
2026-09-21T18:05:24.585498+00:00,,,64,0,0,aee134af82a2d3af3d3252fd7819f9599379a9c631c279d178740031d885c222,False
2026-09-21T18:05:25.643548+00:00,,,64,0,0,aee134af82a2d3af3d3252fd7819f9599379a9c631c279d178740031d885c222,False
2026-09-21T18:05:26.693850+00:00,,,64,0,0,aee134af82a2d3af3d3252fd7819f9599379a9c631c279d178740031d885c222,False
2026-09-21T18:05:27.748549+00:00,,,64,0,0,aee134af82a2d3af3d3252fd7819f9599379a9c631c279d178740031d885c222,False
2026-09-21T18:05:28.790069+00:00,,,64,0,0,aee134af82a2d3af3d3252fd7819f9599379a9c631c279d178740031d885c222,False
2026-09-21T18:05:29.855547+00:00,,,64,0,0,aee134af82a2d3af3d3252fd7819f9599379a9c631c279d178740031d885c222,False
2026-09-21T18:05:30.925795+00:00,,,64,0,0,aee134af82a2d3af3d3252fd7819f9599379a9c631c279d178740031d885c222,False
2026-09-21T18:05:31.992065+00:00,,,64,0,0,aee134af82a2d3af3d3252fd7819f9599379a9c631c279d178740031d885c222,False
2026-09-21T18:05:33.047144+00:00,,,64,0,0,aee134af82a2d3af3d3252fd7819f9599379a9c631c279d178740031d885c222,False
2026-09-21T18:05:34.102501+00:00,,,64,0,0,aee134af82a2d3af3d3252fd7819f9599379a9c631c279d178740031d885c222,False
2026-09-21T18:05:35.159898+00:00,,,64,0,0,aee134af82a2d3af3d3252fd7819f9599379a9c631c279d178740031d885c222,False
2026-09-21T18:05:36.239039+00:00,,,64,0,0,aee134af82a2d3af3d3252fd7819f9599379a9c631c279d178740031d885c222,False
2026-09-21T18:05:37.300723+00:00,,,64,0,0,aee134af82a2d3af3d3252fd7819f9599379a9c631c279d178740031d885c222,False
2026-09-21T18:05:38.367613+00:00,,,64,0,0,aee134af82a2d3af3d3252fd7819f9599379a9c631c279d178740031d885c222,False
2026-09-21T18:05:39.399405+00:00,,,64,0,0,aee134af82a2d3af3d3252fd7819f9599379a9c631c279d178740031d885c222,False
2026-09-21T18:05:40.459729+00:00,,,64,0,0,aee134af82a2d3af3d3252fd7819f9599379a9c631c279d178740031d885c222,False
2026-09-21T18:05:41.505667+00:00,,,64,0,0,aee134af82a2d3af3d3252fd7819f9599379a9c631c279d178740031d885c222,False
2026-09-21T18:05:42.571823+00:00,,,64,0,0,aee134af82a2d3af3d3252fd7819f9599379a9c631c279d178740031d885c222,False
2026-09-21T18:05:43.627321+00:00,,,64,0,0,aee134af82a2d3af3d3252fd7819f9599379a9c631c279d178740031d885c222,False
2026-09-21T18:05:44.657661+00:00,,,64,0,0,aee134af82a2d3af3d3252fd7819f9599379a9c631c279d178740031d885c222,False
2026-09-21T18:05:45.717053+00:00,,,64,0,0,aee134af82a2d3af3d3252fd7819f9599379a9c631c279d178740031d885c222,False
2026-09-21T18:05:46.761017+00:00,,,64,0,0,aee134af82a2d3af3d3252fd7819f9599379a9c631c279d178740031d885c222,False
2026-09-21T18:05:47.793417+00:00,,,64,0,0,aee134af82a2d3af3d3252fd7819f9599379a9c631c279d178740031d885c222,False
2026-09-21T18:05:48.836703+00:00,,,64,0,0,aee134af82a2d3af3d3252fd7819f9599379a9c631c279d178740031d885c222,False
2026-09-21T18:05:49.911939+00:00,,,64,0,0,aee134af82a2d3af3d3252fd7819f9599379a9c631c279d178740031d885c222,False
2026-09-21T18:05:50.954383+00:00,,,64,0,0,aee134af82a2d3af3d3252fd7819f9599379a9c631c279d178740031d885c222,False
2026-09-21T18:05:52.001607+00:00,,,64,0,0,aee134af82a2d3af3d3252fd7819f9599379a9c631c279d178740031d885c222,False
2026-09-21T18:05:53.065850+00:00,,,64,0,0,aee134af82a2d3af3d3252fd7819f9599379a9c631c279d178740031d885c222,False
2026-09-21T18:05:54.162561+00:00,,,64,0,0,aee134af82a2d3af3d3252fd7819f9599379a9c631c279d178740031d885c222,False
2026-09-21T18:05:55.198719+00:00,,,64,0,0,aee134af82a2d3af3d3252fd7819f9599379a9c631c279d178740031d885c222,False
2026-09-21T18:05:56.257132+00:00,,,64,0,0,aee134af82a2d3af3d3252fd7819f9599379a9c631c279d178740031d885c222,False
2026-09-21T18:05:57.316053+00:00,,,64,0,0,aee134af82a2d3af3d3252fd7819f9599379a9c631c279d178740031d885c222,False
2026-09-21T18:05:58.377870+00:00,,,64,0,0,aee134af82a2d3af3d3252fd7819f9599379a9c631c279d178740031d885c222,False
2026-09-21T18:05:59.427210+00:00,,,64,0,0,aee134af82a2d3af3d3252fd7819f9599379a9c631c279d178740031d885c222,False
2026-09-21T18:06:00.463525+00:00,,,64,0,0,aee134af82a2d3af3d3252fd7819f9599379a9c631c279d178740031d885c222,False
2026-09-21T18:06:01.509058+00:00,,,64,0,0,aee134af82a2d3af3d3252fd7819f9599379a9c631c279d178740031d885c222,False
2026-09-21T18:06:02.559892+00:00,,,64,0,0,aee134af82a2d3af3d3252fd7819f9599379a9c631c279d178740031d885c222,False
2026-09-21T18:06:03.628403+00:00,,,64,0,0,aee134af82a2d3af3d3252fd7819f9599379a9c631c279d178740031d885c222,False
2026-09-21T18:06:04.687173+00:00,,,64,0,0,aee134af82a2d3af3d3252fd7819f9599379a9c631c279d178740031d885c222,False
2026-09-21T18:06:05.755479+00:00,,,64,0,0,aee134af82a2d3af3d3252fd7819f9599379a9c631c279d178740031d885c222,False
2026-09-21T18:06:06.828531+00:00,,,64,0,0,aee134af82a2d3af3d3252fd7819f9599379a9c631c279d178740031d885c222,False
2026-09-21T18:06:07.890696+00:00,,,64,0,0,aee134af82a2d3af3d3252fd7819f9599379a9c631c279d178740031d885c222,False
2026-09-21T18:06:08.948148+00:00,,,64,0,0,aee134af82a2d3af3d3252fd7819f9599379a9c631c279d178740031d885c222,False
2026-09-21T18:06:09.996674+00:00,,,64,0,0,aee134af82a2d3af3d3252fd7819f9599379a9c631c279d178740031d885c222,False
2026-09-21T18:06:11.049256+00:00,,,64,0,0,aee134af82a2d3af3d3252fd7819f9599379a9c631c279d178740031d885c222,False
2026-09-21T18:06:12.114942+00:00,,,64,0,0,aee134af82a2d3af3d3252fd7819f9599379a9c631c279d178740031d885c222,False
2026-09-21T18:06:13.161862+00:00,,,64,0,0,aee134af82a2d3af3d3252fd7819f9599379a9c631c279d178740031d885c222,False
2026-09-21T18:06:14.202049+00:00,,,64,0,0,aee134af82a2d3af3d3252fd7819f9599379a9c631c279d178740031d885c222,False
2026-09-21T18:06:15.239478+00:00,,,64,0,0,aee134af82a2d3af3d3252fd7819f9599379a9c631c279d178740031d885c222,False
2026-09-21T18:06:16.289233+00:00,,,64,0,0,aee134af82a2d3af3d3252fd7819f9599379a9c631c279d178740031d885c222,False
2026-09-21T18:06:17.369457+00:00,,,64,0,0,aee134af82a2d3af3d3252fd7819f9599379a9c631c279d178740031d885c222,False
2026-09-21T18:06:18.467270+00:00,,,64,0,0,aee134af82a2d3af3d3252fd7819f9599379a9c631c279d178740031d885c222,False
2026-09-21T18:06:19.525447+00:00,,,64,0,0,aee134af82a2d3af3d3252fd7819f9599379a9c631c279d178740031d885c222,False
2026-09-21T18:06:20.585690+00:00,,,64,0,0,aee134af82a2d3af3d3252fd7819f9599379a9c631c279d178740031d885c222,False
2026-09-21T18:06:21.655222+00:00,,,64,0,0,aee134af82a2d3af3d3252fd7819f9599379a9c631c279d178740031d885c222,False
2026-09-21T18:06:22.697983+00:00,,,64,0,0,aee134af82a2d3af3d3252fd7819f9599379a9c631c279d178740031d885c222,False
2026-09-21T18:06:23.747222+00:00,,,64,0,0,aee134af82a2d3af3d3252fd7819f9599379a9c631c279d178740031d885c222,False
2026-09-21T18:06:24.781980+00:00,,,64,0,0,aee134af82a2d3af3d3252fd7819f9599379a9c631c279d178740031d885c222,False
2026-09-21T18:06:25.874110+00:00,,,64,0,0,aee134af82a2d3af3d3252fd7819f9599379a9c631c279d178740031d885c222,False
2026-09-21T18:06:26.948031+00:00,,,64,0,0,aee134af82a2d3af3d3252fd7819f9599379a9c631c279d178740031d885c222,False
2026-09-21T18:06:28.018295+00:00,,,64,0,0,aee134af82a2d3af3d3252fd7819f9599379a9c631c279d178740031d885c222,False
2026-09-21T18:06:29.081272+00:00,,,64,0,0,aee134af82a2d3af3d3252fd7819f9599379a9c631c279d178740031d885c222,False
2026-09-21T18:06:30.129240+00:00,,,64,0,0,aee134af82a2d3af3d3252fd7819f9599379a9c631c279d178740031d885c222,False
2026-09-21T18:06:31.186591+00:00,,,64,0,0,aee134af82a2d3af3d3252fd7819f9599379a9c631c279d178740031d885c222,False
2026-09-21T18:06:32.255604+00:00,,,64,0,0,aee134af82a2d3af3d3252fd7819f9599379a9c631c279d178740031d885c222,False
2026-09-21T18:06:33.308889+00:00,,,64,0,0,aee134af82a2d3af3d3252fd7819f9599379a9c631c279d178740031d885c222,False
2026-09-21T18:06:34.382053+00:00,,,64,0,0,aee134af82a2d3af3d3252fd7819f9599379a9c631c279d178740031d885c222,False
2026-09-21T18:06:35.430387+00:00,,,64,0,0,aee134af82a2d3af3d3252fd7819f9599379a9c631c279d178740031d885c222,False
2026-09-21T18:06:36.475656+00:00,,,64,0,0,aee134af82a2d3af3d3252fd7819f9599379a9c631c279d178740031d885c222,False
2026-09-21T18:06:37.532010+00:00,,,64,0,0,aee134af82a2d3af3d3252fd7819f9599379a9c631c279d178740031d885c222,False
2026-09-21T18:06:38.581405+00:00,,,64,0,0,aee134af82a2d3af3d3252fd7819f9599379a9c631c279d178740031d885c222,False
2026-09-21T18:06:39.641358+00:00,,,64,0,0,aee134af82a2d3af3d3252fd7819f9599379a9c631c279d178740031d885c222,False
2026-09-21T18:06:40.698810+00:00,,,64,0,0,aee134af82a2d3af3d3252fd7819f9599379a9c631c279d178740031d885c222,False
2026-09-21T18:06:41.733826+00:00,,,64,0,0,aee134af82a2d3af3d3252fd7819f9599379a9c631c279d178740031d885c222,False
2026-09-21T18:06:42.789992+00:00,,,64,0,0,aee134af82a2d3af3d3252fd7819f9599379a9c631c279d178740031d885c222,False
2026-09-21T18:06:43.854394+00:00,,,64,0,0,aee134af82a2d3af3d3252fd7819f9599379a9c631c279d178740031d885c222,False
2026-09-21T18:06:44.921443+00:00,,,64,0,0,aee134af82a2d3af3d3252fd7819f9599379a9c631c279d178740031d885c222,False
2026-09-21T18:06:45.988009+00:00,,,64,0,0,aee134af82a2d3af3d3252fd7819f9599379a9c631c279d178740031d885c222,False
2026-09-21T18:06:47.056597+00:00,,,64,0,0,aee134af82a2d3af3d3252fd7819f9599379a9c631c279d178740031d885c222,False
2026-09-21T18:06:48.125268+00:00,,,64,0,0,aee134af82a2d3af3d3252fd7819f9599379a9c631c279d178740031d885c222,False
2026-09-21T18:06:49.163198+00:00,,,64,0,0,aee134af82a2d3af3d3252fd7819f9599379a9c631c279d178740031d885c222,False
2026-09-21T18:06:50.215194+00:00,,,64,0,0,aee134af82a2d3af3d3252fd7819f9599379a9c631c279d178740031d885c222,False
2026-09-21T18:06:51.257854+00:00,,,64,0,0,aee134af82a2d3af3d3252fd7819f9599379a9c631c279d178740031d885c222,False
2026-09-21T18:06:52.315012+00:00,,,64,0,0,aee134af82a2d3af3d3252fd7819f9599379a9c631c279d178740031d885c222,False
2026-09-21T18:06:53.346848+00:00,,,64,0,0,aee134af82a2d3af3d3252fd7819f9599379a9c631c279d178740031d885c222,False
2026-09-21T18:06:54.402318+00:00,,,64,0,0,aee134af82a2d3af3d3252fd7819f9599379a9c631c279d178740031d885c222,False
2026-09-21T18:06:55.449638+00:00,,,64,0,0,aee134af82a2d3af3d3252fd7819f9599379a9c631c279d178740031d885c222,False
2026-09-21T18:06:56.501893+00:00,,,64,0,0,aee134af82a2d3af3d3252fd7819f9599379a9c631c279d178740031d885c222,False
2026-09-21T18:06:57.544150+00:00,,,64,0,0,aee134af82a2d3af3d3252fd7819f9599379a9c631c279d178740031d885c222,False
2026-09-21T18:06:58.590275+00:00,,,64,0,0,aee134af82a2d3af3d3252fd7819f9599379a9c631c279d178740031d885c222,False
2026-09-21T18:06:59.653297+00:00,,,64,0,0,aee134af82a2d3af3d3252fd7819f9599379a9c631c279d178740031d885c222,False
2026-09-21T18:07:00.710250+00:00,,,64,0,0,aee134af82a2d3af3d3252fd7819f9599379a9c631c279d178740031d885c222,False
2026-09-21T18:07:01.749139+00:00,,,64,0,0,aee134af82a2d3af3d3252fd7819f9599379a9c631c279d178740031d885c222,False
2026-09-21T18:07:02.790081+00:00,,,64,0,0,aee134af82a2d3af3d3252fd7819f9599379a9c631c279d178740031d885c222,False
2026-09-21T18:07:03.841500+00:00,,,64,0,0,aee134af82a2d3af3d3252fd7819f9599379a9c631c279d178740031d885c222,False
2026-09-21T18:07:04.880602+00:00,,,64,0,0,aee134af82a2d3af3d3252fd7819f9599379a9c631c279d178740031d885c222,False
2026-09-21T18:07:05.946574+00:00,,,64,0,0,aee134af82a2d3af3d3252fd7819f9599379a9c631c279d178740031d885c222,False
2026-09-21T18:07:06.988877+00:00,,,64,0,0,aee134af82a2d3af3d3252fd7819f9599379a9c631c279d178740031d885c222,False
2026-09-21T18:07:08.061188+00:00,,,64,0,0,aee134af82a2d3af3d3252fd7819f9599379a9c631c279d178740031d885c222,False
2026-09-21T18:07:09.126952+00:00,,,64,0,0,aee134af82a2d3af3d3252fd7819f9599379a9c631c279d178740031d885c222,False
2026-09-21T18:07:10.190281+00:00,,,64,0,0,aee134af82a2d3af3d3252fd7819f9599379a9c631c279d178740031d885c222,False
2026-09-21T18:07:11.257872+00:00,,,64,0,0,aee134af82a2d3af3d3252fd7819f9599379a9c631c279d178740031d885c222,False
2026-09-21T18:07:12.319657+00:00,,,64,0,0,aee134af82a2d3af3d3252fd7819f9599379a9c631c279d178740031d885c222,False
2026-09-21T18:07:13.349842+00:00,,,64,0,0,aee134af82a2d3af3d3252fd7819f9599379a9c631c279d178740031d885c222,False
2026-09-21T18:07:14.396222+00:00,,,64,0,0,aee134af82a2d3af3d3252fd7819f9599379a9c631c279d178740031d885c222,False
2026-09-21T18:07:15.431514+00:00,,,64,0,0,aee134af82a2d3af3d3252fd7819f9599379a9c631c279d178740031d885c222,False
2026-09-21T18:07:16.481517+00:00,,,64,0,0,aee134af82a2d3af3d3252fd7819f9599379a9c631c279d178740031d885c222,False
2026-09-21T18:07:17.558723+00:00,,,64,0,0,aee134af82a2d3af3d3252fd7819f9599379a9c631c279d178740031d885c222,False
2026-09-21T18:07:18.616653+00:00,,,64,0,0,aee134af82a2d3af3d3252fd7819f9599379a9c631c279d178740031d885c222,False
2026-09-21T18:07:19.654896+00:00,,,64,0,0,aee134af82a2d3af3d3252fd7819f9599379a9c631c279d178740031d885c222,False
2026-09-21T18:07:20.689600+00:00,,,64,0,0,aee134af82a2d3af3d3252fd7819f9599379a9c631c279d178740031d885c222,False
2026-09-21T18:07:21.722030+00:00,,,64,0,0,aee134af82a2d3af3d3252fd7819f9599379a9c631c279d178740031d885c222,False
2026-09-21T18:07:22.796504+00:00,,,64,0,0,aee134af82a2d3af3d3252fd7819f9599379a9c631c279d178740031d885c222,False
2026-09-21T18:07:23.868053+00:00,,,64,0,0,aee134af82a2d3af3d3252fd7819f9599379a9c631c279d178740031d885c222,False
2026-09-21T18:07:24.904727+00:00,,,64,0,0,aee134af82a2d3af3d3252fd7819f9599379a9c631c279d178740031d885c222,False
2026-09-21T18:07:25.965220+00:00,,,64,0,0,aee134af82a2d3af3d3252fd7819f9599379a9c631c279d178740031d885c222,False
2026-09-21T18:07:27.015067+00:00,,,64,0,0,aee134af82a2d3af3d3252fd7819f9599379a9c631c279d178740031d885c222,False
2026-09-21T18:07:28.067973+00:00,,,64,0,0,aee134af82a2d3af3d3252fd7819f9599379a9c631c279d178740031d885c222,False
2026-09-21T18:07:29.119268+00:00,,,64,0,0,aee134af82a2d3af3d3252fd7819f9599379a9c631c279d178740031d885c222,False
2026-09-21T18:07:30.161259+00:00,,,64,0,0,aee134af82a2d3af3d3252fd7819f9599379a9c631c279d178740031d885c222,False
2026-09-21T18:07:31.232241+00:00,,,64,0,0,aee134af82a2d3af3d3252fd7819f9599379a9c631c279d178740031d885c222,False
2026-09-21T18:07:32.282345+00:00,,,64,0,0,aee134af82a2d3af3d3252fd7819f9599379a9c631c279d178740031d885c222,False
2026-09-21T18:07:33.335750+00:00,,,64,0,0,aee134af82a2d3af3d3252fd7819f9599379a9c631c279d178740031d885c222,False
2026-09-21T18:07:34.387602+00:00,,,64,0,0,aee134af82a2d3af3d3252fd7819f9599379a9c631c279d178740031d885c222,False
2026-09-21T18:07:35.434528+00:00,,,64,0,0,aee134af82a2d3af3d3252fd7819f9599379a9c631c279d178740031d885c222,False
2026-09-21T18:07:36.473359+00:00,,,64,0,0,aee134af82a2d3af3d3252fd7819f9599379a9c631c279d178740031d885c222,False
2026-09-21T18:07:37.514277+00:00,,,64,0,0,aee134af82a2d3af3d3252fd7819f9599379a9c631c279d178740031d885c222,False
2026-09-21T18:07:38.548062+00:00,,,64,0,0,aee134af82a2d3af3d3252fd7819f9599379a9c631c279d178740031d885c222,False
2026-09-21T18:07:39.590348+00:00,,,64,0,0,aee134af82a2d3af3d3252fd7819f9599379a9c631c279d178740031d885c222,False
2026-09-21T18:07:40.643488+00:00,,,64,0,0,aee134af82a2d3af3d3252fd7819f9599379a9c631c279d178740031d885c222,False
2026-09-21T18:07:41.695517+00:00,,,64,0,0,aee134af82a2d3af3d3252fd7819f9599379a9c631c279d178740031d885c222,False
2026-09-21T18:07:42.731897+00:00,,,64,0,0,aee134af82a2d3af3d3252fd7819f9599379a9c631c279d178740031d885c222,False
2026-09-21T18:07:43.768793+00:00,,,64,0,0,aee134af82a2d3af3d3252fd7819f9599379a9c631c279d178740031d885c222,False
2026-09-21T18:07:44.814959+00:00,,,64,0,0,aee134af82a2d3af3d3252fd7819f9599379a9c631c279d178740031d885c222,False
2026-09-21T18:07:45.880823+00:00,,,64,0,0,aee134af82a2d3af3d3252fd7819f9599379a9c631c279d178740031d885c222,False
2026-09-21T18:07:46.933682+00:00,four_node,,64,0,0,aee134af82a2d3af3d3252fd7819f9599379a9c631c279d178740031d885c222,False
2026-09-21T18:07:47.992149+00:00,four_node,,64,0,0,aee134af82a2d3af3d3252fd7819f9599379a9c631c279d178740031d885c222,False
2026-09-21T18:07:49.055016+00:00,four_node,,64,0,0,aee134af82a2d3af3d3252fd7819f9599379a9c631c279d178740031d885c222,False
2026-09-21T18:07:50.151727+00:00,four_node,,64,0,0,aee134af82a2d3af3d3252fd7819f9599379a9c631c279d178740031d885c222,False
2026-09-21T18:07:51.187164+00:00,four_node,,64,0,0,aee134af82a2d3af3d3252fd7819f9599379a9c631c279d178740031d885c222,False
2026-09-21T18:07:52.234530+00:00,four_node,,64,0,0,aee134af82a2d3af3d3252fd7819f9599379a9c631c279d178740031d885c222,False
2026-09-21T18:07:53.287906+00:00,four_node,,64,0,0,aee134af82a2d3af3d3252fd7819f9599379a9c631c279d178740031d885c222,False
2026-09-21T18:07:54.328048+00:00,four_node,,64,0,0,aee134af82a2d3af3d3252fd7819f9599379a9c631c279d178740031d885c222,False
2026-09-21T18:07:55.368183+00:00,four_node,,64,0,0,aee134af82a2d3af3d3252fd7819f9599379a9c631c279d178740031d885c222,False
2026-09-21T18:07:56.430317+00:00,four_node,,64,0,0,aee134af82a2d3af3d3252fd7819f9599379a9c631c279d178740031d885c222,False
2026-09-21T18:07:57.483635+00:00,four_node,,64,0,0,aee134af82a2d3af3d3252fd7819f9599379a9c631c279d178740031d885c222,False
2026-09-21T18:07:58.527135+00:00,four_node,,64,0,0,aee134af82a2d3af3d3252fd7819f9599379a9c631c279d178740031d885c222,False
2026-09-21T18:07:59.559317+00:00,four_node,,64,0,0,aee134af82a2d3af3d3252fd7819f9599379a9c631c279d178740031d885c222,False
2026-09-21T18:08:00.605262+00:00,four_node,,64,0,0,aee134af82a2d3af3d3252fd7819f9599379a9c631c279d178740031d885c222,False
2026-09-21T18:08:01.649313+00:00,four_node,,64,0,0,aee134af82a2d3af3d3252fd7819f9599379a9c631c279d178740031d885c222,False
2026-09-21T18:08:02.708933+00:00,four_node,,64,0,0,aee134af82a2d3af3d3252fd7819f9599379a9c631c279d178740031d885c222,False
2026-09-21T18:08:03.745568+00:00,four_node,,64,0,0,aee134af82a2d3af3d3252fd7819f9599379a9c631c279d178740031d885c222,False
2026-09-21T18:08:04.810045+00:00,four_node,,64,0,0,aee134af82a2d3af3d3252fd7819f9599379a9c631c279d178740031d885c222,False
2026-09-21T18:08:05.864409+00:00,four_node,,64,0,0,aee134af82a2d3af3d3252fd7819f9599379a9c631c279d178740031d885c222,False
2026-09-21T18:08:06.922309+00:00,four_node,,64,0,0,aee134af82a2d3af3d3252fd7819f9599379a9c631c279d178740031d885c222,False
2026-09-21T18:08:07.977615+00:00,four_node,,64,0,0,aee134af82a2d3af3d3252fd7819f9599379a9c631c279d178740031d885c222,False
2026-09-21T18:08:09.034388+00:00,four_node,,64,0,0,aee134af82a2d3af3d3252fd7819f9599379a9c631c279d178740031d885c222,False
2026-09-21T18:08:10.079518+00:00,four_node,,64,0,0,aee134af82a2d3af3d3252fd7819f9599379a9c631c279d178740031d885c222,False
2026-09-21T18:08:11.153952+00:00,four_node,,64,0,0,aee134af82a2d3af3d3252fd7819f9599379a9c631c279d178740031d885c222,False
2026-09-21T18:08:12.188752+00:00,four_node,,64,0,0,aee134af82a2d3af3d3252fd7819f9599379a9c631c279d178740031d885c222,False
2026-09-21T18:08:13.228921+00:00,four_node,,64,0,0,aee134af82a2d3af3d3252fd7819f9599379a9c631c279d178740031d885c222,False
2026-09-21T18:08:14.268538+00:00,four_node,,64,0,0,aee134af82a2d3af3d3252fd7819f9599379a9c631c279d178740031d885c222,False
2026-09-21T18:08:15.309745+00:00,four_node,,64,0,0,aee134af82a2d3af3d3252fd7819f9599379a9c631c279d178740031d885c222,False
2026-09-21T18:08:16.369756+00:00,four_node,,64,0,0,aee134af82a2d3af3d3252fd7819f9599379a9c631c279d178740031d885c222,False
2026-09-21T18:08:17.440314+00:00,four_node,,64,0,0,aee134af82a2d3af3d3252fd7819f9599379a9c631c279d178740031d885c222,False
2026-09-21T18:08:18.482299+00:00,four_node,,64,0,0,aee134af82a2d3af3d3252fd7819f9599379a9c631c279d178740031d885c222,False
2026-09-21T18:08:19.529043+00:00,four_node,,64,0,0,aee134af82a2d3af3d3252fd7819f9599379a9c631c279d178740031d885c222,False
2026-09-21T18:08:20.585793+00:00,four_node,,64,0,0,aee134af82a2d3af3d3252fd7819f9599379a9c631c279d178740031d885c222,False
2026-09-21T18:08:21.634792+00:00,four_node,,64,0,0,aee134af82a2d3af3d3252fd7819f9599379a9c631c279d178740031d885c222,False
2026-09-21T18:08:22.670032+00:00,four_node,,64,0,0,aee134af82a2d3af3d3252fd7819f9599379a9c631c279d178740031d885c222,False
2026-09-21T18:08:23.734616+00:00,four_node,,64,0,0,aee134af82a2d3af3d3252fd7819f9599379a9c631c279d178740031d885c222,False
2026-09-21T18:08:24.756006+00:00,four_node,,64,0,0,aee134af82a2d3af3d3252fd7819f9599379a9c631c279d178740031d885c222,False
2026-09-21T18:08:25.795220+00:00,four_node,,64,0,0,aee134af82a2d3af3d3252fd7819f9599379a9c631c279d178740031d885c222,False
2026-09-21T18:08:26.835219+00:00,four_node,,64,0,0,aee134af82a2d3af3d3252fd7819f9599379a9c631c279d178740031d885c222,False
2026-09-21T18:08:27.908714+00:00,four_node,,64,0,0,aee134af82a2d3af3d3252fd7819f9599379a9c631c279d178740031d885c222,False
2026-09-21T18:08:28.954391+00:00,four_node,,64,0,0,aee134af82a2d3af3d3252fd7819f9599379a9c631c279d178740031d885c222,False
2026-09-21T18:08:29.994152+00:00,four_node,,64,0,0,aee134af82a2d3af3d3252fd7819f9599379a9c631c279d178740031d885c222,False
2026-09-21T18:08:31.046420+00:00,four_node,,64,0,0,aee134af82a2d3af3d3252fd7819f9599379a9c631c279d178740031d885c222,False
2026-09-21T18:08:32.120507+00:00,four_node,,64,0,0,aee134af82a2d3af3d3252fd7819f9599379a9c631c279d178740031d885c222,False
2026-09-21T18:08:33.171860+00:00,four_node,,64,0,0,aee134af82a2d3af3d3252fd7819f9599379a9c631c279d178740031d885c222,False
2026-09-21T18:08:34.223311+00:00,four_node,,64,0,0,aee134af82a2d3af3d3252fd7819f9599379a9c631c279d178740031d885c222,False
2026-09-21T18:08:35.266212+00:00,four_node,,64,0,0,aee134af82a2d3af3d3252fd7819f9599379a9c631c279d178740031d885c222,False
2026-09-21T18:08:36.326610+00:00,four_node,,64,0,0,aee134af82a2d3af3d3252fd7819f9599379a9c631c279d178740031d885c222,False
2026-09-21T18:08:37.372933+00:00,four_node,,64,0,0,aee134af82a2d3af3d3252fd7819f9599379a9c631c279d178740031d885c222,False
2026-09-21T18:08:38.425353+00:00,four_node,,64,0,0,aee134af82a2d3af3d3252fd7819f9599379a9c631c279d178740031d885c222,False
2026-09-21T18:08:39.491611+00:00,four_node,,64,0,0,aee134af82a2d3af3d3252fd7819f9599379a9c631c279d178740031d885c222,False
2026-09-21T18:08:40.561533+00:00,four_node,,64,0,0,aee134af82a2d3af3d3252fd7819f9599379a9c631c279d178740031d885c222,False
2026-09-21T18:08:41.608276+00:00,four_node,,64,0,0,aee134af82a2d3af3d3252fd7819f9599379a9c631c279d178740031d885c222,False
2026-09-21T18:08:42.648188+00:00,four_node,,64,0,0,aee134af82a2d3af3d3252fd7819f9599379a9c631c279d178740031d885c222,False
2026-09-21T18:08:43.712362+00:00,four_node,,64,0,0,aee134af82a2d3af3d3252fd7819f9599379a9c631c279d178740031d885c222,False
2026-09-21T18:08:44.759080+00:00,four_node,,64,0,0,aee134af82a2d3af3d3252fd7819f9599379a9c631c279d178740031d885c222,False
2026-09-21T18:08:45.798581+00:00,four_node,,64,0,0,aee134af82a2d3af3d3252fd7819f9599379a9c631c279d178740031d885c222,False
2026-09-21T18:08:46.835195+00:00,four_node,,64,0,0,aee134af82a2d3af3d3252fd7819f9599379a9c631c279d178740031d885c222,False
2026-09-21T18:08:47.910428+00:00,four_node,,64,0,0,aee134af82a2d3af3d3252fd7819f9599379a9c631c279d178740031d885c222,False
2026-09-21T18:08:48.956409+00:00,four_node,,64,0,0,aee134af82a2d3af3d3252fd7819f9599379a9c631c279d178740031d885c222,False
2026-09-21T18:08:49.990449+00:00,four_node,,64,0,0,aee134af82a2d3af3d3252fd7819f9599379a9c631c279d178740031d885c222,False
2026-09-21T18:08:51.032115+00:00,four_node,,64,0,0,aee134af82a2d3af3d3252fd7819f9599379a9c631c279d178740031d885c222,False
2026-09-21T18:08:52.124980+00:00,four_node,,64,0,0,aee134af82a2d3af3d3252fd7819f9599379a9c631c279d178740031d885c222,False
2026-09-21T18:08:53.184775+00:00,four_node,,64,0,0,aee134af82a2d3af3d3252fd7819f9599379a9c631c279d178740031d885c222,False
2026-09-21T18:08:54.228741+00:00,four_node,,64,0,0,aee134af82a2d3af3d3252fd7819f9599379a9c631c279d178740031d885c222,False
2026-09-21T18:08:55.266654+00:00,four_node,,64,0,0,aee134af82a2d3af3d3252fd7819f9599379a9c631c279d178740031d885c222,False
2026-09-21T18:08:56.316883+00:00,four_node,,64,0,0,aee134af82a2d3af3d3252fd7819f9599379a9c631c279d178740031d885c222,False
2026-09-21T18:08:57.379063+00:00,four_node,,64,0,0,aee134af82a2d3af3d3252fd7819f9599379a9c631c279d178740031d885c222,False
2026-09-21T18:08:58.440758+00:00,four_node,,64,0,0,aee134af82a2d3af3d3252fd7819f9599379a9c631c279d178740031d885c222,False
2026-09-21T18:08:59.472981+00:00,four_node,,64,0,0,aee134af82a2d3af3d3252fd7819f9599379a9c631c279d178740031d885c222,False
2026-09-21T18:09:00.518386+00:00,four_node,,64,0,0,aee134af82a2d3af3d3252fd7819f9599379a9c631c279d178740031d885c222,False
2026-09-21T18:09:01.608008+00:00,four_node,,64,0,0,aee134af82a2d3af3d3252fd7819f9599379a9c631c279d178740031d885c222,False
2026-09-21T18:09:02.650919+00:00,four_node,,64,0,0,aee134af82a2d3af3d3252fd7819f9599379a9c631c279d178740031d885c222,False
2026-09-21T18:09:03.702857+00:00,four_node,,64,0,0,aee134af82a2d3af3d3252fd7819f9599379a9c631c279d178740031d885c222,False
2026-09-21T18:09:04.749853+00:00,four_node,,64,0,0,aee134af82a2d3af3d3252fd7819f9599379a9c631c279d178740031d885c222,False
2026-09-21T18:09:05.790214+00:00,four_node,,64,0,0,aee134af82a2d3af3d3252fd7819f9599379a9c631c279d178740031d885c222,False
2026-09-21T18:09:06.833281+00:00,four_node,,64,0,0,aee134af82a2d3af3d3252fd7819f9599379a9c631c279d178740031d885c222,False
2026-09-21T18:09:07.880180+00:00,four_node,,64,0,0,aee134af82a2d3af3d3252fd7819f9599379a9c631c279d178740031d885c222,False
2026-09-21T18:09:08.944206+00:00,four_node,,64,0,0,aee134af82a2d3af3d3252fd7819f9599379a9c631c279d178740031d885c222,False
2026-09-21T18:09:09.997814+00:00,four_node,,64,0,0,aee134af82a2d3af3d3252fd7819f9599379a9c631c279d178740031d885c222,False
2026-09-21T18:09:11.045291+00:00,four_node,,64,0,0,aee134af82a2d3af3d3252fd7819f9599379a9c631c279d178740031d885c222,False
2026-09-21T18:09:12.088204+00:00,four_node,,64,0,0,aee134af82a2d3af3d3252fd7819f9599379a9c631c279d178740031d885c222,False
2026-09-21T18:09:13.142578+00:00,four_node,,64,0,0,aee134af82a2d3af3d3252fd7819f9599379a9c631c279d178740031d885c222,False
2026-09-21T18:09:14.191415+00:00,four_node,,64,0,0,aee134af82a2d3af3d3252fd7819f9599379a9c631c279d178740031d885c222,False
2026-09-21T18:09:15.259558+00:00,four_node,,64,0,0,aee134af82a2d3af3d3252fd7819f9599379a9c631c279d178740031d885c222,False
2026-09-21T18:09:16.311940+00:00,four_node,,64,0,0,aee134af82a2d3af3d3252fd7819f9599379a9c631c279d178740031d885c222,False
2026-09-21T18:09:17.392756+00:00,four_node,,64,0,0,aee134af82a2d3af3d3252fd7819f9599379a9c631c279d178740031d885c222,False
2026-09-21T18:09:18.446133+00:00,four_node,,64,0,0,aee134af82a2d3af3d3252fd7819f9599379a9c631c279d178740031d885c222,False
2026-09-21T18:09:19.499960+00:00,four_node,,64,0,0,aee134af82a2d3af3d3252fd7819f9599379a9c631c279d178740031d885c222,False
2026-09-21T18:09:20.543954+00:00,four_node,,64,0,0,aee134af82a2d3af3d3252fd7819f9599379a9c631c279d178740031d885c222,False
2026-09-21T18:09:21.592499+00:00,four_node,,64,0,0,aee134af82a2d3af3d3252fd7819f9599379a9c631c279d178740031d885c222,False
2026-09-21T18:09:22.691668+00:00,four_node,,64,0,0,aee134af82a2d3af3d3252fd7819f9599379a9c631c279d178740031d885c222,False
2026-09-21T18:09:23.754912+00:00,four_node,,64,0,0,aee134af82a2d3af3d3252fd7819f9599379a9c631c279d178740031d885c222,False
2026-09-21T18:09:24.812656+00:00,four_node,,64,0,0,aee134af82a2d3af3d3252fd7819f9599379a9c631c279d178740031d885c222,False
2026-09-21T18:09:25.910179+00:00,four_node,,64,0,0,aee134af82a2d3af3d3252fd7819f9599379a9c631c279d178740031d885c222,False
2026-09-21T18:09:26.965241+00:00,four_node,,64,0,0,aee134af82a2d3af3d3252fd7819f9599379a9c631c279d178740031d885c222,False
2026-09-21T18:09:28.012195+00:00,four_node,,64,0,0,aee134af82a2d3af3d3252fd7819f9599379a9c631c279d178740031d885c222,False
2026-09-21T18:09:29.050014+00:00,four_node,,64,0,0,aee134af82a2d3af3d3252fd7819f9599379a9c631c279d178740031d885c222,False
2026-09-21T18:09:30.076762+00:00,four_node,,64,0,0,aee134af82a2d3af3d3252fd7819f9599379a9c631c279d178740031d885c222,False
2026-09-21T18:09:31.134184+00:00,four_node,,64,0,0,aee134af82a2d3af3d3252fd7819f9599379a9c631c279d178740031d885c222,False
2026-09-21T18:09:32.176071+00:00,four_node,,64,0,0,aee134af82a2d3af3d3252fd7819f9599379a9c631c279d178740031d885c222,False
2026-09-21T18:09:33.240701+00:00,four_node,,64,0,0,aee134af82a2d3af3d3252fd7819f9599379a9c631c279d178740031d885c222,False
2026-09-21T18:09:34.269462+00:00,four_node,,64,0,0,aee134af82a2d3af3d3252fd7819f9599379a9c631c279d178740031d885c222,False
2026-09-21T18:09:35.314904+00:00,four_node,,64,0,0,aee134af82a2d3af3d3252fd7819f9599379a9c631c279d178740031d885c222,False
2026-09-21T18:09:36.377790+00:00,four_node,,64,0,0,aee134af82a2d3af3d3252fd7819f9599379a9c631c279d178740031d885c222,False
2026-09-21T18:09:37.421500+00:00,four_node,,64,0,0,aee134af82a2d3af3d3252fd7819f9599379a9c631c279d178740031d885c222,False
2026-09-21T18:09:38.472149+00:00,four_node,,64,0,0,aee134af82a2d3af3d3252fd7819f9599379a9c631c279d178740031d885c222,False
2026-09-21T18:09:39.504600+00:00,four_node,,64,0,0,aee134af82a2d3af3d3252fd7819f9599379a9c631c279d178740031d885c222,False
2026-09-21T18:09:40.546071+00:00,four_node,,64,0,0,aee134af82a2d3af3d3252fd7819f9599379a9c631c279d178740031d885c222,False
2026-09-21T18:09:41.588456+00:00,four_node,,64,0,0,aee134af82a2d3af3d3252fd7819f9599379a9c631c279d178740031d885c222,False
2026-09-21T18:09:42.655820+00:00,four_node,,64,0,0,aee134af82a2d3af3d3252fd7819f9599379a9c631c279d178740031d885c222,False
2026-09-21T18:09:43.720240+00:00,four_node,,64,0,0,aee134af82a2d3af3d3252fd7819f9599379a9c631c279d178740031d885c222,False
2026-09-21T18:09:44.760103+00:00,four_node,,64,0,0,aee134af82a2d3af3d3252fd7819f9599379a9c631c279d178740031d885c222,False
2026-09-21T18:09:45.800639+00:00,four_node,,64,0,0,aee134af82a2d3af3d3252fd7819f9599379a9c631c279d178740031d885c222,False
2026-09-21T18:09:46.848920+00:00,four_node,,64,0,0,aee134af82a2d3af3d3252fd7819f9599379a9c631c279d178740031d885c222,False
2026-09-21T18:09:47.889511+00:00,four_node,,64,0,0,aee134af82a2d3af3d3252fd7819f9599379a9c631c279d178740031d885c222,False
2026-09-21T18:09:48.950509+00:00,four_node,,64,0,0,aee134af82a2d3af3d3252fd7819f9599379a9c631c279d178740031d885c222,False
2026-09-21T18:09:50.066479+00:00,four_node,,64,0,0,aee134af82a2d3af3d3252fd7819f9599379a9c631c279d178740031d885c222,False
2026-09-21T18:09:51.101632+00:00,four_node,,64,0,0,aee134af82a2d3af3d3252fd7819f9599379a9c631c279d178740031d885c222,False
2026-09-21T18:09:52.153804+00:00,four_node,,64,0,0,aee134af82a2d3af3d3252fd7819f9599379a9c631c279d178740031d885c222,False
2026-09-21T18:09:53.244182+00:00,four_node,,64,0,0,aee134af82a2d3af3d3252fd7819f9599379a9c631c279d178740031d885c222,False
2026-09-21T18:09:54.304162+00:00,,,64,0,0,aee134af82a2d3af3d3252fd7819f9599379a9c631c279d178740031d885c222,False
2026-09-21T18:09:55.343375+00:00,,,64,0,0,aee134af82a2d3af3d3252fd7819f9599379a9c631c279d178740031d885c222,False
2026-09-21T18:09:56.406786+00:00,,,64,0,0,aee134af82a2d3af3d3252fd7819f9599379a9c631c279d178740031d885c222,False
2026-09-21T18:09:57.553817+00:00,,,64,0,0,aee134af82a2d3af3d3252fd7819f9599379a9c631c279d178740031d885c222,False
2026-09-21T18:09:58.610459+00:00,,,64,0,0,aee134af82a2d3af3d3252fd7819f9599379a9c631c279d178740031d885c222,False
2026-09-21T18:09:59.667395+00:00,,,64,0,0,aee134af82a2d3af3d3252fd7819f9599379a9c631c279d178740031d885c222,False
2026-09-21T18:10:00.730108+00:00,,,64,0,0,aee134af82a2d3af3d3252fd7819f9599379a9c631c279d178740031d885c222,False
2026-09-21T18:10:01.798431+00:00,,,64,0,0,aee134af82a2d3af3d3252fd7819f9599379a9c631c279d178740031d885c222,False
2026-09-21T18:10:02.857806+00:00,,,64,0,0,aee134af82a2d3af3d3252fd7819f9599379a9c631c279d178740031d885c222,False
2026-09-21T18:10:03.957836+00:00,,,64,0,0,aee134af82a2d3af3d3252fd7819f9599379a9c631c279d178740031d885c222,False
2026-09-21T18:10:05.017592+00:00,,,64,0,0,aee134af82a2d3af3d3252fd7819f9599379a9c631c279d178740031d885c222,False
2026-09-21T18:10:06.059394+00:00,,,64,0,0,aee134af82a2d3af3d3252fd7819f9599379a9c631c279d178740031d885c222,False
2026-09-21T18:10:07.125593+00:00,,,64,0,0,aee134af82a2d3af3d3252fd7819f9599379a9c631c279d178740031d885c222,False
2026-09-21T18:10:08.218919+00:00,,,64,0,0,aee134af82a2d3af3d3252fd7819f9599379a9c631c279d178740031d885c222,False
2026-09-21T18:10:09.260773+00:00,,,64,0,0,aee134af82a2d3af3d3252fd7819f9599379a9c631c279d178740031d885c222,False
2026-09-21T18:10:10.313948+00:00,,,64,0,0,aee134af82a2d3af3d3252fd7819f9599379a9c631c279d178740031d885c222,False
2026-09-21T18:10:11.366848+00:00,,,64,0,0,aee134af82a2d3af3d3252fd7819f9599379a9c631c279d178740031d885c222,False
2026-09-21T18:10:12.408037+00:00,,,64,0,0,aee134af82a2d3af3d3252fd7819f9599379a9c631c279d178740031d885c222,False
2026-09-21T18:10:13.467433+00:00,,,64,0,0,aee134af82a2d3af3d3252fd7819f9599379a9c631c279d178740031d885c222,False
2026-09-21T18:10:14.529138+00:00,,,64,0,0,aee134af82a2d3af3d3252fd7819f9599379a9c631c279d178740031d885c222,False
2026-09-21T18:10:15.569419+00:00,,,64,0,0,aee134af82a2d3af3d3252fd7819f9599379a9c631c279d178740031d885c222,False
2026-09-21T18:10:16.617327+00:00,,,64,0,0,aee134af82a2d3af3d3252fd7819f9599379a9c631c279d178740031d885c222,False
2026-09-21T18:10:17.714754+00:00,,,64,0,0,aee134af82a2d3af3d3252fd7819f9599379a9c631c279d178740031d885c222,False
2026-09-21T18:10:18.761239+00:00,,,64,0,0,aee134af82a2d3af3d3252fd7819f9599379a9c631c279d178740031d885c222,False
2026-09-21T18:10:19.815169+00:00,,,64,0,0,aee134af82a2d3af3d3252fd7819f9599379a9c631c279d178740031d885c222,False
2026-09-21T18:10:20.849695+00:00,,,64,0,0,aee134af82a2d3af3d3252fd7819f9599379a9c631c279d178740031d885c222,False
2026-09-21T18:10:21.898672+00:00,,,64,0,0,aee134af82a2d3af3d3252fd7819f9599379a9c631c279d178740031d885c222,False
2026-09-21T18:10:22.919752+00:00,,,64,0,0,aee134af82a2d3af3d3252fd7819f9599379a9c631c279d178740031d885c222,False
2026-09-21T18:10:23.960699+00:00,,,64,0,0,aee134af82a2d3af3d3252fd7819f9599379a9c631c279d178740031d885c222,False
2026-09-21T18:10:25.009420+00:00,,,64,0,0,aee134af82a2d3af3d3252fd7819f9599379a9c631c279d178740031d885c222,False
2026-09-21T18:10:26.066741+00:00,,,64,0,0,aee134af82a2d3af3d3252fd7819f9599379a9c631c279d178740031d885c222,False
2026-09-21T18:10:27.111895+00:00,,,64,0,0,aee134af82a2d3af3d3252fd7819f9599379a9c631c279d178740031d885c222,False
2026-09-21T18:10:28.181726+00:00,,,64,0,0,aee134af82a2d3af3d3252fd7819f9599379a9c631c279d178740031d885c222,False
2026-09-21T18:10:29.254220+00:00,,,64,0,0,aee134af82a2d3af3d3252fd7819f9599379a9c631c279d178740031d885c222,False
2026-09-21T18:10:30.307579+00:00,,,64,0,0,aee134af82a2d3af3d3252fd7819f9599379a9c631c279d178740031d885c222,False
2026-09-21T18:10:31.363610+00:00,,,64,0,0,aee134af82a2d3af3d3252fd7819f9599379a9c631c279d178740031d885c222,False
2026-09-21T18:10:32.407622+00:00,,,64,0,0,aee134af82a2d3af3d3252fd7819f9599379a9c631c279d178740031d885c222,False
2026-09-21T18:10:33.457856+00:00,,,64,0,0,aee134af82a2d3af3d3252fd7819f9599379a9c631c279d178740031d885c222,False
2026-09-21T18:10:34.510612+00:00,,,64,0,0,aee134af82a2d3af3d3252fd7819f9599379a9c631c279d178740031d885c222,False
2026-09-21T18:10:35.544923+00:00,,,64,0,0,aee134af82a2d3af3d3252fd7819f9599379a9c631c279d178740031d885c222,False
2026-09-21T18:10:36.588200+00:00,,,64,0,0,aee134af82a2d3af3d3252fd7819f9599379a9c631c279d178740031d885c222,False
2026-09-21T18:10:37.642328+00:00,,,64,0,0,aee134af82a2d3af3d3252fd7819f9599379a9c631c279d178740031d885c222,False
2026-09-21T18:10:38.690455+00:00,,,64,0,0,aee134af82a2d3af3d3252fd7819f9599379a9c631c279d178740031d885c222,False
2026-09-21T18:10:39.719286+00:00,,,64,0,0,aee134af82a2d3af3d3252fd7819f9599379a9c631c279d178740031d885c222,False
2026-09-21T18:10:40.769345+00:00,,,64,0,0,aee134af82a2d3af3d3252fd7819f9599379a9c631c279d178740031d885c222,False
2026-09-21T18:10:41.820801+00:00,,,64,0,0,aee134af82a2d3af3d3252fd7819f9599379a9c631c279d178740031d885c222,False
2026-09-21T18:10:42.868153+00:00,,,64,0,0,aee134af82a2d3af3d3252fd7819f9599379a9c631c279d178740031d885c222,False
2026-09-21T18:10:43.912860+00:00,,,64,0,0,aee134af82a2d3af3d3252fd7819f9599379a9c631c279d178740031d885c222,False
2026-09-21T18:10:44.961315+00:00,,,64,0,0,aee134af82a2d3af3d3252fd7819f9599379a9c631c279d178740031d885c222,False
2026-09-21T18:10:45.995460+00:00,,,64,0,0,aee134af82a2d3af3d3252fd7819f9599379a9c631c279d178740031d885c222,False
2026-09-21T18:10:47.052771+00:00,,,64,0,0,aee134af82a2d3af3d3252fd7819f9599379a9c631c279d178740031d885c222,False
2026-09-21T18:10:48.092263+00:00,,,64,0,0,aee134af82a2d3af3d3252fd7819f9599379a9c631c279d178740031d885c222,False
2026-09-21T18:10:49.168911+00:00,,,64,0,0,aee134af82a2d3af3d3252fd7819f9599379a9c631c279d178740031d885c222,False
2026-09-21T18:10:50.208801+00:00,,,64,0,0,aee134af82a2d3af3d3252fd7819f9599379a9c631c279d178740031d885c222,False
2026-09-21T18:10:51.236009+00:00,,,64,0,0,aee134af82a2d3af3d3252fd7819f9599379a9c631c279d178740031d885c222,False
2026-09-21T18:10:52.278500+00:00,,,64,0,0,aee134af82a2d3af3d3252fd7819f9599379a9c631c279d178740031d885c222,False
2026-09-21T18:10:53.335671+00:00,,,64,0,0,aee134af82a2d3af3d3252fd7819f9599379a9c631c279d178740031d885c222,False
2026-09-21T18:10:54.363019+00:00,,,64,0,0,aee134af82a2d3af3d3252fd7819f9599379a9c631c279d178740031d885c222,False
2026-09-21T18:10:55.440351+00:00,,,64,0,0,aee134af82a2d3af3d3252fd7819f9599379a9c631c279d178740031d885c222,False
2026-09-21T18:10:56.505478+00:00,,,64,0,0,aee134af82a2d3af3d3252fd7819f9599379a9c631c279d178740031d885c222,False
2026-09-21T18:10:57.567442+00:00,,,64,0,0,aee134af82a2d3af3d3252fd7819f9599379a9c631c279d178740031d885c222,False
2026-09-21T18:10:58.637178+00:00,,,64,0,0,aee134af82a2d3af3d3252fd7819f9599379a9c631c279d178740031d885c222,False
2026-09-21T18:10:59.699381+00:00,,,64,0,0,aee134af82a2d3af3d3252fd7819f9599379a9c631c279d178740031d885c222,False
2026-09-21T18:11:00.758165+00:00,,,64,0,0,aee134af82a2d3af3d3252fd7819f9599379a9c631c279d178740031d885c222,False
2026-09-21T18:11:01.821483+00:00,,,64,0,0,aee134af82a2d3af3d3252fd7819f9599379a9c631c279d178740031d885c222,False
2026-09-21T18:11:02.883060+00:00,,,64,0,0,aee134af82a2d3af3d3252fd7819f9599379a9c631c279d178740031d885c222,False
2026-09-21T18:11:03.934322+00:00,,,64,0,0,aee134af82a2d3af3d3252fd7819f9599379a9c631c279d178740031d885c222,False
2026-09-21T18:11:04.993696+00:00,,,64,0,0,aee134af82a2d3af3d3252fd7819f9599379a9c631c279d178740031d885c222,False
2026-09-21T18:11:06.043879+00:00,,,64,0,0,aee134af82a2d3af3d3252fd7819f9599379a9c631c279d178740031d885c222,False
2026-09-21T18:11:07.093158+00:00,,,64,0,0,aee134af82a2d3af3d3252fd7819f9599379a9c631c279d178740031d885c222,False
2026-09-21T18:11:08.174653+00:00,,,64,0,0,aee134af82a2d3af3d3252fd7819f9599379a9c631c279d178740031d885c222,False
2026-09-21T18:11:09.244141+00:00,,,64,0,0,aee134af82a2d3af3d3252fd7819f9599379a9c631c279d178740031d885c222,False
2026-09-21T18:11:10.296365+00:00,,,64,0,0,aee134af82a2d3af3d3252fd7819f9599379a9c631c279d178740031d885c222,False
2026-09-21T18:11:11.336395+00:00,,,64,0,0,aee134af82a2d3af3d3252fd7819f9599379a9c631c279d178740031d885c222,False
2026-09-21T18:11:12.382289+00:00,,,64,0,0,aee134af82a2d3af3d3252fd7819f9599379a9c631c279d178740031d885c222,False
2026-09-21T18:11:13.433563+00:00,,,64,0,0,aee134af82a2d3af3d3252fd7819f9599379a9c631c279d178740031d885c222,False
2026-09-21T18:11:14.499943+00:00,,,64,0,0,aee134af82a2d3af3d3252fd7819f9599379a9c631c279d178740031d885c222,False
2026-09-21T18:11:15.563903+00:00,,,64,0,0,aee134af82a2d3af3d3252fd7819f9599379a9c631c279d178740031d885c222,False
2026-09-21T18:11:16.605241+00:00,,,64,0,0,aee134af82a2d3af3d3252fd7819f9599379a9c631c279d178740031d885c222,False
2026-09-21T18:11:17.667467+00:00,,,64,0,0,aee134af82a2d3af3d3252fd7819f9599379a9c631c279d178740031d885c222,False
2026-09-21T18:11:18.734854+00:00,,,64,0,0,aee134af82a2d3af3d3252fd7819f9599379a9c631c279d178740031d885c222,False
2026-09-21T18:11:19.804735+00:00,,,64,0,0,aee134af82a2d3af3d3252fd7819f9599379a9c631c279d178740031d885c222,False
2026-09-21T18:11:20.863344+00:00,,,64,0,0,aee134af82a2d3af3d3252fd7819f9599379a9c631c279d178740031d885c222,False
2026-09-21T18:11:21.904267+00:00,,,64,0,0,aee134af82a2d3af3d3252fd7819f9599379a9c631c279d178740031d885c222,False
2026-09-21T18:11:22.948582+00:00,,,64,0,0,aee134af82a2d3af3d3252fd7819f9599379a9c631c279d178740031d885c222,False
2026-09-21T18:11:24.319481+00:00,,,64,0,0,aee134af82a2d3af3d3252fd7819f9599379a9c631c279d178740031d885c222,False
2026-09-21T18:11:25.366200+00:00,,,64,0,0,aee134af82a2d3af3d3252fd7819f9599379a9c631c279d178740031d885c222,False
2026-09-21T18:11:26.418130+00:00,,,64,0,0,aee134af82a2d3af3d3252fd7819f9599379a9c631c279d178740031d885c222,False
2026-09-21T18:11:27.473131+00:00,,,64,0,0,aee134af82a2d3af3d3252fd7819f9599379a9c631c279d178740031d885c222,False
2026-09-21T18:11:28.537542+00:00,,,64,0,0,aee134af82a2d3af3d3252fd7819f9599379a9c631c279d178740031d885c222,False
2026-09-21T18:11:29.554310+00:00,,,64,0,0,aee134af82a2d3af3d3252fd7819f9599379a9c631c279d178740031d885c222,False
2026-09-21T18:11:30.582518+00:00,,,64,0,0,aee134af82a2d3af3d3252fd7819f9599379a9c631c279d178740031d885c222,False
2026-09-21T18:11:31.629637+00:00,,,64,0,0,aee134af82a2d3af3d3252fd7819f9599379a9c631c279d178740031d885c222,False
2026-09-21T18:11:32.655765+00:00,,,64,0,0,aee134af82a2d3af3d3252fd7819f9599379a9c631c279d178740031d885c222,False
2026-09-21T18:11:33.718417+00:00,,,64,0,0,aee134af82a2d3af3d3252fd7819f9599379a9c631c279d178740031d885c222,False
2026-09-21T18:11:34.823860+00:00,,,64,0,0,aee134af82a2d3af3d3252fd7819f9599379a9c631c279d178740031d885c222,False
2026-09-21T18:11:35.889157+00:00,,,64,0,0,aee134af82a2d3af3d3252fd7819f9599379a9c631c279d178740031d885c222,False
2026-09-21T18:11:36.928314+00:00,,,64,0,0,aee134af82a2d3af3d3252fd7819f9599379a9c631c279d178740031d885c222,False
2026-09-21T18:11:37.981931+00:00,,,64,0,0,aee134af82a2d3af3d3252fd7819f9599379a9c631c279d178740031d885c222,False
2026-09-21T18:11:39.034330+00:00,,,64,0,0,aee134af82a2d3af3d3252fd7819f9599379a9c631c279d178740031d885c222,False
2026-09-21T18:11:40.085460+00:00,,,64,0,0,aee134af82a2d3af3d3252fd7819f9599379a9c631c279d178740031d885c222,False
2026-09-21T18:11:41.119958+00:00,,,64,0,0,aee134af82a2d3af3d3252fd7819f9599379a9c631c279d178740031d885c222,False
2026-09-21T18:11:42.182383+00:00,,,64,0,0,aee134af82a2d3af3d3252fd7819f9599379a9c631c279d178740031d885c222,False
2026-09-21T18:11:43.233491+00:00,,,64,0,0,aee134af82a2d3af3d3252fd7819f9599379a9c631c279d178740031d885c222,False
2026-09-21T18:11:44.283860+00:00,,,64,0,0,aee134af82a2d3af3d3252fd7819f9599379a9c631c279d178740031d885c222,False
2026-09-21T18:11:45.311671+00:00,,,64,0,0,aee134af82a2d3af3d3252fd7819f9599379a9c631c279d178740031d885c222,False
2026-09-21T18:11:46.361446+00:00,,,64,0,0,aee134af82a2d3af3d3252fd7819f9599379a9c631c279d178740031d885c222,False
2026-09-21T18:11:47.419409+00:00,,,64,0,0,aee134af82a2d3af3d3252fd7819f9599379a9c631c279d178740031d885c222,False
2026-09-21T18:11:48.474239+00:00,,,64,0,0,aee134af82a2d3af3d3252fd7819f9599379a9c631c279d178740031d885c222,False
2026-09-21T18:11:49.508194+00:00,,,64,0,0,aee134af82a2d3af3d3252fd7819f9599379a9c631c279d178740031d885c222,False
2026-09-21T18:11:50.544706+00:00,,,64,0,0,aee134af82a2d3af3d3252fd7819f9599379a9c631c279d178740031d885c222,False
2026-09-21T18:11:51.573574+00:00,,,64,0,0,aee134af82a2d3af3d3252fd7819f9599379a9c631c279d178740031d885c222,False
2026-09-21T18:11:52.624980+00:00,,,64,0,0,aee134af82a2d3af3d3252fd7819f9599379a9c631c279d178740031d885c222,False
2026-09-21T18:11:53.665689+00:00,,,64,0,0,aee134af82a2d3af3d3252fd7819f9599379a9c631c279d178740031d885c222,False
2026-09-21T18:11:54.715982+00:00,,,64,0,0,aee134af82a2d3af3d3252fd7819f9599379a9c631c279d178740031d885c222,False
2026-09-21T18:11:55.776516+00:00,,,64,0,0,aee134af82a2d3af3d3252fd7819f9599379a9c631c279d178740031d885c222,False
2026-09-21T18:11:56.811465+00:00,,,64,0,0,aee134af82a2d3af3d3252fd7819f9599379a9c631c279d178740031d885c222,False
2026-09-21T18:11:57.852212+00:00,,,64,0,0,aee134af82a2d3af3d3252fd7819f9599379a9c631c279d178740031d885c222,False
2026-09-21T18:11:58.919006+00:00,,,64,0,0,aee134af82a2d3af3d3252fd7819f9599379a9c631c279d178740031d885c222,False
2026-09-21T18:11:59.969889+00:00,,,64,0,0,aee134af82a2d3af3d3252fd7819f9599379a9c631c279d178740031d885c222,False
2026-09-21T18:12:01.043709+00:00,,,64,0,0,aee134af82a2d3af3d3252fd7819f9599379a9c631c279d178740031d885c222,False
2026-09-21T18:12:02.091521+00:00,,,64,0,0,aee134af82a2d3af3d3252fd7819f9599379a9c631c279d178740031d885c222,False
2026-09-21T18:12:03.160151+00:00,,,64,0,0,aee134af82a2d3af3d3252fd7819f9599379a9c631c279d178740031d885c222,False
2026-09-21T18:12:04.213049+00:00,,,64,0,0,aee134af82a2d3af3d3252fd7819f9599379a9c631c279d178740031d885c222,False
2026-09-21T18:12:05.273812+00:00,,,64,0,0,aee134af82a2d3af3d3252fd7819f9599379a9c631c279d178740031d885c222,False
2026-09-21T18:12:06.330931+00:00,,,64,0,0,aee134af82a2d3af3d3252fd7819f9599379a9c631c279d178740031d885c222,False
2026-09-21T18:12:07.397883+00:00,,,64,0,0,aee134af82a2d3af3d3252fd7819f9599379a9c631c279d178740031d885c222,False
2026-09-21T18:12:08.469378+00:00,,,64,0,0,aee134af82a2d3af3d3252fd7819f9599379a9c631c279d178740031d885c222,False
2026-09-21T18:12:09.525919+00:00,,,64,0,0,aee134af82a2d3af3d3252fd7819f9599379a9c631c279d178740031d885c222,False
2026-09-21T18:12:10.578033+00:00,,,64,0,0,aee134af82a2d3af3d3252fd7819f9599379a9c631c279d178740031d885c222,False
2026-09-21T18:12:11.634017+00:00,,,64,0,0,aee134af82a2d3af3d3252fd7819f9599379a9c631c279d178740031d885c222,False
2026-09-21T18:12:12.699364+00:00,,,64,0,0,aee134af82a2d3af3d3252fd7819f9599379a9c631c279d178740031d885c222,False
2026-09-21T18:12:13.764305+00:00,,,64,0,0,aee134af82a2d3af3d3252fd7819f9599379a9c631c279d178740031d885c222,False
2026-09-21T18:12:14.794893+00:00,,,64,0,0,aee134af82a2d3af3d3252fd7819f9599379a9c631c279d178740031d885c222,False
2026-09-21T18:12:15.841225+00:00,,,64,0,0,aee134af82a2d3af3d3252fd7819f9599379a9c631c279d178740031d885c222,False
2026-09-21T18:12:16.914416+00:00,,,64,0,0,aee134af82a2d3af3d3252fd7819f9599379a9c631c279d178740031d885c222,False
2026-09-21T18:12:17.970770+00:00,,,64,0,0,aee134af82a2d3af3d3252fd7819f9599379a9c631c279d178740031d885c222,False
2026-09-21T18:12:19.036334+00:00,,,64,0,0,aee134af82a2d3af3d3252fd7819f9599379a9c631c279d178740031d885c222,False
2026-09-21T18:12:20.094869+00:00,,,64,0,0,aee134af82a2d3af3d3252fd7819f9599379a9c631c279d178740031d885c222,False
2026-09-21T18:12:21.136967+00:00,,,64,0,0,aee134af82a2d3af3d3252fd7819f9599379a9c631c279d178740031d885c222,False
2026-09-21T18:12:22.190679+00:00,,,64,0,0,aee134af82a2d3af3d3252fd7819f9599379a9c631c279d178740031d885c222,False
2026-09-21T18:12:23.287577+00:00,,,64,0,0,aee134af82a2d3af3d3252fd7819f9599379a9c631c279d178740031d885c222,False
2026-09-21T18:12:24.313804+00:00,,,64,0,0,aee134af82a2d3af3d3252fd7819f9599379a9c631c279d178740031d885c222,False
2026-09-21T18:12:25.364473+00:00,,,64,0,0,aee134af82a2d3af3d3252fd7819f9599379a9c631c279d178740031d885c222,False
2026-09-21T18:12:26.416789+00:00,,,64,0,0,aee134af82a2d3af3d3252fd7819f9599379a9c631c279d178740031d885c222,False
2026-09-21T18:12:27.474948+00:00,,,64,0,0,aee134af82a2d3af3d3252fd7819f9599379a9c631c279d178740031d885c222,False
2026-09-21T18:12:28.521383+00:00,,,64,0,0,aee134af82a2d3af3d3252fd7819f9599379a9c631c279d178740031d885c222,False
2026-09-21T18:12:29.582184+00:00,,,64,0,0,aee134af82a2d3af3d3252fd7819f9599379a9c631c279d178740031d885c222,False
2026-09-21T18:12:30.621616+00:00,,,64,0,0,aee134af82a2d3af3d3252fd7819f9599379a9c631c279d178740031d885c222,False
2026-09-21T18:12:31.652464+00:00,,,64,0,0,aee134af82a2d3af3d3252fd7819f9599379a9c631c279d178740031d885c222,False
2026-09-21T18:12:32.709625+00:00,,,64,0,0,aee134af82a2d3af3d3252fd7819f9599379a9c631c279d178740031d885c222,False
2026-09-21T18:12:33.760134+00:00,,,64,0,0,aee134af82a2d3af3d3252fd7819f9599379a9c631c279d178740031d885c222,False
2026-09-21T18:12:34.821361+00:00,,,64,0,0,aee134af82a2d3af3d3252fd7819f9599379a9c631c279d178740031d885c222,False
2026-09-21T18:12:35.961494+00:00,,,64,0,0,aee134af82a2d3af3d3252fd7819f9599379a9c631c279d178740031d885c222,False
2026-09-21T18:12:37.037173+00:00,,,64,0,0,aee134af82a2d3af3d3252fd7819f9599379a9c631c279d178740031d885c222,False
2026-09-21T18:12:38.092080+00:00,,,64,0,0,aee134af82a2d3af3d3252fd7819f9599379a9c631c279d178740031d885c222,False
2026-09-21T18:12:39.151702+00:00,,,64,0,0,aee134af82a2d3af3d3252fd7819f9599379a9c631c279d178740031d885c222,False
2026-09-21T18:12:40.209393+00:00,,,64,0,0,aee134af82a2d3af3d3252fd7819f9599379a9c631c279d178740031d885c222,False
2026-09-21T18:12:41.257833+00:00,,,64,0,0,aee134af82a2d3af3d3252fd7819f9599379a9c631c279d178740031d885c222,False
2026-09-21T18:12:42.307206+00:00,,,64,0,0,aee134af82a2d3af3d3252fd7819f9599379a9c631c279d178740031d885c222,False
2026-09-21T18:12:43.341779+00:00,,,64,0,0,aee134af82a2d3af3d3252fd7819f9599379a9c631c279d178740031d885c222,False
2026-09-21T18:12:44.411255+00:00,,,64,0,0,aee134af82a2d3af3d3252fd7819f9599379a9c631c279d178740031d885c222,False
2026-09-21T18:12:45.536360+00:00,,,64,0,0,aee134af82a2d3af3d3252fd7819f9599379a9c631c279d178740031d885c222,False
2026-09-21T18:12:46.600609+00:00,,,64,0,0,aee134af82a2d3af3d3252fd7819f9599379a9c631c279d178740031d885c222,False
2026-09-21T18:12:47.654663+00:00,,,64,0,0,aee134af82a2d3af3d3252fd7819f9599379a9c631c279d178740031d885c222,False
2026-09-21T18:12:48.695011+00:00,,,64,0,0,aee134af82a2d3af3d3252fd7819f9599379a9c631c279d178740031d885c222,False
2026-09-21T18:12:49.724665+00:00,,,64,0,0,aee134af82a2d3af3d3252fd7819f9599379a9c631c279d178740031d885c222,False
2026-09-21T18:12:50.788207+00:00,,,64,0,0,aee134af82a2d3af3d3252fd7819f9599379a9c631c279d178740031d885c222,False
2026-09-21T18:12:51.858536+00:00,,,64,0,0,aee134af82a2d3af3d3252fd7819f9599379a9c631c279d178740031d885c222,False
2026-09-21T18:12:52.911830+00:00,,,64,0,0,aee134af82a2d3af3d3252fd7819f9599379a9c631c279d178740031d885c222,False
2026-09-21T18:12:53.956942+00:00,,,64,0,0,aee134af82a2d3af3d3252fd7819f9599379a9c631c279d178740031d885c222,False
2026-09-21T18:12:54.998447+00:00,,,64,0,0,aee134af82a2d3af3d3252fd7819f9599379a9c631c279d178740031d885c222,False
2026-09-21T18:12:56.047812+00:00,,,64,0,0,aee134af82a2d3af3d3252fd7819f9599379a9c631c279d178740031d885c222,False
2026-09-21T18:12:57.101226+00:00,,,64,0,0,aee134af82a2d3af3d3252fd7819f9599379a9c631c279d178740031d885c222,False
2026-09-21T18:12:58.151887+00:00,,,64,0,0,aee134af82a2d3af3d3252fd7819f9599379a9c631c279d178740031d885c222,False
2026-09-21T18:12:59.207509+00:00,,,64,0,0,aee134af82a2d3af3d3252fd7819f9599379a9c631c279d178740031d885c222,False
2026-09-21T18:13:00.523065+00:00,,,64,0,0,aee134af82a2d3af3d3252fd7819f9599379a9c631c279d178740031d885c222,False
2026-09-21T18:13:01.594886+00:00,,,64,0,0,aee134af82a2d3af3d3252fd7819f9599379a9c631c279d178740031d885c222,False
2026-09-21T18:13:02.693233+00:00,,,64,0,0,aee134af82a2d3af3d3252fd7819f9599379a9c631c279d178740031d885c222,False
2026-09-21T18:13:03.753609+00:00,,,64,0,0,aee134af82a2d3af3d3252fd7819f9599379a9c631c279d178740031d885c222,False
2026-09-21T18:13:04.813401+00:00,,,64,0,0,aee134af82a2d3af3d3252fd7819f9599379a9c631c279d178740031d885c222,False
2026-09-21T18:13:05.828473+00:00,,,64,0,0,aee134af82a2d3af3d3252fd7819f9599379a9c631c279d178740031d885c222,False
2026-09-21T18:13:06.860107+00:00,,,64,0,0,aee134af82a2d3af3d3252fd7819f9599379a9c631c279d178740031d885c222,False
2026-09-21T18:13:07.900499+00:00,,,64,0,0,aee134af82a2d3af3d3252fd7819f9599379a9c631c279d178740031d885c222,False
2026-09-21T18:13:08.971710+00:00,,,64,0,0,aee134af82a2d3af3d3252fd7819f9599379a9c631c279d178740031d885c222,False
2026-09-21T18:13:10.036645+00:00,,,64,0,0,aee134af82a2d3af3d3252fd7819f9599379a9c631c279d178740031d885c222,False
2026-09-21T18:13:11.095794+00:00,,,64,0,0,aee134af82a2d3af3d3252fd7819f9599379a9c631c279d178740031d885c222,False
2026-09-21T18:13:12.135962+00:00,,,64,0,0,aee134af82a2d3af3d3252fd7819f9599379a9c631c279d178740031d885c222,False
2026-09-21T18:13:13.206097+00:00,,,64,0,0,aee134af82a2d3af3d3252fd7819f9599379a9c631c279d178740031d885c222,False
2026-09-21T18:13:14.237822+00:00,,,64,0,0,aee134af82a2d3af3d3252fd7819f9599379a9c631c279d178740031d885c222,False
2026-09-21T18:13:15.292956+00:00,,,64,0,0,aee134af82a2d3af3d3252fd7819f9599379a9c631c279d178740031d885c222,False
2026-09-21T18:13:16.341291+00:00,,,64,0,0,aee134af82a2d3af3d3252fd7819f9599379a9c631c279d178740031d885c222,False
2026-09-21T18:13:17.418852+00:00,,,64,0,0,aee134af82a2d3af3d3252fd7819f9599379a9c631c279d178740031d885c222,False
2026-09-21T18:13:18.632915+00:00,,,64,0,0,aee134af82a2d3af3d3252fd7819f9599379a9c631c279d178740031d885c222,False
2026-09-21T18:13:19.745028+00:00,,,64,0,0,aee134af82a2d3af3d3252fd7819f9599379a9c631c279d178740031d885c222,False
2026-09-21T18:13:20.895777+00:00,,,64,0,0,aee134af82a2d3af3d3252fd7819f9599379a9c631c279d178740031d885c222,False
2026-09-21T18:13:22.254375+00:00,,,64,0,0,aee134af82a2d3af3d3252fd7819f9599379a9c631c279d178740031d885c222,False
2026-09-21T18:13:23.740398+00:00,,,64,0,0,aee134af82a2d3af3d3252fd7819f9599379a9c631c279d178740031d885c222,False
2026-09-21T18:13:25.384568+00:00,,,64,0,0,aee134af82a2d3af3d3252fd7819f9599379a9c631c279d178740031d885c222,False
2026-09-21T18:13:26.463715+00:00,,,64,0,0,aee134af82a2d3af3d3252fd7819f9599379a9c631c279d178740031d885c222,False
2026-09-21T18:13:27.515028+00:00,,,64,0,0,aee134af82a2d3af3d3252fd7819f9599379a9c631c279d178740031d885c222,False
2026-09-21T18:13:28.915356+00:00,,,64,0,0,aee134af82a2d3af3d3252fd7819f9599379a9c631c279d178740031d885c222,False
2026-09-21T18:13:30.279003+00:00,,,64,0,0,aee134af82a2d3af3d3252fd7819f9599379a9c631c279d178740031d885c222,False
2026-09-21T18:13:32.078494+00:00,,,64,0,0,aee134af82a2d3af3d3252fd7819f9599379a9c631c279d178740031d885c222,False
2026-09-21T18:13:33.109632+00:00,,,64,0,0,aee134af82a2d3af3d3252fd7819f9599379a9c631c279d178740031d885c222,False
2026-09-21T18:13:34.142999+00:00,,,64,0,0,aee134af82a2d3af3d3252fd7819f9599379a9c631c279d178740031d885c222,False
2026-09-21T18:13:35.194964+00:00,,,64,0,0,aee134af82a2d3af3d3252fd7819f9599379a9c631c279d178740031d885c222,False
2026-09-21T18:13:36.236362+00:00,,,64,0,0,aee134af82a2d3af3d3252fd7819f9599379a9c631c279d178740031d885c222,False
2026-09-21T18:13:37.285746+00:00,,,64,0,0,aee134af82a2d3af3d3252fd7819f9599379a9c631c279d178740031d885c222,False
2026-09-21T18:13:38.319011+00:00,,,64,0,0,aee134af82a2d3af3d3252fd7819f9599379a9c631c279d178740031d885c222,False
2026-09-21T18:13:39.352003+00:00,,,64,0,0,aee134af82a2d3af3d3252fd7819f9599379a9c631c279d178740031d885c222,False
2026-09-21T18:13:40.374086+00:00,,,64,0,0,aee134af82a2d3af3d3252fd7819f9599379a9c631c279d178740031d885c222,False
2026-09-21T18:13:41.494437+00:00,,,64,0,0,aee134af82a2d3af3d3252fd7819f9599379a9c631c279d178740031d885c222,False
2026-09-21T18:13:42.560774+00:00,,,64,0,0,aee134af82a2d3af3d3252fd7819f9599379a9c631c279d178740031d885c222,False
2026-09-21T18:13:43.608087+00:00,,,64,0,0,aee134af82a2d3af3d3252fd7819f9599379a9c631c279d178740031d885c222,False
2026-09-21T18:13:44.638214+00:00,,,64,0,0,aee134af82a2d3af3d3252fd7819f9599379a9c631c279d178740031d885c222,False
2026-09-21T18:13:45.671791+00:00,,,64,0,0,aee134af82a2d3af3d3252fd7819f9599379a9c631c279d178740031d885c222,False
2026-09-21T18:13:46.711561+00:00,,,64,0,0,aee134af82a2d3af3d3252fd7819f9599379a9c631c279d178740031d885c222,False
2026-09-21T18:13:47.747724+00:00,,,64,0,0,aee134af82a2d3af3d3252fd7819f9599379a9c631c279d178740031d885c222,False
2026-09-21T18:13:48.784927+00:00,,,64,0,0,aee134af82a2d3af3d3252fd7819f9599379a9c631c279d178740031d885c222,False
2026-09-21T18:13:49.822316+00:00,,,64,0,0,aee134af82a2d3af3d3252fd7819f9599379a9c631c279d178740031d885c222,False
2026-09-21T18:13:50.837292+00:00,,,64,0,0,aee134af82a2d3af3d3252fd7819f9599379a9c631c279d178740031d885c222,False
2026-09-21T18:13:51.887293+00:00,,,64,0,0,aee134af82a2d3af3d3252fd7819f9599379a9c631c279d178740031d885c222,False
2026-09-21T18:13:52.920414+00:00,,,64,0,0,aee134af82a2d3af3d3252fd7819f9599379a9c631c279d178740031d885c222,False
2026-09-21T18:13:53.964520+00:00,,,64,0,0,aee134af82a2d3af3d3252fd7819f9599379a9c631c279d178740031d885c222,False
2026-09-21T18:13:54.993737+00:00,,,64,0,0,aee134af82a2d3af3d3252fd7819f9599379a9c631c279d178740031d885c222,False
2026-09-21T18:13:56.027574+00:00,,,64,0,0,aee134af82a2d3af3d3252fd7819f9599379a9c631c279d178740031d885c222,False
2026-09-21T18:13:57.086402+00:00,,,64,0,0,aee134af82a2d3af3d3252fd7819f9599379a9c631c279d178740031d885c222,False
2026-09-21T18:13:58.156950+00:00,,,64,0,0,aee134af82a2d3af3d3252fd7819f9599379a9c631c279d178740031d885c222,False
2026-09-21T18:13:59.202059+00:00,,,64,0,0,aee134af82a2d3af3d3252fd7819f9599379a9c631c279d178740031d885c222,False
2026-09-21T18:14:00.223936+00:00,,,64,0,0,aee134af82a2d3af3d3252fd7819f9599379a9c631c279d178740031d885c222,False
2026-09-21T18:14:01.317586+00:00,,,64,0,0,aee134af82a2d3af3d3252fd7819f9599379a9c631c279d178740031d885c222,False
2026-09-21T18:14:02.361557+00:00,,,64,0,0,aee134af82a2d3af3d3252fd7819f9599379a9c631c279d178740031d885c222,False
2026-09-21T18:14:03.387751+00:00,,,64,0,0,aee134af82a2d3af3d3252fd7819f9599379a9c631c279d178740031d885c222,False
2026-09-21T18:14:04.462292+00:00,,,64,0,0,aee134af82a2d3af3d3252fd7819f9599379a9c631c279d178740031d885c222,False
2026-09-21T18:14:05.513971+00:00,,,64,0,0,aee134af82a2d3af3d3252fd7819f9599379a9c631c279d178740031d885c222,False
2026-09-21T18:14:06.571823+00:00,,,64,0,0,aee134af82a2d3af3d3252fd7819f9599379a9c631c279d178740031d885c222,False
2026-09-21T18:14:07.664724+00:00,,,64,0,0,aee134af82a2d3af3d3252fd7819f9599379a9c631c279d178740031d885c222,False
2026-09-21T18:14:08.723797+00:00,,,64,0,0,aee134af82a2d3af3d3252fd7819f9599379a9c631c279d178740031d885c222,False
2026-09-21T18:14:09.771069+00:00,,,64,0,0,aee134af82a2d3af3d3252fd7819f9599379a9c631c279d178740031d885c222,False
2026-09-21T18:14:10.824443+00:00,,,64,0,0,aee134af82a2d3af3d3252fd7819f9599379a9c631c279d178740031d885c222,False
2026-09-21T18:14:11.906484+00:00,,,64,0,0,aee134af82a2d3af3d3252fd7819f9599379a9c631c279d178740031d885c222,False
2026-09-21T18:14:12.948863+00:00,,,64,0,0,aee134af82a2d3af3d3252fd7819f9599379a9c631c279d178740031d885c222,False
2026-09-21T18:14:13.993741+00:00,,,64,0,0,aee134af82a2d3af3d3252fd7819f9599379a9c631c279d178740031d885c222,False
2026-09-21T18:14:15.026649+00:00,,,64,0,0,aee134af82a2d3af3d3252fd7819f9599379a9c631c279d178740031d885c222,False
2026-09-21T18:14:16.055684+00:00,,,64,0,0,aee134af82a2d3af3d3252fd7819f9599379a9c631c279d178740031d885c222,False
2026-09-21T18:14:17.112359+00:00,,,64,0,0,aee134af82a2d3af3d3252fd7819f9599379a9c631c279d178740031d885c222,False
2026-09-21T18:14:18.144368+00:00,,,64,0,0,aee134af82a2d3af3d3252fd7819f9599379a9c631c279d178740031d885c222,False
2026-09-21T18:14:19.184709+00:00,,,64,0,0,aee134af82a2d3af3d3252fd7819f9599379a9c631c279d178740031d885c222,False
2026-09-21T18:14:20.229647+00:00,,,64,0,0,aee134af82a2d3af3d3252fd7819f9599379a9c631c279d178740031d885c222,False
2026-09-21T18:14:21.310516+00:00,,,64,0,0,aee134af82a2d3af3d3252fd7819f9599379a9c631c279d178740031d885c222,False
2026-09-21T18:14:22.345188+00:00,,,64,0,0,aee134af82a2d3af3d3252fd7819f9599379a9c631c279d178740031d885c222,False
2026-09-21T18:14:23.384344+00:00,,,64,0,0,aee134af82a2d3af3d3252fd7819f9599379a9c631c279d178740031d885c222,False
2026-09-21T18:14:24.425243+00:00,,,64,0,0,aee134af82a2d3af3d3252fd7819f9599379a9c631c279d178740031d885c222,False
2026-09-21T18:14:25.444168+00:00,,,64,0,0,aee134af82a2d3af3d3252fd7819f9599379a9c631c279d178740031d885c222,False
2026-09-21T18:14:26.478444+00:00,,,64,0,0,aee134af82a2d3af3d3252fd7819f9599379a9c631c279d178740031d885c222,False
2026-09-21T18:14:27.522972+00:00,,,64,0,0,aee134af82a2d3af3d3252fd7819f9599379a9c631c279d178740031d885c222,False
2026-09-21T18:14:28.572208+00:00,,,64,0,0,aee134af82a2d3af3d3252fd7819f9599379a9c631c279d178740031d885c222,False
2026-09-21T18:14:29.606110+00:00,,,64,0,0,aee134af82a2d3af3d3252fd7819f9599379a9c631c279d178740031d885c222,False
2026-09-21T18:14:30.639506+00:00,,,64,0,0,aee134af82a2d3af3d3252fd7819f9599379a9c631c279d178740031d885c222,False
2026-09-21T18:14:31.672079+00:00,,,64,0,0,aee134af82a2d3af3d3252fd7819f9599379a9c631c279d178740031d885c222,False
2026-09-21T18:14:32.698615+00:00,,,64,0,0,aee134af82a2d3af3d3252fd7819f9599379a9c631c279d178740031d885c222,False
2026-09-21T18:14:33.727507+00:00,,,64,0,0,aee134af82a2d3af3d3252fd7819f9599379a9c631c279d178740031d885c222,False
2026-09-21T18:14:34.764183+00:00,,,64,0,0,aee134af82a2d3af3d3252fd7819f9599379a9c631c279d178740031d885c222,False
2026-09-21T18:14:35.789949+00:00,,,64,0,0,aee134af82a2d3af3d3252fd7819f9599379a9c631c279d178740031d885c222,False
2026-09-21T18:14:36.822244+00:00,,,64,0,0,aee134af82a2d3af3d3252fd7819f9599379a9c631c279d178740031d885c222,False
2026-09-21T18:14:37.863886+00:00,,,64,0,0,aee134af82a2d3af3d3252fd7819f9599379a9c631c279d178740031d885c222,False
2026-09-21T18:14:38.904061+00:00,,,64,0,0,aee134af82a2d3af3d3252fd7819f9599379a9c631c279d178740031d885c222,False
2026-09-21T18:14:39.937160+00:00,,,64,0,0,aee134af82a2d3af3d3252fd7819f9599379a9c631c279d178740031d885c222,False
2026-09-21T18:14:40.981818+00:00,,,64,0,0,aee134af82a2d3af3d3252fd7819f9599379a9c631c279d178740031d885c222,False
2026-09-21T18:14:42.035648+00:00,,,64,0,0,aee134af82a2d3af3d3252fd7819f9599379a9c631c279d178740031d885c222,False
2026-09-21T18:14:43.061829+00:00,,,64,0,0,aee134af82a2d3af3d3252fd7819f9599379a9c631c279d178740031d885c222,False
2026-09-21T18:14:44.090157+00:00,,,64,0,0,aee134af82a2d3af3d3252fd7819f9599379a9c631c279d178740031d885c222,False
2026-09-21T18:14:45.122459+00:00,,,64,0,0,aee134af82a2d3af3d3252fd7819f9599379a9c631c279d178740031d885c222,False
2026-09-21T18:14:46.169626+00:00,,,64,0,0,aee134af82a2d3af3d3252fd7819f9599379a9c631c279d178740031d885c222,False
2026-09-21T18:14:47.198874+00:00,,,64,0,0,aee134af82a2d3af3d3252fd7819f9599379a9c631c279d178740031d885c222,False
2026-09-21T18:14:48.267606+00:00,,,64,0,0,aee134af82a2d3af3d3252fd7819f9599379a9c631c279d178740031d885c222,False
2026-09-21T18:14:49.314531+00:00,,,64,0,0,aee134af82a2d3af3d3252fd7819f9599379a9c631c279d178740031d885c222,False
2026-09-21T18:14:50.351984+00:00,,,64,0,0,aee134af82a2d3af3d3252fd7819f9599379a9c631c279d178740031d885c222,False
2026-09-21T18:14:51.415305+00:00,,,64,0,0,aee134af82a2d3af3d3252fd7819f9599379a9c631c279d178740031d885c222,False
2026-09-21T18:14:52.447292+00:00,,,64,0,0,aee134af82a2d3af3d3252fd7819f9599379a9c631c279d178740031d885c222,False
2026-09-21T18:14:53.475766+00:00,,,64,0,0,aee134af82a2d3af3d3252fd7819f9599379a9c631c279d178740031d885c222,False
2026-09-21T18:14:54.504658+00:00,,,64,0,0,aee134af82a2d3af3d3252fd7819f9599379a9c631c279d178740031d885c222,False
2026-09-21T18:14:55.552903+00:00,,,64,0,0,aee134af82a2d3af3d3252fd7819f9599379a9c631c279d178740031d885c222,False
2026-09-21T18:14:56.584032+00:00,,,64,0,0,aee134af82a2d3af3d3252fd7819f9599379a9c631c279d178740031d885c222,False
2026-09-21T18:14:57.603051+00:00,,,64,0,0,aee134af82a2d3af3d3252fd7819f9599379a9c631c279d178740031d885c222,False
2026-09-21T18:14:58.661743+00:00,,,64,0,0,aee134af82a2d3af3d3252fd7819f9599379a9c631c279d178740031d885c222,False
2026-09-21T18:14:59.754316+00:00,,,64,0,0,aee134af82a2d3af3d3252fd7819f9599379a9c631c279d178740031d885c222,False
2026-09-21T18:15:00.838817+00:00,,,64,0,0,aee134af82a2d3af3d3252fd7819f9599379a9c631c279d178740031d885c222,False
2026-09-21T18:15:01.967233+00:00,,,64,0,0,aee134af82a2d3af3d3252fd7819f9599379a9c631c279d178740031d885c222,False
2026-09-21T18:15:03.451440+00:00,,,64,0,0,aee134af82a2d3af3d3252fd7819f9599379a9c631c279d178740031d885c222,False
2026-09-21T18:15:04.593934+00:00,,,64,0,0,aee134af82a2d3af3d3252fd7819f9599379a9c631c279d178740031d885c222,False
2026-09-21T18:15:05.705968+00:00,,,64,0,0,aee134af82a2d3af3d3252fd7819f9599379a9c631c279d178740031d885c222,False
2026-09-21T18:15:06.784227+00:00,,,64,0,0,aee134af82a2d3af3d3252fd7819f9599379a9c631c279d178740031d885c222,False
2026-09-21T18:15:07.842919+00:00,,,64,0,0,aee134af82a2d3af3d3252fd7819f9599379a9c631c279d178740031d885c222,False
2026-09-21T18:15:08.889671+00:00,,,64,0,0,aee134af82a2d3af3d3252fd7819f9599379a9c631c279d178740031d885c222,False
2026-09-21T18:15:09.960415+00:00,,,64,0,0,aee134af82a2d3af3d3252fd7819f9599379a9c631c279d178740031d885c222,False
2026-09-21T18:15:11.012937+00:00,,,64,0,0,aee134af82a2d3af3d3252fd7819f9599379a9c631c279d178740031d885c222,False
2026-09-21T18:15:12.322175+00:00,,,64,0,0,aee134af82a2d3af3d3252fd7819f9599379a9c631c279d178740031d885c222,False
2026-09-21T18:15:13.362750+00:00,,,64,0,0,aee134af82a2d3af3d3252fd7819f9599379a9c631c279d178740031d885c222,False
2026-09-21T18:15:14.418393+00:00,,,64,0,0,aee134af82a2d3af3d3252fd7819f9599379a9c631c279d178740031d885c222,False
2026-09-21T18:15:15.472866+00:00,,,64,0,0,aee134af82a2d3af3d3252fd7819f9599379a9c631c279d178740031d885c222,False
2026-09-21T18:15:16.544790+00:00,,,64,0,0,aee134af82a2d3af3d3252fd7819f9599379a9c631c279d178740031d885c222,False
2026-09-21T18:15:17.598430+00:00,,,64,0,0,aee134af82a2d3af3d3252fd7819f9599379a9c631c279d178740031d885c222,False
2026-09-21T18:15:18.667325+00:00,,,64,0,0,aee134af82a2d3af3d3252fd7819f9599379a9c631c279d178740031d885c222,False
2026-09-21T18:15:19.742706+00:00,,,64,0,0,aee134af82a2d3af3d3252fd7819f9599379a9c631c279d178740031d885c222,False
2026-09-21T18:15:20.759818+00:00,,,64,0,0,aee134af82a2d3af3d3252fd7819f9599379a9c631c279d178740031d885c222,False
2026-09-21T18:15:21.830381+00:00,,,64,0,0,aee134af82a2d3af3d3252fd7819f9599379a9c631c279d178740031d885c222,False
2026-09-21T18:15:22.876216+00:00,,,64,0,0,aee134af82a2d3af3d3252fd7819f9599379a9c631c279d178740031d885c222,False
2026-09-21T18:15:23.920577+00:00,,,64,0,0,aee134af82a2d3af3d3252fd7819f9599379a9c631c279d178740031d885c222,False
2026-09-21T18:15:24.970818+00:00,,,64,0,0,aee134af82a2d3af3d3252fd7819f9599379a9c631c279d178740031d885c222,False
2026-09-21T18:15:26.018225+00:00,,,64,0,0,aee134af82a2d3af3d3252fd7819f9599379a9c631c279d178740031d885c222,False
2026-09-21T18:15:27.051424+00:00,,,64,0,0,aee134af82a2d3af3d3252fd7819f9599379a9c631c279d178740031d885c222,False
2026-09-21T18:15:28.089524+00:00,,,64,0,0,aee134af82a2d3af3d3252fd7819f9599379a9c631c279d178740031d885c222,False
2026-09-21T18:15:29.117264+00:00,,,64,0,0,aee134af82a2d3af3d3252fd7819f9599379a9c631c279d178740031d885c222,False
2026-09-21T18:15:30.176710+00:00,,,64,0,0,aee134af82a2d3af3d3252fd7819f9599379a9c631c279d178740031d885c222,False
2026-09-21T18:15:31.220380+00:00,,,64,0,0,aee134af82a2d3af3d3252fd7819f9599379a9c631c279d178740031d885c222,False
2026-09-21T18:15:32.262790+00:00,,,64,0,0,aee134af82a2d3af3d3252fd7819f9599379a9c631c279d178740031d885c222,False
2026-09-21T18:15:33.309261+00:00,,,64,0,0,aee134af82a2d3af3d3252fd7819f9599379a9c631c279d178740031d885c222,False
2026-09-21T18:15:34.385817+00:00,,,64,0,0,aee134af82a2d3af3d3252fd7819f9599379a9c631c279d178740031d885c222,False
2026-09-21T18:15:35.446086+00:00,,,64,0,0,aee134af82a2d3af3d3252fd7819f9599379a9c631c279d178740031d885c222,False
2026-09-21T18:15:36.482317+00:00,,,64,0,0,aee134af82a2d3af3d3252fd7819f9599379a9c631c279d178740031d885c222,False
2026-09-21T18:15:37.543575+00:00,,,64,0,0,aee134af82a2d3af3d3252fd7819f9599379a9c631c279d178740031d885c222,False
2026-09-21T18:15:38.586118+00:00,,,64,0,0,aee134af82a2d3af3d3252fd7819f9599379a9c631c279d178740031d885c222,False
2026-09-21T18:15:39.642239+00:00,,,64,0,0,aee134af82a2d3af3d3252fd7819f9599379a9c631c279d178740031d885c222,False
2026-09-21T18:15:40.685246+00:00,,,64,0,0,aee134af82a2d3af3d3252fd7819f9599379a9c631c279d178740031d885c222,False
2026-09-21T18:15:41.731307+00:00,,,64,0,0,aee134af82a2d3af3d3252fd7819f9599379a9c631c279d178740031d885c222,False
2026-09-21T18:15:42.830978+00:00,,,64,0,0,aee134af82a2d3af3d3252fd7819f9599379a9c631c279d178740031d885c222,False
2026-09-21T18:15:43.913710+00:00,,,64,0,0,aee134af82a2d3af3d3252fd7819f9599379a9c631c279d178740031d885c222,False
2026-09-21T18:15:44.970584+00:00,,,64,0,0,aee134af82a2d3af3d3252fd7819f9599379a9c631c279d178740031d885c222,False
2026-09-21T18:15:46.033709+00:00,,,64,0,0,aee134af82a2d3af3d3252fd7819f9599379a9c631c279d178740031d885c222,False
2026-09-21T18:15:47.065968+00:00,,,64,0,0,aee134af82a2d3af3d3252fd7819f9599379a9c631c279d178740031d885c222,False
2026-09-21T18:15:48.112109+00:00,,,64,0,0,aee134af82a2d3af3d3252fd7819f9599379a9c631c279d178740031d885c222,False
2026-09-21T18:15:49.144179+00:00,,,64,0,0,aee134af82a2d3af3d3252fd7819f9599379a9c631c279d178740031d885c222,False
2026-09-21T18:15:50.235072+00:00,,,64,0,0,aee134af82a2d3af3d3252fd7819f9599379a9c631c279d178740031d885c222,False
2026-09-21T18:15:51.260174+00:00,,,64,0,0,aee134af82a2d3af3d3252fd7819f9599379a9c631c279d178740031d885c222,False
2026-09-21T18:15:52.330884+00:00,,,64,0,0,aee134af82a2d3af3d3252fd7819f9599379a9c631c279d178740031d885c222,False
2026-09-21T18:15:53.400713+00:00,,,64,0,0,aee134af82a2d3af3d3252fd7819f9599379a9c631c279d178740031d885c222,False
2026-09-21T18:15:54.462749+00:00,,,64,0,0,aee134af82a2d3af3d3252fd7819f9599379a9c631c279d178740031d885c222,False
2026-09-21T18:15:55.523389+00:00,,,64,0,0,aee134af82a2d3af3d3252fd7819f9599379a9c631c279d178740031d885c222,False
2026-09-21T18:15:56.549670+00:00,,,64,0,0,aee134af82a2d3af3d3252fd7819f9599379a9c631c279d178740031d885c222,False
2026-09-21T18:15:57.596596+00:00,,,64,0,0,aee134af82a2d3af3d3252fd7819f9599379a9c631c279d178740031d885c222,False
2026-09-21T18:15:58.644393+00:00,,,64,0,0,aee134af82a2d3af3d3252fd7819f9599379a9c631c279d178740031d885c222,False
2026-09-21T18:15:59.694195+00:00,,,64,0,0,aee134af82a2d3af3d3252fd7819f9599379a9c631c279d178740031d885c222,False
2026-09-21T18:16:00.724957+00:00,,,64,0,0,aee134af82a2d3af3d3252fd7819f9599379a9c631c279d178740031d885c222,False
2026-09-21T18:16:01.787008+00:00,,,64,0,0,aee134af82a2d3af3d3252fd7819f9599379a9c631c279d178740031d885c222,False
2026-09-21T18:16:02.827851+00:00,,,64,0,0,aee134af82a2d3af3d3252fd7819f9599379a9c631c279d178740031d885c222,False
2026-09-21T18:16:03.879223+00:00,,,64,0,0,aee134af82a2d3af3d3252fd7819f9599379a9c631c279d178740031d885c222,False
2026-09-21T18:16:04.939933+00:00,,,64,0,0,aee134af82a2d3af3d3252fd7819f9599379a9c631c279d178740031d885c222,False
2026-09-21T18:16:05.966531+00:00,,,64,0,0,aee134af82a2d3af3d3252fd7819f9599379a9c631c279d178740031d885c222,False
2026-09-21T18:16:07.039804+00:00,,,64,0,0,aee134af82a2d3af3d3252fd7819f9599379a9c631c279d178740031d885c222,False
2026-09-21T18:16:08.066338+00:00,,,64,0,0,aee134af82a2d3af3d3252fd7819f9599379a9c631c279d178740031d885c222,False
2026-09-21T18:16:09.089364+00:00,,,64,0,0,aee134af82a2d3af3d3252fd7819f9599379a9c631c279d178740031d885c222,False
2026-09-21T18:16:10.136319+00:00,,,64,0,0,aee134af82a2d3af3d3252fd7819f9599379a9c631c279d178740031d885c222,False
2026-09-21T18:16:11.170203+00:00,,,64,0,0,aee134af82a2d3af3d3252fd7819f9599379a9c631c279d178740031d885c222,False
2026-09-21T18:16:12.218478+00:00,,,64,0,0,aee134af82a2d3af3d3252fd7819f9599379a9c631c279d178740031d885c222,False
2026-09-21T18:16:13.277453+00:00,,,64,0,0,aee134af82a2d3af3d3252fd7819f9599379a9c631c279d178740031d885c222,False
2026-09-21T18:16:14.322174+00:00,,,64,0,0,aee134af82a2d3af3d3252fd7819f9599379a9c631c279d178740031d885c222,False
2026-09-21T18:16:15.364384+00:00,,,64,0,0,aee134af82a2d3af3d3252fd7819f9599379a9c631c279d178740031d885c222,False
2026-09-21T18:16:16.399352+00:00,,,64,0,0,aee134af82a2d3af3d3252fd7819f9599379a9c631c279d178740031d885c222,False
2026-09-21T18:16:17.445389+00:00,,,64,0,0,aee134af82a2d3af3d3252fd7819f9599379a9c631c279d178740031d885c222,False
2026-09-21T18:16:18.483536+00:00,,,64,0,0,aee134af82a2d3af3d3252fd7819f9599379a9c631c279d178740031d885c222,False
2026-09-21T18:16:19.531820+00:00,,,64,0,0,aee134af82a2d3af3d3252fd7819f9599379a9c631c279d178740031d885c222,False
2026-09-21T18:16:20.571836+00:00,,,64,0,0,aee134af82a2d3af3d3252fd7819f9599379a9c631c279d178740031d885c222,False
2026-09-21T18:16:21.598956+00:00,,,64,0,0,aee134af82a2d3af3d3252fd7819f9599379a9c631c279d178740031d885c222,False
2026-09-21T18:16:22.634538+00:00,,,64,0,0,aee134af82a2d3af3d3252fd7819f9599379a9c631c279d178740031d885c222,False
2026-09-21T18:16:23.658966+00:00,,,64,0,0,aee134af82a2d3af3d3252fd7819f9599379a9c631c279d178740031d885c222,False
2026-09-21T18:16:24.714479+00:00,,,64,0,0,aee134af82a2d3af3d3252fd7819f9599379a9c631c279d178740031d885c222,False
2026-09-21T18:16:25.761978+00:00,,,64,0,0,aee134af82a2d3af3d3252fd7819f9599379a9c631c279d178740031d885c222,False
2026-09-21T18:16:26.846618+00:00,,,64,0,0,aee134af82a2d3af3d3252fd7819f9599379a9c631c279d178740031d885c222,False
2026-09-21T18:16:27.876775+00:00,,,64,0,0,aee134af82a2d3af3d3252fd7819f9599379a9c631c279d178740031d885c222,False
2026-09-21T18:16:28.900396+00:00,,,64,0,0,aee134af82a2d3af3d3252fd7819f9599379a9c631c279d178740031d885c222,False
2026-09-21T18:16:29.975489+00:00,,,64,0,0,aee134af82a2d3af3d3252fd7819f9599379a9c631c279d178740031d885c222,False
2026-09-21T18:16:31.016408+00:00,,,64,0,0,aee134af82a2d3af3d3252fd7819f9599379a9c631c279d178740031d885c222,False
2026-09-21T18:16:32.061976+00:00,,,64,0,0,aee134af82a2d3af3d3252fd7819f9599379a9c631c279d178740031d885c222,False
2026-09-21T18:16:33.109177+00:00,,,64,0,0,aee134af82a2d3af3d3252fd7819f9599379a9c631c279d178740031d885c222,False
2026-09-21T18:16:34.154337+00:00,,,64,0,0,aee134af82a2d3af3d3252fd7819f9599379a9c631c279d178740031d885c222,False
2026-09-21T18:16:35.204588+00:00,,,64,0,0,aee134af82a2d3af3d3252fd7819f9599379a9c631c279d178740031d885c222,False
2026-09-21T18:16:36.240287+00:00,,,64,0,0,aee134af82a2d3af3d3252fd7819f9599379a9c631c279d178740031d885c222,False
2026-09-21T18:16:37.276445+00:00,,,64,0,0,aee134af82a2d3af3d3252fd7819f9599379a9c631c279d178740031d885c222,False
2026-09-21T18:16:38.321862+00:00,,,64,0,0,aee134af82a2d3af3d3252fd7819f9599379a9c631c279d178740031d885c222,False
2026-09-21T18:16:39.378928+00:00,,,64,0,0,aee134af82a2d3af3d3252fd7819f9599379a9c631c279d178740031d885c222,False
2026-09-21T18:16:40.440222+00:00,,,64,0,0,aee134af82a2d3af3d3252fd7819f9599379a9c631c279d178740031d885c222,False
2026-09-21T18:16:41.459952+00:00,,,64,0,0,aee134af82a2d3af3d3252fd7819f9599379a9c631c279d178740031d885c222,False
2026-09-21T18:16:42.498622+00:00,,,64,0,0,aee134af82a2d3af3d3252fd7819f9599379a9c631c279d178740031d885c222,False
2026-09-21T18:16:43.571873+00:00,,,64,0,0,aee134af82a2d3af3d3252fd7819f9599379a9c631c279d178740031d885c222,False
2026-09-21T18:16:44.626015+00:00,,,64,0,0,aee134af82a2d3af3d3252fd7819f9599379a9c631c279d178740031d885c222,False
2026-09-21T18:16:45.686846+00:00,,,64,0,0,aee134af82a2d3af3d3252fd7819f9599379a9c631c279d178740031d885c222,False
2026-09-21T18:16:46.731136+00:00,,,64,0,0,aee134af82a2d3af3d3252fd7819f9599379a9c631c279d178740031d885c222,False
2026-09-21T18:16:47.756210+00:00,,,64,0,0,aee134af82a2d3af3d3252fd7819f9599379a9c631c279d178740031d885c222,False
2026-09-21T18:16:48.792870+00:00,,,64,0,0,aee134af82a2d3af3d3252fd7819f9599379a9c631c279d178740031d885c222,False
2026-09-21T18:16:49.850134+00:00,,,64,0,0,aee134af82a2d3af3d3252fd7819f9599379a9c631c279d178740031d885c222,False
2026-09-21T18:16:50.906692+00:00,,,64,0,0,aee134af82a2d3af3d3252fd7819f9599379a9c631c279d178740031d885c222,False
2026-09-21T18:16:51.981011+00:00,,,64,0,0,aee134af82a2d3af3d3252fd7819f9599379a9c631c279d178740031d885c222,False
2026-09-21T18:16:53.050038+00:00,,,64,0,0,aee134af82a2d3af3d3252fd7819f9599379a9c631c279d178740031d885c222,False
2026-09-21T18:16:54.099170+00:00,,,64,0,0,aee134af82a2d3af3d3252fd7819f9599379a9c631c279d178740031d885c222,False
2026-09-21T18:16:55.146416+00:00,,,64,0,0,aee134af82a2d3af3d3252fd7819f9599379a9c631c279d178740031d885c222,False
2026-09-21T18:16:56.163531+00:00,,,64,0,0,aee134af82a2d3af3d3252fd7819f9599379a9c631c279d178740031d885c222,False
2026-09-21T18:16:57.205114+00:00,,,64,0,0,aee134af82a2d3af3d3252fd7819f9599379a9c631c279d178740031d885c222,False
2026-09-21T18:16:58.247467+00:00,,,64,0,0,aee134af82a2d3af3d3252fd7819f9599379a9c631c279d178740031d885c222,False
2026-09-21T18:16:59.306889+00:00,,,64,0,0,aee134af82a2d3af3d3252fd7819f9599379a9c631c279d178740031d885c222,False
2026-09-21T18:17:00.417516+00:00,,,64,0,0,aee134af82a2d3af3d3252fd7819f9599379a9c631c279d178740031d885c222,False
2026-09-21T18:17:01.487494+00:00,,,64,0,0,aee134af82a2d3af3d3252fd7819f9599379a9c631c279d178740031d885c222,False
2026-09-21T18:17:02.527468+00:00,,,64,0,0,aee134af82a2d3af3d3252fd7819f9599379a9c631c279d178740031d885c222,False
2026-09-21T18:17:03.571948+00:00,,,64,0,0,aee134af82a2d3af3d3252fd7819f9599379a9c631c279d178740031d885c222,False
2026-09-21T18:17:04.619196+00:00,,,64,0,0,aee134af82a2d3af3d3252fd7819f9599379a9c631c279d178740031d885c222,False
2026-09-21T18:17:05.676640+00:00,,,64,0,0,aee134af82a2d3af3d3252fd7819f9599379a9c631c279d178740031d885c222,False
2026-09-21T18:17:06.720424+00:00,,,64,0,0,aee134af82a2d3af3d3252fd7819f9599379a9c631c279d178740031d885c222,False
2026-09-21T18:17:07.768838+00:00,,,64,0,0,aee134af82a2d3af3d3252fd7819f9599379a9c631c279d178740031d885c222,False
2026-09-21T18:17:08.830995+00:00,,,64,0,0,aee134af82a2d3af3d3252fd7819f9599379a9c631c279d178740031d885c222,False
2026-09-21T18:17:09.880175+00:00,,,64,0,0,aee134af82a2d3af3d3252fd7819f9599379a9c631c279d178740031d885c222,False
2026-09-21T18:17:10.903583+00:00,,,64,0,0,aee134af82a2d3af3d3252fd7819f9599379a9c631c279d178740031d885c222,False
2026-09-21T18:17:11.938925+00:00,,,64,0,0,aee134af82a2d3af3d3252fd7819f9599379a9c631c279d178740031d885c222,False
2026-09-21T18:17:12.975733+00:00,,,64,0,0,aee134af82a2d3af3d3252fd7819f9599379a9c631c279d178740031d885c222,False
2026-09-21T18:17:14.047250+00:00,,,64,0,0,aee134af82a2d3af3d3252fd7819f9599379a9c631c279d178740031d885c222,False
2026-09-21T18:17:15.091204+00:00,,,64,0,0,aee134af82a2d3af3d3252fd7819f9599379a9c631c279d178740031d885c222,False
2026-09-21T18:17:16.131032+00:00,,,64,0,0,aee134af82a2d3af3d3252fd7819f9599379a9c631c279d178740031d885c222,False
2026-09-21T18:17:17.208523+00:00,,,64,0,0,aee134af82a2d3af3d3252fd7819f9599379a9c631c279d178740031d885c222,False
2026-09-21T18:17:18.262741+00:00,,,64,0,0,aee134af82a2d3af3d3252fd7819f9599379a9c631c279d178740031d885c222,False
2026-09-21T18:17:19.311145+00:00,,,64,0,0,aee134af82a2d3af3d3252fd7819f9599379a9c631c279d178740031d885c222,False
2026-09-21T18:17:20.403820+00:00,,,64,0,0,aee134af82a2d3af3d3252fd7819f9599379a9c631c279d178740031d885c222,False
2026-09-21T18:17:21.453254+00:00,,,64,0,0,aee134af82a2d3af3d3252fd7819f9599379a9c631c279d178740031d885c222,False
2026-09-21T18:17:22.505060+00:00,,,64,0,0,aee134af82a2d3af3d3252fd7819f9599379a9c631c279d178740031d885c222,False
2026-09-21T18:17:23.568911+00:00,,,64,0,0,aee134af82a2d3af3d3252fd7819f9599379a9c631c279d178740031d885c222,False
2026-09-21T18:17:24.608214+00:00,,,64,0,0,aee134af82a2d3af3d3252fd7819f9599379a9c631c279d178740031d885c222,False
2026-09-21T18:17:25.644956+00:00,,,64,0,0,aee134af82a2d3af3d3252fd7819f9599379a9c631c279d178740031d885c222,False
2026-09-21T18:17:26.684329+00:00,,,64,0,0,aee134af82a2d3af3d3252fd7819f9599379a9c631c279d178740031d885c222,False
2026-09-21T18:17:27.716458+00:00,,,64,0,0,aee134af82a2d3af3d3252fd7819f9599379a9c631c279d178740031d885c222,False
2026-09-21T18:17:28.758689+00:00,,,64,0,0,aee134af82a2d3af3d3252fd7819f9599379a9c631c279d178740031d885c222,False
2026-09-21T18:17:29.785425+00:00,,,64,0,0,aee134af82a2d3af3d3252fd7819f9599379a9c631c279d178740031d885c222,False
2026-09-21T18:17:30.821658+00:00,,,64,0,0,aee134af82a2d3af3d3252fd7819f9599379a9c631c279d178740031d885c222,False
2026-09-21T18:17:31.870161+00:00,,,64,0,0,aee134af82a2d3af3d3252fd7819f9599379a9c631c279d178740031d885c222,False
2026-09-21T18:17:32.928977+00:00,,,64,0,0,aee134af82a2d3af3d3252fd7819f9599379a9c631c279d178740031d885c222,False
2026-09-21T18:17:33.976776+00:00,,,64,0,0,aee134af82a2d3af3d3252fd7819f9599379a9c631c279d178740031d885c222,False
2026-09-21T18:17:35.014030+00:00,,,64,0,0,aee134af82a2d3af3d3252fd7819f9599379a9c631c279d178740031d885c222,False
2026-09-21T18:17:36.060914+00:00,,,64,0,0,aee134af82a2d3af3d3252fd7819f9599379a9c631c279d178740031d885c222,False
2026-09-21T18:17:37.098894+00:00,,,64,0,0,aee134af82a2d3af3d3252fd7819f9599379a9c631c279d178740031d885c222,False
2026-09-21T18:17:38.154313+00:00,,,64,0,0,aee134af82a2d3af3d3252fd7819f9599379a9c631c279d178740031d885c222,False
2026-09-21T18:17:39.208639+00:00,,,64,0,0,aee134af82a2d3af3d3252fd7819f9599379a9c631c279d178740031d885c222,False
2026-09-21T18:17:40.266318+00:00,,,64,0,0,aee134af82a2d3af3d3252fd7819f9599379a9c631c279d178740031d885c222,False
2026-09-21T18:17:41.310540+00:00,,,64,0,0,aee134af82a2d3af3d3252fd7819f9599379a9c631c279d178740031d885c222,False
2026-09-21T18:17:42.347291+00:00,,,64,0,0,aee134af82a2d3af3d3252fd7819f9599379a9c631c279d178740031d885c222,False
2026-09-21T18:17:43.392855+00:00,,,64,0,0,aee134af82a2d3af3d3252fd7819f9599379a9c631c279d178740031d885c222,False
2026-09-21T18:17:44.466213+00:00,,,64,0,0,aee134af82a2d3af3d3252fd7819f9599379a9c631c279d178740031d885c222,False
2026-09-21T18:17:45.501755+00:00,,,64,0,0,aee134af82a2d3af3d3252fd7819f9599379a9c631c279d178740031d885c222,False
2026-09-21T18:17:46.528288+00:00,,,64,0,0,aee134af82a2d3af3d3252fd7819f9599379a9c631c279d178740031d885c222,False
2026-09-21T18:17:47.577320+00:00,,,64,0,0,aee134af82a2d3af3d3252fd7819f9599379a9c631c279d178740031d885c222,False
2026-09-21T18:17:48.619633+00:00,,,64,0,0,aee134af82a2d3af3d3252fd7819f9599379a9c631c279d178740031d885c222,False
2026-09-21T18:17:49.660825+00:00,,,64,0,0,aee134af82a2d3af3d3252fd7819f9599379a9c631c279d178740031d885c222,False
2026-09-21T18:17:50.690071+00:00,,,64,0,0,aee134af82a2d3af3d3252fd7819f9599379a9c631c279d178740031d885c222,False
2026-09-21T18:17:51.727433+00:00,,,64,0,0,aee134af82a2d3af3d3252fd7819f9599379a9c631c279d178740031d885c222,False
2026-09-21T18:17:52.761399+00:00,,,64,0,0,aee134af82a2d3af3d3252fd7819f9599379a9c631c279d178740031d885c222,False
2026-09-21T18:17:53.791569+00:00,,,64,0,0,aee134af82a2d3af3d3252fd7819f9599379a9c631c279d178740031d885c222,False
2026-09-21T18:17:54.825491+00:00,,,64,0,0,aee134af82a2d3af3d3252fd7819f9599379a9c631c279d178740031d885c222,False
2026-09-21T18:17:55.876609+00:00,,,64,0,0,aee134af82a2d3af3d3252fd7819f9599379a9c631c279d178740031d885c222,False
2026-09-21T18:17:56.905660+00:00,,,64,0,0,aee134af82a2d3af3d3252fd7819f9599379a9c631c279d178740031d885c222,False
2026-09-21T18:17:57.957731+00:00,,,64,0,0,aee134af82a2d3af3d3252fd7819f9599379a9c631c279d178740031d885c222,False
2026-09-21T18:17:59.000233+00:00,,,64,0,0,aee134af82a2d3af3d3252fd7819f9599379a9c631c279d178740031d885c222,False
2026-09-21T18:18:00.042402+00:00,,,64,0,0,aee134af82a2d3af3d3252fd7819f9599379a9c631c279d178740031d885c222,False
2026-09-21T18:18:01.066169+00:00,,,64,0,0,aee134af82a2d3af3d3252fd7819f9599379a9c631c279d178740031d885c222,False
2026-09-21T18:18:02.109909+00:00,,,64,0,0,aee134af82a2d3af3d3252fd7819f9599379a9c631c279d178740031d885c222,False
2026-09-21T18:18:03.142016+00:00,,,64,0,0,aee134af82a2d3af3d3252fd7819f9599379a9c631c279d178740031d885c222,False
2026-09-21T18:18:04.189029+00:00,,,64,0,0,aee134af82a2d3af3d3252fd7819f9599379a9c631c279d178740031d885c222,False
2026-09-21T18:18:05.221795+00:00,,,64,0,0,aee134af82a2d3af3d3252fd7819f9599379a9c631c279d178740031d885c222,False
2026-09-21T18:18:06.289909+00:00,,,64,0,0,aee134af82a2d3af3d3252fd7819f9599379a9c631c279d178740031d885c222,False
2026-09-21T18:18:07.348533+00:00,,,64,0,0,aee134af82a2d3af3d3252fd7819f9599379a9c631c279d178740031d885c222,False
2026-09-21T18:18:08.407905+00:00,,,64,0,0,aee134af82a2d3af3d3252fd7819f9599379a9c631c279d178740031d885c222,False
2026-09-21T18:18:09.453014+00:00,,,64,0,0,aee134af82a2d3af3d3252fd7819f9599379a9c631c279d178740031d885c222,False
2026-09-21T18:18:10.491030+00:00,,,64,0,0,aee134af82a2d3af3d3252fd7819f9599379a9c631c279d178740031d885c222,False
2026-09-21T18:18:11.507155+00:00,,,64,0,0,aee134af82a2d3af3d3252fd7819f9599379a9c631c279d178740031d885c222,False
2026-09-21T18:18:12.536035+00:00,,,64,0,0,aee134af82a2d3af3d3252fd7819f9599379a9c631c279d178740031d885c222,False
2026-09-21T18:18:13.565094+00:00,,,64,0,0,aee134af82a2d3af3d3252fd7819f9599379a9c631c279d178740031d885c222,False
2026-09-21T18:18:14.586536+00:00,,,64,0,0,aee134af82a2d3af3d3252fd7819f9599379a9c631c279d178740031d885c222,False
2026-09-21T18:18:15.628588+00:00,,,64,0,0,aee134af82a2d3af3d3252fd7819f9599379a9c631c279d178740031d885c222,False
2026-09-21T18:18:16.677486+00:00,,,64,0,0,aee134af82a2d3af3d3252fd7819f9599379a9c631c279d178740031d885c222,False
2026-09-21T18:18:17.760653+00:00,,,64,0,0,aee134af82a2d3af3d3252fd7819f9599379a9c631c279d178740031d885c222,False
2026-09-21T18:18:18.787467+00:00,,,64,0,0,aee134af82a2d3af3d3252fd7819f9599379a9c631c279d178740031d885c222,False
2026-09-21T18:18:19.830598+00:00,,,64,0,0,aee134af82a2d3af3d3252fd7819f9599379a9c631c279d178740031d885c222,False
2026-09-21T18:18:20.873927+00:00,,,64,0,0,aee134af82a2d3af3d3252fd7819f9599379a9c631c279d178740031d885c222,False
2026-09-21T18:18:21.907332+00:00,,,64,0,0,aee134af82a2d3af3d3252fd7819f9599379a9c631c279d178740031d885c222,False
2026-09-21T18:18:22.946496+00:00,,,64,0,0,aee134af82a2d3af3d3252fd7819f9599379a9c631c279d178740031d885c222,False
2026-09-21T18:18:23.974350+00:00,,,64,0,0,aee134af82a2d3af3d3252fd7819f9599379a9c631c279d178740031d885c222,False
2026-09-21T18:18:25.029766+00:00,,,64,0,0,aee134af82a2d3af3d3252fd7819f9599379a9c631c279d178740031d885c222,False
2026-09-21T18:18:26.071459+00:00,,,64,0,0,aee134af82a2d3af3d3252fd7819f9599379a9c631c279d178740031d885c222,False
2026-09-21T18:18:27.098310+00:00,,,64,0,0,aee134af82a2d3af3d3252fd7819f9599379a9c631c279d178740031d885c222,False
2026-09-21T18:18:28.198025+00:00,,,64,0,0,aee134af82a2d3af3d3252fd7819f9599379a9c631c279d178740031d885c222,False
2026-09-21T18:18:29.253202+00:00,,,64,0,0,aee134af82a2d3af3d3252fd7819f9599379a9c631c279d178740031d885c222,False
2026-09-21T18:18:30.351817+00:00,,,64,0,0,aee134af82a2d3af3d3252fd7819f9599379a9c631c279d178740031d885c222,False
2026-09-21T18:18:31.414847+00:00,,,64,0,0,aee134af82a2d3af3d3252fd7819f9599379a9c631c279d178740031d885c222,False
2026-09-21T18:18:32.493603+00:00,,,64,0,0,aee134af82a2d3af3d3252fd7819f9599379a9c631c279d178740031d885c222,False
2026-09-21T18:18:33.530118+00:00,,,64,0,0,aee134af82a2d3af3d3252fd7819f9599379a9c631c279d178740031d885c222,False
2026-09-21T18:18:34.603138+00:00,,,64,0,0,aee134af82a2d3af3d3252fd7819f9599379a9c631c279d178740031d885c222,False
2026-09-21T18:18:35.665362+00:00,,,64,0,0,aee134af82a2d3af3d3252fd7819f9599379a9c631c279d178740031d885c222,False
2026-09-21T18:18:36.719229+00:00,,,64,0,0,aee134af82a2d3af3d3252fd7819f9599379a9c631c279d178740031d885c222,False
2026-09-21T18:18:37.748512+00:00,,,64,0,0,aee134af82a2d3af3d3252fd7819f9599379a9c631c279d178740031d885c222,False
2026-09-21T18:18:38.778832+00:00,,,64,0,0,aee134af82a2d3af3d3252fd7819f9599379a9c631c279d178740031d885c222,False
2026-09-21T18:18:39.839121+00:00,,,64,0,0,aee134af82a2d3af3d3252fd7819f9599379a9c631c279d178740031d885c222,False
2026-09-21T18:18:40.881738+00:00,,,64,0,0,aee134af82a2d3af3d3252fd7819f9599379a9c631c279d178740031d885c222,False
2026-09-21T18:18:41.918007+00:00,,,64,0,0,aee134af82a2d3af3d3252fd7819f9599379a9c631c279d178740031d885c222,False
2026-09-21T18:18:42.969316+00:00,,,64,0,0,aee134af82a2d3af3d3252fd7819f9599379a9c631c279d178740031d885c222,False
2026-09-21T18:18:44.032949+00:00,,,64,0,0,aee134af82a2d3af3d3252fd7819f9599379a9c631c279d178740031d885c222,False
2026-09-21T18:18:45.071748+00:00,,,64,0,0,aee134af82a2d3af3d3252fd7819f9599379a9c631c279d178740031d885c222,False
2026-09-21T18:18:46.103657+00:00,,,64,0,0,aee134af82a2d3af3d3252fd7819f9599379a9c631c279d178740031d885c222,False
2026-09-21T18:18:47.133403+00:00,,,64,0,0,aee134af82a2d3af3d3252fd7819f9599379a9c631c279d178740031d885c222,False
2026-09-21T18:18:48.176432+00:00,,,64,0,0,aee134af82a2d3af3d3252fd7819f9599379a9c631c279d178740031d885c222,False
2026-09-21T18:18:49.202313+00:00,,,64,0,0,aee134af82a2d3af3d3252fd7819f9599379a9c631c279d178740031d885c222,False
2026-09-21T18:18:50.231749+00:00,,,64,0,0,aee134af82a2d3af3d3252fd7819f9599379a9c631c279d178740031d885c222,False
2026-09-21T18:18:51.270619+00:00,,,64,0,0,aee134af82a2d3af3d3252fd7819f9599379a9c631c279d178740031d885c222,False
2026-09-21T18:18:52.309460+00:00,,,64,0,0,aee134af82a2d3af3d3252fd7819f9599379a9c631c279d178740031d885c222,False
2026-09-21T18:18:53.364214+00:00,,,64,0,0,aee134af82a2d3af3d3252fd7819f9599379a9c631c279d178740031d885c222,False
2026-09-21T18:18:54.431745+00:00,,,64,0,0,aee134af82a2d3af3d3252fd7819f9599379a9c631c279d178740031d885c222,False
2026-09-21T18:18:55.484380+00:00,,,64,0,0,aee134af82a2d3af3d3252fd7819f9599379a9c631c279d178740031d885c222,False
2026-09-21T18:18:56.532794+00:00,,,64,0,0,aee134af82a2d3af3d3252fd7819f9599379a9c631c279d178740031d885c222,False
2026-09-21T18:18:57.590757+00:00,,,64,0,0,aee134af82a2d3af3d3252fd7819f9599379a9c631c279d178740031d885c222,False
2026-09-21T18:18:58.632647+00:00,,,64,0,0,aee134af82a2d3af3d3252fd7819f9599379a9c631c279d178740031d885c222,False
2026-09-21T18:18:59.669031+00:00,,,64,0,0,aee134af82a2d3af3d3252fd7819f9599379a9c631c279d178740031d885c222,False
2026-09-21T18:19:00.711380+00:00,,,64,0,0,aee134af82a2d3af3d3252fd7819f9599379a9c631c279d178740031d885c222,False
2026-09-21T18:19:01.775853+00:00,,,64,0,0,aee134af82a2d3af3d3252fd7819f9599379a9c631c279d178740031d885c222,False
2026-09-21T18:19:02.811876+00:00,,,64,0,0,aee134af82a2d3af3d3252fd7819f9599379a9c631c279d178740031d885c222,False
2026-09-21T18:19:03.881142+00:00,,,64,0,0,aee134af82a2d3af3d3252fd7819f9599379a9c631c279d178740031d885c222,False
2026-09-21T18:19:04.934329+00:00,,,64,0,0,aee134af82a2d3af3d3252fd7819f9599379a9c631c279d178740031d885c222,False
2026-09-21T18:19:05.994764+00:00,,,64,0,0,aee134af82a2d3af3d3252fd7819f9599379a9c631c279d178740031d885c222,False
2026-09-21T18:19:07.028397+00:00,,,64,0,0,aee134af82a2d3af3d3252fd7819f9599379a9c631c279d178740031d885c222,False
2026-09-21T18:19:08.058185+00:00,,,64,0,0,aee134af82a2d3af3d3252fd7819f9599379a9c631c279d178740031d885c222,False
2026-09-21T18:19:09.084362+00:00,,,64,0,0,aee134af82a2d3af3d3252fd7819f9599379a9c631c279d178740031d885c222,False
2026-09-21T18:19:10.118552+00:00,,,64,0,0,aee134af82a2d3af3d3252fd7819f9599379a9c631c279d178740031d885c222,False
2026-09-21T18:19:11.209077+00:00,,,64,0,0,aee134af82a2d3af3d3252fd7819f9599379a9c631c279d178740031d885c222,False
2026-09-21T18:19:12.253232+00:00,,,64,0,0,aee134af82a2d3af3d3252fd7819f9599379a9c631c279d178740031d885c222,False
2026-09-21T18:19:13.317163+00:00,,,64,0,0,aee134af82a2d3af3d3252fd7819f9599379a9c631c279d178740031d885c222,False
2026-09-21T18:19:14.381518+00:00,,,64,0,0,aee134af82a2d3af3d3252fd7819f9599379a9c631c279d178740031d885c222,False
2026-09-21T18:19:15.446248+00:00,,,64,0,0,aee134af82a2d3af3d3252fd7819f9599379a9c631c279d178740031d885c222,False
2026-09-21T18:19:16.513643+00:00,,,64,0,0,aee134af82a2d3af3d3252fd7819f9599379a9c631c279d178740031d885c222,False
2026-09-21T18:19:17.544175+00:00,,,64,0,0,aee134af82a2d3af3d3252fd7819f9599379a9c631c279d178740031d885c222,False
2026-09-21T18:19:18.587116+00:00,,,64,0,0,aee134af82a2d3af3d3252fd7819f9599379a9c631c279d178740031d885c222,False
2026-09-21T18:19:19.653248+00:00,,,64,0,0,aee134af82a2d3af3d3252fd7819f9599379a9c631c279d178740031d885c222,False
2026-09-21T18:19:20.713740+00:00,,,64,0,0,aee134af82a2d3af3d3252fd7819f9599379a9c631c279d178740031d885c222,False
2026-09-21T18:19:21.771264+00:00,,,64,0,0,aee134af82a2d3af3d3252fd7819f9599379a9c631c279d178740031d885c222,False
2026-09-21T18:19:22.796656+00:00,,,64,0,0,aee134af82a2d3af3d3252fd7819f9599379a9c631c279d178740031d885c222,False
2026-09-21T18:19:23.839462+00:00,,,64,0,0,aee134af82a2d3af3d3252fd7819f9599379a9c631c279d178740031d885c222,False
2026-09-21T18:19:24.879852+00:00,,,64,0,0,aee134af82a2d3af3d3252fd7819f9599379a9c631c279d178740031d885c222,False
2026-09-21T18:19:25.916126+00:00,,,64,0,0,aee134af82a2d3af3d3252fd7819f9599379a9c631c279d178740031d885c222,False
2026-09-21T18:19:26.953707+00:00,,,64,0,0,aee134af82a2d3af3d3252fd7819f9599379a9c631c279d178740031d885c222,False
2026-09-21T18:19:27.990188+00:00,,,64,0,0,aee134af82a2d3af3d3252fd7819f9599379a9c631c279d178740031d885c222,False
2026-09-21T18:19:29.019970+00:00,,,64,0,0,aee134af82a2d3af3d3252fd7819f9599379a9c631c279d178740031d885c222,False
2026-09-21T18:19:30.063703+00:00,,,64,0,0,aee134af82a2d3af3d3252fd7819f9599379a9c631c279d178740031d885c222,False
2026-09-21T18:19:31.090094+00:00,,,64,0,0,aee134af82a2d3af3d3252fd7819f9599379a9c631c279d178740031d885c222,False
2026-09-21T18:19:32.118154+00:00,,,64,0,0,aee134af82a2d3af3d3252fd7819f9599379a9c631c279d178740031d885c222,False
2026-09-21T18:19:33.150197+00:00,,,64,0,0,aee134af82a2d3af3d3252fd7819f9599379a9c631c279d178740031d885c222,False
2026-09-21T18:19:34.219905+00:00,,,64,0,0,aee134af82a2d3af3d3252fd7819f9599379a9c631c279d178740031d885c222,False
2026-09-21T18:19:35.275884+00:00,,,64,0,0,aee134af82a2d3af3d3252fd7819f9599379a9c631c279d178740031d885c222,False
2026-09-21T18:19:36.309556+00:00,,,64,0,0,aee134af82a2d3af3d3252fd7819f9599379a9c631c279d178740031d885c222,False
2026-09-21T18:19:37.385819+00:00,,,64,0,0,aee134af82a2d3af3d3252fd7819f9599379a9c631c279d178740031d885c222,False
2026-09-21T18:19:38.432115+00:00,,,64,0,0,aee134af82a2d3af3d3252fd7819f9599379a9c631c279d178740031d885c222,False
2026-09-21T18:19:39.495899+00:00,,,64,0,0,aee134af82a2d3af3d3252fd7819f9599379a9c631c279d178740031d885c222,False
2026-09-21T18:19:40.534699+00:00,,,64,0,0,aee134af82a2d3af3d3252fd7819f9599379a9c631c279d178740031d885c222,False
2026-09-21T18:19:41.615724+00:00,,,64,0,0,aee134af82a2d3af3d3252fd7819f9599379a9c631c279d178740031d885c222,False
2026-09-21T18:19:42.703479+00:00,,,64,0,0,aee134af82a2d3af3d3252fd7819f9599379a9c631c279d178740031d885c222,False
2026-09-21T18:19:43.744314+00:00,,,64,0,0,aee134af82a2d3af3d3252fd7819f9599379a9c631c279d178740031d885c222,False
2026-09-21T18:19:44.782809+00:00,,,64,0,0,aee134af82a2d3af3d3252fd7819f9599379a9c631c279d178740031d885c222,False
2026-09-21T18:19:45.810703+00:00,,,64,0,0,aee134af82a2d3af3d3252fd7819f9599379a9c631c279d178740031d885c222,False
2026-09-21T18:19:46.839987+00:00,,,64,0,0,aee134af82a2d3af3d3252fd7819f9599379a9c631c279d178740031d885c222,False
2026-09-21T18:19:47.887865+00:00,,,64,0,0,aee134af82a2d3af3d3252fd7819f9599379a9c631c279d178740031d885c222,False
2026-09-21T18:19:48.916312+00:00,,,64,0,0,aee134af82a2d3af3d3252fd7819f9599379a9c631c279d178740031d885c222,False
2026-09-21T18:19:49.941574+00:00,,,64,0,0,aee134af82a2d3af3d3252fd7819f9599379a9c631c279d178740031d885c222,False
2026-09-21T18:19:50.974335+00:00,,,64,0,0,aee134af82a2d3af3d3252fd7819f9599379a9c631c279d178740031d885c222,False
2026-09-21T18:19:52.011278+00:00,,,64,0,0,aee134af82a2d3af3d3252fd7819f9599379a9c631c279d178740031d885c222,False
2026-09-21T18:19:53.073526+00:00,,,64,0,0,aee134af82a2d3af3d3252fd7819f9599379a9c631c279d178740031d885c222,False
2026-09-21T18:19:54.123850+00:00,,,64,0,0,aee134af82a2d3af3d3252fd7819f9599379a9c631c279d178740031d885c222,False
2026-09-21T18:19:55.160972+00:00,,,64,0,0,aee134af82a2d3af3d3252fd7819f9599379a9c631c279d178740031d885c222,False
2026-09-21T18:19:56.189328+00:00,,,64,0,0,aee134af82a2d3af3d3252fd7819f9599379a9c631c279d178740031d885c222,False
2026-09-21T18:19:57.229690+00:00,,,64,0,0,aee134af82a2d3af3d3252fd7819f9599379a9c631c279d178740031d885c222,False
2026-09-21T18:19:58.288937+00:00,,,64,0,0,aee134af82a2d3af3d3252fd7819f9599379a9c631c279d178740031d885c222,False
2026-09-21T18:19:59.326276+00:00,,,64,0,0,aee134af82a2d3af3d3252fd7819f9599379a9c631c279d178740031d885c222,False
2026-09-21T18:20:00.360115+00:00,,,64,0,0,aee134af82a2d3af3d3252fd7819f9599379a9c631c279d178740031d885c222,False
2026-09-21T18:20:01.410619+00:00,,,64,0,0,aee134af82a2d3af3d3252fd7819f9599379a9c631c279d178740031d885c222,False
2026-09-21T18:20:02.450496+00:00,,,64,0,0,aee134af82a2d3af3d3252fd7819f9599379a9c631c279d178740031d885c222,False
2026-09-21T18:20:03.492127+00:00,,,64,0,0,aee134af82a2d3af3d3252fd7819f9599379a9c631c279d178740031d885c222,False
2026-09-21T18:20:04.515477+00:00,,,64,0,0,aee134af82a2d3af3d3252fd7819f9599379a9c631c279d178740031d885c222,False
2026-09-21T18:20:05.556324+00:00,,,64,0,0,aee134af82a2d3af3d3252fd7819f9599379a9c631c279d178740031d885c222,False
2026-09-21T18:20:06.597923+00:00,,,64,0,0,aee134af82a2d3af3d3252fd7819f9599379a9c631c279d178740031d885c222,False
2026-09-21T18:20:07.632226+00:00,,,64,0,0,aee134af82a2d3af3d3252fd7819f9599379a9c631c279d178740031d885c222,False
2026-09-21T18:20:08.683291+00:00,,,64,0,0,aee134af82a2d3af3d3252fd7819f9599379a9c631c279d178740031d885c222,False
2026-09-21T18:20:09.714687+00:00,,,64,0,0,aee134af82a2d3af3d3252fd7819f9599379a9c631c279d178740031d885c222,False
2026-09-21T18:20:10.766477+00:00,,,64,0,0,aee134af82a2d3af3d3252fd7819f9599379a9c631c279d178740031d885c222,False
2026-09-21T18:20:11.810604+00:00,,,64,0,0,aee134af82a2d3af3d3252fd7819f9599379a9c631c279d178740031d885c222,False
2026-09-21T18:20:12.846038+00:00,,,64,0,0,aee134af82a2d3af3d3252fd7819f9599379a9c631c279d178740031d885c222,False
2026-09-21T18:20:13.926242+00:00,,,64,0,0,aee134af82a2d3af3d3252fd7819f9599379a9c631c279d178740031d885c222,False
2026-09-21T18:20:14.979945+00:00,,,64,0,0,aee134af82a2d3af3d3252fd7819f9599379a9c631c279d178740031d885c222,False
2026-09-21T18:20:16.009657+00:00,,,64,0,0,aee134af82a2d3af3d3252fd7819f9599379a9c631c279d178740031d885c222,False
2026-09-21T18:20:17.060282+00:00,,,64,0,0,aee134af82a2d3af3d3252fd7819f9599379a9c631c279d178740031d885c222,False
2026-09-21T18:20:18.118196+00:00,,,64,0,0,aee134af82a2d3af3d3252fd7819f9599379a9c631c279d178740031d885c222,False
2026-09-21T18:20:19.179149+00:00,,,64,0,0,aee134af82a2d3af3d3252fd7819f9599379a9c631c279d178740031d885c222,False
2026-09-21T18:20:20.234736+00:00,,,64,0,0,aee134af82a2d3af3d3252fd7819f9599379a9c631c279d178740031d885c222,False
2026-09-21T18:20:21.272535+00:00,,,64,0,0,aee134af82a2d3af3d3252fd7819f9599379a9c631c279d178740031d885c222,False
2026-09-21T18:20:22.325766+00:00,,,64,0,0,aee134af82a2d3af3d3252fd7819f9599379a9c631c279d178740031d885c222,False
2026-09-21T18:20:23.390464+00:00,,,64,0,0,aee134af82a2d3af3d3252fd7819f9599379a9c631c279d178740031d885c222,False
2026-09-21T18:20:24.439799+00:00,,,64,0,0,aee134af82a2d3af3d3252fd7819f9599379a9c631c279d178740031d885c222,False
2026-09-21T18:20:25.511505+00:00,,,64,0,0,aee134af82a2d3af3d3252fd7819f9599379a9c631c279d178740031d885c222,False
2026-09-21T18:20:26.548329+00:00,,,64,0,0,aee134af82a2d3af3d3252fd7819f9599379a9c631c279d178740031d885c222,False
2026-09-21T18:20:27.633795+00:00,,,64,0,0,aee134af82a2d3af3d3252fd7819f9599379a9c631c279d178740031d885c222,False
2026-09-21T18:20:28.666101+00:00,,,64,0,0,aee134af82a2d3af3d3252fd7819f9599379a9c631c279d178740031d885c222,False
2026-09-21T18:20:29.695629+00:00,,,64,0,0,aee134af82a2d3af3d3252fd7819f9599379a9c631c279d178740031d885c222,False
2026-09-21T18:20:30.727660+00:00,,,64,0,0,aee134af82a2d3af3d3252fd7819f9599379a9c631c279d178740031d885c222,False
2026-09-21T18:20:31.778792+00:00,,,64,0,0,aee134af82a2d3af3d3252fd7819f9599379a9c631c279d178740031d885c222,False
2026-09-21T18:20:32.819225+00:00,,,64,0,0,aee134af82a2d3af3d3252fd7819f9599379a9c631c279d178740031d885c222,False
2026-09-21T18:20:33.850346+00:00,,,64,0,0,aee134af82a2d3af3d3252fd7819f9599379a9c631c279d178740031d885c222,False
2026-09-21T18:20:34.888377+00:00,,,64,0,0,aee134af82a2d3af3d3252fd7819f9599379a9c631c279d178740031d885c222,False
2026-09-21T18:20:35.934938+00:00,,,64,0,0,aee134af82a2d3af3d3252fd7819f9599379a9c631c279d178740031d885c222,False
2026-09-21T18:20:36.970199+00:00,,,64,0,0,aee134af82a2d3af3d3252fd7819f9599379a9c631c279d178740031d885c222,False
2026-09-21T18:20:38.001408+00:00,,,64,0,0,aee134af82a2d3af3d3252fd7819f9599379a9c631c279d178740031d885c222,False
2026-09-21T18:20:39.038032+00:00,,,64,0,0,aee134af82a2d3af3d3252fd7819f9599379a9c631c279d178740031d885c222,False
2026-09-21T18:20:40.094195+00:00,,,64,0,0,aee134af82a2d3af3d3252fd7819f9599379a9c631c279d178740031d885c222,False
2026-09-21T18:20:41.144578+00:00,,,64,0,0,aee134af82a2d3af3d3252fd7819f9599379a9c631c279d178740031d885c222,False
2026-09-21T18:20:42.190644+00:00,,,64,0,0,aee134af82a2d3af3d3252fd7819f9599379a9c631c279d178740031d885c222,False
2026-09-21T18:20:43.247952+00:00,,,64,0,0,aee134af82a2d3af3d3252fd7819f9599379a9c631c279d178740031d885c222,False
2026-09-21T18:20:44.285829+00:00,,,64,0,0,aee134af82a2d3af3d3252fd7819f9599379a9c631c279d178740031d885c222,False
2026-09-21T18:20:45.319662+00:00,,,64,0,0,aee134af82a2d3af3d3252fd7819f9599379a9c631c279d178740031d885c222,False
2026-09-21T18:20:46.372421+00:00,,,64,0,0,aee134af82a2d3af3d3252fd7819f9599379a9c631c279d178740031d885c222,False
2026-09-21T18:20:47.540950+00:00,,,64,0,0,aee134af82a2d3af3d3252fd7819f9599379a9c631c279d178740031d885c222,False
2026-09-21T18:20:48.586374+00:00,,,64,0,0,aee134af82a2d3af3d3252fd7819f9599379a9c631c279d178740031d885c222,False
2026-09-21T18:20:49.654574+00:00,,,64,0,0,aee134af82a2d3af3d3252fd7819f9599379a9c631c279d178740031d885c222,False
2026-09-21T18:20:50.681601+00:00,,,64,0,0,aee134af82a2d3af3d3252fd7819f9599379a9c631c279d178740031d885c222,False
2026-09-21T18:20:51.705593+00:00,,,64,0,0,aee134af82a2d3af3d3252fd7819f9599379a9c631c279d178740031d885c222,False
2026-09-21T18:20:52.736893+00:00,,,64,0,0,aee134af82a2d3af3d3252fd7819f9599379a9c631c279d178740031d885c222,False
2026-09-21T18:20:53.778432+00:00,,,64,0,0,aee134af82a2d3af3d3252fd7819f9599379a9c631c279d178740031d885c222,False
2026-09-21T18:20:54.867046+00:00,,,64,0,0,aee134af82a2d3af3d3252fd7819f9599379a9c631c279d178740031d885c222,False
2026-09-21T18:20:55.903193+00:00,,,64,0,0,aee134af82a2d3af3d3252fd7819f9599379a9c631c279d178740031d885c222,False
2026-09-21T18:20:56.952801+00:00,,,64,0,0,aee134af82a2d3af3d3252fd7819f9599379a9c631c279d178740031d885c222,False
2026-09-21T18:20:58.000035+00:00,,,64,0,0,aee134af82a2d3af3d3252fd7819f9599379a9c631c279d178740031d885c222,False
2026-09-21T18:20:59.033779+00:00,,,64,0,0,aee134af82a2d3af3d3252fd7819f9599379a9c631c279d178740031d885c222,False
2026-09-21T18:21:00.104291+00:00,,,64,0,0,aee134af82a2d3af3d3252fd7819f9599379a9c631c279d178740031d885c222,False
2026-09-21T18:21:01.142925+00:00,,,64,0,0,aee134af82a2d3af3d3252fd7819f9599379a9c631c279d178740031d885c222,False
2026-09-21T18:21:02.181505+00:00,,,64,0,0,aee134af82a2d3af3d3252fd7819f9599379a9c631c279d178740031d885c222,False
2026-09-21T18:21:03.230418+00:00,,,64,0,0,aee134af82a2d3af3d3252fd7819f9599379a9c631c279d178740031d885c222,False
2026-09-21T18:21:04.270406+00:00,,,64,0,0,aee134af82a2d3af3d3252fd7819f9599379a9c631c279d178740031d885c222,False
2026-09-21T18:21:05.300819+00:00,,,64,0,0,aee134af82a2d3af3d3252fd7819f9599379a9c631c279d178740031d885c222,False
2026-09-21T18:21:06.328739+00:00,,,64,0,0,aee134af82a2d3af3d3252fd7819f9599379a9c631c279d178740031d885c222,False
2026-09-21T18:21:07.434985+00:00,,,64,0,0,aee134af82a2d3af3d3252fd7819f9599379a9c631c279d178740031d885c222,False
2026-09-21T18:21:08.473206+00:00,,,64,0,0,aee134af82a2d3af3d3252fd7819f9599379a9c631c279d178740031d885c222,False
2026-09-21T18:21:09.522038+00:00,,,64,0,0,aee134af82a2d3af3d3252fd7819f9599379a9c631c279d178740031d885c222,False
2026-09-21T18:21:10.581392+00:00,,,64,0,0,aee134af82a2d3af3d3252fd7819f9599379a9c631c279d178740031d885c222,False
2026-09-21T18:21:11.642789+00:00,,,64,0,0,aee134af82a2d3af3d3252fd7819f9599379a9c631c279d178740031d885c222,False
2026-09-21T18:21:12.674911+00:00,,,64,0,0,aee134af82a2d3af3d3252fd7819f9599379a9c631c279d178740031d885c222,False
2026-09-21T18:21:13.705154+00:00,,,64,0,0,aee134af82a2d3af3d3252fd7819f9599379a9c631c279d178740031d885c222,False
2026-09-21T18:21:14.743565+00:00,,,64,0,0,aee134af82a2d3af3d3252fd7819f9599379a9c631c279d178740031d885c222,False
2026-09-21T18:21:15.804928+00:00,,,64,0,0,aee134af82a2d3af3d3252fd7819f9599379a9c631c279d178740031d885c222,False
2026-09-21T18:21:16.889764+00:00,,,64,0,0,aee134af82a2d3af3d3252fd7819f9599379a9c631c279d178740031d885c222,False
2026-09-21T18:21:17.938246+00:00,,,64,0,0,aee134af82a2d3af3d3252fd7819f9599379a9c631c279d178740031d885c222,False
2026-09-21T18:21:18.983751+00:00,,,64,0,0,aee134af82a2d3af3d3252fd7819f9599379a9c631c279d178740031d885c222,False
2026-09-21T18:21:20.028969+00:00,,,64,0,0,aee134af82a2d3af3d3252fd7819f9599379a9c631c279d178740031d885c222,False
2026-09-21T18:21:21.091878+00:00,,,64,0,0,aee134af82a2d3af3d3252fd7819f9599379a9c631c279d178740031d885c222,False
2026-09-21T18:21:22.151799+00:00,,,64,0,0,aee134af82a2d3af3d3252fd7819f9599379a9c631c279d178740031d885c222,False
2026-09-21T18:21:23.185286+00:00,,,64,0,0,aee134af82a2d3af3d3252fd7819f9599379a9c631c279d178740031d885c222,False
2026-09-21T18:21:24.244447+00:00,,,64,0,0,aee134af82a2d3af3d3252fd7819f9599379a9c631c279d178740031d885c222,False
2026-09-21T18:21:25.311098+00:00,,,64,0,0,aee134af82a2d3af3d3252fd7819f9599379a9c631c279d178740031d885c222,False
2026-09-21T18:21:26.348286+00:00,,,64,0,0,aee134af82a2d3af3d3252fd7819f9599379a9c631c279d178740031d885c222,False
2026-09-21T18:21:27.402353+00:00,,,64,0,0,aee134af82a2d3af3d3252fd7819f9599379a9c631c279d178740031d885c222,False
2026-09-21T18:21:28.462832+00:00,,,64,0,0,aee134af82a2d3af3d3252fd7819f9599379a9c631c279d178740031d885c222,False
2026-09-21T18:21:29.507311+00:00,,,64,0,0,aee134af82a2d3af3d3252fd7819f9599379a9c631c279d178740031d885c222,False
2026-09-21T18:21:30.560988+00:00,,,64,0,0,aee134af82a2d3af3d3252fd7819f9599379a9c631c279d178740031d885c222,False
2026-09-21T18:21:31.611566+00:00,,,64,0,0,aee134af82a2d3af3d3252fd7819f9599379a9c631c279d178740031d885c222,False
2026-09-21T18:21:32.663820+00:00,,,64,0,0,aee134af82a2d3af3d3252fd7819f9599379a9c631c279d178740031d885c222,False
2026-09-21T18:21:33.695899+00:00,,,64,0,0,aee134af82a2d3af3d3252fd7819f9599379a9c631c279d178740031d885c222,False
2026-09-21T18:21:34.745028+00:00,,,64,0,0,aee134af82a2d3af3d3252fd7819f9599379a9c631c279d178740031d885c222,False
2026-09-21T18:21:35.780807+00:00,,,64,0,0,aee134af82a2d3af3d3252fd7819f9599379a9c631c279d178740031d885c222,False
2026-09-21T18:21:36.822517+00:00,,,64,0,0,aee134af82a2d3af3d3252fd7819f9599379a9c631c279d178740031d885c222,False
2026-09-21T18:21:37.881301+00:00,,,64,0,0,aee134af82a2d3af3d3252fd7819f9599379a9c631c279d178740031d885c222,False
2026-09-21T18:21:38.926627+00:00,,,64,0,0,aee134af82a2d3af3d3252fd7819f9599379a9c631c279d178740031d885c222,False
2026-09-21T18:21:39.965820+00:00,,,64,0,0,aee134af82a2d3af3d3252fd7819f9599379a9c631c279d178740031d885c222,False
2026-09-21T18:21:41.029808+00:00,,,64,0,0,aee134af82a2d3af3d3252fd7819f9599379a9c631c279d178740031d885c222,False
2026-09-21T18:21:42.076159+00:00,,,64,0,0,aee134af82a2d3af3d3252fd7819f9599379a9c631c279d178740031d885c222,False
2026-09-21T18:21:43.126429+00:00,,,64,0,0,aee134af82a2d3af3d3252fd7819f9599379a9c631c279d178740031d885c222,False
2026-09-21T18:21:44.160082+00:00,,,64,0,0,aee134af82a2d3af3d3252fd7819f9599379a9c631c279d178740031d885c222,False
2026-09-21T18:21:45.208551+00:00,,,64,0,0,aee134af82a2d3af3d3252fd7819f9599379a9c631c279d178740031d885c222,False
2026-09-21T18:21:46.256614+00:00,,,64,0,0,aee134af82a2d3af3d3252fd7819f9599379a9c631c279d178740031d885c222,False
2026-09-21T18:21:47.300107+00:00,,,64,0,0,aee134af82a2d3af3d3252fd7819f9599379a9c631c279d178740031d885c222,False
2026-09-21T18:21:48.346254+00:00,,,64,0,0,aee134af82a2d3af3d3252fd7819f9599379a9c631c279d178740031d885c222,False
2026-09-21T18:21:49.390005+00:00,,,64,0,0,aee134af82a2d3af3d3252fd7819f9599379a9c631c279d178740031d885c222,False
2026-09-21T18:21:50.412486+00:00,,,64,0,0,aee134af82a2d3af3d3252fd7819f9599379a9c631c279d178740031d885c222,False
2026-09-21T18:21:51.451854+00:00,,,64,0,0,aee134af82a2d3af3d3252fd7819f9599379a9c631c279d178740031d885c222,False
2026-09-21T18:21:52.554890+00:00,,,64,0,0,aee134af82a2d3af3d3252fd7819f9599379a9c631c279d178740031d885c222,False
2026-09-21T18:21:53.602748+00:00,,,64,0,0,aee134af82a2d3af3d3252fd7819f9599379a9c631c279d178740031d885c222,False
2026-09-21T18:21:54.636256+00:00,,,64,0,0,aee134af82a2d3af3d3252fd7819f9599379a9c631c279d178740031d885c222,False
2026-09-21T18:21:55.666615+00:00,,,64,0,0,aee134af82a2d3af3d3252fd7819f9599379a9c631c279d178740031d885c222,False
2026-09-21T18:21:56.700018+00:00,,,64,0,0,aee134af82a2d3af3d3252fd7819f9599379a9c631c279d178740031d885c222,False
2026-09-21T18:21:57.735740+00:00,,,64,0,0,aee134af82a2d3af3d3252fd7819f9599379a9c631c279d178740031d885c222,False
2026-09-21T18:21:58.812296+00:00,,,64,0,0,aee134af82a2d3af3d3252fd7819f9599379a9c631c279d178740031d885c222,False
2026-09-21T18:21:59.830222+00:00,,,64,0,0,aee134af82a2d3af3d3252fd7819f9599379a9c631c279d178740031d885c222,False
2026-09-21T18:22:00.852186+00:00,,,64,0,0,aee134af82a2d3af3d3252fd7819f9599379a9c631c279d178740031d885c222,False
2026-09-21T18:22:01.898624+00:00,,,64,0,0,aee134af82a2d3af3d3252fd7819f9599379a9c631c279d178740031d885c222,False
2026-09-21T18:22:02.965386+00:00,,,64,0,0,aee134af82a2d3af3d3252fd7819f9599379a9c631c279d178740031d885c222,False
2026-09-21T18:22:04.000041+00:00,,,64,0,0,aee134af82a2d3af3d3252fd7819f9599379a9c631c279d178740031d885c222,False
2026-09-21T18:22:05.039197+00:00,,,64,0,0,aee134af82a2d3af3d3252fd7819f9599379a9c631c279d178740031d885c222,False
2026-09-21T18:22:06.108081+00:00,,,64,0,0,aee134af82a2d3af3d3252fd7819f9599379a9c631c279d178740031d885c222,False
2026-09-21T18:22:07.167116+00:00,,,64,0,0,aee134af82a2d3af3d3252fd7819f9599379a9c631c279d178740031d885c222,False
2026-09-21T18:22:08.204403+00:00,,,64,0,0,aee134af82a2d3af3d3252fd7819f9599379a9c631c279d178740031d885c222,False
2026-09-21T18:22:09.245785+00:00,,,64,0,0,aee134af82a2d3af3d3252fd7819f9599379a9c631c279d178740031d885c222,False
2026-09-21T18:22:10.301675+00:00,,,64,0,0,aee134af82a2d3af3d3252fd7819f9599379a9c631c279d178740031d885c222,False
2026-09-21T18:22:11.334797+00:00,,,64,0,0,aee134af82a2d3af3d3252fd7819f9599379a9c631c279d178740031d885c222,False
2026-09-21T18:22:12.372068+00:00,,,64,0,0,aee134af82a2d3af3d3252fd7819f9599379a9c631c279d178740031d885c222,False
2026-09-21T18:22:13.407807+00:00,,,64,0,0,aee134af82a2d3af3d3252fd7819f9599379a9c631c279d178740031d885c222,False
2026-09-21T18:22:14.473649+00:00,,,64,0,0,aee134af82a2d3af3d3252fd7819f9599379a9c631c279d178740031d885c222,False
2026-09-21T18:22:15.524406+00:00,,,64,0,0,aee134af82a2d3af3d3252fd7819f9599379a9c631c279d178740031d885c222,False
2026-09-21T18:22:16.566135+00:00,,,64,0,0,aee134af82a2d3af3d3252fd7819f9599379a9c631c279d178740031d885c222,False
2026-09-21T18:22:17.602154+00:00,,,64,0,0,aee134af82a2d3af3d3252fd7819f9599379a9c631c279d178740031d885c222,False
2026-09-21T18:22:18.631389+00:00,,,64,0,0,aee134af82a2d3af3d3252fd7819f9599379a9c631c279d178740031d885c222,False
2026-09-21T18:22:19.663806+00:00,,,64,0,0,aee134af82a2d3af3d3252fd7819f9599379a9c631c279d178740031d885c222,False
2026-09-21T18:22:20.699780+00:00,,,64,0,0,aee134af82a2d3af3d3252fd7819f9599379a9c631c279d178740031d885c222,False
2026-09-21T18:22:21.760979+00:00,,,64,0,0,aee134af82a2d3af3d3252fd7819f9599379a9c631c279d178740031d885c222,False
2026-09-21T18:22:22.828757+00:00,,,64,0,0,aee134af82a2d3af3d3252fd7819f9599379a9c631c279d178740031d885c222,False
2026-09-21T18:22:23.891402+00:00,,,64,0,0,aee134af82a2d3af3d3252fd7819f9599379a9c631c279d178740031d885c222,False
2026-09-21T18:22:24.941050+00:00,,,64,0,0,aee134af82a2d3af3d3252fd7819f9599379a9c631c279d178740031d885c222,False
2026-09-21T18:22:26.027714+00:00,,,64,0,0,aee134af82a2d3af3d3252fd7819f9599379a9c631c279d178740031d885c222,False
2026-09-21T18:22:27.070101+00:00,,,64,0,0,aee134af82a2d3af3d3252fd7819f9599379a9c631c279d178740031d885c222,False
2026-09-21T18:22:28.100842+00:00,,,64,0,0,aee134af82a2d3af3d3252fd7819f9599379a9c631c279d178740031d885c222,False
2026-09-21T18:22:29.157671+00:00,,,64,0,0,aee134af82a2d3af3d3252fd7819f9599379a9c631c279d178740031d885c222,False
2026-09-21T18:22:30.192598+00:00,,,64,0,0,aee134af82a2d3af3d3252fd7819f9599379a9c631c279d178740031d885c222,False
2026-09-21T18:22:31.231671+00:00,,,64,0,0,aee134af82a2d3af3d3252fd7819f9599379a9c631c279d178740031d885c222,False
2026-09-21T18:22:32.258785+00:00,,,64,0,0,aee134af82a2d3af3d3252fd7819f9599379a9c631c279d178740031d885c222,False
2026-09-21T18:22:33.288917+00:00,,,64,0,0,aee134af82a2d3af3d3252fd7819f9599379a9c631c279d178740031d885c222,False
2026-09-21T18:22:34.316352+00:00,,,64,0,0,aee134af82a2d3af3d3252fd7819f9599379a9c631c279d178740031d885c222,False
2026-09-21T18:22:35.339349+00:00,,,64,0,0,aee134af82a2d3af3d3252fd7819f9599379a9c631c279d178740031d885c222,False
2026-09-21T18:22:36.415579+00:00,,,64,0,0,aee134af82a2d3af3d3252fd7819f9599379a9c631c279d178740031d885c222,False
2026-09-21T18:22:37.458677+00:00,,,64,0,0,aee134af82a2d3af3d3252fd7819f9599379a9c631c279d178740031d885c222,False
2026-09-21T18:22:38.501777+00:00,,,64,0,0,aee134af82a2d3af3d3252fd7819f9599379a9c631c279d178740031d885c222,False
2026-09-21T18:22:39.557104+00:00,,,64,0,0,aee134af82a2d3af3d3252fd7819f9599379a9c631c279d178740031d885c222,False
2026-09-21T18:22:40.593271+00:00,,,64,0,0,aee134af82a2d3af3d3252fd7819f9599379a9c631c279d178740031d885c222,False
2026-09-21T18:22:41.635088+00:00,,,64,0,0,aee134af82a2d3af3d3252fd7819f9599379a9c631c279d178740031d885c222,False
2026-09-21T18:22:42.667791+00:00,,,64,0,0,aee134af82a2d3af3d3252fd7819f9599379a9c631c279d178740031d885c222,False
2026-09-21T18:22:43.744387+00:00,,,64,0,0,aee134af82a2d3af3d3252fd7819f9599379a9c631c279d178740031d885c222,False
2026-09-21T18:22:44.794100+00:00,,,64,0,0,aee134af82a2d3af3d3252fd7819f9599379a9c631c279d178740031d885c222,False
2026-09-21T18:22:45.837985+00:00,,,64,0,0,aee134af82a2d3af3d3252fd7819f9599379a9c631c279d178740031d885c222,False
2026-09-21T18:22:46.860703+00:00,,,64,0,0,aee134af82a2d3af3d3252fd7819f9599379a9c631c279d178740031d885c222,False
2026-09-21T18:22:47.912363+00:00,,,64,0,0,aee134af82a2d3af3d3252fd7819f9599379a9c631c279d178740031d885c222,False
2026-09-21T18:22:49.060426+00:00,,,64,0,0,aee134af82a2d3af3d3252fd7819f9599379a9c631c279d178740031d885c222,False
2026-09-21T18:22:50.107235+00:00,,,64,0,0,aee134af82a2d3af3d3252fd7819f9599379a9c631c279d178740031d885c222,False
2026-09-21T18:22:51.137800+00:00,,,64,0,0,aee134af82a2d3af3d3252fd7819f9599379a9c631c279d178740031d885c222,False
2026-09-21T18:22:52.216075+00:00,,,64,0,0,aee134af82a2d3af3d3252fd7819f9599379a9c631c279d178740031d885c222,False
2026-09-21T18:22:53.257725+00:00,,,64,0,0,aee134af82a2d3af3d3252fd7819f9599379a9c631c279d178740031d885c222,False
2026-09-21T18:22:54.299975+00:00,,,64,0,0,aee134af82a2d3af3d3252fd7819f9599379a9c631c279d178740031d885c222,False
2026-09-21T18:22:55.363898+00:00,,,64,0,0,aee134af82a2d3af3d3252fd7819f9599379a9c631c279d178740031d885c222,False
2026-09-21T18:22:56.446231+00:00,,,64,0,0,aee134af82a2d3af3d3252fd7819f9599379a9c631c279d178740031d885c222,False
2026-09-21T18:22:57.499910+00:00,,,64,0,0,aee134af82a2d3af3d3252fd7819f9599379a9c631c279d178740031d885c222,False
2026-09-21T18:22:58.553408+00:00,,,64,0,0,aee134af82a2d3af3d3252fd7819f9599379a9c631c279d178740031d885c222,False
2026-09-21T18:22:59.615430+00:00,,,64,0,0,aee134af82a2d3af3d3252fd7819f9599379a9c631c279d178740031d885c222,False
2026-09-21T18:23:00.646292+00:00,,,64,0,0,aee134af82a2d3af3d3252fd7819f9599379a9c631c279d178740031d885c222,False
2026-09-21T18:23:01.683337+00:00,,,64,0,0,aee134af82a2d3af3d3252fd7819f9599379a9c631c279d178740031d885c222,False
2026-09-21T18:23:02.705611+00:00,,,64,0,0,aee134af82a2d3af3d3252fd7819f9599379a9c631c279d178740031d885c222,False
2026-09-21T18:23:03.736799+00:00,,,64,0,0,aee134af82a2d3af3d3252fd7819f9599379a9c631c279d178740031d885c222,False
2026-09-21T18:23:04.793124+00:00,,,64,0,0,aee134af82a2d3af3d3252fd7819f9599379a9c631c279d178740031d885c222,False
2026-09-21T18:23:05.821053+00:00,,,64,0,0,aee134af82a2d3af3d3252fd7819f9599379a9c631c279d178740031d885c222,False
2026-09-21T18:23:06.888196+00:00,,,64,0,0,aee134af82a2d3af3d3252fd7819f9599379a9c631c279d178740031d885c222,False
2026-09-21T18:23:07.917795+00:00,,,64,0,0,aee134af82a2d3af3d3252fd7819f9599379a9c631c279d178740031d885c222,False
2026-09-21T18:23:09.091131+00:00,,,64,0,0,aee134af82a2d3af3d3252fd7819f9599379a9c631c279d178740031d885c222,False
2026-09-21T18:23:10.134787+00:00,,,64,0,0,aee134af82a2d3af3d3252fd7819f9599379a9c631c279d178740031d885c222,False
2026-09-21T18:23:11.185426+00:00,,,64,0,0,aee134af82a2d3af3d3252fd7819f9599379a9c631c279d178740031d885c222,False
2026-09-21T18:23:12.233049+00:00,,,64,0,0,aee134af82a2d3af3d3252fd7819f9599379a9c631c279d178740031d885c222,False
2026-09-21T18:23:13.308517+00:00,,,64,0,0,aee134af82a2d3af3d3252fd7819f9599379a9c631c279d178740031d885c222,False
2026-09-21T18:23:14.379700+00:00,,,64,0,0,aee134af82a2d3af3d3252fd7819f9599379a9c631c279d178740031d885c222,False
2026-09-21T18:23:15.428063+00:00,,,64,0,0,aee134af82a2d3af3d3252fd7819f9599379a9c631c279d178740031d885c222,False
2026-09-21T18:23:16.535555+00:00,,,64,0,0,aee134af82a2d3af3d3252fd7819f9599379a9c631c279d178740031d885c222,False
2026-09-21T18:23:17.608176+00:00,,,64,0,0,aee134af82a2d3af3d3252fd7819f9599379a9c631c279d178740031d885c222,False
2026-09-21T18:23:18.666452+00:00,,,64,0,0,aee134af82a2d3af3d3252fd7819f9599379a9c631c279d178740031d885c222,False
2026-09-21T18:23:19.702339+00:00,,,64,0,0,aee134af82a2d3af3d3252fd7819f9599379a9c631c279d178740031d885c222,False
2026-09-21T18:23:20.759501+00:00,,,64,0,0,aee134af82a2d3af3d3252fd7819f9599379a9c631c279d178740031d885c222,False
2026-09-21T18:23:21.801173+00:00,,,64,0,0,aee134af82a2d3af3d3252fd7819f9599379a9c631c279d178740031d885c222,False
2026-09-21T18:23:22.860555+00:00,,,64,0,0,aee134af82a2d3af3d3252fd7819f9599379a9c631c279d178740031d885c222,False
2026-09-21T18:23:23.895302+00:00,,,64,0,0,aee134af82a2d3af3d3252fd7819f9599379a9c631c279d178740031d885c222,False
2026-09-21T18:23:24.948634+00:00,,,64,0,0,aee134af82a2d3af3d3252fd7819f9599379a9c631c279d178740031d885c222,False
2026-09-21T18:23:25.988318+00:00,,,64,0,0,aee134af82a2d3af3d3252fd7819f9599379a9c631c279d178740031d885c222,False
2026-09-21T18:23:27.058008+00:00,,,64,0,0,aee134af82a2d3af3d3252fd7819f9599379a9c631c279d178740031d885c222,False
2026-09-21T18:23:28.105967+00:00,,,64,0,0,aee134af82a2d3af3d3252fd7819f9599379a9c631c279d178740031d885c222,False
2026-09-21T18:23:29.139659+00:00,,,64,0,0,aee134af82a2d3af3d3252fd7819f9599379a9c631c279d178740031d885c222,False
2026-09-21T18:23:30.204003+00:00,,,64,0,0,aee134af82a2d3af3d3252fd7819f9599379a9c631c279d178740031d885c222,False
2026-09-21T18:23:31.227317+00:00,,,64,0,0,aee134af82a2d3af3d3252fd7819f9599379a9c631c279d178740031d885c222,False
2026-09-21T18:23:32.250644+00:00,,,64,0,0,aee134af82a2d3af3d3252fd7819f9599379a9c631c279d178740031d885c222,False
2026-09-21T18:23:33.294731+00:00,,,64,0,0,aee134af82a2d3af3d3252fd7819f9599379a9c631c279d178740031d885c222,False
2026-09-21T18:23:34.349674+00:00,,,64,0,0,aee134af82a2d3af3d3252fd7819f9599379a9c631c279d178740031d885c222,False
2026-09-21T18:23:35.380521+00:00,,,64,0,0,aee134af82a2d3af3d3252fd7819f9599379a9c631c279d178740031d885c222,False
2026-09-21T18:23:36.438706+00:00,,,64,0,0,aee134af82a2d3af3d3252fd7819f9599379a9c631c279d178740031d885c222,False
2026-09-21T18:23:37.480812+00:00,,,64,0,0,aee134af82a2d3af3d3252fd7819f9599379a9c631c279d178740031d885c222,False
2026-09-21T18:23:38.518963+00:00,,,64,0,0,aee134af82a2d3af3d3252fd7819f9599379a9c631c279d178740031d885c222,False
2026-09-21T18:23:39.582203+00:00,,,64,0,0,aee134af82a2d3af3d3252fd7819f9599379a9c631c279d178740031d885c222,False
2026-09-21T18:23:40.620719+00:00,,,64,0,0,aee134af82a2d3af3d3252fd7819f9599379a9c631c279d178740031d885c222,False
2026-09-21T18:23:41.674509+00:00,,,64,0,0,aee134af82a2d3af3d3252fd7819f9599379a9c631c279d178740031d885c222,False
2026-09-21T18:23:42.718803+00:00,,,64,0,0,aee134af82a2d3af3d3252fd7819f9599379a9c631c279d178740031d885c222,False
2026-09-21T18:23:43.756786+00:00,,,64,0,0,aee134af82a2d3af3d3252fd7819f9599379a9c631c279d178740031d885c222,False
2026-09-21T18:23:44.800045+00:00,,,64,0,0,aee134af82a2d3af3d3252fd7819f9599379a9c631c279d178740031d885c222,False
2026-09-21T18:23:45.838437+00:00,,,64,0,0,aee134af82a2d3af3d3252fd7819f9599379a9c631c279d178740031d885c222,False
2026-09-21T18:23:46.881321+00:00,,,64,0,0,aee134af82a2d3af3d3252fd7819f9599379a9c631c279d178740031d885c222,False
2026-09-21T18:23:47.921491+00:00,,,64,0,0,aee134af82a2d3af3d3252fd7819f9599379a9c631c279d178740031d885c222,False
2026-09-21T18:23:48.956214+00:00,,,64,0,0,aee134af82a2d3af3d3252fd7819f9599379a9c631c279d178740031d885c222,False
2026-09-21T18:23:49.991270+00:00,,,64,0,0,aee134af82a2d3af3d3252fd7819f9599379a9c631c279d178740031d885c222,False
2026-09-21T18:23:51.028649+00:00,,,64,0,0,aee134af82a2d3af3d3252fd7819f9599379a9c631c279d178740031d885c222,False
2026-09-21T18:23:52.060110+00:00,,,64,0,0,aee134af82a2d3af3d3252fd7819f9599379a9c631c279d178740031d885c222,False
2026-09-21T18:23:53.096692+00:00,,,64,0,0,aee134af82a2d3af3d3252fd7819f9599379a9c631c279d178740031d885c222,False
2026-09-21T18:23:54.133023+00:00,,,64,0,0,aee134af82a2d3af3d3252fd7819f9599379a9c631c279d178740031d885c222,False
2026-09-21T18:23:55.185592+00:00,,,64,0,0,aee134af82a2d3af3d3252fd7819f9599379a9c631c279d178740031d885c222,False
2026-09-21T18:23:56.233762+00:00,,,64,0,0,aee134af82a2d3af3d3252fd7819f9599379a9c631c279d178740031d885c222,False
2026-09-21T18:23:57.267734+00:00,,,64,0,0,aee134af82a2d3af3d3252fd7819f9599379a9c631c279d178740031d885c222,False
2026-09-21T18:23:58.327067+00:00,,,64,0,0,aee134af82a2d3af3d3252fd7819f9599379a9c631c279d178740031d885c222,False
2026-09-21T18:23:59.384048+00:00,,,64,0,0,aee134af82a2d3af3d3252fd7819f9599379a9c631c279d178740031d885c222,False
2026-09-21T18:24:00.417881+00:00,,,64,0,0,aee134af82a2d3af3d3252fd7819f9599379a9c631c279d178740031d885c222,False
2026-09-21T18:24:01.449760+00:00,,,64,0,0,aee134af82a2d3af3d3252fd7819f9599379a9c631c279d178740031d885c222,False
2026-09-21T18:24:02.489527+00:00,,,64,0,0,aee134af82a2d3af3d3252fd7819f9599379a9c631c279d178740031d885c222,False
2026-09-21T18:24:03.533563+00:00,,,64,0,0,aee134af82a2d3af3d3252fd7819f9599379a9c631c279d178740031d885c222,False
2026-09-21T18:24:04.595754+00:00,,,64,0,0,aee134af82a2d3af3d3252fd7819f9599379a9c631c279d178740031d885c222,False
2026-09-21T18:24:05.656704+00:00,,,64,0,0,aee134af82a2d3af3d3252fd7819f9599379a9c631c279d178740031d885c222,False
2026-09-21T18:24:06.699847+00:00,,,64,0,0,aee134af82a2d3af3d3252fd7819f9599379a9c631c279d178740031d885c222,False
2026-09-21T18:24:07.774989+00:00,,,64,0,0,aee134af82a2d3af3d3252fd7819f9599379a9c631c279d178740031d885c222,False
2026-09-21T18:24:08.809755+00:00,,,64,0,0,aee134af82a2d3af3d3252fd7819f9599379a9c631c279d178740031d885c222,False
2026-09-21T18:24:09.851048+00:00,,,64,0,0,aee134af82a2d3af3d3252fd7819f9599379a9c631c279d178740031d885c222,False
2026-09-21T18:24:10.887407+00:00,,,64,0,0,aee134af82a2d3af3d3252fd7819f9599379a9c631c279d178740031d885c222,False
2026-09-21T18:24:11.927760+00:00,,,64,0,0,aee134af82a2d3af3d3252fd7819f9599379a9c631c279d178740031d885c222,False
2026-09-21T18:24:13.010393+00:00,,,64,0,0,aee134af82a2d3af3d3252fd7819f9599379a9c631c279d178740031d885c222,False
2026-09-21T18:24:14.043294+00:00,,,64,0,0,aee134af82a2d3af3d3252fd7819f9599379a9c631c279d178740031d885c222,False
2026-09-21T18:24:15.066433+00:00,,,64,0,0,aee134af82a2d3af3d3252fd7819f9599379a9c631c279d178740031d885c222,False
2026-09-21T18:24:16.097171+00:00,,,64,0,0,aee134af82a2d3af3d3252fd7819f9599379a9c631c279d178740031d885c222,False
2026-09-21T18:24:17.150013+00:00,,,64,0,0,aee134af82a2d3af3d3252fd7819f9599379a9c631c279d178740031d885c222,False
2026-09-21T18:24:18.200392+00:00,,,64,0,0,aee134af82a2d3af3d3252fd7819f9599379a9c631c279d178740031d885c222,False
2026-09-21T18:24:19.217093+00:00,,,64,0,0,aee134af82a2d3af3d3252fd7819f9599379a9c631c279d178740031d885c222,False
2026-09-21T18:24:20.247337+00:00,,,64,0,0,aee134af82a2d3af3d3252fd7819f9599379a9c631c279d178740031d885c222,False
2026-09-21T18:24:21.269477+00:00,,,64,0,0,aee134af82a2d3af3d3252fd7819f9599379a9c631c279d178740031d885c222,False
2026-09-21T18:24:22.340949+00:00,,,64,0,0,aee134af82a2d3af3d3252fd7819f9599379a9c631c279d178740031d885c222,False
2026-09-21T18:24:23.373109+00:00,,,64,0,0,aee134af82a2d3af3d3252fd7819f9599379a9c631c279d178740031d885c222,False
2026-09-21T18:24:24.422912+00:00,,,64,0,0,aee134af82a2d3af3d3252fd7819f9599379a9c631c279d178740031d885c222,False
2026-09-21T18:24:25.461320+00:00,,,64,0,0,aee134af82a2d3af3d3252fd7819f9599379a9c631c279d178740031d885c222,False
2026-09-21T18:24:26.500448+00:00,,,64,0,0,aee134af82a2d3af3d3252fd7819f9599379a9c631c279d178740031d885c222,False
2026-09-21T18:24:27.553323+00:00,,,64,0,0,aee134af82a2d3af3d3252fd7819f9599379a9c631c279d178740031d885c222,False
2026-09-21T18:24:28.603803+00:00,,,64,0,0,aee134af82a2d3af3d3252fd7819f9599379a9c631c279d178740031d885c222,False
2026-09-21T18:24:29.656074+00:00,,,64,0,0,aee134af82a2d3af3d3252fd7819f9599379a9c631c279d178740031d885c222,False
2026-09-21T18:24:30.685788+00:00,,,64,0,0,aee134af82a2d3af3d3252fd7819f9599379a9c631c279d178740031d885c222,False
2026-09-21T18:24:31.716204+00:00,,,64,0,0,aee134af82a2d3af3d3252fd7819f9599379a9c631c279d178740031d885c222,False
2026-09-21T18:24:32.747127+00:00,,,64,0,0,aee134af82a2d3af3d3252fd7819f9599379a9c631c279d178740031d885c222,False
2026-09-21T18:24:33.769163+00:00,,,64,0,0,aee134af82a2d3af3d3252fd7819f9599379a9c631c279d178740031d885c222,False
2026-09-21T18:24:34.816188+00:00,,,64,0,0,aee134af82a2d3af3d3252fd7819f9599379a9c631c279d178740031d885c222,False
2026-09-21T18:24:35.854022+00:00,,,64,0,0,aee134af82a2d3af3d3252fd7819f9599379a9c631c279d178740031d885c222,False
2026-09-21T18:24:36.904266+00:00,,,64,0,0,aee134af82a2d3af3d3252fd7819f9599379a9c631c279d178740031d885c222,False
2026-09-21T18:24:37.957909+00:00,,,64,0,0,aee134af82a2d3af3d3252fd7819f9599379a9c631c279d178740031d885c222,False
2026-09-21T18:24:39.020512+00:00,,,64,0,0,aee134af82a2d3af3d3252fd7819f9599379a9c631c279d178740031d885c222,False
2026-09-21T18:24:40.069679+00:00,,,64,0,0,aee134af82a2d3af3d3252fd7819f9599379a9c631c279d178740031d885c222,False
2026-09-21T18:24:41.109683+00:00,,,64,0,0,aee134af82a2d3af3d3252fd7819f9599379a9c631c279d178740031d885c222,False
2026-09-21T18:24:42.143230+00:00,,,64,0,0,aee134af82a2d3af3d3252fd7819f9599379a9c631c279d178740031d885c222,False
2026-09-21T18:24:43.160392+00:00,,,64,0,0,aee134af82a2d3af3d3252fd7819f9599379a9c631c279d178740031d885c222,False
2026-09-21T18:24:44.195351+00:00,,,64,0,0,aee134af82a2d3af3d3252fd7819f9599379a9c631c279d178740031d885c222,False
2026-09-21T18:24:45.225133+00:00,,,64,0,0,aee134af82a2d3af3d3252fd7819f9599379a9c631c279d178740031d885c222,False
2026-09-21T18:24:46.253575+00:00,,,64,0,0,aee134af82a2d3af3d3252fd7819f9599379a9c631c279d178740031d885c222,False
2026-09-21T18:24:47.273603+00:00,,,64,0,0,aee134af82a2d3af3d3252fd7819f9599379a9c631c279d178740031d885c222,False
2026-09-21T18:24:48.309513+00:00,,,64,0,0,aee134af82a2d3af3d3252fd7819f9599379a9c631c279d178740031d885c222,False
2026-09-21T18:24:49.354450+00:00,,,64,0,0,aee134af82a2d3af3d3252fd7819f9599379a9c631c279d178740031d885c222,False
2026-09-21T18:24:50.393090+00:00,,,64,0,0,aee134af82a2d3af3d3252fd7819f9599379a9c631c279d178740031d885c222,False
2026-09-21T18:24:51.418883+00:00,,,64,0,0,aee134af82a2d3af3d3252fd7819f9599379a9c631c279d178740031d885c222,False
2026-09-21T18:24:52.477055+00:00,,,64,0,0,aee134af82a2d3af3d3252fd7819f9599379a9c631c279d178740031d885c222,False
2026-09-21T18:24:53.528864+00:00,,,64,0,0,aee134af82a2d3af3d3252fd7819f9599379a9c631c279d178740031d885c222,False
2026-09-21T18:24:54.563895+00:00,,,64,0,0,aee134af82a2d3af3d3252fd7819f9599379a9c631c279d178740031d885c222,False
2026-09-21T18:24:55.592866+00:00,,,64,0,0,aee134af82a2d3af3d3252fd7819f9599379a9c631c279d178740031d885c222,False
2026-09-21T18:24:56.626882+00:00,,,64,0,0,aee134af82a2d3af3d3252fd7819f9599379a9c631c279d178740031d885c222,False
2026-09-21T18:24:57.682526+00:00,,,64,0,0,aee134af82a2d3af3d3252fd7819f9599379a9c631c279d178740031d885c222,False
2026-09-21T18:24:58.755615+00:00,,,64,0,0,aee134af82a2d3af3d3252fd7819f9599379a9c631c279d178740031d885c222,False
2026-09-21T18:24:59.810381+00:00,,,64,0,0,aee134af82a2d3af3d3252fd7819f9599379a9c631c279d178740031d885c222,False
2026-09-21T18:25:00.855111+00:00,,,64,0,0,aee134af82a2d3af3d3252fd7819f9599379a9c631c279d178740031d885c222,False
2026-09-21T18:25:01.906953+00:00,,,64,0,0,aee134af82a2d3af3d3252fd7819f9599379a9c631c279d178740031d885c222,False
2026-09-21T18:25:02.954898+00:00,,,64,0,0,aee134af82a2d3af3d3252fd7819f9599379a9c631c279d178740031d885c222,False
2026-09-21T18:25:03.985756+00:00,,,64,0,0,aee134af82a2d3af3d3252fd7819f9599379a9c631c279d178740031d885c222,False
2026-09-21T18:25:05.019071+00:00,,,64,0,0,aee134af82a2d3af3d3252fd7819f9599379a9c631c279d178740031d885c222,False
2026-09-21T18:25:06.071977+00:00,,,64,0,0,aee134af82a2d3af3d3252fd7819f9599379a9c631c279d178740031d885c222,False
2026-09-21T18:25:07.129868+00:00,,,64,0,0,aee134af82a2d3af3d3252fd7819f9599379a9c631c279d178740031d885c222,False
2026-09-21T18:25:08.173707+00:00,,,64,0,0,aee134af82a2d3af3d3252fd7819f9599379a9c631c279d178740031d885c222,False
2026-09-21T18:25:09.217442+00:00,,,64,0,0,aee134af82a2d3af3d3252fd7819f9599379a9c631c279d178740031d885c222,False
2026-09-21T18:25:10.284076+00:00,,,64,0,0,aee134af82a2d3af3d3252fd7819f9599379a9c631c279d178740031d885c222,False
2026-09-21T18:25:11.336508+00:00,,,64,0,0,aee134af82a2d3af3d3252fd7819f9599379a9c631c279d178740031d885c222,False
2026-09-21T18:25:12.383805+00:00,,,64,0,0,aee134af82a2d3af3d3252fd7819f9599379a9c631c279d178740031d885c222,False
2026-09-21T18:25:13.536266+00:00,,,64,0,0,aee134af82a2d3af3d3252fd7819f9599379a9c631c279d178740031d885c222,False
2026-09-21T18:25:14.576474+00:00,,,64,0,0,aee134af82a2d3af3d3252fd7819f9599379a9c631c279d178740031d885c222,False
2026-09-21T18:25:15.637540+00:00,,,64,0,0,aee134af82a2d3af3d3252fd7819f9599379a9c631c279d178740031d885c222,False
2026-09-21T18:25:16.675562+00:00,,,64,0,0,aee134af82a2d3af3d3252fd7819f9599379a9c631c279d178740031d885c222,False
2026-09-21T18:25:17.701061+00:00,,,64,0,0,aee134af82a2d3af3d3252fd7819f9599379a9c631c279d178740031d885c222,False
2026-09-21T18:25:18.742959+00:00,,,64,0,0,aee134af82a2d3af3d3252fd7819f9599379a9c631c279d178740031d885c222,False
2026-09-21T18:25:19.786168+00:00,,,64,0,0,aee134af82a2d3af3d3252fd7819f9599379a9c631c279d178740031d885c222,False
2026-09-21T18:25:20.809461+00:00,,,64,0,0,aee134af82a2d3af3d3252fd7819f9599379a9c631c279d178740031d885c222,False
2026-09-21T18:25:21.841105+00:00,,,64,0,0,aee134af82a2d3af3d3252fd7819f9599379a9c631c279d178740031d885c222,False
2026-09-21T18:25:22.882501+00:00,,,64,0,0,aee134af82a2d3af3d3252fd7819f9599379a9c631c279d178740031d885c222,False
2026-09-21T18:25:23.962858+00:00,,,64,0,0,aee134af82a2d3af3d3252fd7819f9599379a9c631c279d178740031d885c222,False
2026-09-21T18:25:25.025516+00:00,,,64,0,0,aee134af82a2d3af3d3252fd7819f9599379a9c631c279d178740031d885c222,False
2026-09-21T18:25:26.092419+00:00,,,64,0,0,aee134af82a2d3af3d3252fd7819f9599379a9c631c279d178740031d885c222,False
2026-09-21T18:25:27.117163+00:00,,,64,0,0,aee134af82a2d3af3d3252fd7819f9599379a9c631c279d178740031d885c222,False
2026-09-21T18:25:28.159305+00:00,,,64,0,0,aee134af82a2d3af3d3252fd7819f9599379a9c631c279d178740031d885c222,False
2026-09-21T18:25:29.212943+00:00,,,64,0,0,aee134af82a2d3af3d3252fd7819f9599379a9c631c279d178740031d885c222,False
2026-09-21T18:25:30.286135+00:00,,,64,0,0,aee134af82a2d3af3d3252fd7819f9599379a9c631c279d178740031d885c222,False
2026-09-21T18:25:31.335694+00:00,,,64,0,0,aee134af82a2d3af3d3252fd7819f9599379a9c631c279d178740031d885c222,False
2026-09-21T18:25:32.388835+00:00,,,64,0,0,aee134af82a2d3af3d3252fd7819f9599379a9c631c279d178740031d885c222,False
2026-09-21T18:25:33.416079+00:00,,,64,0,0,aee134af82a2d3af3d3252fd7819f9599379a9c631c279d178740031d885c222,False
2026-09-21T18:25:34.454368+00:00,,,64,0,0,aee134af82a2d3af3d3252fd7819f9599379a9c631c279d178740031d885c222,False
2026-09-21T18:25:35.502387+00:00,,,64,0,0,aee134af82a2d3af3d3252fd7819f9599379a9c631c279d178740031d885c222,False
2026-09-21T18:25:36.561967+00:00,,,64,0,0,aee134af82a2d3af3d3252fd7819f9599379a9c631c279d178740031d885c222,False
2026-09-21T18:25:37.625708+00:00,,,64,0,0,aee134af82a2d3af3d3252fd7819f9599379a9c631c279d178740031d885c222,False
2026-09-21T18:25:38.691140+00:00,,,64,0,0,aee134af82a2d3af3d3252fd7819f9599379a9c631c279d178740031d885c222,False
2026-09-21T18:25:39.761552+00:00,,,64,0,0,aee134af82a2d3af3d3252fd7819f9599379a9c631c279d178740031d885c222,False
2026-09-21T18:25:40.807870+00:00,,,64,0,0,aee134af82a2d3af3d3252fd7819f9599379a9c631c279d178740031d885c222,False
2026-09-21T18:25:41.850781+00:00,,,64,0,0,aee134af82a2d3af3d3252fd7819f9599379a9c631c279d178740031d885c222,False
2026-09-21T18:25:42.899165+00:00,,,64,0,0,aee134af82a2d3af3d3252fd7819f9599379a9c631c279d178740031d885c222,False
2026-09-21T18:25:43.999657+00:00,,,64,0,0,aee134af82a2d3af3d3252fd7819f9599379a9c631c279d178740031d885c222,False
2026-09-21T18:25:45.045265+00:00,,,64,0,0,aee134af82a2d3af3d3252fd7819f9599379a9c631c279d178740031d885c222,False
2026-09-21T18:25:46.082579+00:00,,,64,0,0,aee134af82a2d3af3d3252fd7819f9599379a9c631c279d178740031d885c222,False
2026-09-21T18:25:47.155803+00:00,,,64,0,0,aee134af82a2d3af3d3252fd7819f9599379a9c631c279d178740031d885c222,False
2026-09-21T18:25:48.180579+00:00,,,64,0,0,aee134af82a2d3af3d3252fd7819f9599379a9c631c279d178740031d885c222,False
2026-09-21T18:25:49.253097+00:00,,,64,0,0,aee134af82a2d3af3d3252fd7819f9599379a9c631c279d178740031d885c222,False
2026-09-21T18:25:50.321286+00:00,,,64,0,0,aee134af82a2d3af3d3252fd7819f9599379a9c631c279d178740031d885c222,False
2026-09-21T18:25:51.552346+00:00,,,64,0,0,aee134af82a2d3af3d3252fd7819f9599379a9c631c279d178740031d885c222,False
2026-09-21T18:25:52.626222+00:00,,,64,0,0,aee134af82a2d3af3d3252fd7819f9599379a9c631c279d178740031d885c222,False
2026-09-21T18:25:53.690075+00:00,,,64,0,0,aee134af82a2d3af3d3252fd7819f9599379a9c631c279d178740031d885c222,False
2026-09-21T18:25:54.746146+00:00,,,64,0,0,aee134af82a2d3af3d3252fd7819f9599379a9c631c279d178740031d885c222,False
2026-09-21T18:25:55.796352+00:00,,,64,0,0,aee134af82a2d3af3d3252fd7819f9599379a9c631c279d178740031d885c222,False
2026-09-21T18:25:56.838384+00:00,,,64,0,0,aee134af82a2d3af3d3252fd7819f9599379a9c631c279d178740031d885c222,False
2026-09-21T18:25:57.870162+00:00,,,64,0,0,aee134af82a2d3af3d3252fd7819f9599379a9c631c279d178740031d885c222,False
2026-09-21T18:25:58.925922+00:00,,,64,0,0,aee134af82a2d3af3d3252fd7819f9599379a9c631c279d178740031d885c222,False
2026-09-21T18:25:59.985140+00:00,,,64,0,0,aee134af82a2d3af3d3252fd7819f9599379a9c631c279d178740031d885c222,False
2026-09-21T18:26:01.071098+00:00,,,64,0,0,aee134af82a2d3af3d3252fd7819f9599379a9c631c279d178740031d885c222,False
2026-09-21T18:26:02.125946+00:00,,,64,0,0,aee134af82a2d3af3d3252fd7819f9599379a9c631c279d178740031d885c222,False
2026-09-21T18:26:03.168539+00:00,,,64,0,0,aee134af82a2d3af3d3252fd7819f9599379a9c631c279d178740031d885c222,False
2026-09-21T18:26:04.212790+00:00,,,64,0,0,aee134af82a2d3af3d3252fd7819f9599379a9c631c279d178740031d885c222,False
2026-09-21T18:26:05.257572+00:00,,,64,0,0,aee134af82a2d3af3d3252fd7819f9599379a9c631c279d178740031d885c222,False
2026-09-21T18:26:06.315444+00:00,,,64,0,0,aee134af82a2d3af3d3252fd7819f9599379a9c631c279d178740031d885c222,False
2026-09-21T18:26:07.374117+00:00,,,64,0,0,aee134af82a2d3af3d3252fd7819f9599379a9c631c279d178740031d885c222,False
2026-09-21T18:26:08.434857+00:00,,,64,0,0,aee134af82a2d3af3d3252fd7819f9599379a9c631c279d178740031d885c222,False
2026-09-21T18:26:09.488944+00:00,,,64,0,0,aee134af82a2d3af3d3252fd7819f9599379a9c631c279d178740031d885c222,False
2026-09-21T18:26:10.530300+00:00,,,64,0,0,aee134af82a2d3af3d3252fd7819f9599379a9c631c279d178740031d885c222,False
2026-09-21T18:26:11.567630+00:00,,,64,0,0,aee134af82a2d3af3d3252fd7819f9599379a9c631c279d178740031d885c222,False
2026-09-21T18:26:12.605094+00:00,,,64,0,0,aee134af82a2d3af3d3252fd7819f9599379a9c631c279d178740031d885c222,False
2026-09-21T18:26:13.654280+00:00,,,64,0,0,aee134af82a2d3af3d3252fd7819f9599379a9c631c279d178740031d885c222,False
2026-09-21T18:26:14.717736+00:00,,,64,0,0,aee134af82a2d3af3d3252fd7819f9599379a9c631c279d178740031d885c222,False
2026-09-21T18:26:15.763443+00:00,,,64,0,0,aee134af82a2d3af3d3252fd7819f9599379a9c631c279d178740031d885c222,False
2026-09-21T18:26:16.817123+00:00,,,64,0,0,aee134af82a2d3af3d3252fd7819f9599379a9c631c279d178740031d885c222,False
2026-09-21T18:26:17.851699+00:00,,,64,0,0,aee134af82a2d3af3d3252fd7819f9599379a9c631c279d178740031d885c222,False
2026-09-21T18:26:18.896744+00:00,,,64,0,0,aee134af82a2d3af3d3252fd7819f9599379a9c631c279d178740031d885c222,False
2026-09-21T18:26:19.938468+00:00,,,64,0,0,aee134af82a2d3af3d3252fd7819f9599379a9c631c279d178740031d885c222,False
2026-09-21T18:26:20.981581+00:00,,,64,0,0,aee134af82a2d3af3d3252fd7819f9599379a9c631c279d178740031d885c222,False
2026-09-21T18:26:22.061127+00:00,,,64,0,0,aee134af82a2d3af3d3252fd7819f9599379a9c631c279d178740031d885c222,False
2026-09-21T18:26:23.115575+00:00,,,64,0,0,aee134af82a2d3af3d3252fd7819f9599379a9c631c279d178740031d885c222,False
2026-09-21T18:26:24.164433+00:00,,,64,0,0,aee134af82a2d3af3d3252fd7819f9599379a9c631c279d178740031d885c222,False
2026-09-21T18:26:25.225035+00:00,,,64,0,0,aee134af82a2d3af3d3252fd7819f9599379a9c631c279d178740031d885c222,False
2026-09-21T18:26:26.268879+00:00,,,64,0,0,aee134af82a2d3af3d3252fd7819f9599379a9c631c279d178740031d885c222,False
2026-09-21T18:26:27.316324+00:00,,,64,0,0,aee134af82a2d3af3d3252fd7819f9599379a9c631c279d178740031d885c222,False
2026-09-21T18:26:28.339986+00:00,,,64,0,0,aee134af82a2d3af3d3252fd7819f9599379a9c631c279d178740031d885c222,False
2026-09-21T18:26:29.409940+00:00,,,64,0,0,aee134af82a2d3af3d3252fd7819f9599379a9c631c279d178740031d885c222,False
2026-09-21T18:26:30.476720+00:00,,,64,0,0,aee134af82a2d3af3d3252fd7819f9599379a9c631c279d178740031d885c222,False
2026-09-21T18:26:31.523045+00:00,,,64,0,0,aee134af82a2d3af3d3252fd7819f9599379a9c631c279d178740031d885c222,False
2026-09-21T18:26:32.568348+00:00,,,64,0,0,aee134af82a2d3af3d3252fd7819f9599379a9c631c279d178740031d885c222,False
2026-09-21T18:26:33.612277+00:00,,,64,0,0,aee134af82a2d3af3d3252fd7819f9599379a9c631c279d178740031d885c222,False
2026-09-21T18:26:34.659304+00:00,,,64,0,0,aee134af82a2d3af3d3252fd7819f9599379a9c631c279d178740031d885c222,False
2026-09-21T18:26:35.720170+00:00,,,64,0,0,aee134af82a2d3af3d3252fd7819f9599379a9c631c279d178740031d885c222,False
2026-09-21T18:26:36.776523+00:00,,,64,0,0,aee134af82a2d3af3d3252fd7819f9599379a9c631c279d178740031d885c222,False
2026-09-21T18:26:37.808935+00:00,,,64,0,0,aee134af82a2d3af3d3252fd7819f9599379a9c631c279d178740031d885c222,False
2026-09-21T18:26:38.852115+00:00,,,64,0,0,aee134af82a2d3af3d3252fd7819f9599379a9c631c279d178740031d885c222,False
2026-09-21T18:26:39.885452+00:00,,,64,0,0,aee134af82a2d3af3d3252fd7819f9599379a9c631c279d178740031d885c222,False
2026-09-21T18:26:40.936807+00:00,,,64,0,0,aee134af82a2d3af3d3252fd7819f9599379a9c631c279d178740031d885c222,False
2026-09-21T18:26:41.967325+00:00,,,64,0,0,aee134af82a2d3af3d3252fd7819f9599379a9c631c279d178740031d885c222,False
2026-09-21T18:26:43.018881+00:00,,,64,0,0,aee134af82a2d3af3d3252fd7819f9599379a9c631c279d178740031d885c222,False
2026-09-21T18:26:44.085046+00:00,,,64,0,0,aee134af82a2d3af3d3252fd7819f9599379a9c631c279d178740031d885c222,False
2026-09-21T18:26:45.141036+00:00,,,64,0,0,aee134af82a2d3af3d3252fd7819f9599379a9c631c279d178740031d885c222,False
2026-09-21T18:26:46.184924+00:00,,,64,0,0,aee134af82a2d3af3d3252fd7819f9599379a9c631c279d178740031d885c222,False
2026-09-21T18:26:47.213796+00:00,,,64,0,0,aee134af82a2d3af3d3252fd7819f9599379a9c631c279d178740031d885c222,False
2026-09-21T18:26:48.252230+00:00,,,64,0,0,aee134af82a2d3af3d3252fd7819f9599379a9c631c279d178740031d885c222,False
2026-09-21T18:26:49.291709+00:00,,,64,0,0,aee134af82a2d3af3d3252fd7819f9599379a9c631c279d178740031d885c222,False
2026-09-21T18:26:50.333351+00:00,,,64,0,0,aee134af82a2d3af3d3252fd7819f9599379a9c631c279d178740031d885c222,False
2026-09-21T18:26:51.379245+00:00,,,64,0,0,aee134af82a2d3af3d3252fd7819f9599379a9c631c279d178740031d885c222,False
2026-09-21T18:26:52.443486+00:00,,,64,0,0,aee134af82a2d3af3d3252fd7819f9599379a9c631c279d178740031d885c222,False
2026-09-21T18:26:53.492879+00:00,,,64,0,0,aee134af82a2d3af3d3252fd7819f9599379a9c631c279d178740031d885c222,False
2026-09-21T18:26:54.534582+00:00,,,64,0,0,aee134af82a2d3af3d3252fd7819f9599379a9c631c279d178740031d885c222,False
2026-09-21T18:26:55.609098+00:00,,,64,0,0,aee134af82a2d3af3d3252fd7819f9599379a9c631c279d178740031d885c222,False
2026-09-21T18:26:56.641998+00:00,,,64,0,0,aee134af82a2d3af3d3252fd7819f9599379a9c631c279d178740031d885c222,False
2026-09-21T18:26:57.681271+00:00,,,64,0,0,aee134af82a2d3af3d3252fd7819f9599379a9c631c279d178740031d885c222,False
2026-09-21T18:26:58.723042+00:00,,,64,0,0,aee134af82a2d3af3d3252fd7819f9599379a9c631c279d178740031d885c222,False
2026-09-21T18:26:59.772560+00:00,,,64,0,0,aee134af82a2d3af3d3252fd7819f9599379a9c631c279d178740031d885c222,False
2026-09-21T18:27:00.833629+00:00,,,64,0,0,aee134af82a2d3af3d3252fd7819f9599379a9c631c279d178740031d885c222,False
2026-09-21T18:27:01.903811+00:00,,,64,0,0,aee134af82a2d3af3d3252fd7819f9599379a9c631c279d178740031d885c222,False
2026-09-21T18:27:02.959997+00:00,,,64,0,0,aee134af82a2d3af3d3252fd7819f9599379a9c631c279d178740031d885c222,False
2026-09-21T18:27:03.994821+00:00,,,64,0,0,aee134af82a2d3af3d3252fd7819f9599379a9c631c279d178740031d885c222,False
2026-09-21T18:27:05.077756+00:00,,,64,0,0,aee134af82a2d3af3d3252fd7819f9599379a9c631c279d178740031d885c222,False
2026-09-21T18:27:06.121104+00:00,,,64,0,0,aee134af82a2d3af3d3252fd7819f9599379a9c631c279d178740031d885c222,False
2026-09-21T18:27:07.158836+00:00,,,64,0,0,aee134af82a2d3af3d3252fd7819f9599379a9c631c279d178740031d885c222,False
2026-09-21T18:27:08.260993+00:00,,,64,0,0,aee134af82a2d3af3d3252fd7819f9599379a9c631c279d178740031d885c222,False
2026-09-21T18:27:09.296850+00:00,,,64,0,0,aee134af82a2d3af3d3252fd7819f9599379a9c631c279d178740031d885c222,False
2026-09-21T18:27:10.339315+00:00,,,64,0,0,aee134af82a2d3af3d3252fd7819f9599379a9c631c279d178740031d885c222,False
2026-09-21T18:27:11.379364+00:00,,,64,0,0,aee134af82a2d3af3d3252fd7819f9599379a9c631c279d178740031d885c222,False
2026-09-21T18:27:12.438016+00:00,,,64,0,0,aee134af82a2d3af3d3252fd7819f9599379a9c631c279d178740031d885c222,False
2026-09-21T18:27:13.493860+00:00,,,64,0,0,aee134af82a2d3af3d3252fd7819f9599379a9c631c279d178740031d885c222,False
2026-09-21T18:27:14.563050+00:00,,,64,0,0,aee134af82a2d3af3d3252fd7819f9599379a9c631c279d178740031d885c222,False
2026-09-21T18:27:15.769813+00:00,,,64,0,0,aee134af82a2d3af3d3252fd7819f9599379a9c631c279d178740031d885c222,False
2026-09-21T18:27:16.794192+00:00,,,64,0,0,aee134af82a2d3af3d3252fd7819f9599379a9c631c279d178740031d885c222,False
2026-09-21T18:27:17.848153+00:00,,,64,0,0,aee134af82a2d3af3d3252fd7819f9599379a9c631c279d178740031d885c222,False
2026-09-21T18:27:18.905659+00:00,,,64,0,0,aee134af82a2d3af3d3252fd7819f9599379a9c631c279d178740031d885c222,False
2026-09-21T18:27:19.960342+00:00,,,64,0,0,aee134af82a2d3af3d3252fd7819f9599379a9c631c279d178740031d885c222,False
2026-09-21T18:27:20.993204+00:00,,,64,0,0,aee134af82a2d3af3d3252fd7819f9599379a9c631c279d178740031d885c222,False
2026-09-21T18:27:22.062048+00:00,,,64,0,0,aee134af82a2d3af3d3252fd7819f9599379a9c631c279d178740031d885c222,False
2026-09-21T18:27:23.104517+00:00,,,64,0,0,aee134af82a2d3af3d3252fd7819f9599379a9c631c279d178740031d885c222,False
2026-09-21T18:27:24.135581+00:00,,,64,0,0,aee134af82a2d3af3d3252fd7819f9599379a9c631c279d178740031d885c222,False
2026-09-21T18:27:25.174790+00:00,,,64,0,0,aee134af82a2d3af3d3252fd7819f9599379a9c631c279d178740031d885c222,False
2026-09-21T18:27:26.212189+00:00,,,64,0,0,aee134af82a2d3af3d3252fd7819f9599379a9c631c279d178740031d885c222,False
2026-09-21T18:27:27.247320+00:00,,,64,0,0,aee134af82a2d3af3d3252fd7819f9599379a9c631c279d178740031d885c222,False
2026-09-21T18:27:28.337941+00:00,,,64,0,0,aee134af82a2d3af3d3252fd7819f9599379a9c631c279d178740031d885c222,False
2026-09-21T18:27:29.376046+00:00,,,64,0,0,aee134af82a2d3af3d3252fd7819f9599379a9c631c279d178740031d885c222,False
2026-09-21T18:27:30.430234+00:00,,,64,0,0,aee134af82a2d3af3d3252fd7819f9599379a9c631c279d178740031d885c222,False
2026-09-21T18:27:31.522317+00:00,,,64,0,0,aee134af82a2d3af3d3252fd7819f9599379a9c631c279d178740031d885c222,False
2026-09-21T18:27:32.572912+00:00,,,64,0,0,aee134af82a2d3af3d3252fd7819f9599379a9c631c279d178740031d885c222,False
2026-09-21T18:27:33.609473+00:00,,,64,0,0,aee134af82a2d3af3d3252fd7819f9599379a9c631c279d178740031d885c222,False
2026-09-21T18:27:34.706497+00:00,,,64,0,0,aee134af82a2d3af3d3252fd7819f9599379a9c631c279d178740031d885c222,False
2026-09-21T18:27:35.786574+00:00,,,64,0,0,aee134af82a2d3af3d3252fd7819f9599379a9c631c279d178740031d885c222,False
2026-09-21T18:27:36.843709+00:00,,,64,0,0,aee134af82a2d3af3d3252fd7819f9599379a9c631c279d178740031d885c222,False
2026-09-21T18:27:37.893899+00:00,,,64,0,0,aee134af82a2d3af3d3252fd7819f9599379a9c631c279d178740031d885c222,False
2026-09-21T18:27:38.949052+00:00,,,64,0,0,aee134af82a2d3af3d3252fd7819f9599379a9c631c279d178740031d885c222,False
2026-09-21T18:27:40.009281+00:00,,,64,0,0,aee134af82a2d3af3d3252fd7819f9599379a9c631c279d178740031d885c222,False
2026-09-21T18:27:41.058679+00:00,,,64,0,0,aee134af82a2d3af3d3252fd7819f9599379a9c631c279d178740031d885c222,False
2026-09-21T18:27:42.110264+00:00,,,64,0,0,aee134af82a2d3af3d3252fd7819f9599379a9c631c279d178740031d885c222,False
2026-09-21T18:27:43.146977+00:00,,,64,0,0,aee134af82a2d3af3d3252fd7819f9599379a9c631c279d178740031d885c222,False
2026-09-21T18:27:44.199816+00:00,,,64,0,0,aee134af82a2d3af3d3252fd7819f9599379a9c631c279d178740031d885c222,False
2026-09-21T18:27:45.239341+00:00,,,64,0,0,aee134af82a2d3af3d3252fd7819f9599379a9c631c279d178740031d885c222,False
2026-09-21T18:27:46.294742+00:00,,,64,0,0,aee134af82a2d3af3d3252fd7819f9599379a9c631c279d178740031d885c222,False
2026-09-21T18:27:47.334372+00:00,,,64,0,0,aee134af82a2d3af3d3252fd7819f9599379a9c631c279d178740031d885c222,False
2026-09-21T18:27:48.377377+00:00,,,64,0,0,aee134af82a2d3af3d3252fd7819f9599379a9c631c279d178740031d885c222,False
2026-09-21T18:27:49.430994+00:00,,,64,0,0,aee134af82a2d3af3d3252fd7819f9599379a9c631c279d178740031d885c222,False
2026-09-21T18:27:50.486246+00:00,,,64,0,0,aee134af82a2d3af3d3252fd7819f9599379a9c631c279d178740031d885c222,False
2026-09-21T18:27:51.528373+00:00,,,64,0,0,aee134af82a2d3af3d3252fd7819f9599379a9c631c279d178740031d885c222,False
2026-09-21T18:27:52.574477+00:00,,,64,0,0,aee134af82a2d3af3d3252fd7819f9599379a9c631c279d178740031d885c222,False
2026-09-21T18:27:53.613730+00:00,,,64,0,0,aee134af82a2d3af3d3252fd7819f9599379a9c631c279d178740031d885c222,False
2026-09-21T18:27:54.666694+00:00,,,64,0,0,aee134af82a2d3af3d3252fd7819f9599379a9c631c279d178740031d885c222,False
2026-09-21T18:27:55.700618+00:00,,,64,0,0,aee134af82a2d3af3d3252fd7819f9599379a9c631c279d178740031d885c222,False
2026-09-21T18:27:56.743849+00:00,,,64,0,0,aee134af82a2d3af3d3252fd7819f9599379a9c631c279d178740031d885c222,False
2026-09-21T18:27:57.785960+00:00,,,64,0,0,aee134af82a2d3af3d3252fd7819f9599379a9c631c279d178740031d885c222,False
2026-09-21T18:27:58.829641+00:00,,,64,0,0,aee134af82a2d3af3d3252fd7819f9599379a9c631c279d178740031d885c222,False
2026-09-21T18:27:59.875286+00:00,,,64,0,0,aee134af82a2d3af3d3252fd7819f9599379a9c631c279d178740031d885c222,False
2026-09-21T18:28:00.925931+00:00,,,64,0,0,aee134af82a2d3af3d3252fd7819f9599379a9c631c279d178740031d885c222,False
2026-09-21T18:28:01.969671+00:00,,,64,0,0,aee134af82a2d3af3d3252fd7819f9599379a9c631c279d178740031d885c222,False
2026-09-21T18:28:03.026582+00:00,,,64,0,0,aee134af82a2d3af3d3252fd7819f9599379a9c631c279d178740031d885c222,False
2026-09-21T18:28:04.064622+00:00,,,64,0,0,aee134af82a2d3af3d3252fd7819f9599379a9c631c279d178740031d885c222,False
2026-09-21T18:28:05.098738+00:00,,,64,0,0,aee134af82a2d3af3d3252fd7819f9599379a9c631c279d178740031d885c222,False
2026-09-21T18:28:06.133012+00:00,,,64,0,0,aee134af82a2d3af3d3252fd7819f9599379a9c631c279d178740031d885c222,False
2026-09-21T18:28:07.176993+00:00,,,64,0,0,aee134af82a2d3af3d3252fd7819f9599379a9c631c279d178740031d885c222,False
2026-09-21T18:28:08.223277+00:00,,,64,0,0,aee134af82a2d3af3d3252fd7819f9599379a9c631c279d178740031d885c222,False
2026-09-21T18:28:09.263829+00:00,,,64,0,0,aee134af82a2d3af3d3252fd7819f9599379a9c631c279d178740031d885c222,False
2026-09-21T18:28:10.312355+00:00,,,64,0,0,aee134af82a2d3af3d3252fd7819f9599379a9c631c279d178740031d885c222,False
2026-09-21T18:28:11.349574+00:00,,,64,0,0,aee134af82a2d3af3d3252fd7819f9599379a9c631c279d178740031d885c222,False
2026-09-21T18:28:12.389453+00:00,,,64,0,0,aee134af82a2d3af3d3252fd7819f9599379a9c631c279d178740031d885c222,False
2026-09-21T18:28:13.423661+00:00,,,64,0,0,aee134af82a2d3af3d3252fd7819f9599379a9c631c279d178740031d885c222,False
2026-09-21T18:28:14.486641+00:00,,,64,0,0,aee134af82a2d3af3d3252fd7819f9599379a9c631c279d178740031d885c222,False
2026-09-21T18:28:15.528755+00:00,,,64,0,0,aee134af82a2d3af3d3252fd7819f9599379a9c631c279d178740031d885c222,False
2026-09-21T18:28:16.601086+00:00,,,64,0,0,aee134af82a2d3af3d3252fd7819f9599379a9c631c279d178740031d885c222,False
2026-09-21T18:28:17.682749+00:00,,,64,0,0,aee134af82a2d3af3d3252fd7819f9599379a9c631c279d178740031d885c222,False
2026-09-21T18:28:18.741291+00:00,,,64,0,0,aee134af82a2d3af3d3252fd7819f9599379a9c631c279d178740031d885c222,False
2026-09-21T18:28:19.782356+00:00,,,64,0,0,aee134af82a2d3af3d3252fd7819f9599379a9c631c279d178740031d885c222,False
2026-09-21T18:28:20.842720+00:00,,,64,0,0,aee134af82a2d3af3d3252fd7819f9599379a9c631c279d178740031d885c222,False
2026-09-21T18:28:21.888507+00:00,,,64,0,0,aee134af82a2d3af3d3252fd7819f9599379a9c631c279d178740031d885c222,False
2026-09-21T18:28:22.920447+00:00,,,64,0,0,aee134af82a2d3af3d3252fd7819f9599379a9c631c279d178740031d885c222,False
2026-09-21T18:28:23.950438+00:00,,,64,0,0,aee134af82a2d3af3d3252fd7819f9599379a9c631c279d178740031d885c222,False
2026-09-21T18:28:24.995556+00:00,,,64,0,0,aee134af82a2d3af3d3252fd7819f9599379a9c631c279d178740031d885c222,False
2026-09-21T18:28:26.045130+00:00,,,64,0,0,aee134af82a2d3af3d3252fd7819f9599379a9c631c279d178740031d885c222,False
2026-09-21T18:28:27.087218+00:00,,,64,0,0,aee134af82a2d3af3d3252fd7819f9599379a9c631c279d178740031d885c222,False
2026-09-21T18:28:28.130708+00:00,,,64,0,0,aee134af82a2d3af3d3252fd7819f9599379a9c631c279d178740031d885c222,False
2026-09-21T18:28:29.170071+00:00,,,64,0,0,aee134af82a2d3af3d3252fd7819f9599379a9c631c279d178740031d885c222,False
2026-09-21T18:28:30.228928+00:00,,,64,0,0,aee134af82a2d3af3d3252fd7819f9599379a9c631c279d178740031d885c222,False
2026-09-21T18:28:31.285287+00:00,,,64,0,0,aee134af82a2d3af3d3252fd7819f9599379a9c631c279d178740031d885c222,False
2026-09-21T18:28:32.330311+00:00,,,64,0,0,aee134af82a2d3af3d3252fd7819f9599379a9c631c279d178740031d885c222,False
2026-09-21T18:28:33.388830+00:00,,,64,0,0,aee134af82a2d3af3d3252fd7819f9599379a9c631c279d178740031d885c222,False
2026-09-21T18:28:34.445894+00:00,,,64,0,0,aee134af82a2d3af3d3252fd7819f9599379a9c631c279d178740031d885c222,False
2026-09-21T18:28:35.479373+00:00,,,64,0,0,aee134af82a2d3af3d3252fd7819f9599379a9c631c279d178740031d885c222,False
2026-09-21T18:28:36.527024+00:00,,,64,0,0,aee134af82a2d3af3d3252fd7819f9599379a9c631c279d178740031d885c222,False
2026-09-21T18:28:37.575664+00:00,,,64,0,0,aee134af82a2d3af3d3252fd7819f9599379a9c631c279d178740031d885c222,False
2026-09-21T18:28:38.615845+00:00,,,64,0,0,aee134af82a2d3af3d3252fd7819f9599379a9c631c279d178740031d885c222,False
2026-09-21T18:28:39.646303+00:00,,,64,0,0,aee134af82a2d3af3d3252fd7819f9599379a9c631c279d178740031d885c222,False
2026-09-21T18:28:40.673847+00:00,,,64,0,0,aee134af82a2d3af3d3252fd7819f9599379a9c631c279d178740031d885c222,False
2026-09-21T18:28:41.765914+00:00,,,64,0,0,aee134af82a2d3af3d3252fd7819f9599379a9c631c279d178740031d885c222,False
2026-09-21T18:28:42.840598+00:00,,,64,0,0,aee134af82a2d3af3d3252fd7819f9599379a9c631c279d178740031d885c222,False
2026-09-21T18:28:43.894169+00:00,,,64,0,0,aee134af82a2d3af3d3252fd7819f9599379a9c631c279d178740031d885c222,False
2026-09-21T18:28:44.968786+00:00,,,64,0,0,aee134af82a2d3af3d3252fd7819f9599379a9c631c279d178740031d885c222,False
2026-09-21T18:28:46.009634+00:00,,,64,0,0,aee134af82a2d3af3d3252fd7819f9599379a9c631c279d178740031d885c222,False
2026-09-21T18:28:47.030291+00:00,,,64,0,0,aee134af82a2d3af3d3252fd7819f9599379a9c631c279d178740031d885c222,False
2026-09-21T18:28:48.069891+00:00,,,64,0,0,aee134af82a2d3af3d3252fd7819f9599379a9c631c279d178740031d885c222,False
2026-09-21T18:28:49.120946+00:00,,,64,0,0,aee134af82a2d3af3d3252fd7819f9599379a9c631c279d178740031d885c222,False
2026-09-21T18:28:50.189762+00:00,,,64,0,0,aee134af82a2d3af3d3252fd7819f9599379a9c631c279d178740031d885c222,False
2026-09-21T18:28:51.234273+00:00,,,64,0,0,aee134af82a2d3af3d3252fd7819f9599379a9c631c279d178740031d885c222,False
2026-09-21T18:28:52.278821+00:00,,,64,0,0,aee134af82a2d3af3d3252fd7819f9599379a9c631c279d178740031d885c222,False
2026-09-21T18:28:53.312779+00:00,,,64,0,0,aee134af82a2d3af3d3252fd7819f9599379a9c631c279d178740031d885c222,False
2026-09-21T18:28:54.354776+00:00,,,64,0,0,aee134af82a2d3af3d3252fd7819f9599379a9c631c279d178740031d885c222,False
2026-09-21T18:28:55.388311+00:00,,,64,0,0,aee134af82a2d3af3d3252fd7819f9599379a9c631c279d178740031d885c222,False
2026-09-21T18:28:56.445452+00:00,,,64,0,0,aee134af82a2d3af3d3252fd7819f9599379a9c631c279d178740031d885c222,False
2026-09-21T18:28:57.480921+00:00,,,64,0,0,aee134af82a2d3af3d3252fd7819f9599379a9c631c279d178740031d885c222,False
2026-09-21T18:28:58.532009+00:00,,,64,0,0,aee134af82a2d3af3d3252fd7819f9599379a9c631c279d178740031d885c222,False
2026-09-21T18:28:59.565817+00:00,,,64,0,0,aee134af82a2d3af3d3252fd7819f9599379a9c631c279d178740031d885c222,False
2026-09-21T18:29:00.597583+00:00,,,64,0,0,aee134af82a2d3af3d3252fd7819f9599379a9c631c279d178740031d885c222,False
2026-09-21T18:29:01.647398+00:00,,,64,0,0,aee134af82a2d3af3d3252fd7819f9599379a9c631c279d178740031d885c222,False
2026-09-21T18:29:02.690694+00:00,,,64,0,0,aee134af82a2d3af3d3252fd7819f9599379a9c631c279d178740031d885c222,False
2026-09-21T18:29:03.734655+00:00,,,64,0,0,aee134af82a2d3af3d3252fd7819f9599379a9c631c279d178740031d885c222,False
2026-09-21T18:29:04.776478+00:00,,,64,0,0,aee134af82a2d3af3d3252fd7819f9599379a9c631c279d178740031d885c222,False
2026-09-21T18:29:05.811302+00:00,,,64,0,0,aee134af82a2d3af3d3252fd7819f9599379a9c631c279d178740031d885c222,False
2026-09-21T18:29:06.837588+00:00,,,64,0,0,aee134af82a2d3af3d3252fd7819f9599379a9c631c279d178740031d885c222,False
2026-09-21T18:29:07.899302+00:00,,,64,0,0,aee134af82a2d3af3d3252fd7819f9599379a9c631c279d178740031d885c222,False
2026-09-21T18:29:08.924364+00:00,,,64,0,0,aee134af82a2d3af3d3252fd7819f9599379a9c631c279d178740031d885c222,False
2026-09-21T18:29:09.961456+00:00,,,64,0,0,aee134af82a2d3af3d3252fd7819f9599379a9c631c279d178740031d885c222,False
2026-09-21T18:29:10.990920+00:00,,,64,0,0,aee134af82a2d3af3d3252fd7819f9599379a9c631c279d178740031d885c222,False
2026-09-21T18:29:12.028673+00:00,,,64,0,0,aee134af82a2d3af3d3252fd7819f9599379a9c631c279d178740031d885c222,False
2026-09-21T18:29:13.088958+00:00,,,64,0,0,aee134af82a2d3af3d3252fd7819f9599379a9c631c279d178740031d885c222,False
2026-09-21T18:29:14.148402+00:00,,,64,0,0,aee134af82a2d3af3d3252fd7819f9599379a9c631c279d178740031d885c222,False
2026-09-21T18:29:15.196541+00:00,,,64,0,0,aee134af82a2d3af3d3252fd7819f9599379a9c631c279d178740031d885c222,False
2026-09-21T18:29:16.268190+00:00,,,64,0,0,aee134af82a2d3af3d3252fd7819f9599379a9c631c279d178740031d885c222,False
2026-09-21T18:29:17.333609+00:00,,,64,0,0,aee134af82a2d3af3d3252fd7819f9599379a9c631c279d178740031d885c222,False
2026-09-21T18:29:18.379824+00:00,,,64,0,0,aee134af82a2d3af3d3252fd7819f9599379a9c631c279d178740031d885c222,False
2026-09-21T18:29:19.439931+00:00,,,64,0,0,aee134af82a2d3af3d3252fd7819f9599379a9c631c279d178740031d885c222,False
2026-09-21T18:29:20.489699+00:00,,,64,0,0,aee134af82a2d3af3d3252fd7819f9599379a9c631c279d178740031d885c222,False
2026-09-21T18:29:21.528652+00:00,,,64,0,0,aee134af82a2d3af3d3252fd7819f9599379a9c631c279d178740031d885c222,False
2026-09-21T18:29:22.558019+00:00,,,64,0,0,aee134af82a2d3af3d3252fd7819f9599379a9c631c279d178740031d885c222,False
2026-09-21T18:29:23.601067+00:00,,,64,0,0,aee134af82a2d3af3d3252fd7819f9599379a9c631c279d178740031d885c222,False
2026-09-21T18:29:24.654148+00:00,,,64,0,0,aee134af82a2d3af3d3252fd7819f9599379a9c631c279d178740031d885c222,False
2026-09-21T18:29:25.682702+00:00,,,64,0,0,aee134af82a2d3af3d3252fd7819f9599379a9c631c279d178740031d885c222,False
2026-09-21T18:29:26.720593+00:00,,,64,0,0,aee134af82a2d3af3d3252fd7819f9599379a9c631c279d178740031d885c222,False
2026-09-21T18:29:27.748822+00:00,,,64,0,0,aee134af82a2d3af3d3252fd7819f9599379a9c631c279d178740031d885c222,False
2026-09-21T18:29:28.820613+00:00,,,64,0,0,aee134af82a2d3af3d3252fd7819f9599379a9c631c279d178740031d885c222,False
2026-09-21T18:29:29.876195+00:00,,,64,0,0,aee134af82a2d3af3d3252fd7819f9599379a9c631c279d178740031d885c222,False
2026-09-21T18:29:30.920367+00:00,,,64,0,0,aee134af82a2d3af3d3252fd7819f9599379a9c631c279d178740031d885c222,False
2026-09-21T18:29:31.953744+00:00,,,64,0,0,aee134af82a2d3af3d3252fd7819f9599379a9c631c279d178740031d885c222,False
2026-09-21T18:29:33.009992+00:00,,,64,0,0,aee134af82a2d3af3d3252fd7819f9599379a9c631c279d178740031d885c222,False
2026-09-21T18:29:34.063153+00:00,,,64,0,0,aee134af82a2d3af3d3252fd7819f9599379a9c631c279d178740031d885c222,False
2026-09-21T18:29:35.116184+00:00,,,64,0,0,aee134af82a2d3af3d3252fd7819f9599379a9c631c279d178740031d885c222,False
2026-09-21T18:29:36.171151+00:00,,,64,0,0,aee134af82a2d3af3d3252fd7819f9599379a9c631c279d178740031d885c222,False
2026-09-21T18:29:37.218371+00:00,,,64,0,0,aee134af82a2d3af3d3252fd7819f9599379a9c631c279d178740031d885c222,False
2026-09-21T18:29:38.262996+00:00,,,64,0,0,aee134af82a2d3af3d3252fd7819f9599379a9c631c279d178740031d885c222,False
2026-09-21T18:29:39.311990+00:00,,,64,0,0,aee134af82a2d3af3d3252fd7819f9599379a9c631c279d178740031d885c222,False
2026-09-21T18:29:40.355807+00:00,,,64,0,0,aee134af82a2d3af3d3252fd7819f9599379a9c631c279d178740031d885c222,False
2026-09-21T18:29:41.403755+00:00,,,64,0,0,aee134af82a2d3af3d3252fd7819f9599379a9c631c279d178740031d885c222,False
2026-09-21T18:29:42.459323+00:00,,,64,0,0,aee134af82a2d3af3d3252fd7819f9599379a9c631c279d178740031d885c222,False
2026-09-21T18:29:43.496100+00:00,,,64,0,0,aee134af82a2d3af3d3252fd7819f9599379a9c631c279d178740031d885c222,False
2026-09-21T18:29:44.532457+00:00,,,64,0,0,aee134af82a2d3af3d3252fd7819f9599379a9c631c279d178740031d885c222,False
2026-09-21T18:29:45.581186+00:00,,,64,0,0,aee134af82a2d3af3d3252fd7819f9599379a9c631c279d178740031d885c222,False
2026-09-21T18:29:46.619178+00:00,,,64,0,0,aee134af82a2d3af3d3252fd7819f9599379a9c631c279d178740031d885c222,False
2026-09-21T18:29:47.652294+00:00,,,64,0,0,aee134af82a2d3af3d3252fd7819f9599379a9c631c279d178740031d885c222,False
2026-09-21T18:29:48.694109+00:00,,,64,0,0,aee134af82a2d3af3d3252fd7819f9599379a9c631c279d178740031d885c222,False
2026-09-21T18:29:49.739973+00:00,,,64,0,0,aee134af82a2d3af3d3252fd7819f9599379a9c631c279d178740031d885c222,False
2026-09-21T18:29:50.772091+00:00,,,64,0,0,aee134af82a2d3af3d3252fd7819f9599379a9c631c279d178740031d885c222,False
2026-09-21T18:29:51.824429+00:00,,,64,0,0,aee134af82a2d3af3d3252fd7819f9599379a9c631c279d178740031d885c222,False
2026-09-21T18:29:52.887653+00:00,,,64,0,0,aee134af82a2d3af3d3252fd7819f9599379a9c631c279d178740031d885c222,False
2026-09-21T18:29:53.933350+00:00,,,64,0,0,aee134af82a2d3af3d3252fd7819f9599379a9c631c279d178740031d885c222,False
2026-09-21T18:29:55.068171+00:00,,,64,0,0,aee134af82a2d3af3d3252fd7819f9599379a9c631c279d178740031d885c222,False
2026-09-21T18:29:56.115524+00:00,,,64,0,0,aee134af82a2d3af3d3252fd7819f9599379a9c631c279d178740031d885c222,False
2026-09-21T18:29:57.173898+00:00,,,64,0,0,aee134af82a2d3af3d3252fd7819f9599379a9c631c279d178740031d885c222,False
2026-09-21T18:29:58.206010+00:00,,,64,0,0,aee134af82a2d3af3d3252fd7819f9599379a9c631c279d178740031d885c222,False
2026-09-21T18:29:59.260215+00:00,,,64,0,0,aee134af82a2d3af3d3252fd7819f9599379a9c631c279d178740031d885c222,False
2026-09-21T18:30:00.304069+00:00,,,64,0,0,aee134af82a2d3af3d3252fd7819f9599379a9c631c279d178740031d885c222,False
2026-09-21T18:30:01.340849+00:00,,,64,0,0,aee134af82a2d3af3d3252fd7819f9599379a9c631c279d178740031d885c222,False
2026-09-21T18:30:02.428912+00:00,,,64,0,0,aee134af82a2d3af3d3252fd7819f9599379a9c631c279d178740031d885c222,False
2026-09-21T18:30:03.478016+00:00,,,64,0,0,aee134af82a2d3af3d3252fd7819f9599379a9c631c279d178740031d885c222,False
2026-09-21T18:30:04.520396+00:00,,,64,0,0,aee134af82a2d3af3d3252fd7819f9599379a9c631c279d178740031d885c222,False
2026-09-21T18:30:05.599800+00:00,,,64,0,0,aee134af82a2d3af3d3252fd7819f9599379a9c631c279d178740031d885c222,False
2026-09-21T18:30:06.644998+00:00,,,64,0,0,aee134af82a2d3af3d3252fd7819f9599379a9c631c279d178740031d885c222,False
2026-09-21T18:30:07.695871+00:00,,,64,0,0,aee134af82a2d3af3d3252fd7819f9599379a9c631c279d178740031d885c222,False
2026-09-21T18:30:08.738596+00:00,,,64,0,0,aee134af82a2d3af3d3252fd7819f9599379a9c631c279d178740031d885c222,False
2026-09-21T18:30:09.775506+00:00,,,64,0,0,aee134af82a2d3af3d3252fd7819f9599379a9c631c279d178740031d885c222,False
2026-09-21T18:30:10.810280+00:00,,,64,0,0,aee134af82a2d3af3d3252fd7819f9599379a9c631c279d178740031d885c222,False
2026-09-21T18:30:11.853802+00:00,,,64,0,0,aee134af82a2d3af3d3252fd7819f9599379a9c631c279d178740031d885c222,False
2026-09-21T18:30:12.880245+00:00,,,64,0,0,aee134af82a2d3af3d3252fd7819f9599379a9c631c279d178740031d885c222,False
2026-09-21T18:30:13.925842+00:00,,,64,0,0,aee134af82a2d3af3d3252fd7819f9599379a9c631c279d178740031d885c222,False
2026-09-21T18:30:14.968626+00:00,,,64,0,0,aee134af82a2d3af3d3252fd7819f9599379a9c631c279d178740031d885c222,False
2026-09-21T18:30:15.988947+00:00,,,64,0,0,aee134af82a2d3af3d3252fd7819f9599379a9c631c279d178740031d885c222,False
2026-09-21T18:30:17.025407+00:00,,,64,0,0,aee134af82a2d3af3d3252fd7819f9599379a9c631c279d178740031d885c222,False
2026-09-21T18:30:18.059231+00:00,,,64,0,0,aee134af82a2d3af3d3252fd7819f9599379a9c631c279d178740031d885c222,False
2026-09-21T18:30:19.103559+00:00,,,64,0,0,aee134af82a2d3af3d3252fd7819f9599379a9c631c279d178740031d885c222,False
2026-09-21T18:30:20.154299+00:00,,,64,0,0,aee134af82a2d3af3d3252fd7819f9599379a9c631c279d178740031d885c222,False
2026-09-21T18:30:21.176957+00:00,,,64,0,0,aee134af82a2d3af3d3252fd7819f9599379a9c631c279d178740031d885c222,False
2026-09-21T18:30:22.202801+00:00,,,64,0,0,aee134af82a2d3af3d3252fd7819f9599379a9c631c279d178740031d885c222,False
2026-09-21T18:30:23.226435+00:00,,,64,0,0,aee134af82a2d3af3d3252fd7819f9599379a9c631c279d178740031d885c222,False
2026-09-21T18:30:24.269102+00:00,,,64,0,0,aee134af82a2d3af3d3252fd7819f9599379a9c631c279d178740031d885c222,False
2026-09-21T18:30:25.321002+00:00,,,64,0,0,aee134af82a2d3af3d3252fd7819f9599379a9c631c279d178740031d885c222,False
2026-09-21T18:30:26.372072+00:00,,,64,0,0,aee134af82a2d3af3d3252fd7819f9599379a9c631c279d178740031d885c222,False
2026-09-21T18:30:27.420797+00:00,,,64,0,0,aee134af82a2d3af3d3252fd7819f9599379a9c631c279d178740031d885c222,False
2026-09-21T18:30:28.466560+00:00,,,64,0,0,aee134af82a2d3af3d3252fd7819f9599379a9c631c279d178740031d885c222,False
2026-09-21T18:30:29.521207+00:00,,,64,0,0,aee134af82a2d3af3d3252fd7819f9599379a9c631c279d178740031d885c222,False
2026-09-21T18:30:30.577833+00:00,,,64,0,0,aee134af82a2d3af3d3252fd7819f9599379a9c631c279d178740031d885c222,False
2026-09-21T18:30:31.621983+00:00,,,64,0,0,aee134af82a2d3af3d3252fd7819f9599379a9c631c279d178740031d885c222,False
2026-09-21T18:30:32.660602+00:00,,,64,0,0,aee134af82a2d3af3d3252fd7819f9599379a9c631c279d178740031d885c222,False
2026-09-21T18:30:33.693153+00:00,,,64,0,0,aee134af82a2d3af3d3252fd7819f9599379a9c631c279d178740031d885c222,False
2026-09-21T18:30:34.745061+00:00,,,64,0,0,aee134af82a2d3af3d3252fd7819f9599379a9c631c279d178740031d885c222,False
2026-09-21T18:30:35.789060+00:00,,,64,0,0,aee134af82a2d3af3d3252fd7819f9599379a9c631c279d178740031d885c222,False
2026-09-21T18:30:36.824991+00:00,,,64,0,0,aee134af82a2d3af3d3252fd7819f9599379a9c631c279d178740031d885c222,False
2026-09-21T18:30:37.867816+00:00,,,64,0,0,aee134af82a2d3af3d3252fd7819f9599379a9c631c279d178740031d885c222,False
2026-09-21T18:30:38.949641+00:00,,,64,0,0,aee134af82a2d3af3d3252fd7819f9599379a9c631c279d178740031d885c222,False
2026-09-21T18:30:39.982506+00:00,,,64,0,0,aee134af82a2d3af3d3252fd7819f9599379a9c631c279d178740031d885c222,False
2026-09-21T18:30:41.009964+00:00,,,64,0,0,aee134af82a2d3af3d3252fd7819f9599379a9c631c279d178740031d885c222,False
2026-09-21T18:30:42.061506+00:00,,,64,0,0,aee134af82a2d3af3d3252fd7819f9599379a9c631c279d178740031d885c222,False
2026-09-21T18:30:43.100883+00:00,,,64,0,0,aee134af82a2d3af3d3252fd7819f9599379a9c631c279d178740031d885c222,False
2026-09-21T18:30:44.134618+00:00,,,64,0,0,aee134af82a2d3af3d3252fd7819f9599379a9c631c279d178740031d885c222,False
2026-09-21T18:30:45.167440+00:00,,,64,0,0,aee134af82a2d3af3d3252fd7819f9599379a9c631c279d178740031d885c222,False
2026-09-21T18:30:46.210905+00:00,,,64,0,0,aee134af82a2d3af3d3252fd7819f9599379a9c631c279d178740031d885c222,False
2026-09-21T18:30:47.248512+00:00,,,64,0,0,aee134af82a2d3af3d3252fd7819f9599379a9c631c279d178740031d885c222,False
2026-09-21T18:30:48.299486+00:00,,,64,0,0,aee134af82a2d3af3d3252fd7819f9599379a9c631c279d178740031d885c222,False
2026-09-21T18:30:49.338002+00:00,,,64,0,0,aee134af82a2d3af3d3252fd7819f9599379a9c631c279d178740031d885c222,False
2026-09-21T18:30:50.383371+00:00,,,64,0,0,aee134af82a2d3af3d3252fd7819f9599379a9c631c279d178740031d885c222,False
2026-09-21T18:30:51.430672+00:00,,,64,0,0,aee134af82a2d3af3d3252fd7819f9599379a9c631c279d178740031d885c222,False
2026-09-21T18:30:52.460778+00:00,,,64,0,0,aee134af82a2d3af3d3252fd7819f9599379a9c631c279d178740031d885c222,False
2026-09-21T18:30:53.506193+00:00,,,64,0,0,aee134af82a2d3af3d3252fd7819f9599379a9c631c279d178740031d885c222,False
2026-09-21T18:30:54.573892+00:00,,,64,0,0,aee134af82a2d3af3d3252fd7819f9599379a9c631c279d178740031d885c222,False
2026-09-21T18:30:55.621395+00:00,,,64,0,0,aee134af82a2d3af3d3252fd7819f9599379a9c631c279d178740031d885c222,False
2026-09-21T18:30:56.664531+00:00,,,64,0,0,aee134af82a2d3af3d3252fd7819f9599379a9c631c279d178740031d885c222,False
2026-09-21T18:30:57.705940+00:00,,,64,0,0,aee134af82a2d3af3d3252fd7819f9599379a9c631c279d178740031d885c222,False
2026-09-21T18:30:58.767606+00:00,,,64,0,0,aee134af82a2d3af3d3252fd7819f9599379a9c631c279d178740031d885c222,False
2026-09-21T18:30:59.815396+00:00,,,64,0,0,aee134af82a2d3af3d3252fd7819f9599379a9c631c279d178740031d885c222,False
2026-09-21T18:31:00.858074+00:00,,,64,0,0,aee134af82a2d3af3d3252fd7819f9599379a9c631c279d178740031d885c222,False
2026-09-21T18:31:01.894126+00:00,,,64,0,0,aee134af82a2d3af3d3252fd7819f9599379a9c631c279d178740031d885c222,False
2026-09-21T18:31:02.946726+00:00,,,64,0,0,aee134af82a2d3af3d3252fd7819f9599379a9c631c279d178740031d885c222,False
2026-09-21T18:31:03.980668+00:00,,,64,0,0,aee134af82a2d3af3d3252fd7819f9599379a9c631c279d178740031d885c222,False
2026-09-21T18:31:05.064541+00:00,,,64,0,0,aee134af82a2d3af3d3252fd7819f9599379a9c631c279d178740031d885c222,False
2026-09-21T18:31:06.102567+00:00,,,64,0,0,aee134af82a2d3af3d3252fd7819f9599379a9c631c279d178740031d885c222,False
2026-09-21T18:31:07.141568+00:00,,,64,0,0,aee134af82a2d3af3d3252fd7819f9599379a9c631c279d178740031d885c222,False
2026-09-21T18:31:08.176721+00:00,,,64,0,0,aee134af82a2d3af3d3252fd7819f9599379a9c631c279d178740031d885c222,False
2026-09-21T18:31:09.219511+00:00,,,64,0,0,aee134af82a2d3af3d3252fd7819f9599379a9c631c279d178740031d885c222,False
2026-09-21T18:31:10.256239+00:00,,,64,0,0,aee134af82a2d3af3d3252fd7819f9599379a9c631c279d178740031d885c222,False
2026-09-21T18:31:11.309701+00:00,,,64,0,0,aee134af82a2d3af3d3252fd7819f9599379a9c631c279d178740031d885c222,False
2026-09-21T18:31:12.357316+00:00,,,64,0,0,aee134af82a2d3af3d3252fd7819f9599379a9c631c279d178740031d885c222,False
2026-09-21T18:31:13.396966+00:00,,,64,0,0,aee134af82a2d3af3d3252fd7819f9599379a9c631c279d178740031d885c222,False
2026-09-21T18:31:14.463941+00:00,,,64,0,0,aee134af82a2d3af3d3252fd7819f9599379a9c631c279d178740031d885c222,False
2026-09-21T18:31:15.492198+00:00,,,64,0,0,aee134af82a2d3af3d3252fd7819f9599379a9c631c279d178740031d885c222,False
2026-09-21T18:31:16.543644+00:00,,,64,0,0,aee134af82a2d3af3d3252fd7819f9599379a9c631c279d178740031d885c222,False
2026-09-21T18:31:17.574428+00:00,,,64,0,0,aee134af82a2d3af3d3252fd7819f9599379a9c631c279d178740031d885c222,False
2026-09-21T18:31:18.629645+00:00,,,64,0,0,aee134af82a2d3af3d3252fd7819f9599379a9c631c279d178740031d885c222,False
2026-09-21T18:31:19.669749+00:00,,,64,0,0,aee134af82a2d3af3d3252fd7819f9599379a9c631c279d178740031d885c222,False
2026-09-21T18:31:20.731275+00:00,,,64,0,0,aee134af82a2d3af3d3252fd7819f9599379a9c631c279d178740031d885c222,False
2026-09-21T18:31:21.757625+00:00,,,64,0,0,aee134af82a2d3af3d3252fd7819f9599379a9c631c279d178740031d885c222,False
2026-09-21T18:31:22.807022+00:00,,,64,0,0,aee134af82a2d3af3d3252fd7819f9599379a9c631c279d178740031d885c222,False
2026-09-21T18:31:23.849906+00:00,,,64,0,0,aee134af82a2d3af3d3252fd7819f9599379a9c631c279d178740031d885c222,False
2026-09-21T18:31:24.893382+00:00,,,64,0,0,aee134af82a2d3af3d3252fd7819f9599379a9c631c279d178740031d885c222,False
2026-09-21T18:31:25.944160+00:00,,,64,0,0,aee134af82a2d3af3d3252fd7819f9599379a9c631c279d178740031d885c222,False
2026-09-21T18:31:26.986648+00:00,,,64,0,0,aee134af82a2d3af3d3252fd7819f9599379a9c631c279d178740031d885c222,False
2026-09-21T18:31:28.037109+00:00,,,64,0,0,aee134af82a2d3af3d3252fd7819f9599379a9c631c279d178740031d885c222,False
2026-09-21T18:31:29.067518+00:00,,,64,0,0,aee134af82a2d3af3d3252fd7819f9599379a9c631c279d178740031d885c222,False
2026-09-21T18:31:30.084344+00:00,,,64,0,0,aee134af82a2d3af3d3252fd7819f9599379a9c631c279d178740031d885c222,False
2026-09-21T18:31:31.121785+00:00,,,64,0,0,aee134af82a2d3af3d3252fd7819f9599379a9c631c279d178740031d885c222,False
2026-09-21T18:31:32.189595+00:00,,,64,0,0,aee134af82a2d3af3d3252fd7819f9599379a9c631c279d178740031d885c222,False
2026-09-21T18:31:33.238263+00:00,,,64,0,0,aee134af82a2d3af3d3252fd7819f9599379a9c631c279d178740031d885c222,False
2026-09-21T18:31:34.272615+00:00,,,64,0,0,aee134af82a2d3af3d3252fd7819f9599379a9c631c279d178740031d885c222,False
2026-09-21T18:31:35.313701+00:00,,,64,0,0,aee134af82a2d3af3d3252fd7819f9599379a9c631c279d178740031d885c222,False
2026-09-21T18:31:36.348946+00:00,,,64,0,0,aee134af82a2d3af3d3252fd7819f9599379a9c631c279d178740031d885c222,False
2026-09-21T18:31:37.376356+00:00,,,64,0,0,aee134af82a2d3af3d3252fd7819f9599379a9c631c279d178740031d885c222,False
2026-09-21T18:31:38.416563+00:00,,,64,0,0,aee134af82a2d3af3d3252fd7819f9599379a9c631c279d178740031d885c222,False
2026-09-21T18:31:39.448213+00:00,,,64,0,0,aee134af82a2d3af3d3252fd7819f9599379a9c631c279d178740031d885c222,False
2026-09-21T18:31:40.482049+00:00,,,64,0,0,aee134af82a2d3af3d3252fd7819f9599379a9c631c279d178740031d885c222,False
2026-09-21T18:31:41.518093+00:00,,,64,0,0,aee134af82a2d3af3d3252fd7819f9599379a9c631c279d178740031d885c222,False
2026-09-21T18:31:42.539946+00:00,,,64,0,0,aee134af82a2d3af3d3252fd7819f9599379a9c631c279d178740031d885c222,False
2026-09-21T18:31:43.590561+00:00,,,64,0,0,aee134af82a2d3af3d3252fd7819f9599379a9c631c279d178740031d885c222,False
2026-09-21T18:31:44.624479+00:00,,,64,0,0,aee134af82a2d3af3d3252fd7819f9599379a9c631c279d178740031d885c222,False
2026-09-21T18:31:45.673372+00:00,,,64,0,0,aee134af82a2d3af3d3252fd7819f9599379a9c631c279d178740031d885c222,False
2026-09-21T18:31:46.698428+00:00,,,64,0,0,aee134af82a2d3af3d3252fd7819f9599379a9c631c279d178740031d885c222,False
2026-09-21T18:31:47.747408+00:00,,,64,0,0,aee134af82a2d3af3d3252fd7819f9599379a9c631c279d178740031d885c222,False
2026-09-21T18:31:48.800397+00:00,,,64,0,0,aee134af82a2d3af3d3252fd7819f9599379a9c631c279d178740031d885c222,False
2026-09-21T18:31:49.836352+00:00,,,64,0,0,aee134af82a2d3af3d3252fd7819f9599379a9c631c279d178740031d885c222,False
2026-09-21T18:31:50.852511+00:00,,,64,0,0,aee134af82a2d3af3d3252fd7819f9599379a9c631c279d178740031d885c222,False
2026-09-21T18:31:51.897406+00:00,,,64,0,0,aee134af82a2d3af3d3252fd7819f9599379a9c631c279d178740031d885c222,False
2026-09-21T18:31:52.936863+00:00,,,64,0,0,aee134af82a2d3af3d3252fd7819f9599379a9c631c279d178740031d885c222,False
2026-09-21T18:31:53.965572+00:00,,,64,0,0,aee134af82a2d3af3d3252fd7819f9599379a9c631c279d178740031d885c222,False
2026-09-21T18:31:55.000259+00:00,,,64,0,0,aee134af82a2d3af3d3252fd7819f9599379a9c631c279d178740031d885c222,False
2026-09-21T18:31:56.042461+00:00,,,64,0,0,aee134af82a2d3af3d3252fd7819f9599379a9c631c279d178740031d885c222,False
2026-09-21T18:31:57.079336+00:00,,,64,0,0,aee134af82a2d3af3d3252fd7819f9599379a9c631c279d178740031d885c222,False
2026-09-21T18:31:58.107661+00:00,,,64,0,0,aee134af82a2d3af3d3252fd7819f9599379a9c631c279d178740031d885c222,False
2026-09-21T18:31:59.141785+00:00,,,64,0,0,aee134af82a2d3af3d3252fd7819f9599379a9c631c279d178740031d885c222,False
2026-09-21T18:32:00.177864+00:00,,,64,0,0,aee134af82a2d3af3d3252fd7819f9599379a9c631c279d178740031d885c222,False
2026-09-21T18:32:01.215999+00:00,,,64,0,0,aee134af82a2d3af3d3252fd7819f9599379a9c631c279d178740031d885c222,False
2026-09-21T18:32:02.292505+00:00,,,64,0,0,aee134af82a2d3af3d3252fd7819f9599379a9c631c279d178740031d885c222,False
2026-09-21T18:32:03.330632+00:00,,,64,0,0,aee134af82a2d3af3d3252fd7819f9599379a9c631c279d178740031d885c222,False
2026-09-21T18:32:04.386187+00:00,,,64,0,0,aee134af82a2d3af3d3252fd7819f9599379a9c631c279d178740031d885c222,False
2026-09-21T18:32:05.454605+00:00,,,64,0,0,aee134af82a2d3af3d3252fd7819f9599379a9c631c279d178740031d885c222,False
2026-09-21T18:32:06.503120+00:00,,,64,0,0,aee134af82a2d3af3d3252fd7819f9599379a9c631c279d178740031d885c222,False
2026-09-21T18:32:07.566777+00:00,,,64,0,0,aee134af82a2d3af3d3252fd7819f9599379a9c631c279d178740031d885c222,False
2026-09-21T18:32:08.668151+00:00,,,64,0,0,aee134af82a2d3af3d3252fd7819f9599379a9c631c279d178740031d885c222,False
2026-09-21T18:32:09.781515+00:00,,,64,0,0,aee134af82a2d3af3d3252fd7819f9599379a9c631c279d178740031d885c222,False
2026-09-21T18:32:10.822730+00:00,,,64,0,0,aee134af82a2d3af3d3252fd7819f9599379a9c631c279d178740031d885c222,False
2026-09-21T18:32:11.857816+00:00,,,64,0,0,aee134af82a2d3af3d3252fd7819f9599379a9c631c279d178740031d885c222,False
2026-09-21T18:32:12.899949+00:00,,,64,0,0,aee134af82a2d3af3d3252fd7819f9599379a9c631c279d178740031d885c222,False
2026-09-21T18:32:13.946312+00:00,,,64,0,0,aee134af82a2d3af3d3252fd7819f9599379a9c631c279d178740031d885c222,False
2026-09-21T18:32:15.005836+00:00,,,64,0,0,aee134af82a2d3af3d3252fd7819f9599379a9c631c279d178740031d885c222,False
2026-09-21T18:32:16.061833+00:00,,,64,0,0,aee134af82a2d3af3d3252fd7819f9599379a9c631c279d178740031d885c222,False
2026-09-21T18:32:17.119762+00:00,,,64,0,0,aee134af82a2d3af3d3252fd7819f9599379a9c631c279d178740031d885c222,False
2026-09-21T18:32:18.182413+00:00,,,64,0,0,aee134af82a2d3af3d3252fd7819f9599379a9c631c279d178740031d885c222,False
2026-09-21T18:32:19.223249+00:00,,,64,0,0,aee134af82a2d3af3d3252fd7819f9599379a9c631c279d178740031d885c222,False
2026-09-21T18:32:20.286628+00:00,,,64,0,0,aee134af82a2d3af3d3252fd7819f9599379a9c631c279d178740031d885c222,False
2026-09-21T18:32:21.346359+00:00,,,64,0,0,aee134af82a2d3af3d3252fd7819f9599379a9c631c279d178740031d885c222,False
2026-09-21T18:32:22.432846+00:00,,,64,0,0,aee134af82a2d3af3d3252fd7819f9599379a9c631c279d178740031d885c222,False
2026-09-21T18:32:23.502250+00:00,,,64,0,0,aee134af82a2d3af3d3252fd7819f9599379a9c631c279d178740031d885c222,False
2026-09-21T18:32:24.554502+00:00,,,64,0,0,aee134af82a2d3af3d3252fd7819f9599379a9c631c279d178740031d885c222,False
2026-09-21T18:32:25.653829+00:00,,,64,0,0,aee134af82a2d3af3d3252fd7819f9599379a9c631c279d178740031d885c222,False
2026-09-21T18:32:26.681256+00:00,,,64,0,0,aee134af82a2d3af3d3252fd7819f9599379a9c631c279d178740031d885c222,False
2026-09-21T18:32:27.709349+00:00,,,64,0,0,aee134af82a2d3af3d3252fd7819f9599379a9c631c279d178740031d885c222,False
2026-09-21T18:32:28.809832+00:00,,,64,0,0,aee134af82a2d3af3d3252fd7819f9599379a9c631c279d178740031d885c222,False
2026-09-21T18:32:29.872252+00:00,,,64,0,0,aee134af82a2d3af3d3252fd7819f9599379a9c631c279d178740031d885c222,False
2026-09-21T18:32:30.916456+00:00,,,64,0,0,aee134af82a2d3af3d3252fd7819f9599379a9c631c279d178740031d885c222,False
2026-09-21T18:32:31.976081+00:00,,,64,0,0,aee134af82a2d3af3d3252fd7819f9599379a9c631c279d178740031d885c222,False
2026-09-21T18:32:33.011617+00:00,,,64,0,0,aee134af82a2d3af3d3252fd7819f9599379a9c631c279d178740031d885c222,False
2026-09-21T18:32:34.053329+00:00,,,64,0,0,aee134af82a2d3af3d3252fd7819f9599379a9c631c279d178740031d885c222,False
2026-09-21T18:32:35.086258+00:00,,,64,0,0,aee134af82a2d3af3d3252fd7819f9599379a9c631c279d178740031d885c222,False
2026-09-21T18:32:36.139925+00:00,,,64,0,0,aee134af82a2d3af3d3252fd7819f9599379a9c631c279d178740031d885c222,False
2026-09-21T18:32:37.178331+00:00,,,64,0,0,aee134af82a2d3af3d3252fd7819f9599379a9c631c279d178740031d885c222,False
2026-09-21T18:32:38.241774+00:00,,,64,0,0,aee134af82a2d3af3d3252fd7819f9599379a9c631c279d178740031d885c222,False
2026-09-21T18:32:39.268285+00:00,,,64,0,0,aee134af82a2d3af3d3252fd7819f9599379a9c631c279d178740031d885c222,False
2026-09-21T18:32:40.308934+00:00,,,64,0,0,aee134af82a2d3af3d3252fd7819f9599379a9c631c279d178740031d885c222,False
2026-09-21T18:32:41.351618+00:00,,,64,0,0,aee134af82a2d3af3d3252fd7819f9599379a9c631c279d178740031d885c222,False
2026-09-21T18:32:42.398063+00:00,,,64,0,0,aee134af82a2d3af3d3252fd7819f9599379a9c631c279d178740031d885c222,False
2026-09-21T18:32:43.437857+00:00,,,64,0,0,aee134af82a2d3af3d3252fd7819f9599379a9c631c279d178740031d885c222,False
2026-09-21T18:32:44.480357+00:00,,,64,0,0,aee134af82a2d3af3d3252fd7819f9599379a9c631c279d178740031d885c222,False
2026-09-21T18:32:45.541137+00:00,,,64,0,0,aee134af82a2d3af3d3252fd7819f9599379a9c631c279d178740031d885c222,False
2026-09-21T18:32:46.593140+00:00,,,64,0,0,aee134af82a2d3af3d3252fd7819f9599379a9c631c279d178740031d885c222,False
2026-09-21T18:32:47.632422+00:00,,,64,0,0,aee134af82a2d3af3d3252fd7819f9599379a9c631c279d178740031d885c222,False
2026-09-21T18:32:48.674987+00:00,,,64,0,0,aee134af82a2d3af3d3252fd7819f9599379a9c631c279d178740031d885c222,False
2026-09-21T18:32:49.759347+00:00,,,64,0,0,aee134af82a2d3af3d3252fd7819f9599379a9c631c279d178740031d885c222,False
2026-09-21T18:32:50.800202+00:00,,,64,0,0,aee134af82a2d3af3d3252fd7819f9599379a9c631c279d178740031d885c222,False
2026-09-21T18:32:51.851306+00:00,,,64,0,0,aee134af82a2d3af3d3252fd7819f9599379a9c631c279d178740031d885c222,False
2026-09-21T18:32:52.948989+00:00,,,64,0,0,aee134af82a2d3af3d3252fd7819f9599379a9c631c279d178740031d885c222,False
2026-09-21T18:32:53.980274+00:00,,,64,0,0,aee134af82a2d3af3d3252fd7819f9599379a9c631c279d178740031d885c222,False
2026-09-21T18:32:54.997827+00:00,,,64,0,0,aee134af82a2d3af3d3252fd7819f9599379a9c631c279d178740031d885c222,False
2026-09-21T18:32:56.102871+00:00,,,64,0,0,aee134af82a2d3af3d3252fd7819f9599379a9c631c279d178740031d885c222,False
2026-09-21T18:32:57.143562+00:00,,,64,0,0,aee134af82a2d3af3d3252fd7819f9599379a9c631c279d178740031d885c222,False
2026-09-21T18:32:58.165176+00:00,,,64,0,0,aee134af82a2d3af3d3252fd7819f9599379a9c631c279d178740031d885c222,False
2026-09-21T18:32:59.200572+00:00,,,64,0,0,aee134af82a2d3af3d3252fd7819f9599379a9c631c279d178740031d885c222,False
2026-09-21T18:33:00.221870+00:00,,,64,0,0,aee134af82a2d3af3d3252fd7819f9599379a9c631c279d178740031d885c222,False
2026-09-21T18:33:01.286500+00:00,,,64,0,0,aee134af82a2d3af3d3252fd7819f9599379a9c631c279d178740031d885c222,False
2026-09-21T18:33:02.333296+00:00,,,64,0,0,aee134af82a2d3af3d3252fd7819f9599379a9c631c279d178740031d885c222,False
2026-09-21T18:33:03.458061+00:00,,,64,0,0,aee134af82a2d3af3d3252fd7819f9599379a9c631c279d178740031d885c222,False
2026-09-21T18:33:04.506638+00:00,,,64,0,0,aee134af82a2d3af3d3252fd7819f9599379a9c631c279d178740031d885c222,False
2026-09-21T18:33:05.528093+00:00,,,64,0,0,aee134af82a2d3af3d3252fd7819f9599379a9c631c279d178740031d885c222,False
2026-09-21T18:33:06.547469+00:00,,,64,0,0,aee134af82a2d3af3d3252fd7819f9599379a9c631c279d178740031d885c222,False
2026-09-21T18:33:07.614079+00:00,,,64,0,0,aee134af82a2d3af3d3252fd7819f9599379a9c631c279d178740031d885c222,False
2026-09-21T18:33:08.667477+00:00,,,64,0,0,aee134af82a2d3af3d3252fd7819f9599379a9c631c279d178740031d885c222,False
2026-09-21T18:33:09.707851+00:00,,,64,0,0,aee134af82a2d3af3d3252fd7819f9599379a9c631c279d178740031d885c222,False
2026-09-21T18:33:10.756000+00:00,,,64,0,0,aee134af82a2d3af3d3252fd7819f9599379a9c631c279d178740031d885c222,False
2026-09-21T18:33:11.815037+00:00,,,64,0,0,aee134af82a2d3af3d3252fd7819f9599379a9c631c279d178740031d885c222,False
2026-09-21T18:33:12.853688+00:00,,,64,0,0,aee134af82a2d3af3d3252fd7819f9599379a9c631c279d178740031d885c222,False
2026-09-21T18:33:13.896573+00:00,,,64,0,0,aee134af82a2d3af3d3252fd7819f9599379a9c631c279d178740031d885c222,False
2026-09-21T18:33:14.934119+00:00,,,64,0,0,aee134af82a2d3af3d3252fd7819f9599379a9c631c279d178740031d885c222,False
2026-09-21T18:33:15.965839+00:00,,,64,0,0,aee134af82a2d3af3d3252fd7819f9599379a9c631c279d178740031d885c222,False
2026-09-21T18:33:17.010566+00:00,,,64,0,0,aee134af82a2d3af3d3252fd7819f9599379a9c631c279d178740031d885c222,False
2026-09-21T18:33:18.048403+00:00,,,64,0,0,aee134af82a2d3af3d3252fd7819f9599379a9c631c279d178740031d885c222,False
2026-09-21T18:33:19.104855+00:00,,,64,0,0,aee134af82a2d3af3d3252fd7819f9599379a9c631c279d178740031d885c222,False
2026-09-21T18:33:20.159262+00:00,,,64,0,0,aee134af82a2d3af3d3252fd7819f9599379a9c631c279d178740031d885c222,False
2026-09-21T18:33:21.189650+00:00,,,64,0,0,aee134af82a2d3af3d3252fd7819f9599379a9c631c279d178740031d885c222,False
2026-09-21T18:33:22.254918+00:00,,,64,0,0,aee134af82a2d3af3d3252fd7819f9599379a9c631c279d178740031d885c222,False
2026-09-21T18:33:23.304714+00:00,,,64,0,0,aee134af82a2d3af3d3252fd7819f9599379a9c631c279d178740031d885c222,False
2026-09-21T18:33:24.362551+00:00,,,64,0,0,aee134af82a2d3af3d3252fd7819f9599379a9c631c279d178740031d885c222,False
2026-09-21T18:33:25.429315+00:00,,,64,0,0,aee134af82a2d3af3d3252fd7819f9599379a9c631c279d178740031d885c222,False
2026-09-21T18:33:26.491823+00:00,,,64,0,0,aee134af82a2d3af3d3252fd7819f9599379a9c631c279d178740031d885c222,False
2026-09-21T18:33:27.533558+00:00,,,64,0,0,aee134af82a2d3af3d3252fd7819f9599379a9c631c279d178740031d885c222,False
2026-09-21T18:33:28.555350+00:00,,,64,0,0,aee134af82a2d3af3d3252fd7819f9599379a9c631c279d178740031d885c222,False
2026-09-21T18:33:29.609316+00:00,,,64,0,0,aee134af82a2d3af3d3252fd7819f9599379a9c631c279d178740031d885c222,False
2026-09-21T18:33:30.659493+00:00,,,64,0,0,aee134af82a2d3af3d3252fd7819f9599379a9c631c279d178740031d885c222,False
2026-09-21T18:33:31.693109+00:00,,,64,0,0,aee134af82a2d3af3d3252fd7819f9599379a9c631c279d178740031d885c222,False
2026-09-21T18:33:32.737727+00:00,,,64,0,0,aee134af82a2d3af3d3252fd7819f9599379a9c631c279d178740031d885c222,False
2026-09-21T18:33:33.787726+00:00,,,64,0,0,aee134af82a2d3af3d3252fd7819f9599379a9c631c279d178740031d885c222,False
2026-09-21T18:33:34.833295+00:00,,,64,0,0,aee134af82a2d3af3d3252fd7819f9599379a9c631c279d178740031d885c222,False
2026-09-21T18:33:35.871589+00:00,,,64,0,0,aee134af82a2d3af3d3252fd7819f9599379a9c631c279d178740031d885c222,False
2026-09-21T18:33:36.927314+00:00,,,64,0,0,aee134af82a2d3af3d3252fd7819f9599379a9c631c279d178740031d885c222,False
2026-09-21T18:33:37.977259+00:00,,,64,0,0,aee134af82a2d3af3d3252fd7819f9599379a9c631c279d178740031d885c222,False
2026-09-21T18:33:39.055119+00:00,,,64,0,0,aee134af82a2d3af3d3252fd7819f9599379a9c631c279d178740031d885c222,False
2026-09-21T18:33:40.100994+00:00,,,64,0,0,aee134af82a2d3af3d3252fd7819f9599379a9c631c279d178740031d885c222,False
2026-09-21T18:33:41.138788+00:00,,,64,0,0,aee134af82a2d3af3d3252fd7819f9599379a9c631c279d178740031d885c222,False
2026-09-21T18:33:42.179725+00:00,,,64,0,0,aee134af82a2d3af3d3252fd7819f9599379a9c631c279d178740031d885c222,False
2026-09-21T18:33:43.221335+00:00,,,64,0,0,aee134af82a2d3af3d3252fd7819f9599379a9c631c279d178740031d885c222,False
2026-09-21T18:33:44.263420+00:00,,,64,0,0,aee134af82a2d3af3d3252fd7819f9599379a9c631c279d178740031d885c222,False
2026-09-21T18:33:45.298788+00:00,,,64,0,0,aee134af82a2d3af3d3252fd7819f9599379a9c631c279d178740031d885c222,False
2026-09-21T18:33:46.383883+00:00,,,64,0,0,aee134af82a2d3af3d3252fd7819f9599379a9c631c279d178740031d885c222,False
2026-09-21T18:33:47.436219+00:00,,,64,0,0,aee134af82a2d3af3d3252fd7819f9599379a9c631c279d178740031d885c222,False
2026-09-21T18:33:48.472977+00:00,,,64,0,0,aee134af82a2d3af3d3252fd7819f9599379a9c631c279d178740031d885c222,False
2026-09-21T18:33:49.559061+00:00,,,64,0,0,aee134af82a2d3af3d3252fd7819f9599379a9c631c279d178740031d885c222,False
2026-09-21T18:33:50.589599+00:00,,,64,0,0,aee134af82a2d3af3d3252fd7819f9599379a9c631c279d178740031d885c222,False
2026-09-21T18:33:51.620103+00:00,,,64,0,0,aee134af82a2d3af3d3252fd7819f9599379a9c631c279d178740031d885c222,False
2026-09-21T18:33:52.702771+00:00,,,64,0,0,aee134af82a2d3af3d3252fd7819f9599379a9c631c279d178740031d885c222,False
2026-09-21T18:33:53.772980+00:00,,,64,0,0,aee134af82a2d3af3d3252fd7819f9599379a9c631c279d178740031d885c222,False
2026-09-21T18:33:54.820901+00:00,,,64,0,0,aee134af82a2d3af3d3252fd7819f9599379a9c631c279d178740031d885c222,False
2026-09-21T18:33:55.862826+00:00,,,64,0,0,aee134af82a2d3af3d3252fd7819f9599379a9c631c279d178740031d885c222,False
2026-09-21T18:33:56.900732+00:00,,,64,0,0,aee134af82a2d3af3d3252fd7819f9599379a9c631c279d178740031d885c222,False
2026-09-21T18:33:57.951559+00:00,,,64,0,0,aee134af82a2d3af3d3252fd7819f9599379a9c631c279d178740031d885c222,False
2026-09-21T18:33:59.000608+00:00,,,64,0,0,aee134af82a2d3af3d3252fd7819f9599379a9c631c279d178740031d885c222,False
2026-09-21T18:34:00.038535+00:00,,,64,0,0,aee134af82a2d3af3d3252fd7819f9599379a9c631c279d178740031d885c222,False
2026-09-21T18:34:01.105747+00:00,,,64,0,0,aee134af82a2d3af3d3252fd7819f9599379a9c631c279d178740031d885c222,False
2026-09-21T18:34:02.144752+00:00,,,64,0,0,aee134af82a2d3af3d3252fd7819f9599379a9c631c279d178740031d885c222,False
2026-09-21T18:34:03.209654+00:00,,,64,0,0,aee134af82a2d3af3d3252fd7819f9599379a9c631c279d178740031d885c222,False
2026-09-21T18:34:04.248954+00:00,,,64,0,0,aee134af82a2d3af3d3252fd7819f9599379a9c631c279d178740031d885c222,False
2026-09-21T18:34:05.273137+00:00,,,64,0,0,aee134af82a2d3af3d3252fd7819f9599379a9c631c279d178740031d885c222,False
2026-09-21T18:34:06.309408+00:00,,,64,0,0,aee134af82a2d3af3d3252fd7819f9599379a9c631c279d178740031d885c222,False
2026-09-21T18:34:07.352899+00:00,,,64,0,0,aee134af82a2d3af3d3252fd7819f9599379a9c631c279d178740031d885c222,False
2026-09-21T18:34:08.400588+00:00,,,64,0,0,aee134af82a2d3af3d3252fd7819f9599379a9c631c279d178740031d885c222,False
2026-09-21T18:34:09.527099+00:00,,,64,0,0,aee134af82a2d3af3d3252fd7819f9599379a9c631c279d178740031d885c222,False
2026-09-21T18:34:10.572513+00:00,scalein,-120.186210,64,0,0,aee134af82a2d3af3d3252fd7819f9599379a9c631c279d178740031d885c222,False
2026-09-21T18:34:11.602127+00:00,scalein,-119.156596,64,0,0,aee134af82a2d3af3d3252fd7819f9599379a9c631c279d178740031d885c222,False
2026-09-21T18:34:12.638634+00:00,scalein,-118.120089,64,0,0,aee134af82a2d3af3d3252fd7819f9599379a9c631c279d178740031d885c222,False
2026-09-21T18:34:13.667923+00:00,scalein,-117.090800,64,0,0,aee134af82a2d3af3d3252fd7819f9599379a9c631c279d178740031d885c222,False
2026-09-21T18:34:14.710293+00:00,scalein,-116.048430,64,0,0,aee134af82a2d3af3d3252fd7819f9599379a9c631c279d178740031d885c222,False
2026-09-21T18:34:15.748974+00:00,scalein,-115.009749,64,0,0,aee134af82a2d3af3d3252fd7819f9599379a9c631c279d178740031d885c222,False
2026-09-21T18:34:16.796695+00:00,scalein,-113.962028,64,0,0,aee134af82a2d3af3d3252fd7819f9599379a9c631c279d178740031d885c222,False
2026-09-21T18:34:18.084549+00:00,scalein,-112.674174,64,0,0,aee134af82a2d3af3d3252fd7819f9599379a9c631c279d178740031d885c222,False
2026-09-21T18:34:19.127447+00:00,scalein,-111.631276,64,0,0,aee134af82a2d3af3d3252fd7819f9599379a9c631c279d178740031d885c222,False
2026-09-21T18:34:20.178354+00:00,scalein,-110.580369,64,0,0,aee134af82a2d3af3d3252fd7819f9599379a9c631c279d178740031d885c222,False
2026-09-21T18:34:21.207858+00:00,scalein,-109.550865,64,0,0,aee134af82a2d3af3d3252fd7819f9599379a9c631c279d178740031d885c222,False
2026-09-21T18:34:22.253182+00:00,scalein,-108.505541,64,0,0,aee134af82a2d3af3d3252fd7819f9599379a9c631c279d178740031d885c222,False
2026-09-21T18:34:23.295643+00:00,scalein,-107.463080,64,0,0,aee134af82a2d3af3d3252fd7819f9599379a9c631c279d178740031d885c222,False
2026-09-21T18:34:24.357968+00:00,scalein,-106.400755,64,0,0,aee134af82a2d3af3d3252fd7819f9599379a9c631c279d178740031d885c222,False
2026-09-21T18:34:25.402317+00:00,scalein,-105.356406,64,0,0,aee134af82a2d3af3d3252fd7819f9599379a9c631c279d178740031d885c222,False
2026-09-21T18:34:26.444806+00:00,scalein,-104.313917,64,0,0,aee134af82a2d3af3d3252fd7819f9599379a9c631c279d178740031d885c222,False
2026-09-21T18:34:27.481935+00:00,scalein,-103.276788,64,0,0,aee134af82a2d3af3d3252fd7819f9599379a9c631c279d178740031d885c222,False
2026-09-21T18:34:28.534060+00:00,scalein,-102.224663,64,0,0,aee134af82a2d3af3d3252fd7819f9599379a9c631c279d178740031d885c222,False
2026-09-21T18:34:29.560356+00:00,scalein,-101.198367,64,0,0,aee134af82a2d3af3d3252fd7819f9599379a9c631c279d178740031d885c222,False
2026-09-21T18:34:30.601426+00:00,scalein,-100.157297,64,0,0,aee134af82a2d3af3d3252fd7819f9599379a9c631c279d178740031d885c222,False
2026-09-21T18:34:31.649214+00:00,scalein,-99.109509,64,0,0,aee134af82a2d3af3d3252fd7819f9599379a9c631c279d178740031d885c222,False
2026-09-21T18:34:32.697709+00:00,scalein,-98.061014,64,0,0,aee134af82a2d3af3d3252fd7819f9599379a9c631c279d178740031d885c222,False
2026-09-21T18:34:33.749907+00:00,scalein,-97.008816,64,0,0,aee134af82a2d3af3d3252fd7819f9599379a9c631c279d178740031d885c222,False
2026-09-21T18:34:34.779276+00:00,scalein,-95.979447,64,0,0,aee134af82a2d3af3d3252fd7819f9599379a9c631c279d178740031d885c222,False
2026-09-21T18:34:35.813308+00:00,scalein,-94.945415,64,0,0,aee134af82a2d3af3d3252fd7819f9599379a9c631c279d178740031d885c222,False
2026-09-21T18:34:36.866478+00:00,scalein,-93.892245,64,0,0,aee134af82a2d3af3d3252fd7819f9599379a9c631c279d178740031d885c222,False
2026-09-21T18:34:37.904712+00:00,scalein,-92.854011,64,0,0,aee134af82a2d3af3d3252fd7819f9599379a9c631c279d178740031d885c222,False
2026-09-21T18:34:38.976924+00:00,scalein,-91.781799,64,0,0,aee134af82a2d3af3d3252fd7819f9599379a9c631c279d178740031d885c222,False
2026-09-21T18:34:40.001964+00:00,scalein,-90.756759,64,0,0,aee134af82a2d3af3d3252fd7819f9599379a9c631c279d178740031d885c222,False
2026-09-21T18:34:41.035056+00:00,scalein,-89.723667,64,0,0,aee134af82a2d3af3d3252fd7819f9599379a9c631c279d178740031d885c222,False
2026-09-21T18:34:42.078434+00:00,scalein,-88.680289,64,0,0,aee134af82a2d3af3d3252fd7819f9599379a9c631c279d178740031d885c222,False
2026-09-21T18:34:43.111469+00:00,scalein,-87.647254,64,0,0,aee134af82a2d3af3d3252fd7819f9599379a9c631c279d178740031d885c222,False
2026-09-21T18:34:44.148194+00:00,scalein,-86.610529,64,0,0,aee134af82a2d3af3d3252fd7819f9599379a9c631c279d178740031d885c222,False
2026-09-21T18:34:45.211521+00:00,scalein,-85.547202,64,0,0,aee134af82a2d3af3d3252fd7819f9599379a9c631c279d178740031d885c222,False
2026-09-21T18:34:46.248215+00:00,scalein,-84.510508,64,0,0,aee134af82a2d3af3d3252fd7819f9599379a9c631c279d178740031d885c222,False
2026-09-21T18:34:47.282433+00:00,scalein,-83.476290,64,0,0,aee134af82a2d3af3d3252fd7819f9599379a9c631c279d178740031d885c222,False
2026-09-21T18:34:48.324784+00:00,scalein,-82.433939,64,0,0,aee134af82a2d3af3d3252fd7819f9599379a9c631c279d178740031d885c222,False
2026-09-21T18:34:49.356846+00:00,scalein,-81.401877,64,0,0,aee134af82a2d3af3d3252fd7819f9599379a9c631c279d178740031d885c222,False
2026-09-21T18:34:50.410641+00:00,scalein,-80.348082,64,0,0,aee134af82a2d3af3d3252fd7819f9599379a9c631c279d178740031d885c222,False
2026-09-21T18:34:51.436457+00:00,scalein,-79.322266,64,0,0,aee134af82a2d3af3d3252fd7819f9599379a9c631c279d178740031d885c222,False
2026-09-21T18:34:52.477694+00:00,scalein,-78.281029,64,0,0,aee134af82a2d3af3d3252fd7819f9599379a9c631c279d178740031d885c222,False
2026-09-21T18:34:53.525997+00:00,scalein,-77.232726,64,0,0,aee134af82a2d3af3d3252fd7819f9599379a9c631c279d178740031d885c222,False
2026-09-21T18:34:54.570351+00:00,scalein,-76.188372,64,0,0,aee134af82a2d3af3d3252fd7819f9599379a9c631c279d178740031d885c222,False
2026-09-21T18:34:55.618868+00:00,scalein,-75.139855,64,0,0,aee134af82a2d3af3d3252fd7819f9599379a9c631c279d178740031d885c222,False
2026-09-21T18:34:56.671297+00:00,scalein,-74.087426,64,0,0,aee134af82a2d3af3d3252fd7819f9599379a9c631c279d178740031d885c222,False
2026-09-21T18:34:57.726906+00:00,scalein,-73.031817,64,0,0,aee134af82a2d3af3d3252fd7819f9599379a9c631c279d178740031d885c222,False
2026-09-21T18:34:58.770396+00:00,scalein,-71.988327,64,0,0,aee134af82a2d3af3d3252fd7819f9599379a9c631c279d178740031d885c222,False
2026-09-21T18:34:59.809543+00:00,scalein,-70.949180,64,0,0,aee134af82a2d3af3d3252fd7819f9599379a9c631c279d178740031d885c222,False
2026-09-21T18:35:00.867079+00:00,scalein,-69.891644,64,0,0,aee134af82a2d3af3d3252fd7819f9599379a9c631c279d178740031d885c222,False
2026-09-21T18:35:01.913539+00:00,scalein,-68.845184,64,0,0,aee134af82a2d3af3d3252fd7819f9599379a9c631c279d178740031d885c222,False
2026-09-21T18:35:02.996663+00:00,scalein,-67.762060,64,0,0,aee134af82a2d3af3d3252fd7819f9599379a9c631c279d178740031d885c222,False
2026-09-21T18:35:04.034666+00:00,scalein,-66.724057,64,0,0,aee134af82a2d3af3d3252fd7819f9599379a9c631c279d178740031d885c222,False
2026-09-21T18:35:05.101053+00:00,scalein,-65.657670,64,0,0,aee134af82a2d3af3d3252fd7819f9599379a9c631c279d178740031d885c222,False
2026-09-21T18:35:06.149498+00:00,scalein,-64.609225,64,0,0,aee134af82a2d3af3d3252fd7819f9599379a9c631c279d178740031d885c222,False
2026-09-21T18:35:07.184491+00:00,scalein,-63.574232,64,0,0,aee134af82a2d3af3d3252fd7819f9599379a9c631c279d178740031d885c222,False
2026-09-21T18:35:08.210049+00:00,scalein,-62.548674,64,0,0,aee134af82a2d3af3d3252fd7819f9599379a9c631c279d178740031d885c222,False
2026-09-21T18:35:09.253523+00:00,scalein,-61.505200,64,0,0,aee134af82a2d3af3d3252fd7819f9599379a9c631c279d178740031d885c222,False
2026-09-21T18:35:10.284513+00:00,scalein,-60.474210,64,0,0,aee134af82a2d3af3d3252fd7819f9599379a9c631c279d178740031d885c222,False
2026-09-21T18:35:11.326881+00:00,scalein,-59.431842,64,0,0,aee134af82a2d3af3d3252fd7819f9599379a9c631c279d178740031d885c222,False
2026-09-21T18:35:12.357416+00:00,scalein,-58.401307,64,0,0,aee134af82a2d3af3d3252fd7819f9599379a9c631c279d178740031d885c222,False
2026-09-21T18:35:13.416365+00:00,scalein,-57.342358,64,0,0,aee134af82a2d3af3d3252fd7819f9599379a9c631c279d178740031d885c222,False
2026-09-21T18:35:14.461493+00:00,scalein,-56.297230,64,0,0,aee134af82a2d3af3d3252fd7819f9599379a9c631c279d178740031d885c222,False
2026-09-21T18:35:15.532899+00:00,scalein,-55.225824,64,0,0,aee134af82a2d3af3d3252fd7819f9599379a9c631c279d178740031d885c222,False
2026-09-21T18:35:16.594525+00:00,scalein,-54.164198,64,0,0,aee134af82a2d3af3d3252fd7819f9599379a9c631c279d178740031d885c222,False
2026-09-21T18:35:17.622334+00:00,scalein,-53.136389,64,0,0,aee134af82a2d3af3d3252fd7819f9599379a9c631c279d178740031d885c222,False
2026-09-21T18:35:18.660297+00:00,scalein,-52.098426,64,0,0,aee134af82a2d3af3d3252fd7819f9599379a9c631c279d178740031d885c222,False
2026-09-21T18:35:19.697206+00:00,scalein,-51.061517,64,0,0,aee134af82a2d3af3d3252fd7819f9599379a9c631c279d178740031d885c222,False
2026-09-21T18:35:20.730227+00:00,scalein,-50.028496,64,0,0,aee134af82a2d3af3d3252fd7819f9599379a9c631c279d178740031d885c222,False
2026-09-21T18:35:21.769836+00:00,scalein,-48.988887,64,0,0,aee134af82a2d3af3d3252fd7819f9599379a9c631c279d178740031d885c222,False
2026-09-21T18:35:22.800637+00:00,scalein,-47.958086,64,0,0,aee134af82a2d3af3d3252fd7819f9599379a9c631c279d178740031d885c222,False
2026-09-21T18:35:23.827024+00:00,scalein,-46.931699,64,0,0,aee134af82a2d3af3d3252fd7819f9599379a9c631c279d178740031d885c222,False
2026-09-21T18:35:24.870251+00:00,scalein,-45.888472,64,0,0,aee134af82a2d3af3d3252fd7819f9599379a9c631c279d178740031d885c222,False
2026-09-21T18:35:25.915640+00:00,scalein,-44.843083,64,0,0,aee134af82a2d3af3d3252fd7819f9599379a9c631c279d178740031d885c222,False
2026-09-21T18:35:26.969559+00:00,scalein,-43.789164,64,0,0,aee134af82a2d3af3d3252fd7819f9599379a9c631c279d178740031d885c222,False
2026-09-21T18:35:28.018033+00:00,scalein,-42.740690,64,0,0,aee134af82a2d3af3d3252fd7819f9599379a9c631c279d178740031d885c222,False
2026-09-21T18:35:29.060062+00:00,scalein,-41.698661,64,0,0,aee134af82a2d3af3d3252fd7819f9599379a9c631c279d178740031d885c222,False
2026-09-21T18:35:30.115786+00:00,scalein,-40.642937,64,0,0,aee134af82a2d3af3d3252fd7819f9599379a9c631c279d178740031d885c222,False
2026-09-21T18:35:31.158690+00:00,scalein,-39.600033,64,0,0,aee134af82a2d3af3d3252fd7819f9599379a9c631c279d178740031d885c222,False
2026-09-21T18:35:32.218971+00:00,scalein,-38.539752,64,0,0,aee134af82a2d3af3d3252fd7819f9599379a9c631c279d178740031d885c222,False
2026-09-21T18:35:33.281560+00:00,scalein,-37.477163,64,0,0,aee134af82a2d3af3d3252fd7819f9599379a9c631c279d178740031d885c222,False
2026-09-21T18:35:34.326397+00:00,scalein,-36.432326,64,0,0,aee134af82a2d3af3d3252fd7819f9599379a9c631c279d178740031d885c222,False
2026-09-21T18:35:35.385175+00:00,scalein,-35.373548,64,0,0,aee134af82a2d3af3d3252fd7819f9599379a9c631c279d178740031d885c222,False
2026-09-21T18:35:36.427139+00:00,scalein,-34.331584,64,0,0,aee134af82a2d3af3d3252fd7819f9599379a9c631c279d178740031d885c222,False
2026-09-21T18:35:37.462129+00:00,scalein,-33.296594,64,0,0,aee134af82a2d3af3d3252fd7819f9599379a9c631c279d178740031d885c222,False
2026-09-21T18:35:38.511225+00:00,scalein,-32.247498,64,0,0,aee134af82a2d3af3d3252fd7819f9599379a9c631c279d178740031d885c222,False
2026-09-21T18:35:39.548356+00:00,scalein,-31.210367,64,0,0,aee134af82a2d3af3d3252fd7819f9599379a9c631c279d178740031d885c222,False
2026-09-21T18:35:40.582945+00:00,scalein,-30.175778,64,0,0,aee134af82a2d3af3d3252fd7819f9599379a9c631c279d178740031d885c222,False
2026-09-21T18:35:41.614398+00:00,scalein,-29.144325,64,0,0,aee134af82a2d3af3d3252fd7819f9599379a9c631c279d178740031d885c222,False
2026-09-21T18:35:42.656855+00:00,scalein,-28.101868,64,0,0,aee134af82a2d3af3d3252fd7819f9599379a9c631c279d178740031d885c222,False
2026-09-21T18:35:43.703182+00:00,scalein,-27.055541,64,0,0,aee134af82a2d3af3d3252fd7819f9599379a9c631c279d178740031d885c222,False
2026-09-21T18:35:44.759292+00:00,scalein,-25.999431,64,0,0,aee134af82a2d3af3d3252fd7819f9599379a9c631c279d178740031d885c222,False
2026-09-21T18:35:45.804631+00:00,scalein,-24.954092,64,0,0,aee134af82a2d3af3d3252fd7819f9599379a9c631c279d178740031d885c222,False
2026-09-21T18:35:46.852606+00:00,scalein,-23.906117,64,0,0,aee134af82a2d3af3d3252fd7819f9599379a9c631c279d178740031d885c222,False
2026-09-21T18:35:48.056559+00:00,scalein,-22.702164,64,0,0,aee134af82a2d3af3d3252fd7819f9599379a9c631c279d178740031d885c222,False
2026-09-21T18:35:49.099449+00:00,scalein,-21.659274,64,0,0,aee134af82a2d3af3d3252fd7819f9599379a9c631c279d178740031d885c222,False
2026-09-21T18:35:50.186345+00:00,scalein,-20.572378,64,0,0,aee134af82a2d3af3d3252fd7819f9599379a9c631c279d178740031d885c222,False
2026-09-21T18:35:51.223035+00:00,scalein,-19.535688,64,0,0,aee134af82a2d3af3d3252fd7819f9599379a9c631c279d178740031d885c222,False
2026-09-21T18:35:52.272720+00:00,scalein,-18.486003,64,0,0,aee134af82a2d3af3d3252fd7819f9599379a9c631c279d178740031d885c222,False
2026-09-21T18:35:53.300717+00:00,scalein,-17.458006,64,0,0,aee134af82a2d3af3d3252fd7819f9599379a9c631c279d178740031d885c222,False
2026-09-21T18:35:54.340333+00:00,scalein,-16.418390,64,0,0,aee134af82a2d3af3d3252fd7819f9599379a9c631c279d178740031d885c222,False
2026-09-21T18:35:55.394431+00:00,scalein,-15.364292,64,0,0,aee134af82a2d3af3d3252fd7819f9599379a9c631c279d178740031d885c222,False
2026-09-21T18:35:56.435911+00:00,scalein,-14.322812,64,0,0,aee134af82a2d3af3d3252fd7819f9599379a9c631c279d178740031d885c222,False
2026-09-21T18:35:57.494793+00:00,scalein,-13.263930,64,0,0,aee134af82a2d3af3d3252fd7819f9599379a9c631c279d178740031d885c222,False
2026-09-21T18:35:58.551032+00:00,scalein,-12.207691,64,0,0,aee134af82a2d3af3d3252fd7819f9599379a9c631c279d178740031d885c222,False
2026-09-21T18:35:59.580256+00:00,scalein,-11.178467,64,0,0,aee134af82a2d3af3d3252fd7819f9599379a9c631c279d178740031d885c222,False
2026-09-21T18:36:00.605063+00:00,scalein,-10.153660,64,0,0,aee134af82a2d3af3d3252fd7819f9599379a9c631c279d178740031d885c222,False
2026-09-21T18:36:01.642770+00:00,scalein,-9.115953,64,0,0,aee134af82a2d3af3d3252fd7819f9599379a9c631c279d178740031d885c222,False
2026-09-21T18:36:02.678817+00:00,scalein,-8.079906,64,0,0,aee134af82a2d3af3d3252fd7819f9599379a9c631c279d178740031d885c222,False
2026-09-21T18:36:03.721302+00:00,scalein,-7.037421,64,0,0,aee134af82a2d3af3d3252fd7819f9599379a9c631c279d178740031d885c222,False
2026-09-21T18:36:04.759939+00:00,scalein,-5.998784,64,0,0,aee134af82a2d3af3d3252fd7819f9599379a9c631c279d178740031d885c222,False
2026-09-21T18:36:05.789179+00:00,scalein,-4.969544,64,0,0,aee134af82a2d3af3d3252fd7819f9599379a9c631c279d178740031d885c222,False
2026-09-21T18:36:06.830006+00:00,scalein,-3.928717,64,0,0,aee134af82a2d3af3d3252fd7819f9599379a9c631c279d178740031d885c222,False
2026-09-21T18:36:07.866947+00:00,scalein,-2.891776,64,0,0,aee134af82a2d3af3d3252fd7819f9599379a9c631c279d178740031d885c222,False
2026-09-21T18:36:08.899247+00:00,scalein,-1.859476,64,0,0,aee134af82a2d3af3d3252fd7819f9599379a9c631c279d178740031d885c222,False
2026-09-21T18:36:09.940268+00:00,scalein,-0.818455,64,0,0,aee134af82a2d3af3d3252fd7819f9599379a9c631c279d178740031d885c222,False
2026-09-21T18:36:10.957737+00:00,scalein,0.199014,64,0,0,aee134af82a2d3af3d3252fd7819f9599379a9c631c279d178740031d885c222,False
2026-09-21T18:36:11.995772+00:00,scalein,1.237049,64,5,64,458114bafcb0ef59941865a0878dc750d38d6d73263be0b61e275310ecc30398,True
2026-09-21T18:36:13.021198+00:00,scalein,2.262475,64,5,64,60f6a6d6f6ef1805686c3280be2e2d604b9a055159aa5ed4c91a603b4ebe7070,True
2026-09-21T18:36:14.052555+00:00,scalein,3.293832,64,7,64,41fe9712bffcc60b687a4b37362f2ea6658b8469f841db558805190a5bc44312,True
2026-09-21T18:36:15.073911+00:00,scalein,4.315188,64,6,64,de9fea65484d0dd59d2e831f30cee83d5989e49c67a5d521426a36db4a7111b8,True
2026-09-21T18:36:16.105713+00:00,scalein,5.346990,64,6,64,1c8ea183f748fdd3d9deb059136cfe25cbe3f641954cf2bb7ffa53ae5b15dfeb,True
2026-09-21T18:36:17.134897+00:00,scalein,6.376174,64,6,64,857e7a2562dc7b06058d7f7ca117789f146f302b0b4792bf6469ab0e61469d3d,True
2026-09-21T18:36:18.162115+00:00,scalein,7.403392,64,6,64,1fb76f66a185d5e1c6597ea30c2a9a436d93c1999d396c9840949a7240dcde94,True
2026-09-21T18:36:19.188633+00:00,scalein,8.429910,64,4,64,3a12147badd2f23c87ae91e5e5af599773e7320f7091015b6890f4a1e86e8ae2,True
2026-09-21T18:36:20.220034+00:00,scalein,9.461311,64,5,64,489472d2f31c58b270efdd03baeb7e47820eaae76d30da946ef0045875e0676d,True
2026-09-21T18:36:21.244429+00:00,scalein,10.485706,64,1,64,4bee4c39ce952d3c19a184c878b23c26fa9b49c3fb1384fdcd9c63543d59fd7b,True
2026-09-21T18:36:22.278147+00:00,scalein,11.519424,32,0,0,6cf52661e63b63770ad82cc455635795aa5d245136420746a503c95b04893a99,True
2026-09-21T18:36:23.297555+00:00,scalein,12.538832,32,0,0,6cf52661e63b63770ad82cc455635795aa5d245136420746a503c95b04893a99,False
2026-09-21T18:36:24.325680+00:00,scalein,13.566957,32,0,0,6cf52661e63b63770ad82cc455635795aa5d245136420746a503c95b04893a99,False
2026-09-21T18:36:25.348953+00:00,scalein,14.590230,32,0,0,6cf52661e63b63770ad82cc455635795aa5d245136420746a503c95b04893a99,False
2026-09-21T18:36:26.373472+00:00,scalein,15.614749,32,1,1,24fabe171db955f9a37e6d774dd962a5930b3665107383b0ec15502ab9a91713,True
2026-09-21T18:36:27.409323+00:00,scalein,16.650600,32,1,1,f8d0e4efd76a4cd4fe09d2132940ca2c7ed906cc9d03e85cbf8eeec904f7182c,True
2026-09-21T18:36:28.450113+00:00,scalein,17.691390,32,0,0,5eeee786d299c189803d04079c2a9ba589e76d362f94d05e91b122753206b75c,True
2026-09-21T18:36:29.485784+00:00,scalein,18.727061,32,0,0,5eeee786d299c189803d04079c2a9ba589e76d362f94d05e91b122753206b75c,False
2026-09-21T18:36:30.510205+00:00,scalein,19.751482,32,0,0,5eeee786d299c189803d04079c2a9ba589e76d362f94d05e91b122753206b75c,False
2026-09-21T18:36:31.553849+00:00,scalein,20.795126,32,0,0,5eeee786d299c189803d04079c2a9ba589e76d362f94d05e91b122753206b75c,False
2026-09-21T18:36:32.589801+00:00,scalein,21.831078,32,0,0,5eeee786d299c189803d04079c2a9ba589e76d362f94d05e91b122753206b75c,False
2026-09-21T18:36:33.657485+00:00,scalein,22.898762,32,0,0,5eeee786d299c189803d04079c2a9ba589e76d362f94d05e91b122753206b75c,False
2026-09-21T18:36:34.705347+00:00,scalein,23.946624,32,0,0,5eeee786d299c189803d04079c2a9ba589e76d362f94d05e91b122753206b75c,False
2026-09-21T18:36:35.750482+00:00,scalein,24.991759,32,0,0,5eeee786d299c189803d04079c2a9ba589e76d362f94d05e91b122753206b75c,False
2026-09-21T18:36:36.777964+00:00,scalein,26.019241,32,0,0,5eeee786d299c189803d04079c2a9ba589e76d362f94d05e91b122753206b75c,False
2026-09-21T18:36:37.807450+00:00,scalein,27.048727,32,0,0,5eeee786d299c189803d04079c2a9ba589e76d362f94d05e91b122753206b75c,False
2026-09-21T18:36:38.832535+00:00,scalein,28.073812,32,0,0,5eeee786d299c189803d04079c2a9ba589e76d362f94d05e91b122753206b75c,False
2026-09-21T18:36:39.868483+00:00,scalein,29.109760,32,0,0,5eeee786d299c189803d04079c2a9ba589e76d362f94d05e91b122753206b75c,False
2026-09-21T18:36:40.905531+00:00,scalein,30.146808,32,0,0,5eeee786d299c189803d04079c2a9ba589e76d362f94d05e91b122753206b75c,False
2026-09-21T18:36:41.947575+00:00,scalein,31.188852,32,0,0,5eeee786d299c189803d04079c2a9ba589e76d362f94d05e91b122753206b75c,False
2026-09-21T18:36:42.984118+00:00,scalein,32.225395,32,0,0,5eeee786d299c189803d04079c2a9ba589e76d362f94d05e91b122753206b75c,False
2026-09-21T18:36:44.017788+00:00,scalein,33.259065,32,0,0,5eeee786d299c189803d04079c2a9ba589e76d362f94d05e91b122753206b75c,False
2026-09-21T18:36:45.052317+00:00,scalein,34.293594,32,0,0,5eeee786d299c189803d04079c2a9ba589e76d362f94d05e91b122753206b75c,False
2026-09-21T18:36:46.075579+00:00,scalein,35.316856,32,0,0,5eeee786d299c189803d04079c2a9ba589e76d362f94d05e91b122753206b75c,False
2026-09-21T18:36:47.120287+00:00,scalein,36.361564,32,0,0,5eeee786d299c189803d04079c2a9ba589e76d362f94d05e91b122753206b75c,False
2026-09-21T18:36:48.151374+00:00,scalein,37.392651,32,0,0,5eeee786d299c189803d04079c2a9ba589e76d362f94d05e91b122753206b75c,False
2026-09-21T18:36:49.179889+00:00,scalein,38.421166,32,0,0,5eeee786d299c189803d04079c2a9ba589e76d362f94d05e91b122753206b75c,False
2026-09-21T18:36:50.208289+00:00,scalein,39.449566,32,0,0,5eeee786d299c189803d04079c2a9ba589e76d362f94d05e91b122753206b75c,False
2026-09-21T18:36:51.226051+00:00,scalein,40.467328,32,0,0,5eeee786d299c189803d04079c2a9ba589e76d362f94d05e91b122753206b75c,False
2026-09-21T18:36:52.249681+00:00,scalein,41.490958,32,0,0,5eeee786d299c189803d04079c2a9ba589e76d362f94d05e91b122753206b75c,False
2026-09-21T18:36:53.310621+00:00,scalein,42.551898,32,0,0,5eeee786d299c189803d04079c2a9ba589e76d362f94d05e91b122753206b75c,False
2026-09-21T18:36:54.335890+00:00,scalein,43.577167,32,0,0,5eeee786d299c189803d04079c2a9ba589e76d362f94d05e91b122753206b75c,False
2026-09-21T18:36:55.384062+00:00,scalein,44.625339,32,0,0,5eeee786d299c189803d04079c2a9ba589e76d362f94d05e91b122753206b75c,False
2026-09-21T18:36:56.415091+00:00,scalein,45.656368,32,0,0,5eeee786d299c189803d04079c2a9ba589e76d362f94d05e91b122753206b75c,False
2026-09-21T18:36:57.443043+00:00,scalein,46.684320,32,0,0,5eeee786d299c189803d04079c2a9ba589e76d362f94d05e91b122753206b75c,False
2026-09-21T18:36:58.485364+00:00,scalein,47.726641,32,0,0,5eeee786d299c189803d04079c2a9ba589e76d362f94d05e91b122753206b75c,False
2026-09-21T18:36:59.511905+00:00,scalein,48.753182,32,0,0,5eeee786d299c189803d04079c2a9ba589e76d362f94d05e91b122753206b75c,False
2026-09-21T18:37:00.531570+00:00,scalein,49.772847,32,0,0,5eeee786d299c189803d04079c2a9ba589e76d362f94d05e91b122753206b75c,False
2026-09-21T18:37:01.564160+00:00,scalein,50.805437,32,0,0,5eeee786d299c189803d04079c2a9ba589e76d362f94d05e91b122753206b75c,False
2026-09-21T18:37:02.614318+00:00,scalein,51.855595,32,0,0,5eeee786d299c189803d04079c2a9ba589e76d362f94d05e91b122753206b75c,False
2026-09-21T18:37:03.656000+00:00,scalein,52.897277,32,0,0,5eeee786d299c189803d04079c2a9ba589e76d362f94d05e91b122753206b75c,False
2026-09-21T18:37:04.694883+00:00,scalein,53.936160,32,0,0,5eeee786d299c189803d04079c2a9ba589e76d362f94d05e91b122753206b75c,False
2026-09-21T18:37:05.714587+00:00,scalein,54.955864,32,0,0,5eeee786d299c189803d04079c2a9ba589e76d362f94d05e91b122753206b75c,False
2026-09-21T18:37:06.756983+00:00,scalein,55.998260,32,0,0,5eeee786d299c189803d04079c2a9ba589e76d362f94d05e91b122753206b75c,False
2026-09-21T18:37:07.799981+00:00,scalein,57.041258,32,0,0,5eeee786d299c189803d04079c2a9ba589e76d362f94d05e91b122753206b75c,False
2026-09-21T18:37:08.848223+00:00,scalein,58.089500,32,0,0,5eeee786d299c189803d04079c2a9ba589e76d362f94d05e91b122753206b75c,False
2026-09-21T18:37:09.879751+00:00,scalein,59.121028,32,0,0,5eeee786d299c189803d04079c2a9ba589e76d362f94d05e91b122753206b75c,False
2026-09-21T18:37:10.899170+00:00,scalein,60.140447,32,0,0,5eeee786d299c189803d04079c2a9ba589e76d362f94d05e91b122753206b75c,False
2026-09-21T18:37:11.920958+00:00,scalein,61.162235,32,0,0,5eeee786d299c189803d04079c2a9ba589e76d362f94d05e91b122753206b75c,False
2026-09-21T18:37:12.949018+00:00,scalein,62.190295,32,0,0,5eeee786d299c189803d04079c2a9ba589e76d362f94d05e91b122753206b75c,False
2026-09-21T18:37:13.991998+00:00,scalein,63.233275,32,0,0,5eeee786d299c189803d04079c2a9ba589e76d362f94d05e91b122753206b75c,False
2026-09-21T18:37:15.027148+00:00,scalein,64.268425,32,0,0,5eeee786d299c189803d04079c2a9ba589e76d362f94d05e91b122753206b75c,False
2026-09-21T18:37:16.057827+00:00,scalein,65.299104,32,0,0,5eeee786d299c189803d04079c2a9ba589e76d362f94d05e91b122753206b75c,False
2026-09-21T18:37:17.086164+00:00,scalein,66.327441,32,0,0,5eeee786d299c189803d04079c2a9ba589e76d362f94d05e91b122753206b75c,False
2026-09-21T18:37:18.122468+00:00,scalein,67.363745,32,0,0,5eeee786d299c189803d04079c2a9ba589e76d362f94d05e91b122753206b75c,False
2026-09-21T18:37:19.158169+00:00,scalein,68.399446,32,0,0,5eeee786d299c189803d04079c2a9ba589e76d362f94d05e91b122753206b75c,False
2026-09-21T18:37:20.193632+00:00,scalein,69.434909,32,0,0,5eeee786d299c189803d04079c2a9ba589e76d362f94d05e91b122753206b75c,False
2026-09-21T18:37:21.218010+00:00,scalein,70.459287,32,0,0,5eeee786d299c189803d04079c2a9ba589e76d362f94d05e91b122753206b75c,False
2026-09-21T18:37:22.249019+00:00,scalein,71.490296,32,0,0,5eeee786d299c189803d04079c2a9ba589e76d362f94d05e91b122753206b75c,False
2026-09-21T18:37:23.280223+00:00,scalein,72.521500,32,0,0,5eeee786d299c189803d04079c2a9ba589e76d362f94d05e91b122753206b75c,False
2026-09-21T18:37:24.315323+00:00,scalein,73.556600,32,0,0,5eeee786d299c189803d04079c2a9ba589e76d362f94d05e91b122753206b75c,False
2026-09-21T18:37:25.362869+00:00,scalein,74.604146,32,0,0,5eeee786d299c189803d04079c2a9ba589e76d362f94d05e91b122753206b75c,False
2026-09-21T18:37:26.393504+00:00,scalein,75.634781,32,0,0,5eeee786d299c189803d04079c2a9ba589e76d362f94d05e91b122753206b75c,False
2026-09-21T18:37:27.428877+00:00,scalein,76.670154,32,0,0,5eeee786d299c189803d04079c2a9ba589e76d362f94d05e91b122753206b75c,False
2026-09-21T18:37:28.446758+00:00,scalein,77.688035,32,0,0,5eeee786d299c189803d04079c2a9ba589e76d362f94d05e91b122753206b75c,False
2026-09-21T18:37:29.478697+00:00,scalein,78.719974,32,0,0,5eeee786d299c189803d04079c2a9ba589e76d362f94d05e91b122753206b75c,False
2026-09-21T18:37:30.517703+00:00,scalein,79.758980,32,0,0,5eeee786d299c189803d04079c2a9ba589e76d362f94d05e91b122753206b75c,False
2026-09-21T18:37:31.556088+00:00,scalein,80.797365,32,0,0,5eeee786d299c189803d04079c2a9ba589e76d362f94d05e91b122753206b75c,False
2026-09-21T18:37:32.599323+00:00,scalein,81.840600,32,0,0,5eeee786d299c189803d04079c2a9ba589e76d362f94d05e91b122753206b75c,False
2026-09-21T18:37:33.642788+00:00,scalein,82.884065,32,0,0,5eeee786d299c189803d04079c2a9ba589e76d362f94d05e91b122753206b75c,False
2026-09-21T18:37:34.669456+00:00,scalein,83.910733,32,0,0,5eeee786d299c189803d04079c2a9ba589e76d362f94d05e91b122753206b75c,False
2026-09-21T18:37:35.696901+00:00,scalein,84.938178,32,0,0,5eeee786d299c189803d04079c2a9ba589e76d362f94d05e91b122753206b75c,False
2026-09-21T18:37:36.733117+00:00,scalein,85.974394,32,0,0,5eeee786d299c189803d04079c2a9ba589e76d362f94d05e91b122753206b75c,False
2026-09-21T18:37:37.776548+00:00,scalein,87.017825,32,0,0,5eeee786d299c189803d04079c2a9ba589e76d362f94d05e91b122753206b75c,False
2026-09-21T18:37:38.805686+00:00,scalein,88.046963,32,0,0,5eeee786d299c189803d04079c2a9ba589e76d362f94d05e91b122753206b75c,False
2026-09-21T18:37:39.881944+00:00,scalein,89.123221,32,0,0,5eeee786d299c189803d04079c2a9ba589e76d362f94d05e91b122753206b75c,False
2026-09-21T18:37:40.902066+00:00,scalein,90.143343,32,0,0,5eeee786d299c189803d04079c2a9ba589e76d362f94d05e91b122753206b75c,False
2026-09-21T18:37:41.934949+00:00,scalein,91.176226,32,0,0,5eeee786d299c189803d04079c2a9ba589e76d362f94d05e91b122753206b75c,False
2026-09-21T18:37:42.954854+00:00,scalein,92.196131,32,0,0,5eeee786d299c189803d04079c2a9ba589e76d362f94d05e91b122753206b75c,False
2026-09-21T18:37:44.012516+00:00,scalein,93.253793,32,0,0,5eeee786d299c189803d04079c2a9ba589e76d362f94d05e91b122753206b75c,False
2026-09-21T18:37:45.036537+00:00,scalein,94.277814,32,0,0,5eeee786d299c189803d04079c2a9ba589e76d362f94d05e91b122753206b75c,False
2026-09-21T18:37:46.075636+00:00,scalein,95.316913,32,0,0,5eeee786d299c189803d04079c2a9ba589e76d362f94d05e91b122753206b75c,False
2026-09-21T18:37:47.111338+00:00,scalein,96.352615,32,0,0,5eeee786d299c189803d04079c2a9ba589e76d362f94d05e91b122753206b75c,False
2026-09-21T18:37:48.147968+00:00,scalein,97.389245,32,0,0,5eeee786d299c189803d04079c2a9ba589e76d362f94d05e91b122753206b75c,False
2026-09-21T18:37:49.177368+00:00,scalein,98.418645,32,0,0,5eeee786d299c189803d04079c2a9ba589e76d362f94d05e91b122753206b75c,False
2026-09-21T18:37:50.215856+00:00,scalein,99.457133,32,0,0,5eeee786d299c189803d04079c2a9ba589e76d362f94d05e91b122753206b75c,False
2026-09-21T18:37:51.248537+00:00,scalein,100.489814,32,0,0,5eeee786d299c189803d04079c2a9ba589e76d362f94d05e91b122753206b75c,False
2026-09-21T18:37:52.269723+00:00,scalein,101.511000,32,0,0,5eeee786d299c189803d04079c2a9ba589e76d362f94d05e91b122753206b75c,False
2026-09-21T18:37:53.294566+00:00,scalein,102.535843,32,0,0,5eeee786d299c189803d04079c2a9ba589e76d362f94d05e91b122753206b75c,False
2026-09-21T18:37:54.331309+00:00,scalein,103.572586,32,0,0,5eeee786d299c189803d04079c2a9ba589e76d362f94d05e91b122753206b75c,False
2026-09-21T18:37:55.364429+00:00,scalein,104.605706,32,0,0,5eeee786d299c189803d04079c2a9ba589e76d362f94d05e91b122753206b75c,False
2026-09-21T18:37:56.389782+00:00,scalein,105.631059,32,0,0,5eeee786d299c189803d04079c2a9ba589e76d362f94d05e91b122753206b75c,False
2026-09-21T18:37:57.415960+00:00,scalein,106.657237,32,0,0,5eeee786d299c189803d04079c2a9ba589e76d362f94d05e91b122753206b75c,False
2026-09-21T18:37:58.440065+00:00,scalein,107.681342,32,0,0,5eeee786d299c189803d04079c2a9ba589e76d362f94d05e91b122753206b75c,False
2026-09-21T18:37:59.485656+00:00,scalein,108.726933,32,0,0,5eeee786d299c189803d04079c2a9ba589e76d362f94d05e91b122753206b75c,False
2026-09-21T18:38:00.560528+00:00,scalein,109.801805,32,0,0,5eeee786d299c189803d04079c2a9ba589e76d362f94d05e91b122753206b75c,False
2026-09-21T18:38:01.608492+00:00,scalein,110.849769,32,0,0,5eeee786d299c189803d04079c2a9ba589e76d362f94d05e91b122753206b75c,False
2026-09-21T18:38:02.651134+00:00,scalein,111.892411,32,0,0,5eeee786d299c189803d04079c2a9ba589e76d362f94d05e91b122753206b75c,False
2026-09-21T18:38:03.722226+00:00,scalein,112.963503,32,0,0,5eeee786d299c189803d04079c2a9ba589e76d362f94d05e91b122753206b75c,False
2026-09-21T18:38:04.737000+00:00,scalein,113.978277,32,0,0,5eeee786d299c189803d04079c2a9ba589e76d362f94d05e91b122753206b75c,False
2026-09-21T18:38:05.773226+00:00,scalein,115.014503,32,0,0,5eeee786d299c189803d04079c2a9ba589e76d362f94d05e91b122753206b75c,False
2026-09-21T18:38:06.820528+00:00,scalein,116.061805,32,0,0,5eeee786d299c189803d04079c2a9ba589e76d362f94d05e91b122753206b75c,False
2026-09-21T18:38:07.864446+00:00,scalein,117.105723,32,0,0,5eeee786d299c189803d04079c2a9ba589e76d362f94d05e91b122753206b75c,False
2026-09-21T18:38:08.893332+00:00,scalein,118.134609,32,0,0,5eeee786d299c189803d04079c2a9ba589e76d362f94d05e91b122753206b75c,False
2026-09-21T18:38:09.934739+00:00,scalein,119.176016,32,0,0,5eeee786d299c189803d04079c2a9ba589e76d362f94d05e91b122753206b75c,False
2026-09-21T18:38:10.967750+00:00,scalein,120.209027,32,0,0,5eeee786d299c189803d04079c2a9ba589e76d362f94d05e91b122753206b75c,False
2026-09-21T18:38:12.008940+00:00,scalein,121.250217,32,0,0,5eeee786d299c189803d04079c2a9ba589e76d362f94d05e91b122753206b75c,False
2026-09-21T18:38:13.035022+00:00,scalein,122.276299,32,0,0,5eeee786d299c189803d04079c2a9ba589e76d362f94d05e91b122753206b75c,False
2026-09-21T18:38:14.068974+00:00,scalein,123.310251,32,0,0,5eeee786d299c189803d04079c2a9ba589e76d362f94d05e91b122753206b75c,False
2026-09-21T18:38:15.102127+00:00,scalein,124.343404,32,0,0,5eeee786d299c189803d04079c2a9ba589e76d362f94d05e91b122753206b75c,False
2026-09-21T18:38:16.127293+00:00,scalein,125.368570,32,0,0,5eeee786d299c189803d04079c2a9ba589e76d362f94d05e91b122753206b75c,False
2026-09-21T18:38:17.155304+00:00,scalein,126.396581,32,0,0,5eeee786d299c189803d04079c2a9ba589e76d362f94d05e91b122753206b75c,False
2026-09-21T18:38:18.185147+00:00,scalein,127.426424,32,0,0,5eeee786d299c189803d04079c2a9ba589e76d362f94d05e91b122753206b75c,False
2026-09-21T18:38:19.209000+00:00,scalein,128.450277,32,0,0,5eeee786d299c189803d04079c2a9ba589e76d362f94d05e91b122753206b75c,False
2026-09-21T18:38:20.233441+00:00,scalein,129.474718,32,0,0,5eeee786d299c189803d04079c2a9ba589e76d362f94d05e91b122753206b75c,False
2026-09-21T18:38:21.264111+00:00,scalein,130.505388,32,0,0,5eeee786d299c189803d04079c2a9ba589e76d362f94d05e91b122753206b75c,False
2026-09-21T18:38:22.305766+00:00,scalein,131.547043,32,0,0,5eeee786d299c189803d04079c2a9ba589e76d362f94d05e91b122753206b75c,False
2026-09-21T18:38:23.340239+00:00,scalein,132.581516,32,0,0,5eeee786d299c189803d04079c2a9ba589e76d362f94d05e91b122753206b75c,False
2026-09-21T18:38:24.366559+00:00,scalein,133.607836,32,0,0,5eeee786d299c189803d04079c2a9ba589e76d362f94d05e91b122753206b75c,False
2026-09-21T18:38:25.395472+00:00,scalein,134.636749,32,0,0,5eeee786d299c189803d04079c2a9ba589e76d362f94d05e91b122753206b75c,False
2026-09-21T18:38:26.426601+00:00,scalein,135.667878,32,0,0,5eeee786d299c189803d04079c2a9ba589e76d362f94d05e91b122753206b75c,False
2026-09-21T18:38:27.448335+00:00,scalein,136.689612,32,0,0,5eeee786d299c189803d04079c2a9ba589e76d362f94d05e91b122753206b75c,False
2026-09-21T18:38:28.473423+00:00,scalein,137.714700,32,0,0,5eeee786d299c189803d04079c2a9ba589e76d362f94d05e91b122753206b75c,False
2026-09-21T18:38:29.496573+00:00,scalein,138.737850,32,0,0,5eeee786d299c189803d04079c2a9ba589e76d362f94d05e91b122753206b75c,False
2026-09-21T18:38:30.532423+00:00,scalein,139.773700,32,0,0,5eeee786d299c189803d04079c2a9ba589e76d362f94d05e91b122753206b75c,False
2026-09-21T18:38:31.566907+00:00,scalein,140.808184,32,0,0,5eeee786d299c189803d04079c2a9ba589e76d362f94d05e91b122753206b75c,False
2026-09-21T18:38:32.609113+00:00,scalein,141.850390,32,0,0,5eeee786d299c189803d04079c2a9ba589e76d362f94d05e91b122753206b75c,False
2026-09-21T18:38:33.655905+00:00,scalein,142.897182,32,0,0,5eeee786d299c189803d04079c2a9ba589e76d362f94d05e91b122753206b75c,False
2026-09-21T18:38:34.686851+00:00,scalein,143.928128,32,0,0,5eeee786d299c189803d04079c2a9ba589e76d362f94d05e91b122753206b75c,False
2026-09-21T18:38:35.713036+00:00,scalein,144.954313,32,0,0,5eeee786d299c189803d04079c2a9ba589e76d362f94d05e91b122753206b75c,False
2026-09-21T18:38:36.779824+00:00,scalein,146.021101,32,0,0,5eeee786d299c189803d04079c2a9ba589e76d362f94d05e91b122753206b75c,False
2026-09-21T18:38:37.813105+00:00,scalein,147.054382,32,0,0,5eeee786d299c189803d04079c2a9ba589e76d362f94d05e91b122753206b75c,False
2026-09-21T18:38:38.844266+00:00,scalein,148.085543,32,0,0,5eeee786d299c189803d04079c2a9ba589e76d362f94d05e91b122753206b75c,False
2026-09-21T18:38:39.893089+00:00,scalein,149.134366,32,0,0,5eeee786d299c189803d04079c2a9ba589e76d362f94d05e91b122753206b75c,False
2026-09-21T18:38:40.925946+00:00,scalein,150.167223,32,0,0,5eeee786d299c189803d04079c2a9ba589e76d362f94d05e91b122753206b75c,False
2026-09-21T18:38:41.956788+00:00,scalein,151.198065,32,0,0,5eeee786d299c189803d04079c2a9ba589e76d362f94d05e91b122753206b75c,False
2026-09-21T18:38:42.979950+00:00,scalein,152.221227,32,0,0,5eeee786d299c189803d04079c2a9ba589e76d362f94d05e91b122753206b75c,False
2026-09-21T18:38:44.033450+00:00,scalein,153.274727,32,0,0,5eeee786d299c189803d04079c2a9ba589e76d362f94d05e91b122753206b75c,False
2026-09-21T18:38:45.062400+00:00,scalein,154.303677,32,0,0,5eeee786d299c189803d04079c2a9ba589e76d362f94d05e91b122753206b75c,False
2026-09-21T18:38:46.110312+00:00,scalein,155.351589,32,0,0,5eeee786d299c189803d04079c2a9ba589e76d362f94d05e91b122753206b75c,False
2026-09-21T18:38:47.165649+00:00,scalein,156.406926,32,0,0,5eeee786d299c189803d04079c2a9ba589e76d362f94d05e91b122753206b75c,False
2026-09-21T18:38:48.202326+00:00,scalein,157.443603,32,0,0,5eeee786d299c189803d04079c2a9ba589e76d362f94d05e91b122753206b75c,False
2026-09-21T18:38:49.232471+00:00,scalein,158.473748,32,0,0,5eeee786d299c189803d04079c2a9ba589e76d362f94d05e91b122753206b75c,False
2026-09-21T18:38:50.246903+00:00,scalein,159.488180,32,0,0,5eeee786d299c189803d04079c2a9ba589e76d362f94d05e91b122753206b75c,False
2026-09-21T18:38:51.293217+00:00,scalein,160.534494,32,0,0,5eeee786d299c189803d04079c2a9ba589e76d362f94d05e91b122753206b75c,False
2026-09-21T18:38:52.336959+00:00,scalein,161.578236,32,0,0,5eeee786d299c189803d04079c2a9ba589e76d362f94d05e91b122753206b75c,False
2026-09-21T18:38:53.381440+00:00,scalein,162.622717,32,0,0,5eeee786d299c189803d04079c2a9ba589e76d362f94d05e91b122753206b75c,False
2026-09-21T18:38:54.404308+00:00,scalein,163.645585,32,0,0,5eeee786d299c189803d04079c2a9ba589e76d362f94d05e91b122753206b75c,False
2026-09-21T18:38:55.439601+00:00,scalein,164.680878,32,0,0,5eeee786d299c189803d04079c2a9ba589e76d362f94d05e91b122753206b75c,False
2026-09-21T18:38:56.477450+00:00,scalein,165.718727,32,0,0,5eeee786d299c189803d04079c2a9ba589e76d362f94d05e91b122753206b75c,False
2026-09-21T18:38:57.512517+00:00,scalein,166.753794,32,0,0,5eeee786d299c189803d04079c2a9ba589e76d362f94d05e91b122753206b75c,False
2026-09-21T18:38:58.545067+00:00,scalein,167.786344,32,0,0,5eeee786d299c189803d04079c2a9ba589e76d362f94d05e91b122753206b75c,False
2026-09-21T18:38:59.589157+00:00,scalein,168.830434,32,0,0,5eeee786d299c189803d04079c2a9ba589e76d362f94d05e91b122753206b75c,False
2026-09-21T18:39:00.625592+00:00,scalein,169.866869,32,0,0,5eeee786d299c189803d04079c2a9ba589e76d362f94d05e91b122753206b75c,False
2026-09-21T18:39:01.658886+00:00,scalein,170.900163,32,0,0,5eeee786d299c189803d04079c2a9ba589e76d362f94d05e91b122753206b75c,False
2026-09-21T18:39:02.697724+00:00,scalein,171.939001,32,0,0,5eeee786d299c189803d04079c2a9ba589e76d362f94d05e91b122753206b75c,False
2026-09-21T18:39:03.732888+00:00,scalein,172.974165,32,0,0,5eeee786d299c189803d04079c2a9ba589e76d362f94d05e91b122753206b75c,False
2026-09-21T18:39:04.765936+00:00,scalein,174.007213,32,0,0,5eeee786d299c189803d04079c2a9ba589e76d362f94d05e91b122753206b75c,False
2026-09-21T18:39:05.802129+00:00,scalein,175.043406,32,0,0,5eeee786d299c189803d04079c2a9ba589e76d362f94d05e91b122753206b75c,False
2026-09-21T18:39:06.872729+00:00,scalein,176.114006,32,0,0,5eeee786d299c189803d04079c2a9ba589e76d362f94d05e91b122753206b75c,False
2026-09-21T18:39:07.921202+00:00,scalein,177.162479,32,0,0,5eeee786d299c189803d04079c2a9ba589e76d362f94d05e91b122753206b75c,False
2026-09-21T18:39:08.965968+00:00,scalein,178.207245,32,0,0,5eeee786d299c189803d04079c2a9ba589e76d362f94d05e91b122753206b75c,False
2026-09-21T18:39:10.052525+00:00,scalein,179.293802,32,0,0,5eeee786d299c189803d04079c2a9ba589e76d362f94d05e91b122753206b75c,False
2026-09-21T18:39:11.093607+00:00,scalein,180.334884,32,0,0,5eeee786d299c189803d04079c2a9ba589e76d362f94d05e91b122753206b75c,False
2026-09-21T18:39:12.134771+00:00,scalein,181.376048,32,0,0,5eeee786d299c189803d04079c2a9ba589e76d362f94d05e91b122753206b75c,False
2026-09-21T18:39:13.167547+00:00,scalein,182.408824,32,0,0,5eeee786d299c189803d04079c2a9ba589e76d362f94d05e91b122753206b75c,False
2026-09-21T18:39:14.211148+00:00,scalein,183.452425,32,0,0,5eeee786d299c189803d04079c2a9ba589e76d362f94d05e91b122753206b75c,False
2026-09-21T18:39:15.253501+00:00,scalein,184.494778,32,0,0,5eeee786d299c189803d04079c2a9ba589e76d362f94d05e91b122753206b75c,False
2026-09-21T18:39:16.309400+00:00,scalein,185.550677,32,0,0,5eeee786d299c189803d04079c2a9ba589e76d362f94d05e91b122753206b75c,False
2026-09-21T18:39:17.367730+00:00,scalein,186.609007,32,0,0,5eeee786d299c189803d04079c2a9ba589e76d362f94d05e91b122753206b75c,False
2026-09-21T18:39:18.401544+00:00,scalein,187.642821,32,0,0,5eeee786d299c189803d04079c2a9ba589e76d362f94d05e91b122753206b75c,False
2026-09-21T18:39:19.444157+00:00,scalein,188.685434,32,0,0,5eeee786d299c189803d04079c2a9ba589e76d362f94d05e91b122753206b75c,False
2026-09-21T18:39:20.465550+00:00,scalein,189.706827,32,0,0,5eeee786d299c189803d04079c2a9ba589e76d362f94d05e91b122753206b75c,False
2026-09-21T18:39:21.494086+00:00,scalein,190.735363,32,0,0,5eeee786d299c189803d04079c2a9ba589e76d362f94d05e91b122753206b75c,False
2026-09-21T18:39:22.520079+00:00,scalein,191.761356,32,0,0,5eeee786d299c189803d04079c2a9ba589e76d362f94d05e91b122753206b75c,False
2026-09-21T18:39:23.553571+00:00,scalein,192.794848,32,0,0,5eeee786d299c189803d04079c2a9ba589e76d362f94d05e91b122753206b75c,False
2026-09-21T18:39:24.592055+00:00,scalein,193.833332,32,0,0,5eeee786d299c189803d04079c2a9ba589e76d362f94d05e91b122753206b75c,False
2026-09-21T18:39:25.637121+00:00,scalein,194.878398,32,0,0,5eeee786d299c189803d04079c2a9ba589e76d362f94d05e91b122753206b75c,False
2026-09-21T18:39:26.692286+00:00,scalein,195.933563,32,0,0,5eeee786d299c189803d04079c2a9ba589e76d362f94d05e91b122753206b75c,False
2026-09-21T18:39:27.731037+00:00,scalein,196.972314,32,0,0,5eeee786d299c189803d04079c2a9ba589e76d362f94d05e91b122753206b75c,False
2026-09-21T18:39:28.770212+00:00,scalein,198.011489,32,0,0,5eeee786d299c189803d04079c2a9ba589e76d362f94d05e91b122753206b75c,False
2026-09-21T18:39:29.815517+00:00,scalein,199.056794,32,0,0,5eeee786d299c189803d04079c2a9ba589e76d362f94d05e91b122753206b75c,False
2026-09-21T18:39:30.845706+00:00,scalein,200.086983,32,0,0,5eeee786d299c189803d04079c2a9ba589e76d362f94d05e91b122753206b75c,False
2026-09-21T18:39:31.871892+00:00,scalein,201.113169,32,0,0,5eeee786d299c189803d04079c2a9ba589e76d362f94d05e91b122753206b75c,False
2026-09-21T18:39:32.901843+00:00,scalein,202.143120,32,0,0,5eeee786d299c189803d04079c2a9ba589e76d362f94d05e91b122753206b75c,False
2026-09-21T18:39:33.934976+00:00,scalein,203.176253,32,0,0,5eeee786d299c189803d04079c2a9ba589e76d362f94d05e91b122753206b75c,False
2026-09-21T18:39:34.960549+00:00,scalein,204.201826,32,0,0,5eeee786d299c189803d04079c2a9ba589e76d362f94d05e91b122753206b75c,False
2026-09-21T18:39:35.981467+00:00,scalein,205.222744,32,0,0,5eeee786d299c189803d04079c2a9ba589e76d362f94d05e91b122753206b75c,False
2026-09-21T18:39:37.024404+00:00,scalein,206.265681,32,0,0,5eeee786d299c189803d04079c2a9ba589e76d362f94d05e91b122753206b75c,False
2026-09-21T18:39:38.067061+00:00,scalein,207.308338,32,0,0,5eeee786d299c189803d04079c2a9ba589e76d362f94d05e91b122753206b75c,False
2026-09-21T18:39:39.087082+00:00,scalein,208.328359,32,0,0,5eeee786d299c189803d04079c2a9ba589e76d362f94d05e91b122753206b75c,False
2026-09-21T18:39:40.115921+00:00,scalein,209.357198,32,0,0,5eeee786d299c189803d04079c2a9ba589e76d362f94d05e91b122753206b75c,False
2026-09-21T18:39:41.163954+00:00,scalein,210.405231,32,0,0,5eeee786d299c189803d04079c2a9ba589e76d362f94d05e91b122753206b75c,False
2026-09-21T18:39:42.194974+00:00,scalein,211.436251,32,0,0,5eeee786d299c189803d04079c2a9ba589e76d362f94d05e91b122753206b75c,False
2026-09-21T18:39:43.215949+00:00,scalein,212.457226,32,0,0,5eeee786d299c189803d04079c2a9ba589e76d362f94d05e91b122753206b75c,False
2026-09-21T18:39:44.255531+00:00,scalein,213.496808,32,0,0,5eeee786d299c189803d04079c2a9ba589e76d362f94d05e91b122753206b75c,False
2026-09-21T18:39:45.295731+00:00,scalein,214.537008,32,0,0,5eeee786d299c189803d04079c2a9ba589e76d362f94d05e91b122753206b75c,False
2026-09-21T18:39:46.325638+00:00,scalein,215.566915,32,0,0,5eeee786d299c189803d04079c2a9ba589e76d362f94d05e91b122753206b75c,False
2026-09-21T18:39:47.344870+00:00,scalein,216.586147,32,0,0,5eeee786d299c189803d04079c2a9ba589e76d362f94d05e91b122753206b75c,False
2026-09-21T18:39:48.385464+00:00,scalein,217.626741,32,0,0,5eeee786d299c189803d04079c2a9ba589e76d362f94d05e91b122753206b75c,False
2026-09-21T18:39:49.434920+00:00,scalein,218.676197,32,0,0,5eeee786d299c189803d04079c2a9ba589e76d362f94d05e91b122753206b75c,False
2026-09-21T18:39:50.454626+00:00,scalein,219.695903,32,0,0,5eeee786d299c189803d04079c2a9ba589e76d362f94d05e91b122753206b75c,False
2026-09-21T18:39:51.477894+00:00,scalein,220.719171,32,0,0,5eeee786d299c189803d04079c2a9ba589e76d362f94d05e91b122753206b75c,False
2026-09-21T18:39:52.518824+00:00,scalein,221.760101,32,0,0,5eeee786d299c189803d04079c2a9ba589e76d362f94d05e91b122753206b75c,False
2026-09-21T18:39:53.575493+00:00,scalein,222.816770,32,0,0,5eeee786d299c189803d04079c2a9ba589e76d362f94d05e91b122753206b75c,False
2026-09-21T18:39:54.615127+00:00,scalein,223.856404,32,0,0,5eeee786d299c189803d04079c2a9ba589e76d362f94d05e91b122753206b75c,False
2026-09-21T18:39:55.648726+00:00,scalein,224.890003,32,0,0,5eeee786d299c189803d04079c2a9ba589e76d362f94d05e91b122753206b75c,False
2026-09-21T18:39:56.691359+00:00,scalein,225.932636,32,0,0,5eeee786d299c189803d04079c2a9ba589e76d362f94d05e91b122753206b75c,False
2026-09-21T18:39:57.707606+00:00,scalein,226.948883,32,0,0,5eeee786d299c189803d04079c2a9ba589e76d362f94d05e91b122753206b75c,False
2026-09-21T18:39:58.753370+00:00,scalein,227.994647,32,0,0,5eeee786d299c189803d04079c2a9ba589e76d362f94d05e91b122753206b75c,False
2026-09-21T18:39:59.801756+00:00,scalein,229.043033,32,0,0,5eeee786d299c189803d04079c2a9ba589e76d362f94d05e91b122753206b75c,False
2026-09-21T18:40:00.841028+00:00,scalein,230.082305,32,0,0,5eeee786d299c189803d04079c2a9ba589e76d362f94d05e91b122753206b75c,False
2026-09-21T18:40:01.890622+00:00,scalein,231.131899,32,0,0,5eeee786d299c189803d04079c2a9ba589e76d362f94d05e91b122753206b75c,False
2026-09-21T18:40:02.912913+00:00,scalein,232.154190,32,0,0,5eeee786d299c189803d04079c2a9ba589e76d362f94d05e91b122753206b75c,False
2026-09-21T18:40:03.946119+00:00,scalein,233.187396,32,0,0,5eeee786d299c189803d04079c2a9ba589e76d362f94d05e91b122753206b75c,False
2026-09-21T18:40:04.975862+00:00,scalein,234.217139,32,0,0,5eeee786d299c189803d04079c2a9ba589e76d362f94d05e91b122753206b75c,False
2026-09-21T18:40:06.011168+00:00,scalein,235.252445,32,0,0,5eeee786d299c189803d04079c2a9ba589e76d362f94d05e91b122753206b75c,False
2026-09-21T18:40:07.067315+00:00,scalein,236.308592,32,0,0,5eeee786d299c189803d04079c2a9ba589e76d362f94d05e91b122753206b75c,False
2026-09-21T18:40:08.117711+00:00,scalein,237.358988,32,0,0,5eeee786d299c189803d04079c2a9ba589e76d362f94d05e91b122753206b75c,False
2026-09-21T18:40:09.169627+00:00,scalein,238.410904,32,0,0,5eeee786d299c189803d04079c2a9ba589e76d362f94d05e91b122753206b75c,False
2026-09-21T18:40:10.220262+00:00,scalein,239.461539,32,0,0,5eeee786d299c189803d04079c2a9ba589e76d362f94d05e91b122753206b75c,False
2026-09-21T18:40:11.247106+00:00,scalein,240.488383,32,0,0,5eeee786d299c189803d04079c2a9ba589e76d362f94d05e91b122753206b75c,False
2026-09-21T18:40:12.289727+00:00,scalein,241.531004,32,0,0,5eeee786d299c189803d04079c2a9ba589e76d362f94d05e91b122753206b75c,False
2026-09-21T18:40:13.337273+00:00,scalein,242.578550,32,0,0,5eeee786d299c189803d04079c2a9ba589e76d362f94d05e91b122753206b75c,False
2026-09-21T18:40:14.369758+00:00,scalein,243.611035,32,0,0,5eeee786d299c189803d04079c2a9ba589e76d362f94d05e91b122753206b75c,False
2026-09-21T18:40:15.398437+00:00,scalein,244.639714,32,0,0,5eeee786d299c189803d04079c2a9ba589e76d362f94d05e91b122753206b75c,False
2026-09-21T18:40:16.440662+00:00,scalein,245.681939,32,0,0,5eeee786d299c189803d04079c2a9ba589e76d362f94d05e91b122753206b75c,False
2026-09-21T18:40:17.500014+00:00,scalein,246.741291,32,0,0,5eeee786d299c189803d04079c2a9ba589e76d362f94d05e91b122753206b75c,False
2026-09-21T18:40:18.532979+00:00,scalein,247.774256,32,0,0,5eeee786d299c189803d04079c2a9ba589e76d362f94d05e91b122753206b75c,False
2026-09-21T18:40:19.576226+00:00,scalein,248.817503,32,0,0,5eeee786d299c189803d04079c2a9ba589e76d362f94d05e91b122753206b75c,False
2026-09-21T18:40:20.622114+00:00,scalein,249.863391,32,0,0,5eeee786d299c189803d04079c2a9ba589e76d362f94d05e91b122753206b75c,False
2026-09-21T18:40:21.664673+00:00,scalein,250.905950,32,0,0,5eeee786d299c189803d04079c2a9ba589e76d362f94d05e91b122753206b75c,False
2026-09-21T18:40:22.710727+00:00,scalein,251.952004,32,0,0,5eeee786d299c189803d04079c2a9ba589e76d362f94d05e91b122753206b75c,False
2026-09-21T18:40:23.780125+00:00,scalein,253.021402,32,0,0,5eeee786d299c189803d04079c2a9ba589e76d362f94d05e91b122753206b75c,False
2026-09-21T18:40:24.816655+00:00,scalein,254.057932,32,0,0,5eeee786d299c189803d04079c2a9ba589e76d362f94d05e91b122753206b75c,False
2026-09-21T18:40:25.867557+00:00,scalein,255.108834,32,0,0,5eeee786d299c189803d04079c2a9ba589e76d362f94d05e91b122753206b75c,False
2026-09-21T18:40:26.922092+00:00,scalein,256.163369,32,0,0,5eeee786d299c189803d04079c2a9ba589e76d362f94d05e91b122753206b75c,False
2026-09-21T18:40:27.971010+00:00,scalein,257.212287,32,0,0,5eeee786d299c189803d04079c2a9ba589e76d362f94d05e91b122753206b75c,False
2026-09-21T18:40:29.014880+00:00,scalein,258.256157,32,0,0,5eeee786d299c189803d04079c2a9ba589e76d362f94d05e91b122753206b75c,False
2026-09-21T18:40:30.055332+00:00,scalein,259.296609,32,0,0,5eeee786d299c189803d04079c2a9ba589e76d362f94d05e91b122753206b75c,False
2026-09-21T18:40:31.092735+00:00,scalein,260.334012,32,0,0,5eeee786d299c189803d04079c2a9ba589e76d362f94d05e91b122753206b75c,False
2026-09-21T18:40:32.133229+00:00,scalein,261.374506,32,0,0,5eeee786d299c189803d04079c2a9ba589e76d362f94d05e91b122753206b75c,False
2026-09-21T18:40:33.171637+00:00,scalein,262.412914,32,0,0,5eeee786d299c189803d04079c2a9ba589e76d362f94d05e91b122753206b75c,False
2026-09-21T18:40:34.205549+00:00,scalein,263.446826,32,0,0,5eeee786d299c189803d04079c2a9ba589e76d362f94d05e91b122753206b75c,False
2026-09-21T18:40:35.236142+00:00,scalein,264.477419,32,0,0,5eeee786d299c189803d04079c2a9ba589e76d362f94d05e91b122753206b75c,False
2026-09-21T18:40:36.271532+00:00,scalein,265.512809,32,0,0,5eeee786d299c189803d04079c2a9ba589e76d362f94d05e91b122753206b75c,False
2026-09-21T18:40:37.302339+00:00,scalein,266.543616,32,0,0,5eeee786d299c189803d04079c2a9ba589e76d362f94d05e91b122753206b75c,False
2026-09-21T18:40:38.334096+00:00,scalein,267.575373,32,0,0,5eeee786d299c189803d04079c2a9ba589e76d362f94d05e91b122753206b75c,False
2026-09-21T18:40:39.363576+00:00,scalein,268.604853,32,0,0,5eeee786d299c189803d04079c2a9ba589e76d362f94d05e91b122753206b75c,False
2026-09-21T18:40:40.406657+00:00,scalein,269.647934,32,0,0,5eeee786d299c189803d04079c2a9ba589e76d362f94d05e91b122753206b75c,False
2026-09-21T18:40:41.441648+00:00,scalein,270.682925,32,0,0,5eeee786d299c189803d04079c2a9ba589e76d362f94d05e91b122753206b75c,False
2026-09-21T18:40:42.518735+00:00,scalein,271.760012,32,0,0,5eeee786d299c189803d04079c2a9ba589e76d362f94d05e91b122753206b75c,False
2026-09-21T18:40:43.569537+00:00,scalein,272.810814,32,0,0,5eeee786d299c189803d04079c2a9ba589e76d362f94d05e91b122753206b75c,False
2026-09-21T18:40:44.626164+00:00,scalein,273.867441,32,0,0,5eeee786d299c189803d04079c2a9ba589e76d362f94d05e91b122753206b75c,False
2026-09-21T18:40:45.677423+00:00,scalein,274.918700,32,0,0,5eeee786d299c189803d04079c2a9ba589e76d362f94d05e91b122753206b75c,False
2026-09-21T18:40:46.713525+00:00,scalein,275.954802,32,0,0,5eeee786d299c189803d04079c2a9ba589e76d362f94d05e91b122753206b75c,False
2026-09-21T18:40:47.753781+00:00,scalein,276.995058,32,0,0,5eeee786d299c189803d04079c2a9ba589e76d362f94d05e91b122753206b75c,False
2026-09-21T18:40:48.796297+00:00,scalein,278.037574,32,0,0,5eeee786d299c189803d04079c2a9ba589e76d362f94d05e91b122753206b75c,False
2026-09-21T18:40:49.846275+00:00,scalein,279.087552,32,0,0,5eeee786d299c189803d04079c2a9ba589e76d362f94d05e91b122753206b75c,False
2026-09-21T18:40:50.891516+00:00,scalein,280.132793,32,0,0,5eeee786d299c189803d04079c2a9ba589e76d362f94d05e91b122753206b75c,False
2026-09-21T18:40:51.943545+00:00,scalein,281.184822,32,0,0,5eeee786d299c189803d04079c2a9ba589e76d362f94d05e91b122753206b75c,False
2026-09-21T18:40:53.023808+00:00,scalein,282.265085,32,0,0,5eeee786d299c189803d04079c2a9ba589e76d362f94d05e91b122753206b75c,False
2026-09-21T18:40:54.084426+00:00,scalein,283.325703,32,0,0,5eeee786d299c189803d04079c2a9ba589e76d362f94d05e91b122753206b75c,False
2026-09-21T18:40:55.140974+00:00,scalein,284.382251,32,0,0,5eeee786d299c189803d04079c2a9ba589e76d362f94d05e91b122753206b75c,False
2026-09-21T18:40:56.208121+00:00,scalein,285.449398,32,0,0,5eeee786d299c189803d04079c2a9ba589e76d362f94d05e91b122753206b75c,False
2026-09-21T18:40:57.244977+00:00,scalein,286.486254,32,0,0,5eeee786d299c189803d04079c2a9ba589e76d362f94d05e91b122753206b75c,False
2026-09-21T18:40:58.276618+00:00,scalein,287.517895,32,0,0,5eeee786d299c189803d04079c2a9ba589e76d362f94d05e91b122753206b75c,False
2026-09-21T18:40:59.309105+00:00,scalein,288.550382,32,0,0,5eeee786d299c189803d04079c2a9ba589e76d362f94d05e91b122753206b75c,False
2026-09-21T18:41:00.346707+00:00,scalein,289.587984,32,0,0,5eeee786d299c189803d04079c2a9ba589e76d362f94d05e91b122753206b75c,False
2026-09-21T18:41:01.382622+00:00,scalein,290.623899,32,0,0,5eeee786d299c189803d04079c2a9ba589e76d362f94d05e91b122753206b75c,False
2026-09-21T18:41:02.417581+00:00,scalein,291.658858,32,0,0,5eeee786d299c189803d04079c2a9ba589e76d362f94d05e91b122753206b75c,False
2026-09-21T18:41:03.459999+00:00,scalein,292.701276,32,0,0,5eeee786d299c189803d04079c2a9ba589e76d362f94d05e91b122753206b75c,False
2026-09-21T18:41:04.504803+00:00,scalein,293.746080,32,0,0,5eeee786d299c189803d04079c2a9ba589e76d362f94d05e91b122753206b75c,False
2026-09-21T18:41:05.542486+00:00,scalein,294.783763,32,0,0,5eeee786d299c189803d04079c2a9ba589e76d362f94d05e91b122753206b75c,False
2026-09-21T18:41:06.587724+00:00,scalein,295.829001,32,0,0,5eeee786d299c189803d04079c2a9ba589e76d362f94d05e91b122753206b75c,False
2026-09-21T18:41:07.619247+00:00,scalein,296.860524,32,0,0,5eeee786d299c189803d04079c2a9ba589e76d362f94d05e91b122753206b75c,False
2026-09-21T18:41:08.664768+00:00,scalein,297.906045,32,0,0,5eeee786d299c189803d04079c2a9ba589e76d362f94d05e91b122753206b75c,False
2026-09-21T18:41:09.715524+00:00,scalein,298.956801,32,0,0,5eeee786d299c189803d04079c2a9ba589e76d362f94d05e91b122753206b75c,False
2026-09-21T18:41:10.753939+00:00,scalein,299.995216,32,0,0,5eeee786d299c189803d04079c2a9ba589e76d362f94d05e91b122753206b75c,False
2026-09-21T18:41:11.790403+00:00,scalein,301.031680,32,0,0,5eeee786d299c189803d04079c2a9ba589e76d362f94d05e91b122753206b75c,False
2026-09-21T18:41:12.844678+00:00,scalein,302.085955,32,0,0,5eeee786d299c189803d04079c2a9ba589e76d362f94d05e91b122753206b75c,False
2026-09-21T18:41:13.860218+00:00,scalein,303.101495,32,0,0,5eeee786d299c189803d04079c2a9ba589e76d362f94d05e91b122753206b75c,False
2026-09-21T18:41:14.903680+00:00,scalein,304.144957,32,0,0,5eeee786d299c189803d04079c2a9ba589e76d362f94d05e91b122753206b75c,False
2026-09-21T18:41:15.929324+00:00,scalein,305.170601,32,0,0,5eeee786d299c189803d04079c2a9ba589e76d362f94d05e91b122753206b75c,False
2026-09-21T18:41:16.959130+00:00,scalein,306.200407,32,0,0,5eeee786d299c189803d04079c2a9ba589e76d362f94d05e91b122753206b75c,False
2026-09-21T18:41:17.995877+00:00,scalein,307.237154,32,0,0,5eeee786d299c189803d04079c2a9ba589e76d362f94d05e91b122753206b75c,False
2026-09-21T18:41:19.037577+00:00,scalein,308.278854,32,0,0,5eeee786d299c189803d04079c2a9ba589e76d362f94d05e91b122753206b75c,False
2026-09-21T18:41:20.089414+00:00,scalein,309.330691,32,0,0,5eeee786d299c189803d04079c2a9ba589e76d362f94d05e91b122753206b75c,False
2026-09-21T18:41:21.103558+00:00,scalein,310.344835,32,0,0,5eeee786d299c189803d04079c2a9ba589e76d362f94d05e91b122753206b75c,False
2026-09-21T18:41:22.144488+00:00,scalein,311.385765,32,0,0,5eeee786d299c189803d04079c2a9ba589e76d362f94d05e91b122753206b75c,False
2026-09-21T18:41:23.184843+00:00,scalein,312.426120,32,0,0,5eeee786d299c189803d04079c2a9ba589e76d362f94d05e91b122753206b75c,False
2026-09-21T18:41:24.209964+00:00,scalein,313.451241,32,0,0,5eeee786d299c189803d04079c2a9ba589e76d362f94d05e91b122753206b75c,False
2026-09-21T18:41:25.235500+00:00,scalein,314.476777,32,0,0,5eeee786d299c189803d04079c2a9ba589e76d362f94d05e91b122753206b75c,False
2026-09-21T18:41:26.259953+00:00,scalein,315.501230,32,0,0,5eeee786d299c189803d04079c2a9ba589e76d362f94d05e91b122753206b75c,False
2026-09-21T18:41:27.299232+00:00,scalein,316.540509,32,0,0,5eeee786d299c189803d04079c2a9ba589e76d362f94d05e91b122753206b75c,False
2026-09-21T18:41:28.324841+00:00,scalein,317.566118,32,0,0,5eeee786d299c189803d04079c2a9ba589e76d362f94d05e91b122753206b75c,False
2026-09-21T18:41:29.347975+00:00,scalein,318.589252,32,0,0,5eeee786d299c189803d04079c2a9ba589e76d362f94d05e91b122753206b75c,False
2026-09-21T18:41:30.376722+00:00,scalein,319.617999,32,0,0,5eeee786d299c189803d04079c2a9ba589e76d362f94d05e91b122753206b75c,False
2026-09-21T18:41:31.403432+00:00,scalein,320.644709,32,0,0,5eeee786d299c189803d04079c2a9ba589e76d362f94d05e91b122753206b75c,False
2026-09-21T18:41:32.450298+00:00,scalein,321.691575,32,0,0,5eeee786d299c189803d04079c2a9ba589e76d362f94d05e91b122753206b75c,False
2026-09-21T18:41:33.485545+00:00,scalein,322.726822,32,0,0,5eeee786d299c189803d04079c2a9ba589e76d362f94d05e91b122753206b75c,False
2026-09-21T18:41:34.519349+00:00,scalein,323.760626,32,0,0,5eeee786d299c189803d04079c2a9ba589e76d362f94d05e91b122753206b75c,False
2026-09-21T18:41:35.579178+00:00,scalein,324.820455,32,0,0,5eeee786d299c189803d04079c2a9ba589e76d362f94d05e91b122753206b75c,False
2026-09-21T18:41:36.625988+00:00,scalein,325.867265,32,0,0,5eeee786d299c189803d04079c2a9ba589e76d362f94d05e91b122753206b75c,False
2026-09-21T18:41:37.680571+00:00,scalein,326.921848,32,0,0,5eeee786d299c189803d04079c2a9ba589e76d362f94d05e91b122753206b75c,False
2026-09-21T18:41:38.893447+00:00,scalein,328.134724,32,0,0,5eeee786d299c189803d04079c2a9ba589e76d362f94d05e91b122753206b75c,False
2026-09-21T18:41:39.936437+00:00,scalein,329.177714,32,0,0,5eeee786d299c189803d04079c2a9ba589e76d362f94d05e91b122753206b75c,False
2026-09-21T18:41:40.967036+00:00,scalein,330.208313,32,0,0,5eeee786d299c189803d04079c2a9ba589e76d362f94d05e91b122753206b75c,False
2026-09-21T18:41:41.996738+00:00,scalein,331.238015,32,0,0,5eeee786d299c189803d04079c2a9ba589e76d362f94d05e91b122753206b75c,False
2026-09-21T18:41:43.030421+00:00,scalein,332.271698,32,0,0,5eeee786d299c189803d04079c2a9ba589e76d362f94d05e91b122753206b75c,False
2026-09-21T18:41:44.057080+00:00,scalein,333.298357,32,0,0,5eeee786d299c189803d04079c2a9ba589e76d362f94d05e91b122753206b75c,False
2026-09-21T18:41:45.097399+00:00,scalein,334.338676,32,0,0,5eeee786d299c189803d04079c2a9ba589e76d362f94d05e91b122753206b75c,False
2026-09-21T18:41:46.134818+00:00,scalein,335.376095,32,0,0,5eeee786d299c189803d04079c2a9ba589e76d362f94d05e91b122753206b75c,False
2026-09-21T18:41:47.169644+00:00,scalein,336.410921,32,0,0,5eeee786d299c189803d04079c2a9ba589e76d362f94d05e91b122753206b75c,False
2026-09-21T18:41:48.195075+00:00,scalein,337.436352,32,0,0,5eeee786d299c189803d04079c2a9ba589e76d362f94d05e91b122753206b75c,False
2026-09-21T18:41:49.224515+00:00,scalein,338.465792,32,0,0,5eeee786d299c189803d04079c2a9ba589e76d362f94d05e91b122753206b75c,False
2026-09-21T18:41:50.252940+00:00,scalein,339.494217,32,0,0,5eeee786d299c189803d04079c2a9ba589e76d362f94d05e91b122753206b75c,False
2026-09-21T18:41:51.278264+00:00,scalein,340.519541,32,0,0,5eeee786d299c189803d04079c2a9ba589e76d362f94d05e91b122753206b75c,False
2026-09-21T18:41:52.305392+00:00,scalein,341.546669,32,0,0,5eeee786d299c189803d04079c2a9ba589e76d362f94d05e91b122753206b75c,False
2026-09-21T18:41:53.348129+00:00,scalein,342.589406,32,0,0,5eeee786d299c189803d04079c2a9ba589e76d362f94d05e91b122753206b75c,False
2026-09-21T18:41:54.378055+00:00,scalein,343.619332,32,0,0,5eeee786d299c189803d04079c2a9ba589e76d362f94d05e91b122753206b75c,False
2026-09-21T18:41:55.397243+00:00,scalein,344.638520,32,0,0,5eeee786d299c189803d04079c2a9ba589e76d362f94d05e91b122753206b75c,False
2026-09-21T18:41:56.442900+00:00,scalein,345.684177,32,0,0,5eeee786d299c189803d04079c2a9ba589e76d362f94d05e91b122753206b75c,False
2026-09-21T18:41:57.480615+00:00,scalein,346.721892,32,0,0,5eeee786d299c189803d04079c2a9ba589e76d362f94d05e91b122753206b75c,False
2026-09-21T18:41:58.519756+00:00,scalein,347.761033,32,0,0,5eeee786d299c189803d04079c2a9ba589e76d362f94d05e91b122753206b75c,False
2026-09-21T18:41:59.557039+00:00,scalein,348.798316,32,0,0,5eeee786d299c189803d04079c2a9ba589e76d362f94d05e91b122753206b75c,False
2026-09-21T18:42:00.586643+00:00,scalein,349.827920,32,0,0,5eeee786d299c189803d04079c2a9ba589e76d362f94d05e91b122753206b75c,False
2026-09-21T18:42:01.627084+00:00,scalein,350.868361,32,0,0,5eeee786d299c189803d04079c2a9ba589e76d362f94d05e91b122753206b75c,False
2026-09-21T18:42:02.661065+00:00,scalein,351.902342,32,0,0,5eeee786d299c189803d04079c2a9ba589e76d362f94d05e91b122753206b75c,False
2026-09-21T18:42:03.692035+00:00,scalein,352.933312,32,0,0,5eeee786d299c189803d04079c2a9ba589e76d362f94d05e91b122753206b75c,False
2026-09-21T18:42:04.726663+00:00,scalein,353.967940,32,0,0,5eeee786d299c189803d04079c2a9ba589e76d362f94d05e91b122753206b75c,False
2026-09-21T18:42:05.754961+00:00,scalein,354.996238,32,0,0,5eeee786d299c189803d04079c2a9ba589e76d362f94d05e91b122753206b75c,False
2026-09-21T18:42:06.782798+00:00,scalein,356.024075,32,0,0,5eeee786d299c189803d04079c2a9ba589e76d362f94d05e91b122753206b75c,False
2026-09-21T18:42:07.807988+00:00,scalein,357.049265,32,0,0,5eeee786d299c189803d04079c2a9ba589e76d362f94d05e91b122753206b75c,False
2026-09-21T18:42:08.847348+00:00,scalein,358.088625,32,0,0,5eeee786d299c189803d04079c2a9ba589e76d362f94d05e91b122753206b75c,False
2026-09-21T18:42:09.876626+00:00,scalein,359.117903,32,0,0,5eeee786d299c189803d04079c2a9ba589e76d362f94d05e91b122753206b75c,False
2026-09-21T18:42:10.906057+00:00,scalein,360.147334,32,0,0,5eeee786d299c189803d04079c2a9ba589e76d362f94d05e91b122753206b75c,False
2026-09-21T18:42:11.955731+00:00,scalein,361.197008,32,0,0,5eeee786d299c189803d04079c2a9ba589e76d362f94d05e91b122753206b75c,False
2026-09-21T18:42:12.989412+00:00,scalein,362.230689,32,0,0,5eeee786d299c189803d04079c2a9ba589e76d362f94d05e91b122753206b75c,False
2026-09-21T18:42:14.005653+00:00,scalein,363.246930,32,0,0,5eeee786d299c189803d04079c2a9ba589e76d362f94d05e91b122753206b75c,False
2026-09-21T18:42:15.042434+00:00,scalein,364.283711,32,0,0,5eeee786d299c189803d04079c2a9ba589e76d362f94d05e91b122753206b75c,False
2026-09-21T18:42:16.073527+00:00,scalein,365.314804,32,0,0,5eeee786d299c189803d04079c2a9ba589e76d362f94d05e91b122753206b75c,False
2026-09-21T18:42:17.124322+00:00,scalein,366.365599,32,0,0,5eeee786d299c189803d04079c2a9ba589e76d362f94d05e91b122753206b75c,False
2026-09-21T18:42:18.145425+00:00,scalein,367.386702,32,0,0,5eeee786d299c189803d04079c2a9ba589e76d362f94d05e91b122753206b75c,False
2026-09-21T18:42:19.173030+00:00,scalein,368.414307,32,0,0,5eeee786d299c189803d04079c2a9ba589e76d362f94d05e91b122753206b75c,False
2026-09-21T18:42:20.237313+00:00,scalein,369.478590,32,0,0,5eeee786d299c189803d04079c2a9ba589e76d362f94d05e91b122753206b75c,False
2026-09-21T18:42:21.264473+00:00,scalein,370.505750,32,0,0,5eeee786d299c189803d04079c2a9ba589e76d362f94d05e91b122753206b75c,False
2026-09-21T18:42:22.287769+00:00,scalein,371.529046,32,0,0,5eeee786d299c189803d04079c2a9ba589e76d362f94d05e91b122753206b75c,False
2026-09-21T18:42:23.314816+00:00,scalein,372.556093,32,0,0,5eeee786d299c189803d04079c2a9ba589e76d362f94d05e91b122753206b75c,False
2026-09-21T18:42:24.340068+00:00,scalein,373.581345,32,0,0,5eeee786d299c189803d04079c2a9ba589e76d362f94d05e91b122753206b75c,False
2026-09-21T18:42:25.369549+00:00,scalein,374.610826,32,0,0,5eeee786d299c189803d04079c2a9ba589e76d362f94d05e91b122753206b75c,False
2026-09-21T18:42:26.388515+00:00,scalein,375.629792,32,0,0,5eeee786d299c189803d04079c2a9ba589e76d362f94d05e91b122753206b75c,False
2026-09-21T18:42:27.439039+00:00,scalein,376.680316,32,0,0,5eeee786d299c189803d04079c2a9ba589e76d362f94d05e91b122753206b75c,False
2026-09-21T18:42:28.471472+00:00,scalein,377.712749,32,0,0,5eeee786d299c189803d04079c2a9ba589e76d362f94d05e91b122753206b75c,False
2026-09-21T18:42:29.496676+00:00,scalein,378.737953,32,0,0,5eeee786d299c189803d04079c2a9ba589e76d362f94d05e91b122753206b75c,False
2026-09-21T18:42:30.522888+00:00,scalein,379.764165,32,0,0,5eeee786d299c189803d04079c2a9ba589e76d362f94d05e91b122753206b75c,False
2026-09-21T18:42:31.545400+00:00,scalein,380.786677,32,0,0,5eeee786d299c189803d04079c2a9ba589e76d362f94d05e91b122753206b75c,False
2026-09-21T18:42:32.576774+00:00,scalein,381.818051,32,0,0,5eeee786d299c189803d04079c2a9ba589e76d362f94d05e91b122753206b75c,False
2026-09-21T18:42:33.620563+00:00,scalein,382.861840,32,0,0,5eeee786d299c189803d04079c2a9ba589e76d362f94d05e91b122753206b75c,False
2026-09-21T18:42:34.642696+00:00,scalein,383.883973,32,0,0,5eeee786d299c189803d04079c2a9ba589e76d362f94d05e91b122753206b75c,False
2026-09-21T18:42:35.671573+00:00,scalein,384.912850,32,0,0,5eeee786d299c189803d04079c2a9ba589e76d362f94d05e91b122753206b75c,False
2026-09-21T18:42:36.737766+00:00,scalein,385.979043,32,0,0,5eeee786d299c189803d04079c2a9ba589e76d362f94d05e91b122753206b75c,False
2026-09-21T18:42:37.779660+00:00,scalein,387.020937,32,0,0,5eeee786d299c189803d04079c2a9ba589e76d362f94d05e91b122753206b75c,False
2026-09-21T18:42:38.826186+00:00,scalein,388.067463,32,0,0,5eeee786d299c189803d04079c2a9ba589e76d362f94d05e91b122753206b75c,False
2026-09-21T18:42:39.854299+00:00,scalein,389.095576,32,0,0,5eeee786d299c189803d04079c2a9ba589e76d362f94d05e91b122753206b75c,False
2026-09-21T18:42:40.890065+00:00,scalein,390.131342,32,0,0,5eeee786d299c189803d04079c2a9ba589e76d362f94d05e91b122753206b75c,False
2026-09-21T18:42:41.941269+00:00,scalein,391.182546,32,0,0,5eeee786d299c189803d04079c2a9ba589e76d362f94d05e91b122753206b75c,False
2026-09-21T18:42:42.977685+00:00,scalein,392.218962,32,0,0,5eeee786d299c189803d04079c2a9ba589e76d362f94d05e91b122753206b75c,False
2026-09-21T18:42:44.032037+00:00,scalein,393.273314,32,0,0,5eeee786d299c189803d04079c2a9ba589e76d362f94d05e91b122753206b75c,False
2026-09-21T18:42:45.067914+00:00,scalein,394.309191,32,0,0,5eeee786d299c189803d04079c2a9ba589e76d362f94d05e91b122753206b75c,False
2026-09-21T18:42:46.087593+00:00,scalein,395.328870,32,0,0,5eeee786d299c189803d04079c2a9ba589e76d362f94d05e91b122753206b75c,False
2026-09-21T18:42:47.126231+00:00,scalein,396.367508,32,0,0,5eeee786d299c189803d04079c2a9ba589e76d362f94d05e91b122753206b75c,False
2026-09-21T18:42:48.186608+00:00,scalein,397.427885,32,0,0,5eeee786d299c189803d04079c2a9ba589e76d362f94d05e91b122753206b75c,False
2026-09-21T18:42:49.221384+00:00,scalein,398.462661,32,0,0,5eeee786d299c189803d04079c2a9ba589e76d362f94d05e91b122753206b75c,False
2026-09-21T18:42:50.247786+00:00,scalein,399.489063,32,0,0,5eeee786d299c189803d04079c2a9ba589e76d362f94d05e91b122753206b75c,False
2026-09-21T18:42:51.272379+00:00,scalein,400.513656,32,0,0,5eeee786d299c189803d04079c2a9ba589e76d362f94d05e91b122753206b75c,False
2026-09-21T18:42:52.298260+00:00,scalein,401.539537,32,0,0,5eeee786d299c189803d04079c2a9ba589e76d362f94d05e91b122753206b75c,False
2026-09-21T18:42:53.326642+00:00,scalein,402.567919,32,0,0,5eeee786d299c189803d04079c2a9ba589e76d362f94d05e91b122753206b75c,False
2026-09-21T18:42:54.369472+00:00,scalein,403.610749,32,0,0,5eeee786d299c189803d04079c2a9ba589e76d362f94d05e91b122753206b75c,False
2026-09-21T18:42:55.428782+00:00,scalein,404.670059,32,0,0,5eeee786d299c189803d04079c2a9ba589e76d362f94d05e91b122753206b75c,False
2026-09-21T18:42:56.502203+00:00,scalein,405.743480,32,0,0,5eeee786d299c189803d04079c2a9ba589e76d362f94d05e91b122753206b75c,False
2026-09-21T18:42:57.535040+00:00,scalein,406.776317,32,0,0,5eeee786d299c189803d04079c2a9ba589e76d362f94d05e91b122753206b75c,False
2026-09-21T18:42:58.596040+00:00,scalein,407.837317,32,0,0,5eeee786d299c189803d04079c2a9ba589e76d362f94d05e91b122753206b75c,False
2026-09-21T18:42:59.637475+00:00,scalein,408.878752,32,0,0,5eeee786d299c189803d04079c2a9ba589e76d362f94d05e91b122753206b75c,False
2026-09-21T18:43:00.700090+00:00,scalein,409.941367,32,0,0,5eeee786d299c189803d04079c2a9ba589e76d362f94d05e91b122753206b75c,False
2026-09-21T18:43:01.766305+00:00,scalein,411.007582,32,0,0,5eeee786d299c189803d04079c2a9ba589e76d362f94d05e91b122753206b75c,False
2026-09-21T18:43:02.794519+00:00,scalein,412.035796,32,0,0,5eeee786d299c189803d04079c2a9ba589e76d362f94d05e91b122753206b75c,False
2026-09-21T18:43:03.830585+00:00,scalein,413.071862,32,0,0,5eeee786d299c189803d04079c2a9ba589e76d362f94d05e91b122753206b75c,False
2026-09-21T18:43:04.868527+00:00,scalein,414.109804,32,0,0,5eeee786d299c189803d04079c2a9ba589e76d362f94d05e91b122753206b75c,False
2026-09-21T18:43:05.902048+00:00,scalein,415.143325,32,0,0,5eeee786d299c189803d04079c2a9ba589e76d362f94d05e91b122753206b75c,False
2026-09-21T18:43:06.945289+00:00,scalein,416.186566,32,0,0,5eeee786d299c189803d04079c2a9ba589e76d362f94d05e91b122753206b75c,False
2026-09-21T18:43:07.987997+00:00,scalein,417.229274,32,0,0,5eeee786d299c189803d04079c2a9ba589e76d362f94d05e91b122753206b75c,False
2026-09-21T18:43:09.031641+00:00,scalein,418.272918,32,0,0,5eeee786d299c189803d04079c2a9ba589e76d362f94d05e91b122753206b75c,False
2026-09-21T18:43:10.113146+00:00,scalein,419.354423,32,0,0,5eeee786d299c189803d04079c2a9ba589e76d362f94d05e91b122753206b75c,False
2026-09-21T18:43:11.148653+00:00,scalein,420.389930,32,0,0,5eeee786d299c189803d04079c2a9ba589e76d362f94d05e91b122753206b75c,False
2026-09-21T18:43:12.187695+00:00,scalein,421.428972,32,0,0,5eeee786d299c189803d04079c2a9ba589e76d362f94d05e91b122753206b75c,False
2026-09-21T18:43:13.248215+00:00,scalein,422.489492,32,0,0,5eeee786d299c189803d04079c2a9ba589e76d362f94d05e91b122753206b75c,False
2026-09-21T18:43:14.275008+00:00,scalein,423.516285,32,0,0,5eeee786d299c189803d04079c2a9ba589e76d362f94d05e91b122753206b75c,False
2026-09-21T18:43:15.318531+00:00,scalein,424.559808,32,0,0,5eeee786d299c189803d04079c2a9ba589e76d362f94d05e91b122753206b75c,False
2026-09-21T18:43:16.379483+00:00,scalein,425.620760,32,0,0,5eeee786d299c189803d04079c2a9ba589e76d362f94d05e91b122753206b75c,False
2026-09-21T18:43:17.414903+00:00,scalein,426.656180,32,0,0,5eeee786d299c189803d04079c2a9ba589e76d362f94d05e91b122753206b75c,False
2026-09-21T18:43:18.441087+00:00,scalein,427.682364,32,0,0,5eeee786d299c189803d04079c2a9ba589e76d362f94d05e91b122753206b75c,False
2026-09-21T18:43:19.472561+00:00,scalein,428.713838,32,0,0,5eeee786d299c189803d04079c2a9ba589e76d362f94d05e91b122753206b75c,False
2026-09-21T18:43:20.544975+00:00,scalein,429.786252,32,0,0,5eeee786d299c189803d04079c2a9ba589e76d362f94d05e91b122753206b75c,False
2026-09-21T18:43:21.570360+00:00,scalein,430.811637,32,0,0,5eeee786d299c189803d04079c2a9ba589e76d362f94d05e91b122753206b75c,False
2026-09-21T18:43:22.596282+00:00,scalein,431.837559,32,0,0,5eeee786d299c189803d04079c2a9ba589e76d362f94d05e91b122753206b75c,False
2026-09-21T18:43:23.628681+00:00,scalein,432.869958,32,0,0,5eeee786d299c189803d04079c2a9ba589e76d362f94d05e91b122753206b75c,False
2026-09-21T18:43:24.665620+00:00,scalein,433.906897,32,0,0,5eeee786d299c189803d04079c2a9ba589e76d362f94d05e91b122753206b75c,False
2026-09-21T18:43:25.708037+00:00,scalein,434.949314,32,0,0,5eeee786d299c189803d04079c2a9ba589e76d362f94d05e91b122753206b75c,False
2026-09-21T18:43:26.747463+00:00,scalein,435.988740,32,0,0,5eeee786d299c189803d04079c2a9ba589e76d362f94d05e91b122753206b75c,False
2026-09-21T18:43:27.772657+00:00,scalein,437.013934,32,0,0,5eeee786d299c189803d04079c2a9ba589e76d362f94d05e91b122753206b75c,False
2026-09-21T18:43:28.803968+00:00,scalein,438.045245,32,0,0,5eeee786d299c189803d04079c2a9ba589e76d362f94d05e91b122753206b75c,False
2026-09-21T18:43:29.839211+00:00,scalein,439.080488,32,0,0,5eeee786d299c189803d04079c2a9ba589e76d362f94d05e91b122753206b75c,False
2026-09-21T18:43:30.863855+00:00,scalein,440.105132,32,0,0,5eeee786d299c189803d04079c2a9ba589e76d362f94d05e91b122753206b75c,False
2026-09-21T18:43:31.888561+00:00,scalein,441.129838,32,0,0,5eeee786d299c189803d04079c2a9ba589e76d362f94d05e91b122753206b75c,False
2026-09-21T18:43:32.926366+00:00,scalein,442.167643,32,0,0,5eeee786d299c189803d04079c2a9ba589e76d362f94d05e91b122753206b75c,False
2026-09-21T18:43:33.959544+00:00,scalein,443.200821,32,0,0,5eeee786d299c189803d04079c2a9ba589e76d362f94d05e91b122753206b75c,False
2026-09-21T18:43:35.007091+00:00,scalein,444.248368,32,0,0,5eeee786d299c189803d04079c2a9ba589e76d362f94d05e91b122753206b75c,False
2026-09-21T18:43:36.033079+00:00,scalein,445.274356,32,0,0,5eeee786d299c189803d04079c2a9ba589e76d362f94d05e91b122753206b75c,False
2026-09-21T18:43:37.085919+00:00,scalein,446.327196,32,0,0,5eeee786d299c189803d04079c2a9ba589e76d362f94d05e91b122753206b75c,False
2026-09-21T18:43:38.120082+00:00,scalein,447.361359,32,0,0,5eeee786d299c189803d04079c2a9ba589e76d362f94d05e91b122753206b75c,False
2026-09-21T18:43:39.150254+00:00,scalein,448.391531,32,0,0,5eeee786d299c189803d04079c2a9ba589e76d362f94d05e91b122753206b75c,False
2026-09-21T18:43:40.184769+00:00,scalein,449.426046,32,0,0,5eeee786d299c189803d04079c2a9ba589e76d362f94d05e91b122753206b75c,False
2026-09-21T18:43:41.225245+00:00,scalein,450.466522,32,0,0,5eeee786d299c189803d04079c2a9ba589e76d362f94d05e91b122753206b75c,False
2026-09-21T18:43:42.257790+00:00,scalein,451.499067,32,0,0,5eeee786d299c189803d04079c2a9ba589e76d362f94d05e91b122753206b75c,False
2026-09-21T18:43:43.276870+00:00,scalein,452.518147,32,0,0,5eeee786d299c189803d04079c2a9ba589e76d362f94d05e91b122753206b75c,False
2026-09-21T18:43:44.326997+00:00,scalein,453.568274,32,0,0,5eeee786d299c189803d04079c2a9ba589e76d362f94d05e91b122753206b75c,False
2026-09-21T18:43:45.366790+00:00,scalein,454.608067,32,0,0,5eeee786d299c189803d04079c2a9ba589e76d362f94d05e91b122753206b75c,False
2026-09-21T18:43:46.404549+00:00,scalein,455.645826,32,0,0,5eeee786d299c189803d04079c2a9ba589e76d362f94d05e91b122753206b75c,False
2026-09-21T18:43:47.436835+00:00,scalein,456.678112,32,0,0,5eeee786d299c189803d04079c2a9ba589e76d362f94d05e91b122753206b75c,False
2026-09-21T18:43:48.482557+00:00,scalein,457.723834,32,0,0,5eeee786d299c189803d04079c2a9ba589e76d362f94d05e91b122753206b75c,False
2026-09-21T18:43:49.519426+00:00,scalein,458.760703,32,0,0,5eeee786d299c189803d04079c2a9ba589e76d362f94d05e91b122753206b75c,False
2026-09-21T18:43:50.537471+00:00,scalein,459.778748,32,0,0,5eeee786d299c189803d04079c2a9ba589e76d362f94d05e91b122753206b75c,False
2026-09-21T18:43:51.559336+00:00,scalein,460.800613,32,0,0,5eeee786d299c189803d04079c2a9ba589e76d362f94d05e91b122753206b75c,False
2026-09-21T18:43:52.576632+00:00,scalein,461.817909,32,0,0,5eeee786d299c189803d04079c2a9ba589e76d362f94d05e91b122753206b75c,False
2026-09-21T18:43:53.603243+00:00,scalein,462.844520,32,0,0,5eeee786d299c189803d04079c2a9ba589e76d362f94d05e91b122753206b75c,False
2026-09-21T18:43:54.650237+00:00,scalein,463.891514,32,0,0,5eeee786d299c189803d04079c2a9ba589e76d362f94d05e91b122753206b75c,False
2026-09-21T18:43:55.700928+00:00,scalein,464.942205,32,0,0,5eeee786d299c189803d04079c2a9ba589e76d362f94d05e91b122753206b75c,False
2026-09-21T18:43:56.757075+00:00,scalein,465.998352,32,0,0,5eeee786d299c189803d04079c2a9ba589e76d362f94d05e91b122753206b75c,False
2026-09-21T18:43:57.800279+00:00,scalein,467.041556,32,0,0,5eeee786d299c189803d04079c2a9ba589e76d362f94d05e91b122753206b75c,False
2026-09-21T18:43:58.841529+00:00,scalein,468.082806,32,0,0,5eeee786d299c189803d04079c2a9ba589e76d362f94d05e91b122753206b75c,False
2026-09-21T18:43:59.924890+00:00,scalein,469.166167,32,0,0,5eeee786d299c189803d04079c2a9ba589e76d362f94d05e91b122753206b75c,False
2026-09-21T18:44:00.951091+00:00,scalein,470.192368,32,0,0,5eeee786d299c189803d04079c2a9ba589e76d362f94d05e91b122753206b75c,False
2026-09-21T18:44:01.992788+00:00,scalein,471.234065,32,0,0,5eeee786d299c189803d04079c2a9ba589e76d362f94d05e91b122753206b75c,False
2026-09-21T18:44:03.045394+00:00,scalein,472.286671,32,0,0,5eeee786d299c189803d04079c2a9ba589e76d362f94d05e91b122753206b75c,False
2026-09-21T18:44:04.076549+00:00,scalein,473.317826,32,0,0,5eeee786d299c189803d04079c2a9ba589e76d362f94d05e91b122753206b75c,False
2026-09-21T18:44:05.120859+00:00,scalein,474.362136,32,0,0,5eeee786d299c189803d04079c2a9ba589e76d362f94d05e91b122753206b75c,False
2026-09-21T18:44:06.179465+00:00,scalein,475.420742,32,0,0,5eeee786d299c189803d04079c2a9ba589e76d362f94d05e91b122753206b75c,False
2026-09-21T18:44:07.247303+00:00,scalein,476.488580,32,0,0,5eeee786d299c189803d04079c2a9ba589e76d362f94d05e91b122753206b75c,False
2026-09-21T18:44:08.281012+00:00,scalein,477.522289,32,0,0,5eeee786d299c189803d04079c2a9ba589e76d362f94d05e91b122753206b75c,False
2026-09-21T18:44:09.318512+00:00,scalein,478.559789,32,0,0,5eeee786d299c189803d04079c2a9ba589e76d362f94d05e91b122753206b75c,False
2026-09-21T18:44:10.376335+00:00,scalein,479.617612,32,0,0,5eeee786d299c189803d04079c2a9ba589e76d362f94d05e91b122753206b75c,False
2026-09-21T18:44:11.400855+00:00,scalein,480.642132,32,0,0,5eeee786d299c189803d04079c2a9ba589e76d362f94d05e91b122753206b75c,False
2026-09-21T18:44:12.422579+00:00,scalein,481.663856,32,0,0,5eeee786d299c189803d04079c2a9ba589e76d362f94d05e91b122753206b75c,False
2026-09-21T18:44:13.457958+00:00,scalein,482.699235,32,0,0,5eeee786d299c189803d04079c2a9ba589e76d362f94d05e91b122753206b75c,False
2026-09-21T18:44:14.490559+00:00,scalein,483.731836,32,0,0,5eeee786d299c189803d04079c2a9ba589e76d362f94d05e91b122753206b75c,False
2026-09-21T18:44:15.526746+00:00,scalein,484.768023,32,0,0,5eeee786d299c189803d04079c2a9ba589e76d362f94d05e91b122753206b75c,False
2026-09-21T18:44:16.583957+00:00,scalein,485.825234,32,0,0,5eeee786d299c189803d04079c2a9ba589e76d362f94d05e91b122753206b75c,False
2026-09-21T18:44:17.601515+00:00,scalein,486.842792,32,0,0,5eeee786d299c189803d04079c2a9ba589e76d362f94d05e91b122753206b75c,False
2026-09-21T18:44:18.655883+00:00,scalein,487.897160,32,0,0,5eeee786d299c189803d04079c2a9ba589e76d362f94d05e91b122753206b75c,False
2026-09-21T18:44:19.696575+00:00,scalein,488.937852,32,0,0,5eeee786d299c189803d04079c2a9ba589e76d362f94d05e91b122753206b75c,False
2026-09-21T18:44:20.730326+00:00,scalein,489.971603,32,0,0,5eeee786d299c189803d04079c2a9ba589e76d362f94d05e91b122753206b75c,False
2026-09-21T18:44:21.756098+00:00,scalein,490.997375,32,0,0,5eeee786d299c189803d04079c2a9ba589e76d362f94d05e91b122753206b75c,False
2026-09-21T18:44:22.786030+00:00,scalein,492.027307,32,0,0,5eeee786d299c189803d04079c2a9ba589e76d362f94d05e91b122753206b75c,False
2026-09-21T18:44:23.807414+00:00,scalein,493.048691,32,0,0,5eeee786d299c189803d04079c2a9ba589e76d362f94d05e91b122753206b75c,False
2026-09-21T18:44:24.848255+00:00,scalein,494.089532,32,0,0,5eeee786d299c189803d04079c2a9ba589e76d362f94d05e91b122753206b75c,False
2026-09-21T18:44:25.868592+00:00,scalein,495.109869,32,0,0,5eeee786d299c189803d04079c2a9ba589e76d362f94d05e91b122753206b75c,False
2026-09-21T18:44:26.896927+00:00,scalein,496.138204,32,0,0,5eeee786d299c189803d04079c2a9ba589e76d362f94d05e91b122753206b75c,False
2026-09-21T18:44:27.925264+00:00,scalein,497.166541,32,0,0,5eeee786d299c189803d04079c2a9ba589e76d362f94d05e91b122753206b75c,False
2026-09-21T18:44:28.958700+00:00,scalein,498.199977,32,0,0,5eeee786d299c189803d04079c2a9ba589e76d362f94d05e91b122753206b75c,False
2026-09-21T18:44:30.036062+00:00,scalein,499.277339,32,0,0,5eeee786d299c189803d04079c2a9ba589e76d362f94d05e91b122753206b75c,False
2026-09-21T18:44:31.071174+00:00,scalein,500.312451,32,0,0,5eeee786d299c189803d04079c2a9ba589e76d362f94d05e91b122753206b75c,False
2026-09-21T18:44:32.105176+00:00,scalein,501.346453,32,0,0,5eeee786d299c189803d04079c2a9ba589e76d362f94d05e91b122753206b75c,False
2026-09-21T18:44:33.140560+00:00,scalein,502.381837,32,0,0,5eeee786d299c189803d04079c2a9ba589e76d362f94d05e91b122753206b75c,False
2026-09-21T18:44:34.169109+00:00,scalein,503.410386,32,0,0,5eeee786d299c189803d04079c2a9ba589e76d362f94d05e91b122753206b75c,False
2026-09-21T18:44:35.197314+00:00,scalein,504.438591,32,0,0,5eeee786d299c189803d04079c2a9ba589e76d362f94d05e91b122753206b75c,False
2026-09-21T18:44:36.226818+00:00,scalein,505.468095,32,0,0,5eeee786d299c189803d04079c2a9ba589e76d362f94d05e91b122753206b75c,False
2026-09-21T18:44:37.255070+00:00,scalein,506.496347,32,0,0,5eeee786d299c189803d04079c2a9ba589e76d362f94d05e91b122753206b75c,False
2026-09-21T18:44:38.280076+00:00,scalein,507.521353,32,0,0,5eeee786d299c189803d04079c2a9ba589e76d362f94d05e91b122753206b75c,False
2026-09-21T18:44:39.318625+00:00,scalein,508.559902,32,0,0,5eeee786d299c189803d04079c2a9ba589e76d362f94d05e91b122753206b75c,False
2026-09-21T18:44:40.354647+00:00,scalein,509.595924,32,0,0,5eeee786d299c189803d04079c2a9ba589e76d362f94d05e91b122753206b75c,False
2026-09-21T18:44:41.414096+00:00,scalein,510.655373,32,0,0,5eeee786d299c189803d04079c2a9ba589e76d362f94d05e91b122753206b75c,False
2026-09-21T18:44:42.446835+00:00,scalein,511.688112,32,0,0,5eeee786d299c189803d04079c2a9ba589e76d362f94d05e91b122753206b75c,False
2026-09-21T18:44:43.493814+00:00,scalein,512.735091,32,0,0,5eeee786d299c189803d04079c2a9ba589e76d362f94d05e91b122753206b75c,False
2026-09-21T18:44:44.522740+00:00,scalein,513.764017,32,0,0,5eeee786d299c189803d04079c2a9ba589e76d362f94d05e91b122753206b75c,False
2026-09-21T18:44:45.564173+00:00,scalein,514.805450,32,0,0,5eeee786d299c189803d04079c2a9ba589e76d362f94d05e91b122753206b75c,False
2026-09-21T18:44:46.617715+00:00,scalein,515.858992,32,0,0,5eeee786d299c189803d04079c2a9ba589e76d362f94d05e91b122753206b75c,False
2026-09-21T18:44:47.652449+00:00,scalein,516.893726,32,0,0,5eeee786d299c189803d04079c2a9ba589e76d362f94d05e91b122753206b75c,False
2026-09-21T18:44:48.696278+00:00,scalein,517.937555,32,0,0,5eeee786d299c189803d04079c2a9ba589e76d362f94d05e91b122753206b75c,False
2026-09-21T18:44:49.746231+00:00,scalein,518.987508,32,0,0,5eeee786d299c189803d04079c2a9ba589e76d362f94d05e91b122753206b75c,False
2026-09-21T18:44:50.767694+00:00,scalein,520.008971,32,0,0,5eeee786d299c189803d04079c2a9ba589e76d362f94d05e91b122753206b75c,False
2026-09-21T18:44:51.792662+00:00,scalein,521.033939,32,0,0,5eeee786d299c189803d04079c2a9ba589e76d362f94d05e91b122753206b75c,False
2026-09-21T18:44:52.854081+00:00,scalein,522.095358,32,0,0,5eeee786d299c189803d04079c2a9ba589e76d362f94d05e91b122753206b75c,False
2026-09-21T18:44:53.892333+00:00,scalein,523.133610,32,0,0,5eeee786d299c189803d04079c2a9ba589e76d362f94d05e91b122753206b75c,False
2026-09-21T18:44:54.924642+00:00,scalein,524.165919,32,0,0,5eeee786d299c189803d04079c2a9ba589e76d362f94d05e91b122753206b75c,False
2026-09-21T18:44:55.965370+00:00,scalein,525.206647,32,0,0,5eeee786d299c189803d04079c2a9ba589e76d362f94d05e91b122753206b75c,False
2026-09-21T18:44:56.983350+00:00,scalein,526.224627,32,0,0,5eeee786d299c189803d04079c2a9ba589e76d362f94d05e91b122753206b75c,False
2026-09-21T18:44:58.016826+00:00,scalein,527.258103,32,0,0,5eeee786d299c189803d04079c2a9ba589e76d362f94d05e91b122753206b75c,False
2026-09-21T18:44:59.057251+00:00,scalein,528.298528,32,0,0,5eeee786d299c189803d04079c2a9ba589e76d362f94d05e91b122753206b75c,False
2026-09-21T18:45:00.089638+00:00,scalein,529.330915,32,0,0,5eeee786d299c189803d04079c2a9ba589e76d362f94d05e91b122753206b75c,False
2026-09-21T18:45:01.122717+00:00,scalein,530.363994,32,0,0,5eeee786d299c189803d04079c2a9ba589e76d362f94d05e91b122753206b75c,False
2026-09-21T18:45:02.136998+00:00,scalein,531.378275,32,0,0,5eeee786d299c189803d04079c2a9ba589e76d362f94d05e91b122753206b75c,False
2026-09-21T18:45:03.180488+00:00,scalein,532.421765,32,0,0,5eeee786d299c189803d04079c2a9ba589e76d362f94d05e91b122753206b75c,False
2026-09-21T18:45:04.219461+00:00,scalein,533.460738,32,0,0,5eeee786d299c189803d04079c2a9ba589e76d362f94d05e91b122753206b75c,False
2026-09-21T18:45:05.256954+00:00,scalein,534.498231,32,0,0,5eeee786d299c189803d04079c2a9ba589e76d362f94d05e91b122753206b75c,False
2026-09-21T18:45:06.298130+00:00,scalein,535.539407,32,0,0,5eeee786d299c189803d04079c2a9ba589e76d362f94d05e91b122753206b75c,False
2026-09-21T18:45:07.333673+00:00,scalein,536.574950,32,0,0,5eeee786d299c189803d04079c2a9ba589e76d362f94d05e91b122753206b75c,False
2026-09-21T18:45:08.359765+00:00,scalein,537.601042,32,0,0,5eeee786d299c189803d04079c2a9ba589e76d362f94d05e91b122753206b75c,False
2026-09-21T18:45:09.405218+00:00,scalein,538.646495,32,0,0,5eeee786d299c189803d04079c2a9ba589e76d362f94d05e91b122753206b75c,False
2026-09-21T18:45:10.440620+00:00,scalein,539.681897,32,0,0,5eeee786d299c189803d04079c2a9ba589e76d362f94d05e91b122753206b75c,False
2026-09-21T18:45:11.487727+00:00,scalein,540.729004,32,0,0,5eeee786d299c189803d04079c2a9ba589e76d362f94d05e91b122753206b75c,False
2026-09-21T18:45:12.539507+00:00,scalein,541.780784,32,0,0,5eeee786d299c189803d04079c2a9ba589e76d362f94d05e91b122753206b75c,False
2026-09-21T18:45:13.588614+00:00,scalein,542.829891,32,0,0,5eeee786d299c189803d04079c2a9ba589e76d362f94d05e91b122753206b75c,False
2026-09-21T18:45:14.636594+00:00,scalein,543.877871,32,0,0,5eeee786d299c189803d04079c2a9ba589e76d362f94d05e91b122753206b75c,False
2026-09-21T18:45:15.736163+00:00,scalein,544.977440,32,0,0,5eeee786d299c189803d04079c2a9ba589e76d362f94d05e91b122753206b75c,False
2026-09-21T18:45:16.780958+00:00,scalein,546.022235,32,0,0,5eeee786d299c189803d04079c2a9ba589e76d362f94d05e91b122753206b75c,False
2026-09-21T18:45:17.840416+00:00,scalein,547.081693,32,0,0,5eeee786d299c189803d04079c2a9ba589e76d362f94d05e91b122753206b75c,False
2026-09-21T18:45:18.887212+00:00,scalein,548.128489,32,0,0,5eeee786d299c189803d04079c2a9ba589e76d362f94d05e91b122753206b75c,False
2026-09-21T18:45:19.922993+00:00,scalein,549.164270,32,0,0,5eeee786d299c189803d04079c2a9ba589e76d362f94d05e91b122753206b75c,False
2026-09-21T18:45:20.975139+00:00,scalein,550.216416,32,0,0,5eeee786d299c189803d04079c2a9ba589e76d362f94d05e91b122753206b75c,False
2026-09-21T18:45:22.024132+00:00,scalein,551.265409,32,0,0,5eeee786d299c189803d04079c2a9ba589e76d362f94d05e91b122753206b75c,False
2026-09-21T18:45:23.063387+00:00,scalein,552.304664,32,0,0,5eeee786d299c189803d04079c2a9ba589e76d362f94d05e91b122753206b75c,False
2026-09-21T18:45:24.098990+00:00,scalein,553.340267,32,0,0,5eeee786d299c189803d04079c2a9ba589e76d362f94d05e91b122753206b75c,False
2026-09-21T18:45:25.139284+00:00,scalein,554.380561,32,0,0,5eeee786d299c189803d04079c2a9ba589e76d362f94d05e91b122753206b75c,False
2026-09-21T18:45:26.162806+00:00,scalein,555.404083,32,0,0,5eeee786d299c189803d04079c2a9ba589e76d362f94d05e91b122753206b75c,False
2026-09-21T18:45:27.193125+00:00,scalein,556.434402,32,0,0,5eeee786d299c189803d04079c2a9ba589e76d362f94d05e91b122753206b75c,False
2026-09-21T18:45:28.242746+00:00,scalein,557.484023,32,0,0,5eeee786d299c189803d04079c2a9ba589e76d362f94d05e91b122753206b75c,False
2026-09-21T18:45:29.276824+00:00,scalein,558.518101,32,0,0,5eeee786d299c189803d04079c2a9ba589e76d362f94d05e91b122753206b75c,False
2026-09-21T18:45:30.320567+00:00,scalein,559.561844,32,0,0,5eeee786d299c189803d04079c2a9ba589e76d362f94d05e91b122753206b75c,False
2026-09-21T18:45:31.373564+00:00,scalein,560.614841,32,0,0,5eeee786d299c189803d04079c2a9ba589e76d362f94d05e91b122753206b75c,False
2026-09-21T18:45:32.411516+00:00,scalein,561.652793,32,0,0,5eeee786d299c189803d04079c2a9ba589e76d362f94d05e91b122753206b75c,False
2026-09-21T18:45:33.449716+00:00,scalein,562.690993,32,0,0,5eeee786d299c189803d04079c2a9ba589e76d362f94d05e91b122753206b75c,False
2026-09-21T18:45:34.495920+00:00,scalein,563.737197,32,0,0,5eeee786d299c189803d04079c2a9ba589e76d362f94d05e91b122753206b75c,False
2026-09-21T18:45:35.521372+00:00,scalein,564.762649,32,0,0,5eeee786d299c189803d04079c2a9ba589e76d362f94d05e91b122753206b75c,False
2026-09-21T18:45:36.555898+00:00,scalein,565.797175,32,0,0,5eeee786d299c189803d04079c2a9ba589e76d362f94d05e91b122753206b75c,False
2026-09-21T18:45:37.596137+00:00,scalein,566.837414,32,0,0,5eeee786d299c189803d04079c2a9ba589e76d362f94d05e91b122753206b75c,False
2026-09-21T18:45:38.630966+00:00,scalein,567.872243,32,0,0,5eeee786d299c189803d04079c2a9ba589e76d362f94d05e91b122753206b75c,False
2026-09-21T18:45:39.676921+00:00,scalein,568.918198,32,0,0,5eeee786d299c189803d04079c2a9ba589e76d362f94d05e91b122753206b75c,False
2026-09-21T18:45:40.719967+00:00,scalein,569.961244,32,0,0,5eeee786d299c189803d04079c2a9ba589e76d362f94d05e91b122753206b75c,False
2026-09-21T18:45:41.755635+00:00,scalein,570.996912,32,0,0,5eeee786d299c189803d04079c2a9ba589e76d362f94d05e91b122753206b75c,False
2026-09-21T18:45:42.792929+00:00,scalein,572.034206,32,0,0,5eeee786d299c189803d04079c2a9ba589e76d362f94d05e91b122753206b75c,False
2026-09-21T18:45:43.830193+00:00,scalein,573.071470,32,0,0,5eeee786d299c189803d04079c2a9ba589e76d362f94d05e91b122753206b75c,False
2026-09-21T18:45:44.875811+00:00,scalein,574.117088,32,0,0,5eeee786d299c189803d04079c2a9ba589e76d362f94d05e91b122753206b75c,False
2026-09-21T18:45:45.909871+00:00,scalein,575.151148,32,0,0,5eeee786d299c189803d04079c2a9ba589e76d362f94d05e91b122753206b75c,False
2026-09-21T18:45:46.931346+00:00,scalein,576.172623,32,0,0,5eeee786d299c189803d04079c2a9ba589e76d362f94d05e91b122753206b75c,False
2026-09-21T18:45:47.986455+00:00,scalein,577.227732,32,0,0,5eeee786d299c189803d04079c2a9ba589e76d362f94d05e91b122753206b75c,False
2026-09-21T18:45:49.031978+00:00,scalein,578.273255,32,0,0,5eeee786d299c189803d04079c2a9ba589e76d362f94d05e91b122753206b75c,False
2026-09-21T18:45:50.069996+00:00,scalein,579.311273,32,0,0,5eeee786d299c189803d04079c2a9ba589e76d362f94d05e91b122753206b75c,False
2026-09-21T18:45:51.105424+00:00,scalein,580.346701,32,0,0,5eeee786d299c189803d04079c2a9ba589e76d362f94d05e91b122753206b75c,False
2026-09-21T18:45:52.163612+00:00,scalein,581.404889,32,0,0,5eeee786d299c189803d04079c2a9ba589e76d362f94d05e91b122753206b75c,False
2026-09-21T18:45:53.197061+00:00,scalein,582.438338,32,0,0,5eeee786d299c189803d04079c2a9ba589e76d362f94d05e91b122753206b75c,False
2026-09-21T18:45:54.226922+00:00,scalein,583.468199,32,0,0,5eeee786d299c189803d04079c2a9ba589e76d362f94d05e91b122753206b75c,False
2026-09-21T18:45:55.271059+00:00,scalein,584.512336,32,0,0,5eeee786d299c189803d04079c2a9ba589e76d362f94d05e91b122753206b75c,False
2026-09-21T18:45:56.412521+00:00,scalein,585.653798,32,0,0,5eeee786d299c189803d04079c2a9ba589e76d362f94d05e91b122753206b75c,False
2026-09-21T18:45:57.454265+00:00,scalein,586.695542,32,0,0,5eeee786d299c189803d04079c2a9ba589e76d362f94d05e91b122753206b75c,False
2026-09-21T18:45:58.476293+00:00,scalein,587.717570,32,0,0,5eeee786d299c189803d04079c2a9ba589e76d362f94d05e91b122753206b75c,False
2026-09-21T18:45:59.512933+00:00,scalein,588.754210,32,0,0,5eeee786d299c189803d04079c2a9ba589e76d362f94d05e91b122753206b75c,False
2026-09-21T18:46:00.564652+00:00,scalein,589.805929,32,0,0,5eeee786d299c189803d04079c2a9ba589e76d362f94d05e91b122753206b75c,False
2026-09-21T18:46:01.608701+00:00,scalein,590.849978,32,0,0,5eeee786d299c189803d04079c2a9ba589e76d362f94d05e91b122753206b75c,False
2026-09-21T18:46:02.658489+00:00,scalein,591.899766,32,0,0,5eeee786d299c189803d04079c2a9ba589e76d362f94d05e91b122753206b75c,False
2026-09-21T18:46:03.711595+00:00,scalein,592.952872,32,0,0,5eeee786d299c189803d04079c2a9ba589e76d362f94d05e91b122753206b75c,False
2026-09-21T18:46:04.741352+00:00,scalein,593.982629,32,0,0,5eeee786d299c189803d04079c2a9ba589e76d362f94d05e91b122753206b75c,False
2026-09-21T18:46:05.784289+00:00,scalein,595.025566,32,0,0,5eeee786d299c189803d04079c2a9ba589e76d362f94d05e91b122753206b75c,False
2026-09-21T18:46:06.833756+00:00,scalein,596.075033,32,0,0,5eeee786d299c189803d04079c2a9ba589e76d362f94d05e91b122753206b75c,False
2026-09-21T18:46:07.873917+00:00,scalein,597.115194,32,0,0,5eeee786d299c189803d04079c2a9ba589e76d362f94d05e91b122753206b75c,False
2026-09-21T18:46:08.912016+00:00,scalein,598.153293,32,0,0,5eeee786d299c189803d04079c2a9ba589e76d362f94d05e91b122753206b75c,False
2026-09-21T18:46:09.947741+00:00,scalein,599.189018,32,0,0,5eeee786d299c189803d04079c2a9ba589e76d362f94d05e91b122753206b75c,False
2026-09-21T18:46:10.977012+00:00,scalein,600.218289,32,0,0,5eeee786d299c189803d04079c2a9ba589e76d362f94d05e91b122753206b75c,False
2026-09-21T18:46:12.011433+00:00,scalein,601.252710,32,0,0,5eeee786d299c189803d04079c2a9ba589e76d362f94d05e91b122753206b75c,False
2026-09-21T18:46:13.045318+00:00,scalein,602.286595,32,0,0,5eeee786d299c189803d04079c2a9ba589e76d362f94d05e91b122753206b75c,False
2026-09-21T18:46:14.098694+00:00,scalein,603.339971,32,0,0,5eeee786d299c189803d04079c2a9ba589e76d362f94d05e91b122753206b75c,False
2026-09-21T18:46:15.126615+00:00,scalein,604.367892,32,0,0,5eeee786d299c189803d04079c2a9ba589e76d362f94d05e91b122753206b75c,False
2026-09-21T18:46:16.161803+00:00,scalein,605.403080,32,0,0,5eeee786d299c189803d04079c2a9ba589e76d362f94d05e91b122753206b75c,False
2026-09-21T18:46:17.210200+00:00,scalein,606.451477,32,0,0,5eeee786d299c189803d04079c2a9ba589e76d362f94d05e91b122753206b75c,False
2026-09-21T18:46:18.233114+00:00,scalein,607.474391,32,0,0,5eeee786d299c189803d04079c2a9ba589e76d362f94d05e91b122753206b75c,False
2026-09-21T18:46:19.263372+00:00,scalein,608.504649,32,0,0,5eeee786d299c189803d04079c2a9ba589e76d362f94d05e91b122753206b75c,False
2026-09-21T18:46:20.281872+00:00,scalein,609.523149,32,0,0,5eeee786d299c189803d04079c2a9ba589e76d362f94d05e91b122753206b75c,False
2026-09-21T18:46:21.302106+00:00,scalein,610.543383,32,0,0,5eeee786d299c189803d04079c2a9ba589e76d362f94d05e91b122753206b75c,False
2026-09-21T18:46:22.339604+00:00,scalein,611.580881,32,0,0,5eeee786d299c189803d04079c2a9ba589e76d362f94d05e91b122753206b75c,False
2026-09-21T18:46:23.376470+00:00,scalein,612.617747,32,0,0,5eeee786d299c189803d04079c2a9ba589e76d362f94d05e91b122753206b75c,False
2026-09-21T18:46:24.407561+00:00,scalein,613.648838,32,0,0,5eeee786d299c189803d04079c2a9ba589e76d362f94d05e91b122753206b75c,False
2026-09-21T18:46:25.441056+00:00,scalein,614.682333,32,0,0,5eeee786d299c189803d04079c2a9ba589e76d362f94d05e91b122753206b75c,False
2026-09-21T18:46:26.470604+00:00,scalein,615.711881,32,0,0,5eeee786d299c189803d04079c2a9ba589e76d362f94d05e91b122753206b75c,False
2026-09-21T18:46:27.488176+00:00,scalein,616.729453,32,0,0,5eeee786d299c189803d04079c2a9ba589e76d362f94d05e91b122753206b75c,False
2026-09-21T18:46:28.531985+00:00,scalein,617.773262,32,0,0,5eeee786d299c189803d04079c2a9ba589e76d362f94d05e91b122753206b75c,False
2026-09-21T18:46:29.573307+00:00,scalein,618.814584,32,0,0,5eeee786d299c189803d04079c2a9ba589e76d362f94d05e91b122753206b75c,False
2026-09-21T18:46:30.608117+00:00,scalein,619.849394,32,0,0,5eeee786d299c189803d04079c2a9ba589e76d362f94d05e91b122753206b75c,False
2026-09-21T18:46:31.643183+00:00,scalein,620.884460,32,0,0,5eeee786d299c189803d04079c2a9ba589e76d362f94d05e91b122753206b75c,False
2026-09-21T18:46:32.677772+00:00,scalein,621.919049,32,0,0,5eeee786d299c189803d04079c2a9ba589e76d362f94d05e91b122753206b75c,False
2026-09-21T18:46:33.710358+00:00,scalein,622.951635,32,0,0,5eeee786d299c189803d04079c2a9ba589e76d362f94d05e91b122753206b75c,False
2026-09-21T18:46:34.741318+00:00,scalein,623.982595,32,0,0,5eeee786d299c189803d04079c2a9ba589e76d362f94d05e91b122753206b75c,False
2026-09-21T18:46:35.787946+00:00,scalein,625.029223,32,0,0,5eeee786d299c189803d04079c2a9ba589e76d362f94d05e91b122753206b75c,False
2026-09-21T18:46:36.824789+00:00,scalein,626.066066,32,0,0,5eeee786d299c189803d04079c2a9ba589e76d362f94d05e91b122753206b75c,False
2026-09-21T18:46:37.877133+00:00,scalein,627.118410,32,0,0,5eeee786d299c189803d04079c2a9ba589e76d362f94d05e91b122753206b75c,False
2026-09-21T18:46:38.911721+00:00,scalein,628.152998,32,0,0,5eeee786d299c189803d04079c2a9ba589e76d362f94d05e91b122753206b75c,False
2026-09-21T18:46:39.929535+00:00,scalein,629.170812,32,0,0,5eeee786d299c189803d04079c2a9ba589e76d362f94d05e91b122753206b75c,False
2026-09-21T18:46:40.945003+00:00,scalein,630.186280,32,0,0,5eeee786d299c189803d04079c2a9ba589e76d362f94d05e91b122753206b75c,False
2026-09-21T18:46:41.964614+00:00,scalein,631.205891,32,0,0,5eeee786d299c189803d04079c2a9ba589e76d362f94d05e91b122753206b75c,False
2026-09-21T18:46:42.999032+00:00,scalein,632.240309,32,0,0,5eeee786d299c189803d04079c2a9ba589e76d362f94d05e91b122753206b75c,False
2026-09-21T18:46:44.039860+00:00,scalein,633.281137,32,0,0,5eeee786d299c189803d04079c2a9ba589e76d362f94d05e91b122753206b75c,False
2026-09-21T18:46:45.075900+00:00,scalein,634.317177,32,0,0,5eeee786d299c189803d04079c2a9ba589e76d362f94d05e91b122753206b75c,False
2026-09-21T18:46:46.130869+00:00,scalein,635.372146,32,0,0,5eeee786d299c189803d04079c2a9ba589e76d362f94d05e91b122753206b75c,False
2026-09-21T18:46:47.163551+00:00,scalein,636.404828,32,0,0,5eeee786d299c189803d04079c2a9ba589e76d362f94d05e91b122753206b75c,False
2026-09-21T18:46:48.195306+00:00,scalein,637.436583,32,0,0,5eeee786d299c189803d04079c2a9ba589e76d362f94d05e91b122753206b75c,False
2026-09-21T18:46:49.218000+00:00,scalein,638.459277,32,0,0,5eeee786d299c189803d04079c2a9ba589e76d362f94d05e91b122753206b75c,False
2026-09-21T18:46:50.254215+00:00,scalein,639.495492,32,0,0,5eeee786d299c189803d04079c2a9ba589e76d362f94d05e91b122753206b75c,False
2026-09-21T18:46:51.297258+00:00,scalein,640.538535,32,0,0,5eeee786d299c189803d04079c2a9ba589e76d362f94d05e91b122753206b75c,False
2026-09-21T18:46:52.349701+00:00,scalein,641.590978,32,0,0,5eeee786d299c189803d04079c2a9ba589e76d362f94d05e91b122753206b75c,False
2026-09-21T18:46:53.402727+00:00,scalein,642.644004,32,0,0,5eeee786d299c189803d04079c2a9ba589e76d362f94d05e91b122753206b75c,False
2026-09-21T18:46:54.443131+00:00,scalein,643.684408,32,0,0,5eeee786d299c189803d04079c2a9ba589e76d362f94d05e91b122753206b75c,False
2026-09-21T18:46:55.519666+00:00,scalein,644.760943,32,0,0,5eeee786d299c189803d04079c2a9ba589e76d362f94d05e91b122753206b75c,False
2026-09-21T18:46:56.555870+00:00,scalein,645.797147,32,0,0,5eeee786d299c189803d04079c2a9ba589e76d362f94d05e91b122753206b75c,False
2026-09-21T18:46:57.607126+00:00,scalein,646.848403,32,0,0,5eeee786d299c189803d04079c2a9ba589e76d362f94d05e91b122753206b75c,False
2026-09-21T18:46:58.634400+00:00,scalein,647.875677,32,0,0,5eeee786d299c189803d04079c2a9ba589e76d362f94d05e91b122753206b75c,False
2026-09-21T18:46:59.656544+00:00,scalein,648.897821,32,0,0,5eeee786d299c189803d04079c2a9ba589e76d362f94d05e91b122753206b75c,False
2026-09-21T18:47:00.687006+00:00,scalein,649.928283,32,0,0,5eeee786d299c189803d04079c2a9ba589e76d362f94d05e91b122753206b75c,False
2026-09-21T18:47:01.714773+00:00,scalein,650.956050,32,0,0,5eeee786d299c189803d04079c2a9ba589e76d362f94d05e91b122753206b75c,False
2026-09-21T18:47:02.731993+00:00,scalein,651.973270,32,0,0,5eeee786d299c189803d04079c2a9ba589e76d362f94d05e91b122753206b75c,False
2026-09-21T18:47:03.776609+00:00,scalein,653.017886,32,0,0,5eeee786d299c189803d04079c2a9ba589e76d362f94d05e91b122753206b75c,False
2026-09-21T18:47:04.825236+00:00,scalein,654.066513,32,0,0,5eeee786d299c189803d04079c2a9ba589e76d362f94d05e91b122753206b75c,False
2026-09-21T18:47:05.896428+00:00,scalein,655.137705,32,0,0,5eeee786d299c189803d04079c2a9ba589e76d362f94d05e91b122753206b75c,False
2026-09-21T18:47:06.927285+00:00,scalein,656.168562,32,0,0,5eeee786d299c189803d04079c2a9ba589e76d362f94d05e91b122753206b75c,False
2026-09-21T18:47:07.985200+00:00,scalein,657.226477,32,0,0,5eeee786d299c189803d04079c2a9ba589e76d362f94d05e91b122753206b75c,False
2026-09-21T18:47:09.014707+00:00,scalein,658.255984,32,0,0,5eeee786d299c189803d04079c2a9ba589e76d362f94d05e91b122753206b75c,False
2026-09-21T18:47:10.036548+00:00,scalein,659.277825,32,0,0,5eeee786d299c189803d04079c2a9ba589e76d362f94d05e91b122753206b75c,False
2026-09-21T18:47:11.055220+00:00,scalein,660.296497,32,0,0,5eeee786d299c189803d04079c2a9ba589e76d362f94d05e91b122753206b75c,False
2026-09-21T18:47:12.096426+00:00,scalein,661.337703,32,0,0,5eeee786d299c189803d04079c2a9ba589e76d362f94d05e91b122753206b75c,False
2026-09-21T18:47:13.128466+00:00,scalein,662.369743,32,0,0,5eeee786d299c189803d04079c2a9ba589e76d362f94d05e91b122753206b75c,False
2026-09-21T18:47:14.184937+00:00,scalein,663.426214,32,0,0,5eeee786d299c189803d04079c2a9ba589e76d362f94d05e91b122753206b75c,False
2026-09-21T18:47:15.224934+00:00,scalein,664.466211,32,0,0,5eeee786d299c189803d04079c2a9ba589e76d362f94d05e91b122753206b75c,False
2026-09-21T18:47:16.255673+00:00,scalein,665.496950,32,0,0,5eeee786d299c189803d04079c2a9ba589e76d362f94d05e91b122753206b75c,False
2026-09-21T18:47:17.293863+00:00,scalein,666.535140,32,0,0,5eeee786d299c189803d04079c2a9ba589e76d362f94d05e91b122753206b75c,False
2026-09-21T18:47:18.328016+00:00,scalein,667.569293,32,0,0,5eeee786d299c189803d04079c2a9ba589e76d362f94d05e91b122753206b75c,False
2026-09-21T18:47:19.371777+00:00,scalein,668.613054,32,0,0,5eeee786d299c189803d04079c2a9ba589e76d362f94d05e91b122753206b75c,False
2026-09-21T18:47:20.401461+00:00,scalein,669.642738,32,0,0,5eeee786d299c189803d04079c2a9ba589e76d362f94d05e91b122753206b75c,False
2026-09-21T18:47:21.424738+00:00,scalein,670.666015,32,0,0,5eeee786d299c189803d04079c2a9ba589e76d362f94d05e91b122753206b75c,False
2026-09-21T18:47:22.463570+00:00,scalein,671.704847,32,0,0,5eeee786d299c189803d04079c2a9ba589e76d362f94d05e91b122753206b75c,False
2026-09-21T18:47:23.495486+00:00,scalein,672.736763,32,0,0,5eeee786d299c189803d04079c2a9ba589e76d362f94d05e91b122753206b75c,False
2026-09-21T18:47:24.517273+00:00,scalein,673.758550,32,0,0,5eeee786d299c189803d04079c2a9ba589e76d362f94d05e91b122753206b75c,False
2026-09-21T18:47:25.555810+00:00,scalein,674.797087,32,0,0,5eeee786d299c189803d04079c2a9ba589e76d362f94d05e91b122753206b75c,False
2026-09-21T18:47:26.595460+00:00,scalein,675.836737,32,0,0,5eeee786d299c189803d04079c2a9ba589e76d362f94d05e91b122753206b75c,False
2026-09-21T18:47:27.891342+00:00,scalein,677.132619,32,0,0,5eeee786d299c189803d04079c2a9ba589e76d362f94d05e91b122753206b75c,False
2026-09-21T18:47:28.967251+00:00,scalein,678.208528,32,0,0,5eeee786d299c189803d04079c2a9ba589e76d362f94d05e91b122753206b75c,False
2026-09-21T18:47:30.006507+00:00,scalein,679.247784,32,0,0,5eeee786d299c189803d04079c2a9ba589e76d362f94d05e91b122753206b75c,False
2026-09-21T18:47:31.058474+00:00,scalein,680.299751,32,0,0,5eeee786d299c189803d04079c2a9ba589e76d362f94d05e91b122753206b75c,False
2026-09-21T18:47:32.110025+00:00,scalein,681.351302,32,0,0,5eeee786d299c189803d04079c2a9ba589e76d362f94d05e91b122753206b75c,False
2026-09-21T18:47:33.151841+00:00,scalein,682.393118,32,0,0,5eeee786d299c189803d04079c2a9ba589e76d362f94d05e91b122753206b75c,False
2026-09-21T18:47:34.184774+00:00,scalein,683.426051,32,0,0,5eeee786d299c189803d04079c2a9ba589e76d362f94d05e91b122753206b75c,False
2026-09-21T18:47:35.221286+00:00,scalein,684.462563,32,0,0,5eeee786d299c189803d04079c2a9ba589e76d362f94d05e91b122753206b75c,False
2026-09-21T18:47:36.249336+00:00,scalein,685.490613,32,0,0,5eeee786d299c189803d04079c2a9ba589e76d362f94d05e91b122753206b75c,False
2026-09-21T18:47:37.283511+00:00,scalein,686.524788,32,0,0,5eeee786d299c189803d04079c2a9ba589e76d362f94d05e91b122753206b75c,False
2026-09-21T18:47:38.320404+00:00,scalein,687.561681,32,0,0,5eeee786d299c189803d04079c2a9ba589e76d362f94d05e91b122753206b75c,False
2026-09-21T18:47:39.349758+00:00,scalein,688.591035,32,0,0,5eeee786d299c189803d04079c2a9ba589e76d362f94d05e91b122753206b75c,False
2026-09-21T18:47:40.382725+00:00,scalein,689.624002,32,0,0,5eeee786d299c189803d04079c2a9ba589e76d362f94d05e91b122753206b75c,False
2026-09-21T18:47:41.431686+00:00,scalein,690.672963,32,0,0,5eeee786d299c189803d04079c2a9ba589e76d362f94d05e91b122753206b75c,False
2026-09-21T18:47:42.473664+00:00,scalein,691.714941,32,0,0,5eeee786d299c189803d04079c2a9ba589e76d362f94d05e91b122753206b75c,False
2026-09-21T18:47:43.515649+00:00,scalein,692.756926,32,0,0,5eeee786d299c189803d04079c2a9ba589e76d362f94d05e91b122753206b75c,False
2026-09-21T18:47:44.566063+00:00,scalein,693.807340,32,0,0,5eeee786d299c189803d04079c2a9ba589e76d362f94d05e91b122753206b75c,False
2026-09-21T18:47:45.601904+00:00,scalein,694.843181,32,0,0,5eeee786d299c189803d04079c2a9ba589e76d362f94d05e91b122753206b75c,False
2026-09-21T18:47:46.630726+00:00,scalein,695.872003,32,0,0,5eeee786d299c189803d04079c2a9ba589e76d362f94d05e91b122753206b75c,False
2026-09-21T18:47:47.672851+00:00,scalein,696.914128,32,0,0,5eeee786d299c189803d04079c2a9ba589e76d362f94d05e91b122753206b75c,False
2026-09-21T18:47:48.720820+00:00,scalein,697.962097,32,0,0,5eeee786d299c189803d04079c2a9ba589e76d362f94d05e91b122753206b75c,False
2026-09-21T18:47:49.744404+00:00,scalein,698.985681,32,0,0,5eeee786d299c189803d04079c2a9ba589e76d362f94d05e91b122753206b75c,False
2026-09-21T18:47:50.784257+00:00,scalein,700.025534,32,0,0,5eeee786d299c189803d04079c2a9ba589e76d362f94d05e91b122753206b75c,False
2026-09-21T18:47:51.808229+00:00,scalein,701.049506,32,0,0,5eeee786d299c189803d04079c2a9ba589e76d362f94d05e91b122753206b75c,False
2026-09-21T18:47:52.829206+00:00,scalein,702.070483,32,0,0,5eeee786d299c189803d04079c2a9ba589e76d362f94d05e91b122753206b75c,False
2026-09-21T18:47:53.854847+00:00,scalein,703.096124,32,0,0,5eeee786d299c189803d04079c2a9ba589e76d362f94d05e91b122753206b75c,False
2026-09-21T18:47:54.879855+00:00,scalein,704.121132,32,0,0,5eeee786d299c189803d04079c2a9ba589e76d362f94d05e91b122753206b75c,False
2026-09-21T18:47:55.962463+00:00,scalein,705.203740,32,0,0,5eeee786d299c189803d04079c2a9ba589e76d362f94d05e91b122753206b75c,False
2026-09-21T18:47:56.998764+00:00,scalein,706.240041,32,0,0,5eeee786d299c189803d04079c2a9ba589e76d362f94d05e91b122753206b75c,False
2026-09-21T18:47:58.032282+00:00,scalein,707.273559,32,0,0,5eeee786d299c189803d04079c2a9ba589e76d362f94d05e91b122753206b75c,False
2026-09-21T18:47:59.085144+00:00,scalein,708.326421,32,0,0,5eeee786d299c189803d04079c2a9ba589e76d362f94d05e91b122753206b75c,False
2026-09-21T18:48:00.137171+00:00,scalein,709.378448,32,0,0,5eeee786d299c189803d04079c2a9ba589e76d362f94d05e91b122753206b75c,False
2026-09-21T18:48:01.153387+00:00,scalein,710.394664,32,0,0,5eeee786d299c189803d04079c2a9ba589e76d362f94d05e91b122753206b75c,False
2026-09-21T18:48:02.184017+00:00,scalein,711.425294,32,0,0,5eeee786d299c189803d04079c2a9ba589e76d362f94d05e91b122753206b75c,False
2026-09-21T18:48:03.200322+00:00,scalein,712.441599,32,0,0,5eeee786d299c189803d04079c2a9ba589e76d362f94d05e91b122753206b75c,False
2026-09-21T18:48:04.236090+00:00,scalein,713.477367,32,0,0,5eeee786d299c189803d04079c2a9ba589e76d362f94d05e91b122753206b75c,False
2026-09-21T18:48:05.275714+00:00,scalein,714.516991,32,0,0,5eeee786d299c189803d04079c2a9ba589e76d362f94d05e91b122753206b75c,False
2026-09-21T18:48:06.317302+00:00,scalein,715.558579,32,0,0,5eeee786d299c189803d04079c2a9ba589e76d362f94d05e91b122753206b75c,False
2026-09-21T18:48:07.356324+00:00,scalein,716.597601,32,0,0,5eeee786d299c189803d04079c2a9ba589e76d362f94d05e91b122753206b75c,False
2026-09-21T18:48:08.410675+00:00,scalein,717.651952,32,0,0,5eeee786d299c189803d04079c2a9ba589e76d362f94d05e91b122753206b75c,False
2026-09-21T18:48:09.437450+00:00,scalein,718.678727,32,0,0,5eeee786d299c189803d04079c2a9ba589e76d362f94d05e91b122753206b75c,False
2026-09-21T18:48:10.463519+00:00,scalein,719.704796,32,0,0,5eeee786d299c189803d04079c2a9ba589e76d362f94d05e91b122753206b75c,False
2026-09-21T18:48:11.505097+00:00,scalein,720.746374,32,0,0,5eeee786d299c189803d04079c2a9ba589e76d362f94d05e91b122753206b75c,False
2026-09-21T18:48:12.546232+00:00,scalein,721.787509,32,0,0,5eeee786d299c189803d04079c2a9ba589e76d362f94d05e91b122753206b75c,False
2026-09-21T18:48:13.579253+00:00,scalein,722.820530,32,0,0,5eeee786d299c189803d04079c2a9ba589e76d362f94d05e91b122753206b75c,False
2026-09-21T18:48:14.600138+00:00,scalein,723.841415,32,0,0,5eeee786d299c189803d04079c2a9ba589e76d362f94d05e91b122753206b75c,False
2026-09-21T18:48:15.631134+00:00,scalein,724.872411,32,0,0,5eeee786d299c189803d04079c2a9ba589e76d362f94d05e91b122753206b75c,False
2026-09-21T18:48:16.682573+00:00,scalein,725.923850,32,0,0,5eeee786d299c189803d04079c2a9ba589e76d362f94d05e91b122753206b75c,False
2026-09-21T18:48:17.714013+00:00,scalein,726.955290,32,0,0,5eeee786d299c189803d04079c2a9ba589e76d362f94d05e91b122753206b75c,False
2026-09-21T18:48:18.760112+00:00,scalein,728.001389,32,0,0,5eeee786d299c189803d04079c2a9ba589e76d362f94d05e91b122753206b75c,False
2026-09-21T18:48:19.796713+00:00,scalein,729.037990,32,0,0,5eeee786d299c189803d04079c2a9ba589e76d362f94d05e91b122753206b75c,False
2026-09-21T18:48:20.826857+00:00,scalein,730.068134,32,0,0,5eeee786d299c189803d04079c2a9ba589e76d362f94d05e91b122753206b75c,False
2026-09-21T18:48:21.874629+00:00,scalein,731.115906,32,0,0,5eeee786d299c189803d04079c2a9ba589e76d362f94d05e91b122753206b75c,False
2026-09-21T18:48:22.908372+00:00,scalein,732.149649,32,0,0,5eeee786d299c189803d04079c2a9ba589e76d362f94d05e91b122753206b75c,False
2026-09-21T18:48:23.953884+00:00,scalein,733.195161,32,0,0,5eeee786d299c189803d04079c2a9ba589e76d362f94d05e91b122753206b75c,False
2026-09-21T18:48:25.021204+00:00,scalein,734.262481,32,0,0,5eeee786d299c189803d04079c2a9ba589e76d362f94d05e91b122753206b75c,False
2026-09-21T18:48:26.056408+00:00,scalein,735.297685,32,0,0,5eeee786d299c189803d04079c2a9ba589e76d362f94d05e91b122753206b75c,False
2026-09-21T18:48:27.098476+00:00,scalein,736.339753,32,0,0,5eeee786d299c189803d04079c2a9ba589e76d362f94d05e91b122753206b75c,False
2026-09-21T18:48:28.142462+00:00,scalein,737.383739,32,0,0,5eeee786d299c189803d04079c2a9ba589e76d362f94d05e91b122753206b75c,False
2026-09-21T18:48:29.186183+00:00,scalein,738.427460,32,0,0,5eeee786d299c189803d04079c2a9ba589e76d362f94d05e91b122753206b75c,False
2026-09-21T18:48:30.225489+00:00,scalein,739.466766,32,0,0,5eeee786d299c189803d04079c2a9ba589e76d362f94d05e91b122753206b75c,False
2026-09-21T18:48:31.262110+00:00,scalein,740.503387,32,0,0,5eeee786d299c189803d04079c2a9ba589e76d362f94d05e91b122753206b75c,False
2026-09-21T18:48:32.308161+00:00,scalein,741.549438,32,0,0,5eeee786d299c189803d04079c2a9ba589e76d362f94d05e91b122753206b75c,False
2026-09-21T18:48:33.342689+00:00,scalein,742.583966,32,0,0,5eeee786d299c189803d04079c2a9ba589e76d362f94d05e91b122753206b75c,False
2026-09-21T18:48:34.392971+00:00,scalein,743.634248,32,0,0,5eeee786d299c189803d04079c2a9ba589e76d362f94d05e91b122753206b75c,False
2026-09-21T18:48:35.407670+00:00,scalein,744.648947,32,0,0,5eeee786d299c189803d04079c2a9ba589e76d362f94d05e91b122753206b75c,False
2026-09-21T18:48:36.455784+00:00,scalein,745.697061,32,0,0,5eeee786d299c189803d04079c2a9ba589e76d362f94d05e91b122753206b75c,False
2026-09-21T18:48:37.482209+00:00,scalein,746.723486,32,0,0,5eeee786d299c189803d04079c2a9ba589e76d362f94d05e91b122753206b75c,False
2026-09-21T18:48:38.522282+00:00,scalein,747.763559,32,0,0,5eeee786d299c189803d04079c2a9ba589e76d362f94d05e91b122753206b75c,False
2026-09-21T18:48:39.550115+00:00,scalein,748.791392,32,0,0,5eeee786d299c189803d04079c2a9ba589e76d362f94d05e91b122753206b75c,False
2026-09-21T18:48:40.588054+00:00,scalein,749.829331,32,0,0,5eeee786d299c189803d04079c2a9ba589e76d362f94d05e91b122753206b75c,False
2026-09-21T18:48:41.605283+00:00,scalein,750.846560,32,0,0,5eeee786d299c189803d04079c2a9ba589e76d362f94d05e91b122753206b75c,False
2026-09-21T18:48:42.777868+00:00,scalein,752.019145,32,0,0,5eeee786d299c189803d04079c2a9ba589e76d362f94d05e91b122753206b75c,False
2026-09-21T18:48:44.561542+00:00,scalein,753.802819,32,0,0,5eeee786d299c189803d04079c2a9ba589e76d362f94d05e91b122753206b75c,False
2026-09-21T18:48:45.727071+00:00,scalein,754.968348,32,0,0,5eeee786d299c189803d04079c2a9ba589e76d362f94d05e91b122753206b75c,False
2026-09-21T18:48:47.076045+00:00,scalein,756.317322,32,0,0,5eeee786d299c189803d04079c2a9ba589e76d362f94d05e91b122753206b75c,False
2026-09-21T18:48:48.153309+00:00,scalein,757.394586,32,0,0,5eeee786d299c189803d04079c2a9ba589e76d362f94d05e91b122753206b75c,False
2026-09-21T18:48:49.391809+00:00,scalein,758.633086,32,0,0,5eeee786d299c189803d04079c2a9ba589e76d362f94d05e91b122753206b75c,False
2026-09-21T18:48:50.477264+00:00,scalein,759.718541,32,0,0,5eeee786d299c189803d04079c2a9ba589e76d362f94d05e91b122753206b75c,False
2026-09-21T18:48:51.560188+00:00,scalein,760.801465,32,0,0,5eeee786d299c189803d04079c2a9ba589e76d362f94d05e91b122753206b75c,False
2026-09-21T18:48:52.639546+00:00,scalein,761.880823,32,0,0,5eeee786d299c189803d04079c2a9ba589e76d362f94d05e91b122753206b75c,False
2026-09-21T18:48:53.704622+00:00,scalein,762.945899,32,0,0,5eeee786d299c189803d04079c2a9ba589e76d362f94d05e91b122753206b75c,False
2026-09-21T18:48:55.341558+00:00,scalein,764.582835,32,0,0,5eeee786d299c189803d04079c2a9ba589e76d362f94d05e91b122753206b75c,False
2026-09-21T18:48:56.392874+00:00,scalein,765.634151,32,0,0,5eeee786d299c189803d04079c2a9ba589e76d362f94d05e91b122753206b75c,False
2026-09-21T18:48:57.459954+00:00,scalein,766.701231,32,0,0,5eeee786d299c189803d04079c2a9ba589e76d362f94d05e91b122753206b75c,False
2026-09-21T18:48:58.506644+00:00,scalein,767.747921,32,0,0,5eeee786d299c189803d04079c2a9ba589e76d362f94d05e91b122753206b75c,False
2026-09-21T18:48:59.556753+00:00,scalein,768.798030,32,0,0,5eeee786d299c189803d04079c2a9ba589e76d362f94d05e91b122753206b75c,False
2026-09-21T18:49:00.607572+00:00,scalein,769.848849,32,0,0,5eeee786d299c189803d04079c2a9ba589e76d362f94d05e91b122753206b75c,False
2026-09-21T18:49:01.658309+00:00,scalein,770.899586,32,0,0,5eeee786d299c189803d04079c2a9ba589e76d362f94d05e91b122753206b75c,False
2026-09-21T18:49:02.708407+00:00,scalein,771.949684,32,0,0,5eeee786d299c189803d04079c2a9ba589e76d362f94d05e91b122753206b75c,False
2026-09-21T18:49:03.761765+00:00,scalein,773.003042,32,0,0,5eeee786d299c189803d04079c2a9ba589e76d362f94d05e91b122753206b75c,False
2026-09-21T18:49:04.798580+00:00,scalein,774.039857,32,0,0,5eeee786d299c189803d04079c2a9ba589e76d362f94d05e91b122753206b75c,False
2026-09-21T18:49:05.847522+00:00,scalein,775.088799,32,0,0,5eeee786d299c189803d04079c2a9ba589e76d362f94d05e91b122753206b75c,False
2026-09-21T18:49:06.903920+00:00,scalein,776.145197,32,0,0,5eeee786d299c189803d04079c2a9ba589e76d362f94d05e91b122753206b75c,False
2026-09-21T18:49:07.941394+00:00,scalein,777.182671,32,0,0,5eeee786d299c189803d04079c2a9ba589e76d362f94d05e91b122753206b75c,False
2026-09-21T18:49:08.972909+00:00,scalein,778.214186,32,0,0,5eeee786d299c189803d04079c2a9ba589e76d362f94d05e91b122753206b75c,False
2026-09-21T18:49:10.007592+00:00,scalein,779.248869,32,0,0,5eeee786d299c189803d04079c2a9ba589e76d362f94d05e91b122753206b75c,False
2026-09-21T18:49:11.035852+00:00,scalein,780.277129,32,0,0,5eeee786d299c189803d04079c2a9ba589e76d362f94d05e91b122753206b75c,False
2026-09-21T18:49:12.084341+00:00,scalein,781.325618,32,0,0,5eeee786d299c189803d04079c2a9ba589e76d362f94d05e91b122753206b75c,False
2026-09-21T18:49:13.154448+00:00,scalein,782.395725,32,0,0,5eeee786d299c189803d04079c2a9ba589e76d362f94d05e91b122753206b75c,False
2026-09-21T18:49:14.245805+00:00,scalein,783.487082,32,0,0,5eeee786d299c189803d04079c2a9ba589e76d362f94d05e91b122753206b75c,False
2026-09-21T18:49:15.280332+00:00,scalein,784.521609,32,0,0,5eeee786d299c189803d04079c2a9ba589e76d362f94d05e91b122753206b75c,False
2026-09-21T18:49:16.597729+00:00,scalein,785.839006,32,0,0,5eeee786d299c189803d04079c2a9ba589e76d362f94d05e91b122753206b75c,False
2026-09-21T18:49:17.660858+00:00,,,32,0,0,5eeee786d299c189803d04079c2a9ba589e76d362f94d05e91b122753206b75c,False
2026-09-21T18:49:18.737295+00:00,,,32,0,0,5eeee786d299c189803d04079c2a9ba589e76d362f94d05e91b122753206b75c,False
2026-09-21T18:49:19.769003+00:00,,,32,0,0,5eeee786d299c189803d04079c2a9ba589e76d362f94d05e91b122753206b75c,False
2026-09-21T18:49:20.812801+00:00,,,32,0,0,5eeee786d299c189803d04079c2a9ba589e76d362f94d05e91b122753206b75c,False
2026-09-21T18:49:21.872277+00:00,,,32,0,0,5eeee786d299c189803d04079c2a9ba589e76d362f94d05e91b122753206b75c,False
2026-09-21T18:49:22.936251+00:00,,,32,0,0,5eeee786d299c189803d04079c2a9ba589e76d362f94d05e91b122753206b75c,False
2026-09-21T18:49:23.988681+00:00,,,32,0,0,5eeee786d299c189803d04079c2a9ba589e76d362f94d05e91b122753206b75c,False
2026-09-21T18:49:25.021879+00:00,,,32,0,0,5eeee786d299c189803d04079c2a9ba589e76d362f94d05e91b122753206b75c,False
2026-09-21T18:49:26.101064+00:00,,,32,0,0,5eeee786d299c189803d04079c2a9ba589e76d362f94d05e91b122753206b75c,False
2026-09-21T18:49:27.173504+00:00,,,32,0,0,5eeee786d299c189803d04079c2a9ba589e76d362f94d05e91b122753206b75c,False
2026-09-21T18:49:28.251915+00:00,,,32,0,0,5eeee786d299c189803d04079c2a9ba589e76d362f94d05e91b122753206b75c,False
2026-09-21T18:49:29.316331+00:00,,,32,0,0,5eeee786d299c189803d04079c2a9ba589e76d362f94d05e91b122753206b75c,False
2026-09-21T18:49:30.351930+00:00,,,32,0,0,5eeee786d299c189803d04079c2a9ba589e76d362f94d05e91b122753206b75c,False
2026-09-21T18:49:31.424343+00:00,,,32,0,0,5eeee786d299c189803d04079c2a9ba589e76d362f94d05e91b122753206b75c,False
2026-09-21T18:49:32.473355+00:00,,,32,0,0,5eeee786d299c189803d04079c2a9ba589e76d362f94d05e91b122753206b75c,False
2026-09-21T18:49:33.521409+00:00,,,32,0,0,5eeee786d299c189803d04079c2a9ba589e76d362f94d05e91b122753206b75c,False
2026-09-21T18:49:34.576316+00:00,,,32,0,0,5eeee786d299c189803d04079c2a9ba589e76d362f94d05e91b122753206b75c,False
2026-09-21T18:49:35.859216+00:00,,,32,0,0,5eeee786d299c189803d04079c2a9ba589e76d362f94d05e91b122753206b75c,False
2026-09-21T18:49:36.928966+00:00,,,32,0,0,5eeee786d299c189803d04079c2a9ba589e76d362f94d05e91b122753206b75c,False
2026-09-21T18:49:38.009018+00:00,,,32,0,0,5eeee786d299c189803d04079c2a9ba589e76d362f94d05e91b122753206b75c,False
2026-09-21T18:49:39.062902+00:00,,,32,0,0,5eeee786d299c189803d04079c2a9ba589e76d362f94d05e91b122753206b75c,False
2026-09-21T18:49:40.135333+00:00,,,32,0,0,5eeee786d299c189803d04079c2a9ba589e76d362f94d05e91b122753206b75c,False
2026-09-21T18:49:41.183709+00:00,,,32,0,0,5eeee786d299c189803d04079c2a9ba589e76d362f94d05e91b122753206b75c,False
2026-09-21T18:49:42.225765+00:00,,,32,0,0,5eeee786d299c189803d04079c2a9ba589e76d362f94d05e91b122753206b75c,False
2026-09-21T18:49:43.303512+00:00,,,32,0,0,5eeee786d299c189803d04079c2a9ba589e76d362f94d05e91b122753206b75c,False
2026-09-21T18:49:44.359926+00:00,,,32,0,0,5eeee786d299c189803d04079c2a9ba589e76d362f94d05e91b122753206b75c,False
2026-09-21T18:49:45.416017+00:00,,,32,0,0,5eeee786d299c189803d04079c2a9ba589e76d362f94d05e91b122753206b75c,False
2026-09-21T18:49:46.476530+00:00,,,32,0,0,5eeee786d299c189803d04079c2a9ba589e76d362f94d05e91b122753206b75c,False
2026-09-21T18:49:47.556424+00:00,,,32,0,0,5eeee786d299c189803d04079c2a9ba589e76d362f94d05e91b122753206b75c,False
2026-09-21T18:49:48.591768+00:00,,,32,0,0,5eeee786d299c189803d04079c2a9ba589e76d362f94d05e91b122753206b75c,False
2026-09-21T18:49:49.628315+00:00,,,32,0,0,5eeee786d299c189803d04079c2a9ba589e76d362f94d05e91b122753206b75c,False
2026-09-21T18:49:50.692371+00:00,,,32,0,0,5eeee786d299c189803d04079c2a9ba589e76d362f94d05e91b122753206b75c,False
2026-09-21T18:49:51.739920+00:00,,,32,0,0,5eeee786d299c189803d04079c2a9ba589e76d362f94d05e91b122753206b75c,False
2026-09-21T18:49:52.781661+00:00,,,32,0,0,5eeee786d299c189803d04079c2a9ba589e76d362f94d05e91b122753206b75c,False
2026-09-21T18:49:53.831579+00:00,,,32,0,0,5eeee786d299c189803d04079c2a9ba589e76d362f94d05e91b122753206b75c,False
2026-09-21T18:49:54.869106+00:00,,,32,0,0,5eeee786d299c189803d04079c2a9ba589e76d362f94d05e91b122753206b75c,False
2026-09-21T18:49:55.913499+00:00,,,32,0,0,5eeee786d299c189803d04079c2a9ba589e76d362f94d05e91b122753206b75c,False
2026-09-21T18:49:56.965410+00:00,,,32,0,0,5eeee786d299c189803d04079c2a9ba589e76d362f94d05e91b122753206b75c,False
2026-09-21T18:49:58.006274+00:00,,,32,0,0,5eeee786d299c189803d04079c2a9ba589e76d362f94d05e91b122753206b75c,False
2026-09-21T18:49:59.054026+00:00,,,32,0,0,5eeee786d299c189803d04079c2a9ba589e76d362f94d05e91b122753206b75c,False
2026-09-21T18:50:00.147265+00:00,,,32,0,0,5eeee786d299c189803d04079c2a9ba589e76d362f94d05e91b122753206b75c,False
2026-09-21T18:50:01.188579+00:00,,,32,0,0,5eeee786d299c189803d04079c2a9ba589e76d362f94d05e91b122753206b75c,False
2026-09-21T18:50:02.245027+00:00,,,32,0,0,5eeee786d299c189803d04079c2a9ba589e76d362f94d05e91b122753206b75c,False
2026-09-21T18:50:03.297858+00:00,,,32,0,0,5eeee786d299c189803d04079c2a9ba589e76d362f94d05e91b122753206b75c,False
2026-09-21T18:50:04.346271+00:00,,,32,0,0,5eeee786d299c189803d04079c2a9ba589e76d362f94d05e91b122753206b75c,False
2026-09-21T18:50:05.401492+00:00,,,32,0,0,5eeee786d299c189803d04079c2a9ba589e76d362f94d05e91b122753206b75c,False
2026-09-21T18:50:06.454554+00:00,,,32,0,0,5eeee786d299c189803d04079c2a9ba589e76d362f94d05e91b122753206b75c,False
2026-09-21T18:50:07.506019+00:00,,,32,0,0,5eeee786d299c189803d04079c2a9ba589e76d362f94d05e91b122753206b75c,False
2026-09-21T18:50:08.572070+00:00,,,32,0,0,5eeee786d299c189803d04079c2a9ba589e76d362f94d05e91b122753206b75c,False
2026-09-21T18:50:09.618408+00:00,,,32,0,0,5eeee786d299c189803d04079c2a9ba589e76d362f94d05e91b122753206b75c,False
2026-09-21T18:50:10.691247+00:00,,,32,0,0,5eeee786d299c189803d04079c2a9ba589e76d362f94d05e91b122753206b75c,False
2026-09-21T18:50:11.743407+00:00,,,32,0,0,5eeee786d299c189803d04079c2a9ba589e76d362f94d05e91b122753206b75c,False
2026-09-21T18:50:12.799185+00:00,,,32,0,0,5eeee786d299c189803d04079c2a9ba589e76d362f94d05e91b122753206b75c,False
2026-09-21T18:50:13.836822+00:00,,,32,0,0,5eeee786d299c189803d04079c2a9ba589e76d362f94d05e91b122753206b75c,False
2026-09-21T18:50:14.888158+00:00,,,32,0,0,5eeee786d299c189803d04079c2a9ba589e76d362f94d05e91b122753206b75c,False
2026-09-21T18:50:15.943984+00:00,,,32,0,0,5eeee786d299c189803d04079c2a9ba589e76d362f94d05e91b122753206b75c,False
2026-09-21T18:50:16.987960+00:00,,,32,0,0,5eeee786d299c189803d04079c2a9ba589e76d362f94d05e91b122753206b75c,False
2026-09-21T18:50:18.073047+00:00,,,32,0,0,5eeee786d299c189803d04079c2a9ba589e76d362f94d05e91b122753206b75c,False
2026-09-21T18:50:19.122988+00:00,,,32,0,0,5eeee786d299c189803d04079c2a9ba589e76d362f94d05e91b122753206b75c,False
2026-09-21T18:50:20.143687+00:00,,,32,0,0,5eeee786d299c189803d04079c2a9ba589e76d362f94d05e91b122753206b75c,False
2026-09-21T18:50:21.182214+00:00,,,32,0,0,5eeee786d299c189803d04079c2a9ba589e76d362f94d05e91b122753206b75c,False
2026-09-21T18:50:22.553834+00:00,,,32,0,0,5eeee786d299c189803d04079c2a9ba589e76d362f94d05e91b122753206b75c,False
2026-09-21T18:50:23.620180+00:00,,,32,0,0,5eeee786d299c189803d04079c2a9ba589e76d362f94d05e91b122753206b75c,False
2026-09-21T18:50:24.664660+00:00,,,32,0,0,5eeee786d299c189803d04079c2a9ba589e76d362f94d05e91b122753206b75c,False
2026-09-21T18:50:25.722928+00:00,,,32,0,0,5eeee786d299c189803d04079c2a9ba589e76d362f94d05e91b122753206b75c,False
2026-09-21T18:50:26.775176+00:00,,,32,0,0,5eeee786d299c189803d04079c2a9ba589e76d362f94d05e91b122753206b75c,False
2026-09-21T18:50:27.818059+00:00,,,32,0,0,5eeee786d299c189803d04079c2a9ba589e76d362f94d05e91b122753206b75c,False
2026-09-21T18:50:28.863686+00:00,,,32,0,0,5eeee786d299c189803d04079c2a9ba589e76d362f94d05e91b122753206b75c,False
2026-09-21T18:50:29.905582+00:00,,,32,0,0,5eeee786d299c189803d04079c2a9ba589e76d362f94d05e91b122753206b75c,False
2026-09-21T18:50:30.958861+00:00,,,32,0,0,5eeee786d299c189803d04079c2a9ba589e76d362f94d05e91b122753206b75c,False
2026-09-21T18:50:32.295607+00:00,,,32,0,0,5eeee786d299c189803d04079c2a9ba589e76d362f94d05e91b122753206b75c,False
2026-09-21T18:50:33.884573+00:00,,,32,0,0,5eeee786d299c189803d04079c2a9ba589e76d362f94d05e91b122753206b75c,False
2026-09-21T18:50:34.953157+00:00,,,32,0,0,5eeee786d299c189803d04079c2a9ba589e76d362f94d05e91b122753206b75c,False
2026-09-21T18:50:36.127401+00:00,,,32,0,0,5eeee786d299c189803d04079c2a9ba589e76d362f94d05e91b122753206b75c,False
2026-09-21T18:50:37.223603+00:00,,,32,0,0,5eeee786d299c189803d04079c2a9ba589e76d362f94d05e91b122753206b75c,False
2026-09-21T18:50:38.274344+00:00,,,32,0,0,5eeee786d299c189803d04079c2a9ba589e76d362f94d05e91b122753206b75c,False
2026-09-21T18:50:39.368539+00:00,,,32,0,0,5eeee786d299c189803d04079c2a9ba589e76d362f94d05e91b122753206b75c,False
2026-09-21T18:50:40.401405+00:00,,,32,0,0,5eeee786d299c189803d04079c2a9ba589e76d362f94d05e91b122753206b75c,False
2026-09-21T18:50:41.464868+00:00,,,32,0,0,5eeee786d299c189803d04079c2a9ba589e76d362f94d05e91b122753206b75c,False
2026-09-21T18:50:42.517499+00:00,,,32,0,0,5eeee786d299c189803d04079c2a9ba589e76d362f94d05e91b122753206b75c,False
2026-09-21T18:50:43.579787+00:00,,,32,0,0,5eeee786d299c189803d04079c2a9ba589e76d362f94d05e91b122753206b75c,False
2026-09-21T18:50:44.626737+00:00,,,32,0,0,5eeee786d299c189803d04079c2a9ba589e76d362f94d05e91b122753206b75c,False
2026-09-21T18:50:45.679817+00:00,,,32,0,0,5eeee786d299c189803d04079c2a9ba589e76d362f94d05e91b122753206b75c,False
2026-09-21T18:50:46.724556+00:00,,,32,0,0,5eeee786d299c189803d04079c2a9ba589e76d362f94d05e91b122753206b75c,False
2026-09-21T18:50:47.783419+00:00,,,32,0,0,5eeee786d299c189803d04079c2a9ba589e76d362f94d05e91b122753206b75c,False
2026-09-21T18:50:48.820779+00:00,,,32,0,0,5eeee786d299c189803d04079c2a9ba589e76d362f94d05e91b122753206b75c,False
2026-09-21T18:50:49.862727+00:00,,,32,0,0,5eeee786d299c189803d04079c2a9ba589e76d362f94d05e91b122753206b75c,False
2026-09-21T18:50:50.906319+00:00,,,32,0,0,5eeee786d299c189803d04079c2a9ba589e76d362f94d05e91b122753206b75c,False
2026-09-21T18:50:51.938718+00:00,,,32,0,0,5eeee786d299c189803d04079c2a9ba589e76d362f94d05e91b122753206b75c,False
2026-09-21T18:50:52.995543+00:00,,,32,0,0,5eeee786d299c189803d04079c2a9ba589e76d362f94d05e91b122753206b75c,False
2026-09-21T18:50:54.042356+00:00,,,32,0,0,5eeee786d299c189803d04079c2a9ba589e76d362f94d05e91b122753206b75c,False
2026-09-21T18:50:55.120899+00:00,,,32,0,0,5eeee786d299c189803d04079c2a9ba589e76d362f94d05e91b122753206b75c,False
2026-09-21T18:50:56.168459+00:00,,,32,0,0,5eeee786d299c189803d04079c2a9ba589e76d362f94d05e91b122753206b75c,False
2026-09-21T18:50:57.205122+00:00,,,32,0,0,5eeee786d299c189803d04079c2a9ba589e76d362f94d05e91b122753206b75c,False
2026-09-21T18:50:58.354825+00:00,,,32,0,0,5eeee786d299c189803d04079c2a9ba589e76d362f94d05e91b122753206b75c,False
2026-09-21T18:50:59.420448+00:00,,,32,0,0,5eeee786d299c189803d04079c2a9ba589e76d362f94d05e91b122753206b75c,False
2026-09-21T18:51:00.473843+00:00,,,32,0,0,5eeee786d299c189803d04079c2a9ba589e76d362f94d05e91b122753206b75c,False
2026-09-21T18:51:01.551237+00:00,,,32,0,0,5eeee786d299c189803d04079c2a9ba589e76d362f94d05e91b122753206b75c,False
2026-09-21T18:51:02.629393+00:00,,,32,0,0,5eeee786d299c189803d04079c2a9ba589e76d362f94d05e91b122753206b75c,False
2026-09-21T18:51:03.695153+00:00,,,32,0,0,5eeee786d299c189803d04079c2a9ba589e76d362f94d05e91b122753206b75c,False
2026-09-21T18:51:04.771568+00:00,,,32,0,0,5eeee786d299c189803d04079c2a9ba589e76d362f94d05e91b122753206b75c,False
2026-09-21T18:51:05.850304+00:00,,,32,0,0,5eeee786d299c189803d04079c2a9ba589e76d362f94d05e91b122753206b75c,False
2026-09-21T18:51:06.905849+00:00,,,32,0,0,5eeee786d299c189803d04079c2a9ba589e76d362f94d05e91b122753206b75c,False
2026-09-21T18:51:07.993085+00:00,,,32,0,0,5eeee786d299c189803d04079c2a9ba589e76d362f94d05e91b122753206b75c,False
2026-09-21T18:51:09.060147+00:00,,,32,0,0,5eeee786d299c189803d04079c2a9ba589e76d362f94d05e91b122753206b75c,False
2026-09-21T18:51:10.120120+00:00,,,32,0,0,5eeee786d299c189803d04079c2a9ba589e76d362f94d05e91b122753206b75c,False
2026-09-21T18:51:11.179927+00:00,,,32,0,0,5eeee786d299c189803d04079c2a9ba589e76d362f94d05e91b122753206b75c,False
2026-09-21T18:51:12.247586+00:00,,,32,0,0,5eeee786d299c189803d04079c2a9ba589e76d362f94d05e91b122753206b75c,False
2026-09-21T18:51:13.322967+00:00,,,32,0,0,5eeee786d299c189803d04079c2a9ba589e76d362f94d05e91b122753206b75c,False
2026-09-21T18:51:14.414157+00:00,,,32,0,0,5eeee786d299c189803d04079c2a9ba589e76d362f94d05e91b122753206b75c,False
2026-09-21T18:51:15.481081+00:00,,,32,0,0,5eeee786d299c189803d04079c2a9ba589e76d362f94d05e91b122753206b75c,False
2026-09-21T18:51:16.523692+00:00,,,32,0,0,5eeee786d299c189803d04079c2a9ba589e76d362f94d05e91b122753206b75c,False
2026-09-21T18:51:17.581546+00:00,,,32,0,0,5eeee786d299c189803d04079c2a9ba589e76d362f94d05e91b122753206b75c,False
2026-09-21T18:51:18.630465+00:00,,,32,0,0,5eeee786d299c189803d04079c2a9ba589e76d362f94d05e91b122753206b75c,False
2026-09-21T18:51:19.677116+00:00,,,32,0,0,5eeee786d299c189803d04079c2a9ba589e76d362f94d05e91b122753206b75c,False
2026-09-21T18:51:20.718988+00:00,,,32,0,0,5eeee786d299c189803d04079c2a9ba589e76d362f94d05e91b122753206b75c,False
2026-09-21T18:51:21.775611+00:00,,,32,0,0,5eeee786d299c189803d04079c2a9ba589e76d362f94d05e91b122753206b75c,False
2026-09-21T18:51:22.858120+00:00,,,32,0,0,5eeee786d299c189803d04079c2a9ba589e76d362f94d05e91b122753206b75c,False
2026-09-21T18:51:23.889934+00:00,,,32,0,0,5eeee786d299c189803d04079c2a9ba589e76d362f94d05e91b122753206b75c,False
2026-09-21T18:51:24.962430+00:00,,,32,0,0,5eeee786d299c189803d04079c2a9ba589e76d362f94d05e91b122753206b75c,False
2026-09-21T18:51:26.012547+00:00,,,32,0,0,5eeee786d299c189803d04079c2a9ba589e76d362f94d05e91b122753206b75c,False
2026-09-21T18:51:27.059286+00:00,,,32,0,0,5eeee786d299c189803d04079c2a9ba589e76d362f94d05e91b122753206b75c,False
2026-09-21T18:51:28.105050+00:00,,,32,0,0,5eeee786d299c189803d04079c2a9ba589e76d362f94d05e91b122753206b75c,False
2026-09-21T18:51:29.149255+00:00,,,32,0,0,5eeee786d299c189803d04079c2a9ba589e76d362f94d05e91b122753206b75c,False
2026-09-21T18:51:30.192076+00:00,,,32,0,0,5eeee786d299c189803d04079c2a9ba589e76d362f94d05e91b122753206b75c,False
2026-09-21T18:51:31.240293+00:00,,,32,0,0,5eeee786d299c189803d04079c2a9ba589e76d362f94d05e91b122753206b75c,False
2026-09-21T18:51:32.295001+00:00,,,32,0,0,5eeee786d299c189803d04079c2a9ba589e76d362f94d05e91b122753206b75c,False
2026-09-21T18:51:33.354277+00:00,,,32,0,0,5eeee786d299c189803d04079c2a9ba589e76d362f94d05e91b122753206b75c,False
2026-09-21T18:51:34.389234+00:00,,,32,0,0,5eeee786d299c189803d04079c2a9ba589e76d362f94d05e91b122753206b75c,False
2026-09-21T18:51:35.448736+00:00,,,32,0,0,5eeee786d299c189803d04079c2a9ba589e76d362f94d05e91b122753206b75c,False
2026-09-21T18:51:36.500948+00:00,,,32,0,0,5eeee786d299c189803d04079c2a9ba589e76d362f94d05e91b122753206b75c,False
2026-09-21T18:51:37.549844+00:00,,,32,0,0,5eeee786d299c189803d04079c2a9ba589e76d362f94d05e91b122753206b75c,False
2026-09-21T18:51:38.587434+00:00,,,32,0,0,5eeee786d299c189803d04079c2a9ba589e76d362f94d05e91b122753206b75c,False
2026-09-21T18:51:39.626562+00:00,,,32,0,0,5eeee786d299c189803d04079c2a9ba589e76d362f94d05e91b122753206b75c,False
2026-09-21T18:51:40.681796+00:00,,,32,0,0,5eeee786d299c189803d04079c2a9ba589e76d362f94d05e91b122753206b75c,False
2026-09-21T18:51:41.735582+00:00,,,32,0,0,5eeee786d299c189803d04079c2a9ba589e76d362f94d05e91b122753206b75c,False
2026-09-21T18:51:42.788910+00:00,,,32,0,0,5eeee786d299c189803d04079c2a9ba589e76d362f94d05e91b122753206b75c,False
2026-09-21T18:51:43.840991+00:00,,,32,0,0,5eeee786d299c189803d04079c2a9ba589e76d362f94d05e91b122753206b75c,False
2026-09-21T18:51:44.881563+00:00,,,32,0,0,5eeee786d299c189803d04079c2a9ba589e76d362f94d05e91b122753206b75c,False
2026-09-21T18:51:45.941739+00:00,,,32,0,0,5eeee786d299c189803d04079c2a9ba589e76d362f94d05e91b122753206b75c,False
2026-09-21T18:51:47.004531+00:00,,,32,0,0,5eeee786d299c189803d04079c2a9ba589e76d362f94d05e91b122753206b75c,False
2026-09-21T18:51:48.044317+00:00,,,32,0,0,5eeee786d299c189803d04079c2a9ba589e76d362f94d05e91b122753206b75c,False
2026-09-21T18:51:49.093858+00:00,,,32,0,0,5eeee786d299c189803d04079c2a9ba589e76d362f94d05e91b122753206b75c,False
2026-09-21T18:51:50.141073+00:00,,,32,0,0,5eeee786d299c189803d04079c2a9ba589e76d362f94d05e91b122753206b75c,False
2026-09-21T18:51:51.187070+00:00,,,32,0,0,5eeee786d299c189803d04079c2a9ba589e76d362f94d05e91b122753206b75c,False
2026-09-21T18:51:52.239509+00:00,,,32,0,0,5eeee786d299c189803d04079c2a9ba589e76d362f94d05e91b122753206b75c,False
2026-09-21T18:51:53.278125+00:00,,,32,0,0,5eeee786d299c189803d04079c2a9ba589e76d362f94d05e91b122753206b75c,False
2026-09-21T18:51:54.335984+00:00,,,32,0,0,5eeee786d299c189803d04079c2a9ba589e76d362f94d05e91b122753206b75c,False
2026-09-21T18:51:55.404177+00:00,,,32,0,0,5eeee786d299c189803d04079c2a9ba589e76d362f94d05e91b122753206b75c,False
2026-09-21T18:51:56.462794+00:00,,,32,0,0,5eeee786d299c189803d04079c2a9ba589e76d362f94d05e91b122753206b75c,False
2026-09-21T18:51:57.499839+00:00,,,32,0,0,5eeee786d299c189803d04079c2a9ba589e76d362f94d05e91b122753206b75c,False
2026-09-21T18:51:58.546656+00:00,,,32,0,0,5eeee786d299c189803d04079c2a9ba589e76d362f94d05e91b122753206b75c,False
2026-09-21T18:51:59.590370+00:00,,,32,0,0,5eeee786d299c189803d04079c2a9ba589e76d362f94d05e91b122753206b75c,False
2026-09-21T18:52:00.649757+00:00,,,32,0,0,5eeee786d299c189803d04079c2a9ba589e76d362f94d05e91b122753206b75c,False
2026-09-21T18:52:01.704363+00:00,,,32,0,0,5eeee786d299c189803d04079c2a9ba589e76d362f94d05e91b122753206b75c,False
2026-09-21T18:52:02.747852+00:00,,,32,0,0,5eeee786d299c189803d04079c2a9ba589e76d362f94d05e91b122753206b75c,False
2026-09-21T18:52:03.796047+00:00,,,32,0,0,5eeee786d299c189803d04079c2a9ba589e76d362f94d05e91b122753206b75c,False
2026-09-21T18:52:04.908314+00:00,,,32,0,0,5eeee786d299c189803d04079c2a9ba589e76d362f94d05e91b122753206b75c,False
2026-09-21T18:52:05.978110+00:00,,,32,0,0,5eeee786d299c189803d04079c2a9ba589e76d362f94d05e91b122753206b75c,False
2026-09-21T18:52:07.031558+00:00,,,32,0,0,5eeee786d299c189803d04079c2a9ba589e76d362f94d05e91b122753206b75c,False
2026-09-21T18:52:08.066073+00:00,,,32,0,0,5eeee786d299c189803d04079c2a9ba589e76d362f94d05e91b122753206b75c,False
2026-09-21T18:52:09.104007+00:00,,,32,0,0,5eeee786d299c189803d04079c2a9ba589e76d362f94d05e91b122753206b75c,False
2026-09-21T18:52:10.157067+00:00,,,32,0,0,5eeee786d299c189803d04079c2a9ba589e76d362f94d05e91b122753206b75c,False
2026-09-21T18:52:11.207453+00:00,,,32,0,0,5eeee786d299c189803d04079c2a9ba589e76d362f94d05e91b122753206b75c,False
2026-09-21T18:52:12.259073+00:00,,,32,0,0,5eeee786d299c189803d04079c2a9ba589e76d362f94d05e91b122753206b75c,False
2026-09-21T18:52:13.313933+00:00,,,32,0,0,5eeee786d299c189803d04079c2a9ba589e76d362f94d05e91b122753206b75c,False
2026-09-21T18:52:14.357419+00:00,,,32,0,0,5eeee786d299c189803d04079c2a9ba589e76d362f94d05e91b122753206b75c,False
2026-09-21T18:52:15.406215+00:00,,,32,0,0,5eeee786d299c189803d04079c2a9ba589e76d362f94d05e91b122753206b75c,False
2026-09-21T18:52:16.462057+00:00,,,32,0,0,5eeee786d299c189803d04079c2a9ba589e76d362f94d05e91b122753206b75c,False
2026-09-21T18:52:17.490365+00:00,,,32,0,0,5eeee786d299c189803d04079c2a9ba589e76d362f94d05e91b122753206b75c,False
2026-09-21T18:52:18.513438+00:00,,,32,0,0,5eeee786d299c189803d04079c2a9ba589e76d362f94d05e91b122753206b75c,False
2026-09-21T18:52:19.571036+00:00,,,32,0,0,5eeee786d299c189803d04079c2a9ba589e76d362f94d05e91b122753206b75c,False
2026-09-21T18:52:20.620875+00:00,,,32,0,0,5eeee786d299c189803d04079c2a9ba589e76d362f94d05e91b122753206b75c,False
2026-09-21T18:52:21.673428+00:00,,,32,0,0,5eeee786d299c189803d04079c2a9ba589e76d362f94d05e91b122753206b75c,False
2026-09-21T18:52:22.733013+00:00,,,32,0,0,5eeee786d299c189803d04079c2a9ba589e76d362f94d05e91b122753206b75c,False
2026-09-21T18:52:23.935486+00:00,,,32,0,0,5eeee786d299c189803d04079c2a9ba589e76d362f94d05e91b122753206b75c,False
2026-09-21T18:52:24.986868+00:00,,,32,0,0,5eeee786d299c189803d04079c2a9ba589e76d362f94d05e91b122753206b75c,False
2026-09-21T18:52:26.034131+00:00,,,32,0,0,5eeee786d299c189803d04079c2a9ba589e76d362f94d05e91b122753206b75c,False
2026-09-21T18:52:27.102906+00:00,,,32,0,0,5eeee786d299c189803d04079c2a9ba589e76d362f94d05e91b122753206b75c,False
2026-09-21T18:52:28.161713+00:00,,,32,0,0,5eeee786d299c189803d04079c2a9ba589e76d362f94d05e91b122753206b75c,False
2026-09-21T18:52:29.212817+00:00,,,32,0,0,5eeee786d299c189803d04079c2a9ba589e76d362f94d05e91b122753206b75c,False
2026-09-21T18:52:30.269898+00:00,,,32,0,0,5eeee786d299c189803d04079c2a9ba589e76d362f94d05e91b122753206b75c,False
2026-09-21T18:52:31.347389+00:00,,,32,0,0,5eeee786d299c189803d04079c2a9ba589e76d362f94d05e91b122753206b75c,False
2026-09-21T18:52:32.388036+00:00,,,32,0,0,5eeee786d299c189803d04079c2a9ba589e76d362f94d05e91b122753206b75c,False
2026-09-21T18:52:33.454125+00:00,,,32,0,0,5eeee786d299c189803d04079c2a9ba589e76d362f94d05e91b122753206b75c,False
2026-09-21T18:52:34.505524+00:00,,,32,0,0,5eeee786d299c189803d04079c2a9ba589e76d362f94d05e91b122753206b75c,False
2026-09-21T18:52:35.551781+00:00,,,32,0,0,5eeee786d299c189803d04079c2a9ba589e76d362f94d05e91b122753206b75c,False
2026-09-21T18:52:36.651360+00:00,,,32,0,0,5eeee786d299c189803d04079c2a9ba589e76d362f94d05e91b122753206b75c,False
2026-09-21T18:52:37.686140+00:00,,,32,0,0,5eeee786d299c189803d04079c2a9ba589e76d362f94d05e91b122753206b75c,False
2026-09-21T18:52:38.746451+00:00,,,32,0,0,5eeee786d299c189803d04079c2a9ba589e76d362f94d05e91b122753206b75c,False
2026-09-21T18:52:39.818272+00:00,,,32,0,0,5eeee786d299c189803d04079c2a9ba589e76d362f94d05e91b122753206b75c,False
2026-09-21T18:52:40.849615+00:00,,,32,0,0,5eeee786d299c189803d04079c2a9ba589e76d362f94d05e91b122753206b75c,False
2026-09-21T18:52:41.897133+00:00,,,32,0,0,5eeee786d299c189803d04079c2a9ba589e76d362f94d05e91b122753206b75c,False
2026-09-21T18:52:42.958910+00:00,,,32,0,0,5eeee786d299c189803d04079c2a9ba589e76d362f94d05e91b122753206b75c,False
2026-09-21T18:52:43.998829+00:00,,,32,0,0,5eeee786d299c189803d04079c2a9ba589e76d362f94d05e91b122753206b75c,False
2026-09-21T18:52:45.055345+00:00,,,32,0,0,5eeee786d299c189803d04079c2a9ba589e76d362f94d05e91b122753206b75c,False
2026-09-21T18:52:46.124883+00:00,,,32,0,0,5eeee786d299c189803d04079c2a9ba589e76d362f94d05e91b122753206b75c,False
2026-09-21T18:52:47.156077+00:00,,,32,0,0,5eeee786d299c189803d04079c2a9ba589e76d362f94d05e91b122753206b75c,False
2026-09-21T18:52:48.215245+00:00,,,32,0,0,5eeee786d299c189803d04079c2a9ba589e76d362f94d05e91b122753206b75c,False
2026-09-21T18:52:49.246561+00:00,,,32,0,0,5eeee786d299c189803d04079c2a9ba589e76d362f94d05e91b122753206b75c,False
2026-09-21T18:52:50.290528+00:00,,,32,0,0,5eeee786d299c189803d04079c2a9ba589e76d362f94d05e91b122753206b75c,False
2026-09-21T18:52:51.326091+00:00,,,32,0,0,5eeee786d299c189803d04079c2a9ba589e76d362f94d05e91b122753206b75c,False
2026-09-21T18:52:52.359922+00:00,,,32,0,0,5eeee786d299c189803d04079c2a9ba589e76d362f94d05e91b122753206b75c,False
2026-09-21T18:52:53.394642+00:00,,,32,0,0,5eeee786d299c189803d04079c2a9ba589e76d362f94d05e91b122753206b75c,False
2026-09-21T18:52:54.442671+00:00,,,32,0,0,5eeee786d299c189803d04079c2a9ba589e76d362f94d05e91b122753206b75c,False
2026-09-21T18:52:55.487009+00:00,,,32,0,0,5eeee786d299c189803d04079c2a9ba589e76d362f94d05e91b122753206b75c,False
2026-09-21T18:52:56.544717+00:00,,,32,0,0,5eeee786d299c189803d04079c2a9ba589e76d362f94d05e91b122753206b75c,False
2026-09-21T18:52:57.611157+00:00,,,32,0,0,5eeee786d299c189803d04079c2a9ba589e76d362f94d05e91b122753206b75c,False
2026-09-21T18:52:58.668120+00:00,,,32,0,0,5eeee786d299c189803d04079c2a9ba589e76d362f94d05e91b122753206b75c,False
2026-09-21T18:52:59.753762+00:00,,,32,0,0,5eeee786d299c189803d04079c2a9ba589e76d362f94d05e91b122753206b75c,False
2026-09-21T18:53:00.846043+00:00,,,32,0,0,5eeee786d299c189803d04079c2a9ba589e76d362f94d05e91b122753206b75c,False
2026-09-21T18:53:01.880854+00:00,,,32,0,0,5eeee786d299c189803d04079c2a9ba589e76d362f94d05e91b122753206b75c,False
2026-09-21T18:53:02.913566+00:00,,,32,0,0,5eeee786d299c189803d04079c2a9ba589e76d362f94d05e91b122753206b75c,False
2026-09-21T18:53:03.948960+00:00,,,32,0,0,5eeee786d299c189803d04079c2a9ba589e76d362f94d05e91b122753206b75c,False
2026-09-21T18:53:04.997399+00:00,,,32,0,0,5eeee786d299c189803d04079c2a9ba589e76d362f94d05e91b122753206b75c,False
2026-09-21T18:53:06.062272+00:00,,,32,0,0,5eeee786d299c189803d04079c2a9ba589e76d362f94d05e91b122753206b75c,False
2026-09-21T18:53:07.082262+00:00,,,32,0,0,5eeee786d299c189803d04079c2a9ba589e76d362f94d05e91b122753206b75c,False
2026-09-21T18:53:08.167495+00:00,,,32,0,0,5eeee786d299c189803d04079c2a9ba589e76d362f94d05e91b122753206b75c,False
2026-09-21T18:53:09.215105+00:00,,,32,0,0,5eeee786d299c189803d04079c2a9ba589e76d362f94d05e91b122753206b75c,False
2026-09-21T18:53:10.257411+00:00,,,32,0,0,5eeee786d299c189803d04079c2a9ba589e76d362f94d05e91b122753206b75c,False
2026-09-21T18:53:11.331281+00:00,,,32,0,0,5eeee786d299c189803d04079c2a9ba589e76d362f94d05e91b122753206b75c,False
2026-09-21T18:53:12.387942+00:00,,,32,0,0,5eeee786d299c189803d04079c2a9ba589e76d362f94d05e91b122753206b75c,False
2026-09-21T18:53:13.456882+00:00,,,32,0,0,5eeee786d299c189803d04079c2a9ba589e76d362f94d05e91b122753206b75c,False
2026-09-21T18:53:14.502339+00:00,,,32,0,0,5eeee786d299c189803d04079c2a9ba589e76d362f94d05e91b122753206b75c,False
2026-09-21T18:53:15.539964+00:00,,,32,0,0,5eeee786d299c189803d04079c2a9ba589e76d362f94d05e91b122753206b75c,False
2026-09-21T18:53:16.602448+00:00,,,32,0,0,5eeee786d299c189803d04079c2a9ba589e76d362f94d05e91b122753206b75c,False
2026-09-21T18:53:17.642651+00:00,,,32,0,0,5eeee786d299c189803d04079c2a9ba589e76d362f94d05e91b122753206b75c,False
2026-09-21T18:53:18.678914+00:00,,,32,0,0,5eeee786d299c189803d04079c2a9ba589e76d362f94d05e91b122753206b75c,False
2026-09-21T18:53:19.730493+00:00,,,32,0,0,5eeee786d299c189803d04079c2a9ba589e76d362f94d05e91b122753206b75c,False
2026-09-21T18:53:20.793120+00:00,,,32,0,0,5eeee786d299c189803d04079c2a9ba589e76d362f94d05e91b122753206b75c,False
2026-09-21T18:53:21.834954+00:00,,,32,0,0,5eeee786d299c189803d04079c2a9ba589e76d362f94d05e91b122753206b75c,False
2026-09-21T18:53:22.894002+00:00,,,32,0,0,5eeee786d299c189803d04079c2a9ba589e76d362f94d05e91b122753206b75c,False
2026-09-21T18:53:23.948415+00:00,,,32,0,0,5eeee786d299c189803d04079c2a9ba589e76d362f94d05e91b122753206b75c,False
2026-09-21T18:53:25.006594+00:00,,,32,0,0,5eeee786d299c189803d04079c2a9ba589e76d362f94d05e91b122753206b75c,False
2026-09-21T18:53:26.069309+00:00,,,32,0,0,5eeee786d299c189803d04079c2a9ba589e76d362f94d05e91b122753206b75c,False
2026-09-21T18:53:27.126925+00:00,,,32,0,0,5eeee786d299c189803d04079c2a9ba589e76d362f94d05e91b122753206b75c,False
2026-09-21T18:53:28.173072+00:00,,,32,0,0,5eeee786d299c189803d04079c2a9ba589e76d362f94d05e91b122753206b75c,False
2026-09-21T18:53:29.248090+00:00,,,32,0,0,5eeee786d299c189803d04079c2a9ba589e76d362f94d05e91b122753206b75c,False
2026-09-21T18:53:30.304720+00:00,,,32,0,0,5eeee786d299c189803d04079c2a9ba589e76d362f94d05e91b122753206b75c,False
2026-09-21T18:53:31.371644+00:00,,,32,0,0,5eeee786d299c189803d04079c2a9ba589e76d362f94d05e91b122753206b75c,False
2026-09-21T18:53:32.445838+00:00,,,32,0,0,5eeee786d299c189803d04079c2a9ba589e76d362f94d05e91b122753206b75c,False
2026-09-21T18:53:33.492115+00:00,,,32,0,0,5eeee786d299c189803d04079c2a9ba589e76d362f94d05e91b122753206b75c,False
2026-09-21T18:53:34.542667+00:00,,,32,0,0,5eeee786d299c189803d04079c2a9ba589e76d362f94d05e91b122753206b75c,False
2026-09-21T18:53:35.577389+00:00,,,32,0,0,5eeee786d299c189803d04079c2a9ba589e76d362f94d05e91b122753206b75c,False
2026-09-21T18:53:36.606463+00:00,,,32,0,0,5eeee786d299c189803d04079c2a9ba589e76d362f94d05e91b122753206b75c,False
2026-09-21T18:53:37.660213+00:00,,,32,0,0,5eeee786d299c189803d04079c2a9ba589e76d362f94d05e91b122753206b75c,False
2026-09-21T18:53:38.725498+00:00,,,32,0,0,5eeee786d299c189803d04079c2a9ba589e76d362f94d05e91b122753206b75c,False
2026-09-21T18:53:39.813105+00:00,,,32,0,0,5eeee786d299c189803d04079c2a9ba589e76d362f94d05e91b122753206b75c,False
2026-09-21T18:53:40.854860+00:00,,,32,0,0,5eeee786d299c189803d04079c2a9ba589e76d362f94d05e91b122753206b75c,False
2026-09-21T18:53:41.911114+00:00,,,32,0,0,5eeee786d299c189803d04079c2a9ba589e76d362f94d05e91b122753206b75c,False
2026-09-21T18:53:42.962556+00:00,,,32,0,0,5eeee786d299c189803d04079c2a9ba589e76d362f94d05e91b122753206b75c,False
2026-09-21T18:53:44.005214+00:00,,,32,0,0,5eeee786d299c189803d04079c2a9ba589e76d362f94d05e91b122753206b75c,False
2026-09-21T18:53:45.059342+00:00,,,32,0,0,5eeee786d299c189803d04079c2a9ba589e76d362f94d05e91b122753206b75c,False
2026-09-21T18:53:46.099531+00:00,,,32,0,0,5eeee786d299c189803d04079c2a9ba589e76d362f94d05e91b122753206b75c,False
2026-09-21T18:53:47.154684+00:00,,,32,0,0,5eeee786d299c189803d04079c2a9ba589e76d362f94d05e91b122753206b75c,False
2026-09-21T18:53:48.207545+00:00,,,32,0,0,5eeee786d299c189803d04079c2a9ba589e76d362f94d05e91b122753206b75c,False
2026-09-21T18:53:49.259515+00:00,,,32,0,0,5eeee786d299c189803d04079c2a9ba589e76d362f94d05e91b122753206b75c,False
2026-09-21T18:53:50.317409+00:00,,,32,0,0,5eeee786d299c189803d04079c2a9ba589e76d362f94d05e91b122753206b75c,False
2026-09-21T18:53:51.371417+00:00,,,32,0,0,5eeee786d299c189803d04079c2a9ba589e76d362f94d05e91b122753206b75c,False
2026-09-21T18:53:52.401137+00:00,,,32,0,0,5eeee786d299c189803d04079c2a9ba589e76d362f94d05e91b122753206b75c,False
2026-09-21T18:53:53.457598+00:00,,,32,0,0,5eeee786d299c189803d04079c2a9ba589e76d362f94d05e91b122753206b75c,False
2026-09-21T18:53:54.507306+00:00,,,32,0,0,5eeee786d299c189803d04079c2a9ba589e76d362f94d05e91b122753206b75c,False
2026-09-21T18:53:55.564103+00:00,,,32,0,0,5eeee786d299c189803d04079c2a9ba589e76d362f94d05e91b122753206b75c,False
2026-09-21T18:53:56.611642+00:00,,,32,0,0,5eeee786d299c189803d04079c2a9ba589e76d362f94d05e91b122753206b75c,False
2026-09-21T18:53:57.667448+00:00,,,32,0,0,5eeee786d299c189803d04079c2a9ba589e76d362f94d05e91b122753206b75c,False
2026-09-21T18:53:58.708772+00:00,,,32,0,0,5eeee786d299c189803d04079c2a9ba589e76d362f94d05e91b122753206b75c,False
2026-09-21T18:53:59.753853+00:00,,,32,0,0,5eeee786d299c189803d04079c2a9ba589e76d362f94d05e91b122753206b75c,False
2026-09-21T18:54:00.808785+00:00,,,32,0,0,5eeee786d299c189803d04079c2a9ba589e76d362f94d05e91b122753206b75c,False
2026-09-21T18:54:01.867360+00:00,,,32,0,0,5eeee786d299c189803d04079c2a9ba589e76d362f94d05e91b122753206b75c,False
2026-09-21T18:54:02.936052+00:00,,,32,0,0,5eeee786d299c189803d04079c2a9ba589e76d362f94d05e91b122753206b75c,False
2026-09-21T18:54:03.976961+00:00,,,32,0,0,5eeee786d299c189803d04079c2a9ba589e76d362f94d05e91b122753206b75c,False
2026-09-21T18:54:05.025439+00:00,,,32,0,0,5eeee786d299c189803d04079c2a9ba589e76d362f94d05e91b122753206b75c,False
2026-09-21T18:54:06.060266+00:00,,,32,0,0,5eeee786d299c189803d04079c2a9ba589e76d362f94d05e91b122753206b75c,False
2026-09-21T18:54:07.098870+00:00,,,32,0,0,5eeee786d299c189803d04079c2a9ba589e76d362f94d05e91b122753206b75c,False
2026-09-21T18:54:08.145334+00:00,,,32,0,0,5eeee786d299c189803d04079c2a9ba589e76d362f94d05e91b122753206b75c,False
2026-09-21T18:54:09.201762+00:00,,,32,0,0,5eeee786d299c189803d04079c2a9ba589e76d362f94d05e91b122753206b75c,False
2026-09-21T18:54:10.260964+00:00,,,32,0,0,5eeee786d299c189803d04079c2a9ba589e76d362f94d05e91b122753206b75c,False
2026-09-21T18:54:11.324867+00:00,,,32,0,0,5eeee786d299c189803d04079c2a9ba589e76d362f94d05e91b122753206b75c,False
2026-09-21T18:54:12.375616+00:00,,,32,0,0,5eeee786d299c189803d04079c2a9ba589e76d362f94d05e91b122753206b75c,False
2026-09-21T18:54:13.421399+00:00,,,32,0,0,5eeee786d299c189803d04079c2a9ba589e76d362f94d05e91b122753206b75c,False
2026-09-21T18:54:14.502290+00:00,,,32,0,0,5eeee786d299c189803d04079c2a9ba589e76d362f94d05e91b122753206b75c,False
2026-09-21T18:54:15.557451+00:00,,,32,0,0,5eeee786d299c189803d04079c2a9ba589e76d362f94d05e91b122753206b75c,False
2026-09-21T18:54:16.615445+00:00,,,32,0,0,5eeee786d299c189803d04079c2a9ba589e76d362f94d05e91b122753206b75c,False
2026-09-21T18:54:17.655684+00:00,,,32,0,0,5eeee786d299c189803d04079c2a9ba589e76d362f94d05e91b122753206b75c,False
2026-09-21T18:54:18.723199+00:00,,,32,0,0,5eeee786d299c189803d04079c2a9ba589e76d362f94d05e91b122753206b75c,False
2026-09-21T18:54:19.752071+00:00,,,32,0,0,5eeee786d299c189803d04079c2a9ba589e76d362f94d05e91b122753206b75c,False
2026-09-21T18:54:20.777048+00:00,,,32,0,0,5eeee786d299c189803d04079c2a9ba589e76d362f94d05e91b122753206b75c,False
2026-09-21T18:54:21.811894+00:00,,,32,0,0,5eeee786d299c189803d04079c2a9ba589e76d362f94d05e91b122753206b75c,False
2026-09-21T18:54:22.839375+00:00,,,32,0,0,5eeee786d299c189803d04079c2a9ba589e76d362f94d05e91b122753206b75c,False
2026-09-21T18:54:23.883272+00:00,,,32,0,0,5eeee786d299c189803d04079c2a9ba589e76d362f94d05e91b122753206b75c,False
2026-09-21T18:54:24.906503+00:00,,,32,0,0,5eeee786d299c189803d04079c2a9ba589e76d362f94d05e91b122753206b75c,False
2026-09-21T18:54:25.946212+00:00,,,32,0,0,5eeee786d299c189803d04079c2a9ba589e76d362f94d05e91b122753206b75c,False
2026-09-21T18:54:26.981977+00:00,,,32,0,0,5eeee786d299c189803d04079c2a9ba589e76d362f94d05e91b122753206b75c,False
2026-09-21T18:54:28.016916+00:00,,,32,0,0,5eeee786d299c189803d04079c2a9ba589e76d362f94d05e91b122753206b75c,False
2026-09-21T18:54:29.073672+00:00,,,32,0,0,5eeee786d299c189803d04079c2a9ba589e76d362f94d05e91b122753206b75c,False
2026-09-21T18:54:30.123969+00:00,,,32,0,0,5eeee786d299c189803d04079c2a9ba589e76d362f94d05e91b122753206b75c,False
2026-09-21T18:54:31.163657+00:00,,,32,0,0,5eeee786d299c189803d04079c2a9ba589e76d362f94d05e91b122753206b75c,False
2026-09-21T18:54:32.243960+00:00,,,32,0,0,5eeee786d299c189803d04079c2a9ba589e76d362f94d05e91b122753206b75c,False
2026-09-21T18:54:33.277312+00:00,,,32,0,0,5eeee786d299c189803d04079c2a9ba589e76d362f94d05e91b122753206b75c,False
2026-09-21T18:54:34.323394+00:00,,,32,0,0,5eeee786d299c189803d04079c2a9ba589e76d362f94d05e91b122753206b75c,False
2026-09-21T18:54:35.373735+00:00,,,32,0,0,5eeee786d299c189803d04079c2a9ba589e76d362f94d05e91b122753206b75c,False
2026-09-21T18:54:36.408305+00:00,,,32,0,0,5eeee786d299c189803d04079c2a9ba589e76d362f94d05e91b122753206b75c,False
2026-09-21T18:54:37.456398+00:00,,,32,0,0,5eeee786d299c189803d04079c2a9ba589e76d362f94d05e91b122753206b75c,False
2026-09-21T18:54:38.506159+00:00,,,32,0,0,5eeee786d299c189803d04079c2a9ba589e76d362f94d05e91b122753206b75c,False
2026-09-21T18:54:39.569002+00:00,,,32,0,0,5eeee786d299c189803d04079c2a9ba589e76d362f94d05e91b122753206b75c,False
2026-09-21T18:54:40.604802+00:00,,,32,0,0,5eeee786d299c189803d04079c2a9ba589e76d362f94d05e91b122753206b75c,False
2026-09-21T18:54:41.658037+00:00,,,32,0,0,5eeee786d299c189803d04079c2a9ba589e76d362f94d05e91b122753206b75c,False
2026-09-21T18:54:42.732816+00:00,,,32,0,0,5eeee786d299c189803d04079c2a9ba589e76d362f94d05e91b122753206b75c,False
2026-09-21T18:54:43.799907+00:00,,,32,0,0,5eeee786d299c189803d04079c2a9ba589e76d362f94d05e91b122753206b75c,False
2026-09-21T18:54:44.856137+00:00,,,32,0,0,5eeee786d299c189803d04079c2a9ba589e76d362f94d05e91b122753206b75c,False
2026-09-21T18:54:45.913208+00:00,,,32,0,0,5eeee786d299c189803d04079c2a9ba589e76d362f94d05e91b122753206b75c,False
2026-09-21T18:54:46.946170+00:00,,,32,0,0,5eeee786d299c189803d04079c2a9ba589e76d362f94d05e91b122753206b75c,False
2026-09-21T18:54:47.998132+00:00,,,32,0,0,5eeee786d299c189803d04079c2a9ba589e76d362f94d05e91b122753206b75c,False
2026-09-21T18:54:49.060469+00:00,,,32,0,0,5eeee786d299c189803d04079c2a9ba589e76d362f94d05e91b122753206b75c,False
2026-09-21T18:54:50.133406+00:00,,,32,0,0,5eeee786d299c189803d04079c2a9ba589e76d362f94d05e91b122753206b75c,False
2026-09-21T18:54:51.179369+00:00,,,32,0,0,5eeee786d299c189803d04079c2a9ba589e76d362f94d05e91b122753206b75c,False
2026-09-21T18:54:52.213622+00:00,,,32,0,0,5eeee786d299c189803d04079c2a9ba589e76d362f94d05e91b122753206b75c,False
2026-09-21T18:54:53.269886+00:00,,,32,0,0,5eeee786d299c189803d04079c2a9ba589e76d362f94d05e91b122753206b75c,False
2026-09-21T18:54:54.321744+00:00,,,32,0,0,5eeee786d299c189803d04079c2a9ba589e76d362f94d05e91b122753206b75c,False
2026-09-21T18:54:55.366119+00:00,,,32,0,0,5eeee786d299c189803d04079c2a9ba589e76d362f94d05e91b122753206b75c,False
2026-09-21T18:54:56.429052+00:00,,,32,0,0,5eeee786d299c189803d04079c2a9ba589e76d362f94d05e91b122753206b75c,False
2026-09-21T18:54:57.482347+00:00,,,32,0,0,5eeee786d299c189803d04079c2a9ba589e76d362f94d05e91b122753206b75c,False
2026-09-21T18:54:58.739671+00:00,,,32,0,0,5eeee786d299c189803d04079c2a9ba589e76d362f94d05e91b122753206b75c,False
2026-09-21T18:54:59.777121+00:00,,,32,0,0,5eeee786d299c189803d04079c2a9ba589e76d362f94d05e91b122753206b75c,False
2026-09-21T18:55:00.814957+00:00,,,32,0,0,5eeee786d299c189803d04079c2a9ba589e76d362f94d05e91b122753206b75c,False
2026-09-21T18:55:01.860712+00:00,,,32,0,0,5eeee786d299c189803d04079c2a9ba589e76d362f94d05e91b122753206b75c,False
2026-09-21T18:55:02.895237+00:00,,,32,0,0,5eeee786d299c189803d04079c2a9ba589e76d362f94d05e91b122753206b75c,False
2026-09-21T18:55:03.970812+00:00,,,32,0,0,5eeee786d299c189803d04079c2a9ba589e76d362f94d05e91b122753206b75c,False
2026-09-21T18:55:05.018968+00:00,,,32,0,0,5eeee786d299c189803d04079c2a9ba589e76d362f94d05e91b122753206b75c,False
2026-09-21T18:55:06.063892+00:00,,,32,0,0,5eeee786d299c189803d04079c2a9ba589e76d362f94d05e91b122753206b75c,False
2026-09-21T18:55:07.151201+00:00,,,32,0,0,5eeee786d299c189803d04079c2a9ba589e76d362f94d05e91b122753206b75c,False
2026-09-21T18:55:08.203001+00:00,,,32,0,0,5eeee786d299c189803d04079c2a9ba589e76d362f94d05e91b122753206b75c,False
2026-09-21T18:55:09.224346+00:00,,,32,0,0,5eeee786d299c189803d04079c2a9ba589e76d362f94d05e91b122753206b75c,False
2026-09-21T18:55:10.301875+00:00,,,32,0,0,5eeee786d299c189803d04079c2a9ba589e76d362f94d05e91b122753206b75c,False
2026-09-21T18:55:11.333566+00:00,,,32,0,0,5eeee786d299c189803d04079c2a9ba589e76d362f94d05e91b122753206b75c,False
2026-09-21T18:55:12.384550+00:00,,,32,0,0,5eeee786d299c189803d04079c2a9ba589e76d362f94d05e91b122753206b75c,False
2026-09-21T18:55:13.438910+00:00,,,32,0,0,5eeee786d299c189803d04079c2a9ba589e76d362f94d05e91b122753206b75c,False
2026-09-21T18:55:14.542655+00:00,,,32,0,0,5eeee786d299c189803d04079c2a9ba589e76d362f94d05e91b122753206b75c,False
2026-09-21T18:55:15.600831+00:00,,,32,0,0,5eeee786d299c189803d04079c2a9ba589e76d362f94d05e91b122753206b75c,False
2026-09-21T18:55:16.896660+00:00,,,32,0,0,5eeee786d299c189803d04079c2a9ba589e76d362f94d05e91b122753206b75c,False
2026-09-21T18:55:17.958644+00:00,,,32,0,0,5eeee786d299c189803d04079c2a9ba589e76d362f94d05e91b122753206b75c,False
2026-09-21T18:55:19.021341+00:00,,,32,0,0,5eeee786d299c189803d04079c2a9ba589e76d362f94d05e91b122753206b75c,False
2026-09-21T18:55:20.068254+00:00,,,32,0,0,5eeee786d299c189803d04079c2a9ba589e76d362f94d05e91b122753206b75c,False
2026-09-21T18:55:21.102393+00:00,,,32,0,0,5eeee786d299c189803d04079c2a9ba589e76d362f94d05e91b122753206b75c,False
2026-09-21T18:55:22.275662+00:00,,,32,0,0,5eeee786d299c189803d04079c2a9ba589e76d362f94d05e91b122753206b75c,False
2026-09-21T18:55:23.338747+00:00,,,32,0,0,5eeee786d299c189803d04079c2a9ba589e76d362f94d05e91b122753206b75c,False
2026-09-21T18:55:24.389598+00:00,,,32,0,0,5eeee786d299c189803d04079c2a9ba589e76d362f94d05e91b122753206b75c,False
2026-09-21T18:55:25.439416+00:00,,,32,0,0,5eeee786d299c189803d04079c2a9ba589e76d362f94d05e91b122753206b75c,False
2026-09-21T18:55:26.498711+00:00,,,32,0,0,5eeee786d299c189803d04079c2a9ba589e76d362f94d05e91b122753206b75c,False
2026-09-21T18:55:27.530649+00:00,,,32,0,0,5eeee786d299c189803d04079c2a9ba589e76d362f94d05e91b122753206b75c,False
2026-09-21T18:55:28.572336+00:00,,,32,0,0,5eeee786d299c189803d04079c2a9ba589e76d362f94d05e91b122753206b75c,False
2026-09-21T18:55:29.636305+00:00,,,32,0,0,5eeee786d299c189803d04079c2a9ba589e76d362f94d05e91b122753206b75c,False
2026-09-21T18:55:30.690612+00:00,,,32,0,0,5eeee786d299c189803d04079c2a9ba589e76d362f94d05e91b122753206b75c,False
2026-09-21T18:55:31.738481+00:00,,,32,0,0,5eeee786d299c189803d04079c2a9ba589e76d362f94d05e91b122753206b75c,False
2026-09-21T18:55:32.789043+00:00,,,32,0,0,5eeee786d299c189803d04079c2a9ba589e76d362f94d05e91b122753206b75c,False
2026-09-21T18:55:33.841550+00:00,,,32,0,0,5eeee786d299c189803d04079c2a9ba589e76d362f94d05e91b122753206b75c,False
2026-09-21T18:55:34.887544+00:00,,,32,0,0,5eeee786d299c189803d04079c2a9ba589e76d362f94d05e91b122753206b75c,False
2026-09-21T18:55:35.946261+00:00,,,32,0,0,5eeee786d299c189803d04079c2a9ba589e76d362f94d05e91b122753206b75c,False
2026-09-21T18:55:36.995427+00:00,,,32,0,0,5eeee786d299c189803d04079c2a9ba589e76d362f94d05e91b122753206b75c,False
2026-09-21T18:55:38.052356+00:00,,,32,0,0,5eeee786d299c189803d04079c2a9ba589e76d362f94d05e91b122753206b75c,False
2026-09-21T18:55:39.111897+00:00,,,32,0,0,5eeee786d299c189803d04079c2a9ba589e76d362f94d05e91b122753206b75c,False
2026-09-21T18:55:40.181533+00:00,,,32,0,0,5eeee786d299c189803d04079c2a9ba589e76d362f94d05e91b122753206b75c,False
2026-09-21T18:55:41.221455+00:00,,,32,0,0,5eeee786d299c189803d04079c2a9ba589e76d362f94d05e91b122753206b75c,False
2026-09-21T18:55:42.274150+00:00,,,32,0,0,5eeee786d299c189803d04079c2a9ba589e76d362f94d05e91b122753206b75c,False
2026-09-21T18:55:43.341582+00:00,,,32,0,0,5eeee786d299c189803d04079c2a9ba589e76d362f94d05e91b122753206b75c,False
2026-09-21T18:55:44.396954+00:00,,,32,0,0,5eeee786d299c189803d04079c2a9ba589e76d362f94d05e91b122753206b75c,False
2026-09-21T18:55:45.469031+00:00,,,32,0,0,5eeee786d299c189803d04079c2a9ba589e76d362f94d05e91b122753206b75c,False
2026-09-21T18:55:46.531538+00:00,,,32,0,0,5eeee786d299c189803d04079c2a9ba589e76d362f94d05e91b122753206b75c,False
2026-09-21T18:55:47.579148+00:00,,,32,0,0,5eeee786d299c189803d04079c2a9ba589e76d362f94d05e91b122753206b75c,False
2026-09-21T18:55:48.633743+00:00,,,32,0,0,5eeee786d299c189803d04079c2a9ba589e76d362f94d05e91b122753206b75c,False
2026-09-21T18:55:49.684861+00:00,,,32,0,0,5eeee786d299c189803d04079c2a9ba589e76d362f94d05e91b122753206b75c,False
2026-09-21T18:55:50.748996+00:00,,,32,0,0,5eeee786d299c189803d04079c2a9ba589e76d362f94d05e91b122753206b75c,False
2026-09-21T18:55:51.808040+00:00,,,32,0,0,5eeee786d299c189803d04079c2a9ba589e76d362f94d05e91b122753206b75c,False
2026-09-21T18:55:52.869927+00:00,,,32,0,0,5eeee786d299c189803d04079c2a9ba589e76d362f94d05e91b122753206b75c,False
2026-09-21T18:55:53.933952+00:00,,,32,0,0,5eeee786d299c189803d04079c2a9ba589e76d362f94d05e91b122753206b75c,False
2026-09-21T18:55:54.986237+00:00,,,32,0,0,5eeee786d299c189803d04079c2a9ba589e76d362f94d05e91b122753206b75c,False
2026-09-21T18:55:56.029405+00:00,,,32,0,0,5eeee786d299c189803d04079c2a9ba589e76d362f94d05e91b122753206b75c,False
2026-09-21T18:55:57.107236+00:00,,,32,0,0,5eeee786d299c189803d04079c2a9ba589e76d362f94d05e91b122753206b75c,False
2026-09-21T18:55:58.158765+00:00,,,32,0,0,5eeee786d299c189803d04079c2a9ba589e76d362f94d05e91b122753206b75c,False
2026-09-21T18:55:59.209883+00:00,,,32,0,0,5eeee786d299c189803d04079c2a9ba589e76d362f94d05e91b122753206b75c,False
2026-09-21T18:56:00.252546+00:00,,,32,0,0,5eeee786d299c189803d04079c2a9ba589e76d362f94d05e91b122753206b75c,False
2026-09-21T18:56:01.306564+00:00,,,32,0,0,5eeee786d299c189803d04079c2a9ba589e76d362f94d05e91b122753206b75c,False
2026-09-21T18:56:02.355416+00:00,,,32,0,0,5eeee786d299c189803d04079c2a9ba589e76d362f94d05e91b122753206b75c,False
2026-09-21T18:56:03.420343+00:00,,,32,0,0,5eeee786d299c189803d04079c2a9ba589e76d362f94d05e91b122753206b75c,False
2026-09-21T18:56:04.453813+00:00,,,32,0,0,5eeee786d299c189803d04079c2a9ba589e76d362f94d05e91b122753206b75c,False
2026-09-21T18:56:05.516426+00:00,,,32,0,0,5eeee786d299c189803d04079c2a9ba589e76d362f94d05e91b122753206b75c,False
2026-09-21T18:56:06.566063+00:00,,,32,0,0,5eeee786d299c189803d04079c2a9ba589e76d362f94d05e91b122753206b75c,False
2026-09-21T18:56:07.641432+00:00,,,32,0,0,5eeee786d299c189803d04079c2a9ba589e76d362f94d05e91b122753206b75c,False
2026-09-21T18:56:08.703619+00:00,,,32,0,0,5eeee786d299c189803d04079c2a9ba589e76d362f94d05e91b122753206b75c,False
2026-09-21T18:56:09.760854+00:00,,,32,0,0,5eeee786d299c189803d04079c2a9ba589e76d362f94d05e91b122753206b75c,False
2026-09-21T18:56:10.813408+00:00,,,32,0,0,5eeee786d299c189803d04079c2a9ba589e76d362f94d05e91b122753206b75c,False
2026-09-21T18:56:11.862597+00:00,,,32,0,0,5eeee786d299c189803d04079c2a9ba589e76d362f94d05e91b122753206b75c,False
2026-09-21T18:56:12.907881+00:00,,,32,0,0,5eeee786d299c189803d04079c2a9ba589e76d362f94d05e91b122753206b75c,False
2026-09-21T18:56:13.943421+00:00,,,32,0,0,5eeee786d299c189803d04079c2a9ba589e76d362f94d05e91b122753206b75c,False
2026-09-21T18:56:15.012736+00:00,,,32,0,0,5eeee786d299c189803d04079c2a9ba589e76d362f94d05e91b122753206b75c,False
2026-09-21T18:56:16.084809+00:00,,,32,0,0,5eeee786d299c189803d04079c2a9ba589e76d362f94d05e91b122753206b75c,False
2026-09-21T18:56:17.141320+00:00,,,32,0,0,5eeee786d299c189803d04079c2a9ba589e76d362f94d05e91b122753206b75c,False
2026-09-21T18:56:18.195066+00:00,,,32,0,0,5eeee786d299c189803d04079c2a9ba589e76d362f94d05e91b122753206b75c,False
2026-09-21T18:56:19.231619+00:00,,,32,0,0,5eeee786d299c189803d04079c2a9ba589e76d362f94d05e91b122753206b75c,False
2026-09-21T18:56:20.288423+00:00,,,32,0,0,5eeee786d299c189803d04079c2a9ba589e76d362f94d05e91b122753206b75c,False
2026-09-21T18:56:21.330994+00:00,,,32,0,0,5eeee786d299c189803d04079c2a9ba589e76d362f94d05e91b122753206b75c,False
2026-09-21T18:56:22.413209+00:00,,,32,0,0,5eeee786d299c189803d04079c2a9ba589e76d362f94d05e91b122753206b75c,False
2026-09-21T18:56:23.461981+00:00,,,32,0,0,5eeee786d299c189803d04079c2a9ba589e76d362f94d05e91b122753206b75c,False
2026-09-21T18:56:24.507864+00:00,,,32,0,0,5eeee786d299c189803d04079c2a9ba589e76d362f94d05e91b122753206b75c,False
2026-09-21T18:56:25.583370+00:00,,,32,0,0,5eeee786d299c189803d04079c2a9ba589e76d362f94d05e91b122753206b75c,False
2026-09-21T18:56:26.649959+00:00,,,32,0,0,5eeee786d299c189803d04079c2a9ba589e76d362f94d05e91b122753206b75c,False
2026-09-21T18:56:27.712488+00:00,,,32,0,0,5eeee786d299c189803d04079c2a9ba589e76d362f94d05e91b122753206b75c,False
2026-09-21T18:56:28.775747+00:00,,,32,0,0,5eeee786d299c189803d04079c2a9ba589e76d362f94d05e91b122753206b75c,False
2026-09-21T18:56:29.846408+00:00,,,32,0,0,5eeee786d299c189803d04079c2a9ba589e76d362f94d05e91b122753206b75c,False
2026-09-21T18:56:30.901651+00:00,,,32,0,0,5eeee786d299c189803d04079c2a9ba589e76d362f94d05e91b122753206b75c,False
2026-09-21T18:56:31.958909+00:00,,,32,0,0,5eeee786d299c189803d04079c2a9ba589e76d362f94d05e91b122753206b75c,False
2026-09-21T18:56:33.028189+00:00,,,32,0,0,5eeee786d299c189803d04079c2a9ba589e76d362f94d05e91b122753206b75c,False
2026-09-21T18:56:34.064908+00:00,,,32,0,0,5eeee786d299c189803d04079c2a9ba589e76d362f94d05e91b122753206b75c,False
2026-09-21T18:56:35.137882+00:00,,,32,0,0,5eeee786d299c189803d04079c2a9ba589e76d362f94d05e91b122753206b75c,False
2026-09-21T18:56:36.234532+00:00,,,32,0,0,5eeee786d299c189803d04079c2a9ba589e76d362f94d05e91b122753206b75c,False
2026-09-21T18:56:37.289157+00:00,,,32,0,0,5eeee786d299c189803d04079c2a9ba589e76d362f94d05e91b122753206b75c,False
2026-09-21T18:56:38.336136+00:00,,,32,0,0,5eeee786d299c189803d04079c2a9ba589e76d362f94d05e91b122753206b75c,False
2026-09-21T18:56:39.380102+00:00,,,32,0,0,5eeee786d299c189803d04079c2a9ba589e76d362f94d05e91b122753206b75c,False
2026-09-21T18:56:40.430595+00:00,,,32,0,0,5eeee786d299c189803d04079c2a9ba589e76d362f94d05e91b122753206b75c,False
2026-09-21T18:56:41.488070+00:00,,,32,0,0,5eeee786d299c189803d04079c2a9ba589e76d362f94d05e91b122753206b75c,False
2026-09-21T18:56:42.564423+00:00,,,32,0,0,5eeee786d299c189803d04079c2a9ba589e76d362f94d05e91b122753206b75c,False
2026-09-21T18:56:43.642051+00:00,,,32,0,0,5eeee786d299c189803d04079c2a9ba589e76d362f94d05e91b122753206b75c,False
2026-09-21T18:56:44.672017+00:00,,,32,0,0,5eeee786d299c189803d04079c2a9ba589e76d362f94d05e91b122753206b75c,False
2026-09-21T18:56:45.709373+00:00,,,32,0,0,5eeee786d299c189803d04079c2a9ba589e76d362f94d05e91b122753206b75c,False
2026-09-21T18:56:46.742934+00:00,,,32,0,0,5eeee786d299c189803d04079c2a9ba589e76d362f94d05e91b122753206b75c,False
2026-09-21T18:56:47.773947+00:00,,,32,0,0,5eeee786d299c189803d04079c2a9ba589e76d362f94d05e91b122753206b75c,False
2026-09-21T18:56:48.807870+00:00,,,32,0,0,5eeee786d299c189803d04079c2a9ba589e76d362f94d05e91b122753206b75c,False
2026-09-21T18:56:49.857681+00:00,,,32,0,0,5eeee786d299c189803d04079c2a9ba589e76d362f94d05e91b122753206b75c,False
2026-09-21T18:56:50.889588+00:00,,,32,0,0,5eeee786d299c189803d04079c2a9ba589e76d362f94d05e91b122753206b75c,False
2026-09-21T18:56:51.936658+00:00,,,32,0,0,5eeee786d299c189803d04079c2a9ba589e76d362f94d05e91b122753206b75c,False
2026-09-21T18:56:52.966739+00:00,,,32,0,0,5eeee786d299c189803d04079c2a9ba589e76d362f94d05e91b122753206b75c,False
2026-09-21T18:56:54.010277+00:00,,,32,0,0,5eeee786d299c189803d04079c2a9ba589e76d362f94d05e91b122753206b75c,False
2026-09-21T18:56:55.066233+00:00,,,32,0,0,5eeee786d299c189803d04079c2a9ba589e76d362f94d05e91b122753206b75c,False
2026-09-21T18:56:56.092491+00:00,,,32,0,0,5eeee786d299c189803d04079c2a9ba589e76d362f94d05e91b122753206b75c,False
2026-09-21T18:56:57.132104+00:00,,,32,0,0,5eeee786d299c189803d04079c2a9ba589e76d362f94d05e91b122753206b75c,False
2026-09-21T18:56:58.309332+00:00,,,32,0,0,5eeee786d299c189803d04079c2a9ba589e76d362f94d05e91b122753206b75c,False
2026-09-21T18:56:59.344546+00:00,,,32,0,0,5eeee786d299c189803d04079c2a9ba589e76d362f94d05e91b122753206b75c,False
2026-09-21T18:57:00.372707+00:00,,,32,0,0,5eeee786d299c189803d04079c2a9ba589e76d362f94d05e91b122753206b75c,False
2026-09-21T18:57:01.405687+00:00,,,32,0,0,5eeee786d299c189803d04079c2a9ba589e76d362f94d05e91b122753206b75c,False
2026-09-21T18:57:02.458677+00:00,,,32,0,0,5eeee786d299c189803d04079c2a9ba589e76d362f94d05e91b122753206b75c,False
2026-09-21T18:57:03.500359+00:00,,,32,0,0,5eeee786d299c189803d04079c2a9ba589e76d362f94d05e91b122753206b75c,False
2026-09-21T18:57:04.542767+00:00,,,32,0,0,5eeee786d299c189803d04079c2a9ba589e76d362f94d05e91b122753206b75c,False
2026-09-21T18:57:05.584859+00:00,,,32,0,0,5eeee786d299c189803d04079c2a9ba589e76d362f94d05e91b122753206b75c,False
2026-09-21T18:57:06.620601+00:00,,,32,0,0,5eeee786d299c189803d04079c2a9ba589e76d362f94d05e91b122753206b75c,False
2026-09-21T18:57:07.668389+00:00,,,32,0,0,5eeee786d299c189803d04079c2a9ba589e76d362f94d05e91b122753206b75c,False
2026-09-21T18:57:08.708479+00:00,,,32,0,0,5eeee786d299c189803d04079c2a9ba589e76d362f94d05e91b122753206b75c,False
2026-09-21T18:57:09.746263+00:00,,,32,0,0,5eeee786d299c189803d04079c2a9ba589e76d362f94d05e91b122753206b75c,False
2026-09-21T18:57:10.806120+00:00,,,32,0,0,5eeee786d299c189803d04079c2a9ba589e76d362f94d05e91b122753206b75c,False
2026-09-21T18:57:11.835027+00:00,,,32,0,0,5eeee786d299c189803d04079c2a9ba589e76d362f94d05e91b122753206b75c,False
2026-09-21T18:57:12.884974+00:00,,,32,0,0,5eeee786d299c189803d04079c2a9ba589e76d362f94d05e91b122753206b75c,False
2026-09-21T18:57:13.917427+00:00,,,32,0,0,5eeee786d299c189803d04079c2a9ba589e76d362f94d05e91b122753206b75c,False
2026-09-21T18:57:14.967778+00:00,,,32,0,0,5eeee786d299c189803d04079c2a9ba589e76d362f94d05e91b122753206b75c,False
2026-09-21T18:57:16.028614+00:00,,,32,0,0,5eeee786d299c189803d04079c2a9ba589e76d362f94d05e91b122753206b75c,False
2026-09-21T18:57:17.103068+00:00,,,32,0,0,5eeee786d299c189803d04079c2a9ba589e76d362f94d05e91b122753206b75c,False
2026-09-21T18:57:18.350451+00:00,,,32,0,0,5eeee786d299c189803d04079c2a9ba589e76d362f94d05e91b122753206b75c,False
2026-09-21T18:57:19.398828+00:00,,,32,0,0,5eeee786d299c189803d04079c2a9ba589e76d362f94d05e91b122753206b75c,False
2026-09-21T18:57:20.458055+00:00,,,32,0,0,5eeee786d299c189803d04079c2a9ba589e76d362f94d05e91b122753206b75c,False
2026-09-21T18:57:21.529779+00:00,,,32,0,0,5eeee786d299c189803d04079c2a9ba589e76d362f94d05e91b122753206b75c,False
2026-09-21T18:57:22.591000+00:00,,,32,0,0,5eeee786d299c189803d04079c2a9ba589e76d362f94d05e91b122753206b75c,False
2026-09-21T18:57:23.637422+00:00,,,32,0,0,5eeee786d299c189803d04079c2a9ba589e76d362f94d05e91b122753206b75c,False
2026-09-21T18:57:24.690118+00:00,,,32,0,0,5eeee786d299c189803d04079c2a9ba589e76d362f94d05e91b122753206b75c,False
2026-09-21T18:57:25.735160+00:00,,,32,0,0,5eeee786d299c189803d04079c2a9ba589e76d362f94d05e91b122753206b75c,False
2026-09-21T18:57:26.778041+00:00,,,32,0,0,5eeee786d299c189803d04079c2a9ba589e76d362f94d05e91b122753206b75c,False
2026-09-21T18:57:27.882408+00:00,,,32,0,0,5eeee786d299c189803d04079c2a9ba589e76d362f94d05e91b122753206b75c,False
2026-09-21T18:57:28.947483+00:00,,,32,0,0,5eeee786d299c189803d04079c2a9ba589e76d362f94d05e91b122753206b75c,False
2026-09-21T18:57:29.991817+00:00,,,32,0,0,5eeee786d299c189803d04079c2a9ba589e76d362f94d05e91b122753206b75c,False
2026-09-21T18:57:31.062947+00:00,,,32,0,0,5eeee786d299c189803d04079c2a9ba589e76d362f94d05e91b122753206b75c,False
2026-09-21T18:57:32.114576+00:00,,,32,0,0,5eeee786d299c189803d04079c2a9ba589e76d362f94d05e91b122753206b75c,False
2026-09-21T18:57:33.151972+00:00,,,32,0,0,5eeee786d299c189803d04079c2a9ba589e76d362f94d05e91b122753206b75c,False
2026-09-21T18:57:34.188078+00:00,,,32,0,0,5eeee786d299c189803d04079c2a9ba589e76d362f94d05e91b122753206b75c,False
2026-09-21T18:57:35.264573+00:00,,,32,0,0,5eeee786d299c189803d04079c2a9ba589e76d362f94d05e91b122753206b75c,False
2026-09-21T18:57:36.313794+00:00,,,32,0,0,5eeee786d299c189803d04079c2a9ba589e76d362f94d05e91b122753206b75c,False
2026-09-21T18:57:37.364875+00:00,,,32,0,0,5eeee786d299c189803d04079c2a9ba589e76d362f94d05e91b122753206b75c,False
2026-09-21T18:57:38.422094+00:00,,,32,0,0,5eeee786d299c189803d04079c2a9ba589e76d362f94d05e91b122753206b75c,False
2026-09-21T18:57:39.464252+00:00,,,32,0,0,5eeee786d299c189803d04079c2a9ba589e76d362f94d05e91b122753206b75c,False
2026-09-21T18:57:40.519498+00:00,,,32,0,0,5eeee786d299c189803d04079c2a9ba589e76d362f94d05e91b122753206b75c,False
2026-09-21T18:57:41.591700+00:00,,,32,0,0,5eeee786d299c189803d04079c2a9ba589e76d362f94d05e91b122753206b75c,False
2026-09-21T18:57:42.638809+00:00,,,32,0,0,5eeee786d299c189803d04079c2a9ba589e76d362f94d05e91b122753206b75c,False
2026-09-21T18:57:43.685605+00:00,,,32,0,0,5eeee786d299c189803d04079c2a9ba589e76d362f94d05e91b122753206b75c,False
2026-09-21T18:57:44.729530+00:00,,,32,0,0,5eeee786d299c189803d04079c2a9ba589e76d362f94d05e91b122753206b75c,False
2026-09-21T18:57:45.778994+00:00,,,32,0,0,5eeee786d299c189803d04079c2a9ba589e76d362f94d05e91b122753206b75c,False
2026-09-21T18:57:46.828264+00:00,,,32,0,0,5eeee786d299c189803d04079c2a9ba589e76d362f94d05e91b122753206b75c,False
2026-09-21T18:57:47.891585+00:00,,,32,0,0,5eeee786d299c189803d04079c2a9ba589e76d362f94d05e91b122753206b75c,False
2026-09-21T18:57:48.942027+00:00,,,32,0,0,5eeee786d299c189803d04079c2a9ba589e76d362f94d05e91b122753206b75c,False
2026-09-21T18:57:49.991479+00:00,,,32,0,0,5eeee786d299c189803d04079c2a9ba589e76d362f94d05e91b122753206b75c,False
2026-09-21T18:57:51.039617+00:00,,,32,0,0,5eeee786d299c189803d04079c2a9ba589e76d362f94d05e91b122753206b75c,False
2026-09-21T18:57:52.083958+00:00,,,32,0,0,5eeee786d299c189803d04079c2a9ba589e76d362f94d05e91b122753206b75c,False
2026-09-21T18:57:53.118328+00:00,,,32,0,0,5eeee786d299c189803d04079c2a9ba589e76d362f94d05e91b122753206b75c,False
2026-09-21T18:57:54.181030+00:00,,,32,0,0,5eeee786d299c189803d04079c2a9ba589e76d362f94d05e91b122753206b75c,False
2026-09-21T18:57:55.239917+00:00,,,32,0,0,5eeee786d299c189803d04079c2a9ba589e76d362f94d05e91b122753206b75c,False
2026-09-21T18:57:56.308329+00:00,,,32,0,0,5eeee786d299c189803d04079c2a9ba589e76d362f94d05e91b122753206b75c,False
2026-09-21T18:57:57.368406+00:00,,,32,0,0,5eeee786d299c189803d04079c2a9ba589e76d362f94d05e91b122753206b75c,False
2026-09-21T18:57:58.403364+00:00,,,32,0,0,5eeee786d299c189803d04079c2a9ba589e76d362f94d05e91b122753206b75c,False
2026-09-21T18:57:59.446889+00:00,,,32,0,0,5eeee786d299c189803d04079c2a9ba589e76d362f94d05e91b122753206b75c,False
2026-09-21T18:58:00.491959+00:00,,,32,0,0,5eeee786d299c189803d04079c2a9ba589e76d362f94d05e91b122753206b75c,False
2026-09-21T18:58:01.574790+00:00,,,32,0,0,5eeee786d299c189803d04079c2a9ba589e76d362f94d05e91b122753206b75c,False
2026-09-21T18:58:02.675610+00:00,,,32,0,0,5eeee786d299c189803d04079c2a9ba589e76d362f94d05e91b122753206b75c,False
2026-09-21T18:58:03.733795+00:00,,,32,0,0,5eeee786d299c189803d04079c2a9ba589e76d362f94d05e91b122753206b75c,False
2026-09-21T18:58:04.770373+00:00,,,32,0,0,5eeee786d299c189803d04079c2a9ba589e76d362f94d05e91b122753206b75c,False
2026-09-21T18:58:05.816778+00:00,,,32,0,0,5eeee786d299c189803d04079c2a9ba589e76d362f94d05e91b122753206b75c,False
2026-09-21T18:58:06.867934+00:00,,,32,0,0,5eeee786d299c189803d04079c2a9ba589e76d362f94d05e91b122753206b75c,False
2026-09-21T18:58:07.917689+00:00,,,32,0,0,5eeee786d299c189803d04079c2a9ba589e76d362f94d05e91b122753206b75c,False
2026-09-21T18:58:08.969002+00:00,,,32,0,0,5eeee786d299c189803d04079c2a9ba589e76d362f94d05e91b122753206b75c,False
2026-09-21T18:58:10.059640+00:00,,,32,0,0,5eeee786d299c189803d04079c2a9ba589e76d362f94d05e91b122753206b75c,False
2026-09-21T18:58:11.110238+00:00,,,32,0,0,5eeee786d299c189803d04079c2a9ba589e76d362f94d05e91b122753206b75c,False
2026-09-21T18:58:12.170390+00:00,,,32,0,0,5eeee786d299c189803d04079c2a9ba589e76d362f94d05e91b122753206b75c,False
2026-09-21T18:58:13.224681+00:00,,,32,0,0,5eeee786d299c189803d04079c2a9ba589e76d362f94d05e91b122753206b75c,False
2026-09-21T18:58:14.279312+00:00,,,32,0,0,5eeee786d299c189803d04079c2a9ba589e76d362f94d05e91b122753206b75c,False
2026-09-21T18:58:15.335985+00:00,,,32,0,0,5eeee786d299c189803d04079c2a9ba589e76d362f94d05e91b122753206b75c,False
2026-09-21T18:58:16.391231+00:00,,,32,0,0,5eeee786d299c189803d04079c2a9ba589e76d362f94d05e91b122753206b75c,False
2026-09-21T18:58:17.442070+00:00,,,32,0,0,5eeee786d299c189803d04079c2a9ba589e76d362f94d05e91b122753206b75c,False
2026-09-21T18:58:18.495620+00:00,,,32,0,0,5eeee786d299c189803d04079c2a9ba589e76d362f94d05e91b122753206b75c,False
2026-09-21T18:58:19.539374+00:00,,,32,0,0,5eeee786d299c189803d04079c2a9ba589e76d362f94d05e91b122753206b75c,False
2026-09-21T18:58:20.577702+00:00,,,32,0,0,5eeee786d299c189803d04079c2a9ba589e76d362f94d05e91b122753206b75c,False
2026-09-21T18:58:21.620139+00:00,,,32,0,0,5eeee786d299c189803d04079c2a9ba589e76d362f94d05e91b122753206b75c,False
2026-09-21T18:58:22.666021+00:00,,,32,0,0,5eeee786d299c189803d04079c2a9ba589e76d362f94d05e91b122753206b75c,False
2026-09-21T18:58:23.721483+00:00,,,32,0,0,5eeee786d299c189803d04079c2a9ba589e76d362f94d05e91b122753206b75c,False
2026-09-21T18:58:24.763020+00:00,,,32,0,0,5eeee786d299c189803d04079c2a9ba589e76d362f94d05e91b122753206b75c,False
2026-09-21T18:58:25.804188+00:00,,,32,0,0,5eeee786d299c189803d04079c2a9ba589e76d362f94d05e91b122753206b75c,False
2026-09-21T18:58:26.847678+00:00,,,32,0,0,5eeee786d299c189803d04079c2a9ba589e76d362f94d05e91b122753206b75c,False
2026-09-21T18:58:27.889373+00:00,,,32,0,0,5eeee786d299c189803d04079c2a9ba589e76d362f94d05e91b122753206b75c,False
2026-09-21T18:58:28.939920+00:00,,,32,0,0,5eeee786d299c189803d04079c2a9ba589e76d362f94d05e91b122753206b75c,False
2026-09-21T18:58:30.015473+00:00,,,32,0,0,5eeee786d299c189803d04079c2a9ba589e76d362f94d05e91b122753206b75c,False
2026-09-21T18:58:31.097504+00:00,final_three,,32,0,0,5eeee786d299c189803d04079c2a9ba589e76d362f94d05e91b122753206b75c,False
2026-09-21T18:58:32.145947+00:00,final_three,,32,0,0,5eeee786d299c189803d04079c2a9ba589e76d362f94d05e91b122753206b75c,False
2026-09-21T18:58:33.194424+00:00,final_three,,32,0,0,5eeee786d299c189803d04079c2a9ba589e76d362f94d05e91b122753206b75c,False
2026-09-21T18:58:34.251482+00:00,final_three,,32,0,0,5eeee786d299c189803d04079c2a9ba589e76d362f94d05e91b122753206b75c,False
2026-09-21T18:58:35.305451+00:00,final_three,,32,0,0,5eeee786d299c189803d04079c2a9ba589e76d362f94d05e91b122753206b75c,False
2026-09-21T18:58:36.392085+00:00,final_three,,32,0,0,5eeee786d299c189803d04079c2a9ba589e76d362f94d05e91b122753206b75c,False
2026-09-21T18:58:37.434588+00:00,final_three,,32,0,0,5eeee786d299c189803d04079c2a9ba589e76d362f94d05e91b122753206b75c,False
2026-09-21T18:58:38.494520+00:00,final_three,,32,0,0,5eeee786d299c189803d04079c2a9ba589e76d362f94d05e91b122753206b75c,False
2026-09-21T18:58:39.540448+00:00,final_three,,32,0,0,5eeee786d299c189803d04079c2a9ba589e76d362f94d05e91b122753206b75c,False
2026-09-21T18:58:40.584144+00:00,final_three,,32,0,0,5eeee786d299c189803d04079c2a9ba589e76d362f94d05e91b122753206b75c,False
2026-09-21T18:58:41.632778+00:00,final_three,,32,0,0,5eeee786d299c189803d04079c2a9ba589e76d362f94d05e91b122753206b75c,False
2026-09-21T18:58:42.686342+00:00,final_three,,32,0,0,5eeee786d299c189803d04079c2a9ba589e76d362f94d05e91b122753206b75c,False
2026-09-21T18:58:43.729291+00:00,final_three,,32,0,0,5eeee786d299c189803d04079c2a9ba589e76d362f94d05e91b122753206b75c,False
2026-09-21T18:58:44.777125+00:00,final_three,,32,0,0,5eeee786d299c189803d04079c2a9ba589e76d362f94d05e91b122753206b75c,False
2026-09-21T18:58:45.813816+00:00,final_three,,32,0,0,5eeee786d299c189803d04079c2a9ba589e76d362f94d05e91b122753206b75c,False
2026-09-21T18:58:46.865253+00:00,final_three,,32,0,0,5eeee786d299c189803d04079c2a9ba589e76d362f94d05e91b122753206b75c,False
2026-09-21T18:58:47.927923+00:00,final_three,,32,0,0,5eeee786d299c189803d04079c2a9ba589e76d362f94d05e91b122753206b75c,False
2026-09-21T18:58:48.958897+00:00,final_three,,32,0,0,5eeee786d299c189803d04079c2a9ba589e76d362f94d05e91b122753206b75c,False
2026-09-21T18:58:50.005999+00:00,final_three,,32,0,0,5eeee786d299c189803d04079c2a9ba589e76d362f94d05e91b122753206b75c,False
2026-09-21T18:58:51.057528+00:00,final_three,,32,0,0,5eeee786d299c189803d04079c2a9ba589e76d362f94d05e91b122753206b75c,False
2026-09-21T18:58:52.110406+00:00,final_three,,32,0,0,5eeee786d299c189803d04079c2a9ba589e76d362f94d05e91b122753206b75c,False
2026-09-21T18:58:53.156196+00:00,final_three,,32,0,0,5eeee786d299c189803d04079c2a9ba589e76d362f94d05e91b122753206b75c,False
2026-09-21T18:58:54.177888+00:00,final_three,,32,0,0,5eeee786d299c189803d04079c2a9ba589e76d362f94d05e91b122753206b75c,False
2026-09-21T18:58:55.224721+00:00,final_three,,32,0,0,5eeee786d299c189803d04079c2a9ba589e76d362f94d05e91b122753206b75c,False
2026-09-21T18:58:56.262005+00:00,final_three,,32,0,0,5eeee786d299c189803d04079c2a9ba589e76d362f94d05e91b122753206b75c,False
2026-09-21T18:58:57.309376+00:00,final_three,,32,0,0,5eeee786d299c189803d04079c2a9ba589e76d362f94d05e91b122753206b75c,False
2026-09-21T18:58:58.369098+00:00,final_three,,32,0,0,5eeee786d299c189803d04079c2a9ba589e76d362f94d05e91b122753206b75c,False
2026-09-21T18:58:59.398514+00:00,final_three,,32,0,0,5eeee786d299c189803d04079c2a9ba589e76d362f94d05e91b122753206b75c,False
2026-09-21T18:59:00.456969+00:00,final_three,,32,0,0,5eeee786d299c189803d04079c2a9ba589e76d362f94d05e91b122753206b75c,False
2026-09-21T18:59:01.493865+00:00,final_three,,32,0,0,5eeee786d299c189803d04079c2a9ba589e76d362f94d05e91b122753206b75c,False
2026-09-21T18:59:02.524590+00:00,final_three,,32,0,0,5eeee786d299c189803d04079c2a9ba589e76d362f94d05e91b122753206b75c,False
2026-09-21T18:59:03.557411+00:00,final_three,,32,0,0,5eeee786d299c189803d04079c2a9ba589e76d362f94d05e91b122753206b75c,False
2026-09-21T18:59:04.599207+00:00,final_three,,32,0,0,5eeee786d299c189803d04079c2a9ba589e76d362f94d05e91b122753206b75c,False
2026-09-21T18:59:05.687342+00:00,final_three,,32,0,0,5eeee786d299c189803d04079c2a9ba589e76d362f94d05e91b122753206b75c,False
2026-09-21T18:59:06.719759+00:00,final_three,,32,0,0,5eeee786d299c189803d04079c2a9ba589e76d362f94d05e91b122753206b75c,False
2026-09-21T18:59:07.779038+00:00,final_three,,32,0,0,5eeee786d299c189803d04079c2a9ba589e76d362f94d05e91b122753206b75c,False
2026-09-21T18:59:08.844201+00:00,final_three,,32,0,0,5eeee786d299c189803d04079c2a9ba589e76d362f94d05e91b122753206b75c,False
2026-09-21T18:59:09.886905+00:00,final_three,,32,0,0,5eeee786d299c189803d04079c2a9ba589e76d362f94d05e91b122753206b75c,False
2026-09-21T18:59:10.916366+00:00,final_three,,32,0,0,5eeee786d299c189803d04079c2a9ba589e76d362f94d05e91b122753206b75c,False
2026-09-21T18:59:11.962605+00:00,final_three,,32,0,0,5eeee786d299c189803d04079c2a9ba589e76d362f94d05e91b122753206b75c,False
2026-09-21T18:59:13.021495+00:00,final_three,,32,0,0,5eeee786d299c189803d04079c2a9ba589e76d362f94d05e91b122753206b75c,False
2026-09-21T18:59:14.077722+00:00,final_three,,32,0,0,5eeee786d299c189803d04079c2a9ba589e76d362f94d05e91b122753206b75c,False
2026-09-21T18:59:15.139811+00:00,final_three,,32,0,0,5eeee786d299c189803d04079c2a9ba589e76d362f94d05e91b122753206b75c,False
2026-09-21T18:59:16.176857+00:00,final_three,,32,0,0,5eeee786d299c189803d04079c2a9ba589e76d362f94d05e91b122753206b75c,False
2026-09-21T18:59:17.217959+00:00,final_three,,32,0,0,5eeee786d299c189803d04079c2a9ba589e76d362f94d05e91b122753206b75c,False
2026-09-21T18:59:18.248766+00:00,final_three,,32,0,0,5eeee786d299c189803d04079c2a9ba589e76d362f94d05e91b122753206b75c,False
2026-09-21T18:59:19.308684+00:00,final_three,,32,0,0,5eeee786d299c189803d04079c2a9ba589e76d362f94d05e91b122753206b75c,False
2026-09-21T18:59:20.350003+00:00,final_three,,32,0,0,5eeee786d299c189803d04079c2a9ba589e76d362f94d05e91b122753206b75c,False
2026-09-21T18:59:21.384424+00:00,final_three,,32,0,0,5eeee786d299c189803d04079c2a9ba589e76d362f94d05e91b122753206b75c,False
2026-09-21T18:59:22.411870+00:00,final_three,,32,0,0,5eeee786d299c189803d04079c2a9ba589e76d362f94d05e91b122753206b75c,False
2026-09-21T18:59:23.445225+00:00,final_three,,32,0,0,5eeee786d299c189803d04079c2a9ba589e76d362f94d05e91b122753206b75c,False
2026-09-21T18:59:24.500099+00:00,final_three,,32,0,0,5eeee786d299c189803d04079c2a9ba589e76d362f94d05e91b122753206b75c,False
2026-09-21T18:59:25.553726+00:00,final_three,,32,0,0,5eeee786d299c189803d04079c2a9ba589e76d362f94d05e91b122753206b75c,False
2026-09-21T18:59:26.581401+00:00,final_three,,32,0,0,5eeee786d299c189803d04079c2a9ba589e76d362f94d05e91b122753206b75c,False
2026-09-21T18:59:27.627382+00:00,final_three,,32,0,0,5eeee786d299c189803d04079c2a9ba589e76d362f94d05e91b122753206b75c,False
2026-09-21T18:59:28.682710+00:00,final_three,,32,0,0,5eeee786d299c189803d04079c2a9ba589e76d362f94d05e91b122753206b75c,False
2026-09-21T18:59:29.728655+00:00,final_three,,32,0,0,5eeee786d299c189803d04079c2a9ba589e76d362f94d05e91b122753206b75c,False
2026-09-21T18:59:30.758358+00:00,final_three,,32,0,0,5eeee786d299c189803d04079c2a9ba589e76d362f94d05e91b122753206b75c,False
2026-09-21T18:59:31.802197+00:00,final_three,,32,0,0,5eeee786d299c189803d04079c2a9ba589e76d362f94d05e91b122753206b75c,False
2026-09-21T18:59:32.849351+00:00,final_three,,32,0,0,5eeee786d299c189803d04079c2a9ba589e76d362f94d05e91b122753206b75c,False
2026-09-21T18:59:33.903046+00:00,final_three,,32,0,0,5eeee786d299c189803d04079c2a9ba589e76d362f94d05e91b122753206b75c,False
2026-09-21T18:59:34.947201+00:00,final_three,,32,0,0,5eeee786d299c189803d04079c2a9ba589e76d362f94d05e91b122753206b75c,False
2026-09-21T18:59:35.988422+00:00,final_three,,32,0,0,5eeee786d299c189803d04079c2a9ba589e76d362f94d05e91b122753206b75c,False
2026-09-21T18:59:37.035042+00:00,final_three,,32,0,0,5eeee786d299c189803d04079c2a9ba589e76d362f94d05e91b122753206b75c,False
2026-09-21T18:59:38.083362+00:00,final_three,,32,0,0,5eeee786d299c189803d04079c2a9ba589e76d362f94d05e91b122753206b75c,False
2026-09-21T18:59:39.125665+00:00,final_three,,32,0,0,5eeee786d299c189803d04079c2a9ba589e76d362f94d05e91b122753206b75c,False
2026-09-21T18:59:40.175993+00:00,final_three,,32,0,0,5eeee786d299c189803d04079c2a9ba589e76d362f94d05e91b122753206b75c,False
2026-09-21T18:59:41.200377+00:00,final_three,,32,0,0,5eeee786d299c189803d04079c2a9ba589e76d362f94d05e91b122753206b75c,False
2026-09-21T18:59:42.251346+00:00,final_three,,32,0,0,5eeee786d299c189803d04079c2a9ba589e76d362f94d05e91b122753206b75c,False
2026-09-21T18:59:43.294232+00:00,final_three,,32,0,0,5eeee786d299c189803d04079c2a9ba589e76d362f94d05e91b122753206b75c,False
2026-09-21T18:59:44.336911+00:00,final_three,,32,0,0,5eeee786d299c189803d04079c2a9ba589e76d362f94d05e91b122753206b75c,False
2026-09-21T18:59:45.394339+00:00,final_three,,32,0,0,5eeee786d299c189803d04079c2a9ba589e76d362f94d05e91b122753206b75c,False
2026-09-21T18:59:46.418533+00:00,final_three,,32,0,0,5eeee786d299c189803d04079c2a9ba589e76d362f94d05e91b122753206b75c,False
2026-09-21T18:59:47.476649+00:00,final_three,,32,0,0,5eeee786d299c189803d04079c2a9ba589e76d362f94d05e91b122753206b75c,False
2026-09-21T18:59:48.517831+00:00,final_three,,32,0,0,5eeee786d299c189803d04079c2a9ba589e76d362f94d05e91b122753206b75c,False
2026-09-21T18:59:49.569657+00:00,final_three,,32,0,0,5eeee786d299c189803d04079c2a9ba589e76d362f94d05e91b122753206b75c,False
2026-09-21T18:59:50.619067+00:00,final_three,,32,0,0,5eeee786d299c189803d04079c2a9ba589e76d362f94d05e91b122753206b75c,False
2026-09-21T18:59:51.667742+00:00,final_three,,32,0,0,5eeee786d299c189803d04079c2a9ba589e76d362f94d05e91b122753206b75c,False
2026-09-21T18:59:52.706816+00:00,final_three,,32,0,0,5eeee786d299c189803d04079c2a9ba589e76d362f94d05e91b122753206b75c,False
2026-09-21T18:59:53.748929+00:00,final_three,,32,0,0,5eeee786d299c189803d04079c2a9ba589e76d362f94d05e91b122753206b75c,False
2026-09-21T18:59:54.802454+00:00,final_three,,32,0,0,5eeee786d299c189803d04079c2a9ba589e76d362f94d05e91b122753206b75c,False
2026-09-21T18:59:55.861409+00:00,final_three,,32,0,0,5eeee786d299c189803d04079c2a9ba589e76d362f94d05e91b122753206b75c,False
2026-09-21T18:59:56.965501+00:00,final_three,,32,0,0,5eeee786d299c189803d04079c2a9ba589e76d362f94d05e91b122753206b75c,False
2026-09-21T18:59:58.000670+00:00,final_three,,32,0,0,5eeee786d299c189803d04079c2a9ba589e76d362f94d05e91b122753206b75c,False
2026-09-21T18:59:59.049968+00:00,final_three,,32,0,0,5eeee786d299c189803d04079c2a9ba589e76d362f94d05e91b122753206b75c,False
2026-09-21T19:00:00.090999+00:00,final_three,,32,0,0,5eeee786d299c189803d04079c2a9ba589e76d362f94d05e91b122753206b75c,False
2026-09-21T19:00:01.141286+00:00,final_three,,32,0,0,5eeee786d299c189803d04079c2a9ba589e76d362f94d05e91b122753206b75c,False
2026-09-21T19:00:02.186599+00:00,final_three,,32,0,0,5eeee786d299c189803d04079c2a9ba589e76d362f94d05e91b122753206b75c,False
2026-09-21T19:00:03.280040+00:00,final_three,,32,0,0,5eeee786d299c189803d04079c2a9ba589e76d362f94d05e91b122753206b75c,False
2026-09-21T19:00:04.317004+00:00,final_three,,32,0,0,5eeee786d299c189803d04079c2a9ba589e76d362f94d05e91b122753206b75c,False
2026-09-21T19:00:05.357810+00:00,final_three,,32,0,0,5eeee786d299c189803d04079c2a9ba589e76d362f94d05e91b122753206b75c,False
2026-09-21T19:00:06.407180+00:00,final_three,,32,0,0,5eeee786d299c189803d04079c2a9ba589e76d362f94d05e91b122753206b75c,False
2026-09-21T19:00:07.721723+00:00,final_three,,32,0,0,5eeee786d299c189803d04079c2a9ba589e76d362f94d05e91b122753206b75c,False
2026-09-21T19:00:08.776760+00:00,final_three,,32,0,0,5eeee786d299c189803d04079c2a9ba589e76d362f94d05e91b122753206b75c,False
2026-09-21T19:00:09.813199+00:00,final_three,,32,0,0,5eeee786d299c189803d04079c2a9ba589e76d362f94d05e91b122753206b75c,False
2026-09-21T19:00:10.870384+00:00,final_three,,32,0,0,5eeee786d299c189803d04079c2a9ba589e76d362f94d05e91b122753206b75c,False
2026-09-21T19:00:11.906418+00:00,final_three,,32,0,0,5eeee786d299c189803d04079c2a9ba589e76d362f94d05e91b122753206b75c,False
2026-09-21T19:00:12.967238+00:00,final_three,,32,0,0,5eeee786d299c189803d04079c2a9ba589e76d362f94d05e91b122753206b75c,False
2026-09-21T19:00:14.009270+00:00,final_three,,32,0,0,5eeee786d299c189803d04079c2a9ba589e76d362f94d05e91b122753206b75c,False
2026-09-21T19:00:15.047939+00:00,final_three,,32,0,0,5eeee786d299c189803d04079c2a9ba589e76d362f94d05e91b122753206b75c,False
2026-09-21T19:00:16.067437+00:00,final_three,,32,0,0,5eeee786d299c189803d04079c2a9ba589e76d362f94d05e91b122753206b75c,False
2026-09-21T19:00:17.140528+00:00,final_three,,32,0,0,5eeee786d299c189803d04079c2a9ba589e76d362f94d05e91b122753206b75c,False
2026-09-21T19:00:18.175783+00:00,final_three,,32,0,0,5eeee786d299c189803d04079c2a9ba589e76d362f94d05e91b122753206b75c,False
2026-09-21T19:00:19.208360+00:00,final_three,,32,0,0,5eeee786d299c189803d04079c2a9ba589e76d362f94d05e91b122753206b75c,False
2026-09-21T19:00:20.242799+00:00,final_three,,32,0,0,5eeee786d299c189803d04079c2a9ba589e76d362f94d05e91b122753206b75c,False
2026-09-21T19:00:21.288210+00:00,final_three,,32,0,0,5eeee786d299c189803d04079c2a9ba589e76d362f94d05e91b122753206b75c,False
2026-09-21T19:00:22.326547+00:00,final_three,,32,0,0,5eeee786d299c189803d04079c2a9ba589e76d362f94d05e91b122753206b75c,False
2026-09-21T19:00:23.360472+00:00,final_three,,32,0,0,5eeee786d299c189803d04079c2a9ba589e76d362f94d05e91b122753206b75c,False
2026-09-21T19:00:24.408046+00:00,final_three,,32,0,0,5eeee786d299c189803d04079c2a9ba589e76d362f94d05e91b122753206b75c,False
2026-09-21T19:00:25.454043+00:00,final_three,,32,0,0,5eeee786d299c189803d04079c2a9ba589e76d362f94d05e91b122753206b75c,False
2026-09-21T19:00:26.513036+00:00,final_three,,32,0,0,5eeee786d299c189803d04079c2a9ba589e76d362f94d05e91b122753206b75c,False
2026-09-21T19:00:27.596028+00:00,final_three,,32,0,0,5eeee786d299c189803d04079c2a9ba589e76d362f94d05e91b122753206b75c,False
2026-09-21T19:00:28.639120+00:00,final_three,,32,0,0,5eeee786d299c189803d04079c2a9ba589e76d362f94d05e91b122753206b75c,False
2026-09-21T19:00:29.691948+00:00,final_three,,32,0,0,5eeee786d299c189803d04079c2a9ba589e76d362f94d05e91b122753206b75c,False
2026-09-21T19:00:30.772725+00:00,final_three,,32,0,0,5eeee786d299c189803d04079c2a9ba589e76d362f94d05e91b122753206b75c,False
2026-09-21T19:00:31.805767+00:00,final_three,,32,0,0,5eeee786d299c189803d04079c2a9ba589e76d362f94d05e91b122753206b75c,False
2026-09-21T19:00:32.865432+00:00,final_three,,32,0,0,5eeee786d299c189803d04079c2a9ba589e76d362f94d05e91b122753206b75c,False
2026-09-21T19:00:33.930862+00:00,final_three,,32,0,0,5eeee786d299c189803d04079c2a9ba589e76d362f94d05e91b122753206b75c,False
2026-09-21T19:00:34.979364+00:00,final_three,,32,0,0,5eeee786d299c189803d04079c2a9ba589e76d362f94d05e91b122753206b75c,False
2026-09-21T19:00:36.006644+00:00,final_three,,32,0,0,5eeee786d299c189803d04079c2a9ba589e76d362f94d05e91b122753206b75c,False
2026-09-21T19:00:37.073050+00:00,final_three,,32,0,0,5eeee786d299c189803d04079c2a9ba589e76d362f94d05e91b122753206b75c,False
2026-09-21T19:00:38.138648+00:00,,,32,0,0,5eeee786d299c189803d04079c2a9ba589e76d362f94d05e91b122753206b75c,False
2026-09-21T19:00:39.186116+00:00,,,32,0,0,5eeee786d299c189803d04079c2a9ba589e76d362f94d05e91b122753206b75c,False
2026-09-21T19:00:40.234013+00:00,,,32,0,0,5eeee786d299c189803d04079c2a9ba589e76d362f94d05e91b122753206b75c,False
2026-09-21T19:00:41.293613+00:00,,,32,0,0,5eeee786d299c189803d04079c2a9ba589e76d362f94d05e91b122753206b75c,False
2026-09-21T19:00:42.344014+00:00,,,32,0,0,5eeee786d299c189803d04079c2a9ba589e76d362f94d05e91b122753206b75c,False
2026-09-21T19:00:43.390384+00:00,,,32,0,0,5eeee786d299c189803d04079c2a9ba589e76d362f94d05e91b122753206b75c,False
2026-09-21T19:00:44.442770+00:00,,,32,0,0,5eeee786d299c189803d04079c2a9ba589e76d362f94d05e91b122753206b75c,False
2026-09-21T19:00:45.498986+00:00,,,32,0,0,5eeee786d299c189803d04079c2a9ba589e76d362f94d05e91b122753206b75c,False
2026-09-21T19:00:46.549675+00:00,,,32,0,0,5eeee786d299c189803d04079c2a9ba589e76d362f94d05e91b122753206b75c,False
2026-09-21T19:00:47.602065+00:00,,,32,0,0,5eeee786d299c189803d04079c2a9ba589e76d362f94d05e91b122753206b75c,False
2026-09-21T19:00:48.641119+00:00,,,32,0,0,5eeee786d299c189803d04079c2a9ba589e76d362f94d05e91b122753206b75c,False
2026-09-21T19:00:49.709896+00:00,,,32,0,0,5eeee786d299c189803d04079c2a9ba589e76d362f94d05e91b122753206b75c,False
2026-09-21T19:00:50.759708+00:00,,,32,0,0,5eeee786d299c189803d04079c2a9ba589e76d362f94d05e91b122753206b75c,False
2026-09-21T19:00:51.820365+00:00,,,32,0,0,5eeee786d299c189803d04079c2a9ba589e76d362f94d05e91b122753206b75c,False
2026-09-21T19:00:52.888457+00:00,,,32,0,0,5eeee786d299c189803d04079c2a9ba589e76d362f94d05e91b122753206b75c,False
2026-09-21T19:00:53.945977+00:00,,,32,0,0,5eeee786d299c189803d04079c2a9ba589e76d362f94d05e91b122753206b75c,False
2026-09-21T19:00:55.041113+00:00,,,32,0,0,5eeee786d299c189803d04079c2a9ba589e76d362f94d05e91b122753206b75c,False
2026-09-21T19:00:56.090647+00:00,,,32,0,0,5eeee786d299c189803d04079c2a9ba589e76d362f94d05e91b122753206b75c,False
2026-09-21T19:00:57.137466+00:00,,,32,0,0,5eeee786d299c189803d04079c2a9ba589e76d362f94d05e91b122753206b75c,False
2026-09-21T19:00:58.181809+00:00,,,32,0,0,5eeee786d299c189803d04079c2a9ba589e76d362f94d05e91b122753206b75c,False
2026-09-21T19:00:59.239086+00:00,,,32,0,0,5eeee786d299c189803d04079c2a9ba589e76d362f94d05e91b122753206b75c,False
2026-09-21T19:01:00.276379+00:00,,,32,0,0,5eeee786d299c189803d04079c2a9ba589e76d362f94d05e91b122753206b75c,False
2026-09-21T19:01:01.333123+00:00,,,32,0,0,5eeee786d299c189803d04079c2a9ba589e76d362f94d05e91b122753206b75c,False
2026-09-21T19:01:02.378782+00:00,,,32,0,0,5eeee786d299c189803d04079c2a9ba589e76d362f94d05e91b122753206b75c,False
2026-09-21T19:01:03.439098+00:00,,,32,0,0,5eeee786d299c189803d04079c2a9ba589e76d362f94d05e91b122753206b75c,False
2026-09-21T19:01:04.501856+00:00,,,32,0,0,5eeee786d299c189803d04079c2a9ba589e76d362f94d05e91b122753206b75c,False
2026-09-21T19:01:05.574147+00:00,,,32,0,0,5eeee786d299c189803d04079c2a9ba589e76d362f94d05e91b122753206b75c,False
2026-09-21T19:01:06.601574+00:00,,,32,0,0,5eeee786d299c189803d04079c2a9ba589e76d362f94d05e91b122753206b75c,False
2026-09-21T19:01:07.647858+00:00,,,32,0,0,5eeee786d299c189803d04079c2a9ba589e76d362f94d05e91b122753206b75c,False
2026-09-21T19:01:08.696564+00:00,,,32,0,0,5eeee786d299c189803d04079c2a9ba589e76d362f94d05e91b122753206b75c,False
2026-09-21T19:01:09.786700+00:00,,,32,0,0,5eeee786d299c189803d04079c2a9ba589e76d362f94d05e91b122753206b75c,False
2026-09-21T19:01:10.846373+00:00,,,32,0,0,5eeee786d299c189803d04079c2a9ba589e76d362f94d05e91b122753206b75c,False
2026-09-21T19:01:11.885367+00:00,,,32,0,0,5eeee786d299c189803d04079c2a9ba589e76d362f94d05e91b122753206b75c,False
2026-09-21T19:01:12.923790+00:00,,,32,0,0,5eeee786d299c189803d04079c2a9ba589e76d362f94d05e91b122753206b75c,False
2026-09-21T19:01:13.985989+00:00,,,32,0,0,5eeee786d299c189803d04079c2a9ba589e76d362f94d05e91b122753206b75c,False
2026-09-21T19:01:15.036401+00:00,,,32,0,0,5eeee786d299c189803d04079c2a9ba589e76d362f94d05e91b122753206b75c,False
2026-09-21T19:01:16.088782+00:00,,,32,0,0,5eeee786d299c189803d04079c2a9ba589e76d362f94d05e91b122753206b75c,False
2026-09-21T19:01:17.123509+00:00,,,32,0,0,5eeee786d299c189803d04079c2a9ba589e76d362f94d05e91b122753206b75c,False
2026-09-21T19:01:18.176377+00:00,,,32,0,0,5eeee786d299c189803d04079c2a9ba589e76d362f94d05e91b122753206b75c,False
2026-09-21T19:01:19.211594+00:00,,,32,0,0,5eeee786d299c189803d04079c2a9ba589e76d362f94d05e91b122753206b75c,False
2026-09-21T19:01:20.292229+00:00,,,32,0,0,5eeee786d299c189803d04079c2a9ba589e76d362f94d05e91b122753206b75c,False
2026-09-21T19:01:21.333630+00:00,,,32,0,0,5eeee786d299c189803d04079c2a9ba589e76d362f94d05e91b122753206b75c,False
2026-09-21T19:01:22.368675+00:00,,,32,0,0,5eeee786d299c189803d04079c2a9ba589e76d362f94d05e91b122753206b75c,False
2026-09-21T19:01:23.426269+00:00,,,32,0,0,5eeee786d299c189803d04079c2a9ba589e76d362f94d05e91b122753206b75c,False
2026-09-21T19:01:24.479158+00:00,,,32,0,0,5eeee786d299c189803d04079c2a9ba589e76d362f94d05e91b122753206b75c,False
2026-09-21T19:01:25.524082+00:00,,,32,0,0,5eeee786d299c189803d04079c2a9ba589e76d362f94d05e91b122753206b75c,False
2026-09-21T19:01:26.589406+00:00,,,32,0,0,5eeee786d299c189803d04079c2a9ba589e76d362f94d05e91b122753206b75c,False
2026-09-21T19:01:27.669716+00:00,,,32,0,0,5eeee786d299c189803d04079c2a9ba589e76d362f94d05e91b122753206b75c,False
2026-09-21T19:01:28.722079+00:00,,,32,0,0,5eeee786d299c189803d04079c2a9ba589e76d362f94d05e91b122753206b75c,False
2026-09-21T19:01:29.760464+00:00,,,32,0,0,5eeee786d299c189803d04079c2a9ba589e76d362f94d05e91b122753206b75c,False
2026-09-21T19:01:30.826481+00:00,,,32,0,0,5eeee786d299c189803d04079c2a9ba589e76d362f94d05e91b122753206b75c,False
2026-09-21T19:01:31.889564+00:00,,,32,0,0,5eeee786d299c189803d04079c2a9ba589e76d362f94d05e91b122753206b75c,False
2026-09-21T19:01:32.920870+00:00,,,32,0,0,5eeee786d299c189803d04079c2a9ba589e76d362f94d05e91b122753206b75c,False
2026-09-21T19:01:33.958682+00:00,,,32,0,0,5eeee786d299c189803d04079c2a9ba589e76d362f94d05e91b122753206b75c,False
2026-09-21T19:01:35.010608+00:00,,,32,0,0,5eeee786d299c189803d04079c2a9ba589e76d362f94d05e91b122753206b75c,False
2026-09-21T19:01:36.059270+00:00,,,32,0,0,5eeee786d299c189803d04079c2a9ba589e76d362f94d05e91b122753206b75c,False
2026-09-21T19:01:37.108370+00:00,,,32,0,0,5eeee786d299c189803d04079c2a9ba589e76d362f94d05e91b122753206b75c,False
2026-09-21T19:01:38.165419+00:00,,,32,0,0,5eeee786d299c189803d04079c2a9ba589e76d362f94d05e91b122753206b75c,False
2026-09-21T19:01:39.214028+00:00,,,32,0,0,5eeee786d299c189803d04079c2a9ba589e76d362f94d05e91b122753206b75c,False
2026-09-21T19:01:40.261636+00:00,,,32,0,0,5eeee786d299c189803d04079c2a9ba589e76d362f94d05e91b122753206b75c,False
2026-09-21T19:01:41.304759+00:00,,,32,0,0,5eeee786d299c189803d04079c2a9ba589e76d362f94d05e91b122753206b75c,False
2026-09-21T19:01:42.342087+00:00,,,32,0,0,5eeee786d299c189803d04079c2a9ba589e76d362f94d05e91b122753206b75c,False
2026-09-21T19:01:43.387616+00:00,,,32,0,0,5eeee786d299c189803d04079c2a9ba589e76d362f94d05e91b122753206b75c,False
2026-09-21T19:01:44.435567+00:00,,,32,0,0,5eeee786d299c189803d04079c2a9ba589e76d362f94d05e91b122753206b75c,False
2026-09-21T19:01:45.466927+00:00,,,32,0,0,5eeee786d299c189803d04079c2a9ba589e76d362f94d05e91b122753206b75c,False
2026-09-21T19:01:46.512784+00:00,,,32,0,0,5eeee786d299c189803d04079c2a9ba589e76d362f94d05e91b122753206b75c,False
2026-09-21T19:01:47.560862+00:00,,,32,0,0,5eeee786d299c189803d04079c2a9ba589e76d362f94d05e91b122753206b75c,False
2026-09-21T19:01:48.614676+00:00,,,32,0,0,5eeee786d299c189803d04079c2a9ba589e76d362f94d05e91b122753206b75c,False
2026-09-21T19:01:49.664409+00:00,,,32,0,0,5eeee786d299c189803d04079c2a9ba589e76d362f94d05e91b122753206b75c,False
2026-09-21T19:01:50.715553+00:00,,,32,0,0,5eeee786d299c189803d04079c2a9ba589e76d362f94d05e91b122753206b75c,False
2026-09-21T19:01:51.776273+00:00,,,32,0,0,5eeee786d299c189803d04079c2a9ba589e76d362f94d05e91b122753206b75c,False
2026-09-21T19:01:52.830013+00:00,,,32,0,0,5eeee786d299c189803d04079c2a9ba589e76d362f94d05e91b122753206b75c,False
2026-09-21T19:01:53.902548+00:00,,,32,0,0,5eeee786d299c189803d04079c2a9ba589e76d362f94d05e91b122753206b75c,False
2026-09-21T19:01:54.955753+00:00,,,32,0,0,5eeee786d299c189803d04079c2a9ba589e76d362f94d05e91b122753206b75c,False
2026-09-21T19:01:56.033951+00:00,,,32,0,0,5eeee786d299c189803d04079c2a9ba589e76d362f94d05e91b122753206b75c,False
2026-09-21T19:01:57.073664+00:00,,,32,0,0,5eeee786d299c189803d04079c2a9ba589e76d362f94d05e91b122753206b75c,False
2026-09-21T19:01:58.126638+00:00,,,32,0,0,5eeee786d299c189803d04079c2a9ba589e76d362f94d05e91b122753206b75c,False
2026-09-21T19:01:59.170180+00:00,,,32,0,0,5eeee786d299c189803d04079c2a9ba589e76d362f94d05e91b122753206b75c,False
2026-09-21T19:02:00.206918+00:00,,,32,0,0,5eeee786d299c189803d04079c2a9ba589e76d362f94d05e91b122753206b75c,False
2026-09-21T19:02:01.272196+00:00,,,32,0,0,5eeee786d299c189803d04079c2a9ba589e76d362f94d05e91b122753206b75c,False
2026-09-21T19:02:02.320192+00:00,,,32,0,0,5eeee786d299c189803d04079c2a9ba589e76d362f94d05e91b122753206b75c,False
2026-09-21T19:02:03.375166+00:00,,,32,0,0,5eeee786d299c189803d04079c2a9ba589e76d362f94d05e91b122753206b75c,False
2026-09-21T19:02:04.420952+00:00,,,32,0,0,5eeee786d299c189803d04079c2a9ba589e76d362f94d05e91b122753206b75c,False
2026-09-21T19:02:05.470355+00:00,,,32,0,0,5eeee786d299c189803d04079c2a9ba589e76d362f94d05e91b122753206b75c,False
2026-09-21T19:02:06.526829+00:00,,,32,0,0,5eeee786d299c189803d04079c2a9ba589e76d362f94d05e91b122753206b75c,False
2026-09-21T19:02:07.578766+00:00,,,32,0,0,5eeee786d299c189803d04079c2a9ba589e76d362f94d05e91b122753206b75c,False
2026-09-21T19:02:08.636867+00:00,,,32,0,0,5eeee786d299c189803d04079c2a9ba589e76d362f94d05e91b122753206b75c,False
2026-09-21T19:02:09.705252+00:00,,,32,0,0,5eeee786d299c189803d04079c2a9ba589e76d362f94d05e91b122753206b75c,False
2026-09-21T19:02:10.741424+00:00,,,32,0,0,5eeee786d299c189803d04079c2a9ba589e76d362f94d05e91b122753206b75c,False
2026-09-21T19:02:11.797755+00:00,,,32,0,0,5eeee786d299c189803d04079c2a9ba589e76d362f94d05e91b122753206b75c,False
2026-09-21T19:02:12.836461+00:00,,,32,0,0,5eeee786d299c189803d04079c2a9ba589e76d362f94d05e91b122753206b75c,False
2026-09-21T19:02:13.882760+00:00,,,32,0,0,5eeee786d299c189803d04079c2a9ba589e76d362f94d05e91b122753206b75c,False
2026-09-21T19:02:14.931002+00:00,,,32,0,0,5eeee786d299c189803d04079c2a9ba589e76d362f94d05e91b122753206b75c,False
2026-09-21T19:02:16.083814+00:00,,,32,0,0,5eeee786d299c189803d04079c2a9ba589e76d362f94d05e91b122753206b75c,False
2026-09-21T19:02:17.144187+00:00,,,32,0,0,5eeee786d299c189803d04079c2a9ba589e76d362f94d05e91b122753206b75c,False
2026-09-21T19:02:18.193029+00:00,,,32,0,0,5eeee786d299c189803d04079c2a9ba589e76d362f94d05e91b122753206b75c,False
2026-09-21T19:02:19.254543+00:00,,,32,0,0,5eeee786d299c189803d04079c2a9ba589e76d362f94d05e91b122753206b75c,False
2026-09-21T19:02:20.345093+00:00,,,32,0,0,5eeee786d299c189803d04079c2a9ba589e76d362f94d05e91b122753206b75c,False
2026-09-21T19:02:21.383325+00:00,,,32,0,0,5eeee786d299c189803d04079c2a9ba589e76d362f94d05e91b122753206b75c,False
2026-09-21T19:02:22.421926+00:00,,,32,0,0,5eeee786d299c189803d04079c2a9ba589e76d362f94d05e91b122753206b75c,False
2026-09-21T19:02:23.474808+00:00,,,32,0,0,5eeee786d299c189803d04079c2a9ba589e76d362f94d05e91b122753206b75c,False
2026-09-21T19:02:24.543517+00:00,,,32,0,0,5eeee786d299c189803d04079c2a9ba589e76d362f94d05e91b122753206b75c,False
2026-09-21T19:02:25.590301+00:00,,,32,0,0,5eeee786d299c189803d04079c2a9ba589e76d362f94d05e91b122753206b75c,False
2026-09-21T19:02:26.650009+00:00,,,32,0,0,5eeee786d299c189803d04079c2a9ba589e76d362f94d05e91b122753206b75c,False
2026-09-21T19:02:27.711484+00:00,,,32,0,0,5eeee786d299c189803d04079c2a9ba589e76d362f94d05e91b122753206b75c,False
2026-09-21T19:02:28.760230+00:00,,,32,0,0,5eeee786d299c189803d04079c2a9ba589e76d362f94d05e91b122753206b75c,False
2026-09-21T19:02:29.802722+00:00,,,32,0,0,5eeee786d299c189803d04079c2a9ba589e76d362f94d05e91b122753206b75c,False
2026-09-21T19:02:30.868701+00:00,,,32,0,0,5eeee786d299c189803d04079c2a9ba589e76d362f94d05e91b122753206b75c,False
2026-09-21T19:02:31.913715+00:00,,,32,0,0,5eeee786d299c189803d04079c2a9ba589e76d362f94d05e91b122753206b75c,False
2026-09-21T19:02:32.979251+00:00,,,32,0,0,5eeee786d299c189803d04079c2a9ba589e76d362f94d05e91b122753206b75c,False
2026-09-21T19:02:34.023834+00:00,,,32,0,0,5eeee786d299c189803d04079c2a9ba589e76d362f94d05e91b122753206b75c,False
2026-09-21T19:02:35.075078+00:00,,,32,0,0,5eeee786d299c189803d04079c2a9ba589e76d362f94d05e91b122753206b75c,False
2026-09-21T19:02:36.124924+00:00,,,32,0,0,5eeee786d299c189803d04079c2a9ba589e76d362f94d05e91b122753206b75c,False
2026-09-21T19:02:37.186554+00:00,,,32,0,0,5eeee786d299c189803d04079c2a9ba589e76d362f94d05e91b122753206b75c,False
2026-09-21T19:02:38.236366+00:00,,,32,0,0,5eeee786d299c189803d04079c2a9ba589e76d362f94d05e91b122753206b75c,False
2026-09-21T19:02:39.291959+00:00,,,32,0,0,5eeee786d299c189803d04079c2a9ba589e76d362f94d05e91b122753206b75c,False
2026-09-21T19:02:40.365008+00:00,,,32,0,0,5eeee786d299c189803d04079c2a9ba589e76d362f94d05e91b122753206b75c,False
2026-09-21T19:02:41.417835+00:00,,,32,0,0,5eeee786d299c189803d04079c2a9ba589e76d362f94d05e91b122753206b75c,False
2026-09-21T19:02:42.469983+00:00,,,32,0,0,5eeee786d299c189803d04079c2a9ba589e76d362f94d05e91b122753206b75c,False
2026-09-21T19:02:43.508120+00:00,,,32,0,0,5eeee786d299c189803d04079c2a9ba589e76d362f94d05e91b122753206b75c,False
2026-09-21T19:02:44.573080+00:00,,,32,0,0,5eeee786d299c189803d04079c2a9ba589e76d362f94d05e91b122753206b75c,False
2026-09-21T19:02:45.621436+00:00,,,32,0,0,5eeee786d299c189803d04079c2a9ba589e76d362f94d05e91b122753206b75c,False
2026-09-21T19:02:46.662780+00:00,,,32,0,0,5eeee786d299c189803d04079c2a9ba589e76d362f94d05e91b122753206b75c,False
2026-09-21T19:02:47.732315+00:00,,,32,0,0,5eeee786d299c189803d04079c2a9ba589e76d362f94d05e91b122753206b75c,False
2026-09-21T19:02:48.802229+00:00,,,32,0,0,5eeee786d299c189803d04079c2a9ba589e76d362f94d05e91b122753206b75c,False
2026-09-21T19:02:49.840728+00:00,,,32,0,0,5eeee786d299c189803d04079c2a9ba589e76d362f94d05e91b122753206b75c,False
2026-09-21T19:02:50.912398+00:00,,,32,0,0,5eeee786d299c189803d04079c2a9ba589e76d362f94d05e91b122753206b75c,False
2026-09-21T19:02:51.961110+00:00,,,32,0,0,5eeee786d299c189803d04079c2a9ba589e76d362f94d05e91b122753206b75c,False
2026-09-21T19:02:53.008019+00:00,,,32,0,0,5eeee786d299c189803d04079c2a9ba589e76d362f94d05e91b122753206b75c,False
2026-09-21T19:02:54.075174+00:00,,,32,0,0,5eeee786d299c189803d04079c2a9ba589e76d362f94d05e91b122753206b75c,False
2026-09-21T19:02:55.124247+00:00,,,32,0,0,5eeee786d299c189803d04079c2a9ba589e76d362f94d05e91b122753206b75c,False
2026-09-21T19:02:56.186315+00:00,,,32,0,0,5eeee786d299c189803d04079c2a9ba589e76d362f94d05e91b122753206b75c,False
2026-09-21T19:02:57.249963+00:00,,,32,0,0,5eeee786d299c189803d04079c2a9ba589e76d362f94d05e91b122753206b75c,False
2026-09-21T19:02:58.301078+00:00,,,32,0,0,5eeee786d299c189803d04079c2a9ba589e76d362f94d05e91b122753206b75c,False
2026-09-21T19:02:59.377009+00:00,,,32,0,0,5eeee786d299c189803d04079c2a9ba589e76d362f94d05e91b122753206b75c,False
2026-09-21T19:03:00.414661+00:00,,,32,0,0,5eeee786d299c189803d04079c2a9ba589e76d362f94d05e91b122753206b75c,False
2026-09-21T19:03:01.462227+00:00,,,32,0,0,5eeee786d299c189803d04079c2a9ba589e76d362f94d05e91b122753206b75c,False
2026-09-21T19:03:02.550255+00:00,,,32,0,0,5eeee786d299c189803d04079c2a9ba589e76d362f94d05e91b122753206b75c,False
2026-09-21T19:03:03.621225+00:00,,,32,0,0,5eeee786d299c189803d04079c2a9ba589e76d362f94d05e91b122753206b75c,False
2026-09-21T19:03:04.679949+00:00,,,32,0,0,5eeee786d299c189803d04079c2a9ba589e76d362f94d05e91b122753206b75c,False
2026-09-21T19:03:05.727000+00:00,,,32,0,0,5eeee786d299c189803d04079c2a9ba589e76d362f94d05e91b122753206b75c,False
2026-09-21T19:03:06.784217+00:00,,,32,0,0,5eeee786d299c189803d04079c2a9ba589e76d362f94d05e91b122753206b75c,False
2026-09-21T19:03:07.851080+00:00,,,32,0,0,5eeee786d299c189803d04079c2a9ba589e76d362f94d05e91b122753206b75c,False
2026-09-21T19:03:08.912040+00:00,,,32,0,0,5eeee786d299c189803d04079c2a9ba589e76d362f94d05e91b122753206b75c,False
2026-09-21T19:03:09.953126+00:00,,,32,0,0,5eeee786d299c189803d04079c2a9ba589e76d362f94d05e91b122753206b75c,False
2026-09-21T19:03:11.006580+00:00,,,32,0,0,5eeee786d299c189803d04079c2a9ba589e76d362f94d05e91b122753206b75c,False
2026-09-21T19:03:12.041507+00:00,,,32,0,0,5eeee786d299c189803d04079c2a9ba589e76d362f94d05e91b122753206b75c,False
2026-09-21T19:03:13.083571+00:00,,,32,0,0,5eeee786d299c189803d04079c2a9ba589e76d362f94d05e91b122753206b75c,False
2026-09-21T19:03:14.120087+00:00,,,32,0,0,5eeee786d299c189803d04079c2a9ba589e76d362f94d05e91b122753206b75c,False
2026-09-21T19:03:15.176350+00:00,,,32,0,0,5eeee786d299c189803d04079c2a9ba589e76d362f94d05e91b122753206b75c,False
2026-09-21T19:03:16.223157+00:00,,,32,0,0,5eeee786d299c189803d04079c2a9ba589e76d362f94d05e91b122753206b75c,False
2026-09-21T19:03:17.277035+00:00,,,32,0,0,5eeee786d299c189803d04079c2a9ba589e76d362f94d05e91b122753206b75c,False
2026-09-21T19:03:18.328344+00:00,,,32,0,0,5eeee786d299c189803d04079c2a9ba589e76d362f94d05e91b122753206b75c,False
2026-09-21T19:03:19.377268+00:00,,,32,0,0,5eeee786d299c189803d04079c2a9ba589e76d362f94d05e91b122753206b75c,False
2026-09-21T19:03:20.420516+00:00,,,32,0,0,5eeee786d299c189803d04079c2a9ba589e76d362f94d05e91b122753206b75c,False
2026-09-21T19:03:21.468022+00:00,,,32,0,0,5eeee786d299c189803d04079c2a9ba589e76d362f94d05e91b122753206b75c,False
2026-09-21T19:03:22.527228+00:00,,,32,0,0,5eeee786d299c189803d04079c2a9ba589e76d362f94d05e91b122753206b75c,False
2026-09-21T19:03:23.575616+00:00,,,32,0,0,5eeee786d299c189803d04079c2a9ba589e76d362f94d05e91b122753206b75c,False
2026-09-21T19:03:24.625721+00:00,,,32,0,0,5eeee786d299c189803d04079c2a9ba589e76d362f94d05e91b122753206b75c,False
2026-09-21T19:03:25.670958+00:00,,,32,0,0,5eeee786d299c189803d04079c2a9ba589e76d362f94d05e91b122753206b75c,False
2026-09-21T19:03:26.726887+00:00,,,32,0,0,5eeee786d299c189803d04079c2a9ba589e76d362f94d05e91b122753206b75c,False
2026-09-21T19:03:27.768880+00:00,,,32,0,0,5eeee786d299c189803d04079c2a9ba589e76d362f94d05e91b122753206b75c,False
2026-09-21T19:03:28.793850+00:00,,,32,0,0,5eeee786d299c189803d04079c2a9ba589e76d362f94d05e91b122753206b75c,False
2026-09-21T19:03:29.840119+00:00,,,32,0,0,5eeee786d299c189803d04079c2a9ba589e76d362f94d05e91b122753206b75c,False
2026-09-21T19:03:30.928373+00:00,,,32,0,0,5eeee786d299c189803d04079c2a9ba589e76d362f94d05e91b122753206b75c,False
2026-09-21T19:03:31.961897+00:00,,,32,0,0,5eeee786d299c189803d04079c2a9ba589e76d362f94d05e91b122753206b75c,False
2026-09-21T19:03:33.021109+00:00,,,32,0,0,5eeee786d299c189803d04079c2a9ba589e76d362f94d05e91b122753206b75c,False
2026-09-21T19:03:34.073672+00:00,,,32,0,0,5eeee786d299c189803d04079c2a9ba589e76d362f94d05e91b122753206b75c,False
2026-09-21T19:03:35.127092+00:00,,,32,0,0,5eeee786d299c189803d04079c2a9ba589e76d362f94d05e91b122753206b75c,False
2026-09-21T19:03:36.168930+00:00,,,32,0,0,5eeee786d299c189803d04079c2a9ba589e76d362f94d05e91b122753206b75c,False
2026-09-21T19:03:37.218703+00:00,,,32,0,0,5eeee786d299c189803d04079c2a9ba589e76d362f94d05e91b122753206b75c,False
2026-09-21T19:03:38.285091+00:00,,,32,0,0,5eeee786d299c189803d04079c2a9ba589e76d362f94d05e91b122753206b75c,False
2026-09-21T19:03:39.340894+00:00,,,32,0,0,5eeee786d299c189803d04079c2a9ba589e76d362f94d05e91b122753206b75c,False
2026-09-21T19:03:40.408356+00:00,,,32,0,0,5eeee786d299c189803d04079c2a9ba589e76d362f94d05e91b122753206b75c,False
2026-09-21T19:03:41.466334+00:00,,,32,0,0,5eeee786d299c189803d04079c2a9ba589e76d362f94d05e91b122753206b75c,False
2026-09-21T19:03:42.524243+00:00,,,32,0,0,5eeee786d299c189803d04079c2a9ba589e76d362f94d05e91b122753206b75c,False
2026-09-21T19:03:43.576291+00:00,,,32,0,0,5eeee786d299c189803d04079c2a9ba589e76d362f94d05e91b122753206b75c,False
2026-09-21T19:03:44.619074+00:00,,,32,0,0,5eeee786d299c189803d04079c2a9ba589e76d362f94d05e91b122753206b75c,False
2026-09-21T19:03:45.666606+00:00,,,32,0,0,5eeee786d299c189803d04079c2a9ba589e76d362f94d05e91b122753206b75c,False
2026-09-21T19:03:46.715428+00:00,,,32,0,0,5eeee786d299c189803d04079c2a9ba589e76d362f94d05e91b122753206b75c,False
2026-09-21T19:03:47.773546+00:00,,,32,0,0,5eeee786d299c189803d04079c2a9ba589e76d362f94d05e91b122753206b75c,False
2026-09-21T19:03:48.828383+00:00,,,32,0,0,5eeee786d299c189803d04079c2a9ba589e76d362f94d05e91b122753206b75c,False
2026-09-21T19:03:49.883328+00:00,,,32,0,0,5eeee786d299c189803d04079c2a9ba589e76d362f94d05e91b122753206b75c,False
2026-09-21T19:03:50.937530+00:00,,,32,0,0,5eeee786d299c189803d04079c2a9ba589e76d362f94d05e91b122753206b75c,False
2026-09-21T19:03:51.993021+00:00,,,32,0,0,5eeee786d299c189803d04079c2a9ba589e76d362f94d05e91b122753206b75c,False
2026-09-21T19:03:53.032973+00:00,,,32,0,0,5eeee786d299c189803d04079c2a9ba589e76d362f94d05e91b122753206b75c,False
2026-09-21T19:03:54.087640+00:00,,,32,0,0,5eeee786d299c189803d04079c2a9ba589e76d362f94d05e91b122753206b75c,False
2026-09-21T19:03:55.132026+00:00,,,32,0,0,5eeee786d299c189803d04079c2a9ba589e76d362f94d05e91b122753206b75c,False
2026-09-21T19:03:56.182562+00:00,,,32,0,0,5eeee786d299c189803d04079c2a9ba589e76d362f94d05e91b122753206b75c,False
2026-09-21T19:03:57.241524+00:00,,,32,0,0,5eeee786d299c189803d04079c2a9ba589e76d362f94d05e91b122753206b75c,False
2026-09-21T19:03:58.285655+00:00,,,32,0,0,5eeee786d299c189803d04079c2a9ba589e76d362f94d05e91b122753206b75c,False
2026-09-21T19:03:59.311150+00:00,,,32,0,0,5eeee786d299c189803d04079c2a9ba589e76d362f94d05e91b122753206b75c,False
2026-09-21T19:04:00.363543+00:00,,,32,0,0,5eeee786d299c189803d04079c2a9ba589e76d362f94d05e91b122753206b75c,False
2026-09-21T19:04:01.419542+00:00,,,32,0,0,5eeee786d299c189803d04079c2a9ba589e76d362f94d05e91b122753206b75c,False
2026-09-21T19:04:02.489253+00:00,,,32,0,0,5eeee786d299c189803d04079c2a9ba589e76d362f94d05e91b122753206b75c,False
2026-09-21T19:04:03.540211+00:00,,,32,0,0,5eeee786d299c189803d04079c2a9ba589e76d362f94d05e91b122753206b75c,False
2026-09-21T19:04:04.605438+00:00,,,32,0,0,5eeee786d299c189803d04079c2a9ba589e76d362f94d05e91b122753206b75c,False
2026-09-21T19:04:05.664784+00:00,,,32,0,0,5eeee786d299c189803d04079c2a9ba589e76d362f94d05e91b122753206b75c,False
2026-09-21T19:04:06.761987+00:00,,,32,0,0,5eeee786d299c189803d04079c2a9ba589e76d362f94d05e91b122753206b75c,False
2026-09-21T19:04:07.818732+00:00,,,32,0,0,5eeee786d299c189803d04079c2a9ba589e76d362f94d05e91b122753206b75c,False
2026-09-21T19:04:08.891807+00:00,,,32,0,0,5eeee786d299c189803d04079c2a9ba589e76d362f94d05e91b122753206b75c,False
