index,scheduled_offset_ms,start_offset_ms,timestamp_utc,operation,row_id,latency_ms,success,error
0,0.0,0.107,2026-09-17T20:26:57.290513+00:00,read,80826,14.619,True,
1,20.0,20.195,2026-09-17T20:26:57.310609+00:00,write,85836,4.134,True,
2,40.0,40.206,2026-09-17T20:26:57.330624+00:00,read,40688,2.949,True,
3,60.0,60.214,2026-09-17T20:26:57.350624+00:00,read,72860,3.268,True,
4,80.0,80.218,2026-09-17T20:26:57.370629+00:00,read,602,2.881,True,
5,100.0,100.324,2026-09-17T20:26:57.390735+00:00,read,48889,3.007,True,
6,120.0,120.286,2026-09-17T20:26:57.410696+00:00,write,43030,2.638,True,
7,140.0,140.268,2026-09-17T20:26:57.430679+00:00,read,71315,2.847,True,
8,160.0,160.29,2026-09-17T20:26:57.450706+00:00,write,27372,3.068,True,
9,180.0,180.337,2026-09-17T20:26:57.470753+00:00,read,28029,3.922,True,
10,200.0,200.333,2026-09-17T20:26:57.490745+00:00,read,87439,3.606,True,
11,220.0,220.21,2026-09-17T20:26:57.510623+00:00,read,2740,3.708,True,
12,240.0,240.274,2026-09-17T20:26:57.530687+00:00,write,94791,3.116,True,
13,260.0,260.24,2026-09-17T20:26:57.550651+00:00,read,5491,3.68,True,
14,280.0,280.181,2026-09-17T20:26:57.570591+00:00,write,75650,2.756,True,
15,300.0,300.225,2026-09-17T20:26:57.590650+00:00,read,16175,3.337,True,
16,320.0,320.383,2026-09-17T20:26:57.610795+00:00,read,3238,2.837,True,
17,340.0,340.275,2026-09-17T20:26:57.630684+00:00,read,95639,2.542,True,
18,360.0,360.189,2026-09-17T20:26:57.650601+00:00,read,64797,2.378,True,
19,380.0,380.318,2026-09-17T20:26:57.670732+00:00,read,69139,3.409,True,
20,400.0,400.201,2026-09-17T20:26:57.690611+00:00,read,80032,2.607,True,
21,420.0,420.38,2026-09-17T20:26:57.710791+00:00,read,33320,2.963,True,
22,440.0,440.37,2026-09-17T20:26:57.730782+00:00,read,26448,2.056,True,
23,460.0,460.345,2026-09-17T20:26:57.750753+00:00,read,61200,2.794,True,
24,480.0,480.237,2026-09-17T20:26:57.770651+00:00,read,5507,2.645,True,
25,500.0,500.367,2026-09-17T20:26:57.790785+00:00,read,65801,4.063,True,
26,520.0,520.336,2026-09-17T20:26:57.810873+00:00,read,28190,4.231,True,
27,540.0,540.46,2026-09-17T20:26:57.830885+00:00,read,69716,4.493,True,
28,560.0,560.362,2026-09-17T20:26:57.850777+00:00,read,94795,4.042,True,
29,580.0,580.391,2026-09-17T20:26:57.870810+00:00,read,74233,4.257,True,
30,600.0,600.374,2026-09-17T20:26:57.890790+00:00,read,5014,2.606,True,
31,620.0,620.207,2026-09-17T20:26:57.910620+00:00,read,7990,2.468,True,
32,640.0,640.285,2026-09-17T20:26:57.930707+00:00,read,3957,3.08,True,
33,660.0,660.413,2026-09-17T20:26:57.950832+00:00,read,35679,3.965,True,
34,680.0,680.348,2026-09-17T20:26:57.970764+00:00,read,73269,3.675,True,
35,700.0,700.296,2026-09-17T20:26:57.990711+00:00,read,57852,3.799,True,
36,720.0,720.334,2026-09-17T20:26:58.010747+00:00,write,17197,2.907,True,
37,740.0,740.188,2026-09-17T20:26:58.030598+00:00,read,36604,3.129,True,
38,760.0,760.361,2026-09-17T20:26:58.050771+00:00,read,39471,2.712,True,
39,780.0,780.382,2026-09-17T20:26:58.070794+00:00,read,14383,2.986,True,
40,800.0,800.448,2026-09-17T20:26:58.090856+00:00,read,20894,2.721,True,
41,820.0,820.273,2026-09-17T20:26:58.110684+00:00,read,5908,2.867,True,
42,840.0,840.267,2026-09-17T20:26:58.130680+00:00,write,65577,3.143,True,
43,860.0,860.313,2026-09-17T20:26:58.150730+00:00,read,8896,3.49,True,
44,880.0,880.298,2026-09-17T20:26:58.170715+00:00,write,28104,3.67,True,
45,900.0,900.402,2026-09-17T20:26:58.190819+00:00,read,13311,4.082,True,
46,920.0,920.195,2026-09-17T20:26:58.210622+00:00,read,49221,3.654,True,
47,940.0,940.219,2026-09-17T20:26:58.230634+00:00,write,59175,3.232,True,
48,960.0,960.231,2026-09-17T20:26:58.250648+00:00,read,75179,11.871,True,
49,980.0,980.236,2026-09-17T20:26:58.270650+00:00,read,4996,4.553,True,
50,1000.0,1000.217,2026-09-17T20:26:58.290636+00:00,read,74049,4.007,True,
51,1020.0,1020.25,2026-09-17T20:26:58.310667+00:00,write,64576,3.039,True,
52,1040.0,1040.149,2026-09-17T20:26:58.330557+00:00,read,51400,1.776,True,
53,1060.0,1060.195,2026-09-17T20:26:58.350611+00:00,read,18499,3.185,True,
54,1080.0,1080.338,2026-09-17T20:26:58.370752+00:00,read,36213,3.372,True,
55,1100.0,1100.195,2026-09-17T20:26:58.390609+00:00,read,61411,3.469,True,
56,1120.0,1120.182,2026-09-17T20:26:58.410593+00:00,write,18949,1.922,True,
57,1140.0,1140.311,2026-09-17T20:26:58.430720+00:00,write,50111,2.348,True,
58,1160.0,1160.172,2026-09-17T20:26:58.450581+00:00,read,37690,2.023,True,
59,1180.0,1180.2,2026-09-17T20:26:58.470614+00:00,read,73706,3.443,True,
60,1200.0,1200.2,2026-09-17T20:26:58.490611+00:00,read,42620,1.85,True,
61,1220.0,1220.164,2026-09-17T20:26:58.510568+00:00,read,1866,1.435,True,
62,1240.0,1240.129,2026-09-17T20:26:58.530534+00:00,read,91889,1.431,True,
63,1260.0,1260.188,2026-09-17T20:26:58.550598+00:00,write,32598,2.065,True,
64,1280.0,1280.29,2026-09-17T20:26:58.570699+00:00,read,36486,3.041,True,
65,1300.0,1300.258,2026-09-17T20:26:58.590667+00:00,read,40216,3.269,True,
66,1320.0,1320.176,2026-09-17T20:26:58.610585+00:00,read,13347,3.34,True,
67,1340.0,1340.403,2026-09-17T20:26:58.630812+00:00,read,55875,3.186,True,
68,1360.0,1360.247,2026-09-17T20:26:58.650656+00:00,read,93521,3.414,True,
69,1380.0,1380.323,2026-09-17T20:26:58.670736+00:00,read,75597,3.532,True,
70,1400.0,1400.375,2026-09-17T20:26:58.690786+00:00,write,96140,3.236,True,
71,1420.0,1420.225,2026-09-17T20:26:58.710639+00:00,read,99787,3.686,True,
72,1440.0,1440.178,2026-09-17T20:26:58.730585+00:00,write,23288,2.128,True,
73,1460.0,1460.213,2026-09-17T20:26:58.750623+00:00,write,35003,2.898,True,
74,1480.0,1480.183,2026-09-17T20:26:58.770591+00:00,write,96809,2.294,True,
75,1500.0,1500.353,2026-09-17T20:26:58.790762+00:00,read,41304,2.549,True,
76,1520.0,1520.267,2026-09-17T20:26:58.810673+00:00,read,57401,1.72,True,
77,1540.0,1540.163,2026-09-17T20:26:58.830572+00:00,read,18614,1.937,True,
78,1560.0,1560.109,2026-09-17T20:26:58.850513+00:00,write,63878,1.199,True,
79,1580.0,1580.116,2026-09-17T20:26:58.870520+00:00,read,91022,1.718,True,
80,1600.0,1600.095,2026-09-17T20:26:58.890500+00:00,read,30773,1.266,True,
81,1620.0,1620.285,2026-09-17T20:26:58.910695+00:00,write,66808,2.88,True,
82,1640.0,1640.415,2026-09-17T20:26:58.930825+00:00,read,8969,4.036,True,
83,1660.0,1660.233,2026-09-17T20:26:58.950642+00:00,read,26355,3.648,True,
84,1680.0,1680.312,2026-09-17T20:26:58.970724+00:00,read,54864,3.446,True,
85,1700.0,1700.223,2026-09-17T20:26:58.990632+00:00,read,8914,3.438,True,
86,1720.0,1720.261,2026-09-17T20:26:59.010675+00:00,read,96973,3.286,True,
87,1740.0,1740.364,2026-09-17T20:26:59.030777+00:00,read,40240,3.042,True,
88,1760.0,1760.376,2026-09-17T20:26:59.050785+00:00,read,14097,2.526,True,
89,1780.0,1780.371,2026-09-17T20:26:59.070781+00:00,write,74449,2.437,True,
90,1800.0,1800.271,2026-09-17T20:26:59.090680+00:00,read,29847,2.321,True,
91,1820.0,1820.392,2026-09-17T20:26:59.110803+00:00,read,69910,2.968,True,
92,1840.0,1840.411,2026-09-17T20:26:59.130819+00:00,read,33463,2.374,True,
93,1860.0,1860.3,2026-09-17T20:26:59.150715+00:00,read,2745,3.419,True,
94,1880.0,1880.212,2026-09-17T20:26:59.170625+00:00,read,7796,3.75,True,
95,1900.0,1900.34,2026-09-17T20:26:59.190752+00:00,read,56749,3.685,True,
96,1920.0,1920.258,2026-09-17T20:26:59.210666+00:00,read,63856,3.004,True,
97,1940.0,1940.295,2026-09-17T20:26:59.230704+00:00,read,18075,2.17,True,
98,1960.0,1960.134,2026-09-17T20:26:59.250541+00:00,read,21581,2.613,True,
99,1980.0,1980.163,2026-09-17T20:26:59.270572+00:00,read,99933,1.931,True,
100,2000.0,2000.172,2026-09-17T20:26:59.290583+00:00,write,70605,1.721,True,
101,2020.0,2020.341,2026-09-17T20:26:59.310750+00:00,write,1916,2.117,True,
102,2040.0,2040.174,2026-09-17T20:26:59.330584+00:00,read,12602,2.678,True,
103,2060.0,2060.139,2026-09-17T20:26:59.350551+00:00,write,14082,2.545,True,
104,2080.0,2080.284,2026-09-17T20:26:59.370701+00:00,write,91828,3.439,True,
105,2100.0,2100.385,2026-09-17T20:26:59.390798+00:00,read,4772,3.588,True,
106,2120.0,2120.2,2026-09-17T20:26:59.410613+00:00,read,2548,3.338,True,
107,2140.0,2140.379,2026-09-17T20:26:59.430790+00:00,read,35877,3.091,True,
108,2160.0,2160.185,2026-09-17T20:26:59.450600+00:00,write,13242,2.988,True,
109,2180.0,2180.4,2026-09-17T20:26:59.470817+00:00,read,98967,3.616,True,
110,2200.0,2200.24,2026-09-17T20:26:59.490657+00:00,read,58608,3.909,True,
111,2220.0,2220.291,2026-09-17T20:26:59.510705+00:00,read,72735,3.232,True,
112,2240.0,2240.392,2026-09-17T20:26:59.530806+00:00,read,46194,3.727,True,
113,2260.0,2260.197,2026-09-17T20:26:59.550609+00:00,read,68882,2.74,True,
114,2280.0,2280.287,2026-09-17T20:26:59.570702+00:00,write,38641,3.3,True,
115,2300.0,2300.316,2026-09-17T20:26:59.590730+00:00,read,92594,3.68,True,
116,2320.0,2320.285,2026-09-17T20:26:59.610698+00:00,read,90028,2.569,True,
117,2340.0,2340.196,2026-09-17T20:26:59.630605+00:00,read,7355,2.296,True,
118,2360.0,2360.186,2026-09-17T20:26:59.650595+00:00,read,1463,1.672,True,
119,2380.0,2380.221,2026-09-17T20:26:59.670625+00:00,read,92498,1.448,True,
120,2400.0,2400.2,2026-09-17T20:26:59.690607+00:00,read,51584,1.45,True,
121,2420.0,2420.162,2026-09-17T20:26:59.710566+00:00,read,75975,1.342,True,
122,2440.0,2440.193,2026-09-17T20:26:59.730596+00:00,read,7045,1.32,True,
123,2460.0,2460.2,2026-09-17T20:26:59.750608+00:00,read,46035,3.046,True,
124,2480.0,2480.255,2026-09-17T20:26:59.770663+00:00,read,73231,2.825,True,
125,2500.0,2500.492,2026-09-17T20:26:59.790902+00:00,read,31067,3.551,True,
126,2520.0,2520.246,2026-09-17T20:26:59.810656+00:00,write,77092,2.995,True,
127,2540.0,2540.202,2026-09-17T20:26:59.830615+00:00,read,29804,3.629,True,
128,2560.0,2560.215,2026-09-17T20:26:59.850630+00:00,read,83833,3.498,True,
129,2580.0,2580.391,2026-09-17T20:26:59.870806+00:00,write,15595,3.313,True,
130,2600.0,2600.225,2026-09-17T20:26:59.890643+00:00,read,30655,3.596,True,
131,2620.0,2620.44,2026-09-17T20:26:59.910853+00:00,read,13221,3.536,True,
132,2640.0,2640.297,2026-09-17T20:26:59.930715+00:00,read,50857,3.473,True,
133,2660.0,2660.222,2026-09-17T20:26:59.950635+00:00,write,54816,1.947,True,
134,2680.0,2680.392,2026-09-17T20:26:59.970815+00:00,read,8513,7.204,True,
135,2700.0,2700.196,2026-09-17T20:26:59.990609+00:00,read,68564,3.106,True,
136,2720.0,2720.191,2026-09-17T20:27:00.010603+00:00,write,33392,1.641,True,
137,2740.0,2740.237,2026-09-17T20:27:00.030654+00:00,read,94070,3.708,True,
138,2760.0,2760.371,2026-09-17T20:27:00.050787+00:00,read,51855,3.25,True,
139,2780.0,2780.147,2026-09-17T20:27:00.070559+00:00,read,38030,1.883,True,
140,2800.0,2800.143,2026-09-17T20:27:00.090554+00:00,read,68274,1.774,True,
141,2820.0,2820.265,2026-09-17T20:27:00.110672+00:00,read,28512,1.703,True,
142,2840.0,2840.187,2026-09-17T20:27:00.130595+00:00,read,71014,1.7,True,
143,2860.0,2860.252,2026-09-17T20:27:00.150671+00:00,read,53844,10.117,True,
144,2880.0,2880.331,2026-09-17T20:27:00.170747+00:00,write,99477,3.672,True,
145,2900.0,2900.39,2026-09-17T20:27:00.190811+00:00,read,65480,4.9,True,
146,2920.0,2920.309,2026-09-17T20:27:00.210724+00:00,read,4724,4.115,True,
147,2940.0,2940.245,2026-09-17T20:27:00.230662+00:00,read,12405,3.814,True,
148,2960.0,2960.184,2026-09-17T20:27:00.250599+00:00,read,47867,2.746,True,
149,2980.0,2980.239,2026-09-17T20:27:00.270651+00:00,read,51137,2.583,True,
150,3000.0,3000.246,2026-09-17T20:27:00.290662+00:00,read,3356,4.225,True,
151,3020.0,3020.176,2026-09-17T20:27:00.310593+00:00,read,41471,3.666,True,
152,3040.0,3040.233,2026-09-17T20:27:00.330653+00:00,read,25930,4.145,True,
153,3060.0,3060.209,2026-09-17T20:27:00.350625+00:00,read,91526,3.73,True,
154,3080.0,3080.204,2026-09-17T20:27:00.370616+00:00,read,48378,3.117,True,
155,3100.0,3100.196,2026-09-17T20:27:00.390619+00:00,read,53047,3.844,True,
156,3120.0,3120.228,2026-09-17T20:27:00.410646+00:00,write,97017,3.244,True,
157,3140.0,3140.179,2026-09-17T20:27:00.430599+00:00,write,79077,3.44,True,
158,3160.0,3160.193,2026-09-17T20:27:00.450606+00:00,read,4732,2.714,True,
159,3180.0,3180.204,2026-09-17T20:27:00.470619+00:00,write,30681,2.755,True,
160,3200.0,3200.212,2026-09-17T20:27:00.490627+00:00,write,17898,2.449,True,
161,3220.0,3220.297,2026-09-17T20:27:00.510711+00:00,read,10829,2.844,True,
162,3240.0,3240.242,2026-09-17T20:27:00.530654+00:00,read,2460,3.675,True,
163,3260.0,3260.259,2026-09-17T20:27:00.550715+00:00,read,24928,2.89,True,
164,3280.0,3280.358,2026-09-17T20:27:00.570767+00:00,read,35287,3.557,True,
165,3300.0,3300.21,2026-09-17T20:27:00.590620+00:00,read,67868,3.318,True,
166,3320.0,3320.304,2026-09-17T20:27:00.610714+00:00,read,10138,3.295,True,
167,3340.0,3340.333,2026-09-17T20:27:00.630744+00:00,read,23113,2.62,True,
168,3360.0,3360.203,2026-09-17T20:27:00.650617+00:00,read,68424,3.713,True,
169,3380.0,3380.217,2026-09-17T20:27:00.670626+00:00,read,71286,2.76,True,
170,3400.0,3400.174,2026-09-17T20:27:00.690582+00:00,read,64533,2.941,True,
171,3420.0,3420.153,2026-09-17T20:27:00.710562+00:00,read,69320,2.827,True,
172,3440.0,3440.168,2026-09-17T20:27:00.730585+00:00,write,14795,1.571,True,
173,3460.0,3460.316,2026-09-17T20:27:00.750721+00:00,read,59873,1.806,True,
174,3480.0,3480.238,2026-09-17T20:27:00.770642+00:00,read,30633,1.647,True,
175,3500.0,3500.252,2026-09-17T20:27:00.790657+00:00,read,28542,1.49,True,
176,3520.0,3520.133,2026-09-17T20:27:00.810538+00:00,read,68342,1.385,True,
177,3540.0,3540.19,2026-09-17T20:27:00.830594+00:00,read,61848,1.624,True,
178,3560.0,3560.298,2026-09-17T20:27:00.850709+00:00,read,2989,3.512,True,
179,3580.0,3580.282,2026-09-17T20:27:00.870691+00:00,read,96207,3.505,True,
180,3600.0,3600.395,2026-09-17T20:27:00.890805+00:00,write,32165,2.896,True,
181,3620.0,3620.369,2026-09-17T20:27:00.910780+00:00,write,8701,3.078,True,
182,3640.0,3640.384,2026-09-17T20:27:00.930920+00:00,read,80050,4.057,True,
183,3660.0,3660.402,2026-09-17T20:27:00.950811+00:00,read,74743,3.157,True,
184,3680.0,3680.184,2026-09-17T20:27:00.970593+00:00,read,38723,4.051,True,
185,3700.0,3700.29,2026-09-17T20:27:00.990700+00:00,read,3981,3.432,True,
186,3720.0,3720.488,2026-09-17T20:27:01.010898+00:00,read,76125,3.206,True,
187,3740.0,3740.273,2026-09-17T20:27:01.030687+00:00,read,10061,3.526,True,
188,3760.0,3760.229,2026-09-17T20:27:01.050643+00:00,write,16769,3.104,True,
189,3780.0,3780.25,2026-09-17T20:27:01.070663+00:00,read,76217,3.427,True,
190,3800.0,3800.463,2026-09-17T20:27:01.090875+00:00,read,88285,3.946,True,
191,3820.0,3820.463,2026-09-17T20:27:01.110872+00:00,read,49181,2.698,True,
192,3840.0,3840.277,2026-09-17T20:27:01.130689+00:00,read,35118,3.54,True,
193,3860.0,3860.323,2026-09-17T20:27:01.150732+00:00,read,80460,2.897,True,
194,3880.0,3880.431,2026-09-17T20:27:01.170843+00:00,read,38873,3.483,True,
195,3900.0,3900.241,2026-09-17T20:27:01.190651+00:00,write,97532,2.849,True,
196,3920.0,3920.415,2026-09-17T20:27:01.210826+00:00,read,29221,3.412,True,
197,3940.0,3940.464,2026-09-17T20:27:01.230877+00:00,read,32659,3.382,True,
198,3960.0,3960.418,2026-09-17T20:27:01.250833+00:00,read,23223,3.819,True,
199,3980.0,3980.231,2026-09-17T20:27:01.270644+00:00,read,13772,3.171,True,
200,4000.0,4000.277,2026-09-17T20:27:01.290689+00:00,read,25832,3.046,True,
201,4020.0,4020.218,2026-09-17T20:27:01.310632+00:00,read,94472,3.875,True,
202,4040.0,4040.168,2026-09-17T20:27:01.330577+00:00,read,49621,2.65,True,
203,4060.0,4060.379,2026-09-17T20:27:01.350841+00:00,read,8460,3.197,True,
204,4080.0,4080.267,2026-09-17T20:27:01.370677+00:00,read,46333,2.964,True,
205,4100.0,4100.222,2026-09-17T20:27:01.390640+00:00,read,66621,3.921,True,
206,4120.0,4120.302,2026-09-17T20:27:01.410724+00:00,read,19787,4.731,True,
207,4140.0,4140.207,2026-09-17T20:27:01.430625+00:00,read,16075,4.034,True,
208,4160.0,4160.157,2026-09-17T20:27:01.450567+00:00,read,78675,2.178,True,
209,4180.0,4180.229,2026-09-17T20:27:01.470651+00:00,read,70092,3.921,True,
210,4200.0,4200.316,2026-09-17T20:27:01.490729+00:00,read,15003,3.005,True,
211,4220.0,4220.304,2026-09-17T20:27:01.510720+00:00,read,27381,3.289,True,
212,4240.0,4240.394,2026-09-17T20:27:01.530812+00:00,read,30409,3.899,True,
213,4260.0,4260.309,2026-09-17T20:27:01.550725+00:00,write,43030,3.099,True,
214,4280.0,4280.302,2026-09-17T20:27:01.570720+00:00,write,40900,3.121,True,
215,4300.0,4300.275,2026-09-17T20:27:01.590691+00:00,read,84992,4.078,True,
216,4320.0,4320.397,2026-09-17T20:27:01.610814+00:00,read,51383,3.879,True,
217,4340.0,4340.221,2026-09-17T20:27:01.630639+00:00,write,36829,2.931,True,
218,4360.0,4360.296,2026-09-17T20:27:01.650709+00:00,write,74060,3.578,True,
219,4380.0,4380.416,2026-09-17T20:27:01.670828+00:00,read,10294,3.566,True,
220,4400.0,4400.407,2026-09-17T20:27:01.690819+00:00,read,34819,3.535,True,
221,4420.0,4420.385,2026-09-17T20:27:01.710798+00:00,read,51011,3.43,True,
222,4440.0,4440.467,2026-09-17T20:27:01.730883+00:00,read,23352,3.6,True,
223,4460.0,4460.389,2026-09-17T20:27:01.750805+00:00,read,85986,3.728,True,
224,4480.0,4480.304,2026-09-17T20:27:01.770720+00:00,read,81444,3.778,True,
225,4500.0,4500.291,2026-09-17T20:27:01.790707+00:00,read,64804,3.621,True,
226,4520.0,4520.295,2026-09-17T20:27:01.810712+00:00,write,94088,3.298,True,
227,4540.0,4540.203,2026-09-17T20:27:01.830619+00:00,read,12383,3.806,True,
228,4560.0,4560.296,2026-09-17T20:27:01.850712+00:00,read,86377,3.806,True,
229,4580.0,4580.251,2026-09-17T20:27:01.870667+00:00,read,82896,3.688,True,
230,4600.0,4600.29,2026-09-17T20:27:01.890705+00:00,write,42536,2.892,True,
231,4620.0,4620.385,2026-09-17T20:27:01.910844+00:00,write,90332,2.283,True,
232,4640.0,4640.188,2026-09-17T20:27:01.930603+00:00,read,20137,3.474,True,
233,4660.0,4660.395,2026-09-17T20:27:01.950812+00:00,read,92050,2.845,True,
234,4680.0,4680.409,2026-09-17T20:27:01.970824+00:00,write,3543,3.367,True,
235,4700.0,4700.246,2026-09-17T20:27:01.990657+00:00,write,34205,2.383,True,
236,4720.0,4720.213,2026-09-17T20:27:02.010628+00:00,read,89450,4.174,True,
237,4740.0,4740.293,2026-09-17T20:27:02.030707+00:00,read,24924,3.63,True,
238,4760.0,4760.251,2026-09-17T20:27:02.050666+00:00,write,6339,3.451,True,
239,4780.0,4780.318,2026-09-17T20:27:02.070736+00:00,write,77347,3.385,True,
240,4800.0,4800.427,2026-09-17T20:27:02.090842+00:00,read,6171,3.623,True,
241,4820.0,4820.29,2026-09-17T20:27:02.110707+00:00,read,12811,3.3,True,
242,4840.0,4840.305,2026-09-17T20:27:02.130781+00:00,read,52272,3.824,True,
243,4860.0,4860.248,2026-09-17T20:27:02.150660+00:00,read,23252,3.794,True,
244,4880.0,4880.297,2026-09-17T20:27:02.170710+00:00,write,58849,2.293,True,
245,4900.0,4900.228,2026-09-17T20:27:02.190644+00:00,read,13944,3.932,True,
246,4920.0,4920.292,2026-09-17T20:27:02.210705+00:00,read,53184,3.063,True,
247,4940.0,4940.326,2026-09-17T20:27:02.230740+00:00,read,76966,3.187,True,
248,4960.0,4960.323,2026-09-17T20:27:02.250738+00:00,write,68907,3.122,True,
249,4980.0,4980.348,2026-09-17T20:27:02.270766+00:00,read,84457,3.908,True,
250,5000.0,5000.238,2026-09-17T20:27:02.290656+00:00,write,99481,3.478,True,
251,5020.0,5020.255,2026-09-17T20:27:02.310671+00:00,write,116,2.971,True,
252,5040.0,5040.393,2026-09-17T20:27:02.330804+00:00,read,29264,3.278,True,
253,5060.0,5060.354,2026-09-17T20:27:02.350764+00:00,write,83233,2.2,True,
254,5080.0,5080.317,2026-09-17T20:27:02.370731+00:00,write,34885,3.189,True,
255,5100.0,5100.384,2026-09-17T20:27:02.390796+00:00,write,84001,2.443,True,
256,5120.0,5120.32,2026-09-17T20:27:02.410731+00:00,read,77947,3.265,True,
257,5140.0,5140.202,2026-09-17T20:27:02.430614+00:00,read,90958,3.602,True,
258,5160.0,5160.395,2026-09-17T20:27:02.450805+00:00,read,9783,2.73,True,
259,5180.0,5180.174,2026-09-17T20:27:02.470582+00:00,read,57973,2.973,True,
260,5200.0,5200.273,2026-09-17T20:27:02.490683+00:00,read,40179,3.085,True,
261,5220.0,5220.245,2026-09-17T20:27:02.510655+00:00,write,77984,2.428,True,
262,5240.0,5240.298,2026-09-17T20:27:02.530710+00:00,write,66903,2.424,True,
263,5260.0,5260.275,2026-09-17T20:27:02.550687+00:00,read,39014,3.079,True,
264,5280.0,5280.082,2026-09-17T20:27:02.570490+00:00,write,90112,2.642,True,
265,5300.0,5300.468,2026-09-17T20:27:02.590881+00:00,read,79227,3.391,True,
266,5320.0,5320.357,2026-09-17T20:27:02.610766+00:00,read,56889,2.769,True,
267,5340.0,5340.4,2026-09-17T20:27:02.630816+00:00,read,53974,3.483,True,
268,5360.0,5360.36,2026-09-17T20:27:02.650779+00:00,read,6569,3.67,True,
269,5380.0,5380.4,2026-09-17T20:27:02.670810+00:00,read,46287,3.507,True,
270,5400.0,5400.212,2026-09-17T20:27:02.690624+00:00,read,38641,3.425,True,
271,5420.0,5420.484,2026-09-17T20:27:02.710899+00:00,read,51002,3.362,True,
272,5440.0,5440.319,2026-09-17T20:27:02.730734+00:00,read,73608,3.592,True,
273,5460.0,5460.317,2026-09-17T20:27:02.750732+00:00,read,26799,3.819,True,
274,5480.0,5480.322,2026-09-17T20:27:02.770737+00:00,read,7160,3.906,True,
275,5500.0,5500.415,2026-09-17T20:27:02.790831+00:00,read,17063,3.702,True,
276,5520.0,5520.445,2026-09-17T20:27:02.810859+00:00,read,59038,3.401,True,
277,5540.0,5540.263,2026-09-17T20:27:02.830679+00:00,read,49652,3.674,True,
278,5560.0,5560.32,2026-09-17T20:27:02.850735+00:00,read,71094,3.518,True,
279,5580.0,5580.366,2026-09-17T20:27:02.870785+00:00,read,5845,4.013,True,
280,5600.0,5600.324,2026-09-17T20:27:02.890742+00:00,read,49356,3.64,True,
281,5620.0,5620.449,2026-09-17T20:27:02.910859+00:00,read,72931,3.676,True,
282,5640.0,5640.142,2026-09-17T20:27:02.930552+00:00,read,47999,2.765,True,
283,5660.0,5660.462,2026-09-17T20:27:02.950876+00:00,read,97888,3.616,True,
284,5680.0,5680.401,2026-09-17T20:27:02.970816+00:00,read,99896,3.734,True,
285,5700.0,5700.222,2026-09-17T20:27:02.990639+00:00,read,19181,3.763,True,
286,5720.0,5720.548,2026-09-17T20:27:03.010964+00:00,read,75412,3.847,True,
287,5740.0,5740.484,2026-09-17T20:27:03.030900+00:00,write,52387,3.349,True,
288,5760.0,5760.388,2026-09-17T20:27:03.050807+00:00,read,11502,2.197,True,
289,5780.0,5780.375,2026-09-17T20:27:03.070787+00:00,write,33996,2.846,True,
290,5800.0,5800.305,2026-09-17T20:27:03.090719+00:00,read,475,3.398,True,
291,5820.0,5820.248,2026-09-17T20:27:03.110657+00:00,write,63825,2.633,True,
292,5840.0,5840.3,2026-09-17T20:27:03.130710+00:00,read,91161,2.556,True,
293,5860.0,5860.384,2026-09-17T20:27:03.150793+00:00,read,56753,2.681,True,
294,5880.0,5880.275,2026-09-17T20:27:03.170686+00:00,write,42246,2.26,True,
295,5900.0,5900.283,2026-09-17T20:27:03.190694+00:00,write,29648,2.588,True,
296,5920.0,5920.435,2026-09-17T20:27:03.210843+00:00,read,31114,2.48,True,
297,5940.0,5940.343,2026-09-17T20:27:03.230750+00:00,read,36407,2.486,True,
298,5960.0,5960.282,2026-09-17T20:27:03.250691+00:00,read,68243,3.771,True,
299,5980.0,5980.378,2026-09-17T20:27:03.270790+00:00,read,47759,2.859,True,
300,6000.0,6000.264,2026-09-17T20:27:03.290679+00:00,read,13355,3.363,True,
301,6020.0,6020.341,2026-09-17T20:27:03.310752+00:00,read,61843,3.289,True,
302,6040.0,6040.194,2026-09-17T20:27:03.330604+00:00,read,21949,2.922,True,
303,6060.0,6060.379,2026-09-17T20:27:03.350787+00:00,read,59368,2.596,True,
304,6080.0,6080.307,2026-09-17T20:27:03.370718+00:00,read,15981,2.71,True,
305,6100.0,6100.263,2026-09-17T20:27:03.390676+00:00,read,37743,3.286,True,
306,6120.0,6120.384,2026-09-17T20:27:03.410796+00:00,read,59317,2.776,True,
307,6140.0,6140.292,2026-09-17T20:27:03.430716+00:00,read,46119,4.349,True,
308,6160.0,6160.304,2026-09-17T20:27:03.450719+00:00,read,88679,3.811,True,
309,6180.0,6180.338,2026-09-17T20:27:03.470754+00:00,write,35376,3.422,True,
310,6200.0,6200.426,2026-09-17T20:27:03.490843+00:00,read,145,3.377,True,
311,6220.0,6220.447,2026-09-17T20:27:03.510862+00:00,read,39325,3.591,True,
312,6240.0,6240.271,2026-09-17T20:27:03.530686+00:00,read,68509,3.446,True,
313,6260.0,6260.279,2026-09-17T20:27:03.550690+00:00,read,19556,2.893,True,
314,6280.0,6280.26,2026-09-17T20:27:03.570669+00:00,read,13518,2.456,True,
315,6300.0,6300.375,2026-09-17T20:27:03.590790+00:00,write,99836,2.699,True,
316,6320.0,6320.262,2026-09-17T20:27:03.610673+00:00,read,90173,2.977,True,
317,6340.0,6340.292,2026-09-17T20:27:03.630704+00:00,write,56174,2.455,True,
318,6360.0,6360.324,2026-09-17T20:27:03.650732+00:00,read,29550,2.324,True,
319,6380.0,6380.185,2026-09-17T20:27:03.670597+00:00,read,16385,2.491,True,
320,6400.0,6400.188,2026-09-17T20:27:03.690601+00:00,read,93005,2.98,True,
321,6420.0,6420.336,2026-09-17T20:27:03.710746+00:00,read,52133,2.826,True,
322,6440.0,6440.459,2026-09-17T20:27:03.730868+00:00,write,71787,2.301,True,
323,6460.0,6460.374,2026-09-17T20:27:03.750782+00:00,write,14793,2.335,True,
324,6480.0,6480.406,2026-09-17T20:27:03.770814+00:00,read,80093,2.318,True,
325,6500.0,6500.376,2026-09-17T20:27:03.790785+00:00,write,5856,2.059,True,
326,6520.0,6520.407,2026-09-17T20:27:03.810817+00:00,write,46439,2.19,True,
327,6540.0,6540.265,2026-09-17T20:27:03.830672+00:00,read,34755,3.037,True,
328,6560.0,6560.14,2026-09-17T20:27:03.850547+00:00,write,87028,2.206,True,
329,6580.0,6580.397,2026-09-17T20:27:03.870803+00:00,read,91634,2.431,True,
330,6600.0,6600.249,2026-09-17T20:27:03.890657+00:00,write,47390,2.229,True,
331,6620.0,6620.195,2026-09-17T20:27:03.910607+00:00,write,40864,1.985,True,
332,6640.0,6640.409,2026-09-17T20:27:03.930820+00:00,read,44903,3.025,True,
333,6660.0,6660.286,2026-09-17T20:27:03.950699+00:00,read,80621,3.323,True,
334,6680.0,6680.294,2026-09-17T20:27:03.970709+00:00,read,50912,3.595,True,
335,6700.0,6700.325,2026-09-17T20:27:03.990741+00:00,write,32543,3.196,True,
336,6720.0,6720.225,2026-09-17T20:27:04.010645+00:00,write,28835,3.327,True,
337,6740.0,6740.275,2026-09-17T20:27:04.030692+00:00,read,88556,2.693,True,
338,6760.0,6760.341,2026-09-17T20:27:04.050758+00:00,read,83505,3.537,True,
339,6780.0,6780.295,2026-09-17T20:27:04.070711+00:00,read,36768,3.379,True,
340,6800.0,6800.405,2026-09-17T20:27:04.090822+00:00,read,30086,3.741,True,
341,6820.0,6820.217,2026-09-17T20:27:04.110630+00:00,read,43112,3.232,True,
342,6840.0,6840.324,2026-09-17T20:27:04.130742+00:00,write,98545,3.07,True,
343,6860.0,6860.332,2026-09-17T20:27:04.150744+00:00,write,7564,3.194,True,
344,6880.0,6880.324,2026-09-17T20:27:04.170738+00:00,read,55093,3.836,True,
345,6900.0,6900.392,2026-09-17T20:27:04.190803+00:00,read,75937,3.407,True,
346,6920.0,6920.296,2026-09-17T20:27:04.210705+00:00,write,60661,2.319,True,
347,6940.0,6940.357,2026-09-17T20:27:04.230766+00:00,read,430,4.029,True,
348,6960.0,6960.399,2026-09-17T20:27:04.250809+00:00,write,4629,3.015,True,
349,6980.0,6980.302,2026-09-17T20:27:04.270710+00:00,write,19253,2.544,True,
350,7000.0,7000.246,2026-09-17T20:27:04.290657+00:00,write,94178,2.866,True,
351,7020.0,7020.393,2026-09-17T20:27:04.310806+00:00,read,14202,3.741,True,
352,7040.0,7040.341,2026-09-17T20:27:04.330756+00:00,read,14746,3.841,True,
353,7060.0,7060.372,2026-09-17T20:27:04.350784+00:00,read,27649,3.658,True,
354,7080.0,7080.237,2026-09-17T20:27:04.370647+00:00,read,73099,3.297,True,
355,7100.0,7100.217,2026-09-17T20:27:04.390633+00:00,read,66530,3.587,True,
356,7120.0,7120.329,2026-09-17T20:27:04.410736+00:00,read,55879,2.578,True,
357,7140.0,7140.399,2026-09-17T20:27:04.430813+00:00,read,80158,3.548,True,
358,7160.0,7160.167,2026-09-17T20:27:04.450580+00:00,read,24441,3.37,True,
359,7180.0,7180.211,2026-09-17T20:27:04.470623+00:00,write,70912,2.442,True,
360,7200.0,7200.319,2026-09-17T20:27:04.490730+00:00,read,94688,3.402,True,
361,7220.0,7220.403,2026-09-17T20:27:04.510815+00:00,read,25304,3.638,True,
362,7240.0,7240.179,2026-09-17T20:27:04.530591+00:00,read,22374,3.232,True,
363,7260.0,7260.347,2026-09-17T20:27:04.550760+00:00,read,51945,3.201,True,
364,7280.0,7280.263,2026-09-17T20:27:04.570676+00:00,write,91238,2.705,True,
365,7300.0,7300.191,2026-09-17T20:27:04.590604+00:00,write,62851,2.756,True,
366,7320.0,7320.183,2026-09-17T20:27:04.610594+00:00,read,64149,1.827,True,
367,7340.0,7340.23,2026-09-17T20:27:04.630640+00:00,read,82619,2.631,True,
368,7360.0,7360.225,2026-09-17T20:27:04.650635+00:00,read,82520,3.163,True,
369,7380.0,7380.22,2026-09-17T20:27:04.670630+00:00,read,19176,2.686,True,
370,7400.0,7400.414,2026-09-17T20:27:04.690824+00:00,write,51310,2.746,True,
371,7420.0,7420.225,2026-09-17T20:27:04.710634+00:00,read,45294,3.537,True,
372,7440.0,7440.401,2026-09-17T20:27:04.730815+00:00,read,68170,3.468,True,
373,7460.0,7460.347,2026-09-17T20:27:04.750757+00:00,read,47738,3.46,True,
374,7480.0,7480.54,2026-09-17T20:27:04.770975+00:00,read,35551,3.095,True,
375,7500.0,7500.322,2026-09-17T20:27:04.790737+00:00,read,73813,3.47,True,
376,7520.0,7520.407,2026-09-17T20:27:04.810816+00:00,read,70978,3.042,True,
377,7540.0,7540.275,2026-09-17T20:27:04.830691+00:00,read,52778,3.583,True,
378,7560.0,7560.698,2026-09-17T20:27:04.851119+00:00,read,74873,3.82,True,
379,7580.0,7580.44,2026-09-17T20:27:04.870855+00:00,read,79988,3.691,True,
380,7600.0,7600.49,2026-09-17T20:27:04.890905+00:00,read,90586,3.866,True,
381,7620.0,7620.389,2026-09-17T20:27:04.910806+00:00,read,7388,4.265,True,
382,7640.0,7640.522,2026-09-17T20:27:04.930938+00:00,read,29043,3.512,True,
383,7660.0,7660.394,2026-09-17T20:27:04.950812+00:00,read,51652,3.797,True,
384,7680.0,7680.234,2026-09-17T20:27:04.970650+00:00,read,89292,3.457,True,
385,7700.0,7700.387,2026-09-17T20:27:04.990803+00:00,read,55736,3.678,True,
386,7720.0,7720.323,2026-09-17T20:27:05.010736+00:00,read,97950,3.734,True,
387,7740.0,7740.223,2026-09-17T20:27:05.030633+00:00,read,59882,3.396,True,
388,7760.0,7760.423,2026-09-17T20:27:05.050839+00:00,read,10508,3.72,True,
389,7780.0,7780.408,2026-09-17T20:27:05.070817+00:00,read,98004,3.171,True,
390,7800.0,7800.256,2026-09-17T20:27:05.090671+00:00,read,52332,3.931,True,
391,7820.0,7820.417,2026-09-17T20:27:05.110830+00:00,read,49097,2.965,True,
392,7840.0,7840.422,2026-09-17T20:27:05.130837+00:00,read,34502,3.748,True,
393,7860.0,7860.286,2026-09-17T20:27:05.150700+00:00,read,3713,3.549,True,
394,7880.0,7880.332,2026-09-17T20:27:05.170751+00:00,write,10083,3.45,True,
395,7900.0,7900.251,2026-09-17T20:27:05.190666+00:00,read,67442,3.751,True,
396,7920.0,7920.284,2026-09-17T20:27:05.210699+00:00,read,47906,3.247,True,
397,7940.0,7940.372,2026-09-17T20:27:05.230789+00:00,read,26108,4.605,True,
398,7960.0,7960.41,2026-09-17T20:27:05.250821+00:00,read,37934,3.301,True,
399,7980.0,7980.197,2026-09-17T20:27:05.270611+00:00,read,10054,3.221,True,
400,8000.0,8000.184,2026-09-17T20:27:05.290594+00:00,write,94350,2.796,True,
401,8020.0,8020.449,2026-09-17T20:27:05.310865+00:00,read,54081,3.783,True,
402,8040.0,8040.228,2026-09-17T20:27:05.330644+00:00,read,69016,3.594,True,
403,8060.0,8060.333,2026-09-17T20:27:05.350750+00:00,read,20253,3.563,True,
404,8080.0,8080.457,2026-09-17T20:27:05.370872+00:00,read,44406,3.522,True,
405,8100.0,8100.286,2026-09-17T20:27:05.390698+00:00,read,21129,3.285,True,
406,8120.0,8120.304,2026-09-17T20:27:05.410718+00:00,read,11313,3.387,True,
407,8140.0,8140.406,2026-09-17T20:27:05.430824+00:00,read,18421,3.759,True,
408,8160.0,8160.275,2026-09-17T20:27:05.450692+00:00,write,93460,2.931,True,
409,8180.0,8180.247,2026-09-17T20:27:05.470663+00:00,read,80274,3.391,True,
410,8200.0,8200.373,2026-09-17T20:27:05.490784+00:00,read,72690,3.408,True,
411,8220.0,8220.469,2026-09-17T20:27:05.510887+00:00,write,42641,3.254,True,
412,8240.0,8240.371,2026-09-17T20:27:05.530790+00:00,write,80874,3.021,True,
413,8260.0,8260.414,2026-09-17T20:27:05.550830+00:00,write,51520,3.374,True,
414,8280.0,8280.192,2026-09-17T20:27:05.570608+00:00,write,24456,3.31,True,
415,8300.0,8300.398,2026-09-17T20:27:05.590813+00:00,write,59829,3.171,True,
416,8320.0,8320.184,2026-09-17T20:27:05.610598+00:00,read,61587,3.675,True,
417,8340.0,8340.302,2026-09-17T20:27:05.630717+00:00,read,70952,3.941,True,
418,8360.0,8360.365,2026-09-17T20:27:05.650776+00:00,read,80765,3.566,True,
419,8380.0,8380.191,2026-09-17T20:27:05.670600+00:00,read,60301,2.992,True,
420,8400.0,8400.333,2026-09-17T20:27:05.690747+00:00,read,68249,3.534,True,
421,8420.0,8420.309,2026-09-17T20:27:05.710725+00:00,read,64434,3.559,True,
422,8440.0,8440.404,2026-09-17T20:27:05.730813+00:00,read,30935,3.504,True,
423,8460.0,8460.337,2026-09-17T20:27:05.750751+00:00,write,86865,3.246,True,
424,8480.0,8480.331,2026-09-17T20:27:05.770746+00:00,read,48869,3.45,True,
425,8500.0,8500.295,2026-09-17T20:27:05.790706+00:00,read,55321,3.629,True,
426,8520.0,8520.216,2026-09-17T20:27:05.810628+00:00,write,85595,3.255,True,
427,8540.0,8540.295,2026-09-17T20:27:05.830706+00:00,read,79219,3.233,True,
428,8560.0,8560.584,2026-09-17T20:27:05.850998+00:00,read,32405,3.776,True,
429,8580.0,8580.326,2026-09-17T20:27:05.870741+00:00,write,98949,3.236,True,
430,8600.0,8600.356,2026-09-17T20:27:05.890773+00:00,read,50034,3.915,True,
431,8620.0,8620.373,2026-09-17T20:27:05.910789+00:00,read,79475,3.452,True,
432,8640.0,8640.341,2026-09-17T20:27:05.930757+00:00,read,13684,3.607,True,
433,8660.0,8660.522,2026-09-17T20:27:05.950938+00:00,write,87591,3.325,True,
434,8680.0,8680.249,2026-09-17T20:27:05.970664+00:00,write,29919,3.124,True,
435,8700.0,8700.248,2026-09-17T20:27:05.990661+00:00,write,34847,3.477,True,
436,8720.0,8720.341,2026-09-17T20:27:06.010759+00:00,read,17331,3.8,True,
437,8740.0,8740.362,2026-09-17T20:27:06.030780+00:00,write,25570,3.292,True,
438,8760.0,8760.416,2026-09-17T20:27:06.050825+00:00,read,85273,3.511,True,
439,8780.0,8780.423,2026-09-17T20:27:06.070840+00:00,read,68485,4.241,True,
440,8800.0,8800.21,2026-09-17T20:27:06.090621+00:00,write,22332,2.551,True,
441,8820.0,8820.229,2026-09-17T20:27:06.110639+00:00,read,95422,2.943,True,
442,8840.0,8840.359,2026-09-17T20:27:06.130770+00:00,read,62947,2.961,True,
443,8860.0,8860.265,2026-09-17T20:27:06.150675+00:00,read,51739,2.61,True,
444,8880.0,8880.24,2026-09-17T20:27:06.170653+00:00,read,87134,3.245,True,
445,8900.0,8900.197,2026-09-17T20:27:06.190609+00:00,read,97921,3.196,True,
446,8920.0,8920.288,2026-09-17T20:27:06.210699+00:00,read,18034,3.263,True,
447,8940.0,8940.204,2026-09-17T20:27:06.230617+00:00,read,78561,3.123,True,
448,8960.0,8960.306,2026-09-17T20:27:06.250722+00:00,read,72756,3.769,True,
449,8980.0,8980.226,2026-09-17T20:27:06.270643+00:00,read,54725,3.726,True,
450,9000.0,9000.319,2026-09-17T20:27:06.290734+00:00,read,83268,3.642,True,
451,9020.0,9020.302,2026-09-17T20:27:06.310716+00:00,write,80164,3.254,True,
452,9040.0,9040.267,2026-09-17T20:27:06.330682+00:00,read,53428,3.767,True,
453,9060.0,9060.431,2026-09-17T20:27:06.350853+00:00,read,90494,3.851,True,
454,9080.0,9080.376,2026-09-17T20:27:06.370791+00:00,read,52446,3.57,True,
455,9100.0,9100.295,2026-09-17T20:27:06.390713+00:00,read,40739,3.092,True,
456,9120.0,9120.368,2026-09-17T20:27:06.410778+00:00,write,12544,2.444,True,
457,9140.0,9140.366,2026-09-17T20:27:06.430777+00:00,read,85987,2.925,True,
458,9160.0,9160.354,2026-09-17T20:27:06.450763+00:00,read,38499,2.483,True,
459,9180.0,9180.258,2026-09-17T20:27:06.470666+00:00,read,60382,2.705,True,
460,9200.0,9200.23,2026-09-17T20:27:06.490637+00:00,read,85822,2.038,True,
461,9220.0,9220.312,2026-09-17T20:27:06.510720+00:00,read,66411,2.393,True,
462,9240.0,9240.381,2026-09-17T20:27:06.530789+00:00,read,90576,2.572,True,
463,9260.0,9260.336,2026-09-17T20:27:06.550743+00:00,read,1613,2.778,True,
464,9280.0,9280.443,2026-09-17T20:27:06.570858+00:00,read,68488,3.848,True,
465,9300.0,9300.364,2026-09-17T20:27:06.590776+00:00,read,16279,2.736,True,
466,9320.0,9320.427,2026-09-17T20:27:06.610839+00:00,read,7917,3.022,True,
467,9340.0,9340.217,2026-09-17T20:27:06.630692+00:00,read,55227,2.846,True,
468,9360.0,9360.235,2026-09-17T20:27:06.650651+00:00,read,70362,4.326,True,
469,9380.0,9380.288,2026-09-17T20:27:06.670703+00:00,read,84889,3.628,True,
470,9400.0,9400.265,2026-09-17T20:27:06.690674+00:00,read,91756,2.707,True,
471,9420.0,9420.25,2026-09-17T20:27:06.710661+00:00,read,46039,2.72,True,
472,9440.0,9440.431,2026-09-17T20:27:06.730845+00:00,read,15374,2.796,True,
473,9460.0,9460.335,2026-09-17T20:27:06.750745+00:00,read,24653,3.277,True,
474,9480.0,9480.426,2026-09-17T20:27:06.770844+00:00,write,732,3.457,True,
475,9500.0,9500.43,2026-09-17T20:27:06.790846+00:00,read,83279,3.831,True,
476,9520.0,9520.416,2026-09-17T20:27:06.810828+00:00,read,51840,3.476,True,
477,9540.0,9540.232,2026-09-17T20:27:06.830645+00:00,read,2856,3.507,True,
478,9560.0,9560.349,2026-09-17T20:27:06.850765+00:00,read,94367,3.424,True,
479,9580.0,9580.273,2026-09-17T20:27:06.870687+00:00,read,58684,3.133,True,
480,9600.0,9600.403,2026-09-17T20:27:06.890813+00:00,write,58284,2.948,True,
481,9620.0,9620.33,2026-09-17T20:27:06.910740+00:00,read,2985,3.656,True,
482,9640.0,9640.303,2026-09-17T20:27:06.930718+00:00,read,90910,3.208,True,
483,9660.0,9660.398,2026-09-17T20:27:06.950813+00:00,read,53415,3.62,True,
484,9680.0,9680.337,2026-09-17T20:27:06.970754+00:00,write,59943,3.268,True,
485,9700.0,9700.265,2026-09-17T20:27:06.990681+00:00,read,94517,4.099,True,
486,9720.0,9720.28,2026-09-17T20:27:07.010689+00:00,read,91480,3.387,True,
487,9740.0,9740.296,2026-09-17T20:27:07.030710+00:00,read,94732,3.288,True,
488,9760.0,9760.307,2026-09-17T20:27:07.050719+00:00,read,20511,3.081,True,
489,9780.0,9780.307,2026-09-17T20:27:07.070722+00:00,write,49446,3.073,True,
490,9800.0,9800.398,2026-09-17T20:27:07.090809+00:00,read,64280,3.801,True,
491,9820.0,9820.491,2026-09-17T20:27:07.110908+00:00,read,33262,3.973,True,
492,9840.0,9840.384,2026-09-17T20:27:07.130793+00:00,read,12623,3.261,True,
493,9860.0,9860.272,2026-09-17T20:27:07.150686+00:00,read,89088,3.402,True,
494,9880.0,9880.214,2026-09-17T20:27:07.170626+00:00,read,83140,3.406,True,
495,9900.0,9900.494,2026-09-17T20:27:07.190909+00:00,write,28597,3.584,True,
496,9920.0,9920.209,2026-09-17T20:27:07.210624+00:00,read,73983,3.972,True,
497,9940.0,9940.432,2026-09-17T20:27:07.230844+00:00,read,15282,3.21,True,
498,9960.0,9960.303,2026-09-17T20:27:07.250718+00:00,read,3302,3.491,True,
499,9980.0,9980.239,2026-09-17T20:27:07.270653+00:00,read,6180,3.009,True,
500,10000.0,10000.274,2026-09-17T20:27:07.290687+00:00,read,10015,2.979,True,
501,10020.0,10020.237,2026-09-17T20:27:07.310651+00:00,read,48812,3.589,True,
502,10040.0,10040.204,2026-09-17T20:27:07.330617+00:00,read,57203,3.397,True,
503,10060.0,10060.218,2026-09-17T20:27:07.350634+00:00,read,2795,4.069,True,
504,10080.0,10080.334,2026-09-17T20:27:07.370751+00:00,read,55078,3.607,True,
505,10100.0,10100.41,2026-09-17T20:27:07.390824+00:00,read,41639,3.359,True,
506,10120.0,10120.255,2026-09-17T20:27:07.410669+00:00,read,47533,3.854,True,
507,10140.0,10140.226,2026-09-17T20:27:07.430639+00:00,read,27229,3.288,True,
508,10160.0,10160.427,2026-09-17T20:27:07.450845+00:00,write,17498,3.359,True,
509,10180.0,10180.295,2026-09-17T20:27:07.470710+00:00,read,5538,3.349,True,
510,10200.0,10200.352,2026-09-17T20:27:07.490768+00:00,read,66156,3.935,True,
511,10220.0,10220.454,2026-09-17T20:27:07.510868+00:00,read,37522,3.696,True,
512,10240.0,10240.441,2026-09-17T20:27:07.530855+00:00,read,60660,3.238,True,
513,10260.0,10260.308,2026-09-17T20:27:07.550720+00:00,write,43148,3.092,True,
514,10280.0,10280.279,2026-09-17T20:27:07.570694+00:00,write,39441,3.195,True,
515,10300.0,10300.382,2026-09-17T20:27:07.590798+00:00,read,23256,3.983,True,
516,10320.0,10320.415,2026-09-17T20:27:07.610830+00:00,read,86169,3.617,True,
517,10340.0,10340.176,2026-09-17T20:27:07.630589+00:00,read,50595,3.105,True,
518,10360.0,10360.314,2026-09-17T20:27:07.650727+00:00,write,79080,2.951,True,
519,10380.0,10380.164,2026-09-17T20:27:07.670572+00:00,read,50856,2.728,True,
520,10400.0,10400.39,2026-09-17T20:27:07.690802+00:00,read,7658,3.68,True,
521,10420.0,10420.48,2026-09-17T20:27:07.710895+00:00,write,36303,3.297,True,
522,10440.0,10440.161,2026-09-17T20:27:07.730576+00:00,read,48022,3.116,True,
523,10460.0,10460.435,2026-09-17T20:27:07.750846+00:00,read,13744,3.074,True,
524,10480.0,10480.246,2026-09-17T20:27:07.770659+00:00,read,78737,3.367,True,
525,10500.0,10500.352,2026-09-17T20:27:07.790764+00:00,read,76043,3.109,True,
526,10520.0,10520.265,2026-09-17T20:27:07.810675+00:00,read,28376,2.975,True,
527,10540.0,10540.215,2026-09-17T20:27:07.830626+00:00,read,5701,3.101,True,
528,10560.0,10560.146,2026-09-17T20:27:07.850560+00:00,read,10670,2.951,True,
529,10580.0,10580.344,2026-09-17T20:27:07.870758+00:00,read,97058,3.318,True,
530,10600.0,10600.432,2026-09-17T20:27:07.890843+00:00,read,39904,3.543,True,
531,10620.0,10620.313,2026-09-17T20:27:07.910722+00:00,read,87143,3.404,True,
532,10640.0,10640.249,2026-09-17T20:27:07.930663+00:00,read,39624,3.398,True,
533,10660.0,10660.391,2026-09-17T20:27:07.950801+00:00,read,83315,3.518,True,
534,10680.0,10680.377,2026-09-17T20:27:07.970789+00:00,read,98425,3.344,True,
535,10700.0,10700.322,2026-09-17T20:27:07.990732+00:00,write,47577,3.033,True,
536,10720.0,10720.37,2026-09-17T20:27:08.010784+00:00,read,90636,3.875,True,
537,10740.0,10740.513,2026-09-17T20:27:08.030922+00:00,read,93742,2.588,True,
538,10760.0,10760.454,2026-09-17T20:27:08.050867+00:00,read,30914,3.357,True,
539,10780.0,10780.517,2026-09-17T20:27:08.070935+00:00,read,44300,3.878,True,
540,10800.0,10800.441,2026-09-17T20:27:08.090858+00:00,read,11192,4.255,True,
541,10820.0,10820.352,2026-09-17T20:27:08.110767+00:00,read,41894,2.614,True,
542,10840.0,10840.167,2026-09-17T20:27:08.130574+00:00,read,7933,2.375,True,
543,10860.0,10860.373,2026-09-17T20:27:08.150782+00:00,read,54171,2.517,True,
544,10880.0,10880.162,2026-09-17T20:27:08.170571+00:00,read,8823,2.185,True,
545,10900.0,10900.303,2026-09-17T20:27:08.190711+00:00,read,74817,1.945,True,
546,10920.0,10920.153,2026-09-17T20:27:08.210561+00:00,read,87390,2.718,True,
547,10940.0,10940.341,2026-09-17T20:27:08.230751+00:00,read,53665,2.702,True,
548,10960.0,10960.399,2026-09-17T20:27:08.250810+00:00,read,66263,4.031,True,
549,10980.0,10980.173,2026-09-17T20:27:08.270583+00:00,read,57442,2.807,True,
550,11000.0,11000.28,2026-09-17T20:27:08.290695+00:00,read,67078,3.508,True,
551,11020.0,11020.156,2026-09-17T20:27:08.310565+00:00,write,24610,2.618,True,
552,11040.0,11040.306,2026-09-17T20:27:08.330714+00:00,read,46999,3.027,True,
553,11060.0,11060.412,2026-09-17T20:27:08.350828+00:00,read,77761,3.471,True,
554,11080.0,11080.195,2026-09-17T20:27:08.370605+00:00,write,36573,2.383,True,
555,11100.0,11100.235,2026-09-17T20:27:08.390646+00:00,write,39140,2.844,True,
556,11120.0,11120.237,2026-09-17T20:27:08.410649+00:00,read,45025,3.06,True,
557,11140.0,11140.28,2026-09-17T20:27:08.430690+00:00,write,6827,1.81,True,
558,11160.0,11160.148,2026-09-17T20:27:08.450559+00:00,read,8911,2.996,True,
559,11180.0,11180.198,2026-09-17T20:27:08.470609+00:00,read,77360,3.059,True,
560,11200.0,11200.215,2026-09-17T20:27:08.490628+00:00,read,12690,3.083,True,
561,11220.0,11220.247,2026-09-17T20:27:08.510662+00:00,read,76972,3.712,True,
562,11240.0,11240.292,2026-09-17T20:27:08.530709+00:00,read,76672,3.739,True,
563,11260.0,11260.367,2026-09-17T20:27:08.550780+00:00,read,71803,3.785,True,
564,11280.0,11280.254,2026-09-17T20:27:08.570666+00:00,write,86923,3.164,True,
565,11300.0,11300.216,2026-09-17T20:27:08.590627+00:00,write,31686,2.925,True,
566,11320.0,11320.354,2026-09-17T20:27:08.610770+00:00,write,71910,3.367,True,
567,11340.0,11340.332,2026-09-17T20:27:08.630748+00:00,read,47987,3.586,True,
568,11360.0,11360.476,2026-09-17T20:27:08.650891+00:00,read,62865,3.444,True,
569,11380.0,11380.369,2026-09-17T20:27:08.670777+00:00,read,61020,2.737,True,
570,11400.0,11400.174,2026-09-17T20:27:08.690581+00:00,read,34301,2.956,True,
571,11420.0,11420.307,2026-09-17T20:27:08.710717+00:00,read,58113,3.879,True,
572,11440.0,11440.408,2026-09-17T20:27:08.730821+00:00,read,60567,3.54,True,
573,11460.0,11460.52,2026-09-17T20:27:08.750939+00:00,read,13459,3.778,True,
574,11480.0,11480.344,2026-09-17T20:27:08.770761+00:00,read,75013,3.829,True,
575,11500.0,11500.461,2026-09-17T20:27:08.790875+00:00,read,79080,3.431,True,
576,11520.0,11520.417,2026-09-17T20:27:08.810835+00:00,read,36683,3.467,True,
577,11540.0,11540.38,2026-09-17T20:27:08.830800+00:00,read,68905,3.421,True,
578,11560.0,11560.531,2026-09-17T20:27:08.850949+00:00,write,8115,3.59,True,
579,11580.0,11580.307,2026-09-17T20:27:08.870721+00:00,write,59814,2.762,True,
580,11600.0,11600.417,2026-09-17T20:27:08.890828+00:00,read,56457,3.68,True,
581,11620.0,11620.314,2026-09-17T20:27:08.910729+00:00,write,24797,3.246,True,
582,11640.0,11640.259,2026-09-17T20:27:08.930674+00:00,read,50641,3.574,True,
583,11660.0,11660.319,2026-09-17T20:27:08.950735+00:00,read,98513,3.825,True,
584,11680.0,11680.33,2026-09-17T20:27:08.970745+00:00,read,89031,3.825,True,
585,11700.0,11700.236,2026-09-17T20:27:08.990659+00:00,read,14918,3.514,True,
586,11720.0,11720.367,2026-09-17T20:27:09.010785+00:00,write,37048,3.176,True,
587,11740.0,11740.349,2026-09-17T20:27:09.030767+00:00,read,87880,3.866,True,
588,11760.0,11760.216,2026-09-17T20:27:09.050629+00:00,read,29241,4.265,True,
589,11780.0,11780.372,2026-09-17T20:27:09.070788+00:00,write,97725,3.153,True,
590,11800.0,11800.321,2026-09-17T20:27:09.090731+00:00,read,38577,2.866,True,
591,11820.0,11820.389,2026-09-17T20:27:09.110801+00:00,read,19211,3.156,True,
592,11840.0,11840.247,2026-09-17T20:27:09.130663+00:00,read,7672,3.262,True,
593,11860.0,11860.26,2026-09-17T20:27:09.150679+00:00,read,29462,4.178,True,
594,11880.0,11880.275,2026-09-17T20:27:09.170694+00:00,read,45490,4.425,True,
595,11900.0,11900.35,2026-09-17T20:27:09.190769+00:00,read,38076,4.421,True,
596,11920.0,11920.321,2026-09-17T20:27:09.210740+00:00,read,71520,4.585,True,
597,11940.0,11940.325,2026-09-17T20:27:09.230743+00:00,read,18487,4.16,True,
598,11960.0,11960.323,2026-09-17T20:27:09.250742+00:00,write,38124,3.682,True,
599,11980.0,11980.168,2026-09-17T20:27:09.270582+00:00,read,89398,2.282,True,
600,12000.0,12000.183,2026-09-17T20:27:09.290601+00:00,read,9595,3.138,True,
601,12020.0,12020.355,2026-09-17T20:27:09.310775+00:00,read,26773,4.228,True,
602,12040.0,12040.306,2026-09-17T20:27:09.330727+00:00,read,6134,3.68,True,
603,12060.0,12060.247,2026-09-17T20:27:09.350660+00:00,read,15586,3.148,True,
604,12080.0,12080.308,2026-09-17T20:27:09.370719+00:00,read,44896,4.306,True,
605,12100.0,12100.344,2026-09-17T20:27:09.390753+00:00,read,83539,3.506,True,
606,12120.0,12120.388,2026-09-17T20:27:09.410797+00:00,read,44581,2.529,True,
607,12140.0,12140.276,2026-09-17T20:27:09.430685+00:00,read,98363,3.048,True,
608,12160.0,12160.389,2026-09-17T20:27:09.450799+00:00,read,85419,3.699,True,
609,12180.0,12180.278,2026-09-17T20:27:09.470686+00:00,read,32585,2.705,True,
610,12200.0,12200.277,2026-09-17T20:27:09.490692+00:00,read,68127,3.312,True,
611,12220.0,12220.394,2026-09-17T20:27:09.510810+00:00,read,36355,3.989,True,
612,12240.0,12240.261,2026-09-17T20:27:09.530678+00:00,read,57571,3.787,True,
613,12260.0,12260.441,2026-09-17T20:27:09.550858+00:00,read,67784,3.986,True,
614,12280.0,12280.316,2026-09-17T20:27:09.570726+00:00,read,53707,3.553,True,
615,12300.0,12300.259,2026-09-17T20:27:09.590675+00:00,write,34617,3.195,True,
616,12320.0,12320.273,2026-09-17T20:27:09.610688+00:00,read,21045,3.8,True,
617,12340.0,12340.174,2026-09-17T20:27:09.630587+00:00,write,35867,2.975,True,
618,12360.0,12360.425,2026-09-17T20:27:09.650839+00:00,read,66624,3.28,True,
619,12380.0,12380.354,2026-09-17T20:27:09.670774+00:00,read,95024,3.936,True,
620,12400.0,12400.31,2026-09-17T20:27:09.690727+00:00,read,41693,4.082,True,
621,12420.0,12420.184,2026-09-17T20:27:09.710594+00:00,read,50920,4.207,True,
622,12440.0,12440.162,2026-09-17T20:27:09.730577+00:00,read,33585,3.955,True,
623,12460.0,12460.342,2026-09-17T20:27:09.750758+00:00,read,5182,3.832,True,
624,12480.0,12480.482,2026-09-17T20:27:09.770900+00:00,read,78478,3.765,True,
625,12500.0,12500.359,2026-09-17T20:27:09.790775+00:00,read,7483,3.551,True,
626,12520.0,12520.479,2026-09-17T20:27:09.810894+00:00,read,42027,3.847,True,
627,12540.0,12540.221,2026-09-17T20:27:09.830636+00:00,read,27526,3.32,True,
628,12560.0,12560.21,2026-09-17T20:27:09.850625+00:00,read,9816,3.726,True,
629,12580.0,12580.214,2026-09-17T20:27:09.870630+00:00,read,86564,3.643,True,
630,12600.0,12600.23,2026-09-17T20:27:09.890648+00:00,read,54657,3.928,True,
631,12620.0,12620.209,2026-09-17T20:27:09.910627+00:00,read,66004,3.923,True,
632,12640.0,12640.329,2026-09-17T20:27:09.930748+00:00,read,74934,2.283,True,
633,12660.0,12660.352,2026-09-17T20:27:09.950769+00:00,read,82929,3.95,True,
634,12680.0,12680.175,2026-09-17T20:27:09.970595+00:00,read,81337,3.99,True,
635,12700.0,12700.223,2026-09-17T20:27:09.990640+00:00,read,39131,3.911,True,
636,12720.0,12720.237,2026-09-17T20:27:10.010659+00:00,write,37156,10.445,True,
637,12740.0,12740.197,2026-09-17T20:27:10.030616+00:00,read,29561,5.305,True,
638,12760.0,12760.19,2026-09-17T20:27:10.050608+00:00,write,25222,4.054,True,
639,12780.0,12780.153,2026-09-17T20:27:10.070567+00:00,write,5372,1.932,True,
640,12800.0,12800.123,2026-09-17T20:27:10.090534+00:00,read,72836,2.304,True,
641,12820.0,12820.158,2026-09-17T20:27:10.110570+00:00,read,37482,1.866,True,
642,12840.0,12840.174,2026-09-17T20:27:10.130582+00:00,read,71727,2.936,True,
643,12860.0,12860.175,2026-09-17T20:27:10.150584+00:00,read,97719,3.053,True,
644,12880.0,12880.243,2026-09-17T20:27:10.170656+00:00,read,1790,3.645,True,
645,12900.0,12900.396,2026-09-17T20:27:10.190808+00:00,write,85562,3.182,True,
646,12920.0,12920.308,2026-09-17T20:27:10.210717+00:00,read,32623,3.318,True,
647,12940.0,12940.311,2026-09-17T20:27:10.230724+00:00,read,64561,3.465,True,
648,12960.0,12960.408,2026-09-17T20:27:10.250821+00:00,read,42203,3.707,True,
649,12980.0,12980.465,2026-09-17T20:27:10.270879+00:00,read,23960,3.944,True,
650,13000.0,13000.276,2026-09-17T20:27:10.290687+00:00,read,70064,3.081,True,
651,13020.0,13020.245,2026-09-17T20:27:10.310662+00:00,write,90892,2.855,True,
652,13040.0,13040.3,2026-09-17T20:27:10.330715+00:00,read,1997,3.659,True,
653,13060.0,13060.437,2026-09-17T20:27:10.350851+00:00,read,33888,3.821,True,
654,13080.0,13080.293,2026-09-17T20:27:10.370703+00:00,read,30172,4.024,True,
655,13100.0,13100.516,2026-09-17T20:27:10.390934+00:00,read,51467,3.681,True,
656,13120.0,13120.227,2026-09-17T20:27:10.410637+00:00,write,81649,2.888,True,
657,13140.0,13140.42,2026-09-17T20:27:10.430830+00:00,read,16253,3.114,True,
658,13160.0,13160.435,2026-09-17T20:27:10.450851+00:00,write,4424,3.46,True,
659,13180.0,13180.308,2026-09-17T20:27:10.470722+00:00,read,59491,3.601,True,
660,13200.0,13200.388,2026-09-17T20:27:10.490806+00:00,write,3384,3.335,True,
661,13220.0,13220.364,2026-09-17T20:27:10.510785+00:00,read,34595,4.142,True,
662,13240.0,13240.223,2026-09-17T20:27:10.530634+00:00,read,37332,3.573,True,
663,13260.0,13260.275,2026-09-17T20:27:10.550686+00:00,read,5525,3.417,True,
664,13280.0,13280.372,2026-09-17T20:27:10.570783+00:00,write,69226,2.894,True,
665,13300.0,13300.517,2026-09-17T20:27:10.590933+00:00,read,90800,4.104,True,
666,13320.0,13320.425,2026-09-17T20:27:10.610842+00:00,write,49868,3.453,True,
667,13340.0,13340.335,2026-09-17T20:27:10.630752+00:00,read,27918,3.761,True,
668,13360.0,13360.35,2026-09-17T20:27:10.650766+00:00,read,35467,3.63,True,
669,13380.0,13380.265,2026-09-17T20:27:10.670676+00:00,write,86723,2.629,True,
670,13400.0,13400.192,2026-09-17T20:27:10.690600+00:00,write,46262,2.015,True,
671,13420.0,13420.17,2026-09-17T20:27:10.710580+00:00,read,83453,2.525,True,
672,13440.0,13440.26,2026-09-17T20:27:10.730668+00:00,write,54285,2.39,True,
673,13460.0,13460.206,2026-09-17T20:27:10.750621+00:00,read,15503,3.128,True,
674,13480.0,13480.215,2026-09-17T20:27:10.770628+00:00,read,66940,3.119,True,
675,13500.0,13500.29,2026-09-17T20:27:10.790704+00:00,read,91314,3.181,True,
676,13520.0,13520.335,2026-09-17T20:27:10.810745+00:00,read,90124,3.029,True,
677,13540.0,13540.218,2026-09-17T20:27:10.830634+00:00,read,65326,3.298,True,
678,13560.0,13560.243,2026-09-17T20:27:10.850656+00:00,read,13592,2.517,True,
679,13580.0,13580.204,2026-09-17T20:27:10.870618+00:00,write,35336,2.633,True,
680,13600.0,13600.159,2026-09-17T20:27:10.890571+00:00,write,77440,2.343,True,
681,13620.0,13620.349,2026-09-17T20:27:10.910758+00:00,read,2009,3.313,True,
682,13640.0,13640.279,2026-09-17T20:27:10.930688+00:00,read,18840,3.235,True,
683,13660.0,13660.276,2026-09-17T20:27:10.950684+00:00,read,60085,3.382,True,
684,13680.0,13680.404,2026-09-17T20:27:10.970814+00:00,read,80710,3.182,True,
685,13700.0,13700.379,2026-09-17T20:27:10.990788+00:00,write,74910,2.286,True,
686,13720.0,13720.189,2026-09-17T20:27:11.010601+00:00,write,98825,2.692,True,
687,13740.0,13740.296,2026-09-17T20:27:11.030709+00:00,read,90517,3.422,True,
688,13760.0,13760.202,2026-09-17T20:27:11.050616+00:00,write,70961,2.584,True,
689,13780.0,13780.342,2026-09-17T20:27:11.070759+00:00,read,52745,2.553,True,
690,13800.0,13800.146,2026-09-17T20:27:11.090560+00:00,read,39554,3.366,True,
691,13820.0,13820.329,2026-09-17T20:27:11.110745+00:00,read,56864,3.993,True,
692,13840.0,13840.49,2026-09-17T20:27:11.130902+00:00,write,46585,3.069,True,
693,13860.0,13860.434,2026-09-17T20:27:11.150845+00:00,read,32879,4.035,True,
694,13880.0,13880.219,2026-09-17T20:27:11.170630+00:00,read,54365,3.429,True,
695,13900.0,13900.393,2026-09-17T20:27:11.190804+00:00,read,24706,3.467,True,
696,13920.0,13920.465,2026-09-17T20:27:11.210883+00:00,read,5982,3.818,True,
697,13940.0,13940.413,2026-09-17T20:27:11.230824+00:00,read,98389,3.312,True,
698,13960.0,13960.373,2026-09-17T20:27:11.250788+00:00,read,79240,3.551,True,
699,13980.0,13980.397,2026-09-17T20:27:11.270812+00:00,write,8408,3.071,True,
700,14000.0,14000.359,2026-09-17T20:27:11.290775+00:00,read,74703,3.238,True,
701,14020.0,14020.329,2026-09-17T20:27:11.310746+00:00,read,35908,3.539,True,
702,14040.0,14040.302,2026-09-17T20:27:11.330716+00:00,read,77467,3.398,True,
703,14060.0,14060.549,2026-09-17T20:27:11.350960+00:00,read,21511,3.678,True,
704,14080.0,14080.257,2026-09-17T20:27:11.370668+00:00,read,86774,3.266,True,
705,14100.0,14100.415,2026-09-17T20:27:11.390828+00:00,write,45070,2.844,True,
706,14120.0,14120.46,2026-09-17T20:27:11.410876+00:00,read,29846,3.795,True,
707,14140.0,14140.29,2026-09-17T20:27:11.430700+00:00,read,13074,3.076,True,
708,14160.0,14160.472,2026-09-17T20:27:11.450886+00:00,read,10834,2.846,True,
709,14180.0,14180.196,2026-09-17T20:27:11.470609+00:00,read,43982,2.735,True,
710,14200.0,14200.258,2026-09-17T20:27:11.490677+00:00,read,56335,4.164,True,
711,14220.0,14220.332,2026-09-17T20:27:11.510751+00:00,read,16993,3.864,True,
712,14240.0,14240.46,2026-09-17T20:27:11.530872+00:00,write,49031,3.112,True,
713,14260.0,14260.152,2026-09-17T20:27:11.550565+00:00,read,86743,2.975,True,
714,14280.0,14280.371,2026-09-17T20:27:11.570785+00:00,read,21530,3.304,True,
715,14300.0,14300.46,2026-09-17T20:27:11.590873+00:00,write,87718,3.453,True,
716,14320.0,14320.32,2026-09-17T20:27:11.610733+00:00,read,65260,3.368,True,
717,14340.0,14340.201,2026-09-17T20:27:11.630615+00:00,write,20340,3.175,True,
718,14360.0,14360.377,2026-09-17T20:27:11.650789+00:00,read,25679,3.268,True,
719,14380.0,14380.278,2026-09-17T20:27:11.670693+00:00,write,15502,3.384,True,
720,14400.0,14400.394,2026-09-17T20:27:11.690810+00:00,read,11020,3.837,True,
721,14420.0,14420.309,2026-09-17T20:27:11.710721+00:00,read,17855,3.766,True,
722,14440.0,14440.398,2026-09-17T20:27:11.730815+00:00,read,99111,3.721,True,
723,14460.0,14460.292,2026-09-17T20:27:11.750701+00:00,read,48226,3.602,True,
724,14480.0,14480.37,2026-09-17T20:27:11.770780+00:00,read,63592,3.35,True,
725,14500.0,14500.322,2026-09-17T20:27:11.790736+00:00,read,22066,3.13,True,
726,14520.0,14520.458,2026-09-17T20:27:11.810872+00:00,read,99686,3.403,True,
727,14540.0,14540.314,2026-09-17T20:27:11.830732+00:00,read,15156,4.237,True,
728,14560.0,14560.389,2026-09-17T20:27:11.850805+00:00,write,48946,3.059,True,
729,14580.0,14580.432,2026-09-17T20:27:11.870846+00:00,read,4960,3.558,True,
730,14600.0,14600.414,2026-09-17T20:27:11.890829+00:00,read,4797,3.871,True,
731,14620.0,14620.315,2026-09-17T20:27:11.910736+00:00,read,62170,4.5,True,
732,14640.0,14640.299,2026-09-17T20:27:11.930716+00:00,write,21796,3.672,True,
733,14660.0,14660.221,2026-09-17T20:27:11.950639+00:00,write,53335,3.423,True,
734,14680.0,14680.315,2026-09-17T20:27:11.970727+00:00,read,11030,3.651,True,
735,14700.0,14700.394,2026-09-17T20:27:11.990805+00:00,read,34733,2.991,True,
736,14720.0,14720.391,2026-09-17T20:27:12.010801+00:00,read,13398,2.714,True,
737,14740.0,14740.399,2026-09-17T20:27:12.030808+00:00,read,31321,2.707,True,
738,14760.0,14760.354,2026-09-17T20:27:12.050765+00:00,read,13073,2.996,True,
739,14780.0,14780.293,2026-09-17T20:27:12.070706+00:00,read,72106,3.288,True,
740,14800.0,14800.333,2026-09-17T20:27:12.090745+00:00,read,59341,2.921,True,
741,14820.0,14820.433,2026-09-17T20:27:12.110845+00:00,read,82549,3.075,True,
742,14840.0,14840.355,2026-09-17T20:27:12.130765+00:00,read,76309,2.832,True,
743,14860.0,14860.395,2026-09-17T20:27:12.150808+00:00,read,28577,3.036,True,
744,14880.0,14880.215,2026-09-17T20:27:12.170630+00:00,read,32270,3.938,True,
745,14900.0,14900.297,2026-09-17T20:27:12.190713+00:00,read,58845,2.629,True,
746,14920.0,14920.4,2026-09-17T20:27:12.210815+00:00,read,78056,3.267,True,
747,14940.0,14940.216,2026-09-17T20:27:12.230629+00:00,write,23802,3.029,True,
748,14960.0,14960.396,2026-09-17T20:27:12.250813+00:00,read,42802,3.275,True,
749,14980.0,14980.339,2026-09-17T20:27:12.270753+00:00,read,55435,3.455,True,
750,15000.0,15000.312,2026-09-17T20:27:12.290729+00:00,write,70565,3.196,True,
751,15020.0,15020.356,2026-09-17T20:27:12.310768+00:00,write,83190,2.006,True,
752,15040.0,15040.32,2026-09-17T20:27:12.330736+00:00,read,71800,3.736,True,
753,15060.0,15060.438,2026-09-17T20:27:12.350852+00:00,read,21158,3.466,True,
754,15080.0,15080.463,2026-09-17T20:27:12.370876+00:00,read,90745,2.904,True,
755,15100.0,15100.396,2026-09-17T20:27:12.390811+00:00,read,3507,2.778,True,
756,15120.0,15120.292,2026-09-17T20:27:12.410704+00:00,read,47100,3.452,True,
757,15140.0,15140.142,2026-09-17T20:27:12.430556+00:00,read,27745,2.632,True,
758,15160.0,15160.38,2026-09-17T20:27:12.450796+00:00,write,45231,3.032,True,
759,15180.0,15180.385,2026-09-17T20:27:12.470800+00:00,read,729,3.363,True,
760,15200.0,15200.396,2026-09-17T20:27:12.490814+00:00,read,16367,3.201,True,
761,15220.0,15220.287,2026-09-17T20:27:12.510701+00:00,read,88904,3.204,True,
762,15240.0,15240.39,2026-09-17T20:27:12.530804+00:00,read,40999,4.028,True,
763,15260.0,15260.4,2026-09-17T20:27:12.550814+00:00,read,60470,2.968,True,
764,15280.0,15280.405,2026-09-17T20:27:12.570819+00:00,write,61537,2.853,True,
765,15300.0,15300.39,2026-09-17T20:27:12.590804+00:00,read,15657,3.411,True,
766,15320.0,15320.235,2026-09-17T20:27:12.610650+00:00,read,45122,3.778,True,
767,15340.0,15340.268,2026-09-17T20:27:12.630685+00:00,read,57294,3.881,True,
768,15360.0,15360.272,2026-09-17T20:27:12.650684+00:00,read,63607,3.341,True,
769,15380.0,15380.386,2026-09-17T20:27:12.670796+00:00,read,59763,2.592,True,
770,15400.0,15400.336,2026-09-17T20:27:12.690749+00:00,write,29935,2.783,True,
771,15420.0,15420.293,2026-09-17T20:27:12.710710+00:00,read,67802,3.445,True,
772,15440.0,15440.331,2026-09-17T20:27:12.730744+00:00,write,70274,3.27,True,
773,15460.0,15460.326,2026-09-17T20:27:12.750735+00:00,read,46166,3.53,True,
774,15480.0,15480.407,2026-09-17T20:27:12.770819+00:00,write,43738,2.846,True,
775,15500.0,15500.296,2026-09-17T20:27:12.790710+00:00,read,98180,3.46,True,
776,15520.0,15520.393,2026-09-17T20:27:12.810907+00:00,read,20620,4.01,True,
777,15540.0,15540.151,2026-09-17T20:27:12.830561+00:00,write,89132,2.31,True,
778,15560.0,15560.411,2026-09-17T20:27:12.850824+00:00,read,56819,3.585,True,
779,15580.0,15580.209,2026-09-17T20:27:12.870625+00:00,read,74094,3.903,True,
780,15600.0,15600.27,2026-09-17T20:27:12.890685+00:00,read,45371,4.15,True,
781,15620.0,15620.153,2026-09-17T20:27:12.910561+00:00,read,13776,2.261,True,
782,15640.0,15640.178,2026-09-17T20:27:12.930594+00:00,read,64279,3.029,True,
783,15660.0,15660.328,2026-09-17T20:27:12.950739+00:00,read,7477,2.128,True,
784,15680.0,15680.312,2026-09-17T20:27:12.970726+00:00,write,36001,2.985,True,
785,15700.0,15700.246,2026-09-17T20:27:12.990662+00:00,write,6823,3.175,True,
786,15720.0,15720.318,2026-09-17T20:27:13.010736+00:00,read,14963,3.587,True,
787,15740.0,15740.246,2026-09-17T20:27:13.030664+00:00,read,56045,3.918,True,
788,15760.0,15760.395,2026-09-17T20:27:13.050809+00:00,write,13787,2.917,True,
789,15780.0,15780.274,2026-09-17T20:27:13.070687+00:00,write,3146,2.864,True,
790,15800.0,15800.306,2026-09-17T20:27:13.090717+00:00,read,68388,3.385,True,
791,15820.0,15820.361,2026-09-17T20:27:13.110774+00:00,read,55530,3.219,True,
792,15840.0,15840.287,2026-09-17T20:27:13.130701+00:00,write,37184,2.574,True,
793,15860.0,15860.206,2026-09-17T20:27:13.150621+00:00,read,5067,3.134,True,
794,15880.0,15880.315,2026-09-17T20:27:13.170726+00:00,write,50958,2.454,True,
795,15900.0,15900.237,2026-09-17T20:27:13.190646+00:00,read,75390,2.4,True,
796,15920.0,15920.206,2026-09-17T20:27:13.210613+00:00,read,4488,2.127,True,
797,15940.0,15940.255,2026-09-17T20:27:13.230663+00:00,read,32620,2.213,True,
798,15960.0,15960.168,2026-09-17T20:27:13.250579+00:00,read,58779,1.862,True,
799,15980.0,15980.37,2026-09-17T20:27:13.270782+00:00,read,17902,3.227,True,
800,16000.0,16000.303,2026-09-17T20:27:13.290718+00:00,read,36146,3.66,True,
801,16020.0,16020.143,2026-09-17T20:27:13.310552+00:00,write,67477,2.578,True,
802,16040.0,16040.303,2026-09-17T20:27:13.330716+00:00,read,55969,3.066,True,
803,16060.0,16060.392,2026-09-17T20:27:13.350804+00:00,write,48274,2.544,True,
804,16080.0,16080.334,2026-09-17T20:27:13.370744+00:00,read,12648,3.144,True,
805,16100.0,16100.238,2026-09-17T20:27:13.390648+00:00,read,48434,2.589,True,
806,16120.0,16120.335,2026-09-17T20:27:13.410746+00:00,read,49881,3.341,True,
807,16140.0,16140.275,2026-09-17T20:27:13.430683+00:00,read,87456,2.517,True,
808,16160.0,16160.204,2026-09-17T20:27:13.450618+00:00,read,17676,2.876,True,
809,16180.0,16180.253,2026-09-17T20:27:13.470662+00:00,read,73573,2.617,True,
810,16200.0,16200.395,2026-09-17T20:27:13.490804+00:00,write,51415,2.33,True,
811,16220.0,16220.249,2026-09-17T20:27:13.510656+00:00,read,32342,2.287,True,
812,16240.0,16240.396,2026-09-17T20:27:13.530803+00:00,read,31165,2.311,True,
813,16260.0,16260.397,2026-09-17T20:27:13.550807+00:00,read,28024,2.379,True,
814,16280.0,16280.365,2026-09-17T20:27:13.570773+00:00,read,1712,2.795,True,
815,16300.0,16300.404,2026-09-17T20:27:13.590813+00:00,read,11980,2.702,True,
816,16320.0,16320.328,2026-09-17T20:27:13.610739+00:00,read,54026,4.232,True,
817,16340.0,16340.347,2026-09-17T20:27:13.630758+00:00,read,64159,2.817,True,
818,16360.0,16360.369,2026-09-17T20:27:13.650780+00:00,read,1179,2.505,True,
819,16380.0,16380.249,2026-09-17T20:27:13.670660+00:00,read,9136,2.956,True,
820,16400.0,16400.349,2026-09-17T20:27:13.690807+00:00,read,77614,3.179,True,
821,16420.0,16420.273,2026-09-17T20:27:13.710685+00:00,read,66071,2.821,True,
822,16440.0,16440.247,2026-09-17T20:27:13.730658+00:00,read,89005,2.685,True,
823,16460.0,16460.437,2026-09-17T20:27:13.750847+00:00,read,54393,2.765,True,
824,16480.0,16480.384,2026-09-17T20:27:13.770793+00:00,write,39490,2.538,True,
825,16500.0,16500.449,2026-09-17T20:27:13.790859+00:00,read,20676,2.448,True,
826,16520.0,16520.323,2026-09-17T20:27:13.810732+00:00,read,74310,2.464,True,
827,16540.0,16540.203,2026-09-17T20:27:13.830611+00:00,read,67568,2.518,True,
828,16560.0,16560.272,2026-09-17T20:27:13.850681+00:00,read,24422,2.607,True,
829,16580.0,16580.273,2026-09-17T20:27:13.870682+00:00,read,53322,2.511,True,
830,16600.0,16600.333,2026-09-17T20:27:13.890741+00:00,read,6180,2.396,True,
831,16620.0,16620.261,2026-09-17T20:27:13.910669+00:00,read,85197,2.942,True,
832,16640.0,16640.395,2026-09-17T20:27:13.928205+00:00,read,22820,2.733,True,
833,16660.0,16660.237,2026-09-17T20:27:13.948049+00:00,read,52793,2.546,True,
834,16680.0,16680.274,2026-09-17T20:27:13.968089+00:00,read,54666,3.413,True,
835,16700.0,16700.18,2026-09-17T20:27:13.987990+00:00,read,4395,3.059,True,
836,16720.0,16720.177,2026-09-17T20:27:14.007987+00:00,read,21003,3.245,True,
837,16740.0,16740.308,2026-09-17T20:27:14.028118+00:00,read,37545,2.603,True,
838,16760.0,16760.338,2026-09-17T20:27:14.048153+00:00,write,53610,2.913,True,
839,16780.0,16780.4,2026-09-17T20:27:14.068216+00:00,read,63282,3.663,True,
840,16800.0,16800.372,2026-09-17T20:27:14.088184+00:00,read,29699,3.344,True,
841,16820.0,16820.178,2026-09-17T20:27:14.107987+00:00,read,22777,2.347,True,
842,16840.0,16840.456,2026-09-17T20:27:14.128273+00:00,write,61880,2.816,True,
843,16860.0,16860.262,2026-09-17T20:27:14.148079+00:00,read,6448,3.689,True,
844,16880.0,16880.228,2026-09-17T20:27:14.168045+00:00,read,74570,4.045,True,
845,16900.0,16900.286,2026-09-17T20:27:14.188103+00:00,read,58703,3.722,True,
846,16920.0,16920.365,2026-09-17T20:27:14.208175+00:00,read,75547,3.077,True,
847,16940.0,16940.447,2026-09-17T20:27:14.228257+00:00,read,58060,2.881,True,
848,16960.0,16960.223,2026-09-17T20:27:14.248032+00:00,write,44320,3.028,True,
849,16980.0,16980.45,2026-09-17T20:27:14.268260+00:00,write,559,2.691,True,
850,17000.0,17000.21,2026-09-17T20:27:14.288024+00:00,read,15936,3.371,True,
851,17020.0,17020.378,2026-09-17T20:27:14.308190+00:00,read,85014,3.408,True,
852,17040.0,17040.357,2026-09-17T20:27:14.328177+00:00,read,45891,3.75,True,
853,17060.0,17060.249,2026-09-17T20:27:14.348061+00:00,read,70152,3.471,True,
854,17080.0,17080.26,2026-09-17T20:27:14.368076+00:00,read,21922,3.556,True,
855,17100.0,17100.386,2026-09-17T20:27:14.388202+00:00,read,16554,3.693,True,
856,17120.0,17120.365,2026-09-17T20:27:14.408184+00:00,write,73756,3.433,True,
857,17140.0,17140.288,2026-09-17T20:27:14.428106+00:00,read,17820,3.899,True,
858,17160.0,17160.414,2026-09-17T20:27:14.448222+00:00,read,97723,2.981,True,
859,17180.0,17180.261,2026-09-17T20:27:14.468077+00:00,read,6393,3.279,True,
860,17200.0,17200.231,2026-09-17T20:27:14.488041+00:00,read,97734,2.894,True,
861,17220.0,17220.265,2026-09-17T20:27:14.508077+00:00,read,92955,3.255,True,
862,17240.0,17240.226,2026-09-17T20:27:14.528037+00:00,write,92681,3.2,True,
863,17260.0,17260.506,2026-09-17T20:27:14.548316+00:00,write,17340,2.64,True,
864,17280.0,17280.242,2026-09-17T20:27:14.568057+00:00,read,71185,3.021,True,
865,17300.0,17300.498,2026-09-17T20:27:14.588318+00:00,read,67405,3.52,True,
866,17320.0,17320.374,2026-09-17T20:27:14.608184+00:00,read,54497,3.879,True,
867,17340.0,17340.408,2026-09-17T20:27:14.628225+00:00,read,25426,3.702,True,
868,17360.0,17360.15,2026-09-17T20:27:14.647965+00:00,read,70698,2.967,True,
869,17380.0,17380.343,2026-09-17T20:27:14.668159+00:00,read,60268,3.66,True,
870,17400.0,17400.337,2026-09-17T20:27:14.688152+00:00,read,81354,3.345,True,
871,17420.0,17420.436,2026-09-17T20:27:14.708251+00:00,read,21421,3.747,True,
872,17440.0,17440.238,2026-09-17T20:27:14.728054+00:00,read,66479,3.7,True,
873,17460.0,17460.216,2026-09-17T20:27:14.748034+00:00,write,4720,2.963,True,
874,17480.0,17480.308,2026-09-17T20:27:14.768123+00:00,read,39027,3.545,True,
875,17500.0,17500.403,2026-09-17T20:27:14.788219+00:00,read,90412,3.501,True,
876,17520.0,17520.383,2026-09-17T20:27:14.808198+00:00,read,77062,3.72,True,
877,17540.0,17540.45,2026-09-17T20:27:14.828270+00:00,read,40130,3.844,True,
878,17560.0,17560.244,2026-09-17T20:27:14.848056+00:00,read,13329,3.17,True,
879,17580.0,17580.194,2026-09-17T20:27:14.868002+00:00,read,94163,3.03,True,
880,17600.0,17600.495,2026-09-17T20:27:14.888309+00:00,read,82070,3.722,True,
881,17620.0,17620.51,2026-09-17T20:27:14.908337+00:00,read,14783,3.489,True,
882,17640.0,17640.421,2026-09-17T20:27:14.928242+00:00,read,23181,4.4,True,
883,17660.0,17660.166,2026-09-17T20:27:14.947981+00:00,write,65655,2.543,True,
884,17680.0,17680.518,2026-09-17T20:27:14.968327+00:00,write,55993,2.595,True,
885,17700.0,17700.315,2026-09-17T20:27:14.988135+00:00,read,27682,4.372,True,
886,17720.0,17720.255,2026-09-17T20:27:15.008073+00:00,read,71951,4.178,True,
887,17740.0,17740.461,2026-09-17T20:27:15.028268+00:00,write,23840,2.351,True,
888,17760.0,17760.191,2026-09-17T20:27:15.048007+00:00,read,32765,3.214,True,
889,17780.0,17780.348,2026-09-17T20:27:15.068162+00:00,write,56539,2.51,True,
890,17800.0,17800.45,2026-09-17T20:27:15.088269+00:00,write,38208,3.316,True,
891,17820.0,17820.552,2026-09-17T20:27:15.108379+00:00,read,3492,3.958,True,
892,17840.0,17840.47,2026-09-17T20:27:15.128290+00:00,read,19333,3.55,True,
893,17860.0,17860.186,2026-09-17T20:27:15.148000+00:00,read,25265,3.21,True,
894,17880.0,17880.188,2026-09-17T20:27:15.168050+00:00,read,79202,3.511,True,
895,17900.0,17900.278,2026-09-17T20:27:15.188091+00:00,write,40173,2.399,True,
896,17920.0,17920.257,2026-09-17T20:27:15.208066+00:00,read,71464,3.182,True,
897,17940.0,17940.351,2026-09-17T20:27:15.228160+00:00,write,93717,2.467,True,
898,17960.0,17960.274,2026-09-17T20:27:15.248087+00:00,read,21346,2.866,True,
899,17980.0,17980.302,2026-09-17T20:27:15.268119+00:00,read,26109,3.158,True,
900,18000.0,18000.348,2026-09-17T20:27:15.288164+00:00,read,48642,3.607,True,
901,18020.0,18020.169,2026-09-17T20:27:15.307978+00:00,read,21996,3.107,True,
902,18040.0,18040.322,2026-09-17T20:27:15.328133+00:00,write,2800,2.446,True,
903,18060.0,18060.251,2026-09-17T20:27:15.348067+00:00,read,29669,3.373,True,
904,18080.0,18080.372,2026-09-17T20:27:15.368186+00:00,read,95880,3.079,True,
905,18100.0,18100.255,2026-09-17T20:27:15.388070+00:00,read,43888,2.86,True,
906,18120.0,18120.415,2026-09-17T20:27:15.408227+00:00,read,353,3.548,True,
907,18140.0,18140.425,2026-09-17T20:27:15.428235+00:00,read,17679,3.342,True,
908,18160.0,18160.234,2026-09-17T20:27:15.448045+00:00,read,25578,2.475,True,
909,18180.0,18180.296,2026-09-17T20:27:15.468108+00:00,read,50585,4.248,True,
910,18200.0,18200.259,2026-09-17T20:27:15.488078+00:00,read,60505,3.786,True,
911,18220.0,18220.248,2026-09-17T20:27:15.508061+00:00,read,7999,3.457,True,
912,18240.0,18240.198,2026-09-17T20:27:15.528008+00:00,write,20995,2.416,True,
913,18260.0,18260.417,2026-09-17T20:27:15.548265+00:00,read,97454,3.651,True,
914,18280.0,18280.276,2026-09-17T20:27:15.568090+00:00,write,17247,3.247,True,
915,18300.0,18300.632,2026-09-17T20:27:15.588451+00:00,read,78181,3.806,True,
916,18320.0,18320.347,2026-09-17T20:27:15.608162+00:00,write,23714,3.362,True,
917,18340.0,18340.395,2026-09-17T20:27:15.628210+00:00,read,67261,3.63,True,
918,18360.0,18360.182,2026-09-17T20:27:15.647993+00:00,write,51605,2.387,True,
919,18380.0,18380.456,2026-09-17T20:27:15.668274+00:00,read,80393,4.059,True,
920,18400.0,18400.511,2026-09-17T20:27:15.688329+00:00,read,71144,3.92,True,
921,18420.0,18420.288,2026-09-17T20:27:15.708106+00:00,read,18778,3.962,True,
922,18440.0,18440.547,2026-09-17T20:27:15.728365+00:00,read,11656,3.866,True,
923,18460.0,18460.375,2026-09-17T20:27:15.748193+00:00,write,82401,2.74,True,
924,18480.0,18480.419,2026-09-17T20:27:15.768229+00:00,write,89907,2.887,True,
925,18500.0,18500.434,2026-09-17T20:27:15.788249+00:00,read,5600,3.351,True,
926,18520.0,18520.494,2026-09-17T20:27:15.808312+00:00,read,92464,3.806,True,
927,18540.0,18540.217,2026-09-17T20:27:15.828028+00:00,write,25327,3.284,True,
928,18560.0,18560.339,2026-09-17T20:27:15.848155+00:00,read,58231,3.925,True,
929,18580.0,18580.276,2026-09-17T20:27:15.868086+00:00,read,76191,3.33,True,
930,18600.0,18600.538,2026-09-17T20:27:15.888358+00:00,read,53328,3.886,True,
931,18620.0,18620.272,2026-09-17T20:27:15.908090+00:00,write,89549,3.18,True,
932,18640.0,18640.172,2026-09-17T20:27:15.927980+00:00,read,1270,2.735,True,
933,18660.0,18660.228,2026-09-17T20:27:15.948036+00:00,read,4009,2.974,True,
934,18680.0,18680.25,2026-09-17T20:27:15.968061+00:00,read,6980,3.161,True,
935,18700.0,18700.208,2026-09-17T20:27:15.988024+00:00,write,8557,3.161,True,
936,18720.0,18720.219,2026-09-17T20:27:16.008035+00:00,read,54127,3.161,True,
937,18740.0,18740.239,2026-09-17T20:27:16.028055+00:00,read,25940,3.93,True,
938,18760.0,18760.46,2026-09-17T20:27:16.048269+00:00,read,2229,3.527,True,
939,18780.0,18780.255,2026-09-17T20:27:16.068066+00:00,read,45808,3.056,True,
940,18800.0,18800.356,2026-09-17T20:27:16.088171+00:00,read,82109,3.772,True,
941,18820.0,18820.336,2026-09-17T20:27:16.108152+00:00,read,25645,3.632,True,
942,18840.0,18840.434,2026-09-17T20:27:16.128245+00:00,read,87561,3.381,True,
943,18860.0,18860.282,2026-09-17T20:27:16.148101+00:00,read,95517,3.753,True,
944,18880.0,18880.286,2026-09-17T20:27:16.168097+00:00,read,57422,3.264,True,
945,18900.0,18900.202,2026-09-17T20:27:16.188019+00:00,write,61067,2.595,True,
946,18920.0,18920.238,2026-09-17T20:27:16.208052+00:00,write,17539,3.079,True,
947,18940.0,18940.362,2026-09-17T20:27:16.228174+00:00,read,5932,2.951,True,
948,18960.0,18960.356,2026-09-17T20:27:16.248168+00:00,read,43408,3.0,True,
949,18980.0,18980.366,2026-09-17T20:27:16.268182+00:00,write,80045,2.764,True,
950,19000.0,19000.408,2026-09-17T20:27:16.288219+00:00,read,27228,3.156,True,
951,19020.0,19020.464,2026-09-17T20:27:16.308274+00:00,read,91178,3.235,True,
952,19040.0,19040.237,2026-09-17T20:27:16.328048+00:00,read,21109,3.49,True,
953,19060.0,19060.324,2026-09-17T20:27:16.348137+00:00,read,54921,3.123,True,
954,19080.0,19080.31,2026-09-17T20:27:16.368124+00:00,read,1173,3.987,True,
955,19100.0,19100.267,2026-09-17T20:27:16.388079+00:00,read,93922,3.954,True,
956,19120.0,19120.413,2026-09-17T20:27:16.408227+00:00,write,33693,2.983,True,
957,19140.0,19140.276,2026-09-17T20:27:16.428085+00:00,read,68510,3.44,True,
958,19160.0,19160.264,2026-09-17T20:27:16.448075+00:00,read,4749,2.943,True,
959,19180.0,19180.335,2026-09-17T20:27:16.468147+00:00,read,50810,2.771,True,
960,19200.0,19200.324,2026-09-17T20:27:16.488134+00:00,read,22923,3.505,True,
961,19220.0,19220.284,2026-09-17T20:27:16.508099+00:00,write,35970,2.908,True,
962,19240.0,19240.373,2026-09-17T20:27:16.528192+00:00,read,48774,3.798,True,
963,19260.0,19260.234,2026-09-17T20:27:16.548049+00:00,read,51600,3.504,True,
964,19280.0,19280.412,2026-09-17T20:27:16.568229+00:00,read,57176,3.795,True,
965,19300.0,19300.326,2026-09-17T20:27:16.588137+00:00,read,26345,3.654,True,
966,19320.0,19320.201,2026-09-17T20:27:16.608010+00:00,read,7728,3.309,True,
967,19340.0,19340.389,2026-09-17T20:27:16.628205+00:00,read,78056,3.732,True,
968,19360.0,19360.274,2026-09-17T20:27:16.648083+00:00,read,50147,3.026,True,
969,19380.0,19380.329,2026-09-17T20:27:16.668144+00:00,read,47077,3.555,True,
970,19400.0,19400.267,2026-09-17T20:27:16.688082+00:00,read,54137,3.322,True,
971,19420.0,19420.259,2026-09-17T20:27:16.708074+00:00,read,39946,4.262,True,
972,19440.0,19440.306,2026-09-17T20:27:16.728114+00:00,read,74348,2.866,True,
973,19460.0,19460.309,2026-09-17T20:27:16.748118+00:00,read,87173,3.296,True,
974,19480.0,19480.29,2026-09-17T20:27:16.768101+00:00,read,8573,3.305,True,
975,19500.0,19500.183,2026-09-17T20:27:16.787996+00:00,read,5321,3.351,True,
976,19520.0,19520.366,2026-09-17T20:27:16.808175+00:00,write,63925,2.762,True,
977,19540.0,19540.278,2026-09-17T20:27:16.828094+00:00,read,91011,3.761,True,
978,19560.0,19560.291,2026-09-17T20:27:16.848106+00:00,read,26025,3.606,True,
979,19580.0,19580.28,2026-09-17T20:27:16.868092+00:00,read,47082,2.902,True,
980,19600.0,19600.41,2026-09-17T20:27:16.888218+00:00,read,9980,3.317,True,
981,19620.0,19620.417,2026-09-17T20:27:16.908230+00:00,read,16128,3.782,True,
982,19640.0,19640.239,2026-09-17T20:27:16.928082+00:00,read,25352,3.52,True,
983,19660.0,19660.509,2026-09-17T20:27:16.948324+00:00,write,45936,2.853,True,
984,19680.0,19680.358,2026-09-17T20:27:16.968172+00:00,read,43059,3.74,True,
985,19700.0,19700.32,2026-09-17T20:27:16.988138+00:00,read,42358,3.437,True,
986,19720.0,19720.22,2026-09-17T20:27:17.008036+00:00,read,29146,3.467,True,
987,19740.0,19740.217,2026-09-17T20:27:17.028027+00:00,read,21884,4.102,True,
988,19760.0,19760.28,2026-09-17T20:27:17.048089+00:00,read,84747,3.503,True,
989,19780.0,19780.207,2026-09-17T20:27:17.068020+00:00,read,52325,3.201,True,
990,19800.0,19800.219,2026-09-17T20:27:17.088035+00:00,write,12933,3.029,True,
991,19820.0,19820.284,2026-09-17T20:27:17.108100+00:00,read,26504,3.748,True,
992,19840.0,19840.565,2026-09-17T20:27:17.128383+00:00,read,15317,3.578,True,
993,19860.0,19860.248,2026-09-17T20:27:17.148062+00:00,read,37705,3.605,True,
994,19880.0,19880.208,2026-09-17T20:27:17.168023+00:00,read,96118,3.923,True,
995,19900.0,19900.262,2026-09-17T20:27:17.188072+00:00,read,63068,3.43,True,
996,19920.0,19920.186,2026-09-17T20:27:17.207994+00:00,read,26034,2.918,True,
997,19940.0,19940.31,2026-09-17T20:27:17.228123+00:00,read,58611,3.484,True,
998,19960.0,19960.377,2026-09-17T20:27:17.248192+00:00,read,5927,3.594,True,
999,19980.0,19980.341,2026-09-17T20:27:17.268154+00:00,read,89068,3.344,True,
1000,20000.0,20000.277,2026-09-17T20:27:17.288091+00:00,read,85918,3.321,True,
1001,20020.0,20020.321,2026-09-17T20:27:17.308135+00:00,read,19038,3.254,True,
1002,20040.0,20040.271,2026-09-17T20:27:17.328083+00:00,read,93031,3.581,True,
1003,20060.0,20060.313,2026-09-17T20:27:17.348128+00:00,read,68324,3.904,True,
1004,20080.0,20080.276,2026-09-17T20:27:17.368092+00:00,read,48606,3.164,True,
1005,20100.0,20100.295,2026-09-17T20:27:17.388111+00:00,read,42883,3.59,True,
1006,20120.0,20120.324,2026-09-17T20:27:17.408135+00:00,read,86872,3.202,True,
1007,20140.0,20140.267,2026-09-17T20:27:17.428077+00:00,read,30131,2.834,True,
1008,20160.0,20160.169,2026-09-17T20:27:17.447979+00:00,read,29888,3.246,True,
1009,20180.0,20180.215,2026-09-17T20:27:17.468026+00:00,read,90422,3.355,True,
1010,20200.0,20200.309,2026-09-17T20:27:17.488125+00:00,read,89931,3.611,True,
1011,20220.0,20220.347,2026-09-17T20:27:17.508160+00:00,read,14380,3.455,True,
1012,20240.0,20240.221,2026-09-17T20:27:17.528033+00:00,read,42784,2.85,True,
1013,20260.0,20260.373,2026-09-17T20:27:17.548185+00:00,read,96335,3.397,True,
1014,20280.0,20280.261,2026-09-17T20:27:17.568074+00:00,read,48120,3.075,True,
1015,20300.0,20300.361,2026-09-17T20:27:17.588175+00:00,read,85415,3.304,True,
1016,20320.0,20320.256,2026-09-17T20:27:17.608068+00:00,read,8108,3.212,True,
1017,20340.0,20340.176,2026-09-17T20:27:17.627990+00:00,read,98901,3.183,True,
1018,20360.0,20360.257,2026-09-17T20:27:17.648069+00:00,read,54251,4.487,True,
1019,20380.0,20380.321,2026-09-17T20:27:17.668131+00:00,read,82730,3.525,True,
1020,20400.0,20400.465,2026-09-17T20:27:17.688278+00:00,read,71654,3.628,True,
1021,20420.0,20420.334,2026-09-17T20:27:17.708149+00:00,read,87097,3.615,True,
1022,20440.0,20440.346,2026-09-17T20:27:17.728161+00:00,read,87324,3.209,True,
1023,20460.0,20460.415,2026-09-17T20:27:17.748237+00:00,read,55345,3.964,True,
1024,20480.0,20480.341,2026-09-17T20:27:17.768153+00:00,write,59362,3.067,True,
1025,20500.0,20500.219,2026-09-17T20:27:17.788033+00:00,read,81980,3.712,True,
1026,20520.0,20520.297,2026-09-17T20:27:17.808109+00:00,read,57503,3.137,True,
1027,20540.0,20540.459,2026-09-17T20:27:17.828273+00:00,read,28272,3.04,True,
1028,20560.0,20560.3,2026-09-17T20:27:17.848110+00:00,read,88735,3.654,True,
1029,20580.0,20580.309,2026-09-17T20:27:17.868124+00:00,read,62381,3.359,True,
1030,20600.0,20600.356,2026-09-17T20:27:17.888176+00:00,read,6050,3.502,True,
1031,20620.0,20620.416,2026-09-17T20:27:17.908225+00:00,write,65637,2.76,True,
1032,20640.0,20640.479,2026-09-17T20:27:17.928292+00:00,read,25000,3.379,True,
1033,20660.0,20660.392,2026-09-17T20:27:17.948207+00:00,write,32715,2.939,True,
1034,20680.0,20680.504,2026-09-17T20:27:17.968320+00:00,read,33607,3.649,True,
1035,20700.0,20700.355,2026-09-17T20:27:17.988170+00:00,read,3899,4.003,True,
1036,20720.0,20720.278,2026-09-17T20:27:18.008093+00:00,read,63696,3.477,True,
1037,20740.0,20740.309,2026-09-17T20:27:18.028127+00:00,read,5567,3.827,True,
1038,20760.0,20760.36,2026-09-17T20:27:18.048180+00:00,read,89650,3.811,True,
1039,20780.0,20780.201,2026-09-17T20:27:18.068015+00:00,write,85187,2.452,True,
1040,20800.0,20800.429,2026-09-17T20:27:18.088244+00:00,read,26268,3.707,True,
1041,20820.0,20820.443,2026-09-17T20:27:18.108261+00:00,read,89715,3.742,True,
1042,20840.0,20840.487,2026-09-17T20:27:18.128383+00:00,read,24391,3.914,True,
1043,20860.0,20860.275,2026-09-17T20:27:18.148093+00:00,read,82331,3.585,True,
1044,20880.0,20880.389,2026-09-17T20:27:18.168203+00:00,read,48481,2.953,True,
1045,20900.0,20900.205,2026-09-17T20:27:18.188020+00:00,read,80015,3.398,True,
1046,20920.0,20920.268,2026-09-17T20:27:18.208077+00:00,read,18146,2.853,True,
1047,20940.0,20940.177,2026-09-17T20:27:18.228004+00:00,write,79024,2.452,True,
1048,20960.0,20960.279,2026-09-17T20:27:18.248092+00:00,read,62981,18.983,True,
1049,20980.0,20980.126,2026-09-17T20:27:18.267934+00:00,read,14723,2.678,True,
1050,21000.0,21000.41,2026-09-17T20:27:18.288228+00:00,read,15140,3.636,True,
1051,21020.0,21020.294,2026-09-17T20:27:18.308107+00:00,read,40527,3.575,True,
1052,21040.0,21040.415,2026-09-17T20:27:18.328228+00:00,read,78011,3.8,True,
1053,21060.0,21060.167,2026-09-17T20:27:18.347977+00:00,read,4030,2.671,True,
1054,21080.0,21080.375,2026-09-17T20:27:18.368187+00:00,read,98529,3.044,True,
1055,21100.0,21100.222,2026-09-17T20:27:18.388040+00:00,read,74458,3.614,True,
1056,21120.0,21120.378,2026-09-17T20:27:18.408192+00:00,read,6542,3.578,True,
1057,21140.0,21140.204,2026-09-17T20:27:18.428013+00:00,write,87455,2.368,True,
1058,21160.0,21160.134,2026-09-17T20:27:18.447943+00:00,read,62331,2.724,True,
1059,21180.0,21180.291,2026-09-17T20:27:18.468099+00:00,read,57062,2.797,True,
1060,21200.0,21200.312,2026-09-17T20:27:18.488126+00:00,write,85288,2.842,True,
1061,21220.0,21220.182,2026-09-17T20:27:18.507991+00:00,read,14112,2.512,True,
1062,21240.0,21240.288,2026-09-17T20:27:18.528095+00:00,read,97690,2.54,True,
1063,21260.0,21260.249,2026-09-17T20:27:18.548055+00:00,read,36170,2.438,True,
1064,21280.0,21280.305,2026-09-17T20:27:18.568112+00:00,read,77860,2.419,True,
1065,21300.0,21300.268,2026-09-17T20:27:18.588076+00:00,write,42997,1.901,True,
1066,21320.0,21320.121,2026-09-17T20:27:18.607928+00:00,read,41903,2.395,True,
1067,21340.0,21340.349,2026-09-17T20:27:18.628154+00:00,read,48043,2.414,True,
1068,21360.0,21360.24,2026-09-17T20:27:18.648054+00:00,write,28129,2.885,True,
1069,21380.0,21380.254,2026-09-17T20:27:18.668064+00:00,read,31373,3.074,True,
1070,21400.0,21400.154,2026-09-17T20:27:18.687962+00:00,write,36339,2.172,True,
1071,21420.0,21420.412,2026-09-17T20:27:18.708224+00:00,read,94471,3.411,True,
1072,21440.0,21440.505,2026-09-17T20:27:18.728315+00:00,write,42274,3.01,True,
1073,21460.0,21460.159,2026-09-17T20:27:18.747967+00:00,read,74776,2.752,True,
1074,21480.0,21480.224,2026-09-17T20:27:18.768033+00:00,read,53844,3.039,True,
1075,21500.0,21500.477,2026-09-17T20:27:18.788287+00:00,read,53529,3.367,True,
1076,21520.0,21520.317,2026-09-17T20:27:18.808126+00:00,read,99946,3.203,True,
1077,21540.0,21540.377,2026-09-17T20:27:18.828187+00:00,write,62800,2.838,True,
1078,21560.0,21560.22,2026-09-17T20:27:18.848028+00:00,read,91606,2.274,True,
1079,21580.0,21580.28,2026-09-17T20:27:18.868093+00:00,read,76912,3.207,True,
1080,21600.0,21600.337,2026-09-17T20:27:18.888149+00:00,write,28628,2.385,True,
1081,21620.0,21620.243,2026-09-17T20:27:18.908056+00:00,read,48849,3.524,True,
1082,21640.0,21640.322,2026-09-17T20:27:18.928137+00:00,read,78337,3.865,True,
1083,21660.0,21660.286,2026-09-17T20:27:18.948098+00:00,read,92693,3.599,True,
1084,21680.0,21680.406,2026-09-17T20:27:18.968215+00:00,read,4060,3.11,True,
1085,21700.0,21700.448,2026-09-17T20:27:18.988264+00:00,read,8515,3.741,True,
1086,21720.0,21720.195,2026-09-17T20:27:19.008007+00:00,read,39872,3.519,True,
1087,21740.0,21740.365,2026-09-17T20:27:19.028182+00:00,read,97334,4.229,True,
1088,21760.0,21760.504,2026-09-17T20:27:19.048313+00:00,read,17512,3.471,True,
1089,21780.0,21780.204,2026-09-17T20:27:19.068012+00:00,read,93984,2.487,True,
1090,21800.0,21800.3,2026-09-17T20:27:19.088113+00:00,read,511,3.621,True,
1091,21820.0,21820.289,2026-09-17T20:27:19.108098+00:00,read,9856,3.367,True,
1092,21840.0,21840.376,2026-09-17T20:27:19.128189+00:00,read,58578,3.892,True,
1093,21860.0,21860.609,2026-09-17T20:27:19.148422+00:00,read,51793,3.447,True,
1094,21880.0,21880.612,2026-09-17T20:27:19.168425+00:00,read,95037,3.284,True,
1095,21900.0,21900.3,2026-09-17T20:27:19.188111+00:00,write,38354,2.911,True,
1096,21920.0,21920.434,2026-09-17T20:27:19.208247+00:00,read,33596,3.412,True,
1097,21940.0,21940.246,2026-09-17T20:27:19.228062+00:00,read,32762,3.597,True,
1098,21960.0,21960.389,2026-09-17T20:27:19.248210+00:00,read,39120,3.927,True,
1099,21980.0,21980.278,2026-09-17T20:27:19.268094+00:00,read,78391,2.88,True,
1100,22000.0,22000.372,2026-09-17T20:27:19.288185+00:00,read,19428,3.608,True,
1101,22020.0,22020.401,2026-09-17T20:27:19.308212+00:00,read,60298,3.291,True,
1102,22040.0,22040.31,2026-09-17T20:27:19.328120+00:00,read,78742,3.238,True,
1103,22060.0,22060.294,2026-09-17T20:27:19.348106+00:00,read,4436,3.656,True,
1104,22080.0,22080.443,2026-09-17T20:27:19.368253+00:00,write,95531,2.531,True,
1105,22100.0,22100.404,2026-09-17T20:27:19.388214+00:00,read,38206,2.787,True,
1106,22120.0,22120.141,2026-09-17T20:27:19.407956+00:00,read,73376,3.315,True,
1107,22140.0,22140.309,2026-09-17T20:27:19.428123+00:00,read,47,3.086,True,
1108,22160.0,22160.257,2026-09-17T20:27:19.448071+00:00,write,1023,2.813,True,
1109,22180.0,22180.34,2026-09-17T20:27:19.468155+00:00,read,19975,3.522,True,
1110,22200.0,22200.207,2026-09-17T20:27:19.488024+00:00,read,85028,3.46,True,
1111,22220.0,22220.253,2026-09-17T20:27:19.508064+00:00,read,73571,2.915,True,
1112,22240.0,22240.357,2026-09-17T20:27:19.528172+00:00,read,54567,3.715,True,
1113,22260.0,22260.475,2026-09-17T20:27:19.548286+00:00,write,78235,3.073,True,
1114,22280.0,22280.431,2026-09-17T20:27:19.568243+00:00,read,38331,3.553,True,
1115,22300.0,22300.339,2026-09-17T20:27:19.588153+00:00,read,39843,3.153,True,
1116,22320.0,22320.385,2026-09-17T20:27:19.608194+00:00,read,22135,3.403,True,
1117,22340.0,22340.355,2026-09-17T20:27:19.628169+00:00,write,69027,2.908,True,
1118,22360.0,22360.259,2026-09-17T20:27:19.648071+00:00,read,99700,2.874,True,
1119,22380.0,22380.173,2026-09-17T20:27:19.667982+00:00,write,67533,2.353,True,
1120,22400.0,22400.18,2026-09-17T20:27:19.687988+00:00,write,15596,2.085,True,
1121,22420.0,22420.264,2026-09-17T20:27:19.708071+00:00,write,40668,1.942,True,
1122,22440.0,22440.166,2026-09-17T20:27:19.727978+00:00,read,80622,3.374,True,
1123,22460.0,22460.308,2026-09-17T20:27:19.748124+00:00,read,63589,3.287,True,
1124,22480.0,22480.324,2026-09-17T20:27:19.768140+00:00,read,24735,3.089,True,
1125,22500.0,22500.345,2026-09-17T20:27:19.788157+00:00,read,3334,3.02,True,
1126,22520.0,22520.594,2026-09-17T20:27:19.808408+00:00,read,74162,3.405,True,
1127,22540.0,22540.374,2026-09-17T20:27:19.828189+00:00,read,30898,3.051,True,
1128,22560.0,22560.212,2026-09-17T20:27:19.848028+00:00,read,88636,3.866,True,
1129,22580.0,22580.278,2026-09-17T20:27:19.868095+00:00,read,59423,3.455,True,
1130,22600.0,22600.24,2026-09-17T20:27:19.888057+00:00,read,83950,3.592,True,
1131,22620.0,22620.294,2026-09-17T20:27:19.908109+00:00,read,98041,3.659,True,
1132,22640.0,22640.165,2026-09-17T20:27:19.927976+00:00,read,59609,2.775,True,
1133,22660.0,22660.221,2026-09-17T20:27:19.948038+00:00,read,15010,3.177,True,
1134,22680.0,22680.224,2026-09-17T20:27:19.968042+00:00,read,55011,4.29,True,
1135,22700.0,22700.272,2026-09-17T20:27:19.988088+00:00,read,631,3.464,True,
1136,22720.0,22720.171,2026-09-17T20:27:20.007987+00:00,read,89731,3.249,True,
1137,22740.0,22740.15,2026-09-17T20:27:20.027965+00:00,write,12144,3.578,True,
1138,22760.0,22760.157,2026-09-17T20:27:20.047969+00:00,write,27740,1.806,True,
1139,22780.0,22780.116,2026-09-17T20:27:20.067927+00:00,write,4371,1.815,True,
1140,22800.0,22800.147,2026-09-17T20:27:20.087957+00:00,write,76310,2.0,True,
1141,22820.0,22820.285,2026-09-17T20:27:20.108095+00:00,read,82649,3.017,True,
1142,22840.0,22840.293,2026-09-17T20:27:20.128103+00:00,write,99639,3.03,True,
1143,22860.0,22860.429,2026-09-17T20:27:20.148238+00:00,read,33466,3.502,True,
1144,22880.0,22880.206,2026-09-17T20:27:20.168017+00:00,read,44534,2.868,True,
1145,22900.0,22900.286,2026-09-17T20:27:20.188096+00:00,write,70899,3.197,True,
1146,22920.0,22920.232,2026-09-17T20:27:20.208044+00:00,read,23506,3.717,True,
1147,22940.0,22940.296,2026-09-17T20:27:20.228109+00:00,write,14253,2.802,True,
1148,22960.0,22960.445,2026-09-17T20:27:20.248260+00:00,read,37059,3.533,True,
1149,22980.0,22980.283,2026-09-17T20:27:20.268094+00:00,read,14237,2.926,True,
1150,23000.0,23000.209,2026-09-17T20:27:20.288023+00:00,write,44765,2.717,True,
1151,23020.0,23020.325,2026-09-17T20:27:20.308141+00:00,read,29220,4.015,True,
1152,23040.0,23040.202,2026-09-17T20:27:20.328012+00:00,read,62361,3.026,True,
1153,23060.0,23060.196,2026-09-17T20:27:20.348013+00:00,read,31513,3.468,True,
1154,23080.0,23080.181,2026-09-17T20:27:20.367995+00:00,read,73014,3.215,True,
1155,23100.0,23100.272,2026-09-17T20:27:20.388085+00:00,read,54294,3.005,True,
1156,23120.0,23120.201,2026-09-17T20:27:20.408014+00:00,write,94834,2.647,True,
1157,23140.0,23140.386,2026-09-17T20:27:20.428202+00:00,read,74365,3.521,True,
1158,23160.0,23160.176,2026-09-17T20:27:20.447988+00:00,read,87083,3.809,True,
1159,23180.0,23180.164,2026-09-17T20:27:20.467977+00:00,read,31671,3.048,True,
1160,23200.0,23200.289,2026-09-17T20:27:20.488104+00:00,read,6879,3.553,True,
1161,23220.0,23220.27,2026-09-17T20:27:20.508085+00:00,read,44017,2.875,True,
1162,23240.0,23240.418,2026-09-17T20:27:20.528233+00:00,read,52150,3.726,True,
1163,23260.0,23260.237,2026-09-17T20:27:20.548048+00:00,write,42356,2.695,True,
1164,23280.0,23280.193,2026-09-17T20:27:20.568010+00:00,read,71545,3.236,True,
1165,23300.0,23300.317,2026-09-17T20:27:20.588130+00:00,write,75927,2.871,True,
1166,23320.0,23320.283,2026-09-17T20:27:20.608099+00:00,read,44081,3.829,True,
1167,23340.0,23340.273,2026-09-17T20:27:20.628085+00:00,read,69448,3.488,True,
1168,23360.0,23360.247,2026-09-17T20:27:20.648058+00:00,write,70759,3.162,True,
1169,23380.0,23380.156,2026-09-17T20:27:20.667968+00:00,read,40259,2.94,True,
1170,23400.0,23400.284,2026-09-17T20:27:20.688097+00:00,read,63726,3.093,True,
1171,23420.0,23420.257,2026-09-17T20:27:20.708069+00:00,read,90586,2.895,True,
1172,23440.0,23440.256,2026-09-17T20:27:20.728067+00:00,read,30973,3.092,True,
1173,23460.0,23460.336,2026-09-17T20:27:20.748149+00:00,read,27956,3.106,True,
1174,23480.0,23480.427,2026-09-17T20:27:20.768240+00:00,read,45129,2.703,True,
1175,23500.0,23500.392,2026-09-17T20:27:20.788208+00:00,read,45513,3.512,True,
1176,23520.0,23520.606,2026-09-17T20:27:20.808424+00:00,read,94028,3.268,True,
1177,23540.0,23540.433,2026-09-17T20:27:20.828245+00:00,write,67765,3.109,True,
1178,23560.0,23560.231,2026-09-17T20:27:20.848049+00:00,read,90873,3.617,True,
1179,23580.0,23580.332,2026-09-17T20:27:20.868145+00:00,read,25031,3.223,True,
1180,23600.0,23600.282,2026-09-17T20:27:20.888091+00:00,write,14751,2.872,True,
1181,23620.0,23620.51,2026-09-17T20:27:20.908324+00:00,read,48985,3.913,True,
1182,23640.0,23640.552,2026-09-17T20:27:20.928367+00:00,read,78431,2.913,True,
1183,23660.0,23660.327,2026-09-17T20:27:20.948142+00:00,write,13981,3.439,True,
1184,23680.0,23680.355,2026-09-17T20:27:20.968165+00:00,read,43651,3.327,True,
1185,23700.0,23700.456,2026-09-17T20:27:20.988269+00:00,read,88001,3.403,True,
1186,23720.0,23720.237,2026-09-17T20:27:21.008048+00:00,write,17825,2.943,True,
1187,23740.0,23740.505,2026-09-17T20:27:21.028324+00:00,read,96457,3.761,True,
1188,23760.0,23760.461,2026-09-17T20:27:21.048279+00:00,read,27786,3.507,True,
1189,23780.0,23780.164,2026-09-17T20:27:21.067978+00:00,read,57919,3.717,True,
1190,23800.0,23800.325,2026-09-17T20:27:21.088140+00:00,read,91705,3.494,True,
1191,23820.0,23820.334,2026-09-17T20:27:21.108145+00:00,read,89424,3.307,True,
1192,23840.0,23840.397,2026-09-17T20:27:21.128208+00:00,read,44024,3.603,True,
1193,23860.0,23860.209,2026-09-17T20:27:21.148023+00:00,write,88524,3.355,True,
1194,23880.0,23880.304,2026-09-17T20:27:21.168115+00:00,write,49682,2.447,True,
1195,23900.0,23900.293,2026-09-17T20:27:21.188105+00:00,write,11818,3.323,True,
1196,23920.0,23920.268,2026-09-17T20:27:21.208085+00:00,read,39686,3.025,True,
1197,23940.0,23940.414,2026-09-17T20:27:21.228225+00:00,read,99471,2.872,True,
1198,23960.0,23960.236,2026-09-17T20:27:21.248046+00:00,read,24703,3.029,True,
1199,23980.0,23980.393,2026-09-17T20:27:21.268206+00:00,read,87427,2.964,True,
1200,24000.0,24000.3,2026-09-17T20:27:21.288113+00:00,read,1607,2.788,True,
1201,24020.0,24020.389,2026-09-17T20:27:21.308198+00:00,read,8129,2.824,True,
1202,24040.0,24040.28,2026-09-17T20:27:21.328089+00:00,read,38984,2.611,True,
1203,24060.0,24060.191,2026-09-17T20:27:21.348002+00:00,write,30429,2.5,True,
1204,24080.0,24080.261,2026-09-17T20:27:21.368072+00:00,read,89957,2.759,True,
1205,24100.0,24100.392,2026-09-17T20:27:21.388204+00:00,read,68491,2.815,True,
1206,24120.0,24120.391,2026-09-17T20:27:21.408199+00:00,read,46157,2.471,True,
1207,24140.0,24140.195,2026-09-17T20:27:21.428014+00:00,read,18704,4.265,True,
1208,24160.0,24160.218,2026-09-17T20:27:21.448040+00:00,read,43486,5.397,True,
1209,24180.0,24180.248,2026-09-17T20:27:21.468069+00:00,read,42847,3.679,True,
1210,24200.0,24200.378,2026-09-17T20:27:21.488197+00:00,read,10595,4.727,True,
1211,24220.0,24220.261,2026-09-17T20:27:21.508082+00:00,read,40336,3.775,True,
1212,24240.0,24240.29,2026-09-17T20:27:21.528110+00:00,write,64291,3.566,True,
1213,24260.0,24260.28,2026-09-17T20:27:21.548098+00:00,write,81011,3.146,True,
1214,24280.0,24280.302,2026-09-17T20:27:21.568117+00:00,read,71073,3.231,True,
1215,24300.0,24300.398,2026-09-17T20:27:21.588211+00:00,read,61742,2.979,True,
1216,24320.0,24320.286,2026-09-17T20:27:21.608103+00:00,read,75713,2.967,True,
1217,24340.0,24340.291,2026-09-17T20:27:21.628104+00:00,read,18990,3.07,True,
1218,24360.0,24360.262,2026-09-17T20:27:21.648076+00:00,write,33921,3.252,True,
1219,24380.0,24380.294,2026-09-17T20:27:21.668108+00:00,read,24617,3.506,True,
1220,24400.0,24400.282,2026-09-17T20:27:21.688093+00:00,read,49310,3.023,True,
1221,24420.0,24420.308,2026-09-17T20:27:21.708120+00:00,read,18491,2.638,True,
1222,24440.0,24440.359,2026-09-17T20:27:21.728171+00:00,read,57133,3.287,True,
1223,24460.0,24460.214,2026-09-17T20:27:21.748029+00:00,write,99451,2.88,True,
1224,24480.0,24480.202,2026-09-17T20:27:21.768015+00:00,read,44584,3.42,True,
1225,24500.0,24500.216,2026-09-17T20:27:21.788032+00:00,write,3631,2.971,True,
1226,24520.0,24520.27,2026-09-17T20:27:21.808085+00:00,read,86134,3.262,True,
1227,24540.0,24540.486,2026-09-17T20:27:21.828297+00:00,write,82551,2.648,True,
1228,24560.0,24560.334,2026-09-17T20:27:21.848143+00:00,write,31856,2.019,True,
1229,24580.0,24580.282,2026-09-17T20:27:21.868095+00:00,read,71458,3.731,True,
1230,24600.0,24600.283,2026-09-17T20:27:21.888096+00:00,read,28800,3.522,True,
1231,24620.0,24620.286,2026-09-17T20:27:21.908101+00:00,read,3157,3.505,True,
1232,24640.0,24640.384,2026-09-17T20:27:21.928199+00:00,read,97957,3.95,True,
1233,24660.0,24660.299,2026-09-17T20:27:21.948113+00:00,read,88571,3.475,True,
1234,24680.0,24680.309,2026-09-17T20:27:21.968125+00:00,read,76038,3.515,True,
1235,24700.0,24700.298,2026-09-17T20:27:21.988114+00:00,write,42594,3.306,True,
1236,24720.0,24720.22,2026-09-17T20:27:22.008037+00:00,read,68268,3.734,True,
1237,24740.0,24740.197,2026-09-17T20:27:22.028013+00:00,read,18309,3.62,True,
1238,24760.0,24760.375,2026-09-17T20:27:22.048190+00:00,read,68923,3.855,True,
1239,24780.0,24780.211,2026-09-17T20:27:22.068029+00:00,read,89315,2.769,True,
1240,24800.0,24800.298,2026-09-17T20:27:22.088115+00:00,read,28523,3.747,True,
1241,24820.0,24820.217,2026-09-17T20:27:22.108033+00:00,read,27689,3.985,True,
1242,24840.0,24840.278,2026-09-17T20:27:22.128090+00:00,read,56063,3.323,True,
1243,24860.0,24860.192,2026-09-17T20:27:22.148006+00:00,read,18623,3.108,True,
1244,24880.0,24880.186,2026-09-17T20:27:22.168004+00:00,write,33735,2.956,True,
1245,24900.0,24900.359,2026-09-17T20:27:22.188181+00:00,read,85611,4.099,True,
1246,24920.0,24920.295,2026-09-17T20:27:22.208109+00:00,write,22286,18.343,True,
1247,24940.0,24940.27,2026-09-17T20:27:22.228080+00:00,read,5773,3.579,True,
1248,24960.0,24960.283,2026-09-17T20:27:22.248100+00:00,read,87889,4.165,True,
1249,24980.0,24980.203,2026-09-17T20:27:22.268017+00:00,read,50070,3.222,True,
1250,25000.0,25000.471,2026-09-17T20:27:22.288285+00:00,read,3426,3.535,True,
1251,25020.0,25020.485,2026-09-17T20:27:22.308303+00:00,read,22445,3.96,True,
1252,25040.0,25040.239,2026-09-17T20:27:22.328056+00:00,read,13511,3.289,True,
1253,25060.0,25060.373,2026-09-17T20:27:22.348190+00:00,write,18894,3.291,True,
1254,25080.0,25080.258,2026-09-17T20:27:22.368075+00:00,read,27538,3.598,True,
1255,25100.0,25100.325,2026-09-17T20:27:22.388142+00:00,read,3297,3.761,True,
1256,25120.0,25120.211,2026-09-17T20:27:22.408027+00:00,write,23218,3.478,True,
1257,25140.0,25140.461,2026-09-17T20:27:22.428275+00:00,read,97962,3.896,True,
1258,25160.0,25160.221,2026-09-17T20:27:22.448035+00:00,read,58603,3.083,True,
1259,25180.0,25180.315,2026-09-17T20:27:22.468131+00:00,read,32152,3.756,True,
1260,25200.0,25200.311,2026-09-17T20:27:22.488128+00:00,read,20545,3.664,True,
1261,25220.0,25220.195,2026-09-17T20:27:22.508007+00:00,read,90842,3.499,True,
1262,25240.0,25240.282,2026-09-17T20:27:22.528096+00:00,read,5836,3.58,True,
1263,25260.0,25260.302,2026-09-17T20:27:22.548114+00:00,read,28364,3.072,True,
1264,25280.0,25280.372,2026-09-17T20:27:22.568186+00:00,read,76508,3.449,True,
1265,25300.0,25300.388,2026-09-17T20:27:22.588204+00:00,read,20130,3.914,True,
1266,25320.0,25320.373,2026-09-17T20:27:22.608187+00:00,read,91861,3.74,True,
1267,25340.0,25340.594,2026-09-17T20:27:22.628408+00:00,read,5251,3.622,True,
1268,25360.0,25360.347,2026-09-17T20:27:22.648164+00:00,read,18443,3.969,True,
1269,25380.0,25380.189,2026-09-17T20:27:22.668005+00:00,read,23653,3.39,True,
1270,25400.0,25400.267,2026-09-17T20:27:22.688085+00:00,write,69139,3.067,True,
1271,25420.0,25420.423,2026-09-17T20:27:22.708240+00:00,write,70985,3.915,True,
1272,25440.0,25440.449,2026-09-17T20:27:22.728262+00:00,write,14945,3.152,True,
1273,25460.0,25460.337,2026-09-17T20:27:22.748153+00:00,write,76559,2.972,True,
1274,25480.0,25480.31,2026-09-17T20:27:22.768125+00:00,read,20720,4.006,True,
1275,25500.0,25500.213,2026-09-17T20:27:22.788028+00:00,read,50794,3.245,True,
1276,25520.0,25520.462,2026-09-17T20:27:22.808276+00:00,read,34084,3.698,True,
1277,25540.0,25540.289,2026-09-17T20:27:22.828107+00:00,read,3732,3.688,True,
1278,25560.0,25560.287,2026-09-17T20:27:22.848109+00:00,write,8316,3.241,True,
1279,25580.0,25580.314,2026-09-17T20:27:22.868129+00:00,read,34543,3.05,True,
1280,25600.0,25600.461,2026-09-17T20:27:22.888274+00:00,read,32183,3.2,True,
1281,25620.0,25620.206,2026-09-17T20:27:22.908015+00:00,read,97504,3.487,True,
1282,25640.0,25640.466,2026-09-17T20:27:22.928284+00:00,read,10607,3.897,True,
1283,25660.0,25660.275,2026-09-17T20:27:22.948090+00:00,read,21208,3.397,True,
1284,25680.0,25680.294,2026-09-17T20:27:22.968106+00:00,read,58559,3.343,True,
1285,25700.0,25700.34,2026-09-17T20:27:22.988156+00:00,read,71803,3.57,True,
1286,25720.0,25720.207,2026-09-17T20:27:23.008016+00:00,read,23836,3.203,True,
1287,25740.0,25740.49,2026-09-17T20:27:23.028302+00:00,write,93305,2.743,True,
1288,25760.0,25760.223,2026-09-17T20:27:23.048035+00:00,write,5975,2.925,True,
1289,25780.0,25780.574,2026-09-17T20:27:23.068388+00:00,write,57858,2.859,True,
1290,25800.0,25800.348,2026-09-17T20:27:23.088160+00:00,read,53696,3.46,True,
1291,25820.0,25820.394,2026-09-17T20:27:23.108210+00:00,read,42226,4.424,True,
1292,25840.0,25840.323,2026-09-17T20:27:23.128133+00:00,write,72098,3.13,True,
1293,25860.0,25860.382,2026-09-17T20:27:23.148196+00:00,read,38967,3.575,True,
1294,25880.0,25880.214,2026-09-17T20:27:23.168029+00:00,read,85192,2.741,True,
1295,25900.0,25900.238,2026-09-17T20:27:23.188052+00:00,read,32377,3.572,True,
1296,25920.0,25920.211,2026-09-17T20:27:23.208023+00:00,read,46780,3.596,True,
1297,25940.0,25940.268,2026-09-17T20:27:23.228081+00:00,read,91511,3.696,True,
1298,25960.0,25960.271,2026-09-17T20:27:23.248084+00:00,read,32895,2.947,True,
1299,25980.0,25980.271,2026-09-17T20:27:23.268086+00:00,read,81933,2.531,True,
1300,26000.0,26000.402,2026-09-17T20:27:23.288219+00:00,read,49428,3.567,True,
1301,26020.0,26020.375,2026-09-17T20:27:23.308189+00:00,write,84293,2.47,True,
1302,26040.0,26040.415,2026-09-17T20:27:23.328225+00:00,read,92992,3.091,True,
1303,26060.0,26060.279,2026-09-17T20:27:23.348092+00:00,read,45026,3.225,True,
1304,26080.0,26080.248,2026-09-17T20:27:23.368062+00:00,read,4072,2.555,True,
1305,26100.0,26100.31,2026-09-17T20:27:23.388123+00:00,read,30384,3.325,True,
1306,26120.0,26120.41,2026-09-17T20:27:23.408218+00:00,read,43117,2.534,True,
1307,26140.0,26140.39,2026-09-17T20:27:23.428198+00:00,read,88295,2.838,True,
1308,26160.0,26160.281,2026-09-17T20:27:23.448088+00:00,read,96859,2.166,True,
1309,26180.0,26180.279,2026-09-17T20:27:23.468088+00:00,read,85753,2.892,True,
1310,26200.0,26200.284,2026-09-17T20:27:23.488096+00:00,read,10860,2.68,True,
1311,26220.0,26220.317,2026-09-17T20:27:23.508127+00:00,read,33383,3.024,True,
1312,26240.0,26240.171,2026-09-17T20:27:23.527983+00:00,read,12287,2.664,True,
1313,26260.0,26260.359,2026-09-17T20:27:23.548170+00:00,read,50649,2.727,True,
1314,26280.0,26280.289,2026-09-17T20:27:23.568103+00:00,read,95248,3.158,True,
1315,26300.0,26300.387,2026-09-17T20:27:23.588202+00:00,read,68873,3.48,True,
1316,26320.0,26320.262,2026-09-17T20:27:23.608073+00:00,read,69402,3.47,True,
1317,26340.0,26340.359,2026-09-17T20:27:23.628169+00:00,read,15492,2.975,True,
1318,26360.0,26360.277,2026-09-17T20:27:23.648092+00:00,read,77439,3.502,True,
1319,26380.0,26380.317,2026-09-17T20:27:23.668130+00:00,read,32948,3.412,True,
1320,26400.0,26400.291,2026-09-17T20:27:23.688107+00:00,read,3797,3.603,True,
1321,26420.0,26420.164,2026-09-17T20:27:23.707976+00:00,read,76151,3.157,True,
1322,26440.0,26440.357,2026-09-17T20:27:23.728167+00:00,read,81639,3.996,True,
1323,26460.0,26460.234,2026-09-17T20:27:23.748043+00:00,read,62780,3.087,True,
1324,26480.0,26480.361,2026-09-17T20:27:23.768172+00:00,read,96182,3.329,True,
1325,26500.0,26500.316,2026-09-17T20:27:23.788129+00:00,read,81734,3.152,True,
1326,26520.0,26520.376,2026-09-17T20:27:23.808188+00:00,read,1440,3.603,True,
1327,26540.0,26540.563,2026-09-17T20:27:23.828378+00:00,read,77146,3.285,True,
1328,26560.0,26560.332,2026-09-17T20:27:23.848145+00:00,read,15341,3.649,True,
1329,26580.0,26580.292,2026-09-17T20:27:23.868111+00:00,read,82168,3.923,True,
1330,26600.0,26600.243,2026-09-17T20:27:23.888061+00:00,read,97629,4.022,True,
1331,26620.0,26620.521,2026-09-17T20:27:23.908339+00:00,read,53847,3.928,True,
1332,26640.0,26640.332,2026-09-17T20:27:23.928149+00:00,read,82705,3.728,True,
1333,26660.0,26660.32,2026-09-17T20:27:23.948136+00:00,read,39433,3.641,True,
1334,26680.0,26680.406,2026-09-17T20:27:23.968224+00:00,read,42552,4.154,True,
1335,26700.0,26700.408,2026-09-17T20:27:23.988222+00:00,read,17029,3.762,True,
1336,26720.0,26720.418,2026-09-17T20:27:24.008235+00:00,read,20005,3.737,True,
1337,26740.0,26740.239,2026-09-17T20:27:24.028052+00:00,read,64631,4.364,True,
1338,26760.0,26760.555,2026-09-17T20:27:24.048371+00:00,read,41820,3.74,True,
1339,26780.0,26780.2,2026-09-17T20:27:24.068016+00:00,read,3628,2.713,True,
1340,26800.0,26800.355,2026-09-17T20:27:24.088174+00:00,read,33466,3.846,True,
1341,26820.0,26820.425,2026-09-17T20:27:24.108242+00:00,read,34098,3.224,True,
1342,26840.0,26840.198,2026-09-17T20:27:24.128051+00:00,read,83241,3.017,True,
1343,26860.0,26860.15,2026-09-17T20:27:24.147960+00:00,read,45069,3.3,True,
1344,26880.0,26880.178,2026-09-17T20:27:24.167989+00:00,read,18235,2.553,True,
1345,26900.0,26900.292,2026-09-17T20:27:24.188104+00:00,write,5299,2.595,True,
1346,26920.0,26920.265,2026-09-17T20:27:24.208075+00:00,read,34856,3.033,True,
1347,26940.0,26940.153,2026-09-17T20:27:24.227965+00:00,read,80255,2.997,True,
1348,26960.0,26960.298,2026-09-17T20:27:24.248116+00:00,read,42569,2.187,True,
1349,26980.0,26980.325,2026-09-17T20:27:24.268138+00:00,read,26884,2.919,True,
1350,27000.0,27000.215,2026-09-17T20:27:24.288037+00:00,write,68950,3.696,True,
1351,27020.0,27020.258,2026-09-17T20:27:24.308077+00:00,read,36423,3.655,True,
1352,27040.0,27040.237,2026-09-17T20:27:24.328054+00:00,read,38070,3.814,True,
1353,27060.0,27060.219,2026-09-17T20:27:24.348036+00:00,write,89658,3.274,True,
1354,27080.0,27080.296,2026-09-17T20:27:24.368113+00:00,read,96412,4.089,True,
1355,27100.0,27100.261,2026-09-17T20:27:24.388073+00:00,read,54540,2.982,True,
1356,27120.0,27120.343,2026-09-17T20:27:24.408153+00:00,read,36161,2.635,True,
1357,27140.0,27140.239,2026-09-17T20:27:24.428047+00:00,read,63094,2.467,True,
1358,27160.0,27160.375,2026-09-17T20:27:24.448183+00:00,read,61710,2.385,True,
1359,27180.0,27180.151,2026-09-17T20:27:24.467959+00:00,read,48103,2.606,True,
1360,27200.0,27200.42,2026-09-17T20:27:24.488229+00:00,read,87348,2.331,True,
1361,27220.0,27220.275,2026-09-17T20:27:24.508083+00:00,read,71909,2.63,True,
1362,27240.0,27240.188,2026-09-17T20:27:24.527997+00:00,read,9063,2.693,True,
1363,27260.0,27260.275,2026-09-17T20:27:24.548083+00:00,read,95509,2.679,True,
1364,27280.0,27280.288,2026-09-17T20:27:24.568097+00:00,read,10446,2.813,True,
1365,27300.0,27300.262,2026-09-17T20:27:24.588072+00:00,read,62423,2.287,True,
1366,27320.0,27320.301,2026-09-17T20:27:24.608108+00:00,read,35564,2.135,True,
1367,27340.0,27340.275,2026-09-17T20:27:24.628081+00:00,write,44606,1.959,True,
1368,27360.0,27360.212,2026-09-17T20:27:24.648018+00:00,write,70261,2.034,True,
1369,27380.0,27380.227,2026-09-17T20:27:24.668054+00:00,read,86178,2.362,True,
1370,27400.0,27400.231,2026-09-17T20:27:24.688043+00:00,read,74023,3.298,True,
1371,27420.0,27420.289,2026-09-17T20:27:24.708104+00:00,read,77916,3.798,True,
1372,27440.0,27440.269,2026-09-17T20:27:24.728081+00:00,read,40833,3.066,True,
1373,27460.0,27460.325,2026-09-17T20:27:24.748135+00:00,read,66068,2.937,True,
1374,27480.0,27480.406,2026-09-17T20:27:24.768217+00:00,write,58708,3.364,True,
1375,27500.0,27500.273,2026-09-17T20:27:24.788082+00:00,write,91741,2.833,True,
1376,27520.0,27520.357,2026-09-17T20:27:24.808166+00:00,read,68551,2.495,True,
1377,27540.0,27540.396,2026-09-17T20:27:24.828209+00:00,write,75431,3.22,True,
1378,27560.0,27560.308,2026-09-17T20:27:24.848124+00:00,read,50825,3.547,True,
1379,27580.0,27580.339,2026-09-17T20:27:24.868154+00:00,read,1793,3.918,True,
1380,27600.0,27600.228,2026-09-17T20:27:24.888041+00:00,write,94764,2.958,True,
1381,27620.0,27620.327,2026-09-17T20:27:24.908144+00:00,read,73799,3.874,True,
1382,27640.0,27640.242,2026-09-17T20:27:24.928059+00:00,write,82835,3.32,True,
1383,27660.0,27660.295,2026-09-17T20:27:24.948112+00:00,read,67507,3.483,True,
1384,27680.0,27680.398,2026-09-17T20:27:24.968208+00:00,write,12521,3.092,True,
1385,27700.0,27700.509,2026-09-17T20:27:24.988328+00:00,read,40717,3.642,True,
1386,27720.0,27720.37,2026-09-17T20:27:25.008190+00:00,write,10220,3.263,True,
1387,27740.0,27740.289,2026-09-17T20:27:25.028106+00:00,read,25695,3.859,True,
1388,27760.0,27760.241,2026-09-17T20:27:25.048060+00:00,read,84947,3.649,True,
1389,27780.0,27780.284,2026-09-17T20:27:25.068096+00:00,read,35192,3.592,True,
1390,27800.0,27800.369,2026-09-17T20:27:25.088184+00:00,read,56596,4.673,True,
1391,27820.0,27820.333,2026-09-17T20:27:25.108150+00:00,read,59656,3.849,True,
1392,27840.0,27840.272,2026-09-17T20:27:25.128090+00:00,read,52127,3.671,True,
1393,27860.0,27860.339,2026-09-17T20:27:25.148157+00:00,read,51087,3.976,True,
1394,27880.0,27880.298,2026-09-17T20:27:25.168113+00:00,write,97987,3.069,True,
1395,27900.0,27900.242,2026-09-17T20:27:25.188058+00:00,read,13822,3.672,True,
1396,27920.0,27920.355,2026-09-17T20:27:25.208167+00:00,write,18112,3.308,True,
1397,27940.0,27940.238,2026-09-17T20:27:25.228056+00:00,read,67470,3.839,True,
1398,27960.0,27960.396,2026-09-17T20:27:25.248209+00:00,write,71487,3.096,True,
1399,27980.0,27980.378,2026-09-17T20:27:25.268190+00:00,read,70767,3.545,True,
1400,28000.0,28000.247,2026-09-17T20:27:25.288056+00:00,write,802,2.585,True,
1401,28020.0,28020.257,2026-09-17T20:27:25.308069+00:00,read,69193,3.315,True,
1402,28040.0,28040.363,2026-09-17T20:27:25.328172+00:00,read,59768,2.785,True,
1403,28060.0,28060.312,2026-09-17T20:27:25.348127+00:00,write,60761,2.852,True,
1404,28080.0,28080.2,2026-09-17T20:27:25.368017+00:00,read,3103,3.722,True,
1405,28100.0,28100.293,2026-09-17T20:27:25.388110+00:00,read,45450,3.901,True,
1406,28120.0,28120.332,2026-09-17T20:27:25.408152+00:00,read,37319,4.25,True,
1407,28140.0,28140.24,2026-09-17T20:27:25.428060+00:00,read,62339,3.933,True,
1408,28160.0,28160.26,2026-09-17T20:27:25.448081+00:00,read,43604,6.611,True,
1409,28180.0,28180.404,2026-09-17T20:27:25.468223+00:00,read,84844,4.14,True,
1410,28200.0,28200.259,2026-09-17T20:27:25.488076+00:00,write,95771,2.586,True,
1411,28220.0,28220.194,2026-09-17T20:27:25.508005+00:00,read,29175,2.171,True,
1412,28240.0,28240.348,2026-09-17T20:27:25.528166+00:00,read,67319,2.623,True,
1413,28260.0,28260.327,2026-09-17T20:27:25.548137+00:00,read,93550,2.523,True,
1414,28280.0,28280.376,2026-09-17T20:27:25.568193+00:00,read,38714,3.319,True,
1415,28300.0,28300.371,2026-09-17T20:27:25.588185+00:00,read,87413,2.72,True,
1416,28320.0,28320.266,2026-09-17T20:27:25.608075+00:00,read,45133,3.498,True,
1417,28340.0,28340.38,2026-09-17T20:27:25.628194+00:00,write,48574,2.308,True,
1418,28360.0,28360.413,2026-09-17T20:27:25.648228+00:00,write,90556,2.202,True,
1419,28380.0,28380.221,2026-09-17T20:27:25.668033+00:00,read,47568,1.983,True,
1420,28400.0,28400.233,2026-09-17T20:27:25.688047+00:00,read,71777,3.326,True,
1421,28420.0,28420.139,2026-09-17T20:27:25.707951+00:00,write,66015,1.929,True,
1422,28440.0,28440.138,2026-09-17T20:27:25.727949+00:00,write,78809,1.812,True,
1423,28460.0,28460.319,2026-09-17T20:27:25.748135+00:00,read,78483,3.512,True,
1424,28480.0,28480.438,2026-09-17T20:27:25.768249+00:00,read,51556,2.895,True,
1425,28500.0,28500.354,2026-09-17T20:27:25.788172+00:00,write,52024,3.283,True,
1426,28520.0,28520.266,2026-09-17T20:27:25.808085+00:00,write,44142,2.839,True,
1427,28540.0,28540.341,2026-09-17T20:27:25.828159+00:00,read,68204,4.422,True,
1428,28560.0,28560.192,2026-09-17T20:27:25.848003+00:00,read,17580,2.938,True,
1429,28580.0,28580.207,2026-09-17T20:27:25.868016+00:00,write,67909,2.457,True,
1430,28600.0,28600.355,2026-09-17T20:27:25.888166+00:00,read,3396,3.155,True,
1431,28620.0,28620.331,2026-09-17T20:27:25.908143+00:00,read,69190,3.496,True,
1432,28640.0,28640.409,2026-09-17T20:27:25.928227+00:00,write,76109,2.986,True,
1433,28660.0,28660.323,2026-09-17T20:27:25.948139+00:00,read,81191,3.627,True,
1434,28680.0,28680.242,2026-09-17T20:27:25.968061+00:00,read,68040,4.205,True,
1435,28700.0,28700.231,2026-09-17T20:27:25.988049+00:00,read,85995,4.185,True,
1436,28720.0,28720.239,2026-09-17T20:27:26.008057+00:00,read,84027,4.201,True,
1437,28740.0,28740.346,2026-09-17T20:27:26.028164+00:00,read,82557,4.34,True,
1438,28760.0,28760.338,2026-09-17T20:27:26.048159+00:00,read,89714,3.781,True,
1439,28780.0,28780.195,2026-09-17T20:27:26.068007+00:00,read,52508,2.346,True,
1440,28800.0,28800.243,2026-09-17T20:27:26.088059+00:00,read,9362,3.632,True,
1441,28820.0,28820.287,2026-09-17T20:27:26.108102+00:00,read,3504,3.618,True,
1442,28840.0,28840.27,2026-09-17T20:27:26.128086+00:00,write,31186,3.228,True,
1443,28860.0,28860.16,2026-09-17T20:27:26.147976+00:00,write,57287,3.37,True,
1444,28880.0,28880.34,2026-09-17T20:27:26.168155+00:00,read,36471,4.064,True,
1445,28900.0,28900.229,2026-09-17T20:27:26.188046+00:00,read,46870,3.365,True,
1446,28920.0,28920.303,2026-09-17T20:27:26.208117+00:00,read,51614,3.082,True,
1447,28940.0,28940.304,2026-09-17T20:27:26.228116+00:00,read,98370,3.081,True,
1448,28960.0,28960.197,2026-09-17T20:27:26.248009+00:00,read,34576,3.086,True,
1449,28980.0,28980.322,2026-09-17T20:27:26.268138+00:00,read,16577,3.637,True,
1450,29000.0,29000.297,2026-09-17T20:27:26.288110+00:00,read,51571,3.285,True,
1451,29020.0,29020.275,2026-09-17T20:27:26.308092+00:00,write,42710,3.338,True,
1452,29040.0,29040.246,2026-09-17T20:27:26.328061+00:00,read,97108,3.408,True,
1453,29060.0,29060.175,2026-09-17T20:27:26.347983+00:00,read,90371,2.593,True,
1454,29080.0,29080.212,2026-09-17T20:27:26.368024+00:00,read,8591,3.339,True,
1455,29100.0,29100.287,2026-09-17T20:27:26.388099+00:00,read,56152,2.929,True,
1456,29120.0,29120.229,2026-09-17T20:27:26.408041+00:00,write,50351,2.486,True,
1457,29140.0,29140.313,2026-09-17T20:27:26.428129+00:00,read,41152,3.179,True,
1458,29160.0,29160.266,2026-09-17T20:27:26.448083+00:00,read,31166,3.708,True,
1459,29180.0,29180.302,2026-09-17T20:27:26.468119+00:00,write,27081,3.666,True,
1460,29200.0,29200.273,2026-09-17T20:27:26.488089+00:00,read,24675,3.697,True,
1461,29220.0,29220.28,2026-09-17T20:27:26.508155+00:00,write,43468,3.435,True,
1462,29240.0,29240.293,2026-09-17T20:27:26.528110+00:00,write,51608,3.297,True,
1463,29260.0,29260.239,2026-09-17T20:27:26.548057+00:00,read,98167,4.653,True,
1464,29280.0,29280.268,2026-09-17T20:27:26.568080+00:00,read,86168,2.84,True,
1465,29300.0,29300.326,2026-09-17T20:27:26.588143+00:00,read,60723,3.566,True,
1466,29320.0,29320.396,2026-09-17T20:27:26.608212+00:00,write,69514,3.115,True,
1467,29340.0,29340.287,2026-09-17T20:27:26.628097+00:00,read,15856,2.981,True,
1468,29360.0,29360.387,2026-09-17T20:27:26.648198+00:00,read,28941,3.617,True,
1469,29380.0,29380.242,2026-09-17T20:27:26.668058+00:00,write,9133,3.265,True,
1470,29400.0,29400.191,2026-09-17T20:27:26.688001+00:00,read,63961,3.167,True,
1471,29420.0,29420.389,2026-09-17T20:27:26.708205+00:00,read,84171,3.208,True,
1472,29440.0,29440.256,2026-09-17T20:27:26.728066+00:00,read,25370,2.846,True,
1473,29460.0,29460.435,2026-09-17T20:27:26.748250+00:00,read,99958,3.562,True,
1474,29480.0,29480.409,2026-09-17T20:27:26.768225+00:00,read,50714,3.917,True,
1475,29500.0,29500.269,2026-09-17T20:27:26.788084+00:00,read,11439,3.339,True,
1476,29520.0,29520.253,2026-09-17T20:27:26.808061+00:00,read,93324,3.116,True,
1477,29540.0,29540.303,2026-09-17T20:27:26.828114+00:00,read,96000,3.096,True,
1478,29560.0,29560.214,2026-09-17T20:27:26.848027+00:00,read,41563,3.33,True,
1479,29580.0,29580.289,2026-09-17T20:27:26.868101+00:00,read,75172,3.755,True,
1480,29600.0,29600.178,2026-09-17T20:27:26.887993+00:00,read,89043,3.201,True,
1481,29620.0,29620.271,2026-09-17T20:27:26.908086+00:00,write,87548,2.711,True,
1482,29640.0,29640.352,2026-09-17T20:27:26.928167+00:00,read,56555,3.223,True,
1483,29660.0,29660.262,2026-09-17T20:27:26.948074+00:00,read,45523,3.642,True,
1484,29680.0,29680.406,2026-09-17T20:27:26.968215+00:00,read,92141,3.61,True,
1485,29700.0,29700.362,2026-09-17T20:27:26.988172+00:00,write,22665,3.094,True,
1486,29720.0,29720.175,2026-09-17T20:27:27.007984+00:00,read,69757,3.256,True,
1487,29740.0,29740.166,2026-09-17T20:27:27.027974+00:00,read,77631,2.73,True,
1488,29760.0,29760.269,2026-09-17T20:27:27.048080+00:00,read,40235,2.919,True,
1489,29780.0,29780.299,2026-09-17T20:27:27.068111+00:00,read,2474,2.938,True,
1490,29800.0,29800.427,2026-09-17T20:27:27.088242+00:00,read,91345,3.012,True,
1491,29820.0,29820.356,2026-09-17T20:27:27.108171+00:00,read,49011,3.831,True,
1492,29840.0,29840.33,2026-09-17T20:27:27.128145+00:00,read,44581,3.656,True,
1493,29860.0,29860.49,2026-09-17T20:27:27.148309+00:00,read,56598,3.934,True,
1494,29880.0,29880.219,2026-09-17T20:27:27.168036+00:00,read,15377,3.289,True,
1495,29900.0,29900.223,2026-09-17T20:27:27.188034+00:00,read,18927,2.963,True,
1496,29920.0,29920.485,2026-09-17T20:27:27.208303+00:00,read,59839,4.285,True,
1497,29940.0,29940.377,2026-09-17T20:27:27.228188+00:00,read,75870,3.778,True,
1498,29960.0,29960.459,2026-09-17T20:27:27.248273+00:00,write,83364,3.418,True,
1499,29980.0,29980.247,2026-09-17T20:27:27.268061+00:00,write,17166,2.82,True,
1500,30000.0,30000.397,2026-09-17T20:27:27.288208+00:00,read,73172,3.453,True,
1501,30020.0,30020.357,2026-09-17T20:27:27.308169+00:00,read,97132,3.453,True,
1502,30040.0,30040.416,2026-09-17T20:27:27.328231+00:00,write,61049,3.108,True,
1503,30060.0,30060.294,2026-09-17T20:27:27.348113+00:00,read,74201,3.65,True,
1504,30080.0,30080.406,2026-09-17T20:27:27.368220+00:00,read,55314,3.538,True,
1505,30100.0,30100.346,2026-09-17T20:27:27.388157+00:00,read,12467,2.933,True,
1506,30120.0,30120.522,2026-09-17T20:27:27.408335+00:00,read,40137,3.653,True,
1507,30140.0,30140.208,2026-09-17T20:27:27.428021+00:00,read,69685,3.501,True,
1508,30160.0,30160.33,2026-09-17T20:27:27.448147+00:00,read,43870,3.954,True,
1509,30180.0,30180.276,2026-09-17T20:27:27.468087+00:00,write,54623,2.524,True,
1510,30200.0,30200.174,2026-09-17T20:27:27.487989+00:00,write,73698,2.909,True,
1511,30220.0,30220.209,2026-09-17T20:27:27.508021+00:00,read,77153,3.454,True,
1512,30240.0,30240.334,2026-09-17T20:27:27.528149+00:00,read,35446,3.605,True,
1513,30260.0,30260.302,2026-09-17T20:27:27.548120+00:00,read,96979,3.759,True,
1514,30280.0,30280.379,2026-09-17T20:27:27.568199+00:00,read,87698,4.043,True,
1515,30300.0,30300.369,2026-09-17T20:27:27.588184+00:00,read,47276,3.17,True,
1516,30320.0,30320.43,2026-09-17T20:27:27.608245+00:00,read,80241,3.703,True,
1517,30340.0,30340.471,2026-09-17T20:27:27.628288+00:00,read,68774,3.382,True,
1518,30360.0,30360.481,2026-09-17T20:27:27.648297+00:00,read,97057,3.99,True,
1519,30380.0,30380.252,2026-09-17T20:27:27.668067+00:00,write,19757,2.962,True,
1520,30400.0,30400.381,2026-09-17T20:27:27.688241+00:00,read,35294,3.124,True,
1521,30420.0,30420.326,2026-09-17T20:27:27.708146+00:00,write,49842,3.526,True,
1522,30440.0,30440.181,2026-09-17T20:27:27.727997+00:00,read,10281,3.617,True,
1523,30460.0,30460.422,2026-09-17T20:27:27.748241+00:00,write,21895,3.422,True,
1524,30480.0,30480.583,2026-09-17T20:27:27.768406+00:00,write,63366,3.44,True,
1525,30500.0,30500.43,2026-09-17T20:27:27.788240+00:00,read,86786,2.872,True,
1526,30520.0,30520.331,2026-09-17T20:27:27.808148+00:00,read,49992,3.296,True,
1527,30540.0,30540.291,2026-09-17T20:27:27.828107+00:00,read,96974,3.458,True,
1528,30560.0,30560.298,2026-09-17T20:27:27.848111+00:00,read,94992,3.627,True,
1529,30580.0,30580.251,2026-09-17T20:27:27.868062+00:00,write,24088,3.415,True,
1530,30600.0,30600.301,2026-09-17T20:27:27.888114+00:00,write,38818,2.918,True,
1531,30620.0,30620.416,2026-09-17T20:27:27.908233+00:00,read,70483,3.805,True,
1532,30640.0,30640.405,2026-09-17T20:27:27.928225+00:00,read,61918,5.668,True,
1533,30660.0,30660.326,2026-09-17T20:27:27.948143+00:00,read,43127,3.846,True,
1534,30680.0,30680.341,2026-09-17T20:27:27.968154+00:00,write,23873,3.039,True,
1535,30700.0,30700.299,2026-09-17T20:27:27.988114+00:00,read,57560,3.251,True,
1536,30720.0,30720.221,2026-09-17T20:27:28.008030+00:00,read,17215,3.028,True,
1537,30740.0,30740.185,2026-09-17T20:27:28.027991+00:00,write,99366,2.12,True,
1538,30760.0,30760.369,2026-09-17T20:27:28.048186+00:00,read,55199,3.889,True,
1539,30780.0,30780.436,2026-09-17T20:27:28.068253+00:00,read,89360,4.23,True,
1540,30800.0,30800.353,2026-09-17T20:27:28.088165+00:00,read,76968,3.473,True,
1541,30820.0,30820.426,2026-09-17T20:27:28.108240+00:00,read,41934,3.646,True,
1542,30840.0,30840.529,2026-09-17T20:27:28.128344+00:00,read,60118,3.777,True,
1543,30860.0,30860.36,2026-09-17T20:27:28.148177+00:00,read,68515,3.906,True,
1544,30880.0,30880.367,2026-09-17T20:27:28.168187+00:00,write,14118,3.377,True,
1545,30900.0,30900.385,2026-09-17T20:27:28.188199+00:00,read,17144,3.717,True,
1546,30920.0,30920.345,2026-09-17T20:27:28.208162+00:00,read,96102,3.717,True,
1547,30940.0,30940.383,2026-09-17T20:27:28.228200+00:00,read,99406,3.573,True,
1548,30960.0,30960.274,2026-09-17T20:27:28.248092+00:00,read,60388,3.954,True,
1549,30980.0,30980.394,2026-09-17T20:27:28.268210+00:00,read,26236,4.174,True,
1550,31000.0,31000.222,2026-09-17T20:27:28.288037+00:00,write,641,2.65,True,
1551,31020.0,31020.275,2026-09-17T20:27:28.308089+00:00,write,28460,2.819,True,
1552,31040.0,31040.399,2026-09-17T20:27:28.328213+00:00,read,97838,3.175,True,
1553,31060.0,31060.359,2026-09-17T20:27:28.348172+00:00,read,89820,3.128,True,
1554,31080.0,31080.396,2026-09-17T20:27:28.368209+00:00,read,93678,2.798,True,
1555,31100.0,31100.361,2026-09-17T20:27:28.388173+00:00,read,92609,3.074,True,
1556,31120.0,31120.368,2026-09-17T20:27:28.408185+00:00,write,17044,3.016,True,
1557,31140.0,31140.349,2026-09-17T20:27:28.428166+00:00,read,61858,3.899,True,
1558,31160.0,31160.397,2026-09-17T20:27:28.448212+00:00,read,59435,3.642,True,
1559,31180.0,31180.369,2026-09-17T20:27:28.468183+00:00,read,67607,3.976,True,
1560,31200.0,31200.226,2026-09-17T20:27:28.488041+00:00,read,82663,3.953,True,
1561,31220.0,31220.288,2026-09-17T20:27:28.508103+00:00,read,36955,3.353,True,
1562,31240.0,31240.243,2026-09-17T20:27:28.528052+00:00,read,54111,2.545,True,
1563,31260.0,31260.351,2026-09-17T20:27:28.548161+00:00,read,34929,2.994,True,
1564,31280.0,31280.426,2026-09-17T20:27:28.568234+00:00,read,98943,3.015,True,
1565,31300.0,31300.499,2026-09-17T20:27:28.588309+00:00,write,30200,2.629,True,
1566,31320.0,31320.251,2026-09-17T20:27:28.608059+00:00,read,94154,2.664,True,
1567,31340.0,31340.244,2026-09-17T20:27:28.628056+00:00,write,16147,3.379,True,
1568,31360.0,31360.202,2026-09-17T20:27:28.648013+00:00,read,15694,3.128,True,
1569,31380.0,31380.245,2026-09-17T20:27:28.668056+00:00,read,32204,2.915,True,
1570,31400.0,31400.257,2026-09-17T20:27:28.688068+00:00,read,68036,3.229,True,
1571,31420.0,31420.286,2026-09-17T20:27:28.708101+00:00,read,57404,3.3,True,
1572,31440.0,31440.338,2026-09-17T20:27:28.728154+00:00,read,6243,3.868,True,
1573,31460.0,31460.398,2026-09-17T20:27:28.748214+00:00,read,60935,3.568,True,
1574,31480.0,31480.393,2026-09-17T20:27:28.768207+00:00,read,612,3.644,True,
1575,31500.0,31500.272,2026-09-17T20:27:28.788085+00:00,read,50008,3.208,True,
1576,31520.0,31520.298,2026-09-17T20:27:28.808114+00:00,write,94078,3.151,True,
1577,31540.0,31540.272,2026-09-17T20:27:28.828090+00:00,write,64305,3.318,True,
1578,31560.0,31560.365,2026-09-17T20:27:28.848178+00:00,read,6477,3.5,True,
1579,31580.0,31580.181,2026-09-17T20:27:28.867990+00:00,read,37998,3.075,True,
1580,31600.0,31600.2,2026-09-17T20:27:28.888011+00:00,read,88788,2.711,True,
1581,31620.0,31620.242,2026-09-17T20:27:28.908051+00:00,read,2709,2.671,True,
1582,31640.0,31640.485,2026-09-17T20:27:28.928300+00:00,read,66235,4.039,True,
1583,31660.0,31660.135,2026-09-17T20:27:28.947949+00:00,read,18948,3.091,True,
1584,31680.0,31680.28,2026-09-17T20:27:28.968095+00:00,read,19203,4.138,True,
1585,31700.0,31700.3,2026-09-17T20:27:28.988114+00:00,read,91528,3.181,True,
1586,31720.0,31720.263,2026-09-17T20:27:29.008075+00:00,read,94875,3.049,True,
1587,31740.0,31740.246,2026-09-17T20:27:29.028060+00:00,read,11369,3.017,True,
1588,31760.0,31760.191,2026-09-17T20:27:29.048002+00:00,read,18696,2.774,True,
1589,31780.0,31780.375,2026-09-17T20:27:29.068187+00:00,read,98138,2.811,True,
1590,31800.0,31800.241,2026-09-17T20:27:29.088058+00:00,read,23587,3.45,True,
1591,31820.0,31820.384,2026-09-17T20:27:29.108199+00:00,read,68960,3.715,True,
1592,31840.0,31840.38,2026-09-17T20:27:29.128196+00:00,read,83905,3.231,True,
1593,31860.0,31860.379,2026-09-17T20:27:29.148196+00:00,read,17822,3.62,True,
1594,31880.0,31880.28,2026-09-17T20:27:29.168095+00:00,read,91213,3.548,True,
1595,31900.0,31900.288,2026-09-17T20:27:29.188102+00:00,read,86292,3.581,True,
1596,31920.0,31920.42,2026-09-17T20:27:29.208234+00:00,read,61091,3.66,True,
1597,31940.0,31940.399,2026-09-17T20:27:29.228208+00:00,read,81281,3.406,True,
1598,31960.0,31960.367,2026-09-17T20:27:29.248183+00:00,write,22833,3.241,True,
1599,31980.0,31980.23,2026-09-17T20:27:29.268050+00:00,read,57304,3.639,True,
1600,32000.0,32000.303,2026-09-17T20:27:29.288116+00:00,write,70280,3.383,True,
1601,32020.0,32020.369,2026-09-17T20:27:29.308182+00:00,read,76093,2.753,True,
1602,32040.0,32040.389,2026-09-17T20:27:29.328204+00:00,read,99931,3.589,True,
1603,32060.0,32060.41,2026-09-17T20:27:29.348228+00:00,read,712,3.481,True,
1604,32080.0,32080.425,2026-09-17T20:27:29.368240+00:00,read,50803,3.421,True,
1605,32100.0,32100.219,2026-09-17T20:27:29.388035+00:00,read,59276,3.397,True,
1606,32120.0,32120.337,2026-09-17T20:27:29.408152+00:00,read,57673,3.668,True,
1607,32140.0,32140.325,2026-09-17T20:27:29.428139+00:00,read,9884,3.396,True,
1608,32160.0,32160.402,2026-09-17T20:27:29.448218+00:00,read,63822,4.303,True,
1609,32180.0,32180.366,2026-09-17T20:27:29.468180+00:00,read,66361,2.603,True,
1610,32200.0,32200.443,2026-09-17T20:27:29.488258+00:00,read,57323,3.717,True,
1611,32220.0,32220.212,2026-09-17T20:27:29.508026+00:00,read,63012,3.254,True,
1612,32240.0,32240.22,2026-09-17T20:27:29.528036+00:00,read,30120,3.698,True,
1613,32260.0,32260.427,2026-09-17T20:27:29.548240+00:00,read,84791,3.507,True,
1614,32280.0,32280.329,2026-09-17T20:27:29.568147+00:00,read,18821,3.113,True,
1615,32300.0,32300.195,2026-09-17T20:27:29.588005+00:00,read,70312,4.227,True,
1616,32320.0,32320.459,2026-09-17T20:27:29.608277+00:00,write,19992,3.576,True,
1617,32340.0,32340.419,2026-09-17T20:27:29.628238+00:00,read,71607,4.033,True,
1618,32360.0,32360.419,2026-09-17T20:27:29.648235+00:00,read,74127,3.624,True,
1619,32380.0,32380.28,2026-09-17T20:27:29.668090+00:00,read,15330,3.149,True,
1620,32400.0,32400.26,2026-09-17T20:27:29.688078+00:00,read,34087,4.036,True,
1621,32420.0,32420.508,2026-09-17T20:27:29.708324+00:00,write,52198,3.492,True,
1622,32440.0,32440.209,2026-09-17T20:27:29.728022+00:00,read,77743,3.51,True,
1623,32460.0,32460.712,2026-09-17T20:27:29.748526+00:00,read,25216,3.349,True,
1624,32480.0,32480.376,2026-09-17T20:27:29.768192+00:00,read,95744,3.463,True,
1625,32500.0,32500.255,2026-09-17T20:27:29.788074+00:00,read,47427,3.864,True,
1626,32520.0,32520.284,2026-09-17T20:27:29.808099+00:00,read,10801,3.535,True,
1627,32540.0,32540.366,2026-09-17T20:27:29.828180+00:00,read,23254,3.24,True,
1628,32560.0,32560.2,2026-09-17T20:27:29.848014+00:00,read,46193,3.347,True,
1629,32580.0,32580.26,2026-09-17T20:27:29.868079+00:00,write,40325,3.012,True,
1630,32600.0,32600.204,2026-09-17T20:27:29.888021+00:00,read,42955,3.464,True,
1631,32620.0,32620.251,2026-09-17T20:27:29.908068+00:00,read,22307,4.039,True,
1632,32640.0,32640.227,2026-09-17T20:27:29.928045+00:00,write,64400,3.166,True,
1633,32660.0,32660.366,2026-09-17T20:27:29.948184+00:00,read,93698,3.245,True,
1634,32680.0,32680.252,2026-09-17T20:27:29.968066+00:00,read,65966,3.444,True,
1635,32700.0,32700.183,2026-09-17T20:27:29.988002+00:00,read,76873,5.939,True,
1636,32720.0,32720.182,2026-09-17T20:27:30.007998+00:00,read,43643,3.788,True,
1637,32740.0,32740.151,2026-09-17T20:27:30.027967+00:00,read,75946,3.215,True,
1638,32760.0,32760.229,2026-09-17T20:27:30.048042+00:00,read,6925,2.825,True,
1639,32780.0,32780.125,2026-09-17T20:27:30.067937+00:00,read,57404,2.447,True,
1640,32800.0,32800.125,2026-09-17T20:27:30.087939+00:00,read,93267,2.118,True,
1641,32820.0,32820.131,2026-09-17T20:27:30.107942+00:00,read,47943,1.851,True,
1642,32840.0,32840.106,2026-09-17T20:27:30.127915+00:00,write,15797,1.495,True,
1643,32860.0,32860.149,2026-09-17T20:27:30.147958+00:00,read,81109,3.519,True,
1644,32880.0,32880.154,2026-09-17T20:27:30.167965+00:00,read,72355,3.077,True,
1645,32900.0,32900.259,2026-09-17T20:27:30.188069+00:00,read,11624,3.222,True,
1646,32920.0,32920.453,2026-09-17T20:27:30.208264+00:00,read,69269,3.656,True,
1647,32940.0,32940.205,2026-09-17T20:27:30.228014+00:00,write,98436,2.613,True,
1648,32960.0,32960.217,2026-09-17T20:27:30.248027+00:00,read,71351,3.542,True,
1649,32980.0,32980.206,2026-09-17T20:27:30.268016+00:00,read,19719,4.565,True,
1650,33000.0,33000.212,2026-09-17T20:27:30.288022+00:00,read,75702,2.899,True,
1651,33020.0,33020.429,2026-09-17T20:27:30.308241+00:00,read,51841,3.438,True,
1652,33040.0,33040.32,2026-09-17T20:27:30.328135+00:00,read,49056,3.27,True,
1653,33060.0,33060.347,2026-09-17T20:27:30.348164+00:00,read,72911,3.67,True,
1654,33080.0,33080.332,2026-09-17T20:27:30.368146+00:00,write,20565,2.894,True,
1655,33100.0,33100.395,2026-09-17T20:27:30.388211+00:00,write,28481,3.027,True,
1656,33120.0,33120.495,2026-09-17T20:27:30.408312+00:00,read,46315,3.987,True,
1657,33140.0,33140.328,2026-09-17T20:27:30.428145+00:00,read,81887,3.896,True,
1658,33160.0,33160.279,2026-09-17T20:27:30.448097+00:00,write,73247,3.439,True,
1659,33180.0,33180.133,2026-09-17T20:27:30.467941+00:00,read,70465,2.633,True,
1660,33200.0,33200.452,2026-09-17T20:27:30.488266+00:00,read,96121,3.431,True,
1661,33220.0,33220.23,2026-09-17T20:27:30.508045+00:00,read,84447,3.444,True,
1662,33240.0,33240.327,2026-09-17T20:27:30.528145+00:00,read,94182,3.888,True,
1663,33260.0,33260.455,2026-09-17T20:27:30.548272+00:00,read,50785,3.562,True,
1664,33280.0,33280.307,2026-09-17T20:27:30.568122+00:00,write,98703,2.932,True,
1665,33300.0,33300.162,2026-09-17T20:27:30.587972+00:00,read,58844,2.96,True,
1666,33320.0,33320.363,2026-09-17T20:27:30.608173+00:00,write,60132,3.177,True,
1667,33340.0,33340.476,2026-09-17T20:27:30.628292+00:00,read,45664,4.462,True,
1668,33360.0,33360.317,2026-09-17T20:27:30.648133+00:00,read,41149,3.722,True,
1669,33380.0,33380.464,2026-09-17T20:27:30.668284+00:00,read,67663,3.695,True,
1670,33400.0,33400.255,2026-09-17T20:27:30.688072+00:00,read,84064,3.448,True,
1671,33420.0,33420.573,2026-09-17T20:27:30.708388+00:00,read,14218,3.953,True,
1672,33440.0,33440.231,2026-09-17T20:27:30.728046+00:00,read,16846,3.775,True,
1673,33460.0,33460.427,2026-09-17T20:27:30.748244+00:00,read,72667,3.726,True,
1674,33480.0,33480.252,2026-09-17T20:27:30.768061+00:00,read,20971,2.981,True,
1675,33500.0,33500.418,2026-09-17T20:27:30.788231+00:00,write,82234,2.839,True,
1676,33520.0,33520.311,2026-09-17T20:27:30.808123+00:00,write,97855,2.973,True,
1677,33540.0,33540.639,2026-09-17T20:27:30.828453+00:00,read,54971,3.746,True,
1678,33560.0,33560.327,2026-09-17T20:27:30.848144+00:00,read,35190,3.552,True,
1679,33580.0,33580.204,2026-09-17T20:27:30.868016+00:00,read,61184,3.025,True,
1680,33600.0,33600.146,2026-09-17T20:27:30.887954+00:00,write,84747,2.082,True,
1681,33620.0,33620.26,2026-09-17T20:27:30.908069+00:00,read,42719,2.879,True,
1682,33640.0,33640.192,2026-09-17T20:27:30.928002+00:00,read,89710,2.721,True,
1683,33660.0,33660.199,2026-09-17T20:27:30.948013+00:00,read,34287,2.832,True,
1684,33680.0,33680.248,2026-09-17T20:27:30.968063+00:00,write,27585,2.912,True,
1685,33700.0,33700.25,2026-09-17T20:27:30.988064+00:00,write,38009,2.477,True,
1686,33720.0,33720.328,2026-09-17T20:27:31.008142+00:00,read,45433,3.667,True,
1687,33740.0,33740.167,2026-09-17T20:27:31.027981+00:00,read,74874,3.095,True,
1688,33760.0,33760.209,2026-09-17T20:27:31.048021+00:00,read,60382,2.739,True,
1689,33780.0,33780.197,2026-09-17T20:27:31.068013+00:00,read,67112,2.719,True,
1690,33800.0,33800.15,2026-09-17T20:27:31.087961+00:00,read,90372,1.947,True,
1691,33820.0,33820.282,2026-09-17T20:27:31.108091+00:00,read,18765,3.309,True,
1692,33840.0,33840.497,2026-09-17T20:27:31.128307+00:00,read,9642,3.481,True,
1693,33860.0,33860.395,2026-09-17T20:27:31.148206+00:00,read,54043,3.352,True,
1694,33880.0,33880.309,2026-09-17T20:27:31.168120+00:00,read,20409,3.265,True,
1695,33900.0,33900.35,2026-09-17T20:27:31.188159+00:00,read,59638,2.569,True,
1696,33920.0,33920.353,2026-09-17T20:27:31.208166+00:00,read,57016,3.676,True,
1697,33940.0,33940.393,2026-09-17T20:27:31.228209+00:00,read,4267,3.129,True,
1698,33960.0,33960.263,2026-09-17T20:27:31.248128+00:00,write,21212,2.713,True,
1699,33980.0,33980.261,2026-09-17T20:27:31.268076+00:00,read,87688,3.506,True,
1700,34000.0,34000.423,2026-09-17T20:27:31.288237+00:00,write,22695,2.69,True,
1701,34020.0,34020.256,2026-09-17T20:27:31.308072+00:00,read,49196,3.569,True,
1702,34040.0,34040.396,2026-09-17T20:27:31.328209+00:00,read,68034,4.125,True,
1703,34060.0,34060.208,2026-09-17T20:27:31.348022+00:00,read,6271,2.982,True,
1704,34080.0,34080.265,2026-09-17T20:27:31.368082+00:00,read,55998,3.512,True,
1705,34100.0,34100.402,2026-09-17T20:27:31.388215+00:00,read,89950,3.867,True,
1706,34120.0,34120.387,2026-09-17T20:27:31.408198+00:00,read,52621,2.769,True,
1707,34140.0,34140.381,2026-09-17T20:27:31.428191+00:00,read,35301,2.642,True,
1708,34160.0,34160.25,2026-09-17T20:27:31.448060+00:00,read,89407,2.676,True,
1709,34180.0,34180.213,2026-09-17T20:27:31.468022+00:00,read,74543,2.521,True,
1710,34200.0,34200.528,2026-09-17T20:27:31.488340+00:00,read,29693,3.23,True,
1711,34220.0,34220.269,2026-09-17T20:27:31.508079+00:00,write,44883,2.23,True,
1712,34240.0,34240.176,2026-09-17T20:27:31.527985+00:00,read,13461,2.713,True,
1713,34260.0,34260.276,2026-09-17T20:27:31.548083+00:00,read,95131,2.313,True,
1714,34280.0,34280.149,2026-09-17T20:27:31.567956+00:00,write,37381,2.182,True,
1715,34300.0,34300.292,2026-09-17T20:27:31.588103+00:00,write,64551,2.151,True,
1716,34320.0,34320.285,2026-09-17T20:27:31.608095+00:00,read,19846,3.171,True,
1717,34340.0,34340.256,2026-09-17T20:27:31.628066+00:00,read,55950,2.919,True,
1718,34360.0,34360.27,2026-09-17T20:27:31.648079+00:00,read,15699,2.86,True,
1719,34380.0,34380.282,2026-09-17T20:27:31.668091+00:00,read,14100,2.868,True,
1720,34400.0,34400.259,2026-09-17T20:27:31.688066+00:00,read,41000,2.421,True,
1721,34420.0,34420.335,2026-09-17T20:27:31.708145+00:00,write,1435,2.145,True,
1722,34440.0,34440.253,2026-09-17T20:27:31.728060+00:00,read,77056,2.864,True,
1723,34460.0,34460.445,2026-09-17T20:27:31.748252+00:00,read,32235,2.329,True,
1724,34480.0,34480.389,2026-09-17T20:27:31.768196+00:00,read,64724,2.458,True,
1725,34500.0,34500.241,2026-09-17T20:27:31.788049+00:00,read,29134,2.84,True,
1726,34520.0,34520.43,2026-09-17T20:27:31.808237+00:00,write,43173,3.066,True,
1727,34540.0,34543.122,2026-09-17T20:27:31.830931+00:00,read,54998,2.855,True,
1728,34560.0,34560.236,2026-09-17T20:27:31.848047+00:00,read,60482,3.415,True,
1729,34580.0,34580.176,2026-09-17T20:27:31.867985+00:00,read,20740,2.567,True,
1730,34600.0,34600.252,2026-09-17T20:27:31.888067+00:00,read,85595,3.199,True,
1731,34620.0,34620.356,2026-09-17T20:27:31.908170+00:00,read,71033,3.333,True,
1732,34640.0,34640.626,2026-09-17T20:27:31.928443+00:00,read,49187,3.949,True,
1733,34660.0,34660.401,2026-09-17T20:27:31.948220+00:00,read,65233,4.052,True,
1734,34680.0,34680.436,2026-09-17T20:27:31.968461+00:00,read,76160,3.858,True,
1735,34700.0,34700.316,2026-09-17T20:27:31.988129+00:00,write,78307,2.982,True,
1736,34720.0,34720.225,2026-09-17T20:27:32.008035+00:00,read,21598,3.426,True,
1737,34740.0,34740.531,2026-09-17T20:27:32.028346+00:00,read,59904,3.769,True,
1738,34760.0,34760.525,2026-09-17T20:27:32.048342+00:00,write,72880,3.544,True,
1739,34780.0,34780.285,2026-09-17T20:27:32.068102+00:00,read,44011,3.775,True,
1740,34800.0,34800.225,2026-09-17T20:27:32.088039+00:00,read,63544,3.092,True,
1741,34820.0,34820.215,2026-09-17T20:27:32.108032+00:00,read,10674,3.344,True,
1742,34840.0,34840.2,2026-09-17T20:27:32.128018+00:00,write,35685,4.243,True,
1743,34860.0,34860.284,2026-09-17T20:27:32.148102+00:00,read,33388,3.923,True,
1744,34880.0,34880.21,2026-09-17T20:27:32.168026+00:00,write,7094,3.202,True,
1745,34900.0,34900.31,2026-09-17T20:27:32.188128+00:00,write,59442,3.149,True,
1746,34920.0,34920.333,2026-09-17T20:27:32.208152+00:00,read,77374,3.903,True,
1747,34940.0,34940.365,2026-09-17T20:27:32.228182+00:00,read,17322,3.933,True,
1748,34960.0,34960.411,2026-09-17T20:27:32.248223+00:00,read,53845,3.037,True,
1749,34980.0,34980.284,2026-09-17T20:27:32.268097+00:00,read,77872,3.471,True,
1750,35000.0,35000.273,2026-09-17T20:27:32.288085+00:00,read,70658,3.009,True,
1751,35020.0,35020.434,2026-09-17T20:27:32.308247+00:00,read,31262,3.39,True,
1752,35040.0,35040.34,2026-09-17T20:27:32.328155+00:00,read,94090,3.323,True,
1753,35060.0,35060.188,2026-09-17T20:27:32.348003+00:00,read,74865,3.226,True,
1754,35080.0,35080.344,2026-09-17T20:27:32.368158+00:00,read,43635,2.525,True,
1755,35100.0,35100.292,2026-09-17T20:27:32.388112+00:00,read,50529,2.651,True,
1756,35120.0,35120.44,2026-09-17T20:27:32.408252+00:00,read,13902,2.954,True,
1757,35140.0,35140.516,2026-09-17T20:27:32.428322+00:00,read,77592,1.881,True,
1758,35160.0,35160.148,2026-09-17T20:27:32.447964+00:00,read,21319,3.448,True,
1759,35180.0,35180.298,2026-09-17T20:27:32.468113+00:00,read,16116,3.183,True,
1760,35200.0,35200.388,2026-09-17T20:27:32.488200+00:00,read,84487,3.253,True,
1761,35220.0,35220.4,2026-09-17T20:27:32.508210+00:00,read,50724,2.775,True,
1762,35240.0,35240.249,2026-09-17T20:27:32.528061+00:00,read,26186,2.636,True,
1763,35260.0,35260.255,2026-09-17T20:27:32.548064+00:00,read,261,2.494,True,
1764,35280.0,35280.31,2026-09-17T20:27:32.568117+00:00,write,86958,2.053,True,
1765,35300.0,35300.256,2026-09-17T20:27:32.588066+00:00,read,53564,3.167,True,
1766,35320.0,35320.157,2026-09-17T20:27:32.607968+00:00,read,22945,3.037,True,
1767,35340.0,35340.245,2026-09-17T20:27:32.628054+00:00,read,32810,2.558,True,
1768,35360.0,35360.276,2026-09-17T20:27:32.648085+00:00,read,37946,2.694,True,
1769,35380.0,35380.311,2026-09-17T20:27:32.668122+00:00,read,94474,2.632,True,
1770,35400.0,35400.248,2026-09-17T20:27:32.688059+00:00,read,57011,3.211,True,
1771,35420.0,35420.334,2026-09-17T20:27:32.708146+00:00,read,56241,2.848,True,
1772,35440.0,35440.499,2026-09-17T20:27:32.728309+00:00,write,53366,2.432,True,
1773,35460.0,35460.435,2026-09-17T20:27:32.748246+00:00,write,35296,2.252,True,
1774,35480.0,35480.291,2026-09-17T20:27:32.768101+00:00,read,11484,2.995,True,
1775,35500.0,35500.284,2026-09-17T20:27:32.788096+00:00,read,87008,2.483,True,
1776,35520.0,35520.341,2026-09-17T20:27:32.808153+00:00,write,41603,2.78,True,
1777,35540.0,35540.443,2026-09-17T20:27:32.828253+00:00,read,87308,2.816,True,
1778,35560.0,35560.313,2026-09-17T20:27:32.848131+00:00,read,76139,3.668,True,
1779,35580.0,35580.232,2026-09-17T20:27:32.868047+00:00,write,90729,3.133,True,
1780,35600.0,35600.211,2026-09-17T20:27:32.888021+00:00,read,60434,3.013,True,
1781,35620.0,35620.161,2026-09-17T20:27:32.907971+00:00,read,16303,2.498,True,
1782,35640.0,35640.279,2026-09-17T20:27:32.928086+00:00,read,149,2.132,True,
1783,35660.0,35660.143,2026-09-17T20:27:32.947949+00:00,read,27296,2.184,True,
1784,35680.0,35680.157,2026-09-17T20:27:32.967966+00:00,read,5310,3.105,True,
1785,35700.0,35700.632,2026-09-17T20:27:32.988446+00:00,write,46652,3.095,True,
1786,35720.0,35720.328,2026-09-17T20:27:33.008141+00:00,read,36031,3.535,True,
1787,35740.0,35740.248,2026-09-17T20:27:33.028059+00:00,read,80348,3.205,True,
1788,35760.0,35760.373,2026-09-17T20:27:33.048179+00:00,read,35338,2.742,True,
1789,35780.0,35780.386,2026-09-17T20:27:33.068193+00:00,read,571,2.682,True,
1790,35800.0,35800.169,2026-09-17T20:27:33.087980+00:00,write,26892,2.513,True,
1791,35820.0,35820.132,2026-09-17T20:27:33.107941+00:00,read,91359,5.507,True,
1792,35840.0,35840.263,2026-09-17T20:27:33.128075+00:00,read,20835,3.188,True,
1793,35860.0,35860.185,2026-09-17T20:27:33.147996+00:00,write,95255,2.609,True,
1794,35880.0,35880.237,2026-09-17T20:27:33.168055+00:00,write,63878,2.866,True,
1795,35900.0,35900.147,2026-09-17T20:27:33.187958+00:00,read,26562,2.69,True,
1796,35920.0,35920.251,2026-09-17T20:27:33.208066+00:00,read,5207,3.243,True,
1797,35940.0,35940.266,2026-09-17T20:27:33.228080+00:00,write,9398,2.956,True,
1798,35960.0,35960.26,2026-09-17T20:27:33.248076+00:00,read,7006,3.637,True,
1799,35980.0,35980.252,2026-09-17T20:27:33.268069+00:00,read,70472,3.8,True,
1800,36000.0,36000.32,2026-09-17T20:27:33.288138+00:00,read,47076,3.815,True,
1801,36020.0,36020.121,2026-09-17T20:27:33.307933+00:00,read,11678,2.216,True,
1802,36040.0,36040.182,2026-09-17T20:27:33.327997+00:00,read,41914,3.558,True,
1803,36060.0,36060.382,2026-09-17T20:27:33.348197+00:00,write,97048,2.857,True,
1804,36080.0,36080.307,2026-09-17T20:27:33.368118+00:00,read,31470,3.576,True,
1805,36100.0,36100.33,2026-09-17T20:27:33.388145+00:00,read,13529,3.944,True,
1806,36120.0,36120.256,2026-09-17T20:27:33.408066+00:00,write,17064,2.65,True,
1807,36140.0,36140.172,2026-09-17T20:27:33.427981+00:00,read,46118,2.955,True,
1808,36160.0,36160.255,2026-09-17T20:27:33.448064+00:00,write,45669,2.227,True,
1809,36180.0,36180.184,2026-09-17T20:27:33.467995+00:00,read,8649,2.773,True,
1810,36200.0,36200.388,2026-09-17T20:27:33.488199+00:00,write,95805,2.413,True,
1811,36220.0,36220.899,2026-09-17T20:27:33.508711+00:00,read,2824,3.063,True,
1812,36240.0,36240.32,2026-09-17T20:27:33.528131+00:00,read,41191,2.885,True,
1813,36260.0,36260.242,2026-09-17T20:27:33.548056+00:00,read,62207,3.448,True,
1814,36280.0,36280.247,2026-09-17T20:27:33.568055+00:00,write,49964,3.028,True,
1815,36300.0,36300.15,2026-09-17T20:27:33.587958+00:00,read,79935,2.6,True,
1816,36320.0,36320.354,2026-09-17T20:27:33.608163+00:00,write,52680,2.174,True,
1817,36340.0,36340.376,2026-09-17T20:27:33.628185+00:00,read,15866,2.931,True,
1818,36360.0,36360.372,2026-09-17T20:27:33.648179+00:00,write,4822,2.248,True,
1819,36380.0,36380.338,2026-09-17T20:27:33.668146+00:00,write,47032,2.287,True,
1820,36400.0,36400.231,2026-09-17T20:27:33.688037+00:00,read,27655,2.303,True,
1821,36420.0,36420.354,2026-09-17T20:27:33.708164+00:00,read,76100,3.462,True,
1822,36440.0,36440.388,2026-09-17T20:27:33.728196+00:00,read,44173,2.746,True,
1823,36460.0,36460.31,2026-09-17T20:27:33.748119+00:00,read,36721,3.016,True,
1824,36480.0,36480.446,2026-09-17T20:27:33.768254+00:00,read,1536,2.406,True,
1825,36500.0,36500.349,2026-09-17T20:27:33.788174+00:00,write,50593,1.898,True,
1826,36520.0,36520.474,2026-09-17T20:27:33.808284+00:00,read,94222,3.237,True,
1827,36540.0,36540.494,2026-09-17T20:27:33.828302+00:00,write,87644,2.172,True,
1828,36560.0,36560.259,2026-09-17T20:27:33.848067+00:00,read,5898,2.475,True,
1829,36580.0,36580.233,2026-09-17T20:27:33.868048+00:00,read,48674,3.798,True,
1830,36600.0,36600.395,2026-09-17T20:27:33.888208+00:00,read,52917,2.988,True,
1831,36620.0,36620.392,2026-09-17T20:27:33.908203+00:00,write,99185,2.397,True,
1832,36640.0,36640.199,2026-09-17T20:27:33.928009+00:00,read,84057,2.819,True,
1833,36660.0,36660.489,2026-09-17T20:27:33.948305+00:00,read,76782,3.986,True,
1834,36680.0,36680.211,2026-09-17T20:27:33.968019+00:00,read,68741,2.692,True,
1835,36700.0,36700.426,2026-09-17T20:27:33.988241+00:00,read,16908,3.442,True,
1836,36720.0,36720.25,2026-09-17T20:27:34.008065+00:00,read,51689,3.457,True,
1837,36740.0,36740.236,2026-09-17T20:27:34.028053+00:00,read,82065,3.757,True,
1838,36760.0,36760.829,2026-09-17T20:27:34.048635+00:00,read,97424,2.364,True,
1839,36780.0,36780.309,2026-09-17T20:27:34.068127+00:00,read,45665,4.229,True,
1840,36800.0,36800.402,2026-09-17T20:27:34.088218+00:00,read,19779,3.705,True,
1841,36820.0,36820.184,2026-09-17T20:27:34.107999+00:00,read,45855,3.54,True,
1842,36840.0,36840.23,2026-09-17T20:27:34.128039+00:00,read,53399,3.444,True,
1843,36860.0,36860.287,2026-09-17T20:27:34.148101+00:00,read,79660,3.485,True,
1844,36880.0,36880.182,2026-09-17T20:27:34.167998+00:00,read,20042,3.539,True,
1845,36900.0,36900.217,2026-09-17T20:27:34.188029+00:00,read,4620,3.513,True,
1846,36920.0,36920.546,2026-09-17T20:27:34.208354+00:00,read,57953,7.582,True,
1847,36940.0,36940.329,2026-09-17T20:27:34.228139+00:00,write,79395,2.773,True,
1848,36960.0,36960.686,2026-09-17T20:27:34.248500+00:00,read,24687,3.663,True,
1849,36980.0,36980.301,2026-09-17T20:27:34.268114+00:00,read,35243,2.922,True,
1850,37000.0,37000.357,2026-09-17T20:27:34.288171+00:00,read,97279,3.053,True,
1851,37020.0,37020.274,2026-09-17T20:27:34.308088+00:00,read,20089,3.29,True,
1852,37040.0,37040.31,2026-09-17T20:27:34.328125+00:00,write,45524,2.902,True,
1853,37060.0,37060.161,2026-09-17T20:27:34.347977+00:00,read,94450,4.286,True,
1854,37080.0,37080.299,2026-09-17T20:27:34.368112+00:00,write,35161,3.166,True,
1855,37100.0,37100.477,2026-09-17T20:27:34.388292+00:00,read,66601,3.413,True,
1856,37120.0,37120.207,2026-09-17T20:27:34.408021+00:00,read,6284,3.174,True,
1857,37140.0,37140.456,2026-09-17T20:27:34.428269+00:00,read,29622,3.193,True,
1858,37160.0,37160.128,2026-09-17T20:27:34.447938+00:00,read,38912,3.012,True,
1859,37180.0,37180.272,2026-09-17T20:27:34.468084+00:00,read,38551,3.787,True,
1860,37200.0,37200.143,2026-09-17T20:27:34.487953+00:00,write,62986,2.716,True,
1861,37220.0,37220.195,2026-09-17T20:27:34.508007+00:00,read,18222,2.997,True,
1862,37240.0,37240.309,2026-09-17T20:27:34.528121+00:00,read,89663,3.337,True,
1863,37260.0,37260.162,2026-09-17T20:27:34.547972+00:00,read,8063,2.969,True,
1864,37280.0,37280.24,2026-09-17T20:27:34.568049+00:00,read,9548,2.406,True,
1865,37300.0,37300.368,2026-09-17T20:27:34.588177+00:00,read,89388,2.315,True,
1866,37320.0,37320.282,2026-09-17T20:27:34.608096+00:00,read,43620,3.778,True,
1867,37340.0,37340.3,2026-09-17T20:27:34.628117+00:00,read,8154,3.786,True,
1868,37360.0,37360.433,2026-09-17T20:27:34.648242+00:00,read,22999,2.896,True,
1869,37380.0,37380.397,2026-09-17T20:27:34.668204+00:00,read,44951,2.583,True,
1870,37400.0,37400.293,2026-09-17T20:27:34.688100+00:00,read,14262,1.961,True,
1871,37420.0,37420.408,2026-09-17T20:27:34.708217+00:00,read,45008,2.172,True,
1872,37440.0,37440.377,2026-09-17T20:27:34.728277+00:00,read,53872,2.577,True,
1873,37460.0,37460.388,2026-09-17T20:27:34.748197+00:00,read,66619,2.361,True,
1874,37480.0,37480.148,2026-09-17T20:27:34.767956+00:00,read,43732,2.258,True,
1875,37500.0,37500.386,2026-09-17T20:27:34.788195+00:00,write,15274,2.122,True,
1876,37520.0,37520.248,2026-09-17T20:27:34.808055+00:00,read,54421,2.572,True,
1877,37540.0,37540.311,2026-09-17T20:27:34.828119+00:00,read,29686,2.502,True,
1878,37560.0,37560.347,2026-09-17T20:27:34.848157+00:00,read,97123,3.282,True,
1879,37580.0,37580.196,2026-09-17T20:27:34.868008+00:00,read,11505,2.745,True,
1880,37600.0,37600.409,2026-09-17T20:27:34.888220+00:00,read,68279,2.95,True,
1881,37620.0,37620.423,2026-09-17T20:27:34.908237+00:00,read,73214,3.209,True,
1882,37640.0,37640.338,2026-09-17T20:27:34.928147+00:00,read,99958,2.59,True,
1883,37660.0,37660.291,2026-09-17T20:27:34.948100+00:00,read,17216,2.965,True,
1884,37680.0,37680.226,2026-09-17T20:27:34.968036+00:00,write,41236,3.012,True,
1885,37700.0,37700.305,2026-09-17T20:27:34.988114+00:00,read,61486,3.254,True,
1886,37720.0,37720.253,2026-09-17T20:27:35.008059+00:00,read,27004,1.982,True,
1887,37740.0,37740.366,2026-09-17T20:27:35.028177+00:00,read,72811,3.823,True,
1888,37760.0,37760.575,2026-09-17T20:27:35.048392+00:00,read,99490,3.668,True,
1889,37780.0,37780.245,2026-09-17T20:27:35.068064+00:00,read,75823,3.994,True,
1890,37800.0,37800.233,2026-09-17T20:27:35.088041+00:00,read,30100,2.49,True,
1891,37820.0,37820.219,2026-09-17T20:27:35.108025+00:00,read,14130,2.229,True,
1892,37840.0,37840.453,2026-09-17T20:27:35.128257+00:00,read,30559,1.876,True,
1893,37860.0,37860.222,2026-09-17T20:27:35.148034+00:00,read,3740,3.111,True,
1894,37880.0,37880.243,2026-09-17T20:27:35.168057+00:00,read,65618,4.145,True,
1895,37900.0,37900.32,2026-09-17T20:27:35.188128+00:00,read,34657,3.347,True,
1896,37920.0,37920.295,2026-09-17T20:27:35.208105+00:00,read,86903,3.241,True,
1897,37940.0,37940.283,2026-09-17T20:27:35.228089+00:00,read,22206,2.116,True,
1898,37960.0,37960.264,2026-09-17T20:27:35.248077+00:00,read,96568,3.427,True,
1899,37980.0,37980.314,2026-09-17T20:27:35.268130+00:00,read,98908,3.64,True,
1900,38000.0,38000.316,2026-09-17T20:27:35.288125+00:00,read,72487,2.443,True,
1901,38020.0,38020.204,2026-09-17T20:27:35.308018+00:00,read,42715,3.593,True,
1902,38040.0,38040.188,2026-09-17T20:27:35.328002+00:00,read,73432,3.169,True,
1903,38060.0,38060.247,2026-09-17T20:27:35.348059+00:00,read,90101,3.093,True,
1904,38080.0,38080.638,2026-09-17T20:27:35.368457+00:00,read,11842,3.502,True,
1905,38100.0,38100.198,2026-09-17T20:27:35.388011+00:00,read,59717,2.411,True,
1906,38120.0,38120.294,2026-09-17T20:27:35.408110+00:00,read,21039,3.435,True,
1907,38140.0,38140.391,2026-09-17T20:27:35.428207+00:00,read,50396,4.318,True,
1908,38160.0,38160.278,2026-09-17T20:27:35.448096+00:00,read,70083,4.037,True,
1909,38180.0,38180.319,2026-09-17T20:27:35.468136+00:00,read,45843,3.64,True,
1910,38200.0,38200.453,2026-09-17T20:27:35.488271+00:00,write,77507,3.332,True,
1911,38220.0,38220.292,2026-09-17T20:27:35.508104+00:00,read,57823,2.169,True,
1912,38240.0,38240.175,2026-09-17T20:27:35.527991+00:00,read,72731,2.988,True,
1913,38260.0,38260.141,2026-09-17T20:27:35.547952+00:00,read,33008,3.12,True,
1914,38280.0,38280.331,2026-09-17T20:27:35.568144+00:00,read,80430,3.54,True,
1915,38300.0,38300.268,2026-09-17T20:27:35.588078+00:00,read,74493,3.226,True,
1916,38320.0,38320.259,2026-09-17T20:27:35.608072+00:00,write,15965,3.196,True,
1917,38340.0,38340.258,2026-09-17T20:27:35.628066+00:00,read,68843,2.545,True,
1918,38360.0,38360.173,2026-09-17T20:27:35.647981+00:00,read,18928,2.668,True,
1919,38380.0,38380.33,2026-09-17T20:27:35.668137+00:00,read,29164,2.241,True,
1920,38400.0,38400.414,2026-09-17T20:27:35.688223+00:00,read,52189,3.442,True,
1921,38420.0,38420.301,2026-09-17T20:27:35.708110+00:00,read,37487,2.805,True,
1922,38440.0,38440.334,2026-09-17T20:27:35.728142+00:00,read,75465,2.364,True,
1923,38460.0,38460.366,2026-09-17T20:27:35.748178+00:00,read,92738,3.65,True,
1924,38480.0,38480.235,2026-09-17T20:27:35.768041+00:00,read,3618,2.846,True,
1925,38500.0,38500.212,2026-09-17T20:27:35.788026+00:00,write,9630,2.645,True,
1926,38520.0,38520.297,2026-09-17T20:27:35.808108+00:00,read,37446,2.981,True,
1927,38540.0,38540.169,2026-09-17T20:27:35.827980+00:00,read,42754,2.47,True,
1928,38560.0,38560.313,2026-09-17T20:27:35.848120+00:00,read,88066,2.341,True,
1929,38580.0,38580.226,2026-09-17T20:27:35.868036+00:00,read,41581,3.515,True,
1930,38600.0,38600.284,2026-09-17T20:27:35.888092+00:00,read,50022,2.809,True,
1931,38620.0,38620.195,2026-09-17T20:27:35.908004+00:00,write,44798,3.022,True,
1932,38640.0,38640.3,2026-09-17T20:27:35.928112+00:00,read,80856,3.712,True,
1933,38660.0,38660.301,2026-09-17T20:27:35.948116+00:00,read,15818,3.584,True,
1934,38680.0,38680.401,2026-09-17T20:27:35.968212+00:00,read,16138,3.411,True,
1935,38700.0,38700.323,2026-09-17T20:27:35.988130+00:00,read,41844,2.22,True,
1936,38720.0,38720.323,2026-09-17T20:27:36.008130+00:00,read,90301,2.25,True,
1937,38740.0,38740.217,2026-09-17T20:27:36.028030+00:00,read,11115,3.123,True,
1938,38760.0,38760.226,2026-09-17T20:27:36.048044+00:00,read,19988,3.763,True,
1939,38780.0,38780.2,2026-09-17T20:27:36.068016+00:00,read,63658,3.682,True,
1940,38800.0,38800.338,2026-09-17T20:27:36.088153+00:00,read,32214,4.175,True,
1941,38820.0,38820.453,2026-09-17T20:27:36.108261+00:00,read,96359,2.624,True,
1942,38840.0,38840.467,2026-09-17T20:27:36.128278+00:00,read,1873,2.606,True,
1943,38860.0,38860.295,2026-09-17T20:27:36.148106+00:00,read,56560,2.821,True,
1944,38880.0,38880.393,2026-09-17T20:27:36.168204+00:00,read,89257,2.989,True,
1945,38900.0,38900.279,2026-09-17T20:27:36.188091+00:00,read,24799,2.939,True,
1946,38920.0,38920.239,2026-09-17T20:27:36.208048+00:00,read,88280,2.568,True,
1947,38940.0,38940.389,2026-09-17T20:27:36.228206+00:00,write,34653,3.261,True,
1948,38960.0,38960.199,2026-09-17T20:27:36.248014+00:00,write,80970,3.331,True,
1949,38980.0,38980.334,2026-09-17T20:27:36.268150+00:00,read,9811,3.347,True,
1950,39000.0,39000.18,2026-09-17T20:27:36.287990+00:00,read,53552,2.853,True,
1951,39020.0,39020.398,2026-09-17T20:27:36.308206+00:00,read,6642,3.156,True,
1952,39040.0,39040.473,2026-09-17T20:27:36.328287+00:00,read,26183,3.289,True,
1953,39060.0,39060.503,2026-09-17T20:27:36.348319+00:00,read,9652,3.566,True,
1954,39080.0,39080.24,2026-09-17T20:27:36.368056+00:00,read,75457,3.699,True,
1955,39100.0,39100.344,2026-09-17T20:27:36.388161+00:00,read,26244,3.838,True,
1956,39120.0,39120.242,2026-09-17T20:27:36.408054+00:00,write,80266,2.458,True,
1957,39140.0,39140.381,2026-09-17T20:27:36.428195+00:00,read,25223,4.463,True,
1958,39160.0,39160.286,2026-09-17T20:27:36.448100+00:00,write,55753,3.171,True,
1959,39180.0,39180.19,2026-09-17T20:27:36.468000+00:00,write,5422,2.423,True,
1960,39200.0,39200.215,2026-09-17T20:27:36.488029+00:00,write,67838,2.903,True,
1961,39220.0,39220.361,2026-09-17T20:27:36.508175+00:00,read,10854,3.024,True,
1962,39240.0,39240.222,2026-09-17T20:27:36.528034+00:00,read,684,3.103,True,
1963,39260.0,39260.375,2026-09-17T20:27:36.548189+00:00,read,42489,3.6,True,
1964,39280.0,39280.163,2026-09-17T20:27:36.567976+00:00,write,9865,2.72,True,
1965,39300.0,39300.204,2026-09-17T20:27:36.588015+00:00,read,77950,3.388,True,
1966,39320.0,39320.33,2026-09-17T20:27:36.608146+00:00,read,42030,3.486,True,
1967,39340.0,39340.304,2026-09-17T20:27:36.628114+00:00,write,56920,2.94,True,
1968,39360.0,39360.268,2026-09-17T20:27:36.648076+00:00,read,17532,3.12,True,
1969,39380.0,39380.4,2026-09-17T20:27:36.668210+00:00,read,95535,3.02,True,
1970,39400.0,39400.317,2026-09-17T20:27:36.688129+00:00,write,21170,2.895,True,
1971,39420.0,39420.32,2026-09-17T20:27:36.708129+00:00,read,45207,3.632,True,
1972,39440.0,39440.264,2026-09-17T20:27:36.728083+00:00,write,14362,3.476,True,
1973,39460.0,39460.246,2026-09-17T20:27:36.748061+00:00,read,53586,3.787,True,
1974,39480.0,39480.42,2026-09-17T20:27:36.768240+00:00,read,92583,3.968,True,
1975,39500.0,39500.484,2026-09-17T20:27:36.788295+00:00,write,33054,3.161,True,
1976,39520.0,39520.325,2026-09-17T20:27:36.808141+00:00,read,74437,3.676,True,
1977,39540.0,39540.224,2026-09-17T20:27:36.828043+00:00,read,47533,4.01,True,
1978,39560.0,39560.402,2026-09-17T20:27:36.848212+00:00,read,40947,3.478,True,
1979,39580.0,39580.233,2026-09-17T20:27:36.868045+00:00,read,68101,3.485,True,
1980,39600.0,39600.259,2026-09-17T20:27:36.888072+00:00,read,82064,3.204,True,
1981,39620.0,39620.453,2026-09-17T20:27:36.908320+00:00,read,64080,3.479,True,
1982,39640.0,39640.317,2026-09-17T20:27:36.928132+00:00,read,94104,3.92,True,
1983,39660.0,39660.213,2026-09-17T20:27:36.948028+00:00,read,33132,3.73,True,
1984,39680.0,39680.267,2026-09-17T20:27:36.968082+00:00,read,13081,3.206,True,
1985,39700.0,39700.369,2026-09-17T20:27:36.988184+00:00,write,82633,3.072,True,
1986,39720.0,39720.351,2026-09-17T20:27:37.008165+00:00,write,4589,3.037,True,
1987,39740.0,39740.309,2026-09-17T20:27:37.028124+00:00,read,83689,3.415,True,
1988,39760.0,39760.377,2026-09-17T20:27:37.048190+00:00,read,79435,2.791,True,
1989,39780.0,39780.336,2026-09-17T20:27:37.068144+00:00,read,4924,2.526,True,
1990,39800.0,39800.318,2026-09-17T20:27:37.088134+00:00,read,69541,3.793,True,
1991,39820.0,39820.219,2026-09-17T20:27:37.108037+00:00,read,27112,3.916,True,
1992,39840.0,39840.399,2026-09-17T20:27:37.128221+00:00,read,20352,3.891,True,
1993,39860.0,39860.231,2026-09-17T20:27:37.148049+00:00,read,40907,3.544,True,
1994,39880.0,39880.217,2026-09-17T20:27:37.168032+00:00,read,31851,4.035,True,
1995,39900.0,39900.593,2026-09-17T20:27:37.188406+00:00,write,43068,2.976,True,
1996,39920.0,39920.253,2026-09-17T20:27:37.208069+00:00,read,32784,3.61,True,
1997,39940.0,39940.408,2026-09-17T20:27:37.228227+00:00,read,80684,4.033,True,
1998,39960.0,39960.396,2026-09-17T20:27:37.248207+00:00,read,25162,3.662,True,
1999,39980.0,39980.206,2026-09-17T20:27:37.268016+00:00,read,75408,3.308,True,
2000,40000.0,40000.294,2026-09-17T20:27:37.288109+00:00,read,30710,3.432,True,
2001,40020.0,40020.312,2026-09-17T20:27:37.308124+00:00,read,2458,2.966,True,
2002,40040.0,40040.305,2026-09-17T20:27:37.328120+00:00,read,7334,3.043,True,
2003,40060.0,40060.235,2026-09-17T20:27:37.348048+00:00,read,35556,2.146,True,
2004,40080.0,40080.333,2026-09-17T20:27:37.368149+00:00,read,57548,2.497,True,
2005,40100.0,40100.234,2026-09-17T20:27:37.388047+00:00,write,21452,3.249,True,
2006,40120.0,40120.236,2026-09-17T20:27:37.408047+00:00,read,67574,2.837,True,
2007,40140.0,40140.186,2026-09-17T20:27:37.427996+00:00,read,98435,2.434,True,
2008,40160.0,40160.349,2026-09-17T20:27:37.448154+00:00,read,9989,1.465,True,
2009,40180.0,40180.222,2026-09-17T20:27:37.468026+00:00,write,62669,1.617,True,
2010,40200.0,40200.111,2026-09-17T20:27:37.487917+00:00,read,88607,1.755,True,
2011,40220.0,40220.309,2026-09-17T20:27:37.508113+00:00,write,90265,1.776,True,
2012,40240.0,40240.264,2026-09-17T20:27:37.528072+00:00,read,7495,2.582,True,
2013,40260.0,40260.398,2026-09-17T20:27:37.548221+00:00,write,84810,1.44,True,
2014,40280.0,40280.26,2026-09-17T20:27:37.568069+00:00,read,88840,2.244,True,
2015,40300.0,40300.206,2026-09-17T20:27:37.588019+00:00,write,66478,1.599,True,
2016,40320.0,40320.191,2026-09-17T20:27:37.608007+00:00,read,96194,3.418,True,
2017,40340.0,40340.193,2026-09-17T20:27:37.628008+00:00,read,11481,3.451,True,
2018,40360.0,40360.278,2026-09-17T20:27:37.648090+00:00,read,32150,3.392,True,
2019,40380.0,40380.394,2026-09-17T20:27:37.668208+00:00,write,82773,2.531,True,
2020,40400.0,40400.346,2026-09-17T20:27:37.688160+00:00,read,93672,3.438,True,
2021,40420.0,40420.228,2026-09-17T20:27:37.708045+00:00,read,51424,3.717,True,
2022,40440.0,40440.253,2026-09-17T20:27:37.728072+00:00,read,49825,4.083,True,
2023,40460.0,40460.297,2026-09-17T20:27:37.748114+00:00,read,62300,3.918,True,
2024,40480.0,40480.379,2026-09-17T20:27:37.768195+00:00,read,93545,3.566,True,
2025,40500.0,40500.47,2026-09-17T20:27:37.788287+00:00,read,71670,3.675,True,
2026,40520.0,40520.308,2026-09-17T20:27:37.808126+00:00,read,80123,3.826,True,
2027,40540.0,40540.399,2026-09-17T20:27:37.828213+00:00,write,74253,3.179,True,
2028,40560.0,40560.365,2026-09-17T20:27:37.848175+00:00,read,33814,2.921,True,
2029,40580.0,40580.264,2026-09-17T20:27:37.868076+00:00,read,38650,3.629,True,
2030,40600.0,40600.332,2026-09-17T20:27:37.888144+00:00,read,30978,3.295,True,
2031,40620.0,40620.286,2026-09-17T20:27:37.908098+00:00,read,61217,3.099,True,
2032,40640.0,40640.493,2026-09-17T20:27:37.928371+00:00,read,65058,3.712,True,
2033,40660.0,40660.463,2026-09-17T20:27:37.948285+00:00,read,23931,4.156,True,
2034,40680.0,40680.321,2026-09-17T20:27:37.968136+00:00,read,68064,3.592,True,
2035,40700.0,40700.381,2026-09-17T20:27:37.988198+00:00,read,44917,3.562,True,
2036,40720.0,40720.512,2026-09-17T20:27:38.008330+00:00,read,62372,3.564,True,
2037,40740.0,40740.271,2026-09-17T20:27:38.028087+00:00,read,55152,3.737,True,
2038,40760.0,40760.307,2026-09-17T20:27:38.048126+00:00,read,67750,3.527,True,
2039,40780.0,40780.368,2026-09-17T20:27:38.068180+00:00,read,69313,3.239,True,
2040,40800.0,40800.473,2026-09-17T20:27:38.088472+00:00,read,46933,3.777,True,
2041,40820.0,40820.224,2026-09-17T20:27:38.108039+00:00,read,77986,3.695,True,
2042,40840.0,40840.284,2026-09-17T20:27:38.128094+00:00,read,2062,3.548,True,
2043,40860.0,40860.366,2026-09-17T20:27:38.148181+00:00,read,45535,2.997,True,
2044,40880.0,40880.242,2026-09-17T20:27:38.168053+00:00,read,49808,3.773,True,
2045,40900.0,40900.401,2026-09-17T20:27:38.188215+00:00,write,12800,2.478,True,
2046,40920.0,40920.237,2026-09-17T20:27:38.208052+00:00,read,27994,3.011,True,
2047,40940.0,40940.483,2026-09-17T20:27:38.228299+00:00,read,69935,4.358,True,
2048,40960.0,40960.318,2026-09-17T20:27:38.248137+00:00,read,20071,12.474,True,
2049,40980.0,40980.211,2026-09-17T20:27:38.268035+00:00,read,40447,3.811,True,
2050,41000.0,41000.257,2026-09-17T20:27:38.288073+00:00,read,63350,3.12,True,
2051,41020.0,41020.208,2026-09-17T20:27:38.308024+00:00,read,42891,3.464,True,
2052,41040.0,41040.167,2026-09-17T20:27:38.327979+00:00,read,72501,3.17,True,
2053,41060.0,41060.159,2026-09-17T20:27:38.347972+00:00,write,91318,3.053,True,
2054,41080.0,41080.2,2026-09-17T20:27:38.368012+00:00,read,73700,2.975,True,
2055,41100.0,41100.481,2026-09-17T20:27:38.388295+00:00,read,11345,3.414,True,
2056,41120.0,41120.381,2026-09-17T20:27:38.408196+00:00,read,70299,3.213,True,
2057,41140.0,41140.227,2026-09-17T20:27:38.428041+00:00,read,74081,3.798,True,
2058,41160.0,41160.295,2026-09-17T20:27:38.448109+00:00,read,31212,3.619,True,
2059,41180.0,41180.311,2026-09-17T20:27:38.468126+00:00,read,80802,3.691,True,
2060,41200.0,41200.202,2026-09-17T20:27:38.488016+00:00,read,78587,3.274,True,
2061,41220.0,41220.255,2026-09-17T20:27:38.508071+00:00,read,29129,4.013,True,
2062,41240.0,41240.222,2026-09-17T20:27:38.528034+00:00,read,18639,2.991,True,
2063,41260.0,41260.571,2026-09-17T20:27:38.548391+00:00,read,43390,4.277,True,
2064,41280.0,41280.327,2026-09-17T20:27:38.568142+00:00,write,60121,3.477,True,
2065,41300.0,41300.33,2026-09-17T20:27:38.588150+00:00,read,48661,3.576,True,
2066,41320.0,41320.305,2026-09-17T20:27:38.608128+00:00,read,32509,3.622,True,
2067,41340.0,41340.251,2026-09-17T20:27:38.628068+00:00,read,63797,3.766,True,
2068,41360.0,41360.292,2026-09-17T20:27:38.648106+00:00,read,41343,3.397,True,
2069,41380.0,41380.304,2026-09-17T20:27:38.668117+00:00,write,56373,2.802,True,
2070,41400.0,41400.366,2026-09-17T20:27:38.688179+00:00,read,24656,3.449,True,
2071,41420.0,41420.316,2026-09-17T20:27:38.708127+00:00,read,1282,3.103,True,
2072,41440.0,41440.273,2026-09-17T20:27:38.728087+00:00,write,41134,2.92,True,
2073,41460.0,41460.197,2026-09-17T20:27:38.748013+00:00,write,45528,3.193,True,
2074,41480.0,41480.417,2026-09-17T20:27:38.768229+00:00,read,54626,3.576,True,
2075,41500.0,41500.471,2026-09-17T20:27:38.788282+00:00,read,49503,3.538,True,
2076,41520.0,41520.213,2026-09-17T20:27:38.808023+00:00,write,46767,3.118,True,
2077,41540.0,41540.174,2026-09-17T20:27:38.827988+00:00,read,44521,3.271,True,
2078,41560.0,41560.184,2026-09-17T20:27:38.847996+00:00,read,67470,3.358,True,
2079,41580.0,41580.236,2026-09-17T20:27:38.868096+00:00,write,54222,4.257,True,
2080,41600.0,41600.492,2026-09-17T20:27:38.888310+00:00,read,43485,3.892,True,
2081,41620.0,41620.367,2026-09-17T20:27:38.908182+00:00,read,72473,2.99,True,
2082,41640.0,41640.416,2026-09-17T20:27:38.928234+00:00,read,46190,3.957,True,
2083,41660.0,41660.221,2026-09-17T20:27:38.948035+00:00,read,76661,3.764,True,
2084,41680.0,41680.395,2026-09-17T20:27:38.968212+00:00,read,95070,3.572,True,
2085,41700.0,41700.244,2026-09-17T20:27:38.988060+00:00,read,42675,3.913,True,
2086,41720.0,41720.473,2026-09-17T20:27:39.008289+00:00,read,57867,3.695,True,
2087,41740.0,41740.226,2026-09-17T20:27:39.028044+00:00,read,2021,3.685,True,
2088,41760.0,41760.264,2026-09-17T20:27:39.048076+00:00,read,46760,3.947,True,
2089,41780.0,41780.339,2026-09-17T20:27:39.068155+00:00,write,52303,4.269,True,
2090,41800.0,41800.336,2026-09-17T20:27:39.088145+00:00,write,51274,3.227,True,
2091,41820.0,41820.369,2026-09-17T20:27:39.108180+00:00,read,172,3.547,True,
2092,41840.0,41840.174,2026-09-17T20:27:39.127989+00:00,read,61010,3.138,True,
2093,41860.0,41860.465,2026-09-17T20:27:39.148279+00:00,read,4727,3.324,True,
2094,41880.0,41880.2,2026-09-17T20:27:39.168016+00:00,read,94150,3.498,True,
2095,41900.0,41900.212,2026-09-17T20:27:39.188026+00:00,read,18621,2.997,True,
2096,41920.0,41920.284,2026-09-17T20:27:39.208099+00:00,read,92496,4.467,True,
2097,41940.0,41940.312,2026-09-17T20:27:39.228128+00:00,read,54435,4.103,True,
2098,41960.0,41960.284,2026-09-17T20:27:39.248096+00:00,write,6870,3.034,True,
2099,41980.0,41980.474,2026-09-17T20:27:39.268289+00:00,write,61018,3.262,True,
2100,42000.0,42000.314,2026-09-17T20:27:39.288130+00:00,read,30817,3.803,True,
2101,42020.0,42020.446,2026-09-17T20:27:39.308261+00:00,read,92348,3.882,True,
2102,42040.0,42040.326,2026-09-17T20:27:39.328140+00:00,read,98876,3.776,True,
2103,42060.0,42060.29,2026-09-17T20:27:39.348101+00:00,write,31085,2.908,True,
2104,42080.0,42080.219,2026-09-17T20:27:39.368034+00:00,read,17477,3.419,True,
2105,42100.0,42100.217,2026-09-17T20:27:39.388032+00:00,read,37964,3.46,True,
2106,42120.0,42120.324,2026-09-17T20:27:39.408136+00:00,read,75874,3.451,True,
2107,42140.0,42140.283,2026-09-17T20:27:39.428093+00:00,read,23673,3.484,True,
2108,42160.0,42160.334,2026-09-17T20:27:39.448147+00:00,write,89244,3.23,True,
2109,42180.0,42180.233,2026-09-17T20:27:39.468047+00:00,read,16134,3.703,True,
2110,42200.0,42200.434,2026-09-17T20:27:39.488250+00:00,read,66092,3.445,True,
2111,42220.0,42220.237,2026-09-17T20:27:39.508054+00:00,read,2503,3.286,True,
2112,42240.0,42240.211,2026-09-17T20:27:39.528024+00:00,read,41208,3.385,True,
2113,42260.0,42260.314,2026-09-17T20:27:39.548131+00:00,read,25682,4.409,True,
2114,42280.0,42280.317,2026-09-17T20:27:39.568131+00:00,read,61206,3.564,True,
2115,42300.0,42300.338,2026-09-17T20:27:39.588153+00:00,read,31616,3.986,True,
2116,42320.0,42320.571,2026-09-17T20:27:39.608385+00:00,write,72981,3.4,True,
2117,42340.0,42340.417,2026-09-17T20:27:39.628234+00:00,read,14212,3.945,True,
2118,42360.0,42360.3,2026-09-17T20:27:39.648115+00:00,write,35629,3.069,True,
2119,42380.0,42380.312,2026-09-17T20:27:39.668123+00:00,read,61383,3.394,True,
2120,42400.0,42400.329,2026-09-17T20:27:39.688147+00:00,read,25320,3.574,True,
2121,42420.0,42420.249,2026-09-17T20:27:39.708058+00:00,read,67825,2.771,True,
2122,42440.0,42440.349,2026-09-17T20:27:39.728163+00:00,read,9382,2.901,True,
2123,42460.0,42460.267,2026-09-17T20:27:39.748080+00:00,read,11745,3.123,True,
2124,42480.0,42480.222,2026-09-17T20:27:39.768039+00:00,read,76956,3.766,True,
2125,42500.0,42500.34,2026-09-17T20:27:39.788152+00:00,read,36249,3.028,True,
2126,42520.0,42520.274,2026-09-17T20:27:39.808089+00:00,read,62766,3.762,True,
2127,42540.0,42540.423,2026-09-17T20:27:39.828233+00:00,read,42757,3.305,True,
2128,42560.0,42560.223,2026-09-17T20:27:39.848037+00:00,write,56018,3.019,True,
2129,42580.0,42580.296,2026-09-17T20:27:39.868113+00:00,read,71906,3.71,True,
2130,42600.0,42600.229,2026-09-17T20:27:39.888046+00:00,read,49147,4.504,True,
2131,42620.0,42620.295,2026-09-17T20:27:39.908112+00:00,write,87584,3.43,True,
2132,42640.0,42640.24,2026-09-17T20:27:39.928057+00:00,read,86861,3.883,True,
2133,42660.0,42660.464,2026-09-17T20:27:39.948282+00:00,write,98299,3.888,True,
2134,42680.0,42680.38,2026-09-17T20:27:39.968250+00:00,read,9779,3.595,True,
2135,42700.0,42700.217,2026-09-17T20:27:39.988035+00:00,read,87494,3.716,True,
2136,42720.0,42720.21,2026-09-17T20:27:40.008028+00:00,read,66371,4.84,True,
2137,42740.0,42740.343,2026-09-17T20:27:40.028213+00:00,read,18731,5.029,True,
2138,42760.0,42760.211,2026-09-17T20:27:40.048028+00:00,write,57048,2.908,True,
2139,42780.0,42780.14,2026-09-17T20:27:40.067953+00:00,read,44002,3.418,True,
2140,42800.0,42800.112,2026-09-17T20:27:40.087924+00:00,read,25773,2.315,True,
2141,42820.0,42820.113,2026-09-17T20:27:40.107924+00:00,read,92018,1.751,True,
2142,42840.0,42840.157,2026-09-17T20:27:40.127968+00:00,write,43971,1.5,True,
2143,42860.0,42860.176,2026-09-17T20:27:40.147990+00:00,read,39731,3.367,True,
2144,42880.0,42880.172,2026-09-17T20:27:40.167984+00:00,read,84008,3.422,True,
2145,42900.0,42900.272,2026-09-17T20:27:40.188082+00:00,read,46936,3.294,True,
2146,42920.0,42920.282,2026-09-17T20:27:40.208092+00:00,read,4917,3.223,True,
2147,42940.0,42940.184,2026-09-17T20:27:40.227993+00:00,read,86730,2.972,True,
2148,42960.0,42960.229,2026-09-17T20:27:40.248042+00:00,read,44671,4.05,True,
2149,42980.0,42980.422,2026-09-17T20:27:40.268236+00:00,read,27796,3.491,True,
2150,43000.0,43000.209,2026-09-17T20:27:40.288023+00:00,read,20619,3.722,True,
2151,43020.0,43020.326,2026-09-17T20:27:40.308141+00:00,write,7335,3.475,True,
2152,43040.0,43040.321,2026-09-17T20:27:40.328134+00:00,read,40564,3.106,True,
2153,43060.0,43060.194,2026-09-17T20:27:40.348008+00:00,read,79585,3.185,True,
2154,43080.0,43080.238,2026-09-17T20:27:40.368054+00:00,read,26278,3.659,True,
2155,43100.0,43100.448,2026-09-17T20:27:40.388263+00:00,read,6159,3.71,True,
2156,43120.0,43120.267,2026-09-17T20:27:40.408083+00:00,read,669,3.713,True,
2157,43140.0,43140.408,2026-09-17T20:27:40.428218+00:00,read,11429,3.293,True,
2158,43160.0,43160.297,2026-09-17T20:27:40.448108+00:00,read,51591,2.826,True,
2159,43180.0,43180.227,2026-09-17T20:27:40.468038+00:00,read,43278,3.221,True,
2160,43200.0,43200.164,2026-09-17T20:27:40.487979+00:00,read,19646,2.675,True,
2161,43220.0,43220.187,2026-09-17T20:27:40.507998+00:00,read,61180,3.12,True,
2162,43240.0,43240.215,2026-09-17T20:27:40.528026+00:00,read,20315,2.749,True,
2163,43260.0,43260.297,2026-09-17T20:27:40.548105+00:00,read,30144,2.276,True,
2164,43280.0,43280.325,2026-09-17T20:27:40.568134+00:00,read,55797,2.828,True,
2165,43300.0,43300.342,2026-09-17T20:27:40.588150+00:00,read,40911,2.244,True,
2166,43320.0,43320.247,2026-09-17T20:27:40.608058+00:00,read,21224,2.948,True,
2167,43340.0,43340.158,2026-09-17T20:27:40.627966+00:00,read,35665,2.474,True,
2168,43360.0,43360.376,2026-09-17T20:27:40.648184+00:00,read,61836,2.455,True,
2169,43380.0,43380.237,2026-09-17T20:27:40.668048+00:00,read,78650,2.617,True,
2170,43400.0,43400.248,2026-09-17T20:27:40.688056+00:00,read,82522,2.668,True,
2171,43420.0,43420.128,2026-09-17T20:27:40.707935+00:00,read,57973,2.075,True,
2172,43440.0,43440.185,2026-09-17T20:27:40.727995+00:00,read,14334,2.654,True,
2173,43460.0,43460.244,2026-09-17T20:27:40.748052+00:00,read,93799,2.38,True,
2174,43480.0,43480.286,2026-09-17T20:27:40.768100+00:00,write,63105,2.652,True,
2175,43500.0,43500.414,2026-09-17T20:27:40.788222+00:00,read,27722,2.744,True,
2176,43520.0,43520.266,2026-09-17T20:27:40.808074+00:00,read,46128,3.003,True,
2177,43540.0,43540.391,2026-09-17T20:27:40.828206+00:00,read,1037,3.662,True,
2178,43560.0,43560.273,2026-09-17T20:27:40.848083+00:00,read,50612,2.569,True,
2179,43580.0,43580.278,2026-09-17T20:27:40.868086+00:00,write,13602,2.2,True,
2180,43600.0,43600.304,2026-09-17T20:27:40.888111+00:00,read,68809,2.802,True,
2181,43620.0,43620.344,2026-09-17T20:27:40.908152+00:00,read,5403,2.62,True,
2182,43640.0,43640.325,2026-09-17T20:27:40.928142+00:00,read,94373,3.375,True,
2183,43660.0,43660.313,2026-09-17T20:27:40.948120+00:00,read,87017,2.524,True,
2184,43680.0,43680.335,2026-09-17T20:27:40.968147+00:00,read,38428,2.841,True,
2185,43700.0,43700.285,2026-09-17T20:27:40.988094+00:00,read,45604,2.475,True,
2186,43720.0,43720.382,2026-09-17T20:27:41.008195+00:00,write,96548,2.373,True,
2187,43740.0,43740.29,2026-09-17T20:27:41.028103+00:00,read,53240,3.664,True,
2188,43760.0,43760.248,2026-09-17T20:27:41.048062+00:00,read,91297,3.656,True,
2189,43780.0,43780.371,2026-09-17T20:27:41.068181+00:00,read,7061,3.384,True,
2190,43800.0,43800.412,2026-09-17T20:27:41.088221+00:00,write,59002,2.883,True,
2191,43820.0,43820.599,2026-09-17T20:27:41.108419+00:00,read,85274,3.824,True,
2192,43840.0,43840.273,2026-09-17T20:27:41.128086+00:00,write,38568,2.559,True,
2193,43860.0,43860.177,2026-09-17T20:27:41.147988+00:00,read,87494,2.881,True,
2194,43880.0,43880.173,2026-09-17T20:27:41.167985+00:00,read,99276,2.085,True,
2195,43900.0,43900.175,2026-09-17T20:27:41.187986+00:00,read,13746,2.332,True,
2196,43920.0,43920.242,2026-09-17T20:27:41.208058+00:00,read,94800,4.155,True,
2197,43940.0,43940.314,2026-09-17T20:27:41.228127+00:00,read,63773,2.402,True,
2198,43960.0,43960.197,2026-09-17T20:27:41.248013+00:00,write,93711,2.28,True,
2199,43980.0,43980.231,2026-09-17T20:27:41.268041+00:00,write,96377,2.292,True,
2200,44000.0,44000.334,2026-09-17T20:27:41.288153+00:00,read,70688,3.319,True,
2201,44020.0,44020.094,2026-09-17T20:27:41.307902+00:00,read,50286,3.58,True,
2202,44040.0,44040.196,2026-09-17T20:27:41.328009+00:00,read,29449,1.971,True,
2203,44060.0,44060.184,2026-09-17T20:27:41.347998+00:00,read,88354,3.16,True,
2204,44080.0,44080.239,2026-09-17T20:27:41.368050+00:00,read,45444,1.924,True,
2205,44100.0,44100.217,2026-09-17T20:27:41.388034+00:00,read,73303,3.442,True,
2206,44120.0,44120.275,2026-09-17T20:27:41.408092+00:00,write,65857,2.412,True,
2207,44140.0,44140.3,2026-09-17T20:27:41.428115+00:00,read,9493,3.735,True,
2208,44160.0,44160.254,2026-09-17T20:27:41.448072+00:00,read,27480,4.009,True,
2209,44180.0,44180.327,2026-09-17T20:27:41.468145+00:00,write,22715,2.861,True,
2210,44200.0,44200.29,2026-09-17T20:27:41.488110+00:00,read,88882,2.124,True,
2211,44220.0,44220.138,2026-09-17T20:27:41.507958+00:00,read,65419,2.887,True,
2212,44240.0,44240.145,2026-09-17T20:27:41.527956+00:00,read,31694,2.394,True,
2213,44260.0,44260.284,2026-09-17T20:27:41.548095+00:00,read,25897,3.244,True,
2214,44280.0,44280.19,2026-09-17T20:27:41.568005+00:00,read,37817,3.659,True,
2215,44300.0,44300.349,2026-09-17T20:27:41.588164+00:00,read,5085,2.776,True,
2216,44320.0,44320.375,2026-09-17T20:27:41.608188+00:00,read,92728,3.902,True,
2217,44340.0,44340.402,2026-09-17T20:27:41.628216+00:00,read,41438,3.746,True,
2218,44360.0,44360.327,2026-09-17T20:27:41.648143+00:00,write,66252,2.051,True,
2219,44380.0,44380.399,2026-09-17T20:27:41.668218+00:00,read,70307,3.495,True,
2220,44400.0,44400.221,2026-09-17T20:27:41.688034+00:00,read,84933,2.096,True,
2221,44420.0,44420.225,2026-09-17T20:27:41.708037+00:00,read,81743,3.122,True,
2222,44440.0,44440.116,2026-09-17T20:27:41.727929+00:00,read,25162,2.231,True,
2223,44460.0,44460.255,2026-09-17T20:27:41.748075+00:00,write,94083,3.346,True,
2224,44480.0,44480.288,2026-09-17T20:27:41.768105+00:00,read,61344,3.923,True,
2225,44500.0,44500.33,2026-09-17T20:27:41.788147+00:00,read,92176,3.936,True,
2226,44520.0,44520.295,2026-09-17T20:27:41.808107+00:00,read,64044,3.633,True,
2227,44540.0,44540.164,2026-09-17T20:27:41.827975+00:00,read,15612,2.256,True,
2228,44560.0,44560.157,2026-09-17T20:27:41.847970+00:00,read,48836,2.695,True,
2229,44580.0,44580.429,2026-09-17T20:27:41.868247+00:00,read,12841,3.723,True,
2230,44600.0,44600.318,2026-09-17T20:27:41.888137+00:00,read,43795,4.025,True,
2231,44620.0,44620.425,2026-09-17T20:27:41.908242+00:00,write,64557,3.637,True,
2232,44640.0,44640.311,2026-09-17T20:27:41.928128+00:00,read,54287,4.359,True,
2233,44660.0,44660.379,2026-09-17T20:27:41.948197+00:00,write,88146,2.942,True,
2234,44680.0,44680.396,2026-09-17T20:27:41.968214+00:00,read,67882,3.672,True,
2235,44700.0,44700.411,2026-09-17T20:27:41.988228+00:00,write,51495,3.466,True,
2236,44720.0,44720.348,2026-09-17T20:27:42.008165+00:00,read,48018,3.633,True,
2237,44740.0,44740.206,2026-09-17T20:27:42.028021+00:00,read,6542,3.71,True,
2238,44760.0,44760.322,2026-09-17T20:27:42.048139+00:00,read,10758,3.661,True,
2239,44780.0,44780.311,2026-09-17T20:27:42.068127+00:00,write,5680,3.265,True,
2240,44800.0,44800.397,2026-09-17T20:27:42.088213+00:00,read,65495,3.735,True,
2241,44820.0,44820.41,2026-09-17T20:27:42.108227+00:00,read,86508,3.666,True,
2242,44840.0,44840.281,2026-09-17T20:27:42.128099+00:00,read,53611,3.573,True,
2243,44860.0,44860.232,2026-09-17T20:27:42.148045+00:00,write,17368,3.167,True,
2244,44880.0,44880.321,2026-09-17T20:27:42.168139+00:00,read,1677,3.24,True,
2245,44900.0,44900.195,2026-09-17T20:27:42.188012+00:00,read,57900,3.084,True,
2246,44920.0,44920.319,2026-09-17T20:27:42.208134+00:00,read,76697,3.124,True,
2247,44940.0,44940.369,2026-09-17T20:27:42.228186+00:00,read,20802,3.151,True,
2248,44960.0,44960.393,2026-09-17T20:27:42.248210+00:00,read,39420,4.126,True,
2249,44980.0,44980.39,2026-09-17T20:27:42.268207+00:00,read,51064,3.378,True,
2250,45000.0,45000.268,2026-09-17T20:27:42.288086+00:00,read,45068,3.639,True,
2251,45020.0,45020.38,2026-09-17T20:27:42.308196+00:00,read,4362,3.715,True,
2252,45040.0,45040.428,2026-09-17T20:27:42.328242+00:00,read,24141,2.965,True,
2253,45060.0,45060.425,2026-09-17T20:27:42.348243+00:00,read,30337,3.803,True,
2254,45080.0,45080.199,2026-09-17T20:27:42.368013+00:00,read,77197,2.954,True,
2255,45100.0,45100.406,2026-09-17T20:27:42.388224+00:00,read,22774,3.677,True,
2256,45120.0,45120.302,2026-09-17T20:27:42.408118+00:00,read,3420,3.854,True,
2257,45140.0,45140.397,2026-09-17T20:27:42.428212+00:00,read,67421,3.178,True,
2258,45160.0,45160.206,2026-09-17T20:27:42.448020+00:00,write,45238,2.91,True,
2259,45180.0,45180.262,2026-09-17T20:27:42.468080+00:00,read,95888,3.749,True,
2260,45200.0,45200.368,2026-09-17T20:27:42.488183+00:00,read,65657,3.903,True,
2261,45220.0,45220.399,2026-09-17T20:27:42.508215+00:00,read,87144,3.67,True,
2262,45240.0,45240.209,2026-09-17T20:27:42.528025+00:00,read,89113,3.542,True,
2263,45260.0,45260.3,2026-09-17T20:27:42.548116+00:00,write,6831,3.053,True,
2264,45280.0,45280.386,2026-09-17T20:27:42.568202+00:00,read,45641,3.689,True,
2265,45300.0,45300.296,2026-09-17T20:27:42.588112+00:00,read,34273,3.718,True,
2266,45320.0,45320.238,2026-09-17T20:27:42.608052+00:00,read,98802,4.446,True,
2267,45340.0,45340.299,2026-09-17T20:27:42.628115+00:00,read,87192,3.984,True,
2268,45360.0,45360.291,2026-09-17T20:27:42.648105+00:00,read,4088,3.697,True,
2269,45380.0,45380.287,2026-09-17T20:27:42.668101+00:00,read,67901,3.685,True,
2270,45400.0,45400.228,2026-09-17T20:27:42.688044+00:00,read,44176,3.624,True,
2271,45420.0,45420.32,2026-09-17T20:27:42.708137+00:00,read,71531,3.429,True,
2272,45440.0,45440.332,2026-09-17T20:27:42.728149+00:00,read,84819,3.847,True,
2273,45460.0,45460.402,2026-09-17T20:27:42.748218+00:00,read,42976,3.876,True,
2274,45480.0,45480.288,2026-09-17T20:27:42.768104+00:00,read,81383,3.656,True,
2275,45500.0,45500.309,2026-09-17T20:27:42.788125+00:00,read,24692,3.534,True,
2276,45520.0,45520.267,2026-09-17T20:27:42.808081+00:00,write,49444,2.565,True,
2277,45540.0,45540.356,2026-09-17T20:27:42.828170+00:00,read,35487,3.384,True,
2278,45560.0,45560.446,2026-09-17T20:27:42.848262+00:00,read,54189,3.431,True,
2279,45580.0,45580.316,2026-09-17T20:27:42.868134+00:00,write,14677,3.42,True,
2280,45600.0,45600.258,2026-09-17T20:27:42.888077+00:00,read,76485,4.426,True,
2281,45620.0,45620.389,2026-09-17T20:27:42.908204+00:00,write,54517,3.054,True,
2282,45640.0,45640.249,2026-09-17T20:27:42.928059+00:00,read,35638,3.065,True,
2283,45660.0,45660.205,2026-09-17T20:27:42.948019+00:00,write,45783,2.661,True,
2284,45680.0,45680.252,2026-09-17T20:27:42.968060+00:00,read,11814,2.457,True,
2285,45700.0,45700.357,2026-09-17T20:27:42.988169+00:00,read,30705,3.001,True,
2286,45720.0,45720.255,2026-09-17T20:27:43.008066+00:00,read,77964,3.032,True,
2287,45740.0,45740.269,2026-09-17T20:27:43.028081+00:00,read,28022,3.317,True,
2288,45760.0,45760.196,2026-09-17T20:27:43.048011+00:00,read,31065,3.442,True,
2289,45780.0,45780.263,2026-09-17T20:27:43.068075+00:00,read,83992,2.894,True,
2290,45800.0,45800.369,2026-09-17T20:27:43.088182+00:00,write,3868,1.956,True,
2291,45820.0,45820.352,2026-09-17T20:27:43.108164+00:00,read,89921,3.863,True,
2292,45840.0,45840.458,2026-09-17T20:27:43.128268+00:00,read,60484,3.767,True,
2293,45860.0,45860.396,2026-09-17T20:27:43.148205+00:00,read,67398,3.194,True,
2294,45880.0,45880.312,2026-09-17T20:27:43.168123+00:00,write,8924,2.975,True,
2295,45900.0,45900.296,2026-09-17T20:27:43.188111+00:00,read,44291,3.385,True,
2296,45920.0,45920.273,2026-09-17T20:27:43.208087+00:00,write,23227,3.299,True,
2297,45940.0,45940.453,2026-09-17T20:27:43.228270+00:00,read,85964,3.844,True,
2298,45960.0,45960.247,2026-09-17T20:27:43.248066+00:00,read,4385,3.835,True,
2299,45980.0,45980.324,2026-09-17T20:27:43.268142+00:00,read,82688,3.879,True,
2300,46000.0,46000.289,2026-09-17T20:27:43.288104+00:00,read,97821,3.843,True,
2301,46020.0,46020.326,2026-09-17T20:27:43.308141+00:00,read,36810,3.539,True,
2302,46040.0,46040.394,2026-09-17T20:27:43.328213+00:00,read,31452,3.46,True,
2303,46060.0,46060.397,2026-09-17T20:27:43.348215+00:00,write,19829,3.165,True,
2304,46080.0,46080.179,2026-09-17T20:27:43.367994+00:00,read,81962,3.264,True,
2305,46100.0,46100.377,2026-09-17T20:27:43.388194+00:00,read,36923,3.621,True,
2306,46120.0,46120.314,2026-09-17T20:27:43.408123+00:00,write,99197,3.077,True,
2307,46140.0,46140.411,2026-09-17T20:27:43.428223+00:00,read,53358,3.59,True,
2308,46160.0,46160.479,2026-09-17T20:27:43.448294+00:00,write,98695,3.212,True,
2309,46180.0,46180.19,2026-09-17T20:27:43.468001+00:00,read,99599,2.768,True,
2310,46200.0,46200.251,2026-09-17T20:27:43.488061+00:00,write,99095,2.418,True,
2311,46220.0,46220.358,2026-09-17T20:27:43.508173+00:00,read,80910,3.157,True,
2312,46240.0,46240.271,2026-09-17T20:27:43.528083+00:00,read,59137,3.112,True,
2313,46260.0,46260.234,2026-09-17T20:27:43.548044+00:00,read,46953,2.705,True,
2314,46280.0,46280.391,2026-09-17T20:27:43.568200+00:00,read,98548,2.766,True,
2315,46300.0,46300.364,2026-09-17T20:27:43.588176+00:00,read,10713,2.494,True,
2316,46320.0,46320.273,2026-09-17T20:27:43.608082+00:00,read,60482,2.516,True,
2317,46340.0,46340.381,2026-09-17T20:27:43.628187+00:00,write,19191,1.871,True,
2318,46360.0,46360.346,2026-09-17T20:27:43.648156+00:00,write,6224,2.218,True,
2319,46380.0,46380.29,2026-09-17T20:27:43.668098+00:00,read,25922,3.44,True,
2320,46400.0,46400.244,2026-09-17T20:27:43.688054+00:00,read,22542,2.903,True,
2321,46420.0,46420.243,2026-09-17T20:27:43.708049+00:00,read,5154,2.265,True,
2322,46440.0,46440.155,2026-09-17T20:27:43.727963+00:00,read,98283,2.259,True,
2323,46460.0,46460.144,2026-09-17T20:27:43.747950+00:00,read,46736,2.293,True,
2324,46480.0,46480.278,2026-09-17T20:27:43.768086+00:00,read,66848,2.975,True,
2325,46500.0,46500.28,2026-09-17T20:27:43.788086+00:00,read,17324,2.019,True,
2326,46520.0,46520.375,2026-09-17T20:27:43.808183+00:00,read,56287,2.302,True,
2327,46540.0,46540.377,2026-09-17T20:27:43.828184+00:00,read,19475,2.164,True,
2328,46560.0,46560.281,2026-09-17T20:27:43.848088+00:00,read,78477,2.037,True,
2329,46580.0,46580.263,2026-09-17T20:27:43.868076+00:00,read,53474,3.156,True,
2330,46600.0,46600.365,2026-09-17T20:27:43.888173+00:00,read,67156,2.262,True,
2331,46620.0,46620.236,2026-09-17T20:27:43.908044+00:00,read,44017,2.614,True,
2332,46640.0,46640.275,2026-09-17T20:27:43.924750+00:00,write,89236,2.773,True,
2333,46660.0,46660.212,2026-09-17T20:27:43.944688+00:00,read,84281,3.196,True,
2334,46680.0,46680.351,2026-09-17T20:27:43.964822+00:00,write,5111,2.476,True,
2335,46700.0,46700.194,2026-09-17T20:27:43.984668+00:00,read,25534,3.562,True,
2336,46720.0,46720.164,2026-09-17T20:27:44.004638+00:00,read,20367,3.289,True,
2337,46740.0,46740.223,2026-09-17T20:27:44.024700+00:00,read,65925,3.38,True,
2338,46760.0,46760.237,2026-09-17T20:27:44.044715+00:00,write,81674,3.164,True,
2339,46780.0,46780.403,2026-09-17T20:27:44.064944+00:00,read,51,3.532,True,
2340,46800.0,46800.301,2026-09-17T20:27:44.084778+00:00,read,75434,3.213,True,
2341,46820.0,46820.381,2026-09-17T20:27:44.104860+00:00,read,18909,3.691,True,
2342,46840.0,46840.286,2026-09-17T20:27:44.124768+00:00,read,8262,3.589,True,
2343,46860.0,46860.297,2026-09-17T20:27:44.144774+00:00,write,13626,3.251,True,
2344,46880.0,46880.378,2026-09-17T20:27:44.164859+00:00,read,39385,3.49,True,
2345,46900.0,46900.289,2026-09-17T20:27:44.184766+00:00,read,87084,3.526,True,
2346,46920.0,46920.301,2026-09-17T20:27:44.204783+00:00,write,91829,3.76,True,
2347,46940.0,46940.446,2026-09-17T20:27:44.224925+00:00,read,92422,3.641,True,
2348,46960.0,46960.46,2026-09-17T20:27:44.244937+00:00,read,77415,3.494,True,
2349,46980.0,46980.418,2026-09-17T20:27:44.264895+00:00,read,28677,4.02,True,
2350,47000.0,47000.416,2026-09-17T20:27:44.284892+00:00,read,34400,2.708,True,
2351,47020.0,47020.335,2026-09-17T20:27:44.304805+00:00,read,71540,2.325,True,
2352,47040.0,47040.467,2026-09-17T20:27:44.324944+00:00,read,75553,4.281,True,
2353,47060.0,47060.238,2026-09-17T20:27:44.344715+00:00,read,39171,3.651,True,
2354,47080.0,47080.235,2026-09-17T20:27:44.364715+00:00,read,63982,3.326,True,
2355,47100.0,47100.266,2026-09-17T20:27:44.384743+00:00,read,8205,3.127,True,
2356,47120.0,47120.179,2026-09-17T20:27:44.404653+00:00,read,17066,3.385,True,
2357,47140.0,47140.265,2026-09-17T20:27:44.424737+00:00,read,61155,2.681,True,
2358,47160.0,47160.186,2026-09-17T20:27:44.444662+00:00,read,27640,3.208,True,
2359,47180.0,47180.189,2026-09-17T20:27:44.464664+00:00,read,64925,2.388,True,
2360,47200.0,47200.343,2026-09-17T20:27:44.484824+00:00,read,23995,3.997,True,
2361,47220.0,47220.376,2026-09-17T20:27:44.504858+00:00,read,47581,3.204,True,
2362,47240.0,47240.285,2026-09-17T20:27:44.524765+00:00,read,764,3.773,True,
2363,47260.0,47260.213,2026-09-17T20:27:44.544693+00:00,read,37552,3.749,True,
2364,47280.0,47280.286,2026-09-17T20:27:44.564765+00:00,read,95337,2.878,True,
2365,47300.0,47300.262,2026-09-17T20:27:44.584737+00:00,read,82844,2.453,True,
2366,47320.0,47320.305,2026-09-17T20:27:44.604787+00:00,read,92950,2.853,True,
2367,47340.0,47340.31,2026-09-17T20:27:44.624790+00:00,write,46587,3.193,True,
2368,47360.0,47360.268,2026-09-17T20:27:44.644743+00:00,write,78479,2.817,True,
2369,47380.0,47380.272,2026-09-17T20:27:44.664748+00:00,read,72210,3.444,True,
2370,47400.0,47400.282,2026-09-17T20:27:44.684760+00:00,write,8806,2.835,True,
2371,47420.0,47420.205,2026-09-17T20:27:44.704676+00:00,read,75092,2.09,True,
2372,47440.0,47440.245,2026-09-17T20:27:44.724716+00:00,read,7587,2.675,True,
2373,47460.0,47460.26,2026-09-17T20:27:44.744729+00:00,read,36901,2.204,True,
2374,47480.0,47480.382,2026-09-17T20:27:44.764851+00:00,read,3252,2.217,True,
2375,47500.0,47500.404,2026-09-17T20:27:44.784874+00:00,write,46982,1.985,True,
2376,47520.0,47520.265,2026-09-17T20:27:44.804735+00:00,write,70333,1.918,True,
2377,47540.0,47540.328,2026-09-17T20:27:44.824803+00:00,read,43496,2.352,True,
2378,47560.0,47560.324,2026-09-17T20:27:44.844797+00:00,read,79361,3.039,True,
2379,47580.0,47580.425,2026-09-17T20:27:44.864896+00:00,read,44693,2.548,True,
2380,47600.0,47600.242,2026-09-17T20:27:44.884711+00:00,read,75612,1.988,True,
2381,47620.0,47620.185,2026-09-17T20:27:44.904654+00:00,read,76489,2.292,True,
2382,47640.0,47640.315,2026-09-17T20:27:44.924788+00:00,read,48713,2.6,True,
2383,47660.0,47660.321,2026-09-17T20:27:44.944795+00:00,read,63397,3.628,True,
2384,47680.0,47680.217,2026-09-17T20:27:44.964689+00:00,read,81830,3.144,True,
2385,47700.0,47700.466,2026-09-17T20:27:44.984943+00:00,read,13714,3.27,True,
2386,47720.0,47720.285,2026-09-17T20:27:45.004761+00:00,write,95601,3.017,True,
2387,47740.0,47740.35,2026-09-17T20:27:45.024826+00:00,read,61082,3.032,True,
2388,47760.0,47760.269,2026-09-17T20:27:45.044742+00:00,read,10449,3.472,True,
2389,47780.0,47780.215,2026-09-17T20:27:45.064688+00:00,read,23181,2.694,True,
2390,47800.0,47800.332,2026-09-17T20:27:45.084804+00:00,read,12095,2.63,True,
2391,47820.0,47820.253,2026-09-17T20:27:45.104731+00:00,read,79435,3.189,True,
2392,47840.0,47840.217,2026-09-17T20:27:45.124698+00:00,read,77275,3.645,True,
2393,47860.0,47860.303,2026-09-17T20:27:45.144783+00:00,read,67837,4.267,True,
2394,47880.0,47880.328,2026-09-17T20:27:45.164808+00:00,read,886,3.947,True,
2395,47900.0,47900.285,2026-09-17T20:27:45.184763+00:00,read,57936,3.562,True,
2396,47920.0,47920.313,2026-09-17T20:27:45.204792+00:00,write,58363,3.038,True,
2397,47940.0,47940.173,2026-09-17T20:27:45.224646+00:00,read,36548,3.148,True,
2398,47960.0,47960.265,2026-09-17T20:27:45.244740+00:00,read,24579,3.077,True,
2399,47980.0,47980.255,2026-09-17T20:27:45.264727+00:00,read,90877,2.866,True,
2400,48000.0,48000.257,2026-09-17T20:27:45.284730+00:00,read,13600,2.875,True,
2401,48020.0,48020.27,2026-09-17T20:27:45.304742+00:00,read,6890,2.578,True,
2402,48040.0,48040.416,2026-09-17T20:27:45.324888+00:00,read,2869,2.937,True,
2403,48060.0,48060.415,2026-09-17T20:27:45.344891+00:00,read,46155,3.278,True,
2404,48080.0,48080.273,2026-09-17T20:27:45.364744+00:00,read,78772,3.097,True,
2405,48100.0,48100.186,2026-09-17T20:27:45.384658+00:00,read,49140,2.635,True,
2406,48120.0,48120.314,2026-09-17T20:27:45.404783+00:00,read,91173,2.594,True,
2407,48140.0,48140.273,2026-09-17T20:27:45.424742+00:00,read,75390,2.37,True,
2408,48160.0,48160.42,2026-09-17T20:27:45.444890+00:00,read,25120,2.256,True,
2409,48180.0,48180.421,2026-09-17T20:27:45.464896+00:00,read,92752,2.5,True,
2410,48200.0,48200.384,2026-09-17T20:27:45.484863+00:00,read,77731,3.703,True,
2411,48220.0,48220.181,2026-09-17T20:27:45.504656+00:00,write,93880,2.756,True,
2412,48240.0,48240.286,2026-09-17T20:27:45.524761+00:00,read,28193,3.107,True,
2413,48260.0,48260.425,2026-09-17T20:27:45.544899+00:00,read,47934,2.937,True,
2414,48280.0,48280.222,2026-09-17T20:27:45.564698+00:00,read,32412,3.462,True,
2415,48300.0,48300.44,2026-09-17T20:27:45.584916+00:00,write,16658,3.451,True,
2416,48320.0,48320.318,2026-09-17T20:27:45.604801+00:00,write,618,3.629,True,
2417,48340.0,48340.46,2026-09-17T20:27:45.624940+00:00,write,14842,3.356,True,
2418,48360.0,48360.361,2026-09-17T20:27:45.644832+00:00,read,50741,3.47,True,
2419,48380.0,48380.39,2026-09-17T20:27:45.664869+00:00,write,84868,3.238,True,
2420,48400.0,48400.221,2026-09-17T20:27:45.684695+00:00,read,79433,3.518,True,
2421,48420.0,48420.229,2026-09-17T20:27:45.704707+00:00,read,33494,3.709,True,
2422,48440.0,48440.709,2026-09-17T20:27:45.725190+00:00,read,26865,3.857,True,
2423,48460.0,48460.383,2026-09-17T20:27:45.744861+00:00,read,43446,3.409,True,
2424,48480.0,48480.277,2026-09-17T20:27:45.764752+00:00,read,15848,3.354,True,
2425,48500.0,48500.586,2026-09-17T20:27:45.785070+00:00,read,94146,3.841,True,
2426,48520.0,48520.391,2026-09-17T20:27:45.804869+00:00,read,58969,3.583,True,
2427,48540.0,48540.514,2026-09-17T20:27:45.824992+00:00,read,29788,3.423,True,
2428,48560.0,48560.358,2026-09-17T20:27:45.844837+00:00,read,51929,3.869,True,
2429,48580.0,48580.176,2026-09-17T20:27:45.864649+00:00,read,37544,2.932,True,
2430,48600.0,48600.468,2026-09-17T20:27:45.884951+00:00,write,94569,3.209,True,
2431,48620.0,48620.278,2026-09-17T20:27:45.904761+00:00,read,75096,3.748,True,
2432,48640.0,48640.191,2026-09-17T20:27:45.924668+00:00,read,48340,3.334,True,
2433,48660.0,48660.271,2026-09-17T20:27:45.944743+00:00,read,80345,3.382,True,
2434,48680.0,48680.177,2026-09-17T20:27:45.964652+00:00,write,19433,2.496,True,
2435,48700.0,48700.406,2026-09-17T20:27:45.984886+00:00,write,6471,3.313,True,
2436,48720.0,48720.259,2026-09-17T20:27:46.004737+00:00,read,80432,3.752,True,
2437,48740.0,48740.447,2026-09-17T20:27:46.024928+00:00,write,52050,2.889,True,
2438,48760.0,48760.344,2026-09-17T20:27:46.044825+00:00,write,65629,3.078,True,
2439,48780.0,48780.44,2026-09-17T20:27:46.064924+00:00,write,78020,4.397,True,
2440,48800.0,48800.327,2026-09-17T20:27:46.084803+00:00,read,70519,3.642,True,
2441,48820.0,48820.291,2026-09-17T20:27:46.104762+00:00,read,2690,2.46,True,
2442,48840.0,48840.309,2026-09-17T20:27:46.124781+00:00,write,79966,2.479,True,
2443,48860.0,48860.352,2026-09-17T20:27:46.144823+00:00,read,43642,3.021,True,
2444,48880.0,48880.266,2026-09-17T20:27:46.164740+00:00,write,40163,2.628,True,
2445,48900.0,48900.354,2026-09-17T20:27:46.184830+00:00,read,72215,3.387,True,
2446,48920.0,48920.448,2026-09-17T20:27:46.204922+00:00,read,7963,3.133,True,
2447,48940.0,48940.226,2026-09-17T20:27:46.224701+00:00,read,4243,2.286,True,
2448,48960.0,48960.232,2026-09-17T20:27:46.244710+00:00,read,72009,3.352,True,
2449,48980.0,48980.367,2026-09-17T20:27:46.264847+00:00,read,49313,3.622,True,
2450,49000.0,49000.27,2026-09-17T20:27:46.284746+00:00,read,96459,3.598,True,
2451,49020.0,49020.189,2026-09-17T20:27:46.304713+00:00,read,42633,3.598,True,
2452,49040.0,49040.291,2026-09-17T20:27:46.324767+00:00,read,65412,3.352,True,
2453,49060.0,49060.325,2026-09-17T20:27:46.344798+00:00,read,18227,3.165,True,
2454,49080.0,49080.331,2026-09-17T20:27:46.364812+00:00,read,75200,3.432,True,
2455,49100.0,49100.264,2026-09-17T20:27:46.384743+00:00,write,39291,3.266,True,
2456,49120.0,49120.17,2026-09-17T20:27:46.404649+00:00,read,24314,4.049,True,
2457,49140.0,49140.373,2026-09-17T20:27:46.424846+00:00,read,49328,3.115,True,
2458,49160.0,49160.426,2026-09-17T20:27:46.444899+00:00,read,34967,3.508,True,
2459,49180.0,49180.464,2026-09-17T20:27:46.464938+00:00,read,65217,3.397,True,
2460,49200.0,49200.367,2026-09-17T20:27:46.484844+00:00,read,25617,3.63,True,
2461,49220.0,49220.214,2026-09-17T20:27:46.504689+00:00,read,45185,3.234,True,
2462,49240.0,49240.338,2026-09-17T20:27:46.524818+00:00,read,58626,3.297,True,
2463,49260.0,49260.225,2026-09-17T20:27:46.544706+00:00,write,95718,3.338,True,
2464,49280.0,49280.353,2026-09-17T20:27:46.564829+00:00,read,41878,3.525,True,
2465,49300.0,49300.33,2026-09-17T20:27:46.584809+00:00,write,13321,3.325,True,
2466,49320.0,49320.388,2026-09-17T20:27:46.604864+00:00,read,21766,3.587,True,
2467,49340.0,49340.226,2026-09-17T20:27:46.624704+00:00,read,43800,3.79,True,
2468,49360.0,49360.21,2026-09-17T20:27:46.644683+00:00,read,95278,2.737,True,
2469,49380.0,49380.198,2026-09-17T20:27:46.664670+00:00,read,39922,2.759,True,
2470,49400.0,49400.262,2026-09-17T20:27:46.684736+00:00,read,92389,2.873,True,
2471,49420.0,49420.221,2026-09-17T20:27:46.704697+00:00,read,62082,3.159,True,
2472,49440.0,49440.37,2026-09-17T20:27:46.724846+00:00,read,65609,3.165,True,
2473,49460.0,49460.311,2026-09-17T20:27:46.744789+00:00,write,25568,3.791,True,
2474,49480.0,49480.287,2026-09-17T20:27:46.764762+00:00,read,56344,3.019,True,
2475,49500.0,49500.208,2026-09-17T20:27:46.784683+00:00,read,54826,3.006,True,
2476,49520.0,49520.208,2026-09-17T20:27:46.804683+00:00,read,18897,3.173,True,
2477,49540.0,49540.368,2026-09-17T20:27:46.824844+00:00,write,70305,2.381,True,
2478,49560.0,49560.227,2026-09-17T20:27:46.844706+00:00,read,33115,3.568,True,
2479,49580.0,49580.262,2026-09-17T20:27:46.864735+00:00,read,98911,2.98,True,
2480,49600.0,49600.192,2026-09-17T20:27:46.884667+00:00,write,4890,2.955,True,
2481,49620.0,49620.252,2026-09-17T20:27:46.904727+00:00,write,7902,3.542,True,
2482,49640.0,49640.243,2026-09-17T20:27:46.924723+00:00,read,2865,3.755,True,
2483,49660.0,49660.351,2026-09-17T20:27:46.944828+00:00,read,20424,3.311,True,
2484,49680.0,49680.338,2026-09-17T20:27:46.964815+00:00,write,54342,3.24,True,
2485,49700.0,49700.403,2026-09-17T20:27:46.984877+00:00,read,34909,3.353,True,
2486,49720.0,49720.269,2026-09-17T20:27:47.004741+00:00,read,5058,3.455,True,
2487,49740.0,49740.214,2026-09-17T20:27:47.024692+00:00,read,76513,4.501,True,
2488,49760.0,49760.277,2026-09-17T20:27:47.044758+00:00,read,89396,3.643,True,
2489,49780.0,49780.204,2026-09-17T20:27:47.064678+00:00,read,85462,3.466,True,
2490,49800.0,49800.379,2026-09-17T20:27:47.084854+00:00,write,32865,3.061,True,
2491,49820.0,49820.505,2026-09-17T20:27:47.104984+00:00,read,3902,4.462,True,
2492,49840.0,49840.24,2026-09-17T20:27:47.124722+00:00,write,88843,3.428,True,
2493,49860.0,49860.321,2026-09-17T20:27:47.144796+00:00,read,85928,4.051,True,
2494,49880.0,49880.299,2026-09-17T20:27:47.164777+00:00,read,70895,3.633,True,
2495,49900.0,49900.289,2026-09-17T20:27:47.184768+00:00,read,38963,3.505,True,
2496,49920.0,49920.358,2026-09-17T20:27:47.204839+00:00,read,75153,3.658,True,
2497,49940.0,49940.419,2026-09-17T20:27:47.224895+00:00,read,97557,3.168,True,
2498,49960.0,49960.46,2026-09-17T20:27:47.244936+00:00,read,11003,3.872,True,
2499,49980.0,49980.532,2026-09-17T20:27:47.265012+00:00,read,35470,3.958,True,
2500,50000.0,50000.406,2026-09-17T20:27:47.284881+00:00,read,36994,3.519,True,
2501,50020.0,50020.313,2026-09-17T20:27:47.304785+00:00,write,45698,2.611,True,
2502,50040.0,50040.302,2026-09-17T20:27:47.324890+00:00,read,32778,3.691,True,
2503,50060.0,50060.26,2026-09-17T20:27:47.344732+00:00,read,96025,2.419,True,
2504,50080.0,50080.291,2026-09-17T20:27:47.364766+00:00,read,2478,2.977,True,
2505,50100.0,50100.308,2026-09-17T20:27:47.384785+00:00,read,769,3.967,True,
2506,50120.0,50120.371,2026-09-17T20:27:47.404849+00:00,read,7394,3.569,True,
2507,50140.0,50140.268,2026-09-17T20:27:47.424748+00:00,read,40959,3.794,True,
2508,50160.0,50160.34,2026-09-17T20:27:47.444821+00:00,write,42090,3.974,True,
2509,50180.0,50180.178,2026-09-17T20:27:47.464654+00:00,read,63879,3.484,True,
2510,50200.0,50200.373,2026-09-17T20:27:47.484854+00:00,read,29823,4.181,True,
2511,50220.0,50220.146,2026-09-17T20:27:47.504619+00:00,read,73440,2.936,True,
2512,50240.0,50240.249,2026-09-17T20:27:47.524731+00:00,read,6586,3.75,True,
2513,50260.0,50260.311,2026-09-17T20:27:47.544791+00:00,read,95184,3.768,True,
2514,50280.0,50280.427,2026-09-17T20:27:47.564907+00:00,write,28476,3.536,True,
2515,50300.0,50300.305,2026-09-17T20:27:47.584785+00:00,read,29477,3.846,True,
2516,50320.0,50320.42,2026-09-17T20:27:47.604895+00:00,read,51748,3.761,True,
2517,50340.0,50340.321,2026-09-17T20:27:47.624794+00:00,write,46975,2.947,True,
2518,50360.0,50360.308,2026-09-17T20:27:47.644785+00:00,read,95936,3.67,True,
2519,50380.0,50380.308,2026-09-17T20:27:47.664786+00:00,read,6687,3.703,True,
2520,50400.0,50400.452,2026-09-17T20:27:47.684934+00:00,read,22585,4.139,True,
2521,50420.0,50420.29,2026-09-17T20:27:47.704766+00:00,write,18144,2.795,True,
2522,50440.0,50440.35,2026-09-17T20:27:47.724825+00:00,read,1064,3.711,True,
2523,50460.0,50460.416,2026-09-17T20:27:47.744893+00:00,write,67057,2.85,True,
2524,50480.0,50480.407,2026-09-17T20:27:47.764884+00:00,write,45333,2.998,True,
2525,50500.0,50500.321,2026-09-17T20:27:47.784803+00:00,read,59651,3.824,True,
2526,50520.0,50520.46,2026-09-17T20:27:47.804945+00:00,read,2744,4.691,True,
2527,50540.0,50540.429,2026-09-17T20:27:47.824910+00:00,write,84032,3.505,True,
2528,50560.0,50560.311,2026-09-17T20:27:47.844782+00:00,read,82223,3.457,True,
2529,50580.0,50580.217,2026-09-17T20:27:47.864695+00:00,write,58680,2.976,True,
2530,50600.0,50600.351,2026-09-17T20:27:47.884836+00:00,read,28965,4.003,True,
2531,50620.0,50620.319,2026-09-17T20:27:47.904791+00:00,read,5178,3.602,True,
2532,50640.0,50640.511,2026-09-17T20:27:47.924992+00:00,write,90590,3.169,True,
2533,50660.0,50660.311,2026-09-17T20:27:47.944792+00:00,read,303,3.711,True,
2534,50680.0,50680.418,2026-09-17T20:27:47.964895+00:00,read,70,3.376,True,
2535,50700.0,50700.411,2026-09-17T20:27:47.984884+00:00,write,18911,2.877,True,
2536,50720.0,50720.191,2026-09-17T20:27:48.004663+00:00,read,21816,3.316,True,
2537,50740.0,50740.418,2026-09-17T20:27:48.024896+00:00,read,74954,3.071,True,
2538,50760.0,50760.279,2026-09-17T20:27:48.044761+00:00,read,93349,3.741,True,
2539,50780.0,50780.274,2026-09-17T20:27:48.064758+00:00,write,17253,3.676,True,
2540,50800.0,50800.359,2026-09-17T20:27:48.084831+00:00,read,69404,3.653,True,
2541,50820.0,50820.354,2026-09-17T20:27:48.104836+00:00,read,60463,3.863,True,
2542,50840.0,50840.429,2026-09-17T20:27:48.124908+00:00,read,62443,3.672,True,
2543,50860.0,50860.409,2026-09-17T20:27:48.144886+00:00,write,60578,3.305,True,
2544,50880.0,50880.225,2026-09-17T20:27:48.164701+00:00,read,77204,3.348,True,
2545,50900.0,50900.202,2026-09-17T20:27:48.184680+00:00,write,60876,3.108,True,
2546,50920.0,50920.234,2026-09-17T20:27:48.204716+00:00,read,95874,4.149,True,
2547,50940.0,50940.354,2026-09-17T20:27:48.224829+00:00,read,98675,3.274,True,
2548,50960.0,50960.272,2026-09-17T20:27:48.244754+00:00,read,78804,3.58,True,
2549,50980.0,50980.447,2026-09-17T20:27:48.264929+00:00,write,36017,3.302,True,
2550,51000.0,51000.232,2026-09-17T20:27:48.284708+00:00,read,88041,3.568,True,
2551,51020.0,51020.319,2026-09-17T20:27:48.304797+00:00,read,95003,3.645,True,
2552,51040.0,51040.152,2026-09-17T20:27:48.324629+00:00,read,72891,2.782,True,
2553,51060.0,51060.306,2026-09-17T20:27:48.344785+00:00,read,82601,3.489,True,
2554,51080.0,51080.375,2026-09-17T20:27:48.364854+00:00,write,35948,2.981,True,
2555,51100.0,51100.303,2026-09-17T20:27:48.384781+00:00,read,42614,3.418,True,
2556,51120.0,51120.266,2026-09-17T20:27:48.404742+00:00,read,72758,3.214,True,
2557,51140.0,51140.226,2026-09-17T20:27:48.424700+00:00,read,21992,3.535,True,
2558,51160.0,51160.229,2026-09-17T20:27:48.444707+00:00,read,22407,3.382,True,
2559,51180.0,51180.229,2026-09-17T20:27:48.464710+00:00,write,84151,3.869,True,
2560,51200.0,51200.331,2026-09-17T20:27:48.484811+00:00,read,24801,4.232,True,
2561,51220.0,51220.275,2026-09-17T20:27:48.504755+00:00,read,33678,5.133,True,
2562,51240.0,51240.467,2026-09-17T20:27:48.524950+00:00,read,78116,3.166,True,
2563,51260.0,51260.344,2026-09-17T20:27:48.544830+00:00,read,80651,5.501,True,
2564,51280.0,51280.273,2026-09-17T20:27:48.564743+00:00,read,45186,2.258,True,
2565,51300.0,51300.288,2026-09-17T20:27:48.584760+00:00,read,44899,2.88,True,
2566,51320.0,51320.174,2026-09-17T20:27:48.604644+00:00,read,80089,3.197,True,
2567,51340.0,51340.309,2026-09-17T20:27:48.624781+00:00,read,81440,3.368,True,
2568,51360.0,51360.421,2026-09-17T20:27:48.644899+00:00,read,16864,3.995,True,
2569,51380.0,51380.254,2026-09-17T20:27:48.664728+00:00,write,23152,3.27,True,
2570,51400.0,51400.344,2026-09-17T20:27:48.684823+00:00,read,61142,3.39,True,
2571,51420.0,51420.459,2026-09-17T20:27:48.704941+00:00,read,4420,4.121,True,
2572,51440.0,51440.351,2026-09-17T20:27:48.724823+00:00,read,97586,2.597,True,
2573,51460.0,51460.289,2026-09-17T20:27:48.744766+00:00,read,52101,3.711,True,
2574,51480.0,51480.411,2026-09-17T20:27:48.764886+00:00,read,14171,3.391,True,
2575,51500.0,51500.507,2026-09-17T20:27:48.784979+00:00,read,39621,3.305,True,
2576,51520.0,51520.4,2026-09-17T20:27:48.804880+00:00,read,13750,3.819,True,
2577,51540.0,51540.559,2026-09-17T20:27:48.825045+00:00,read,19689,3.927,True,
2578,51560.0,51560.548,2026-09-17T20:27:48.845027+00:00,write,41228,2.843,True,
2579,51580.0,51580.197,2026-09-17T20:27:48.864673+00:00,read,58954,3.259,True,
2580,51600.0,51600.172,2026-09-17T20:27:48.884642+00:00,write,8661,2.231,True,
2581,51620.0,51620.176,2026-09-17T20:27:48.904646+00:00,read,52830,2.484,True,
2582,51640.0,51640.174,2026-09-17T20:27:48.924644+00:00,read,17936,2.302,True,
2583,51660.0,51660.25,2026-09-17T20:27:48.944724+00:00,write,50962,2.456,True,
2584,51680.0,51680.341,2026-09-17T20:27:48.964816+00:00,read,39267,2.495,True,
2585,51700.0,51700.215,2026-09-17T20:27:48.984689+00:00,read,58096,2.475,True,
2586,51720.0,51720.187,2026-09-17T20:27:49.004661+00:00,read,56103,2.643,True,
2587,51740.0,51740.256,2026-09-17T20:27:49.024734+00:00,write,95964,2.418,True,
2588,51760.0,51760.169,2026-09-17T20:27:49.044646+00:00,read,38847,2.418,True,
2589,51780.0,51780.165,2026-09-17T20:27:49.064640+00:00,read,57845,3.639,True,
2590,51800.0,51800.285,2026-09-17T20:27:49.084758+00:00,read,66799,3.33,True,
2591,51820.0,51820.304,2026-09-17T20:27:49.104777+00:00,read,59926,3.223,True,
2592,51840.0,51840.401,2026-09-17T20:27:49.124874+00:00,read,25944,3.528,True,
2593,51860.0,51860.387,2026-09-17T20:27:49.144859+00:00,read,32888,2.796,True,
2594,51880.0,51880.389,2026-09-17T20:27:49.164865+00:00,read,6453,3.494,True,
2595,51900.0,51900.296,2026-09-17T20:27:49.184777+00:00,read,87351,3.351,True,
2596,51920.0,51920.194,2026-09-17T20:27:49.204680+00:00,read,820,4.248,True,
2597,51940.0,51940.333,2026-09-17T20:27:49.224809+00:00,read,41781,3.685,True,
2598,51960.0,51960.263,2026-09-17T20:27:49.244741+00:00,read,1277,3.243,True,
2599,51980.0,51980.267,2026-09-17T20:27:49.264744+00:00,read,70278,3.422,True,
2600,52000.0,52000.403,2026-09-17T20:27:49.284881+00:00,read,69541,3.006,True,
2601,52020.0,52020.357,2026-09-17T20:27:49.304836+00:00,read,88163,3.935,True,
2602,52040.0,52040.186,2026-09-17T20:27:49.324663+00:00,read,95241,3.797,True,
2603,52060.0,52060.252,2026-09-17T20:27:49.344730+00:00,read,43597,3.462,True,
2604,52080.0,52080.176,2026-09-17T20:27:49.364655+00:00,read,47812,3.238,True,
2605,52100.0,52100.269,2026-09-17T20:27:49.384743+00:00,read,55998,3.043,True,
2606,52120.0,52120.311,2026-09-17T20:27:49.404783+00:00,read,78736,4.037,True,
2607,52140.0,52140.178,2026-09-17T20:27:49.424652+00:00,read,61774,3.001,True,
2608,52160.0,52160.201,2026-09-17T20:27:49.444677+00:00,write,86111,2.543,True,
2609,52180.0,52180.262,2026-09-17T20:27:49.464739+00:00,read,32530,3.854,True,
2610,52200.0,52200.205,2026-09-17T20:27:49.484681+00:00,read,17791,3.571,True,
2611,52220.0,52220.352,2026-09-17T20:27:49.504829+00:00,read,53458,3.42,True,
2612,52240.0,52240.362,2026-09-17T20:27:49.524841+00:00,read,31643,4.181,True,
2613,52260.0,52260.304,2026-09-17T20:27:49.544783+00:00,write,9284,2.993,True,
2614,52280.0,52280.385,2026-09-17T20:27:49.564859+00:00,read,19456,3.342,True,
2615,52300.0,52300.286,2026-09-17T20:27:49.584758+00:00,read,61230,2.867,True,
2616,52320.0,52320.385,2026-09-17T20:27:49.604858+00:00,read,29611,2.533,True,
2617,52340.0,52340.333,2026-09-17T20:27:49.624806+00:00,read,35828,2.537,True,
2618,52360.0,52360.269,2026-09-17T20:27:49.644745+00:00,read,15925,3.255,True,
2619,52380.0,52380.286,2026-09-17T20:27:49.664765+00:00,read,7364,3.702,True,
2620,52400.0,52400.301,2026-09-17T20:27:49.684778+00:00,read,85380,3.528,True,
2621,52420.0,52420.287,2026-09-17T20:27:49.704761+00:00,write,63966,2.959,True,
2622,52440.0,52440.286,2026-09-17T20:27:49.724760+00:00,write,63880,1.75,True,
2623,52460.0,52460.177,2026-09-17T20:27:49.744649+00:00,write,72530,2.684,True,
2624,52480.0,52480.248,2026-09-17T20:27:49.764720+00:00,read,13114,2.836,True,
2625,52500.0,52500.397,2026-09-17T20:27:49.784868+00:00,read,23779,2.519,True,
2626,52520.0,52520.502,2026-09-17T20:27:49.804971+00:00,read,41174,2.247,True,
2627,52540.0,52540.424,2026-09-17T20:27:49.824893+00:00,read,10329,2.072,True,
2628,52560.0,52560.238,2026-09-17T20:27:49.844711+00:00,read,44229,2.64,True,
2629,52580.0,52580.359,2026-09-17T20:27:49.864839+00:00,read,45455,3.358,True,
2630,52600.0,52600.176,2026-09-17T20:27:49.884654+00:00,read,48916,4.296,True,
2631,52620.0,52620.218,2026-09-17T20:27:49.904699+00:00,read,2405,4.099,True,
2632,52640.0,52640.326,2026-09-17T20:27:49.924806+00:00,read,44638,3.555,True,
2633,52660.0,52660.262,2026-09-17T20:27:49.944743+00:00,read,20244,4.351,True,
2634,52680.0,52680.214,2026-09-17T20:27:49.964693+00:00,read,18718,3.983,True,
2635,52700.0,52700.216,2026-09-17T20:27:49.984700+00:00,write,89609,4.471,True,
2636,52720.0,52720.226,2026-09-17T20:27:50.004710+00:00,read,22564,4.314,True,
2637,52740.0,52740.216,2026-09-17T20:27:50.024697+00:00,read,40080,4.926,True,
2638,52760.0,52760.234,2026-09-17T20:27:50.044719+00:00,write,17124,3.1,True,
2639,52780.0,52780.169,2026-09-17T20:27:50.064646+00:00,read,57948,4.006,True,
2640,52800.0,52800.124,2026-09-17T20:27:50.084605+00:00,read,70893,3.855,True,
2641,52820.0,52820.131,2026-09-17T20:27:50.104607+00:00,read,67882,3.0,True,
2642,52840.0,52840.116,2026-09-17T20:27:50.124589+00:00,read,53510,1.898,True,
2643,52860.0,52860.144,2026-09-17T20:27:50.144622+00:00,write,6715,2.921,True,
2644,52880.0,52880.143,2026-09-17T20:27:50.164621+00:00,read,50717,3.471,True,
2645,52900.0,52900.214,2026-09-17T20:27:50.184689+00:00,write,59748,2.626,True,
2646,52920.0,52920.195,2026-09-17T20:27:50.204668+00:00,read,1412,3.153,True,
2647,52940.0,52940.347,2026-09-17T20:27:50.224818+00:00,read,16113,4.071,True,
2648,52960.0,52960.329,2026-09-17T20:27:50.244804+00:00,read,72625,3.352,True,
2649,52980.0,52980.455,2026-09-17T20:27:50.264985+00:00,read,95622,3.627,True,
2650,53000.0,53000.22,2026-09-17T20:27:50.284695+00:00,read,46474,3.375,True,
2651,53020.0,53020.227,2026-09-17T20:27:50.304704+00:00,read,74217,3.591,True,
2652,53040.0,53040.47,2026-09-17T20:27:50.324948+00:00,read,44154,3.817,True,
2653,53060.0,53060.247,2026-09-17T20:27:50.344725+00:00,read,75955,3.322,True,
2654,53080.0,53080.2,2026-09-17T20:27:50.364677+00:00,read,80295,3.062,True,
2655,53100.0,53100.296,2026-09-17T20:27:50.384773+00:00,read,62221,3.481,True,
2656,53120.0,53120.278,2026-09-17T20:27:50.404754+00:00,read,76211,3.804,True,
2657,53140.0,53140.561,2026-09-17T20:27:50.425040+00:00,read,55526,3.908,True,
2658,53160.0,53160.402,2026-09-17T20:27:50.444879+00:00,read,94714,3.565,True,
2659,53180.0,53180.414,2026-09-17T20:27:50.464895+00:00,write,28092,3.283,True,
2660,53200.0,53200.288,2026-09-17T20:27:50.484762+00:00,read,61719,3.517,True,
2661,53220.0,53220.192,2026-09-17T20:27:50.504667+00:00,read,6119,3.19,True,
2662,53240.0,53240.346,2026-09-17T20:27:50.524821+00:00,read,6397,3.322,True,
2663,53260.0,53260.161,2026-09-17T20:27:50.544635+00:00,read,99910,3.485,True,
2664,53280.0,53280.329,2026-09-17T20:27:50.564808+00:00,write,8834,3.481,True,
2665,53300.0,53300.132,2026-09-17T20:27:50.584607+00:00,write,66732,2.466,True,
2666,53320.0,53320.374,2026-09-17T20:27:50.604846+00:00,read,47455,2.763,True,
2667,53340.0,53340.269,2026-09-17T20:27:50.624743+00:00,read,18583,3.184,True,
2668,53360.0,53360.499,2026-09-17T20:27:50.644978+00:00,write,93301,3.27,True,
2669,53380.0,53380.297,2026-09-17T20:27:50.664826+00:00,read,67250,3.813,True,
2670,53400.0,53400.6,2026-09-17T20:27:50.685080+00:00,read,89309,3.786,True,
2671,53420.0,53420.221,2026-09-17T20:27:50.704695+00:00,read,75798,3.516,True,
2672,53440.0,53440.329,2026-09-17T20:27:50.724806+00:00,read,46591,3.38,True,
2673,53460.0,53460.205,2026-09-17T20:27:50.744677+00:00,read,58874,2.869,True,
2674,53480.0,53480.405,2026-09-17T20:27:50.764894+00:00,read,13215,3.638,True,
2675,53500.0,53500.243,2026-09-17T20:27:50.784719+00:00,read,52491,3.427,True,
2676,53520.0,53520.388,2026-09-17T20:27:50.804860+00:00,write,37179,3.129,True,
2677,53540.0,53540.235,2026-09-17T20:27:50.824712+00:00,read,41431,3.652,True,
2678,53560.0,53560.215,2026-09-17T20:27:50.844701+00:00,read,45918,3.872,True,
2679,53580.0,53580.177,2026-09-17T20:27:50.864656+00:00,read,79679,3.618,True,
2680,53600.0,53600.259,2026-09-17T20:27:50.884740+00:00,read,76594,3.985,True,
2681,53620.0,53620.391,2026-09-17T20:27:50.904871+00:00,read,14341,4.534,True,
2682,53640.0,53640.466,2026-09-17T20:27:50.924944+00:00,write,28807,3.621,True,
2683,53660.0,53660.322,2026-09-17T20:27:50.944797+00:00,read,83757,3.449,True,
2684,53680.0,53680.38,2026-09-17T20:27:50.964860+00:00,read,14024,3.488,True,
2685,53700.0,53700.455,2026-09-17T20:27:50.984932+00:00,read,77877,3.952,True,
2686,53720.0,53720.453,2026-09-17T20:27:51.004932+00:00,read,32456,3.785,True,
2687,53740.0,53740.341,2026-09-17T20:27:51.024822+00:00,write,44982,2.898,True,
2688,53760.0,53760.454,2026-09-17T20:27:51.044934+00:00,write,75757,3.258,True,
2689,53780.0,53780.173,2026-09-17T20:27:51.064645+00:00,read,72417,3.039,True,
2690,53800.0,53800.252,2026-09-17T20:27:51.084724+00:00,read,73742,2.158,True,
2691,53820.0,53820.205,2026-09-17T20:27:51.104674+00:00,read,19758,2.589,True,
2692,53840.0,53840.173,2026-09-17T20:27:51.124643+00:00,write,33080,1.976,True,
2693,53860.0,53860.276,2026-09-17T20:27:51.144751+00:00,read,64249,2.556,True,
2694,53880.0,53880.204,2026-09-17T20:27:51.164681+00:00,read,81452,3.216,True,
2695,53900.0,53900.295,2026-09-17T20:27:51.184774+00:00,read,88596,3.386,True,
2696,53920.0,53920.188,2026-09-17T20:27:51.204663+00:00,read,11879,3.176,True,
2697,53940.0,53940.207,2026-09-17T20:27:51.224681+00:00,read,59721,2.881,True,
2698,53960.0,53960.33,2026-09-17T20:27:51.244807+00:00,read,18762,3.594,True,
2699,53980.0,53980.208,2026-09-17T20:27:51.264684+00:00,write,57631,3.102,True,
2700,54000.0,54000.237,2026-09-17T20:27:51.284715+00:00,read,16231,3.963,True,
2701,54020.0,54020.303,2026-09-17T20:27:51.304775+00:00,read,59366,3.565,True,
2702,54040.0,54040.187,2026-09-17T20:27:51.324660+00:00,read,16157,3.528,True,
2703,54060.0,54060.291,2026-09-17T20:27:51.344763+00:00,read,14684,3.004,True,
2704,54080.0,54080.369,2026-09-17T20:27:51.364844+00:00,write,83277,2.791,True,
2705,54100.0,54100.219,2026-09-17T20:27:51.384693+00:00,read,22246,3.215,True,
2706,54120.0,54120.324,2026-09-17T20:27:51.404796+00:00,read,46083,3.47,True,
2707,54140.0,54140.312,2026-09-17T20:27:51.424784+00:00,write,57773,2.856,True,
2708,54160.0,54160.394,2026-09-17T20:27:51.444867+00:00,write,35121,3.049,True,
2709,54180.0,54180.155,2026-09-17T20:27:51.464627+00:00,read,96444,3.393,True,
2710,54200.0,54200.289,2026-09-17T20:27:51.484763+00:00,read,47535,3.573,True,
2711,54220.0,54220.323,2026-09-17T20:27:51.504795+00:00,read,3575,3.11,True,
2712,54240.0,54240.28,2026-09-17T20:27:51.524752+00:00,read,52376,3.303,True,
2713,54260.0,54260.206,2026-09-17T20:27:51.544677+00:00,read,25166,2.919,True,
2714,54280.0,54280.158,2026-09-17T20:27:51.564633+00:00,read,79797,2.187,True,
2715,54300.0,54300.205,2026-09-17T20:27:51.584687+00:00,read,26121,3.997,True,
2716,54320.0,54320.282,2026-09-17T20:27:51.604763+00:00,read,29627,4.888,True,
2717,54340.0,54340.21,2026-09-17T20:27:51.624690+00:00,read,41077,4.008,True,
2718,54360.0,54360.362,2026-09-17T20:27:51.644841+00:00,read,6701,3.639,True,
2719,54380.0,54380.392,2026-09-17T20:27:51.664871+00:00,read,95849,3.386,True,
2720,54400.0,54400.281,2026-09-17T20:27:51.684760+00:00,read,62738,3.799,True,
2721,54420.0,54420.296,2026-09-17T20:27:51.704773+00:00,write,97966,3.284,True,
2722,54440.0,54440.21,2026-09-17T20:27:51.724687+00:00,read,86,2.747,True,
2723,54460.0,54460.347,2026-09-17T20:27:51.744821+00:00,read,26350,3.047,True,
2724,54480.0,54480.372,2026-09-17T20:27:51.764847+00:00,read,38953,3.228,True,
2725,54500.0,54500.184,2026-09-17T20:27:51.784660+00:00,write,42642,2.568,True,
2726,54520.0,54520.457,2026-09-17T20:27:51.804934+00:00,read,90082,3.039,True,
2727,54540.0,54540.202,2026-09-17T20:27:51.824674+00:00,read,6594,2.444,True,
2728,54560.0,54560.31,2026-09-17T20:27:51.844785+00:00,read,4495,2.632,True,
2729,54580.0,54580.411,2026-09-17T20:27:51.864882+00:00,read,88501,2.424,True,
2730,54600.0,54600.248,2026-09-17T20:27:51.884720+00:00,read,86166,2.787,True,
2731,54620.0,54620.339,2026-09-17T20:27:51.904813+00:00,read,67895,2.597,True,
2732,54640.0,54640.351,2026-09-17T20:27:51.924826+00:00,read,63778,2.685,True,
2733,54660.0,54660.411,2026-09-17T20:27:51.944884+00:00,read,68748,2.554,True,
2734,54680.0,54680.284,2026-09-17T20:27:51.964755+00:00,read,12273,1.697,True,
2735,54700.0,54700.307,2026-09-17T20:27:51.984781+00:00,write,79530,2.22,True,
2736,54720.0,54720.358,2026-09-17T20:27:52.004831+00:00,read,36121,2.807,True,
2737,54740.0,54740.45,2026-09-17T20:27:52.024926+00:00,write,9275,2.449,True,
2738,54760.0,54760.297,2026-09-17T20:27:52.044770+00:00,read,84656,2.572,True,
2739,54780.0,54780.294,2026-09-17T20:27:52.064768+00:00,read,36473,2.948,True,
2740,54800.0,54800.267,2026-09-17T20:27:52.084740+00:00,read,38795,2.828,True,
2741,54820.0,54820.388,2026-09-17T20:27:52.104859+00:00,read,99291,2.235,True,
2742,54840.0,54840.279,2026-09-17T20:27:52.124750+00:00,read,40854,2.46,True,
2743,54860.0,54860.305,2026-09-17T20:27:52.144777+00:00,read,24796,1.855,True,
2744,54880.0,54880.201,2026-09-17T20:27:52.164680+00:00,read,53296,3.36,True,
2745,54900.0,54900.302,2026-09-17T20:27:52.184777+00:00,read,16846,3.238,True,
2746,54920.0,54920.407,2026-09-17T20:27:52.204883+00:00,read,59915,3.033,True,
2747,54940.0,54940.312,2026-09-17T20:27:52.224785+00:00,read,66063,2.639,True,
2748,54960.0,54960.399,2026-09-17T20:27:52.244875+00:00,read,97707,3.005,True,
2749,54980.0,54980.308,2026-09-17T20:27:52.264784+00:00,read,58786,3.734,True,
2750,55000.0,55000.394,2026-09-17T20:27:52.284875+00:00,write,57426,3.528,True,
2751,55020.0,55020.408,2026-09-17T20:27:52.304887+00:00,read,55130,3.699,True,
2752,55040.0,55040.248,2026-09-17T20:27:52.324730+00:00,read,53337,3.765,True,
2753,55060.0,55060.23,2026-09-17T20:27:52.344709+00:00,read,94307,3.395,True,
2754,55080.0,55080.427,2026-09-17T20:27:52.364904+00:00,read,19935,3.472,True,
2755,55100.0,55100.298,2026-09-17T20:27:52.384772+00:00,read,99467,3.391,True,
2756,55120.0,55120.457,2026-09-17T20:27:52.404931+00:00,read,73787,3.318,True,
2757,55140.0,55140.408,2026-09-17T20:27:52.424886+00:00,write,72480,3.725,True,
2758,55160.0,55160.192,2026-09-17T20:27:52.444669+00:00,read,2682,3.024,True,
2759,55180.0,55180.674,2026-09-17T20:27:52.465150+00:00,read,89793,3.71,True,
2760,55200.0,55200.341,2026-09-17T20:27:52.484822+00:00,read,53663,3.605,True,
2761,55220.0,55220.505,2026-09-17T20:27:52.504985+00:00,read,81602,3.264,True,
2762,55240.0,55240.238,2026-09-17T20:27:52.524722+00:00,read,14985,3.664,True,
2763,55260.0,55260.298,2026-09-17T20:27:52.544769+00:00,read,74730,3.234,True,
2764,55280.0,55280.236,2026-09-17T20:27:52.564720+00:00,read,11270,3.256,True,
2765,55300.0,55300.289,2026-09-17T20:27:52.584768+00:00,read,69415,4.341,True,
2766,55320.0,55320.164,2026-09-17T20:27:52.604635+00:00,read,42533,2.764,True,
2767,55340.0,55340.331,2026-09-17T20:27:52.624803+00:00,read,56457,3.257,True,
2768,55360.0,55360.32,2026-09-17T20:27:52.644801+00:00,write,87239,3.274,True,
2769,55380.0,55380.423,2026-09-17T20:27:52.664904+00:00,write,2608,3.44,True,
2770,55400.0,55400.313,2026-09-17T20:27:52.684789+00:00,read,99064,2.756,True,
2771,55420.0,55420.276,2026-09-17T20:27:52.704752+00:00,read,47114,3.322,True,
2772,55440.0,55440.19,2026-09-17T20:27:52.724664+00:00,read,7486,3.334,True,
2773,55460.0,55460.256,2026-09-17T20:27:52.744733+00:00,read,25736,3.593,True,
2774,55480.0,55480.307,2026-09-17T20:27:52.764784+00:00,write,17476,2.961,True,
2775,55500.0,55500.173,2026-09-17T20:27:52.784652+00:00,read,79502,3.689,True,
2776,55520.0,55520.243,2026-09-17T20:27:52.804718+00:00,read,94938,3.735,True,
2777,55540.0,55540.418,2026-09-17T20:27:52.824890+00:00,read,91709,3.533,True,
2778,55560.0,55560.437,2026-09-17T20:27:52.844911+00:00,write,91552,3.244,True,
2779,55580.0,55580.356,2026-09-17T20:27:52.864831+00:00,read,73012,3.386,True,
2780,55600.0,55600.252,2026-09-17T20:27:52.884736+00:00,read,61142,3.773,True,
2781,55620.0,55620.662,2026-09-17T20:27:52.905146+00:00,read,35734,4.247,True,
2782,55640.0,55640.359,2026-09-17T20:27:52.924841+00:00,read,63813,4.058,True,
2783,55660.0,55660.417,2026-09-17T20:27:52.944898+00:00,read,83847,4.167,True,
2784,55680.0,55680.486,2026-09-17T20:27:52.964957+00:00,read,80344,3.597,True,
2785,55700.0,55700.34,2026-09-17T20:27:52.984820+00:00,read,41717,3.575,True,
2786,55720.0,55720.412,2026-09-17T20:27:53.004891+00:00,write,43456,3.143,True,
2787,55740.0,55740.383,2026-09-17T20:27:53.024864+00:00,read,43589,3.737,True,
2788,55760.0,55760.177,2026-09-17T20:27:53.044649+00:00,read,41533,3.077,True,
2789,55780.0,55780.567,2026-09-17T20:27:53.065044+00:00,read,95666,3.176,True,
2790,55800.0,55800.33,2026-09-17T20:27:53.084805+00:00,write,17319,3.216,True,
2791,55820.0,55820.388,2026-09-17T20:27:53.104866+00:00,read,17986,3.505,True,
2792,55840.0,55840.325,2026-09-17T20:27:53.124803+00:00,read,7903,3.615,True,
2793,55860.0,55860.201,2026-09-17T20:27:53.144721+00:00,read,30312,3.434,True,
2794,55880.0,55880.492,2026-09-17T20:27:53.164965+00:00,write,67565,2.726,True,
2795,55900.0,55900.233,2026-09-17T20:27:53.184708+00:00,write,15533,3.081,True,
2796,55920.0,55920.388,2026-09-17T20:27:53.204862+00:00,read,32176,3.433,True,
2797,55940.0,55940.464,2026-09-17T20:27:53.224948+00:00,read,34191,4.108,True,
2798,55960.0,55960.448,2026-09-17T20:27:53.244928+00:00,read,85249,3.675,True,
2799,55980.0,55980.332,2026-09-17T20:27:53.264812+00:00,read,60605,4.026,True,
2800,56000.0,56000.244,2026-09-17T20:27:53.284721+00:00,read,22863,3.611,True,
2801,56020.0,56020.195,2026-09-17T20:27:53.304671+00:00,read,61682,3.376,True,
2802,56040.0,56040.204,2026-09-17T20:27:53.324677+00:00,write,69795,2.436,True,
2803,56060.0,56060.257,2026-09-17T20:27:53.344730+00:00,read,81510,2.891,True,
2804,56080.0,56080.222,2026-09-17T20:27:53.364696+00:00,read,60729,2.725,True,
2805,56100.0,56100.234,2026-09-17T20:27:53.384712+00:00,read,3507,3.345,True,
2806,56120.0,56120.229,2026-09-17T20:27:53.404703+00:00,read,11229,3.245,True,
2807,56140.0,56140.287,2026-09-17T20:27:53.424765+00:00,read,2447,3.299,True,
2808,56160.0,56160.298,2026-09-17T20:27:53.444773+00:00,read,14050,3.179,True,
2809,56180.0,56180.217,2026-09-17T20:27:53.464695+00:00,write,19236,2.913,True,
2810,56200.0,56200.311,2026-09-17T20:27:53.484786+00:00,read,55714,3.254,True,
2811,56220.0,56220.267,2026-09-17T20:27:53.504746+00:00,read,28638,3.549,True,
2812,56240.0,56240.161,2026-09-17T20:27:53.524635+00:00,read,83004,3.235,True,
2813,56260.0,56260.176,2026-09-17T20:27:53.544650+00:00,read,71249,2.641,True,
2814,56280.0,56280.241,2026-09-17T20:27:53.564713+00:00,read,28758,2.977,True,
2815,56300.0,56300.22,2026-09-17T20:27:53.584692+00:00,write,68718,2.131,True,
2816,56320.0,56320.304,2026-09-17T20:27:53.604774+00:00,read,45526,2.496,True,
2817,56340.0,56340.248,2026-09-17T20:27:53.624720+00:00,read,21114,3.185,True,
2818,56360.0,56360.445,2026-09-17T20:27:53.644918+00:00,read,17921,2.533,True,
2819,56380.0,56380.423,2026-09-17T20:27:53.664899+00:00,read,6983,2.884,True,
2820,56400.0,56400.293,2026-09-17T20:27:53.684766+00:00,read,29735,2.496,True,
2821,56420.0,56420.251,2026-09-17T20:27:53.704723+00:00,read,91896,2.635,True,
2822,56440.0,56440.254,2026-09-17T20:27:53.724725+00:00,write,36098,2.023,True,
2823,56460.0,56460.183,2026-09-17T20:27:53.744653+00:00,read,80167,2.679,True,
2824,56480.0,56480.144,2026-09-17T20:27:53.764616+00:00,write,36621,2.201,True,
2825,56500.0,56500.355,2026-09-17T20:27:53.784827+00:00,read,59758,2.925,True,
2826,56520.0,56520.178,2026-09-17T20:27:53.804655+00:00,read,18109,3.565,True,
2827,56540.0,56540.394,2026-09-17T20:27:53.824865+00:00,read,89967,2.725,True,
2828,56560.0,56560.18,2026-09-17T20:27:53.844651+00:00,read,94974,2.269,True,
2829,56580.0,56580.333,2026-09-17T20:27:53.864805+00:00,write,14120,2.603,True,
2830,56600.0,56600.347,2026-09-17T20:27:53.884817+00:00,read,30062,2.46,True,
2831,56620.0,56620.289,2026-09-17T20:27:53.904761+00:00,read,21422,2.567,True,
2832,56640.0,56640.248,2026-09-17T20:27:53.924718+00:00,read,21332,2.139,True,
2833,56660.0,56660.215,2026-09-17T20:27:53.944684+00:00,read,74166,2.013,True,
2834,56680.0,56680.167,2026-09-17T20:27:53.964637+00:00,read,83222,2.907,True,
2835,56700.0,56700.184,2026-09-17T20:27:53.984656+00:00,write,95110,1.918,True,
2836,56720.0,56720.172,2026-09-17T20:27:54.004645+00:00,read,1879,3.02,True,
2837,56740.0,56740.247,2026-09-17T20:27:54.024720+00:00,read,16052,2.554,True,
2838,56760.0,56760.374,2026-09-17T20:27:54.044847+00:00,read,50136,2.767,True,
2839,56780.0,56780.326,2026-09-17T20:27:54.064802+00:00,read,23739,2.92,True,
2840,56800.0,56800.35,2026-09-17T20:27:54.084828+00:00,write,47697,2.846,True,
2841,56820.0,56820.331,2026-09-17T20:27:54.104801+00:00,write,71163,2.134,True,
2842,56840.0,56840.187,2026-09-17T20:27:54.124660+00:00,read,73546,2.916,True,
2843,56860.0,56860.278,2026-09-17T20:27:54.144749+00:00,read,88609,2.331,True,
2844,56880.0,56880.343,2026-09-17T20:27:54.164817+00:00,read,39969,3.176,True,
2845,56900.0,56900.189,2026-09-17T20:27:54.184666+00:00,read,58215,3.11,True,
2846,56920.0,56920.405,2026-09-17T20:27:54.204882+00:00,read,68453,3.103,True,
2847,56940.0,56940.248,2026-09-17T20:27:54.224719+00:00,read,94433,2.305,True,
2848,56960.0,56960.403,2026-09-17T20:27:54.244878+00:00,write,54249,2.005,True,
2849,56980.0,56980.367,2026-09-17T20:27:54.264838+00:00,read,21004,2.54,True,
2850,57000.0,57000.277,2026-09-17T20:27:54.284749+00:00,read,38160,2.817,True,
2851,57020.0,57020.275,2026-09-17T20:27:54.304747+00:00,read,39082,2.678,True,
2852,57040.0,57040.289,2026-09-17T20:27:54.324758+00:00,read,95374,2.624,True,
2853,57060.0,57060.219,2026-09-17T20:27:54.344690+00:00,read,11593,2.661,True,
2854,57080.0,57080.247,2026-09-17T20:27:54.364718+00:00,write,64448,2.352,True,
2855,57100.0,57100.271,2026-09-17T20:27:54.384753+00:00,read,68665,2.853,True,
2856,57120.0,57120.236,2026-09-17T20:27:54.404708+00:00,read,28623,2.704,True,
2857,57140.0,57140.281,2026-09-17T20:27:54.424752+00:00,read,61567,2.483,True,
2858,57160.0,57160.482,2026-09-17T20:27:54.444951+00:00,read,12748,2.196,True,
2859,57180.0,57180.435,2026-09-17T20:27:54.464905+00:00,write,86860,2.292,True,
2860,57200.0,57200.422,2026-09-17T20:27:54.484894+00:00,read,80984,2.489,True,
2861,57220.0,57220.161,2026-09-17T20:27:54.504634+00:00,write,98808,2.339,True,
2862,57240.0,57240.299,2026-09-17T20:27:54.524776+00:00,read,38383,3.299,True,
2863,57260.0,57260.185,2026-09-17T20:27:54.544658+00:00,read,63517,2.327,True,
2864,57280.0,57280.168,2026-09-17T20:27:54.564642+00:00,read,81007,2.962,True,
2865,57300.0,57300.33,2026-09-17T20:27:54.584805+00:00,read,7846,3.119,True,
2866,57320.0,57320.237,2026-09-17T20:27:54.604708+00:00,read,70997,2.602,True,
2867,57340.0,57340.31,2026-09-17T20:27:54.624779+00:00,read,73820,2.321,True,
2868,57360.0,57360.239,2026-09-17T20:27:54.644710+00:00,read,11477,2.598,True,
2869,57380.0,57380.152,2026-09-17T20:27:54.664621+00:00,read,99893,2.729,True,
2870,57400.0,57400.266,2026-09-17T20:27:54.684736+00:00,read,59057,2.483,True,
2871,57420.0,57420.345,2026-09-17T20:27:54.704816+00:00,read,58696,2.487,True,
2872,57440.0,57440.25,2026-09-17T20:27:54.724721+00:00,read,87216,2.423,True,
2873,57460.0,57460.189,2026-09-17T20:27:54.744663+00:00,read,76950,2.538,True,
2874,57480.0,57480.242,2026-09-17T20:27:54.764713+00:00,read,28382,2.274,True,
2875,57500.0,57500.302,2026-09-17T20:27:54.784775+00:00,read,42869,2.827,True,
2876,57520.0,57520.218,2026-09-17T20:27:54.804694+00:00,read,82436,3.567,True,
2877,57540.0,57540.182,2026-09-17T20:27:54.824662+00:00,read,30051,3.691,True,
2878,57560.0,57560.293,2026-09-17T20:27:54.844771+00:00,read,31787,3.639,True,
2879,57580.0,57580.246,2026-09-17T20:27:54.864726+00:00,read,13859,3.831,True,
2880,57600.0,57600.189,2026-09-17T20:27:54.884666+00:00,read,79767,3.556,True,
2881,57620.0,57620.283,2026-09-17T20:27:54.904760+00:00,read,64681,3.395,True,
2882,57640.0,57640.242,2026-09-17T20:27:54.924718+00:00,read,16217,3.497,True,
2883,57660.0,57660.157,2026-09-17T20:27:54.944630+00:00,write,77727,2.798,True,
2884,57680.0,57680.361,2026-09-17T20:27:54.964839+00:00,read,23366,4.225,True,
2885,57700.0,57700.202,2026-09-17T20:27:54.984675+00:00,read,63166,3.147,True,
2886,57720.0,57720.307,2026-09-17T20:27:55.004782+00:00,write,13237,2.423,True,
2887,57740.0,57740.351,2026-09-17T20:27:55.024827+00:00,read,74106,3.643,True,
2888,57760.0,57760.202,2026-09-17T20:27:55.044678+00:00,read,8811,3.686,True,
2889,57780.0,57780.307,2026-09-17T20:27:55.064782+00:00,read,58131,3.189,True,
2890,57800.0,57800.269,2026-09-17T20:27:55.084741+00:00,read,44544,2.506,True,
2891,57820.0,57820.385,2026-09-17T20:27:55.104860+00:00,read,39617,3.651,True,
2892,57840.0,57840.498,2026-09-17T20:27:55.124975+00:00,read,20944,3.736,True,
2893,57860.0,57860.33,2026-09-17T20:27:55.144805+00:00,read,85390,3.361,True,
2894,57880.0,57880.279,2026-09-17T20:27:55.164753+00:00,read,92918,3.264,True,
2895,57900.0,57900.207,2026-09-17T20:27:55.184682+00:00,read,79853,3.542,True,
2896,57920.0,57920.28,2026-09-17T20:27:55.204755+00:00,read,28746,3.212,True,
2897,57940.0,57940.198,2026-09-17T20:27:55.224671+00:00,read,29653,3.666,True,
2898,57960.0,57960.195,2026-09-17T20:27:55.244671+00:00,read,94932,3.667,True,
2899,57980.0,57980.342,2026-09-17T20:27:55.264814+00:00,write,11277,2.631,True,
2900,58000.0,58000.199,2026-09-17T20:27:55.284676+00:00,write,45292,3.047,True,
2901,58020.0,58020.313,2026-09-17T20:27:55.304789+00:00,write,76608,3.1,True,
2902,58040.0,58040.236,2026-09-17T20:27:55.324709+00:00,read,82737,4.151,True,
2903,58060.0,58060.22,2026-09-17T20:27:55.344692+00:00,read,93197,3.283,True,
2904,58080.0,58080.21,2026-09-17T20:27:55.364684+00:00,read,80531,3.336,True,
2905,58100.0,58100.272,2026-09-17T20:27:55.384747+00:00,write,9107,2.543,True,
2906,58120.0,58120.183,2026-09-17T20:27:55.404656+00:00,write,14973,3.139,True,
2907,58140.0,58140.209,2026-09-17T20:27:55.424684+00:00,read,11790,2.894,True,
2908,58160.0,58160.252,2026-09-17T20:27:55.444753+00:00,read,86725,3.887,True,
2909,58180.0,58180.426,2026-09-17T20:27:55.464899+00:00,read,94004,3.329,True,
2910,58200.0,58200.391,2026-09-17T20:27:55.484864+00:00,read,42618,3.528,True,
2911,58220.0,58220.373,2026-09-17T20:27:55.504848+00:00,read,74253,3.703,True,
2912,58240.0,58240.167,2026-09-17T20:27:55.524640+00:00,write,69806,2.174,True,
2913,58260.0,58260.239,2026-09-17T20:27:55.544711+00:00,read,42309,2.7,True,
2914,58280.0,58280.17,2026-09-17T20:27:55.564642+00:00,read,42908,2.594,True,
2915,58300.0,58300.21,2026-09-17T20:27:55.584682+00:00,read,95108,2.598,True,
2916,58320.0,58320.188,2026-09-17T20:27:55.604663+00:00,read,77774,3.262,True,
2917,58340.0,58340.425,2026-09-17T20:27:55.624901+00:00,write,51372,2.358,True,
2918,58360.0,58360.356,2026-09-17T20:27:55.644831+00:00,read,14060,2.819,True,
2919,58380.0,58380.256,2026-09-17T20:27:55.664732+00:00,read,99979,3.071,True,
2920,58400.0,58400.343,2026-09-17T20:27:55.684821+00:00,read,35414,3.895,True,
2921,58420.0,58420.268,2026-09-17T20:27:55.704745+00:00,write,90133,2.928,True,
2922,58440.0,58440.236,2026-09-17T20:27:55.724712+00:00,read,42169,3.613,True,
2923,58460.0,58460.388,2026-09-17T20:27:55.744861+00:00,read,74071,3.584,True,
2924,58480.0,58480.413,2026-09-17T20:27:55.764888+00:00,read,62068,3.368,True,
2925,58500.0,58500.173,2026-09-17T20:27:55.784648+00:00,read,40536,3.142,True,
2926,58520.0,58520.133,2026-09-17T20:27:55.804605+00:00,read,4504,3.097,True,
2927,58540.0,58540.369,2026-09-17T20:27:55.824844+00:00,read,46861,3.464,True,
2928,58560.0,58560.352,2026-09-17T20:27:55.844823+00:00,read,11765,2.731,True,
2929,58580.0,58580.453,2026-09-17T20:27:55.864927+00:00,write,36378,3.218,True,
2930,58600.0,58600.308,2026-09-17T20:27:55.884782+00:00,read,74268,2.843,True,
2931,58620.0,58620.566,2026-09-17T20:27:55.905042+00:00,write,18958,2.826,True,
2932,58640.0,58640.393,2026-09-17T20:27:55.924867+00:00,read,4333,2.908,True,
2933,58660.0,58660.265,2026-09-17T20:27:55.944740+00:00,read,2185,2.813,True,
2934,58680.0,58680.293,2026-09-17T20:27:55.964767+00:00,read,9455,3.041,True,
2935,58700.0,58700.367,2026-09-17T20:27:55.984844+00:00,write,62369,2.797,True,
2936,58720.0,58720.298,2026-09-17T20:27:56.004775+00:00,read,70118,3.282,True,
2937,58740.0,58740.143,2026-09-17T20:27:56.024620+00:00,read,18308,4.265,True,
2938,58760.0,58760.278,2026-09-17T20:27:56.044754+00:00,write,42312,3.253,True,
2939,58780.0,58780.397,2026-09-17T20:27:56.064870+00:00,read,74617,3.506,True,
2940,58800.0,58800.273,2026-09-17T20:27:56.084745+00:00,read,55297,3.132,True,
2941,58820.0,58820.283,2026-09-17T20:27:56.104753+00:00,write,62161,2.29,True,
2942,58840.0,58840.291,2026-09-17T20:27:56.124761+00:00,read,53000,2.633,True,
2943,58860.0,58860.341,2026-09-17T20:27:56.144818+00:00,read,96983,3.644,True,
2944,58880.0,58880.451,2026-09-17T20:27:56.164922+00:00,read,68259,2.686,True,
2945,58900.0,58900.233,2026-09-17T20:27:56.184706+00:00,read,78784,3.177,True,
2946,58920.0,58920.469,2026-09-17T20:27:56.204947+00:00,read,21065,3.657,True,
2947,58940.0,58940.249,2026-09-17T20:27:56.224728+00:00,read,2693,3.65,True,
2948,58960.0,58960.427,2026-09-17T20:27:56.244906+00:00,read,54622,3.452,True,
2949,58980.0,58980.394,2026-09-17T20:27:56.264872+00:00,read,85937,3.642,True,
2950,59000.0,59000.297,2026-09-17T20:27:56.284773+00:00,read,18293,3.568,True,
2951,59020.0,59020.37,2026-09-17T20:27:56.304850+00:00,write,61767,3.29,True,
2952,59040.0,59040.479,2026-09-17T20:27:56.324982+00:00,read,67350,3.577,True,
2953,59060.0,59060.202,2026-09-17T20:27:56.344675+00:00,read,37635,2.649,True,
2954,59080.0,59080.323,2026-09-17T20:27:56.364801+00:00,read,68834,4.246,True,
2955,59100.0,59100.304,2026-09-17T20:27:56.384781+00:00,read,12668,3.318,True,
2956,59120.0,59120.305,2026-09-17T20:27:56.404782+00:00,read,3142,3.659,True,
2957,59140.0,59140.339,2026-09-17T20:27:56.424811+00:00,read,9932,3.298,True,
2958,59160.0,59160.321,2026-09-17T20:27:56.444799+00:00,read,71840,3.754,True,
2959,59180.0,59180.357,2026-09-17T20:27:56.464828+00:00,read,50141,3.127,True,
2960,59200.0,59200.377,2026-09-17T20:27:56.484854+00:00,read,75562,3.322,True,
2961,59220.0,59220.562,2026-09-17T20:27:56.505042+00:00,read,51153,3.806,True,
2962,59240.0,59240.286,2026-09-17T20:27:56.524765+00:00,read,33569,3.319,True,
2963,59260.0,59260.308,2026-09-17T20:27:56.544787+00:00,read,5952,3.507,True,
2964,59280.0,59280.275,2026-09-17T20:27:56.564750+00:00,read,45914,3.604,True,
2965,59300.0,59300.302,2026-09-17T20:27:56.584779+00:00,read,44649,2.929,True,
2966,59320.0,59320.196,2026-09-17T20:27:56.604672+00:00,read,49855,3.066,True,
2967,59340.0,59340.437,2026-09-17T20:27:56.624916+00:00,write,36010,3.35,True,
2968,59360.0,59360.141,2026-09-17T20:27:56.644615+00:00,read,90461,3.714,True,
2969,59380.0,59380.326,2026-09-17T20:27:56.664802+00:00,write,3274,3.182,True,
2970,59400.0,59400.295,2026-09-17T20:27:56.684771+00:00,read,51984,3.537,True,
2971,59420.0,59420.323,2026-09-17T20:27:56.704799+00:00,read,30545,3.816,True,
2972,59440.0,59440.176,2026-09-17T20:27:56.724648+00:00,read,94273,3.173,True,
2973,59460.0,59460.482,2026-09-17T20:27:56.744958+00:00,read,91233,3.075,True,
2974,59480.0,59480.183,2026-09-17T20:27:56.764655+00:00,read,69007,2.946,True,
2975,59500.0,59500.44,2026-09-17T20:27:56.784914+00:00,read,70036,3.463,True,
2976,59520.0,59520.488,2026-09-17T20:27:56.804966+00:00,read,2908,3.586,True,
2977,59540.0,59540.308,2026-09-17T20:27:56.824785+00:00,read,16228,3.441,True,
2978,59560.0,59560.398,2026-09-17T20:27:56.844873+00:00,read,89449,3.485,True,
2979,59580.0,59580.155,2026-09-17T20:27:56.864659+00:00,read,72848,3.612,True,
2980,59600.0,59600.192,2026-09-17T20:27:56.884666+00:00,read,49381,2.934,True,
2981,59620.0,59620.293,2026-09-17T20:27:56.904767+00:00,read,80728,3.709,True,
2982,59640.0,59640.308,2026-09-17T20:27:56.924781+00:00,read,24149,3.383,True,
2983,59660.0,59660.231,2026-09-17T20:27:56.944704+00:00,write,4927,3.026,True,
2984,59680.0,59680.276,2026-09-17T20:27:56.964751+00:00,write,87799,2.287,True,
2985,59700.0,59700.333,2026-09-17T20:27:56.984805+00:00,write,10024,2.948,True,
2986,59720.0,59720.357,2026-09-17T20:27:57.004830+00:00,read,77936,2.968,True,
2987,59740.0,59740.421,2026-09-17T20:27:57.024898+00:00,read,95736,3.24,True,
2988,59760.0,59760.185,2026-09-17T20:27:57.044663+00:00,read,97722,4.149,True,
2989,59780.0,59780.264,2026-09-17T20:27:57.064737+00:00,write,53743,3.09,True,
2990,59800.0,59800.292,2026-09-17T20:27:57.084764+00:00,read,30946,3.328,True,
2991,59820.0,59820.312,2026-09-17T20:27:57.104787+00:00,write,37919,2.443,True,
2992,59840.0,59840.406,2026-09-17T20:27:57.124880+00:00,read,27390,3.524,True,
2993,59860.0,59860.441,2026-09-17T20:27:57.144915+00:00,read,73222,3.587,True,
2994,59880.0,59880.458,2026-09-17T20:27:57.164935+00:00,read,94249,3.246,True,
2995,59900.0,59900.2,2026-09-17T20:27:57.184677+00:00,read,96704,3.411,True,
2996,59920.0,59920.334,2026-09-17T20:27:57.204808+00:00,read,7244,3.737,True,
2997,59940.0,59940.233,2026-09-17T20:27:57.224707+00:00,write,92275,3.227,True,
2998,59960.0,59960.482,2026-09-17T20:27:57.244960+00:00,write,57754,2.895,True,
2999,59980.0,59980.38,2026-09-17T20:27:57.264853+00:00,read,11674,3.273,True,
3000,60000.0,60000.286,2026-09-17T20:27:57.284760+00:00,write,20443,3.08,True,
3001,60020.0,60020.303,2026-09-17T20:27:57.304776+00:00,read,73967,3.423,True,
3002,60040.0,60040.433,2026-09-17T20:27:57.324906+00:00,read,67798,3.264,True,
3003,60060.0,60060.201,2026-09-17T20:27:57.344675+00:00,write,66818,2.611,True,
3004,60080.0,60080.317,2026-09-17T20:27:57.364791+00:00,read,89439,3.376,True,
3005,60100.0,60100.226,2026-09-17T20:27:57.384703+00:00,read,50685,3.522,True,
3006,60120.0,60120.286,2026-09-17T20:27:57.404764+00:00,read,10416,4.327,True,
3007,60140.0,60140.331,2026-09-17T20:27:57.424803+00:00,read,77778,3.258,True,
3008,60160.0,60160.289,2026-09-17T20:27:57.444765+00:00,write,90972,2.823,True,
3009,60180.0,60180.289,2026-09-17T20:27:57.464761+00:00,read,71365,3.222,True,
3010,60200.0,60200.346,2026-09-17T20:27:57.484825+00:00,read,82922,3.741,True,
3011,60220.0,60220.58,2026-09-17T20:27:57.505056+00:00,read,5324,3.33,True,
3012,60240.0,60240.331,2026-09-17T20:27:57.524803+00:00,write,37500,2.846,True,
3013,60260.0,60260.316,2026-09-17T20:27:57.544794+00:00,read,21429,3.46,True,
3014,60280.0,60280.333,2026-09-17T20:27:57.564813+00:00,write,7495,2.915,True,
3015,60300.0,60300.314,2026-09-17T20:27:57.584787+00:00,read,11186,3.465,True,
3016,60320.0,60320.417,2026-09-17T20:27:57.604890+00:00,read,26078,3.813,True,
3017,60340.0,60340.263,2026-09-17T20:27:57.624738+00:00,read,40957,3.353,True,
3018,60360.0,60360.451,2026-09-17T20:27:57.644932+00:00,read,9583,3.793,True,
3019,60380.0,60380.356,2026-09-17T20:27:57.664838+00:00,read,40960,3.507,True,
3020,60400.0,60400.405,2026-09-17T20:27:57.684886+00:00,read,98627,3.95,True,
3021,60420.0,60420.31,2026-09-17T20:27:57.704787+00:00,read,97310,4.025,True,
3022,60440.0,60440.341,2026-09-17T20:27:57.724816+00:00,read,44344,3.478,True,
3023,60460.0,60460.227,2026-09-17T20:27:57.744699+00:00,read,15300,2.7,True,
3024,60480.0,60480.17,2026-09-17T20:27:57.764640+00:00,read,24197,2.421,True,
3025,60500.0,60500.212,2026-09-17T20:27:57.784684+00:00,read,56808,2.639,True,
3026,60520.0,60520.21,2026-09-17T20:27:57.804687+00:00,read,36837,3.166,True,
3027,60540.0,60540.222,2026-09-17T20:27:57.824693+00:00,read,52754,1.921,True,
3028,60560.0,60560.244,2026-09-17T20:27:57.844719+00:00,write,10133,2.012,True,
3029,60580.0,60580.219,2026-09-17T20:27:57.864694+00:00,read,50620,2.746,True,
3030,60600.0,60600.204,2026-09-17T20:27:57.884678+00:00,read,54478,3.512,True,
3031,60620.0,60620.209,2026-09-17T20:27:57.904686+00:00,read,78970,3.397,True,
3032,60640.0,60640.332,2026-09-17T20:27:57.924810+00:00,read,57366,3.473,True,
3033,60660.0,60660.453,2026-09-17T20:27:57.944929+00:00,read,22703,3.787,True,
3034,60680.0,60680.287,2026-09-17T20:27:57.964759+00:00,read,531,3.435,True,
3035,60700.0,60700.361,2026-09-17T20:27:57.984832+00:00,write,40168,3.048,True,
3036,60720.0,60720.438,2026-09-17T20:27:58.004912+00:00,read,61873,3.546,True,
3037,60740.0,60740.467,2026-09-17T20:27:58.024942+00:00,read,12480,3.012,True,
3038,60760.0,60760.231,2026-09-17T20:27:58.044704+00:00,write,4925,2.494,True,
3039,60780.0,60780.191,2026-09-17T20:27:58.064669+00:00,read,94769,3.406,True,
3040,60800.0,60800.294,2026-09-17T20:27:58.084771+00:00,read,15561,3.689,True,
3041,60820.0,60820.306,2026-09-17T20:27:58.104785+00:00,read,67326,3.406,True,
3042,60840.0,60840.3,2026-09-17T20:27:58.124777+00:00,read,2458,3.495,True,
3043,60860.0,60860.183,2026-09-17T20:27:58.144659+00:00,read,9509,3.517,True,
3044,60880.0,60880.328,2026-09-17T20:27:58.164804+00:00,read,36283,3.204,True,
3045,60900.0,60900.227,2026-09-17T20:27:58.184701+00:00,read,83590,3.365,True,
3046,60920.0,60920.501,2026-09-17T20:27:58.204976+00:00,read,63782,3.595,True,
3047,60940.0,60940.246,2026-09-17T20:27:58.224718+00:00,write,39758,3.046,True,
3048,60960.0,60960.286,2026-09-17T20:27:58.244761+00:00,write,33835,2.536,True,
3049,60980.0,60980.414,2026-09-17T20:27:58.264891+00:00,write,35480,3.145,True,
3050,61000.0,61000.363,2026-09-17T20:27:58.284842+00:00,read,67139,3.196,True,
3051,61020.0,61020.382,2026-09-17T20:27:58.304861+00:00,write,56608,3.616,True,
3052,61040.0,61040.349,2026-09-17T20:27:58.324831+00:00,read,12351,3.936,True,
3053,61060.0,61060.15,2026-09-17T20:27:58.344624+00:00,read,61257,3.324,True,
3054,61080.0,61080.299,2026-09-17T20:27:58.364773+00:00,read,32782,3.5,True,
3055,61100.0,61100.385,2026-09-17T20:27:58.384857+00:00,read,82269,2.802,True,
3056,61120.0,61120.293,2026-09-17T20:27:58.404767+00:00,read,64510,3.587,True,
3057,61140.0,61140.133,2026-09-17T20:27:58.424603+00:00,read,5135,2.727,True,
3058,61160.0,61160.385,2026-09-17T20:27:58.444859+00:00,read,72142,3.824,True,
3059,61180.0,61180.204,2026-09-17T20:27:58.464679+00:00,read,18878,2.952,True,
3060,61200.0,61200.254,2026-09-17T20:27:58.484729+00:00,read,94108,3.619,True,
3061,61220.0,61220.421,2026-09-17T20:27:58.504894+00:00,read,68588,3.518,True,
3062,61240.0,61240.432,2026-09-17T20:27:58.524906+00:00,read,54115,2.961,True,
3063,61260.0,61260.223,2026-09-17T20:27:58.544699+00:00,read,3205,3.658,True,
3064,61280.0,61280.248,2026-09-17T20:27:58.564721+00:00,write,56011,2.202,True,
3065,61300.0,61300.292,2026-09-17T20:27:58.584767+00:00,read,33021,2.995,True,
3066,61320.0,61320.206,2026-09-17T20:27:58.604680+00:00,read,43647,3.559,True,
3067,61340.0,61340.254,2026-09-17T20:27:58.624732+00:00,write,26312,2.726,True,
3068,61360.0,61360.43,2026-09-17T20:27:58.644907+00:00,write,93314,3.206,True,
3069,61380.0,61380.471,2026-09-17T20:27:58.664946+00:00,read,87303,3.635,True,
3070,61400.0,61400.503,2026-09-17T20:27:58.684985+00:00,read,22182,3.157,True,
3071,61420.0,61420.302,2026-09-17T20:27:58.704781+00:00,read,6149,3.544,True,
3072,61440.0,61440.219,2026-09-17T20:27:58.724698+00:00,write,85658,3.143,True,
3073,61460.0,61460.407,2026-09-17T20:27:58.744883+00:00,read,56508,3.517,True,
3074,61480.0,61480.441,2026-09-17T20:27:58.764913+00:00,read,32766,3.376,True,
3075,61500.0,61500.333,2026-09-17T20:27:58.784811+00:00,read,45527,3.882,True,
3076,61520.0,61520.47,2026-09-17T20:27:58.804945+00:00,read,32934,3.433,True,
3077,61540.0,61540.309,2026-09-17T20:27:58.824783+00:00,read,53588,3.726,True,
3078,61560.0,61560.203,2026-09-17T20:27:58.844675+00:00,read,34012,3.424,True,
3079,61580.0,61580.335,2026-09-17T20:27:58.864811+00:00,read,99716,3.412,True,
3080,61600.0,61600.357,2026-09-17T20:27:58.884834+00:00,read,61458,3.343,True,
3081,61620.0,61620.272,2026-09-17T20:27:58.904751+00:00,read,8320,3.822,True,
3082,61640.0,61640.344,2026-09-17T20:27:58.924816+00:00,read,23818,3.418,True,
3083,61660.0,61660.39,2026-09-17T20:27:58.944867+00:00,write,68736,3.176,True,
3084,61680.0,61680.313,2026-09-17T20:27:58.964787+00:00,read,42952,3.693,True,
3085,61700.0,61700.448,2026-09-17T20:27:58.984927+00:00,read,16593,3.652,True,
3086,61720.0,61720.294,2026-09-17T20:27:59.004770+00:00,read,17155,3.43,True,
3087,61740.0,61740.219,2026-09-17T20:27:59.024697+00:00,read,4045,3.731,True,
3088,61760.0,61760.369,2026-09-17T20:27:59.044851+00:00,read,90727,3.677,True,
3089,61780.0,61780.224,2026-09-17T20:27:59.064705+00:00,read,77776,3.692,True,
3090,61800.0,61800.271,2026-09-17T20:27:59.084746+00:00,read,5021,3.1,True,
3091,61820.0,61820.185,2026-09-17T20:27:59.104659+00:00,read,86838,3.55,True,
3092,61840.0,61840.367,2026-09-17T20:27:59.124840+00:00,read,25249,3.368,True,
3093,61860.0,61860.399,2026-09-17T20:27:59.144870+00:00,read,33415,2.977,True,
3094,61880.0,61880.394,2026-09-17T20:27:59.164870+00:00,read,54074,2.926,True,
3095,61900.0,61900.204,2026-09-17T20:27:59.184683+00:00,read,42233,3.308,True,
3096,61920.0,61920.251,2026-09-17T20:27:59.204725+00:00,read,62981,2.881,True,
3097,61940.0,61940.278,2026-09-17T20:27:59.224756+00:00,read,32245,3.254,True,
3098,61960.0,61960.258,2026-09-17T20:27:59.244733+00:00,write,19681,2.507,True,
3099,61980.0,61980.246,2026-09-17T20:27:59.264722+00:00,read,86089,2.618,True,
3100,62000.0,62000.401,2026-09-17T20:27:59.284875+00:00,read,44709,3.712,True,
3101,62020.0,62020.294,2026-09-17T20:27:59.304767+00:00,read,33004,3.497,True,
3102,62040.0,62040.278,2026-09-17T20:27:59.324750+00:00,write,62123,3.198,True,
3103,62060.0,62060.29,2026-09-17T20:27:59.344763+00:00,write,52091,2.799,True,
3104,62080.0,62080.222,2026-09-17T20:27:59.364699+00:00,read,39566,3.027,True,
3105,62100.0,62100.307,2026-09-17T20:27:59.384783+00:00,read,27898,3.469,True,
3106,62120.0,62120.293,2026-09-17T20:27:59.404768+00:00,read,4848,3.75,True,
3107,62140.0,62140.407,2026-09-17T20:27:59.424882+00:00,read,96344,3.645,True,
3108,62160.0,62160.434,2026-09-17T20:27:59.444912+00:00,read,8921,4.349,True,
3109,62180.0,62180.207,2026-09-17T20:27:59.464680+00:00,read,77062,3.155,True,
3110,62200.0,62200.315,2026-09-17T20:27:59.484790+00:00,read,70573,3.497,True,
3111,62220.0,62220.288,2026-09-17T20:27:59.504763+00:00,read,80285,3.501,True,
3112,62240.0,62240.161,2026-09-17T20:27:59.524635+00:00,read,63089,3.108,True,
3113,62260.0,62260.297,2026-09-17T20:27:59.544776+00:00,read,79123,3.471,True,
3114,62280.0,62280.27,2026-09-17T20:27:59.564807+00:00,read,16708,3.38,True,
3115,62300.0,62300.175,2026-09-17T20:27:59.584647+00:00,read,76455,3.251,True,
3116,62320.0,62320.366,2026-09-17T20:27:59.604840+00:00,read,41674,3.446,True,
3117,62340.0,62340.263,2026-09-17T20:27:59.624739+00:00,read,71232,3.474,True,
3118,62360.0,62360.236,2026-09-17T20:27:59.644713+00:00,read,83435,3.901,True,
3119,62380.0,62380.226,2026-09-17T20:27:59.664706+00:00,read,85007,3.765,True,
3120,62400.0,62400.214,2026-09-17T20:27:59.684691+00:00,read,56586,3.361,True,
3121,62420.0,62420.28,2026-09-17T20:27:59.704754+00:00,read,68350,2.661,True,
3122,62440.0,62440.18,2026-09-17T20:27:59.724653+00:00,write,18918,2.598,True,
3123,62460.0,62460.349,2026-09-17T20:27:59.744821+00:00,write,87069,2.125,True,
3124,62480.0,62480.317,2026-09-17T20:27:59.764789+00:00,read,70238,2.567,True,
3125,62500.0,62500.357,2026-09-17T20:27:59.784830+00:00,read,4942,3.227,True,
3126,62520.0,62520.314,2026-09-17T20:27:59.804785+00:00,read,74831,2.344,True,
3127,62540.0,62540.158,2026-09-17T20:27:59.824633+00:00,read,22800,3.135,True,
3128,62560.0,62560.281,2026-09-17T20:27:59.844752+00:00,read,17256,2.508,True,
3129,62580.0,62580.278,2026-09-17T20:27:59.864753+00:00,read,21268,3.135,True,
3130,62600.0,62600.271,2026-09-17T20:27:59.884750+00:00,read,20211,3.784,True,
3131,62620.0,62620.317,2026-09-17T20:27:59.904797+00:00,read,60981,3.699,True,
3132,62640.0,62640.387,2026-09-17T20:27:59.924865+00:00,read,32413,4.134,True,
3133,62660.0,62660.368,2026-09-17T20:27:59.944848+00:00,read,45985,4.082,True,
3134,62680.0,62680.25,2026-09-17T20:27:59.964731+00:00,read,12583,3.8,True,
3135,62700.0,62700.256,2026-09-17T20:27:59.984737+00:00,read,54565,4.866,True,
3136,62720.0,62720.328,2026-09-17T20:28:00.004809+00:00,read,13040,3.69,True,
3137,62740.0,62740.227,2026-09-17T20:28:00.024709+00:00,read,31574,4.256,True,
3138,62760.0,62760.248,2026-09-17T20:28:00.044730+00:00,read,71858,4.168,True,
3139,62780.0,62780.203,2026-09-17T20:28:00.064680+00:00,read,27267,3.181,True,
3140,62800.0,62800.142,2026-09-17T20:28:00.084616+00:00,read,8953,3.123,True,
3141,62820.0,62820.157,2026-09-17T20:28:00.104632+00:00,read,15766,2.46,True,
3142,62840.0,62840.176,2026-09-17T20:28:00.124657+00:00,read,93060,1.881,True,
3143,62860.0,62860.173,2026-09-17T20:28:00.144647+00:00,read,14193,3.496,True,
3144,62880.0,62880.138,2026-09-17T20:28:00.164613+00:00,read,98664,1.723,True,
3145,62900.0,62900.24,2026-09-17T20:28:00.184717+00:00,read,94732,2.092,True,
3146,62920.0,62920.141,2026-09-17T20:28:00.204615+00:00,write,79058,2.795,True,
3147,62940.0,62940.151,2026-09-17T20:28:00.224622+00:00,write,72786,2.915,True,
3148,62960.0,62960.489,2026-09-17T20:28:00.244963+00:00,read,21808,3.32,True,
3149,62980.0,62980.21,2026-09-17T20:28:00.264684+00:00,read,86712,2.64,True,
3150,63000.0,63000.501,2026-09-17T20:28:00.284979+00:00,write,29771,3.375,True,
3151,63020.0,63020.42,2026-09-17T20:28:00.304896+00:00,read,33416,3.903,True,
3152,63040.0,63040.206,2026-09-17T20:28:00.324683+00:00,read,10817,3.642,True,
3153,63060.0,63060.281,2026-09-17T20:28:00.344754+00:00,read,31396,3.33,True,
3154,63080.0,63080.218,2026-09-17T20:28:00.364691+00:00,read,56266,2.555,True,
3155,63100.0,63100.315,2026-09-17T20:28:00.384799+00:00,read,2709,3.323,True,
3156,63120.0,63120.352,2026-09-17T20:28:00.404831+00:00,write,56665,3.131,True,
3157,63140.0,63140.235,2026-09-17T20:28:00.424713+00:00,read,74514,3.806,True,
3158,63160.0,63160.401,2026-09-17T20:28:00.444876+00:00,read,97580,4.38,True,
3159,63180.0,63180.284,2026-09-17T20:28:00.464761+00:00,read,36756,3.736,True,
3160,63200.0,63200.362,2026-09-17T20:28:00.484839+00:00,write,6978,2.97,True,
3161,63220.0,63220.208,2026-09-17T20:28:00.504682+00:00,write,1927,2.625,True,
3162,63240.0,63240.415,2026-09-17T20:28:00.524889+00:00,read,18124,3.363,True,
3163,63260.0,63260.234,2026-09-17T20:28:00.544710+00:00,read,52709,3.472,True,
3164,63280.0,63280.187,2026-09-17T20:28:00.564662+00:00,write,19504,2.948,True,
3165,63300.0,63300.3,2026-09-17T20:28:00.584776+00:00,read,8436,3.477,True,
3166,63320.0,63320.172,2026-09-17T20:28:00.604648+00:00,read,62876,3.58,True,
3167,63340.0,63340.477,2026-09-17T20:28:00.624952+00:00,read,83843,3.757,True,
3168,63360.0,63360.197,2026-09-17T20:28:00.644671+00:00,write,43760,3.083,True,
3169,63380.0,63380.371,2026-09-17T20:28:00.664845+00:00,read,85937,3.22,True,
3170,63400.0,63400.238,2026-09-17T20:28:00.684711+00:00,read,94059,3.296,True,
3171,63420.0,63420.254,2026-09-17T20:28:00.704732+00:00,read,51619,3.555,True,
3172,63440.0,63440.242,2026-09-17T20:28:00.724722+00:00,read,92706,3.511,True,
3173,63460.0,63460.388,2026-09-17T20:28:00.744865+00:00,read,62970,3.433,True,
3174,63480.0,63480.308,2026-09-17T20:28:00.764782+00:00,read,69857,3.206,True,
3175,63500.0,63500.316,2026-09-17T20:28:00.784791+00:00,read,46826,3.941,True,
3176,63520.0,63520.314,2026-09-17T20:28:00.804789+00:00,read,99821,3.514,True,
3177,63540.0,63540.288,2026-09-17T20:28:00.824765+00:00,read,79484,3.395,True,
3178,63560.0,63560.296,2026-09-17T20:28:00.844769+00:00,read,77645,3.075,True,
3179,63580.0,63580.196,2026-09-17T20:28:00.864673+00:00,read,68938,3.131,True,
3180,63600.0,63600.22,2026-09-17T20:28:00.884699+00:00,read,32249,3.745,True,
3181,63620.0,63620.177,2026-09-17T20:28:00.904649+00:00,read,54198,3.196,True,
3182,63640.0,63640.285,2026-09-17T20:28:00.924762+00:00,read,72664,3.456,True,
3183,63660.0,63660.166,2026-09-17T20:28:00.944643+00:00,write,24557,3.287,True,
3184,63680.0,63680.374,2026-09-17T20:28:00.964850+00:00,read,43529,3.394,True,
3185,63700.0,63700.445,2026-09-17T20:28:00.984920+00:00,write,11153,3.136,True,
3186,63720.0,63720.333,2026-09-17T20:28:01.004808+00:00,read,51292,3.611,True,
3187,63740.0,63740.42,2026-09-17T20:28:01.024896+00:00,read,1369,3.335,True,
3188,63760.0,63760.423,2026-09-17T20:28:01.044894+00:00,write,23233,2.645,True,
3189,63780.0,63780.295,2026-09-17T20:28:01.064771+00:00,read,12685,3.457,True,
3190,63800.0,63800.286,2026-09-17T20:28:01.084759+00:00,read,85630,3.445,True,
3191,63820.0,63820.33,2026-09-17T20:28:01.104805+00:00,read,40346,3.641,True,
3192,63840.0,63840.377,2026-09-17T20:28:01.124849+00:00,read,99575,3.653,True,
3193,63860.0,63860.588,2026-09-17T20:28:01.145060+00:00,read,41037,3.354,True,
3194,63880.0,63880.345,2026-09-17T20:28:01.164818+00:00,read,55518,2.75,True,
3195,63900.0,63900.202,2026-09-17T20:28:01.184676+00:00,read,14833,2.642,True,
3196,63920.0,63920.522,2026-09-17T20:28:01.204998+00:00,read,70569,3.621,True,
3197,63940.0,63940.406,2026-09-17T20:28:01.224886+00:00,read,13597,3.545,True,
3198,63960.0,63960.422,2026-09-17T20:28:01.244896+00:00,read,11201,3.442,True,
3199,63980.0,63980.403,2026-09-17T20:28:01.264877+00:00,read,62674,3.638,True,
3200,64000.0,64000.199,2026-09-17T20:28:01.284722+00:00,read,57299,5.655,True,
3201,64020.0,64020.242,2026-09-17T20:28:01.304721+00:00,write,75406,3.251,True,
3202,64040.0,64040.253,2026-09-17T20:28:01.324733+00:00,write,89378,3.44,True,
3203,64060.0,64060.413,2026-09-17T20:28:01.344894+00:00,read,2877,3.823,True,
3204,64080.0,64080.258,2026-09-17T20:28:01.364736+00:00,write,98223,3.231,True,
3205,64100.0,64100.301,2026-09-17T20:28:01.384783+00:00,read,62062,3.745,True,
3206,64120.0,64120.291,2026-09-17T20:28:01.404770+00:00,read,34291,3.7,True,
3207,64140.0,64140.428,2026-09-17T20:28:01.424909+00:00,read,69708,4.25,True,
3208,64160.0,64160.393,2026-09-17T20:28:01.444872+00:00,read,83221,4.136,True,
3209,64180.0,64180.284,2026-09-17T20:28:01.464760+00:00,read,3118,4.251,True,
3210,64200.0,64200.392,2026-09-17T20:28:01.484869+00:00,read,61153,3.647,True,
3211,64220.0,64220.425,2026-09-17T20:28:01.504904+00:00,read,13432,3.486,True,
3212,64240.0,64240.24,2026-09-17T20:28:01.524716+00:00,write,99546,2.804,True,
3213,64260.0,64260.347,2026-09-17T20:28:01.544824+00:00,read,12205,3.563,True,
3214,64280.0,64280.263,2026-09-17T20:28:01.564735+00:00,write,64845,1.762,True,
3215,64300.0,64300.389,2026-09-17T20:28:01.584863+00:00,read,97387,2.199,True,
3216,64320.0,64320.275,2026-09-17T20:28:01.604749+00:00,read,21967,2.665,True,
3217,64340.0,64340.19,2026-09-17T20:28:01.624666+00:00,read,85755,3.053,True,
3218,64360.0,64360.392,2026-09-17T20:28:01.644868+00:00,read,60356,3.363,True,
3219,64380.0,64380.145,2026-09-17T20:28:01.664618+00:00,read,98154,2.755,True,
3220,64400.0,64400.322,2026-09-17T20:28:01.684796+00:00,write,56727,2.449,True,
3221,64420.0,64420.294,2026-09-17T20:28:01.704772+00:00,read,62974,3.237,True,
3222,64440.0,64440.303,2026-09-17T20:28:01.724780+00:00,read,83142,3.141,True,
3223,64460.0,64460.297,2026-09-17T20:28:01.744773+00:00,write,15762,2.975,True,
3224,64480.0,64480.399,2026-09-17T20:28:01.764870+00:00,read,29641,1.991,True,
3225,64500.0,64500.393,2026-09-17T20:28:01.784864+00:00,read,82701,2.733,True,
3226,64520.0,64520.399,2026-09-17T20:28:01.804877+00:00,read,33581,2.965,True,
3227,64540.0,64540.386,2026-09-17T20:28:01.824861+00:00,read,22146,3.775,True,
3228,64560.0,64560.255,2026-09-17T20:28:01.844729+00:00,write,75358,2.659,True,
3229,64580.0,64580.264,2026-09-17T20:28:01.864737+00:00,read,40325,1.997,True,
3230,64600.0,64600.229,2026-09-17T20:28:01.884701+00:00,read,67706,2.715,True,
3231,64620.0,64620.158,2026-09-17T20:28:01.904633+00:00,read,9859,2.994,True,
3232,64640.0,64640.396,2026-09-17T20:28:01.924871+00:00,write,62074,1.877,True,
3233,64660.0,64660.42,2026-09-17T20:28:01.944895+00:00,write,49990,2.898,True,
3234,64680.0,64680.368,2026-09-17T20:28:01.964843+00:00,read,95049,2.045,True,
3235,64700.0,64700.148,2026-09-17T20:28:01.984621+00:00,read,84895,2.686,True,
3236,64720.0,64720.277,2026-09-17T20:28:02.004751+00:00,read,96554,2.337,True,
3237,64740.0,64740.344,2026-09-17T20:28:02.024818+00:00,read,98491,2.407,True,
3238,64760.0,64760.315,2026-09-17T20:28:02.044789+00:00,read,71619,2.519,True,
3239,64780.0,64780.268,2026-09-17T20:28:02.064741+00:00,read,37633,2.245,True,
3240,64800.0,64800.455,2026-09-17T20:28:02.084933+00:00,read,34587,2.25,True,
3241,64820.0,64820.437,2026-09-17T20:28:02.104917+00:00,read,92480,3.87,True,
3242,64840.0,64840.371,2026-09-17T20:28:02.124847+00:00,read,99910,3.529,True,
3243,64860.0,64860.212,2026-09-17T20:28:02.144686+00:00,read,64873,3.269,True,
3244,64880.0,64880.329,2026-09-17T20:28:02.164799+00:00,read,88242,3.191,True,
3245,64900.0,64900.194,2026-09-17T20:28:02.184664+00:00,read,68924,2.154,True,
3246,64920.0,64920.18,2026-09-17T20:28:02.204652+00:00,write,19134,2.39,True,
3247,64940.0,64940.304,2026-09-17T20:28:02.224775+00:00,read,92328,2.524,True,
3248,64960.0,64960.156,2026-09-17T20:28:02.244627+00:00,read,94809,2.37,True,
3249,64980.0,64980.35,2026-09-17T20:28:02.264826+00:00,read,79605,3.086,True,
3250,65000.0,65000.289,2026-09-17T20:28:02.284768+00:00,read,1119,3.909,True,
3251,65020.0,65020.234,2026-09-17T20:28:02.304716+00:00,write,67315,3.523,True,
3252,65040.0,65040.378,2026-09-17T20:28:02.324857+00:00,read,39337,3.782,True,
3253,65060.0,65060.338,2026-09-17T20:28:02.344815+00:00,write,69988,3.227,True,
3254,65080.0,65080.329,2026-09-17T20:28:02.364808+00:00,write,86902,3.045,True,
3255,65100.0,65100.211,2026-09-17T20:28:02.384690+00:00,read,75420,3.773,True,
3256,65120.0,65120.228,2026-09-17T20:28:02.404743+00:00,read,40498,3.888,True,
3257,65140.0,65140.407,2026-09-17T20:28:02.424888+00:00,read,41515,3.917,True,
3258,65160.0,65160.264,2026-09-17T20:28:02.444741+00:00,read,72606,3.42,True,
3259,65180.0,65180.263,2026-09-17T20:28:02.464736+00:00,read,12462,3.502,True,
3260,65200.0,65200.193,2026-09-17T20:28:02.484669+00:00,read,60493,2.391,True,
3261,65220.0,65220.266,2026-09-17T20:28:02.504741+00:00,write,61299,2.494,True,
3262,65240.0,65240.258,2026-09-17T20:28:02.524737+00:00,read,1274,3.291,True,
3263,65260.0,65260.421,2026-09-17T20:28:02.544896+00:00,read,24967,3.75,True,
3264,65280.0,65280.258,2026-09-17T20:28:02.564731+00:00,read,70828,3.047,True,
3265,65300.0,65300.321,2026-09-17T20:28:02.584794+00:00,read,17748,3.381,True,
3266,65320.0,65320.232,2026-09-17T20:28:02.604709+00:00,read,44659,3.482,True,
3267,65340.0,65340.375,2026-09-17T20:28:02.624853+00:00,read,72291,3.899,True,
3268,65360.0,65362.004,2026-09-17T20:28:02.646480+00:00,read,12460,2.718,True,
3269,65380.0,65380.364,2026-09-17T20:28:02.664836+00:00,read,55184,3.268,True,
3270,65400.0,65400.166,2026-09-17T20:28:02.684639+00:00,read,80438,2.516,True,
3271,65420.0,65420.423,2026-09-17T20:28:02.704897+00:00,read,92493,2.529,True,
3272,65440.0,65440.163,2026-09-17T20:28:02.724635+00:00,read,26355,2.771,True,
3273,65460.0,65460.284,2026-09-17T20:28:02.744755+00:00,write,63749,1.985,True,
3274,65480.0,65480.226,2026-09-17T20:28:02.764698+00:00,read,40051,2.7,True,
3275,65500.0,65500.228,2026-09-17T20:28:02.784700+00:00,write,80549,2.299,True,
3276,65520.0,65520.235,2026-09-17T20:28:02.804707+00:00,read,22590,2.873,True,
3277,65540.0,65540.275,2026-09-17T20:28:02.824746+00:00,read,30661,2.468,True,
3278,65560.0,65560.277,2026-09-17T20:28:02.844748+00:00,read,70831,2.438,True,
3279,65580.0,65580.302,2026-09-17T20:28:02.864774+00:00,write,26304,2.578,True,
3280,65600.0,65600.149,2026-09-17T20:28:02.884623+00:00,write,9777,2.072,True,
3281,65620.0,65620.27,2026-09-17T20:28:02.904743+00:00,read,15940,3.073,True,
3282,65640.0,65640.32,2026-09-17T20:28:02.924791+00:00,read,29300,2.511,True,
3283,65660.0,65660.384,2026-09-17T20:28:02.944855+00:00,read,15017,2.728,True,
3284,65680.0,65680.442,2026-09-17T20:28:02.964918+00:00,write,13272,1.961,True,
3285,65700.0,65700.283,2026-09-17T20:28:02.984753+00:00,read,73208,2.264,True,
3286,65720.0,65720.389,2026-09-17T20:28:03.004857+00:00,read,3085,2.227,True,
3287,65740.0,65740.161,2026-09-17T20:28:03.024630+00:00,read,97210,2.452,True,
3288,65760.0,65760.309,2026-09-17T20:28:03.044780+00:00,read,2748,2.299,True,
3289,65780.0,65780.248,2026-09-17T20:28:03.064719+00:00,read,74658,2.671,True,
3290,65800.0,65800.387,2026-09-17T20:28:03.084858+00:00,read,51424,2.698,True,
3291,65820.0,65820.225,2026-09-17T20:28:03.104695+00:00,read,49059,2.259,True,
3292,65840.0,65840.31,2026-09-17T20:28:03.124783+00:00,read,23106,3.033,True,
3293,65860.0,65860.421,2026-09-17T20:28:03.144890+00:00,read,42563,2.287,True,
3294,65880.0,65880.374,2026-09-17T20:28:03.164853+00:00,read,6540,3.806,True,
3295,65900.0,65900.161,2026-09-17T20:28:03.184636+00:00,read,96266,3.449,True,
3296,65920.0,65920.321,2026-09-17T20:28:03.204796+00:00,read,7591,3.28,True,
3297,65940.0,65940.375,2026-09-17T20:28:03.224866+00:00,read,50423,4.022,True,
3298,65960.0,65960.406,2026-09-17T20:28:03.244886+00:00,read,89504,3.905,True,
3299,65980.0,65980.408,2026-09-17T20:28:03.264881+00:00,read,58994,3.274,True,
3300,66000.0,66000.342,2026-09-17T20:28:03.284820+00:00,read,83972,3.637,True,
3301,66020.0,66020.323,2026-09-17T20:28:03.304801+00:00,read,50147,3.391,True,
3302,66040.0,66040.363,2026-09-17T20:28:03.324844+00:00,read,75164,3.239,True,
3303,66060.0,66060.202,2026-09-17T20:28:03.344683+00:00,read,57483,3.469,True,
3304,66080.0,66080.204,2026-09-17T20:28:03.364679+00:00,read,86385,3.057,True,
3305,66100.0,66100.379,2026-09-17T20:28:03.384854+00:00,read,21564,2.022,True,
3306,66120.0,66120.187,2026-09-17T20:28:03.404657+00:00,read,6579,1.73,True,
3307,66140.0,66140.182,2026-09-17T20:28:03.424654+00:00,read,38732,1.962,True,
3308,66160.0,66160.219,2026-09-17T20:28:03.444692+00:00,read,736,1.982,True,
3309,66180.0,66180.207,2026-09-17T20:28:03.464675+00:00,read,94629,1.815,True,
3310,66200.0,66200.148,2026-09-17T20:28:03.484620+00:00,read,83827,2.16,True,
3311,66220.0,66220.232,2026-09-17T20:28:03.504702+00:00,read,1498,2.383,True,
3312,66240.0,66240.185,2026-09-17T20:28:03.524657+00:00,read,97778,2.754,True,
3313,66260.0,66260.195,2026-09-17T20:28:03.544672+00:00,read,26337,2.719,True,
3314,66280.0,66280.3,2026-09-17T20:28:03.564772+00:00,read,68573,3.087,True,
3315,66300.0,66300.264,2026-09-17T20:28:03.584735+00:00,read,70613,3.234,True,
3316,66320.0,66320.31,2026-09-17T20:28:03.604781+00:00,read,84623,2.472,True,
3317,66340.0,66340.15,2026-09-17T20:28:03.624621+00:00,read,34906,2.473,True,
3318,66360.0,66360.188,2026-09-17T20:28:03.644659+00:00,read,49236,2.275,True,
3319,66380.0,66380.145,2026-09-17T20:28:03.664615+00:00,read,36725,2.073,True,
3320,66400.0,66400.229,2026-09-17T20:28:03.684700+00:00,read,85164,1.924,True,
3321,66420.0,66420.212,2026-09-17T20:28:03.704682+00:00,read,90937,2.179,True,
3322,66440.0,66440.269,2026-09-17T20:28:03.724736+00:00,read,67369,1.311,True,
3323,66460.0,66460.214,2026-09-17T20:28:03.744681+00:00,read,4528,1.58,True,
3324,66480.0,66480.171,2026-09-17T20:28:03.764644+00:00,write,59278,2.604,True,
3325,66500.0,66500.164,2026-09-17T20:28:03.784637+00:00,read,51901,3.07,True,
3326,66520.0,66520.142,2026-09-17T20:28:03.804614+00:00,read,47034,3.658,True,
3327,66540.0,66540.229,2026-09-17T20:28:03.824701+00:00,read,90395,3.394,True,
3328,66560.0,66560.169,2026-09-17T20:28:03.844640+00:00,read,32694,2.544,True,
3329,66580.0,66580.389,2026-09-17T20:28:03.864862+00:00,read,87315,2.866,True,
3330,66600.0,66600.341,2026-09-17T20:28:03.884820+00:00,read,62551,3.089,True,
3331,66620.0,66620.168,2026-09-17T20:28:03.904645+00:00,read,15169,2.937,True,
3332,66640.0,66640.203,2026-09-17T20:28:03.924678+00:00,read,7983,2.735,True,
3333,66660.0,66660.232,2026-09-17T20:28:03.944704+00:00,write,90129,2.498,True,
3334,66680.0,66680.253,2026-09-17T20:28:03.964726+00:00,read,50486,2.255,True,
3335,66700.0,66700.191,2026-09-17T20:28:03.984662+00:00,write,81359,1.592,True,
3336,66720.0,66720.114,2026-09-17T20:28:04.004581+00:00,read,59846,1.6,True,
3337,66740.0,66740.107,2026-09-17T20:28:04.024575+00:00,read,86816,1.538,True,
3338,66760.0,66760.11,2026-09-17T20:28:04.044577+00:00,read,52394,1.55,True,
3339,66780.0,66780.162,2026-09-17T20:28:04.064634+00:00,read,36714,1.478,True,
3340,66800.0,66800.133,2026-09-17T20:28:04.084603+00:00,read,81249,1.733,True,
3341,66820.0,66820.166,2026-09-17T20:28:04.104639+00:00,read,38294,2.223,True,
3342,66840.0,66840.245,2026-09-17T20:28:04.124719+00:00,read,69647,3.449,True,
3343,66860.0,66860.175,2026-09-17T20:28:04.144647+00:00,write,55105,3.049,True,
3344,66880.0,66880.15,2026-09-17T20:28:04.164624+00:00,read,42033,2.332,True,
3345,66900.0,66900.337,2026-09-17T20:28:04.184809+00:00,read,14722,2.775,True,
3346,66920.0,66920.209,2026-09-17T20:28:04.204682+00:00,write,23279,3.173,True,
3347,66940.0,66940.279,2026-09-17T20:28:04.224752+00:00,read,18391,3.249,True,
3348,66960.0,66960.34,2026-09-17T20:28:04.244813+00:00,read,7408,3.34,True,
3349,66980.0,66980.31,2026-09-17T20:28:04.264784+00:00,read,53315,3.492,True,
3350,67000.0,67000.298,2026-09-17T20:28:04.284772+00:00,read,38858,3.302,True,
3351,67020.0,67020.307,2026-09-17T20:28:04.304783+00:00,read,23389,3.334,True,
3352,67040.0,67040.299,2026-09-17T20:28:04.324777+00:00,read,34717,3.386,True,
3353,67060.0,67060.196,2026-09-17T20:28:04.344669+00:00,read,53342,3.037,True,
3354,67080.0,67080.191,2026-09-17T20:28:04.364666+00:00,read,24661,2.912,True,
3355,67100.0,67100.279,2026-09-17T20:28:04.384749+00:00,read,99957,1.701,True,
3356,67120.0,67120.267,2026-09-17T20:28:04.404735+00:00,read,20954,1.623,True,
3357,67140.0,67140.262,2026-09-17T20:28:04.424733+00:00,read,25644,1.725,True,
3358,67160.0,67160.193,2026-09-17T20:28:04.444662+00:00,write,2682,1.419,True,
3359,67180.0,67180.162,2026-09-17T20:28:04.464635+00:00,read,79700,1.726,True,
3360,67200.0,67200.198,2026-09-17T20:28:04.484678+00:00,read,55263,1.959,True,
3361,67220.0,67220.185,2026-09-17T20:28:04.504659+00:00,read,71456,2.441,True,
3362,67240.0,67240.263,2026-09-17T20:28:04.524739+00:00,write,59515,2.606,True,
3363,67260.0,67260.141,2026-09-17T20:28:04.544619+00:00,read,70441,3.805,True,
3364,67280.0,67280.232,2026-09-17T20:28:04.564708+00:00,read,53411,2.51,True,
3365,67300.0,67300.143,2026-09-17T20:28:04.584622+00:00,read,84438,3.302,True,
3366,67320.0,67320.189,2026-09-17T20:28:04.604667+00:00,write,70281,3.453,True,
3367,67340.0,67340.306,2026-09-17T20:28:04.624785+00:00,read,35954,3.653,True,
3368,67360.0,67360.146,2026-09-17T20:28:04.644619+00:00,read,50051,2.653,True,
3369,67380.0,67380.157,2026-09-17T20:28:04.664632+00:00,read,93062,3.539,True,
3370,67400.0,67400.263,2026-09-17T20:28:04.684735+00:00,read,20008,3.298,True,
3371,67420.0,67420.286,2026-09-17T20:28:04.704757+00:00,write,5422,2.461,True,
3372,67440.0,67440.312,2026-09-17T20:28:04.724785+00:00,read,54906,3.426,True,
3373,67460.0,67460.365,2026-09-17T20:28:04.744839+00:00,read,6458,3.281,True,
3374,67480.0,67480.158,2026-09-17T20:28:04.764632+00:00,read,78809,3.426,True,
3375,67500.0,67500.172,2026-09-17T20:28:04.784649+00:00,write,82096,3.204,True,
3376,67520.0,67520.328,2026-09-17T20:28:04.804808+00:00,read,62460,3.818,True,
3377,67540.0,67540.269,2026-09-17T20:28:04.824741+00:00,read,15699,3.035,True,
3378,67560.0,67560.251,2026-09-17T20:28:04.844722+00:00,read,39538,2.19,True,
3379,67580.0,67580.184,2026-09-17T20:28:04.864655+00:00,read,20528,2.284,True,
3380,67600.0,67600.241,2026-09-17T20:28:04.884714+00:00,read,16331,2.174,True,
3381,67620.0,67620.192,2026-09-17T20:28:04.904661+00:00,write,51785,1.611,True,
3382,67640.0,67640.271,2026-09-17T20:28:04.924739+00:00,read,60096,1.807,True,
3383,67660.0,67660.261,2026-09-17T20:28:04.944729+00:00,read,63089,1.865,True,
3384,67680.0,67680.183,2026-09-17T20:28:04.964652+00:00,read,50219,1.751,True,
3385,67700.0,67700.107,2026-09-17T20:28:04.984576+00:00,read,63490,1.906,True,
3386,67720.0,67720.173,2026-09-17T20:28:05.004645+00:00,read,28389,2.984,True,
3387,67740.0,67740.306,2026-09-17T20:28:05.024777+00:00,read,2483,2.512,True,
3388,67760.0,67760.299,2026-09-17T20:28:05.044771+00:00,write,40566,3.047,True,
3389,67780.0,67780.229,2026-09-17T20:28:05.064702+00:00,read,22361,3.036,True,
3390,67800.0,67800.197,2026-09-17T20:28:05.084669+00:00,read,95314,3.347,True,
3391,67820.0,67820.28,2026-09-17T20:28:05.104753+00:00,read,81905,3.349,True,
3392,67840.0,67840.58,2026-09-17T20:28:05.125060+00:00,read,25112,3.796,True,
3393,67860.0,67860.406,2026-09-17T20:28:05.144889+00:00,read,6202,4.196,True,
3394,67880.0,67880.501,2026-09-17T20:28:05.164984+00:00,read,75055,4.842,True,
3395,67900.0,67900.404,2026-09-17T20:28:05.184881+00:00,read,55246,3.164,True,
3396,67920.0,67920.359,2026-09-17T20:28:05.204837+00:00,read,20876,3.823,True,
3397,67940.0,67940.231,2026-09-17T20:28:05.224708+00:00,read,61587,3.576,True,
3398,67960.0,67960.213,2026-09-17T20:28:05.244692+00:00,write,21832,3.403,True,
3399,67980.0,67980.412,2026-09-17T20:28:05.264888+00:00,read,9771,3.723,True,
3400,68000.0,68004.213,2026-09-17T20:28:05.288684+00:00,write,25135,2.963,True,
3401,68020.0,68020.3,2026-09-17T20:28:05.304781+00:00,read,56246,3.54,True,
3402,68040.0,68040.473,2026-09-17T20:28:05.324956+00:00,read,75008,3.796,True,
3403,68060.0,68060.336,2026-09-17T20:28:05.344809+00:00,write,24776,3.314,True,
3404,68080.0,68080.315,2026-09-17T20:28:05.364795+00:00,read,85087,3.475,True,
3405,68100.0,68100.279,2026-09-17T20:28:05.384756+00:00,write,81130,2.699,True,
3406,68120.0,68120.134,2026-09-17T20:28:05.404609+00:00,read,71114,2.806,True,
3407,68140.0,68140.191,2026-09-17T20:28:05.424663+00:00,read,74896,2.756,True,
3408,68160.0,68160.186,2026-09-17T20:28:05.444657+00:00,read,26228,2.369,True,
3409,68180.0,68180.212,2026-09-17T20:28:05.464683+00:00,read,75304,1.833,True,
3410,68200.0,68200.121,2026-09-17T20:28:05.484589+00:00,read,37772,1.56,True,
3411,68220.0,68220.152,2026-09-17T20:28:05.504624+00:00,read,77146,2.173,True,
3412,68240.0,68240.129,2026-09-17T20:28:05.524597+00:00,read,41706,1.609,True,
3413,68260.0,68260.111,2026-09-17T20:28:05.544578+00:00,read,66540,1.51,True,
3414,68280.0,68280.138,2026-09-17T20:28:05.564607+00:00,read,95174,1.809,True,
3415,68300.0,68300.144,2026-09-17T20:28:05.584616+00:00,read,70186,2.06,True,
3416,68320.0,68320.147,2026-09-17T20:28:05.604622+00:00,read,31511,2.792,True,
3417,68340.0,68340.176,2026-09-17T20:28:05.624648+00:00,read,79811,3.439,True,
3418,68360.0,68360.347,2026-09-17T20:28:05.644822+00:00,read,23715,3.072,True,
3419,68380.0,68380.324,2026-09-17T20:28:05.664802+00:00,read,82735,3.681,True,
3420,68400.0,68400.165,2026-09-17T20:28:05.684639+00:00,read,90302,2.478,True,
3421,68420.0,68420.228,2026-09-17T20:28:05.704704+00:00,read,20608,1.827,True,
3422,68440.0,68440.19,2026-09-17T20:28:05.724672+00:00,read,78875,4.165,True,
3423,68460.0,68460.158,2026-09-17T20:28:05.744634+00:00,read,73379,1.706,True,
3424,68480.0,68480.148,2026-09-17T20:28:05.764618+00:00,read,14268,2.509,True,
3425,68500.0,68500.109,2026-09-17T20:28:05.784577+00:00,write,35342,1.102,True,
3426,68520.0,68520.181,2026-09-17T20:28:05.804653+00:00,read,72952,2.146,True,
3427,68540.0,68540.126,2026-09-17T20:28:05.824598+00:00,read,73349,3.773,True,
3428,68560.0,68560.302,2026-09-17T20:28:05.844773+00:00,read,73945,2.897,True,
3429,68580.0,68580.311,2026-09-17T20:28:05.864783+00:00,write,12201,2.945,True,
3430,68600.0,68600.204,2026-09-17T20:28:05.884678+00:00,read,51869,2.614,True,
3431,68620.0,68620.266,2026-09-17T20:28:05.904743+00:00,read,37469,2.888,True,
3432,68640.0,68640.3,2026-09-17T20:28:05.924774+00:00,write,36752,2.653,True,
3433,68660.0,68660.247,2026-09-17T20:28:05.944722+00:00,read,75040,3.23,True,
3434,68680.0,68680.503,2026-09-17T20:28:05.964980+00:00,read,50436,3.455,True,
3435,68700.0,68700.318,2026-09-17T20:28:05.984797+00:00,read,98489,3.372,True,
3436,68720.0,68720.158,2026-09-17T20:28:06.004630+00:00,write,84518,2.007,True,
3437,68740.0,68740.161,2026-09-17T20:28:06.024632+00:00,read,66111,2.542,True,
3438,68760.0,68760.115,2026-09-17T20:28:06.044583+00:00,read,34284,1.786,True,
3439,68780.0,68780.189,2026-09-17T20:28:06.064660+00:00,read,3545,1.444,True,
3440,68800.0,68800.172,2026-09-17T20:28:06.084641+00:00,read,92466,1.459,True,
3441,68820.0,68820.155,2026-09-17T20:28:06.104625+00:00,read,33783,1.521,True,
3442,68840.0,68840.157,2026-09-17T20:28:06.124625+00:00,read,79145,1.549,True,
3443,68860.0,68860.115,2026-09-17T20:28:06.144584+00:00,read,15441,1.517,True,
3444,68880.0,68880.205,2026-09-17T20:28:06.164683+00:00,write,36766,2.242,True,
3445,68900.0,68900.16,2026-09-17T20:28:06.184632+00:00,read,36148,3.341,True,
3446,68920.0,68920.283,2026-09-17T20:28:06.204755+00:00,read,66328,2.815,True,
3447,68940.0,68940.199,2026-09-17T20:28:06.224672+00:00,write,70179,3.031,True,
3448,68960.0,68960.182,2026-09-17T20:28:06.244652+00:00,read,2330,2.544,True,
3449,68980.0,68980.173,2026-09-17T20:28:06.264646+00:00,read,67033,2.412,True,
3450,69000.0,69000.286,2026-09-17T20:28:06.284760+00:00,write,35574,1.958,True,
3451,69020.0,69020.259,2026-09-17T20:28:06.304731+00:00,read,74064,2.335,True,
3452,69040.0,69040.123,2026-09-17T20:28:06.324590+00:00,read,70421,1.887,True,
3453,69060.0,69060.167,2026-09-17T20:28:06.344635+00:00,read,29846,1.514,True,
3454,69080.0,69080.188,2026-09-17T20:28:06.364659+00:00,read,91043,1.752,True,
3455,69100.0,69100.147,2026-09-17T20:28:06.384622+00:00,read,22667,1.896,True,
3456,69120.0,69120.13,2026-09-17T20:28:06.404597+00:00,read,10726,1.473,True,
3457,69140.0,69140.173,2026-09-17T20:28:06.424644+00:00,read,65166,3.082,True,
3458,69160.0,69160.177,2026-09-17T20:28:06.444650+00:00,read,43302,3.087,True,
3459,69180.0,69180.196,2026-09-17T20:28:06.464668+00:00,read,62075,3.068,True,
3460,69200.0,69200.313,2026-09-17T20:28:06.484785+00:00,read,470,2.765,True,
3461,69220.0,69220.272,2026-09-17T20:28:06.504744+00:00,write,59029,2.121,True,
3462,69240.0,69240.372,2026-09-17T20:28:06.524843+00:00,read,67125,4.179,True,
3463,69260.0,69260.193,2026-09-17T20:28:06.544666+00:00,read,13405,2.909,True,
3464,69280.0,69280.315,2026-09-17T20:28:06.564787+00:00,write,52982,2.772,True,
3465,69300.0,69300.223,2026-09-17T20:28:06.584695+00:00,read,97109,3.085,True,
3466,69320.0,69320.245,2026-09-17T20:28:06.604716+00:00,read,42175,2.349,True,
3467,69340.0,69340.195,2026-09-17T20:28:06.624697+00:00,read,33438,1.962,True,
3468,69360.0,69360.166,2026-09-17T20:28:06.644635+00:00,read,92369,1.683,True,
3469,69380.0,69380.126,2026-09-17T20:28:06.664595+00:00,read,31528,1.573,True,
3470,69400.0,69400.209,2026-09-17T20:28:06.684682+00:00,read,85937,1.827,True,
3471,69420.0,69420.263,2026-09-17T20:28:06.704742+00:00,read,98598,2.816,True,
3472,69440.0,69440.163,2026-09-17T20:28:06.724636+00:00,read,74266,2.062,True,
3473,69460.0,69460.145,2026-09-17T20:28:06.744621+00:00,read,75470,2.019,True,
3474,69480.0,69480.205,2026-09-17T20:28:06.764678+00:00,read,8136,2.302,True,
3475,69500.0,69500.163,2026-09-17T20:28:06.784635+00:00,write,45174,1.643,True,
3476,69520.0,69520.224,2026-09-17T20:28:06.804702+00:00,read,68160,3.679,True,
3477,69540.0,69540.38,2026-09-17T20:28:06.824853+00:00,read,70876,3.332,True,
3478,69560.0,69560.409,2026-09-17T20:28:06.844881+00:00,read,88445,3.398,True,
3479,69580.0,69580.28,2026-09-17T20:28:06.864752+00:00,read,80979,3.849,True,
3480,69600.0,69600.373,2026-09-17T20:28:06.884847+00:00,read,58807,2.944,True,
3481,69620.0,69620.183,2026-09-17T20:28:06.904660+00:00,read,82820,3.507,True,
3482,69640.0,69640.402,2026-09-17T20:28:06.924880+00:00,write,6012,3.213,True,
3483,69660.0,69660.181,2026-09-17T20:28:06.944652+00:00,write,7789,2.561,True,
3484,69680.0,69680.384,2026-09-17T20:28:06.964858+00:00,read,11958,3.233,True,
3485,69700.0,69700.465,2026-09-17T20:28:06.984941+00:00,read,4136,3.368,True,
3486,69720.0,69720.262,2026-09-17T20:28:07.004735+00:00,read,26097,2.931,True,
3487,69740.0,69740.192,2026-09-17T20:28:07.024668+00:00,read,29648,3.256,True,
3488,69760.0,69760.292,2026-09-17T20:28:07.044763+00:00,read,19331,2.656,True,
3489,69780.0,69780.199,2026-09-17T20:28:07.064671+00:00,read,53297,1.982,True,
3490,69800.0,69800.192,2026-09-17T20:28:07.084661+00:00,read,52465,1.667,True,
3491,69820.0,69820.199,2026-09-17T20:28:07.104666+00:00,read,17938,1.714,True,
3492,69840.0,69840.162,2026-09-17T20:28:07.124633+00:00,write,18122,1.918,True,
3493,69860.0,69860.148,2026-09-17T20:28:07.144615+00:00,read,13531,1.584,True,
3494,69880.0,69880.349,2026-09-17T20:28:07.164819+00:00,read,80464,2.381,True,
3495,69900.0,69900.217,2026-09-17T20:28:07.184689+00:00,read,59425,2.561,True,
3496,69920.0,69920.299,2026-09-17T20:28:07.204773+00:00,read,26992,3.849,True,
3497,69940.0,69940.173,2026-09-17T20:28:07.224644+00:00,read,32530,3.16,True,
3498,69960.0,69960.308,2026-09-17T20:28:07.244780+00:00,read,37132,3.032,True,
3499,69980.0,69980.285,2026-09-17T20:28:07.264761+00:00,read,49956,3.426,True,
3500,70000.0,70000.199,2026-09-17T20:28:07.284673+00:00,read,54847,2.746,True,
3501,70020.0,70020.321,2026-09-17T20:28:07.304793+00:00,read,89255,2.8,True,
3502,70040.0,70040.406,2026-09-17T20:28:07.324879+00:00,read,12958,3.294,True,
3503,70060.0,70060.282,2026-09-17T20:28:07.344754+00:00,read,73502,3.534,True,
3504,70080.0,70080.355,2026-09-17T20:28:07.364828+00:00,read,28530,3.099,True,
3505,70100.0,70100.26,2026-09-17T20:28:07.384732+00:00,read,44287,2.213,True,
3506,70120.0,70120.225,2026-09-17T20:28:07.404699+00:00,read,55808,3.503,True,
3507,70140.0,70140.382,2026-09-17T20:28:07.424863+00:00,read,70073,3.902,True,
3508,70160.0,70160.288,2026-09-17T20:28:07.444760+00:00,read,92449,3.495,True,
3509,70180.0,70180.362,2026-09-17T20:28:07.464840+00:00,read,69897,3.421,True,
3510,70200.0,70200.429,2026-09-17T20:28:07.484908+00:00,read,53572,3.369,True,
3511,70220.0,70220.239,2026-09-17T20:28:07.504710+00:00,read,16272,3.025,True,
3512,70240.0,70240.266,2026-09-17T20:28:07.524740+00:00,write,85113,2.427,True,
3513,70260.0,70260.24,2026-09-17T20:28:07.544709+00:00,write,81392,1.586,True,
3514,70280.0,70280.207,2026-09-17T20:28:07.564675+00:00,read,56784,1.924,True,
3515,70300.0,70300.177,2026-09-17T20:28:07.584645+00:00,write,55182,1.424,True,
3516,70320.0,70320.246,2026-09-17T20:28:07.604713+00:00,read,32800,1.644,True,
3517,70340.0,70340.141,2026-09-17T20:28:07.624608+00:00,read,33545,1.532,True,
3518,70360.0,70360.129,2026-09-17T20:28:07.644598+00:00,read,24701,1.571,True,
3519,70380.0,70380.277,2026-09-17T20:28:07.664750+00:00,read,91597,2.589,True,
3520,70400.0,70400.295,2026-09-17T20:28:07.684770+00:00,read,23248,2.87,True,
3521,70420.0,70420.298,2026-09-17T20:28:07.704770+00:00,read,26287,3.084,True,
3522,70440.0,70440.28,2026-09-17T20:28:07.724760+00:00,read,18067,3.004,True,
3523,70460.0,70460.142,2026-09-17T20:28:07.744615+00:00,read,95383,2.487,True,
3524,70480.0,70480.351,2026-09-17T20:28:07.764829+00:00,read,52509,3.539,True,
3525,70500.0,70500.356,2026-09-17T20:28:07.784833+00:00,read,70979,3.368,True,
3526,70520.0,70520.366,2026-09-17T20:28:07.804843+00:00,read,25160,3.256,True,
3527,70540.0,70540.273,2026-09-17T20:28:07.824756+00:00,read,12987,3.327,True,
3528,70560.0,70560.269,2026-09-17T20:28:07.844739+00:00,write,30599,2.203,True,
3529,70580.0,70580.153,2026-09-17T20:28:07.864622+00:00,read,31537,3.139,True,
3530,70600.0,70600.289,2026-09-17T20:28:07.884763+00:00,read,2728,3.248,True,
3531,70620.0,70620.198,2026-09-17T20:28:07.904673+00:00,read,41963,3.0,True,
3532,70640.0,70640.187,2026-09-17T20:28:07.924660+00:00,read,90129,3.79,True,
3533,70660.0,70660.308,2026-09-17T20:28:07.944780+00:00,read,91868,3.293,True,
3534,70680.0,70680.304,2026-09-17T20:28:07.964777+00:00,read,40717,2.926,True,
3535,70700.0,70700.351,2026-09-17T20:28:07.984828+00:00,read,44776,3.518,True,
3536,70720.0,70720.241,2026-09-17T20:28:08.004719+00:00,read,38506,3.332,True,
3537,70740.0,70740.427,2026-09-17T20:28:08.024904+00:00,read,37701,3.172,True,
3538,70760.0,70760.447,2026-09-17T20:28:08.044927+00:00,read,96608,3.732,True,
3539,70780.0,70780.475,2026-09-17T20:28:08.064958+00:00,read,58634,3.712,True,
3540,70800.0,70800.326,2026-09-17T20:28:08.084798+00:00,read,65292,2.499,True,
3541,70820.0,70820.304,2026-09-17T20:28:08.104775+00:00,read,15039,3.081,True,
3542,70840.0,70840.125,2026-09-17T20:28:08.124593+00:00,write,63446,1.43,True,
3543,70860.0,70860.346,2026-09-17T20:28:08.144815+00:00,write,85334,1.534,True,
3544,70880.0,70880.251,2026-09-17T20:28:08.164720+00:00,read,9605,1.738,True,
3545,70900.0,70900.197,2026-09-17T20:28:08.184669+00:00,read,44558,1.831,True,
3546,70920.0,70920.158,2026-09-17T20:28:08.204628+00:00,read,5678,1.602,True,
3547,70940.0,70940.161,2026-09-17T20:28:08.224631+00:00,read,85630,1.519,True,
3548,70960.0,70960.147,2026-09-17T20:28:08.244617+00:00,read,59920,2.148,True,
3549,70980.0,70980.152,2026-09-17T20:28:08.264626+00:00,read,72308,3.421,True,
3550,71000.0,71000.238,2026-09-17T20:28:08.284716+00:00,read,38472,3.177,True,
3551,71020.0,71020.407,2026-09-17T20:28:08.304880+00:00,read,70469,3.551,True,
3552,71040.0,71040.233,2026-09-17T20:28:08.324704+00:00,read,43137,2.572,True,
3553,71060.0,71060.185,2026-09-17T20:28:08.344658+00:00,read,84925,3.268,True,
3554,71080.0,71080.303,2026-09-17T20:28:08.364779+00:00,read,37491,2.434,True,
3555,71100.0,71100.208,2026-09-17T20:28:08.384678+00:00,read,34380,1.627,True,
3556,71120.0,71120.164,2026-09-17T20:28:08.404639+00:00,read,80877,1.385,True,
3557,71140.0,71140.094,2026-09-17T20:28:08.424561+00:00,read,77643,1.499,True,
3558,71160.0,71160.174,2026-09-17T20:28:08.444645+00:00,write,9326,2.309,True,
3559,71180.0,71180.128,2026-09-17T20:28:08.464600+00:00,write,78339,1.831,True,
3560,71200.0,71200.13,2026-09-17T20:28:08.484603+00:00,read,30315,3.21,True,
3561,71220.0,71220.414,2026-09-17T20:28:08.504887+00:00,read,65719,3.784,True,
3562,71240.0,71240.22,2026-09-17T20:28:08.524692+00:00,read,78990,4.147,True,
3563,71260.0,71260.281,2026-09-17T20:28:08.544754+00:00,read,39623,3.53,True,
3564,71280.0,71280.296,2026-09-17T20:28:08.564773+00:00,read,53594,3.489,True,
3565,71300.0,71300.355,2026-09-17T20:28:08.584834+00:00,read,2005,3.663,True,
3566,71320.0,71320.373,2026-09-17T20:28:08.604852+00:00,read,99541,3.301,True,
3567,71340.0,71340.45,2026-09-17T20:28:08.624929+00:00,write,44658,3.439,True,
3568,71360.0,71360.317,2026-09-17T20:28:08.644799+00:00,write,24931,3.394,True,
3569,71380.0,71380.266,2026-09-17T20:28:08.664744+00:00,read,75170,3.797,True,
3570,71400.0,71400.463,2026-09-17T20:28:08.684941+00:00,write,5338,2.819,True,
3571,71420.0,71420.5,2026-09-17T20:28:08.704979+00:00,read,77600,3.801,True,
3572,71440.0,71440.241,2026-09-17T20:28:08.724722+00:00,read,14875,3.699,True,
3573,71460.0,71460.474,2026-09-17T20:28:08.744960+00:00,read,8818,3.563,True,
3574,71480.0,71480.246,2026-09-17T20:28:08.764726+00:00,read,67472,3.131,True,
3575,71500.0,71500.26,2026-09-17T20:28:08.784730+00:00,read,40754,2.372,True,
3576,71520.0,71520.212,2026-09-17T20:28:08.804686+00:00,write,46906,2.162,True,
3577,71540.0,71540.218,2026-09-17T20:28:08.824691+00:00,read,17920,2.591,True,
3578,71560.0,71560.278,2026-09-17T20:28:08.844754+00:00,write,30902,2.698,True,
3579,71580.0,71580.269,2026-09-17T20:28:08.864745+00:00,read,3665,2.809,True,
3580,71600.0,71600.188,2026-09-17T20:28:08.884667+00:00,read,73731,3.445,True,
3581,71620.0,71620.236,2026-09-17T20:28:08.904784+00:00,read,68851,4.337,True,
3582,71640.0,71640.276,2026-09-17T20:28:08.924755+00:00,read,8010,4.203,True,
3583,71660.0,71660.167,2026-09-17T20:28:08.944646+00:00,write,18534,3.35,True,
3584,71680.0,71680.201,2026-09-17T20:28:08.964681+00:00,read,80042,3.804,True,
3585,71700.0,71700.134,2026-09-17T20:28:08.984610+00:00,read,24283,2.308,True,
3586,71720.0,71720.164,2026-09-17T20:28:09.004639+00:00,read,34407,2.078,True,
3587,71740.0,71740.139,2026-09-17T20:28:09.024614+00:00,read,59600,2.699,True,
3588,71760.0,71760.408,2026-09-17T20:28:09.044880+00:00,read,9160,3.438,True,
3589,71780.0,71780.239,2026-09-17T20:28:09.064711+00:00,read,90525,3.303,True,
3590,71800.0,71800.358,2026-09-17T20:28:09.084834+00:00,read,83277,3.659,True,
3591,71820.0,71820.285,2026-09-17T20:28:09.104764+00:00,read,50861,3.649,True,
3592,71840.0,71840.42,2026-09-17T20:28:09.124892+00:00,write,32649,2.846,True,
3593,71860.0,71860.396,2026-09-17T20:28:09.144874+00:00,read,88820,3.378,True,
3594,71880.0,71880.291,2026-09-17T20:28:09.164769+00:00,read,86254,3.701,True,
3595,71900.0,71900.218,2026-09-17T20:28:09.184701+00:00,write,87732,3.027,True,
3596,71920.0,71920.331,2026-09-17T20:28:09.204829+00:00,read,15374,2.911,True,
3597,71940.0,71940.265,2026-09-17T20:28:09.224744+00:00,write,61476,3.687,True,
3598,71960.0,71960.406,2026-09-17T20:28:09.244888+00:00,read,65982,3.586,True,
3599,71980.0,71980.335,2026-09-17T20:28:09.264817+00:00,write,14475,3.095,True,
3600,72000.0,72000.358,2026-09-17T20:28:09.284834+00:00,write,4558,3.018,True,
3601,72020.0,72020.528,2026-09-17T20:28:09.305010+00:00,write,59929,3.077,True,
3602,72040.0,72040.326,2026-09-17T20:28:09.324802+00:00,read,33751,3.6,True,
3603,72060.0,72060.451,2026-09-17T20:28:09.344933+00:00,write,61613,3.631,True,
3604,72080.0,72080.189,2026-09-17T20:28:09.364662+00:00,write,58337,2.299,True,
3605,72100.0,72100.179,2026-09-17T20:28:09.384653+00:00,read,66188,2.989,True,
3606,72120.0,72120.219,2026-09-17T20:28:09.404693+00:00,read,81669,3.536,True,
3607,72140.0,72140.267,2026-09-17T20:28:09.424740+00:00,read,37557,3.591,True,
3608,72160.0,72160.397,2026-09-17T20:28:09.444876+00:00,read,75070,3.767,True,
3609,72180.0,72180.651,2026-09-17T20:28:09.465132+00:00,read,48449,3.946,True,
3610,72200.0,72200.522,2026-09-17T20:28:09.485003+00:00,read,33899,3.387,True,
3611,72220.0,72220.412,2026-09-17T20:28:09.504890+00:00,read,74622,3.402,True,
3612,72240.0,72240.38,2026-09-17T20:28:09.524860+00:00,read,24059,4.29,True,
3613,72260.0,72260.309,2026-09-17T20:28:09.544786+00:00,read,67133,3.473,True,
3614,72280.0,72280.205,2026-09-17T20:28:09.564683+00:00,read,38388,3.414,True,
3615,72300.0,72300.358,2026-09-17T20:28:09.584834+00:00,read,4563,3.507,True,
3616,72320.0,72320.235,2026-09-17T20:28:09.604718+00:00,write,59425,3.129,True,
3617,72340.0,72340.417,2026-09-17T20:28:09.624895+00:00,write,19216,3.072,True,
3618,72360.0,72360.31,2026-09-17T20:28:09.644793+00:00,read,26471,4.193,True,
3619,72380.0,72380.352,2026-09-17T20:28:09.664828+00:00,read,80367,3.317,True,
3620,72400.0,72400.35,2026-09-17T20:28:09.684828+00:00,read,80041,3.346,True,
3621,72420.0,72420.651,2026-09-17T20:28:09.705131+00:00,read,66130,3.37,True,
3622,72440.0,72440.271,2026-09-17T20:28:09.724743+00:00,read,54006,2.549,True,
3623,72460.0,72460.189,2026-09-17T20:28:09.744659+00:00,read,66067,2.304,True,
3624,72480.0,72480.351,2026-09-17T20:28:09.764821+00:00,write,10845,1.945,True,
3625,72500.0,72500.16,2026-09-17T20:28:09.784631+00:00,write,65192,2.166,True,
3626,72520.0,72520.294,2026-09-17T20:28:09.804765+00:00,read,86893,2.595,True,
3627,72540.0,72540.188,2026-09-17T20:28:09.824659+00:00,read,41444,2.235,True,
3628,72560.0,72560.172,2026-09-17T20:28:09.844644+00:00,read,33964,2.413,True,
3629,72580.0,72580.347,2026-09-17T20:28:09.864819+00:00,read,22094,3.024,True,
3630,72600.0,72600.161,2026-09-17T20:28:09.884639+00:00,read,15401,3.395,True,
3631,72620.0,72620.306,2026-09-17T20:28:09.904786+00:00,read,33638,3.689,True,
3632,72640.0,72640.304,2026-09-17T20:28:09.924787+00:00,read,8170,4.137,True,
3633,72660.0,72660.242,2026-09-17T20:28:09.944716+00:00,read,26413,4.467,True,
3634,72680.0,72680.229,2026-09-17T20:28:09.964708+00:00,read,98317,5.017,True,
3635,72700.0,72700.208,2026-09-17T20:28:09.984688+00:00,read,87630,3.721,True,
3636,72720.0,72720.274,2026-09-17T20:28:10.004753+00:00,read,87373,4.36,True,
3637,72740.0,72740.332,2026-09-17T20:28:10.024812+00:00,read,14456,3.777,True,
3638,72760.0,72760.202,2026-09-17T20:28:10.044679+00:00,read,68806,2.762,True,
3639,72780.0,72780.183,2026-09-17T20:28:10.064662+00:00,read,25605,3.261,True,
3640,72800.0,72800.315,2026-09-17T20:28:10.084795+00:00,read,44836,3.743,True,
3641,72820.0,72820.161,2026-09-17T20:28:10.104664+00:00,write,69799,2.68,True,
3642,72840.0,72840.196,2026-09-17T20:28:10.124677+00:00,read,60531,4.149,True,
3643,72860.0,72860.191,2026-09-17T20:28:10.144666+00:00,read,43396,1.936,True,
3644,72880.0,72880.158,2026-09-17T20:28:10.164634+00:00,read,60493,3.333,True,
3645,72900.0,72900.312,2026-09-17T20:28:10.184786+00:00,read,95765,2.605,True,
3646,72920.0,72920.259,2026-09-17T20:28:10.204732+00:00,read,24047,2.825,True,
3647,72940.0,72940.352,2026-09-17T20:28:10.224825+00:00,write,96626,2.733,True,
3648,72960.0,72960.178,2026-09-17T20:28:10.244650+00:00,read,72049,2.909,True,
3649,72980.0,72980.309,2026-09-17T20:28:10.264782+00:00,write,10409,2.833,True,
3650,73000.0,73000.322,2026-09-17T20:28:10.284799+00:00,read,1947,3.825,True,
3651,73020.0,73020.383,2026-09-17T20:28:10.304856+00:00,read,63735,3.658,True,
3652,73040.0,73040.32,2026-09-17T20:28:10.324797+00:00,read,42004,3.707,True,
3653,73060.0,73060.281,2026-09-17T20:28:10.344758+00:00,read,93057,2.863,True,
3654,73080.0,73080.315,2026-09-17T20:28:10.364793+00:00,read,13425,3.279,True,
3655,73100.0,73100.25,2026-09-17T20:28:10.384723+00:00,read,10491,2.555,True,
3656,73120.0,73120.244,2026-09-17T20:28:10.404723+00:00,read,65238,3.639,True,
3657,73140.0,73140.609,2026-09-17T20:28:10.425086+00:00,read,97259,3.757,True,
3658,73160.0,73160.353,2026-09-17T20:28:10.444832+00:00,read,99022,3.79,True,
3659,73180.0,73180.421,2026-09-17T20:28:10.464902+00:00,read,57649,3.666,True,
3660,73200.0,73200.17,2026-09-17T20:28:10.484641+00:00,read,49128,2.448,True,
3661,73220.0,73220.452,2026-09-17T20:28:10.504933+00:00,read,71094,3.263,True,
3662,73240.0,73240.424,2026-09-17T20:28:10.524899+00:00,read,19389,3.59,True,
3663,73260.0,73260.318,2026-09-17T20:28:10.544795+00:00,read,76091,3.353,True,
3664,73280.0,73280.23,2026-09-17T20:28:10.564706+00:00,read,6126,3.617,True,
3665,73300.0,73300.401,2026-09-17T20:28:10.584877+00:00,read,45585,3.651,True,
3666,73320.0,73320.276,2026-09-17T20:28:10.604753+00:00,read,35751,3.752,True,
3667,73340.0,73340.328,2026-09-17T20:28:10.624800+00:00,write,64143,2.943,True,
3668,73360.0,73360.415,2026-09-17T20:28:10.644887+00:00,read,14867,3.531,True,
3669,73380.0,73380.432,2026-09-17T20:28:10.664907+00:00,read,98666,3.315,True,
3670,73400.0,73400.475,2026-09-17T20:28:10.684950+00:00,read,75904,14.072,True,
3671,73420.0,73420.328,2026-09-17T20:28:10.704799+00:00,read,15038,3.364,True,
3672,73440.0,73440.247,2026-09-17T20:28:10.724722+00:00,read,56569,3.355,True,
3673,73460.0,73460.324,2026-09-17T20:28:10.744798+00:00,read,52602,3.431,True,
3674,73480.0,73480.413,2026-09-17T20:28:10.764885+00:00,read,41882,3.262,True,
3675,73500.0,73500.286,2026-09-17T20:28:10.784759+00:00,read,17387,3.357,True,
3676,73520.0,73520.359,2026-09-17T20:28:10.804836+00:00,write,90534,3.135,True,
3677,73540.0,73540.388,2026-09-17T20:28:10.824861+00:00,read,18353,3.581,True,
3678,73560.0,73560.316,2026-09-17T20:28:10.844793+00:00,write,64799,3.251,True,
3679,73580.0,73580.469,2026-09-17T20:28:10.864946+00:00,read,67512,3.958,True,
3680,73600.0,73600.495,2026-09-17T20:28:10.884971+00:00,read,15287,3.351,True,
3681,73620.0,73620.263,2026-09-17T20:28:10.904742+00:00,read,91412,3.688,True,
3682,73640.0,73640.327,2026-09-17T20:28:10.924804+00:00,read,65353,4.379,True,
3683,73660.0,73660.386,2026-09-17T20:28:10.944863+00:00,read,98218,3.58,True,
3684,73680.0,73680.17,2026-09-17T20:28:10.964641+00:00,read,58469,2.95,True,
3685,73700.0,73700.169,2026-09-17T20:28:10.984641+00:00,read,51925,3.165,True,
3686,73720.0,73720.352,2026-09-17T20:28:11.004831+00:00,read,47034,3.613,True,
3687,73740.0,73740.316,2026-09-17T20:28:11.024795+00:00,read,70709,3.526,True,
3688,73760.0,73760.361,2026-09-17T20:28:11.044836+00:00,read,91350,3.489,True,
3689,73780.0,73780.22,2026-09-17T20:28:11.064695+00:00,write,43260,2.951,True,
3690,73800.0,73800.203,2026-09-17T20:28:11.084676+00:00,read,40337,3.255,True,
3691,73820.0,73820.423,2026-09-17T20:28:11.104900+00:00,read,65237,3.526,True,
3692,73840.0,73840.412,2026-09-17T20:28:11.124891+00:00,read,61811,3.552,True,
3693,73860.0,73860.266,2026-09-17T20:28:11.144742+00:00,read,93637,3.333,True,
3694,73880.0,73880.241,2026-09-17T20:28:11.164720+00:00,read,756,3.698,True,
3695,73900.0,73900.318,2026-09-17T20:28:11.184796+00:00,read,51022,3.404,True,
3696,73920.0,73920.382,2026-09-17T20:28:11.204861+00:00,read,70640,3.602,True,
3697,73940.0,73940.208,2026-09-17T20:28:11.224685+00:00,read,51189,3.077,True,
3698,73960.0,73960.367,2026-09-17T20:28:11.244846+00:00,read,87060,4.889,True,
3699,73980.0,73980.31,2026-09-17T20:28:11.264789+00:00,write,54184,2.928,True,
3700,74000.0,74000.338,2026-09-17T20:28:11.284816+00:00,write,77066,3.661,True,
3701,74020.0,74020.401,2026-09-17T20:28:11.304875+00:00,read,84758,3.412,True,
3702,74040.0,74040.335,2026-09-17T20:28:11.324809+00:00,read,41454,3.39,True,
3703,74060.0,74060.291,2026-09-17T20:28:11.344769+00:00,read,43923,3.629,True,
3704,74080.0,74080.219,2026-09-17T20:28:11.364693+00:00,read,20992,2.971,True,
3705,74100.0,74100.277,2026-09-17T20:28:11.384750+00:00,read,73168,2.993,True,
3706,74120.0,74120.249,2026-09-17T20:28:11.404722+00:00,read,49939,3.582,True,
3707,74140.0,74140.439,2026-09-17T20:28:11.424916+00:00,read,71573,3.586,True,
3708,74160.0,74160.425,2026-09-17T20:28:11.444899+00:00,read,54566,3.243,True,
3709,74180.0,74180.299,2026-09-17T20:28:11.464772+00:00,read,5861,3.36,True,
3710,74200.0,74200.486,2026-09-17T20:28:11.484962+00:00,write,91552,3.179,True,
3711,74220.0,74220.269,2026-09-17T20:28:11.504744+00:00,read,25155,3.769,True,
3712,74240.0,74240.376,2026-09-17T20:28:11.524849+00:00,write,63013,2.757,True,
3713,74260.0,74260.291,2026-09-17T20:28:11.544765+00:00,read,87083,3.285,True,
3714,74280.0,74280.179,2026-09-17T20:28:11.564652+00:00,read,73577,3.002,True,
3715,74300.0,74300.422,2026-09-17T20:28:11.584894+00:00,write,2582,2.827,True,
3716,74320.0,74320.544,2026-09-17T20:28:11.605018+00:00,write,65002,3.001,True,
3717,74340.0,74340.312,2026-09-17T20:28:11.624788+00:00,read,94776,4.024,True,
3718,74360.0,74360.281,2026-09-17T20:28:11.644759+00:00,write,76998,3.119,True,
3719,74380.0,74380.345,2026-09-17T20:28:11.664821+00:00,read,30942,3.876,True,
3720,74400.0,74400.388,2026-09-17T20:28:11.684861+00:00,read,36790,3.451,True,
3721,74420.0,74420.217,2026-09-17T20:28:11.704688+00:00,read,31619,2.754,True,
3722,74440.0,74440.189,2026-09-17T20:28:11.724662+00:00,read,44047,2.901,True,
3723,74460.0,74460.254,2026-09-17T20:28:11.744726+00:00,read,31836,3.248,True,
3724,74480.0,74480.233,2026-09-17T20:28:11.764708+00:00,read,13451,3.622,True,
3725,74500.0,74500.357,2026-09-17T20:28:11.784836+00:00,read,87455,4.028,True,
3726,74520.0,74520.298,2026-09-17T20:28:11.804773+00:00,write,98793,2.797,True,
3727,74540.0,74540.401,2026-09-17T20:28:11.824874+00:00,read,6685,3.566,True,
3728,74560.0,74560.319,2026-09-17T20:28:11.844794+00:00,read,3616,3.61,True,
3729,74580.0,74580.309,2026-09-17T20:28:11.864783+00:00,read,78345,3.407,True,
3730,74600.0,74600.231,2026-09-17T20:28:11.884707+00:00,write,96597,2.844,True,
3731,74620.0,74620.202,2026-09-17T20:28:11.904677+00:00,write,34562,2.674,True,
3732,74640.0,74640.419,2026-09-17T20:28:11.924896+00:00,read,12723,3.4,True,
3733,74660.0,74660.431,2026-09-17T20:28:11.944908+00:00,read,30309,3.432,True,
3734,74680.0,74680.179,2026-09-17T20:28:11.964649+00:00,read,4574,2.893,True,
3735,74700.0,74700.409,2026-09-17T20:28:11.984885+00:00,read,26610,4.3,True,
3736,74720.0,74720.168,2026-09-17T20:28:12.004645+00:00,read,4131,2.931,True,
3737,74740.0,74740.19,2026-09-17T20:28:12.024672+00:00,read,86275,3.911,True,
3738,74760.0,74760.298,2026-09-17T20:28:12.044780+00:00,read,45657,4.73,True,
3739,74780.0,74780.392,2026-09-17T20:28:12.064869+00:00,read,44729,3.527,True,
3740,74800.0,74800.303,2026-09-17T20:28:12.084779+00:00,read,1010,3.023,True,
3741,74820.0,74820.28,2026-09-17T20:28:12.104753+00:00,read,1216,2.655,True,
3742,74840.0,74840.346,2026-09-17T20:28:12.124820+00:00,read,82267,2.865,True,
3743,74860.0,74860.292,2026-09-17T20:28:12.144770+00:00,read,68860,3.51,True,
3744,74880.0,74880.324,2026-09-17T20:28:12.164800+00:00,read,26711,3.198,True,
3745,74900.0,74900.355,2026-09-17T20:28:12.184834+00:00,read,31885,3.194,True,
3746,74920.0,74920.325,2026-09-17T20:28:12.204801+00:00,read,28553,2.912,True,
3747,74940.0,74940.278,2026-09-17T20:28:12.224755+00:00,read,25495,3.65,True,
3748,74960.0,74960.207,2026-09-17T20:28:12.244687+00:00,read,76876,3.807,True,
3749,74980.0,74980.299,2026-09-17T20:28:12.264778+00:00,read,28237,3.674,True,
3750,75000.0,75000.33,2026-09-17T20:28:12.284810+00:00,write,74512,3.05,True,
3751,75020.0,75020.416,2026-09-17T20:28:12.304898+00:00,read,14244,4.441,True,
3752,75040.0,75040.317,2026-09-17T20:28:12.324792+00:00,read,66253,2.362,True,
3753,75060.0,75060.253,2026-09-17T20:28:12.344732+00:00,read,80301,3.586,True,
3754,75080.0,75080.293,2026-09-17T20:28:12.364773+00:00,read,5499,3.451,True,
3755,75100.0,75100.387,2026-09-17T20:28:12.384864+00:00,read,10941,3.27,True,
3756,75120.0,75120.274,2026-09-17T20:28:12.404751+00:00,read,30832,2.999,True,
3757,75140.0,75140.396,2026-09-17T20:28:12.424872+00:00,write,66520,2.483,True,
3758,75160.0,75160.263,2026-09-17T20:28:12.444736+00:00,write,45070,2.511,True,
3759,75180.0,75180.317,2026-09-17T20:28:12.464789+00:00,read,24680,2.262,True,
3760,75200.0,75200.367,2026-09-17T20:28:12.484844+00:00,write,90765,2.684,True,
3761,75220.0,75220.249,2026-09-17T20:28:12.504723+00:00,read,99029,2.593,True,
3762,75240.0,75240.376,2026-09-17T20:28:12.524849+00:00,read,37526,2.567,True,
3763,75260.0,75260.435,2026-09-17T20:28:12.544909+00:00,read,31449,2.992,True,
3764,75280.0,75280.465,2026-09-17T20:28:12.564939+00:00,read,47519,2.023,True,
3765,75300.0,75300.184,2026-09-17T20:28:12.584659+00:00,read,32433,2.04,True,
3766,75320.0,75320.481,2026-09-17T20:28:12.604954+00:00,read,59821,2.304,True,
3767,75340.0,75340.268,2026-09-17T20:28:12.624743+00:00,read,74559,2.51,True,
3768,75360.0,75360.246,2026-09-17T20:28:12.644719+00:00,read,46055,3.32,True,
3769,75380.0,75380.26,2026-09-17T20:28:12.664733+00:00,read,38561,2.716,True,
3770,75400.0,75400.361,2026-09-17T20:28:12.684839+00:00,read,15162,3.371,True,
3771,75420.0,75420.391,2026-09-17T20:28:12.704867+00:00,read,93778,3.492,True,
3772,75440.0,75440.421,2026-09-17T20:28:12.724901+00:00,read,97382,3.797,True,
3773,75460.0,75460.241,2026-09-17T20:28:12.744715+00:00,write,5458,3.038,True,
3774,75480.0,75480.358,2026-09-17T20:28:12.764829+00:00,read,35809,2.877,True,
3775,75500.0,75500.155,2026-09-17T20:28:12.784625+00:00,read,66598,2.675,True,
3776,75520.0,75520.225,2026-09-17T20:28:12.804696+00:00,read,6203,2.148,True,
3777,75540.0,75540.258,2026-09-17T20:28:12.824728+00:00,read,47053,2.154,True,
3778,75560.0,75560.343,2026-09-17T20:28:12.844813+00:00,read,28677,2.276,True,
3779,75580.0,75580.152,2026-09-17T20:28:12.864623+00:00,read,20487,2.283,True,
3780,75600.0,75600.159,2026-09-17T20:28:12.884629+00:00,read,91183,2.232,True,
3781,75620.0,75620.293,2026-09-17T20:28:12.904763+00:00,read,22857,2.456,True,
3782,75640.0,75640.399,2026-09-17T20:28:12.924870+00:00,read,52533,2.685,True,
3783,75660.0,75660.336,2026-09-17T20:28:12.944810+00:00,write,82281,2.439,True,
3784,75680.0,75680.365,2026-09-17T20:28:12.964834+00:00,read,16059,2.864,True,
3785,75700.0,75700.181,2026-09-17T20:28:12.984650+00:00,write,58536,2.0,True,
3786,75720.0,75720.321,2026-09-17T20:28:13.004790+00:00,read,73506,2.363,True,
3787,75740.0,75740.216,2026-09-17T20:28:13.024691+00:00,read,99504,3.02,True,
3788,75760.0,75760.391,2026-09-17T20:28:13.044864+00:00,read,1466,3.063,True,
3789,75780.0,75780.313,2026-09-17T20:28:13.064784+00:00,read,79258,2.216,True,
3790,75800.0,75800.346,2026-09-17T20:28:13.084817+00:00,read,37252,2.228,True,
3791,75820.0,75820.379,2026-09-17T20:28:13.104850+00:00,read,21602,2.71,True,
3792,75840.0,75840.43,2026-09-17T20:28:13.124903+00:00,read,75713,2.488,True,
3793,75860.0,75860.208,2026-09-17T20:28:13.144681+00:00,read,17243,2.838,True,
3794,75880.0,75880.275,2026-09-17T20:28:13.164747+00:00,read,83224,2.929,True,
3795,75900.0,75900.228,2026-09-17T20:28:13.184702+00:00,read,68172,2.533,True,
3796,75920.0,75920.262,2026-09-17T20:28:13.204735+00:00,read,86652,2.411,True,
3797,75940.0,75940.348,2026-09-17T20:28:13.224822+00:00,read,92305,2.445,True,
3798,75960.0,75960.181,2026-09-17T20:28:13.244659+00:00,write,40051,2.533,True,
3799,75980.0,75980.17,2026-09-17T20:28:13.264641+00:00,read,16186,2.784,True,
3800,76000.0,76000.387,2026-09-17T20:28:13.284864+00:00,read,27574,3.174,True,
3801,76020.0,76020.188,2026-09-17T20:28:13.304667+00:00,read,25426,3.656,True,
3802,76040.0,76040.179,2026-09-17T20:28:13.324651+00:00,read,93314,3.034,True,
3803,76060.0,76060.218,2026-09-17T20:28:13.344692+00:00,read,19805,2.913,True,
3804,76080.0,76080.196,2026-09-17T20:28:13.364670+00:00,read,69727,2.842,True,
3805,76100.0,76100.276,2026-09-17T20:28:13.384751+00:00,write,78321,2.842,True,
3806,76120.0,76120.192,2026-09-17T20:28:13.404667+00:00,read,7888,2.979,True,
3807,76140.0,76140.403,2026-09-17T20:28:13.424883+00:00,read,58466,3.122,True,
3808,76160.0,76160.253,2026-09-17T20:28:13.444728+00:00,write,4108,2.694,True,
3809,76180.0,76180.254,2026-09-17T20:28:13.464728+00:00,read,20635,2.864,True,
3810,76200.0,76200.198,2026-09-17T20:28:13.484703+00:00,read,92592,3.2,True,
3811,76220.0,76220.284,2026-09-17T20:28:13.504762+00:00,read,20874,3.232,True,
3812,76240.0,76240.174,2026-09-17T20:28:13.524652+00:00,write,89956,2.782,True,
3813,76260.0,76260.339,2026-09-17T20:28:13.544813+00:00,read,19970,3.449,True,
3814,76280.0,76280.295,2026-09-17T20:28:13.564767+00:00,write,48529,3.089,True,
3815,76300.0,76300.328,2026-09-17T20:28:13.584803+00:00,read,22072,3.409,True,
3816,76320.0,76320.191,2026-09-17T20:28:13.604664+00:00,read,44925,3.59,True,
3817,76340.0,76340.361,2026-09-17T20:28:13.624834+00:00,read,30465,3.397,True,
3818,76360.0,76360.264,2026-09-17T20:28:13.644739+00:00,read,42120,3.925,True,
3819,76380.0,76380.274,2026-09-17T20:28:13.664779+00:00,read,79267,3.134,True,
3820,76400.0,76400.214,2026-09-17T20:28:13.684691+00:00,read,75443,3.334,True,
3821,76420.0,76420.419,2026-09-17T20:28:13.704894+00:00,read,33718,3.497,True,
3822,76440.0,76440.311,2026-09-17T20:28:13.724787+00:00,read,32396,2.869,True,
3823,76460.0,76460.407,2026-09-17T20:28:13.744881+00:00,read,45725,3.157,True,
3824,76480.0,76480.355,2026-09-17T20:28:13.764827+00:00,read,4351,2.717,True,
3825,76500.0,76500.26,2026-09-17T20:28:13.784732+00:00,read,32454,2.586,True,
3826,76520.0,76520.276,2026-09-17T20:28:13.804750+00:00,write,51009,2.241,True,
3827,76540.0,76540.329,2026-09-17T20:28:13.824801+00:00,read,87049,2.841,True,
3828,76560.0,76560.249,2026-09-17T20:28:13.844721+00:00,write,235,2.131,True,
3829,76580.0,76580.266,2026-09-17T20:28:13.864736+00:00,read,7347,2.474,True,
3830,76600.0,76600.239,2026-09-17T20:28:13.884711+00:00,read,40363,2.293,True,
3831,76620.0,76620.254,2026-09-17T20:28:13.904727+00:00,read,3470,2.725,True,
3832,76640.0,76640.397,2026-09-17T20:28:13.921823+00:00,read,62843,2.848,True,
3833,76660.0,76660.403,2026-09-17T20:28:13.941828+00:00,read,58135,3.058,True,
3834,76680.0,76680.294,2026-09-17T20:28:13.961716+00:00,read,33550,2.469,True,
3835,76700.0,76700.169,2026-09-17T20:28:13.981592+00:00,read,30169,3.074,True,
3836,76720.0,76720.293,2026-09-17T20:28:14.001716+00:00,read,91733,2.337,True,
3837,76740.0,76740.155,2026-09-17T20:28:14.021582+00:00,read,15247,3.14,True,
3838,76760.0,76760.21,2026-09-17T20:28:14.041640+00:00,write,92058,3.254,True,
3839,76780.0,76780.285,2026-09-17T20:28:14.061714+00:00,read,80002,3.573,True,
3840,76800.0,76800.324,2026-09-17T20:28:14.081752+00:00,read,64156,3.541,True,
3841,76820.0,76820.304,2026-09-17T20:28:14.101732+00:00,read,14177,3.348,True,
3842,76840.0,76840.182,2026-09-17T20:28:14.121611+00:00,read,82065,3.557,True,
3843,76860.0,76860.289,2026-09-17T20:28:14.141715+00:00,read,87170,3.498,True,
3844,76880.0,76880.411,2026-09-17T20:28:14.161839+00:00,read,87707,3.539,True,
3845,76900.0,76900.281,2026-09-17T20:28:14.181705+00:00,write,39277,2.526,True,
3846,76920.0,76920.361,2026-09-17T20:28:14.201787+00:00,write,37731,2.748,True,
3847,76940.0,76940.306,2026-09-17T20:28:14.221728+00:00,read,66679,2.66,True,
3848,76960.0,76960.191,2026-09-17T20:28:14.241619+00:00,write,26759,2.954,True,
3849,76980.0,76980.188,2026-09-17T20:28:14.261615+00:00,read,71913,3.161,True,
3850,77000.0,77000.361,2026-09-17T20:28:14.281785+00:00,read,29102,3.193,True,
3851,77020.0,77020.349,2026-09-17T20:28:14.301774+00:00,read,93650,3.199,True,
3852,77040.0,77040.248,2026-09-17T20:28:14.321669+00:00,read,85124,3.583,True,
3853,77060.0,77060.237,2026-09-17T20:28:14.341664+00:00,read,57875,3.241,True,
3854,77080.0,77080.367,2026-09-17T20:28:14.361791+00:00,write,82046,2.446,True,
3855,77100.0,77100.183,2026-09-17T20:28:14.381606+00:00,read,82310,2.575,True,
3856,77120.0,77120.31,2026-09-17T20:28:14.401734+00:00,read,5047,1.611,True,
3857,77140.0,77140.644,2026-09-17T20:28:14.422065+00:00,read,91697,2.429,True,
3858,77160.0,77160.338,2026-09-17T20:28:14.441759+00:00,read,8648,2.463,True,
3859,77180.0,77180.28,2026-09-17T20:28:14.461700+00:00,write,39490,2.024,True,
3860,77200.0,77200.369,2026-09-17T20:28:14.481847+00:00,read,34560,2.716,True,
3861,77220.0,77220.272,2026-09-17T20:28:14.501693+00:00,read,10474,2.157,True,
3862,77240.0,77240.388,2026-09-17T20:28:14.521809+00:00,read,97706,2.353,True,
3863,77260.0,77260.357,2026-09-17T20:28:14.541779+00:00,write,25015,2.128,True,
3864,77280.0,77280.36,2026-09-17T20:28:14.561782+00:00,read,30548,2.337,True,
3865,77300.0,77300.162,2026-09-17T20:28:14.581584+00:00,read,9885,2.475,True,
3866,77320.0,77320.384,2026-09-17T20:28:14.601805+00:00,read,70957,2.535,True,
3867,77340.0,77340.387,2026-09-17T20:28:14.621810+00:00,write,35514,2.527,True,
3868,77360.0,77360.282,2026-09-17T20:28:14.641702+00:00,read,81897,2.883,True,
3869,77380.0,77380.373,2026-09-17T20:28:14.661792+00:00,write,47849,1.893,True,
3870,77400.0,77400.388,2026-09-17T20:28:14.681809+00:00,read,12381,2.723,True,
3871,77420.0,77420.278,2026-09-17T20:28:14.701752+00:00,read,13111,3.062,True,
3872,77440.0,77440.292,2026-09-17T20:28:14.721716+00:00,write,86640,2.192,True,
3873,77460.0,77460.193,2026-09-17T20:28:14.741618+00:00,read,8666,2.788,True,
3874,77480.0,77480.282,2026-09-17T20:28:14.761705+00:00,read,79754,2.825,True,
3875,77500.0,77500.314,2026-09-17T20:28:14.781739+00:00,write,50837,3.241,True,
3876,77520.0,77520.461,2026-09-17T20:28:14.801893+00:00,read,92790,3.859,True,
3877,77540.0,77540.41,2026-09-17T20:28:14.821832+00:00,read,13231,3.418,True,
3878,77560.0,77560.405,2026-09-17T20:28:14.841829+00:00,read,84235,3.53,True,
3879,77580.0,77580.36,2026-09-17T20:28:14.861786+00:00,read,70004,3.383,True,
3880,77600.0,77600.241,2026-09-17T20:28:14.881667+00:00,read,3581,3.327,True,
3881,77620.0,77620.299,2026-09-17T20:28:14.901722+00:00,read,75439,2.994,True,
3882,77640.0,77640.165,2026-09-17T20:28:14.921586+00:00,read,14434,2.472,True,
3883,77660.0,77660.174,2026-09-17T20:28:14.941600+00:00,write,79636,2.347,True,
3884,77680.0,77680.341,2026-09-17T20:28:14.961768+00:00,read,85626,3.282,True,
3885,77700.0,77700.517,2026-09-17T20:28:14.981943+00:00,read,43293,3.916,True,
3886,77720.0,77720.397,2026-09-17T20:28:15.001825+00:00,read,54944,3.537,True,
3887,77740.0,77740.436,2026-09-17T20:28:15.021864+00:00,read,62556,4.053,True,
3888,77760.0,77760.424,2026-09-17T20:28:15.041849+00:00,read,84863,3.691,True,
3889,77780.0,77780.279,2026-09-17T20:28:15.061707+00:00,read,18400,2.932,True,
3890,77800.0,77800.355,2026-09-17T20:28:15.081780+00:00,read,48683,3.03,True,
3891,77820.0,77820.307,2026-09-17T20:28:15.101732+00:00,write,36625,3.207,True,
3892,77840.0,77840.276,2026-09-17T20:28:15.121701+00:00,read,91102,3.395,True,
3893,77860.0,77860.27,2026-09-17T20:28:15.141696+00:00,read,15904,3.176,True,
3894,77880.0,77880.283,2026-09-17T20:28:15.161710+00:00,read,1728,3.285,True,
3895,77900.0,77900.322,2026-09-17T20:28:15.181748+00:00,write,77210,2.769,True,
3896,77920.0,77920.362,2026-09-17T20:28:15.201789+00:00,read,82557,3.551,True,
3897,77940.0,77940.221,2026-09-17T20:28:15.221647+00:00,read,17033,3.245,True,
3898,77960.0,77960.171,2026-09-17T20:28:15.241601+00:00,read,1146,3.991,True,
3899,77980.0,77980.273,2026-09-17T20:28:15.261697+00:00,write,55267,2.892,True,
3900,78000.0,78000.277,2026-09-17T20:28:15.281701+00:00,read,6450,3.528,True,
3901,78020.0,78020.404,2026-09-17T20:28:15.301828+00:00,write,83624,2.885,True,
3902,78040.0,78040.356,2026-09-17T20:28:15.321780+00:00,read,26152,3.262,True,
3903,78060.0,78060.169,2026-09-17T20:28:15.341595+00:00,read,42676,3.22,True,
3904,78080.0,78080.313,2026-09-17T20:28:15.361739+00:00,write,57382,3.126,True,
3905,78100.0,78100.317,2026-09-17T20:28:15.381746+00:00,read,37743,4.313,True,
3906,78120.0,78120.184,2026-09-17T20:28:15.401610+00:00,read,72322,3.391,True,
3907,78140.0,78140.423,2026-09-17T20:28:15.421848+00:00,read,26964,3.702,True,
3908,78160.0,78160.693,2026-09-17T20:28:15.442121+00:00,read,55199,3.404,True,
3909,78180.0,78180.307,2026-09-17T20:28:15.461730+00:00,read,51951,3.317,True,
3910,78200.0,78200.429,2026-09-17T20:28:15.481857+00:00,read,86603,3.874,True,
3911,78220.0,78220.204,2026-09-17T20:28:15.501629+00:00,read,24605,3.328,True,
3912,78240.0,78240.461,2026-09-17T20:28:15.521887+00:00,write,85063,2.85,True,
3913,78260.0,78260.182,2026-09-17T20:28:15.541606+00:00,read,988,2.769,True,
3914,78280.0,78280.183,2026-09-17T20:28:15.561604+00:00,read,6561,2.574,True,
3915,78300.0,78300.144,2026-09-17T20:28:15.581565+00:00,read,86626,2.296,True,
3916,78320.0,78320.175,2026-09-17T20:28:15.601597+00:00,read,58202,2.506,True,
3917,78340.0,78340.247,2026-09-17T20:28:15.621670+00:00,write,69432,2.097,True,
3918,78360.0,78360.326,2026-09-17T20:28:15.641754+00:00,write,64817,2.502,True,
3919,78380.0,78380.204,2026-09-17T20:28:15.661632+00:00,read,10881,3.019,True,
3920,78400.0,78400.371,2026-09-17T20:28:15.681796+00:00,read,75982,3.209,True,
3921,78420.0,78420.305,2026-09-17T20:28:15.701729+00:00,read,46439,3.095,True,
3922,78440.0,78440.334,2026-09-17T20:28:15.721760+00:00,write,3195,2.124,True,
3923,78460.0,78460.191,2026-09-17T20:28:15.741617+00:00,read,64448,2.464,True,
3924,78480.0,78480.298,2026-09-17T20:28:15.761722+00:00,write,87359,3.135,True,
3925,78500.0,78500.29,2026-09-17T20:28:15.781712+00:00,read,46248,3.465,True,
3926,78520.0,78520.352,2026-09-17T20:28:15.801775+00:00,read,5683,3.139,True,
3927,78540.0,78540.386,2026-09-17T20:28:15.821810+00:00,write,15349,2.481,True,
3928,78560.0,78560.472,2026-09-17T20:28:15.841895+00:00,read,30543,3.472,True,
3929,78580.0,78580.38,2026-09-17T20:28:15.861803+00:00,read,49570,3.401,True,
3930,78600.0,78600.278,2026-09-17T20:28:15.881702+00:00,read,42290,3.068,True,
3931,78620.0,78620.312,2026-09-17T20:28:15.901737+00:00,read,36923,3.404,True,
3932,78640.0,78640.396,2026-09-17T20:28:15.921820+00:00,read,87552,3.336,True,
3933,78660.0,78660.375,2026-09-17T20:28:15.941798+00:00,read,19695,3.46,True,
3934,78680.0,78680.476,2026-09-17T20:28:15.961902+00:00,write,50304,3.084,True,
3935,78700.0,78700.365,2026-09-17T20:28:15.981789+00:00,write,65484,2.839,True,
3936,78720.0,78720.304,2026-09-17T20:28:16.001729+00:00,read,41189,3.447,True,
3937,78740.0,78740.223,2026-09-17T20:28:16.021645+00:00,read,19955,3.541,True,
3938,78760.0,78760.426,2026-09-17T20:28:16.041857+00:00,read,18574,3.746,True,
3939,78780.0,78780.194,2026-09-17T20:28:16.061619+00:00,read,69,3.385,True,
3940,78800.0,78800.195,2026-09-17T20:28:16.081620+00:00,read,18888,3.966,True,
3941,78820.0,78820.222,2026-09-17T20:28:16.101648+00:00,read,20463,3.106,True,
3942,78840.0,78840.316,2026-09-17T20:28:16.121741+00:00,read,18365,3.735,True,
3943,78860.0,78860.304,2026-09-17T20:28:16.141732+00:00,read,27637,3.644,True,
3944,78880.0,78880.422,2026-09-17T20:28:16.161847+00:00,write,61902,3.204,True,
3945,78900.0,78900.342,2026-09-17T20:28:16.181766+00:00,read,94202,3.135,True,
3946,78920.0,78920.282,2026-09-17T20:28:16.201706+00:00,write,24720,2.694,True,
3947,78940.0,78940.297,2026-09-17T20:28:16.221721+00:00,read,34831,3.139,True,
3948,78960.0,78960.202,2026-09-17T20:28:16.241625+00:00,read,51640,2.891,True,
3949,78980.0,78980.322,2026-09-17T20:28:16.261753+00:00,read,93994,3.285,True,
3950,79000.0,79000.277,2026-09-17T20:28:16.281701+00:00,read,94497,3.28,True,
3951,79020.0,79020.378,2026-09-17T20:28:16.301802+00:00,read,53952,3.405,True,
3952,79040.0,79040.386,2026-09-17T20:28:16.321808+00:00,read,42124,3.549,True,
3953,79060.0,79060.241,2026-09-17T20:28:16.341665+00:00,write,43223,3.03,True,
3954,79080.0,79080.291,2026-09-17T20:28:16.361714+00:00,write,66504,2.502,True,
3955,79100.0,79100.325,2026-09-17T20:28:16.381751+00:00,read,22711,3.218,True,
3956,79120.0,79120.28,2026-09-17T20:28:16.401703+00:00,read,12765,3.583,True,
3957,79140.0,79140.447,2026-09-17T20:28:16.421872+00:00,read,78130,3.702,True,
3958,79160.0,79160.338,2026-09-17T20:28:16.441767+00:00,read,28679,3.765,True,
3959,79180.0,79180.491,2026-09-17T20:28:16.461913+00:00,read,40732,3.404,True,
3960,79200.0,79200.399,2026-09-17T20:28:16.481822+00:00,read,20143,3.37,True,
3961,79220.0,79220.324,2026-09-17T20:28:16.501750+00:00,read,3888,3.326,True,
3962,79240.0,79240.329,2026-09-17T20:28:16.521754+00:00,read,84605,3.438,True,
3963,79260.0,79260.548,2026-09-17T20:28:16.541974+00:00,read,58575,3.552,True,
3964,79280.0,79280.226,2026-09-17T20:28:16.561651+00:00,read,99705,3.194,True,
3965,79300.0,79300.213,2026-09-17T20:28:16.581635+00:00,read,74420,3.321,True,
3966,79320.0,79320.393,2026-09-17T20:28:16.601816+00:00,read,65935,3.576,True,
3967,79340.0,79340.331,2026-09-17T20:28:16.621759+00:00,read,21820,3.579,True,
3968,79360.0,79360.267,2026-09-17T20:28:16.641690+00:00,read,29136,3.255,True,
3969,79380.0,79380.233,2026-09-17T20:28:16.661656+00:00,read,52611,3.311,True,
3970,79400.0,79400.424,2026-09-17T20:28:16.681852+00:00,read,33661,3.699,True,
3971,79420.0,79420.216,2026-09-17T20:28:16.701644+00:00,read,17286,3.37,True,
3972,79440.0,79440.319,2026-09-17T20:28:16.721742+00:00,read,49298,3.38,True,
3973,79460.0,79460.207,2026-09-17T20:28:16.741633+00:00,write,84703,2.811,True,
3974,79480.0,79480.302,2026-09-17T20:28:16.761726+00:00,read,78659,4.149,True,
3975,79500.0,79500.431,2026-09-17T20:28:16.781857+00:00,read,69087,3.531,True,
3976,79520.0,79520.318,2026-09-17T20:28:16.801743+00:00,read,7649,3.286,True,
3977,79540.0,79540.326,2026-09-17T20:28:16.821754+00:00,read,84522,3.473,True,
3978,79560.0,79560.394,2026-09-17T20:28:16.841817+00:00,read,73797,3.484,True,
3979,79580.0,79580.305,2026-09-17T20:28:16.861729+00:00,write,47764,3.055,True,
3980,79600.0,79600.412,2026-09-17T20:28:16.881836+00:00,write,1875,2.877,True,
3981,79620.0,79620.181,2026-09-17T20:28:16.901607+00:00,read,73769,3.354,True,
3982,79640.0,79640.199,2026-09-17T20:28:16.921622+00:00,read,6174,3.164,True,
3983,79660.0,79660.308,2026-09-17T20:28:16.941729+00:00,write,92525,2.84,True,
3984,79680.0,79680.231,2026-09-17T20:28:16.961656+00:00,write,6255,2.265,True,
3985,79700.0,79700.298,2026-09-17T20:28:16.981725+00:00,read,98821,3.674,True,
3986,79720.0,79720.338,2026-09-17T20:28:17.001760+00:00,read,68900,2.776,True,
3987,79740.0,79740.195,2026-09-17T20:28:17.021617+00:00,read,66405,3.451,True,
3988,79760.0,79760.244,2026-09-17T20:28:17.041671+00:00,read,59223,3.481,True,
3989,79780.0,79780.268,2026-09-17T20:28:17.061698+00:00,read,40692,3.706,True,
3990,79800.0,79800.255,2026-09-17T20:28:17.081679+00:00,read,2265,3.425,True,
3991,79820.0,79820.385,2026-09-17T20:28:17.101813+00:00,read,65501,4.191,True,
3992,79840.0,79840.503,2026-09-17T20:28:17.121936+00:00,read,54851,3.65,True,
3993,79860.0,79860.253,2026-09-17T20:28:17.141682+00:00,read,42785,3.678,True,
3994,79880.0,79880.438,2026-09-17T20:28:17.161870+00:00,read,76316,3.702,True,
3995,79900.0,79900.323,2026-09-17T20:28:17.181747+00:00,read,35643,3.211,True,
3996,79920.0,79920.336,2026-09-17T20:28:17.201760+00:00,read,65828,3.053,True,
3997,79940.0,79940.302,2026-09-17T20:28:17.221726+00:00,read,34745,3.404,True,
3998,79960.0,79960.247,2026-09-17T20:28:17.241673+00:00,read,46713,3.446,True,
3999,79980.0,79980.387,2026-09-17T20:28:17.261817+00:00,read,44842,4.508,True,
4000,80000.0,80000.273,2026-09-17T20:28:17.281702+00:00,read,95372,3.824,True,
4001,80020.0,80020.307,2026-09-17T20:28:17.301734+00:00,write,93863,2.445,True,
4002,80040.0,80040.179,2026-09-17T20:28:17.321606+00:00,read,97910,3.102,True,
4003,80060.0,80060.176,2026-09-17T20:28:17.341603+00:00,read,70679,3.388,True,
4004,80080.0,80080.351,2026-09-17T20:28:17.361776+00:00,read,80160,3.183,True,
4005,80100.0,80100.388,2026-09-17T20:28:17.381816+00:00,write,11177,2.926,True,
4006,80120.0,80120.399,2026-09-17T20:28:17.401823+00:00,read,26097,3.281,True,
4007,80140.0,80140.332,2026-09-17T20:28:17.421755+00:00,read,86725,3.156,True,
4008,80160.0,80160.405,2026-09-17T20:28:17.441829+00:00,read,43895,4.373,True,
4009,80180.0,80180.34,2026-09-17T20:28:17.461765+00:00,read,30654,3.666,True,
4010,80200.0,80200.324,2026-09-17T20:28:17.481750+00:00,read,4588,3.908,True,
4011,80220.0,80220.148,2026-09-17T20:28:17.501576+00:00,read,86068,2.655,True,
4012,80240.0,80240.214,2026-09-17T20:28:17.521637+00:00,read,70358,3.509,True,
4013,80260.0,80260.233,2026-09-17T20:28:17.541654+00:00,read,32858,3.129,True,
4014,80280.0,80280.202,2026-09-17T20:28:17.561627+00:00,read,72968,3.238,True,
4015,80300.0,80300.228,2026-09-17T20:28:17.581654+00:00,read,53871,3.692,True,
4016,80320.0,80320.149,2026-09-17T20:28:17.601571+00:00,write,66269,2.572,True,
4017,80340.0,80340.483,2026-09-17T20:28:17.621910+00:00,read,91143,3.821,True,
4018,80360.0,80360.302,2026-09-17T20:28:17.641725+00:00,read,91125,3.854,True,
4019,80380.0,80380.405,2026-09-17T20:28:17.661831+00:00,write,8405,3.052,True,
4020,80400.0,80400.483,2026-09-17T20:28:17.681910+00:00,read,52722,3.461,True,
4021,80420.0,80420.443,2026-09-17T20:28:17.701870+00:00,read,79099,3.387,True,
4022,80440.0,80440.338,2026-09-17T20:28:17.721764+00:00,write,41384,2.731,True,
4023,80460.0,80460.22,2026-09-17T20:28:17.741648+00:00,read,46657,3.746,True,
4024,80480.0,80480.166,2026-09-17T20:28:17.761678+00:00,read,5308,2.53,True,
4025,80500.0,80500.225,2026-09-17T20:28:17.781646+00:00,read,47729,2.881,True,
4026,80520.0,80520.238,2026-09-17T20:28:17.801659+00:00,read,89046,2.337,True,
4027,80540.0,80540.197,2026-09-17T20:28:17.821618+00:00,read,3561,2.737,True,
4028,80560.0,80560.272,2026-09-17T20:28:17.841698+00:00,read,75495,2.442,True,
4029,80580.0,80580.337,2026-09-17T20:28:17.861765+00:00,write,87311,3.015,True,
4030,80600.0,80600.216,2026-09-17T20:28:17.881642+00:00,read,40502,3.178,True,
4031,80620.0,80620.256,2026-09-17T20:28:17.901680+00:00,write,90800,2.173,True,
4032,80640.0,80640.323,2026-09-17T20:28:17.921748+00:00,read,48992,3.273,True,
4033,80660.0,80660.196,2026-09-17T20:28:17.941625+00:00,read,64083,3.415,True,
4034,80680.0,80680.25,2026-09-17T20:28:17.961680+00:00,read,65822,3.705,True,
4035,80700.0,80700.189,2026-09-17T20:28:17.981612+00:00,read,83658,3.285,True,
4036,80720.0,80720.434,2026-09-17T20:28:18.001856+00:00,read,31382,3.133,True,
4037,80740.0,80740.21,2026-09-17T20:28:18.021635+00:00,write,34650,3.2,True,
4038,80760.0,80760.443,2026-09-17T20:28:18.041866+00:00,read,17210,3.402,True,
4039,80780.0,80780.224,2026-09-17T20:28:18.061657+00:00,read,13795,3.117,True,
4040,80800.0,80800.274,2026-09-17T20:28:18.081697+00:00,read,39950,3.044,True,
4041,80820.0,80820.178,2026-09-17T20:28:18.101601+00:00,read,53417,3.15,True,
4042,80840.0,80840.337,2026-09-17T20:28:18.121761+00:00,read,21663,4.031,True,
4043,80860.0,80860.446,2026-09-17T20:28:18.141870+00:00,read,3255,3.388,True,
4044,80880.0,80880.304,2026-09-17T20:28:18.161735+00:00,read,48057,3.705,True,
4045,80900.0,80900.23,2026-09-17T20:28:18.181657+00:00,read,20170,3.642,True,
4046,80920.0,80920.41,2026-09-17T20:28:18.201835+00:00,read,4756,3.45,True,
4047,80940.0,80940.423,2026-09-17T20:28:18.221846+00:00,read,68668,2.864,True,
4048,80960.0,80960.231,2026-09-17T20:28:18.241656+00:00,read,45079,3.434,True,
4049,80980.0,80980.298,2026-09-17T20:28:18.261723+00:00,write,55572,2.966,True,
4050,81000.0,81000.184,2026-09-17T20:28:18.281613+00:00,read,56892,3.503,True,
4051,81020.0,81020.293,2026-09-17T20:28:18.301719+00:00,read,28711,3.536,True,
4052,81040.0,81040.354,2026-09-17T20:28:18.321776+00:00,write,95096,3.169,True,
4053,81060.0,81060.52,2026-09-17T20:28:18.341943+00:00,write,74095,2.728,True,
4054,81080.0,81080.434,2026-09-17T20:28:18.361859+00:00,read,42699,3.236,True,
4055,81100.0,81100.304,2026-09-17T20:28:18.381731+00:00,read,18414,3.464,True,
4056,81120.0,81120.271,2026-09-17T20:28:18.401697+00:00,read,7074,3.161,True,
4057,81140.0,81140.303,2026-09-17T20:28:18.421731+00:00,write,58686,2.811,True,
4058,81160.0,81160.379,2026-09-17T20:28:18.441806+00:00,read,65853,3.629,True,
4059,81180.0,81180.18,2026-09-17T20:28:18.461608+00:00,read,27201,4.297,True,
4060,81200.0,81200.284,2026-09-17T20:28:18.481710+00:00,read,30951,3.224,True,
4061,81220.0,81220.356,2026-09-17T20:28:18.501779+00:00,read,84916,3.093,True,
4062,81240.0,81240.185,2026-09-17T20:28:18.521608+00:00,read,41614,3.165,True,
4063,81260.0,81260.571,2026-09-17T20:28:18.541994+00:00,read,86777,3.362,True,
4064,81280.0,81280.395,2026-09-17T20:28:18.561821+00:00,read,43280,3.302,True,
4065,81300.0,81300.242,2026-09-17T20:28:18.581668+00:00,read,79038,3.545,True,
4066,81320.0,81320.278,2026-09-17T20:28:18.601703+00:00,read,29995,3.746,True,
4067,81340.0,81340.288,2026-09-17T20:28:18.621713+00:00,read,34748,2.939,True,
4068,81360.0,81360.425,2026-09-17T20:28:18.641853+00:00,read,15627,3.409,True,
4069,81380.0,81380.382,2026-09-17T20:28:18.661807+00:00,read,70585,3.445,True,
4070,81400.0,81400.421,2026-09-17T20:28:18.681844+00:00,read,46045,3.423,True,
4071,81420.0,81420.312,2026-09-17T20:28:18.701736+00:00,write,21833,2.999,True,
4072,81440.0,81440.285,2026-09-17T20:28:18.721708+00:00,read,37086,2.813,True,
4073,81460.0,81460.189,2026-09-17T20:28:18.741620+00:00,read,63921,3.42,True,
4074,81480.0,81480.319,2026-09-17T20:28:18.761742+00:00,read,86078,3.224,True,
4075,81500.0,81500.427,2026-09-17T20:28:18.781852+00:00,read,20011,3.828,True,
4076,81520.0,81520.425,2026-09-17T20:28:18.801851+00:00,read,45553,3.765,True,
4077,81540.0,81540.247,2026-09-17T20:28:18.821677+00:00,read,15584,3.75,True,
4078,81560.0,81560.296,2026-09-17T20:28:18.841719+00:00,read,89293,3.406,True,
4079,81580.0,81580.431,2026-09-17T20:28:18.861860+00:00,read,17564,3.644,True,
4080,81600.0,81600.332,2026-09-17T20:28:18.881761+00:00,read,9967,3.71,True,
4081,81620.0,81620.241,2026-09-17T20:28:18.901664+00:00,read,48226,3.42,True,
4082,81640.0,81640.317,2026-09-17T20:28:18.921744+00:00,read,87613,3.352,True,
4083,81660.0,81660.304,2026-09-17T20:28:18.941726+00:00,read,13221,3.061,True,
4084,81680.0,81680.327,2026-09-17T20:28:18.961755+00:00,read,92440,3.475,True,
4085,81700.0,81700.382,2026-09-17T20:28:18.981813+00:00,read,44376,3.742,True,
4086,81720.0,81720.417,2026-09-17T20:28:19.001844+00:00,read,90762,3.375,True,
4087,81740.0,81740.396,2026-09-17T20:28:19.021821+00:00,write,80425,3.191,True,
4088,81760.0,81760.437,2026-09-17T20:28:19.041862+00:00,read,27075,3.4,True,
4089,81780.0,81780.238,2026-09-17T20:28:19.061664+00:00,read,20426,2.95,True,
4090,81800.0,81800.178,2026-09-17T20:28:19.081604+00:00,read,46105,3.021,True,
4091,81820.0,81820.506,2026-09-17T20:28:19.101937+00:00,read,14332,4.292,True,
4092,81840.0,81840.201,2026-09-17T20:28:19.121628+00:00,read,58818,3.163,True,
4093,81860.0,81860.519,2026-09-17T20:28:19.141951+00:00,write,24895,3.012,True,
4094,81880.0,81880.199,2026-09-17T20:28:19.161628+00:00,read,50240,3.696,True,
4095,81900.0,81900.178,2026-09-17T20:28:19.181603+00:00,write,62650,2.686,True,
4096,81920.0,81920.24,2026-09-17T20:28:19.201672+00:00,read,59419,3.774,True,
4097,81940.0,81940.424,2026-09-17T20:28:19.221849+00:00,read,64772,3.213,True,
4098,81960.0,81960.287,2026-09-17T20:28:19.241714+00:00,read,93559,3.063,True,
4099,81980.0,81980.307,2026-09-17T20:28:19.261736+00:00,read,52270,3.68,True,
4100,82000.0,82000.174,2026-09-17T20:28:19.281596+00:00,read,44832,3.299,True,
4101,82020.0,82020.256,2026-09-17T20:28:19.301679+00:00,read,63888,2.686,True,
4102,82040.0,82040.177,2026-09-17T20:28:19.321602+00:00,read,67027,2.514,True,
4103,82060.0,82060.257,2026-09-17T20:28:19.341679+00:00,read,29931,2.836,True,
4104,82080.0,82080.234,2026-09-17T20:28:19.361659+00:00,read,96586,2.43,True,
4105,82100.0,82100.283,2026-09-17T20:28:19.381707+00:00,read,78870,3.023,True,
4106,82120.0,82120.173,2026-09-17T20:28:19.401595+00:00,read,72463,2.541,True,
4107,82140.0,82140.293,2026-09-17T20:28:19.421720+00:00,read,718,3.886,True,
4108,82160.0,82160.318,2026-09-17T20:28:19.441740+00:00,write,11824,2.297,True,
4109,82180.0,82180.383,2026-09-17T20:28:19.461805+00:00,read,6482,2.685,True,
4110,82200.0,82200.177,2026-09-17T20:28:19.481606+00:00,write,48439,3.003,True,
4111,82220.0,82220.35,2026-09-17T20:28:19.501772+00:00,read,86194,2.518,True,
4112,82240.0,82240.29,2026-09-17T20:28:19.521713+00:00,write,10293,2.448,True,
4113,82260.0,82260.315,2026-09-17T20:28:19.541736+00:00,write,16159,2.252,True,
4114,82280.0,82280.281,2026-09-17T20:28:19.561702+00:00,read,24907,2.245,True,
4115,82300.0,82300.19,2026-09-17T20:28:19.581611+00:00,read,80671,2.499,True,
4116,82320.0,82320.217,2026-09-17T20:28:19.601637+00:00,read,854,2.41,True,
4117,82340.0,82340.167,2026-09-17T20:28:19.621587+00:00,write,61131,1.943,True,
4118,82360.0,82360.376,2026-09-17T20:28:19.641795+00:00,read,48980,2.33,True,
4119,82380.0,82380.15,2026-09-17T20:28:19.661570+00:00,read,69701,2.447,True,
4120,82400.0,82400.268,2026-09-17T20:28:19.681688+00:00,read,46277,2.361,True,
4121,82420.0,82420.361,2026-09-17T20:28:19.701781+00:00,read,43345,2.288,True,
4122,82440.0,82440.4,2026-09-17T20:28:19.721822+00:00,read,62939,2.294,True,
4123,82460.0,82460.229,2026-09-17T20:28:19.741657+00:00,read,35271,2.623,True,
4124,82480.0,82480.396,2026-09-17T20:28:19.761818+00:00,read,68415,3.088,True,
4125,82500.0,82500.318,2026-09-17T20:28:19.781741+00:00,read,74479,3.391,True,
4126,82520.0,82520.265,2026-09-17T20:28:19.801687+00:00,read,67397,2.495,True,
4127,82540.0,82540.297,2026-09-17T20:28:19.821719+00:00,read,899,2.465,True,
4128,82560.0,82560.534,2026-09-17T20:28:19.841965+00:00,read,33092,3.735,True,
4129,82580.0,82580.429,2026-09-17T20:28:19.861859+00:00,read,70592,3.574,True,
4130,82600.0,82600.303,2026-09-17T20:28:19.881728+00:00,read,9648,3.363,True,
4131,82620.0,82620.262,2026-09-17T20:28:19.901691+00:00,read,99886,3.298,True,
4132,82640.0,82640.243,2026-09-17T20:28:19.921673+00:00,read,36959,3.613,True,
4133,82660.0,82660.335,2026-09-17T20:28:19.941764+00:00,read,40254,3.75,True,
4134,82680.0,82680.345,2026-09-17T20:28:19.961776+00:00,write,66189,3.011,True,
4135,82700.0,82700.158,2026-09-17T20:28:19.981583+00:00,read,11090,3.944,True,
4136,82720.0,82720.217,2026-09-17T20:28:20.001648+00:00,read,50207,3.898,True,
4137,82740.0,82740.265,2026-09-17T20:28:20.021700+00:00,read,334,5.166,True,
4138,82760.0,82760.319,2026-09-17T20:28:20.041749+00:00,read,22095,3.898,True,
4139,82780.0,82780.153,2026-09-17T20:28:20.061579+00:00,read,16379,2.834,True,
4140,82800.0,82800.129,2026-09-17T20:28:20.081553+00:00,write,37416,1.69,True,
4141,82820.0,82820.134,2026-09-17T20:28:20.101559+00:00,read,66252,2.06,True,
4142,82840.0,82840.163,2026-09-17T20:28:20.121588+00:00,read,51105,2.086,True,
4143,82860.0,82860.166,2026-09-17T20:28:20.141591+00:00,read,53195,1.815,True,
4144,82880.0,82880.148,2026-09-17T20:28:20.161575+00:00,write,66994,2.433,True,
4145,82900.0,82900.25,2026-09-17T20:28:20.181674+00:00,read,50369,2.024,True,
4146,82920.0,82920.191,2026-09-17T20:28:20.201617+00:00,read,35405,3.319,True,
4147,82940.0,82940.328,2026-09-17T20:28:20.221759+00:00,read,17705,3.428,True,
4148,82960.0,82960.382,2026-09-17T20:28:20.241806+00:00,read,279,3.673,True,
4149,82980.0,82980.287,2026-09-17T20:28:20.261711+00:00,write,94523,2.983,True,
4150,83000.0,83000.278,2026-09-17T20:28:20.281702+00:00,read,95802,3.384,True,
4151,83020.0,83020.374,2026-09-17T20:28:20.301801+00:00,read,2741,3.45,True,
4152,83040.0,83040.366,2026-09-17T20:28:20.321792+00:00,read,53539,3.388,True,
4153,83060.0,83060.432,2026-09-17T20:28:20.341854+00:00,read,86446,3.256,True,
4154,83080.0,83080.274,2026-09-17T20:28:20.361698+00:00,read,3806,3.136,True,
4155,83100.0,83100.405,2026-09-17T20:28:20.381828+00:00,read,43140,3.253,True,
4156,83120.0,83120.395,2026-09-17T20:28:20.401819+00:00,read,68424,3.41,True,
4157,83140.0,83140.257,2026-09-17T20:28:20.421682+00:00,read,37080,2.854,True,
4158,83160.0,83160.366,2026-09-17T20:28:20.441793+00:00,read,67622,3.999,True,
4159,83180.0,83180.476,2026-09-17T20:28:20.461903+00:00,read,80532,3.784,True,
4160,83200.0,83200.18,2026-09-17T20:28:20.481650+00:00,read,22152,3.62,True,
4161,83220.0,83220.272,2026-09-17T20:28:20.501702+00:00,read,97861,3.82,True,
4162,83240.0,83240.438,2026-09-17T20:28:20.521867+00:00,read,65653,3.0,True,
4163,83260.0,83260.412,2026-09-17T20:28:20.541838+00:00,read,27285,3.122,True,
4164,83280.0,83280.28,2026-09-17T20:28:20.561707+00:00,read,11204,3.309,True,
4165,83300.0,83300.173,2026-09-17T20:28:20.581594+00:00,write,98734,2.519,True,
4166,83320.0,83320.477,2026-09-17T20:28:20.601903+00:00,read,84231,3.278,True,
4167,83340.0,83340.331,2026-09-17T20:28:20.621759+00:00,read,20465,3.736,True,
4168,83360.0,83360.411,2026-09-17T20:28:20.641835+00:00,read,60166,3.415,True,
4169,83380.0,83380.496,2026-09-17T20:28:20.661922+00:00,write,20607,3.367,True,
4170,83400.0,83400.328,2026-09-17T20:28:20.681762+00:00,read,38678,3.777,True,
4171,83420.0,83420.199,2026-09-17T20:28:20.701623+00:00,read,28863,3.468,True,
4172,83440.0,83440.411,2026-09-17T20:28:20.721838+00:00,read,23379,2.927,True,
4173,83460.0,83460.229,2026-09-17T20:28:20.741654+00:00,read,11545,2.978,True,
4174,83480.0,83480.416,2026-09-17T20:28:20.761846+00:00,write,1600,3.313,True,
4175,83500.0,83500.309,2026-09-17T20:28:20.781732+00:00,write,84425,2.568,True,
4176,83520.0,83520.363,2026-09-17T20:28:20.801788+00:00,write,43145,3.058,True,
4177,83540.0,83540.335,2026-09-17T20:28:20.821763+00:00,write,62586,3.567,True,
4178,83560.0,83560.493,2026-09-17T20:28:20.841921+00:00,read,4003,3.41,True,
4179,83580.0,83580.388,2026-09-17T20:28:20.861820+00:00,read,71722,3.673,True,
4180,83600.0,83600.327,2026-09-17T20:28:20.881755+00:00,read,76519,3.384,True,
4181,83620.0,83620.242,2026-09-17T20:28:20.901669+00:00,read,19425,3.657,True,
4182,83640.0,83640.213,2026-09-17T20:28:20.921640+00:00,read,19088,3.063,True,
4183,83660.0,83660.277,2026-09-17T20:28:20.941698+00:00,read,39370,2.963,True,
4184,83680.0,83680.281,2026-09-17T20:28:20.961705+00:00,read,41590,3.334,True,
4185,83700.0,83700.363,2026-09-17T20:28:20.981784+00:00,read,93814,2.94,True,
4186,83720.0,83720.423,2026-09-17T20:28:21.001850+00:00,read,29799,3.823,True,
4187,83740.0,83740.497,2026-09-17T20:28:21.021923+00:00,write,69872,3.065,True,
4188,83760.0,83760.319,2026-09-17T20:28:21.041746+00:00,read,70886,2.765,True,
4189,83780.0,83780.334,2026-09-17T20:28:21.061764+00:00,write,25382,3.261,True,
4190,83800.0,83800.204,2026-09-17T20:28:21.081628+00:00,write,71516,3.011,True,
4191,83820.0,83820.199,2026-09-17T20:28:21.101621+00:00,read,73991,3.654,True,
4192,83840.0,83840.326,2026-09-17T20:28:21.121750+00:00,read,66662,3.261,True,
4193,83860.0,83860.154,2026-09-17T20:28:21.141580+00:00,read,46434,2.704,True,
4194,83880.0,83880.444,2026-09-17T20:28:21.161867+00:00,read,34091,3.914,True,
4195,83900.0,83900.403,2026-09-17T20:28:21.181827+00:00,read,67622,3.228,True,
4196,83920.0,83920.345,2026-09-17T20:28:21.201771+00:00,read,66294,3.527,True,
4197,83940.0,83940.248,2026-09-17T20:28:21.221669+00:00,read,80013,2.518,True,
4198,83960.0,83960.28,2026-09-17T20:28:21.241708+00:00,read,5912,3.507,True,
4199,83980.0,83980.355,2026-09-17T20:28:21.261778+00:00,read,78130,3.491,True,
4200,84000.0,84000.331,2026-09-17T20:28:21.281758+00:00,read,14887,3.512,True,
4201,84020.0,84020.225,2026-09-17T20:28:21.301653+00:00,read,64493,3.554,True,
4202,84040.0,84040.269,2026-09-17T20:28:21.321693+00:00,write,9650,2.398,True,
4203,84060.0,84060.185,2026-09-17T20:28:21.341610+00:00,read,17883,3.284,True,
4204,84080.0,84080.375,2026-09-17T20:28:21.361799+00:00,read,7692,3.195,True,
4205,84100.0,84100.245,2026-09-17T20:28:21.381670+00:00,read,61742,3.416,True,
4206,84120.0,84120.223,2026-09-17T20:28:21.401646+00:00,read,75815,3.421,True,
4207,84140.0,84140.285,2026-09-17T20:28:21.421709+00:00,read,97207,3.458,True,
4208,84160.0,84160.299,2026-09-17T20:28:21.441724+00:00,read,79050,3.457,True,
4209,84180.0,84180.241,2026-09-17T20:28:21.461667+00:00,read,40215,3.907,True,
4210,84200.0,84200.324,2026-09-17T20:28:21.481746+00:00,read,88866,3.835,True,
4211,84220.0,84220.176,2026-09-17T20:28:21.501627+00:00,read,94420,4.118,True,
4212,84240.0,84240.307,2026-09-17T20:28:21.521737+00:00,read,94151,4.045,True,
4213,84260.0,84260.172,2026-09-17T20:28:21.541607+00:00,read,47696,4.502,True,
4214,84280.0,84280.297,2026-09-17T20:28:21.561726+00:00,read,21903,3.895,True,
4215,84300.0,84300.277,2026-09-17T20:28:21.581701+00:00,read,36294,3.087,True,
4216,84320.0,84320.33,2026-09-17T20:28:21.601757+00:00,read,16680,3.349,True,
4217,84340.0,84340.366,2026-09-17T20:28:21.621794+00:00,read,65223,3.573,True,
4218,84360.0,84360.281,2026-09-17T20:28:21.641710+00:00,read,21005,3.583,True,
4219,84380.0,84381.441,2026-09-17T20:28:21.662871+00:00,read,7608,3.548,True,
4220,84400.0,84400.2,2026-09-17T20:28:21.681627+00:00,write,90682,2.977,True,
4221,84420.0,84420.316,2026-09-17T20:28:21.701747+00:00,read,50330,3.441,True,
4222,84440.0,84440.165,2026-09-17T20:28:21.721595+00:00,write,80342,3.052,True,
4223,84460.0,84460.231,2026-09-17T20:28:21.741658+00:00,read,67644,3.772,True,
4224,84480.0,84480.17,2026-09-17T20:28:21.761595+00:00,read,36436,2.802,True,
4225,84500.0,84500.377,2026-09-17T20:28:21.781799+00:00,read,59452,2.755,True,
4226,84520.0,84520.36,2026-09-17T20:28:21.801787+00:00,read,10981,2.865,True,
4227,84540.0,84540.231,2026-09-17T20:28:21.821653+00:00,write,99657,2.657,True,
4228,84560.0,84560.396,2026-09-17T20:28:21.841821+00:00,read,92193,2.861,True,
4229,84580.0,84580.269,2026-09-17T20:28:21.861692+00:00,read,97007,2.652,True,
4230,84600.0,84600.183,2026-09-17T20:28:21.881607+00:00,read,92655,2.404,True,
4231,84620.0,84620.353,2026-09-17T20:28:21.901774+00:00,write,75828,2.114,True,
4232,84640.0,84640.222,2026-09-17T20:28:21.921646+00:00,read,20205,1.729,True,
4233,84660.0,84660.161,2026-09-17T20:28:21.941584+00:00,read,20163,2.998,True,
4234,84680.0,84680.3,2026-09-17T20:28:21.961721+00:00,write,89347,2.271,True,
4235,84700.0,84700.246,2026-09-17T20:28:21.981668+00:00,read,9651,2.551,True,
4236,84720.0,84720.185,2026-09-17T20:28:22.001613+00:00,write,32946,2.978,True,
4237,84740.0,84740.274,2026-09-17T20:28:22.021698+00:00,read,92927,2.844,True,
4238,84760.0,84760.44,2026-09-17T20:28:22.041864+00:00,read,78716,2.534,True,
4239,84780.0,84780.413,2026-09-17T20:28:22.061836+00:00,read,85996,2.655,True,
4240,84800.0,84800.189,2026-09-17T20:28:22.081614+00:00,read,14318,2.879,True,
4241,84820.0,84820.344,2026-09-17T20:28:22.101768+00:00,read,78105,2.206,True,
4242,84840.0,84840.325,2026-09-17T20:28:22.121753+00:00,read,55149,2.216,True,
4243,84860.0,84860.357,2026-09-17T20:28:22.141784+00:00,read,81484,3.491,True,
4244,84880.0,84880.304,2026-09-17T20:28:22.161737+00:00,read,72160,4.432,True,
4245,84900.0,84900.295,2026-09-17T20:28:22.181723+00:00,read,7338,3.594,True,
4246,84920.0,84920.457,2026-09-17T20:28:22.201886+00:00,read,97358,3.802,True,
4247,84940.0,84940.31,2026-09-17T20:28:22.221738+00:00,write,26423,3.044,True,
4248,84960.0,84960.402,2026-09-17T20:28:22.241831+00:00,read,37371,3.581,True,
4249,84980.0,84980.219,2026-09-17T20:28:22.261644+00:00,read,37579,2.881,True,
4250,85000.0,85000.278,2026-09-17T20:28:22.281705+00:00,read,29074,3.11,True,
4251,85020.0,85020.197,2026-09-17T20:28:22.301619+00:00,read,73626,2.718,True,
4252,85040.0,85040.191,2026-09-17T20:28:22.321614+00:00,read,3522,3.011,True,
4253,85060.0,85060.451,2026-09-17T20:28:22.341881+00:00,read,57968,3.196,True,
4254,85080.0,85080.389,2026-09-17T20:28:22.361818+00:00,write,56726,3.288,True,
4255,85100.0,85100.332,2026-09-17T20:28:22.381763+00:00,read,55436,4.052,True,
4256,85120.0,85120.346,2026-09-17T20:28:22.401774+00:00,read,45329,3.679,True,
4257,85140.0,85140.268,2026-09-17T20:28:22.421697+00:00,read,12814,3.362,True,
4258,85160.0,85160.379,2026-09-17T20:28:22.441811+00:00,read,67045,4.041,True,
4259,85180.0,85180.238,2026-09-17T20:28:22.461667+00:00,write,7534,2.963,True,
4260,85200.0,85200.398,2026-09-17T20:28:22.481829+00:00,read,22630,4.015,True,
4261,85220.0,85220.281,2026-09-17T20:28:22.501706+00:00,read,52973,3.74,True,
4262,85240.0,85240.218,2026-09-17T20:28:22.521644+00:00,read,33254,3.223,True,
4263,85260.0,85260.289,2026-09-17T20:28:22.541714+00:00,read,95461,2.865,True,
4264,85280.0,85280.375,2026-09-17T20:28:22.561799+00:00,write,89954,2.061,True,
4265,85300.0,85300.179,2026-09-17T20:28:22.581602+00:00,read,55443,2.574,True,
4266,85320.0,85320.26,2026-09-17T20:28:22.601680+00:00,read,22992,2.687,True,
4267,85340.0,85340.267,2026-09-17T20:28:22.621687+00:00,read,85336,2.47,True,
4268,85360.0,85360.353,2026-09-17T20:28:22.641772+00:00,read,38212,2.319,True,
4269,85380.0,85380.163,2026-09-17T20:28:22.661582+00:00,read,3930,2.134,True,
4270,85400.0,85400.399,2026-09-17T20:28:22.681818+00:00,read,92597,1.559,True,
4271,85420.0,85420.401,2026-09-17T20:28:22.701821+00:00,read,37320,2.522,True,
4272,85440.0,85440.374,2026-09-17T20:28:22.721795+00:00,read,11648,2.189,True,
4273,85460.0,85460.223,2026-09-17T20:28:22.741644+00:00,read,86903,2.136,True,
4274,85480.0,85480.183,2026-09-17T20:28:22.761603+00:00,read,61100,2.583,True,
4275,85500.0,85500.313,2026-09-17T20:28:22.781739+00:00,read,41602,3.59,True,
4276,85520.0,85520.277,2026-09-17T20:28:22.801700+00:00,read,7209,2.556,True,
4277,85540.0,85540.335,2026-09-17T20:28:22.821757+00:00,read,22784,3.188,True,
4278,85560.0,85560.385,2026-09-17T20:28:22.841853+00:00,read,12641,2.559,True,
4279,85580.0,85580.447,2026-09-17T20:28:22.861870+00:00,read,81741,3.24,True,
4280,85600.0,85600.305,2026-09-17T20:28:22.881726+00:00,read,14609,3.292,True,
4281,85620.0,85620.205,2026-09-17T20:28:22.901628+00:00,write,20839,3.22,True,
4282,85640.0,85640.186,2026-09-17T20:28:22.921608+00:00,read,79684,3.362,True,
4283,85660.0,85660.18,2026-09-17T20:28:22.941601+00:00,write,35834,2.371,True,
4284,85680.0,85680.302,2026-09-17T20:28:22.961727+00:00,read,64296,3.747,True,
4285,85700.0,85700.41,2026-09-17T20:28:22.981837+00:00,read,71098,3.556,True,
4286,85720.0,85720.528,2026-09-17T20:28:23.001953+00:00,write,1424,3.19,True,
4287,85740.0,85740.231,2026-09-17T20:28:23.021659+00:00,read,57577,3.581,True,
4288,85760.0,85760.205,2026-09-17T20:28:23.041629+00:00,read,35968,3.122,True,
4289,85780.0,85780.285,2026-09-17T20:28:23.061710+00:00,read,72254,3.664,True,
4290,85800.0,85800.252,2026-09-17T20:28:23.081674+00:00,read,33003,2.29,True,
4291,85820.0,85820.398,2026-09-17T20:28:23.101827+00:00,read,68757,3.91,True,
4292,85840.0,85840.228,2026-09-17T20:28:23.121657+00:00,read,98650,3.735,True,
4293,85860.0,85860.302,2026-09-17T20:28:23.141726+00:00,read,29390,3.386,True,
4294,85880.0,85880.309,2026-09-17T20:28:23.161737+00:00,read,14023,4.158,True,
4295,85900.0,85900.323,2026-09-17T20:28:23.181751+00:00,read,88886,3.484,True,
4296,85920.0,85920.254,2026-09-17T20:28:23.201682+00:00,write,17987,3.303,True,
4297,85940.0,85940.334,2026-09-17T20:28:23.221763+00:00,read,59648,3.616,True,
4298,85960.0,85960.356,2026-09-17T20:28:23.241778+00:00,write,19842,2.903,True,
4299,85980.0,85980.189,2026-09-17T20:28:23.261616+00:00,read,54096,3.331,True,
4300,86000.0,86000.176,2026-09-17T20:28:23.281604+00:00,read,96394,3.391,True,
4301,86020.0,86020.222,2026-09-17T20:28:23.301650+00:00,read,73363,3.508,True,
4302,86040.0,86040.413,2026-09-17T20:28:23.321838+00:00,read,85006,3.519,True,
4303,86060.0,86060.276,2026-09-17T20:28:23.341701+00:00,read,87987,2.829,True,
4304,86080.0,86080.259,2026-09-17T20:28:23.361760+00:00,read,12394,3.062,True,
4305,86100.0,86100.261,2026-09-17T20:28:23.381685+00:00,read,60527,2.877,True,
4306,86120.0,86120.313,2026-09-17T20:28:23.401734+00:00,read,39593,2.307,True,
4307,86140.0,86140.241,2026-09-17T20:28:23.421664+00:00,read,44999,2.459,True,
4308,86160.0,86160.241,2026-09-17T20:28:23.441661+00:00,read,90863,2.829,True,
4309,86180.0,86180.249,2026-09-17T20:28:23.461669+00:00,read,18197,2.295,True,
4310,86200.0,86200.252,2026-09-17T20:28:23.481675+00:00,read,21847,2.354,True,
4311,86220.0,86220.236,2026-09-17T20:28:23.501657+00:00,read,8211,2.926,True,
4312,86240.0,86240.169,2026-09-17T20:28:23.521588+00:00,write,59233,1.302,True,
4313,86260.0,86260.151,2026-09-17T20:28:23.541578+00:00,read,7585,2.15,True,
4314,86280.0,86280.328,2026-09-17T20:28:23.561758+00:00,read,33295,3.305,True,
4315,86300.0,86300.15,2026-09-17T20:28:23.581576+00:00,read,17721,2.999,True,
4316,86320.0,86320.147,2026-09-17T20:28:23.601573+00:00,read,67575,2.804,True,
4317,86340.0,86340.283,2026-09-17T20:28:23.621714+00:00,read,13834,3.707,True,
4318,86360.0,86360.223,2026-09-17T20:28:23.641654+00:00,write,40347,3.361,True,
4319,86380.0,86380.319,2026-09-17T20:28:23.661741+00:00,write,20747,2.643,True,
4320,86400.0,86400.236,2026-09-17T20:28:23.681659+00:00,read,38594,2.737,True,
4321,86420.0,86420.384,2026-09-17T20:28:23.701805+00:00,read,41502,2.303,True,
4322,86440.0,86440.379,2026-09-17T20:28:23.721799+00:00,read,5365,2.242,True,
4323,86460.0,86460.214,2026-09-17T20:28:23.741636+00:00,write,67738,3.487,True,
4324,86480.0,86480.307,2026-09-17T20:28:23.761734+00:00,read,98590,3.586,True,
4325,86500.0,86500.259,2026-09-17T20:28:23.781680+00:00,read,54763,2.53,True,
4326,86520.0,86520.35,2026-09-17T20:28:23.801774+00:00,read,44524,2.932,True,
4327,86540.0,86540.26,2026-09-17T20:28:23.821682+00:00,read,22855,2.513,True,
4328,86560.0,86560.501,2026-09-17T20:28:23.841931+00:00,read,54115,4.251,True,
4329,86580.0,86580.281,2026-09-17T20:28:23.861709+00:00,read,58178,3.574,True,
4330,86600.0,86600.227,2026-09-17T20:28:23.881658+00:00,write,3263,2.936,True,
4331,86620.0,86620.206,2026-09-17T20:28:23.901633+00:00,read,71332,3.653,True,
4332,86640.0,86640.392,2026-09-17T20:28:23.921815+00:00,write,68673,2.998,True,
4333,86660.0,86660.206,2026-09-17T20:28:23.941631+00:00,read,23064,3.539,True,
4334,86680.0,86680.358,2026-09-17T20:28:23.961784+00:00,read,58576,3.924,True,
4335,86700.0,86700.354,2026-09-17T20:28:23.981780+00:00,read,55289,2.83,True,
4336,86720.0,86720.624,2026-09-17T20:28:24.002054+00:00,read,25338,3.437,True,
4337,86740.0,86740.418,2026-09-17T20:28:24.021845+00:00,read,99913,3.362,True,
4338,86760.0,86760.325,2026-09-17T20:28:24.041753+00:00,read,65486,3.372,True,
4339,86780.0,86780.172,2026-09-17T20:28:24.061599+00:00,write,32484,2.392,True,
4340,86800.0,86800.277,2026-09-17T20:28:24.081702+00:00,read,19631,2.908,True,
4341,86820.0,86820.317,2026-09-17T20:28:24.101739+00:00,write,77128,2.874,True,
4342,86840.0,86840.264,2026-09-17T20:28:24.121689+00:00,read,94264,3.296,True,
4343,86860.0,86860.448,2026-09-17T20:28:24.141873+00:00,read,73266,3.502,True,
4344,86880.0,86880.25,2026-09-17T20:28:24.161679+00:00,read,68831,3.427,True,
4345,86900.0,86900.227,2026-09-17T20:28:24.181649+00:00,read,50085,3.516,True,
4346,86920.0,86920.311,2026-09-17T20:28:24.201738+00:00,read,96226,4.394,True,
4347,86940.0,86940.202,2026-09-17T20:28:24.221625+00:00,read,16668,3.563,True,
4348,86960.0,86960.406,2026-09-17T20:28:24.241835+00:00,read,70790,3.624,True,
4349,86980.0,86980.279,2026-09-17T20:28:24.261701+00:00,read,78229,3.552,True,
4350,87000.0,87000.211,2026-09-17T20:28:24.281638+00:00,read,25468,3.132,True,
4351,87020.0,87020.448,2026-09-17T20:28:24.301877+00:00,write,57650,3.036,True,
4352,87040.0,87040.396,2026-09-17T20:28:24.321819+00:00,read,58614,3.594,True,
4353,87060.0,87060.394,2026-09-17T20:28:24.341820+00:00,read,71192,2.984,True,
4354,87080.0,87080.407,2026-09-17T20:28:24.361836+00:00,write,24241,2.96,True,
4355,87100.0,87100.174,2026-09-17T20:28:24.381599+00:00,read,69726,3.061,True,
4356,87120.0,87120.205,2026-09-17T20:28:24.401628+00:00,write,67113,2.54,True,
4357,87140.0,87140.187,2026-09-17T20:28:24.421611+00:00,read,85676,2.933,True,
4358,87160.0,87160.265,2026-09-17T20:28:24.441685+00:00,read,18687,1.802,True,
4359,87180.0,87180.291,2026-09-17T20:28:24.461712+00:00,read,95851,2.326,True,
4360,87200.0,87200.315,2026-09-17T20:28:24.481739+00:00,read,38360,3.042,True,
4361,87220.0,87220.215,2026-09-17T20:28:24.501642+00:00,write,91894,2.906,True,
4362,87240.0,87240.264,2026-09-17T20:28:24.521689+00:00,read,96724,3.142,True,
4363,87260.0,87260.229,2026-09-17T20:28:24.541654+00:00,read,71966,3.435,True,
4364,87280.0,87280.213,2026-09-17T20:28:24.561640+00:00,read,70460,3.179,True,
4365,87300.0,87300.271,2026-09-17T20:28:24.581698+00:00,read,11585,3.199,True,
4366,87320.0,87320.402,2026-09-17T20:28:24.601832+00:00,read,52475,3.465,True,
4367,87340.0,87340.291,2026-09-17T20:28:24.621720+00:00,read,98166,3.764,True,
4368,87360.0,87360.22,2026-09-17T20:28:24.641651+00:00,read,70679,3.906,True,
4369,87380.0,87380.312,2026-09-17T20:28:24.661742+00:00,write,93080,3.286,True,
4370,87400.0,87400.202,2026-09-17T20:28:24.681628+00:00,read,18747,3.868,True,
4371,87420.0,87420.321,2026-09-17T20:28:24.701749+00:00,read,15335,4.301,True,
4372,87440.0,87440.223,2026-09-17T20:28:24.721654+00:00,write,27564,3.653,True,
4373,87460.0,87460.234,2026-09-17T20:28:24.741665+00:00,read,3044,4.346,True,
4374,87480.0,87480.255,2026-09-17T20:28:24.761682+00:00,read,46395,2.49,True,
4375,87500.0,87500.263,2026-09-17T20:28:24.781688+00:00,read,69723,2.858,True,
4376,87520.0,87520.175,2026-09-17T20:28:24.801600+00:00,read,39122,3.039,True,
4377,87540.0,87540.399,2026-09-17T20:28:24.821820+00:00,write,45730,2.473,True,
4378,87560.0,87560.182,2026-09-17T20:28:24.841605+00:00,write,47712,2.219,True,
4379,87580.0,87580.17,2026-09-17T20:28:24.861594+00:00,read,43204,2.619,True,
4380,87600.0,87600.191,2026-09-17T20:28:24.881612+00:00,read,92651,2.564,True,
4381,87620.0,87620.31,2026-09-17T20:28:24.901735+00:00,read,90020,4.049,True,
4382,87640.0,87640.204,2026-09-17T20:28:24.921627+00:00,read,54690,3.29,True,
4383,87660.0,87660.201,2026-09-17T20:28:24.941626+00:00,read,37702,3.473,True,
4384,87680.0,87680.289,2026-09-17T20:28:24.961715+00:00,read,63857,3.724,True,
4385,87700.0,87700.424,2026-09-17T20:28:24.981850+00:00,write,72244,2.938,True,
4386,87720.0,87720.303,2026-09-17T20:28:25.001730+00:00,read,86676,3.641,True,
4387,87740.0,87740.213,2026-09-17T20:28:25.021638+00:00,read,23243,3.154,True,
4388,87760.0,87760.409,2026-09-17T20:28:25.041834+00:00,read,80540,3.502,True,
4389,87780.0,87780.349,2026-09-17T20:28:25.061770+00:00,read,59321,2.737,True,
4390,87800.0,87800.171,2026-09-17T20:28:25.081593+00:00,write,64675,2.392,True,
4391,87820.0,87820.429,2026-09-17T20:28:25.101855+00:00,read,16436,3.611,True,
4392,87840.0,87840.436,2026-09-17T20:28:25.121859+00:00,write,60615,2.924,True,
4393,87860.0,87860.308,2026-09-17T20:28:25.141736+00:00,read,27844,3.568,True,
4394,87880.0,87880.326,2026-09-17T20:28:25.161754+00:00,read,97438,3.422,True,
4395,87900.0,87900.382,2026-09-17T20:28:25.181808+00:00,read,71030,3.293,True,
4396,87920.0,87920.347,2026-09-17T20:28:25.201770+00:00,read,64980,3.624,True,
4397,87940.0,87940.369,2026-09-17T20:28:25.221792+00:00,read,84096,3.128,True,
4398,87960.0,87960.31,2026-09-17T20:28:25.241735+00:00,read,99390,4.032,True,
4399,87980.0,87980.309,2026-09-17T20:28:25.261735+00:00,read,74020,3.5,True,
4400,88000.0,88000.278,2026-09-17T20:28:25.281701+00:00,read,17126,3.324,True,
4401,88020.0,88020.208,2026-09-17T20:28:25.301634+00:00,read,60820,3.666,True,
4402,88040.0,88040.246,2026-09-17T20:28:25.321671+00:00,read,32386,2.627,True,
4403,88060.0,88060.242,2026-09-17T20:28:25.341667+00:00,read,86390,2.911,True,
4404,88080.0,88080.375,2026-09-17T20:28:25.361804+00:00,read,1956,3.473,True,
4405,88100.0,88100.211,2026-09-17T20:28:25.381641+00:00,read,51455,3.467,True,
4406,88120.0,88120.467,2026-09-17T20:28:25.401897+00:00,write,37673,3.542,True,
4407,88140.0,88140.264,2026-09-17T20:28:25.421692+00:00,read,15354,3.676,True,
4408,88160.0,88160.497,2026-09-17T20:28:25.441925+00:00,read,67821,3.235,True,
4409,88180.0,88180.376,2026-09-17T20:28:25.461801+00:00,read,73218,3.416,True,
4410,88200.0,88200.201,2026-09-17T20:28:25.481624+00:00,write,1956,3.283,True,
4411,88220.0,88220.313,2026-09-17T20:28:25.501737+00:00,read,78569,3.577,True,
4412,88240.0,88240.195,2026-09-17T20:28:25.521618+00:00,read,31247,3.074,True,
4413,88260.0,88260.286,2026-09-17T20:28:25.541711+00:00,read,4471,3.06,True,
4414,88280.0,88280.458,2026-09-17T20:28:25.561884+00:00,read,17900,4.192,True,
4415,88300.0,88300.217,2026-09-17T20:28:25.581641+00:00,read,25606,2.89,True,
4416,88320.0,88320.326,2026-09-17T20:28:25.601753+00:00,read,19928,3.688,True,
4417,88340.0,88340.714,2026-09-17T20:28:25.622138+00:00,read,20681,2.587,True,
4418,88360.0,88360.29,2026-09-17T20:28:25.641714+00:00,read,75669,3.548,True,
4419,88380.0,88380.355,2026-09-17T20:28:25.661778+00:00,read,27796,3.6,True,
4420,88400.0,88400.674,2026-09-17T20:28:25.682098+00:00,read,9186,2.873,True,
4421,88420.0,88420.323,2026-09-17T20:28:25.701748+00:00,read,94732,3.593,True,
4422,88440.0,88440.345,2026-09-17T20:28:25.721768+00:00,read,63368,3.095,True,
4423,88460.0,88460.234,2026-09-17T20:28:25.741657+00:00,read,92628,3.124,True,
4424,88480.0,88480.216,2026-09-17T20:28:25.761640+00:00,write,11698,2.596,True,
4425,88500.0,88500.44,2026-09-17T20:28:25.781866+00:00,read,95527,3.526,True,
4426,88520.0,88520.257,2026-09-17T20:28:25.801680+00:00,read,12164,3.316,True,
4427,88540.0,88540.483,2026-09-17T20:28:25.821908+00:00,read,19328,3.208,True,
4428,88560.0,88560.561,2026-09-17T20:28:25.841987+00:00,read,83001,3.836,True,
4429,88580.0,88580.295,2026-09-17T20:28:25.861717+00:00,read,50203,3.332,True,
4430,88600.0,88600.46,2026-09-17T20:28:25.881886+00:00,read,54062,3.603,True,
4431,88620.0,88620.306,2026-09-17T20:28:25.901734+00:00,read,15335,3.438,True,
4432,88640.0,88640.289,2026-09-17T20:28:25.921718+00:00,read,73259,3.536,True,
4433,88660.0,88660.307,2026-09-17T20:28:25.941735+00:00,read,59819,3.448,True,
4434,88680.0,88680.429,2026-09-17T20:28:25.961857+00:00,read,79843,3.65,True,
4435,88700.0,88700.425,2026-09-17T20:28:25.981852+00:00,read,37719,3.579,True,
4436,88720.0,88720.233,2026-09-17T20:28:26.001659+00:00,read,36219,3.526,True,
4437,88740.0,88740.426,2026-09-17T20:28:26.021854+00:00,read,58873,3.597,True,
4438,88760.0,88760.314,2026-09-17T20:28:26.041741+00:00,read,53245,2.861,True,
4439,88780.0,88780.588,2026-09-17T20:28:26.062011+00:00,read,71839,3.545,True,
4440,88800.0,88800.241,2026-09-17T20:28:26.081667+00:00,read,99122,3.024,True,
4441,88820.0,88820.357,2026-09-17T20:28:26.101779+00:00,read,82905,3.429,True,
4442,88840.0,88840.179,2026-09-17T20:28:26.121600+00:00,read,95577,2.479,True,
4443,88860.0,88860.309,2026-09-17T20:28:26.141733+00:00,write,62803,2.861,True,
4444,88880.0,88880.256,2026-09-17T20:28:26.161679+00:00,write,9048,2.937,True,
4445,88900.0,88900.278,2026-09-17T20:28:26.181699+00:00,read,69500,2.972,True,
4446,88920.0,88920.226,2026-09-17T20:28:26.201651+00:00,write,51676,3.014,True,
4447,88940.0,88940.242,2026-09-17T20:28:26.221670+00:00,read,24119,5.085,True,
4448,88960.0,88960.385,2026-09-17T20:28:26.241808+00:00,write,17163,2.787,True,
4449,88980.0,88980.227,2026-09-17T20:28:26.261654+00:00,read,81266,3.662,True,
4450,89000.0,89000.335,2026-09-17T20:28:26.281763+00:00,read,67575,3.938,True,
4451,89020.0,89020.409,2026-09-17T20:28:26.301844+00:00,read,79528,4.11,True,
4452,89040.0,89040.286,2026-09-17T20:28:26.321714+00:00,read,59292,3.538,True,
4453,89060.0,89060.264,2026-09-17T20:28:26.341686+00:00,read,70056,3.384,True,
4454,89080.0,89080.209,2026-09-17T20:28:26.361633+00:00,write,49316,2.902,True,
4455,89100.0,89100.24,2026-09-17T20:28:26.381668+00:00,read,21440,3.343,True,
4456,89120.0,89120.356,2026-09-17T20:28:26.401781+00:00,read,50772,3.043,True,
4457,89140.0,89140.252,2026-09-17T20:28:26.421673+00:00,read,33800,2.46,True,
4458,89160.0,89160.273,2026-09-17T20:28:26.441694+00:00,read,88967,2.559,True,
4459,89180.0,89180.392,2026-09-17T20:28:26.461815+00:00,read,32607,3.5,True,
4460,89200.0,89200.295,2026-09-17T20:28:26.481718+00:00,read,85329,3.223,True,
4461,89220.0,89220.359,2026-09-17T20:28:26.501782+00:00,write,80001,3.15,True,
4462,89240.0,89240.298,2026-09-17T20:28:26.521722+00:00,read,1840,3.473,True,
4463,89260.0,89260.365,2026-09-17T20:28:26.541788+00:00,write,42624,2.746,True,
4464,89280.0,89280.323,2026-09-17T20:28:26.561746+00:00,read,12170,2.922,True,
4465,89300.0,89300.163,2026-09-17T20:28:26.581586+00:00,read,13971,3.627,True,
4466,89320.0,89320.387,2026-09-17T20:28:26.601812+00:00,read,5156,3.423,True,
4467,89340.0,89340.423,2026-09-17T20:28:26.621847+00:00,write,72732,3.065,True,
4468,89360.0,89360.32,2026-09-17T20:28:26.641743+00:00,read,69239,3.009,True,
4469,89380.0,89380.587,2026-09-17T20:28:26.662014+00:00,read,80251,3.688,True,
4470,89400.0,89400.38,2026-09-17T20:28:26.681807+00:00,read,79417,3.26,True,
4471,89420.0,89420.235,2026-09-17T20:28:26.701659+00:00,read,16976,3.667,True,
4472,89440.0,89440.415,2026-09-17T20:28:26.721839+00:00,read,96957,3.644,True,
4473,89460.0,89460.193,2026-09-17T20:28:26.741620+00:00,read,71851,3.516,True,
4474,89480.0,89480.383,2026-09-17T20:28:26.761807+00:00,read,20876,3.366,True,
4475,89500.0,89500.296,2026-09-17T20:28:26.781725+00:00,read,89997,3.653,True,
4476,89520.0,89520.223,2026-09-17T20:28:26.801649+00:00,read,13968,3.72,True,
4477,89540.0,89540.279,2026-09-17T20:28:26.821706+00:00,read,35252,3.923,True,
4478,89560.0,89560.177,2026-09-17T20:28:26.841605+00:00,read,2402,3.544,True,
4479,89580.0,89580.235,2026-09-17T20:28:26.861663+00:00,read,57305,3.56,True,
4480,89600.0,89600.296,2026-09-17T20:28:26.881724+00:00,read,74367,3.611,True,
4481,89620.0,89620.336,2026-09-17T20:28:26.901768+00:00,read,81036,5.471,True,
4482,89640.0,89640.276,2026-09-17T20:28:26.921708+00:00,read,68204,4.974,True,
4483,89660.0,89660.725,2026-09-17T20:28:26.942159+00:00,read,12699,4.155,True,
4484,89680.0,89680.249,2026-09-17T20:28:26.961679+00:00,read,6692,4.5,True,
4485,89700.0,89700.252,2026-09-17T20:28:26.981680+00:00,read,36283,3.934,True,
4486,89720.0,89720.26,2026-09-17T20:28:27.001694+00:00,write,2160,3.607,True,
4487,89740.0,89740.129,2026-09-17T20:28:27.021550+00:00,read,56385,2.021,True,
4488,89760.0,89760.209,2026-09-17T20:28:27.041638+00:00,read,71750,3.514,True,
4489,89780.0,89780.308,2026-09-17T20:28:27.061732+00:00,write,62111,2.791,True,
4490,89800.0,89800.186,2026-09-17T20:28:27.081608+00:00,write,15574,2.575,True,
4491,89820.0,89820.396,2026-09-17T20:28:27.101819+00:00,write,93335,2.922,True,
4492,89840.0,89840.34,2026-09-17T20:28:27.121766+00:00,read,36994,3.542,True,
4493,89860.0,89860.314,2026-09-17T20:28:27.141742+00:00,read,45794,3.54,True,
4494,89880.0,89880.317,2026-09-17T20:28:27.161743+00:00,read,55155,3.626,True,
4495,89900.0,89900.229,2026-09-17T20:28:27.181654+00:00,write,82276,3.086,True,
4496,89920.0,89920.44,2026-09-17T20:28:27.201870+00:00,read,48110,3.915,True,
4497,89940.0,89940.275,2026-09-17T20:28:27.221706+00:00,read,9197,3.689,True,
4498,89960.0,89960.33,2026-09-17T20:28:27.241760+00:00,read,26217,3.702,True,
4499,89980.0,89980.278,2026-09-17T20:28:27.261701+00:00,read,43526,3.813,True,
4500,90000.0,90000.185,2026-09-17T20:28:27.281610+00:00,read,78134,3.258,True,
4501,90020.0,90020.335,2026-09-17T20:28:27.301760+00:00,read,48359,3.641,True,
4502,90040.0,90040.424,2026-09-17T20:28:27.321846+00:00,read,79072,3.458,True,
4503,90060.0,90060.357,2026-09-17T20:28:27.341781+00:00,read,29592,3.83,True,
4504,90080.0,90080.415,2026-09-17T20:28:27.361841+00:00,read,60199,3.272,True,
4505,90100.0,90100.207,2026-09-17T20:28:27.381629+00:00,read,66524,3.182,True,
4506,90120.0,90120.324,2026-09-17T20:28:27.401749+00:00,write,96029,3.015,True,
4507,90140.0,90140.409,2026-09-17T20:28:27.421837+00:00,write,40337,2.883,True,
4508,90160.0,90160.306,2026-09-17T20:28:27.441729+00:00,read,92976,2.654,True,
4509,90180.0,90180.511,2026-09-17T20:28:27.461940+00:00,read,14404,3.636,True,
4510,90200.0,90200.418,2026-09-17T20:28:27.481848+00:00,read,85398,4.09,True,
4511,90220.0,90220.312,2026-09-17T20:28:27.501737+00:00,read,92841,3.309,True,
4512,90240.0,90240.32,2026-09-17T20:28:27.521744+00:00,read,5072,3.567,True,
4513,90260.0,90260.314,2026-09-17T20:28:27.541737+00:00,read,89323,3.656,True,
4514,90280.0,90280.311,2026-09-17T20:28:27.561735+00:00,read,5680,3.377,True,
4515,90300.0,90300.233,2026-09-17T20:28:27.581659+00:00,write,55896,2.64,True,
4516,90320.0,90320.359,2026-09-17T20:28:27.601791+00:00,read,57756,4.591,True,
4517,90340.0,90340.413,2026-09-17T20:28:27.621844+00:00,read,72018,4.211,True,
4518,90360.0,90360.259,2026-09-17T20:28:27.641684+00:00,read,99592,3.382,True,
4519,90380.0,90380.391,2026-09-17T20:28:27.661819+00:00,read,77703,3.903,True,
4520,90400.0,90400.518,2026-09-17T20:28:27.681948+00:00,read,61341,4.005,True,
4521,90420.0,90420.27,2026-09-17T20:28:27.701696+00:00,read,71717,3.664,True,
4522,90440.0,90440.366,2026-09-17T20:28:27.721789+00:00,read,94561,3.166,True,
4523,90460.0,90460.253,2026-09-17T20:28:27.741683+00:00,read,85558,3.593,True,
4524,90480.0,90480.323,2026-09-17T20:28:27.761753+00:00,read,70608,3.603,True,
4525,90500.0,90500.339,2026-09-17T20:28:27.781770+00:00,write,12774,2.534,True,
4526,90520.0,90520.309,2026-09-17T20:28:27.801738+00:00,read,27461,3.612,True,
4527,90540.0,90540.464,2026-09-17T20:28:27.821891+00:00,read,28912,4.041,True,
4528,90560.0,90560.298,2026-09-17T20:28:27.841721+00:00,read,77088,3.419,True,
4529,90580.0,90580.343,2026-09-17T20:28:27.861769+00:00,read,41059,3.376,True,
4530,90600.0,90600.399,2026-09-17T20:28:27.881825+00:00,read,81038,3.133,True,
4531,90620.0,90620.23,2026-09-17T20:28:27.901660+00:00,read,76702,3.301,True,
4532,90640.0,90640.29,2026-09-17T20:28:27.921714+00:00,read,15852,3.525,True,
4533,90660.0,90660.314,2026-09-17T20:28:27.941743+00:00,read,82963,3.283,True,
4534,90680.0,90680.333,2026-09-17T20:28:27.961758+00:00,read,28177,3.263,True,
4535,90700.0,90700.182,2026-09-17T20:28:27.981610+00:00,write,73657,3.194,True,
4536,90720.0,90720.297,2026-09-17T20:28:28.001722+00:00,read,10928,3.765,True,
4537,90740.0,90740.401,2026-09-17T20:28:28.021823+00:00,read,21510,3.416,True,
4538,90760.0,90760.226,2026-09-17T20:28:28.041650+00:00,write,41043,3.052,True,
4539,90780.0,90780.352,2026-09-17T20:28:28.061775+00:00,read,77937,2.588,True,
4540,90800.0,90800.159,2026-09-17T20:28:28.081583+00:00,read,44414,2.792,True,
4541,90820.0,90820.457,2026-09-17T20:28:28.101884+00:00,read,87878,3.785,True,
4542,90840.0,90840.29,2026-09-17T20:28:28.121715+00:00,read,43616,3.495,True,
4543,90860.0,90860.212,2026-09-17T20:28:28.141638+00:00,read,27380,3.653,True,
4544,90880.0,90880.366,2026-09-17T20:28:28.161790+00:00,read,65437,2.865,True,
4545,90900.0,90900.175,2026-09-17T20:28:28.181600+00:00,read,94471,3.376,True,
4546,90920.0,90920.435,2026-09-17T20:28:28.201861+00:00,read,28790,3.366,True,
4547,90940.0,90940.487,2026-09-17T20:28:28.221913+00:00,write,24381,3.057,True,
4548,90960.0,90960.32,2026-09-17T20:28:28.241746+00:00,read,39245,3.685,True,
4549,90980.0,90980.247,2026-09-17T20:28:28.261678+00:00,write,87742,2.632,True,
4550,91000.0,91000.207,2026-09-17T20:28:28.281634+00:00,read,58620,3.363,True,
4551,91020.0,91020.476,2026-09-17T20:28:28.301908+00:00,write,57889,3.701,True,
4552,91040.0,91040.301,2026-09-17T20:28:28.321729+00:00,read,97785,2.907,True,
4553,91060.0,91060.242,2026-09-17T20:28:28.341666+00:00,write,14008,2.483,True,
4554,91080.0,91080.299,2026-09-17T20:28:28.361723+00:00,read,98679,2.862,True,
4555,91100.0,91100.287,2026-09-17T20:28:28.381712+00:00,read,90576,2.835,True,
4556,91120.0,91120.265,2026-09-17T20:28:28.401691+00:00,read,93117,2.951,True,
4557,91140.0,91140.223,2026-09-17T20:28:28.421646+00:00,read,49459,2.588,True,
4558,91160.0,91160.397,2026-09-17T20:28:28.441822+00:00,read,18672,3.607,True,
4559,91180.0,91180.242,2026-09-17T20:28:28.461665+00:00,read,70826,3.139,True,
4560,91200.0,91200.327,2026-09-17T20:28:28.481754+00:00,read,271,2.91,True,
4561,91220.0,91220.36,2026-09-17T20:28:28.501783+00:00,read,97179,2.837,True,
4562,91240.0,91240.345,2026-09-17T20:28:28.521768+00:00,read,1808,2.531,True,
4563,91260.0,91260.356,2026-09-17T20:28:28.541781+00:00,read,23578,2.773,True,
4564,91280.0,91280.283,2026-09-17T20:28:28.561704+00:00,read,31009,2.515,True,
4565,91300.0,91300.137,2026-09-17T20:28:28.581556+00:00,read,32376,2.788,True,
4566,91320.0,91320.175,2026-09-17T20:28:28.601597+00:00,write,59774,2.324,True,
4567,91340.0,91340.394,2026-09-17T20:28:28.621814+00:00,read,73888,2.319,True,
4568,91360.0,91360.418,2026-09-17T20:28:28.641848+00:00,write,92841,3.116,True,
4569,91380.0,91380.274,2026-09-17T20:28:28.661697+00:00,read,38109,3.051,True,
4570,91400.0,91400.283,2026-09-17T20:28:28.681704+00:00,read,42939,2.365,True,
4571,91420.0,91420.436,2026-09-17T20:28:28.701856+00:00,read,17345,2.219,True,
4572,91440.0,91440.364,2026-09-17T20:28:28.721786+00:00,read,11026,2.405,True,
4573,91460.0,91460.428,2026-09-17T20:28:28.741849+00:00,write,49828,1.971,True,
4574,91480.0,91480.226,2026-09-17T20:28:28.761646+00:00,read,91613,2.425,True,
4575,91500.0,91500.281,2026-09-17T20:28:28.781701+00:00,read,53736,2.215,True,
4576,91520.0,91520.383,2026-09-17T20:28:28.801804+00:00,read,65682,2.414,True,
4577,91540.0,91540.261,2026-09-17T20:28:28.821681+00:00,read,88627,2.259,True,
4578,91560.0,91560.267,2026-09-17T20:28:28.841687+00:00,write,10588,1.952,True,
4579,91580.0,91580.269,2026-09-17T20:28:28.861690+00:00,write,94978,1.751,True,
4580,91600.0,91600.287,2026-09-17T20:28:28.881713+00:00,write,13403,2.805,True,
4581,91620.0,91620.362,2026-09-17T20:28:28.901788+00:00,write,62185,2.461,True,
4582,91640.0,91640.185,2026-09-17T20:28:28.921607+00:00,read,86746,2.542,True,
4583,91660.0,91660.166,2026-09-17T20:28:28.941668+00:00,read,16633,3.593,True,
4584,91680.0,91680.214,2026-09-17T20:28:28.961643+00:00,read,64072,4.221,True,
4585,91700.0,91700.465,2026-09-17T20:28:28.981890+00:00,write,18893,3.091,True,
4586,91720.0,91720.196,2026-09-17T20:28:29.001622+00:00,read,47413,3.637,True,
4587,91740.0,91740.422,2026-09-17T20:28:29.021851+00:00,read,86467,3.838,True,
4588,91760.0,91760.203,2026-09-17T20:28:29.041626+00:00,read,35350,2.747,True,
4589,91780.0,91780.251,2026-09-17T20:28:29.061677+00:00,write,72262,2.564,True,
4590,91800.0,91800.18,2026-09-17T20:28:29.081602+00:00,read,97099,2.713,True,
4591,91820.0,91820.177,2026-09-17T20:28:29.101599+00:00,read,12508,2.722,True,
4592,91840.0,91840.244,2026-09-17T20:28:29.121668+00:00,read,7755,2.375,True,
4593,91860.0,91860.189,2026-09-17T20:28:29.141617+00:00,write,96397,2.55,True,
4594,91880.0,91880.291,2026-09-17T20:28:29.161720+00:00,read,47331,3.399,True,
4595,91900.0,91900.286,2026-09-17T20:28:29.181710+00:00,read,7463,3.113,True,
4596,91920.0,91920.2,2026-09-17T20:28:29.201625+00:00,read,41150,2.855,True,
4597,91940.0,91940.228,2026-09-17T20:28:29.221655+00:00,read,81967,3.202,True,
4598,91960.0,91960.192,2026-09-17T20:28:29.241618+00:00,read,63208,3.455,True,
4599,91980.0,91980.211,2026-09-17T20:28:29.261640+00:00,read,3824,3.336,True,
4600,92000.0,92000.355,2026-09-17T20:28:29.281782+00:00,read,92314,3.6,True,
4601,92020.0,92020.424,2026-09-17T20:28:29.301848+00:00,read,39617,3.996,True,
4602,92040.0,92040.302,2026-09-17T20:28:29.321729+00:00,write,67199,3.14,True,
4603,92060.0,92060.194,2026-09-17T20:28:29.341619+00:00,read,85843,3.592,True,
4604,92080.0,92080.311,2026-09-17T20:28:29.361734+00:00,write,94266,2.805,True,
4605,92100.0,92100.239,2026-09-17T20:28:29.381662+00:00,read,23461,2.878,True,
4606,92120.0,92120.261,2026-09-17T20:28:29.401686+00:00,write,60566,2.538,True,
4607,92140.0,92140.288,2026-09-17T20:28:29.421711+00:00,read,13959,3.461,True,
4608,92160.0,92160.405,2026-09-17T20:28:29.441829+00:00,read,9615,3.583,True,
4609,92180.0,92180.436,2026-09-17T20:28:29.461858+00:00,write,50846,2.779,True,
4610,92200.0,92200.307,2026-09-17T20:28:29.481730+00:00,write,75591,2.434,True,
4611,92220.0,92220.172,2026-09-17T20:28:29.501596+00:00,read,44588,3.671,True,
4612,92240.0,92240.267,2026-09-17T20:28:29.521692+00:00,read,51138,3.551,True,
4613,92260.0,92260.193,2026-09-17T20:28:29.541616+00:00,read,26051,2.78,True,
4614,92280.0,92280.345,2026-09-17T20:28:29.561837+00:00,read,43433,3.56,True,
4615,92300.0,92300.177,2026-09-17T20:28:29.581600+00:00,write,33921,2.528,True,
4616,92320.0,92320.368,2026-09-17T20:28:29.601793+00:00,write,16107,2.813,True,
4617,92340.0,92340.403,2026-09-17T20:28:29.621824+00:00,read,31206,3.392,True,
4618,92360.0,92360.202,2026-09-17T20:28:29.641630+00:00,read,42570,3.818,True,
4619,92380.0,92380.211,2026-09-17T20:28:29.661638+00:00,write,69900,3.305,True,
4620,92400.0,92400.325,2026-09-17T20:28:29.681749+00:00,write,75950,2.82,True,
4621,92420.0,92420.419,2026-09-17T20:28:29.701844+00:00,read,6460,3.231,True,
4622,92440.0,92440.203,2026-09-17T20:28:29.721630+00:00,read,79602,3.969,True,
4623,92460.0,92460.283,2026-09-17T20:28:29.741706+00:00,read,26675,3.091,True,
4624,92480.0,92480.218,2026-09-17T20:28:29.761647+00:00,write,16230,2.908,True,
4625,92500.0,92500.487,2026-09-17T20:28:29.781910+00:00,read,27134,3.584,True,
4626,92520.0,92520.173,2026-09-17T20:28:29.801595+00:00,read,66044,3.196,True,
4627,92540.0,92540.392,2026-09-17T20:28:29.821821+00:00,read,78867,3.432,True,
4628,92560.0,92560.418,2026-09-17T20:28:29.841841+00:00,read,38370,3.035,True,
4629,92580.0,92580.21,2026-09-17T20:28:29.861690+00:00,read,80214,3.766,True,
4630,92600.0,92600.261,2026-09-17T20:28:29.881689+00:00,read,89565,3.082,True,
4631,92620.0,92620.337,2026-09-17T20:28:29.901763+00:00,read,1561,2.907,True,
4632,92640.0,92640.221,2026-09-17T20:28:29.921651+00:00,read,33225,3.531,True,
4633,92660.0,92660.218,2026-09-17T20:28:29.941649+00:00,write,95688,3.373,True,
4634,92680.0,92680.223,2026-09-17T20:28:29.961649+00:00,read,54940,3.116,True,
4635,92700.0,92700.253,2026-09-17T20:28:29.981682+00:00,read,44439,4.028,True,
4636,92720.0,92720.199,2026-09-17T20:28:30.001631+00:00,read,69398,4.444,True,
4637,92740.0,92740.313,2026-09-17T20:28:30.021749+00:00,read,73122,4.529,True,
4638,92760.0,92760.232,2026-09-17T20:28:30.041664+00:00,read,56931,4.49,True,
4639,92780.0,92780.198,2026-09-17T20:28:30.061630+00:00,write,45119,3.794,True,
4640,92800.0,92800.19,2026-09-17T20:28:30.081618+00:00,read,25017,3.556,True,
4641,92820.0,92820.188,2026-09-17T20:28:30.101615+00:00,read,41772,3.496,True,
4642,92840.0,92840.294,2026-09-17T20:28:30.121727+00:00,read,9092,3.647,True,
4643,92860.0,92860.123,2026-09-17T20:28:30.141547+00:00,read,70329,1.885,True,
4644,92880.0,92880.162,2026-09-17T20:28:30.161586+00:00,read,3510,1.955,True,
4645,92900.0,92900.15,2026-09-17T20:28:30.181579+00:00,read,53341,3.155,True,
4646,92920.0,92920.165,2026-09-17T20:28:30.201589+00:00,read,65661,2.979,True,
4647,92940.0,92940.297,2026-09-17T20:28:30.221721+00:00,write,14649,2.81,True,
4648,92960.0,92960.202,2026-09-17T20:28:30.241625+00:00,read,74349,3.403,True,
4649,92980.0,92980.217,2026-09-17T20:28:30.261642+00:00,read,11853,3.368,True,
4650,93000.0,93000.254,2026-09-17T20:28:30.281679+00:00,read,13214,3.253,True,
4651,93020.0,93020.194,2026-09-17T20:28:30.301619+00:00,write,41480,3.209,True,
4652,93040.0,93040.243,2026-09-17T20:28:30.321670+00:00,read,34635,3.632,True,
4653,93060.0,93060.53,2026-09-17T20:28:30.341954+00:00,read,96235,3.218,True,
4654,93080.0,93080.288,2026-09-17T20:28:30.361715+00:00,read,54284,3.392,True,
4655,93100.0,93100.263,2026-09-17T20:28:30.381690+00:00,write,67260,2.988,True,
4656,93120.0,93120.429,2026-09-17T20:28:30.401851+00:00,write,4685,3.3,True,
4657,93140.0,93140.156,2026-09-17T20:28:30.421582+00:00,read,45585,3.297,True,
4658,93160.0,93160.307,2026-09-17T20:28:30.441730+00:00,read,30870,3.2,True,
4659,93180.0,93180.19,2026-09-17T20:28:30.461613+00:00,read,82040,3.498,True,
4660,93200.0,93200.31,2026-09-17T20:28:30.481735+00:00,write,24821,2.925,True,
4661,93220.0,93220.239,2026-09-17T20:28:30.501663+00:00,read,26169,3.561,True,
4662,93240.0,93240.414,2026-09-17T20:28:30.521837+00:00,read,83946,2.96,True,
4663,93260.0,93260.333,2026-09-17T20:28:30.541840+00:00,read,51115,3.555,True,
4664,93280.0,93280.373,2026-09-17T20:28:30.561800+00:00,read,53231,3.434,True,
4665,93300.0,93300.247,2026-09-17T20:28:30.581672+00:00,read,78017,3.223,True,
4666,93320.0,93320.301,2026-09-17T20:28:30.601728+00:00,write,68507,3.147,True,
4667,93340.0,93340.3,2026-09-17T20:28:30.621724+00:00,read,15885,3.541,True,
4668,93360.0,93360.206,2026-09-17T20:28:30.641629+00:00,read,36944,3.204,True,
4669,93380.0,93380.279,2026-09-17T20:28:30.661702+00:00,read,14885,3.052,True,
4670,93400.0,93400.287,2026-09-17T20:28:30.681710+00:00,read,18559,3.588,True,
4671,93420.0,93420.394,2026-09-17T20:28:30.701815+00:00,read,57130,3.503,True,
4672,93440.0,93440.381,2026-09-17T20:28:30.721804+00:00,write,7529,2.944,True,
4673,93460.0,93460.448,2026-09-17T20:28:30.741871+00:00,read,74086,3.857,True,
4674,93480.0,93480.27,2026-09-17T20:28:30.761696+00:00,write,11069,3.0,True,
4675,93500.0,93500.346,2026-09-17T20:28:30.781870+00:00,read,61684,3.068,True,
4676,93520.0,93520.277,2026-09-17T20:28:30.801701+00:00,read,19980,3.7,True,
4677,93540.0,93540.289,2026-09-17T20:28:30.821712+00:00,read,62822,3.277,True,
4678,93560.0,93560.44,2026-09-17T20:28:30.841864+00:00,read,5519,2.972,True,
4679,93580.0,93580.427,2026-09-17T20:28:30.861854+00:00,write,41814,3.399,True,
4680,93600.0,93600.277,2026-09-17T20:28:30.881705+00:00,write,39873,2.918,True,
4681,93620.0,93620.227,2026-09-17T20:28:30.901652+00:00,read,7845,3.466,True,
4682,93640.0,93640.308,2026-09-17T20:28:30.921738+00:00,write,99742,2.985,True,
4683,93660.0,93660.512,2026-09-17T20:28:30.941939+00:00,read,99405,3.381,True,
4684,93680.0,93680.309,2026-09-17T20:28:30.961735+00:00,read,72321,3.268,True,
4685,93700.0,93700.273,2026-09-17T20:28:30.981698+00:00,read,38744,3.661,True,
4686,93720.0,93720.233,2026-09-17T20:28:31.001659+00:00,read,38130,3.261,True,
4687,93740.0,93740.385,2026-09-17T20:28:31.021809+00:00,read,34411,3.542,True,
4688,93760.0,93760.236,2026-09-17T20:28:31.041659+00:00,read,53032,2.898,True,
4689,93780.0,93780.208,2026-09-17T20:28:31.061636+00:00,write,65174,3.135,True,
4690,93800.0,93800.249,2026-09-17T20:28:31.081673+00:00,write,55383,2.618,True,
4691,93820.0,93820.381,2026-09-17T20:28:31.101804+00:00,read,54141,3.614,True,
4692,93840.0,93840.298,2026-09-17T20:28:31.121726+00:00,read,6962,4.056,True,
4693,93860.0,93860.32,2026-09-17T20:28:31.141747+00:00,read,676,3.25,True,
4694,93880.0,93880.38,2026-09-17T20:28:31.161810+00:00,read,68652,3.442,True,
4695,93900.0,93900.313,2026-09-17T20:28:31.181740+00:00,read,94922,3.376,True,
4696,93920.0,93920.276,2026-09-17T20:28:31.201704+00:00,read,77774,3.272,True,
4697,93940.0,93940.201,2026-09-17T20:28:31.221629+00:00,write,10122,3.2,True,
4698,93960.0,93960.41,2026-09-17T20:28:31.241837+00:00,read,33766,3.278,True,
4699,93980.0,93980.196,2026-09-17T20:28:31.261619+00:00,read,24317,3.476,True,
4700,94000.0,94000.213,2026-09-17T20:28:31.281637+00:00,write,28033,2.445,True,
4701,94020.0,94020.187,2026-09-17T20:28:31.301609+00:00,write,95881,2.372,True,
4702,94040.0,94040.193,2026-09-17T20:28:31.321614+00:00,read,37749,2.482,True,
4703,94060.0,94060.166,2026-09-17T20:28:31.341588+00:00,read,85633,2.418,True,
4704,94080.0,94080.359,2026-09-17T20:28:31.361786+00:00,read,7769,2.736,True,
4705,94100.0,94100.173,2026-09-17T20:28:31.381600+00:00,read,20017,2.435,True,
4706,94120.0,94120.312,2026-09-17T20:28:31.401738+00:00,read,65213,2.069,True,
4707,94140.0,94140.194,2026-09-17T20:28:31.421622+00:00,read,25162,3.496,True,
4708,94160.0,94160.261,2026-09-17T20:28:31.441687+00:00,read,96919,2.05,True,
4709,94180.0,94180.148,2026-09-17T20:28:31.461574+00:00,read,44922,2.824,True,
4710,94200.0,94200.37,2026-09-17T20:28:31.481796+00:00,read,48213,3.459,True,
4711,94220.0,94220.391,2026-09-17T20:28:31.501813+00:00,read,93808,3.256,True,
4712,94240.0,94240.18,2026-09-17T20:28:31.521603+00:00,read,26467,3.262,True,
4713,94260.0,94260.326,2026-09-17T20:28:31.541749+00:00,read,56663,3.106,True,
4714,94280.0,94280.359,2026-09-17T20:28:31.561782+00:00,write,1642,3.177,True,
4715,94300.0,94300.357,2026-09-17T20:28:31.581780+00:00,write,38031,2.291,True,
4716,94320.0,94320.215,2026-09-17T20:28:31.601637+00:00,read,25284,3.511,True,
4717,94340.0,94340.282,2026-09-17T20:28:31.621707+00:00,write,95753,3.262,True,
4718,94360.0,94360.367,2026-09-17T20:28:31.641795+00:00,read,65473,3.495,True,
4719,94380.0,94380.248,2026-09-17T20:28:31.661681+00:00,read,35216,3.757,True,
4720,94400.0,94400.296,2026-09-17T20:28:31.681723+00:00,write,87823,2.842,True,
4721,94420.0,94420.209,2026-09-17T20:28:31.701633+00:00,read,65201,3.536,True,
4722,94440.0,94440.307,2026-09-17T20:28:31.721733+00:00,read,2448,3.493,True,
4723,94460.0,94460.251,2026-09-17T20:28:31.741675+00:00,read,72274,3.1,True,
4724,94480.0,94480.227,2026-09-17T20:28:31.761657+00:00,read,50928,3.577,True,
4725,94500.0,94500.224,2026-09-17T20:28:31.781649+00:00,write,37348,3.016,True,
4726,94520.0,94520.438,2026-09-17T20:28:31.801864+00:00,write,46967,2.897,True,
4727,94540.0,94540.319,2026-09-17T20:28:31.821746+00:00,read,31644,3.838,True,
4728,94560.0,94560.274,2026-09-17T20:28:31.841696+00:00,read,37727,3.993,True,
4729,94580.0,94580.418,2026-09-17T20:28:31.861842+00:00,read,48068,3.6,True,
4730,94600.0,94600.296,2026-09-17T20:28:31.881722+00:00,read,36304,3.314,True,
4731,94620.0,94620.415,2026-09-17T20:28:31.901837+00:00,write,67134,2.719,True,
4732,94640.0,94640.167,2026-09-17T20:28:31.921588+00:00,read,45830,2.625,True,
4733,94660.0,94660.384,2026-09-17T20:28:31.941810+00:00,read,17482,3.559,True,
4734,94680.0,94680.278,2026-09-17T20:28:31.961700+00:00,write,80821,2.308,True,
4735,94700.0,94700.324,2026-09-17T20:28:31.981751+00:00,write,52038,3.043,True,
4736,94720.0,94720.406,2026-09-17T20:28:32.001828+00:00,read,55874,3.376,True,
4737,94740.0,94740.219,2026-09-17T20:28:32.021643+00:00,write,29987,2.511,True,
4738,94760.0,94760.235,2026-09-17T20:28:32.041705+00:00,read,31696,3.893,True,
4739,94780.0,94780.203,2026-09-17T20:28:32.061634+00:00,read,58321,3.783,True,
4740,94800.0,94800.323,2026-09-17T20:28:32.081750+00:00,write,73662,2.87,True,
4741,94820.0,94820.193,2026-09-17T20:28:32.101621+00:00,write,63964,3.167,True,
4742,94840.0,94840.214,2026-09-17T20:28:32.121638+00:00,read,50198,2.928,True,
4743,94860.0,94860.374,2026-09-17T20:28:32.141797+00:00,read,9773,2.76,True,
4744,94880.0,94880.349,2026-09-17T20:28:32.161776+00:00,read,86643,3.24,True,
4745,94900.0,94900.284,2026-09-17T20:28:32.181710+00:00,read,44742,3.133,True,
4746,94920.0,94920.39,2026-09-17T20:28:32.201814+00:00,read,96345,2.45,True,
4747,94940.0,94940.364,2026-09-17T20:28:32.221789+00:00,read,88031,3.094,True,
4748,94960.0,94960.277,2026-09-17T20:28:32.241700+00:00,read,18814,1.852,True,
4749,94980.0,94980.211,2026-09-17T20:28:32.261636+00:00,read,20454,2.75,True,
4750,95000.0,95000.254,2026-09-17T20:28:32.281682+00:00,read,14681,3.221,True,
4751,95020.0,95020.389,2026-09-17T20:28:32.301812+00:00,read,60517,3.117,True,
4752,95040.0,95040.319,2026-09-17T20:28:32.321743+00:00,read,62009,2.806,True,
4753,95060.0,95060.475,2026-09-17T20:28:32.341900+00:00,read,26599,2.986,True,
4754,95080.0,95080.259,2026-09-17T20:28:32.361685+00:00,read,86014,3.023,True,
4755,95100.0,95100.271,2026-09-17T20:28:32.381698+00:00,read,78180,3.251,True,
4756,95120.0,95120.318,2026-09-17T20:28:32.401741+00:00,read,80629,2.385,True,
4757,95140.0,95140.249,2026-09-17T20:28:32.421672+00:00,write,24477,2.142,True,
4758,95160.0,95160.191,2026-09-17T20:28:32.441675+00:00,read,32389,1.956,True,
4759,95180.0,95180.277,2026-09-17T20:28:32.461700+00:00,read,95478,1.981,True,
4760,95200.0,95200.431,2026-09-17T20:28:32.481862+00:00,read,40885,3.343,True,
4761,95220.0,95220.378,2026-09-17T20:28:32.501804+00:00,read,58837,3.501,True,
4762,95240.0,95240.28,2026-09-17T20:28:32.521706+00:00,read,66029,3.593,True,
4763,95260.0,95260.264,2026-09-17T20:28:32.541687+00:00,read,31489,2.411,True,
4764,95280.0,95280.258,2026-09-17T20:28:32.561686+00:00,read,83633,3.026,True,
4765,95300.0,95300.43,2026-09-17T20:28:32.581858+00:00,read,61795,3.069,True,
4766,95320.0,95320.268,2026-09-17T20:28:32.601695+00:00,read,66327,2.861,True,
4767,95340.0,95340.115,2026-09-17T20:28:32.621543+00:00,read,92493,2.995,True,
4768,95360.0,95360.296,2026-09-17T20:28:32.641721+00:00,read,83271,3.106,True,
4769,95380.0,95380.386,2026-09-17T20:28:32.661812+00:00,read,96535,2.933,True,
4770,95400.0,95400.399,2026-09-17T20:28:32.681826+00:00,read,13317,2.694,True,
4771,95420.0,95420.281,2026-09-17T20:28:32.701707+00:00,read,18367,3.255,True,
4772,95440.0,95440.218,2026-09-17T20:28:32.721644+00:00,write,37882,3.028,True,
4773,95460.0,95460.362,2026-09-17T20:28:32.741841+00:00,read,77508,1.824,True,
4774,95480.0,95480.441,2026-09-17T20:28:32.761866+00:00,read,78644,3.315,True,
4775,95500.0,95500.232,2026-09-17T20:28:32.781665+00:00,read,38706,4.198,True,
4776,95520.0,95520.313,2026-09-17T20:28:32.801745+00:00,read,44940,3.713,True,
4777,95540.0,95540.233,2026-09-17T20:28:32.821655+00:00,write,20499,2.55,True,
4778,95560.0,95560.262,2026-09-17T20:28:32.841684+00:00,write,78849,1.786,True,
4779,95580.0,95580.377,2026-09-17T20:28:32.861798+00:00,read,96882,3.157,True,
4780,95600.0,95600.225,2026-09-17T20:28:32.881646+00:00,read,10562,2.355,True,
4781,95620.0,95620.461,2026-09-17T20:28:32.901880+00:00,read,254,2.627,True,
4782,95640.0,95640.264,2026-09-17T20:28:32.921688+00:00,read,71384,3.017,True,
4783,95660.0,95660.167,2026-09-17T20:28:32.941590+00:00,read,10219,2.91,True,
4784,95680.0,95680.361,2026-09-17T20:28:32.961782+00:00,write,23243,1.993,True,
4785,95700.0,95700.204,2026-09-17T20:28:32.981628+00:00,write,65040,2.633,True,
4786,95720.0,95720.207,2026-09-17T20:28:33.001630+00:00,read,19756,2.769,True,
4787,95740.0,95740.253,2026-09-17T20:28:33.021675+00:00,read,42971,3.38,True,
4788,95760.0,95760.634,2026-09-17T20:28:33.042064+00:00,read,23501,3.741,True,
4789,95780.0,95780.285,2026-09-17T20:28:33.061713+00:00,read,22597,3.366,True,
4790,95800.0,95800.191,2026-09-17T20:28:33.081620+00:00,read,32547,3.41,True,
4791,95820.0,95820.322,2026-09-17T20:28:33.101752+00:00,read,14111,3.745,True,
4792,95840.0,95840.196,2026-09-17T20:28:33.121622+00:00,read,65682,3.447,True,
4793,95860.0,95860.273,2026-09-17T20:28:33.141697+00:00,read,69648,3.421,True,
4794,95880.0,95880.405,2026-09-17T20:28:33.161833+00:00,read,2364,3.364,True,
4795,95900.0,95900.277,2026-09-17T20:28:33.181706+00:00,read,50357,3.148,True,
4796,95920.0,95920.46,2026-09-17T20:28:33.201893+00:00,read,49362,4.683,True,
4797,95940.0,95940.179,2026-09-17T20:28:33.221606+00:00,read,72025,3.222,True,
4798,95960.0,95960.392,2026-09-17T20:28:33.241816+00:00,write,33232,2.652,True,
4799,95980.0,95980.26,2026-09-17T20:28:33.261685+00:00,read,21508,3.04,True,
4800,96000.0,96000.178,2026-09-17T20:28:33.281606+00:00,write,66617,3.023,True,
4801,96020.0,96020.325,2026-09-17T20:28:33.301751+00:00,read,75017,3.061,True,
4802,96040.0,96040.446,2026-09-17T20:28:33.321873+00:00,write,97858,2.976,True,
4803,96060.0,96060.266,2026-09-17T20:28:33.341691+00:00,read,48051,3.211,True,
4804,96080.0,96080.23,2026-09-17T20:28:33.361652+00:00,read,72030,2.933,True,
4805,96100.0,96100.362,2026-09-17T20:28:33.381784+00:00,read,3584,3.239,True,
4806,96120.0,96120.384,2026-09-17T20:28:33.401808+00:00,write,20449,2.696,True,
4807,96140.0,96140.223,2026-09-17T20:28:33.421645+00:00,write,9217,2.687,True,
4808,96160.0,96160.186,2026-09-17T20:28:33.441609+00:00,write,18909,3.113,True,
4809,96180.0,96180.577,2026-09-17T20:28:33.462006+00:00,write,87144,3.091,True,
4810,96200.0,96200.327,2026-09-17T20:28:33.481756+00:00,read,80798,3.417,True,
4811,96220.0,96220.239,2026-09-17T20:28:33.501666+00:00,read,6171,3.372,True,
4812,96240.0,96240.18,2026-09-17T20:28:33.521605+00:00,read,88924,3.163,True,
4813,96260.0,96260.194,2026-09-17T20:28:33.541619+00:00,write,87871,2.915,True,
4814,96280.0,96280.383,2026-09-17T20:28:33.561809+00:00,read,51939,2.875,True,
4815,96300.0,96300.248,2026-09-17T20:28:33.581673+00:00,read,9329,3.376,True,
4816,96320.0,96320.21,2026-09-17T20:28:33.601643+00:00,read,11009,3.689,True,
4817,96340.0,96340.437,2026-09-17T20:28:33.621866+00:00,read,46983,3.504,True,
4818,96360.0,96360.177,2026-09-17T20:28:33.641602+00:00,read,50833,2.523,True,
4819,96380.0,96380.375,2026-09-17T20:28:33.661803+00:00,read,90269,2.219,True,
4820,96400.0,96400.311,2026-09-17T20:28:33.681777+00:00,read,6775,3.717,True,
4821,96420.0,96420.523,2026-09-17T20:28:33.701953+00:00,read,702,4.007,True,
4822,96440.0,96440.367,2026-09-17T20:28:33.721792+00:00,read,64718,3.43,True,
4823,96460.0,96460.249,2026-09-17T20:28:33.741671+00:00,read,83704,2.638,True,
4824,96480.0,96480.264,2026-09-17T20:28:33.761687+00:00,read,48045,3.01,True,
4825,96500.0,96500.167,2026-09-17T20:28:33.781589+00:00,write,16859,2.125,True,
4826,96520.0,96520.43,2026-09-17T20:28:33.801852+00:00,read,57327,2.548,True,
4827,96540.0,96540.153,2026-09-17T20:28:33.821574+00:00,read,97429,2.27,True,
4828,96560.0,96560.382,2026-09-17T20:28:33.841804+00:00,read,63578,2.492,True,
4829,96580.0,96580.366,2026-09-17T20:28:33.861799+00:00,read,39704,1.86,True,
4830,96600.0,96600.271,2026-09-17T20:28:33.881696+00:00,read,23750,2.981,True,
4831,96620.0,96620.312,2026-09-17T20:28:33.901732+00:00,read,182,2.86,True,
4832,96640.0,96640.268,2026-09-17T20:28:33.921690+00:00,read,64240,2.994,True,
4833,96660.0,96660.397,2026-09-17T20:28:33.941820+00:00,read,83233,3.305,True,
4834,96680.0,96680.181,2026-09-17T20:28:33.961603+00:00,read,85168,2.517,True,
4835,96700.0,96700.336,2026-09-17T20:28:33.981760+00:00,read,36740,3.095,True,
4836,96720.0,96720.359,2026-09-17T20:28:34.001782+00:00,read,77129,3.035,True,
4837,96740.0,96740.308,2026-09-17T20:28:34.021732+00:00,read,76530,2.829,True,
4838,96760.0,96760.235,2026-09-17T20:28:34.041666+00:00,read,94062,3.141,True,
4839,96780.0,96780.267,2026-09-17T20:28:34.061693+00:00,write,69227,2.6,True,
4840,96800.0,96800.179,2026-09-17T20:28:34.081603+00:00,read,83617,2.459,True,
4841,96820.0,96820.232,2026-09-17T20:28:34.101659+00:00,read,11706,3.267,True,
4842,96840.0,96840.514,2026-09-17T20:28:34.121947+00:00,write,34002,3.319,True,
4843,96860.0,96860.665,2026-09-17T20:28:34.142090+00:00,read,50601,2.923,True,
4844,96880.0,96880.379,2026-09-17T20:28:34.161807+00:00,read,81168,3.744,True,
4845,96900.0,96900.291,2026-09-17T20:28:34.181718+00:00,read,22114,3.349,True,
4846,96920.0,96920.201,2026-09-17T20:28:34.201627+00:00,read,535,2.841,True,
4847,96940.0,96940.281,2026-09-17T20:28:34.221709+00:00,write,4895,2.849,True,
4848,96960.0,96960.161,2026-09-17T20:28:34.241591+00:00,read,63129,3.818,True,
4849,96980.0,96980.311,2026-09-17T20:28:34.261740+00:00,write,81811,3.137,True,
4850,97000.0,97000.523,2026-09-17T20:28:34.281947+00:00,read,60811,3.514,True,
4851,97020.0,97020.179,2026-09-17T20:28:34.301600+00:00,read,4055,2.4,True,
4852,97040.0,97040.379,2026-09-17T20:28:34.321802+00:00,read,38703,3.632,True,
4853,97060.0,97060.494,2026-09-17T20:28:34.341920+00:00,read,31625,3.265,True,
4854,97080.0,97080.352,2026-09-17T20:28:34.361777+00:00,read,95323,3.489,True,
4855,97100.0,97100.153,2026-09-17T20:28:34.381574+00:00,read,91396,2.689,True,
4856,97120.0,97120.361,2026-09-17T20:28:34.401785+00:00,read,3627,3.542,True,
4857,97140.0,97140.284,2026-09-17T20:28:34.421709+00:00,read,62340,3.551,True,
4858,97160.0,97160.771,2026-09-17T20:28:34.442197+00:00,read,49422,3.971,True,
4859,97180.0,97180.627,2026-09-17T20:28:34.462051+00:00,write,28469,3.015,True,
4860,97200.0,97200.224,2026-09-17T20:28:34.481648+00:00,write,42504,1.946,True,
4861,97220.0,97220.278,2026-09-17T20:28:34.501702+00:00,read,73302,2.593,True,
4862,97240.0,97240.221,2026-09-17T20:28:34.521645+00:00,read,98276,3.159,True,
4863,97260.0,97260.37,2026-09-17T20:28:34.541794+00:00,write,5606,2.601,True,
4864,97280.0,97280.354,2026-09-17T20:28:34.561778+00:00,read,44614,2.991,True,
4865,97300.0,97300.346,2026-09-17T20:28:34.581769+00:00,write,99519,2.169,True,
4866,97320.0,97320.314,2026-09-17T20:28:34.601737+00:00,read,24001,3.323,True,
4867,97340.0,97340.25,2026-09-17T20:28:34.621674+00:00,read,44164,3.26,True,
4868,97360.0,97360.303,2026-09-17T20:28:34.641727+00:00,read,59066,2.899,True,
4869,97380.0,97380.319,2026-09-17T20:28:34.661742+00:00,read,82032,2.737,True,
4870,97400.0,97400.347,2026-09-17T20:28:34.681768+00:00,read,91381,2.376,True,
4871,97420.0,97420.187,2026-09-17T20:28:34.701609+00:00,read,55185,2.254,True,
4872,97440.0,97440.402,2026-09-17T20:28:34.721824+00:00,read,40318,2.515,True,
4873,97460.0,97460.294,2026-09-17T20:28:34.741710+00:00,read,33802,1.403,True,
4874,97480.0,97480.295,2026-09-17T20:28:34.761717+00:00,read,70239,2.49,True,
4875,97500.0,97500.224,2026-09-17T20:28:34.781644+00:00,read,59582,2.536,True,
4876,97520.0,97520.24,2026-09-17T20:28:34.801661+00:00,read,38062,2.377,True,
4877,97540.0,97540.274,2026-09-17T20:28:34.821695+00:00,read,26908,2.393,True,
4878,97560.0,97560.384,2026-09-17T20:28:34.841805+00:00,read,99220,2.224,True,
4879,97580.0,97580.378,2026-09-17T20:28:34.861798+00:00,read,73669,2.09,True,
4880,97600.0,97600.379,2026-09-17T20:28:34.881805+00:00,read,62288,3.331,True,
4881,97620.0,97620.383,2026-09-17T20:28:34.901804+00:00,read,17579,2.952,True,
4882,97640.0,97640.291,2026-09-17T20:28:34.921712+00:00,read,51948,2.907,True,
4883,97660.0,97660.26,2026-09-17T20:28:34.941685+00:00,read,86628,2.179,True,
4884,97680.0,97680.361,2026-09-17T20:28:34.961785+00:00,read,4917,2.898,True,
4885,97700.0,97700.271,2026-09-17T20:28:34.981695+00:00,read,56298,2.836,True,
4886,97720.0,97720.362,2026-09-17T20:28:35.001784+00:00,read,60119,2.4,True,
4887,97740.0,97740.39,2026-09-17T20:28:35.021815+00:00,read,65019,3.748,True,
4888,97760.0,97760.237,2026-09-17T20:28:35.041657+00:00,read,26319,2.403,True,
4889,97780.0,97780.316,2026-09-17T20:28:35.061735+00:00,read,78539,1.88,True,
4890,97800.0,97800.295,2026-09-17T20:28:35.081718+00:00,write,22267,2.091,True,
4891,97820.0,97820.274,2026-09-17T20:28:35.101701+00:00,read,87495,2.917,True,
4892,97840.0,97840.245,2026-09-17T20:28:35.121677+00:00,read,93886,4.351,True,
4893,97860.0,97860.339,2026-09-17T20:28:35.141769+00:00,read,29365,4.287,True,
4894,97880.0,97880.275,2026-09-17T20:28:35.161702+00:00,read,22265,3.301,True,
4895,97900.0,97900.273,2026-09-17T20:28:35.181700+00:00,read,58725,2.229,True,
4896,97920.0,97920.627,2026-09-17T20:28:35.202048+00:00,read,4210,1.677,True,
4897,97940.0,97940.155,2026-09-17T20:28:35.221577+00:00,write,34671,2.949,True,
4898,97960.0,97960.213,2026-09-17T20:28:35.241636+00:00,read,21032,3.529,True,
4899,97980.0,97980.17,2026-09-17T20:28:35.261598+00:00,read,24835,3.197,True,
4900,98000.0,98000.285,2026-09-17T20:28:35.281709+00:00,read,89709,3.735,True,
4901,98020.0,98020.342,2026-09-17T20:28:35.301764+00:00,read,90549,2.788,True,
4902,98040.0,98040.321,2026-09-17T20:28:35.321744+00:00,read,12953,3.209,True,
4903,98060.0,98060.326,2026-09-17T20:28:35.341747+00:00,read,36479,2.222,True,
4904,98080.0,98080.297,2026-09-17T20:28:35.361721+00:00,write,37020,2.975,True,
4905,98100.0,98100.196,2026-09-17T20:28:35.381619+00:00,read,24792,3.044,True,
4906,98120.0,98120.438,2026-09-17T20:28:35.401862+00:00,write,88749,3.041,True,
4907,98140.0,98140.272,2026-09-17T20:28:35.421694+00:00,read,2641,3.106,True,
4908,98160.0,98160.309,2026-09-17T20:28:35.441729+00:00,read,27692,2.341,True,
4909,98180.0,98180.312,2026-09-17T20:28:35.461733+00:00,read,68909,2.598,True,
4910,98200.0,98200.281,2026-09-17T20:28:35.481708+00:00,read,37988,3.127,True,
4911,98220.0,98220.834,2026-09-17T20:28:35.502257+00:00,read,5044,2.769,True,
4912,98240.0,98240.415,2026-09-17T20:28:35.521842+00:00,read,67771,3.818,True,
4913,98260.0,98260.337,2026-09-17T20:28:35.541757+00:00,read,24871,2.48,True,
4914,98280.0,98280.385,2026-09-17T20:28:35.561808+00:00,write,44291,2.942,True,
4915,98300.0,98300.223,2026-09-17T20:28:35.581652+00:00,read,30144,3.613,True,
4916,98320.0,98320.168,2026-09-17T20:28:35.601588+00:00,read,1851,2.459,True,
4917,98340.0,98340.385,2026-09-17T20:28:35.621811+00:00,write,91407,3.047,True,
4918,98360.0,98360.435,2026-09-17T20:28:35.641864+00:00,read,99432,3.812,True,
4919,98380.0,98380.26,2026-09-17T20:28:35.661684+00:00,read,76564,2.44,True,
4920,98400.0,98400.683,2026-09-17T20:28:35.682107+00:00,read,16948,2.825,True,
4921,98420.0,98420.235,2026-09-17T20:28:35.701657+00:00,read,46321,2.211,True,
4922,98440.0,98440.206,2026-09-17T20:28:35.721628+00:00,write,44232,2.306,True,
4923,98460.0,98460.245,2026-09-17T20:28:35.741667+00:00,write,97450,2.165,True,
4924,98480.0,98480.204,2026-09-17T20:28:35.761627+00:00,read,42315,2.624,True,
4925,98500.0,98500.253,2026-09-17T20:28:35.781675+00:00,read,62363,2.562,True,
4926,98520.0,98520.193,2026-09-17T20:28:35.801619+00:00,read,54613,3.504,True,
4927,98540.0,98540.81,2026-09-17T20:28:35.822241+00:00,read,13448,4.125,True,
4928,98560.0,98560.308,2026-09-17T20:28:35.841740+00:00,read,1399,4.403,True,
4929,98580.0,98580.729,2026-09-17T20:28:35.862161+00:00,read,85439,8.16,True,
4930,98600.0,98600.316,2026-09-17T20:28:35.881749+00:00,read,30830,4.525,True,
4931,98620.0,98620.779,2026-09-17T20:28:35.902204+00:00,read,13956,2.174,True,
4932,98640.0,98640.266,2026-09-17T20:28:35.921698+00:00,read,87898,4.985,True,
4933,98660.0,98660.469,2026-09-17T20:28:35.941899+00:00,read,90633,3.634,True,
4934,98680.0,98680.237,2026-09-17T20:28:35.961668+00:00,write,97573,3.534,True,
4935,98700.0,98700.178,2026-09-17T20:28:35.981603+00:00,read,11584,2.752,True,
4936,98720.0,98720.151,2026-09-17T20:28:36.001573+00:00,read,40932,2.659,True,
4937,98740.0,98740.346,2026-09-17T20:28:36.021769+00:00,read,98375,2.561,True,
4938,98760.0,98760.394,2026-09-17T20:28:36.041820+00:00,write,39591,2.422,True,
4939,98780.0,98780.295,2026-09-17T20:28:36.061721+00:00,read,69815,3.052,True,
4940,98800.0,98800.161,2026-09-17T20:28:36.081587+00:00,read,5359,2.718,True,
4941,98820.0,98820.265,2026-09-17T20:28:36.101688+00:00,read,17945,3.476,True,
4942,98840.0,98840.184,2026-09-17T20:28:36.121606+00:00,read,3885,2.72,True,
4943,98860.0,98860.274,2026-09-17T20:28:36.141694+00:00,read,41981,2.536,True,
4944,98880.0,98880.24,2026-09-17T20:28:36.161664+00:00,read,87813,3.085,True,
4945,98900.0,98900.281,2026-09-17T20:28:36.181740+00:00,write,55316,2.275,True,
4946,98920.0,98920.335,2026-09-17T20:28:36.201758+00:00,read,72892,4.059,True,
4947,98940.0,98940.314,2026-09-17T20:28:36.221737+00:00,read,70268,3.145,True,
4948,98960.0,98960.241,2026-09-17T20:28:36.241666+00:00,read,22365,3.329,True,
4949,98980.0,98980.377,2026-09-17T20:28:36.261803+00:00,read,87871,4.242,True,
4950,99000.0,99000.28,2026-09-17T20:28:36.281712+00:00,write,44934,2.918,True,
4951,99020.0,99020.187,2026-09-17T20:28:36.301616+00:00,read,4624,3.762,True,
4952,99040.0,99040.387,2026-09-17T20:28:36.321815+00:00,write,23373,2.745,True,
4953,99060.0,99060.287,2026-09-17T20:28:36.341714+00:00,read,49113,3.379,True,
4954,99080.0,99080.287,2026-09-17T20:28:36.361715+00:00,read,16305,3.599,True,
4955,99100.0,99100.209,2026-09-17T20:28:36.381636+00:00,write,34166,2.403,True,
4956,99120.0,99120.246,2026-09-17T20:28:36.401673+00:00,read,67561,3.132,True,
4957,99140.0,99140.297,2026-09-17T20:28:36.421720+00:00,read,9448,3.259,True,
4958,99160.0,99160.293,2026-09-17T20:28:36.441717+00:00,read,68696,3.586,True,
4959,99180.0,99180.202,2026-09-17T20:28:36.461625+00:00,read,22545,3.384,True,
4960,99200.0,99200.18,2026-09-17T20:28:36.481604+00:00,read,84569,2.964,True,
4961,99220.0,99220.328,2026-09-17T20:28:36.501758+00:00,write,90195,3.258,True,
4962,99240.0,99240.322,2026-09-17T20:28:36.521747+00:00,write,40798,3.248,True,
4963,99260.0,99260.322,2026-09-17T20:28:36.541745+00:00,write,31175,2.788,True,
4964,99280.0,99280.416,2026-09-17T20:28:36.561843+00:00,read,40805,3.605,True,
4965,99300.0,99300.413,2026-09-17T20:28:36.581839+00:00,read,10172,3.597,True,
4966,99320.0,99320.177,2026-09-17T20:28:36.601601+00:00,read,43623,3.067,True,
4967,99340.0,99340.321,2026-09-17T20:28:36.621748+00:00,read,24240,3.612,True,
4968,99360.0,99360.351,2026-09-17T20:28:36.641774+00:00,read,72709,3.805,True,
4969,99380.0,99380.392,2026-09-17T20:28:36.661817+00:00,read,42278,2.973,True,
4970,99400.0,99400.327,2026-09-17T20:28:36.681756+00:00,read,67247,3.506,True,
4971,99420.0,99420.422,2026-09-17T20:28:36.701845+00:00,read,45281,3.658,True,
4972,99440.0,99440.343,2026-09-17T20:28:36.721766+00:00,read,94042,3.651,True,
4973,99460.0,99460.564,2026-09-17T20:28:36.741990+00:00,read,38199,3.679,True,
4974,99480.0,99480.165,2026-09-17T20:28:36.761595+00:00,read,40676,3.611,True,
4975,99500.0,99500.387,2026-09-17T20:28:36.781809+00:00,read,88604,3.17,True,
4976,99520.0,99520.324,2026-09-17T20:28:36.801748+00:00,write,92381,3.118,True,
4977,99540.0,99540.383,2026-09-17T20:28:36.821805+00:00,read,59154,3.544,True,
4978,99560.0,99560.313,2026-09-17T20:28:36.841739+00:00,read,98700,3.365,True,
4979,99580.0,99580.359,2026-09-17T20:28:36.861788+00:00,read,47161,3.725,True,
4980,99600.0,99600.475,2026-09-17T20:28:36.881898+00:00,read,73564,3.381,True,
4981,99620.0,99620.343,2026-09-17T20:28:36.901772+00:00,read,63802,3.75,True,
4982,99640.0,99640.308,2026-09-17T20:28:36.921735+00:00,write,23950,2.842,True,
4983,99660.0,99660.184,2026-09-17T20:28:36.941607+00:00,read,93532,3.947,True,
4984,99680.0,99680.175,2026-09-17T20:28:36.961598+00:00,read,96789,3.12,True,
4985,99700.0,99700.401,2026-09-17T20:28:36.981826+00:00,read,61582,4.081,True,
4986,99720.0,99720.392,2026-09-17T20:28:37.001820+00:00,write,84582,3.445,True,
4987,99740.0,99740.391,2026-09-17T20:28:37.021817+00:00,read,72651,4.077,True,
4988,99760.0,99760.223,2026-09-17T20:28:37.041652+00:00,read,5284,3.95,True,
4989,99780.0,99780.392,2026-09-17T20:28:37.061820+00:00,read,51987,3.768,True,
4990,99800.0,99800.221,2026-09-17T20:28:37.081646+00:00,write,98932,2.75,True,
4991,99820.0,99820.293,2026-09-17T20:28:37.101716+00:00,read,30928,3.47,True,
4992,99840.0,99840.493,2026-09-17T20:28:37.121920+00:00,read,57,3.658,True,
4993,99860.0,99860.267,2026-09-17T20:28:37.141696+00:00,write,91189,3.304,True,
4994,99880.0,99880.214,2026-09-17T20:28:37.161640+00:00,read,7348,3.52,True,
4995,99900.0,99900.285,2026-09-17T20:28:37.181709+00:00,read,62632,3.438,True,
4996,99920.0,99920.386,2026-09-17T20:28:37.201814+00:00,write,60823,3.487,True,
4997,99940.0,99940.365,2026-09-17T20:28:37.221787+00:00,read,32374,2.909,True,
4998,99960.0,99960.276,2026-09-17T20:28:37.241704+00:00,read,33036,3.51,True,
4999,99980.0,99980.409,2026-09-17T20:28:37.261836+00:00,read,23617,3.587,True,
5000,100000.0,100000.399,2026-09-17T20:28:37.281825+00:00,read,5790,3.693,True,
5001,100020.0,100020.237,2026-09-17T20:28:37.301663+00:00,read,18670,3.201,True,
5002,100040.0,100040.294,2026-09-17T20:28:37.321723+00:00,write,80328,3.012,True,
5003,100060.0,100060.31,2026-09-17T20:28:37.341738+00:00,write,21073,3.394,True,
5004,100080.0,100080.256,2026-09-17T20:28:37.361684+00:00,read,41203,3.435,True,
5005,100100.0,100100.339,2026-09-17T20:28:37.381767+00:00,read,97802,3.743,True,
5006,100120.0,100120.285,2026-09-17T20:28:37.401714+00:00,read,45014,3.687,True,
5007,100140.0,100140.305,2026-09-17T20:28:37.421733+00:00,read,43381,3.483,True,
5008,100160.0,100160.244,2026-09-17T20:28:37.441668+00:00,read,50267,2.617,True,
5009,100180.0,100180.401,2026-09-17T20:28:37.461830+00:00,read,47206,3.321,True,
5010,100200.0,100200.327,2026-09-17T20:28:37.481756+00:00,write,56885,3.324,True,
5011,100220.0,100220.169,2026-09-17T20:28:37.501597+00:00,read,16797,3.482,True,
5012,100240.0,100240.295,2026-09-17T20:28:37.521721+00:00,write,74655,3.359,True,
5013,100260.0,100260.358,2026-09-17T20:28:37.541780+00:00,read,63024,3.438,True,
5014,100280.0,100280.377,2026-09-17T20:28:37.561800+00:00,write,59518,2.831,True,
5015,100300.0,100300.266,2026-09-17T20:28:37.581690+00:00,read,23984,3.032,True,
5016,100320.0,100320.229,2026-09-17T20:28:37.601652+00:00,read,13374,2.972,True,
5017,100340.0,100340.283,2026-09-17T20:28:37.621706+00:00,read,55454,3.08,True,
5018,100360.0,100360.299,2026-09-17T20:28:37.641721+00:00,read,12848,2.886,True,
5019,100380.0,100380.186,2026-09-17T20:28:37.661612+00:00,read,51019,3.284,True,
5020,100400.0,100400.192,2026-09-17T20:28:37.681618+00:00,write,68973,2.736,True,
5021,100420.0,100420.204,2026-09-17T20:28:37.701630+00:00,read,95235,3.996,True,
5022,100440.0,100440.362,2026-09-17T20:28:37.721787+00:00,read,84507,3.259,True,
5023,100460.0,100460.386,2026-09-17T20:28:37.741820+00:00,read,46927,3.164,True,
5024,100480.0,100480.399,2026-09-17T20:28:37.761822+00:00,read,97242,3.446,True,
5025,100500.0,100500.421,2026-09-17T20:28:37.781845+00:00,read,27772,3.474,True,
5026,100520.0,100520.216,2026-09-17T20:28:37.801641+00:00,read,15714,3.332,True,
5027,100540.0,100540.505,2026-09-17T20:28:37.821932+00:00,read,46374,3.852,True,
5028,100560.0,100560.467,2026-09-17T20:28:37.841895+00:00,read,66473,3.901,True,
5029,100580.0,100580.282,2026-09-17T20:28:37.861710+00:00,write,22399,3.384,True,
5030,100600.0,100600.407,2026-09-17T20:28:37.881829+00:00,read,4613,3.525,True,
5031,100620.0,100620.504,2026-09-17T20:28:37.901936+00:00,write,66257,3.172,True,
5032,100640.0,100640.264,2026-09-17T20:28:37.921687+00:00,read,59581,3.041,True,
5033,100660.0,100660.266,2026-09-17T20:28:37.941696+00:00,write,41059,3.199,True,
5034,100680.0,100680.315,2026-09-17T20:28:37.961746+00:00,write,99639,3.3,True,
5035,100700.0,100700.267,2026-09-17T20:28:37.981693+00:00,read,4370,2.867,True,
5036,100720.0,100720.187,2026-09-17T20:28:38.001613+00:00,read,41880,3.107,True,
5037,100740.0,100740.187,2026-09-17T20:28:38.021609+00:00,read,72120,2.657,True,
5038,100760.0,100760.186,2026-09-17T20:28:38.041608+00:00,read,66498,3.369,True,
5039,100780.0,100780.375,2026-09-17T20:28:38.061800+00:00,read,79416,2.884,True,
5040,100800.0,100800.191,2026-09-17T20:28:38.081617+00:00,write,91931,2.217,True,
5041,100820.0,100820.189,2026-09-17T20:28:38.101617+00:00,read,98393,3.521,True,
5042,100840.0,100840.325,2026-09-17T20:28:38.121748+00:00,read,8883,3.072,True,
5043,100860.0,100860.292,2026-09-17T20:28:38.141720+00:00,read,79912,3.523,True,
5044,100880.0,100880.288,2026-09-17T20:28:38.161716+00:00,write,60752,2.581,True,
5045,100900.0,100900.394,2026-09-17T20:28:38.181824+00:00,write,5551,3.273,True,
5046,100920.0,100920.204,2026-09-17T20:28:38.201630+00:00,write,67135,3.071,True,
5047,100940.0,100940.297,2026-09-17T20:28:38.221721+00:00,read,42364,3.698,True,
5048,100960.0,100960.306,2026-09-17T20:28:38.241729+00:00,read,32760,3.168,True,
5049,100980.0,100980.28,2026-09-17T20:28:38.261703+00:00,write,42534,2.663,True,
5050,101000.0,101000.245,2026-09-17T20:28:38.281672+00:00,read,94443,2.895,True,
5051,101020.0,101020.453,2026-09-17T20:28:38.301882+00:00,write,64624,3.302,True,
5052,101040.0,101040.316,2026-09-17T20:28:38.321741+00:00,read,45605,3.73,True,
5053,101060.0,101060.26,2026-09-17T20:28:38.341689+00:00,read,31418,3.894,True,
5054,101080.0,101080.342,2026-09-17T20:28:38.361768+00:00,read,40006,3.355,True,
5055,101100.0,101100.274,2026-09-17T20:28:38.381701+00:00,read,41753,3.196,True,
5056,101120.0,101120.269,2026-09-17T20:28:38.401698+00:00,read,10656,3.625,True,
5057,101140.0,101140.282,2026-09-17T20:28:38.421709+00:00,read,75,3.552,True,
5058,101160.0,101160.308,2026-09-17T20:28:38.441730+00:00,read,49975,3.365,True,
5059,101180.0,101180.298,2026-09-17T20:28:38.461720+00:00,read,2140,3.085,True,
5060,101200.0,101200.23,2026-09-17T20:28:38.481658+00:00,write,99442,3.028,True,
5061,101220.0,101220.261,2026-09-17T20:28:38.501686+00:00,read,84415,2.827,True,
5062,101240.0,101240.29,2026-09-17T20:28:38.521719+00:00,read,64484,3.617,True,
5063,101260.0,101260.176,2026-09-17T20:28:38.541599+00:00,read,33848,3.242,True,
5064,101280.0,101280.412,2026-09-17T20:28:38.561836+00:00,read,48234,3.207,True,
5065,101300.0,101300.469,2026-09-17T20:28:38.581891+00:00,write,52664,2.105,True,
5066,101320.0,101320.373,2026-09-17T20:28:38.601804+00:00,read,74392,3.387,True,
5067,101340.0,101340.451,2026-09-17T20:28:38.621885+00:00,read,47454,3.71,True,
5068,101360.0,101360.314,2026-09-17T20:28:38.641741+00:00,read,20387,3.363,True,
5069,101380.0,101380.32,2026-09-17T20:28:38.661753+00:00,read,44385,3.789,True,
5070,101400.0,101400.287,2026-09-17T20:28:38.681711+00:00,read,61522,2.81,True,
5071,101420.0,101420.304,2026-09-17T20:28:38.701731+00:00,write,48572,2.589,True,
5072,101440.0,101440.44,2026-09-17T20:28:38.721869+00:00,write,19912,3.277,True,
5073,101460.0,101460.267,2026-09-17T20:28:38.741699+00:00,read,32923,3.714,True,
5074,101480.0,101480.412,2026-09-17T20:28:38.761837+00:00,write,11622,3.119,True,
5075,101500.0,101500.471,2026-09-17T20:28:38.781895+00:00,read,94993,3.752,True,
5076,101520.0,101520.302,2026-09-17T20:28:38.801729+00:00,read,75907,3.397,True,
5077,101540.0,101540.241,2026-09-17T20:28:38.821672+00:00,read,23927,4.116,True,
5078,101560.0,101560.41,2026-09-17T20:28:38.841843+00:00,read,74456,3.946,True,
5079,101580.0,101580.264,2026-09-17T20:28:38.861695+00:00,read,35758,3.789,True,
5080,101600.0,101600.419,2026-09-17T20:28:38.881850+00:00,read,16641,3.771,True,
5081,101620.0,101620.508,2026-09-17T20:28:38.901939+00:00,read,73651,3.374,True,
5082,101640.0,101640.328,2026-09-17T20:28:38.921762+00:00,read,30593,3.916,True,
5083,101660.0,101660.312,2026-09-17T20:28:38.941743+00:00,write,23414,3.308,True,
5084,101680.0,101680.245,2026-09-17T20:28:38.961679+00:00,write,27819,3.338,True,
5085,101700.0,101700.333,2026-09-17T20:28:38.981764+00:00,write,85319,2.991,True,
5086,101720.0,101720.509,2026-09-17T20:28:39.001939+00:00,read,75646,3.591,True,
5087,101740.0,101740.306,2026-09-17T20:28:39.021737+00:00,read,48859,3.646,True,
5088,101760.0,101760.217,2026-09-17T20:28:39.041648+00:00,read,97347,3.875,True,
5089,101780.0,101780.295,2026-09-17T20:28:39.061722+00:00,write,86790,3.003,True,
5090,101800.0,101800.286,2026-09-17T20:28:39.081792+00:00,read,57658,2.929,True,
5091,101820.0,101820.226,2026-09-17T20:28:39.101655+00:00,read,66234,3.648,True,
5092,101840.0,101840.232,2026-09-17T20:28:39.121664+00:00,read,31543,3.864,True,
5093,101860.0,101860.437,2026-09-17T20:28:39.141870+00:00,read,80619,3.982,True,
5094,101880.0,101880.434,2026-09-17T20:28:39.161864+00:00,read,67912,3.338,True,
5095,101900.0,101900.451,2026-09-17T20:28:39.181881+00:00,write,66477,3.355,True,
5096,101920.0,101920.203,2026-09-17T20:28:39.201628+00:00,read,12959,3.293,True,
5097,101940.0,101940.392,2026-09-17T20:28:39.221817+00:00,read,62600,3.414,True,
5098,101960.0,101960.227,2026-09-17T20:28:39.241655+00:00,read,6207,3.441,True,
5099,101980.0,101980.277,2026-09-17T20:28:39.261707+00:00,read,18505,3.292,True,
5100,102000.0,102000.384,2026-09-17T20:28:39.281811+00:00,read,92326,3.407,True,
5101,102020.0,102020.276,2026-09-17T20:28:39.301700+00:00,read,93794,2.992,True,
5102,102040.0,102040.284,2026-09-17T20:28:39.321714+00:00,read,39207,3.519,True,
5103,102060.0,102060.311,2026-09-17T20:28:39.341734+00:00,read,20150,3.121,True,
5104,102080.0,102080.385,2026-09-17T20:28:39.361808+00:00,write,30052,2.692,True,
5105,102100.0,102100.447,2026-09-17T20:28:39.381871+00:00,read,29745,3.115,True,
5106,102120.0,102120.2,2026-09-17T20:28:39.401626+00:00,read,2045,3.564,True,
5107,102140.0,102140.235,2026-09-17T20:28:39.421661+00:00,read,24162,2.885,True,
5108,102160.0,102160.328,2026-09-17T20:28:39.441758+00:00,read,19936,3.694,True,
5109,102180.0,102180.642,2026-09-17T20:28:39.462073+00:00,write,17209,3.119,True,
5110,102200.0,102200.33,2026-09-17T20:28:39.481759+00:00,read,76144,3.994,True,
5111,102220.0,102220.16,2026-09-17T20:28:39.501581+00:00,read,82497,2.747,True,
5112,102240.0,102240.205,2026-09-17T20:28:39.521629+00:00,write,63748,2.681,True,
5113,102260.0,102260.307,2026-09-17T20:28:39.541737+00:00,read,17811,3.392,True,
5114,102280.0,102280.197,2026-09-17T20:28:39.561624+00:00,read,90211,3.279,True,
5115,102300.0,102300.199,2026-09-17T20:28:39.581626+00:00,write,90626,2.926,True,
5116,102320.0,102320.196,2026-09-17T20:28:39.601622+00:00,read,33539,3.044,True,
5117,102340.0,102340.414,2026-09-17T20:28:39.621839+00:00,read,24326,3.643,True,
5118,102360.0,102360.173,2026-09-17T20:28:39.641597+00:00,read,93470,2.805,True,
5119,102380.0,102380.378,2026-09-17T20:28:39.661800+00:00,write,90169,3.158,True,
5120,102400.0,102400.256,2026-09-17T20:28:39.681677+00:00,read,70193,3.036,True,
5121,102420.0,102420.184,2026-09-17T20:28:39.701611+00:00,write,70557,3.21,True,
5122,102440.0,102440.373,2026-09-17T20:28:39.721798+00:00,read,86720,3.423,True,
5123,102460.0,102460.496,2026-09-17T20:28:39.741924+00:00,read,11235,3.746,True,
5124,102480.0,102480.288,2026-09-17T20:28:39.761714+00:00,read,4484,3.344,True,
5125,102500.0,102500.401,2026-09-17T20:28:39.781830+00:00,read,12371,3.813,True,
5126,102520.0,102520.417,2026-09-17T20:28:39.801848+00:00,read,31710,3.628,True,
5127,102540.0,102540.299,2026-09-17T20:28:39.821731+00:00,read,80153,4.66,True,
5128,102560.0,102560.285,2026-09-17T20:28:39.841717+00:00,write,16844,3.482,True,
5129,102580.0,102580.314,2026-09-17T20:28:39.861741+00:00,read,80509,3.451,True,
5130,102600.0,102600.205,2026-09-17T20:28:39.881632+00:00,read,1442,3.578,True,
5131,102620.0,102620.245,2026-09-17T20:28:39.901668+00:00,read,1007,2.558,True,
5132,102640.0,102640.167,2026-09-17T20:28:39.921592+00:00,read,26033,2.345,True,
5133,102660.0,102660.202,2026-09-17T20:28:39.941633+00:00,read,66894,3.853,True,
5134,102680.0,102680.137,2026-09-17T20:28:39.961564+00:00,write,87720,2.971,True,
5135,102700.0,102700.213,2026-09-17T20:28:39.981643+00:00,read,80081,3.354,True,
5136,102720.0,102720.289,2026-09-17T20:28:40.001716+00:00,read,64035,2.948,True,
5137,102740.0,102740.205,2026-09-17T20:28:40.021634+00:00,write,91259,3.321,True,
5138,102760.0,102760.209,2026-09-17T20:28:40.041638+00:00,read,98719,3.911,True,
5139,102780.0,102780.516,2026-09-17T20:28:40.061948+00:00,read,24806,3.866,True,
5140,102800.0,102800.444,2026-09-17T20:28:40.081877+00:00,read,14753,3.621,True,
5141,102820.0,102820.162,2026-09-17T20:28:40.101589+00:00,read,13619,3.301,True,
5142,102840.0,102840.186,2026-09-17T20:28:40.121614+00:00,write,99575,5.846,True,
5143,102860.0,102860.156,2026-09-17T20:28:40.141579+00:00,write,97100,1.689,True,
5144,102880.0,102880.157,2026-09-17T20:28:40.161586+00:00,read,78135,2.449,True,
5145,102900.0,102900.19,2026-09-17T20:28:40.181614+00:00,read,18363,4.115,True,
5146,102920.0,102920.173,2026-09-17T20:28:40.201596+00:00,read,99249,3.111,True,
5147,102940.0,102940.256,2026-09-17T20:28:40.221679+00:00,read,52895,2.828,True,
5148,102960.0,102960.409,2026-09-17T20:28:40.241830+00:00,read,9337,2.67,True,
5149,102980.0,102980.149,2026-09-17T20:28:40.261572+00:00,read,93990,2.484,True,
5150,103000.0,103000.213,2026-09-17T20:28:40.281636+00:00,read,63206,2.596,True,
5151,103020.0,103020.208,2026-09-17T20:28:40.301634+00:00,read,6841,2.886,True,
5152,103040.0,103040.226,2026-09-17T20:28:40.321654+00:00,read,36039,3.536,True,
5153,103060.0,103060.257,2026-09-17T20:28:40.341684+00:00,write,7652,3.118,True,
5154,103080.0,103080.157,2026-09-17T20:28:40.361584+00:00,read,521,3.002,True,
5155,103100.0,103100.267,2026-09-17T20:28:40.381695+00:00,read,49690,2.956,True,
5156,103120.0,103120.376,2026-09-17T20:28:40.401806+00:00,read,68941,3.831,True,
5157,103140.0,103140.302,2026-09-17T20:28:40.421727+00:00,read,71815,2.634,True,
5158,103160.0,103160.277,2026-09-17T20:28:40.441707+00:00,read,52006,3.609,True,
5159,103180.0,103180.226,2026-09-17T20:28:40.461651+00:00,read,96284,3.841,True,
5160,103200.0,103200.225,2026-09-17T20:28:40.481646+00:00,read,90653,2.66,True,
5161,103220.0,103220.282,2026-09-17T20:28:40.501705+00:00,read,94120,3.837,True,
5162,103240.0,103240.356,2026-09-17T20:28:40.521778+00:00,read,84557,3.211,True,
5163,103260.0,103260.395,2026-09-17T20:28:40.541820+00:00,read,88336,3.212,True,
5164,103280.0,103280.343,2026-09-17T20:28:40.561767+00:00,read,77074,2.348,True,
5165,103300.0,103300.152,2026-09-17T20:28:40.581576+00:00,write,1499,2.935,True,
5166,103320.0,103320.166,2026-09-17T20:28:40.601593+00:00,read,62654,3.456,True,
5167,103340.0,103340.143,2026-09-17T20:28:40.621567+00:00,read,47581,2.969,True,
5168,103360.0,103360.384,2026-09-17T20:28:40.641809+00:00,read,22157,3.238,True,
5169,103380.0,103380.251,2026-09-17T20:28:40.661676+00:00,write,44840,2.689,True,
5170,103400.0,103400.167,2026-09-17T20:28:40.681593+00:00,read,12908,3.106,True,
5171,103420.0,103420.307,2026-09-17T20:28:40.701733+00:00,read,65930,3.222,True,
5172,103440.0,103440.191,2026-09-17T20:28:40.721618+00:00,write,97041,2.731,True,
5173,103460.0,103460.23,2026-09-17T20:28:40.741655+00:00,read,60446,3.6,True,
5174,103480.0,103480.231,2026-09-17T20:28:40.761655+00:00,write,78168,2.744,True,
5175,103500.0,103500.31,2026-09-17T20:28:40.781732+00:00,read,2807,3.625,True,
5176,103520.0,103520.431,2026-09-17T20:28:40.801857+00:00,read,11614,3.455,True,
5177,103540.0,103540.468,2026-09-17T20:28:40.821897+00:00,read,56163,3.716,True,
5178,103560.0,103560.352,2026-09-17T20:28:40.841820+00:00,read,74129,3.183,True,
5179,103580.0,103580.609,2026-09-17T20:28:40.862038+00:00,read,83858,3.653,True,
5180,103600.0,103600.387,2026-09-17T20:28:40.881814+00:00,read,92523,2.896,True,
5181,103620.0,103620.343,2026-09-17T20:28:40.901767+00:00,read,42664,3.112,True,
5182,103640.0,103640.223,2026-09-17T20:28:40.921652+00:00,read,60261,3.583,True,
5183,103660.0,103660.259,2026-09-17T20:28:40.941687+00:00,read,49873,4.965,True,
5184,103680.0,103680.361,2026-09-17T20:28:40.961791+00:00,read,7240,3.503,True,
5185,103700.0,103700.376,2026-09-17T20:28:40.981803+00:00,write,99083,2.754,True,
5186,103720.0,103720.364,2026-09-17T20:28:41.001793+00:00,read,20053,3.887,True,
5187,103740.0,103740.394,2026-09-17T20:28:41.021824+00:00,read,8516,3.618,True,
5188,103760.0,103760.547,2026-09-17T20:28:41.041977+00:00,write,50816,3.286,True,
5189,103780.0,103780.243,2026-09-17T20:28:41.061670+00:00,read,86908,3.429,True,
5190,103800.0,103800.349,2026-09-17T20:28:41.081780+00:00,read,11554,3.026,True,
5191,103820.0,103820.329,2026-09-17T20:28:41.101759+00:00,read,233,3.6,True,
5192,103840.0,103840.453,2026-09-17T20:28:41.121882+00:00,read,6101,3.74,True,
5193,103860.0,103860.451,2026-09-17T20:28:41.141882+00:00,write,45022,3.31,True,
5194,103880.0,103880.329,2026-09-17T20:28:41.161761+00:00,write,10477,3.492,True,
5195,103900.0,103900.429,2026-09-17T20:28:41.181854+00:00,read,93090,3.503,True,
5196,103920.0,103920.298,2026-09-17T20:28:41.201724+00:00,read,68258,4.004,True,
5197,103940.0,103940.438,2026-09-17T20:28:41.221867+00:00,write,90320,3.536,True,
5198,103960.0,103960.251,2026-09-17T20:28:41.241683+00:00,read,17439,3.718,True,
5199,103980.0,103980.264,2026-09-17T20:28:41.261688+00:00,read,33560,3.031,True,
5200,104000.0,104000.332,2026-09-17T20:28:41.281760+00:00,write,75952,3.276,True,
5201,104020.0,104020.31,2026-09-17T20:28:41.301741+00:00,read,74217,3.618,True,
5202,104040.0,104040.289,2026-09-17T20:28:41.321718+00:00,read,85058,3.493,True,
5203,104060.0,104060.325,2026-09-17T20:28:41.341747+00:00,read,54149,3.505,True,
5204,104080.0,104080.409,2026-09-17T20:28:41.361836+00:00,read,87629,2.928,True,
5205,104100.0,104100.278,2026-09-17T20:28:41.381703+00:00,read,23473,3.234,True,
5206,104120.0,104120.246,2026-09-17T20:28:41.401668+00:00,write,51572,2.367,True,
5207,104140.0,104140.491,2026-09-17T20:28:41.421920+00:00,read,47119,3.453,True,
5208,104160.0,104160.236,2026-09-17T20:28:41.441667+00:00,read,77594,3.858,True,
5209,104180.0,104180.214,2026-09-17T20:28:41.461643+00:00,write,56884,2.469,True,
5210,104200.0,104200.271,2026-09-17T20:28:41.481697+00:00,read,49113,3.425,True,
5211,104220.0,104220.363,2026-09-17T20:28:41.501786+00:00,read,76913,2.861,True,
5212,104240.0,104240.221,2026-09-17T20:28:41.521653+00:00,read,41915,3.984,True,
5213,104260.0,104260.227,2026-09-17T20:28:41.541649+00:00,read,53819,2.597,True,
5214,104280.0,104280.481,2026-09-17T20:28:41.561910+00:00,read,15957,3.864,True,
5215,104300.0,104300.451,2026-09-17T20:28:41.581881+00:00,read,66853,3.662,True,
5216,104320.0,104320.273,2026-09-17T20:28:41.601701+00:00,read,43088,3.433,True,
5217,104340.0,104340.472,2026-09-17T20:28:41.621901+00:00,read,48324,3.571,True,
5218,104360.0,104360.282,2026-09-17T20:28:41.641711+00:00,read,17307,3.567,True,
5219,104380.0,104380.259,2026-09-17T20:28:41.661687+00:00,write,82083,3.267,True,
5220,104400.0,104400.386,2026-09-17T20:28:41.681813+00:00,read,39247,3.727,True,
5221,104420.0,104420.367,2026-09-17T20:28:41.701794+00:00,read,92700,3.264,True,
5222,104440.0,104440.405,2026-09-17T20:28:41.721834+00:00,read,67652,3.764,True,
5223,104460.0,104460.297,2026-09-17T20:28:41.741723+00:00,read,71194,3.37,True,
5224,104480.0,104480.29,2026-09-17T20:28:41.761716+00:00,read,36757,3.327,True,
5225,104500.0,104500.326,2026-09-17T20:28:41.781750+00:00,read,96688,2.916,True,
5226,104520.0,104520.169,2026-09-17T20:28:41.801595+00:00,read,43831,3.322,True,
5227,104540.0,104540.393,2026-09-17T20:28:41.821880+00:00,read,71566,3.335,True,
5228,104560.0,104560.269,2026-09-17T20:28:41.841693+00:00,write,43790,2.521,True,
5229,104580.0,104580.283,2026-09-17T20:28:41.861707+00:00,read,41952,3.173,True,
5230,104600.0,104600.363,2026-09-17T20:28:41.881792+00:00,write,48177,2.915,True,
5231,104620.0,104620.282,2026-09-17T20:28:41.901708+00:00,read,40373,3.61,True,
5232,104640.0,104640.38,2026-09-17T20:28:41.921806+00:00,read,73251,3.454,True,
5233,104660.0,104660.349,2026-09-17T20:28:41.941774+00:00,write,55075,2.844,True,
5234,104680.0,104680.321,2026-09-17T20:28:41.961746+00:00,read,23673,2.105,True,
5235,104700.0,104700.131,2026-09-17T20:28:41.981555+00:00,read,32300,2.773,True,
5236,104720.0,104720.382,2026-09-17T20:28:42.001807+00:00,read,41179,2.895,True,
5237,104740.0,104740.367,2026-09-17T20:28:42.021795+00:00,write,74524,3.21,True,
5238,104760.0,104760.418,2026-09-17T20:28:42.041844+00:00,read,33955,3.045,True,
5239,104780.0,104780.306,2026-09-17T20:28:42.061732+00:00,write,94590,2.603,True,
5240,104800.0,104800.264,2026-09-17T20:28:42.081689+00:00,read,917,2.716,True,
5241,104820.0,104820.291,2026-09-17T20:28:42.101720+00:00,read,71756,3.509,True,
5242,104840.0,104840.315,2026-09-17T20:28:42.121743+00:00,read,21064,3.292,True,
5243,104860.0,104860.202,2026-09-17T20:28:42.141630+00:00,write,8877,2.866,True,
5244,104880.0,104880.221,2026-09-17T20:28:42.161646+00:00,read,75346,3.457,True,
5245,104900.0,104900.252,2026-09-17T20:28:42.181681+00:00,read,22549,3.071,True,
5246,104920.0,104920.196,2026-09-17T20:28:42.201622+00:00,read,6527,3.049,True,
5247,104940.0,104940.26,2026-09-17T20:28:42.221685+00:00,read,82833,2.355,True,
5248,104960.0,104960.3,2026-09-17T20:28:42.241724+00:00,write,79516,2.152,True,
5249,104980.0,104980.483,2026-09-17T20:28:42.261918+00:00,read,83776,4.291,True,
5250,105000.0,105000.222,2026-09-17T20:28:42.281650+00:00,read,54239,3.625,True,
5251,105020.0,105020.438,2026-09-17T20:28:42.301864+00:00,read,6009,3.129,True,
5252,105040.0,105040.397,2026-09-17T20:28:42.321827+00:00,read,91852,3.785,True,
5253,105060.0,105060.427,2026-09-17T20:28:42.341855+00:00,write,20032,3.145,True,
5254,105080.0,105080.418,2026-09-17T20:28:42.361844+00:00,read,72485,3.367,True,
5255,105100.0,105100.216,2026-09-17T20:28:42.381640+00:00,write,44501,2.436,True,
5256,105120.0,105120.387,2026-09-17T20:28:42.401816+00:00,read,20776,3.352,True,
5257,105140.0,105140.226,2026-09-17T20:28:42.421656+00:00,read,51789,3.628,True,
5258,105160.0,105160.272,2026-09-17T20:28:42.441705+00:00,read,50845,3.764,True,
5259,105180.0,105180.268,2026-09-17T20:28:42.461688+00:00,read,96219,2.331,True,
5260,105200.0,105200.257,2026-09-17T20:28:42.481682+00:00,read,43657,2.6,True,
5261,105220.0,105220.254,2026-09-17T20:28:42.501676+00:00,read,92247,2.587,True,
5262,105240.0,105240.257,2026-09-17T20:28:42.521678+00:00,read,95881,2.542,True,
5263,105260.0,105260.186,2026-09-17T20:28:42.541612+00:00,read,8529,2.27,True,
5264,105280.0,105280.19,2026-09-17T20:28:42.561619+00:00,write,36331,2.073,True,
5265,105300.0,105300.28,2026-09-17T20:28:42.581709+00:00,read,37684,3.863,True,
5266,105320.0,105320.191,2026-09-17T20:28:42.601618+00:00,read,12924,4.565,True,
5267,105340.0,105340.359,2026-09-17T20:28:42.621789+00:00,read,69513,3.79,True,
5268,105360.0,105360.306,2026-09-17T20:28:42.641734+00:00,read,50124,3.273,True,
5269,105380.0,105380.295,2026-09-17T20:28:42.661724+00:00,read,81792,3.69,True,
5270,105400.0,105400.303,2026-09-17T20:28:42.681731+00:00,read,30507,3.432,True,
5271,105420.0,105420.147,2026-09-17T20:28:42.701570+00:00,write,5979,2.766,True,
5272,105440.0,105440.375,2026-09-17T20:28:42.721797+00:00,read,70954,2.992,True,
5273,105460.0,105460.366,2026-09-17T20:28:42.741789+00:00,read,62972,3.479,True,
5274,105480.0,105480.266,2026-09-17T20:28:42.761690+00:00,read,97656,3.222,True,
5275,105500.0,105500.152,2026-09-17T20:28:42.781580+00:00,write,50894,2.447,True,
5276,105520.0,105520.364,2026-09-17T20:28:42.801793+00:00,read,63166,3.488,True,
5277,105540.0,105540.356,2026-09-17T20:28:42.821787+00:00,read,26090,4.133,True,
5278,105560.0,105560.372,2026-09-17T20:28:42.841806+00:00,read,86290,3.819,True,
5279,105580.0,105580.339,2026-09-17T20:28:42.861765+00:00,read,58376,3.467,True,
5280,105600.0,105600.649,2026-09-17T20:28:42.882080+00:00,read,27256,4.023,True,
5281,105620.0,105620.426,2026-09-17T20:28:42.901858+00:00,read,13407,3.884,True,
5282,105640.0,105640.241,2026-09-17T20:28:42.921674+00:00,read,53599,3.742,True,
5283,105660.0,105660.297,2026-09-17T20:28:42.941728+00:00,read,43429,4.416,True,
5284,105680.0,105680.237,2026-09-17T20:28:42.961669+00:00,read,97698,3.818,True,
5285,105700.0,105700.305,2026-09-17T20:28:42.981740+00:00,read,80139,3.558,True,
5286,105720.0,105720.345,2026-09-17T20:28:43.001776+00:00,read,91209,3.734,True,
5287,105740.0,105740.481,2026-09-17T20:28:43.021916+00:00,read,65567,3.968,True,
5288,105760.0,105760.331,2026-09-17T20:28:43.041759+00:00,read,63488,3.383,True,
5289,105780.0,105780.389,2026-09-17T20:28:43.061810+00:00,read,97800,3.416,True,
5290,105800.0,105800.327,2026-09-17T20:28:43.081755+00:00,read,55715,3.283,True,
5291,105820.0,105820.248,2026-09-17T20:28:43.101673+00:00,write,84566,3.15,True,
5292,105840.0,105840.319,2026-09-17T20:28:43.121750+00:00,read,59336,3.817,True,
5293,105860.0,105860.47,2026-09-17T20:28:43.141897+00:00,read,46925,3.548,True,
5294,105880.0,105880.321,2026-09-17T20:28:43.161749+00:00,read,48874,3.748,True,
5295,105900.0,105900.4,2026-09-17T20:28:43.181827+00:00,read,42165,3.308,True,
5296,105920.0,105920.227,2026-09-17T20:28:43.201653+00:00,read,95520,3.583,True,
5297,105940.0,105940.313,2026-09-17T20:28:43.221736+00:00,write,70785,2.981,True,
5298,105960.0,105960.387,2026-09-17T20:28:43.241817+00:00,read,51155,3.587,True,
5299,105980.0,105980.396,2026-09-17T20:28:43.261825+00:00,read,66084,3.995,True,
5300,106000.0,106000.173,2026-09-17T20:28:43.281631+00:00,write,73256,2.662,True,
5301,106020.0,106020.322,2026-09-17T20:28:43.301747+00:00,read,1783,3.234,True,
5302,106040.0,106040.468,2026-09-17T20:28:43.321894+00:00,read,79849,3.376,True,
5303,106060.0,106060.257,2026-09-17T20:28:43.341687+00:00,read,48451,3.71,True,
5304,106080.0,106080.178,2026-09-17T20:28:43.361601+00:00,read,81240,3.126,True,
5305,106100.0,106100.52,2026-09-17T20:28:43.381948+00:00,read,86690,3.524,True,
5306,106120.0,106120.527,2026-09-17T20:28:43.401955+00:00,write,54320,2.962,True,
5307,106140.0,106140.319,2026-09-17T20:28:43.421748+00:00,read,96781,3.525,True,
5308,106160.0,106160.223,2026-09-17T20:28:43.441651+00:00,read,89986,3.569,True,
5309,106180.0,106180.296,2026-09-17T20:28:43.461727+00:00,read,17308,3.547,True,
5310,106200.0,106200.507,2026-09-17T20:28:43.481938+00:00,read,1256,3.913,True,
5311,106220.0,106220.469,2026-09-17T20:28:43.501896+00:00,read,18562,3.586,True,
5312,106240.0,106240.181,2026-09-17T20:28:43.521610+00:00,write,63594,3.067,True,
5313,106260.0,106260.174,2026-09-17T20:28:43.541594+00:00,read,9940,2.045,True,
5314,106280.0,106280.302,2026-09-17T20:28:43.561728+00:00,read,34621,3.456,True,
5315,106300.0,106300.182,2026-09-17T20:28:43.581610+00:00,write,67147,2.508,True,
5316,106320.0,106320.184,2026-09-17T20:28:43.601607+00:00,read,65132,2.432,True,
5317,106340.0,106340.325,2026-09-17T20:28:43.621747+00:00,write,3604,3.474,True,
5318,106360.0,106360.231,2026-09-17T20:28:43.641661+00:00,write,17828,3.335,True,
5319,106380.0,106380.16,2026-09-17T20:28:43.661585+00:00,write,2513,2.616,True,
5320,106400.0,106400.365,2026-09-17T20:28:43.681793+00:00,read,71201,3.049,True,
5321,106420.0,106420.166,2026-09-17T20:28:43.701590+00:00,read,88013,2.993,True,
5322,106440.0,106440.209,2026-09-17T20:28:43.721636+00:00,write,51100,2.749,True,
5323,106460.0,106460.24,2026-09-17T20:28:43.741669+00:00,read,80209,3.356,True,
5324,106480.0,106480.341,2026-09-17T20:28:43.761768+00:00,write,80857,3.186,True,
5325,106500.0,106500.302,2026-09-17T20:28:43.781725+00:00,write,73613,3.145,True,
5326,106520.0,106520.42,2026-09-17T20:28:43.801845+00:00,write,64825,3.114,True,
5327,106540.0,106540.285,2026-09-17T20:28:43.821707+00:00,read,65753,3.729,True,
5328,106560.0,106560.454,2026-09-17T20:28:43.841877+00:00,read,82381,3.428,True,
5329,106580.0,106580.229,2026-09-17T20:28:43.861657+00:00,read,15642,3.621,True,
5330,106600.0,106600.229,2026-09-17T20:28:43.881656+00:00,read,86156,3.867,True,
5331,106620.0,106620.207,2026-09-17T20:28:43.901631+00:00,read,34661,3.614,True,
5332,106640.0,106640.168,2026-09-17T20:28:43.919072+00:00,write,39076,2.349,True,
5333,106660.0,106660.202,2026-09-17T20:28:43.939109+00:00,read,47614,3.858,True,
5334,106680.0,106680.214,2026-09-17T20:28:43.959124+00:00,write,38830,3.171,True,
5335,106700.0,106700.274,2026-09-17T20:28:43.979181+00:00,read,94994,3.426,True,
5336,106720.0,106720.41,2026-09-17T20:28:43.999317+00:00,read,86824,3.288,True,
5337,106740.0,106740.412,2026-09-17T20:28:44.019317+00:00,read,86383,3.828,True,
5338,106760.0,106760.209,2026-09-17T20:28:44.039120+00:00,read,22138,3.765,True,
5339,106780.0,106780.384,2026-09-17T20:28:44.059291+00:00,read,73791,3.695,True,
5340,106800.0,106800.278,2026-09-17T20:28:44.079192+00:00,read,32954,3.016,True,
5341,106820.0,106820.348,2026-09-17T20:28:44.099258+00:00,read,38249,3.412,True,
5342,106840.0,106840.267,2026-09-17T20:28:44.119177+00:00,read,67187,3.483,True,
5343,106860.0,106860.392,2026-09-17T20:28:44.139296+00:00,read,33557,3.461,True,
5344,106880.0,106880.217,2026-09-17T20:28:44.159127+00:00,read,61653,3.882,True,
5345,106900.0,106900.434,2026-09-17T20:28:44.179343+00:00,write,31939,2.919,True,
5346,106920.0,106920.388,2026-09-17T20:28:44.199300+00:00,write,34975,2.905,True,
5347,106940.0,106940.332,2026-09-17T20:28:44.219240+00:00,read,54383,3.958,True,
5348,106960.0,106960.326,2026-09-17T20:28:44.239238+00:00,read,63442,3.52,True,
5349,106980.0,106980.445,2026-09-17T20:28:44.259356+00:00,read,38589,3.93,True,
5350,107000.0,107000.241,2026-09-17T20:28:44.279152+00:00,read,2097,3.633,True,
5351,107020.0,107020.392,2026-09-17T20:28:44.299299+00:00,read,60518,3.488,True,
5352,107040.0,107040.261,2026-09-17T20:28:44.319171+00:00,read,80233,3.756,True,
5353,107060.0,107060.411,2026-09-17T20:28:44.339314+00:00,read,49675,4.291,True,
5354,107080.0,107080.37,2026-09-17T20:28:44.359278+00:00,read,13191,3.529,True,
5355,107100.0,107100.406,2026-09-17T20:28:44.379310+00:00,read,50890,2.856,True,
5356,107120.0,107120.332,2026-09-17T20:28:44.399238+00:00,read,77838,3.589,True,
5357,107140.0,107140.318,2026-09-17T20:28:44.419228+00:00,read,52193,3.631,True,
5358,107160.0,107160.316,2026-09-17T20:28:44.439228+00:00,read,17838,3.942,True,
5359,107180.0,107180.392,2026-09-17T20:28:44.459304+00:00,read,40863,3.664,True,
5360,107200.0,107200.244,2026-09-17T20:28:44.479154+00:00,read,64957,2.981,True,
5361,107220.0,107220.342,2026-09-17T20:28:44.499254+00:00,write,29949,3.169,True,
5362,107240.0,107240.34,2026-09-17T20:28:44.519253+00:00,write,84861,3.514,True,
5363,107260.0,107260.193,2026-09-17T20:28:44.539104+00:00,read,63625,3.529,True,
5364,107280.0,107280.399,2026-09-17T20:28:44.559304+00:00,write,27677,2.719,True,
5365,107300.0,107300.416,2026-09-17T20:28:44.579323+00:00,write,79620,2.821,True,
5366,107320.0,107320.259,2026-09-17T20:28:44.599172+00:00,read,67270,3.696,True,
5367,107340.0,107340.219,2026-09-17T20:28:44.619128+00:00,read,12913,3.456,True,
5368,107360.0,107360.39,2026-09-17T20:28:44.639301+00:00,read,39239,3.91,True,
5369,107380.0,107380.32,2026-09-17T20:28:44.659232+00:00,read,17235,3.832,True,
5370,107400.0,107400.266,2026-09-17T20:28:44.679179+00:00,read,25836,3.034,True,
5371,107420.0,107420.204,2026-09-17T20:28:44.699107+00:00,read,58445,3.178,True,
5372,107440.0,107440.182,2026-09-17T20:28:44.719085+00:00,read,93854,2.698,True,
5373,107460.0,107460.265,2026-09-17T20:28:44.739171+00:00,read,25704,2.843,True,
5374,107480.0,107480.257,2026-09-17T20:28:44.759198+00:00,read,48410,3.496,True,
5375,107500.0,107500.2,2026-09-17T20:28:44.779108+00:00,read,84523,2.921,True,
5376,107520.0,107520.25,2026-09-17T20:28:44.799161+00:00,read,94730,3.472,True,
5377,107540.0,107540.353,2026-09-17T20:28:44.819259+00:00,read,34153,3.18,True,
5378,107560.0,107560.228,2026-09-17T20:28:44.839132+00:00,read,28398,2.735,True,
5379,107580.0,107580.263,2026-09-17T20:28:44.859171+00:00,read,49233,3.319,True,
5380,107600.0,107600.376,2026-09-17T20:28:44.879286+00:00,read,90361,3.035,True,
5381,107620.0,107620.195,2026-09-17T20:28:44.899105+00:00,write,71223,2.551,True,
5382,107640.0,107640.252,2026-09-17T20:28:44.919160+00:00,read,96794,3.627,True,
5383,107660.0,107660.249,2026-09-17T20:28:44.939153+00:00,write,79253,2.9,True,
5384,107680.0,107680.264,2026-09-17T20:28:44.959169+00:00,read,59727,2.719,True,
5385,107700.0,107700.424,2026-09-17T20:28:44.979330+00:00,read,84606,3.631,True,
5386,107720.0,107720.236,2026-09-17T20:28:44.999145+00:00,write,53831,3.598,True,
5387,107740.0,107740.421,2026-09-17T20:28:45.019332+00:00,read,63074,3.52,True,
5388,107760.0,107760.342,2026-09-17T20:28:45.039256+00:00,read,26837,3.614,True,
5389,107780.0,107780.425,2026-09-17T20:28:45.059337+00:00,write,47421,3.493,True,
5390,107800.0,107800.392,2026-09-17T20:28:45.079304+00:00,read,40695,3.484,True,
5391,107820.0,107820.299,2026-09-17T20:28:45.099202+00:00,read,17628,3.076,True,
5392,107840.0,107840.225,2026-09-17T20:28:45.119131+00:00,write,8719,3.06,True,
5393,107860.0,107860.491,2026-09-17T20:28:45.139408+00:00,read,94836,3.913,True,
5394,107880.0,107880.395,2026-09-17T20:28:45.159299+00:00,write,55254,2.892,True,
5395,107900.0,107900.191,2026-09-17T20:28:45.179099+00:00,read,32756,3.629,True,
5396,107920.0,107920.457,2026-09-17T20:28:45.199365+00:00,read,89234,3.658,True,
5397,107940.0,107940.354,2026-09-17T20:28:45.219267+00:00,read,43167,3.847,True,
5398,107960.0,107960.248,2026-09-17T20:28:45.239160+00:00,write,3592,3.218,True,
5399,107980.0,107980.453,2026-09-17T20:28:45.259364+00:00,read,16553,3.725,True,
5400,108000.0,108000.224,2026-09-17T20:28:45.279133+00:00,write,80573,3.295,True,
5401,108020.0,108020.78,2026-09-17T20:28:45.299686+00:00,write,48257,3.033,True,
5402,108040.0,108040.208,2026-09-17T20:28:45.319116+00:00,write,23816,2.94,True,
5403,108060.0,108060.277,2026-09-17T20:28:45.339191+00:00,read,55998,3.804,True,
5404,108080.0,108080.497,2026-09-17T20:28:45.359408+00:00,read,83722,3.61,True,
5405,108100.0,108100.255,2026-09-17T20:28:45.379163+00:00,read,24657,3.401,True,
5406,108120.0,108120.404,2026-09-17T20:28:45.399319+00:00,write,4647,3.453,True,
5407,108140.0,108140.234,2026-09-17T20:28:45.419147+00:00,write,59196,3.529,True,
5408,108160.0,108160.299,2026-09-17T20:28:45.439212+00:00,read,62231,4.46,True,
5409,108180.0,108180.487,2026-09-17T20:28:45.459401+00:00,read,48139,3.968,True,
5410,108200.0,108200.392,2026-09-17T20:28:45.479295+00:00,read,42099,3.194,True,
5411,108220.0,108220.204,2026-09-17T20:28:45.499107+00:00,read,51000,3.151,True,
5412,108240.0,108240.193,2026-09-17T20:28:45.519100+00:00,read,67656,3.375,True,
5413,108260.0,108260.21,2026-09-17T20:28:45.539119+00:00,read,57833,3.492,True,
5414,108280.0,108280.316,2026-09-17T20:28:45.559225+00:00,read,42527,3.441,True,
5415,108300.0,108300.396,2026-09-17T20:28:45.579305+00:00,read,56788,3.36,True,
5416,108320.0,108320.205,2026-09-17T20:28:45.599135+00:00,read,20759,3.11,True,
5417,108340.0,108340.285,2026-09-17T20:28:45.619194+00:00,read,97897,3.867,True,
5418,108360.0,108360.276,2026-09-17T20:28:45.639184+00:00,read,51816,3.597,True,
5419,108380.0,108380.41,2026-09-17T20:28:45.659322+00:00,write,21842,3.766,True,
5420,108400.0,108400.342,2026-09-17T20:28:45.679254+00:00,write,13923,3.12,True,
5421,108420.0,108420.517,2026-09-17T20:28:45.699424+00:00,write,6235,3.062,True,
5422,108440.0,108440.233,2026-09-17T20:28:45.719137+00:00,read,32906,3.45,True,
5423,108460.0,108460.458,2026-09-17T20:28:45.739367+00:00,read,88641,3.678,True,
5424,108480.0,108480.618,2026-09-17T20:28:45.759529+00:00,read,35540,3.494,True,
5425,108500.0,108500.185,2026-09-17T20:28:45.779096+00:00,read,5132,4.088,True,
5426,108520.0,108520.404,2026-09-17T20:28:45.799313+00:00,read,19758,3.103,True,
5427,108540.0,108540.298,2026-09-17T20:28:45.819207+00:00,write,48232,3.172,True,
5428,108560.0,108560.304,2026-09-17T20:28:45.839209+00:00,read,24632,3.084,True,
5429,108580.0,108580.295,2026-09-17T20:28:45.859202+00:00,write,52323,2.914,True,
5430,108600.0,108600.457,2026-09-17T20:28:45.879366+00:00,read,49406,3.66,True,
5431,108620.0,108620.308,2026-09-17T20:28:45.899219+00:00,read,36538,3.669,True,
5432,108640.0,108640.322,2026-09-17T20:28:45.919235+00:00,read,32002,3.886,True,
5433,108660.0,108660.435,2026-09-17T20:28:45.939347+00:00,read,99124,3.455,True,
5434,108680.0,108680.404,2026-09-17T20:28:45.959314+00:00,read,97102,3.948,True,
5435,108700.0,108700.162,2026-09-17T20:28:45.979065+00:00,read,26332,3.148,True,
5436,108720.0,108720.475,2026-09-17T20:28:45.999386+00:00,read,99771,3.939,True,
5437,108740.0,108740.4,2026-09-17T20:28:46.019309+00:00,read,15069,3.667,True,
5438,108760.0,108760.327,2026-09-17T20:28:46.039241+00:00,read,50902,3.692,True,
5439,108780.0,108780.224,2026-09-17T20:28:46.059134+00:00,read,83655,3.72,True,
5440,108800.0,108800.257,2026-09-17T20:28:46.079169+00:00,read,75691,3.532,True,
5441,108820.0,108820.356,2026-09-17T20:28:46.099267+00:00,read,90732,3.437,True,
5442,108840.0,108840.275,2026-09-17T20:28:46.119187+00:00,read,22512,4.376,True,
5443,108860.0,108860.354,2026-09-17T20:28:46.139267+00:00,write,46417,3.309,True,
5444,108880.0,108880.409,2026-09-17T20:28:46.159323+00:00,read,54512,3.92,True,
5445,108900.0,108900.412,2026-09-17T20:28:46.179316+00:00,read,42245,3.343,True,
5446,108920.0,108920.224,2026-09-17T20:28:46.199133+00:00,write,95003,2.597,True,
5447,108940.0,108940.379,2026-09-17T20:28:46.219289+00:00,read,93678,3.697,True,
5448,108960.0,108960.327,2026-09-17T20:28:46.239239+00:00,read,34641,3.793,True,
5449,108980.0,108980.235,2026-09-17T20:28:46.259139+00:00,read,42404,3.477,True,
5450,109000.0,109000.225,2026-09-17T20:28:46.279135+00:00,read,8428,3.422,True,
5451,109020.0,109020.384,2026-09-17T20:28:46.299295+00:00,read,94748,4.034,True,
5452,109040.0,109040.4,2026-09-17T20:28:46.319312+00:00,read,57975,3.565,True,
5453,109060.0,109060.619,2026-09-17T20:28:46.339532+00:00,write,85880,3.351,True,
5454,109080.0,109080.324,2026-09-17T20:28:46.359230+00:00,write,65809,3.175,True,
5455,109100.0,109100.387,2026-09-17T20:28:46.379291+00:00,read,23873,3.269,True,
5456,109120.0,109120.27,2026-09-17T20:28:46.399180+00:00,read,51063,3.539,True,
5457,109140.0,109140.34,2026-09-17T20:28:46.419251+00:00,read,25710,3.677,True,
5458,109160.0,109160.211,2026-09-17T20:28:46.439124+00:00,read,50191,3.492,True,
5459,109180.0,109180.538,2026-09-17T20:28:46.459451+00:00,read,95265,4.365,True,
5460,109200.0,109200.464,2026-09-17T20:28:46.479370+00:00,read,138,3.505,True,
5461,109220.0,109220.532,2026-09-17T20:28:46.499447+00:00,write,61287,3.453,True,
5462,109240.0,109240.325,2026-09-17T20:28:46.519228+00:00,read,9199,3.48,True,
5463,109260.0,109260.432,2026-09-17T20:28:46.539342+00:00,read,20931,3.572,True,
5464,109280.0,109280.3,2026-09-17T20:28:46.559204+00:00,read,66802,3.723,True,
5465,109300.0,109300.245,2026-09-17T20:28:46.579148+00:00,write,58180,2.244,True,
5466,109320.0,109320.248,2026-09-17T20:28:46.599159+00:00,write,80426,3.078,True,
5467,109340.0,109340.22,2026-09-17T20:28:46.619133+00:00,read,2861,3.416,True,
5468,109360.0,109360.511,2026-09-17T20:28:46.639428+00:00,read,78554,3.918,True,
5469,109380.0,109380.323,2026-09-17T20:28:46.659231+00:00,read,39486,3.37,True,
5470,109400.0,109400.515,2026-09-17T20:28:46.679428+00:00,read,6470,3.323,True,
5471,109420.0,109420.217,2026-09-17T20:28:46.699124+00:00,read,74954,3.41,True,
5472,109440.0,109440.451,2026-09-17T20:28:46.719363+00:00,write,13671,3.503,True,
5473,109460.0,109460.452,2026-09-17T20:28:46.739365+00:00,read,55867,3.979,True,
5474,109480.0,109480.309,2026-09-17T20:28:46.759221+00:00,read,12465,3.647,True,
5475,109500.0,109500.356,2026-09-17T20:28:46.779270+00:00,write,48645,3.329,True,
5476,109520.0,109520.224,2026-09-17T20:28:46.799133+00:00,read,24307,3.235,True,
5477,109540.0,109540.218,2026-09-17T20:28:46.819125+00:00,read,88958,3.803,True,
5478,109560.0,109560.273,2026-09-17T20:28:46.839185+00:00,read,58301,3.732,True,
5479,109580.0,109580.179,2026-09-17T20:28:46.859088+00:00,read,34096,2.885,True,
5480,109600.0,109600.237,2026-09-17T20:28:46.879143+00:00,write,1075,2.854,True,
5481,109620.0,109620.208,2026-09-17T20:28:46.899114+00:00,read,69437,3.425,True,
5482,109640.0,109640.163,2026-09-17T20:28:46.919071+00:00,read,37828,3.294,True,
5483,109660.0,109660.173,2026-09-17T20:28:46.939081+00:00,read,81616,3.048,True,
5484,109680.0,109680.164,2026-09-17T20:28:46.959078+00:00,read,44276,3.233,True,
5485,109700.0,109700.387,2026-09-17T20:28:46.979298+00:00,read,17043,2.511,True,
5486,109720.0,109720.355,2026-09-17T20:28:46.999260+00:00,read,29522,3.133,True,
5487,109740.0,109740.163,2026-09-17T20:28:47.019070+00:00,read,26064,2.96,True,
5488,109760.0,109760.228,2026-09-17T20:28:47.039137+00:00,read,79024,3.819,True,
5489,109780.0,109780.274,2026-09-17T20:28:47.059180+00:00,write,61251,2.617,True,
5490,109800.0,109800.283,2026-09-17T20:28:47.079191+00:00,read,43195,2.768,True,
5491,109820.0,109820.193,2026-09-17T20:28:47.099101+00:00,write,76219,3.033,True,
5492,109840.0,109840.286,2026-09-17T20:28:47.119193+00:00,read,12478,3.374,True,
5493,109860.0,109860.227,2026-09-17T20:28:47.139137+00:00,read,97936,3.708,True,
5494,109880.0,109880.386,2026-09-17T20:28:47.159291+00:00,read,74427,3.926,True,
5495,109900.0,109900.415,2026-09-17T20:28:47.179318+00:00,read,48529,3.646,True,
5496,109920.0,109920.289,2026-09-17T20:28:47.199193+00:00,read,6666,2.863,True,
5497,109940.0,109940.321,2026-09-17T20:28:47.219225+00:00,read,17501,2.629,True,
5498,109960.0,109960.53,2026-09-17T20:28:47.239438+00:00,read,45708,3.221,True,
5499,109980.0,109980.409,2026-09-17T20:28:47.259318+00:00,read,50296,3.285,True,
5500,110000.0,110003.107,2026-09-17T20:28:47.282011+00:00,read,31677,11.027,True,
5501,110020.0,110020.279,2026-09-17T20:28:47.299183+00:00,read,4552,3.422,True,
5502,110040.0,110040.438,2026-09-17T20:28:47.319349+00:00,read,37612,3.677,True,
5503,110060.0,110060.401,2026-09-17T20:28:47.339311+00:00,read,33291,3.884,True,
5504,110080.0,110080.37,2026-09-17T20:28:47.359282+00:00,read,30767,3.381,True,
5505,110100.0,110100.29,2026-09-17T20:28:47.379197+00:00,read,37714,2.935,True,
5506,110120.0,110120.22,2026-09-17T20:28:47.399130+00:00,read,17971,3.034,True,
5507,110140.0,110140.401,2026-09-17T20:28:47.419310+00:00,read,36168,3.392,True,
5508,110160.0,110160.319,2026-09-17T20:28:47.439229+00:00,read,53840,3.205,True,
5509,110180.0,110180.37,2026-09-17T20:28:47.459285+00:00,read,60636,3.963,True,
5510,110200.0,110200.374,2026-09-17T20:28:47.479279+00:00,read,4647,3.705,True,
5511,110220.0,110220.385,2026-09-17T20:28:47.499290+00:00,read,9455,3.205,True,
5512,110240.0,110240.19,2026-09-17T20:28:47.519098+00:00,read,51,3.478,True,
5513,110260.0,110260.416,2026-09-17T20:28:47.539321+00:00,read,79970,3.268,True,
5514,110280.0,110280.218,2026-09-17T20:28:47.559126+00:00,read,17298,3.504,True,
5515,110300.0,110300.211,2026-09-17T20:28:47.579122+00:00,read,9311,2.935,True,
5516,110320.0,110320.242,2026-09-17T20:28:47.599153+00:00,read,93462,3.479,True,
5517,110340.0,110340.317,2026-09-17T20:28:47.619220+00:00,read,24166,3.084,True,
5518,110360.0,110360.207,2026-09-17T20:28:47.639114+00:00,write,1486,2.421,True,
5519,110380.0,110380.398,2026-09-17T20:28:47.659303+00:00,write,40040,2.691,True,
5520,110400.0,110400.276,2026-09-17T20:28:47.679181+00:00,write,16044,2.485,True,
5521,110420.0,110420.178,2026-09-17T20:28:47.699083+00:00,read,56507,3.129,True,
5522,110440.0,110440.174,2026-09-17T20:28:47.719078+00:00,read,21819,2.437,True,
5523,110460.0,110460.489,2026-09-17T20:28:47.739392+00:00,read,37910,2.814,True,
5524,110480.0,110480.366,2026-09-17T20:28:47.759271+00:00,read,71521,3.122,True,
5525,110500.0,110500.14,2026-09-17T20:28:47.779050+00:00,read,91533,2.33,True,
5526,110520.0,110520.223,2026-09-17T20:28:47.799126+00:00,read,4244,2.715,True,
5527,110540.0,110540.261,2026-09-17T20:28:47.819163+00:00,read,3125,2.415,True,
5528,110560.0,110560.401,2026-09-17T20:28:47.839303+00:00,read,6514,2.407,True,
5529,110580.0,110580.314,2026-09-17T20:28:47.859216+00:00,read,559,2.384,True,
5530,110600.0,110600.275,2026-09-17T20:28:47.879178+00:00,read,39802,2.141,True,
5531,110620.0,110620.255,2026-09-17T20:28:47.899156+00:00,read,48189,2.411,True,
5532,110640.0,110640.295,2026-09-17T20:28:47.919198+00:00,read,92658,2.229,True,
5533,110660.0,110660.203,2026-09-17T20:28:47.939105+00:00,write,69876,1.926,True,
5534,110680.0,110680.174,2026-09-17T20:28:47.959075+00:00,read,73617,2.279,True,
5535,110700.0,110700.572,2026-09-17T20:28:47.979484+00:00,write,77081,3.884,True,
5536,110720.0,110720.362,2026-09-17T20:28:47.999266+00:00,read,39736,3.097,True,
5537,110740.0,110740.348,2026-09-17T20:28:48.019250+00:00,read,40948,2.499,True,
5538,110760.0,110760.333,2026-09-17T20:28:48.039236+00:00,read,32222,2.26,True,
5539,110780.0,110780.345,2026-09-17T20:28:48.059247+00:00,read,9840,2.344,True,
5540,110800.0,110800.413,2026-09-17T20:28:48.079313+00:00,read,72139,1.857,True,
5541,110820.0,110820.442,2026-09-17T20:28:48.099346+00:00,read,32462,2.254,True,
5542,110840.0,110840.245,2026-09-17T20:28:48.119151+00:00,read,5265,3.007,True,
5543,110860.0,110860.401,2026-09-17T20:28:48.139304+00:00,read,94948,3.394,True,
5544,110880.0,110880.307,2026-09-17T20:28:48.159212+00:00,read,14142,2.771,True,
5545,110900.0,110900.274,2026-09-17T20:28:48.179181+00:00,read,60999,2.929,True,
5546,110920.0,110920.336,2026-09-17T20:28:48.199244+00:00,read,71488,3.941,True,
5547,110940.0,110940.268,2026-09-17T20:28:48.219172+00:00,read,78453,2.964,True,
5548,110960.0,110960.383,2026-09-17T20:28:48.239292+00:00,read,62773,3.429,True,
5549,110980.0,110980.337,2026-09-17T20:28:48.259247+00:00,read,57283,3.606,True,
5550,111000.0,111000.195,2026-09-17T20:28:48.279105+00:00,read,77970,2.733,True,
5551,111020.0,111020.456,2026-09-17T20:28:48.299366+00:00,read,43149,3.474,True,
5552,111040.0,111040.411,2026-09-17T20:28:48.319322+00:00,read,34463,3.81,True,
5553,111060.0,111060.464,2026-09-17T20:28:48.339380+00:00,write,84415,3.407,True,
5554,111080.0,111080.169,2026-09-17T20:28:48.359070+00:00,read,56747,2.603,True,
5555,111100.0,111100.354,2026-09-17T20:28:48.379262+00:00,read,16717,2.532,True,
5556,111120.0,111120.432,2026-09-17T20:28:48.399408+00:00,read,19340,3.581,True,
5557,111140.0,111140.398,2026-09-17T20:28:48.419308+00:00,write,64981,2.89,True,
5558,111160.0,111160.307,2026-09-17T20:28:48.439215+00:00,read,54526,3.575,True,
5559,111180.0,111180.3,2026-09-17T20:28:48.459212+00:00,read,85036,4.197,True,
5560,111200.0,111200.506,2026-09-17T20:28:48.479417+00:00,write,24798,3.014,True,
5561,111220.0,111220.35,2026-09-17T20:28:48.499263+00:00,read,23786,3.845,True,
5562,111240.0,111240.317,2026-09-17T20:28:48.519232+00:00,read,58678,3.966,True,
5563,111260.0,111260.342,2026-09-17T20:28:48.539254+00:00,read,33083,3.616,True,
5564,111280.0,111280.263,2026-09-17T20:28:48.559174+00:00,read,92545,3.823,True,
5565,111300.0,111300.396,2026-09-17T20:28:48.579306+00:00,read,43583,3.52,True,
5566,111320.0,111320.173,2026-09-17T20:28:48.599077+00:00,read,62835,2.708,True,
5567,111340.0,111340.167,2026-09-17T20:28:48.619071+00:00,write,78498,2.076,True,
5568,111360.0,111360.461,2026-09-17T20:28:48.639366+00:00,read,6386,3.37,True,
5569,111380.0,111380.178,2026-09-17T20:28:48.659083+00:00,read,10038,2.734,True,
5570,111400.0,111400.224,2026-09-17T20:28:48.679138+00:00,read,94551,3.445,True,
5571,111420.0,111420.284,2026-09-17T20:28:48.699188+00:00,read,99771,3.071,True,
5572,111440.0,111440.299,2026-09-17T20:28:48.719207+00:00,read,13113,3.578,True,
5573,111460.0,111460.228,2026-09-17T20:28:48.739138+00:00,read,15410,3.674,True,
5574,111480.0,111480.309,2026-09-17T20:28:48.759221+00:00,read,3226,3.96,True,
5575,111500.0,111500.307,2026-09-17T20:28:48.779211+00:00,read,90274,3.123,True,
5576,111520.0,111520.192,2026-09-17T20:28:48.799099+00:00,read,1962,4.024,True,
5577,111540.0,111540.308,2026-09-17T20:28:48.819212+00:00,read,79697,3.111,True,
5578,111560.0,111560.444,2026-09-17T20:28:48.839348+00:00,read,69120,3.394,True,
5579,111580.0,111580.453,2026-09-17T20:28:48.859431+00:00,write,10441,3.38,True,
5580,111600.0,111600.373,2026-09-17T20:28:48.879286+00:00,read,87941,3.833,True,
5581,111620.0,111620.347,2026-09-17T20:28:48.899260+00:00,read,39780,3.844,True,
5582,111640.0,111640.212,2026-09-17T20:28:48.919123+00:00,read,72943,3.325,True,
5583,111660.0,111660.35,2026-09-17T20:28:48.939267+00:00,write,13872,3.19,True,
5584,111680.0,111680.344,2026-09-17T20:28:48.959255+00:00,read,45059,3.77,True,
5585,111700.0,111700.209,2026-09-17T20:28:48.979119+00:00,read,9895,3.312,True,
5586,111720.0,111720.228,2026-09-17T20:28:48.999138+00:00,read,90732,3.631,True,
5587,111740.0,111740.26,2026-09-17T20:28:49.019168+00:00,write,23917,2.954,True,
5588,111760.0,111760.254,2026-09-17T20:28:49.039162+00:00,read,79152,3.024,True,
5589,111780.0,111780.192,2026-09-17T20:28:49.059100+00:00,read,65184,3.198,True,
5590,111800.0,111800.319,2026-09-17T20:28:49.079226+00:00,read,6968,3.64,True,
5591,111820.0,111820.285,2026-09-17T20:28:49.099193+00:00,read,65923,3.141,True,
5592,111840.0,111840.36,2026-09-17T20:28:49.119269+00:00,read,81831,3.543,True,
5593,111860.0,111860.562,2026-09-17T20:28:49.139475+00:00,write,391,3.96,True,
5594,111880.0,111880.247,2026-09-17T20:28:49.159158+00:00,read,85366,3.457,True,
5595,111900.0,111900.186,2026-09-17T20:28:49.179091+00:00,read,33122,2.699,True,
5596,111920.0,111920.193,2026-09-17T20:28:49.199101+00:00,read,78987,3.048,True,
5597,111940.0,111940.191,2026-09-17T20:28:49.219098+00:00,read,72138,3.23,True,
5598,111960.0,111960.224,2026-09-17T20:28:49.239130+00:00,write,71462,2.454,True,
5599,111980.0,111980.257,2026-09-17T20:28:49.259164+00:00,read,71112,3.246,True,
5600,112000.0,112000.206,2026-09-17T20:28:49.279115+00:00,read,63240,3.806,True,
5601,112020.0,112020.19,2026-09-17T20:28:49.299101+00:00,read,52695,3.354,True,
5602,112040.0,112040.273,2026-09-17T20:28:49.319180+00:00,read,77171,3.158,True,
5603,112060.0,112060.193,2026-09-17T20:28:49.339097+00:00,read,643,3.122,True,
5604,112080.0,112080.28,2026-09-17T20:28:49.359186+00:00,read,9730,2.111,True,
5605,112100.0,112100.33,2026-09-17T20:28:49.379237+00:00,read,6201,2.631,True,
5606,112120.0,112120.251,2026-09-17T20:28:49.399157+00:00,write,85864,3.259,True,
5607,112140.0,112140.19,2026-09-17T20:28:49.419094+00:00,write,46067,2.574,True,
5608,112160.0,112160.298,2026-09-17T20:28:49.439201+00:00,read,45408,3.433,True,
5609,112180.0,112180.282,2026-09-17T20:28:49.459185+00:00,read,78440,3.42,True,
5610,112200.0,112200.208,2026-09-17T20:28:49.479112+00:00,read,75403,3.834,True,
5611,112220.0,112220.407,2026-09-17T20:28:49.499316+00:00,read,37683,3.728,True,
5612,112240.0,112240.187,2026-09-17T20:28:49.519095+00:00,read,20103,3.134,True,
5613,112260.0,112260.358,2026-09-17T20:28:49.539271+00:00,read,43391,3.831,True,
5614,112280.0,112280.326,2026-09-17T20:28:49.559238+00:00,read,48775,3.731,True,
5615,112300.0,112300.399,2026-09-17T20:28:49.579302+00:00,write,22609,2.915,True,
5616,112320.0,112320.19,2026-09-17T20:28:49.599092+00:00,read,54252,2.446,True,
5617,112340.0,112340.306,2026-09-17T20:28:49.619215+00:00,read,78820,3.218,True,
5618,112360.0,112360.326,2026-09-17T20:28:49.639240+00:00,read,68004,4.012,True,
5619,112380.0,112380.297,2026-09-17T20:28:49.659205+00:00,read,63467,3.421,True,
5620,112400.0,112400.444,2026-09-17T20:28:49.679348+00:00,read,24568,3.383,True,
5621,112420.0,112420.577,2026-09-17T20:28:49.699487+00:00,read,69734,3.882,True,
5622,112440.0,112440.248,2026-09-17T20:28:49.719151+00:00,read,27368,2.969,True,
5623,112460.0,112460.246,2026-09-17T20:28:49.739155+00:00,write,2661,3.383,True,
5624,112480.0,112480.416,2026-09-17T20:28:49.759331+00:00,read,34704,3.77,True,
5625,112500.0,112500.238,2026-09-17T20:28:49.779149+00:00,read,84229,3.735,True,
5626,112520.0,112520.416,2026-09-17T20:28:49.799407+00:00,read,95187,3.965,True,
5627,112540.0,112540.315,2026-09-17T20:28:49.819225+00:00,read,62553,4.226,True,
5628,112560.0,112560.272,2026-09-17T20:28:49.839185+00:00,write,99230,3.2,True,
5629,112580.0,112580.301,2026-09-17T20:28:49.859210+00:00,read,48532,3.336,True,
5630,112600.0,112600.374,2026-09-17T20:28:49.879285+00:00,read,35220,3.786,True,
5631,112620.0,112620.266,2026-09-17T20:28:49.899168+00:00,write,17460,2.325,True,
5632,112640.0,112640.145,2026-09-17T20:28:49.919053+00:00,read,60109,3.315,True,
5633,112660.0,112660.352,2026-09-17T20:28:49.939262+00:00,read,96074,3.71,True,
5634,112680.0,112680.309,2026-09-17T20:28:49.959219+00:00,read,88283,3.826,True,
5635,112700.0,112700.194,2026-09-17T20:28:49.979102+00:00,read,91620,3.344,True,
5636,112720.0,112720.218,2026-09-17T20:28:49.999124+00:00,read,99854,3.618,True,
5637,112740.0,112740.155,2026-09-17T20:28:50.019066+00:00,write,83142,3.547,True,
5638,112760.0,112760.208,2026-09-17T20:28:50.039119+00:00,read,14304,4.146,True,
5639,112780.0,112780.252,2026-09-17T20:28:50.059164+00:00,read,37982,4.575,True,
5640,112800.0,112800.248,2026-09-17T20:28:50.079157+00:00,read,57180,3.639,True,
5641,112820.0,112820.181,2026-09-17T20:28:50.099091+00:00,read,50375,3.218,True,
5642,112840.0,112840.233,2026-09-17T20:28:50.119142+00:00,read,47384,2.194,True,
5643,112860.0,112860.157,2026-09-17T20:28:50.139066+00:00,read,9481,2.143,True,
5644,112880.0,112880.174,2026-09-17T20:28:50.159086+00:00,read,6254,2.806,True,
5645,112900.0,112900.168,2026-09-17T20:28:50.179075+00:00,read,5801,3.384,True,
5646,112920.0,112920.239,2026-09-17T20:28:50.199144+00:00,read,94688,3.533,True,
5647,112940.0,112940.308,2026-09-17T20:28:50.219212+00:00,write,84127,3.08,True,
5648,112960.0,112960.223,2026-09-17T20:28:50.239128+00:00,read,40204,2.457,True,
5649,112980.0,112980.217,2026-09-17T20:28:50.259122+00:00,write,50394,2.927,True,
5650,113000.0,113000.354,2026-09-17T20:28:50.279259+00:00,read,93390,2.864,True,
5651,113020.0,113020.487,2026-09-17T20:28:50.299392+00:00,write,10885,3.045,True,
5652,113040.0,113040.348,2026-09-17T20:28:50.319256+00:00,read,93256,3.503,True,
5653,113060.0,113060.408,2026-09-17T20:28:50.339319+00:00,read,46933,3.782,True,
5654,113080.0,113080.422,2026-09-17T20:28:50.359329+00:00,write,37522,2.715,True,
5655,113100.0,113100.24,2026-09-17T20:28:50.379148+00:00,write,63330,2.721,True,
5656,113120.0,113120.254,2026-09-17T20:28:50.399159+00:00,read,28055,3.517,True,
5657,113140.0,113140.192,2026-09-17T20:28:50.419099+00:00,read,96305,3.313,True,
5658,113160.0,113160.366,2026-09-17T20:28:50.439280+00:00,read,91365,3.639,True,
5659,113180.0,113180.319,2026-09-17T20:28:50.459222+00:00,read,51687,3.523,True,
5660,113200.0,113200.324,2026-09-17T20:28:50.479230+00:00,write,23876,2.517,True,
5661,113220.0,113220.356,2026-09-17T20:28:50.499267+00:00,read,59889,3.753,True,
5662,113240.0,113240.245,2026-09-17T20:28:50.519158+00:00,read,30252,4.305,True,
5663,113260.0,113260.383,2026-09-17T20:28:50.539286+00:00,read,6452,3.32,True,
5664,113280.0,113280.384,2026-09-17T20:28:50.559289+00:00,read,73984,3.176,True,
5665,113300.0,113300.339,2026-09-17T20:28:50.579242+00:00,write,87327,3.059,True,
5666,113320.0,113320.352,2026-09-17T20:28:50.599263+00:00,read,85943,3.591,True,
5667,113340.0,113340.352,2026-09-17T20:28:50.619256+00:00,read,9328,2.715,True,
5668,113360.0,113360.394,2026-09-17T20:28:50.639305+00:00,read,48402,3.599,True,
5669,113380.0,113380.246,2026-09-17T20:28:50.659153+00:00,read,56043,2.628,True,
5670,113400.0,113400.204,2026-09-17T20:28:50.679111+00:00,write,38334,2.209,True,
5671,113420.0,113420.199,2026-09-17T20:28:50.699108+00:00,read,81406,3.242,True,
5672,113440.0,113440.428,2026-09-17T20:28:50.719332+00:00,read,20042,2.487,True,
5673,113460.0,113460.39,2026-09-17T20:28:50.739293+00:00,read,24487,2.528,True,
5674,113480.0,113480.283,2026-09-17T20:28:50.759186+00:00,read,56776,2.837,True,
5675,113500.0,113500.282,2026-09-17T20:28:50.779187+00:00,read,62431,3.301,True,
5676,113520.0,113520.375,2026-09-17T20:28:50.799279+00:00,read,5285,2.796,True,
5677,113540.0,113540.214,2026-09-17T20:28:50.819122+00:00,read,61688,2.953,True,
5678,113560.0,113560.412,2026-09-17T20:28:50.839314+00:00,read,98464,2.66,True,
5679,113580.0,113580.385,2026-09-17T20:28:50.859286+00:00,read,66449,3.04,True,
5680,113600.0,113600.327,2026-09-17T20:28:50.879228+00:00,write,45167,2.208,True,
5681,113620.0,113620.326,2026-09-17T20:28:50.899226+00:00,read,64703,2.031,True,
5682,113640.0,113640.112,2026-09-17T20:28:50.919012+00:00,read,20468,1.762,True,
5683,113660.0,113660.213,2026-09-17T20:28:50.939114+00:00,read,45079,2.255,True,
5684,113680.0,113680.289,2026-09-17T20:28:50.959190+00:00,read,81646,2.222,True,
5685,113700.0,113700.399,2026-09-17T20:28:50.979300+00:00,read,67940,2.337,True,
5686,113720.0,113720.408,2026-09-17T20:28:50.999309+00:00,read,72598,2.336,True,
5687,113740.0,113740.275,2026-09-17T20:28:51.019179+00:00,read,92153,2.8,True,
5688,113760.0,113760.384,2026-09-17T20:28:51.039287+00:00,read,28612,2.19,True,
5689,113780.0,113780.302,2026-09-17T20:28:51.059203+00:00,read,76019,2.218,True,
5690,113800.0,113800.312,2026-09-17T20:28:51.079212+00:00,read,94126,2.449,True,
5691,113820.0,113820.476,2026-09-17T20:28:51.099378+00:00,read,51465,2.031,True,
5692,113840.0,113840.108,2026-09-17T20:28:51.119012+00:00,write,57318,2.386,True,
5693,113860.0,113860.38,2026-09-17T20:28:51.139288+00:00,write,48947,2.897,True,
5694,113880.0,113880.41,2026-09-17T20:28:51.159320+00:00,read,79987,3.721,True,
5695,113900.0,113900.184,2026-09-17T20:28:51.179085+00:00,read,28778,2.491,True,
5696,113920.0,113920.287,2026-09-17T20:28:51.199191+00:00,read,7647,3.042,True,
5697,113940.0,113940.329,2026-09-17T20:28:51.219232+00:00,read,53918,2.843,True,
5698,113960.0,113960.365,2026-09-17T20:28:51.239277+00:00,read,85291,3.432,True,
5699,113980.0,113980.296,2026-09-17T20:28:51.259206+00:00,read,3532,3.736,True,
5700,114000.0,114000.259,2026-09-17T20:28:51.279164+00:00,read,18026,3.359,True,
5701,114020.0,114020.179,2026-09-17T20:28:51.299084+00:00,read,53907,2.938,True,
5702,114040.0,114040.438,2026-09-17T20:28:51.319350+00:00,write,16523,3.375,True,
5703,114060.0,114060.335,2026-09-17T20:28:51.339247+00:00,read,484,3.835,True,
5704,114080.0,114080.265,2026-09-17T20:28:51.359174+00:00,read,17079,3.036,True,
5705,114100.0,114100.349,2026-09-17T20:28:51.379258+00:00,write,37298,3.014,True,
5706,114120.0,114120.178,2026-09-17T20:28:51.399088+00:00,read,58231,2.927,True,
5707,114140.0,114140.173,2026-09-17T20:28:51.419076+00:00,read,50556,2.334,True,
5708,114160.0,114160.244,2026-09-17T20:28:51.439144+00:00,write,8227,1.94,True,
5709,114180.0,114180.192,2026-09-17T20:28:51.459096+00:00,read,55070,2.91,True,
5710,114200.0,114200.253,2026-09-17T20:28:51.479160+00:00,write,82778,2.868,True,
5711,114220.0,114220.258,2026-09-17T20:28:51.499169+00:00,read,86883,3.775,True,
5712,114240.0,114240.282,2026-09-17T20:28:51.519189+00:00,read,78979,3.025,True,
5713,114260.0,114260.397,2026-09-17T20:28:51.539303+00:00,read,2630,3.477,True,
5714,114280.0,114280.273,2026-09-17T20:28:51.559177+00:00,read,1306,3.079,True,
5715,114300.0,114300.289,2026-09-17T20:28:51.579196+00:00,read,71245,2.627,True,
5716,114320.0,114320.327,2026-09-17T20:28:51.599232+00:00,read,74625,1.972,True,
5717,114340.0,114340.286,2026-09-17T20:28:51.619190+00:00,read,61812,2.573,True,
5718,114360.0,114360.399,2026-09-17T20:28:51.639304+00:00,write,46653,2.948,True,
5719,114380.0,114380.389,2026-09-17T20:28:51.659292+00:00,read,2917,2.714,True,
5720,114400.0,114400.351,2026-09-17T20:28:51.679257+00:00,read,58278,3.635,True,
5721,114420.0,114420.188,2026-09-17T20:28:51.699093+00:00,write,35025,3.148,True,
5722,114440.0,114440.445,2026-09-17T20:28:51.719352+00:00,write,37670,2.882,True,
5723,114460.0,114460.361,2026-09-17T20:28:51.739273+00:00,read,86152,4.003,True,
5724,114480.0,114480.38,2026-09-17T20:28:51.759290+00:00,read,31608,3.868,True,
5725,114500.0,114500.238,2026-09-17T20:28:51.779151+00:00,read,57953,3.713,True,
5726,114520.0,114520.348,2026-09-17T20:28:51.799255+00:00,write,94639,3.29,True,
5727,114540.0,114540.527,2026-09-17T20:28:51.819439+00:00,write,14918,3.203,True,
5728,114560.0,114560.374,2026-09-17T20:28:51.839287+00:00,read,44425,3.662,True,
5729,114580.0,114580.355,2026-09-17T20:28:51.859269+00:00,read,2332,3.737,True,
5730,114600.0,114600.478,2026-09-17T20:28:51.879392+00:00,read,22181,3.797,True,
5731,114620.0,114620.314,2026-09-17T20:28:51.899225+00:00,write,42717,3.312,True,
5732,114640.0,114640.208,2026-09-17T20:28:51.919119+00:00,read,64795,4.031,True,
5733,114660.0,114660.232,2026-09-17T20:28:51.939139+00:00,read,35531,3.436,True,
5734,114680.0,114680.285,2026-09-17T20:28:51.959199+00:00,write,82005,3.424,True,
5735,114700.0,114700.358,2026-09-17T20:28:51.979272+00:00,read,77551,4.05,True,
5736,114720.0,114720.278,2026-09-17T20:28:51.999190+00:00,read,18849,3.077,True,
5737,114740.0,114740.481,2026-09-17T20:28:52.019392+00:00,write,585,3.443,True,
5738,114760.0,114760.348,2026-09-17T20:28:52.039262+00:00,read,11991,3.625,True,
5739,114780.0,114780.34,2026-09-17T20:28:52.059252+00:00,read,13428,3.906,True,
5740,114800.0,114800.28,2026-09-17T20:28:52.079193+00:00,read,53802,3.834,True,
5741,114820.0,114820.413,2026-09-17T20:28:52.099322+00:00,read,95645,3.482,True,
5742,114840.0,114840.254,2026-09-17T20:28:52.119164+00:00,read,43273,3.636,True,
5743,114860.0,114860.207,2026-09-17T20:28:52.139144+00:00,read,97862,2.552,True,
5744,114880.0,114880.296,2026-09-17T20:28:52.159208+00:00,write,81558,3.747,True,
5745,114900.0,114900.291,2026-09-17T20:28:52.179205+00:00,read,96602,4.396,True,
5746,114920.0,114920.297,2026-09-17T20:28:52.199208+00:00,read,49105,3.817,True,
5747,114940.0,114940.396,2026-09-17T20:28:52.219308+00:00,read,59137,3.827,True,
5748,114960.0,114960.23,2026-09-17T20:28:52.239144+00:00,read,86472,3.806,True,
5749,114980.0,114980.324,2026-09-17T20:28:52.259234+00:00,read,56469,4.29,True,
5750,115000.0,115000.275,2026-09-17T20:28:52.279184+00:00,write,32123,2.992,True,
5751,115020.0,115020.365,2026-09-17T20:28:52.299273+00:00,write,8433,2.861,True,
5752,115040.0,115040.33,2026-09-17T20:28:52.319236+00:00,write,65229,2.432,True,
5753,115060.0,115060.369,2026-09-17T20:28:52.339278+00:00,read,39772,3.353,True,
5754,115080.0,115080.379,2026-09-17T20:28:52.359287+00:00,read,85891,3.235,True,
5755,115100.0,115100.221,2026-09-17T20:28:52.379131+00:00,read,82194,3.411,True,
5756,115120.0,115120.383,2026-09-17T20:28:52.399288+00:00,read,5640,2.918,True,
5757,115140.0,115140.404,2026-09-17T20:28:52.419309+00:00,read,99607,2.911,True,
5758,115160.0,115160.295,2026-09-17T20:28:52.439198+00:00,read,28174,2.433,True,
5759,115180.0,115180.248,2026-09-17T20:28:52.459150+00:00,read,54481,2.516,True,
5760,115200.0,115200.301,2026-09-17T20:28:52.479206+00:00,read,46059,2.87,True,
5761,115220.0,115220.461,2026-09-17T20:28:52.499367+00:00,read,13614,2.943,True,
5762,115240.0,115240.43,2026-09-17T20:28:52.519335+00:00,read,67113,2.902,True,
5763,115260.0,115260.286,2026-09-17T20:28:52.539188+00:00,read,37307,2.553,True,
5764,115280.0,115280.382,2026-09-17T20:28:52.559287+00:00,write,61513,2.091,True,
5765,115300.0,115300.396,2026-09-17T20:28:52.579300+00:00,read,87823,3.013,True,
5766,115320.0,115320.288,2026-09-17T20:28:52.599192+00:00,read,61487,2.393,True,
5767,115340.0,115340.168,2026-09-17T20:28:52.619073+00:00,read,44500,3.21,True,
5768,115360.0,115360.406,2026-09-17T20:28:52.639313+00:00,read,99566,2.722,True,
5769,115380.0,115380.139,2026-09-17T20:28:52.659046+00:00,read,85897,2.015,True,
5770,115400.0,115400.279,2026-09-17T20:28:52.679185+00:00,read,48463,2.95,True,
5771,115420.0,115420.41,2026-09-17T20:28:52.699319+00:00,write,7616,2.195,True,
5772,115440.0,115440.282,2026-09-17T20:28:52.719191+00:00,write,89142,2.31,True,
5773,115460.0,115460.276,2026-09-17T20:28:52.739180+00:00,read,20227,2.465,True,
5774,115480.0,115480.328,2026-09-17T20:28:52.759228+00:00,read,73590,1.815,True,
5775,115500.0,115500.264,2026-09-17T20:28:52.779168+00:00,read,45057,2.689,True,
5776,115520.0,115520.287,2026-09-17T20:28:52.799192+00:00,write,23387,2.303,True,
5777,115540.0,115540.402,2026-09-17T20:28:52.819305+00:00,read,45653,2.668,True,
5778,115560.0,115560.406,2026-09-17T20:28:52.839312+00:00,write,7268,2.407,True,
5779,115580.0,115580.399,2026-09-17T20:28:52.859311+00:00,read,51574,3.517,True,
5780,115600.0,115600.428,2026-09-17T20:28:52.879341+00:00,write,63572,3.41,True,
5781,115620.0,115620.403,2026-09-17T20:28:52.899310+00:00,read,28461,3.689,True,
5782,115640.0,115640.367,2026-09-17T20:28:52.919275+00:00,read,69502,3.128,True,
5783,115660.0,115660.411,2026-09-17T20:28:52.939320+00:00,read,4388,3.564,True,
5784,115680.0,115680.279,2026-09-17T20:28:52.959184+00:00,write,64471,3.04,True,
5785,115700.0,115700.337,2026-09-17T20:28:52.979248+00:00,read,34590,4.391,True,
5786,115720.0,115720.428,2026-09-17T20:28:52.999342+00:00,read,57000,4.047,True,
5787,115740.0,115740.38,2026-09-17T20:28:53.019290+00:00,read,3870,3.879,True,
5788,115760.0,115760.257,2026-09-17T20:28:53.039168+00:00,read,1496,3.753,True,
5789,115780.0,115780.537,2026-09-17T20:28:53.059449+00:00,write,98899,3.475,True,
5790,115800.0,115800.238,2026-09-17T20:28:53.079146+00:00,read,1633,3.742,True,
5791,115820.0,115820.395,2026-09-17T20:28:53.099305+00:00,read,28205,3.565,True,
5792,115840.0,115840.241,2026-09-17T20:28:53.119149+00:00,read,43860,3.76,True,
5793,115860.0,115860.459,2026-09-17T20:28:53.139372+00:00,write,71486,3.867,True,
5794,115880.0,115880.32,2026-09-17T20:28:53.159231+00:00,read,19182,3.812,True,
5795,115900.0,115900.356,2026-09-17T20:28:53.179263+00:00,write,90866,2.591,True,
5796,115920.0,115920.453,2026-09-17T20:28:53.199363+00:00,read,19556,3.47,True,
5797,115940.0,115940.26,2026-09-17T20:28:53.219166+00:00,read,41123,3.288,True,
5798,115960.0,115960.284,2026-09-17T20:28:53.239195+00:00,read,3984,3.722,True,
5799,115980.0,115980.189,2026-09-17T20:28:53.259094+00:00,read,22621,3.069,True,
5800,116000.0,116000.21,2026-09-17T20:28:53.279121+00:00,read,96270,3.403,True,
5801,116020.0,116020.236,2026-09-17T20:28:53.299149+00:00,read,8079,3.985,True,
5802,116040.0,116040.142,2026-09-17T20:28:53.319048+00:00,read,11146,3.826,True,
5803,116060.0,116060.269,2026-09-17T20:28:53.339180+00:00,read,16649,3.438,True,
5804,116080.0,116080.219,2026-09-17T20:28:53.359125+00:00,read,90622,2.294,True,
5805,116100.0,116100.115,2026-09-17T20:28:53.379022+00:00,read,95735,2.408,True,
5806,116120.0,116120.409,2026-09-17T20:28:53.399314+00:00,read,55598,3.525,True,
5807,116140.0,116140.402,2026-09-17T20:28:53.419307+00:00,read,84673,3.58,True,
5808,116160.0,116160.289,2026-09-17T20:28:53.439199+00:00,read,91268,3.686,True,
5809,116180.0,116180.314,2026-09-17T20:28:53.459223+00:00,read,82405,3.605,True,
5810,116200.0,116200.231,2026-09-17T20:28:53.479134+00:00,read,50823,3.232,True,
5811,116220.0,116220.195,2026-09-17T20:28:53.499099+00:00,read,47303,3.396,True,
5812,116240.0,116240.274,2026-09-17T20:28:53.519178+00:00,read,25788,2.903,True,
5813,116260.0,116260.3,2026-09-17T20:28:53.539207+00:00,read,39365,3.69,True,
5814,116280.0,116280.37,2026-09-17T20:28:53.559279+00:00,read,69802,3.755,True,
5815,116300.0,116300.546,2026-09-17T20:28:53.579456+00:00,read,9485,3.839,True,
5816,116320.0,116320.396,2026-09-17T20:28:53.599303+00:00,read,23431,3.502,True,
5817,116340.0,116340.15,2026-09-17T20:28:53.619054+00:00,write,48224,2.224,True,
5818,116360.0,116360.143,2026-09-17T20:28:53.639048+00:00,read,46612,3.53,True,
5819,116380.0,116380.258,2026-09-17T20:28:53.659160+00:00,read,26087,2.437,True,
5820,116400.0,116400.165,2026-09-17T20:28:53.679070+00:00,read,3317,2.525,True,
5821,116420.0,116420.39,2026-09-17T20:28:53.699300+00:00,read,67203,3.204,True,
5822,116440.0,116440.381,2026-09-17T20:28:53.719292+00:00,read,91360,3.293,True,
5823,116460.0,116460.221,2026-09-17T20:28:53.739132+00:00,write,42126,3.218,True,
5824,116480.0,116480.352,2026-09-17T20:28:53.759262+00:00,read,43492,3.772,True,
5825,116500.0,116500.283,2026-09-17T20:28:53.779192+00:00,read,42392,3.382,True,
5826,116520.0,116520.217,2026-09-17T20:28:53.799129+00:00,write,24618,3.102,True,
5827,116540.0,116540.411,2026-09-17T20:28:53.819320+00:00,read,65820,3.504,True,
5828,116560.0,116560.291,2026-09-17T20:28:53.839200+00:00,read,54897,3.61,True,
5829,116580.0,116580.314,2026-09-17T20:28:53.859223+00:00,read,56425,3.645,True,
5830,116600.0,116600.359,2026-09-17T20:28:53.879261+00:00,read,22561,2.417,True,
5831,116620.0,116620.268,2026-09-17T20:28:53.899171+00:00,read,14041,2.621,True,
5832,116640.0,116640.247,2026-09-17T20:28:53.919149+00:00,read,10712,2.565,True,
5833,116660.0,116660.237,2026-09-17T20:28:53.939139+00:00,read,96172,2.231,True,
5834,116680.0,116680.18,2026-09-17T20:28:53.959083+00:00,read,74257,3.341,True,
5835,116700.0,116700.405,2026-09-17T20:28:53.979307+00:00,read,97170,3.101,True,
5836,116720.0,116720.308,2026-09-17T20:28:53.999209+00:00,write,58860,2.3,True,
5837,116740.0,116740.356,2026-09-17T20:28:54.019258+00:00,read,27552,2.541,True,
5838,116760.0,116760.336,2026-09-17T20:28:54.039239+00:00,read,10204,2.527,True,
5839,116780.0,116780.242,2026-09-17T20:28:54.059144+00:00,write,32184,2.235,True,
5840,116800.0,116800.372,2026-09-17T20:28:54.079274+00:00,read,67043,2.75,True,
5841,116820.0,116820.167,2026-09-17T20:28:54.099070+00:00,read,53842,2.442,True,
5842,116840.0,116840.187,2026-09-17T20:28:54.119092+00:00,read,33243,2.686,True,
5843,116860.0,116860.402,2026-09-17T20:28:54.139307+00:00,read,30822,3.591,True,
5844,116880.0,116880.274,2026-09-17T20:28:54.159180+00:00,read,13819,2.994,True,
5845,116900.0,116900.392,2026-09-17T20:28:54.179296+00:00,read,75490,2.933,True,
5846,116920.0,116920.4,2026-09-17T20:28:54.199305+00:00,read,75191,3.032,True,
5847,116940.0,116940.275,2026-09-17T20:28:54.219179+00:00,read,81966,2.689,True,
5848,116960.0,116960.338,2026-09-17T20:28:54.239241+00:00,write,86935,2.227,True,
5849,116980.0,116980.375,2026-09-17T20:28:54.259282+00:00,read,10741,3.13,True,
5850,117000.0,117000.203,2026-09-17T20:28:54.279110+00:00,read,77846,2.933,True,
5851,117020.0,117020.378,2026-09-17T20:28:54.299284+00:00,write,1779,2.508,True,
5852,117040.0,117040.282,2026-09-17T20:28:54.319187+00:00,read,31900,3.03,True,
5853,117060.0,117060.248,2026-09-17T20:28:54.339152+00:00,read,96025,2.678,True,
5854,117080.0,117080.377,2026-09-17T20:28:54.359282+00:00,read,483,2.417,True,
5855,117100.0,117100.212,2026-09-17T20:28:54.379122+00:00,read,91779,3.36,True,
5856,117120.0,117120.268,2026-09-17T20:28:54.399172+00:00,write,63938,2.322,True,
5857,117140.0,117140.259,2026-09-17T20:28:54.419162+00:00,write,45427,2.513,True,
5858,117160.0,117160.273,2026-09-17T20:28:54.439176+00:00,read,77560,2.543,True,
5859,117180.0,117180.315,2026-09-17T20:28:54.459217+00:00,write,71178,2.077,True,
5860,117200.0,117200.192,2026-09-17T20:28:54.479094+00:00,write,13537,2.215,True,
5861,117220.0,117220.198,2026-09-17T20:28:54.499104+00:00,read,85432,2.72,True,
5862,117240.0,117240.17,2026-09-17T20:28:54.519073+00:00,read,75795,2.49,True,
5863,117260.0,117260.251,2026-09-17T20:28:54.539153+00:00,read,33062,2.172,True,
5864,117280.0,117280.247,2026-09-17T20:28:54.559148+00:00,read,12412,2.16,True,
5865,117300.0,117300.342,2026-09-17T20:28:54.579243+00:00,read,59730,2.314,True,
5866,117320.0,117320.259,2026-09-17T20:28:54.599160+00:00,write,70287,2.304,True,
5867,117340.0,117340.158,2026-09-17T20:28:54.619061+00:00,read,6355,2.4,True,
5868,117360.0,117360.189,2026-09-17T20:28:54.639094+00:00,read,17365,2.956,True,
5869,117380.0,117380.342,2026-09-17T20:28:54.659246+00:00,write,62127,2.49,True,
5870,117400.0,117400.179,2026-09-17T20:28:54.679083+00:00,write,5836,2.151,True,
5871,117420.0,117420.274,2026-09-17T20:28:54.699178+00:00,read,17638,3.409,True,
5872,117440.0,117440.341,2026-09-17T20:28:54.719242+00:00,read,85087,2.433,True,
5873,117460.0,117460.345,2026-09-17T20:28:54.739244+00:00,read,77204,1.528,True,
5874,117480.0,117480.439,2026-09-17T20:28:54.759338+00:00,read,58796,1.576,True,
5875,117500.0,117500.16,2026-09-17T20:28:54.779064+00:00,read,83044,2.55,True,
5876,117520.0,117520.294,2026-09-17T20:28:54.799198+00:00,write,17791,2.23,True,
5877,117540.0,117540.403,2026-09-17T20:28:54.819307+00:00,read,45273,2.656,True,
5878,117560.0,117560.405,2026-09-17T20:28:54.839309+00:00,read,55900,2.203,True,
5879,117580.0,117580.172,2026-09-17T20:28:54.859079+00:00,read,37106,2.931,True,
5880,117600.0,117600.263,2026-09-17T20:28:54.879166+00:00,read,45075,3.057,True,
5881,117620.0,117620.156,2026-09-17T20:28:54.899059+00:00,write,31740,1.968,True,
5882,117640.0,117640.3,2026-09-17T20:28:54.919202+00:00,read,45733,2.206,True,
5883,117660.0,117660.253,2026-09-17T20:28:54.939153+00:00,write,22679,1.739,True,
5884,117680.0,117680.198,2026-09-17T20:28:54.959099+00:00,read,44667,2.166,True,
5885,117700.0,117700.289,2026-09-17T20:28:54.979187+00:00,read,75303,1.783,True,
5886,117720.0,117720.395,2026-09-17T20:28:54.999295+00:00,write,71985,2.075,True,
5887,117740.0,117740.452,2026-09-17T20:28:55.019353+00:00,read,21522,2.138,True,
5888,117760.0,117760.179,2026-09-17T20:28:55.039086+00:00,read,43549,3.196,True,
5889,117780.0,117780.394,2026-09-17T20:28:55.059301+00:00,read,41467,3.695,True,
5890,117800.0,117800.277,2026-09-17T20:28:55.079179+00:00,write,45550,1.975,True,
5891,117820.0,117820.168,2026-09-17T20:28:55.099070+00:00,read,84639,2.307,True,
5892,117840.0,117840.146,2026-09-17T20:28:55.119047+00:00,read,88550,2.205,True,
5893,117860.0,117860.422,2026-09-17T20:28:55.139326+00:00,write,93089,2.55,True,
5894,117880.0,117880.265,2026-09-17T20:28:55.159170+00:00,read,59933,3.048,True,
5895,117900.0,117900.246,2026-09-17T20:28:55.179151+00:00,read,34568,2.86,True,
5896,117920.0,117920.24,2026-09-17T20:28:55.199143+00:00,read,38854,2.245,True,
5897,117940.0,117940.352,2026-09-17T20:28:55.219264+00:00,read,50826,3.609,True,
5898,117960.0,117960.409,2026-09-17T20:28:55.239320+00:00,read,41195,3.683,True,
5899,117980.0,117980.349,2026-09-17T20:28:55.259255+00:00,read,59013,2.918,True,
5900,118000.0,118000.163,2026-09-17T20:28:55.279067+00:00,read,63247,3.36,True,
5901,118020.0,118020.225,2026-09-17T20:28:55.299131+00:00,read,82013,2.931,True,
5902,118040.0,118040.376,2026-09-17T20:28:55.319280+00:00,read,38500,3.212,True,
5903,118060.0,118060.191,2026-09-17T20:28:55.339097+00:00,read,92641,3.866,True,
5904,118080.0,118080.38,2026-09-17T20:28:55.359285+00:00,read,70454,3.525,True,
5905,118100.0,118100.479,2026-09-17T20:28:55.379383+00:00,read,20320,3.747,True,
5906,118120.0,118120.162,2026-09-17T20:28:55.399073+00:00,read,39599,3.649,True,
5907,118140.0,118140.283,2026-09-17T20:28:55.419192+00:00,read,33527,2.807,True,
5908,118160.0,118160.419,2026-09-17T20:28:55.439327+00:00,read,97123,2.943,True,
5909,118180.0,118180.29,2026-09-17T20:28:55.459197+00:00,write,47557,2.506,True,
5910,118200.0,118200.265,2026-09-17T20:28:55.479172+00:00,read,43036,3.263,True,
5911,118220.0,118220.281,2026-09-17T20:28:55.499186+00:00,read,64039,2.894,True,
5912,118240.0,118240.412,2026-09-17T20:28:55.519317+00:00,read,65073,3.792,True,
5913,118260.0,118260.304,2026-09-17T20:28:55.539209+00:00,read,4098,3.631,True,
5914,118280.0,118280.193,2026-09-17T20:28:55.559096+00:00,read,57722,3.211,True,
5915,118300.0,118300.342,2026-09-17T20:28:55.579247+00:00,read,6849,3.182,True,
5916,118320.0,118320.284,2026-09-17T20:28:55.599193+00:00,read,52297,3.025,True,
5917,118340.0,118340.349,2026-09-17T20:28:55.619261+00:00,read,45195,3.934,True,
5918,118360.0,118360.293,2026-09-17T20:28:55.639202+00:00,read,1861,3.158,True,
5919,118380.0,118380.14,2026-09-17T20:28:55.659051+00:00,read,53019,3.526,True,
5920,118400.0,118400.51,2026-09-17T20:28:55.679422+00:00,write,36107,3.353,True,
5921,118420.0,118420.354,2026-09-17T20:28:55.699265+00:00,read,32943,3.439,True,
5922,118440.0,118440.518,2026-09-17T20:28:55.719426+00:00,read,59472,4.327,True,
5923,118460.0,118460.451,2026-09-17T20:28:55.739356+00:00,read,96219,3.402,True,
5924,118480.0,118480.496,2026-09-17T20:28:55.759406+00:00,read,51756,3.686,True,
5925,118500.0,118500.264,2026-09-17T20:28:55.779170+00:00,read,70163,3.206,True,
5926,118520.0,118520.407,2026-09-17T20:28:55.799353+00:00,read,82609,3.199,True,
5927,118540.0,118540.471,2026-09-17T20:28:55.819379+00:00,read,58348,3.791,True,
5928,118560.0,118560.33,2026-09-17T20:28:55.839234+00:00,read,93466,3.042,True,
5929,118580.0,118580.2,2026-09-17T20:28:55.859107+00:00,read,76146,3.166,True,
5930,118600.0,118600.237,2026-09-17T20:28:55.879139+00:00,read,34977,2.603,True,
5931,118620.0,118620.186,2026-09-17T20:28:55.899087+00:00,read,47799,2.313,True,
5932,118640.0,118640.168,2026-09-17T20:28:55.919073+00:00,read,74392,2.744,True,
5933,118660.0,118660.206,2026-09-17T20:28:55.939113+00:00,read,11867,3.046,True,
5934,118680.0,118680.288,2026-09-17T20:28:55.959198+00:00,read,21200,3.328,True,
5935,118700.0,118700.277,2026-09-17T20:28:55.979186+00:00,read,81634,3.322,True,
5936,118720.0,118720.217,2026-09-17T20:28:55.999122+00:00,read,88100,2.296,True,
5937,118740.0,118740.187,2026-09-17T20:28:56.019094+00:00,write,97999,2.558,True,
5938,118760.0,118760.344,2026-09-17T20:28:56.039257+00:00,write,66019,3.084,True,
5939,118780.0,118780.245,2026-09-17T20:28:56.059152+00:00,read,90649,2.363,True,
5940,118800.0,118800.376,2026-09-17T20:28:56.079281+00:00,read,92513,3.63,True,
5941,118820.0,118820.413,2026-09-17T20:28:56.099317+00:00,read,99258,3.344,True,
5942,118840.0,118840.266,2026-09-17T20:28:56.119169+00:00,read,66522,3.111,True,
5943,118860.0,118860.411,2026-09-17T20:28:56.139317+00:00,read,73931,3.238,True,
5944,118880.0,118880.298,2026-09-17T20:28:56.159202+00:00,read,73270,3.544,True,
5945,118900.0,118900.45,2026-09-17T20:28:56.179355+00:00,read,76602,3.794,True,
5946,118920.0,118920.463,2026-09-17T20:28:56.199398+00:00,write,27732,2.885,True,
5947,118940.0,118940.418,2026-09-17T20:28:56.219322+00:00,read,59305,3.418,True,
5948,118960.0,118960.315,2026-09-17T20:28:56.239221+00:00,read,13281,3.464,True,
5949,118980.0,118980.33,2026-09-17T20:28:56.259239+00:00,read,87076,3.515,True,
5950,119000.0,119000.213,2026-09-17T20:28:56.279124+00:00,read,98170,3.868,True,
5951,119020.0,119020.345,2026-09-17T20:28:56.299258+00:00,write,7226,2.774,True,
5952,119040.0,119040.387,2026-09-17T20:28:56.319297+00:00,read,88740,3.261,True,
5953,119060.0,119060.331,2026-09-17T20:28:56.339237+00:00,write,66831,3.061,True,
5954,119080.0,119080.342,2026-09-17T20:28:56.359249+00:00,read,17270,3.624,True,
5955,119100.0,119100.309,2026-09-17T20:28:56.379213+00:00,write,73682,2.967,True,
5956,119120.0,119120.334,2026-09-17T20:28:56.399247+00:00,read,31770,4.376,True,
5957,119140.0,119140.222,2026-09-17T20:28:56.419126+00:00,write,88831,2.2,True,
5958,119160.0,119160.262,2026-09-17T20:28:56.439168+00:00,read,26502,3.339,True,
5959,119180.0,119180.2,2026-09-17T20:28:56.459103+00:00,write,38144,3.064,True,
5960,119200.0,119200.259,2026-09-17T20:28:56.479162+00:00,read,1804,2.301,True,
5961,119220.0,119220.24,2026-09-17T20:28:56.499147+00:00,read,30782,2.964,True,
5962,119240.0,119240.201,2026-09-17T20:28:56.519108+00:00,read,82327,3.012,True,
5963,119260.0,119260.182,2026-09-17T20:28:56.539088+00:00,read,94283,2.574,True,
5964,119280.0,119280.321,2026-09-17T20:28:56.559229+00:00,read,8372,3.094,True,
5965,119300.0,119300.136,2026-09-17T20:28:56.579043+00:00,write,74063,2.046,True,
5966,119320.0,119320.216,2026-09-17T20:28:56.599124+00:00,read,5598,3.186,True,
5967,119340.0,119340.293,2026-09-17T20:28:56.619197+00:00,read,61232,3.352,True,
5968,119360.0,119360.227,2026-09-17T20:28:56.639131+00:00,write,41722,2.704,True,
5969,119380.0,119380.378,2026-09-17T20:28:56.659284+00:00,read,53142,4.003,True,
5970,119400.0,119400.185,2026-09-17T20:28:56.679091+00:00,read,7485,3.721,True,
5971,119420.0,119420.344,2026-09-17T20:28:56.699253+00:00,write,33751,3.331,True,
5972,119440.0,119440.317,2026-09-17T20:28:56.719221+00:00,read,15281,3.381,True,
5973,119460.0,119460.424,2026-09-17T20:28:56.739327+00:00,write,55680,2.918,True,
5974,119480.0,119480.166,2026-09-17T20:28:56.759071+00:00,read,72097,3.574,True,
5975,119500.0,119500.225,2026-09-17T20:28:56.779191+00:00,write,35962,2.693,True,
5976,119520.0,119520.287,2026-09-17T20:28:56.799197+00:00,read,3445,3.676,True,
5977,119540.0,119540.282,2026-09-17T20:28:56.819185+00:00,read,17852,3.771,True,
5978,119560.0,119560.462,2026-09-17T20:28:56.839366+00:00,read,8379,3.514,True,
5979,119580.0,119580.236,2026-09-17T20:28:56.859142+00:00,read,92560,3.333,True,
5980,119600.0,119600.451,2026-09-17T20:28:56.879430+00:00,read,61532,3.445,True,
5981,119620.0,119620.516,2026-09-17T20:28:56.899424+00:00,write,83882,3.121,True,
5982,119640.0,119640.305,2026-09-17T20:28:56.919210+00:00,read,53004,3.463,True,
5983,119660.0,119660.286,2026-09-17T20:28:56.939192+00:00,read,99601,3.538,True,
5984,119680.0,119680.238,2026-09-17T20:28:56.959146+00:00,read,17166,3.635,True,
5985,119700.0,119700.353,2026-09-17T20:28:56.979257+00:00,read,88310,2.989,True,
5986,119720.0,119720.402,2026-09-17T20:28:56.999307+00:00,read,93622,3.546,True,
5987,119740.0,119740.18,2026-09-17T20:28:57.019082+00:00,read,4771,3.328,True,
5988,119760.0,119760.488,2026-09-17T20:28:57.039396+00:00,write,43453,3.318,True,
5989,119780.0,119780.296,2026-09-17T20:28:57.059204+00:00,write,88150,2.723,True,
5990,119800.0,119800.458,2026-09-17T20:28:57.079366+00:00,read,47323,3.504,True,
5991,119820.0,119820.441,2026-09-17T20:28:57.099346+00:00,read,10395,3.338,True,
5992,119840.0,119840.261,2026-09-17T20:28:57.119165+00:00,read,64282,3.645,True,
5993,119860.0,119860.2,2026-09-17T20:28:57.139105+00:00,read,43488,3.044,True,
5994,119880.0,119880.377,2026-09-17T20:28:57.159285+00:00,read,78746,3.372,True,
5995,119900.0,119900.5,2026-09-17T20:28:57.179409+00:00,read,59387,3.793,True,
5996,119920.0,119920.397,2026-09-17T20:28:57.199303+00:00,read,94020,3.831,True,
5997,119940.0,119940.26,2026-09-17T20:28:57.219167+00:00,write,11794,2.889,True,
5998,119960.0,119960.272,2026-09-17T20:28:57.239178+00:00,write,53861,2.632,True,
5999,119980.0,119980.222,2026-09-17T20:28:57.259131+00:00,read,44525,3.482,True,
