timestamp_utc,sample,node,node_count,shard,direction,bytes
2026-09-21T15:34:10.892609+00:00,0,r-scylla1,3,0,incoming,0
2026-09-21T15:34:10.892609+00:00,0,r-scylla1,3,0,outgoing,276768
2026-09-21T15:34:10.892609+00:00,0,r-scylla1,3,1,incoming,0
2026-09-21T15:34:10.892609+00:00,0,r-scylla1,3,1,outgoing,688
2026-09-21T15:34:10.892609+00:00,0,r-scylla2,3,0,incoming,138384
2026-09-21T15:34:10.892609+00:00,0,r-scylla2,3,0,outgoing,0
2026-09-21T15:34:10.892609+00:00,0,r-scylla2,3,1,incoming,290
2026-09-21T15:34:10.892609+00:00,0,r-scylla2,3,1,outgoing,138312
2026-09-21T15:34:10.892609+00:00,0,r-scylla3,3,0,incoming,138384
2026-09-21T15:34:10.892609+00:00,0,r-scylla3,3,0,outgoing,0
2026-09-21T15:34:10.892609+00:00,0,r-scylla3,3,1,incoming,138710
2026-09-21T15:34:10.892609+00:00,0,r-scylla3,3,1,outgoing,0
2026-09-21T15:34:11.893079+00:00,1,r-scylla1,3,0,incoming,0
2026-09-21T15:34:11.893079+00:00,1,r-scylla1,3,0,outgoing,276768
2026-09-21T15:34:11.893079+00:00,1,r-scylla1,3,1,incoming,0
2026-09-21T15:34:11.893079+00:00,1,r-scylla1,3,1,outgoing,688
2026-09-21T15:34:11.893079+00:00,1,r-scylla2,3,0,incoming,138384
2026-09-21T15:34:11.893079+00:00,1,r-scylla2,3,0,outgoing,0
2026-09-21T15:34:11.893079+00:00,1,r-scylla2,3,1,incoming,290
2026-09-21T15:34:11.893079+00:00,1,r-scylla2,3,1,outgoing,138312
2026-09-21T15:34:11.893079+00:00,1,r-scylla3,3,0,incoming,138384
2026-09-21T15:34:11.893079+00:00,1,r-scylla3,3,0,outgoing,0
2026-09-21T15:34:11.893079+00:00,1,r-scylla3,3,1,incoming,138710
2026-09-21T15:34:11.893079+00:00,1,r-scylla3,3,1,outgoing,0
2026-09-21T15:34:12.893457+00:00,2,r-scylla1,3,0,incoming,0
2026-09-21T15:34:12.893457+00:00,2,r-scylla1,3,0,outgoing,276768
2026-09-21T15:34:12.893457+00:00,2,r-scylla1,3,1,incoming,0
2026-09-21T15:34:12.893457+00:00,2,r-scylla1,3,1,outgoing,688
2026-09-21T15:34:12.893457+00:00,2,r-scylla2,3,0,incoming,138384
2026-09-21T15:34:12.893457+00:00,2,r-scylla2,3,0,outgoing,0
2026-09-21T15:34:12.893457+00:00,2,r-scylla2,3,1,incoming,290
2026-09-21T15:34:12.893457+00:00,2,r-scylla2,3,1,outgoing,138312
2026-09-21T15:34:12.893457+00:00,2,r-scylla3,3,0,incoming,138384
2026-09-21T15:34:12.893457+00:00,2,r-scylla3,3,0,outgoing,0
2026-09-21T15:34:12.893457+00:00,2,r-scylla3,3,1,incoming,138710
2026-09-21T15:34:12.893457+00:00,2,r-scylla3,3,1,outgoing,0
2026-09-21T15:34:13.893879+00:00,3,r-scylla1,3,0,incoming,0
2026-09-21T15:34:13.893879+00:00,3,r-scylla1,3,0,outgoing,276768
2026-09-21T15:34:13.893879+00:00,3,r-scylla1,3,1,incoming,0
2026-09-21T15:34:13.893879+00:00,3,r-scylla1,3,1,outgoing,688
2026-09-21T15:34:13.893879+00:00,3,r-scylla2,3,0,incoming,138384
2026-09-21T15:34:13.893879+00:00,3,r-scylla2,3,0,outgoing,0
2026-09-21T15:34:13.893879+00:00,3,r-scylla2,3,1,incoming,290
2026-09-21T15:34:13.893879+00:00,3,r-scylla2,3,1,outgoing,138312
2026-09-21T15:34:13.893879+00:00,3,r-scylla3,3,0,incoming,138384
2026-09-21T15:34:13.893879+00:00,3,r-scylla3,3,0,outgoing,0
2026-09-21T15:34:13.893879+00:00,3,r-scylla3,3,1,incoming,138710
2026-09-21T15:34:13.893879+00:00,3,r-scylla3,3,1,outgoing,0
2026-09-21T15:34:14.894198+00:00,4,r-scylla1,3,0,incoming,0
2026-09-21T15:34:14.894198+00:00,4,r-scylla1,3,0,outgoing,276768
2026-09-21T15:34:14.894198+00:00,4,r-scylla1,3,1,incoming,0
2026-09-21T15:34:14.894198+00:00,4,r-scylla1,3,1,outgoing,688
2026-09-21T15:34:14.894198+00:00,4,r-scylla2,3,0,incoming,138384
2026-09-21T15:34:14.894198+00:00,4,r-scylla2,3,0,outgoing,0
2026-09-21T15:34:14.894198+00:00,4,r-scylla2,3,1,incoming,290
2026-09-21T15:34:14.894198+00:00,4,r-scylla2,3,1,outgoing,138312
2026-09-21T15:34:14.894198+00:00,4,r-scylla3,3,0,incoming,138384
2026-09-21T15:34:14.894198+00:00,4,r-scylla3,3,0,outgoing,0
2026-09-21T15:34:14.894198+00:00,4,r-scylla3,3,1,incoming,138710
2026-09-21T15:34:14.894198+00:00,4,r-scylla3,3,1,outgoing,0
2026-09-21T15:34:15.894420+00:00,5,r-scylla1,3,0,incoming,0
2026-09-21T15:34:15.894420+00:00,5,r-scylla1,3,0,outgoing,276768
2026-09-21T15:34:15.894420+00:00,5,r-scylla1,3,1,incoming,0
2026-09-21T15:34:15.894420+00:00,5,r-scylla1,3,1,outgoing,688
2026-09-21T15:34:15.894420+00:00,5,r-scylla2,3,0,incoming,138384
2026-09-21T15:34:15.894420+00:00,5,r-scylla2,3,0,outgoing,0
2026-09-21T15:34:15.894420+00:00,5,r-scylla2,3,1,incoming,290
2026-09-21T15:34:15.894420+00:00,5,r-scylla2,3,1,outgoing,138312
2026-09-21T15:34:15.894420+00:00,5,r-scylla3,3,0,incoming,138384
2026-09-21T15:34:15.894420+00:00,5,r-scylla3,3,0,outgoing,0
2026-09-21T15:34:15.894420+00:00,5,r-scylla3,3,1,incoming,138710
2026-09-21T15:34:15.894420+00:00,5,r-scylla3,3,1,outgoing,0
2026-09-21T15:34:16.894617+00:00,6,r-scylla1,3,0,incoming,0
2026-09-21T15:34:16.894617+00:00,6,r-scylla1,3,0,outgoing,276768
2026-09-21T15:34:16.894617+00:00,6,r-scylla1,3,1,incoming,0
2026-09-21T15:34:16.894617+00:00,6,r-scylla1,3,1,outgoing,688
2026-09-21T15:34:16.894617+00:00,6,r-scylla2,3,0,incoming,138384
2026-09-21T15:34:16.894617+00:00,6,r-scylla2,3,0,outgoing,0
2026-09-21T15:34:16.894617+00:00,6,r-scylla2,3,1,incoming,290
2026-09-21T15:34:16.894617+00:00,6,r-scylla2,3,1,outgoing,138312
2026-09-21T15:34:16.894617+00:00,6,r-scylla3,3,0,incoming,138384
2026-09-21T15:34:16.894617+00:00,6,r-scylla3,3,0,outgoing,0
2026-09-21T15:34:16.894617+00:00,6,r-scylla3,3,1,incoming,138710
2026-09-21T15:34:16.894617+00:00,6,r-scylla3,3,1,outgoing,0
2026-09-21T15:34:17.895022+00:00,7,r-scylla1,3,0,incoming,0
2026-09-21T15:34:17.895022+00:00,7,r-scylla1,3,0,outgoing,276768
2026-09-21T15:34:17.895022+00:00,7,r-scylla1,3,1,incoming,0
2026-09-21T15:34:17.895022+00:00,7,r-scylla1,3,1,outgoing,688
2026-09-21T15:34:17.895022+00:00,7,r-scylla2,3,0,incoming,138384
2026-09-21T15:34:17.895022+00:00,7,r-scylla2,3,0,outgoing,0
2026-09-21T15:34:17.895022+00:00,7,r-scylla2,3,1,incoming,290
2026-09-21T15:34:17.895022+00:00,7,r-scylla2,3,1,outgoing,138312
2026-09-21T15:34:17.895022+00:00,7,r-scylla3,3,0,incoming,138384
2026-09-21T15:34:17.895022+00:00,7,r-scylla3,3,0,outgoing,0
2026-09-21T15:34:17.895022+00:00,7,r-scylla3,3,1,incoming,138710
2026-09-21T15:34:17.895022+00:00,7,r-scylla3,3,1,outgoing,0
2026-09-21T15:34:18.895442+00:00,8,r-scylla1,3,0,incoming,0
2026-09-21T15:34:18.895442+00:00,8,r-scylla1,3,0,outgoing,276768
2026-09-21T15:34:18.895442+00:00,8,r-scylla1,3,1,incoming,0
2026-09-21T15:34:18.895442+00:00,8,r-scylla1,3,1,outgoing,688
2026-09-21T15:34:18.895442+00:00,8,r-scylla2,3,0,incoming,138384
2026-09-21T15:34:18.895442+00:00,8,r-scylla2,3,0,outgoing,0
2026-09-21T15:34:18.895442+00:00,8,r-scylla2,3,1,incoming,290
2026-09-21T15:34:18.895442+00:00,8,r-scylla2,3,1,outgoing,138312
2026-09-21T15:34:18.895442+00:00,8,r-scylla3,3,0,incoming,138384
2026-09-21T15:34:18.895442+00:00,8,r-scylla3,3,0,outgoing,0
2026-09-21T15:34:18.895442+00:00,8,r-scylla3,3,1,incoming,138710
2026-09-21T15:34:18.895442+00:00,8,r-scylla3,3,1,outgoing,0
2026-09-21T15:34:19.893475+00:00,9,r-scylla1,3,0,incoming,0
2026-09-21T15:34:19.893475+00:00,9,r-scylla1,3,0,outgoing,276768
2026-09-21T15:34:19.893475+00:00,9,r-scylla1,3,1,incoming,0
2026-09-21T15:34:19.893475+00:00,9,r-scylla1,3,1,outgoing,688
2026-09-21T15:34:19.893475+00:00,9,r-scylla2,3,0,incoming,138384
2026-09-21T15:34:19.893475+00:00,9,r-scylla2,3,0,outgoing,0
2026-09-21T15:34:19.893475+00:00,9,r-scylla2,3,1,incoming,290
2026-09-21T15:34:19.893475+00:00,9,r-scylla2,3,1,outgoing,138312
2026-09-21T15:34:19.893475+00:00,9,r-scylla3,3,0,incoming,138384
2026-09-21T15:34:19.893475+00:00,9,r-scylla3,3,0,outgoing,0
2026-09-21T15:34:19.893475+00:00,9,r-scylla3,3,1,incoming,138710
2026-09-21T15:34:19.893475+00:00,9,r-scylla3,3,1,outgoing,0
2026-09-21T15:34:20.893759+00:00,10,r-scylla1,3,0,incoming,0
2026-09-21T15:34:20.893759+00:00,10,r-scylla1,3,0,outgoing,276768
2026-09-21T15:34:20.893759+00:00,10,r-scylla1,3,1,incoming,0
2026-09-21T15:34:20.893759+00:00,10,r-scylla1,3,1,outgoing,688
2026-09-21T15:34:20.893759+00:00,10,r-scylla2,3,0,incoming,138384
2026-09-21T15:34:20.893759+00:00,10,r-scylla2,3,0,outgoing,0
2026-09-21T15:34:20.893759+00:00,10,r-scylla2,3,1,incoming,290
2026-09-21T15:34:20.893759+00:00,10,r-scylla2,3,1,outgoing,138312
2026-09-21T15:34:20.893759+00:00,10,r-scylla3,3,0,incoming,138384
2026-09-21T15:34:20.893759+00:00,10,r-scylla3,3,0,outgoing,0
2026-09-21T15:34:20.893759+00:00,10,r-scylla3,3,1,incoming,138710
2026-09-21T15:34:20.893759+00:00,10,r-scylla3,3,1,outgoing,0
2026-09-21T15:34:21.894215+00:00,11,r-scylla1,3,0,incoming,0
2026-09-21T15:34:21.894215+00:00,11,r-scylla1,3,0,outgoing,276768
2026-09-21T15:34:21.894215+00:00,11,r-scylla1,3,1,incoming,0
2026-09-21T15:34:21.894215+00:00,11,r-scylla1,3,1,outgoing,688
2026-09-21T15:34:21.894215+00:00,11,r-scylla2,3,0,incoming,138384
2026-09-21T15:34:21.894215+00:00,11,r-scylla2,3,0,outgoing,0
2026-09-21T15:34:21.894215+00:00,11,r-scylla2,3,1,incoming,290
2026-09-21T15:34:21.894215+00:00,11,r-scylla2,3,1,outgoing,138312
2026-09-21T15:34:21.894215+00:00,11,r-scylla3,3,0,incoming,138384
2026-09-21T15:34:21.894215+00:00,11,r-scylla3,3,0,outgoing,0
2026-09-21T15:34:21.894215+00:00,11,r-scylla3,3,1,incoming,138710
2026-09-21T15:34:21.894215+00:00,11,r-scylla3,3,1,outgoing,0
2026-09-21T15:34:22.894625+00:00,12,r-scylla1,3,0,incoming,0
2026-09-21T15:34:22.894625+00:00,12,r-scylla1,3,0,outgoing,276768
2026-09-21T15:34:22.894625+00:00,12,r-scylla1,3,1,incoming,0
2026-09-21T15:34:22.894625+00:00,12,r-scylla1,3,1,outgoing,688
2026-09-21T15:34:22.894625+00:00,12,r-scylla2,3,0,incoming,138384
2026-09-21T15:34:22.894625+00:00,12,r-scylla2,3,0,outgoing,0
2026-09-21T15:34:22.894625+00:00,12,r-scylla2,3,1,incoming,290
2026-09-21T15:34:22.894625+00:00,12,r-scylla2,3,1,outgoing,138312
2026-09-21T15:34:22.894625+00:00,12,r-scylla3,3,0,incoming,138384
2026-09-21T15:34:22.894625+00:00,12,r-scylla3,3,0,outgoing,0
2026-09-21T15:34:22.894625+00:00,12,r-scylla3,3,1,incoming,138710
2026-09-21T15:34:22.894625+00:00,12,r-scylla3,3,1,outgoing,0
2026-09-21T15:34:23.895045+00:00,13,r-scylla1,3,0,incoming,0
2026-09-21T15:34:23.895045+00:00,13,r-scylla1,3,0,outgoing,276768
2026-09-21T15:34:23.895045+00:00,13,r-scylla1,3,1,incoming,0
2026-09-21T15:34:23.895045+00:00,13,r-scylla1,3,1,outgoing,688
2026-09-21T15:34:23.895045+00:00,13,r-scylla2,3,0,incoming,138384
2026-09-21T15:34:23.895045+00:00,13,r-scylla2,3,0,outgoing,0
2026-09-21T15:34:23.895045+00:00,13,r-scylla2,3,1,incoming,290
2026-09-21T15:34:23.895045+00:00,13,r-scylla2,3,1,outgoing,138312
2026-09-21T15:34:23.895045+00:00,13,r-scylla3,3,0,incoming,138384
2026-09-21T15:34:23.895045+00:00,13,r-scylla3,3,0,outgoing,0
2026-09-21T15:34:23.895045+00:00,13,r-scylla3,3,1,incoming,138710
2026-09-21T15:34:23.895045+00:00,13,r-scylla3,3,1,outgoing,0
2026-09-21T15:34:24.895295+00:00,14,r-scylla1,3,0,incoming,0
2026-09-21T15:34:24.895295+00:00,14,r-scylla1,3,0,outgoing,276768
2026-09-21T15:34:24.895295+00:00,14,r-scylla1,3,1,incoming,0
2026-09-21T15:34:24.895295+00:00,14,r-scylla1,3,1,outgoing,688
2026-09-21T15:34:24.895295+00:00,14,r-scylla2,3,0,incoming,138384
2026-09-21T15:34:24.895295+00:00,14,r-scylla2,3,0,outgoing,0
2026-09-21T15:34:24.895295+00:00,14,r-scylla2,3,1,incoming,290
2026-09-21T15:34:24.895295+00:00,14,r-scylla2,3,1,outgoing,138312
2026-09-21T15:34:24.895295+00:00,14,r-scylla3,3,0,incoming,138384
2026-09-21T15:34:24.895295+00:00,14,r-scylla3,3,0,outgoing,0
2026-09-21T15:34:24.895295+00:00,14,r-scylla3,3,1,incoming,138710
2026-09-21T15:34:24.895295+00:00,14,r-scylla3,3,1,outgoing,0
2026-09-21T15:34:25.895600+00:00,15,r-scylla1,3,0,incoming,0
2026-09-21T15:34:25.895600+00:00,15,r-scylla1,3,0,outgoing,276768
2026-09-21T15:34:25.895600+00:00,15,r-scylla1,3,1,incoming,0
2026-09-21T15:34:25.895600+00:00,15,r-scylla1,3,1,outgoing,688
2026-09-21T15:34:25.895600+00:00,15,r-scylla2,3,0,incoming,138384
2026-09-21T15:34:25.895600+00:00,15,r-scylla2,3,0,outgoing,0
2026-09-21T15:34:25.895600+00:00,15,r-scylla2,3,1,incoming,290
2026-09-21T15:34:25.895600+00:00,15,r-scylla2,3,1,outgoing,138312
2026-09-21T15:34:25.895600+00:00,15,r-scylla3,3,0,incoming,138384
2026-09-21T15:34:25.895600+00:00,15,r-scylla3,3,0,outgoing,0
2026-09-21T15:34:25.895600+00:00,15,r-scylla3,3,1,incoming,138710
2026-09-21T15:34:25.895600+00:00,15,r-scylla3,3,1,outgoing,0
2026-09-21T15:34:26.895801+00:00,16,r-scylla1,3,0,incoming,0
2026-09-21T15:34:26.895801+00:00,16,r-scylla1,3,0,outgoing,276768
2026-09-21T15:34:26.895801+00:00,16,r-scylla1,3,1,incoming,0
2026-09-21T15:34:26.895801+00:00,16,r-scylla1,3,1,outgoing,688
2026-09-21T15:34:26.895801+00:00,16,r-scylla2,3,0,incoming,138384
2026-09-21T15:34:26.895801+00:00,16,r-scylla2,3,0,outgoing,0
2026-09-21T15:34:26.895801+00:00,16,r-scylla2,3,1,incoming,290
2026-09-21T15:34:26.895801+00:00,16,r-scylla2,3,1,outgoing,138312
2026-09-21T15:34:26.895801+00:00,16,r-scylla3,3,0,incoming,138384
2026-09-21T15:34:26.895801+00:00,16,r-scylla3,3,0,outgoing,0
2026-09-21T15:34:26.895801+00:00,16,r-scylla3,3,1,incoming,138710
2026-09-21T15:34:26.895801+00:00,16,r-scylla3,3,1,outgoing,0
2026-09-21T15:34:27.896089+00:00,17,r-scylla1,3,0,incoming,0
2026-09-21T15:34:27.896089+00:00,17,r-scylla1,3,0,outgoing,276768
2026-09-21T15:34:27.896089+00:00,17,r-scylla1,3,1,incoming,0
2026-09-21T15:34:27.896089+00:00,17,r-scylla1,3,1,outgoing,688
2026-09-21T15:34:27.896089+00:00,17,r-scylla2,3,0,incoming,138384
2026-09-21T15:34:27.896089+00:00,17,r-scylla2,3,0,outgoing,0
2026-09-21T15:34:27.896089+00:00,17,r-scylla2,3,1,incoming,290
2026-09-21T15:34:27.896089+00:00,17,r-scylla2,3,1,outgoing,138312
2026-09-21T15:34:27.896089+00:00,17,r-scylla3,3,0,incoming,138384
2026-09-21T15:34:27.896089+00:00,17,r-scylla3,3,0,outgoing,0
2026-09-21T15:34:27.896089+00:00,17,r-scylla3,3,1,incoming,138710
2026-09-21T15:34:27.896089+00:00,17,r-scylla3,3,1,outgoing,0
2026-09-21T15:34:28.896414+00:00,18,r-scylla1,3,0,incoming,0
2026-09-21T15:34:28.896414+00:00,18,r-scylla1,3,0,outgoing,276768
2026-09-21T15:34:28.896414+00:00,18,r-scylla1,3,1,incoming,0
2026-09-21T15:34:28.896414+00:00,18,r-scylla1,3,1,outgoing,688
2026-09-21T15:34:28.896414+00:00,18,r-scylla2,3,0,incoming,138384
2026-09-21T15:34:28.896414+00:00,18,r-scylla2,3,0,outgoing,0
2026-09-21T15:34:28.896414+00:00,18,r-scylla2,3,1,incoming,290
2026-09-21T15:34:28.896414+00:00,18,r-scylla2,3,1,outgoing,138312
2026-09-21T15:34:28.896414+00:00,18,r-scylla3,3,0,incoming,138384
2026-09-21T15:34:28.896414+00:00,18,r-scylla3,3,0,outgoing,0
2026-09-21T15:34:28.896414+00:00,18,r-scylla3,3,1,incoming,138710
2026-09-21T15:34:28.896414+00:00,18,r-scylla3,3,1,outgoing,0
2026-09-21T15:34:29.896613+00:00,19,r-scylla1,3,0,incoming,0
2026-09-21T15:34:29.896613+00:00,19,r-scylla1,3,0,outgoing,276768
2026-09-21T15:34:29.896613+00:00,19,r-scylla1,3,1,incoming,0
2026-09-21T15:34:29.896613+00:00,19,r-scylla1,3,1,outgoing,688
2026-09-21T15:34:29.896613+00:00,19,r-scylla2,3,0,incoming,138384
2026-09-21T15:34:29.896613+00:00,19,r-scylla2,3,0,outgoing,0
2026-09-21T15:34:29.896613+00:00,19,r-scylla2,3,1,incoming,290
2026-09-21T15:34:29.896613+00:00,19,r-scylla2,3,1,outgoing,138312
2026-09-21T15:34:29.896613+00:00,19,r-scylla3,3,0,incoming,138384
2026-09-21T15:34:29.896613+00:00,19,r-scylla3,3,0,outgoing,0
2026-09-21T15:34:29.896613+00:00,19,r-scylla3,3,1,incoming,138710
2026-09-21T15:34:29.896613+00:00,19,r-scylla3,3,1,outgoing,0
2026-09-21T15:34:30.896853+00:00,20,r-scylla1,3,0,incoming,0
2026-09-21T15:34:30.896853+00:00,20,r-scylla1,3,0,outgoing,276768
2026-09-21T15:34:30.896853+00:00,20,r-scylla1,3,1,incoming,0
2026-09-21T15:34:30.896853+00:00,20,r-scylla1,3,1,outgoing,688
2026-09-21T15:34:30.896853+00:00,20,r-scylla2,3,0,incoming,138384
2026-09-21T15:34:30.896853+00:00,20,r-scylla2,3,0,outgoing,0
2026-09-21T15:34:30.896853+00:00,20,r-scylla2,3,1,incoming,290
2026-09-21T15:34:30.896853+00:00,20,r-scylla2,3,1,outgoing,138312
2026-09-21T15:34:30.896853+00:00,20,r-scylla3,3,0,incoming,138384
2026-09-21T15:34:30.896853+00:00,20,r-scylla3,3,0,outgoing,0
2026-09-21T15:34:30.896853+00:00,20,r-scylla3,3,1,incoming,138710
2026-09-21T15:34:30.896853+00:00,20,r-scylla3,3,1,outgoing,0
2026-09-21T15:34:31.897089+00:00,21,r-scylla1,3,0,incoming,0
2026-09-21T15:34:31.897089+00:00,21,r-scylla1,3,0,outgoing,276768
2026-09-21T15:34:31.897089+00:00,21,r-scylla1,3,1,incoming,0
2026-09-21T15:34:31.897089+00:00,21,r-scylla1,3,1,outgoing,688
2026-09-21T15:34:31.897089+00:00,21,r-scylla2,3,0,incoming,138384
2026-09-21T15:34:31.897089+00:00,21,r-scylla2,3,0,outgoing,0
2026-09-21T15:34:31.897089+00:00,21,r-scylla2,3,1,incoming,290
2026-09-21T15:34:31.897089+00:00,21,r-scylla2,3,1,outgoing,138312
2026-09-21T15:34:31.897089+00:00,21,r-scylla3,3,0,incoming,138384
2026-09-21T15:34:31.897089+00:00,21,r-scylla3,3,0,outgoing,0
2026-09-21T15:34:31.897089+00:00,21,r-scylla3,3,1,incoming,138710
2026-09-21T15:34:31.897089+00:00,21,r-scylla3,3,1,outgoing,0
2026-09-21T15:34:32.897477+00:00,22,r-scylla1,3,0,incoming,0
2026-09-21T15:34:32.897477+00:00,22,r-scylla1,3,0,outgoing,276768
2026-09-21T15:34:32.897477+00:00,22,r-scylla1,3,1,incoming,0
2026-09-21T15:34:32.897477+00:00,22,r-scylla1,3,1,outgoing,688
2026-09-21T15:34:32.897477+00:00,22,r-scylla2,3,0,incoming,138384
2026-09-21T15:34:32.897477+00:00,22,r-scylla2,3,0,outgoing,0
2026-09-21T15:34:32.897477+00:00,22,r-scylla2,3,1,incoming,290
2026-09-21T15:34:32.897477+00:00,22,r-scylla2,3,1,outgoing,138312
2026-09-21T15:34:32.897477+00:00,22,r-scylla3,3,0,incoming,138384
2026-09-21T15:34:32.897477+00:00,22,r-scylla3,3,0,outgoing,0
2026-09-21T15:34:32.897477+00:00,22,r-scylla3,3,1,incoming,138710
2026-09-21T15:34:32.897477+00:00,22,r-scylla3,3,1,outgoing,0
2026-09-21T15:34:33.897858+00:00,23,r-scylla1,3,0,incoming,0
2026-09-21T15:34:33.897858+00:00,23,r-scylla1,3,0,outgoing,276768
2026-09-21T15:34:33.897858+00:00,23,r-scylla1,3,1,incoming,0
2026-09-21T15:34:33.897858+00:00,23,r-scylla1,3,1,outgoing,688
2026-09-21T15:34:33.897858+00:00,23,r-scylla2,3,0,incoming,138384
2026-09-21T15:34:33.897858+00:00,23,r-scylla2,3,0,outgoing,0
2026-09-21T15:34:33.897858+00:00,23,r-scylla2,3,1,incoming,290
2026-09-21T15:34:33.897858+00:00,23,r-scylla2,3,1,outgoing,138312
2026-09-21T15:34:33.897858+00:00,23,r-scylla3,3,0,incoming,138384
2026-09-21T15:34:33.897858+00:00,23,r-scylla3,3,0,outgoing,0
2026-09-21T15:34:33.897858+00:00,23,r-scylla3,3,1,incoming,138710
2026-09-21T15:34:33.897858+00:00,23,r-scylla3,3,1,outgoing,0
2026-09-21T15:34:34.898095+00:00,24,r-scylla1,3,0,incoming,0
2026-09-21T15:34:34.898095+00:00,24,r-scylla1,3,0,outgoing,276768
2026-09-21T15:34:34.898095+00:00,24,r-scylla1,3,1,incoming,0
2026-09-21T15:34:34.898095+00:00,24,r-scylla1,3,1,outgoing,688
2026-09-21T15:34:34.898095+00:00,24,r-scylla2,3,0,incoming,138384
2026-09-21T15:34:34.898095+00:00,24,r-scylla2,3,0,outgoing,0
2026-09-21T15:34:34.898095+00:00,24,r-scylla2,3,1,incoming,290
2026-09-21T15:34:34.898095+00:00,24,r-scylla2,3,1,outgoing,138312
2026-09-21T15:34:34.898095+00:00,24,r-scylla3,3,0,incoming,138384
2026-09-21T15:34:34.898095+00:00,24,r-scylla3,3,0,outgoing,0
2026-09-21T15:34:34.898095+00:00,24,r-scylla3,3,1,incoming,138710
2026-09-21T15:34:34.898095+00:00,24,r-scylla3,3,1,outgoing,0
2026-09-21T15:34:35.898413+00:00,25,r-scylla1,3,0,incoming,0
2026-09-21T15:34:35.898413+00:00,25,r-scylla1,3,0,outgoing,276768
2026-09-21T15:34:35.898413+00:00,25,r-scylla1,3,1,incoming,0
2026-09-21T15:34:35.898413+00:00,25,r-scylla1,3,1,outgoing,688
2026-09-21T15:34:35.898413+00:00,25,r-scylla2,3,0,incoming,138384
2026-09-21T15:34:35.898413+00:00,25,r-scylla2,3,0,outgoing,0
2026-09-21T15:34:35.898413+00:00,25,r-scylla2,3,1,incoming,290
2026-09-21T15:34:35.898413+00:00,25,r-scylla2,3,1,outgoing,138312
2026-09-21T15:34:35.898413+00:00,25,r-scylla3,3,0,incoming,138384
2026-09-21T15:34:35.898413+00:00,25,r-scylla3,3,0,outgoing,0
2026-09-21T15:34:35.898413+00:00,25,r-scylla3,3,1,incoming,138710
2026-09-21T15:34:35.898413+00:00,25,r-scylla3,3,1,outgoing,0
2026-09-21T15:34:36.898534+00:00,26,r-scylla1,3,0,incoming,0
2026-09-21T15:34:36.898534+00:00,26,r-scylla1,3,0,outgoing,276768
2026-09-21T15:34:36.898534+00:00,26,r-scylla1,3,1,incoming,0
2026-09-21T15:34:36.898534+00:00,26,r-scylla1,3,1,outgoing,688
2026-09-21T15:34:36.898534+00:00,26,r-scylla2,3,0,incoming,138384
2026-09-21T15:34:36.898534+00:00,26,r-scylla2,3,0,outgoing,0
2026-09-21T15:34:36.898534+00:00,26,r-scylla2,3,1,incoming,290
2026-09-21T15:34:36.898534+00:00,26,r-scylla2,3,1,outgoing,138312
2026-09-21T15:34:36.898534+00:00,26,r-scylla3,3,0,incoming,138384
2026-09-21T15:34:36.898534+00:00,26,r-scylla3,3,0,outgoing,0
2026-09-21T15:34:36.898534+00:00,26,r-scylla3,3,1,incoming,138710
2026-09-21T15:34:36.898534+00:00,26,r-scylla3,3,1,outgoing,0
2026-09-21T15:34:37.899058+00:00,27,r-scylla1,3,0,incoming,0
2026-09-21T15:34:37.899058+00:00,27,r-scylla1,3,0,outgoing,276768
2026-09-21T15:34:37.899058+00:00,27,r-scylla1,3,1,incoming,0
2026-09-21T15:34:37.899058+00:00,27,r-scylla1,3,1,outgoing,688
2026-09-21T15:34:37.899058+00:00,27,r-scylla2,3,0,incoming,138384
2026-09-21T15:34:37.899058+00:00,27,r-scylla2,3,0,outgoing,0
2026-09-21T15:34:37.899058+00:00,27,r-scylla2,3,1,incoming,290
2026-09-21T15:34:37.899058+00:00,27,r-scylla2,3,1,outgoing,138312
2026-09-21T15:34:37.899058+00:00,27,r-scylla3,3,0,incoming,138384
2026-09-21T15:34:37.899058+00:00,27,r-scylla3,3,0,outgoing,0
2026-09-21T15:34:37.899058+00:00,27,r-scylla3,3,1,incoming,138710
2026-09-21T15:34:37.899058+00:00,27,r-scylla3,3,1,outgoing,0
2026-09-21T15:34:38.899396+00:00,28,r-scylla1,3,0,incoming,0
2026-09-21T15:34:38.899396+00:00,28,r-scylla1,3,0,outgoing,276768
2026-09-21T15:34:38.899396+00:00,28,r-scylla1,3,1,incoming,0
2026-09-21T15:34:38.899396+00:00,28,r-scylla1,3,1,outgoing,688
2026-09-21T15:34:38.899396+00:00,28,r-scylla2,3,0,incoming,138384
2026-09-21T15:34:38.899396+00:00,28,r-scylla2,3,0,outgoing,0
2026-09-21T15:34:38.899396+00:00,28,r-scylla2,3,1,incoming,290
2026-09-21T15:34:38.899396+00:00,28,r-scylla2,3,1,outgoing,138312
2026-09-21T15:34:38.899396+00:00,28,r-scylla3,3,0,incoming,138384
2026-09-21T15:34:38.899396+00:00,28,r-scylla3,3,0,outgoing,0
2026-09-21T15:34:38.899396+00:00,28,r-scylla3,3,1,incoming,138710
2026-09-21T15:34:38.899396+00:00,28,r-scylla3,3,1,outgoing,0
2026-09-21T15:34:39.899659+00:00,29,r-scylla1,3,0,incoming,0
2026-09-21T15:34:39.899659+00:00,29,r-scylla1,3,0,outgoing,276768
2026-09-21T15:34:39.899659+00:00,29,r-scylla1,3,1,incoming,0
2026-09-21T15:34:39.899659+00:00,29,r-scylla1,3,1,outgoing,688
2026-09-21T15:34:39.899659+00:00,29,r-scylla2,3,0,incoming,138384
2026-09-21T15:34:39.899659+00:00,29,r-scylla2,3,0,outgoing,0
2026-09-21T15:34:39.899659+00:00,29,r-scylla2,3,1,incoming,290
2026-09-21T15:34:39.899659+00:00,29,r-scylla2,3,1,outgoing,138312
2026-09-21T15:34:39.899659+00:00,29,r-scylla3,3,0,incoming,138384
2026-09-21T15:34:39.899659+00:00,29,r-scylla3,3,0,outgoing,0
2026-09-21T15:34:39.899659+00:00,29,r-scylla3,3,1,incoming,138710
2026-09-21T15:34:39.899659+00:00,29,r-scylla3,3,1,outgoing,0
2026-09-21T15:34:40.899836+00:00,30,r-scylla1,3,0,incoming,0
2026-09-21T15:34:40.899836+00:00,30,r-scylla1,3,0,outgoing,276768
2026-09-21T15:34:40.899836+00:00,30,r-scylla1,3,1,incoming,0
2026-09-21T15:34:40.899836+00:00,30,r-scylla1,3,1,outgoing,688
2026-09-21T15:34:40.899836+00:00,30,r-scylla2,3,0,incoming,138384
2026-09-21T15:34:40.899836+00:00,30,r-scylla2,3,0,outgoing,0
2026-09-21T15:34:40.899836+00:00,30,r-scylla2,3,1,incoming,290
2026-09-21T15:34:40.899836+00:00,30,r-scylla2,3,1,outgoing,138312
2026-09-21T15:34:40.899836+00:00,30,r-scylla3,3,0,incoming,138384
2026-09-21T15:34:40.899836+00:00,30,r-scylla3,3,0,outgoing,0
2026-09-21T15:34:40.899836+00:00,30,r-scylla3,3,1,incoming,138710
2026-09-21T15:34:40.899836+00:00,30,r-scylla3,3,1,outgoing,0
2026-09-21T15:34:41.900102+00:00,31,r-scylla1,3,0,incoming,0
2026-09-21T15:34:41.900102+00:00,31,r-scylla1,3,0,outgoing,276768
2026-09-21T15:34:41.900102+00:00,31,r-scylla1,3,1,incoming,0
2026-09-21T15:34:41.900102+00:00,31,r-scylla1,3,1,outgoing,688
2026-09-21T15:34:41.900102+00:00,31,r-scylla2,3,0,incoming,138384
2026-09-21T15:34:41.900102+00:00,31,r-scylla2,3,0,outgoing,0
2026-09-21T15:34:41.900102+00:00,31,r-scylla2,3,1,incoming,290
2026-09-21T15:34:41.900102+00:00,31,r-scylla2,3,1,outgoing,138312
2026-09-21T15:34:41.900102+00:00,31,r-scylla3,3,0,incoming,138384
2026-09-21T15:34:41.900102+00:00,31,r-scylla3,3,0,outgoing,0
2026-09-21T15:34:41.900102+00:00,31,r-scylla3,3,1,incoming,138710
2026-09-21T15:34:41.900102+00:00,31,r-scylla3,3,1,outgoing,0
2026-09-21T15:34:42.900583+00:00,32,r-scylla1,3,0,incoming,0
2026-09-21T15:34:42.900583+00:00,32,r-scylla1,3,0,outgoing,276768
2026-09-21T15:34:42.900583+00:00,32,r-scylla1,3,1,incoming,0
2026-09-21T15:34:42.900583+00:00,32,r-scylla1,3,1,outgoing,688
2026-09-21T15:34:42.900583+00:00,32,r-scylla2,3,0,incoming,138384
2026-09-21T15:34:42.900583+00:00,32,r-scylla2,3,0,outgoing,0
2026-09-21T15:34:42.900583+00:00,32,r-scylla2,3,1,incoming,290
2026-09-21T15:34:42.900583+00:00,32,r-scylla2,3,1,outgoing,138312
2026-09-21T15:34:42.900583+00:00,32,r-scylla3,3,0,incoming,138384
2026-09-21T15:34:42.900583+00:00,32,r-scylla3,3,0,outgoing,0
2026-09-21T15:34:42.900583+00:00,32,r-scylla3,3,1,incoming,138710
2026-09-21T15:34:42.900583+00:00,32,r-scylla3,3,1,outgoing,0
2026-09-21T15:34:43.900938+00:00,33,r-scylla1,3,0,incoming,0
2026-09-21T15:34:43.900938+00:00,33,r-scylla1,3,0,outgoing,276768
2026-09-21T15:34:43.900938+00:00,33,r-scylla1,3,1,incoming,0
2026-09-21T15:34:43.900938+00:00,33,r-scylla1,3,1,outgoing,688
2026-09-21T15:34:43.900938+00:00,33,r-scylla2,3,0,incoming,138384
2026-09-21T15:34:43.900938+00:00,33,r-scylla2,3,0,outgoing,0
2026-09-21T15:34:43.900938+00:00,33,r-scylla2,3,1,incoming,290
2026-09-21T15:34:43.900938+00:00,33,r-scylla2,3,1,outgoing,138312
2026-09-21T15:34:43.900938+00:00,33,r-scylla3,3,0,incoming,138384
2026-09-21T15:34:43.900938+00:00,33,r-scylla3,3,0,outgoing,0
2026-09-21T15:34:43.900938+00:00,33,r-scylla3,3,1,incoming,138710
2026-09-21T15:34:43.900938+00:00,33,r-scylla3,3,1,outgoing,0
2026-09-21T15:34:44.901119+00:00,34,r-scylla1,3,0,incoming,0
2026-09-21T15:34:44.901119+00:00,34,r-scylla1,3,0,outgoing,276768
2026-09-21T15:34:44.901119+00:00,34,r-scylla1,3,1,incoming,0
2026-09-21T15:34:44.901119+00:00,34,r-scylla1,3,1,outgoing,688
2026-09-21T15:34:44.901119+00:00,34,r-scylla2,3,0,incoming,138384
2026-09-21T15:34:44.901119+00:00,34,r-scylla2,3,0,outgoing,0
2026-09-21T15:34:44.901119+00:00,34,r-scylla2,3,1,incoming,290
2026-09-21T15:34:44.901119+00:00,34,r-scylla2,3,1,outgoing,138312
2026-09-21T15:34:44.901119+00:00,34,r-scylla3,3,0,incoming,138384
2026-09-21T15:34:44.901119+00:00,34,r-scylla3,3,0,outgoing,0
2026-09-21T15:34:44.901119+00:00,34,r-scylla3,3,1,incoming,138710
2026-09-21T15:34:44.901119+00:00,34,r-scylla3,3,1,outgoing,0
2026-09-21T15:34:45.901269+00:00,35,r-scylla1,3,0,incoming,0
2026-09-21T15:34:45.901269+00:00,35,r-scylla1,3,0,outgoing,276768
2026-09-21T15:34:45.901269+00:00,35,r-scylla1,3,1,incoming,0
2026-09-21T15:34:45.901269+00:00,35,r-scylla1,3,1,outgoing,688
2026-09-21T15:34:45.901269+00:00,35,r-scylla2,3,0,incoming,138384
2026-09-21T15:34:45.901269+00:00,35,r-scylla2,3,0,outgoing,0
2026-09-21T15:34:45.901269+00:00,35,r-scylla2,3,1,incoming,290
2026-09-21T15:34:45.901269+00:00,35,r-scylla2,3,1,outgoing,138312
2026-09-21T15:34:45.901269+00:00,35,r-scylla3,3,0,incoming,138384
2026-09-21T15:34:45.901269+00:00,35,r-scylla3,3,0,outgoing,0
2026-09-21T15:34:45.901269+00:00,35,r-scylla3,3,1,incoming,138710
2026-09-21T15:34:45.901269+00:00,35,r-scylla3,3,1,outgoing,0
2026-09-21T15:34:46.901571+00:00,36,r-scylla1,3,0,incoming,0
2026-09-21T15:34:46.901571+00:00,36,r-scylla1,3,0,outgoing,276768
2026-09-21T15:34:46.901571+00:00,36,r-scylla1,3,1,incoming,0
2026-09-21T15:34:46.901571+00:00,36,r-scylla1,3,1,outgoing,688
2026-09-21T15:34:46.901571+00:00,36,r-scylla2,3,0,incoming,138384
2026-09-21T15:34:46.901571+00:00,36,r-scylla2,3,0,outgoing,0
2026-09-21T15:34:46.901571+00:00,36,r-scylla2,3,1,incoming,290
2026-09-21T15:34:46.901571+00:00,36,r-scylla2,3,1,outgoing,138312
2026-09-21T15:34:46.901571+00:00,36,r-scylla3,3,0,incoming,138384
2026-09-21T15:34:46.901571+00:00,36,r-scylla3,3,0,outgoing,0
2026-09-21T15:34:46.901571+00:00,36,r-scylla3,3,1,incoming,138710
2026-09-21T15:34:46.901571+00:00,36,r-scylla3,3,1,outgoing,0
2026-09-21T15:34:47.901773+00:00,37,r-scylla1,3,0,incoming,0
2026-09-21T15:34:47.901773+00:00,37,r-scylla1,3,0,outgoing,276768
2026-09-21T15:34:47.901773+00:00,37,r-scylla1,3,1,incoming,0
2026-09-21T15:34:47.901773+00:00,37,r-scylla1,3,1,outgoing,688
2026-09-21T15:34:47.901773+00:00,37,r-scylla2,3,0,incoming,138384
2026-09-21T15:34:47.901773+00:00,37,r-scylla2,3,0,outgoing,0
2026-09-21T15:34:47.901773+00:00,37,r-scylla2,3,1,incoming,290
2026-09-21T15:34:47.901773+00:00,37,r-scylla2,3,1,outgoing,138312
2026-09-21T15:34:47.901773+00:00,37,r-scylla3,3,0,incoming,138384
2026-09-21T15:34:47.901773+00:00,37,r-scylla3,3,0,outgoing,0
2026-09-21T15:34:47.901773+00:00,37,r-scylla3,3,1,incoming,138710
2026-09-21T15:34:47.901773+00:00,37,r-scylla3,3,1,outgoing,0
2026-09-21T15:34:48.902192+00:00,38,r-scylla1,3,0,incoming,0
2026-09-21T15:34:48.902192+00:00,38,r-scylla1,3,0,outgoing,276768
2026-09-21T15:34:48.902192+00:00,38,r-scylla1,3,1,incoming,0
2026-09-21T15:34:48.902192+00:00,38,r-scylla1,3,1,outgoing,688
2026-09-21T15:34:48.902192+00:00,38,r-scylla2,3,0,incoming,138384
2026-09-21T15:34:48.902192+00:00,38,r-scylla2,3,0,outgoing,0
2026-09-21T15:34:48.902192+00:00,38,r-scylla2,3,1,incoming,290
2026-09-21T15:34:48.902192+00:00,38,r-scylla2,3,1,outgoing,138312
2026-09-21T15:34:48.902192+00:00,38,r-scylla3,3,0,incoming,138384
2026-09-21T15:34:48.902192+00:00,38,r-scylla3,3,0,outgoing,0
2026-09-21T15:34:48.902192+00:00,38,r-scylla3,3,1,incoming,138710
2026-09-21T15:34:48.902192+00:00,38,r-scylla3,3,1,outgoing,0
2026-09-21T15:34:49.899202+00:00,39,r-scylla1,3,0,incoming,0
2026-09-21T15:34:49.899202+00:00,39,r-scylla1,3,0,outgoing,276768
2026-09-21T15:34:49.899202+00:00,39,r-scylla1,3,1,incoming,0
2026-09-21T15:34:49.899202+00:00,39,r-scylla1,3,1,outgoing,688
2026-09-21T15:34:49.899202+00:00,39,r-scylla2,3,0,incoming,138384
2026-09-21T15:34:49.899202+00:00,39,r-scylla2,3,0,outgoing,0
2026-09-21T15:34:49.899202+00:00,39,r-scylla2,3,1,incoming,290
2026-09-21T15:34:49.899202+00:00,39,r-scylla2,3,1,outgoing,138312
2026-09-21T15:34:49.899202+00:00,39,r-scylla3,3,0,incoming,138384
2026-09-21T15:34:49.899202+00:00,39,r-scylla3,3,0,outgoing,0
2026-09-21T15:34:49.899202+00:00,39,r-scylla3,3,1,incoming,138710
2026-09-21T15:34:49.899202+00:00,39,r-scylla3,3,1,outgoing,0
2026-09-21T15:34:50.899513+00:00,40,r-scylla1,3,0,incoming,0
2026-09-21T15:34:50.899513+00:00,40,r-scylla1,3,0,outgoing,276768
2026-09-21T15:34:50.899513+00:00,40,r-scylla1,3,1,incoming,0
2026-09-21T15:34:50.899513+00:00,40,r-scylla1,3,1,outgoing,688
2026-09-21T15:34:50.899513+00:00,40,r-scylla2,3,0,incoming,138384
2026-09-21T15:34:50.899513+00:00,40,r-scylla2,3,0,outgoing,0
2026-09-21T15:34:50.899513+00:00,40,r-scylla2,3,1,incoming,290
2026-09-21T15:34:50.899513+00:00,40,r-scylla2,3,1,outgoing,138312
2026-09-21T15:34:50.899513+00:00,40,r-scylla3,3,0,incoming,138384
2026-09-21T15:34:50.899513+00:00,40,r-scylla3,3,0,outgoing,0
2026-09-21T15:34:50.899513+00:00,40,r-scylla3,3,1,incoming,138710
2026-09-21T15:34:50.899513+00:00,40,r-scylla3,3,1,outgoing,0
2026-09-21T15:34:51.899766+00:00,41,r-scylla1,3,0,incoming,0
2026-09-21T15:34:51.899766+00:00,41,r-scylla1,3,0,outgoing,276768
2026-09-21T15:34:51.899766+00:00,41,r-scylla1,3,1,incoming,0
2026-09-21T15:34:51.899766+00:00,41,r-scylla1,3,1,outgoing,688
2026-09-21T15:34:51.899766+00:00,41,r-scylla2,3,0,incoming,138384
2026-09-21T15:34:51.899766+00:00,41,r-scylla2,3,0,outgoing,0
2026-09-21T15:34:51.899766+00:00,41,r-scylla2,3,1,incoming,290
2026-09-21T15:34:51.899766+00:00,41,r-scylla2,3,1,outgoing,138312
2026-09-21T15:34:51.899766+00:00,41,r-scylla3,3,0,incoming,138384
2026-09-21T15:34:51.899766+00:00,41,r-scylla3,3,0,outgoing,0
2026-09-21T15:34:51.899766+00:00,41,r-scylla3,3,1,incoming,138710
2026-09-21T15:34:51.899766+00:00,41,r-scylla3,3,1,outgoing,0
2026-09-21T15:34:52.900046+00:00,42,r-scylla1,3,0,incoming,0
2026-09-21T15:34:52.900046+00:00,42,r-scylla1,3,0,outgoing,276768
2026-09-21T15:34:52.900046+00:00,42,r-scylla1,3,1,incoming,0
2026-09-21T15:34:52.900046+00:00,42,r-scylla1,3,1,outgoing,688
2026-09-21T15:34:52.900046+00:00,42,r-scylla2,3,0,incoming,138384
2026-09-21T15:34:52.900046+00:00,42,r-scylla2,3,0,outgoing,0
2026-09-21T15:34:52.900046+00:00,42,r-scylla2,3,1,incoming,290
2026-09-21T15:34:52.900046+00:00,42,r-scylla2,3,1,outgoing,138312
2026-09-21T15:34:52.900046+00:00,42,r-scylla3,3,0,incoming,138384
2026-09-21T15:34:52.900046+00:00,42,r-scylla3,3,0,outgoing,0
2026-09-21T15:34:52.900046+00:00,42,r-scylla3,3,1,incoming,138710
2026-09-21T15:34:52.900046+00:00,42,r-scylla3,3,1,outgoing,0
2026-09-21T15:34:53.900244+00:00,43,r-scylla1,3,0,incoming,0
2026-09-21T15:34:53.900244+00:00,43,r-scylla1,3,0,outgoing,276768
2026-09-21T15:34:53.900244+00:00,43,r-scylla1,3,1,incoming,0
2026-09-21T15:34:53.900244+00:00,43,r-scylla1,3,1,outgoing,688
2026-09-21T15:34:53.900244+00:00,43,r-scylla2,3,0,incoming,138384
2026-09-21T15:34:53.900244+00:00,43,r-scylla2,3,0,outgoing,0
2026-09-21T15:34:53.900244+00:00,43,r-scylla2,3,1,incoming,290
2026-09-21T15:34:53.900244+00:00,43,r-scylla2,3,1,outgoing,138312
2026-09-21T15:34:53.900244+00:00,43,r-scylla3,3,0,incoming,138384
2026-09-21T15:34:53.900244+00:00,43,r-scylla3,3,0,outgoing,0
2026-09-21T15:34:53.900244+00:00,43,r-scylla3,3,1,incoming,138710
2026-09-21T15:34:53.900244+00:00,43,r-scylla3,3,1,outgoing,0
2026-09-21T15:34:54.900669+00:00,44,r-scylla1,3,0,incoming,0
2026-09-21T15:34:54.900669+00:00,44,r-scylla1,3,0,outgoing,276768
2026-09-21T15:34:54.900669+00:00,44,r-scylla1,3,1,incoming,0
2026-09-21T15:34:54.900669+00:00,44,r-scylla1,3,1,outgoing,688
2026-09-21T15:34:54.900669+00:00,44,r-scylla2,3,0,incoming,138384
2026-09-21T15:34:54.900669+00:00,44,r-scylla2,3,0,outgoing,0
2026-09-21T15:34:54.900669+00:00,44,r-scylla2,3,1,incoming,290
2026-09-21T15:34:54.900669+00:00,44,r-scylla2,3,1,outgoing,138312
2026-09-21T15:34:54.900669+00:00,44,r-scylla3,3,0,incoming,138384
2026-09-21T15:34:54.900669+00:00,44,r-scylla3,3,0,outgoing,0
2026-09-21T15:34:54.900669+00:00,44,r-scylla3,3,1,incoming,138710
2026-09-21T15:34:54.900669+00:00,44,r-scylla3,3,1,outgoing,0
2026-09-21T15:34:55.901048+00:00,45,r-scylla1,3,0,incoming,0
2026-09-21T15:34:55.901048+00:00,45,r-scylla1,3,0,outgoing,276768
2026-09-21T15:34:55.901048+00:00,45,r-scylla1,3,1,incoming,0
2026-09-21T15:34:55.901048+00:00,45,r-scylla1,3,1,outgoing,688
2026-09-21T15:34:55.901048+00:00,45,r-scylla2,3,0,incoming,138384
2026-09-21T15:34:55.901048+00:00,45,r-scylla2,3,0,outgoing,0
2026-09-21T15:34:55.901048+00:00,45,r-scylla2,3,1,incoming,290
2026-09-21T15:34:55.901048+00:00,45,r-scylla2,3,1,outgoing,138312
2026-09-21T15:34:55.901048+00:00,45,r-scylla3,3,0,incoming,138384
2026-09-21T15:34:55.901048+00:00,45,r-scylla3,3,0,outgoing,0
2026-09-21T15:34:55.901048+00:00,45,r-scylla3,3,1,incoming,138710
2026-09-21T15:34:55.901048+00:00,45,r-scylla3,3,1,outgoing,0
2026-09-21T15:34:56.901271+00:00,46,r-scylla1,3,0,incoming,0
2026-09-21T15:34:56.901271+00:00,46,r-scylla1,3,0,outgoing,276768
2026-09-21T15:34:56.901271+00:00,46,r-scylla1,3,1,incoming,0
2026-09-21T15:34:56.901271+00:00,46,r-scylla1,3,1,outgoing,688
2026-09-21T15:34:56.901271+00:00,46,r-scylla2,3,0,incoming,138384
2026-09-21T15:34:56.901271+00:00,46,r-scylla2,3,0,outgoing,0
2026-09-21T15:34:56.901271+00:00,46,r-scylla2,3,1,incoming,290
2026-09-21T15:34:56.901271+00:00,46,r-scylla2,3,1,outgoing,138312
2026-09-21T15:34:56.901271+00:00,46,r-scylla3,3,0,incoming,138384
2026-09-21T15:34:56.901271+00:00,46,r-scylla3,3,0,outgoing,0
2026-09-21T15:34:56.901271+00:00,46,r-scylla3,3,1,incoming,138710
2026-09-21T15:34:56.901271+00:00,46,r-scylla3,3,1,outgoing,0
2026-09-21T15:34:57.901556+00:00,47,r-scylla1,3,0,incoming,0
2026-09-21T15:34:57.901556+00:00,47,r-scylla1,3,0,outgoing,276768
2026-09-21T15:34:57.901556+00:00,47,r-scylla1,3,1,incoming,0
2026-09-21T15:34:57.901556+00:00,47,r-scylla1,3,1,outgoing,688
2026-09-21T15:34:57.901556+00:00,47,r-scylla2,3,0,incoming,138384
2026-09-21T15:34:57.901556+00:00,47,r-scylla2,3,0,outgoing,0
2026-09-21T15:34:57.901556+00:00,47,r-scylla2,3,1,incoming,290
2026-09-21T15:34:57.901556+00:00,47,r-scylla2,3,1,outgoing,138312
2026-09-21T15:34:57.901556+00:00,47,r-scylla3,3,0,incoming,138384
2026-09-21T15:34:57.901556+00:00,47,r-scylla3,3,0,outgoing,0
2026-09-21T15:34:57.901556+00:00,47,r-scylla3,3,1,incoming,138710
2026-09-21T15:34:57.901556+00:00,47,r-scylla3,3,1,outgoing,0
2026-09-21T15:34:58.901981+00:00,48,r-scylla1,3,0,incoming,0
2026-09-21T15:34:58.901981+00:00,48,r-scylla1,3,0,outgoing,276768
2026-09-21T15:34:58.901981+00:00,48,r-scylla1,3,1,incoming,0
2026-09-21T15:34:58.901981+00:00,48,r-scylla1,3,1,outgoing,688
2026-09-21T15:34:58.901981+00:00,48,r-scylla2,3,0,incoming,138384
2026-09-21T15:34:58.901981+00:00,48,r-scylla2,3,0,outgoing,0
2026-09-21T15:34:58.901981+00:00,48,r-scylla2,3,1,incoming,290
2026-09-21T15:34:58.901981+00:00,48,r-scylla2,3,1,outgoing,138312
2026-09-21T15:34:58.901981+00:00,48,r-scylla3,3,0,incoming,138384
2026-09-21T15:34:58.901981+00:00,48,r-scylla3,3,0,outgoing,0
2026-09-21T15:34:58.901981+00:00,48,r-scylla3,3,1,incoming,138710
2026-09-21T15:34:58.901981+00:00,48,r-scylla3,3,1,outgoing,0
2026-09-21T15:34:59.902198+00:00,49,r-scylla1,3,0,incoming,0
2026-09-21T15:34:59.902198+00:00,49,r-scylla1,3,0,outgoing,276768
2026-09-21T15:34:59.902198+00:00,49,r-scylla1,3,1,incoming,0
2026-09-21T15:34:59.902198+00:00,49,r-scylla1,3,1,outgoing,688
2026-09-21T15:34:59.902198+00:00,49,r-scylla2,3,0,incoming,138384
2026-09-21T15:34:59.902198+00:00,49,r-scylla2,3,0,outgoing,0
2026-09-21T15:34:59.902198+00:00,49,r-scylla2,3,1,incoming,290
2026-09-21T15:34:59.902198+00:00,49,r-scylla2,3,1,outgoing,138312
2026-09-21T15:34:59.902198+00:00,49,r-scylla3,3,0,incoming,138384
2026-09-21T15:34:59.902198+00:00,49,r-scylla3,3,0,outgoing,0
2026-09-21T15:34:59.902198+00:00,49,r-scylla3,3,1,incoming,138710
2026-09-21T15:34:59.902198+00:00,49,r-scylla3,3,1,outgoing,0
2026-09-21T15:35:00.902509+00:00,50,r-scylla1,3,0,incoming,0
2026-09-21T15:35:00.902509+00:00,50,r-scylla1,3,0,outgoing,276768
2026-09-21T15:35:00.902509+00:00,50,r-scylla1,3,1,incoming,0
2026-09-21T15:35:00.902509+00:00,50,r-scylla1,3,1,outgoing,688
2026-09-21T15:35:00.902509+00:00,50,r-scylla2,3,0,incoming,138384
2026-09-21T15:35:00.902509+00:00,50,r-scylla2,3,0,outgoing,0
2026-09-21T15:35:00.902509+00:00,50,r-scylla2,3,1,incoming,290
2026-09-21T15:35:00.902509+00:00,50,r-scylla2,3,1,outgoing,138312
2026-09-21T15:35:00.902509+00:00,50,r-scylla3,3,0,incoming,138384
2026-09-21T15:35:00.902509+00:00,50,r-scylla3,3,0,outgoing,0
2026-09-21T15:35:00.902509+00:00,50,r-scylla3,3,1,incoming,138710
2026-09-21T15:35:00.902509+00:00,50,r-scylla3,3,1,outgoing,0
2026-09-21T15:35:01.902836+00:00,51,r-scylla1,3,0,incoming,0
2026-09-21T15:35:01.902836+00:00,51,r-scylla1,3,0,outgoing,276768
2026-09-21T15:35:01.902836+00:00,51,r-scylla1,3,1,incoming,0
2026-09-21T15:35:01.902836+00:00,51,r-scylla1,3,1,outgoing,688
2026-09-21T15:35:01.902836+00:00,51,r-scylla2,3,0,incoming,138384
2026-09-21T15:35:01.902836+00:00,51,r-scylla2,3,0,outgoing,0
2026-09-21T15:35:01.902836+00:00,51,r-scylla2,3,1,incoming,290
2026-09-21T15:35:01.902836+00:00,51,r-scylla2,3,1,outgoing,138312
2026-09-21T15:35:01.902836+00:00,51,r-scylla3,3,0,incoming,138384
2026-09-21T15:35:01.902836+00:00,51,r-scylla3,3,0,outgoing,0
2026-09-21T15:35:01.902836+00:00,51,r-scylla3,3,1,incoming,138710
2026-09-21T15:35:01.902836+00:00,51,r-scylla3,3,1,outgoing,0
2026-09-21T15:35:02.903110+00:00,52,r-scylla1,3,0,incoming,0
2026-09-21T15:35:02.903110+00:00,52,r-scylla1,3,0,outgoing,276768
2026-09-21T15:35:02.903110+00:00,52,r-scylla1,3,1,incoming,0
2026-09-21T15:35:02.903110+00:00,52,r-scylla1,3,1,outgoing,688
2026-09-21T15:35:02.903110+00:00,52,r-scylla2,3,0,incoming,138384
2026-09-21T15:35:02.903110+00:00,52,r-scylla2,3,0,outgoing,0
2026-09-21T15:35:02.903110+00:00,52,r-scylla2,3,1,incoming,290
2026-09-21T15:35:02.903110+00:00,52,r-scylla2,3,1,outgoing,138312
2026-09-21T15:35:02.903110+00:00,52,r-scylla3,3,0,incoming,138384
2026-09-21T15:35:02.903110+00:00,52,r-scylla3,3,0,outgoing,0
2026-09-21T15:35:02.903110+00:00,52,r-scylla3,3,1,incoming,138710
2026-09-21T15:35:02.903110+00:00,52,r-scylla3,3,1,outgoing,0
2026-09-21T15:35:03.903410+00:00,53,r-scylla1,3,0,incoming,0
2026-09-21T15:35:03.903410+00:00,53,r-scylla1,3,0,outgoing,276768
2026-09-21T15:35:03.903410+00:00,53,r-scylla1,3,1,incoming,0
2026-09-21T15:35:03.903410+00:00,53,r-scylla1,3,1,outgoing,688
2026-09-21T15:35:03.903410+00:00,53,r-scylla2,3,0,incoming,138384
2026-09-21T15:35:03.903410+00:00,53,r-scylla2,3,0,outgoing,0
2026-09-21T15:35:03.903410+00:00,53,r-scylla2,3,1,incoming,290
2026-09-21T15:35:03.903410+00:00,53,r-scylla2,3,1,outgoing,138312
2026-09-21T15:35:03.903410+00:00,53,r-scylla3,3,0,incoming,138384
2026-09-21T15:35:03.903410+00:00,53,r-scylla3,3,0,outgoing,0
2026-09-21T15:35:03.903410+00:00,53,r-scylla3,3,1,incoming,138710
2026-09-21T15:35:03.903410+00:00,53,r-scylla3,3,1,outgoing,0
2026-09-21T15:35:04.903702+00:00,54,r-scylla1,3,0,incoming,0
2026-09-21T15:35:04.903702+00:00,54,r-scylla1,3,0,outgoing,276768
2026-09-21T15:35:04.903702+00:00,54,r-scylla1,3,1,incoming,0
2026-09-21T15:35:04.903702+00:00,54,r-scylla1,3,1,outgoing,688
2026-09-21T15:35:04.903702+00:00,54,r-scylla2,3,0,incoming,138384
2026-09-21T15:35:04.903702+00:00,54,r-scylla2,3,0,outgoing,0
2026-09-21T15:35:04.903702+00:00,54,r-scylla2,3,1,incoming,290
2026-09-21T15:35:04.903702+00:00,54,r-scylla2,3,1,outgoing,138312
2026-09-21T15:35:04.903702+00:00,54,r-scylla3,3,0,incoming,138384
2026-09-21T15:35:04.903702+00:00,54,r-scylla3,3,0,outgoing,0
2026-09-21T15:35:04.903702+00:00,54,r-scylla3,3,1,incoming,138710
2026-09-21T15:35:04.903702+00:00,54,r-scylla3,3,1,outgoing,0
2026-09-21T15:35:05.903951+00:00,55,r-scylla1,3,0,incoming,0
2026-09-21T15:35:05.903951+00:00,55,r-scylla1,3,0,outgoing,276768
2026-09-21T15:35:05.903951+00:00,55,r-scylla1,3,1,incoming,0
2026-09-21T15:35:05.903951+00:00,55,r-scylla1,3,1,outgoing,688
2026-09-21T15:35:05.903951+00:00,55,r-scylla2,3,0,incoming,138384
2026-09-21T15:35:05.903951+00:00,55,r-scylla2,3,0,outgoing,0
2026-09-21T15:35:05.903951+00:00,55,r-scylla2,3,1,incoming,290
2026-09-21T15:35:05.903951+00:00,55,r-scylla2,3,1,outgoing,138312
2026-09-21T15:35:05.903951+00:00,55,r-scylla3,3,0,incoming,138384
2026-09-21T15:35:05.903951+00:00,55,r-scylla3,3,0,outgoing,0
2026-09-21T15:35:05.903951+00:00,55,r-scylla3,3,1,incoming,138710
2026-09-21T15:35:05.903951+00:00,55,r-scylla3,3,1,outgoing,0
2026-09-21T15:35:06.904266+00:00,56,r-scylla1,3,0,incoming,0
2026-09-21T15:35:06.904266+00:00,56,r-scylla1,3,0,outgoing,276768
2026-09-21T15:35:06.904266+00:00,56,r-scylla1,3,1,incoming,0
2026-09-21T15:35:06.904266+00:00,56,r-scylla1,3,1,outgoing,688
2026-09-21T15:35:06.904266+00:00,56,r-scylla2,3,0,incoming,138384
2026-09-21T15:35:06.904266+00:00,56,r-scylla2,3,0,outgoing,0
2026-09-21T15:35:06.904266+00:00,56,r-scylla2,3,1,incoming,290
2026-09-21T15:35:06.904266+00:00,56,r-scylla2,3,1,outgoing,138312
2026-09-21T15:35:06.904266+00:00,56,r-scylla3,3,0,incoming,138384
2026-09-21T15:35:06.904266+00:00,56,r-scylla3,3,0,outgoing,0
2026-09-21T15:35:06.904266+00:00,56,r-scylla3,3,1,incoming,138710
2026-09-21T15:35:06.904266+00:00,56,r-scylla3,3,1,outgoing,0
2026-09-21T15:35:07.904662+00:00,57,r-scylla1,3,0,incoming,0
2026-09-21T15:35:07.904662+00:00,57,r-scylla1,3,0,outgoing,276768
2026-09-21T15:35:07.904662+00:00,57,r-scylla1,3,1,incoming,0
2026-09-21T15:35:07.904662+00:00,57,r-scylla1,3,1,outgoing,688
2026-09-21T15:35:07.904662+00:00,57,r-scylla2,3,0,incoming,138384
2026-09-21T15:35:07.904662+00:00,57,r-scylla2,3,0,outgoing,0
2026-09-21T15:35:07.904662+00:00,57,r-scylla2,3,1,incoming,290
2026-09-21T15:35:07.904662+00:00,57,r-scylla2,3,1,outgoing,138312
2026-09-21T15:35:07.904662+00:00,57,r-scylla3,3,0,incoming,138384
2026-09-21T15:35:07.904662+00:00,57,r-scylla3,3,0,outgoing,0
2026-09-21T15:35:07.904662+00:00,57,r-scylla3,3,1,incoming,138710
2026-09-21T15:35:07.904662+00:00,57,r-scylla3,3,1,outgoing,0
2026-09-21T15:35:08.904989+00:00,58,r-scylla1,3,0,incoming,0
2026-09-21T15:35:08.904989+00:00,58,r-scylla1,3,0,outgoing,276768
2026-09-21T15:35:08.904989+00:00,58,r-scylla1,3,1,incoming,0
2026-09-21T15:35:08.904989+00:00,58,r-scylla1,3,1,outgoing,688
2026-09-21T15:35:08.904989+00:00,58,r-scylla2,3,0,incoming,138384
2026-09-21T15:35:08.904989+00:00,58,r-scylla2,3,0,outgoing,0
2026-09-21T15:35:08.904989+00:00,58,r-scylla2,3,1,incoming,290
2026-09-21T15:35:08.904989+00:00,58,r-scylla2,3,1,outgoing,138312
2026-09-21T15:35:08.904989+00:00,58,r-scylla3,3,0,incoming,138384
2026-09-21T15:35:08.904989+00:00,58,r-scylla3,3,0,outgoing,0
2026-09-21T15:35:08.904989+00:00,58,r-scylla3,3,1,incoming,138710
2026-09-21T15:35:08.904989+00:00,58,r-scylla3,3,1,outgoing,0
2026-09-21T15:35:09.905300+00:00,59,r-scylla1,3,0,incoming,0
2026-09-21T15:35:09.905300+00:00,59,r-scylla1,3,0,outgoing,276768
2026-09-21T15:35:09.905300+00:00,59,r-scylla1,3,1,incoming,0
2026-09-21T15:35:09.905300+00:00,59,r-scylla1,3,1,outgoing,688
2026-09-21T15:35:09.905300+00:00,59,r-scylla2,3,0,incoming,138384
2026-09-21T15:35:09.905300+00:00,59,r-scylla2,3,0,outgoing,0
2026-09-21T15:35:09.905300+00:00,59,r-scylla2,3,1,incoming,290
2026-09-21T15:35:09.905300+00:00,59,r-scylla2,3,1,outgoing,138312
2026-09-21T15:35:09.905300+00:00,59,r-scylla3,3,0,incoming,138384
2026-09-21T15:35:09.905300+00:00,59,r-scylla3,3,0,outgoing,0
2026-09-21T15:35:09.905300+00:00,59,r-scylla3,3,1,incoming,138710
2026-09-21T15:35:09.905300+00:00,59,r-scylla3,3,1,outgoing,0
2026-09-21T15:35:10.905807+00:00,60,r-scylla1,3,0,incoming,0
2026-09-21T15:35:10.905807+00:00,60,r-scylla1,3,0,outgoing,276768
2026-09-21T15:35:10.905807+00:00,60,r-scylla1,3,1,incoming,0
2026-09-21T15:35:10.905807+00:00,60,r-scylla1,3,1,outgoing,688
2026-09-21T15:35:10.905807+00:00,60,r-scylla2,3,0,incoming,138384
2026-09-21T15:35:10.905807+00:00,60,r-scylla2,3,0,outgoing,0
2026-09-21T15:35:10.905807+00:00,60,r-scylla2,3,1,incoming,290
2026-09-21T15:35:10.905807+00:00,60,r-scylla2,3,1,outgoing,138312
2026-09-21T15:35:10.905807+00:00,60,r-scylla3,3,0,incoming,138384
2026-09-21T15:35:10.905807+00:00,60,r-scylla3,3,0,outgoing,0
2026-09-21T15:35:10.905807+00:00,60,r-scylla3,3,1,incoming,138710
2026-09-21T15:35:10.905807+00:00,60,r-scylla3,3,1,outgoing,0
2026-09-21T15:35:11.906188+00:00,61,r-scylla1,3,0,incoming,0
2026-09-21T15:35:11.906188+00:00,61,r-scylla1,3,0,outgoing,276768
2026-09-21T15:35:11.906188+00:00,61,r-scylla1,3,1,incoming,0
2026-09-21T15:35:11.906188+00:00,61,r-scylla1,3,1,outgoing,688
2026-09-21T15:35:11.906188+00:00,61,r-scylla2,3,0,incoming,138384
2026-09-21T15:35:11.906188+00:00,61,r-scylla2,3,0,outgoing,0
2026-09-21T15:35:11.906188+00:00,61,r-scylla2,3,1,incoming,290
2026-09-21T15:35:11.906188+00:00,61,r-scylla2,3,1,outgoing,138312
2026-09-21T15:35:11.906188+00:00,61,r-scylla3,3,0,incoming,138384
2026-09-21T15:35:11.906188+00:00,61,r-scylla3,3,0,outgoing,0
2026-09-21T15:35:11.906188+00:00,61,r-scylla3,3,1,incoming,138710
2026-09-21T15:35:11.906188+00:00,61,r-scylla3,3,1,outgoing,0
2026-09-21T15:35:12.906324+00:00,62,r-scylla1,3,0,incoming,0
2026-09-21T15:35:12.906324+00:00,62,r-scylla1,3,0,outgoing,276768
2026-09-21T15:35:12.906324+00:00,62,r-scylla1,3,1,incoming,0
2026-09-21T15:35:12.906324+00:00,62,r-scylla1,3,1,outgoing,688
2026-09-21T15:35:12.906324+00:00,62,r-scylla2,3,0,incoming,138384
2026-09-21T15:35:12.906324+00:00,62,r-scylla2,3,0,outgoing,0
2026-09-21T15:35:12.906324+00:00,62,r-scylla2,3,1,incoming,290
2026-09-21T15:35:12.906324+00:00,62,r-scylla2,3,1,outgoing,138312
2026-09-21T15:35:12.906324+00:00,62,r-scylla3,3,0,incoming,138384
2026-09-21T15:35:12.906324+00:00,62,r-scylla3,3,0,outgoing,0
2026-09-21T15:35:12.906324+00:00,62,r-scylla3,3,1,incoming,138710
2026-09-21T15:35:12.906324+00:00,62,r-scylla3,3,1,outgoing,0
2026-09-21T15:35:13.906468+00:00,63,r-scylla1,3,0,incoming,0
2026-09-21T15:35:13.906468+00:00,63,r-scylla1,3,0,outgoing,276768
2026-09-21T15:35:13.906468+00:00,63,r-scylla1,3,1,incoming,0
2026-09-21T15:35:13.906468+00:00,63,r-scylla1,3,1,outgoing,688
2026-09-21T15:35:13.906468+00:00,63,r-scylla2,3,0,incoming,138384
2026-09-21T15:35:13.906468+00:00,63,r-scylla2,3,0,outgoing,0
2026-09-21T15:35:13.906468+00:00,63,r-scylla2,3,1,incoming,290
2026-09-21T15:35:13.906468+00:00,63,r-scylla2,3,1,outgoing,138312
2026-09-21T15:35:13.906468+00:00,63,r-scylla3,3,0,incoming,138384
2026-09-21T15:35:13.906468+00:00,63,r-scylla3,3,0,outgoing,0
2026-09-21T15:35:13.906468+00:00,63,r-scylla3,3,1,incoming,138710
2026-09-21T15:35:13.906468+00:00,63,r-scylla3,3,1,outgoing,0
2026-09-21T15:35:14.906794+00:00,64,r-scylla1,3,0,incoming,0
2026-09-21T15:35:14.906794+00:00,64,r-scylla1,3,0,outgoing,276768
2026-09-21T15:35:14.906794+00:00,64,r-scylla1,3,1,incoming,0
2026-09-21T15:35:14.906794+00:00,64,r-scylla1,3,1,outgoing,688
2026-09-21T15:35:14.906794+00:00,64,r-scylla2,3,0,incoming,138384
2026-09-21T15:35:14.906794+00:00,64,r-scylla2,3,0,outgoing,0
2026-09-21T15:35:14.906794+00:00,64,r-scylla2,3,1,incoming,290
2026-09-21T15:35:14.906794+00:00,64,r-scylla2,3,1,outgoing,138312
2026-09-21T15:35:14.906794+00:00,64,r-scylla3,3,0,incoming,138384
2026-09-21T15:35:14.906794+00:00,64,r-scylla3,3,0,outgoing,0
2026-09-21T15:35:14.906794+00:00,64,r-scylla3,3,1,incoming,138710
2026-09-21T15:35:14.906794+00:00,64,r-scylla3,3,1,outgoing,0
2026-09-21T15:35:15.907041+00:00,65,r-scylla1,3,0,incoming,0
2026-09-21T15:35:15.907041+00:00,65,r-scylla1,3,0,outgoing,276768
2026-09-21T15:35:15.907041+00:00,65,r-scylla1,3,1,incoming,0
2026-09-21T15:35:15.907041+00:00,65,r-scylla1,3,1,outgoing,688
2026-09-21T15:35:15.907041+00:00,65,r-scylla2,3,0,incoming,138384
2026-09-21T15:35:15.907041+00:00,65,r-scylla2,3,0,outgoing,0
2026-09-21T15:35:15.907041+00:00,65,r-scylla2,3,1,incoming,290
2026-09-21T15:35:15.907041+00:00,65,r-scylla2,3,1,outgoing,138312
2026-09-21T15:35:15.907041+00:00,65,r-scylla3,3,0,incoming,138384
2026-09-21T15:35:15.907041+00:00,65,r-scylla3,3,0,outgoing,0
2026-09-21T15:35:15.907041+00:00,65,r-scylla3,3,1,incoming,138710
2026-09-21T15:35:15.907041+00:00,65,r-scylla3,3,1,outgoing,0
2026-09-21T15:35:16.907377+00:00,66,r-scylla1,3,0,incoming,0
2026-09-21T15:35:16.907377+00:00,66,r-scylla1,3,0,outgoing,276768
2026-09-21T15:35:16.907377+00:00,66,r-scylla1,3,1,incoming,0
2026-09-21T15:35:16.907377+00:00,66,r-scylla1,3,1,outgoing,688
2026-09-21T15:35:16.907377+00:00,66,r-scylla2,3,0,incoming,138384
2026-09-21T15:35:16.907377+00:00,66,r-scylla2,3,0,outgoing,0
2026-09-21T15:35:16.907377+00:00,66,r-scylla2,3,1,incoming,290
2026-09-21T15:35:16.907377+00:00,66,r-scylla2,3,1,outgoing,138312
2026-09-21T15:35:16.907377+00:00,66,r-scylla3,3,0,incoming,138384
2026-09-21T15:35:16.907377+00:00,66,r-scylla3,3,0,outgoing,0
2026-09-21T15:35:16.907377+00:00,66,r-scylla3,3,1,incoming,138710
2026-09-21T15:35:16.907377+00:00,66,r-scylla3,3,1,outgoing,0
2026-09-21T15:35:17.907887+00:00,67,r-scylla1,3,0,incoming,0
2026-09-21T15:35:17.907887+00:00,67,r-scylla1,3,0,outgoing,276768
2026-09-21T15:35:17.907887+00:00,67,r-scylla1,3,1,incoming,0
2026-09-21T15:35:17.907887+00:00,67,r-scylla1,3,1,outgoing,688
2026-09-21T15:35:17.907887+00:00,67,r-scylla2,3,0,incoming,138384
2026-09-21T15:35:17.907887+00:00,67,r-scylla2,3,0,outgoing,0
2026-09-21T15:35:17.907887+00:00,67,r-scylla2,3,1,incoming,290
2026-09-21T15:35:17.907887+00:00,67,r-scylla2,3,1,outgoing,138312
2026-09-21T15:35:17.907887+00:00,67,r-scylla3,3,0,incoming,138384
2026-09-21T15:35:17.907887+00:00,67,r-scylla3,3,0,outgoing,0
2026-09-21T15:35:17.907887+00:00,67,r-scylla3,3,1,incoming,138710
2026-09-21T15:35:17.907887+00:00,67,r-scylla3,3,1,outgoing,0
2026-09-21T15:35:18.908230+00:00,68,r-scylla1,3,0,incoming,0
2026-09-21T15:35:18.908230+00:00,68,r-scylla1,3,0,outgoing,276768
2026-09-21T15:35:18.908230+00:00,68,r-scylla1,3,1,incoming,0
2026-09-21T15:35:18.908230+00:00,68,r-scylla1,3,1,outgoing,688
2026-09-21T15:35:18.908230+00:00,68,r-scylla2,3,0,incoming,138384
2026-09-21T15:35:18.908230+00:00,68,r-scylla2,3,0,outgoing,0
2026-09-21T15:35:18.908230+00:00,68,r-scylla2,3,1,incoming,290
2026-09-21T15:35:18.908230+00:00,68,r-scylla2,3,1,outgoing,138312
2026-09-21T15:35:18.908230+00:00,68,r-scylla3,3,0,incoming,138384
2026-09-21T15:35:18.908230+00:00,68,r-scylla3,3,0,outgoing,0
2026-09-21T15:35:18.908230+00:00,68,r-scylla3,3,1,incoming,138710
2026-09-21T15:35:18.908230+00:00,68,r-scylla3,3,1,outgoing,0
2026-09-21T15:35:19.906594+00:00,69,r-scylla1,3,0,incoming,0
2026-09-21T15:35:19.906594+00:00,69,r-scylla1,3,0,outgoing,276768
2026-09-21T15:35:19.906594+00:00,69,r-scylla1,3,1,incoming,0
2026-09-21T15:35:19.906594+00:00,69,r-scylla1,3,1,outgoing,688
2026-09-21T15:35:19.906594+00:00,69,r-scylla2,3,0,incoming,138384
2026-09-21T15:35:19.906594+00:00,69,r-scylla2,3,0,outgoing,0
2026-09-21T15:35:19.906594+00:00,69,r-scylla2,3,1,incoming,290
2026-09-21T15:35:19.906594+00:00,69,r-scylla2,3,1,outgoing,138312
2026-09-21T15:35:19.906594+00:00,69,r-scylla3,3,0,incoming,138384
2026-09-21T15:35:19.906594+00:00,69,r-scylla3,3,0,outgoing,0
2026-09-21T15:35:19.906594+00:00,69,r-scylla3,3,1,incoming,138710
2026-09-21T15:35:19.906594+00:00,69,r-scylla3,3,1,outgoing,0
2026-09-21T15:35:20.907107+00:00,70,r-scylla1,3,0,incoming,0
2026-09-21T15:35:20.907107+00:00,70,r-scylla1,3,0,outgoing,276768
2026-09-21T15:35:20.907107+00:00,70,r-scylla1,3,1,incoming,0
2026-09-21T15:35:20.907107+00:00,70,r-scylla1,3,1,outgoing,688
2026-09-21T15:35:20.907107+00:00,70,r-scylla2,3,0,incoming,138384
2026-09-21T15:35:20.907107+00:00,70,r-scylla2,3,0,outgoing,0
2026-09-21T15:35:20.907107+00:00,70,r-scylla2,3,1,incoming,290
2026-09-21T15:35:20.907107+00:00,70,r-scylla2,3,1,outgoing,138312
2026-09-21T15:35:20.907107+00:00,70,r-scylla3,3,0,incoming,138384
2026-09-21T15:35:20.907107+00:00,70,r-scylla3,3,0,outgoing,0
2026-09-21T15:35:20.907107+00:00,70,r-scylla3,3,1,incoming,138710
2026-09-21T15:35:20.907107+00:00,70,r-scylla3,3,1,outgoing,0
2026-09-21T15:35:21.907268+00:00,71,r-scylla1,3,0,incoming,0
2026-09-21T15:35:21.907268+00:00,71,r-scylla1,3,0,outgoing,276768
2026-09-21T15:35:21.907268+00:00,71,r-scylla1,3,1,incoming,0
2026-09-21T15:35:21.907268+00:00,71,r-scylla1,3,1,outgoing,688
2026-09-21T15:35:21.907268+00:00,71,r-scylla2,3,0,incoming,138384
2026-09-21T15:35:21.907268+00:00,71,r-scylla2,3,0,outgoing,0
2026-09-21T15:35:21.907268+00:00,71,r-scylla2,3,1,incoming,290
2026-09-21T15:35:21.907268+00:00,71,r-scylla2,3,1,outgoing,138312
2026-09-21T15:35:21.907268+00:00,71,r-scylla3,3,0,incoming,138384
2026-09-21T15:35:21.907268+00:00,71,r-scylla3,3,0,outgoing,0
2026-09-21T15:35:21.907268+00:00,71,r-scylla3,3,1,incoming,138710
2026-09-21T15:35:21.907268+00:00,71,r-scylla3,3,1,outgoing,0
2026-09-21T15:35:22.907674+00:00,72,r-scylla1,3,0,incoming,0
2026-09-21T15:35:22.907674+00:00,72,r-scylla1,3,0,outgoing,276768
2026-09-21T15:35:22.907674+00:00,72,r-scylla1,3,1,incoming,0
2026-09-21T15:35:22.907674+00:00,72,r-scylla1,3,1,outgoing,688
2026-09-21T15:35:22.907674+00:00,72,r-scylla2,3,0,incoming,138384
2026-09-21T15:35:22.907674+00:00,72,r-scylla2,3,0,outgoing,0
2026-09-21T15:35:22.907674+00:00,72,r-scylla2,3,1,incoming,290
2026-09-21T15:35:22.907674+00:00,72,r-scylla2,3,1,outgoing,138312
2026-09-21T15:35:22.907674+00:00,72,r-scylla3,3,0,incoming,138384
2026-09-21T15:35:22.907674+00:00,72,r-scylla3,3,0,outgoing,0
2026-09-21T15:35:22.907674+00:00,72,r-scylla3,3,1,incoming,138710
2026-09-21T15:35:22.907674+00:00,72,r-scylla3,3,1,outgoing,0
2026-09-21T15:35:23.907883+00:00,73,r-scylla1,3,0,incoming,0
2026-09-21T15:35:23.907883+00:00,73,r-scylla1,3,0,outgoing,276768
2026-09-21T15:35:23.907883+00:00,73,r-scylla1,3,1,incoming,0
2026-09-21T15:35:23.907883+00:00,73,r-scylla1,3,1,outgoing,688
2026-09-21T15:35:23.907883+00:00,73,r-scylla2,3,0,incoming,138384
2026-09-21T15:35:23.907883+00:00,73,r-scylla2,3,0,outgoing,0
2026-09-21T15:35:23.907883+00:00,73,r-scylla2,3,1,incoming,290
2026-09-21T15:35:23.907883+00:00,73,r-scylla2,3,1,outgoing,138312
2026-09-21T15:35:23.907883+00:00,73,r-scylla3,3,0,incoming,138384
2026-09-21T15:35:23.907883+00:00,73,r-scylla3,3,0,outgoing,0
2026-09-21T15:35:23.907883+00:00,73,r-scylla3,3,1,incoming,138710
2026-09-21T15:35:23.907883+00:00,73,r-scylla3,3,1,outgoing,0
2026-09-21T15:35:24.908171+00:00,74,r-scylla1,3,0,incoming,0
2026-09-21T15:35:24.908171+00:00,74,r-scylla1,3,0,outgoing,276768
2026-09-21T15:35:24.908171+00:00,74,r-scylla1,3,1,incoming,0
2026-09-21T15:35:24.908171+00:00,74,r-scylla1,3,1,outgoing,688
2026-09-21T15:35:24.908171+00:00,74,r-scylla2,3,0,incoming,138384
2026-09-21T15:35:24.908171+00:00,74,r-scylla2,3,0,outgoing,0
2026-09-21T15:35:24.908171+00:00,74,r-scylla2,3,1,incoming,290
2026-09-21T15:35:24.908171+00:00,74,r-scylla2,3,1,outgoing,138312
2026-09-21T15:35:24.908171+00:00,74,r-scylla3,3,0,incoming,138384
2026-09-21T15:35:24.908171+00:00,74,r-scylla3,3,0,outgoing,0
2026-09-21T15:35:24.908171+00:00,74,r-scylla3,3,1,incoming,138710
2026-09-21T15:35:24.908171+00:00,74,r-scylla3,3,1,outgoing,0
2026-09-21T15:35:25.908335+00:00,75,r-scylla1,3,0,incoming,0
2026-09-21T15:35:25.908335+00:00,75,r-scylla1,3,0,outgoing,276768
2026-09-21T15:35:25.908335+00:00,75,r-scylla1,3,1,incoming,0
2026-09-21T15:35:25.908335+00:00,75,r-scylla1,3,1,outgoing,688
2026-09-21T15:35:25.908335+00:00,75,r-scylla2,3,0,incoming,138384
2026-09-21T15:35:25.908335+00:00,75,r-scylla2,3,0,outgoing,0
2026-09-21T15:35:25.908335+00:00,75,r-scylla2,3,1,incoming,290
2026-09-21T15:35:25.908335+00:00,75,r-scylla2,3,1,outgoing,138312
2026-09-21T15:35:25.908335+00:00,75,r-scylla3,3,0,incoming,138384
2026-09-21T15:35:25.908335+00:00,75,r-scylla3,3,0,outgoing,0
2026-09-21T15:35:25.908335+00:00,75,r-scylla3,3,1,incoming,138710
2026-09-21T15:35:25.908335+00:00,75,r-scylla3,3,1,outgoing,0
2026-09-21T15:35:26.908484+00:00,76,r-scylla1,3,0,incoming,0
2026-09-21T15:35:26.908484+00:00,76,r-scylla1,3,0,outgoing,276768
2026-09-21T15:35:26.908484+00:00,76,r-scylla1,3,1,incoming,0
2026-09-21T15:35:26.908484+00:00,76,r-scylla1,3,1,outgoing,688
2026-09-21T15:35:26.908484+00:00,76,r-scylla2,3,0,incoming,138384
2026-09-21T15:35:26.908484+00:00,76,r-scylla2,3,0,outgoing,0
2026-09-21T15:35:26.908484+00:00,76,r-scylla2,3,1,incoming,290
2026-09-21T15:35:26.908484+00:00,76,r-scylla2,3,1,outgoing,138312
2026-09-21T15:35:26.908484+00:00,76,r-scylla3,3,0,incoming,138384
2026-09-21T15:35:26.908484+00:00,76,r-scylla3,3,0,outgoing,0
2026-09-21T15:35:26.908484+00:00,76,r-scylla3,3,1,incoming,138710
2026-09-21T15:35:26.908484+00:00,76,r-scylla3,3,1,outgoing,0
2026-09-21T15:35:27.908785+00:00,77,r-scylla1,3,0,incoming,0
2026-09-21T15:35:27.908785+00:00,77,r-scylla1,3,0,outgoing,276768
2026-09-21T15:35:27.908785+00:00,77,r-scylla1,3,1,incoming,0
2026-09-21T15:35:27.908785+00:00,77,r-scylla1,3,1,outgoing,688
2026-09-21T15:35:27.908785+00:00,77,r-scylla2,3,0,incoming,138384
2026-09-21T15:35:27.908785+00:00,77,r-scylla2,3,0,outgoing,0
2026-09-21T15:35:27.908785+00:00,77,r-scylla2,3,1,incoming,290
2026-09-21T15:35:27.908785+00:00,77,r-scylla2,3,1,outgoing,138312
2026-09-21T15:35:27.908785+00:00,77,r-scylla3,3,0,incoming,138384
2026-09-21T15:35:27.908785+00:00,77,r-scylla3,3,0,outgoing,0
2026-09-21T15:35:27.908785+00:00,77,r-scylla3,3,1,incoming,138710
2026-09-21T15:35:27.908785+00:00,77,r-scylla3,3,1,outgoing,0
2026-09-21T15:35:28.908996+00:00,78,r-scylla1,3,0,incoming,0
2026-09-21T15:35:28.908996+00:00,78,r-scylla1,3,0,outgoing,276768
2026-09-21T15:35:28.908996+00:00,78,r-scylla1,3,1,incoming,0
2026-09-21T15:35:28.908996+00:00,78,r-scylla1,3,1,outgoing,688
2026-09-21T15:35:28.908996+00:00,78,r-scylla2,3,0,incoming,138384
2026-09-21T15:35:28.908996+00:00,78,r-scylla2,3,0,outgoing,0
2026-09-21T15:35:28.908996+00:00,78,r-scylla2,3,1,incoming,290
2026-09-21T15:35:28.908996+00:00,78,r-scylla2,3,1,outgoing,138312
2026-09-21T15:35:28.908996+00:00,78,r-scylla3,3,0,incoming,138384
2026-09-21T15:35:28.908996+00:00,78,r-scylla3,3,0,outgoing,0
2026-09-21T15:35:28.908996+00:00,78,r-scylla3,3,1,incoming,138710
2026-09-21T15:35:28.908996+00:00,78,r-scylla3,3,1,outgoing,0
2026-09-21T15:35:29.909207+00:00,79,r-scylla1,3,0,incoming,0
2026-09-21T15:35:29.909207+00:00,79,r-scylla1,3,0,outgoing,276768
2026-09-21T15:35:29.909207+00:00,79,r-scylla1,3,1,incoming,0
2026-09-21T15:35:29.909207+00:00,79,r-scylla1,3,1,outgoing,688
2026-09-21T15:35:29.909207+00:00,79,r-scylla2,3,0,incoming,138384
2026-09-21T15:35:29.909207+00:00,79,r-scylla2,3,0,outgoing,0
2026-09-21T15:35:29.909207+00:00,79,r-scylla2,3,1,incoming,290
2026-09-21T15:35:29.909207+00:00,79,r-scylla2,3,1,outgoing,138312
2026-09-21T15:35:29.909207+00:00,79,r-scylla3,3,0,incoming,138384
2026-09-21T15:35:29.909207+00:00,79,r-scylla3,3,0,outgoing,0
2026-09-21T15:35:29.909207+00:00,79,r-scylla3,3,1,incoming,138710
2026-09-21T15:35:29.909207+00:00,79,r-scylla3,3,1,outgoing,0
2026-09-21T15:35:30.909535+00:00,80,r-scylla1,3,0,incoming,0
2026-09-21T15:35:30.909535+00:00,80,r-scylla1,3,0,outgoing,276768
2026-09-21T15:35:30.909535+00:00,80,r-scylla1,3,1,incoming,0
2026-09-21T15:35:30.909535+00:00,80,r-scylla1,3,1,outgoing,688
2026-09-21T15:35:30.909535+00:00,80,r-scylla2,3,0,incoming,138384
2026-09-21T15:35:30.909535+00:00,80,r-scylla2,3,0,outgoing,0
2026-09-21T15:35:30.909535+00:00,80,r-scylla2,3,1,incoming,290
2026-09-21T15:35:30.909535+00:00,80,r-scylla2,3,1,outgoing,138312
2026-09-21T15:35:30.909535+00:00,80,r-scylla3,3,0,incoming,138384
2026-09-21T15:35:30.909535+00:00,80,r-scylla3,3,0,outgoing,0
2026-09-21T15:35:30.909535+00:00,80,r-scylla3,3,1,incoming,138710
2026-09-21T15:35:30.909535+00:00,80,r-scylla3,3,1,outgoing,0
2026-09-21T15:35:31.909977+00:00,81,r-scylla1,3,0,incoming,0
2026-09-21T15:35:31.909977+00:00,81,r-scylla1,3,0,outgoing,276768
2026-09-21T15:35:31.909977+00:00,81,r-scylla1,3,1,incoming,0
2026-09-21T15:35:31.909977+00:00,81,r-scylla1,3,1,outgoing,688
2026-09-21T15:35:31.909977+00:00,81,r-scylla2,3,0,incoming,138384
2026-09-21T15:35:31.909977+00:00,81,r-scylla2,3,0,outgoing,0
2026-09-21T15:35:31.909977+00:00,81,r-scylla2,3,1,incoming,290
2026-09-21T15:35:31.909977+00:00,81,r-scylla2,3,1,outgoing,138312
2026-09-21T15:35:31.909977+00:00,81,r-scylla3,3,0,incoming,138384
2026-09-21T15:35:31.909977+00:00,81,r-scylla3,3,0,outgoing,0
2026-09-21T15:35:31.909977+00:00,81,r-scylla3,3,1,incoming,138710
2026-09-21T15:35:31.909977+00:00,81,r-scylla3,3,1,outgoing,0
2026-09-21T15:35:32.910289+00:00,82,r-scylla1,3,0,incoming,0
2026-09-21T15:35:32.910289+00:00,82,r-scylla1,3,0,outgoing,276768
2026-09-21T15:35:32.910289+00:00,82,r-scylla1,3,1,incoming,0
2026-09-21T15:35:32.910289+00:00,82,r-scylla1,3,1,outgoing,688
2026-09-21T15:35:32.910289+00:00,82,r-scylla2,3,0,incoming,138384
2026-09-21T15:35:32.910289+00:00,82,r-scylla2,3,0,outgoing,0
2026-09-21T15:35:32.910289+00:00,82,r-scylla2,3,1,incoming,290
2026-09-21T15:35:32.910289+00:00,82,r-scylla2,3,1,outgoing,138312
2026-09-21T15:35:32.910289+00:00,82,r-scylla3,3,0,incoming,138384
2026-09-21T15:35:32.910289+00:00,82,r-scylla3,3,0,outgoing,0
2026-09-21T15:35:32.910289+00:00,82,r-scylla3,3,1,incoming,138710
2026-09-21T15:35:32.910289+00:00,82,r-scylla3,3,1,outgoing,0
2026-09-21T15:35:33.910477+00:00,83,r-scylla1,3,0,incoming,0
2026-09-21T15:35:33.910477+00:00,83,r-scylla1,3,0,outgoing,276768
2026-09-21T15:35:33.910477+00:00,83,r-scylla1,3,1,incoming,0
2026-09-21T15:35:33.910477+00:00,83,r-scylla1,3,1,outgoing,688
2026-09-21T15:35:33.910477+00:00,83,r-scylla2,3,0,incoming,138384
2026-09-21T15:35:33.910477+00:00,83,r-scylla2,3,0,outgoing,0
2026-09-21T15:35:33.910477+00:00,83,r-scylla2,3,1,incoming,290
2026-09-21T15:35:33.910477+00:00,83,r-scylla2,3,1,outgoing,138312
2026-09-21T15:35:33.910477+00:00,83,r-scylla3,3,0,incoming,138384
2026-09-21T15:35:33.910477+00:00,83,r-scylla3,3,0,outgoing,0
2026-09-21T15:35:33.910477+00:00,83,r-scylla3,3,1,incoming,138710
2026-09-21T15:35:33.910477+00:00,83,r-scylla3,3,1,outgoing,0
2026-09-21T15:35:34.910687+00:00,84,r-scylla1,3,0,incoming,0
2026-09-21T15:35:34.910687+00:00,84,r-scylla1,3,0,outgoing,276768
2026-09-21T15:35:34.910687+00:00,84,r-scylla1,3,1,incoming,0
2026-09-21T15:35:34.910687+00:00,84,r-scylla1,3,1,outgoing,688
2026-09-21T15:35:34.910687+00:00,84,r-scylla2,3,0,incoming,138384
2026-09-21T15:35:34.910687+00:00,84,r-scylla2,3,0,outgoing,0
2026-09-21T15:35:34.910687+00:00,84,r-scylla2,3,1,incoming,290
2026-09-21T15:35:34.910687+00:00,84,r-scylla2,3,1,outgoing,138312
2026-09-21T15:35:34.910687+00:00,84,r-scylla3,3,0,incoming,138384
2026-09-21T15:35:34.910687+00:00,84,r-scylla3,3,0,outgoing,0
2026-09-21T15:35:34.910687+00:00,84,r-scylla3,3,1,incoming,138710
2026-09-21T15:35:34.910687+00:00,84,r-scylla3,3,1,outgoing,0
2026-09-21T15:35:35.911100+00:00,85,r-scylla1,3,0,incoming,0
2026-09-21T15:35:35.911100+00:00,85,r-scylla1,3,0,outgoing,276768
2026-09-21T15:35:35.911100+00:00,85,r-scylla1,3,1,incoming,0
2026-09-21T15:35:35.911100+00:00,85,r-scylla1,3,1,outgoing,688
2026-09-21T15:35:35.911100+00:00,85,r-scylla2,3,0,incoming,138384
2026-09-21T15:35:35.911100+00:00,85,r-scylla2,3,0,outgoing,0
2026-09-21T15:35:35.911100+00:00,85,r-scylla2,3,1,incoming,290
2026-09-21T15:35:35.911100+00:00,85,r-scylla2,3,1,outgoing,138312
2026-09-21T15:35:35.911100+00:00,85,r-scylla3,3,0,incoming,138384
2026-09-21T15:35:35.911100+00:00,85,r-scylla3,3,0,outgoing,0
2026-09-21T15:35:35.911100+00:00,85,r-scylla3,3,1,incoming,138710
2026-09-21T15:35:35.911100+00:00,85,r-scylla3,3,1,outgoing,0
2026-09-21T15:35:36.911265+00:00,86,r-scylla1,3,0,incoming,0
2026-09-21T15:35:36.911265+00:00,86,r-scylla1,3,0,outgoing,276768
2026-09-21T15:35:36.911265+00:00,86,r-scylla1,3,1,incoming,0
2026-09-21T15:35:36.911265+00:00,86,r-scylla1,3,1,outgoing,688
2026-09-21T15:35:36.911265+00:00,86,r-scylla2,3,0,incoming,138384
2026-09-21T15:35:36.911265+00:00,86,r-scylla2,3,0,outgoing,0
2026-09-21T15:35:36.911265+00:00,86,r-scylla2,3,1,incoming,290
2026-09-21T15:35:36.911265+00:00,86,r-scylla2,3,1,outgoing,138312
2026-09-21T15:35:36.911265+00:00,86,r-scylla3,3,0,incoming,138384
2026-09-21T15:35:36.911265+00:00,86,r-scylla3,3,0,outgoing,0
2026-09-21T15:35:36.911265+00:00,86,r-scylla3,3,1,incoming,138710
2026-09-21T15:35:36.911265+00:00,86,r-scylla3,3,1,outgoing,0
2026-09-21T15:35:37.911498+00:00,87,r-scylla1,3,0,incoming,0
2026-09-21T15:35:37.911498+00:00,87,r-scylla1,3,0,outgoing,276768
2026-09-21T15:35:37.911498+00:00,87,r-scylla1,3,1,incoming,0
2026-09-21T15:35:37.911498+00:00,87,r-scylla1,3,1,outgoing,688
2026-09-21T15:35:37.911498+00:00,87,r-scylla2,3,0,incoming,138384
2026-09-21T15:35:37.911498+00:00,87,r-scylla2,3,0,outgoing,0
2026-09-21T15:35:37.911498+00:00,87,r-scylla2,3,1,incoming,290
2026-09-21T15:35:37.911498+00:00,87,r-scylla2,3,1,outgoing,138312
2026-09-21T15:35:37.911498+00:00,87,r-scylla3,3,0,incoming,138384
2026-09-21T15:35:37.911498+00:00,87,r-scylla3,3,0,outgoing,0
2026-09-21T15:35:37.911498+00:00,87,r-scylla3,3,1,incoming,138710
2026-09-21T15:35:37.911498+00:00,87,r-scylla3,3,1,outgoing,0
2026-09-21T15:35:38.912764+00:00,88,r-scylla1,3,0,incoming,0
2026-09-21T15:35:38.912764+00:00,88,r-scylla1,3,0,outgoing,276768
2026-09-21T15:35:38.912764+00:00,88,r-scylla1,3,1,incoming,0
2026-09-21T15:35:38.912764+00:00,88,r-scylla1,3,1,outgoing,688
2026-09-21T15:35:38.912764+00:00,88,r-scylla2,3,0,incoming,138384
2026-09-21T15:35:38.912764+00:00,88,r-scylla2,3,0,outgoing,0
2026-09-21T15:35:38.912764+00:00,88,r-scylla2,3,1,incoming,290
2026-09-21T15:35:38.912764+00:00,88,r-scylla2,3,1,outgoing,138312
2026-09-21T15:35:38.912764+00:00,88,r-scylla3,3,0,incoming,138384
2026-09-21T15:35:38.912764+00:00,88,r-scylla3,3,0,outgoing,0
2026-09-21T15:35:38.912764+00:00,88,r-scylla3,3,1,incoming,138710
2026-09-21T15:35:38.912764+00:00,88,r-scylla3,3,1,outgoing,0
2026-09-21T15:35:39.913083+00:00,89,r-scylla1,3,0,incoming,0
2026-09-21T15:35:39.913083+00:00,89,r-scylla1,3,0,outgoing,276768
2026-09-21T15:35:39.913083+00:00,89,r-scylla1,3,1,incoming,0
2026-09-21T15:35:39.913083+00:00,89,r-scylla1,3,1,outgoing,688
2026-09-21T15:35:39.913083+00:00,89,r-scylla2,3,0,incoming,138384
2026-09-21T15:35:39.913083+00:00,89,r-scylla2,3,0,outgoing,0
2026-09-21T15:35:39.913083+00:00,89,r-scylla2,3,1,incoming,290
2026-09-21T15:35:39.913083+00:00,89,r-scylla2,3,1,outgoing,138312
2026-09-21T15:35:39.913083+00:00,89,r-scylla3,3,0,incoming,138384
2026-09-21T15:35:39.913083+00:00,89,r-scylla3,3,0,outgoing,0
2026-09-21T15:35:39.913083+00:00,89,r-scylla3,3,1,incoming,138710
2026-09-21T15:35:39.913083+00:00,89,r-scylla3,3,1,outgoing,0
2026-09-21T15:35:40.913969+00:00,90,r-scylla1,3,0,incoming,0
2026-09-21T15:35:40.913969+00:00,90,r-scylla1,3,0,outgoing,276768
2026-09-21T15:35:40.913969+00:00,90,r-scylla1,3,1,incoming,0
2026-09-21T15:35:40.913969+00:00,90,r-scylla1,3,1,outgoing,688
2026-09-21T15:35:40.913969+00:00,90,r-scylla2,3,0,incoming,138384
2026-09-21T15:35:40.913969+00:00,90,r-scylla2,3,0,outgoing,0
2026-09-21T15:35:40.913969+00:00,90,r-scylla2,3,1,incoming,290
2026-09-21T15:35:40.913969+00:00,90,r-scylla2,3,1,outgoing,138312
2026-09-21T15:35:40.913969+00:00,90,r-scylla3,3,0,incoming,138384
2026-09-21T15:35:40.913969+00:00,90,r-scylla3,3,0,outgoing,0
2026-09-21T15:35:40.913969+00:00,90,r-scylla3,3,1,incoming,138710
2026-09-21T15:35:40.913969+00:00,90,r-scylla3,3,1,outgoing,0
2026-09-21T15:35:41.914279+00:00,91,r-scylla1,3,0,incoming,0
2026-09-21T15:35:41.914279+00:00,91,r-scylla1,3,0,outgoing,276768
2026-09-21T15:35:41.914279+00:00,91,r-scylla1,3,1,incoming,0
2026-09-21T15:35:41.914279+00:00,91,r-scylla1,3,1,outgoing,688
2026-09-21T15:35:41.914279+00:00,91,r-scylla2,3,0,incoming,138384
2026-09-21T15:35:41.914279+00:00,91,r-scylla2,3,0,outgoing,0
2026-09-21T15:35:41.914279+00:00,91,r-scylla2,3,1,incoming,290
2026-09-21T15:35:41.914279+00:00,91,r-scylla2,3,1,outgoing,138312
2026-09-21T15:35:41.914279+00:00,91,r-scylla3,3,0,incoming,138384
2026-09-21T15:35:41.914279+00:00,91,r-scylla3,3,0,outgoing,0
2026-09-21T15:35:41.914279+00:00,91,r-scylla3,3,1,incoming,138710
2026-09-21T15:35:41.914279+00:00,91,r-scylla3,3,1,outgoing,0
2026-09-21T15:35:42.914540+00:00,92,r-scylla1,3,0,incoming,0
2026-09-21T15:35:42.914540+00:00,92,r-scylla1,3,0,outgoing,276768
2026-09-21T15:35:42.914540+00:00,92,r-scylla1,3,1,incoming,0
2026-09-21T15:35:42.914540+00:00,92,r-scylla1,3,1,outgoing,688
2026-09-21T15:35:42.914540+00:00,92,r-scylla2,3,0,incoming,138384
2026-09-21T15:35:42.914540+00:00,92,r-scylla2,3,0,outgoing,0
2026-09-21T15:35:42.914540+00:00,92,r-scylla2,3,1,incoming,290
2026-09-21T15:35:42.914540+00:00,92,r-scylla2,3,1,outgoing,138312
2026-09-21T15:35:42.914540+00:00,92,r-scylla3,3,0,incoming,138384
2026-09-21T15:35:42.914540+00:00,92,r-scylla3,3,0,outgoing,0
2026-09-21T15:35:42.914540+00:00,92,r-scylla3,3,1,incoming,138710
2026-09-21T15:35:42.914540+00:00,92,r-scylla3,3,1,outgoing,0
2026-09-21T15:35:43.914753+00:00,93,r-scylla1,3,0,incoming,0
2026-09-21T15:35:43.914753+00:00,93,r-scylla1,3,0,outgoing,276768
2026-09-21T15:35:43.914753+00:00,93,r-scylla1,3,1,incoming,0
2026-09-21T15:35:43.914753+00:00,93,r-scylla1,3,1,outgoing,688
2026-09-21T15:35:43.914753+00:00,93,r-scylla2,3,0,incoming,138384
2026-09-21T15:35:43.914753+00:00,93,r-scylla2,3,0,outgoing,0
2026-09-21T15:35:43.914753+00:00,93,r-scylla2,3,1,incoming,290
2026-09-21T15:35:43.914753+00:00,93,r-scylla2,3,1,outgoing,138312
2026-09-21T15:35:43.914753+00:00,93,r-scylla3,3,0,incoming,138384
2026-09-21T15:35:43.914753+00:00,93,r-scylla3,3,0,outgoing,0
2026-09-21T15:35:43.914753+00:00,93,r-scylla3,3,1,incoming,138710
2026-09-21T15:35:43.914753+00:00,93,r-scylla3,3,1,outgoing,0
2026-09-21T15:35:44.914902+00:00,94,r-scylla1,3,0,incoming,0
2026-09-21T15:35:44.914902+00:00,94,r-scylla1,3,0,outgoing,276768
2026-09-21T15:35:44.914902+00:00,94,r-scylla1,3,1,incoming,0
2026-09-21T15:35:44.914902+00:00,94,r-scylla1,3,1,outgoing,688
2026-09-21T15:35:44.914902+00:00,94,r-scylla2,3,0,incoming,138384
2026-09-21T15:35:44.914902+00:00,94,r-scylla2,3,0,outgoing,0
2026-09-21T15:35:44.914902+00:00,94,r-scylla2,3,1,incoming,290
2026-09-21T15:35:44.914902+00:00,94,r-scylla2,3,1,outgoing,138312
2026-09-21T15:35:44.914902+00:00,94,r-scylla3,3,0,incoming,138384
2026-09-21T15:35:44.914902+00:00,94,r-scylla3,3,0,outgoing,0
2026-09-21T15:35:44.914902+00:00,94,r-scylla3,3,1,incoming,138710
2026-09-21T15:35:44.914902+00:00,94,r-scylla3,3,1,outgoing,0
2026-09-21T15:35:45.915198+00:00,95,r-scylla1,3,0,incoming,0
2026-09-21T15:35:45.915198+00:00,95,r-scylla1,3,0,outgoing,276768
2026-09-21T15:35:45.915198+00:00,95,r-scylla1,3,1,incoming,0
2026-09-21T15:35:45.915198+00:00,95,r-scylla1,3,1,outgoing,688
2026-09-21T15:35:45.915198+00:00,95,r-scylla2,3,0,incoming,138384
2026-09-21T15:35:45.915198+00:00,95,r-scylla2,3,0,outgoing,0
2026-09-21T15:35:45.915198+00:00,95,r-scylla2,3,1,incoming,290
2026-09-21T15:35:45.915198+00:00,95,r-scylla2,3,1,outgoing,138312
2026-09-21T15:35:45.915198+00:00,95,r-scylla3,3,0,incoming,138384
2026-09-21T15:35:45.915198+00:00,95,r-scylla3,3,0,outgoing,0
2026-09-21T15:35:45.915198+00:00,95,r-scylla3,3,1,incoming,138710
2026-09-21T15:35:45.915198+00:00,95,r-scylla3,3,1,outgoing,0
2026-09-21T15:35:46.915302+00:00,96,r-scylla1,3,0,incoming,0
2026-09-21T15:35:46.915302+00:00,96,r-scylla1,3,0,outgoing,276768
2026-09-21T15:35:46.915302+00:00,96,r-scylla1,3,1,incoming,0
2026-09-21T15:35:46.915302+00:00,96,r-scylla1,3,1,outgoing,688
2026-09-21T15:35:46.915302+00:00,96,r-scylla2,3,0,incoming,138384
2026-09-21T15:35:46.915302+00:00,96,r-scylla2,3,0,outgoing,0
2026-09-21T15:35:46.915302+00:00,96,r-scylla2,3,1,incoming,290
2026-09-21T15:35:46.915302+00:00,96,r-scylla2,3,1,outgoing,138312
2026-09-21T15:35:46.915302+00:00,96,r-scylla3,3,0,incoming,138384
2026-09-21T15:35:46.915302+00:00,96,r-scylla3,3,0,outgoing,0
2026-09-21T15:35:46.915302+00:00,96,r-scylla3,3,1,incoming,138710
2026-09-21T15:35:46.915302+00:00,96,r-scylla3,3,1,outgoing,0
2026-09-21T15:35:47.915402+00:00,97,r-scylla1,3,0,incoming,0
2026-09-21T15:35:47.915402+00:00,97,r-scylla1,3,0,outgoing,276768
2026-09-21T15:35:47.915402+00:00,97,r-scylla1,3,1,incoming,0
2026-09-21T15:35:47.915402+00:00,97,r-scylla1,3,1,outgoing,688
2026-09-21T15:35:47.915402+00:00,97,r-scylla2,3,0,incoming,138384
2026-09-21T15:35:47.915402+00:00,97,r-scylla2,3,0,outgoing,0
2026-09-21T15:35:47.915402+00:00,97,r-scylla2,3,1,incoming,290
2026-09-21T15:35:47.915402+00:00,97,r-scylla2,3,1,outgoing,138312
2026-09-21T15:35:47.915402+00:00,97,r-scylla3,3,0,incoming,138384
2026-09-21T15:35:47.915402+00:00,97,r-scylla3,3,0,outgoing,0
2026-09-21T15:35:47.915402+00:00,97,r-scylla3,3,1,incoming,138710
2026-09-21T15:35:47.915402+00:00,97,r-scylla3,3,1,outgoing,0
2026-09-21T15:35:51.942790+00:00,98,r-scylla1,3,0,incoming,0
2026-09-21T15:35:51.942790+00:00,98,r-scylla1,3,0,outgoing,276768
2026-09-21T15:35:51.942790+00:00,98,r-scylla1,3,1,incoming,0
2026-09-21T15:35:51.942790+00:00,98,r-scylla1,3,1,outgoing,688
2026-09-21T15:35:51.942790+00:00,98,r-scylla2,3,0,incoming,138384
2026-09-21T15:35:51.942790+00:00,98,r-scylla2,3,0,outgoing,0
2026-09-21T15:35:51.942790+00:00,98,r-scylla2,3,1,incoming,290
2026-09-21T15:35:51.942790+00:00,98,r-scylla2,3,1,outgoing,138312
2026-09-21T15:35:51.942790+00:00,98,r-scylla3,3,0,incoming,138384
2026-09-21T15:35:51.942790+00:00,98,r-scylla3,3,0,outgoing,0
2026-09-21T15:35:51.942790+00:00,98,r-scylla3,3,1,incoming,138710
2026-09-21T15:35:51.942790+00:00,98,r-scylla3,3,1,outgoing,0
2026-09-21T15:35:52.942987+00:00,99,r-scylla1,3,0,incoming,0
2026-09-21T15:35:52.942987+00:00,99,r-scylla1,3,0,outgoing,276768
2026-09-21T15:35:52.942987+00:00,99,r-scylla1,3,1,incoming,0
2026-09-21T15:35:52.942987+00:00,99,r-scylla1,3,1,outgoing,688
2026-09-21T15:35:52.942987+00:00,99,r-scylla2,3,0,incoming,138384
2026-09-21T15:35:52.942987+00:00,99,r-scylla2,3,0,outgoing,0
2026-09-21T15:35:52.942987+00:00,99,r-scylla2,3,1,incoming,290
2026-09-21T15:35:52.942987+00:00,99,r-scylla2,3,1,outgoing,138312
2026-09-21T15:35:52.942987+00:00,99,r-scylla3,3,0,incoming,138384
2026-09-21T15:35:52.942987+00:00,99,r-scylla3,3,0,outgoing,0
2026-09-21T15:35:52.942987+00:00,99,r-scylla3,3,1,incoming,138710
2026-09-21T15:35:52.942987+00:00,99,r-scylla3,3,1,outgoing,0
2026-09-21T15:35:53.943206+00:00,100,r-scylla1,3,0,incoming,0
2026-09-21T15:35:53.943206+00:00,100,r-scylla1,3,0,outgoing,276768
2026-09-21T15:35:53.943206+00:00,100,r-scylla1,3,1,incoming,0
2026-09-21T15:35:53.943206+00:00,100,r-scylla1,3,1,outgoing,688
2026-09-21T15:35:53.943206+00:00,100,r-scylla2,3,0,incoming,138384
2026-09-21T15:35:53.943206+00:00,100,r-scylla2,3,0,outgoing,0
2026-09-21T15:35:53.943206+00:00,100,r-scylla2,3,1,incoming,290
2026-09-21T15:35:53.943206+00:00,100,r-scylla2,3,1,outgoing,138312
2026-09-21T15:35:53.943206+00:00,100,r-scylla3,3,0,incoming,138384
2026-09-21T15:35:53.943206+00:00,100,r-scylla3,3,0,outgoing,0
2026-09-21T15:35:53.943206+00:00,100,r-scylla3,3,1,incoming,138710
2026-09-21T15:35:53.943206+00:00,100,r-scylla3,3,1,outgoing,0
2026-09-21T15:35:54.943591+00:00,101,r-scylla1,3,0,incoming,0
2026-09-21T15:35:54.943591+00:00,101,r-scylla1,3,0,outgoing,276768
2026-09-21T15:35:54.943591+00:00,101,r-scylla1,3,1,incoming,0
2026-09-21T15:35:54.943591+00:00,101,r-scylla1,3,1,outgoing,688
2026-09-21T15:35:54.943591+00:00,101,r-scylla2,3,0,incoming,138384
2026-09-21T15:35:54.943591+00:00,101,r-scylla2,3,0,outgoing,0
2026-09-21T15:35:54.943591+00:00,101,r-scylla2,3,1,incoming,290
2026-09-21T15:35:54.943591+00:00,101,r-scylla2,3,1,outgoing,138312
2026-09-21T15:35:54.943591+00:00,101,r-scylla3,3,0,incoming,138384
2026-09-21T15:35:54.943591+00:00,101,r-scylla3,3,0,outgoing,0
2026-09-21T15:35:54.943591+00:00,101,r-scylla3,3,1,incoming,138710
2026-09-21T15:35:54.943591+00:00,101,r-scylla3,3,1,outgoing,0
2026-09-21T15:35:55.943903+00:00,102,r-scylla1,4,0,incoming,0
2026-09-21T15:35:55.943903+00:00,102,r-scylla1,4,0,outgoing,276768
2026-09-21T15:35:55.943903+00:00,102,r-scylla1,4,1,incoming,0
2026-09-21T15:35:55.943903+00:00,102,r-scylla1,4,1,outgoing,688
2026-09-21T15:35:55.943903+00:00,102,r-scylla2,4,0,incoming,138384
2026-09-21T15:35:55.943903+00:00,102,r-scylla2,4,0,outgoing,0
2026-09-21T15:35:55.943903+00:00,102,r-scylla2,4,1,incoming,290
2026-09-21T15:35:55.943903+00:00,102,r-scylla2,4,1,outgoing,138312
2026-09-21T15:35:55.943903+00:00,102,r-scylla3,4,0,incoming,138384
2026-09-21T15:35:55.943903+00:00,102,r-scylla3,4,0,outgoing,0
2026-09-21T15:35:55.943903+00:00,102,r-scylla3,4,1,incoming,138710
2026-09-21T15:35:55.943903+00:00,102,r-scylla3,4,1,outgoing,0
2026-09-21T15:35:55.943903+00:00,102,r-scylla4,4,0,incoming,0
2026-09-21T15:35:55.943903+00:00,102,r-scylla4,4,0,outgoing,0
2026-09-21T15:35:55.943903+00:00,102,r-scylla4,4,1,incoming,0
2026-09-21T15:35:55.943903+00:00,102,r-scylla4,4,1,outgoing,0
2026-09-21T15:35:56.944081+00:00,103,r-scylla1,4,0,incoming,0
2026-09-21T15:35:56.944081+00:00,103,r-scylla1,4,0,outgoing,276768
2026-09-21T15:35:56.944081+00:00,103,r-scylla1,4,1,incoming,0
2026-09-21T15:35:56.944081+00:00,103,r-scylla1,4,1,outgoing,688
2026-09-21T15:35:56.944081+00:00,103,r-scylla2,4,0,incoming,138384
2026-09-21T15:35:56.944081+00:00,103,r-scylla2,4,0,outgoing,0
2026-09-21T15:35:56.944081+00:00,103,r-scylla2,4,1,incoming,290
2026-09-21T15:35:56.944081+00:00,103,r-scylla2,4,1,outgoing,138312
2026-09-21T15:35:56.944081+00:00,103,r-scylla3,4,0,incoming,138384
2026-09-21T15:35:56.944081+00:00,103,r-scylla3,4,0,outgoing,0
2026-09-21T15:35:56.944081+00:00,103,r-scylla3,4,1,incoming,138710
2026-09-21T15:35:56.944081+00:00,103,r-scylla3,4,1,outgoing,0
2026-09-21T15:35:56.944081+00:00,103,r-scylla4,4,0,incoming,0
2026-09-21T15:35:56.944081+00:00,103,r-scylla4,4,0,outgoing,0
2026-09-21T15:35:56.944081+00:00,103,r-scylla4,4,1,incoming,0
2026-09-21T15:35:56.944081+00:00,103,r-scylla4,4,1,outgoing,0
2026-09-21T15:35:57.944220+00:00,104,r-scylla1,4,0,incoming,0
2026-09-21T15:35:57.944220+00:00,104,r-scylla1,4,0,outgoing,276768
2026-09-21T15:35:57.944220+00:00,104,r-scylla1,4,1,incoming,0
2026-09-21T15:35:57.944220+00:00,104,r-scylla1,4,1,outgoing,688
2026-09-21T15:35:57.944220+00:00,104,r-scylla2,4,0,incoming,138384
2026-09-21T15:35:57.944220+00:00,104,r-scylla2,4,0,outgoing,0
2026-09-21T15:35:57.944220+00:00,104,r-scylla2,4,1,incoming,290
2026-09-21T15:35:57.944220+00:00,104,r-scylla2,4,1,outgoing,138312
2026-09-21T15:35:57.944220+00:00,104,r-scylla3,4,0,incoming,138384
2026-09-21T15:35:57.944220+00:00,104,r-scylla3,4,0,outgoing,0
2026-09-21T15:35:57.944220+00:00,104,r-scylla3,4,1,incoming,138710
2026-09-21T15:35:57.944220+00:00,104,r-scylla3,4,1,outgoing,0
2026-09-21T15:35:57.944220+00:00,104,r-scylla4,4,0,incoming,0
2026-09-21T15:35:57.944220+00:00,104,r-scylla4,4,0,outgoing,0
2026-09-21T15:35:57.944220+00:00,104,r-scylla4,4,1,incoming,0
2026-09-21T15:35:57.944220+00:00,104,r-scylla4,4,1,outgoing,0
2026-09-21T15:35:58.944336+00:00,105,r-scylla1,4,0,incoming,0
2026-09-21T15:35:58.944336+00:00,105,r-scylla1,4,0,outgoing,276768
2026-09-21T15:35:58.944336+00:00,105,r-scylla1,4,1,incoming,0
2026-09-21T15:35:58.944336+00:00,105,r-scylla1,4,1,outgoing,688
2026-09-21T15:35:58.944336+00:00,105,r-scylla2,4,0,incoming,138384
2026-09-21T15:35:58.944336+00:00,105,r-scylla2,4,0,outgoing,0
2026-09-21T15:35:58.944336+00:00,105,r-scylla2,4,1,incoming,290
2026-09-21T15:35:58.944336+00:00,105,r-scylla2,4,1,outgoing,138312
2026-09-21T15:35:58.944336+00:00,105,r-scylla3,4,0,incoming,138384
2026-09-21T15:35:58.944336+00:00,105,r-scylla3,4,0,outgoing,0
2026-09-21T15:35:58.944336+00:00,105,r-scylla3,4,1,incoming,138710
2026-09-21T15:35:58.944336+00:00,105,r-scylla3,4,1,outgoing,0
2026-09-21T15:35:58.944336+00:00,105,r-scylla4,4,0,incoming,0
2026-09-21T15:35:58.944336+00:00,105,r-scylla4,4,0,outgoing,0
2026-09-21T15:35:58.944336+00:00,105,r-scylla4,4,1,incoming,0
2026-09-21T15:35:58.944336+00:00,105,r-scylla4,4,1,outgoing,0
2026-09-21T15:35:59.944489+00:00,106,r-scylla1,4,0,incoming,0
2026-09-21T15:35:59.944489+00:00,106,r-scylla1,4,0,outgoing,276768
2026-09-21T15:35:59.944489+00:00,106,r-scylla1,4,1,incoming,0
2026-09-21T15:35:59.944489+00:00,106,r-scylla1,4,1,outgoing,688
2026-09-21T15:35:59.944489+00:00,106,r-scylla2,4,0,incoming,138384
2026-09-21T15:35:59.944489+00:00,106,r-scylla2,4,0,outgoing,0
2026-09-21T15:35:59.944489+00:00,106,r-scylla2,4,1,incoming,290
2026-09-21T15:35:59.944489+00:00,106,r-scylla2,4,1,outgoing,138312
2026-09-21T15:35:59.944489+00:00,106,r-scylla3,4,0,incoming,138384
2026-09-21T15:35:59.944489+00:00,106,r-scylla3,4,0,outgoing,0
2026-09-21T15:35:59.944489+00:00,106,r-scylla3,4,1,incoming,138710
2026-09-21T15:35:59.944489+00:00,106,r-scylla3,4,1,outgoing,0
2026-09-21T15:35:59.944489+00:00,106,r-scylla4,4,0,incoming,0
2026-09-21T15:35:59.944489+00:00,106,r-scylla4,4,0,outgoing,0
2026-09-21T15:35:59.944489+00:00,106,r-scylla4,4,1,incoming,0
2026-09-21T15:35:59.944489+00:00,106,r-scylla4,4,1,outgoing,0
2026-09-21T15:36:00.944655+00:00,107,r-scylla1,4,0,incoming,0
2026-09-21T15:36:00.944655+00:00,107,r-scylla1,4,0,outgoing,276768
2026-09-21T15:36:00.944655+00:00,107,r-scylla1,4,1,incoming,0
2026-09-21T15:36:00.944655+00:00,107,r-scylla1,4,1,outgoing,688
2026-09-21T15:36:00.944655+00:00,107,r-scylla2,4,0,incoming,138384
2026-09-21T15:36:00.944655+00:00,107,r-scylla2,4,0,outgoing,0
2026-09-21T15:36:00.944655+00:00,107,r-scylla2,4,1,incoming,290
2026-09-21T15:36:00.944655+00:00,107,r-scylla2,4,1,outgoing,138312
2026-09-21T15:36:00.944655+00:00,107,r-scylla3,4,0,incoming,138384
2026-09-21T15:36:00.944655+00:00,107,r-scylla3,4,0,outgoing,0
2026-09-21T15:36:00.944655+00:00,107,r-scylla3,4,1,incoming,138710
2026-09-21T15:36:00.944655+00:00,107,r-scylla3,4,1,outgoing,0
2026-09-21T15:36:00.944655+00:00,107,r-scylla4,4,0,incoming,0
2026-09-21T15:36:00.944655+00:00,107,r-scylla4,4,0,outgoing,0
2026-09-21T15:36:00.944655+00:00,107,r-scylla4,4,1,incoming,0
2026-09-21T15:36:00.944655+00:00,107,r-scylla4,4,1,outgoing,0
2026-09-21T15:36:01.944864+00:00,108,r-scylla1,4,0,incoming,0
2026-09-21T15:36:01.944864+00:00,108,r-scylla1,4,0,outgoing,276768
2026-09-21T15:36:01.944864+00:00,108,r-scylla1,4,1,incoming,0
2026-09-21T15:36:01.944864+00:00,108,r-scylla1,4,1,outgoing,139000
2026-09-21T15:36:01.944864+00:00,108,r-scylla2,4,0,incoming,138384
2026-09-21T15:36:01.944864+00:00,108,r-scylla2,4,0,outgoing,138384
2026-09-21T15:36:01.944864+00:00,108,r-scylla2,4,1,incoming,290
2026-09-21T15:36:01.944864+00:00,108,r-scylla2,4,1,outgoing,138312
2026-09-21T15:36:01.944864+00:00,108,r-scylla3,4,0,incoming,138384
2026-09-21T15:36:01.944864+00:00,108,r-scylla3,4,0,outgoing,184392
2026-09-21T15:36:01.944864+00:00,108,r-scylla3,4,1,incoming,138710
2026-09-21T15:36:01.944864+00:00,108,r-scylla3,4,1,outgoing,506
2026-09-21T15:36:01.944864+00:00,108,r-scylla4,4,0,incoming,322776
2026-09-21T15:36:01.944864+00:00,108,r-scylla4,4,0,outgoing,0
2026-09-21T15:36:01.944864+00:00,108,r-scylla4,4,1,incoming,138818
2026-09-21T15:36:01.944864+00:00,108,r-scylla4,4,1,outgoing,0
2026-09-21T15:36:02.944988+00:00,109,r-scylla1,4,0,incoming,0
2026-09-21T15:36:02.944988+00:00,109,r-scylla1,4,0,outgoing,276768
2026-09-21T15:36:02.944988+00:00,109,r-scylla1,4,1,incoming,0
2026-09-21T15:36:02.944988+00:00,109,r-scylla1,4,1,outgoing,139000
2026-09-21T15:36:02.944988+00:00,109,r-scylla2,4,0,incoming,138384
2026-09-21T15:36:02.944988+00:00,109,r-scylla2,4,0,outgoing,138384
2026-09-21T15:36:02.944988+00:00,109,r-scylla2,4,1,incoming,290
2026-09-21T15:36:02.944988+00:00,109,r-scylla2,4,1,outgoing,138312
2026-09-21T15:36:02.944988+00:00,109,r-scylla3,4,0,incoming,138384
2026-09-21T15:36:02.944988+00:00,109,r-scylla3,4,0,outgoing,184392
2026-09-21T15:36:02.944988+00:00,109,r-scylla3,4,1,incoming,138710
2026-09-21T15:36:02.944988+00:00,109,r-scylla3,4,1,outgoing,506
2026-09-21T15:36:02.944988+00:00,109,r-scylla4,4,0,incoming,322776
2026-09-21T15:36:02.944988+00:00,109,r-scylla4,4,0,outgoing,0
2026-09-21T15:36:02.944988+00:00,109,r-scylla4,4,1,incoming,138818
2026-09-21T15:36:02.944988+00:00,109,r-scylla4,4,1,outgoing,0
2026-09-21T15:36:03.945189+00:00,110,r-scylla1,4,0,incoming,0
2026-09-21T15:36:03.945189+00:00,110,r-scylla1,4,0,outgoing,276768
2026-09-21T15:36:03.945189+00:00,110,r-scylla1,4,1,incoming,0
2026-09-21T15:36:03.945189+00:00,110,r-scylla1,4,1,outgoing,139000
2026-09-21T15:36:03.945189+00:00,110,r-scylla2,4,0,incoming,138384
2026-09-21T15:36:03.945189+00:00,110,r-scylla2,4,0,outgoing,138384
2026-09-21T15:36:03.945189+00:00,110,r-scylla2,4,1,incoming,290
2026-09-21T15:36:03.945189+00:00,110,r-scylla2,4,1,outgoing,138312
2026-09-21T15:36:03.945189+00:00,110,r-scylla3,4,0,incoming,138384
2026-09-21T15:36:03.945189+00:00,110,r-scylla3,4,0,outgoing,184392
2026-09-21T15:36:03.945189+00:00,110,r-scylla3,4,1,incoming,138710
2026-09-21T15:36:03.945189+00:00,110,r-scylla3,4,1,outgoing,506
2026-09-21T15:36:03.945189+00:00,110,r-scylla4,4,0,incoming,322776
2026-09-21T15:36:03.945189+00:00,110,r-scylla4,4,0,outgoing,0
2026-09-21T15:36:03.945189+00:00,110,r-scylla4,4,1,incoming,138818
2026-09-21T15:36:03.945189+00:00,110,r-scylla4,4,1,outgoing,0
2026-09-21T15:36:04.945259+00:00,111,r-scylla1,4,0,incoming,0
2026-09-21T15:36:04.945259+00:00,111,r-scylla1,4,0,outgoing,276768
2026-09-21T15:36:04.945259+00:00,111,r-scylla1,4,1,incoming,0
2026-09-21T15:36:04.945259+00:00,111,r-scylla1,4,1,outgoing,139000
2026-09-21T15:36:04.945259+00:00,111,r-scylla2,4,0,incoming,138384
2026-09-21T15:36:04.945259+00:00,111,r-scylla2,4,0,outgoing,138384
2026-09-21T15:36:04.945259+00:00,111,r-scylla2,4,1,incoming,290
2026-09-21T15:36:04.945259+00:00,111,r-scylla2,4,1,outgoing,138312
2026-09-21T15:36:04.945259+00:00,111,r-scylla3,4,0,incoming,138384
2026-09-21T15:36:04.945259+00:00,111,r-scylla3,4,0,outgoing,184392
2026-09-21T15:36:04.945259+00:00,111,r-scylla3,4,1,incoming,138710
2026-09-21T15:36:04.945259+00:00,111,r-scylla3,4,1,outgoing,506
2026-09-21T15:36:04.945259+00:00,111,r-scylla4,4,0,incoming,322776
2026-09-21T15:36:04.945259+00:00,111,r-scylla4,4,0,outgoing,0
2026-09-21T15:36:04.945259+00:00,111,r-scylla4,4,1,incoming,138818
2026-09-21T15:36:04.945259+00:00,111,r-scylla4,4,1,outgoing,0
2026-09-21T15:36:05.945424+00:00,112,r-scylla1,4,0,incoming,0
2026-09-21T15:36:05.945424+00:00,112,r-scylla1,4,0,outgoing,276768
2026-09-21T15:36:05.945424+00:00,112,r-scylla1,4,1,incoming,0
2026-09-21T15:36:05.945424+00:00,112,r-scylla1,4,1,outgoing,139000
2026-09-21T15:36:05.945424+00:00,112,r-scylla2,4,0,incoming,138384
2026-09-21T15:36:05.945424+00:00,112,r-scylla2,4,0,outgoing,138384
2026-09-21T15:36:05.945424+00:00,112,r-scylla2,4,1,incoming,290
2026-09-21T15:36:05.945424+00:00,112,r-scylla2,4,1,outgoing,138312
2026-09-21T15:36:05.945424+00:00,112,r-scylla3,4,0,incoming,138384
2026-09-21T15:36:05.945424+00:00,112,r-scylla3,4,0,outgoing,184392
2026-09-21T15:36:05.945424+00:00,112,r-scylla3,4,1,incoming,138710
2026-09-21T15:36:05.945424+00:00,112,r-scylla3,4,1,outgoing,506
2026-09-21T15:36:05.945424+00:00,112,r-scylla4,4,0,incoming,322776
2026-09-21T15:36:05.945424+00:00,112,r-scylla4,4,0,outgoing,0
2026-09-21T15:36:05.945424+00:00,112,r-scylla4,4,1,incoming,138818
2026-09-21T15:36:05.945424+00:00,112,r-scylla4,4,1,outgoing,0
2026-09-21T15:36:06.945783+00:00,113,r-scylla1,4,0,incoming,0
2026-09-21T15:36:06.945783+00:00,113,r-scylla1,4,0,outgoing,276768
2026-09-21T15:36:06.945783+00:00,113,r-scylla1,4,1,incoming,0
2026-09-21T15:36:06.945783+00:00,113,r-scylla1,4,1,outgoing,139000
2026-09-21T15:36:06.945783+00:00,113,r-scylla2,4,0,incoming,138384
2026-09-21T15:36:06.945783+00:00,113,r-scylla2,4,0,outgoing,138384
2026-09-21T15:36:06.945783+00:00,113,r-scylla2,4,1,incoming,290
2026-09-21T15:36:06.945783+00:00,113,r-scylla2,4,1,outgoing,138312
2026-09-21T15:36:06.945783+00:00,113,r-scylla3,4,0,incoming,138384
2026-09-21T15:36:06.945783+00:00,113,r-scylla3,4,0,outgoing,184392
2026-09-21T15:36:06.945783+00:00,113,r-scylla3,4,1,incoming,138710
2026-09-21T15:36:06.945783+00:00,113,r-scylla3,4,1,outgoing,506
2026-09-21T15:36:06.945783+00:00,113,r-scylla4,4,0,incoming,322776
2026-09-21T15:36:06.945783+00:00,113,r-scylla4,4,0,outgoing,0
2026-09-21T15:36:06.945783+00:00,113,r-scylla4,4,1,incoming,138818
2026-09-21T15:36:06.945783+00:00,113,r-scylla4,4,1,outgoing,0
2026-09-21T15:36:07.946021+00:00,114,r-scylla1,4,0,incoming,0
2026-09-21T15:36:07.946021+00:00,114,r-scylla1,4,0,outgoing,276768
2026-09-21T15:36:07.946021+00:00,114,r-scylla1,4,1,incoming,0
2026-09-21T15:36:07.946021+00:00,114,r-scylla1,4,1,outgoing,139000
2026-09-21T15:36:07.946021+00:00,114,r-scylla2,4,0,incoming,138384
2026-09-21T15:36:07.946021+00:00,114,r-scylla2,4,0,outgoing,138384
2026-09-21T15:36:07.946021+00:00,114,r-scylla2,4,1,incoming,290
2026-09-21T15:36:07.946021+00:00,114,r-scylla2,4,1,outgoing,138312
2026-09-21T15:36:07.946021+00:00,114,r-scylla3,4,0,incoming,138384
2026-09-21T15:36:07.946021+00:00,114,r-scylla3,4,0,outgoing,184392
2026-09-21T15:36:07.946021+00:00,114,r-scylla3,4,1,incoming,138710
2026-09-21T15:36:07.946021+00:00,114,r-scylla3,4,1,outgoing,506
2026-09-21T15:36:07.946021+00:00,114,r-scylla4,4,0,incoming,322776
2026-09-21T15:36:07.946021+00:00,114,r-scylla4,4,0,outgoing,0
2026-09-21T15:36:07.946021+00:00,114,r-scylla4,4,1,incoming,138818
2026-09-21T15:36:07.946021+00:00,114,r-scylla4,4,1,outgoing,0
2026-09-21T15:36:08.946263+00:00,115,r-scylla1,4,0,incoming,0
2026-09-21T15:36:08.946263+00:00,115,r-scylla1,4,0,outgoing,276768
2026-09-21T15:36:08.946263+00:00,115,r-scylla1,4,1,incoming,0
2026-09-21T15:36:08.946263+00:00,115,r-scylla1,4,1,outgoing,139000
2026-09-21T15:36:08.946263+00:00,115,r-scylla2,4,0,incoming,138384
2026-09-21T15:36:08.946263+00:00,115,r-scylla2,4,0,outgoing,138384
2026-09-21T15:36:08.946263+00:00,115,r-scylla2,4,1,incoming,290
2026-09-21T15:36:08.946263+00:00,115,r-scylla2,4,1,outgoing,138312
2026-09-21T15:36:08.946263+00:00,115,r-scylla3,4,0,incoming,138384
2026-09-21T15:36:08.946263+00:00,115,r-scylla3,4,0,outgoing,184392
2026-09-21T15:36:08.946263+00:00,115,r-scylla3,4,1,incoming,138710
2026-09-21T15:36:08.946263+00:00,115,r-scylla3,4,1,outgoing,506
2026-09-21T15:36:08.946263+00:00,115,r-scylla4,4,0,incoming,322776
2026-09-21T15:36:08.946263+00:00,115,r-scylla4,4,0,outgoing,0
2026-09-21T15:36:08.946263+00:00,115,r-scylla4,4,1,incoming,138818
2026-09-21T15:36:08.946263+00:00,115,r-scylla4,4,1,outgoing,0
2026-09-21T15:36:09.946591+00:00,116,r-scylla1,4,0,incoming,0
2026-09-21T15:36:09.946591+00:00,116,r-scylla1,4,0,outgoing,276768
2026-09-21T15:36:09.946591+00:00,116,r-scylla1,4,1,incoming,0
2026-09-21T15:36:09.946591+00:00,116,r-scylla1,4,1,outgoing,139000
2026-09-21T15:36:09.946591+00:00,116,r-scylla2,4,0,incoming,138384
2026-09-21T15:36:09.946591+00:00,116,r-scylla2,4,0,outgoing,138384
2026-09-21T15:36:09.946591+00:00,116,r-scylla2,4,1,incoming,290
2026-09-21T15:36:09.946591+00:00,116,r-scylla2,4,1,outgoing,138312
2026-09-21T15:36:09.946591+00:00,116,r-scylla3,4,0,incoming,138384
2026-09-21T15:36:09.946591+00:00,116,r-scylla3,4,0,outgoing,184392
2026-09-21T15:36:09.946591+00:00,116,r-scylla3,4,1,incoming,138710
2026-09-21T15:36:09.946591+00:00,116,r-scylla3,4,1,outgoing,506
2026-09-21T15:36:09.946591+00:00,116,r-scylla4,4,0,incoming,322776
2026-09-21T15:36:09.946591+00:00,116,r-scylla4,4,0,outgoing,0
2026-09-21T15:36:09.946591+00:00,116,r-scylla4,4,1,incoming,138818
2026-09-21T15:36:09.946591+00:00,116,r-scylla4,4,1,outgoing,0
2026-09-21T15:36:10.946905+00:00,117,r-scylla1,4,0,incoming,0
2026-09-21T15:36:10.946905+00:00,117,r-scylla1,4,0,outgoing,276768
2026-09-21T15:36:10.946905+00:00,117,r-scylla1,4,1,incoming,0
2026-09-21T15:36:10.946905+00:00,117,r-scylla1,4,1,outgoing,139000
2026-09-21T15:36:10.946905+00:00,117,r-scylla2,4,0,incoming,138384
2026-09-21T15:36:10.946905+00:00,117,r-scylla2,4,0,outgoing,138384
2026-09-21T15:36:10.946905+00:00,117,r-scylla2,4,1,incoming,290
2026-09-21T15:36:10.946905+00:00,117,r-scylla2,4,1,outgoing,138312
2026-09-21T15:36:10.946905+00:00,117,r-scylla3,4,0,incoming,138384
2026-09-21T15:36:10.946905+00:00,117,r-scylla3,4,0,outgoing,184392
2026-09-21T15:36:10.946905+00:00,117,r-scylla3,4,1,incoming,138710
2026-09-21T15:36:10.946905+00:00,117,r-scylla3,4,1,outgoing,506
2026-09-21T15:36:10.946905+00:00,117,r-scylla4,4,0,incoming,322776
2026-09-21T15:36:10.946905+00:00,117,r-scylla4,4,0,outgoing,0
2026-09-21T15:36:10.946905+00:00,117,r-scylla4,4,1,incoming,138818
2026-09-21T15:36:10.946905+00:00,117,r-scylla4,4,1,outgoing,0
2026-09-21T15:36:11.947486+00:00,118,r-scylla1,4,0,incoming,0
2026-09-21T15:36:11.947486+00:00,118,r-scylla1,4,0,outgoing,276768
2026-09-21T15:36:11.947486+00:00,118,r-scylla1,4,1,incoming,0
2026-09-21T15:36:11.947486+00:00,118,r-scylla1,4,1,outgoing,139000
2026-09-21T15:36:11.947486+00:00,118,r-scylla2,4,0,incoming,138384
2026-09-21T15:36:11.947486+00:00,118,r-scylla2,4,0,outgoing,138384
2026-09-21T15:36:11.947486+00:00,118,r-scylla2,4,1,incoming,290
2026-09-21T15:36:11.947486+00:00,118,r-scylla2,4,1,outgoing,138312
2026-09-21T15:36:11.947486+00:00,118,r-scylla3,4,0,incoming,138384
2026-09-21T15:36:11.947486+00:00,118,r-scylla3,4,0,outgoing,184392
2026-09-21T15:36:11.947486+00:00,118,r-scylla3,4,1,incoming,138710
2026-09-21T15:36:11.947486+00:00,118,r-scylla3,4,1,outgoing,506
2026-09-21T15:36:11.947486+00:00,118,r-scylla4,4,0,incoming,322776
2026-09-21T15:36:11.947486+00:00,118,r-scylla4,4,0,outgoing,0
2026-09-21T15:36:11.947486+00:00,118,r-scylla4,4,1,incoming,138818
2026-09-21T15:36:11.947486+00:00,118,r-scylla4,4,1,outgoing,0
2026-09-21T15:36:12.947690+00:00,119,r-scylla1,4,0,incoming,0
2026-09-21T15:36:12.947690+00:00,119,r-scylla1,4,0,outgoing,276768
2026-09-21T15:36:12.947690+00:00,119,r-scylla1,4,1,incoming,0
2026-09-21T15:36:12.947690+00:00,119,r-scylla1,4,1,outgoing,139000
2026-09-21T15:36:12.947690+00:00,119,r-scylla2,4,0,incoming,138384
2026-09-21T15:36:12.947690+00:00,119,r-scylla2,4,0,outgoing,138384
2026-09-21T15:36:12.947690+00:00,119,r-scylla2,4,1,incoming,290
2026-09-21T15:36:12.947690+00:00,119,r-scylla2,4,1,outgoing,138312
2026-09-21T15:36:12.947690+00:00,119,r-scylla3,4,0,incoming,138384
2026-09-21T15:36:12.947690+00:00,119,r-scylla3,4,0,outgoing,184392
2026-09-21T15:36:12.947690+00:00,119,r-scylla3,4,1,incoming,138710
2026-09-21T15:36:12.947690+00:00,119,r-scylla3,4,1,outgoing,506
2026-09-21T15:36:12.947690+00:00,119,r-scylla4,4,0,incoming,322776
2026-09-21T15:36:12.947690+00:00,119,r-scylla4,4,0,outgoing,0
2026-09-21T15:36:12.947690+00:00,119,r-scylla4,4,1,incoming,138818
2026-09-21T15:36:12.947690+00:00,119,r-scylla4,4,1,outgoing,0
2026-09-21T15:36:13.948046+00:00,120,r-scylla1,4,0,incoming,0
2026-09-21T15:36:13.948046+00:00,120,r-scylla1,4,0,outgoing,276768
2026-09-21T15:36:13.948046+00:00,120,r-scylla1,4,1,incoming,0
2026-09-21T15:36:13.948046+00:00,120,r-scylla1,4,1,outgoing,139000
2026-09-21T15:36:13.948046+00:00,120,r-scylla2,4,0,incoming,138384
2026-09-21T15:36:13.948046+00:00,120,r-scylla2,4,0,outgoing,138384
2026-09-21T15:36:13.948046+00:00,120,r-scylla2,4,1,incoming,290
2026-09-21T15:36:13.948046+00:00,120,r-scylla2,4,1,outgoing,138312
2026-09-21T15:36:13.948046+00:00,120,r-scylla3,4,0,incoming,138384
2026-09-21T15:36:13.948046+00:00,120,r-scylla3,4,0,outgoing,184392
2026-09-21T15:36:13.948046+00:00,120,r-scylla3,4,1,incoming,138710
2026-09-21T15:36:13.948046+00:00,120,r-scylla3,4,1,outgoing,506
2026-09-21T15:36:13.948046+00:00,120,r-scylla4,4,0,incoming,322776
2026-09-21T15:36:13.948046+00:00,120,r-scylla4,4,0,outgoing,0
2026-09-21T15:36:13.948046+00:00,120,r-scylla4,4,1,incoming,138818
2026-09-21T15:36:13.948046+00:00,120,r-scylla4,4,1,outgoing,0
2026-09-21T15:36:14.948229+00:00,121,r-scylla1,4,0,incoming,0
2026-09-21T15:36:14.948229+00:00,121,r-scylla1,4,0,outgoing,276768
2026-09-21T15:36:14.948229+00:00,121,r-scylla1,4,1,incoming,0
2026-09-21T15:36:14.948229+00:00,121,r-scylla1,4,1,outgoing,139000
2026-09-21T15:36:14.948229+00:00,121,r-scylla2,4,0,incoming,138384
2026-09-21T15:36:14.948229+00:00,121,r-scylla2,4,0,outgoing,138384
2026-09-21T15:36:14.948229+00:00,121,r-scylla2,4,1,incoming,290
2026-09-21T15:36:14.948229+00:00,121,r-scylla2,4,1,outgoing,138312
2026-09-21T15:36:14.948229+00:00,121,r-scylla3,4,0,incoming,138384
2026-09-21T15:36:14.948229+00:00,121,r-scylla3,4,0,outgoing,184392
2026-09-21T15:36:14.948229+00:00,121,r-scylla3,4,1,incoming,138710
2026-09-21T15:36:14.948229+00:00,121,r-scylla3,4,1,outgoing,506
2026-09-21T15:36:14.948229+00:00,121,r-scylla4,4,0,incoming,322776
2026-09-21T15:36:14.948229+00:00,121,r-scylla4,4,0,outgoing,0
2026-09-21T15:36:14.948229+00:00,121,r-scylla4,4,1,incoming,138818
2026-09-21T15:36:14.948229+00:00,121,r-scylla4,4,1,outgoing,0
2026-09-21T15:36:15.948441+00:00,122,r-scylla1,4,0,incoming,0
2026-09-21T15:36:15.948441+00:00,122,r-scylla1,4,0,outgoing,276768
2026-09-21T15:36:15.948441+00:00,122,r-scylla1,4,1,incoming,0
2026-09-21T15:36:15.948441+00:00,122,r-scylla1,4,1,outgoing,139000
2026-09-21T15:36:15.948441+00:00,122,r-scylla2,4,0,incoming,138384
2026-09-21T15:36:15.948441+00:00,122,r-scylla2,4,0,outgoing,138384
2026-09-21T15:36:15.948441+00:00,122,r-scylla2,4,1,incoming,290
2026-09-21T15:36:15.948441+00:00,122,r-scylla2,4,1,outgoing,138312
2026-09-21T15:36:15.948441+00:00,122,r-scylla3,4,0,incoming,138384
2026-09-21T15:36:15.948441+00:00,122,r-scylla3,4,0,outgoing,184392
2026-09-21T15:36:15.948441+00:00,122,r-scylla3,4,1,incoming,138710
2026-09-21T15:36:15.948441+00:00,122,r-scylla3,4,1,outgoing,506
2026-09-21T15:36:15.948441+00:00,122,r-scylla4,4,0,incoming,322776
2026-09-21T15:36:15.948441+00:00,122,r-scylla4,4,0,outgoing,0
2026-09-21T15:36:15.948441+00:00,122,r-scylla4,4,1,incoming,138818
2026-09-21T15:36:15.948441+00:00,122,r-scylla4,4,1,outgoing,0
2026-09-21T15:36:16.948737+00:00,123,r-scylla1,4,0,incoming,0
2026-09-21T15:36:16.948737+00:00,123,r-scylla1,4,0,outgoing,276768
2026-09-21T15:36:16.948737+00:00,123,r-scylla1,4,1,incoming,0
2026-09-21T15:36:16.948737+00:00,123,r-scylla1,4,1,outgoing,139000
2026-09-21T15:36:16.948737+00:00,123,r-scylla2,4,0,incoming,138384
2026-09-21T15:36:16.948737+00:00,123,r-scylla2,4,0,outgoing,138384
2026-09-21T15:36:16.948737+00:00,123,r-scylla2,4,1,incoming,290
2026-09-21T15:36:16.948737+00:00,123,r-scylla2,4,1,outgoing,138312
2026-09-21T15:36:16.948737+00:00,123,r-scylla3,4,0,incoming,138384
2026-09-21T15:36:16.948737+00:00,123,r-scylla3,4,0,outgoing,184392
2026-09-21T15:36:16.948737+00:00,123,r-scylla3,4,1,incoming,138710
2026-09-21T15:36:16.948737+00:00,123,r-scylla3,4,1,outgoing,506
2026-09-21T15:36:16.948737+00:00,123,r-scylla4,4,0,incoming,322776
2026-09-21T15:36:16.948737+00:00,123,r-scylla4,4,0,outgoing,0
2026-09-21T15:36:16.948737+00:00,123,r-scylla4,4,1,incoming,138818
2026-09-21T15:36:16.948737+00:00,123,r-scylla4,4,1,outgoing,0
2026-09-21T15:36:17.949033+00:00,124,r-scylla1,4,0,incoming,0
2026-09-21T15:36:17.949033+00:00,124,r-scylla1,4,0,outgoing,276768
2026-09-21T15:36:17.949033+00:00,124,r-scylla1,4,1,incoming,0
2026-09-21T15:36:17.949033+00:00,124,r-scylla1,4,1,outgoing,139000
2026-09-21T15:36:17.949033+00:00,124,r-scylla2,4,0,incoming,138384
2026-09-21T15:36:17.949033+00:00,124,r-scylla2,4,0,outgoing,138384
2026-09-21T15:36:17.949033+00:00,124,r-scylla2,4,1,incoming,290
2026-09-21T15:36:17.949033+00:00,124,r-scylla2,4,1,outgoing,138312
2026-09-21T15:36:17.949033+00:00,124,r-scylla3,4,0,incoming,138384
2026-09-21T15:36:17.949033+00:00,124,r-scylla3,4,0,outgoing,184392
2026-09-21T15:36:17.949033+00:00,124,r-scylla3,4,1,incoming,138710
2026-09-21T15:36:17.949033+00:00,124,r-scylla3,4,1,outgoing,506
2026-09-21T15:36:17.949033+00:00,124,r-scylla4,4,0,incoming,322776
2026-09-21T15:36:17.949033+00:00,124,r-scylla4,4,0,outgoing,0
2026-09-21T15:36:17.949033+00:00,124,r-scylla4,4,1,incoming,138818
2026-09-21T15:36:17.949033+00:00,124,r-scylla4,4,1,outgoing,0
2026-09-21T15:36:18.949332+00:00,125,r-scylla1,4,0,incoming,0
2026-09-21T15:36:18.949332+00:00,125,r-scylla1,4,0,outgoing,276768
2026-09-21T15:36:18.949332+00:00,125,r-scylla1,4,1,incoming,0
2026-09-21T15:36:18.949332+00:00,125,r-scylla1,4,1,outgoing,139000
2026-09-21T15:36:18.949332+00:00,125,r-scylla2,4,0,incoming,138384
2026-09-21T15:36:18.949332+00:00,125,r-scylla2,4,0,outgoing,138384
2026-09-21T15:36:18.949332+00:00,125,r-scylla2,4,1,incoming,290
2026-09-21T15:36:18.949332+00:00,125,r-scylla2,4,1,outgoing,138312
2026-09-21T15:36:18.949332+00:00,125,r-scylla3,4,0,incoming,138384
2026-09-21T15:36:18.949332+00:00,125,r-scylla3,4,0,outgoing,184392
2026-09-21T15:36:18.949332+00:00,125,r-scylla3,4,1,incoming,138710
2026-09-21T15:36:18.949332+00:00,125,r-scylla3,4,1,outgoing,506
2026-09-21T15:36:18.949332+00:00,125,r-scylla4,4,0,incoming,322776
2026-09-21T15:36:18.949332+00:00,125,r-scylla4,4,0,outgoing,0
2026-09-21T15:36:18.949332+00:00,125,r-scylla4,4,1,incoming,138818
2026-09-21T15:36:18.949332+00:00,125,r-scylla4,4,1,outgoing,0
2026-09-21T15:36:19.947274+00:00,126,r-scylla1,4,0,incoming,0
2026-09-21T15:36:19.947274+00:00,126,r-scylla1,4,0,outgoing,276768
2026-09-21T15:36:19.947274+00:00,126,r-scylla1,4,1,incoming,0
2026-09-21T15:36:19.947274+00:00,126,r-scylla1,4,1,outgoing,139000
2026-09-21T15:36:19.947274+00:00,126,r-scylla2,4,0,incoming,138384
2026-09-21T15:36:19.947274+00:00,126,r-scylla2,4,0,outgoing,138384
2026-09-21T15:36:19.947274+00:00,126,r-scylla2,4,1,incoming,290
2026-09-21T15:36:19.947274+00:00,126,r-scylla2,4,1,outgoing,138312
2026-09-21T15:36:19.947274+00:00,126,r-scylla3,4,0,incoming,138384
2026-09-21T15:36:19.947274+00:00,126,r-scylla3,4,0,outgoing,184392
2026-09-21T15:36:19.947274+00:00,126,r-scylla3,4,1,incoming,138710
2026-09-21T15:36:19.947274+00:00,126,r-scylla3,4,1,outgoing,506
2026-09-21T15:36:19.947274+00:00,126,r-scylla4,4,0,incoming,322776
2026-09-21T15:36:19.947274+00:00,126,r-scylla4,4,0,outgoing,0
2026-09-21T15:36:19.947274+00:00,126,r-scylla4,4,1,incoming,138818
2026-09-21T15:36:19.947274+00:00,126,r-scylla4,4,1,outgoing,0
2026-09-21T15:36:20.947509+00:00,127,r-scylla1,4,0,incoming,0
2026-09-21T15:36:20.947509+00:00,127,r-scylla1,4,0,outgoing,276768
2026-09-21T15:36:20.947509+00:00,127,r-scylla1,4,1,incoming,0
2026-09-21T15:36:20.947509+00:00,127,r-scylla1,4,1,outgoing,139000
2026-09-21T15:36:20.947509+00:00,127,r-scylla2,4,0,incoming,138384
2026-09-21T15:36:20.947509+00:00,127,r-scylla2,4,0,outgoing,138384
2026-09-21T15:36:20.947509+00:00,127,r-scylla2,4,1,incoming,290
2026-09-21T15:36:20.947509+00:00,127,r-scylla2,4,1,outgoing,138312
2026-09-21T15:36:20.947509+00:00,127,r-scylla3,4,0,incoming,138384
2026-09-21T15:36:20.947509+00:00,127,r-scylla3,4,0,outgoing,184392
2026-09-21T15:36:20.947509+00:00,127,r-scylla3,4,1,incoming,138710
2026-09-21T15:36:20.947509+00:00,127,r-scylla3,4,1,outgoing,506
2026-09-21T15:36:20.947509+00:00,127,r-scylla4,4,0,incoming,322776
2026-09-21T15:36:20.947509+00:00,127,r-scylla4,4,0,outgoing,0
2026-09-21T15:36:20.947509+00:00,127,r-scylla4,4,1,incoming,138818
2026-09-21T15:36:20.947509+00:00,127,r-scylla4,4,1,outgoing,0
2026-09-21T15:36:21.947772+00:00,128,r-scylla1,4,0,incoming,0
2026-09-21T15:36:21.947772+00:00,128,r-scylla1,4,0,outgoing,276768
2026-09-21T15:36:21.947772+00:00,128,r-scylla1,4,1,incoming,0
2026-09-21T15:36:21.947772+00:00,128,r-scylla1,4,1,outgoing,139000
2026-09-21T15:36:21.947772+00:00,128,r-scylla2,4,0,incoming,138384
2026-09-21T15:36:21.947772+00:00,128,r-scylla2,4,0,outgoing,138384
2026-09-21T15:36:21.947772+00:00,128,r-scylla2,4,1,incoming,290
2026-09-21T15:36:21.947772+00:00,128,r-scylla2,4,1,outgoing,138312
2026-09-21T15:36:21.947772+00:00,128,r-scylla3,4,0,incoming,138384
2026-09-21T15:36:21.947772+00:00,128,r-scylla3,4,0,outgoing,184392
2026-09-21T15:36:21.947772+00:00,128,r-scylla3,4,1,incoming,138710
2026-09-21T15:36:21.947772+00:00,128,r-scylla3,4,1,outgoing,506
2026-09-21T15:36:21.947772+00:00,128,r-scylla4,4,0,incoming,322776
2026-09-21T15:36:21.947772+00:00,128,r-scylla4,4,0,outgoing,0
2026-09-21T15:36:21.947772+00:00,128,r-scylla4,4,1,incoming,138818
2026-09-21T15:36:21.947772+00:00,128,r-scylla4,4,1,outgoing,0
2026-09-21T15:36:22.948046+00:00,129,r-scylla1,4,0,incoming,0
2026-09-21T15:36:22.948046+00:00,129,r-scylla1,4,0,outgoing,276768
2026-09-21T15:36:22.948046+00:00,129,r-scylla1,4,1,incoming,0
2026-09-21T15:36:22.948046+00:00,129,r-scylla1,4,1,outgoing,139000
2026-09-21T15:36:22.948046+00:00,129,r-scylla2,4,0,incoming,138384
2026-09-21T15:36:22.948046+00:00,129,r-scylla2,4,0,outgoing,138384
2026-09-21T15:36:22.948046+00:00,129,r-scylla2,4,1,incoming,290
2026-09-21T15:36:22.948046+00:00,129,r-scylla2,4,1,outgoing,138312
2026-09-21T15:36:22.948046+00:00,129,r-scylla3,4,0,incoming,138384
2026-09-21T15:36:22.948046+00:00,129,r-scylla3,4,0,outgoing,184392
2026-09-21T15:36:22.948046+00:00,129,r-scylla3,4,1,incoming,138710
2026-09-21T15:36:22.948046+00:00,129,r-scylla3,4,1,outgoing,506
2026-09-21T15:36:22.948046+00:00,129,r-scylla4,4,0,incoming,322776
2026-09-21T15:36:22.948046+00:00,129,r-scylla4,4,0,outgoing,0
2026-09-21T15:36:22.948046+00:00,129,r-scylla4,4,1,incoming,138818
2026-09-21T15:36:22.948046+00:00,129,r-scylla4,4,1,outgoing,0
2026-09-21T15:36:23.948261+00:00,130,r-scylla1,4,0,incoming,0
2026-09-21T15:36:23.948261+00:00,130,r-scylla1,4,0,outgoing,276768
2026-09-21T15:36:23.948261+00:00,130,r-scylla1,4,1,incoming,0
2026-09-21T15:36:23.948261+00:00,130,r-scylla1,4,1,outgoing,139000
2026-09-21T15:36:23.948261+00:00,130,r-scylla2,4,0,incoming,138384
2026-09-21T15:36:23.948261+00:00,130,r-scylla2,4,0,outgoing,138384
2026-09-21T15:36:23.948261+00:00,130,r-scylla2,4,1,incoming,290
2026-09-21T15:36:23.948261+00:00,130,r-scylla2,4,1,outgoing,138312
2026-09-21T15:36:23.948261+00:00,130,r-scylla3,4,0,incoming,138384
2026-09-21T15:36:23.948261+00:00,130,r-scylla3,4,0,outgoing,184392
2026-09-21T15:36:23.948261+00:00,130,r-scylla3,4,1,incoming,138710
2026-09-21T15:36:23.948261+00:00,130,r-scylla3,4,1,outgoing,506
2026-09-21T15:36:23.948261+00:00,130,r-scylla4,4,0,incoming,322776
2026-09-21T15:36:23.948261+00:00,130,r-scylla4,4,0,outgoing,0
2026-09-21T15:36:23.948261+00:00,130,r-scylla4,4,1,incoming,138818
2026-09-21T15:36:23.948261+00:00,130,r-scylla4,4,1,outgoing,0
2026-09-21T15:36:24.948658+00:00,131,r-scylla1,4,0,incoming,0
2026-09-21T15:36:24.948658+00:00,131,r-scylla1,4,0,outgoing,276768
2026-09-21T15:36:24.948658+00:00,131,r-scylla1,4,1,incoming,0
2026-09-21T15:36:24.948658+00:00,131,r-scylla1,4,1,outgoing,139000
2026-09-21T15:36:24.948658+00:00,131,r-scylla2,4,0,incoming,138384
2026-09-21T15:36:24.948658+00:00,131,r-scylla2,4,0,outgoing,138384
2026-09-21T15:36:24.948658+00:00,131,r-scylla2,4,1,incoming,290
2026-09-21T15:36:24.948658+00:00,131,r-scylla2,4,1,outgoing,138312
2026-09-21T15:36:24.948658+00:00,131,r-scylla3,4,0,incoming,138384
2026-09-21T15:36:24.948658+00:00,131,r-scylla3,4,0,outgoing,184392
2026-09-21T15:36:24.948658+00:00,131,r-scylla3,4,1,incoming,138710
2026-09-21T15:36:24.948658+00:00,131,r-scylla3,4,1,outgoing,506
2026-09-21T15:36:24.948658+00:00,131,r-scylla4,4,0,incoming,322776
2026-09-21T15:36:24.948658+00:00,131,r-scylla4,4,0,outgoing,0
2026-09-21T15:36:24.948658+00:00,131,r-scylla4,4,1,incoming,138818
2026-09-21T15:36:24.948658+00:00,131,r-scylla4,4,1,outgoing,0
2026-09-21T15:36:25.949098+00:00,132,r-scylla1,4,0,incoming,0
2026-09-21T15:36:25.949098+00:00,132,r-scylla1,4,0,outgoing,276768
2026-09-21T15:36:25.949098+00:00,132,r-scylla1,4,1,incoming,0
2026-09-21T15:36:25.949098+00:00,132,r-scylla1,4,1,outgoing,139000
2026-09-21T15:36:25.949098+00:00,132,r-scylla2,4,0,incoming,138384
2026-09-21T15:36:25.949098+00:00,132,r-scylla2,4,0,outgoing,138384
2026-09-21T15:36:25.949098+00:00,132,r-scylla2,4,1,incoming,290
2026-09-21T15:36:25.949098+00:00,132,r-scylla2,4,1,outgoing,138312
2026-09-21T15:36:25.949098+00:00,132,r-scylla3,4,0,incoming,138384
2026-09-21T15:36:25.949098+00:00,132,r-scylla3,4,0,outgoing,184392
2026-09-21T15:36:25.949098+00:00,132,r-scylla3,4,1,incoming,138710
2026-09-21T15:36:25.949098+00:00,132,r-scylla3,4,1,outgoing,506
2026-09-21T15:36:25.949098+00:00,132,r-scylla4,4,0,incoming,322776
2026-09-21T15:36:25.949098+00:00,132,r-scylla4,4,0,outgoing,0
2026-09-21T15:36:25.949098+00:00,132,r-scylla4,4,1,incoming,138818
2026-09-21T15:36:25.949098+00:00,132,r-scylla4,4,1,outgoing,0
2026-09-21T15:36:26.949316+00:00,133,r-scylla1,4,0,incoming,0
2026-09-21T15:36:26.949316+00:00,133,r-scylla1,4,0,outgoing,276768
2026-09-21T15:36:26.949316+00:00,133,r-scylla1,4,1,incoming,0
2026-09-21T15:36:26.949316+00:00,133,r-scylla1,4,1,outgoing,139000
2026-09-21T15:36:26.949316+00:00,133,r-scylla2,4,0,incoming,138384
2026-09-21T15:36:26.949316+00:00,133,r-scylla2,4,0,outgoing,138384
2026-09-21T15:36:26.949316+00:00,133,r-scylla2,4,1,incoming,290
2026-09-21T15:36:26.949316+00:00,133,r-scylla2,4,1,outgoing,138312
2026-09-21T15:36:26.949316+00:00,133,r-scylla3,4,0,incoming,138384
2026-09-21T15:36:26.949316+00:00,133,r-scylla3,4,0,outgoing,184392
2026-09-21T15:36:26.949316+00:00,133,r-scylla3,4,1,incoming,138710
2026-09-21T15:36:26.949316+00:00,133,r-scylla3,4,1,outgoing,506
2026-09-21T15:36:26.949316+00:00,133,r-scylla4,4,0,incoming,322776
2026-09-21T15:36:26.949316+00:00,133,r-scylla4,4,0,outgoing,0
2026-09-21T15:36:26.949316+00:00,133,r-scylla4,4,1,incoming,138818
2026-09-21T15:36:26.949316+00:00,133,r-scylla4,4,1,outgoing,0
2026-09-21T15:36:27.949541+00:00,134,r-scylla1,4,0,incoming,0
2026-09-21T15:36:27.949541+00:00,134,r-scylla1,4,0,outgoing,276768
2026-09-21T15:36:27.949541+00:00,134,r-scylla1,4,1,incoming,0
2026-09-21T15:36:27.949541+00:00,134,r-scylla1,4,1,outgoing,139000
2026-09-21T15:36:27.949541+00:00,134,r-scylla2,4,0,incoming,138384
2026-09-21T15:36:27.949541+00:00,134,r-scylla2,4,0,outgoing,138384
2026-09-21T15:36:27.949541+00:00,134,r-scylla2,4,1,incoming,290
2026-09-21T15:36:27.949541+00:00,134,r-scylla2,4,1,outgoing,138312
2026-09-21T15:36:27.949541+00:00,134,r-scylla3,4,0,incoming,138384
2026-09-21T15:36:27.949541+00:00,134,r-scylla3,4,0,outgoing,184392
2026-09-21T15:36:27.949541+00:00,134,r-scylla3,4,1,incoming,138710
2026-09-21T15:36:27.949541+00:00,134,r-scylla3,4,1,outgoing,506
2026-09-21T15:36:27.949541+00:00,134,r-scylla4,4,0,incoming,322776
2026-09-21T15:36:27.949541+00:00,134,r-scylla4,4,0,outgoing,0
2026-09-21T15:36:27.949541+00:00,134,r-scylla4,4,1,incoming,138818
2026-09-21T15:36:27.949541+00:00,134,r-scylla4,4,1,outgoing,0
2026-09-21T15:36:28.949737+00:00,135,r-scylla1,4,0,incoming,0
2026-09-21T15:36:28.949737+00:00,135,r-scylla1,4,0,outgoing,276768
2026-09-21T15:36:28.949737+00:00,135,r-scylla1,4,1,incoming,0
2026-09-21T15:36:28.949737+00:00,135,r-scylla1,4,1,outgoing,139000
2026-09-21T15:36:28.949737+00:00,135,r-scylla2,4,0,incoming,138384
2026-09-21T15:36:28.949737+00:00,135,r-scylla2,4,0,outgoing,138384
2026-09-21T15:36:28.949737+00:00,135,r-scylla2,4,1,incoming,290
2026-09-21T15:36:28.949737+00:00,135,r-scylla2,4,1,outgoing,138312
2026-09-21T15:36:28.949737+00:00,135,r-scylla3,4,0,incoming,138384
2026-09-21T15:36:28.949737+00:00,135,r-scylla3,4,0,outgoing,184392
2026-09-21T15:36:28.949737+00:00,135,r-scylla3,4,1,incoming,138710
2026-09-21T15:36:28.949737+00:00,135,r-scylla3,4,1,outgoing,506
2026-09-21T15:36:28.949737+00:00,135,r-scylla4,4,0,incoming,322776
2026-09-21T15:36:28.949737+00:00,135,r-scylla4,4,0,outgoing,0
2026-09-21T15:36:28.949737+00:00,135,r-scylla4,4,1,incoming,138818
2026-09-21T15:36:28.949737+00:00,135,r-scylla4,4,1,outgoing,0
2026-09-21T15:36:29.950106+00:00,136,r-scylla1,4,0,incoming,0
2026-09-21T15:36:29.950106+00:00,136,r-scylla1,4,0,outgoing,276768
2026-09-21T15:36:29.950106+00:00,136,r-scylla1,4,1,incoming,0
2026-09-21T15:36:29.950106+00:00,136,r-scylla1,4,1,outgoing,139000
2026-09-21T15:36:29.950106+00:00,136,r-scylla2,4,0,incoming,138384
2026-09-21T15:36:29.950106+00:00,136,r-scylla2,4,0,outgoing,138384
2026-09-21T15:36:29.950106+00:00,136,r-scylla2,4,1,incoming,290
2026-09-21T15:36:29.950106+00:00,136,r-scylla2,4,1,outgoing,138312
2026-09-21T15:36:29.950106+00:00,136,r-scylla3,4,0,incoming,138384
2026-09-21T15:36:29.950106+00:00,136,r-scylla3,4,0,outgoing,184392
2026-09-21T15:36:29.950106+00:00,136,r-scylla3,4,1,incoming,138710
2026-09-21T15:36:29.950106+00:00,136,r-scylla3,4,1,outgoing,506
2026-09-21T15:36:29.950106+00:00,136,r-scylla4,4,0,incoming,322776
2026-09-21T15:36:29.950106+00:00,136,r-scylla4,4,0,outgoing,0
2026-09-21T15:36:29.950106+00:00,136,r-scylla4,4,1,incoming,138818
2026-09-21T15:36:29.950106+00:00,136,r-scylla4,4,1,outgoing,0
2026-09-21T15:36:30.950396+00:00,137,r-scylla1,4,0,incoming,0
2026-09-21T15:36:30.950396+00:00,137,r-scylla1,4,0,outgoing,276768
2026-09-21T15:36:30.950396+00:00,137,r-scylla1,4,1,incoming,0
2026-09-21T15:36:30.950396+00:00,137,r-scylla1,4,1,outgoing,139000
2026-09-21T15:36:30.950396+00:00,137,r-scylla2,4,0,incoming,138384
2026-09-21T15:36:30.950396+00:00,137,r-scylla2,4,0,outgoing,138384
2026-09-21T15:36:30.950396+00:00,137,r-scylla2,4,1,incoming,290
2026-09-21T15:36:30.950396+00:00,137,r-scylla2,4,1,outgoing,138312
2026-09-21T15:36:30.950396+00:00,137,r-scylla3,4,0,incoming,138384
2026-09-21T15:36:30.950396+00:00,137,r-scylla3,4,0,outgoing,184392
2026-09-21T15:36:30.950396+00:00,137,r-scylla3,4,1,incoming,138710
2026-09-21T15:36:30.950396+00:00,137,r-scylla3,4,1,outgoing,506
2026-09-21T15:36:30.950396+00:00,137,r-scylla4,4,0,incoming,322776
2026-09-21T15:36:30.950396+00:00,137,r-scylla4,4,0,outgoing,0
2026-09-21T15:36:30.950396+00:00,137,r-scylla4,4,1,incoming,138818
2026-09-21T15:36:30.950396+00:00,137,r-scylla4,4,1,outgoing,0
2026-09-21T15:36:31.950667+00:00,138,r-scylla1,4,0,incoming,0
2026-09-21T15:36:31.950667+00:00,138,r-scylla1,4,0,outgoing,276768
2026-09-21T15:36:31.950667+00:00,138,r-scylla1,4,1,incoming,0
2026-09-21T15:36:31.950667+00:00,138,r-scylla1,4,1,outgoing,139000
2026-09-21T15:36:31.950667+00:00,138,r-scylla2,4,0,incoming,138384
2026-09-21T15:36:31.950667+00:00,138,r-scylla2,4,0,outgoing,138384
2026-09-21T15:36:31.950667+00:00,138,r-scylla2,4,1,incoming,290
2026-09-21T15:36:31.950667+00:00,138,r-scylla2,4,1,outgoing,138312
2026-09-21T15:36:31.950667+00:00,138,r-scylla3,4,0,incoming,138384
2026-09-21T15:36:31.950667+00:00,138,r-scylla3,4,0,outgoing,184392
2026-09-21T15:36:31.950667+00:00,138,r-scylla3,4,1,incoming,138710
2026-09-21T15:36:31.950667+00:00,138,r-scylla3,4,1,outgoing,506
2026-09-21T15:36:31.950667+00:00,138,r-scylla4,4,0,incoming,322776
2026-09-21T15:36:31.950667+00:00,138,r-scylla4,4,0,outgoing,0
2026-09-21T15:36:31.950667+00:00,138,r-scylla4,4,1,incoming,138818
2026-09-21T15:36:31.950667+00:00,138,r-scylla4,4,1,outgoing,0
2026-09-21T15:36:32.950833+00:00,139,r-scylla1,4,0,incoming,0
2026-09-21T15:36:32.950833+00:00,139,r-scylla1,4,0,outgoing,276768
2026-09-21T15:36:32.950833+00:00,139,r-scylla1,4,1,incoming,0
2026-09-21T15:36:32.950833+00:00,139,r-scylla1,4,1,outgoing,139000
2026-09-21T15:36:32.950833+00:00,139,r-scylla2,4,0,incoming,138384
2026-09-21T15:36:32.950833+00:00,139,r-scylla2,4,0,outgoing,138384
2026-09-21T15:36:32.950833+00:00,139,r-scylla2,4,1,incoming,290
2026-09-21T15:36:32.950833+00:00,139,r-scylla2,4,1,outgoing,138312
2026-09-21T15:36:32.950833+00:00,139,r-scylla3,4,0,incoming,138384
2026-09-21T15:36:32.950833+00:00,139,r-scylla3,4,0,outgoing,184392
2026-09-21T15:36:32.950833+00:00,139,r-scylla3,4,1,incoming,138710
2026-09-21T15:36:32.950833+00:00,139,r-scylla3,4,1,outgoing,506
2026-09-21T15:36:32.950833+00:00,139,r-scylla4,4,0,incoming,322776
2026-09-21T15:36:32.950833+00:00,139,r-scylla4,4,0,outgoing,0
2026-09-21T15:36:32.950833+00:00,139,r-scylla4,4,1,incoming,138818
2026-09-21T15:36:32.950833+00:00,139,r-scylla4,4,1,outgoing,0
2026-09-21T15:36:33.951040+00:00,140,r-scylla1,4,0,incoming,0
2026-09-21T15:36:33.951040+00:00,140,r-scylla1,4,0,outgoing,276768
2026-09-21T15:36:33.951040+00:00,140,r-scylla1,4,1,incoming,0
2026-09-21T15:36:33.951040+00:00,140,r-scylla1,4,1,outgoing,139000
2026-09-21T15:36:33.951040+00:00,140,r-scylla2,4,0,incoming,138384
2026-09-21T15:36:33.951040+00:00,140,r-scylla2,4,0,outgoing,138384
2026-09-21T15:36:33.951040+00:00,140,r-scylla2,4,1,incoming,290
2026-09-21T15:36:33.951040+00:00,140,r-scylla2,4,1,outgoing,138312
2026-09-21T15:36:33.951040+00:00,140,r-scylla3,4,0,incoming,138384
2026-09-21T15:36:33.951040+00:00,140,r-scylla3,4,0,outgoing,184392
2026-09-21T15:36:33.951040+00:00,140,r-scylla3,4,1,incoming,138710
2026-09-21T15:36:33.951040+00:00,140,r-scylla3,4,1,outgoing,506
2026-09-21T15:36:33.951040+00:00,140,r-scylla4,4,0,incoming,322776
2026-09-21T15:36:33.951040+00:00,140,r-scylla4,4,0,outgoing,0
2026-09-21T15:36:33.951040+00:00,140,r-scylla4,4,1,incoming,138818
2026-09-21T15:36:33.951040+00:00,140,r-scylla4,4,1,outgoing,0
2026-09-21T15:36:34.951364+00:00,141,r-scylla1,4,0,incoming,0
2026-09-21T15:36:34.951364+00:00,141,r-scylla1,4,0,outgoing,276768
2026-09-21T15:36:34.951364+00:00,141,r-scylla1,4,1,incoming,0
2026-09-21T15:36:34.951364+00:00,141,r-scylla1,4,1,outgoing,139000
2026-09-21T15:36:34.951364+00:00,141,r-scylla2,4,0,incoming,138384
2026-09-21T15:36:34.951364+00:00,141,r-scylla2,4,0,outgoing,138384
2026-09-21T15:36:34.951364+00:00,141,r-scylla2,4,1,incoming,290
2026-09-21T15:36:34.951364+00:00,141,r-scylla2,4,1,outgoing,138312
2026-09-21T15:36:34.951364+00:00,141,r-scylla3,4,0,incoming,138384
2026-09-21T15:36:34.951364+00:00,141,r-scylla3,4,0,outgoing,184392
2026-09-21T15:36:34.951364+00:00,141,r-scylla3,4,1,incoming,138710
2026-09-21T15:36:34.951364+00:00,141,r-scylla3,4,1,outgoing,506
2026-09-21T15:36:34.951364+00:00,141,r-scylla4,4,0,incoming,322776
2026-09-21T15:36:34.951364+00:00,141,r-scylla4,4,0,outgoing,0
2026-09-21T15:36:34.951364+00:00,141,r-scylla4,4,1,incoming,138818
2026-09-21T15:36:34.951364+00:00,141,r-scylla4,4,1,outgoing,0
2026-09-21T15:36:35.951637+00:00,142,r-scylla1,4,0,incoming,0
2026-09-21T15:36:35.951637+00:00,142,r-scylla1,4,0,outgoing,276768
2026-09-21T15:36:35.951637+00:00,142,r-scylla1,4,1,incoming,0
2026-09-21T15:36:35.951637+00:00,142,r-scylla1,4,1,outgoing,139000
2026-09-21T15:36:35.951637+00:00,142,r-scylla2,4,0,incoming,138384
2026-09-21T15:36:35.951637+00:00,142,r-scylla2,4,0,outgoing,138384
2026-09-21T15:36:35.951637+00:00,142,r-scylla2,4,1,incoming,290
2026-09-21T15:36:35.951637+00:00,142,r-scylla2,4,1,outgoing,138312
2026-09-21T15:36:35.951637+00:00,142,r-scylla3,4,0,incoming,138384
2026-09-21T15:36:35.951637+00:00,142,r-scylla3,4,0,outgoing,184392
2026-09-21T15:36:35.951637+00:00,142,r-scylla3,4,1,incoming,138710
2026-09-21T15:36:35.951637+00:00,142,r-scylla3,4,1,outgoing,506
2026-09-21T15:36:35.951637+00:00,142,r-scylla4,4,0,incoming,322776
2026-09-21T15:36:35.951637+00:00,142,r-scylla4,4,0,outgoing,0
2026-09-21T15:36:35.951637+00:00,142,r-scylla4,4,1,incoming,138818
2026-09-21T15:36:35.951637+00:00,142,r-scylla4,4,1,outgoing,0
2026-09-21T15:36:36.951841+00:00,143,r-scylla1,4,0,incoming,0
2026-09-21T15:36:36.951841+00:00,143,r-scylla1,4,0,outgoing,276768
2026-09-21T15:36:36.951841+00:00,143,r-scylla1,4,1,incoming,0
2026-09-21T15:36:36.951841+00:00,143,r-scylla1,4,1,outgoing,139000
2026-09-21T15:36:36.951841+00:00,143,r-scylla2,4,0,incoming,138384
2026-09-21T15:36:36.951841+00:00,143,r-scylla2,4,0,outgoing,138384
2026-09-21T15:36:36.951841+00:00,143,r-scylla2,4,1,incoming,290
2026-09-21T15:36:36.951841+00:00,143,r-scylla2,4,1,outgoing,138312
2026-09-21T15:36:36.951841+00:00,143,r-scylla3,4,0,incoming,138384
2026-09-21T15:36:36.951841+00:00,143,r-scylla3,4,0,outgoing,184392
2026-09-21T15:36:36.951841+00:00,143,r-scylla3,4,1,incoming,138710
2026-09-21T15:36:36.951841+00:00,143,r-scylla3,4,1,outgoing,506
2026-09-21T15:36:36.951841+00:00,143,r-scylla4,4,0,incoming,322776
2026-09-21T15:36:36.951841+00:00,143,r-scylla4,4,0,outgoing,0
2026-09-21T15:36:36.951841+00:00,143,r-scylla4,4,1,incoming,138818
2026-09-21T15:36:36.951841+00:00,143,r-scylla4,4,1,outgoing,0
2026-09-21T15:36:37.952116+00:00,144,r-scylla1,4,0,incoming,0
2026-09-21T15:36:37.952116+00:00,144,r-scylla1,4,0,outgoing,276768
2026-09-21T15:36:37.952116+00:00,144,r-scylla1,4,1,incoming,0
2026-09-21T15:36:37.952116+00:00,144,r-scylla1,4,1,outgoing,139000
2026-09-21T15:36:37.952116+00:00,144,r-scylla2,4,0,incoming,138384
2026-09-21T15:36:37.952116+00:00,144,r-scylla2,4,0,outgoing,138384
2026-09-21T15:36:37.952116+00:00,144,r-scylla2,4,1,incoming,290
2026-09-21T15:36:37.952116+00:00,144,r-scylla2,4,1,outgoing,138312
2026-09-21T15:36:37.952116+00:00,144,r-scylla3,4,0,incoming,138384
2026-09-21T15:36:37.952116+00:00,144,r-scylla3,4,0,outgoing,184392
2026-09-21T15:36:37.952116+00:00,144,r-scylla3,4,1,incoming,138710
2026-09-21T15:36:37.952116+00:00,144,r-scylla3,4,1,outgoing,506
2026-09-21T15:36:37.952116+00:00,144,r-scylla4,4,0,incoming,322776
2026-09-21T15:36:37.952116+00:00,144,r-scylla4,4,0,outgoing,0
2026-09-21T15:36:37.952116+00:00,144,r-scylla4,4,1,incoming,138818
2026-09-21T15:36:37.952116+00:00,144,r-scylla4,4,1,outgoing,0
2026-09-21T15:36:38.952476+00:00,145,r-scylla1,4,0,incoming,0
2026-09-21T15:36:38.952476+00:00,145,r-scylla1,4,0,outgoing,276768
2026-09-21T15:36:38.952476+00:00,145,r-scylla1,4,1,incoming,0
2026-09-21T15:36:38.952476+00:00,145,r-scylla1,4,1,outgoing,139000
2026-09-21T15:36:38.952476+00:00,145,r-scylla2,4,0,incoming,138384
2026-09-21T15:36:38.952476+00:00,145,r-scylla2,4,0,outgoing,138384
2026-09-21T15:36:38.952476+00:00,145,r-scylla2,4,1,incoming,290
2026-09-21T15:36:38.952476+00:00,145,r-scylla2,4,1,outgoing,138312
2026-09-21T15:36:38.952476+00:00,145,r-scylla3,4,0,incoming,138384
2026-09-21T15:36:38.952476+00:00,145,r-scylla3,4,0,outgoing,184392
2026-09-21T15:36:38.952476+00:00,145,r-scylla3,4,1,incoming,138710
2026-09-21T15:36:38.952476+00:00,145,r-scylla3,4,1,outgoing,506
2026-09-21T15:36:38.952476+00:00,145,r-scylla4,4,0,incoming,322776
2026-09-21T15:36:38.952476+00:00,145,r-scylla4,4,0,outgoing,0
2026-09-21T15:36:38.952476+00:00,145,r-scylla4,4,1,incoming,138818
2026-09-21T15:36:38.952476+00:00,145,r-scylla4,4,1,outgoing,0
2026-09-21T15:36:39.952651+00:00,146,r-scylla1,4,0,incoming,0
2026-09-21T15:36:39.952651+00:00,146,r-scylla1,4,0,outgoing,276768
2026-09-21T15:36:39.952651+00:00,146,r-scylla1,4,1,incoming,0
2026-09-21T15:36:39.952651+00:00,146,r-scylla1,4,1,outgoing,139000
2026-09-21T15:36:39.952651+00:00,146,r-scylla2,4,0,incoming,138384
2026-09-21T15:36:39.952651+00:00,146,r-scylla2,4,0,outgoing,138384
2026-09-21T15:36:39.952651+00:00,146,r-scylla2,4,1,incoming,290
2026-09-21T15:36:39.952651+00:00,146,r-scylla2,4,1,outgoing,138312
2026-09-21T15:36:39.952651+00:00,146,r-scylla3,4,0,incoming,138384
2026-09-21T15:36:39.952651+00:00,146,r-scylla3,4,0,outgoing,184392
2026-09-21T15:36:39.952651+00:00,146,r-scylla3,4,1,incoming,138710
2026-09-21T15:36:39.952651+00:00,146,r-scylla3,4,1,outgoing,506
2026-09-21T15:36:39.952651+00:00,146,r-scylla4,4,0,incoming,322776
2026-09-21T15:36:39.952651+00:00,146,r-scylla4,4,0,outgoing,0
2026-09-21T15:36:39.952651+00:00,146,r-scylla4,4,1,incoming,138818
2026-09-21T15:36:39.952651+00:00,146,r-scylla4,4,1,outgoing,0
2026-09-21T15:36:40.952855+00:00,147,r-scylla1,4,0,incoming,0
2026-09-21T15:36:40.952855+00:00,147,r-scylla1,4,0,outgoing,276768
2026-09-21T15:36:40.952855+00:00,147,r-scylla1,4,1,incoming,0
2026-09-21T15:36:40.952855+00:00,147,r-scylla1,4,1,outgoing,139000
2026-09-21T15:36:40.952855+00:00,147,r-scylla2,4,0,incoming,138384
2026-09-21T15:36:40.952855+00:00,147,r-scylla2,4,0,outgoing,138384
2026-09-21T15:36:40.952855+00:00,147,r-scylla2,4,1,incoming,290
2026-09-21T15:36:40.952855+00:00,147,r-scylla2,4,1,outgoing,138312
2026-09-21T15:36:40.952855+00:00,147,r-scylla3,4,0,incoming,138384
2026-09-21T15:36:40.952855+00:00,147,r-scylla3,4,0,outgoing,184392
2026-09-21T15:36:40.952855+00:00,147,r-scylla3,4,1,incoming,138710
2026-09-21T15:36:40.952855+00:00,147,r-scylla3,4,1,outgoing,506
2026-09-21T15:36:40.952855+00:00,147,r-scylla4,4,0,incoming,322776
2026-09-21T15:36:40.952855+00:00,147,r-scylla4,4,0,outgoing,0
2026-09-21T15:36:40.952855+00:00,147,r-scylla4,4,1,incoming,138818
2026-09-21T15:36:40.952855+00:00,147,r-scylla4,4,1,outgoing,0
2026-09-21T15:36:41.953074+00:00,148,r-scylla1,4,0,incoming,0
2026-09-21T15:36:41.953074+00:00,148,r-scylla1,4,0,outgoing,276768
2026-09-21T15:36:41.953074+00:00,148,r-scylla1,4,1,incoming,0
2026-09-21T15:36:41.953074+00:00,148,r-scylla1,4,1,outgoing,139000
2026-09-21T15:36:41.953074+00:00,148,r-scylla2,4,0,incoming,138384
2026-09-21T15:36:41.953074+00:00,148,r-scylla2,4,0,outgoing,138384
2026-09-21T15:36:41.953074+00:00,148,r-scylla2,4,1,incoming,290
2026-09-21T15:36:41.953074+00:00,148,r-scylla2,4,1,outgoing,138312
2026-09-21T15:36:41.953074+00:00,148,r-scylla3,4,0,incoming,138384
2026-09-21T15:36:41.953074+00:00,148,r-scylla3,4,0,outgoing,184392
2026-09-21T15:36:41.953074+00:00,148,r-scylla3,4,1,incoming,138710
2026-09-21T15:36:41.953074+00:00,148,r-scylla3,4,1,outgoing,506
2026-09-21T15:36:41.953074+00:00,148,r-scylla4,4,0,incoming,322776
2026-09-21T15:36:41.953074+00:00,148,r-scylla4,4,0,outgoing,0
2026-09-21T15:36:41.953074+00:00,148,r-scylla4,4,1,incoming,138818
2026-09-21T15:36:41.953074+00:00,148,r-scylla4,4,1,outgoing,0
2026-09-21T15:36:42.953426+00:00,149,r-scylla1,4,0,incoming,0
2026-09-21T15:36:42.953426+00:00,149,r-scylla1,4,0,outgoing,276768
2026-09-21T15:36:42.953426+00:00,149,r-scylla1,4,1,incoming,0
2026-09-21T15:36:42.953426+00:00,149,r-scylla1,4,1,outgoing,139000
2026-09-21T15:36:42.953426+00:00,149,r-scylla2,4,0,incoming,138384
2026-09-21T15:36:42.953426+00:00,149,r-scylla2,4,0,outgoing,138384
2026-09-21T15:36:42.953426+00:00,149,r-scylla2,4,1,incoming,290
2026-09-21T15:36:42.953426+00:00,149,r-scylla2,4,1,outgoing,138312
2026-09-21T15:36:42.953426+00:00,149,r-scylla3,4,0,incoming,138384
2026-09-21T15:36:42.953426+00:00,149,r-scylla3,4,0,outgoing,184392
2026-09-21T15:36:42.953426+00:00,149,r-scylla3,4,1,incoming,138710
2026-09-21T15:36:42.953426+00:00,149,r-scylla3,4,1,outgoing,506
2026-09-21T15:36:42.953426+00:00,149,r-scylla4,4,0,incoming,322776
2026-09-21T15:36:42.953426+00:00,149,r-scylla4,4,0,outgoing,0
2026-09-21T15:36:42.953426+00:00,149,r-scylla4,4,1,incoming,138818
2026-09-21T15:36:42.953426+00:00,149,r-scylla4,4,1,outgoing,0
2026-09-21T15:36:43.953825+00:00,150,r-scylla1,4,0,incoming,0
2026-09-21T15:36:43.953825+00:00,150,r-scylla1,4,0,outgoing,276768
2026-09-21T15:36:43.953825+00:00,150,r-scylla1,4,1,incoming,0
2026-09-21T15:36:43.953825+00:00,150,r-scylla1,4,1,outgoing,139000
2026-09-21T15:36:43.953825+00:00,150,r-scylla2,4,0,incoming,138384
2026-09-21T15:36:43.953825+00:00,150,r-scylla2,4,0,outgoing,138384
2026-09-21T15:36:43.953825+00:00,150,r-scylla2,4,1,incoming,290
2026-09-21T15:36:43.953825+00:00,150,r-scylla2,4,1,outgoing,138312
2026-09-21T15:36:43.953825+00:00,150,r-scylla3,4,0,incoming,138384
2026-09-21T15:36:43.953825+00:00,150,r-scylla3,4,0,outgoing,184392
2026-09-21T15:36:43.953825+00:00,150,r-scylla3,4,1,incoming,138710
2026-09-21T15:36:43.953825+00:00,150,r-scylla3,4,1,outgoing,506
2026-09-21T15:36:43.953825+00:00,150,r-scylla4,4,0,incoming,322776
2026-09-21T15:36:43.953825+00:00,150,r-scylla4,4,0,outgoing,0
2026-09-21T15:36:43.953825+00:00,150,r-scylla4,4,1,incoming,138818
2026-09-21T15:36:43.953825+00:00,150,r-scylla4,4,1,outgoing,0
2026-09-21T15:36:44.954128+00:00,151,r-scylla1,4,0,incoming,0
2026-09-21T15:36:44.954128+00:00,151,r-scylla1,4,0,outgoing,276768
2026-09-21T15:36:44.954128+00:00,151,r-scylla1,4,1,incoming,0
2026-09-21T15:36:44.954128+00:00,151,r-scylla1,4,1,outgoing,139000
2026-09-21T15:36:44.954128+00:00,151,r-scylla2,4,0,incoming,138384
2026-09-21T15:36:44.954128+00:00,151,r-scylla2,4,0,outgoing,138384
2026-09-21T15:36:44.954128+00:00,151,r-scylla2,4,1,incoming,290
2026-09-21T15:36:44.954128+00:00,151,r-scylla2,4,1,outgoing,138312
2026-09-21T15:36:44.954128+00:00,151,r-scylla3,4,0,incoming,138384
2026-09-21T15:36:44.954128+00:00,151,r-scylla3,4,0,outgoing,184392
2026-09-21T15:36:44.954128+00:00,151,r-scylla3,4,1,incoming,138710
2026-09-21T15:36:44.954128+00:00,151,r-scylla3,4,1,outgoing,506
2026-09-21T15:36:44.954128+00:00,151,r-scylla4,4,0,incoming,322776
2026-09-21T15:36:44.954128+00:00,151,r-scylla4,4,0,outgoing,0
2026-09-21T15:36:44.954128+00:00,151,r-scylla4,4,1,incoming,138818
2026-09-21T15:36:44.954128+00:00,151,r-scylla4,4,1,outgoing,0
2026-09-21T15:36:45.954412+00:00,152,r-scylla1,4,0,incoming,0
2026-09-21T15:36:45.954412+00:00,152,r-scylla1,4,0,outgoing,276768
2026-09-21T15:36:45.954412+00:00,152,r-scylla1,4,1,incoming,0
2026-09-21T15:36:45.954412+00:00,152,r-scylla1,4,1,outgoing,139000
2026-09-21T15:36:45.954412+00:00,152,r-scylla2,4,0,incoming,138384
2026-09-21T15:36:45.954412+00:00,152,r-scylla2,4,0,outgoing,138384
2026-09-21T15:36:45.954412+00:00,152,r-scylla2,4,1,incoming,290
2026-09-21T15:36:45.954412+00:00,152,r-scylla2,4,1,outgoing,138312
2026-09-21T15:36:45.954412+00:00,152,r-scylla3,4,0,incoming,138384
2026-09-21T15:36:45.954412+00:00,152,r-scylla3,4,0,outgoing,184392
2026-09-21T15:36:45.954412+00:00,152,r-scylla3,4,1,incoming,138710
2026-09-21T15:36:45.954412+00:00,152,r-scylla3,4,1,outgoing,506
2026-09-21T15:36:45.954412+00:00,152,r-scylla4,4,0,incoming,322776
2026-09-21T15:36:45.954412+00:00,152,r-scylla4,4,0,outgoing,0
2026-09-21T15:36:45.954412+00:00,152,r-scylla4,4,1,incoming,138818
2026-09-21T15:36:45.954412+00:00,152,r-scylla4,4,1,outgoing,0
2026-09-21T15:36:46.954655+00:00,153,r-scylla1,4,0,incoming,0
2026-09-21T15:36:46.954655+00:00,153,r-scylla1,4,0,outgoing,276768
2026-09-21T15:36:46.954655+00:00,153,r-scylla1,4,1,incoming,0
2026-09-21T15:36:46.954655+00:00,153,r-scylla1,4,1,outgoing,139000
2026-09-21T15:36:46.954655+00:00,153,r-scylla2,4,0,incoming,138384
2026-09-21T15:36:46.954655+00:00,153,r-scylla2,4,0,outgoing,138384
2026-09-21T15:36:46.954655+00:00,153,r-scylla2,4,1,incoming,290
2026-09-21T15:36:46.954655+00:00,153,r-scylla2,4,1,outgoing,138312
2026-09-21T15:36:46.954655+00:00,153,r-scylla3,4,0,incoming,138384
2026-09-21T15:36:46.954655+00:00,153,r-scylla3,4,0,outgoing,184392
2026-09-21T15:36:46.954655+00:00,153,r-scylla3,4,1,incoming,138710
2026-09-21T15:36:46.954655+00:00,153,r-scylla3,4,1,outgoing,506
2026-09-21T15:36:46.954655+00:00,153,r-scylla4,4,0,incoming,322776
2026-09-21T15:36:46.954655+00:00,153,r-scylla4,4,0,outgoing,0
2026-09-21T15:36:46.954655+00:00,153,r-scylla4,4,1,incoming,138818
2026-09-21T15:36:46.954655+00:00,153,r-scylla4,4,1,outgoing,0
2026-09-21T15:36:47.955139+00:00,154,r-scylla1,4,0,incoming,0
2026-09-21T15:36:47.955139+00:00,154,r-scylla1,4,0,outgoing,276768
2026-09-21T15:36:47.955139+00:00,154,r-scylla1,4,1,incoming,0
2026-09-21T15:36:47.955139+00:00,154,r-scylla1,4,1,outgoing,139000
2026-09-21T15:36:47.955139+00:00,154,r-scylla2,4,0,incoming,138384
2026-09-21T15:36:47.955139+00:00,154,r-scylla2,4,0,outgoing,138384
2026-09-21T15:36:47.955139+00:00,154,r-scylla2,4,1,incoming,290
2026-09-21T15:36:47.955139+00:00,154,r-scylla2,4,1,outgoing,138312
2026-09-21T15:36:47.955139+00:00,154,r-scylla3,4,0,incoming,138384
2026-09-21T15:36:47.955139+00:00,154,r-scylla3,4,0,outgoing,184392
2026-09-21T15:36:47.955139+00:00,154,r-scylla3,4,1,incoming,138710
2026-09-21T15:36:47.955139+00:00,154,r-scylla3,4,1,outgoing,506
2026-09-21T15:36:47.955139+00:00,154,r-scylla4,4,0,incoming,322776
2026-09-21T15:36:47.955139+00:00,154,r-scylla4,4,0,outgoing,0
2026-09-21T15:36:47.955139+00:00,154,r-scylla4,4,1,incoming,138818
2026-09-21T15:36:47.955139+00:00,154,r-scylla4,4,1,outgoing,0
2026-09-21T15:36:48.955370+00:00,155,r-scylla1,4,0,incoming,0
2026-09-21T15:36:48.955370+00:00,155,r-scylla1,4,0,outgoing,276768
2026-09-21T15:36:48.955370+00:00,155,r-scylla1,4,1,incoming,0
2026-09-21T15:36:48.955370+00:00,155,r-scylla1,4,1,outgoing,139000
2026-09-21T15:36:48.955370+00:00,155,r-scylla2,4,0,incoming,138384
2026-09-21T15:36:48.955370+00:00,155,r-scylla2,4,0,outgoing,138384
2026-09-21T15:36:48.955370+00:00,155,r-scylla2,4,1,incoming,290
2026-09-21T15:36:48.955370+00:00,155,r-scylla2,4,1,outgoing,138312
2026-09-21T15:36:48.955370+00:00,155,r-scylla3,4,0,incoming,138384
2026-09-21T15:36:48.955370+00:00,155,r-scylla3,4,0,outgoing,184392
2026-09-21T15:36:48.955370+00:00,155,r-scylla3,4,1,incoming,138710
2026-09-21T15:36:48.955370+00:00,155,r-scylla3,4,1,outgoing,506
2026-09-21T15:36:48.955370+00:00,155,r-scylla4,4,0,incoming,322776
2026-09-21T15:36:48.955370+00:00,155,r-scylla4,4,0,outgoing,0
2026-09-21T15:36:48.955370+00:00,155,r-scylla4,4,1,incoming,138818
2026-09-21T15:36:48.955370+00:00,155,r-scylla4,4,1,outgoing,0
2026-09-21T15:36:49.953225+00:00,156,r-scylla1,4,0,incoming,0
2026-09-21T15:36:49.953225+00:00,156,r-scylla1,4,0,outgoing,276768
2026-09-21T15:36:49.953225+00:00,156,r-scylla1,4,1,incoming,0
2026-09-21T15:36:49.953225+00:00,156,r-scylla1,4,1,outgoing,139000
2026-09-21T15:36:49.953225+00:00,156,r-scylla2,4,0,incoming,138384
2026-09-21T15:36:49.953225+00:00,156,r-scylla2,4,0,outgoing,138384
2026-09-21T15:36:49.953225+00:00,156,r-scylla2,4,1,incoming,290
2026-09-21T15:36:49.953225+00:00,156,r-scylla2,4,1,outgoing,138312
2026-09-21T15:36:49.953225+00:00,156,r-scylla3,4,0,incoming,138384
2026-09-21T15:36:49.953225+00:00,156,r-scylla3,4,0,outgoing,184392
2026-09-21T15:36:49.953225+00:00,156,r-scylla3,4,1,incoming,138710
2026-09-21T15:36:49.953225+00:00,156,r-scylla3,4,1,outgoing,506
2026-09-21T15:36:49.953225+00:00,156,r-scylla4,4,0,incoming,322776
2026-09-21T15:36:49.953225+00:00,156,r-scylla4,4,0,outgoing,0
2026-09-21T15:36:49.953225+00:00,156,r-scylla4,4,1,incoming,138818
2026-09-21T15:36:49.953225+00:00,156,r-scylla4,4,1,outgoing,0
2026-09-21T15:36:50.953494+00:00,157,r-scylla1,4,0,incoming,0
2026-09-21T15:36:50.953494+00:00,157,r-scylla1,4,0,outgoing,276768
2026-09-21T15:36:50.953494+00:00,157,r-scylla1,4,1,incoming,0
2026-09-21T15:36:50.953494+00:00,157,r-scylla1,4,1,outgoing,139000
2026-09-21T15:36:50.953494+00:00,157,r-scylla2,4,0,incoming,138384
2026-09-21T15:36:50.953494+00:00,157,r-scylla2,4,0,outgoing,138384
2026-09-21T15:36:50.953494+00:00,157,r-scylla2,4,1,incoming,290
2026-09-21T15:36:50.953494+00:00,157,r-scylla2,4,1,outgoing,138312
2026-09-21T15:36:50.953494+00:00,157,r-scylla3,4,0,incoming,138384
2026-09-21T15:36:50.953494+00:00,157,r-scylla3,4,0,outgoing,184392
2026-09-21T15:36:50.953494+00:00,157,r-scylla3,4,1,incoming,138710
2026-09-21T15:36:50.953494+00:00,157,r-scylla3,4,1,outgoing,506
2026-09-21T15:36:50.953494+00:00,157,r-scylla4,4,0,incoming,322776
2026-09-21T15:36:50.953494+00:00,157,r-scylla4,4,0,outgoing,0
2026-09-21T15:36:50.953494+00:00,157,r-scylla4,4,1,incoming,138818
2026-09-21T15:36:50.953494+00:00,157,r-scylla4,4,1,outgoing,0
2026-09-21T15:36:51.953703+00:00,158,r-scylla1,4,0,incoming,0
2026-09-21T15:36:51.953703+00:00,158,r-scylla1,4,0,outgoing,276768
2026-09-21T15:36:51.953703+00:00,158,r-scylla1,4,1,incoming,0
2026-09-21T15:36:51.953703+00:00,158,r-scylla1,4,1,outgoing,139000
2026-09-21T15:36:51.953703+00:00,158,r-scylla2,4,0,incoming,138384
2026-09-21T15:36:51.953703+00:00,158,r-scylla2,4,0,outgoing,138384
2026-09-21T15:36:51.953703+00:00,158,r-scylla2,4,1,incoming,290
2026-09-21T15:36:51.953703+00:00,158,r-scylla2,4,1,outgoing,138312
2026-09-21T15:36:51.953703+00:00,158,r-scylla3,4,0,incoming,138384
2026-09-21T15:36:51.953703+00:00,158,r-scylla3,4,0,outgoing,184392
2026-09-21T15:36:51.953703+00:00,158,r-scylla3,4,1,incoming,138710
2026-09-21T15:36:51.953703+00:00,158,r-scylla3,4,1,outgoing,506
2026-09-21T15:36:51.953703+00:00,158,r-scylla4,4,0,incoming,322776
2026-09-21T15:36:51.953703+00:00,158,r-scylla4,4,0,outgoing,0
2026-09-21T15:36:51.953703+00:00,158,r-scylla4,4,1,incoming,138818
2026-09-21T15:36:51.953703+00:00,158,r-scylla4,4,1,outgoing,0
2026-09-21T15:36:52.953926+00:00,159,r-scylla1,4,0,incoming,0
2026-09-21T15:36:52.953926+00:00,159,r-scylla1,4,0,outgoing,276768
2026-09-21T15:36:52.953926+00:00,159,r-scylla1,4,1,incoming,0
2026-09-21T15:36:52.953926+00:00,159,r-scylla1,4,1,outgoing,139000
2026-09-21T15:36:52.953926+00:00,159,r-scylla2,4,0,incoming,138384
2026-09-21T15:36:52.953926+00:00,159,r-scylla2,4,0,outgoing,138384
2026-09-21T15:36:52.953926+00:00,159,r-scylla2,4,1,incoming,290
2026-09-21T15:36:52.953926+00:00,159,r-scylla2,4,1,outgoing,138312
2026-09-21T15:36:52.953926+00:00,159,r-scylla3,4,0,incoming,138384
2026-09-21T15:36:52.953926+00:00,159,r-scylla3,4,0,outgoing,184392
2026-09-21T15:36:52.953926+00:00,159,r-scylla3,4,1,incoming,138710
2026-09-21T15:36:52.953926+00:00,159,r-scylla3,4,1,outgoing,506
2026-09-21T15:36:52.953926+00:00,159,r-scylla4,4,0,incoming,322776
2026-09-21T15:36:52.953926+00:00,159,r-scylla4,4,0,outgoing,0
2026-09-21T15:36:52.953926+00:00,159,r-scylla4,4,1,incoming,138818
2026-09-21T15:36:52.953926+00:00,159,r-scylla4,4,1,outgoing,0
2026-09-21T15:36:53.954272+00:00,160,r-scylla1,4,0,incoming,0
2026-09-21T15:36:53.954272+00:00,160,r-scylla1,4,0,outgoing,276768
2026-09-21T15:36:53.954272+00:00,160,r-scylla1,4,1,incoming,0
2026-09-21T15:36:53.954272+00:00,160,r-scylla1,4,1,outgoing,139000
2026-09-21T15:36:53.954272+00:00,160,r-scylla2,4,0,incoming,138384
2026-09-21T15:36:53.954272+00:00,160,r-scylla2,4,0,outgoing,138384
2026-09-21T15:36:53.954272+00:00,160,r-scylla2,4,1,incoming,290
2026-09-21T15:36:53.954272+00:00,160,r-scylla2,4,1,outgoing,138312
2026-09-21T15:36:53.954272+00:00,160,r-scylla3,4,0,incoming,138384
2026-09-21T15:36:53.954272+00:00,160,r-scylla3,4,0,outgoing,184392
2026-09-21T15:36:53.954272+00:00,160,r-scylla3,4,1,incoming,138710
2026-09-21T15:36:53.954272+00:00,160,r-scylla3,4,1,outgoing,506
2026-09-21T15:36:53.954272+00:00,160,r-scylla4,4,0,incoming,322776
2026-09-21T15:36:53.954272+00:00,160,r-scylla4,4,0,outgoing,0
2026-09-21T15:36:53.954272+00:00,160,r-scylla4,4,1,incoming,138818
2026-09-21T15:36:53.954272+00:00,160,r-scylla4,4,1,outgoing,0
2026-09-21T15:36:54.954627+00:00,161,r-scylla1,4,0,incoming,0
2026-09-21T15:36:54.954627+00:00,161,r-scylla1,4,0,outgoing,276768
2026-09-21T15:36:54.954627+00:00,161,r-scylla1,4,1,incoming,0
2026-09-21T15:36:54.954627+00:00,161,r-scylla1,4,1,outgoing,139000
2026-09-21T15:36:54.954627+00:00,161,r-scylla2,4,0,incoming,138384
2026-09-21T15:36:54.954627+00:00,161,r-scylla2,4,0,outgoing,138384
2026-09-21T15:36:54.954627+00:00,161,r-scylla2,4,1,incoming,290
2026-09-21T15:36:54.954627+00:00,161,r-scylla2,4,1,outgoing,138312
2026-09-21T15:36:54.954627+00:00,161,r-scylla3,4,0,incoming,138384
2026-09-21T15:36:54.954627+00:00,161,r-scylla3,4,0,outgoing,184392
2026-09-21T15:36:54.954627+00:00,161,r-scylla3,4,1,incoming,138710
2026-09-21T15:36:54.954627+00:00,161,r-scylla3,4,1,outgoing,506
2026-09-21T15:36:54.954627+00:00,161,r-scylla4,4,0,incoming,322776
2026-09-21T15:36:54.954627+00:00,161,r-scylla4,4,0,outgoing,0
2026-09-21T15:36:54.954627+00:00,161,r-scylla4,4,1,incoming,138818
2026-09-21T15:36:54.954627+00:00,161,r-scylla4,4,1,outgoing,0
2026-09-21T15:36:55.954936+00:00,162,r-scylla1,4,0,incoming,0
2026-09-21T15:36:55.954936+00:00,162,r-scylla1,4,0,outgoing,276768
2026-09-21T15:36:55.954936+00:00,162,r-scylla1,4,1,incoming,0
2026-09-21T15:36:55.954936+00:00,162,r-scylla1,4,1,outgoing,139000
2026-09-21T15:36:55.954936+00:00,162,r-scylla2,4,0,incoming,138384
2026-09-21T15:36:55.954936+00:00,162,r-scylla2,4,0,outgoing,138384
2026-09-21T15:36:55.954936+00:00,162,r-scylla2,4,1,incoming,290
2026-09-21T15:36:55.954936+00:00,162,r-scylla2,4,1,outgoing,138312
2026-09-21T15:36:55.954936+00:00,162,r-scylla3,4,0,incoming,138384
2026-09-21T15:36:55.954936+00:00,162,r-scylla3,4,0,outgoing,184392
2026-09-21T15:36:55.954936+00:00,162,r-scylla3,4,1,incoming,138710
2026-09-21T15:36:55.954936+00:00,162,r-scylla3,4,1,outgoing,506
2026-09-21T15:36:55.954936+00:00,162,r-scylla4,4,0,incoming,322776
2026-09-21T15:36:55.954936+00:00,162,r-scylla4,4,0,outgoing,0
2026-09-21T15:36:55.954936+00:00,162,r-scylla4,4,1,incoming,138818
2026-09-21T15:36:55.954936+00:00,162,r-scylla4,4,1,outgoing,0
2026-09-21T15:36:56.955186+00:00,163,r-scylla1,4,0,incoming,0
2026-09-21T15:36:56.955186+00:00,163,r-scylla1,4,0,outgoing,276768
2026-09-21T15:36:56.955186+00:00,163,r-scylla1,4,1,incoming,0
2026-09-21T15:36:56.955186+00:00,163,r-scylla1,4,1,outgoing,139000
2026-09-21T15:36:56.955186+00:00,163,r-scylla2,4,0,incoming,138384
2026-09-21T15:36:56.955186+00:00,163,r-scylla2,4,0,outgoing,138384
2026-09-21T15:36:56.955186+00:00,163,r-scylla2,4,1,incoming,290
2026-09-21T15:36:56.955186+00:00,163,r-scylla2,4,1,outgoing,138312
2026-09-21T15:36:56.955186+00:00,163,r-scylla3,4,0,incoming,138384
2026-09-21T15:36:56.955186+00:00,163,r-scylla3,4,0,outgoing,184392
2026-09-21T15:36:56.955186+00:00,163,r-scylla3,4,1,incoming,138710
2026-09-21T15:36:56.955186+00:00,163,r-scylla3,4,1,outgoing,506
2026-09-21T15:36:56.955186+00:00,163,r-scylla4,4,0,incoming,322776
2026-09-21T15:36:56.955186+00:00,163,r-scylla4,4,0,outgoing,0
2026-09-21T15:36:56.955186+00:00,163,r-scylla4,4,1,incoming,138818
2026-09-21T15:36:56.955186+00:00,163,r-scylla4,4,1,outgoing,0
2026-09-21T15:36:57.955372+00:00,164,r-scylla1,4,0,incoming,0
2026-09-21T15:36:57.955372+00:00,164,r-scylla1,4,0,outgoing,276768
2026-09-21T15:36:57.955372+00:00,164,r-scylla1,4,1,incoming,0
2026-09-21T15:36:57.955372+00:00,164,r-scylla1,4,1,outgoing,139000
2026-09-21T15:36:57.955372+00:00,164,r-scylla2,4,0,incoming,138384
2026-09-21T15:36:57.955372+00:00,164,r-scylla2,4,0,outgoing,138384
2026-09-21T15:36:57.955372+00:00,164,r-scylla2,4,1,incoming,290
2026-09-21T15:36:57.955372+00:00,164,r-scylla2,4,1,outgoing,138312
2026-09-21T15:36:57.955372+00:00,164,r-scylla3,4,0,incoming,138384
2026-09-21T15:36:57.955372+00:00,164,r-scylla3,4,0,outgoing,184392
2026-09-21T15:36:57.955372+00:00,164,r-scylla3,4,1,incoming,138710
2026-09-21T15:36:57.955372+00:00,164,r-scylla3,4,1,outgoing,506
2026-09-21T15:36:57.955372+00:00,164,r-scylla4,4,0,incoming,322776
2026-09-21T15:36:57.955372+00:00,164,r-scylla4,4,0,outgoing,0
2026-09-21T15:36:57.955372+00:00,164,r-scylla4,4,1,incoming,138818
2026-09-21T15:36:57.955372+00:00,164,r-scylla4,4,1,outgoing,0
2026-09-21T15:36:58.955609+00:00,165,r-scylla1,4,0,incoming,0
2026-09-21T15:36:58.955609+00:00,165,r-scylla1,4,0,outgoing,276768
2026-09-21T15:36:58.955609+00:00,165,r-scylla1,4,1,incoming,0
2026-09-21T15:36:58.955609+00:00,165,r-scylla1,4,1,outgoing,139000
2026-09-21T15:36:58.955609+00:00,165,r-scylla2,4,0,incoming,138384
2026-09-21T15:36:58.955609+00:00,165,r-scylla2,4,0,outgoing,138384
2026-09-21T15:36:58.955609+00:00,165,r-scylla2,4,1,incoming,290
2026-09-21T15:36:58.955609+00:00,165,r-scylla2,4,1,outgoing,138312
2026-09-21T15:36:58.955609+00:00,165,r-scylla3,4,0,incoming,138384
2026-09-21T15:36:58.955609+00:00,165,r-scylla3,4,0,outgoing,184392
2026-09-21T15:36:58.955609+00:00,165,r-scylla3,4,1,incoming,138710
2026-09-21T15:36:58.955609+00:00,165,r-scylla3,4,1,outgoing,506
2026-09-21T15:36:58.955609+00:00,165,r-scylla4,4,0,incoming,322776
2026-09-21T15:36:58.955609+00:00,165,r-scylla4,4,0,outgoing,0
2026-09-21T15:36:58.955609+00:00,165,r-scylla4,4,1,incoming,138818
2026-09-21T15:36:58.955609+00:00,165,r-scylla4,4,1,outgoing,0
2026-09-21T15:36:59.955928+00:00,166,r-scylla1,4,0,incoming,0
2026-09-21T15:36:59.955928+00:00,166,r-scylla1,4,0,outgoing,276768
2026-09-21T15:36:59.955928+00:00,166,r-scylla1,4,1,incoming,0
2026-09-21T15:36:59.955928+00:00,166,r-scylla1,4,1,outgoing,139000
2026-09-21T15:36:59.955928+00:00,166,r-scylla2,4,0,incoming,138384
2026-09-21T15:36:59.955928+00:00,166,r-scylla2,4,0,outgoing,138384
2026-09-21T15:36:59.955928+00:00,166,r-scylla2,4,1,incoming,290
2026-09-21T15:36:59.955928+00:00,166,r-scylla2,4,1,outgoing,138312
2026-09-21T15:36:59.955928+00:00,166,r-scylla3,4,0,incoming,138384
2026-09-21T15:36:59.955928+00:00,166,r-scylla3,4,0,outgoing,184392
2026-09-21T15:36:59.955928+00:00,166,r-scylla3,4,1,incoming,138710
2026-09-21T15:36:59.955928+00:00,166,r-scylla3,4,1,outgoing,506
2026-09-21T15:36:59.955928+00:00,166,r-scylla4,4,0,incoming,322776
2026-09-21T15:36:59.955928+00:00,166,r-scylla4,4,0,outgoing,0
2026-09-21T15:36:59.955928+00:00,166,r-scylla4,4,1,incoming,138818
2026-09-21T15:36:59.955928+00:00,166,r-scylla4,4,1,outgoing,0
2026-09-21T15:37:00.956353+00:00,167,r-scylla1,4,0,incoming,0
2026-09-21T15:37:00.956353+00:00,167,r-scylla1,4,0,outgoing,276768
2026-09-21T15:37:00.956353+00:00,167,r-scylla1,4,1,incoming,0
2026-09-21T15:37:00.956353+00:00,167,r-scylla1,4,1,outgoing,139000
2026-09-21T15:37:00.956353+00:00,167,r-scylla2,4,0,incoming,138384
2026-09-21T15:37:00.956353+00:00,167,r-scylla2,4,0,outgoing,138384
2026-09-21T15:37:00.956353+00:00,167,r-scylla2,4,1,incoming,290
2026-09-21T15:37:00.956353+00:00,167,r-scylla2,4,1,outgoing,138312
2026-09-21T15:37:00.956353+00:00,167,r-scylla3,4,0,incoming,138384
2026-09-21T15:37:00.956353+00:00,167,r-scylla3,4,0,outgoing,184392
2026-09-21T15:37:00.956353+00:00,167,r-scylla3,4,1,incoming,138710
2026-09-21T15:37:00.956353+00:00,167,r-scylla3,4,1,outgoing,506
2026-09-21T15:37:00.956353+00:00,167,r-scylla4,4,0,incoming,322776
2026-09-21T15:37:00.956353+00:00,167,r-scylla4,4,0,outgoing,0
2026-09-21T15:37:00.956353+00:00,167,r-scylla4,4,1,incoming,138818
2026-09-21T15:37:00.956353+00:00,167,r-scylla4,4,1,outgoing,0
2026-09-21T15:37:01.956844+00:00,168,r-scylla1,4,0,incoming,0
2026-09-21T15:37:01.956844+00:00,168,r-scylla1,4,0,outgoing,276768
2026-09-21T15:37:01.956844+00:00,168,r-scylla1,4,1,incoming,0
2026-09-21T15:37:01.956844+00:00,168,r-scylla1,4,1,outgoing,139000
2026-09-21T15:37:01.956844+00:00,168,r-scylla2,4,0,incoming,138384
2026-09-21T15:37:01.956844+00:00,168,r-scylla2,4,0,outgoing,138384
2026-09-21T15:37:01.956844+00:00,168,r-scylla2,4,1,incoming,290
2026-09-21T15:37:01.956844+00:00,168,r-scylla2,4,1,outgoing,138312
2026-09-21T15:37:01.956844+00:00,168,r-scylla3,4,0,incoming,138384
2026-09-21T15:37:01.956844+00:00,168,r-scylla3,4,0,outgoing,184392
2026-09-21T15:37:01.956844+00:00,168,r-scylla3,4,1,incoming,138710
2026-09-21T15:37:01.956844+00:00,168,r-scylla3,4,1,outgoing,506
2026-09-21T15:37:01.956844+00:00,168,r-scylla4,4,0,incoming,322776
2026-09-21T15:37:01.956844+00:00,168,r-scylla4,4,0,outgoing,0
2026-09-21T15:37:01.956844+00:00,168,r-scylla4,4,1,incoming,138818
2026-09-21T15:37:01.956844+00:00,168,r-scylla4,4,1,outgoing,0
2026-09-21T15:37:02.957054+00:00,169,r-scylla1,4,0,incoming,0
2026-09-21T15:37:02.957054+00:00,169,r-scylla1,4,0,outgoing,276768
2026-09-21T15:37:02.957054+00:00,169,r-scylla1,4,1,incoming,0
2026-09-21T15:37:02.957054+00:00,169,r-scylla1,4,1,outgoing,139000
2026-09-21T15:37:02.957054+00:00,169,r-scylla2,4,0,incoming,138384
2026-09-21T15:37:02.957054+00:00,169,r-scylla2,4,0,outgoing,138384
2026-09-21T15:37:02.957054+00:00,169,r-scylla2,4,1,incoming,290
2026-09-21T15:37:02.957054+00:00,169,r-scylla2,4,1,outgoing,138312
2026-09-21T15:37:02.957054+00:00,169,r-scylla3,4,0,incoming,138384
2026-09-21T15:37:02.957054+00:00,169,r-scylla3,4,0,outgoing,184392
2026-09-21T15:37:02.957054+00:00,169,r-scylla3,4,1,incoming,138710
2026-09-21T15:37:02.957054+00:00,169,r-scylla3,4,1,outgoing,506
2026-09-21T15:37:02.957054+00:00,169,r-scylla4,4,0,incoming,322776
2026-09-21T15:37:02.957054+00:00,169,r-scylla4,4,0,outgoing,0
2026-09-21T15:37:02.957054+00:00,169,r-scylla4,4,1,incoming,138818
2026-09-21T15:37:02.957054+00:00,169,r-scylla4,4,1,outgoing,0
2026-09-21T15:37:03.957290+00:00,170,r-scylla1,4,0,incoming,0
2026-09-21T15:37:03.957290+00:00,170,r-scylla1,4,0,outgoing,276768
2026-09-21T15:37:03.957290+00:00,170,r-scylla1,4,1,incoming,0
2026-09-21T15:37:03.957290+00:00,170,r-scylla1,4,1,outgoing,139000
2026-09-21T15:37:03.957290+00:00,170,r-scylla2,4,0,incoming,138384
2026-09-21T15:37:03.957290+00:00,170,r-scylla2,4,0,outgoing,138384
2026-09-21T15:37:03.957290+00:00,170,r-scylla2,4,1,incoming,290
2026-09-21T15:37:03.957290+00:00,170,r-scylla2,4,1,outgoing,138312
2026-09-21T15:37:03.957290+00:00,170,r-scylla3,4,0,incoming,138384
2026-09-21T15:37:03.957290+00:00,170,r-scylla3,4,0,outgoing,184392
2026-09-21T15:37:03.957290+00:00,170,r-scylla3,4,1,incoming,138710
2026-09-21T15:37:03.957290+00:00,170,r-scylla3,4,1,outgoing,506
2026-09-21T15:37:03.957290+00:00,170,r-scylla4,4,0,incoming,322776
2026-09-21T15:37:03.957290+00:00,170,r-scylla4,4,0,outgoing,0
2026-09-21T15:37:03.957290+00:00,170,r-scylla4,4,1,incoming,138818
2026-09-21T15:37:03.957290+00:00,170,r-scylla4,4,1,outgoing,0
2026-09-21T15:37:04.957676+00:00,171,r-scylla1,4,0,incoming,0
2026-09-21T15:37:04.957676+00:00,171,r-scylla1,4,0,outgoing,276768
2026-09-21T15:37:04.957676+00:00,171,r-scylla1,4,1,incoming,0
2026-09-21T15:37:04.957676+00:00,171,r-scylla1,4,1,outgoing,139000
2026-09-21T15:37:04.957676+00:00,171,r-scylla2,4,0,incoming,138384
2026-09-21T15:37:04.957676+00:00,171,r-scylla2,4,0,outgoing,138384
2026-09-21T15:37:04.957676+00:00,171,r-scylla2,4,1,incoming,290
2026-09-21T15:37:04.957676+00:00,171,r-scylla2,4,1,outgoing,138312
2026-09-21T15:37:04.957676+00:00,171,r-scylla3,4,0,incoming,138384
2026-09-21T15:37:04.957676+00:00,171,r-scylla3,4,0,outgoing,184392
2026-09-21T15:37:04.957676+00:00,171,r-scylla3,4,1,incoming,138710
2026-09-21T15:37:04.957676+00:00,171,r-scylla3,4,1,outgoing,506
2026-09-21T15:37:04.957676+00:00,171,r-scylla4,4,0,incoming,322776
2026-09-21T15:37:04.957676+00:00,171,r-scylla4,4,0,outgoing,0
2026-09-21T15:37:04.957676+00:00,171,r-scylla4,4,1,incoming,138818
2026-09-21T15:37:04.957676+00:00,171,r-scylla4,4,1,outgoing,0
2026-09-21T15:37:05.957953+00:00,172,r-scylla1,4,0,incoming,0
2026-09-21T15:37:05.957953+00:00,172,r-scylla1,4,0,outgoing,276768
2026-09-21T15:37:05.957953+00:00,172,r-scylla1,4,1,incoming,0
2026-09-21T15:37:05.957953+00:00,172,r-scylla1,4,1,outgoing,139000
2026-09-21T15:37:05.957953+00:00,172,r-scylla2,4,0,incoming,138384
2026-09-21T15:37:05.957953+00:00,172,r-scylla2,4,0,outgoing,138384
2026-09-21T15:37:05.957953+00:00,172,r-scylla2,4,1,incoming,290
2026-09-21T15:37:05.957953+00:00,172,r-scylla2,4,1,outgoing,138312
2026-09-21T15:37:05.957953+00:00,172,r-scylla3,4,0,incoming,138384
2026-09-21T15:37:05.957953+00:00,172,r-scylla3,4,0,outgoing,184392
2026-09-21T15:37:05.957953+00:00,172,r-scylla3,4,1,incoming,138710
2026-09-21T15:37:05.957953+00:00,172,r-scylla3,4,1,outgoing,506
2026-09-21T15:37:05.957953+00:00,172,r-scylla4,4,0,incoming,322776
2026-09-21T15:37:05.957953+00:00,172,r-scylla4,4,0,outgoing,0
2026-09-21T15:37:05.957953+00:00,172,r-scylla4,4,1,incoming,138818
2026-09-21T15:37:05.957953+00:00,172,r-scylla4,4,1,outgoing,0
2026-09-21T15:37:06.958253+00:00,173,r-scylla1,4,0,incoming,0
2026-09-21T15:37:06.958253+00:00,173,r-scylla1,4,0,outgoing,276768
2026-09-21T15:37:06.958253+00:00,173,r-scylla1,4,1,incoming,0
2026-09-21T15:37:06.958253+00:00,173,r-scylla1,4,1,outgoing,139000
2026-09-21T15:37:06.958253+00:00,173,r-scylla2,4,0,incoming,138384
2026-09-21T15:37:06.958253+00:00,173,r-scylla2,4,0,outgoing,138384
2026-09-21T15:37:06.958253+00:00,173,r-scylla2,4,1,incoming,290
2026-09-21T15:37:06.958253+00:00,173,r-scylla2,4,1,outgoing,138312
2026-09-21T15:37:06.958253+00:00,173,r-scylla3,4,0,incoming,138384
2026-09-21T15:37:06.958253+00:00,173,r-scylla3,4,0,outgoing,184392
2026-09-21T15:37:06.958253+00:00,173,r-scylla3,4,1,incoming,138710
2026-09-21T15:37:06.958253+00:00,173,r-scylla3,4,1,outgoing,506
2026-09-21T15:37:06.958253+00:00,173,r-scylla4,4,0,incoming,322776
2026-09-21T15:37:06.958253+00:00,173,r-scylla4,4,0,outgoing,0
2026-09-21T15:37:06.958253+00:00,173,r-scylla4,4,1,incoming,138818
2026-09-21T15:37:06.958253+00:00,173,r-scylla4,4,1,outgoing,0
2026-09-21T15:37:07.958652+00:00,174,r-scylla1,4,0,incoming,0
2026-09-21T15:37:07.958652+00:00,174,r-scylla1,4,0,outgoing,276768
2026-09-21T15:37:07.958652+00:00,174,r-scylla1,4,1,incoming,0
2026-09-21T15:37:07.958652+00:00,174,r-scylla1,4,1,outgoing,139000
2026-09-21T15:37:07.958652+00:00,174,r-scylla2,4,0,incoming,138384
2026-09-21T15:37:07.958652+00:00,174,r-scylla2,4,0,outgoing,138384
2026-09-21T15:37:07.958652+00:00,174,r-scylla2,4,1,incoming,290
2026-09-21T15:37:07.958652+00:00,174,r-scylla2,4,1,outgoing,138312
2026-09-21T15:37:07.958652+00:00,174,r-scylla3,4,0,incoming,138384
2026-09-21T15:37:07.958652+00:00,174,r-scylla3,4,0,outgoing,184392
2026-09-21T15:37:07.958652+00:00,174,r-scylla3,4,1,incoming,138710
2026-09-21T15:37:07.958652+00:00,174,r-scylla3,4,1,outgoing,506
2026-09-21T15:37:07.958652+00:00,174,r-scylla4,4,0,incoming,322776
2026-09-21T15:37:07.958652+00:00,174,r-scylla4,4,0,outgoing,0
2026-09-21T15:37:07.958652+00:00,174,r-scylla4,4,1,incoming,138818
2026-09-21T15:37:07.958652+00:00,174,r-scylla4,4,1,outgoing,0
2026-09-21T15:37:08.958908+00:00,175,r-scylla1,4,0,incoming,0
2026-09-21T15:37:08.958908+00:00,175,r-scylla1,4,0,outgoing,276768
2026-09-21T15:37:08.958908+00:00,175,r-scylla1,4,1,incoming,0
2026-09-21T15:37:08.958908+00:00,175,r-scylla1,4,1,outgoing,139000
2026-09-21T15:37:08.958908+00:00,175,r-scylla2,4,0,incoming,138384
2026-09-21T15:37:08.958908+00:00,175,r-scylla2,4,0,outgoing,138384
2026-09-21T15:37:08.958908+00:00,175,r-scylla2,4,1,incoming,290
2026-09-21T15:37:08.958908+00:00,175,r-scylla2,4,1,outgoing,138312
2026-09-21T15:37:08.958908+00:00,175,r-scylla3,4,0,incoming,138384
2026-09-21T15:37:08.958908+00:00,175,r-scylla3,4,0,outgoing,184392
2026-09-21T15:37:08.958908+00:00,175,r-scylla3,4,1,incoming,138710
2026-09-21T15:37:08.958908+00:00,175,r-scylla3,4,1,outgoing,506
2026-09-21T15:37:08.958908+00:00,175,r-scylla4,4,0,incoming,322776
2026-09-21T15:37:08.958908+00:00,175,r-scylla4,4,0,outgoing,0
2026-09-21T15:37:08.958908+00:00,175,r-scylla4,4,1,incoming,138818
2026-09-21T15:37:08.958908+00:00,175,r-scylla4,4,1,outgoing,0
2026-09-21T15:37:09.959174+00:00,176,r-scylla1,4,0,incoming,0
2026-09-21T15:37:09.959174+00:00,176,r-scylla1,4,0,outgoing,276768
2026-09-21T15:37:09.959174+00:00,176,r-scylla1,4,1,incoming,0
2026-09-21T15:37:09.959174+00:00,176,r-scylla1,4,1,outgoing,139000
2026-09-21T15:37:09.959174+00:00,176,r-scylla2,4,0,incoming,138384
2026-09-21T15:37:09.959174+00:00,176,r-scylla2,4,0,outgoing,138384
2026-09-21T15:37:09.959174+00:00,176,r-scylla2,4,1,incoming,290
2026-09-21T15:37:09.959174+00:00,176,r-scylla2,4,1,outgoing,138312
2026-09-21T15:37:09.959174+00:00,176,r-scylla3,4,0,incoming,138384
2026-09-21T15:37:09.959174+00:00,176,r-scylla3,4,0,outgoing,184392
2026-09-21T15:37:09.959174+00:00,176,r-scylla3,4,1,incoming,138710
2026-09-21T15:37:09.959174+00:00,176,r-scylla3,4,1,outgoing,506
2026-09-21T15:37:09.959174+00:00,176,r-scylla4,4,0,incoming,322776
2026-09-21T15:37:09.959174+00:00,176,r-scylla4,4,0,outgoing,0
2026-09-21T15:37:09.959174+00:00,176,r-scylla4,4,1,incoming,138818
2026-09-21T15:37:09.959174+00:00,176,r-scylla4,4,1,outgoing,0
2026-09-21T15:37:10.959707+00:00,177,r-scylla1,4,0,incoming,0
2026-09-21T15:37:10.959707+00:00,177,r-scylla1,4,0,outgoing,276768
2026-09-21T15:37:10.959707+00:00,177,r-scylla1,4,1,incoming,0
2026-09-21T15:37:10.959707+00:00,177,r-scylla1,4,1,outgoing,139000
2026-09-21T15:37:10.959707+00:00,177,r-scylla2,4,0,incoming,138384
2026-09-21T15:37:10.959707+00:00,177,r-scylla2,4,0,outgoing,138384
2026-09-21T15:37:10.959707+00:00,177,r-scylla2,4,1,incoming,290
2026-09-21T15:37:10.959707+00:00,177,r-scylla2,4,1,outgoing,138312
2026-09-21T15:37:10.959707+00:00,177,r-scylla3,4,0,incoming,138384
2026-09-21T15:37:10.959707+00:00,177,r-scylla3,4,0,outgoing,184392
2026-09-21T15:37:10.959707+00:00,177,r-scylla3,4,1,incoming,138710
2026-09-21T15:37:10.959707+00:00,177,r-scylla3,4,1,outgoing,506
2026-09-21T15:37:10.959707+00:00,177,r-scylla4,4,0,incoming,322776
2026-09-21T15:37:10.959707+00:00,177,r-scylla4,4,0,outgoing,0
2026-09-21T15:37:10.959707+00:00,177,r-scylla4,4,1,incoming,138818
2026-09-21T15:37:10.959707+00:00,177,r-scylla4,4,1,outgoing,0
2026-09-21T15:37:11.959827+00:00,178,r-scylla1,4,0,incoming,0
2026-09-21T15:37:11.959827+00:00,178,r-scylla1,4,0,outgoing,276768
2026-09-21T15:37:11.959827+00:00,178,r-scylla1,4,1,incoming,0
2026-09-21T15:37:11.959827+00:00,178,r-scylla1,4,1,outgoing,139000
2026-09-21T15:37:11.959827+00:00,178,r-scylla2,4,0,incoming,138384
2026-09-21T15:37:11.959827+00:00,178,r-scylla2,4,0,outgoing,138384
2026-09-21T15:37:11.959827+00:00,178,r-scylla2,4,1,incoming,290
2026-09-21T15:37:11.959827+00:00,178,r-scylla2,4,1,outgoing,138312
2026-09-21T15:37:11.959827+00:00,178,r-scylla3,4,0,incoming,138384
2026-09-21T15:37:11.959827+00:00,178,r-scylla3,4,0,outgoing,184392
2026-09-21T15:37:11.959827+00:00,178,r-scylla3,4,1,incoming,138710
2026-09-21T15:37:11.959827+00:00,178,r-scylla3,4,1,outgoing,506
2026-09-21T15:37:11.959827+00:00,178,r-scylla4,4,0,incoming,322776
2026-09-21T15:37:11.959827+00:00,178,r-scylla4,4,0,outgoing,0
2026-09-21T15:37:11.959827+00:00,178,r-scylla4,4,1,incoming,138818
2026-09-21T15:37:11.959827+00:00,178,r-scylla4,4,1,outgoing,0
2026-09-21T15:37:12.960059+00:00,179,r-scylla1,4,0,incoming,0
2026-09-21T15:37:12.960059+00:00,179,r-scylla1,4,0,outgoing,276768
2026-09-21T15:37:12.960059+00:00,179,r-scylla1,4,1,incoming,0
2026-09-21T15:37:12.960059+00:00,179,r-scylla1,4,1,outgoing,139000
2026-09-21T15:37:12.960059+00:00,179,r-scylla2,4,0,incoming,138384
2026-09-21T15:37:12.960059+00:00,179,r-scylla2,4,0,outgoing,138384
2026-09-21T15:37:12.960059+00:00,179,r-scylla2,4,1,incoming,290
2026-09-21T15:37:12.960059+00:00,179,r-scylla2,4,1,outgoing,138312
2026-09-21T15:37:12.960059+00:00,179,r-scylla3,4,0,incoming,138384
2026-09-21T15:37:12.960059+00:00,179,r-scylla3,4,0,outgoing,184392
2026-09-21T15:37:12.960059+00:00,179,r-scylla3,4,1,incoming,138710
2026-09-21T15:37:12.960059+00:00,179,r-scylla3,4,1,outgoing,506
2026-09-21T15:37:12.960059+00:00,179,r-scylla4,4,0,incoming,322776
2026-09-21T15:37:12.960059+00:00,179,r-scylla4,4,0,outgoing,0
2026-09-21T15:37:12.960059+00:00,179,r-scylla4,4,1,incoming,138818
2026-09-21T15:37:12.960059+00:00,179,r-scylla4,4,1,outgoing,0
2026-09-21T15:37:13.960251+00:00,180,r-scylla1,4,0,incoming,0
2026-09-21T15:37:13.960251+00:00,180,r-scylla1,4,0,outgoing,276768
2026-09-21T15:37:13.960251+00:00,180,r-scylla1,4,1,incoming,0
2026-09-21T15:37:13.960251+00:00,180,r-scylla1,4,1,outgoing,139000
2026-09-21T15:37:13.960251+00:00,180,r-scylla2,4,0,incoming,138384
2026-09-21T15:37:13.960251+00:00,180,r-scylla2,4,0,outgoing,138384
2026-09-21T15:37:13.960251+00:00,180,r-scylla2,4,1,incoming,290
2026-09-21T15:37:13.960251+00:00,180,r-scylla2,4,1,outgoing,138312
2026-09-21T15:37:13.960251+00:00,180,r-scylla3,4,0,incoming,138384
2026-09-21T15:37:13.960251+00:00,180,r-scylla3,4,0,outgoing,184392
2026-09-21T15:37:13.960251+00:00,180,r-scylla3,4,1,incoming,138710
2026-09-21T15:37:13.960251+00:00,180,r-scylla3,4,1,outgoing,506
2026-09-21T15:37:13.960251+00:00,180,r-scylla4,4,0,incoming,322776
2026-09-21T15:37:13.960251+00:00,180,r-scylla4,4,0,outgoing,0
2026-09-21T15:37:13.960251+00:00,180,r-scylla4,4,1,incoming,138818
2026-09-21T15:37:13.960251+00:00,180,r-scylla4,4,1,outgoing,0
2026-09-21T15:37:14.960510+00:00,181,r-scylla1,4,0,incoming,0
2026-09-21T15:37:14.960510+00:00,181,r-scylla1,4,0,outgoing,276768
2026-09-21T15:37:14.960510+00:00,181,r-scylla1,4,1,incoming,0
2026-09-21T15:37:14.960510+00:00,181,r-scylla1,4,1,outgoing,139000
2026-09-21T15:37:14.960510+00:00,181,r-scylla2,4,0,incoming,138384
2026-09-21T15:37:14.960510+00:00,181,r-scylla2,4,0,outgoing,138384
2026-09-21T15:37:14.960510+00:00,181,r-scylla2,4,1,incoming,290
2026-09-21T15:37:14.960510+00:00,181,r-scylla2,4,1,outgoing,138312
2026-09-21T15:37:14.960510+00:00,181,r-scylla3,4,0,incoming,138384
2026-09-21T15:37:14.960510+00:00,181,r-scylla3,4,0,outgoing,184392
2026-09-21T15:37:14.960510+00:00,181,r-scylla3,4,1,incoming,138710
2026-09-21T15:37:14.960510+00:00,181,r-scylla3,4,1,outgoing,506
2026-09-21T15:37:14.960510+00:00,181,r-scylla4,4,0,incoming,322776
2026-09-21T15:37:14.960510+00:00,181,r-scylla4,4,0,outgoing,0
2026-09-21T15:37:14.960510+00:00,181,r-scylla4,4,1,incoming,138818
2026-09-21T15:37:14.960510+00:00,181,r-scylla4,4,1,outgoing,0
2026-09-21T15:37:15.960823+00:00,182,r-scylla1,4,0,incoming,0
2026-09-21T15:37:15.960823+00:00,182,r-scylla1,4,0,outgoing,276768
2026-09-21T15:37:15.960823+00:00,182,r-scylla1,4,1,incoming,0
2026-09-21T15:37:15.960823+00:00,182,r-scylla1,4,1,outgoing,139000
2026-09-21T15:37:15.960823+00:00,182,r-scylla2,4,0,incoming,138384
2026-09-21T15:37:15.960823+00:00,182,r-scylla2,4,0,outgoing,138384
2026-09-21T15:37:15.960823+00:00,182,r-scylla2,4,1,incoming,290
2026-09-21T15:37:15.960823+00:00,182,r-scylla2,4,1,outgoing,138312
2026-09-21T15:37:15.960823+00:00,182,r-scylla3,4,0,incoming,138384
2026-09-21T15:37:15.960823+00:00,182,r-scylla3,4,0,outgoing,184392
2026-09-21T15:37:15.960823+00:00,182,r-scylla3,4,1,incoming,138710
2026-09-21T15:37:15.960823+00:00,182,r-scylla3,4,1,outgoing,506
2026-09-21T15:37:15.960823+00:00,182,r-scylla4,4,0,incoming,322776
2026-09-21T15:37:15.960823+00:00,182,r-scylla4,4,0,outgoing,0
2026-09-21T15:37:15.960823+00:00,182,r-scylla4,4,1,incoming,138818
2026-09-21T15:37:15.960823+00:00,182,r-scylla4,4,1,outgoing,0
2026-09-21T15:37:16.961240+00:00,183,r-scylla1,4,0,incoming,0
2026-09-21T15:37:16.961240+00:00,183,r-scylla1,4,0,outgoing,276768
2026-09-21T15:37:16.961240+00:00,183,r-scylla1,4,1,incoming,0
2026-09-21T15:37:16.961240+00:00,183,r-scylla1,4,1,outgoing,139000
2026-09-21T15:37:16.961240+00:00,183,r-scylla2,4,0,incoming,138384
2026-09-21T15:37:16.961240+00:00,183,r-scylla2,4,0,outgoing,138384
2026-09-21T15:37:16.961240+00:00,183,r-scylla2,4,1,incoming,290
2026-09-21T15:37:16.961240+00:00,183,r-scylla2,4,1,outgoing,138312
2026-09-21T15:37:16.961240+00:00,183,r-scylla3,4,0,incoming,138384
2026-09-21T15:37:16.961240+00:00,183,r-scylla3,4,0,outgoing,184392
2026-09-21T15:37:16.961240+00:00,183,r-scylla3,4,1,incoming,138710
2026-09-21T15:37:16.961240+00:00,183,r-scylla3,4,1,outgoing,506
2026-09-21T15:37:16.961240+00:00,183,r-scylla4,4,0,incoming,322776
2026-09-21T15:37:16.961240+00:00,183,r-scylla4,4,0,outgoing,0
2026-09-21T15:37:16.961240+00:00,183,r-scylla4,4,1,incoming,138818
2026-09-21T15:37:16.961240+00:00,183,r-scylla4,4,1,outgoing,0
2026-09-21T15:37:17.961708+00:00,184,r-scylla1,4,0,incoming,0
2026-09-21T15:37:17.961708+00:00,184,r-scylla1,4,0,outgoing,276768
2026-09-21T15:37:17.961708+00:00,184,r-scylla1,4,1,incoming,0
2026-09-21T15:37:17.961708+00:00,184,r-scylla1,4,1,outgoing,139000
2026-09-21T15:37:17.961708+00:00,184,r-scylla2,4,0,incoming,138384
2026-09-21T15:37:17.961708+00:00,184,r-scylla2,4,0,outgoing,138384
2026-09-21T15:37:17.961708+00:00,184,r-scylla2,4,1,incoming,290
2026-09-21T15:37:17.961708+00:00,184,r-scylla2,4,1,outgoing,138312
2026-09-21T15:37:17.961708+00:00,184,r-scylla3,4,0,incoming,138384
2026-09-21T15:37:17.961708+00:00,184,r-scylla3,4,0,outgoing,184392
2026-09-21T15:37:17.961708+00:00,184,r-scylla3,4,1,incoming,138710
2026-09-21T15:37:17.961708+00:00,184,r-scylla3,4,1,outgoing,506
2026-09-21T15:37:17.961708+00:00,184,r-scylla4,4,0,incoming,322776
2026-09-21T15:37:17.961708+00:00,184,r-scylla4,4,0,outgoing,0
2026-09-21T15:37:17.961708+00:00,184,r-scylla4,4,1,incoming,138818
2026-09-21T15:37:17.961708+00:00,184,r-scylla4,4,1,outgoing,0
2026-09-21T15:37:18.961898+00:00,185,r-scylla1,4,0,incoming,0
2026-09-21T15:37:18.961898+00:00,185,r-scylla1,4,0,outgoing,276768
2026-09-21T15:37:18.961898+00:00,185,r-scylla1,4,1,incoming,0
2026-09-21T15:37:18.961898+00:00,185,r-scylla1,4,1,outgoing,139000
2026-09-21T15:37:18.961898+00:00,185,r-scylla2,4,0,incoming,138384
2026-09-21T15:37:18.961898+00:00,185,r-scylla2,4,0,outgoing,138384
2026-09-21T15:37:18.961898+00:00,185,r-scylla2,4,1,incoming,290
2026-09-21T15:37:18.961898+00:00,185,r-scylla2,4,1,outgoing,138312
2026-09-21T15:37:18.961898+00:00,185,r-scylla3,4,0,incoming,138384
2026-09-21T15:37:18.961898+00:00,185,r-scylla3,4,0,outgoing,184392
2026-09-21T15:37:18.961898+00:00,185,r-scylla3,4,1,incoming,138710
2026-09-21T15:37:18.961898+00:00,185,r-scylla3,4,1,outgoing,506
2026-09-21T15:37:18.961898+00:00,185,r-scylla4,4,0,incoming,322776
2026-09-21T15:37:18.961898+00:00,185,r-scylla4,4,0,outgoing,0
2026-09-21T15:37:18.961898+00:00,185,r-scylla4,4,1,incoming,138818
2026-09-21T15:37:18.961898+00:00,185,r-scylla4,4,1,outgoing,0
2026-09-21T15:37:19.959057+00:00,186,r-scylla1,4,0,incoming,0
2026-09-21T15:37:19.959057+00:00,186,r-scylla1,4,0,outgoing,276768
2026-09-21T15:37:19.959057+00:00,186,r-scylla1,4,1,incoming,0
2026-09-21T15:37:19.959057+00:00,186,r-scylla1,4,1,outgoing,139000
2026-09-21T15:37:19.959057+00:00,186,r-scylla2,4,0,incoming,138384
2026-09-21T15:37:19.959057+00:00,186,r-scylla2,4,0,outgoing,138384
2026-09-21T15:37:19.959057+00:00,186,r-scylla2,4,1,incoming,290
2026-09-21T15:37:19.959057+00:00,186,r-scylla2,4,1,outgoing,138312
2026-09-21T15:37:19.959057+00:00,186,r-scylla3,4,0,incoming,138384
2026-09-21T15:37:19.959057+00:00,186,r-scylla3,4,0,outgoing,184392
2026-09-21T15:37:19.959057+00:00,186,r-scylla3,4,1,incoming,138710
2026-09-21T15:37:19.959057+00:00,186,r-scylla3,4,1,outgoing,506
2026-09-21T15:37:19.959057+00:00,186,r-scylla4,4,0,incoming,322776
2026-09-21T15:37:19.959057+00:00,186,r-scylla4,4,0,outgoing,0
2026-09-21T15:37:19.959057+00:00,186,r-scylla4,4,1,incoming,138818
2026-09-21T15:37:19.959057+00:00,186,r-scylla4,4,1,outgoing,0
2026-09-21T15:37:20.959425+00:00,187,r-scylla1,4,0,incoming,0
2026-09-21T15:37:20.959425+00:00,187,r-scylla1,4,0,outgoing,276768
2026-09-21T15:37:20.959425+00:00,187,r-scylla1,4,1,incoming,0
2026-09-21T15:37:20.959425+00:00,187,r-scylla1,4,1,outgoing,139000
2026-09-21T15:37:20.959425+00:00,187,r-scylla2,4,0,incoming,138384
2026-09-21T15:37:20.959425+00:00,187,r-scylla2,4,0,outgoing,138384
2026-09-21T15:37:20.959425+00:00,187,r-scylla2,4,1,incoming,290
2026-09-21T15:37:20.959425+00:00,187,r-scylla2,4,1,outgoing,138312
2026-09-21T15:37:20.959425+00:00,187,r-scylla3,4,0,incoming,138384
2026-09-21T15:37:20.959425+00:00,187,r-scylla3,4,0,outgoing,184392
2026-09-21T15:37:20.959425+00:00,187,r-scylla3,4,1,incoming,138710
2026-09-21T15:37:20.959425+00:00,187,r-scylla3,4,1,outgoing,506
2026-09-21T15:37:20.959425+00:00,187,r-scylla4,4,0,incoming,322776
2026-09-21T15:37:20.959425+00:00,187,r-scylla4,4,0,outgoing,0
2026-09-21T15:37:20.959425+00:00,187,r-scylla4,4,1,incoming,138818
2026-09-21T15:37:20.959425+00:00,187,r-scylla4,4,1,outgoing,0
2026-09-21T15:37:21.959754+00:00,188,r-scylla1,4,0,incoming,0
2026-09-21T15:37:21.959754+00:00,188,r-scylla1,4,0,outgoing,276768
2026-09-21T15:37:21.959754+00:00,188,r-scylla1,4,1,incoming,0
2026-09-21T15:37:21.959754+00:00,188,r-scylla1,4,1,outgoing,139000
2026-09-21T15:37:21.959754+00:00,188,r-scylla2,4,0,incoming,138384
2026-09-21T15:37:21.959754+00:00,188,r-scylla2,4,0,outgoing,138384
2026-09-21T15:37:21.959754+00:00,188,r-scylla2,4,1,incoming,290
2026-09-21T15:37:21.959754+00:00,188,r-scylla2,4,1,outgoing,138312
2026-09-21T15:37:21.959754+00:00,188,r-scylla3,4,0,incoming,138384
2026-09-21T15:37:21.959754+00:00,188,r-scylla3,4,0,outgoing,184392
2026-09-21T15:37:21.959754+00:00,188,r-scylla3,4,1,incoming,138710
2026-09-21T15:37:21.959754+00:00,188,r-scylla3,4,1,outgoing,506
2026-09-21T15:37:21.959754+00:00,188,r-scylla4,4,0,incoming,322776
2026-09-21T15:37:21.959754+00:00,188,r-scylla4,4,0,outgoing,0
2026-09-21T15:37:21.959754+00:00,188,r-scylla4,4,1,incoming,138818
2026-09-21T15:37:21.959754+00:00,188,r-scylla4,4,1,outgoing,0
2026-09-21T15:37:22.959985+00:00,189,r-scylla1,4,0,incoming,0
2026-09-21T15:37:22.959985+00:00,189,r-scylla1,4,0,outgoing,276768
2026-09-21T15:37:22.959985+00:00,189,r-scylla1,4,1,incoming,0
2026-09-21T15:37:22.959985+00:00,189,r-scylla1,4,1,outgoing,139000
2026-09-21T15:37:22.959985+00:00,189,r-scylla2,4,0,incoming,138384
2026-09-21T15:37:22.959985+00:00,189,r-scylla2,4,0,outgoing,138384
2026-09-21T15:37:22.959985+00:00,189,r-scylla2,4,1,incoming,290
2026-09-21T15:37:22.959985+00:00,189,r-scylla2,4,1,outgoing,138312
2026-09-21T15:37:22.959985+00:00,189,r-scylla3,4,0,incoming,138384
2026-09-21T15:37:22.959985+00:00,189,r-scylla3,4,0,outgoing,184392
2026-09-21T15:37:22.959985+00:00,189,r-scylla3,4,1,incoming,138710
2026-09-21T15:37:22.959985+00:00,189,r-scylla3,4,1,outgoing,506
2026-09-21T15:37:22.959985+00:00,189,r-scylla4,4,0,incoming,322776
2026-09-21T15:37:22.959985+00:00,189,r-scylla4,4,0,outgoing,0
2026-09-21T15:37:22.959985+00:00,189,r-scylla4,4,1,incoming,138818
2026-09-21T15:37:22.959985+00:00,189,r-scylla4,4,1,outgoing,0
2026-09-21T15:37:23.960214+00:00,190,r-scylla1,4,0,incoming,0
2026-09-21T15:37:23.960214+00:00,190,r-scylla1,4,0,outgoing,276768
2026-09-21T15:37:23.960214+00:00,190,r-scylla1,4,1,incoming,0
2026-09-21T15:37:23.960214+00:00,190,r-scylla1,4,1,outgoing,139000
2026-09-21T15:37:23.960214+00:00,190,r-scylla2,4,0,incoming,138384
2026-09-21T15:37:23.960214+00:00,190,r-scylla2,4,0,outgoing,138384
2026-09-21T15:37:23.960214+00:00,190,r-scylla2,4,1,incoming,290
2026-09-21T15:37:23.960214+00:00,190,r-scylla2,4,1,outgoing,138312
2026-09-21T15:37:23.960214+00:00,190,r-scylla3,4,0,incoming,138384
2026-09-21T15:37:23.960214+00:00,190,r-scylla3,4,0,outgoing,184392
2026-09-21T15:37:23.960214+00:00,190,r-scylla3,4,1,incoming,138710
2026-09-21T15:37:23.960214+00:00,190,r-scylla3,4,1,outgoing,506
2026-09-21T15:37:23.960214+00:00,190,r-scylla4,4,0,incoming,322776
2026-09-21T15:37:23.960214+00:00,190,r-scylla4,4,0,outgoing,0
2026-09-21T15:37:23.960214+00:00,190,r-scylla4,4,1,incoming,138818
2026-09-21T15:37:23.960214+00:00,190,r-scylla4,4,1,outgoing,0
2026-09-21T15:37:24.960624+00:00,191,r-scylla1,4,0,incoming,0
2026-09-21T15:37:24.960624+00:00,191,r-scylla1,4,0,outgoing,276768
2026-09-21T15:37:24.960624+00:00,191,r-scylla1,4,1,incoming,0
2026-09-21T15:37:24.960624+00:00,191,r-scylla1,4,1,outgoing,139000
2026-09-21T15:37:24.960624+00:00,191,r-scylla2,4,0,incoming,138384
2026-09-21T15:37:24.960624+00:00,191,r-scylla2,4,0,outgoing,138384
2026-09-21T15:37:24.960624+00:00,191,r-scylla2,4,1,incoming,290
2026-09-21T15:37:24.960624+00:00,191,r-scylla2,4,1,outgoing,138312
2026-09-21T15:37:24.960624+00:00,191,r-scylla3,4,0,incoming,138384
2026-09-21T15:37:24.960624+00:00,191,r-scylla3,4,0,outgoing,184392
2026-09-21T15:37:24.960624+00:00,191,r-scylla3,4,1,incoming,138710
2026-09-21T15:37:24.960624+00:00,191,r-scylla3,4,1,outgoing,506
2026-09-21T15:37:24.960624+00:00,191,r-scylla4,4,0,incoming,322776
2026-09-21T15:37:24.960624+00:00,191,r-scylla4,4,0,outgoing,0
2026-09-21T15:37:24.960624+00:00,191,r-scylla4,4,1,incoming,138818
2026-09-21T15:37:24.960624+00:00,191,r-scylla4,4,1,outgoing,0
2026-09-21T15:37:25.961015+00:00,192,r-scylla1,4,0,incoming,0
2026-09-21T15:37:25.961015+00:00,192,r-scylla1,4,0,outgoing,276768
2026-09-21T15:37:25.961015+00:00,192,r-scylla1,4,1,incoming,0
2026-09-21T15:37:25.961015+00:00,192,r-scylla1,4,1,outgoing,139000
2026-09-21T15:37:25.961015+00:00,192,r-scylla2,4,0,incoming,138384
2026-09-21T15:37:25.961015+00:00,192,r-scylla2,4,0,outgoing,138384
2026-09-21T15:37:25.961015+00:00,192,r-scylla2,4,1,incoming,290
2026-09-21T15:37:25.961015+00:00,192,r-scylla2,4,1,outgoing,138312
2026-09-21T15:37:25.961015+00:00,192,r-scylla3,4,0,incoming,138384
2026-09-21T15:37:25.961015+00:00,192,r-scylla3,4,0,outgoing,184392
2026-09-21T15:37:25.961015+00:00,192,r-scylla3,4,1,incoming,138710
2026-09-21T15:37:25.961015+00:00,192,r-scylla3,4,1,outgoing,506
2026-09-21T15:37:25.961015+00:00,192,r-scylla4,4,0,incoming,322776
2026-09-21T15:37:25.961015+00:00,192,r-scylla4,4,0,outgoing,0
2026-09-21T15:37:25.961015+00:00,192,r-scylla4,4,1,incoming,138818
2026-09-21T15:37:25.961015+00:00,192,r-scylla4,4,1,outgoing,0
2026-09-21T15:37:26.961298+00:00,193,r-scylla1,4,0,incoming,0
2026-09-21T15:37:26.961298+00:00,193,r-scylla1,4,0,outgoing,276768
2026-09-21T15:37:26.961298+00:00,193,r-scylla1,4,1,incoming,0
2026-09-21T15:37:26.961298+00:00,193,r-scylla1,4,1,outgoing,139000
2026-09-21T15:37:26.961298+00:00,193,r-scylla2,4,0,incoming,138384
2026-09-21T15:37:26.961298+00:00,193,r-scylla2,4,0,outgoing,138384
2026-09-21T15:37:26.961298+00:00,193,r-scylla2,4,1,incoming,290
2026-09-21T15:37:26.961298+00:00,193,r-scylla2,4,1,outgoing,138312
2026-09-21T15:37:26.961298+00:00,193,r-scylla3,4,0,incoming,138384
2026-09-21T15:37:26.961298+00:00,193,r-scylla3,4,0,outgoing,184392
2026-09-21T15:37:26.961298+00:00,193,r-scylla3,4,1,incoming,138710
2026-09-21T15:37:26.961298+00:00,193,r-scylla3,4,1,outgoing,506
2026-09-21T15:37:26.961298+00:00,193,r-scylla4,4,0,incoming,322776
2026-09-21T15:37:26.961298+00:00,193,r-scylla4,4,0,outgoing,0
2026-09-21T15:37:26.961298+00:00,193,r-scylla4,4,1,incoming,138818
2026-09-21T15:37:26.961298+00:00,193,r-scylla4,4,1,outgoing,0
2026-09-21T15:37:27.961736+00:00,194,r-scylla1,4,0,incoming,0
2026-09-21T15:37:27.961736+00:00,194,r-scylla1,4,0,outgoing,276768
2026-09-21T15:37:27.961736+00:00,194,r-scylla1,4,1,incoming,0
2026-09-21T15:37:27.961736+00:00,194,r-scylla1,4,1,outgoing,139000
2026-09-21T15:37:27.961736+00:00,194,r-scylla2,4,0,incoming,138384
2026-09-21T15:37:27.961736+00:00,194,r-scylla2,4,0,outgoing,138384
2026-09-21T15:37:27.961736+00:00,194,r-scylla2,4,1,incoming,290
2026-09-21T15:37:27.961736+00:00,194,r-scylla2,4,1,outgoing,138312
2026-09-21T15:37:27.961736+00:00,194,r-scylla3,4,0,incoming,138384
2026-09-21T15:37:27.961736+00:00,194,r-scylla3,4,0,outgoing,184392
2026-09-21T15:37:27.961736+00:00,194,r-scylla3,4,1,incoming,138710
2026-09-21T15:37:27.961736+00:00,194,r-scylla3,4,1,outgoing,506
2026-09-21T15:37:27.961736+00:00,194,r-scylla4,4,0,incoming,322776
2026-09-21T15:37:27.961736+00:00,194,r-scylla4,4,0,outgoing,0
2026-09-21T15:37:27.961736+00:00,194,r-scylla4,4,1,incoming,138818
2026-09-21T15:37:27.961736+00:00,194,r-scylla4,4,1,outgoing,0
2026-09-21T15:37:28.961996+00:00,195,r-scylla1,4,0,incoming,0
2026-09-21T15:37:28.961996+00:00,195,r-scylla1,4,0,outgoing,276768
2026-09-21T15:37:28.961996+00:00,195,r-scylla1,4,1,incoming,0
2026-09-21T15:37:28.961996+00:00,195,r-scylla1,4,1,outgoing,139000
2026-09-21T15:37:28.961996+00:00,195,r-scylla2,4,0,incoming,138384
2026-09-21T15:37:28.961996+00:00,195,r-scylla2,4,0,outgoing,138384
2026-09-21T15:37:28.961996+00:00,195,r-scylla2,4,1,incoming,290
2026-09-21T15:37:28.961996+00:00,195,r-scylla2,4,1,outgoing,138312
2026-09-21T15:37:28.961996+00:00,195,r-scylla3,4,0,incoming,138384
2026-09-21T15:37:28.961996+00:00,195,r-scylla3,4,0,outgoing,184392
2026-09-21T15:37:28.961996+00:00,195,r-scylla3,4,1,incoming,138710
2026-09-21T15:37:28.961996+00:00,195,r-scylla3,4,1,outgoing,506
2026-09-21T15:37:28.961996+00:00,195,r-scylla4,4,0,incoming,322776
2026-09-21T15:37:28.961996+00:00,195,r-scylla4,4,0,outgoing,0
2026-09-21T15:37:28.961996+00:00,195,r-scylla4,4,1,incoming,138818
2026-09-21T15:37:28.961996+00:00,195,r-scylla4,4,1,outgoing,0
2026-09-21T15:37:29.962249+00:00,196,r-scylla1,4,0,incoming,0
2026-09-21T15:37:29.962249+00:00,196,r-scylla1,4,0,outgoing,276768
2026-09-21T15:37:29.962249+00:00,196,r-scylla1,4,1,incoming,0
2026-09-21T15:37:29.962249+00:00,196,r-scylla1,4,1,outgoing,139000
2026-09-21T15:37:29.962249+00:00,196,r-scylla2,4,0,incoming,138384
2026-09-21T15:37:29.962249+00:00,196,r-scylla2,4,0,outgoing,138384
2026-09-21T15:37:29.962249+00:00,196,r-scylla2,4,1,incoming,290
2026-09-21T15:37:29.962249+00:00,196,r-scylla2,4,1,outgoing,138312
2026-09-21T15:37:29.962249+00:00,196,r-scylla3,4,0,incoming,138384
2026-09-21T15:37:29.962249+00:00,196,r-scylla3,4,0,outgoing,184392
2026-09-21T15:37:29.962249+00:00,196,r-scylla3,4,1,incoming,138710
2026-09-21T15:37:29.962249+00:00,196,r-scylla3,4,1,outgoing,506
2026-09-21T15:37:29.962249+00:00,196,r-scylla4,4,0,incoming,322776
2026-09-21T15:37:29.962249+00:00,196,r-scylla4,4,0,outgoing,0
2026-09-21T15:37:29.962249+00:00,196,r-scylla4,4,1,incoming,138818
2026-09-21T15:37:29.962249+00:00,196,r-scylla4,4,1,outgoing,0
2026-09-21T15:37:30.962524+00:00,197,r-scylla1,4,0,incoming,0
2026-09-21T15:37:30.962524+00:00,197,r-scylla1,4,0,outgoing,276768
2026-09-21T15:37:30.962524+00:00,197,r-scylla1,4,1,incoming,0
2026-09-21T15:37:30.962524+00:00,197,r-scylla1,4,1,outgoing,139000
2026-09-21T15:37:30.962524+00:00,197,r-scylla2,4,0,incoming,138384
2026-09-21T15:37:30.962524+00:00,197,r-scylla2,4,0,outgoing,138384
2026-09-21T15:37:30.962524+00:00,197,r-scylla2,4,1,incoming,290
2026-09-21T15:37:30.962524+00:00,197,r-scylla2,4,1,outgoing,138312
2026-09-21T15:37:30.962524+00:00,197,r-scylla3,4,0,incoming,138384
2026-09-21T15:37:30.962524+00:00,197,r-scylla3,4,0,outgoing,184392
2026-09-21T15:37:30.962524+00:00,197,r-scylla3,4,1,incoming,138710
2026-09-21T15:37:30.962524+00:00,197,r-scylla3,4,1,outgoing,506
2026-09-21T15:37:30.962524+00:00,197,r-scylla4,4,0,incoming,322776
2026-09-21T15:37:30.962524+00:00,197,r-scylla4,4,0,outgoing,0
2026-09-21T15:37:30.962524+00:00,197,r-scylla4,4,1,incoming,138818
2026-09-21T15:37:30.962524+00:00,197,r-scylla4,4,1,outgoing,0
2026-09-21T15:37:31.962886+00:00,198,r-scylla1,4,0,incoming,0
2026-09-21T15:37:31.962886+00:00,198,r-scylla1,4,0,outgoing,276768
2026-09-21T15:37:31.962886+00:00,198,r-scylla1,4,1,incoming,0
2026-09-21T15:37:31.962886+00:00,198,r-scylla1,4,1,outgoing,139000
2026-09-21T15:37:31.962886+00:00,198,r-scylla2,4,0,incoming,138384
2026-09-21T15:37:31.962886+00:00,198,r-scylla2,4,0,outgoing,138384
2026-09-21T15:37:31.962886+00:00,198,r-scylla2,4,1,incoming,290
2026-09-21T15:37:31.962886+00:00,198,r-scylla2,4,1,outgoing,138312
2026-09-21T15:37:31.962886+00:00,198,r-scylla3,4,0,incoming,138384
2026-09-21T15:37:31.962886+00:00,198,r-scylla3,4,0,outgoing,184392
2026-09-21T15:37:31.962886+00:00,198,r-scylla3,4,1,incoming,138710
2026-09-21T15:37:31.962886+00:00,198,r-scylla3,4,1,outgoing,506
2026-09-21T15:37:31.962886+00:00,198,r-scylla4,4,0,incoming,322776
2026-09-21T15:37:31.962886+00:00,198,r-scylla4,4,0,outgoing,0
2026-09-21T15:37:31.962886+00:00,198,r-scylla4,4,1,incoming,138818
2026-09-21T15:37:31.962886+00:00,198,r-scylla4,4,1,outgoing,0
2026-09-21T15:37:32.963406+00:00,199,r-scylla1,4,0,incoming,0
2026-09-21T15:37:32.963406+00:00,199,r-scylla1,4,0,outgoing,276768
2026-09-21T15:37:32.963406+00:00,199,r-scylla1,4,1,incoming,0
2026-09-21T15:37:32.963406+00:00,199,r-scylla1,4,1,outgoing,139000
2026-09-21T15:37:32.963406+00:00,199,r-scylla2,4,0,incoming,138384
2026-09-21T15:37:32.963406+00:00,199,r-scylla2,4,0,outgoing,138384
2026-09-21T15:37:32.963406+00:00,199,r-scylla2,4,1,incoming,290
2026-09-21T15:37:32.963406+00:00,199,r-scylla2,4,1,outgoing,138312
2026-09-21T15:37:32.963406+00:00,199,r-scylla3,4,0,incoming,138384
2026-09-21T15:37:32.963406+00:00,199,r-scylla3,4,0,outgoing,184392
2026-09-21T15:37:32.963406+00:00,199,r-scylla3,4,1,incoming,138710
2026-09-21T15:37:32.963406+00:00,199,r-scylla3,4,1,outgoing,506
2026-09-21T15:37:32.963406+00:00,199,r-scylla4,4,0,incoming,322776
2026-09-21T15:37:32.963406+00:00,199,r-scylla4,4,0,outgoing,0
2026-09-21T15:37:32.963406+00:00,199,r-scylla4,4,1,incoming,138818
2026-09-21T15:37:32.963406+00:00,199,r-scylla4,4,1,outgoing,0
2026-09-21T15:37:33.963765+00:00,200,r-scylla1,4,0,incoming,0
2026-09-21T15:37:33.963765+00:00,200,r-scylla1,4,0,outgoing,276768
2026-09-21T15:37:33.963765+00:00,200,r-scylla1,4,1,incoming,0
2026-09-21T15:37:33.963765+00:00,200,r-scylla1,4,1,outgoing,139000
2026-09-21T15:37:33.963765+00:00,200,r-scylla2,4,0,incoming,138384
2026-09-21T15:37:33.963765+00:00,200,r-scylla2,4,0,outgoing,138384
2026-09-21T15:37:33.963765+00:00,200,r-scylla2,4,1,incoming,290
2026-09-21T15:37:33.963765+00:00,200,r-scylla2,4,1,outgoing,138312
2026-09-21T15:37:33.963765+00:00,200,r-scylla3,4,0,incoming,138384
2026-09-21T15:37:33.963765+00:00,200,r-scylla3,4,0,outgoing,184392
2026-09-21T15:37:33.963765+00:00,200,r-scylla3,4,1,incoming,138710
2026-09-21T15:37:33.963765+00:00,200,r-scylla3,4,1,outgoing,506
2026-09-21T15:37:33.963765+00:00,200,r-scylla4,4,0,incoming,322776
2026-09-21T15:37:33.963765+00:00,200,r-scylla4,4,0,outgoing,0
2026-09-21T15:37:33.963765+00:00,200,r-scylla4,4,1,incoming,138818
2026-09-21T15:37:33.963765+00:00,200,r-scylla4,4,1,outgoing,0
2026-09-21T15:37:34.964261+00:00,201,r-scylla1,4,0,incoming,0
2026-09-21T15:37:34.964261+00:00,201,r-scylla1,4,0,outgoing,276768
2026-09-21T15:37:34.964261+00:00,201,r-scylla1,4,1,incoming,0
2026-09-21T15:37:34.964261+00:00,201,r-scylla1,4,1,outgoing,139000
2026-09-21T15:37:34.964261+00:00,201,r-scylla2,4,0,incoming,138384
2026-09-21T15:37:34.964261+00:00,201,r-scylla2,4,0,outgoing,138384
2026-09-21T15:37:34.964261+00:00,201,r-scylla2,4,1,incoming,290
2026-09-21T15:37:34.964261+00:00,201,r-scylla2,4,1,outgoing,138312
2026-09-21T15:37:34.964261+00:00,201,r-scylla3,4,0,incoming,138384
2026-09-21T15:37:34.964261+00:00,201,r-scylla3,4,0,outgoing,184392
2026-09-21T15:37:34.964261+00:00,201,r-scylla3,4,1,incoming,138710
2026-09-21T15:37:34.964261+00:00,201,r-scylla3,4,1,outgoing,506
2026-09-21T15:37:34.964261+00:00,201,r-scylla4,4,0,incoming,322776
2026-09-21T15:37:34.964261+00:00,201,r-scylla4,4,0,outgoing,0
2026-09-21T15:37:34.964261+00:00,201,r-scylla4,4,1,incoming,138818
2026-09-21T15:37:34.964261+00:00,201,r-scylla4,4,1,outgoing,0
2026-09-21T15:37:35.964472+00:00,202,r-scylla1,4,0,incoming,0
2026-09-21T15:37:35.964472+00:00,202,r-scylla1,4,0,outgoing,276768
2026-09-21T15:37:35.964472+00:00,202,r-scylla1,4,1,incoming,0
2026-09-21T15:37:35.964472+00:00,202,r-scylla1,4,1,outgoing,139000
2026-09-21T15:37:35.964472+00:00,202,r-scylla2,4,0,incoming,138384
2026-09-21T15:37:35.964472+00:00,202,r-scylla2,4,0,outgoing,138384
2026-09-21T15:37:35.964472+00:00,202,r-scylla2,4,1,incoming,290
2026-09-21T15:37:35.964472+00:00,202,r-scylla2,4,1,outgoing,138312
2026-09-21T15:37:35.964472+00:00,202,r-scylla3,4,0,incoming,138384
2026-09-21T15:37:35.964472+00:00,202,r-scylla3,4,0,outgoing,184392
2026-09-21T15:37:35.964472+00:00,202,r-scylla3,4,1,incoming,138710
2026-09-21T15:37:35.964472+00:00,202,r-scylla3,4,1,outgoing,506
2026-09-21T15:37:35.964472+00:00,202,r-scylla4,4,0,incoming,322776
2026-09-21T15:37:35.964472+00:00,202,r-scylla4,4,0,outgoing,0
2026-09-21T15:37:35.964472+00:00,202,r-scylla4,4,1,incoming,138818
2026-09-21T15:37:35.964472+00:00,202,r-scylla4,4,1,outgoing,0
2026-09-21T15:37:36.964674+00:00,203,r-scylla1,4,0,incoming,0
2026-09-21T15:37:36.964674+00:00,203,r-scylla1,4,0,outgoing,276768
2026-09-21T15:37:36.964674+00:00,203,r-scylla1,4,1,incoming,0
2026-09-21T15:37:36.964674+00:00,203,r-scylla1,4,1,outgoing,139000
2026-09-21T15:37:36.964674+00:00,203,r-scylla2,4,0,incoming,138384
2026-09-21T15:37:36.964674+00:00,203,r-scylla2,4,0,outgoing,138384
2026-09-21T15:37:36.964674+00:00,203,r-scylla2,4,1,incoming,290
2026-09-21T15:37:36.964674+00:00,203,r-scylla2,4,1,outgoing,138312
2026-09-21T15:37:36.964674+00:00,203,r-scylla3,4,0,incoming,138384
2026-09-21T15:37:36.964674+00:00,203,r-scylla3,4,0,outgoing,184392
2026-09-21T15:37:36.964674+00:00,203,r-scylla3,4,1,incoming,138710
2026-09-21T15:37:36.964674+00:00,203,r-scylla3,4,1,outgoing,506
2026-09-21T15:37:36.964674+00:00,203,r-scylla4,4,0,incoming,322776
2026-09-21T15:37:36.964674+00:00,203,r-scylla4,4,0,outgoing,0
2026-09-21T15:37:36.964674+00:00,203,r-scylla4,4,1,incoming,138818
2026-09-21T15:37:36.964674+00:00,203,r-scylla4,4,1,outgoing,0
2026-09-21T15:37:37.964917+00:00,204,r-scylla1,4,0,incoming,0
2026-09-21T15:37:37.964917+00:00,204,r-scylla1,4,0,outgoing,276768
2026-09-21T15:37:37.964917+00:00,204,r-scylla1,4,1,incoming,0
2026-09-21T15:37:37.964917+00:00,204,r-scylla1,4,1,outgoing,139000
2026-09-21T15:37:37.964917+00:00,204,r-scylla2,4,0,incoming,138384
2026-09-21T15:37:37.964917+00:00,204,r-scylla2,4,0,outgoing,138384
2026-09-21T15:37:37.964917+00:00,204,r-scylla2,4,1,incoming,290
2026-09-21T15:37:37.964917+00:00,204,r-scylla2,4,1,outgoing,138312
2026-09-21T15:37:37.964917+00:00,204,r-scylla3,4,0,incoming,138384
2026-09-21T15:37:37.964917+00:00,204,r-scylla3,4,0,outgoing,184392
2026-09-21T15:37:37.964917+00:00,204,r-scylla3,4,1,incoming,138710
2026-09-21T15:37:37.964917+00:00,204,r-scylla3,4,1,outgoing,506
2026-09-21T15:37:37.964917+00:00,204,r-scylla4,4,0,incoming,322776
2026-09-21T15:37:37.964917+00:00,204,r-scylla4,4,0,outgoing,0
2026-09-21T15:37:37.964917+00:00,204,r-scylla4,4,1,incoming,138818
2026-09-21T15:37:37.964917+00:00,204,r-scylla4,4,1,outgoing,0
2026-09-21T15:37:38.965103+00:00,205,r-scylla1,4,0,incoming,0
2026-09-21T15:37:38.965103+00:00,205,r-scylla1,4,0,outgoing,276768
2026-09-21T15:37:38.965103+00:00,205,r-scylla1,4,1,incoming,0
2026-09-21T15:37:38.965103+00:00,205,r-scylla1,4,1,outgoing,139000
2026-09-21T15:37:38.965103+00:00,205,r-scylla2,4,0,incoming,138384
2026-09-21T15:37:38.965103+00:00,205,r-scylla2,4,0,outgoing,138384
2026-09-21T15:37:38.965103+00:00,205,r-scylla2,4,1,incoming,290
2026-09-21T15:37:38.965103+00:00,205,r-scylla2,4,1,outgoing,138312
2026-09-21T15:37:38.965103+00:00,205,r-scylla3,4,0,incoming,138384
2026-09-21T15:37:38.965103+00:00,205,r-scylla3,4,0,outgoing,184392
2026-09-21T15:37:38.965103+00:00,205,r-scylla3,4,1,incoming,138710
2026-09-21T15:37:38.965103+00:00,205,r-scylla3,4,1,outgoing,506
2026-09-21T15:37:38.965103+00:00,205,r-scylla4,4,0,incoming,322776
2026-09-21T15:37:38.965103+00:00,205,r-scylla4,4,0,outgoing,0
2026-09-21T15:37:38.965103+00:00,205,r-scylla4,4,1,incoming,138818
2026-09-21T15:37:38.965103+00:00,205,r-scylla4,4,1,outgoing,0
2026-09-21T15:37:39.965435+00:00,206,r-scylla1,4,0,incoming,0
2026-09-21T15:37:39.965435+00:00,206,r-scylla1,4,0,outgoing,276768
2026-09-21T15:37:39.965435+00:00,206,r-scylla1,4,1,incoming,0
2026-09-21T15:37:39.965435+00:00,206,r-scylla1,4,1,outgoing,139000
2026-09-21T15:37:39.965435+00:00,206,r-scylla2,4,0,incoming,138384
2026-09-21T15:37:39.965435+00:00,206,r-scylla2,4,0,outgoing,138384
2026-09-21T15:37:39.965435+00:00,206,r-scylla2,4,1,incoming,290
2026-09-21T15:37:39.965435+00:00,206,r-scylla2,4,1,outgoing,138312
2026-09-21T15:37:39.965435+00:00,206,r-scylla3,4,0,incoming,138384
2026-09-21T15:37:39.965435+00:00,206,r-scylla3,4,0,outgoing,184392
2026-09-21T15:37:39.965435+00:00,206,r-scylla3,4,1,incoming,138710
2026-09-21T15:37:39.965435+00:00,206,r-scylla3,4,1,outgoing,506
2026-09-21T15:37:39.965435+00:00,206,r-scylla4,4,0,incoming,322776
2026-09-21T15:37:39.965435+00:00,206,r-scylla4,4,0,outgoing,0
2026-09-21T15:37:39.965435+00:00,206,r-scylla4,4,1,incoming,138818
2026-09-21T15:37:39.965435+00:00,206,r-scylla4,4,1,outgoing,0
2026-09-21T15:37:40.965628+00:00,207,r-scylla1,4,0,incoming,0
2026-09-21T15:37:40.965628+00:00,207,r-scylla1,4,0,outgoing,276768
2026-09-21T15:37:40.965628+00:00,207,r-scylla1,4,1,incoming,0
2026-09-21T15:37:40.965628+00:00,207,r-scylla1,4,1,outgoing,139000
2026-09-21T15:37:40.965628+00:00,207,r-scylla2,4,0,incoming,138384
2026-09-21T15:37:40.965628+00:00,207,r-scylla2,4,0,outgoing,138384
2026-09-21T15:37:40.965628+00:00,207,r-scylla2,4,1,incoming,290
2026-09-21T15:37:40.965628+00:00,207,r-scylla2,4,1,outgoing,138312
2026-09-21T15:37:40.965628+00:00,207,r-scylla3,4,0,incoming,138384
2026-09-21T15:37:40.965628+00:00,207,r-scylla3,4,0,outgoing,184392
2026-09-21T15:37:40.965628+00:00,207,r-scylla3,4,1,incoming,138710
2026-09-21T15:37:40.965628+00:00,207,r-scylla3,4,1,outgoing,506
2026-09-21T15:37:40.965628+00:00,207,r-scylla4,4,0,incoming,322776
2026-09-21T15:37:40.965628+00:00,207,r-scylla4,4,0,outgoing,0
2026-09-21T15:37:40.965628+00:00,207,r-scylla4,4,1,incoming,138818
2026-09-21T15:37:40.965628+00:00,207,r-scylla4,4,1,outgoing,0
2026-09-21T15:37:41.965962+00:00,208,r-scylla1,4,0,incoming,0
2026-09-21T15:37:41.965962+00:00,208,r-scylla1,4,0,outgoing,276768
2026-09-21T15:37:41.965962+00:00,208,r-scylla1,4,1,incoming,0
2026-09-21T15:37:41.965962+00:00,208,r-scylla1,4,1,outgoing,139000
2026-09-21T15:37:41.965962+00:00,208,r-scylla2,4,0,incoming,138384
2026-09-21T15:37:41.965962+00:00,208,r-scylla2,4,0,outgoing,138384
2026-09-21T15:37:41.965962+00:00,208,r-scylla2,4,1,incoming,290
2026-09-21T15:37:41.965962+00:00,208,r-scylla2,4,1,outgoing,138312
2026-09-21T15:37:41.965962+00:00,208,r-scylla3,4,0,incoming,138384
2026-09-21T15:37:41.965962+00:00,208,r-scylla3,4,0,outgoing,184392
2026-09-21T15:37:41.965962+00:00,208,r-scylla3,4,1,incoming,138710
2026-09-21T15:37:41.965962+00:00,208,r-scylla3,4,1,outgoing,506
2026-09-21T15:37:41.965962+00:00,208,r-scylla4,4,0,incoming,322776
2026-09-21T15:37:41.965962+00:00,208,r-scylla4,4,0,outgoing,0
2026-09-21T15:37:41.965962+00:00,208,r-scylla4,4,1,incoming,138818
2026-09-21T15:37:41.965962+00:00,208,r-scylla4,4,1,outgoing,0
2026-09-21T15:37:42.966248+00:00,209,r-scylla1,4,0,incoming,0
2026-09-21T15:37:42.966248+00:00,209,r-scylla1,4,0,outgoing,276768
2026-09-21T15:37:42.966248+00:00,209,r-scylla1,4,1,incoming,0
2026-09-21T15:37:42.966248+00:00,209,r-scylla1,4,1,outgoing,139000
2026-09-21T15:37:42.966248+00:00,209,r-scylla2,4,0,incoming,138384
2026-09-21T15:37:42.966248+00:00,209,r-scylla2,4,0,outgoing,138384
2026-09-21T15:37:42.966248+00:00,209,r-scylla2,4,1,incoming,290
2026-09-21T15:37:42.966248+00:00,209,r-scylla2,4,1,outgoing,138312
2026-09-21T15:37:42.966248+00:00,209,r-scylla3,4,0,incoming,138384
2026-09-21T15:37:42.966248+00:00,209,r-scylla3,4,0,outgoing,184392
2026-09-21T15:37:42.966248+00:00,209,r-scylla3,4,1,incoming,138710
2026-09-21T15:37:42.966248+00:00,209,r-scylla3,4,1,outgoing,506
2026-09-21T15:37:42.966248+00:00,209,r-scylla4,4,0,incoming,322776
2026-09-21T15:37:42.966248+00:00,209,r-scylla4,4,0,outgoing,0
2026-09-21T15:37:42.966248+00:00,209,r-scylla4,4,1,incoming,138818
2026-09-21T15:37:42.966248+00:00,209,r-scylla4,4,1,outgoing,0
2026-09-21T15:37:43.966437+00:00,210,r-scylla1,4,0,incoming,0
2026-09-21T15:37:43.966437+00:00,210,r-scylla1,4,0,outgoing,276768
2026-09-21T15:37:43.966437+00:00,210,r-scylla1,4,1,incoming,0
2026-09-21T15:37:43.966437+00:00,210,r-scylla1,4,1,outgoing,139000
2026-09-21T15:37:43.966437+00:00,210,r-scylla2,4,0,incoming,138384
2026-09-21T15:37:43.966437+00:00,210,r-scylla2,4,0,outgoing,138384
2026-09-21T15:37:43.966437+00:00,210,r-scylla2,4,1,incoming,290
2026-09-21T15:37:43.966437+00:00,210,r-scylla2,4,1,outgoing,138312
2026-09-21T15:37:43.966437+00:00,210,r-scylla3,4,0,incoming,138384
2026-09-21T15:37:43.966437+00:00,210,r-scylla3,4,0,outgoing,184392
2026-09-21T15:37:43.966437+00:00,210,r-scylla3,4,1,incoming,138710
2026-09-21T15:37:43.966437+00:00,210,r-scylla3,4,1,outgoing,506
2026-09-21T15:37:43.966437+00:00,210,r-scylla4,4,0,incoming,322776
2026-09-21T15:37:43.966437+00:00,210,r-scylla4,4,0,outgoing,0
2026-09-21T15:37:43.966437+00:00,210,r-scylla4,4,1,incoming,138818
2026-09-21T15:37:43.966437+00:00,210,r-scylla4,4,1,outgoing,0
2026-09-21T15:37:44.966672+00:00,211,r-scylla1,4,0,incoming,0
2026-09-21T15:37:44.966672+00:00,211,r-scylla1,4,0,outgoing,276768
2026-09-21T15:37:44.966672+00:00,211,r-scylla1,4,1,incoming,0
2026-09-21T15:37:44.966672+00:00,211,r-scylla1,4,1,outgoing,139000
2026-09-21T15:37:44.966672+00:00,211,r-scylla2,4,0,incoming,138384
2026-09-21T15:37:44.966672+00:00,211,r-scylla2,4,0,outgoing,138384
2026-09-21T15:37:44.966672+00:00,211,r-scylla2,4,1,incoming,290
2026-09-21T15:37:44.966672+00:00,211,r-scylla2,4,1,outgoing,138312
2026-09-21T15:37:44.966672+00:00,211,r-scylla3,4,0,incoming,138384
2026-09-21T15:37:44.966672+00:00,211,r-scylla3,4,0,outgoing,184392
2026-09-21T15:37:44.966672+00:00,211,r-scylla3,4,1,incoming,138710
2026-09-21T15:37:44.966672+00:00,211,r-scylla3,4,1,outgoing,506
2026-09-21T15:37:44.966672+00:00,211,r-scylla4,4,0,incoming,322776
2026-09-21T15:37:44.966672+00:00,211,r-scylla4,4,0,outgoing,0
2026-09-21T15:37:44.966672+00:00,211,r-scylla4,4,1,incoming,138818
2026-09-21T15:37:44.966672+00:00,211,r-scylla4,4,1,outgoing,0
2026-09-21T15:37:45.967031+00:00,212,r-scylla1,4,0,incoming,0
2026-09-21T15:37:45.967031+00:00,212,r-scylla1,4,0,outgoing,276768
2026-09-21T15:37:45.967031+00:00,212,r-scylla1,4,1,incoming,0
2026-09-21T15:37:45.967031+00:00,212,r-scylla1,4,1,outgoing,139000
2026-09-21T15:37:45.967031+00:00,212,r-scylla2,4,0,incoming,138384
2026-09-21T15:37:45.967031+00:00,212,r-scylla2,4,0,outgoing,138384
2026-09-21T15:37:45.967031+00:00,212,r-scylla2,4,1,incoming,290
2026-09-21T15:37:45.967031+00:00,212,r-scylla2,4,1,outgoing,138312
2026-09-21T15:37:45.967031+00:00,212,r-scylla3,4,0,incoming,138384
2026-09-21T15:37:45.967031+00:00,212,r-scylla3,4,0,outgoing,184392
2026-09-21T15:37:45.967031+00:00,212,r-scylla3,4,1,incoming,138710
2026-09-21T15:37:45.967031+00:00,212,r-scylla3,4,1,outgoing,506
2026-09-21T15:37:45.967031+00:00,212,r-scylla4,4,0,incoming,322776
2026-09-21T15:37:45.967031+00:00,212,r-scylla4,4,0,outgoing,0
2026-09-21T15:37:45.967031+00:00,212,r-scylla4,4,1,incoming,138818
2026-09-21T15:37:45.967031+00:00,212,r-scylla4,4,1,outgoing,0
2026-09-21T15:37:46.967435+00:00,213,r-scylla1,4,0,incoming,0
2026-09-21T15:37:46.967435+00:00,213,r-scylla1,4,0,outgoing,276768
2026-09-21T15:37:46.967435+00:00,213,r-scylla1,4,1,incoming,0
2026-09-21T15:37:46.967435+00:00,213,r-scylla1,4,1,outgoing,139000
2026-09-21T15:37:46.967435+00:00,213,r-scylla2,4,0,incoming,138384
2026-09-21T15:37:46.967435+00:00,213,r-scylla2,4,0,outgoing,138384
2026-09-21T15:37:46.967435+00:00,213,r-scylla2,4,1,incoming,290
2026-09-21T15:37:46.967435+00:00,213,r-scylla2,4,1,outgoing,138312
2026-09-21T15:37:46.967435+00:00,213,r-scylla3,4,0,incoming,138384
2026-09-21T15:37:46.967435+00:00,213,r-scylla3,4,0,outgoing,184392
2026-09-21T15:37:46.967435+00:00,213,r-scylla3,4,1,incoming,138710
2026-09-21T15:37:46.967435+00:00,213,r-scylla3,4,1,outgoing,506
2026-09-21T15:37:46.967435+00:00,213,r-scylla4,4,0,incoming,322776
2026-09-21T15:37:46.967435+00:00,213,r-scylla4,4,0,outgoing,0
2026-09-21T15:37:46.967435+00:00,213,r-scylla4,4,1,incoming,138818
2026-09-21T15:37:46.967435+00:00,213,r-scylla4,4,1,outgoing,0
2026-09-21T15:37:47.967765+00:00,214,r-scylla1,4,0,incoming,0
2026-09-21T15:37:47.967765+00:00,214,r-scylla1,4,0,outgoing,276768
2026-09-21T15:37:47.967765+00:00,214,r-scylla1,4,1,incoming,0
2026-09-21T15:37:47.967765+00:00,214,r-scylla1,4,1,outgoing,139000
2026-09-21T15:37:47.967765+00:00,214,r-scylla2,4,0,incoming,138384
2026-09-21T15:37:47.967765+00:00,214,r-scylla2,4,0,outgoing,138384
2026-09-21T15:37:47.967765+00:00,214,r-scylla2,4,1,incoming,290
2026-09-21T15:37:47.967765+00:00,214,r-scylla2,4,1,outgoing,138312
2026-09-21T15:37:47.967765+00:00,214,r-scylla3,4,0,incoming,138384
2026-09-21T15:37:47.967765+00:00,214,r-scylla3,4,0,outgoing,184392
2026-09-21T15:37:47.967765+00:00,214,r-scylla3,4,1,incoming,138710
2026-09-21T15:37:47.967765+00:00,214,r-scylla3,4,1,outgoing,506
2026-09-21T15:37:47.967765+00:00,214,r-scylla4,4,0,incoming,322776
2026-09-21T15:37:47.967765+00:00,214,r-scylla4,4,0,outgoing,0
2026-09-21T15:37:47.967765+00:00,214,r-scylla4,4,1,incoming,138818
2026-09-21T15:37:47.967765+00:00,214,r-scylla4,4,1,outgoing,0
2026-09-21T15:37:48.968018+00:00,215,r-scylla1,4,0,incoming,0
2026-09-21T15:37:48.968018+00:00,215,r-scylla1,4,0,outgoing,276768
2026-09-21T15:37:48.968018+00:00,215,r-scylla1,4,1,incoming,0
2026-09-21T15:37:48.968018+00:00,215,r-scylla1,4,1,outgoing,139000
2026-09-21T15:37:48.968018+00:00,215,r-scylla2,4,0,incoming,138384
2026-09-21T15:37:48.968018+00:00,215,r-scylla2,4,0,outgoing,138384
2026-09-21T15:37:48.968018+00:00,215,r-scylla2,4,1,incoming,290
2026-09-21T15:37:48.968018+00:00,215,r-scylla2,4,1,outgoing,138312
2026-09-21T15:37:48.968018+00:00,215,r-scylla3,4,0,incoming,138384
2026-09-21T15:37:48.968018+00:00,215,r-scylla3,4,0,outgoing,184392
2026-09-21T15:37:48.968018+00:00,215,r-scylla3,4,1,incoming,138710
2026-09-21T15:37:48.968018+00:00,215,r-scylla3,4,1,outgoing,506
2026-09-21T15:37:48.968018+00:00,215,r-scylla4,4,0,incoming,322776
2026-09-21T15:37:48.968018+00:00,215,r-scylla4,4,0,outgoing,0
2026-09-21T15:37:48.968018+00:00,215,r-scylla4,4,1,incoming,138818
2026-09-21T15:37:48.968018+00:00,215,r-scylla4,4,1,outgoing,0
2026-09-21T15:37:49.965636+00:00,216,r-scylla1,4,0,incoming,0
2026-09-21T15:37:49.965636+00:00,216,r-scylla1,4,0,outgoing,276768
2026-09-21T15:37:49.965636+00:00,216,r-scylla1,4,1,incoming,0
2026-09-21T15:37:49.965636+00:00,216,r-scylla1,4,1,outgoing,139000
2026-09-21T15:37:49.965636+00:00,216,r-scylla2,4,0,incoming,138384
2026-09-21T15:37:49.965636+00:00,216,r-scylla2,4,0,outgoing,138384
2026-09-21T15:37:49.965636+00:00,216,r-scylla2,4,1,incoming,290
2026-09-21T15:37:49.965636+00:00,216,r-scylla2,4,1,outgoing,138312
2026-09-21T15:37:49.965636+00:00,216,r-scylla3,4,0,incoming,138384
2026-09-21T15:37:49.965636+00:00,216,r-scylla3,4,0,outgoing,184392
2026-09-21T15:37:49.965636+00:00,216,r-scylla3,4,1,incoming,138710
2026-09-21T15:37:49.965636+00:00,216,r-scylla3,4,1,outgoing,506
2026-09-21T15:37:49.965636+00:00,216,r-scylla4,4,0,incoming,322776
2026-09-21T15:37:49.965636+00:00,216,r-scylla4,4,0,outgoing,0
2026-09-21T15:37:49.965636+00:00,216,r-scylla4,4,1,incoming,138818
2026-09-21T15:37:49.965636+00:00,216,r-scylla4,4,1,outgoing,0
2026-09-21T15:37:50.966081+00:00,217,r-scylla1,4,0,incoming,0
2026-09-21T15:37:50.966081+00:00,217,r-scylla1,4,0,outgoing,276768
2026-09-21T15:37:50.966081+00:00,217,r-scylla1,4,1,incoming,0
2026-09-21T15:37:50.966081+00:00,217,r-scylla1,4,1,outgoing,139000
2026-09-21T15:37:50.966081+00:00,217,r-scylla2,4,0,incoming,138384
2026-09-21T15:37:50.966081+00:00,217,r-scylla2,4,0,outgoing,138384
2026-09-21T15:37:50.966081+00:00,217,r-scylla2,4,1,incoming,290
2026-09-21T15:37:50.966081+00:00,217,r-scylla2,4,1,outgoing,138312
2026-09-21T15:37:50.966081+00:00,217,r-scylla3,4,0,incoming,138384
2026-09-21T15:37:50.966081+00:00,217,r-scylla3,4,0,outgoing,184392
2026-09-21T15:37:50.966081+00:00,217,r-scylla3,4,1,incoming,138710
2026-09-21T15:37:50.966081+00:00,217,r-scylla3,4,1,outgoing,506
2026-09-21T15:37:50.966081+00:00,217,r-scylla4,4,0,incoming,322776
2026-09-21T15:37:50.966081+00:00,217,r-scylla4,4,0,outgoing,0
2026-09-21T15:37:50.966081+00:00,217,r-scylla4,4,1,incoming,138818
2026-09-21T15:37:50.966081+00:00,217,r-scylla4,4,1,outgoing,0
2026-09-21T15:37:51.966620+00:00,218,r-scylla1,4,0,incoming,0
2026-09-21T15:37:51.966620+00:00,218,r-scylla1,4,0,outgoing,276768
2026-09-21T15:37:51.966620+00:00,218,r-scylla1,4,1,incoming,0
2026-09-21T15:37:51.966620+00:00,218,r-scylla1,4,1,outgoing,139000
2026-09-21T15:37:51.966620+00:00,218,r-scylla2,4,0,incoming,138384
2026-09-21T15:37:51.966620+00:00,218,r-scylla2,4,0,outgoing,138384
2026-09-21T15:37:51.966620+00:00,218,r-scylla2,4,1,incoming,290
2026-09-21T15:37:51.966620+00:00,218,r-scylla2,4,1,outgoing,138312
2026-09-21T15:37:51.966620+00:00,218,r-scylla3,4,0,incoming,138384
2026-09-21T15:37:51.966620+00:00,218,r-scylla3,4,0,outgoing,184392
2026-09-21T15:37:51.966620+00:00,218,r-scylla3,4,1,incoming,138710
2026-09-21T15:37:51.966620+00:00,218,r-scylla3,4,1,outgoing,506
2026-09-21T15:37:51.966620+00:00,218,r-scylla4,4,0,incoming,322776
2026-09-21T15:37:51.966620+00:00,218,r-scylla4,4,0,outgoing,0
2026-09-21T15:37:51.966620+00:00,218,r-scylla4,4,1,incoming,138818
2026-09-21T15:37:51.966620+00:00,218,r-scylla4,4,1,outgoing,0
2026-09-21T15:37:52.966889+00:00,219,r-scylla1,4,0,incoming,0
2026-09-21T15:37:52.966889+00:00,219,r-scylla1,4,0,outgoing,276768
2026-09-21T15:37:52.966889+00:00,219,r-scylla1,4,1,incoming,0
2026-09-21T15:37:52.966889+00:00,219,r-scylla1,4,1,outgoing,139000
2026-09-21T15:37:52.966889+00:00,219,r-scylla2,4,0,incoming,138384
2026-09-21T15:37:52.966889+00:00,219,r-scylla2,4,0,outgoing,138384
2026-09-21T15:37:52.966889+00:00,219,r-scylla2,4,1,incoming,290
2026-09-21T15:37:52.966889+00:00,219,r-scylla2,4,1,outgoing,138312
2026-09-21T15:37:52.966889+00:00,219,r-scylla3,4,0,incoming,138384
2026-09-21T15:37:52.966889+00:00,219,r-scylla3,4,0,outgoing,184392
2026-09-21T15:37:52.966889+00:00,219,r-scylla3,4,1,incoming,138710
2026-09-21T15:37:52.966889+00:00,219,r-scylla3,4,1,outgoing,506
2026-09-21T15:37:52.966889+00:00,219,r-scylla4,4,0,incoming,322776
2026-09-21T15:37:52.966889+00:00,219,r-scylla4,4,0,outgoing,0
2026-09-21T15:37:52.966889+00:00,219,r-scylla4,4,1,incoming,138818
2026-09-21T15:37:52.966889+00:00,219,r-scylla4,4,1,outgoing,0
2026-09-21T15:37:53.967132+00:00,220,r-scylla1,4,0,incoming,0
2026-09-21T15:37:53.967132+00:00,220,r-scylla1,4,0,outgoing,276768
2026-09-21T15:37:53.967132+00:00,220,r-scylla1,4,1,incoming,0
2026-09-21T15:37:53.967132+00:00,220,r-scylla1,4,1,outgoing,139000
2026-09-21T15:37:53.967132+00:00,220,r-scylla2,4,0,incoming,138384
2026-09-21T15:37:53.967132+00:00,220,r-scylla2,4,0,outgoing,138384
2026-09-21T15:37:53.967132+00:00,220,r-scylla2,4,1,incoming,290
2026-09-21T15:37:53.967132+00:00,220,r-scylla2,4,1,outgoing,138312
2026-09-21T15:37:53.967132+00:00,220,r-scylla3,4,0,incoming,138384
2026-09-21T15:37:53.967132+00:00,220,r-scylla3,4,0,outgoing,184392
2026-09-21T15:37:53.967132+00:00,220,r-scylla3,4,1,incoming,138710
2026-09-21T15:37:53.967132+00:00,220,r-scylla3,4,1,outgoing,506
2026-09-21T15:37:53.967132+00:00,220,r-scylla4,4,0,incoming,322776
2026-09-21T15:37:53.967132+00:00,220,r-scylla4,4,0,outgoing,0
2026-09-21T15:37:53.967132+00:00,220,r-scylla4,4,1,incoming,138818
2026-09-21T15:37:53.967132+00:00,220,r-scylla4,4,1,outgoing,0
2026-09-21T15:37:54.967337+00:00,221,r-scylla1,4,0,incoming,0
2026-09-21T15:37:54.967337+00:00,221,r-scylla1,4,0,outgoing,276768
2026-09-21T15:37:54.967337+00:00,221,r-scylla1,4,1,incoming,0
2026-09-21T15:37:54.967337+00:00,221,r-scylla1,4,1,outgoing,139000
2026-09-21T15:37:54.967337+00:00,221,r-scylla2,4,0,incoming,138384
2026-09-21T15:37:54.967337+00:00,221,r-scylla2,4,0,outgoing,138384
2026-09-21T15:37:54.967337+00:00,221,r-scylla2,4,1,incoming,290
2026-09-21T15:37:54.967337+00:00,221,r-scylla2,4,1,outgoing,138312
2026-09-21T15:37:54.967337+00:00,221,r-scylla3,4,0,incoming,138384
2026-09-21T15:37:54.967337+00:00,221,r-scylla3,4,0,outgoing,184392
2026-09-21T15:37:54.967337+00:00,221,r-scylla3,4,1,incoming,138710
2026-09-21T15:37:54.967337+00:00,221,r-scylla3,4,1,outgoing,506
2026-09-21T15:37:54.967337+00:00,221,r-scylla4,4,0,incoming,322776
2026-09-21T15:37:54.967337+00:00,221,r-scylla4,4,0,outgoing,0
2026-09-21T15:37:54.967337+00:00,221,r-scylla4,4,1,incoming,138818
2026-09-21T15:37:54.967337+00:00,221,r-scylla4,4,1,outgoing,0
2026-09-21T15:37:55.967736+00:00,222,r-scylla1,4,0,incoming,0
2026-09-21T15:37:55.967736+00:00,222,r-scylla1,4,0,outgoing,276768
2026-09-21T15:37:55.967736+00:00,222,r-scylla1,4,1,incoming,0
2026-09-21T15:37:55.967736+00:00,222,r-scylla1,4,1,outgoing,139000
2026-09-21T15:37:55.967736+00:00,222,r-scylla2,4,0,incoming,138384
2026-09-21T15:37:55.967736+00:00,222,r-scylla2,4,0,outgoing,138384
2026-09-21T15:37:55.967736+00:00,222,r-scylla2,4,1,incoming,290
2026-09-21T15:37:55.967736+00:00,222,r-scylla2,4,1,outgoing,138312
2026-09-21T15:37:55.967736+00:00,222,r-scylla3,4,0,incoming,138384
2026-09-21T15:37:55.967736+00:00,222,r-scylla3,4,0,outgoing,184392
2026-09-21T15:37:55.967736+00:00,222,r-scylla3,4,1,incoming,138710
2026-09-21T15:37:55.967736+00:00,222,r-scylla3,4,1,outgoing,506
2026-09-21T15:37:55.967736+00:00,222,r-scylla4,4,0,incoming,322776
2026-09-21T15:37:55.967736+00:00,222,r-scylla4,4,0,outgoing,0
2026-09-21T15:37:55.967736+00:00,222,r-scylla4,4,1,incoming,138818
2026-09-21T15:37:55.967736+00:00,222,r-scylla4,4,1,outgoing,0
2026-09-21T15:37:56.967982+00:00,223,r-scylla1,4,0,incoming,0
2026-09-21T15:37:56.967982+00:00,223,r-scylla1,4,0,outgoing,276768
2026-09-21T15:37:56.967982+00:00,223,r-scylla1,4,1,incoming,0
2026-09-21T15:37:56.967982+00:00,223,r-scylla1,4,1,outgoing,139000
2026-09-21T15:37:56.967982+00:00,223,r-scylla2,4,0,incoming,138384
2026-09-21T15:37:56.967982+00:00,223,r-scylla2,4,0,outgoing,138384
2026-09-21T15:37:56.967982+00:00,223,r-scylla2,4,1,incoming,290
2026-09-21T15:37:56.967982+00:00,223,r-scylla2,4,1,outgoing,138312
2026-09-21T15:37:56.967982+00:00,223,r-scylla3,4,0,incoming,138384
2026-09-21T15:37:56.967982+00:00,223,r-scylla3,4,0,outgoing,184392
2026-09-21T15:37:56.967982+00:00,223,r-scylla3,4,1,incoming,138710
2026-09-21T15:37:56.967982+00:00,223,r-scylla3,4,1,outgoing,506
2026-09-21T15:37:56.967982+00:00,223,r-scylla4,4,0,incoming,322776
2026-09-21T15:37:56.967982+00:00,223,r-scylla4,4,0,outgoing,0
2026-09-21T15:37:56.967982+00:00,223,r-scylla4,4,1,incoming,138818
2026-09-21T15:37:56.967982+00:00,223,r-scylla4,4,1,outgoing,0
2026-09-21T15:37:57.968338+00:00,224,r-scylla1,4,0,incoming,0
2026-09-21T15:37:57.968338+00:00,224,r-scylla1,4,0,outgoing,276768
2026-09-21T15:37:57.968338+00:00,224,r-scylla1,4,1,incoming,0
2026-09-21T15:37:57.968338+00:00,224,r-scylla1,4,1,outgoing,139000
2026-09-21T15:37:57.968338+00:00,224,r-scylla2,4,0,incoming,138384
2026-09-21T15:37:57.968338+00:00,224,r-scylla2,4,0,outgoing,138384
2026-09-21T15:37:57.968338+00:00,224,r-scylla2,4,1,incoming,290
2026-09-21T15:37:57.968338+00:00,224,r-scylla2,4,1,outgoing,138312
2026-09-21T15:37:57.968338+00:00,224,r-scylla3,4,0,incoming,138384
2026-09-21T15:37:57.968338+00:00,224,r-scylla3,4,0,outgoing,184392
2026-09-21T15:37:57.968338+00:00,224,r-scylla3,4,1,incoming,138710
2026-09-21T15:37:57.968338+00:00,224,r-scylla3,4,1,outgoing,506
2026-09-21T15:37:57.968338+00:00,224,r-scylla4,4,0,incoming,322776
2026-09-21T15:37:57.968338+00:00,224,r-scylla4,4,0,outgoing,0
2026-09-21T15:37:57.968338+00:00,224,r-scylla4,4,1,incoming,138818
2026-09-21T15:37:57.968338+00:00,224,r-scylla4,4,1,outgoing,0
2026-09-21T15:37:58.968663+00:00,225,r-scylla1,4,0,incoming,0
2026-09-21T15:37:58.968663+00:00,225,r-scylla1,4,0,outgoing,276768
2026-09-21T15:37:58.968663+00:00,225,r-scylla1,4,1,incoming,0
2026-09-21T15:37:58.968663+00:00,225,r-scylla1,4,1,outgoing,139000
2026-09-21T15:37:58.968663+00:00,225,r-scylla2,4,0,incoming,138384
2026-09-21T15:37:58.968663+00:00,225,r-scylla2,4,0,outgoing,138384
2026-09-21T15:37:58.968663+00:00,225,r-scylla2,4,1,incoming,290
2026-09-21T15:37:58.968663+00:00,225,r-scylla2,4,1,outgoing,138312
2026-09-21T15:37:58.968663+00:00,225,r-scylla3,4,0,incoming,138384
2026-09-21T15:37:58.968663+00:00,225,r-scylla3,4,0,outgoing,184392
2026-09-21T15:37:58.968663+00:00,225,r-scylla3,4,1,incoming,138710
2026-09-21T15:37:58.968663+00:00,225,r-scylla3,4,1,outgoing,506
2026-09-21T15:37:58.968663+00:00,225,r-scylla4,4,0,incoming,322776
2026-09-21T15:37:58.968663+00:00,225,r-scylla4,4,0,outgoing,0
2026-09-21T15:37:58.968663+00:00,225,r-scylla4,4,1,incoming,138818
2026-09-21T15:37:58.968663+00:00,225,r-scylla4,4,1,outgoing,0
2026-09-21T15:37:59.968967+00:00,226,r-scylla1,4,0,incoming,0
2026-09-21T15:37:59.968967+00:00,226,r-scylla1,4,0,outgoing,276768
2026-09-21T15:37:59.968967+00:00,226,r-scylla1,4,1,incoming,0
2026-09-21T15:37:59.968967+00:00,226,r-scylla1,4,1,outgoing,139000
2026-09-21T15:37:59.968967+00:00,226,r-scylla2,4,0,incoming,138384
2026-09-21T15:37:59.968967+00:00,226,r-scylla2,4,0,outgoing,138384
2026-09-21T15:37:59.968967+00:00,226,r-scylla2,4,1,incoming,290
2026-09-21T15:37:59.968967+00:00,226,r-scylla2,4,1,outgoing,138312
2026-09-21T15:37:59.968967+00:00,226,r-scylla3,4,0,incoming,138384
2026-09-21T15:37:59.968967+00:00,226,r-scylla3,4,0,outgoing,184392
2026-09-21T15:37:59.968967+00:00,226,r-scylla3,4,1,incoming,138710
2026-09-21T15:37:59.968967+00:00,226,r-scylla3,4,1,outgoing,506
2026-09-21T15:37:59.968967+00:00,226,r-scylla4,4,0,incoming,322776
2026-09-21T15:37:59.968967+00:00,226,r-scylla4,4,0,outgoing,0
2026-09-21T15:37:59.968967+00:00,226,r-scylla4,4,1,incoming,138818
2026-09-21T15:37:59.968967+00:00,226,r-scylla4,4,1,outgoing,0
2026-09-21T15:38:00.969247+00:00,227,r-scylla1,4,0,incoming,0
2026-09-21T15:38:00.969247+00:00,227,r-scylla1,4,0,outgoing,276768
2026-09-21T15:38:00.969247+00:00,227,r-scylla1,4,1,incoming,0
2026-09-21T15:38:00.969247+00:00,227,r-scylla1,4,1,outgoing,139000
2026-09-21T15:38:00.969247+00:00,227,r-scylla2,4,0,incoming,138384
2026-09-21T15:38:00.969247+00:00,227,r-scylla2,4,0,outgoing,138384
2026-09-21T15:38:00.969247+00:00,227,r-scylla2,4,1,incoming,290
2026-09-21T15:38:00.969247+00:00,227,r-scylla2,4,1,outgoing,138312
2026-09-21T15:38:00.969247+00:00,227,r-scylla3,4,0,incoming,138384
2026-09-21T15:38:00.969247+00:00,227,r-scylla3,4,0,outgoing,184392
2026-09-21T15:38:00.969247+00:00,227,r-scylla3,4,1,incoming,138710
2026-09-21T15:38:00.969247+00:00,227,r-scylla3,4,1,outgoing,506
2026-09-21T15:38:00.969247+00:00,227,r-scylla4,4,0,incoming,322776
2026-09-21T15:38:00.969247+00:00,227,r-scylla4,4,0,outgoing,0
2026-09-21T15:38:00.969247+00:00,227,r-scylla4,4,1,incoming,138818
2026-09-21T15:38:00.969247+00:00,227,r-scylla4,4,1,outgoing,0
2026-09-21T15:38:01.969593+00:00,228,r-scylla1,4,0,incoming,0
2026-09-21T15:38:01.969593+00:00,228,r-scylla1,4,0,outgoing,276768
2026-09-21T15:38:01.969593+00:00,228,r-scylla1,4,1,incoming,0
2026-09-21T15:38:01.969593+00:00,228,r-scylla1,4,1,outgoing,139000
2026-09-21T15:38:01.969593+00:00,228,r-scylla2,4,0,incoming,138384
2026-09-21T15:38:01.969593+00:00,228,r-scylla2,4,0,outgoing,138384
2026-09-21T15:38:01.969593+00:00,228,r-scylla2,4,1,incoming,290
2026-09-21T15:38:01.969593+00:00,228,r-scylla2,4,1,outgoing,138312
2026-09-21T15:38:01.969593+00:00,228,r-scylla3,4,0,incoming,138384
2026-09-21T15:38:01.969593+00:00,228,r-scylla3,4,0,outgoing,184392
2026-09-21T15:38:01.969593+00:00,228,r-scylla3,4,1,incoming,138710
2026-09-21T15:38:01.969593+00:00,228,r-scylla3,4,1,outgoing,506
2026-09-21T15:38:01.969593+00:00,228,r-scylla4,4,0,incoming,322776
2026-09-21T15:38:01.969593+00:00,228,r-scylla4,4,0,outgoing,0
2026-09-21T15:38:01.969593+00:00,228,r-scylla4,4,1,incoming,138818
2026-09-21T15:38:01.969593+00:00,228,r-scylla4,4,1,outgoing,0
2026-09-21T15:38:02.969940+00:00,229,r-scylla1,4,0,incoming,0
2026-09-21T15:38:02.969940+00:00,229,r-scylla1,4,0,outgoing,276768
2026-09-21T15:38:02.969940+00:00,229,r-scylla1,4,1,incoming,0
2026-09-21T15:38:02.969940+00:00,229,r-scylla1,4,1,outgoing,139000
2026-09-21T15:38:02.969940+00:00,229,r-scylla2,4,0,incoming,138384
2026-09-21T15:38:02.969940+00:00,229,r-scylla2,4,0,outgoing,138384
2026-09-21T15:38:02.969940+00:00,229,r-scylla2,4,1,incoming,290
2026-09-21T15:38:02.969940+00:00,229,r-scylla2,4,1,outgoing,138312
2026-09-21T15:38:02.969940+00:00,229,r-scylla3,4,0,incoming,138384
2026-09-21T15:38:02.969940+00:00,229,r-scylla3,4,0,outgoing,184392
2026-09-21T15:38:02.969940+00:00,229,r-scylla3,4,1,incoming,138710
2026-09-21T15:38:02.969940+00:00,229,r-scylla3,4,1,outgoing,506
2026-09-21T15:38:02.969940+00:00,229,r-scylla4,4,0,incoming,322776
2026-09-21T15:38:02.969940+00:00,229,r-scylla4,4,0,outgoing,0
2026-09-21T15:38:02.969940+00:00,229,r-scylla4,4,1,incoming,138818
2026-09-21T15:38:02.969940+00:00,229,r-scylla4,4,1,outgoing,0
2026-09-21T15:38:03.970218+00:00,230,r-scylla1,4,0,incoming,0
2026-09-21T15:38:03.970218+00:00,230,r-scylla1,4,0,outgoing,276768
2026-09-21T15:38:03.970218+00:00,230,r-scylla1,4,1,incoming,0
2026-09-21T15:38:03.970218+00:00,230,r-scylla1,4,1,outgoing,139000
2026-09-21T15:38:03.970218+00:00,230,r-scylla2,4,0,incoming,138384
2026-09-21T15:38:03.970218+00:00,230,r-scylla2,4,0,outgoing,138384
2026-09-21T15:38:03.970218+00:00,230,r-scylla2,4,1,incoming,290
2026-09-21T15:38:03.970218+00:00,230,r-scylla2,4,1,outgoing,138312
2026-09-21T15:38:03.970218+00:00,230,r-scylla3,4,0,incoming,138384
2026-09-21T15:38:03.970218+00:00,230,r-scylla3,4,0,outgoing,184392
2026-09-21T15:38:03.970218+00:00,230,r-scylla3,4,1,incoming,138710
2026-09-21T15:38:03.970218+00:00,230,r-scylla3,4,1,outgoing,506
2026-09-21T15:38:03.970218+00:00,230,r-scylla4,4,0,incoming,322776
2026-09-21T15:38:03.970218+00:00,230,r-scylla4,4,0,outgoing,0
2026-09-21T15:38:03.970218+00:00,230,r-scylla4,4,1,incoming,138818
2026-09-21T15:38:03.970218+00:00,230,r-scylla4,4,1,outgoing,0
2026-09-21T15:38:04.970597+00:00,231,r-scylla1,4,0,incoming,0
2026-09-21T15:38:04.970597+00:00,231,r-scylla1,4,0,outgoing,276768
2026-09-21T15:38:04.970597+00:00,231,r-scylla1,4,1,incoming,0
2026-09-21T15:38:04.970597+00:00,231,r-scylla1,4,1,outgoing,139000
2026-09-21T15:38:04.970597+00:00,231,r-scylla2,4,0,incoming,138384
2026-09-21T15:38:04.970597+00:00,231,r-scylla2,4,0,outgoing,138384
2026-09-21T15:38:04.970597+00:00,231,r-scylla2,4,1,incoming,290
2026-09-21T15:38:04.970597+00:00,231,r-scylla2,4,1,outgoing,138312
2026-09-21T15:38:04.970597+00:00,231,r-scylla3,4,0,incoming,138384
2026-09-21T15:38:04.970597+00:00,231,r-scylla3,4,0,outgoing,184392
2026-09-21T15:38:04.970597+00:00,231,r-scylla3,4,1,incoming,138710
2026-09-21T15:38:04.970597+00:00,231,r-scylla3,4,1,outgoing,506
2026-09-21T15:38:04.970597+00:00,231,r-scylla4,4,0,incoming,322776
2026-09-21T15:38:04.970597+00:00,231,r-scylla4,4,0,outgoing,0
2026-09-21T15:38:04.970597+00:00,231,r-scylla4,4,1,incoming,138818
2026-09-21T15:38:04.970597+00:00,231,r-scylla4,4,1,outgoing,0
2026-09-21T15:38:05.971025+00:00,232,r-scylla1,4,0,incoming,0
2026-09-21T15:38:05.971025+00:00,232,r-scylla1,4,0,outgoing,276768
2026-09-21T15:38:05.971025+00:00,232,r-scylla1,4,1,incoming,0
2026-09-21T15:38:05.971025+00:00,232,r-scylla1,4,1,outgoing,139000
2026-09-21T15:38:05.971025+00:00,232,r-scylla2,4,0,incoming,138384
2026-09-21T15:38:05.971025+00:00,232,r-scylla2,4,0,outgoing,138384
2026-09-21T15:38:05.971025+00:00,232,r-scylla2,4,1,incoming,290
2026-09-21T15:38:05.971025+00:00,232,r-scylla2,4,1,outgoing,138312
2026-09-21T15:38:05.971025+00:00,232,r-scylla3,4,0,incoming,138384
2026-09-21T15:38:05.971025+00:00,232,r-scylla3,4,0,outgoing,184392
2026-09-21T15:38:05.971025+00:00,232,r-scylla3,4,1,incoming,138710
2026-09-21T15:38:05.971025+00:00,232,r-scylla3,4,1,outgoing,506
2026-09-21T15:38:05.971025+00:00,232,r-scylla4,4,0,incoming,322776
2026-09-21T15:38:05.971025+00:00,232,r-scylla4,4,0,outgoing,0
2026-09-21T15:38:05.971025+00:00,232,r-scylla4,4,1,incoming,138818
2026-09-21T15:38:05.971025+00:00,232,r-scylla4,4,1,outgoing,0
2026-09-21T15:38:06.971609+00:00,233,r-scylla1,4,0,incoming,0
2026-09-21T15:38:06.971609+00:00,233,r-scylla1,4,0,outgoing,276768
2026-09-21T15:38:06.971609+00:00,233,r-scylla1,4,1,incoming,0
2026-09-21T15:38:06.971609+00:00,233,r-scylla1,4,1,outgoing,139000
2026-09-21T15:38:06.971609+00:00,233,r-scylla2,4,0,incoming,138384
2026-09-21T15:38:06.971609+00:00,233,r-scylla2,4,0,outgoing,138384
2026-09-21T15:38:06.971609+00:00,233,r-scylla2,4,1,incoming,290
2026-09-21T15:38:06.971609+00:00,233,r-scylla2,4,1,outgoing,138312
2026-09-21T15:38:06.971609+00:00,233,r-scylla3,4,0,incoming,138384
2026-09-21T15:38:06.971609+00:00,233,r-scylla3,4,0,outgoing,184392
2026-09-21T15:38:06.971609+00:00,233,r-scylla3,4,1,incoming,138710
2026-09-21T15:38:06.971609+00:00,233,r-scylla3,4,1,outgoing,506
2026-09-21T15:38:06.971609+00:00,233,r-scylla4,4,0,incoming,322776
2026-09-21T15:38:06.971609+00:00,233,r-scylla4,4,0,outgoing,0
2026-09-21T15:38:06.971609+00:00,233,r-scylla4,4,1,incoming,138818
2026-09-21T15:38:06.971609+00:00,233,r-scylla4,4,1,outgoing,0
2026-09-21T15:38:07.971747+00:00,234,r-scylla1,4,0,incoming,0
2026-09-21T15:38:07.971747+00:00,234,r-scylla1,4,0,outgoing,276768
2026-09-21T15:38:07.971747+00:00,234,r-scylla1,4,1,incoming,0
2026-09-21T15:38:07.971747+00:00,234,r-scylla1,4,1,outgoing,139000
2026-09-21T15:38:07.971747+00:00,234,r-scylla2,4,0,incoming,138384
2026-09-21T15:38:07.971747+00:00,234,r-scylla2,4,0,outgoing,138384
2026-09-21T15:38:07.971747+00:00,234,r-scylla2,4,1,incoming,290
2026-09-21T15:38:07.971747+00:00,234,r-scylla2,4,1,outgoing,138312
2026-09-21T15:38:07.971747+00:00,234,r-scylla3,4,0,incoming,138384
2026-09-21T15:38:07.971747+00:00,234,r-scylla3,4,0,outgoing,184392
2026-09-21T15:38:07.971747+00:00,234,r-scylla3,4,1,incoming,138710
2026-09-21T15:38:07.971747+00:00,234,r-scylla3,4,1,outgoing,506
2026-09-21T15:38:07.971747+00:00,234,r-scylla4,4,0,incoming,322776
2026-09-21T15:38:07.971747+00:00,234,r-scylla4,4,0,outgoing,0
2026-09-21T15:38:07.971747+00:00,234,r-scylla4,4,1,incoming,138818
2026-09-21T15:38:07.971747+00:00,234,r-scylla4,4,1,outgoing,0
2026-09-21T15:38:08.971958+00:00,235,r-scylla1,4,0,incoming,0
2026-09-21T15:38:08.971958+00:00,235,r-scylla1,4,0,outgoing,276768
2026-09-21T15:38:08.971958+00:00,235,r-scylla1,4,1,incoming,0
2026-09-21T15:38:08.971958+00:00,235,r-scylla1,4,1,outgoing,139000
2026-09-21T15:38:08.971958+00:00,235,r-scylla2,4,0,incoming,138384
2026-09-21T15:38:08.971958+00:00,235,r-scylla2,4,0,outgoing,138384
2026-09-21T15:38:08.971958+00:00,235,r-scylla2,4,1,incoming,290
2026-09-21T15:38:08.971958+00:00,235,r-scylla2,4,1,outgoing,138312
2026-09-21T15:38:08.971958+00:00,235,r-scylla3,4,0,incoming,138384
2026-09-21T15:38:08.971958+00:00,235,r-scylla3,4,0,outgoing,184392
2026-09-21T15:38:08.971958+00:00,235,r-scylla3,4,1,incoming,138710
2026-09-21T15:38:08.971958+00:00,235,r-scylla3,4,1,outgoing,506
2026-09-21T15:38:08.971958+00:00,235,r-scylla4,4,0,incoming,322776
2026-09-21T15:38:08.971958+00:00,235,r-scylla4,4,0,outgoing,0
2026-09-21T15:38:08.971958+00:00,235,r-scylla4,4,1,incoming,138818
2026-09-21T15:38:08.971958+00:00,235,r-scylla4,4,1,outgoing,0
2026-09-21T15:38:09.972098+00:00,236,r-scylla1,4,0,incoming,0
2026-09-21T15:38:09.972098+00:00,236,r-scylla1,4,0,outgoing,276768
2026-09-21T15:38:09.972098+00:00,236,r-scylla1,4,1,incoming,0
2026-09-21T15:38:09.972098+00:00,236,r-scylla1,4,1,outgoing,139000
2026-09-21T15:38:09.972098+00:00,236,r-scylla2,4,0,incoming,138384
2026-09-21T15:38:09.972098+00:00,236,r-scylla2,4,0,outgoing,138384
2026-09-21T15:38:09.972098+00:00,236,r-scylla2,4,1,incoming,290
2026-09-21T15:38:09.972098+00:00,236,r-scylla2,4,1,outgoing,138312
2026-09-21T15:38:09.972098+00:00,236,r-scylla3,4,0,incoming,138384
2026-09-21T15:38:09.972098+00:00,236,r-scylla3,4,0,outgoing,184392
2026-09-21T15:38:09.972098+00:00,236,r-scylla3,4,1,incoming,138710
2026-09-21T15:38:09.972098+00:00,236,r-scylla3,4,1,outgoing,506
2026-09-21T15:38:09.972098+00:00,236,r-scylla4,4,0,incoming,322776
2026-09-21T15:38:09.972098+00:00,236,r-scylla4,4,0,outgoing,0
2026-09-21T15:38:09.972098+00:00,236,r-scylla4,4,1,incoming,138818
2026-09-21T15:38:09.972098+00:00,236,r-scylla4,4,1,outgoing,0
2026-09-21T15:38:10.972388+00:00,237,r-scylla1,4,0,incoming,0
2026-09-21T15:38:10.972388+00:00,237,r-scylla1,4,0,outgoing,276768
2026-09-21T15:38:10.972388+00:00,237,r-scylla1,4,1,incoming,0
2026-09-21T15:38:10.972388+00:00,237,r-scylla1,4,1,outgoing,139000
2026-09-21T15:38:10.972388+00:00,237,r-scylla2,4,0,incoming,138384
2026-09-21T15:38:10.972388+00:00,237,r-scylla2,4,0,outgoing,138384
2026-09-21T15:38:10.972388+00:00,237,r-scylla2,4,1,incoming,290
2026-09-21T15:38:10.972388+00:00,237,r-scylla2,4,1,outgoing,138312
2026-09-21T15:38:10.972388+00:00,237,r-scylla3,4,0,incoming,138384
2026-09-21T15:38:10.972388+00:00,237,r-scylla3,4,0,outgoing,184392
2026-09-21T15:38:10.972388+00:00,237,r-scylla3,4,1,incoming,138710
2026-09-21T15:38:10.972388+00:00,237,r-scylla3,4,1,outgoing,506
2026-09-21T15:38:10.972388+00:00,237,r-scylla4,4,0,incoming,322776
2026-09-21T15:38:10.972388+00:00,237,r-scylla4,4,0,outgoing,0
2026-09-21T15:38:10.972388+00:00,237,r-scylla4,4,1,incoming,138818
2026-09-21T15:38:10.972388+00:00,237,r-scylla4,4,1,outgoing,0
2026-09-21T15:38:11.972946+00:00,238,r-scylla1,4,0,incoming,0
2026-09-21T15:38:11.972946+00:00,238,r-scylla1,4,0,outgoing,276768
2026-09-21T15:38:11.972946+00:00,238,r-scylla1,4,1,incoming,0
2026-09-21T15:38:11.972946+00:00,238,r-scylla1,4,1,outgoing,139000
2026-09-21T15:38:11.972946+00:00,238,r-scylla2,4,0,incoming,138384
2026-09-21T15:38:11.972946+00:00,238,r-scylla2,4,0,outgoing,138384
2026-09-21T15:38:11.972946+00:00,238,r-scylla2,4,1,incoming,290
2026-09-21T15:38:11.972946+00:00,238,r-scylla2,4,1,outgoing,138312
2026-09-21T15:38:11.972946+00:00,238,r-scylla3,4,0,incoming,138384
2026-09-21T15:38:11.972946+00:00,238,r-scylla3,4,0,outgoing,184392
2026-09-21T15:38:11.972946+00:00,238,r-scylla3,4,1,incoming,138710
2026-09-21T15:38:11.972946+00:00,238,r-scylla3,4,1,outgoing,506
2026-09-21T15:38:11.972946+00:00,238,r-scylla4,4,0,incoming,322776
2026-09-21T15:38:11.972946+00:00,238,r-scylla4,4,0,outgoing,0
2026-09-21T15:38:11.972946+00:00,238,r-scylla4,4,1,incoming,138818
2026-09-21T15:38:11.972946+00:00,238,r-scylla4,4,1,outgoing,0
2026-09-21T15:38:12.973219+00:00,239,r-scylla1,4,0,incoming,0
2026-09-21T15:38:12.973219+00:00,239,r-scylla1,4,0,outgoing,276768
2026-09-21T15:38:12.973219+00:00,239,r-scylla1,4,1,incoming,0
2026-09-21T15:38:12.973219+00:00,239,r-scylla1,4,1,outgoing,139000
2026-09-21T15:38:12.973219+00:00,239,r-scylla2,4,0,incoming,138384
2026-09-21T15:38:12.973219+00:00,239,r-scylla2,4,0,outgoing,138384
2026-09-21T15:38:12.973219+00:00,239,r-scylla2,4,1,incoming,290
2026-09-21T15:38:12.973219+00:00,239,r-scylla2,4,1,outgoing,138312
2026-09-21T15:38:12.973219+00:00,239,r-scylla3,4,0,incoming,138384
2026-09-21T15:38:12.973219+00:00,239,r-scylla3,4,0,outgoing,184392
2026-09-21T15:38:12.973219+00:00,239,r-scylla3,4,1,incoming,138710
2026-09-21T15:38:12.973219+00:00,239,r-scylla3,4,1,outgoing,506
2026-09-21T15:38:12.973219+00:00,239,r-scylla4,4,0,incoming,322776
2026-09-21T15:38:12.973219+00:00,239,r-scylla4,4,0,outgoing,0
2026-09-21T15:38:12.973219+00:00,239,r-scylla4,4,1,incoming,138818
2026-09-21T15:38:12.973219+00:00,239,r-scylla4,4,1,outgoing,0
2026-09-21T15:38:13.973457+00:00,240,r-scylla1,4,0,incoming,0
2026-09-21T15:38:13.973457+00:00,240,r-scylla1,4,0,outgoing,276768
2026-09-21T15:38:13.973457+00:00,240,r-scylla1,4,1,incoming,0
2026-09-21T15:38:13.973457+00:00,240,r-scylla1,4,1,outgoing,139000
2026-09-21T15:38:13.973457+00:00,240,r-scylla2,4,0,incoming,138384
2026-09-21T15:38:13.973457+00:00,240,r-scylla2,4,0,outgoing,138384
2026-09-21T15:38:13.973457+00:00,240,r-scylla2,4,1,incoming,290
2026-09-21T15:38:13.973457+00:00,240,r-scylla2,4,1,outgoing,138312
2026-09-21T15:38:13.973457+00:00,240,r-scylla3,4,0,incoming,138384
2026-09-21T15:38:13.973457+00:00,240,r-scylla3,4,0,outgoing,184392
2026-09-21T15:38:13.973457+00:00,240,r-scylla3,4,1,incoming,138710
2026-09-21T15:38:13.973457+00:00,240,r-scylla3,4,1,outgoing,506
2026-09-21T15:38:13.973457+00:00,240,r-scylla4,4,0,incoming,322776
2026-09-21T15:38:13.973457+00:00,240,r-scylla4,4,0,outgoing,0
2026-09-21T15:38:13.973457+00:00,240,r-scylla4,4,1,incoming,138818
2026-09-21T15:38:13.973457+00:00,240,r-scylla4,4,1,outgoing,0
2026-09-21T15:38:14.973774+00:00,241,r-scylla1,4,0,incoming,0
2026-09-21T15:38:14.973774+00:00,241,r-scylla1,4,0,outgoing,276768
2026-09-21T15:38:14.973774+00:00,241,r-scylla1,4,1,incoming,0
2026-09-21T15:38:14.973774+00:00,241,r-scylla1,4,1,outgoing,139000
2026-09-21T15:38:14.973774+00:00,241,r-scylla2,4,0,incoming,138384
2026-09-21T15:38:14.973774+00:00,241,r-scylla2,4,0,outgoing,138384
2026-09-21T15:38:14.973774+00:00,241,r-scylla2,4,1,incoming,290
2026-09-21T15:38:14.973774+00:00,241,r-scylla2,4,1,outgoing,138312
2026-09-21T15:38:14.973774+00:00,241,r-scylla3,4,0,incoming,138384
2026-09-21T15:38:14.973774+00:00,241,r-scylla3,4,0,outgoing,184392
2026-09-21T15:38:14.973774+00:00,241,r-scylla3,4,1,incoming,138710
2026-09-21T15:38:14.973774+00:00,241,r-scylla3,4,1,outgoing,506
2026-09-21T15:38:14.973774+00:00,241,r-scylla4,4,0,incoming,322776
2026-09-21T15:38:14.973774+00:00,241,r-scylla4,4,0,outgoing,0
2026-09-21T15:38:14.973774+00:00,241,r-scylla4,4,1,incoming,138818
2026-09-21T15:38:14.973774+00:00,241,r-scylla4,4,1,outgoing,0
2026-09-21T15:38:15.974229+00:00,242,r-scylla1,4,0,incoming,0
2026-09-21T15:38:15.974229+00:00,242,r-scylla1,4,0,outgoing,276768
2026-09-21T15:38:15.974229+00:00,242,r-scylla1,4,1,incoming,0
2026-09-21T15:38:15.974229+00:00,242,r-scylla1,4,1,outgoing,139000
2026-09-21T15:38:15.974229+00:00,242,r-scylla2,4,0,incoming,138384
2026-09-21T15:38:15.974229+00:00,242,r-scylla2,4,0,outgoing,138384
2026-09-21T15:38:15.974229+00:00,242,r-scylla2,4,1,incoming,290
2026-09-21T15:38:15.974229+00:00,242,r-scylla2,4,1,outgoing,138312
2026-09-21T15:38:15.974229+00:00,242,r-scylla3,4,0,incoming,138384
2026-09-21T15:38:15.974229+00:00,242,r-scylla3,4,0,outgoing,184392
2026-09-21T15:38:15.974229+00:00,242,r-scylla3,4,1,incoming,138710
2026-09-21T15:38:15.974229+00:00,242,r-scylla3,4,1,outgoing,506
2026-09-21T15:38:15.974229+00:00,242,r-scylla4,4,0,incoming,322776
2026-09-21T15:38:15.974229+00:00,242,r-scylla4,4,0,outgoing,0
2026-09-21T15:38:15.974229+00:00,242,r-scylla4,4,1,incoming,138818
2026-09-21T15:38:15.974229+00:00,242,r-scylla4,4,1,outgoing,0
2026-09-21T15:38:16.974653+00:00,243,r-scylla1,4,0,incoming,0
2026-09-21T15:38:16.974653+00:00,243,r-scylla1,4,0,outgoing,276768
2026-09-21T15:38:16.974653+00:00,243,r-scylla1,4,1,incoming,0
2026-09-21T15:38:16.974653+00:00,243,r-scylla1,4,1,outgoing,139000
2026-09-21T15:38:16.974653+00:00,243,r-scylla2,4,0,incoming,138384
2026-09-21T15:38:16.974653+00:00,243,r-scylla2,4,0,outgoing,138384
2026-09-21T15:38:16.974653+00:00,243,r-scylla2,4,1,incoming,290
2026-09-21T15:38:16.974653+00:00,243,r-scylla2,4,1,outgoing,138312
2026-09-21T15:38:16.974653+00:00,243,r-scylla3,4,0,incoming,138384
2026-09-21T15:38:16.974653+00:00,243,r-scylla3,4,0,outgoing,184392
2026-09-21T15:38:16.974653+00:00,243,r-scylla3,4,1,incoming,138710
2026-09-21T15:38:16.974653+00:00,243,r-scylla3,4,1,outgoing,506
2026-09-21T15:38:16.974653+00:00,243,r-scylla4,4,0,incoming,322776
2026-09-21T15:38:16.974653+00:00,243,r-scylla4,4,0,outgoing,0
2026-09-21T15:38:16.974653+00:00,243,r-scylla4,4,1,incoming,138818
2026-09-21T15:38:16.974653+00:00,243,r-scylla4,4,1,outgoing,0
2026-09-21T15:38:17.975052+00:00,244,r-scylla1,4,0,incoming,0
2026-09-21T15:38:17.975052+00:00,244,r-scylla1,4,0,outgoing,276768
2026-09-21T15:38:17.975052+00:00,244,r-scylla1,4,1,incoming,0
2026-09-21T15:38:17.975052+00:00,244,r-scylla1,4,1,outgoing,139000
2026-09-21T15:38:17.975052+00:00,244,r-scylla2,4,0,incoming,138384
2026-09-21T15:38:17.975052+00:00,244,r-scylla2,4,0,outgoing,138384
2026-09-21T15:38:17.975052+00:00,244,r-scylla2,4,1,incoming,290
2026-09-21T15:38:17.975052+00:00,244,r-scylla2,4,1,outgoing,138312
2026-09-21T15:38:17.975052+00:00,244,r-scylla3,4,0,incoming,138384
2026-09-21T15:38:17.975052+00:00,244,r-scylla3,4,0,outgoing,184392
2026-09-21T15:38:17.975052+00:00,244,r-scylla3,4,1,incoming,138710
2026-09-21T15:38:17.975052+00:00,244,r-scylla3,4,1,outgoing,506
2026-09-21T15:38:17.975052+00:00,244,r-scylla4,4,0,incoming,322776
2026-09-21T15:38:17.975052+00:00,244,r-scylla4,4,0,outgoing,0
2026-09-21T15:38:17.975052+00:00,244,r-scylla4,4,1,incoming,138818
2026-09-21T15:38:17.975052+00:00,244,r-scylla4,4,1,outgoing,0
2026-09-21T15:38:18.975247+00:00,245,r-scylla1,4,0,incoming,0
2026-09-21T15:38:18.975247+00:00,245,r-scylla1,4,0,outgoing,276768
2026-09-21T15:38:18.975247+00:00,245,r-scylla1,4,1,incoming,0
2026-09-21T15:38:18.975247+00:00,245,r-scylla1,4,1,outgoing,139000
2026-09-21T15:38:18.975247+00:00,245,r-scylla2,4,0,incoming,138384
2026-09-21T15:38:18.975247+00:00,245,r-scylla2,4,0,outgoing,138384
2026-09-21T15:38:18.975247+00:00,245,r-scylla2,4,1,incoming,290
2026-09-21T15:38:18.975247+00:00,245,r-scylla2,4,1,outgoing,138312
2026-09-21T15:38:18.975247+00:00,245,r-scylla3,4,0,incoming,138384
2026-09-21T15:38:18.975247+00:00,245,r-scylla3,4,0,outgoing,184392
2026-09-21T15:38:18.975247+00:00,245,r-scylla3,4,1,incoming,138710
2026-09-21T15:38:18.975247+00:00,245,r-scylla3,4,1,outgoing,506
2026-09-21T15:38:18.975247+00:00,245,r-scylla4,4,0,incoming,322776
2026-09-21T15:38:18.975247+00:00,245,r-scylla4,4,0,outgoing,0
2026-09-21T15:38:18.975247+00:00,245,r-scylla4,4,1,incoming,138818
2026-09-21T15:38:18.975247+00:00,245,r-scylla4,4,1,outgoing,0
2026-09-21T15:38:19.972589+00:00,246,r-scylla1,4,0,incoming,0
2026-09-21T15:38:19.972589+00:00,246,r-scylla1,4,0,outgoing,276768
2026-09-21T15:38:19.972589+00:00,246,r-scylla1,4,1,incoming,0
2026-09-21T15:38:19.972589+00:00,246,r-scylla1,4,1,outgoing,139000
2026-09-21T15:38:19.972589+00:00,246,r-scylla2,4,0,incoming,138384
2026-09-21T15:38:19.972589+00:00,246,r-scylla2,4,0,outgoing,138384
2026-09-21T15:38:19.972589+00:00,246,r-scylla2,4,1,incoming,290
2026-09-21T15:38:19.972589+00:00,246,r-scylla2,4,1,outgoing,138312
2026-09-21T15:38:19.972589+00:00,246,r-scylla3,4,0,incoming,138384
2026-09-21T15:38:19.972589+00:00,246,r-scylla3,4,0,outgoing,184392
2026-09-21T15:38:19.972589+00:00,246,r-scylla3,4,1,incoming,138710
2026-09-21T15:38:19.972589+00:00,246,r-scylla3,4,1,outgoing,506
2026-09-21T15:38:19.972589+00:00,246,r-scylla4,4,0,incoming,322776
2026-09-21T15:38:19.972589+00:00,246,r-scylla4,4,0,outgoing,0
2026-09-21T15:38:19.972589+00:00,246,r-scylla4,4,1,incoming,138818
2026-09-21T15:38:19.972589+00:00,246,r-scylla4,4,1,outgoing,0
2026-09-21T15:38:20.972881+00:00,247,r-scylla1,4,0,incoming,0
2026-09-21T15:38:20.972881+00:00,247,r-scylla1,4,0,outgoing,276768
2026-09-21T15:38:20.972881+00:00,247,r-scylla1,4,1,incoming,0
2026-09-21T15:38:20.972881+00:00,247,r-scylla1,4,1,outgoing,139000
2026-09-21T15:38:20.972881+00:00,247,r-scylla2,4,0,incoming,138384
2026-09-21T15:38:20.972881+00:00,247,r-scylla2,4,0,outgoing,138384
2026-09-21T15:38:20.972881+00:00,247,r-scylla2,4,1,incoming,290
2026-09-21T15:38:20.972881+00:00,247,r-scylla2,4,1,outgoing,138312
2026-09-21T15:38:20.972881+00:00,247,r-scylla3,4,0,incoming,138384
2026-09-21T15:38:20.972881+00:00,247,r-scylla3,4,0,outgoing,184392
2026-09-21T15:38:20.972881+00:00,247,r-scylla3,4,1,incoming,138710
2026-09-21T15:38:20.972881+00:00,247,r-scylla3,4,1,outgoing,506
2026-09-21T15:38:20.972881+00:00,247,r-scylla4,4,0,incoming,322776
2026-09-21T15:38:20.972881+00:00,247,r-scylla4,4,0,outgoing,0
2026-09-21T15:38:20.972881+00:00,247,r-scylla4,4,1,incoming,138818
2026-09-21T15:38:20.972881+00:00,247,r-scylla4,4,1,outgoing,0
2026-09-21T15:38:21.973206+00:00,248,r-scylla1,4,0,incoming,0
2026-09-21T15:38:21.973206+00:00,248,r-scylla1,4,0,outgoing,276768
2026-09-21T15:38:21.973206+00:00,248,r-scylla1,4,1,incoming,0
2026-09-21T15:38:21.973206+00:00,248,r-scylla1,4,1,outgoing,139000
2026-09-21T15:38:21.973206+00:00,248,r-scylla2,4,0,incoming,138384
2026-09-21T15:38:21.973206+00:00,248,r-scylla2,4,0,outgoing,138384
2026-09-21T15:38:21.973206+00:00,248,r-scylla2,4,1,incoming,290
2026-09-21T15:38:21.973206+00:00,248,r-scylla2,4,1,outgoing,138312
2026-09-21T15:38:21.973206+00:00,248,r-scylla3,4,0,incoming,138384
2026-09-21T15:38:21.973206+00:00,248,r-scylla3,4,0,outgoing,184392
2026-09-21T15:38:21.973206+00:00,248,r-scylla3,4,1,incoming,138710
2026-09-21T15:38:21.973206+00:00,248,r-scylla3,4,1,outgoing,506
2026-09-21T15:38:21.973206+00:00,248,r-scylla4,4,0,incoming,322776
2026-09-21T15:38:21.973206+00:00,248,r-scylla4,4,0,outgoing,0
2026-09-21T15:38:21.973206+00:00,248,r-scylla4,4,1,incoming,138818
2026-09-21T15:38:21.973206+00:00,248,r-scylla4,4,1,outgoing,0
2026-09-21T15:38:22.973413+00:00,249,r-scylla1,4,0,incoming,0
2026-09-21T15:38:22.973413+00:00,249,r-scylla1,4,0,outgoing,276768
2026-09-21T15:38:22.973413+00:00,249,r-scylla1,4,1,incoming,0
2026-09-21T15:38:22.973413+00:00,249,r-scylla1,4,1,outgoing,139000
2026-09-21T15:38:22.973413+00:00,249,r-scylla2,4,0,incoming,138384
2026-09-21T15:38:22.973413+00:00,249,r-scylla2,4,0,outgoing,138384
2026-09-21T15:38:22.973413+00:00,249,r-scylla2,4,1,incoming,290
2026-09-21T15:38:22.973413+00:00,249,r-scylla2,4,1,outgoing,138312
2026-09-21T15:38:22.973413+00:00,249,r-scylla3,4,0,incoming,138384
2026-09-21T15:38:22.973413+00:00,249,r-scylla3,4,0,outgoing,184392
2026-09-21T15:38:22.973413+00:00,249,r-scylla3,4,1,incoming,138710
2026-09-21T15:38:22.973413+00:00,249,r-scylla3,4,1,outgoing,506
2026-09-21T15:38:22.973413+00:00,249,r-scylla4,4,0,incoming,322776
2026-09-21T15:38:22.973413+00:00,249,r-scylla4,4,0,outgoing,0
2026-09-21T15:38:22.973413+00:00,249,r-scylla4,4,1,incoming,138818
2026-09-21T15:38:22.973413+00:00,249,r-scylla4,4,1,outgoing,0
2026-09-21T15:38:23.973684+00:00,250,r-scylla1,4,0,incoming,0
2026-09-21T15:38:23.973684+00:00,250,r-scylla1,4,0,outgoing,276768
2026-09-21T15:38:23.973684+00:00,250,r-scylla1,4,1,incoming,0
2026-09-21T15:38:23.973684+00:00,250,r-scylla1,4,1,outgoing,139000
2026-09-21T15:38:23.973684+00:00,250,r-scylla2,4,0,incoming,138384
2026-09-21T15:38:23.973684+00:00,250,r-scylla2,4,0,outgoing,138384
2026-09-21T15:38:23.973684+00:00,250,r-scylla2,4,1,incoming,290
2026-09-21T15:38:23.973684+00:00,250,r-scylla2,4,1,outgoing,138312
2026-09-21T15:38:23.973684+00:00,250,r-scylla3,4,0,incoming,138384
2026-09-21T15:38:23.973684+00:00,250,r-scylla3,4,0,outgoing,184392
2026-09-21T15:38:23.973684+00:00,250,r-scylla3,4,1,incoming,138710
2026-09-21T15:38:23.973684+00:00,250,r-scylla3,4,1,outgoing,506
2026-09-21T15:38:23.973684+00:00,250,r-scylla4,4,0,incoming,322776
2026-09-21T15:38:23.973684+00:00,250,r-scylla4,4,0,outgoing,0
2026-09-21T15:38:23.973684+00:00,250,r-scylla4,4,1,incoming,138818
2026-09-21T15:38:23.973684+00:00,250,r-scylla4,4,1,outgoing,0
2026-09-21T15:38:24.974072+00:00,251,r-scylla1,4,0,incoming,0
2026-09-21T15:38:24.974072+00:00,251,r-scylla1,4,0,outgoing,276768
2026-09-21T15:38:24.974072+00:00,251,r-scylla1,4,1,incoming,0
2026-09-21T15:38:24.974072+00:00,251,r-scylla1,4,1,outgoing,139000
2026-09-21T15:38:24.974072+00:00,251,r-scylla2,4,0,incoming,138384
2026-09-21T15:38:24.974072+00:00,251,r-scylla2,4,0,outgoing,138384
2026-09-21T15:38:24.974072+00:00,251,r-scylla2,4,1,incoming,290
2026-09-21T15:38:24.974072+00:00,251,r-scylla2,4,1,outgoing,138312
2026-09-21T15:38:24.974072+00:00,251,r-scylla3,4,0,incoming,138384
2026-09-21T15:38:24.974072+00:00,251,r-scylla3,4,0,outgoing,184392
2026-09-21T15:38:24.974072+00:00,251,r-scylla3,4,1,incoming,138710
2026-09-21T15:38:24.974072+00:00,251,r-scylla3,4,1,outgoing,506
2026-09-21T15:38:24.974072+00:00,251,r-scylla4,4,0,incoming,322776
2026-09-21T15:38:24.974072+00:00,251,r-scylla4,4,0,outgoing,0
2026-09-21T15:38:24.974072+00:00,251,r-scylla4,4,1,incoming,138818
2026-09-21T15:38:24.974072+00:00,251,r-scylla4,4,1,outgoing,0
2026-09-21T15:38:25.974240+00:00,252,r-scylla1,4,0,incoming,0
2026-09-21T15:38:25.974240+00:00,252,r-scylla1,4,0,outgoing,276768
2026-09-21T15:38:25.974240+00:00,252,r-scylla1,4,1,incoming,0
2026-09-21T15:38:25.974240+00:00,252,r-scylla1,4,1,outgoing,139000
2026-09-21T15:38:25.974240+00:00,252,r-scylla2,4,0,incoming,138384
2026-09-21T15:38:25.974240+00:00,252,r-scylla2,4,0,outgoing,138384
2026-09-21T15:38:25.974240+00:00,252,r-scylla2,4,1,incoming,290
2026-09-21T15:38:25.974240+00:00,252,r-scylla2,4,1,outgoing,138312
2026-09-21T15:38:25.974240+00:00,252,r-scylla3,4,0,incoming,138384
2026-09-21T15:38:25.974240+00:00,252,r-scylla3,4,0,outgoing,184392
2026-09-21T15:38:25.974240+00:00,252,r-scylla3,4,1,incoming,138710
2026-09-21T15:38:25.974240+00:00,252,r-scylla3,4,1,outgoing,506
2026-09-21T15:38:25.974240+00:00,252,r-scylla4,4,0,incoming,322776
2026-09-21T15:38:25.974240+00:00,252,r-scylla4,4,0,outgoing,0
2026-09-21T15:38:25.974240+00:00,252,r-scylla4,4,1,incoming,138818
2026-09-21T15:38:25.974240+00:00,252,r-scylla4,4,1,outgoing,0
2026-09-21T15:38:26.974461+00:00,253,r-scylla1,4,0,incoming,0
2026-09-21T15:38:26.974461+00:00,253,r-scylla1,4,0,outgoing,276768
2026-09-21T15:38:26.974461+00:00,253,r-scylla1,4,1,incoming,0
2026-09-21T15:38:26.974461+00:00,253,r-scylla1,4,1,outgoing,139000
2026-09-21T15:38:26.974461+00:00,253,r-scylla2,4,0,incoming,138384
2026-09-21T15:38:26.974461+00:00,253,r-scylla2,4,0,outgoing,138384
2026-09-21T15:38:26.974461+00:00,253,r-scylla2,4,1,incoming,290
2026-09-21T15:38:26.974461+00:00,253,r-scylla2,4,1,outgoing,138312
2026-09-21T15:38:26.974461+00:00,253,r-scylla3,4,0,incoming,138384
2026-09-21T15:38:26.974461+00:00,253,r-scylla3,4,0,outgoing,184392
2026-09-21T15:38:26.974461+00:00,253,r-scylla3,4,1,incoming,138710
2026-09-21T15:38:26.974461+00:00,253,r-scylla3,4,1,outgoing,506
2026-09-21T15:38:26.974461+00:00,253,r-scylla4,4,0,incoming,322776
2026-09-21T15:38:26.974461+00:00,253,r-scylla4,4,0,outgoing,0
2026-09-21T15:38:26.974461+00:00,253,r-scylla4,4,1,incoming,138818
2026-09-21T15:38:26.974461+00:00,253,r-scylla4,4,1,outgoing,0
2026-09-21T15:38:27.974697+00:00,254,r-scylla1,4,0,incoming,0
2026-09-21T15:38:27.974697+00:00,254,r-scylla1,4,0,outgoing,276768
2026-09-21T15:38:27.974697+00:00,254,r-scylla1,4,1,incoming,0
2026-09-21T15:38:27.974697+00:00,254,r-scylla1,4,1,outgoing,139000
2026-09-21T15:38:27.974697+00:00,254,r-scylla2,4,0,incoming,138384
2026-09-21T15:38:27.974697+00:00,254,r-scylla2,4,0,outgoing,138384
2026-09-21T15:38:27.974697+00:00,254,r-scylla2,4,1,incoming,290
2026-09-21T15:38:27.974697+00:00,254,r-scylla2,4,1,outgoing,138312
2026-09-21T15:38:27.974697+00:00,254,r-scylla3,4,0,incoming,138384
2026-09-21T15:38:27.974697+00:00,254,r-scylla3,4,0,outgoing,184392
2026-09-21T15:38:27.974697+00:00,254,r-scylla3,4,1,incoming,138710
2026-09-21T15:38:27.974697+00:00,254,r-scylla3,4,1,outgoing,506
2026-09-21T15:38:27.974697+00:00,254,r-scylla4,4,0,incoming,322776
2026-09-21T15:38:27.974697+00:00,254,r-scylla4,4,0,outgoing,0
2026-09-21T15:38:27.974697+00:00,254,r-scylla4,4,1,incoming,138818
2026-09-21T15:38:27.974697+00:00,254,r-scylla4,4,1,outgoing,0
2026-09-21T15:38:28.975011+00:00,255,r-scylla1,4,0,incoming,0
2026-09-21T15:38:28.975011+00:00,255,r-scylla1,4,0,outgoing,276768
2026-09-21T15:38:28.975011+00:00,255,r-scylla1,4,1,incoming,0
2026-09-21T15:38:28.975011+00:00,255,r-scylla1,4,1,outgoing,139000
2026-09-21T15:38:28.975011+00:00,255,r-scylla2,4,0,incoming,138384
2026-09-21T15:38:28.975011+00:00,255,r-scylla2,4,0,outgoing,138384
2026-09-21T15:38:28.975011+00:00,255,r-scylla2,4,1,incoming,290
2026-09-21T15:38:28.975011+00:00,255,r-scylla2,4,1,outgoing,138312
2026-09-21T15:38:28.975011+00:00,255,r-scylla3,4,0,incoming,138384
2026-09-21T15:38:28.975011+00:00,255,r-scylla3,4,0,outgoing,184392
2026-09-21T15:38:28.975011+00:00,255,r-scylla3,4,1,incoming,138710
2026-09-21T15:38:28.975011+00:00,255,r-scylla3,4,1,outgoing,506
2026-09-21T15:38:28.975011+00:00,255,r-scylla4,4,0,incoming,322776
2026-09-21T15:38:28.975011+00:00,255,r-scylla4,4,0,outgoing,0
2026-09-21T15:38:28.975011+00:00,255,r-scylla4,4,1,incoming,138818
2026-09-21T15:38:28.975011+00:00,255,r-scylla4,4,1,outgoing,0
2026-09-21T15:38:29.975470+00:00,256,r-scylla1,4,0,incoming,0
2026-09-21T15:38:29.975470+00:00,256,r-scylla1,4,0,outgoing,276768
2026-09-21T15:38:29.975470+00:00,256,r-scylla1,4,1,incoming,0
2026-09-21T15:38:29.975470+00:00,256,r-scylla1,4,1,outgoing,139000
2026-09-21T15:38:29.975470+00:00,256,r-scylla2,4,0,incoming,138384
2026-09-21T15:38:29.975470+00:00,256,r-scylla2,4,0,outgoing,138384
2026-09-21T15:38:29.975470+00:00,256,r-scylla2,4,1,incoming,290
2026-09-21T15:38:29.975470+00:00,256,r-scylla2,4,1,outgoing,138312
2026-09-21T15:38:29.975470+00:00,256,r-scylla3,4,0,incoming,138384
2026-09-21T15:38:29.975470+00:00,256,r-scylla3,4,0,outgoing,184392
2026-09-21T15:38:29.975470+00:00,256,r-scylla3,4,1,incoming,138710
2026-09-21T15:38:29.975470+00:00,256,r-scylla3,4,1,outgoing,506
2026-09-21T15:38:29.975470+00:00,256,r-scylla4,4,0,incoming,322776
2026-09-21T15:38:29.975470+00:00,256,r-scylla4,4,0,outgoing,0
2026-09-21T15:38:29.975470+00:00,256,r-scylla4,4,1,incoming,138818
2026-09-21T15:38:29.975470+00:00,256,r-scylla4,4,1,outgoing,0
2026-09-21T15:38:30.975852+00:00,257,r-scylla1,4,0,incoming,0
2026-09-21T15:38:30.975852+00:00,257,r-scylla1,4,0,outgoing,276768
2026-09-21T15:38:30.975852+00:00,257,r-scylla1,4,1,incoming,0
2026-09-21T15:38:30.975852+00:00,257,r-scylla1,4,1,outgoing,139000
2026-09-21T15:38:30.975852+00:00,257,r-scylla2,4,0,incoming,138384
2026-09-21T15:38:30.975852+00:00,257,r-scylla2,4,0,outgoing,138384
2026-09-21T15:38:30.975852+00:00,257,r-scylla2,4,1,incoming,290
2026-09-21T15:38:30.975852+00:00,257,r-scylla2,4,1,outgoing,138312
2026-09-21T15:38:30.975852+00:00,257,r-scylla3,4,0,incoming,138384
2026-09-21T15:38:30.975852+00:00,257,r-scylla3,4,0,outgoing,184392
2026-09-21T15:38:30.975852+00:00,257,r-scylla3,4,1,incoming,138710
2026-09-21T15:38:30.975852+00:00,257,r-scylla3,4,1,outgoing,506
2026-09-21T15:38:30.975852+00:00,257,r-scylla4,4,0,incoming,322776
2026-09-21T15:38:30.975852+00:00,257,r-scylla4,4,0,outgoing,0
2026-09-21T15:38:30.975852+00:00,257,r-scylla4,4,1,incoming,138818
2026-09-21T15:38:30.975852+00:00,257,r-scylla4,4,1,outgoing,0
2026-09-21T15:38:31.976066+00:00,258,r-scylla1,4,0,incoming,0
2026-09-21T15:38:31.976066+00:00,258,r-scylla1,4,0,outgoing,276768
2026-09-21T15:38:31.976066+00:00,258,r-scylla1,4,1,incoming,0
2026-09-21T15:38:31.976066+00:00,258,r-scylla1,4,1,outgoing,139000
2026-09-21T15:38:31.976066+00:00,258,r-scylla2,4,0,incoming,138384
2026-09-21T15:38:31.976066+00:00,258,r-scylla2,4,0,outgoing,138384
2026-09-21T15:38:31.976066+00:00,258,r-scylla2,4,1,incoming,290
2026-09-21T15:38:31.976066+00:00,258,r-scylla2,4,1,outgoing,138312
2026-09-21T15:38:31.976066+00:00,258,r-scylla3,4,0,incoming,138384
2026-09-21T15:38:31.976066+00:00,258,r-scylla3,4,0,outgoing,184392
2026-09-21T15:38:31.976066+00:00,258,r-scylla3,4,1,incoming,138710
2026-09-21T15:38:31.976066+00:00,258,r-scylla3,4,1,outgoing,506
2026-09-21T15:38:31.976066+00:00,258,r-scylla4,4,0,incoming,322776
2026-09-21T15:38:31.976066+00:00,258,r-scylla4,4,0,outgoing,0
2026-09-21T15:38:31.976066+00:00,258,r-scylla4,4,1,incoming,138818
2026-09-21T15:38:31.976066+00:00,258,r-scylla4,4,1,outgoing,0
2026-09-21T15:38:32.976358+00:00,259,r-scylla1,4,0,incoming,0
2026-09-21T15:38:32.976358+00:00,259,r-scylla1,4,0,outgoing,276768
2026-09-21T15:38:32.976358+00:00,259,r-scylla1,4,1,incoming,0
2026-09-21T15:38:32.976358+00:00,259,r-scylla1,4,1,outgoing,139000
2026-09-21T15:38:32.976358+00:00,259,r-scylla2,4,0,incoming,138384
2026-09-21T15:38:32.976358+00:00,259,r-scylla2,4,0,outgoing,138384
2026-09-21T15:38:32.976358+00:00,259,r-scylla2,4,1,incoming,290
2026-09-21T15:38:32.976358+00:00,259,r-scylla2,4,1,outgoing,138312
2026-09-21T15:38:32.976358+00:00,259,r-scylla3,4,0,incoming,138384
2026-09-21T15:38:32.976358+00:00,259,r-scylla3,4,0,outgoing,184392
2026-09-21T15:38:32.976358+00:00,259,r-scylla3,4,1,incoming,138710
2026-09-21T15:38:32.976358+00:00,259,r-scylla3,4,1,outgoing,506
2026-09-21T15:38:32.976358+00:00,259,r-scylla4,4,0,incoming,322776
2026-09-21T15:38:32.976358+00:00,259,r-scylla4,4,0,outgoing,0
2026-09-21T15:38:32.976358+00:00,259,r-scylla4,4,1,incoming,138818
2026-09-21T15:38:32.976358+00:00,259,r-scylla4,4,1,outgoing,0
2026-09-21T15:38:33.977258+00:00,260,r-scylla1,4,0,incoming,0
2026-09-21T15:38:33.977258+00:00,260,r-scylla1,4,0,outgoing,276768
2026-09-21T15:38:33.977258+00:00,260,r-scylla1,4,1,incoming,0
2026-09-21T15:38:33.977258+00:00,260,r-scylla1,4,1,outgoing,139000
2026-09-21T15:38:33.977258+00:00,260,r-scylla2,4,0,incoming,138384
2026-09-21T15:38:33.977258+00:00,260,r-scylla2,4,0,outgoing,138384
2026-09-21T15:38:33.977258+00:00,260,r-scylla2,4,1,incoming,290
2026-09-21T15:38:33.977258+00:00,260,r-scylla2,4,1,outgoing,138312
2026-09-21T15:38:33.977258+00:00,260,r-scylla3,4,0,incoming,138384
2026-09-21T15:38:33.977258+00:00,260,r-scylla3,4,0,outgoing,184392
2026-09-21T15:38:33.977258+00:00,260,r-scylla3,4,1,incoming,138710
2026-09-21T15:38:33.977258+00:00,260,r-scylla3,4,1,outgoing,506
2026-09-21T15:38:33.977258+00:00,260,r-scylla4,4,0,incoming,322776
2026-09-21T15:38:33.977258+00:00,260,r-scylla4,4,0,outgoing,0
2026-09-21T15:38:33.977258+00:00,260,r-scylla4,4,1,incoming,138818
2026-09-21T15:38:33.977258+00:00,260,r-scylla4,4,1,outgoing,0
2026-09-21T15:38:34.977408+00:00,261,r-scylla1,4,0,incoming,0
2026-09-21T15:38:34.977408+00:00,261,r-scylla1,4,0,outgoing,276768
2026-09-21T15:38:34.977408+00:00,261,r-scylla1,4,1,incoming,0
2026-09-21T15:38:34.977408+00:00,261,r-scylla1,4,1,outgoing,139000
2026-09-21T15:38:34.977408+00:00,261,r-scylla2,4,0,incoming,138384
2026-09-21T15:38:34.977408+00:00,261,r-scylla2,4,0,outgoing,138384
2026-09-21T15:38:34.977408+00:00,261,r-scylla2,4,1,incoming,290
2026-09-21T15:38:34.977408+00:00,261,r-scylla2,4,1,outgoing,138312
2026-09-21T15:38:34.977408+00:00,261,r-scylla3,4,0,incoming,138384
2026-09-21T15:38:34.977408+00:00,261,r-scylla3,4,0,outgoing,184392
2026-09-21T15:38:34.977408+00:00,261,r-scylla3,4,1,incoming,138710
2026-09-21T15:38:34.977408+00:00,261,r-scylla3,4,1,outgoing,506
2026-09-21T15:38:34.977408+00:00,261,r-scylla4,4,0,incoming,322776
2026-09-21T15:38:34.977408+00:00,261,r-scylla4,4,0,outgoing,0
2026-09-21T15:38:34.977408+00:00,261,r-scylla4,4,1,incoming,138818
2026-09-21T15:38:34.977408+00:00,261,r-scylla4,4,1,outgoing,0
2026-09-21T15:38:35.977689+00:00,262,r-scylla1,4,0,incoming,0
2026-09-21T15:38:35.977689+00:00,262,r-scylla1,4,0,outgoing,276768
2026-09-21T15:38:35.977689+00:00,262,r-scylla1,4,1,incoming,0
2026-09-21T15:38:35.977689+00:00,262,r-scylla1,4,1,outgoing,139000
2026-09-21T15:38:35.977689+00:00,262,r-scylla2,4,0,incoming,138384
2026-09-21T15:38:35.977689+00:00,262,r-scylla2,4,0,outgoing,138384
2026-09-21T15:38:35.977689+00:00,262,r-scylla2,4,1,incoming,290
2026-09-21T15:38:35.977689+00:00,262,r-scylla2,4,1,outgoing,138312
2026-09-21T15:38:35.977689+00:00,262,r-scylla3,4,0,incoming,138384
2026-09-21T15:38:35.977689+00:00,262,r-scylla3,4,0,outgoing,184392
2026-09-21T15:38:35.977689+00:00,262,r-scylla3,4,1,incoming,138710
2026-09-21T15:38:35.977689+00:00,262,r-scylla3,4,1,outgoing,506
2026-09-21T15:38:35.977689+00:00,262,r-scylla4,4,0,incoming,322776
2026-09-21T15:38:35.977689+00:00,262,r-scylla4,4,0,outgoing,0
2026-09-21T15:38:35.977689+00:00,262,r-scylla4,4,1,incoming,138818
2026-09-21T15:38:35.977689+00:00,262,r-scylla4,4,1,outgoing,0
2026-09-21T15:38:36.977820+00:00,263,r-scylla1,4,0,incoming,0
2026-09-21T15:38:36.977820+00:00,263,r-scylla1,4,0,outgoing,276768
2026-09-21T15:38:36.977820+00:00,263,r-scylla1,4,1,incoming,0
2026-09-21T15:38:36.977820+00:00,263,r-scylla1,4,1,outgoing,139000
2026-09-21T15:38:36.977820+00:00,263,r-scylla2,4,0,incoming,138384
2026-09-21T15:38:36.977820+00:00,263,r-scylla2,4,0,outgoing,138384
2026-09-21T15:38:36.977820+00:00,263,r-scylla2,4,1,incoming,290
2026-09-21T15:38:36.977820+00:00,263,r-scylla2,4,1,outgoing,138312
2026-09-21T15:38:36.977820+00:00,263,r-scylla3,4,0,incoming,138384
2026-09-21T15:38:36.977820+00:00,263,r-scylla3,4,0,outgoing,184392
2026-09-21T15:38:36.977820+00:00,263,r-scylla3,4,1,incoming,138710
2026-09-21T15:38:36.977820+00:00,263,r-scylla3,4,1,outgoing,506
2026-09-21T15:38:36.977820+00:00,263,r-scylla4,4,0,incoming,322776
2026-09-21T15:38:36.977820+00:00,263,r-scylla4,4,0,outgoing,0
2026-09-21T15:38:36.977820+00:00,263,r-scylla4,4,1,incoming,138818
2026-09-21T15:38:36.977820+00:00,263,r-scylla4,4,1,outgoing,0
2026-09-21T15:38:37.978151+00:00,264,r-scylla1,4,0,incoming,0
2026-09-21T15:38:37.978151+00:00,264,r-scylla1,4,0,outgoing,276768
2026-09-21T15:38:37.978151+00:00,264,r-scylla1,4,1,incoming,0
2026-09-21T15:38:37.978151+00:00,264,r-scylla1,4,1,outgoing,139000
2026-09-21T15:38:37.978151+00:00,264,r-scylla2,4,0,incoming,138384
2026-09-21T15:38:37.978151+00:00,264,r-scylla2,4,0,outgoing,138384
2026-09-21T15:38:37.978151+00:00,264,r-scylla2,4,1,incoming,290
2026-09-21T15:38:37.978151+00:00,264,r-scylla2,4,1,outgoing,138312
2026-09-21T15:38:37.978151+00:00,264,r-scylla3,4,0,incoming,138384
2026-09-21T15:38:37.978151+00:00,264,r-scylla3,4,0,outgoing,184392
2026-09-21T15:38:37.978151+00:00,264,r-scylla3,4,1,incoming,138710
2026-09-21T15:38:37.978151+00:00,264,r-scylla3,4,1,outgoing,506
2026-09-21T15:38:37.978151+00:00,264,r-scylla4,4,0,incoming,322776
2026-09-21T15:38:37.978151+00:00,264,r-scylla4,4,0,outgoing,0
2026-09-21T15:38:37.978151+00:00,264,r-scylla4,4,1,incoming,138818
2026-09-21T15:38:37.978151+00:00,264,r-scylla4,4,1,outgoing,0
2026-09-21T15:38:38.978805+00:00,265,r-scylla1,4,0,incoming,0
2026-09-21T15:38:38.978805+00:00,265,r-scylla1,4,0,outgoing,276768
2026-09-21T15:38:38.978805+00:00,265,r-scylla1,4,1,incoming,0
2026-09-21T15:38:38.978805+00:00,265,r-scylla1,4,1,outgoing,139000
2026-09-21T15:38:38.978805+00:00,265,r-scylla2,4,0,incoming,138384
2026-09-21T15:38:38.978805+00:00,265,r-scylla2,4,0,outgoing,138384
2026-09-21T15:38:38.978805+00:00,265,r-scylla2,4,1,incoming,290
2026-09-21T15:38:38.978805+00:00,265,r-scylla2,4,1,outgoing,138312
2026-09-21T15:38:38.978805+00:00,265,r-scylla3,4,0,incoming,138384
2026-09-21T15:38:38.978805+00:00,265,r-scylla3,4,0,outgoing,184392
2026-09-21T15:38:38.978805+00:00,265,r-scylla3,4,1,incoming,138710
2026-09-21T15:38:38.978805+00:00,265,r-scylla3,4,1,outgoing,506
2026-09-21T15:38:38.978805+00:00,265,r-scylla4,4,0,incoming,322776
2026-09-21T15:38:38.978805+00:00,265,r-scylla4,4,0,outgoing,0
2026-09-21T15:38:38.978805+00:00,265,r-scylla4,4,1,incoming,138818
2026-09-21T15:38:38.978805+00:00,265,r-scylla4,4,1,outgoing,0
2026-09-21T15:38:39.979168+00:00,266,r-scylla1,4,0,incoming,0
2026-09-21T15:38:39.979168+00:00,266,r-scylla1,4,0,outgoing,276768
2026-09-21T15:38:39.979168+00:00,266,r-scylla1,4,1,incoming,0
2026-09-21T15:38:39.979168+00:00,266,r-scylla1,4,1,outgoing,139000
2026-09-21T15:38:39.979168+00:00,266,r-scylla2,4,0,incoming,138384
2026-09-21T15:38:39.979168+00:00,266,r-scylla2,4,0,outgoing,138384
2026-09-21T15:38:39.979168+00:00,266,r-scylla2,4,1,incoming,290
2026-09-21T15:38:39.979168+00:00,266,r-scylla2,4,1,outgoing,138312
2026-09-21T15:38:39.979168+00:00,266,r-scylla3,4,0,incoming,138384
2026-09-21T15:38:39.979168+00:00,266,r-scylla3,4,0,outgoing,184392
2026-09-21T15:38:39.979168+00:00,266,r-scylla3,4,1,incoming,138710
2026-09-21T15:38:39.979168+00:00,266,r-scylla3,4,1,outgoing,506
2026-09-21T15:38:39.979168+00:00,266,r-scylla4,4,0,incoming,322776
2026-09-21T15:38:39.979168+00:00,266,r-scylla4,4,0,outgoing,0
2026-09-21T15:38:39.979168+00:00,266,r-scylla4,4,1,incoming,138818
2026-09-21T15:38:39.979168+00:00,266,r-scylla4,4,1,outgoing,0
2026-09-21T15:38:40.979866+00:00,267,r-scylla1,4,0,incoming,0
2026-09-21T15:38:40.979866+00:00,267,r-scylla1,4,0,outgoing,276768
2026-09-21T15:38:40.979866+00:00,267,r-scylla1,4,1,incoming,0
2026-09-21T15:38:40.979866+00:00,267,r-scylla1,4,1,outgoing,139000
2026-09-21T15:38:40.979866+00:00,267,r-scylla2,4,0,incoming,138384
2026-09-21T15:38:40.979866+00:00,267,r-scylla2,4,0,outgoing,138384
2026-09-21T15:38:40.979866+00:00,267,r-scylla2,4,1,incoming,290
2026-09-21T15:38:40.979866+00:00,267,r-scylla2,4,1,outgoing,138312
2026-09-21T15:38:40.979866+00:00,267,r-scylla3,4,0,incoming,138384
2026-09-21T15:38:40.979866+00:00,267,r-scylla3,4,0,outgoing,184392
2026-09-21T15:38:40.979866+00:00,267,r-scylla3,4,1,incoming,138710
2026-09-21T15:38:40.979866+00:00,267,r-scylla3,4,1,outgoing,506
2026-09-21T15:38:40.979866+00:00,267,r-scylla4,4,0,incoming,322776
2026-09-21T15:38:40.979866+00:00,267,r-scylla4,4,0,outgoing,0
2026-09-21T15:38:40.979866+00:00,267,r-scylla4,4,1,incoming,138818
2026-09-21T15:38:40.979866+00:00,267,r-scylla4,4,1,outgoing,0
2026-09-21T15:38:41.980289+00:00,268,r-scylla1,4,0,incoming,0
2026-09-21T15:38:41.980289+00:00,268,r-scylla1,4,0,outgoing,276768
2026-09-21T15:38:41.980289+00:00,268,r-scylla1,4,1,incoming,0
2026-09-21T15:38:41.980289+00:00,268,r-scylla1,4,1,outgoing,139000
2026-09-21T15:38:41.980289+00:00,268,r-scylla2,4,0,incoming,138384
2026-09-21T15:38:41.980289+00:00,268,r-scylla2,4,0,outgoing,138384
2026-09-21T15:38:41.980289+00:00,268,r-scylla2,4,1,incoming,290
2026-09-21T15:38:41.980289+00:00,268,r-scylla2,4,1,outgoing,138312
2026-09-21T15:38:41.980289+00:00,268,r-scylla3,4,0,incoming,138384
2026-09-21T15:38:41.980289+00:00,268,r-scylla3,4,0,outgoing,184392
2026-09-21T15:38:41.980289+00:00,268,r-scylla3,4,1,incoming,138710
2026-09-21T15:38:41.980289+00:00,268,r-scylla3,4,1,outgoing,506
2026-09-21T15:38:41.980289+00:00,268,r-scylla4,4,0,incoming,322776
2026-09-21T15:38:41.980289+00:00,268,r-scylla4,4,0,outgoing,0
2026-09-21T15:38:41.980289+00:00,268,r-scylla4,4,1,incoming,138818
2026-09-21T15:38:41.980289+00:00,268,r-scylla4,4,1,outgoing,0
2026-09-21T15:38:42.980482+00:00,269,r-scylla1,4,0,incoming,0
2026-09-21T15:38:42.980482+00:00,269,r-scylla1,4,0,outgoing,276768
2026-09-21T15:38:42.980482+00:00,269,r-scylla1,4,1,incoming,0
2026-09-21T15:38:42.980482+00:00,269,r-scylla1,4,1,outgoing,139000
2026-09-21T15:38:42.980482+00:00,269,r-scylla2,4,0,incoming,138384
2026-09-21T15:38:42.980482+00:00,269,r-scylla2,4,0,outgoing,138384
2026-09-21T15:38:42.980482+00:00,269,r-scylla2,4,1,incoming,290
2026-09-21T15:38:42.980482+00:00,269,r-scylla2,4,1,outgoing,138312
2026-09-21T15:38:42.980482+00:00,269,r-scylla3,4,0,incoming,138384
2026-09-21T15:38:42.980482+00:00,269,r-scylla3,4,0,outgoing,184392
2026-09-21T15:38:42.980482+00:00,269,r-scylla3,4,1,incoming,138710
2026-09-21T15:38:42.980482+00:00,269,r-scylla3,4,1,outgoing,506
2026-09-21T15:38:42.980482+00:00,269,r-scylla4,4,0,incoming,322776
2026-09-21T15:38:42.980482+00:00,269,r-scylla4,4,0,outgoing,0
2026-09-21T15:38:42.980482+00:00,269,r-scylla4,4,1,incoming,138818
2026-09-21T15:38:42.980482+00:00,269,r-scylla4,4,1,outgoing,0
2026-09-21T15:38:43.980792+00:00,270,r-scylla1,4,0,incoming,0
2026-09-21T15:38:43.980792+00:00,270,r-scylla1,4,0,outgoing,276768
2026-09-21T15:38:43.980792+00:00,270,r-scylla1,4,1,incoming,0
2026-09-21T15:38:43.980792+00:00,270,r-scylla1,4,1,outgoing,139000
2026-09-21T15:38:43.980792+00:00,270,r-scylla2,4,0,incoming,138384
2026-09-21T15:38:43.980792+00:00,270,r-scylla2,4,0,outgoing,138384
2026-09-21T15:38:43.980792+00:00,270,r-scylla2,4,1,incoming,290
2026-09-21T15:38:43.980792+00:00,270,r-scylla2,4,1,outgoing,138312
2026-09-21T15:38:43.980792+00:00,270,r-scylla3,4,0,incoming,138384
2026-09-21T15:38:43.980792+00:00,270,r-scylla3,4,0,outgoing,184392
2026-09-21T15:38:43.980792+00:00,270,r-scylla3,4,1,incoming,138710
2026-09-21T15:38:43.980792+00:00,270,r-scylla3,4,1,outgoing,506
2026-09-21T15:38:43.980792+00:00,270,r-scylla4,4,0,incoming,322776
2026-09-21T15:38:43.980792+00:00,270,r-scylla4,4,0,outgoing,0
2026-09-21T15:38:43.980792+00:00,270,r-scylla4,4,1,incoming,138818
2026-09-21T15:38:43.980792+00:00,270,r-scylla4,4,1,outgoing,0
2026-09-21T15:38:44.981197+00:00,271,r-scylla1,4,0,incoming,0
2026-09-21T15:38:44.981197+00:00,271,r-scylla1,4,0,outgoing,276768
2026-09-21T15:38:44.981197+00:00,271,r-scylla1,4,1,incoming,0
2026-09-21T15:38:44.981197+00:00,271,r-scylla1,4,1,outgoing,139000
2026-09-21T15:38:44.981197+00:00,271,r-scylla2,4,0,incoming,138384
2026-09-21T15:38:44.981197+00:00,271,r-scylla2,4,0,outgoing,138384
2026-09-21T15:38:44.981197+00:00,271,r-scylla2,4,1,incoming,290
2026-09-21T15:38:44.981197+00:00,271,r-scylla2,4,1,outgoing,138312
2026-09-21T15:38:44.981197+00:00,271,r-scylla3,4,0,incoming,138384
2026-09-21T15:38:44.981197+00:00,271,r-scylla3,4,0,outgoing,184392
2026-09-21T15:38:44.981197+00:00,271,r-scylla3,4,1,incoming,138710
2026-09-21T15:38:44.981197+00:00,271,r-scylla3,4,1,outgoing,506
2026-09-21T15:38:44.981197+00:00,271,r-scylla4,4,0,incoming,322776
2026-09-21T15:38:44.981197+00:00,271,r-scylla4,4,0,outgoing,0
2026-09-21T15:38:44.981197+00:00,271,r-scylla4,4,1,incoming,138818
2026-09-21T15:38:44.981197+00:00,271,r-scylla4,4,1,outgoing,0
2026-09-21T15:38:45.981597+00:00,272,r-scylla1,4,0,incoming,0
2026-09-21T15:38:45.981597+00:00,272,r-scylla1,4,0,outgoing,276768
2026-09-21T15:38:45.981597+00:00,272,r-scylla1,4,1,incoming,0
2026-09-21T15:38:45.981597+00:00,272,r-scylla1,4,1,outgoing,139000
2026-09-21T15:38:45.981597+00:00,272,r-scylla2,4,0,incoming,138384
2026-09-21T15:38:45.981597+00:00,272,r-scylla2,4,0,outgoing,138384
2026-09-21T15:38:45.981597+00:00,272,r-scylla2,4,1,incoming,290
2026-09-21T15:38:45.981597+00:00,272,r-scylla2,4,1,outgoing,138312
2026-09-21T15:38:45.981597+00:00,272,r-scylla3,4,0,incoming,138384
2026-09-21T15:38:45.981597+00:00,272,r-scylla3,4,0,outgoing,184392
2026-09-21T15:38:45.981597+00:00,272,r-scylla3,4,1,incoming,138710
2026-09-21T15:38:45.981597+00:00,272,r-scylla3,4,1,outgoing,506
2026-09-21T15:38:45.981597+00:00,272,r-scylla4,4,0,incoming,322776
2026-09-21T15:38:45.981597+00:00,272,r-scylla4,4,0,outgoing,0
2026-09-21T15:38:45.981597+00:00,272,r-scylla4,4,1,incoming,138818
2026-09-21T15:38:45.981597+00:00,272,r-scylla4,4,1,outgoing,0
2026-09-21T15:38:46.981762+00:00,273,r-scylla1,4,0,incoming,0
2026-09-21T15:38:46.981762+00:00,273,r-scylla1,4,0,outgoing,276768
2026-09-21T15:38:46.981762+00:00,273,r-scylla1,4,1,incoming,0
2026-09-21T15:38:46.981762+00:00,273,r-scylla1,4,1,outgoing,139000
2026-09-21T15:38:46.981762+00:00,273,r-scylla2,4,0,incoming,138384
2026-09-21T15:38:46.981762+00:00,273,r-scylla2,4,0,outgoing,138384
2026-09-21T15:38:46.981762+00:00,273,r-scylla2,4,1,incoming,290
2026-09-21T15:38:46.981762+00:00,273,r-scylla2,4,1,outgoing,138312
2026-09-21T15:38:46.981762+00:00,273,r-scylla3,4,0,incoming,138384
2026-09-21T15:38:46.981762+00:00,273,r-scylla3,4,0,outgoing,184392
2026-09-21T15:38:46.981762+00:00,273,r-scylla3,4,1,incoming,138710
2026-09-21T15:38:46.981762+00:00,273,r-scylla3,4,1,outgoing,506
2026-09-21T15:38:46.981762+00:00,273,r-scylla4,4,0,incoming,322776
2026-09-21T15:38:46.981762+00:00,273,r-scylla4,4,0,outgoing,0
2026-09-21T15:38:46.981762+00:00,273,r-scylla4,4,1,incoming,138818
2026-09-21T15:38:46.981762+00:00,273,r-scylla4,4,1,outgoing,0
2026-09-21T15:38:47.982023+00:00,274,r-scylla1,4,0,incoming,0
2026-09-21T15:38:47.982023+00:00,274,r-scylla1,4,0,outgoing,276768
2026-09-21T15:38:47.982023+00:00,274,r-scylla1,4,1,incoming,0
2026-09-21T15:38:47.982023+00:00,274,r-scylla1,4,1,outgoing,139000
2026-09-21T15:38:47.982023+00:00,274,r-scylla2,4,0,incoming,138384
2026-09-21T15:38:47.982023+00:00,274,r-scylla2,4,0,outgoing,138384
2026-09-21T15:38:47.982023+00:00,274,r-scylla2,4,1,incoming,290
2026-09-21T15:38:47.982023+00:00,274,r-scylla2,4,1,outgoing,138312
2026-09-21T15:38:47.982023+00:00,274,r-scylla3,4,0,incoming,138384
2026-09-21T15:38:47.982023+00:00,274,r-scylla3,4,0,outgoing,184392
2026-09-21T15:38:47.982023+00:00,274,r-scylla3,4,1,incoming,138710
2026-09-21T15:38:47.982023+00:00,274,r-scylla3,4,1,outgoing,506
2026-09-21T15:38:47.982023+00:00,274,r-scylla4,4,0,incoming,322776
2026-09-21T15:38:47.982023+00:00,274,r-scylla4,4,0,outgoing,0
2026-09-21T15:38:47.982023+00:00,274,r-scylla4,4,1,incoming,138818
2026-09-21T15:38:47.982023+00:00,274,r-scylla4,4,1,outgoing,0
2026-09-21T15:38:48.982536+00:00,275,r-scylla1,4,0,incoming,0
2026-09-21T15:38:48.982536+00:00,275,r-scylla1,4,0,outgoing,276768
2026-09-21T15:38:48.982536+00:00,275,r-scylla1,4,1,incoming,0
2026-09-21T15:38:48.982536+00:00,275,r-scylla1,4,1,outgoing,139000
2026-09-21T15:38:48.982536+00:00,275,r-scylla2,4,0,incoming,138384
2026-09-21T15:38:48.982536+00:00,275,r-scylla2,4,0,outgoing,138384
2026-09-21T15:38:48.982536+00:00,275,r-scylla2,4,1,incoming,290
2026-09-21T15:38:48.982536+00:00,275,r-scylla2,4,1,outgoing,138312
2026-09-21T15:38:48.982536+00:00,275,r-scylla3,4,0,incoming,138384
2026-09-21T15:38:48.982536+00:00,275,r-scylla3,4,0,outgoing,184392
2026-09-21T15:38:48.982536+00:00,275,r-scylla3,4,1,incoming,138710
2026-09-21T15:38:48.982536+00:00,275,r-scylla3,4,1,outgoing,506
2026-09-21T15:38:48.982536+00:00,275,r-scylla4,4,0,incoming,322776
2026-09-21T15:38:48.982536+00:00,275,r-scylla4,4,0,outgoing,0
2026-09-21T15:38:48.982536+00:00,275,r-scylla4,4,1,incoming,138818
2026-09-21T15:38:48.982536+00:00,275,r-scylla4,4,1,outgoing,0
2026-09-21T15:38:49.980045+00:00,276,r-scylla1,4,0,incoming,0
2026-09-21T15:38:49.980045+00:00,276,r-scylla1,4,0,outgoing,276768
2026-09-21T15:38:49.980045+00:00,276,r-scylla1,4,1,incoming,0
2026-09-21T15:38:49.980045+00:00,276,r-scylla1,4,1,outgoing,139000
2026-09-21T15:38:49.980045+00:00,276,r-scylla2,4,0,incoming,138384
2026-09-21T15:38:49.980045+00:00,276,r-scylla2,4,0,outgoing,138384
2026-09-21T15:38:49.980045+00:00,276,r-scylla2,4,1,incoming,290
2026-09-21T15:38:49.980045+00:00,276,r-scylla2,4,1,outgoing,138312
2026-09-21T15:38:49.980045+00:00,276,r-scylla3,4,0,incoming,138384
2026-09-21T15:38:49.980045+00:00,276,r-scylla3,4,0,outgoing,184392
2026-09-21T15:38:49.980045+00:00,276,r-scylla3,4,1,incoming,138710
2026-09-21T15:38:49.980045+00:00,276,r-scylla3,4,1,outgoing,506
2026-09-21T15:38:49.980045+00:00,276,r-scylla4,4,0,incoming,322776
2026-09-21T15:38:49.980045+00:00,276,r-scylla4,4,0,outgoing,0
2026-09-21T15:38:49.980045+00:00,276,r-scylla4,4,1,incoming,138818
2026-09-21T15:38:49.980045+00:00,276,r-scylla4,4,1,outgoing,0
2026-09-21T15:38:50.980445+00:00,277,r-scylla1,4,0,incoming,0
2026-09-21T15:38:50.980445+00:00,277,r-scylla1,4,0,outgoing,276768
2026-09-21T15:38:50.980445+00:00,277,r-scylla1,4,1,incoming,0
2026-09-21T15:38:50.980445+00:00,277,r-scylla1,4,1,outgoing,139000
2026-09-21T15:38:50.980445+00:00,277,r-scylla2,4,0,incoming,138384
2026-09-21T15:38:50.980445+00:00,277,r-scylla2,4,0,outgoing,138384
2026-09-21T15:38:50.980445+00:00,277,r-scylla2,4,1,incoming,290
2026-09-21T15:38:50.980445+00:00,277,r-scylla2,4,1,outgoing,138312
2026-09-21T15:38:50.980445+00:00,277,r-scylla3,4,0,incoming,138384
2026-09-21T15:38:50.980445+00:00,277,r-scylla3,4,0,outgoing,184392
2026-09-21T15:38:50.980445+00:00,277,r-scylla3,4,1,incoming,138710
2026-09-21T15:38:50.980445+00:00,277,r-scylla3,4,1,outgoing,506
2026-09-21T15:38:50.980445+00:00,277,r-scylla4,4,0,incoming,322776
2026-09-21T15:38:50.980445+00:00,277,r-scylla4,4,0,outgoing,0
2026-09-21T15:38:50.980445+00:00,277,r-scylla4,4,1,incoming,138818
2026-09-21T15:38:50.980445+00:00,277,r-scylla4,4,1,outgoing,0
2026-09-21T15:38:51.980507+00:00,278,r-scylla1,4,0,incoming,0
2026-09-21T15:38:51.980507+00:00,278,r-scylla1,4,0,outgoing,276768
2026-09-21T15:38:51.980507+00:00,278,r-scylla1,4,1,incoming,0
2026-09-21T15:38:51.980507+00:00,278,r-scylla1,4,1,outgoing,139000
2026-09-21T15:38:51.980507+00:00,278,r-scylla2,4,0,incoming,138384
2026-09-21T15:38:51.980507+00:00,278,r-scylla2,4,0,outgoing,138384
2026-09-21T15:38:51.980507+00:00,278,r-scylla2,4,1,incoming,290
2026-09-21T15:38:51.980507+00:00,278,r-scylla2,4,1,outgoing,138312
2026-09-21T15:38:51.980507+00:00,278,r-scylla3,4,0,incoming,138384
2026-09-21T15:38:51.980507+00:00,278,r-scylla3,4,0,outgoing,184392
2026-09-21T15:38:51.980507+00:00,278,r-scylla3,4,1,incoming,138710
2026-09-21T15:38:51.980507+00:00,278,r-scylla3,4,1,outgoing,506
2026-09-21T15:38:51.980507+00:00,278,r-scylla4,4,0,incoming,322776
2026-09-21T15:38:51.980507+00:00,278,r-scylla4,4,0,outgoing,0
2026-09-21T15:38:51.980507+00:00,278,r-scylla4,4,1,incoming,138818
2026-09-21T15:38:51.980507+00:00,278,r-scylla4,4,1,outgoing,0
2026-09-21T15:38:52.980943+00:00,279,r-scylla1,4,0,incoming,0
2026-09-21T15:38:52.980943+00:00,279,r-scylla1,4,0,outgoing,276768
2026-09-21T15:38:52.980943+00:00,279,r-scylla1,4,1,incoming,0
2026-09-21T15:38:52.980943+00:00,279,r-scylla1,4,1,outgoing,139000
2026-09-21T15:38:52.980943+00:00,279,r-scylla2,4,0,incoming,138384
2026-09-21T15:38:52.980943+00:00,279,r-scylla2,4,0,outgoing,138384
2026-09-21T15:38:52.980943+00:00,279,r-scylla2,4,1,incoming,290
2026-09-21T15:38:52.980943+00:00,279,r-scylla2,4,1,outgoing,138312
2026-09-21T15:38:52.980943+00:00,279,r-scylla3,4,0,incoming,138384
2026-09-21T15:38:52.980943+00:00,279,r-scylla3,4,0,outgoing,184392
2026-09-21T15:38:52.980943+00:00,279,r-scylla3,4,1,incoming,138710
2026-09-21T15:38:52.980943+00:00,279,r-scylla3,4,1,outgoing,506
2026-09-21T15:38:52.980943+00:00,279,r-scylla4,4,0,incoming,322776
2026-09-21T15:38:52.980943+00:00,279,r-scylla4,4,0,outgoing,0
2026-09-21T15:38:52.980943+00:00,279,r-scylla4,4,1,incoming,138818
2026-09-21T15:38:52.980943+00:00,279,r-scylla4,4,1,outgoing,0
2026-09-21T15:38:53.981289+00:00,280,r-scylla1,4,0,incoming,0
2026-09-21T15:38:53.981289+00:00,280,r-scylla1,4,0,outgoing,276768
2026-09-21T15:38:53.981289+00:00,280,r-scylla1,4,1,incoming,0
2026-09-21T15:38:53.981289+00:00,280,r-scylla1,4,1,outgoing,139000
2026-09-21T15:38:53.981289+00:00,280,r-scylla2,4,0,incoming,138384
2026-09-21T15:38:53.981289+00:00,280,r-scylla2,4,0,outgoing,138384
2026-09-21T15:38:53.981289+00:00,280,r-scylla2,4,1,incoming,290
2026-09-21T15:38:53.981289+00:00,280,r-scylla2,4,1,outgoing,138312
2026-09-21T15:38:53.981289+00:00,280,r-scylla3,4,0,incoming,138384
2026-09-21T15:38:53.981289+00:00,280,r-scylla3,4,0,outgoing,184392
2026-09-21T15:38:53.981289+00:00,280,r-scylla3,4,1,incoming,138710
2026-09-21T15:38:53.981289+00:00,280,r-scylla3,4,1,outgoing,506
2026-09-21T15:38:53.981289+00:00,280,r-scylla4,4,0,incoming,322776
2026-09-21T15:38:53.981289+00:00,280,r-scylla4,4,0,outgoing,0
2026-09-21T15:38:53.981289+00:00,280,r-scylla4,4,1,incoming,138818
2026-09-21T15:38:53.981289+00:00,280,r-scylla4,4,1,outgoing,0
2026-09-21T15:38:54.981495+00:00,281,r-scylla1,4,0,incoming,0
2026-09-21T15:38:54.981495+00:00,281,r-scylla1,4,0,outgoing,276768
2026-09-21T15:38:54.981495+00:00,281,r-scylla1,4,1,incoming,0
2026-09-21T15:38:54.981495+00:00,281,r-scylla1,4,1,outgoing,139000
2026-09-21T15:38:54.981495+00:00,281,r-scylla2,4,0,incoming,138384
2026-09-21T15:38:54.981495+00:00,281,r-scylla2,4,0,outgoing,138384
2026-09-21T15:38:54.981495+00:00,281,r-scylla2,4,1,incoming,290
2026-09-21T15:38:54.981495+00:00,281,r-scylla2,4,1,outgoing,138312
2026-09-21T15:38:54.981495+00:00,281,r-scylla3,4,0,incoming,138384
2026-09-21T15:38:54.981495+00:00,281,r-scylla3,4,0,outgoing,184392
2026-09-21T15:38:54.981495+00:00,281,r-scylla3,4,1,incoming,138710
2026-09-21T15:38:54.981495+00:00,281,r-scylla3,4,1,outgoing,506
2026-09-21T15:38:54.981495+00:00,281,r-scylla4,4,0,incoming,322776
2026-09-21T15:38:54.981495+00:00,281,r-scylla4,4,0,outgoing,0
2026-09-21T15:38:54.981495+00:00,281,r-scylla4,4,1,incoming,138818
2026-09-21T15:38:54.981495+00:00,281,r-scylla4,4,1,outgoing,0
2026-09-21T15:38:55.981788+00:00,282,r-scylla1,4,0,incoming,0
2026-09-21T15:38:55.981788+00:00,282,r-scylla1,4,0,outgoing,276768
2026-09-21T15:38:55.981788+00:00,282,r-scylla1,4,1,incoming,0
2026-09-21T15:38:55.981788+00:00,282,r-scylla1,4,1,outgoing,139000
2026-09-21T15:38:55.981788+00:00,282,r-scylla2,4,0,incoming,138384
2026-09-21T15:38:55.981788+00:00,282,r-scylla2,4,0,outgoing,138384
2026-09-21T15:38:55.981788+00:00,282,r-scylla2,4,1,incoming,290
2026-09-21T15:38:55.981788+00:00,282,r-scylla2,4,1,outgoing,138312
2026-09-21T15:38:55.981788+00:00,282,r-scylla3,4,0,incoming,138384
2026-09-21T15:38:55.981788+00:00,282,r-scylla3,4,0,outgoing,184392
2026-09-21T15:38:55.981788+00:00,282,r-scylla3,4,1,incoming,138710
2026-09-21T15:38:55.981788+00:00,282,r-scylla3,4,1,outgoing,506
2026-09-21T15:38:55.981788+00:00,282,r-scylla4,4,0,incoming,322776
2026-09-21T15:38:55.981788+00:00,282,r-scylla4,4,0,outgoing,0
2026-09-21T15:38:55.981788+00:00,282,r-scylla4,4,1,incoming,138818
2026-09-21T15:38:55.981788+00:00,282,r-scylla4,4,1,outgoing,0
2026-09-21T15:38:56.982046+00:00,283,r-scylla1,4,0,incoming,0
2026-09-21T15:38:56.982046+00:00,283,r-scylla1,4,0,outgoing,276768
2026-09-21T15:38:56.982046+00:00,283,r-scylla1,4,1,incoming,0
2026-09-21T15:38:56.982046+00:00,283,r-scylla1,4,1,outgoing,139000
2026-09-21T15:38:56.982046+00:00,283,r-scylla2,4,0,incoming,138384
2026-09-21T15:38:56.982046+00:00,283,r-scylla2,4,0,outgoing,138384
2026-09-21T15:38:56.982046+00:00,283,r-scylla2,4,1,incoming,290
2026-09-21T15:38:56.982046+00:00,283,r-scylla2,4,1,outgoing,138312
2026-09-21T15:38:56.982046+00:00,283,r-scylla3,4,0,incoming,138384
2026-09-21T15:38:56.982046+00:00,283,r-scylla3,4,0,outgoing,184392
2026-09-21T15:38:56.982046+00:00,283,r-scylla3,4,1,incoming,138710
2026-09-21T15:38:56.982046+00:00,283,r-scylla3,4,1,outgoing,506
2026-09-21T15:38:56.982046+00:00,283,r-scylla4,4,0,incoming,322776
2026-09-21T15:38:56.982046+00:00,283,r-scylla4,4,0,outgoing,0
2026-09-21T15:38:56.982046+00:00,283,r-scylla4,4,1,incoming,138818
2026-09-21T15:38:56.982046+00:00,283,r-scylla4,4,1,outgoing,0
2026-09-21T15:38:57.982470+00:00,284,r-scylla1,4,0,incoming,0
2026-09-21T15:38:57.982470+00:00,284,r-scylla1,4,0,outgoing,276768
2026-09-21T15:38:57.982470+00:00,284,r-scylla1,4,1,incoming,0
2026-09-21T15:38:57.982470+00:00,284,r-scylla1,4,1,outgoing,139000
2026-09-21T15:38:57.982470+00:00,284,r-scylla2,4,0,incoming,138384
2026-09-21T15:38:57.982470+00:00,284,r-scylla2,4,0,outgoing,138384
2026-09-21T15:38:57.982470+00:00,284,r-scylla2,4,1,incoming,290
2026-09-21T15:38:57.982470+00:00,284,r-scylla2,4,1,outgoing,138312
2026-09-21T15:38:57.982470+00:00,284,r-scylla3,4,0,incoming,138384
2026-09-21T15:38:57.982470+00:00,284,r-scylla3,4,0,outgoing,184392
2026-09-21T15:38:57.982470+00:00,284,r-scylla3,4,1,incoming,138710
2026-09-21T15:38:57.982470+00:00,284,r-scylla3,4,1,outgoing,506
2026-09-21T15:38:57.982470+00:00,284,r-scylla4,4,0,incoming,322776
2026-09-21T15:38:57.982470+00:00,284,r-scylla4,4,0,outgoing,0
2026-09-21T15:38:57.982470+00:00,284,r-scylla4,4,1,incoming,138818
2026-09-21T15:38:57.982470+00:00,284,r-scylla4,4,1,outgoing,0
2026-09-21T15:38:58.982744+00:00,285,r-scylla1,4,0,incoming,0
2026-09-21T15:38:58.982744+00:00,285,r-scylla1,4,0,outgoing,276768
2026-09-21T15:38:58.982744+00:00,285,r-scylla1,4,1,incoming,0
2026-09-21T15:38:58.982744+00:00,285,r-scylla1,4,1,outgoing,139000
2026-09-21T15:38:58.982744+00:00,285,r-scylla2,4,0,incoming,138384
2026-09-21T15:38:58.982744+00:00,285,r-scylla2,4,0,outgoing,138384
2026-09-21T15:38:58.982744+00:00,285,r-scylla2,4,1,incoming,290
2026-09-21T15:38:58.982744+00:00,285,r-scylla2,4,1,outgoing,138312
2026-09-21T15:38:58.982744+00:00,285,r-scylla3,4,0,incoming,138384
2026-09-21T15:38:58.982744+00:00,285,r-scylla3,4,0,outgoing,184392
2026-09-21T15:38:58.982744+00:00,285,r-scylla3,4,1,incoming,138710
2026-09-21T15:38:58.982744+00:00,285,r-scylla3,4,1,outgoing,506
2026-09-21T15:38:58.982744+00:00,285,r-scylla4,4,0,incoming,322776
2026-09-21T15:38:58.982744+00:00,285,r-scylla4,4,0,outgoing,0
2026-09-21T15:38:58.982744+00:00,285,r-scylla4,4,1,incoming,138818
2026-09-21T15:38:58.982744+00:00,285,r-scylla4,4,1,outgoing,0
2026-09-21T15:38:59.983024+00:00,286,r-scylla1,4,0,incoming,0
2026-09-21T15:38:59.983024+00:00,286,r-scylla1,4,0,outgoing,276768
2026-09-21T15:38:59.983024+00:00,286,r-scylla1,4,1,incoming,0
2026-09-21T15:38:59.983024+00:00,286,r-scylla1,4,1,outgoing,139000
2026-09-21T15:38:59.983024+00:00,286,r-scylla2,4,0,incoming,138384
2026-09-21T15:38:59.983024+00:00,286,r-scylla2,4,0,outgoing,138384
2026-09-21T15:38:59.983024+00:00,286,r-scylla2,4,1,incoming,290
2026-09-21T15:38:59.983024+00:00,286,r-scylla2,4,1,outgoing,138312
2026-09-21T15:38:59.983024+00:00,286,r-scylla3,4,0,incoming,138384
2026-09-21T15:38:59.983024+00:00,286,r-scylla3,4,0,outgoing,184392
2026-09-21T15:38:59.983024+00:00,286,r-scylla3,4,1,incoming,138710
2026-09-21T15:38:59.983024+00:00,286,r-scylla3,4,1,outgoing,506
2026-09-21T15:38:59.983024+00:00,286,r-scylla4,4,0,incoming,322776
2026-09-21T15:38:59.983024+00:00,286,r-scylla4,4,0,outgoing,0
2026-09-21T15:38:59.983024+00:00,286,r-scylla4,4,1,incoming,138818
2026-09-21T15:38:59.983024+00:00,286,r-scylla4,4,1,outgoing,0
2026-09-21T15:39:00.983319+00:00,287,r-scylla1,4,0,incoming,0
2026-09-21T15:39:00.983319+00:00,287,r-scylla1,4,0,outgoing,276768
2026-09-21T15:39:00.983319+00:00,287,r-scylla1,4,1,incoming,0
2026-09-21T15:39:00.983319+00:00,287,r-scylla1,4,1,outgoing,139000
2026-09-21T15:39:00.983319+00:00,287,r-scylla2,4,0,incoming,138384
2026-09-21T15:39:00.983319+00:00,287,r-scylla2,4,0,outgoing,138384
2026-09-21T15:39:00.983319+00:00,287,r-scylla2,4,1,incoming,290
2026-09-21T15:39:00.983319+00:00,287,r-scylla2,4,1,outgoing,138312
2026-09-21T15:39:00.983319+00:00,287,r-scylla3,4,0,incoming,138384
2026-09-21T15:39:00.983319+00:00,287,r-scylla3,4,0,outgoing,184392
2026-09-21T15:39:00.983319+00:00,287,r-scylla3,4,1,incoming,138710
2026-09-21T15:39:00.983319+00:00,287,r-scylla3,4,1,outgoing,506
2026-09-21T15:39:00.983319+00:00,287,r-scylla4,4,0,incoming,322776
2026-09-21T15:39:00.983319+00:00,287,r-scylla4,4,0,outgoing,0
2026-09-21T15:39:00.983319+00:00,287,r-scylla4,4,1,incoming,138818
2026-09-21T15:39:00.983319+00:00,287,r-scylla4,4,1,outgoing,0
2026-09-21T15:39:01.983693+00:00,288,r-scylla1,4,0,incoming,0
2026-09-21T15:39:01.983693+00:00,288,r-scylla1,4,0,outgoing,276768
2026-09-21T15:39:01.983693+00:00,288,r-scylla1,4,1,incoming,0
2026-09-21T15:39:01.983693+00:00,288,r-scylla1,4,1,outgoing,139000
2026-09-21T15:39:01.983693+00:00,288,r-scylla2,4,0,incoming,138384
2026-09-21T15:39:01.983693+00:00,288,r-scylla2,4,0,outgoing,138384
2026-09-21T15:39:01.983693+00:00,288,r-scylla2,4,1,incoming,290
2026-09-21T15:39:01.983693+00:00,288,r-scylla2,4,1,outgoing,138312
2026-09-21T15:39:01.983693+00:00,288,r-scylla3,4,0,incoming,138384
2026-09-21T15:39:01.983693+00:00,288,r-scylla3,4,0,outgoing,184392
2026-09-21T15:39:01.983693+00:00,288,r-scylla3,4,1,incoming,138710
2026-09-21T15:39:01.983693+00:00,288,r-scylla3,4,1,outgoing,506
2026-09-21T15:39:01.983693+00:00,288,r-scylla4,4,0,incoming,322776
2026-09-21T15:39:01.983693+00:00,288,r-scylla4,4,0,outgoing,0
2026-09-21T15:39:01.983693+00:00,288,r-scylla4,4,1,incoming,138818
2026-09-21T15:39:01.983693+00:00,288,r-scylla4,4,1,outgoing,0
2026-09-21T15:39:02.983870+00:00,289,r-scylla1,4,0,incoming,0
2026-09-21T15:39:02.983870+00:00,289,r-scylla1,4,0,outgoing,276768
2026-09-21T15:39:02.983870+00:00,289,r-scylla1,4,1,incoming,0
2026-09-21T15:39:02.983870+00:00,289,r-scylla1,4,1,outgoing,139000
2026-09-21T15:39:02.983870+00:00,289,r-scylla2,4,0,incoming,138384
2026-09-21T15:39:02.983870+00:00,289,r-scylla2,4,0,outgoing,138384
2026-09-21T15:39:02.983870+00:00,289,r-scylla2,4,1,incoming,290
2026-09-21T15:39:02.983870+00:00,289,r-scylla2,4,1,outgoing,138312
2026-09-21T15:39:02.983870+00:00,289,r-scylla3,4,0,incoming,138384
2026-09-21T15:39:02.983870+00:00,289,r-scylla3,4,0,outgoing,184392
2026-09-21T15:39:02.983870+00:00,289,r-scylla3,4,1,incoming,138710
2026-09-21T15:39:02.983870+00:00,289,r-scylla3,4,1,outgoing,506
2026-09-21T15:39:02.983870+00:00,289,r-scylla4,4,0,incoming,322776
2026-09-21T15:39:02.983870+00:00,289,r-scylla4,4,0,outgoing,0
2026-09-21T15:39:02.983870+00:00,289,r-scylla4,4,1,incoming,138818
2026-09-21T15:39:02.983870+00:00,289,r-scylla4,4,1,outgoing,0
2026-09-21T15:39:03.984158+00:00,290,r-scylla1,4,0,incoming,0
2026-09-21T15:39:03.984158+00:00,290,r-scylla1,4,0,outgoing,276768
2026-09-21T15:39:03.984158+00:00,290,r-scylla1,4,1,incoming,0
2026-09-21T15:39:03.984158+00:00,290,r-scylla1,4,1,outgoing,139000
2026-09-21T15:39:03.984158+00:00,290,r-scylla2,4,0,incoming,138384
2026-09-21T15:39:03.984158+00:00,290,r-scylla2,4,0,outgoing,138384
2026-09-21T15:39:03.984158+00:00,290,r-scylla2,4,1,incoming,290
2026-09-21T15:39:03.984158+00:00,290,r-scylla2,4,1,outgoing,138312
2026-09-21T15:39:03.984158+00:00,290,r-scylla3,4,0,incoming,138384
2026-09-21T15:39:03.984158+00:00,290,r-scylla3,4,0,outgoing,184392
2026-09-21T15:39:03.984158+00:00,290,r-scylla3,4,1,incoming,138710
2026-09-21T15:39:03.984158+00:00,290,r-scylla3,4,1,outgoing,506
2026-09-21T15:39:03.984158+00:00,290,r-scylla4,4,0,incoming,322776
2026-09-21T15:39:03.984158+00:00,290,r-scylla4,4,0,outgoing,0
2026-09-21T15:39:03.984158+00:00,290,r-scylla4,4,1,incoming,138818
2026-09-21T15:39:03.984158+00:00,290,r-scylla4,4,1,outgoing,0
2026-09-21T15:39:04.984355+00:00,291,r-scylla1,4,0,incoming,0
2026-09-21T15:39:04.984355+00:00,291,r-scylla1,4,0,outgoing,276768
2026-09-21T15:39:04.984355+00:00,291,r-scylla1,4,1,incoming,0
2026-09-21T15:39:04.984355+00:00,291,r-scylla1,4,1,outgoing,139000
2026-09-21T15:39:04.984355+00:00,291,r-scylla2,4,0,incoming,138384
2026-09-21T15:39:04.984355+00:00,291,r-scylla2,4,0,outgoing,138384
2026-09-21T15:39:04.984355+00:00,291,r-scylla2,4,1,incoming,290
2026-09-21T15:39:04.984355+00:00,291,r-scylla2,4,1,outgoing,138312
2026-09-21T15:39:04.984355+00:00,291,r-scylla3,4,0,incoming,138384
2026-09-21T15:39:04.984355+00:00,291,r-scylla3,4,0,outgoing,184392
2026-09-21T15:39:04.984355+00:00,291,r-scylla3,4,1,incoming,138710
2026-09-21T15:39:04.984355+00:00,291,r-scylla3,4,1,outgoing,506
2026-09-21T15:39:04.984355+00:00,291,r-scylla4,4,0,incoming,322776
2026-09-21T15:39:04.984355+00:00,291,r-scylla4,4,0,outgoing,0
2026-09-21T15:39:04.984355+00:00,291,r-scylla4,4,1,incoming,138818
2026-09-21T15:39:04.984355+00:00,291,r-scylla4,4,1,outgoing,0
2026-09-21T15:39:05.984685+00:00,292,r-scylla1,4,0,incoming,0
2026-09-21T15:39:05.984685+00:00,292,r-scylla1,4,0,outgoing,276768
2026-09-21T15:39:05.984685+00:00,292,r-scylla1,4,1,incoming,0
2026-09-21T15:39:05.984685+00:00,292,r-scylla1,4,1,outgoing,139000
2026-09-21T15:39:05.984685+00:00,292,r-scylla2,4,0,incoming,138384
2026-09-21T15:39:05.984685+00:00,292,r-scylla2,4,0,outgoing,138384
2026-09-21T15:39:05.984685+00:00,292,r-scylla2,4,1,incoming,290
2026-09-21T15:39:05.984685+00:00,292,r-scylla2,4,1,outgoing,138312
2026-09-21T15:39:05.984685+00:00,292,r-scylla3,4,0,incoming,138384
2026-09-21T15:39:05.984685+00:00,292,r-scylla3,4,0,outgoing,184392
2026-09-21T15:39:05.984685+00:00,292,r-scylla3,4,1,incoming,138710
2026-09-21T15:39:05.984685+00:00,292,r-scylla3,4,1,outgoing,506
2026-09-21T15:39:05.984685+00:00,292,r-scylla4,4,0,incoming,322776
2026-09-21T15:39:05.984685+00:00,292,r-scylla4,4,0,outgoing,0
2026-09-21T15:39:05.984685+00:00,292,r-scylla4,4,1,incoming,138818
2026-09-21T15:39:05.984685+00:00,292,r-scylla4,4,1,outgoing,0
2026-09-21T15:39:06.984864+00:00,293,r-scylla1,4,0,incoming,0
2026-09-21T15:39:06.984864+00:00,293,r-scylla1,4,0,outgoing,276768
2026-09-21T15:39:06.984864+00:00,293,r-scylla1,4,1,incoming,0
2026-09-21T15:39:06.984864+00:00,293,r-scylla1,4,1,outgoing,139000
2026-09-21T15:39:06.984864+00:00,293,r-scylla2,4,0,incoming,138384
2026-09-21T15:39:06.984864+00:00,293,r-scylla2,4,0,outgoing,138384
2026-09-21T15:39:06.984864+00:00,293,r-scylla2,4,1,incoming,290
2026-09-21T15:39:06.984864+00:00,293,r-scylla2,4,1,outgoing,138312
2026-09-21T15:39:06.984864+00:00,293,r-scylla3,4,0,incoming,138384
2026-09-21T15:39:06.984864+00:00,293,r-scylla3,4,0,outgoing,184392
2026-09-21T15:39:06.984864+00:00,293,r-scylla3,4,1,incoming,138710
2026-09-21T15:39:06.984864+00:00,293,r-scylla3,4,1,outgoing,506
2026-09-21T15:39:06.984864+00:00,293,r-scylla4,4,0,incoming,322776
2026-09-21T15:39:06.984864+00:00,293,r-scylla4,4,0,outgoing,0
2026-09-21T15:39:06.984864+00:00,293,r-scylla4,4,1,incoming,138818
2026-09-21T15:39:06.984864+00:00,293,r-scylla4,4,1,outgoing,0
2026-09-21T15:39:07.985195+00:00,294,r-scylla1,4,0,incoming,0
2026-09-21T15:39:07.985195+00:00,294,r-scylla1,4,0,outgoing,276768
2026-09-21T15:39:07.985195+00:00,294,r-scylla1,4,1,incoming,0
2026-09-21T15:39:07.985195+00:00,294,r-scylla1,4,1,outgoing,139000
2026-09-21T15:39:07.985195+00:00,294,r-scylla2,4,0,incoming,138384
2026-09-21T15:39:07.985195+00:00,294,r-scylla2,4,0,outgoing,138384
2026-09-21T15:39:07.985195+00:00,294,r-scylla2,4,1,incoming,290
2026-09-21T15:39:07.985195+00:00,294,r-scylla2,4,1,outgoing,138312
2026-09-21T15:39:07.985195+00:00,294,r-scylla3,4,0,incoming,138384
2026-09-21T15:39:07.985195+00:00,294,r-scylla3,4,0,outgoing,184392
2026-09-21T15:39:07.985195+00:00,294,r-scylla3,4,1,incoming,138710
2026-09-21T15:39:07.985195+00:00,294,r-scylla3,4,1,outgoing,506
2026-09-21T15:39:07.985195+00:00,294,r-scylla4,4,0,incoming,322776
2026-09-21T15:39:07.985195+00:00,294,r-scylla4,4,0,outgoing,0
2026-09-21T15:39:07.985195+00:00,294,r-scylla4,4,1,incoming,138818
2026-09-21T15:39:07.985195+00:00,294,r-scylla4,4,1,outgoing,0
2026-09-21T15:39:08.985464+00:00,295,r-scylla1,4,0,incoming,0
2026-09-21T15:39:08.985464+00:00,295,r-scylla1,4,0,outgoing,276768
2026-09-21T15:39:08.985464+00:00,295,r-scylla1,4,1,incoming,0
2026-09-21T15:39:08.985464+00:00,295,r-scylla1,4,1,outgoing,139000
2026-09-21T15:39:08.985464+00:00,295,r-scylla2,4,0,incoming,138384
2026-09-21T15:39:08.985464+00:00,295,r-scylla2,4,0,outgoing,138384
2026-09-21T15:39:08.985464+00:00,295,r-scylla2,4,1,incoming,290
2026-09-21T15:39:08.985464+00:00,295,r-scylla2,4,1,outgoing,138312
2026-09-21T15:39:08.985464+00:00,295,r-scylla3,4,0,incoming,138384
2026-09-21T15:39:08.985464+00:00,295,r-scylla3,4,0,outgoing,184392
2026-09-21T15:39:08.985464+00:00,295,r-scylla3,4,1,incoming,138710
2026-09-21T15:39:08.985464+00:00,295,r-scylla3,4,1,outgoing,506
2026-09-21T15:39:08.985464+00:00,295,r-scylla4,4,0,incoming,322776
2026-09-21T15:39:08.985464+00:00,295,r-scylla4,4,0,outgoing,0
2026-09-21T15:39:08.985464+00:00,295,r-scylla4,4,1,incoming,138818
2026-09-21T15:39:08.985464+00:00,295,r-scylla4,4,1,outgoing,0
2026-09-21T15:39:09.985888+00:00,296,r-scylla1,4,0,incoming,0
2026-09-21T15:39:09.985888+00:00,296,r-scylla1,4,0,outgoing,276768
2026-09-21T15:39:09.985888+00:00,296,r-scylla1,4,1,incoming,0
2026-09-21T15:39:09.985888+00:00,296,r-scylla1,4,1,outgoing,139000
2026-09-21T15:39:09.985888+00:00,296,r-scylla2,4,0,incoming,138384
2026-09-21T15:39:09.985888+00:00,296,r-scylla2,4,0,outgoing,138384
2026-09-21T15:39:09.985888+00:00,296,r-scylla2,4,1,incoming,290
2026-09-21T15:39:09.985888+00:00,296,r-scylla2,4,1,outgoing,138312
2026-09-21T15:39:09.985888+00:00,296,r-scylla3,4,0,incoming,138384
2026-09-21T15:39:09.985888+00:00,296,r-scylla3,4,0,outgoing,184392
2026-09-21T15:39:09.985888+00:00,296,r-scylla3,4,1,incoming,138710
2026-09-21T15:39:09.985888+00:00,296,r-scylla3,4,1,outgoing,506
2026-09-21T15:39:09.985888+00:00,296,r-scylla4,4,0,incoming,322776
2026-09-21T15:39:09.985888+00:00,296,r-scylla4,4,0,outgoing,0
2026-09-21T15:39:09.985888+00:00,296,r-scylla4,4,1,incoming,138818
2026-09-21T15:39:09.985888+00:00,296,r-scylla4,4,1,outgoing,0
2026-09-21T15:39:10.986881+00:00,297,r-scylla1,4,0,incoming,0
2026-09-21T15:39:10.986881+00:00,297,r-scylla1,4,0,outgoing,276768
2026-09-21T15:39:10.986881+00:00,297,r-scylla1,4,1,incoming,0
2026-09-21T15:39:10.986881+00:00,297,r-scylla1,4,1,outgoing,139000
2026-09-21T15:39:10.986881+00:00,297,r-scylla2,4,0,incoming,138384
2026-09-21T15:39:10.986881+00:00,297,r-scylla2,4,0,outgoing,138384
2026-09-21T15:39:10.986881+00:00,297,r-scylla2,4,1,incoming,290
2026-09-21T15:39:10.986881+00:00,297,r-scylla2,4,1,outgoing,138312
2026-09-21T15:39:10.986881+00:00,297,r-scylla3,4,0,incoming,138384
2026-09-21T15:39:10.986881+00:00,297,r-scylla3,4,0,outgoing,184392
2026-09-21T15:39:10.986881+00:00,297,r-scylla3,4,1,incoming,138710
2026-09-21T15:39:10.986881+00:00,297,r-scylla3,4,1,outgoing,506
2026-09-21T15:39:10.986881+00:00,297,r-scylla4,4,0,incoming,322776
2026-09-21T15:39:10.986881+00:00,297,r-scylla4,4,0,outgoing,0
2026-09-21T15:39:10.986881+00:00,297,r-scylla4,4,1,incoming,138818
2026-09-21T15:39:10.986881+00:00,297,r-scylla4,4,1,outgoing,0
2026-09-21T15:39:11.987149+00:00,298,r-scylla1,4,0,incoming,0
2026-09-21T15:39:11.987149+00:00,298,r-scylla1,4,0,outgoing,276768
2026-09-21T15:39:11.987149+00:00,298,r-scylla1,4,1,incoming,0
2026-09-21T15:39:11.987149+00:00,298,r-scylla1,4,1,outgoing,139000
2026-09-21T15:39:11.987149+00:00,298,r-scylla2,4,0,incoming,138384
2026-09-21T15:39:11.987149+00:00,298,r-scylla2,4,0,outgoing,138384
2026-09-21T15:39:11.987149+00:00,298,r-scylla2,4,1,incoming,290
2026-09-21T15:39:11.987149+00:00,298,r-scylla2,4,1,outgoing,138312
2026-09-21T15:39:11.987149+00:00,298,r-scylla3,4,0,incoming,138384
2026-09-21T15:39:11.987149+00:00,298,r-scylla3,4,0,outgoing,184392
2026-09-21T15:39:11.987149+00:00,298,r-scylla3,4,1,incoming,138710
2026-09-21T15:39:11.987149+00:00,298,r-scylla3,4,1,outgoing,506
2026-09-21T15:39:11.987149+00:00,298,r-scylla4,4,0,incoming,322776
2026-09-21T15:39:11.987149+00:00,298,r-scylla4,4,0,outgoing,0
2026-09-21T15:39:11.987149+00:00,298,r-scylla4,4,1,incoming,138818
2026-09-21T15:39:11.987149+00:00,298,r-scylla4,4,1,outgoing,0
2026-09-21T15:39:12.987553+00:00,299,r-scylla1,4,0,incoming,0
2026-09-21T15:39:12.987553+00:00,299,r-scylla1,4,0,outgoing,276768
2026-09-21T15:39:12.987553+00:00,299,r-scylla1,4,1,incoming,0
2026-09-21T15:39:12.987553+00:00,299,r-scylla1,4,1,outgoing,139000
2026-09-21T15:39:12.987553+00:00,299,r-scylla2,4,0,incoming,138384
2026-09-21T15:39:12.987553+00:00,299,r-scylla2,4,0,outgoing,138384
2026-09-21T15:39:12.987553+00:00,299,r-scylla2,4,1,incoming,290
2026-09-21T15:39:12.987553+00:00,299,r-scylla2,4,1,outgoing,138312
2026-09-21T15:39:12.987553+00:00,299,r-scylla3,4,0,incoming,138384
2026-09-21T15:39:12.987553+00:00,299,r-scylla3,4,0,outgoing,184392
2026-09-21T15:39:12.987553+00:00,299,r-scylla3,4,1,incoming,138710
2026-09-21T15:39:12.987553+00:00,299,r-scylla3,4,1,outgoing,506
2026-09-21T15:39:12.987553+00:00,299,r-scylla4,4,0,incoming,322776
2026-09-21T15:39:12.987553+00:00,299,r-scylla4,4,0,outgoing,0
2026-09-21T15:39:12.987553+00:00,299,r-scylla4,4,1,incoming,138818
2026-09-21T15:39:12.987553+00:00,299,r-scylla4,4,1,outgoing,0
2026-09-21T15:39:13.987800+00:00,300,r-scylla1,4,0,incoming,0
2026-09-21T15:39:13.987800+00:00,300,r-scylla1,4,0,outgoing,276768
2026-09-21T15:39:13.987800+00:00,300,r-scylla1,4,1,incoming,0
2026-09-21T15:39:13.987800+00:00,300,r-scylla1,4,1,outgoing,139000
2026-09-21T15:39:13.987800+00:00,300,r-scylla2,4,0,incoming,138384
2026-09-21T15:39:13.987800+00:00,300,r-scylla2,4,0,outgoing,138384
2026-09-21T15:39:13.987800+00:00,300,r-scylla2,4,1,incoming,290
2026-09-21T15:39:13.987800+00:00,300,r-scylla2,4,1,outgoing,138312
2026-09-21T15:39:13.987800+00:00,300,r-scylla3,4,0,incoming,138384
2026-09-21T15:39:13.987800+00:00,300,r-scylla3,4,0,outgoing,184392
2026-09-21T15:39:13.987800+00:00,300,r-scylla3,4,1,incoming,138710
2026-09-21T15:39:13.987800+00:00,300,r-scylla3,4,1,outgoing,506
2026-09-21T15:39:13.987800+00:00,300,r-scylla4,4,0,incoming,322776
2026-09-21T15:39:13.987800+00:00,300,r-scylla4,4,0,outgoing,0
2026-09-21T15:39:13.987800+00:00,300,r-scylla4,4,1,incoming,138818
2026-09-21T15:39:13.987800+00:00,300,r-scylla4,4,1,outgoing,0
2026-09-21T15:39:14.988152+00:00,301,r-scylla1,4,0,incoming,0
2026-09-21T15:39:14.988152+00:00,301,r-scylla1,4,0,outgoing,276768
2026-09-21T15:39:14.988152+00:00,301,r-scylla1,4,1,incoming,0
2026-09-21T15:39:14.988152+00:00,301,r-scylla1,4,1,outgoing,139000
2026-09-21T15:39:14.988152+00:00,301,r-scylla2,4,0,incoming,138384
2026-09-21T15:39:14.988152+00:00,301,r-scylla2,4,0,outgoing,138384
2026-09-21T15:39:14.988152+00:00,301,r-scylla2,4,1,incoming,290
2026-09-21T15:39:14.988152+00:00,301,r-scylla2,4,1,outgoing,138312
2026-09-21T15:39:14.988152+00:00,301,r-scylla3,4,0,incoming,138384
2026-09-21T15:39:14.988152+00:00,301,r-scylla3,4,0,outgoing,184392
2026-09-21T15:39:14.988152+00:00,301,r-scylla3,4,1,incoming,138710
2026-09-21T15:39:14.988152+00:00,301,r-scylla3,4,1,outgoing,506
2026-09-21T15:39:14.988152+00:00,301,r-scylla4,4,0,incoming,322776
2026-09-21T15:39:14.988152+00:00,301,r-scylla4,4,0,outgoing,0
2026-09-21T15:39:14.988152+00:00,301,r-scylla4,4,1,incoming,138818
2026-09-21T15:39:14.988152+00:00,301,r-scylla4,4,1,outgoing,0
2026-09-21T15:39:15.988605+00:00,302,r-scylla1,4,0,incoming,0
2026-09-21T15:39:15.988605+00:00,302,r-scylla1,4,0,outgoing,276768
2026-09-21T15:39:15.988605+00:00,302,r-scylla1,4,1,incoming,0
2026-09-21T15:39:15.988605+00:00,302,r-scylla1,4,1,outgoing,139000
2026-09-21T15:39:15.988605+00:00,302,r-scylla2,4,0,incoming,138384
2026-09-21T15:39:15.988605+00:00,302,r-scylla2,4,0,outgoing,138384
2026-09-21T15:39:15.988605+00:00,302,r-scylla2,4,1,incoming,290
2026-09-21T15:39:15.988605+00:00,302,r-scylla2,4,1,outgoing,138312
2026-09-21T15:39:15.988605+00:00,302,r-scylla3,4,0,incoming,138384
2026-09-21T15:39:15.988605+00:00,302,r-scylla3,4,0,outgoing,184392
2026-09-21T15:39:15.988605+00:00,302,r-scylla3,4,1,incoming,138710
2026-09-21T15:39:15.988605+00:00,302,r-scylla3,4,1,outgoing,506
2026-09-21T15:39:15.988605+00:00,302,r-scylla4,4,0,incoming,322776
2026-09-21T15:39:15.988605+00:00,302,r-scylla4,4,0,outgoing,0
2026-09-21T15:39:15.988605+00:00,302,r-scylla4,4,1,incoming,138818
2026-09-21T15:39:15.988605+00:00,302,r-scylla4,4,1,outgoing,0
2026-09-21T15:39:16.988799+00:00,303,r-scylla1,4,0,incoming,0
2026-09-21T15:39:16.988799+00:00,303,r-scylla1,4,0,outgoing,276768
2026-09-21T15:39:16.988799+00:00,303,r-scylla1,4,1,incoming,0
2026-09-21T15:39:16.988799+00:00,303,r-scylla1,4,1,outgoing,139000
2026-09-21T15:39:16.988799+00:00,303,r-scylla2,4,0,incoming,138384
2026-09-21T15:39:16.988799+00:00,303,r-scylla2,4,0,outgoing,138384
2026-09-21T15:39:16.988799+00:00,303,r-scylla2,4,1,incoming,290
2026-09-21T15:39:16.988799+00:00,303,r-scylla2,4,1,outgoing,138312
2026-09-21T15:39:16.988799+00:00,303,r-scylla3,4,0,incoming,138384
2026-09-21T15:39:16.988799+00:00,303,r-scylla3,4,0,outgoing,184392
2026-09-21T15:39:16.988799+00:00,303,r-scylla3,4,1,incoming,138710
2026-09-21T15:39:16.988799+00:00,303,r-scylla3,4,1,outgoing,506
2026-09-21T15:39:16.988799+00:00,303,r-scylla4,4,0,incoming,322776
2026-09-21T15:39:16.988799+00:00,303,r-scylla4,4,0,outgoing,0
2026-09-21T15:39:16.988799+00:00,303,r-scylla4,4,1,incoming,138818
2026-09-21T15:39:16.988799+00:00,303,r-scylla4,4,1,outgoing,0
2026-09-21T15:39:17.988993+00:00,304,r-scylla1,4,0,incoming,0
2026-09-21T15:39:17.988993+00:00,304,r-scylla1,4,0,outgoing,276768
2026-09-21T15:39:17.988993+00:00,304,r-scylla1,4,1,incoming,0
2026-09-21T15:39:17.988993+00:00,304,r-scylla1,4,1,outgoing,139000
2026-09-21T15:39:17.988993+00:00,304,r-scylla2,4,0,incoming,138384
2026-09-21T15:39:17.988993+00:00,304,r-scylla2,4,0,outgoing,138384
2026-09-21T15:39:17.988993+00:00,304,r-scylla2,4,1,incoming,290
2026-09-21T15:39:17.988993+00:00,304,r-scylla2,4,1,outgoing,138312
2026-09-21T15:39:17.988993+00:00,304,r-scylla3,4,0,incoming,138384
2026-09-21T15:39:17.988993+00:00,304,r-scylla3,4,0,outgoing,184392
2026-09-21T15:39:17.988993+00:00,304,r-scylla3,4,1,incoming,138710
2026-09-21T15:39:17.988993+00:00,304,r-scylla3,4,1,outgoing,506
2026-09-21T15:39:17.988993+00:00,304,r-scylla4,4,0,incoming,322776
2026-09-21T15:39:17.988993+00:00,304,r-scylla4,4,0,outgoing,0
2026-09-21T15:39:17.988993+00:00,304,r-scylla4,4,1,incoming,138818
2026-09-21T15:39:17.988993+00:00,304,r-scylla4,4,1,outgoing,0
2026-09-21T15:39:18.989511+00:00,305,r-scylla1,4,0,incoming,0
2026-09-21T15:39:18.989511+00:00,305,r-scylla1,4,0,outgoing,276768
2026-09-21T15:39:18.989511+00:00,305,r-scylla1,4,1,incoming,0
2026-09-21T15:39:18.989511+00:00,305,r-scylla1,4,1,outgoing,139000
2026-09-21T15:39:18.989511+00:00,305,r-scylla2,4,0,incoming,138384
2026-09-21T15:39:18.989511+00:00,305,r-scylla2,4,0,outgoing,138384
2026-09-21T15:39:18.989511+00:00,305,r-scylla2,4,1,incoming,290
2026-09-21T15:39:18.989511+00:00,305,r-scylla2,4,1,outgoing,138312
2026-09-21T15:39:18.989511+00:00,305,r-scylla3,4,0,incoming,138384
2026-09-21T15:39:18.989511+00:00,305,r-scylla3,4,0,outgoing,184392
2026-09-21T15:39:18.989511+00:00,305,r-scylla3,4,1,incoming,138710
2026-09-21T15:39:18.989511+00:00,305,r-scylla3,4,1,outgoing,506
2026-09-21T15:39:18.989511+00:00,305,r-scylla4,4,0,incoming,322776
2026-09-21T15:39:18.989511+00:00,305,r-scylla4,4,0,outgoing,0
2026-09-21T15:39:18.989511+00:00,305,r-scylla4,4,1,incoming,138818
2026-09-21T15:39:18.989511+00:00,305,r-scylla4,4,1,outgoing,0
2026-09-21T15:39:19.986657+00:00,306,r-scylla1,4,0,incoming,0
2026-09-21T15:39:19.986657+00:00,306,r-scylla1,4,0,outgoing,276768
2026-09-21T15:39:19.986657+00:00,306,r-scylla1,4,1,incoming,0
2026-09-21T15:39:19.986657+00:00,306,r-scylla1,4,1,outgoing,139000
2026-09-21T15:39:19.986657+00:00,306,r-scylla2,4,0,incoming,138384
2026-09-21T15:39:19.986657+00:00,306,r-scylla2,4,0,outgoing,138384
2026-09-21T15:39:19.986657+00:00,306,r-scylla2,4,1,incoming,290
2026-09-21T15:39:19.986657+00:00,306,r-scylla2,4,1,outgoing,138312
2026-09-21T15:39:19.986657+00:00,306,r-scylla3,4,0,incoming,138384
2026-09-21T15:39:19.986657+00:00,306,r-scylla3,4,0,outgoing,184392
2026-09-21T15:39:19.986657+00:00,306,r-scylla3,4,1,incoming,138710
2026-09-21T15:39:19.986657+00:00,306,r-scylla3,4,1,outgoing,506
2026-09-21T15:39:19.986657+00:00,306,r-scylla4,4,0,incoming,322776
2026-09-21T15:39:19.986657+00:00,306,r-scylla4,4,0,outgoing,0
2026-09-21T15:39:19.986657+00:00,306,r-scylla4,4,1,incoming,138818
2026-09-21T15:39:19.986657+00:00,306,r-scylla4,4,1,outgoing,0
2026-09-21T15:39:20.987016+00:00,307,r-scylla1,4,0,incoming,0
2026-09-21T15:39:20.987016+00:00,307,r-scylla1,4,0,outgoing,276768
2026-09-21T15:39:20.987016+00:00,307,r-scylla1,4,1,incoming,0
2026-09-21T15:39:20.987016+00:00,307,r-scylla1,4,1,outgoing,139000
2026-09-21T15:39:20.987016+00:00,307,r-scylla2,4,0,incoming,138384
2026-09-21T15:39:20.987016+00:00,307,r-scylla2,4,0,outgoing,138384
2026-09-21T15:39:20.987016+00:00,307,r-scylla2,4,1,incoming,290
2026-09-21T15:39:20.987016+00:00,307,r-scylla2,4,1,outgoing,138312
2026-09-21T15:39:20.987016+00:00,307,r-scylla3,4,0,incoming,138384
2026-09-21T15:39:20.987016+00:00,307,r-scylla3,4,0,outgoing,184392
2026-09-21T15:39:20.987016+00:00,307,r-scylla3,4,1,incoming,138710
2026-09-21T15:39:20.987016+00:00,307,r-scylla3,4,1,outgoing,506
2026-09-21T15:39:20.987016+00:00,307,r-scylla4,4,0,incoming,322776
2026-09-21T15:39:20.987016+00:00,307,r-scylla4,4,0,outgoing,0
2026-09-21T15:39:20.987016+00:00,307,r-scylla4,4,1,incoming,138818
2026-09-21T15:39:20.987016+00:00,307,r-scylla4,4,1,outgoing,0
2026-09-21T15:39:21.987234+00:00,308,r-scylla1,4,0,incoming,0
2026-09-21T15:39:21.987234+00:00,308,r-scylla1,4,0,outgoing,276768
2026-09-21T15:39:21.987234+00:00,308,r-scylla1,4,1,incoming,0
2026-09-21T15:39:21.987234+00:00,308,r-scylla1,4,1,outgoing,139000
2026-09-21T15:39:21.987234+00:00,308,r-scylla2,4,0,incoming,138384
2026-09-21T15:39:21.987234+00:00,308,r-scylla2,4,0,outgoing,138384
2026-09-21T15:39:21.987234+00:00,308,r-scylla2,4,1,incoming,290
2026-09-21T15:39:21.987234+00:00,308,r-scylla2,4,1,outgoing,138312
2026-09-21T15:39:21.987234+00:00,308,r-scylla3,4,0,incoming,138384
2026-09-21T15:39:21.987234+00:00,308,r-scylla3,4,0,outgoing,184392
2026-09-21T15:39:21.987234+00:00,308,r-scylla3,4,1,incoming,138710
2026-09-21T15:39:21.987234+00:00,308,r-scylla3,4,1,outgoing,506
2026-09-21T15:39:21.987234+00:00,308,r-scylla4,4,0,incoming,322776
2026-09-21T15:39:21.987234+00:00,308,r-scylla4,4,0,outgoing,0
2026-09-21T15:39:21.987234+00:00,308,r-scylla4,4,1,incoming,138818
2026-09-21T15:39:21.987234+00:00,308,r-scylla4,4,1,outgoing,0
2026-09-21T15:39:22.987556+00:00,309,r-scylla1,4,0,incoming,0
2026-09-21T15:39:22.987556+00:00,309,r-scylla1,4,0,outgoing,276768
2026-09-21T15:39:22.987556+00:00,309,r-scylla1,4,1,incoming,0
2026-09-21T15:39:22.987556+00:00,309,r-scylla1,4,1,outgoing,139000
2026-09-21T15:39:22.987556+00:00,309,r-scylla2,4,0,incoming,138384
2026-09-21T15:39:22.987556+00:00,309,r-scylla2,4,0,outgoing,138384
2026-09-21T15:39:22.987556+00:00,309,r-scylla2,4,1,incoming,290
2026-09-21T15:39:22.987556+00:00,309,r-scylla2,4,1,outgoing,138312
2026-09-21T15:39:22.987556+00:00,309,r-scylla3,4,0,incoming,138384
2026-09-21T15:39:22.987556+00:00,309,r-scylla3,4,0,outgoing,184392
2026-09-21T15:39:22.987556+00:00,309,r-scylla3,4,1,incoming,138710
2026-09-21T15:39:22.987556+00:00,309,r-scylla3,4,1,outgoing,506
2026-09-21T15:39:22.987556+00:00,309,r-scylla4,4,0,incoming,322776
2026-09-21T15:39:22.987556+00:00,309,r-scylla4,4,0,outgoing,0
2026-09-21T15:39:22.987556+00:00,309,r-scylla4,4,1,incoming,138818
2026-09-21T15:39:22.987556+00:00,309,r-scylla4,4,1,outgoing,0
2026-09-21T15:39:23.987762+00:00,310,r-scylla1,4,0,incoming,0
2026-09-21T15:39:23.987762+00:00,310,r-scylla1,4,0,outgoing,276768
2026-09-21T15:39:23.987762+00:00,310,r-scylla1,4,1,incoming,0
2026-09-21T15:39:23.987762+00:00,310,r-scylla1,4,1,outgoing,139000
2026-09-21T15:39:23.987762+00:00,310,r-scylla2,4,0,incoming,138384
2026-09-21T15:39:23.987762+00:00,310,r-scylla2,4,0,outgoing,138384
2026-09-21T15:39:23.987762+00:00,310,r-scylla2,4,1,incoming,290
2026-09-21T15:39:23.987762+00:00,310,r-scylla2,4,1,outgoing,138312
2026-09-21T15:39:23.987762+00:00,310,r-scylla3,4,0,incoming,138384
2026-09-21T15:39:23.987762+00:00,310,r-scylla3,4,0,outgoing,184392
2026-09-21T15:39:23.987762+00:00,310,r-scylla3,4,1,incoming,138710
2026-09-21T15:39:23.987762+00:00,310,r-scylla3,4,1,outgoing,506
2026-09-21T15:39:23.987762+00:00,310,r-scylla4,4,0,incoming,322776
2026-09-21T15:39:23.987762+00:00,310,r-scylla4,4,0,outgoing,0
2026-09-21T15:39:23.987762+00:00,310,r-scylla4,4,1,incoming,138818
2026-09-21T15:39:23.987762+00:00,310,r-scylla4,4,1,outgoing,0
2026-09-21T15:39:24.988063+00:00,311,r-scylla1,4,0,incoming,0
2026-09-21T15:39:24.988063+00:00,311,r-scylla1,4,0,outgoing,276768
2026-09-21T15:39:24.988063+00:00,311,r-scylla1,4,1,incoming,0
2026-09-21T15:39:24.988063+00:00,311,r-scylla1,4,1,outgoing,139000
2026-09-21T15:39:24.988063+00:00,311,r-scylla2,4,0,incoming,138384
2026-09-21T15:39:24.988063+00:00,311,r-scylla2,4,0,outgoing,138384
2026-09-21T15:39:24.988063+00:00,311,r-scylla2,4,1,incoming,290
2026-09-21T15:39:24.988063+00:00,311,r-scylla2,4,1,outgoing,138312
2026-09-21T15:39:24.988063+00:00,311,r-scylla3,4,0,incoming,138384
2026-09-21T15:39:24.988063+00:00,311,r-scylla3,4,0,outgoing,184392
2026-09-21T15:39:24.988063+00:00,311,r-scylla3,4,1,incoming,138710
2026-09-21T15:39:24.988063+00:00,311,r-scylla3,4,1,outgoing,506
2026-09-21T15:39:24.988063+00:00,311,r-scylla4,4,0,incoming,322776
2026-09-21T15:39:24.988063+00:00,311,r-scylla4,4,0,outgoing,0
2026-09-21T15:39:24.988063+00:00,311,r-scylla4,4,1,incoming,138818
2026-09-21T15:39:24.988063+00:00,311,r-scylla4,4,1,outgoing,0
2026-09-21T15:39:25.988470+00:00,312,r-scylla1,4,0,incoming,0
2026-09-21T15:39:25.988470+00:00,312,r-scylla1,4,0,outgoing,276768
2026-09-21T15:39:25.988470+00:00,312,r-scylla1,4,1,incoming,0
2026-09-21T15:39:25.988470+00:00,312,r-scylla1,4,1,outgoing,139000
2026-09-21T15:39:25.988470+00:00,312,r-scylla2,4,0,incoming,138384
2026-09-21T15:39:25.988470+00:00,312,r-scylla2,4,0,outgoing,138384
2026-09-21T15:39:25.988470+00:00,312,r-scylla2,4,1,incoming,290
2026-09-21T15:39:25.988470+00:00,312,r-scylla2,4,1,outgoing,138312
2026-09-21T15:39:25.988470+00:00,312,r-scylla3,4,0,incoming,138384
2026-09-21T15:39:25.988470+00:00,312,r-scylla3,4,0,outgoing,184392
2026-09-21T15:39:25.988470+00:00,312,r-scylla3,4,1,incoming,138710
2026-09-21T15:39:25.988470+00:00,312,r-scylla3,4,1,outgoing,506
2026-09-21T15:39:25.988470+00:00,312,r-scylla4,4,0,incoming,322776
2026-09-21T15:39:25.988470+00:00,312,r-scylla4,4,0,outgoing,0
2026-09-21T15:39:25.988470+00:00,312,r-scylla4,4,1,incoming,138818
2026-09-21T15:39:25.988470+00:00,312,r-scylla4,4,1,outgoing,0
2026-09-21T15:39:26.988814+00:00,313,r-scylla1,4,0,incoming,0
2026-09-21T15:39:26.988814+00:00,313,r-scylla1,4,0,outgoing,276768
2026-09-21T15:39:26.988814+00:00,313,r-scylla1,4,1,incoming,0
2026-09-21T15:39:26.988814+00:00,313,r-scylla1,4,1,outgoing,139000
2026-09-21T15:39:26.988814+00:00,313,r-scylla2,4,0,incoming,138384
2026-09-21T15:39:26.988814+00:00,313,r-scylla2,4,0,outgoing,138384
2026-09-21T15:39:26.988814+00:00,313,r-scylla2,4,1,incoming,290
2026-09-21T15:39:26.988814+00:00,313,r-scylla2,4,1,outgoing,138312
2026-09-21T15:39:26.988814+00:00,313,r-scylla3,4,0,incoming,138384
2026-09-21T15:39:26.988814+00:00,313,r-scylla3,4,0,outgoing,184392
2026-09-21T15:39:26.988814+00:00,313,r-scylla3,4,1,incoming,138710
2026-09-21T15:39:26.988814+00:00,313,r-scylla3,4,1,outgoing,506
2026-09-21T15:39:26.988814+00:00,313,r-scylla4,4,0,incoming,322776
2026-09-21T15:39:26.988814+00:00,313,r-scylla4,4,0,outgoing,0
2026-09-21T15:39:26.988814+00:00,313,r-scylla4,4,1,incoming,138818
2026-09-21T15:39:26.988814+00:00,313,r-scylla4,4,1,outgoing,0
2026-09-21T15:39:27.989283+00:00,314,r-scylla1,4,0,incoming,0
2026-09-21T15:39:27.989283+00:00,314,r-scylla1,4,0,outgoing,276768
2026-09-21T15:39:27.989283+00:00,314,r-scylla1,4,1,incoming,0
2026-09-21T15:39:27.989283+00:00,314,r-scylla1,4,1,outgoing,139000
2026-09-21T15:39:27.989283+00:00,314,r-scylla2,4,0,incoming,138384
2026-09-21T15:39:27.989283+00:00,314,r-scylla2,4,0,outgoing,138384
2026-09-21T15:39:27.989283+00:00,314,r-scylla2,4,1,incoming,290
2026-09-21T15:39:27.989283+00:00,314,r-scylla2,4,1,outgoing,138312
2026-09-21T15:39:27.989283+00:00,314,r-scylla3,4,0,incoming,138384
2026-09-21T15:39:27.989283+00:00,314,r-scylla3,4,0,outgoing,184392
2026-09-21T15:39:27.989283+00:00,314,r-scylla3,4,1,incoming,138710
2026-09-21T15:39:27.989283+00:00,314,r-scylla3,4,1,outgoing,506
2026-09-21T15:39:27.989283+00:00,314,r-scylla4,4,0,incoming,322776
2026-09-21T15:39:27.989283+00:00,314,r-scylla4,4,0,outgoing,0
2026-09-21T15:39:27.989283+00:00,314,r-scylla4,4,1,incoming,138818
2026-09-21T15:39:27.989283+00:00,314,r-scylla4,4,1,outgoing,0
2026-09-21T15:39:28.989477+00:00,315,r-scylla1,4,0,incoming,0
2026-09-21T15:39:28.989477+00:00,315,r-scylla1,4,0,outgoing,276768
2026-09-21T15:39:28.989477+00:00,315,r-scylla1,4,1,incoming,0
2026-09-21T15:39:28.989477+00:00,315,r-scylla1,4,1,outgoing,139000
2026-09-21T15:39:28.989477+00:00,315,r-scylla2,4,0,incoming,138384
2026-09-21T15:39:28.989477+00:00,315,r-scylla2,4,0,outgoing,138384
2026-09-21T15:39:28.989477+00:00,315,r-scylla2,4,1,incoming,290
2026-09-21T15:39:28.989477+00:00,315,r-scylla2,4,1,outgoing,138312
2026-09-21T15:39:28.989477+00:00,315,r-scylla3,4,0,incoming,138384
2026-09-21T15:39:28.989477+00:00,315,r-scylla3,4,0,outgoing,184392
2026-09-21T15:39:28.989477+00:00,315,r-scylla3,4,1,incoming,138710
2026-09-21T15:39:28.989477+00:00,315,r-scylla3,4,1,outgoing,506
2026-09-21T15:39:28.989477+00:00,315,r-scylla4,4,0,incoming,322776
2026-09-21T15:39:28.989477+00:00,315,r-scylla4,4,0,outgoing,0
2026-09-21T15:39:28.989477+00:00,315,r-scylla4,4,1,incoming,138818
2026-09-21T15:39:28.989477+00:00,315,r-scylla4,4,1,outgoing,0
2026-09-21T15:39:29.989682+00:00,316,r-scylla1,4,0,incoming,0
2026-09-21T15:39:29.989682+00:00,316,r-scylla1,4,0,outgoing,276768
2026-09-21T15:39:29.989682+00:00,316,r-scylla1,4,1,incoming,0
2026-09-21T15:39:29.989682+00:00,316,r-scylla1,4,1,outgoing,139000
2026-09-21T15:39:29.989682+00:00,316,r-scylla2,4,0,incoming,138384
2026-09-21T15:39:29.989682+00:00,316,r-scylla2,4,0,outgoing,138384
2026-09-21T15:39:29.989682+00:00,316,r-scylla2,4,1,incoming,290
2026-09-21T15:39:29.989682+00:00,316,r-scylla2,4,1,outgoing,138312
2026-09-21T15:39:29.989682+00:00,316,r-scylla3,4,0,incoming,138384
2026-09-21T15:39:29.989682+00:00,316,r-scylla3,4,0,outgoing,184392
2026-09-21T15:39:29.989682+00:00,316,r-scylla3,4,1,incoming,138710
2026-09-21T15:39:29.989682+00:00,316,r-scylla3,4,1,outgoing,506
2026-09-21T15:39:29.989682+00:00,316,r-scylla4,4,0,incoming,322776
2026-09-21T15:39:29.989682+00:00,316,r-scylla4,4,0,outgoing,0
2026-09-21T15:39:29.989682+00:00,316,r-scylla4,4,1,incoming,138818
2026-09-21T15:39:29.989682+00:00,316,r-scylla4,4,1,outgoing,0
2026-09-21T15:39:30.989926+00:00,317,r-scylla1,4,0,incoming,0
2026-09-21T15:39:30.989926+00:00,317,r-scylla1,4,0,outgoing,276768
2026-09-21T15:39:30.989926+00:00,317,r-scylla1,4,1,incoming,0
2026-09-21T15:39:30.989926+00:00,317,r-scylla1,4,1,outgoing,139000
2026-09-21T15:39:30.989926+00:00,317,r-scylla2,4,0,incoming,138384
2026-09-21T15:39:30.989926+00:00,317,r-scylla2,4,0,outgoing,138384
2026-09-21T15:39:30.989926+00:00,317,r-scylla2,4,1,incoming,290
2026-09-21T15:39:30.989926+00:00,317,r-scylla2,4,1,outgoing,138312
2026-09-21T15:39:30.989926+00:00,317,r-scylla3,4,0,incoming,138384
2026-09-21T15:39:30.989926+00:00,317,r-scylla3,4,0,outgoing,184392
2026-09-21T15:39:30.989926+00:00,317,r-scylla3,4,1,incoming,138710
2026-09-21T15:39:30.989926+00:00,317,r-scylla3,4,1,outgoing,506
2026-09-21T15:39:30.989926+00:00,317,r-scylla4,4,0,incoming,322776
2026-09-21T15:39:30.989926+00:00,317,r-scylla4,4,0,outgoing,0
2026-09-21T15:39:30.989926+00:00,317,r-scylla4,4,1,incoming,138818
2026-09-21T15:39:30.989926+00:00,317,r-scylla4,4,1,outgoing,0
2026-09-21T15:39:31.990151+00:00,318,r-scylla1,4,0,incoming,0
2026-09-21T15:39:31.990151+00:00,318,r-scylla1,4,0,outgoing,276768
2026-09-21T15:39:31.990151+00:00,318,r-scylla1,4,1,incoming,0
2026-09-21T15:39:31.990151+00:00,318,r-scylla1,4,1,outgoing,139000
2026-09-21T15:39:31.990151+00:00,318,r-scylla2,4,0,incoming,138384
2026-09-21T15:39:31.990151+00:00,318,r-scylla2,4,0,outgoing,138384
2026-09-21T15:39:31.990151+00:00,318,r-scylla2,4,1,incoming,290
2026-09-21T15:39:31.990151+00:00,318,r-scylla2,4,1,outgoing,138312
2026-09-21T15:39:31.990151+00:00,318,r-scylla3,4,0,incoming,138384
2026-09-21T15:39:31.990151+00:00,318,r-scylla3,4,0,outgoing,184392
2026-09-21T15:39:31.990151+00:00,318,r-scylla3,4,1,incoming,138710
2026-09-21T15:39:31.990151+00:00,318,r-scylla3,4,1,outgoing,506
2026-09-21T15:39:31.990151+00:00,318,r-scylla4,4,0,incoming,322776
2026-09-21T15:39:31.990151+00:00,318,r-scylla4,4,0,outgoing,0
2026-09-21T15:39:31.990151+00:00,318,r-scylla4,4,1,incoming,138818
2026-09-21T15:39:31.990151+00:00,318,r-scylla4,4,1,outgoing,0
2026-09-21T15:39:32.990437+00:00,319,r-scylla1,4,0,incoming,0
2026-09-21T15:39:32.990437+00:00,319,r-scylla1,4,0,outgoing,276768
2026-09-21T15:39:32.990437+00:00,319,r-scylla1,4,1,incoming,0
2026-09-21T15:39:32.990437+00:00,319,r-scylla1,4,1,outgoing,139000
2026-09-21T15:39:32.990437+00:00,319,r-scylla2,4,0,incoming,138384
2026-09-21T15:39:32.990437+00:00,319,r-scylla2,4,0,outgoing,138384
2026-09-21T15:39:32.990437+00:00,319,r-scylla2,4,1,incoming,290
2026-09-21T15:39:32.990437+00:00,319,r-scylla2,4,1,outgoing,138312
2026-09-21T15:39:32.990437+00:00,319,r-scylla3,4,0,incoming,138384
2026-09-21T15:39:32.990437+00:00,319,r-scylla3,4,0,outgoing,184392
2026-09-21T15:39:32.990437+00:00,319,r-scylla3,4,1,incoming,138710
2026-09-21T15:39:32.990437+00:00,319,r-scylla3,4,1,outgoing,506
2026-09-21T15:39:32.990437+00:00,319,r-scylla4,4,0,incoming,322776
2026-09-21T15:39:32.990437+00:00,319,r-scylla4,4,0,outgoing,0
2026-09-21T15:39:32.990437+00:00,319,r-scylla4,4,1,incoming,138818
2026-09-21T15:39:32.990437+00:00,319,r-scylla4,4,1,outgoing,0
2026-09-21T15:39:33.990937+00:00,320,r-scylla1,4,0,incoming,0
2026-09-21T15:39:33.990937+00:00,320,r-scylla1,4,0,outgoing,276768
2026-09-21T15:39:33.990937+00:00,320,r-scylla1,4,1,incoming,0
2026-09-21T15:39:33.990937+00:00,320,r-scylla1,4,1,outgoing,139000
2026-09-21T15:39:33.990937+00:00,320,r-scylla2,4,0,incoming,138384
2026-09-21T15:39:33.990937+00:00,320,r-scylla2,4,0,outgoing,138384
2026-09-21T15:39:33.990937+00:00,320,r-scylla2,4,1,incoming,290
2026-09-21T15:39:33.990937+00:00,320,r-scylla2,4,1,outgoing,138312
2026-09-21T15:39:33.990937+00:00,320,r-scylla3,4,0,incoming,138384
2026-09-21T15:39:33.990937+00:00,320,r-scylla3,4,0,outgoing,184392
2026-09-21T15:39:33.990937+00:00,320,r-scylla3,4,1,incoming,138710
2026-09-21T15:39:33.990937+00:00,320,r-scylla3,4,1,outgoing,506
2026-09-21T15:39:33.990937+00:00,320,r-scylla4,4,0,incoming,322776
2026-09-21T15:39:33.990937+00:00,320,r-scylla4,4,0,outgoing,0
2026-09-21T15:39:33.990937+00:00,320,r-scylla4,4,1,incoming,138818
2026-09-21T15:39:33.990937+00:00,320,r-scylla4,4,1,outgoing,0
2026-09-21T15:39:34.991147+00:00,321,r-scylla1,4,0,incoming,0
2026-09-21T15:39:34.991147+00:00,321,r-scylla1,4,0,outgoing,276768
2026-09-21T15:39:34.991147+00:00,321,r-scylla1,4,1,incoming,0
2026-09-21T15:39:34.991147+00:00,321,r-scylla1,4,1,outgoing,139000
2026-09-21T15:39:34.991147+00:00,321,r-scylla2,4,0,incoming,138384
2026-09-21T15:39:34.991147+00:00,321,r-scylla2,4,0,outgoing,138384
2026-09-21T15:39:34.991147+00:00,321,r-scylla2,4,1,incoming,290
2026-09-21T15:39:34.991147+00:00,321,r-scylla2,4,1,outgoing,138312
2026-09-21T15:39:34.991147+00:00,321,r-scylla3,4,0,incoming,138384
2026-09-21T15:39:34.991147+00:00,321,r-scylla3,4,0,outgoing,184392
2026-09-21T15:39:34.991147+00:00,321,r-scylla3,4,1,incoming,138710
2026-09-21T15:39:34.991147+00:00,321,r-scylla3,4,1,outgoing,506
2026-09-21T15:39:34.991147+00:00,321,r-scylla4,4,0,incoming,322776
2026-09-21T15:39:34.991147+00:00,321,r-scylla4,4,0,outgoing,0
2026-09-21T15:39:34.991147+00:00,321,r-scylla4,4,1,incoming,138818
2026-09-21T15:39:34.991147+00:00,321,r-scylla4,4,1,outgoing,0
2026-09-21T15:39:35.991406+00:00,322,r-scylla1,4,0,incoming,0
2026-09-21T15:39:35.991406+00:00,322,r-scylla1,4,0,outgoing,276768
2026-09-21T15:39:35.991406+00:00,322,r-scylla1,4,1,incoming,0
2026-09-21T15:39:35.991406+00:00,322,r-scylla1,4,1,outgoing,139000
2026-09-21T15:39:35.991406+00:00,322,r-scylla2,4,0,incoming,138384
2026-09-21T15:39:35.991406+00:00,322,r-scylla2,4,0,outgoing,138384
2026-09-21T15:39:35.991406+00:00,322,r-scylla2,4,1,incoming,290
2026-09-21T15:39:35.991406+00:00,322,r-scylla2,4,1,outgoing,138312
2026-09-21T15:39:35.991406+00:00,322,r-scylla3,4,0,incoming,138384
2026-09-21T15:39:35.991406+00:00,322,r-scylla3,4,0,outgoing,184392
2026-09-21T15:39:35.991406+00:00,322,r-scylla3,4,1,incoming,138710
2026-09-21T15:39:35.991406+00:00,322,r-scylla3,4,1,outgoing,506
2026-09-21T15:39:35.991406+00:00,322,r-scylla4,4,0,incoming,322776
2026-09-21T15:39:35.991406+00:00,322,r-scylla4,4,0,outgoing,0
2026-09-21T15:39:35.991406+00:00,322,r-scylla4,4,1,incoming,138818
2026-09-21T15:39:35.991406+00:00,322,r-scylla4,4,1,outgoing,0
2026-09-21T15:39:36.991586+00:00,323,r-scylla1,4,0,incoming,0
2026-09-21T15:39:36.991586+00:00,323,r-scylla1,4,0,outgoing,276768
2026-09-21T15:39:36.991586+00:00,323,r-scylla1,4,1,incoming,0
2026-09-21T15:39:36.991586+00:00,323,r-scylla1,4,1,outgoing,139000
2026-09-21T15:39:36.991586+00:00,323,r-scylla2,4,0,incoming,138384
2026-09-21T15:39:36.991586+00:00,323,r-scylla2,4,0,outgoing,138384
2026-09-21T15:39:36.991586+00:00,323,r-scylla2,4,1,incoming,290
2026-09-21T15:39:36.991586+00:00,323,r-scylla2,4,1,outgoing,138312
2026-09-21T15:39:36.991586+00:00,323,r-scylla3,4,0,incoming,138384
2026-09-21T15:39:36.991586+00:00,323,r-scylla3,4,0,outgoing,184392
2026-09-21T15:39:36.991586+00:00,323,r-scylla3,4,1,incoming,138710
2026-09-21T15:39:36.991586+00:00,323,r-scylla3,4,1,outgoing,506
2026-09-21T15:39:36.991586+00:00,323,r-scylla4,4,0,incoming,322776
2026-09-21T15:39:36.991586+00:00,323,r-scylla4,4,0,outgoing,0
2026-09-21T15:39:36.991586+00:00,323,r-scylla4,4,1,incoming,138818
2026-09-21T15:39:36.991586+00:00,323,r-scylla4,4,1,outgoing,0
2026-09-21T15:39:37.991917+00:00,324,r-scylla1,4,0,incoming,0
2026-09-21T15:39:37.991917+00:00,324,r-scylla1,4,0,outgoing,276768
2026-09-21T15:39:37.991917+00:00,324,r-scylla1,4,1,incoming,0
2026-09-21T15:39:37.991917+00:00,324,r-scylla1,4,1,outgoing,139000
2026-09-21T15:39:37.991917+00:00,324,r-scylla2,4,0,incoming,138384
2026-09-21T15:39:37.991917+00:00,324,r-scylla2,4,0,outgoing,138384
2026-09-21T15:39:37.991917+00:00,324,r-scylla2,4,1,incoming,290
2026-09-21T15:39:37.991917+00:00,324,r-scylla2,4,1,outgoing,138312
2026-09-21T15:39:37.991917+00:00,324,r-scylla3,4,0,incoming,138384
2026-09-21T15:39:37.991917+00:00,324,r-scylla3,4,0,outgoing,184392
2026-09-21T15:39:37.991917+00:00,324,r-scylla3,4,1,incoming,138710
2026-09-21T15:39:37.991917+00:00,324,r-scylla3,4,1,outgoing,506
2026-09-21T15:39:37.991917+00:00,324,r-scylla4,4,0,incoming,322776
2026-09-21T15:39:37.991917+00:00,324,r-scylla4,4,0,outgoing,0
2026-09-21T15:39:37.991917+00:00,324,r-scylla4,4,1,incoming,138818
2026-09-21T15:39:37.991917+00:00,324,r-scylla4,4,1,outgoing,0
2026-09-21T15:39:38.992536+00:00,325,r-scylla1,4,0,incoming,0
2026-09-21T15:39:38.992536+00:00,325,r-scylla1,4,0,outgoing,276768
2026-09-21T15:39:38.992536+00:00,325,r-scylla1,4,1,incoming,0
2026-09-21T15:39:38.992536+00:00,325,r-scylla1,4,1,outgoing,139000
2026-09-21T15:39:38.992536+00:00,325,r-scylla2,4,0,incoming,138384
2026-09-21T15:39:38.992536+00:00,325,r-scylla2,4,0,outgoing,138384
2026-09-21T15:39:38.992536+00:00,325,r-scylla2,4,1,incoming,290
2026-09-21T15:39:38.992536+00:00,325,r-scylla2,4,1,outgoing,138312
2026-09-21T15:39:38.992536+00:00,325,r-scylla3,4,0,incoming,138384
2026-09-21T15:39:38.992536+00:00,325,r-scylla3,4,0,outgoing,184392
2026-09-21T15:39:38.992536+00:00,325,r-scylla3,4,1,incoming,138710
2026-09-21T15:39:38.992536+00:00,325,r-scylla3,4,1,outgoing,506
2026-09-21T15:39:38.992536+00:00,325,r-scylla4,4,0,incoming,322776
2026-09-21T15:39:38.992536+00:00,325,r-scylla4,4,0,outgoing,0
2026-09-21T15:39:38.992536+00:00,325,r-scylla4,4,1,incoming,138818
2026-09-21T15:39:38.992536+00:00,325,r-scylla4,4,1,outgoing,0
2026-09-21T15:39:39.992862+00:00,326,r-scylla1,4,0,incoming,0
2026-09-21T15:39:39.992862+00:00,326,r-scylla1,4,0,outgoing,276768
2026-09-21T15:39:39.992862+00:00,326,r-scylla1,4,1,incoming,0
2026-09-21T15:39:39.992862+00:00,326,r-scylla1,4,1,outgoing,139000
2026-09-21T15:39:39.992862+00:00,326,r-scylla2,4,0,incoming,138384
2026-09-21T15:39:39.992862+00:00,326,r-scylla2,4,0,outgoing,138384
2026-09-21T15:39:39.992862+00:00,326,r-scylla2,4,1,incoming,290
2026-09-21T15:39:39.992862+00:00,326,r-scylla2,4,1,outgoing,138312
2026-09-21T15:39:39.992862+00:00,326,r-scylla3,4,0,incoming,138384
2026-09-21T15:39:39.992862+00:00,326,r-scylla3,4,0,outgoing,184392
2026-09-21T15:39:39.992862+00:00,326,r-scylla3,4,1,incoming,138710
2026-09-21T15:39:39.992862+00:00,326,r-scylla3,4,1,outgoing,506
2026-09-21T15:39:39.992862+00:00,326,r-scylla4,4,0,incoming,322776
2026-09-21T15:39:39.992862+00:00,326,r-scylla4,4,0,outgoing,0
2026-09-21T15:39:39.992862+00:00,326,r-scylla4,4,1,incoming,138818
2026-09-21T15:39:39.992862+00:00,326,r-scylla4,4,1,outgoing,0
2026-09-21T15:39:40.993167+00:00,327,r-scylla1,4,0,incoming,0
2026-09-21T15:39:40.993167+00:00,327,r-scylla1,4,0,outgoing,276768
2026-09-21T15:39:40.993167+00:00,327,r-scylla1,4,1,incoming,0
2026-09-21T15:39:40.993167+00:00,327,r-scylla1,4,1,outgoing,139000
2026-09-21T15:39:40.993167+00:00,327,r-scylla2,4,0,incoming,138384
2026-09-21T15:39:40.993167+00:00,327,r-scylla2,4,0,outgoing,138384
2026-09-21T15:39:40.993167+00:00,327,r-scylla2,4,1,incoming,290
2026-09-21T15:39:40.993167+00:00,327,r-scylla2,4,1,outgoing,138312
2026-09-21T15:39:40.993167+00:00,327,r-scylla3,4,0,incoming,138384
2026-09-21T15:39:40.993167+00:00,327,r-scylla3,4,0,outgoing,184392
2026-09-21T15:39:40.993167+00:00,327,r-scylla3,4,1,incoming,138710
2026-09-21T15:39:40.993167+00:00,327,r-scylla3,4,1,outgoing,506
2026-09-21T15:39:40.993167+00:00,327,r-scylla4,4,0,incoming,322776
2026-09-21T15:39:40.993167+00:00,327,r-scylla4,4,0,outgoing,0
2026-09-21T15:39:40.993167+00:00,327,r-scylla4,4,1,incoming,138818
2026-09-21T15:39:40.993167+00:00,327,r-scylla4,4,1,outgoing,0
2026-09-21T15:39:41.993449+00:00,328,r-scylla1,4,0,incoming,0
2026-09-21T15:39:41.993449+00:00,328,r-scylla1,4,0,outgoing,276768
2026-09-21T15:39:41.993449+00:00,328,r-scylla1,4,1,incoming,0
2026-09-21T15:39:41.993449+00:00,328,r-scylla1,4,1,outgoing,139000
2026-09-21T15:39:41.993449+00:00,328,r-scylla2,4,0,incoming,138384
2026-09-21T15:39:41.993449+00:00,328,r-scylla2,4,0,outgoing,138384
2026-09-21T15:39:41.993449+00:00,328,r-scylla2,4,1,incoming,290
2026-09-21T15:39:41.993449+00:00,328,r-scylla2,4,1,outgoing,138312
2026-09-21T15:39:41.993449+00:00,328,r-scylla3,4,0,incoming,138384
2026-09-21T15:39:41.993449+00:00,328,r-scylla3,4,0,outgoing,184392
2026-09-21T15:39:41.993449+00:00,328,r-scylla3,4,1,incoming,138710
2026-09-21T15:39:41.993449+00:00,328,r-scylla3,4,1,outgoing,506
2026-09-21T15:39:41.993449+00:00,328,r-scylla4,4,0,incoming,322776
2026-09-21T15:39:41.993449+00:00,328,r-scylla4,4,0,outgoing,0
2026-09-21T15:39:41.993449+00:00,328,r-scylla4,4,1,incoming,138818
2026-09-21T15:39:41.993449+00:00,328,r-scylla4,4,1,outgoing,0
2026-09-21T15:39:42.993643+00:00,329,r-scylla1,4,0,incoming,0
2026-09-21T15:39:42.993643+00:00,329,r-scylla1,4,0,outgoing,276768
2026-09-21T15:39:42.993643+00:00,329,r-scylla1,4,1,incoming,0
2026-09-21T15:39:42.993643+00:00,329,r-scylla1,4,1,outgoing,139000
2026-09-21T15:39:42.993643+00:00,329,r-scylla2,4,0,incoming,138384
2026-09-21T15:39:42.993643+00:00,329,r-scylla2,4,0,outgoing,138384
2026-09-21T15:39:42.993643+00:00,329,r-scylla2,4,1,incoming,290
2026-09-21T15:39:42.993643+00:00,329,r-scylla2,4,1,outgoing,138312
2026-09-21T15:39:42.993643+00:00,329,r-scylla3,4,0,incoming,138384
2026-09-21T15:39:42.993643+00:00,329,r-scylla3,4,0,outgoing,184392
2026-09-21T15:39:42.993643+00:00,329,r-scylla3,4,1,incoming,138710
2026-09-21T15:39:42.993643+00:00,329,r-scylla3,4,1,outgoing,506
2026-09-21T15:39:42.993643+00:00,329,r-scylla4,4,0,incoming,322776
2026-09-21T15:39:42.993643+00:00,329,r-scylla4,4,0,outgoing,0
2026-09-21T15:39:42.993643+00:00,329,r-scylla4,4,1,incoming,138818
2026-09-21T15:39:42.993643+00:00,329,r-scylla4,4,1,outgoing,0
2026-09-21T15:39:43.993973+00:00,330,r-scylla1,4,0,incoming,0
2026-09-21T15:39:43.993973+00:00,330,r-scylla1,4,0,outgoing,276768
2026-09-21T15:39:43.993973+00:00,330,r-scylla1,4,1,incoming,0
2026-09-21T15:39:43.993973+00:00,330,r-scylla1,4,1,outgoing,139000
2026-09-21T15:39:43.993973+00:00,330,r-scylla2,4,0,incoming,138384
2026-09-21T15:39:43.993973+00:00,330,r-scylla2,4,0,outgoing,138384
2026-09-21T15:39:43.993973+00:00,330,r-scylla2,4,1,incoming,290
2026-09-21T15:39:43.993973+00:00,330,r-scylla2,4,1,outgoing,138312
2026-09-21T15:39:43.993973+00:00,330,r-scylla3,4,0,incoming,138384
2026-09-21T15:39:43.993973+00:00,330,r-scylla3,4,0,outgoing,184392
2026-09-21T15:39:43.993973+00:00,330,r-scylla3,4,1,incoming,138710
2026-09-21T15:39:43.993973+00:00,330,r-scylla3,4,1,outgoing,506
2026-09-21T15:39:43.993973+00:00,330,r-scylla4,4,0,incoming,322776
2026-09-21T15:39:43.993973+00:00,330,r-scylla4,4,0,outgoing,0
2026-09-21T15:39:43.993973+00:00,330,r-scylla4,4,1,incoming,138818
2026-09-21T15:39:43.993973+00:00,330,r-scylla4,4,1,outgoing,0
2026-09-21T15:39:44.994216+00:00,331,r-scylla1,4,0,incoming,0
2026-09-21T15:39:44.994216+00:00,331,r-scylla1,4,0,outgoing,276768
2026-09-21T15:39:44.994216+00:00,331,r-scylla1,4,1,incoming,0
2026-09-21T15:39:44.994216+00:00,331,r-scylla1,4,1,outgoing,139000
2026-09-21T15:39:44.994216+00:00,331,r-scylla2,4,0,incoming,138384
2026-09-21T15:39:44.994216+00:00,331,r-scylla2,4,0,outgoing,138384
2026-09-21T15:39:44.994216+00:00,331,r-scylla2,4,1,incoming,290
2026-09-21T15:39:44.994216+00:00,331,r-scylla2,4,1,outgoing,138312
2026-09-21T15:39:44.994216+00:00,331,r-scylla3,4,0,incoming,138384
2026-09-21T15:39:44.994216+00:00,331,r-scylla3,4,0,outgoing,184392
2026-09-21T15:39:44.994216+00:00,331,r-scylla3,4,1,incoming,138710
2026-09-21T15:39:44.994216+00:00,331,r-scylla3,4,1,outgoing,506
2026-09-21T15:39:44.994216+00:00,331,r-scylla4,4,0,incoming,322776
2026-09-21T15:39:44.994216+00:00,331,r-scylla4,4,0,outgoing,0
2026-09-21T15:39:44.994216+00:00,331,r-scylla4,4,1,incoming,138818
2026-09-21T15:39:44.994216+00:00,331,r-scylla4,4,1,outgoing,0
2026-09-21T15:39:45.994496+00:00,332,r-scylla1,4,0,incoming,0
2026-09-21T15:39:45.994496+00:00,332,r-scylla1,4,0,outgoing,276768
2026-09-21T15:39:45.994496+00:00,332,r-scylla1,4,1,incoming,0
2026-09-21T15:39:45.994496+00:00,332,r-scylla1,4,1,outgoing,139000
2026-09-21T15:39:45.994496+00:00,332,r-scylla2,4,0,incoming,138384
2026-09-21T15:39:45.994496+00:00,332,r-scylla2,4,0,outgoing,138384
2026-09-21T15:39:45.994496+00:00,332,r-scylla2,4,1,incoming,290
2026-09-21T15:39:45.994496+00:00,332,r-scylla2,4,1,outgoing,138312
2026-09-21T15:39:45.994496+00:00,332,r-scylla3,4,0,incoming,138384
2026-09-21T15:39:45.994496+00:00,332,r-scylla3,4,0,outgoing,184392
2026-09-21T15:39:45.994496+00:00,332,r-scylla3,4,1,incoming,138710
2026-09-21T15:39:45.994496+00:00,332,r-scylla3,4,1,outgoing,506
2026-09-21T15:39:45.994496+00:00,332,r-scylla4,4,0,incoming,322776
2026-09-21T15:39:45.994496+00:00,332,r-scylla4,4,0,outgoing,0
2026-09-21T15:39:45.994496+00:00,332,r-scylla4,4,1,incoming,138818
2026-09-21T15:39:45.994496+00:00,332,r-scylla4,4,1,outgoing,0
2026-09-21T15:39:46.994820+00:00,333,r-scylla1,4,0,incoming,0
2026-09-21T15:39:46.994820+00:00,333,r-scylla1,4,0,outgoing,276768
2026-09-21T15:39:46.994820+00:00,333,r-scylla1,4,1,incoming,0
2026-09-21T15:39:46.994820+00:00,333,r-scylla1,4,1,outgoing,139000
2026-09-21T15:39:46.994820+00:00,333,r-scylla2,4,0,incoming,138384
2026-09-21T15:39:46.994820+00:00,333,r-scylla2,4,0,outgoing,138384
2026-09-21T15:39:46.994820+00:00,333,r-scylla2,4,1,incoming,290
2026-09-21T15:39:46.994820+00:00,333,r-scylla2,4,1,outgoing,138312
2026-09-21T15:39:46.994820+00:00,333,r-scylla3,4,0,incoming,138384
2026-09-21T15:39:46.994820+00:00,333,r-scylla3,4,0,outgoing,184392
2026-09-21T15:39:46.994820+00:00,333,r-scylla3,4,1,incoming,138710
2026-09-21T15:39:46.994820+00:00,333,r-scylla3,4,1,outgoing,506
2026-09-21T15:39:46.994820+00:00,333,r-scylla4,4,0,incoming,322776
2026-09-21T15:39:46.994820+00:00,333,r-scylla4,4,0,outgoing,0
2026-09-21T15:39:46.994820+00:00,333,r-scylla4,4,1,incoming,138818
2026-09-21T15:39:46.994820+00:00,333,r-scylla4,4,1,outgoing,0
2026-09-21T15:39:47.995130+00:00,334,r-scylla1,4,0,incoming,0
2026-09-21T15:39:47.995130+00:00,334,r-scylla1,4,0,outgoing,276768
2026-09-21T15:39:47.995130+00:00,334,r-scylla1,4,1,incoming,0
2026-09-21T15:39:47.995130+00:00,334,r-scylla1,4,1,outgoing,139000
2026-09-21T15:39:47.995130+00:00,334,r-scylla2,4,0,incoming,138384
2026-09-21T15:39:47.995130+00:00,334,r-scylla2,4,0,outgoing,138384
2026-09-21T15:39:47.995130+00:00,334,r-scylla2,4,1,incoming,290
2026-09-21T15:39:47.995130+00:00,334,r-scylla2,4,1,outgoing,138312
2026-09-21T15:39:47.995130+00:00,334,r-scylla3,4,0,incoming,138384
2026-09-21T15:39:47.995130+00:00,334,r-scylla3,4,0,outgoing,184392
2026-09-21T15:39:47.995130+00:00,334,r-scylla3,4,1,incoming,138710
2026-09-21T15:39:47.995130+00:00,334,r-scylla3,4,1,outgoing,506
2026-09-21T15:39:47.995130+00:00,334,r-scylla4,4,0,incoming,322776
2026-09-21T15:39:47.995130+00:00,334,r-scylla4,4,0,outgoing,0
2026-09-21T15:39:47.995130+00:00,334,r-scylla4,4,1,incoming,138818
2026-09-21T15:39:47.995130+00:00,334,r-scylla4,4,1,outgoing,0
2026-09-21T15:39:48.995246+00:00,335,r-scylla1,4,0,incoming,0
2026-09-21T15:39:48.995246+00:00,335,r-scylla1,4,0,outgoing,276768
2026-09-21T15:39:48.995246+00:00,335,r-scylla1,4,1,incoming,0
2026-09-21T15:39:48.995246+00:00,335,r-scylla1,4,1,outgoing,139000
2026-09-21T15:39:48.995246+00:00,335,r-scylla2,4,0,incoming,138384
2026-09-21T15:39:48.995246+00:00,335,r-scylla2,4,0,outgoing,138384
2026-09-21T15:39:48.995246+00:00,335,r-scylla2,4,1,incoming,290
2026-09-21T15:39:48.995246+00:00,335,r-scylla2,4,1,outgoing,138312
2026-09-21T15:39:48.995246+00:00,335,r-scylla3,4,0,incoming,138384
2026-09-21T15:39:48.995246+00:00,335,r-scylla3,4,0,outgoing,184392
2026-09-21T15:39:48.995246+00:00,335,r-scylla3,4,1,incoming,138710
2026-09-21T15:39:48.995246+00:00,335,r-scylla3,4,1,outgoing,506
2026-09-21T15:39:48.995246+00:00,335,r-scylla4,4,0,incoming,322776
2026-09-21T15:39:48.995246+00:00,335,r-scylla4,4,0,outgoing,0
2026-09-21T15:39:48.995246+00:00,335,r-scylla4,4,1,incoming,138818
2026-09-21T15:39:48.995246+00:00,335,r-scylla4,4,1,outgoing,0
2026-09-21T15:39:49.993641+00:00,336,r-scylla1,4,0,incoming,0
2026-09-21T15:39:49.993641+00:00,336,r-scylla1,4,0,outgoing,276768
2026-09-21T15:39:49.993641+00:00,336,r-scylla1,4,1,incoming,0
2026-09-21T15:39:49.993641+00:00,336,r-scylla1,4,1,outgoing,139000
2026-09-21T15:39:49.993641+00:00,336,r-scylla2,4,0,incoming,138384
2026-09-21T15:39:49.993641+00:00,336,r-scylla2,4,0,outgoing,138384
2026-09-21T15:39:49.993641+00:00,336,r-scylla2,4,1,incoming,290
2026-09-21T15:39:49.993641+00:00,336,r-scylla2,4,1,outgoing,138312
2026-09-21T15:39:49.993641+00:00,336,r-scylla3,4,0,incoming,138384
2026-09-21T15:39:49.993641+00:00,336,r-scylla3,4,0,outgoing,184392
2026-09-21T15:39:49.993641+00:00,336,r-scylla3,4,1,incoming,138710
2026-09-21T15:39:49.993641+00:00,336,r-scylla3,4,1,outgoing,506
2026-09-21T15:39:49.993641+00:00,336,r-scylla4,4,0,incoming,322776
2026-09-21T15:39:49.993641+00:00,336,r-scylla4,4,0,outgoing,0
2026-09-21T15:39:49.993641+00:00,336,r-scylla4,4,1,incoming,138818
2026-09-21T15:39:49.993641+00:00,336,r-scylla4,4,1,outgoing,0
2026-09-21T15:39:50.993861+00:00,337,r-scylla1,4,0,incoming,0
2026-09-21T15:39:50.993861+00:00,337,r-scylla1,4,0,outgoing,276768
2026-09-21T15:39:50.993861+00:00,337,r-scylla1,4,1,incoming,0
2026-09-21T15:39:50.993861+00:00,337,r-scylla1,4,1,outgoing,139000
2026-09-21T15:39:50.993861+00:00,337,r-scylla2,4,0,incoming,138384
2026-09-21T15:39:50.993861+00:00,337,r-scylla2,4,0,outgoing,138384
2026-09-21T15:39:50.993861+00:00,337,r-scylla2,4,1,incoming,290
2026-09-21T15:39:50.993861+00:00,337,r-scylla2,4,1,outgoing,138312
2026-09-21T15:39:50.993861+00:00,337,r-scylla3,4,0,incoming,138384
2026-09-21T15:39:50.993861+00:00,337,r-scylla3,4,0,outgoing,184392
2026-09-21T15:39:50.993861+00:00,337,r-scylla3,4,1,incoming,138710
2026-09-21T15:39:50.993861+00:00,337,r-scylla3,4,1,outgoing,506
2026-09-21T15:39:50.993861+00:00,337,r-scylla4,4,0,incoming,322776
2026-09-21T15:39:50.993861+00:00,337,r-scylla4,4,0,outgoing,0
2026-09-21T15:39:50.993861+00:00,337,r-scylla4,4,1,incoming,138818
2026-09-21T15:39:50.993861+00:00,337,r-scylla4,4,1,outgoing,0
2026-09-21T15:39:51.994107+00:00,338,r-scylla1,4,0,incoming,0
2026-09-21T15:39:51.994107+00:00,338,r-scylla1,4,0,outgoing,276768
2026-09-21T15:39:51.994107+00:00,338,r-scylla1,4,1,incoming,0
2026-09-21T15:39:51.994107+00:00,338,r-scylla1,4,1,outgoing,139000
2026-09-21T15:39:51.994107+00:00,338,r-scylla2,4,0,incoming,138384
2026-09-21T15:39:51.994107+00:00,338,r-scylla2,4,0,outgoing,138384
2026-09-21T15:39:51.994107+00:00,338,r-scylla2,4,1,incoming,290
2026-09-21T15:39:51.994107+00:00,338,r-scylla2,4,1,outgoing,138312
2026-09-21T15:39:51.994107+00:00,338,r-scylla3,4,0,incoming,138384
2026-09-21T15:39:51.994107+00:00,338,r-scylla3,4,0,outgoing,184392
2026-09-21T15:39:51.994107+00:00,338,r-scylla3,4,1,incoming,138710
2026-09-21T15:39:51.994107+00:00,338,r-scylla3,4,1,outgoing,506
2026-09-21T15:39:51.994107+00:00,338,r-scylla4,4,0,incoming,322776
2026-09-21T15:39:51.994107+00:00,338,r-scylla4,4,0,outgoing,0
2026-09-21T15:39:51.994107+00:00,338,r-scylla4,4,1,incoming,138818
2026-09-21T15:39:51.994107+00:00,338,r-scylla4,4,1,outgoing,0
2026-09-21T15:39:52.994492+00:00,339,r-scylla1,4,0,incoming,0
2026-09-21T15:39:52.994492+00:00,339,r-scylla1,4,0,outgoing,276768
2026-09-21T15:39:52.994492+00:00,339,r-scylla1,4,1,incoming,0
2026-09-21T15:39:52.994492+00:00,339,r-scylla1,4,1,outgoing,139000
2026-09-21T15:39:52.994492+00:00,339,r-scylla2,4,0,incoming,138384
2026-09-21T15:39:52.994492+00:00,339,r-scylla2,4,0,outgoing,138384
2026-09-21T15:39:52.994492+00:00,339,r-scylla2,4,1,incoming,290
2026-09-21T15:39:52.994492+00:00,339,r-scylla2,4,1,outgoing,138312
2026-09-21T15:39:52.994492+00:00,339,r-scylla3,4,0,incoming,138384
2026-09-21T15:39:52.994492+00:00,339,r-scylla3,4,0,outgoing,184392
2026-09-21T15:39:52.994492+00:00,339,r-scylla3,4,1,incoming,138710
2026-09-21T15:39:52.994492+00:00,339,r-scylla3,4,1,outgoing,506
2026-09-21T15:39:52.994492+00:00,339,r-scylla4,4,0,incoming,322776
2026-09-21T15:39:52.994492+00:00,339,r-scylla4,4,0,outgoing,0
2026-09-21T15:39:52.994492+00:00,339,r-scylla4,4,1,incoming,138818
2026-09-21T15:39:52.994492+00:00,339,r-scylla4,4,1,outgoing,0
2026-09-21T15:39:53.994769+00:00,340,r-scylla1,4,0,incoming,0
2026-09-21T15:39:53.994769+00:00,340,r-scylla1,4,0,outgoing,276768
2026-09-21T15:39:53.994769+00:00,340,r-scylla1,4,1,incoming,0
2026-09-21T15:39:53.994769+00:00,340,r-scylla1,4,1,outgoing,139000
2026-09-21T15:39:53.994769+00:00,340,r-scylla2,4,0,incoming,138384
2026-09-21T15:39:53.994769+00:00,340,r-scylla2,4,0,outgoing,138384
2026-09-21T15:39:53.994769+00:00,340,r-scylla2,4,1,incoming,290
2026-09-21T15:39:53.994769+00:00,340,r-scylla2,4,1,outgoing,138312
2026-09-21T15:39:53.994769+00:00,340,r-scylla3,4,0,incoming,138384
2026-09-21T15:39:53.994769+00:00,340,r-scylla3,4,0,outgoing,184392
2026-09-21T15:39:53.994769+00:00,340,r-scylla3,4,1,incoming,138710
2026-09-21T15:39:53.994769+00:00,340,r-scylla3,4,1,outgoing,506
2026-09-21T15:39:53.994769+00:00,340,r-scylla4,4,0,incoming,322776
2026-09-21T15:39:53.994769+00:00,340,r-scylla4,4,0,outgoing,0
2026-09-21T15:39:53.994769+00:00,340,r-scylla4,4,1,incoming,138818
2026-09-21T15:39:53.994769+00:00,340,r-scylla4,4,1,outgoing,0
2026-09-21T15:39:54.995150+00:00,341,r-scylla1,4,0,incoming,0
2026-09-21T15:39:54.995150+00:00,341,r-scylla1,4,0,outgoing,276768
2026-09-21T15:39:54.995150+00:00,341,r-scylla1,4,1,incoming,0
2026-09-21T15:39:54.995150+00:00,341,r-scylla1,4,1,outgoing,139000
2026-09-21T15:39:54.995150+00:00,341,r-scylla2,4,0,incoming,138384
2026-09-21T15:39:54.995150+00:00,341,r-scylla2,4,0,outgoing,138384
2026-09-21T15:39:54.995150+00:00,341,r-scylla2,4,1,incoming,290
2026-09-21T15:39:54.995150+00:00,341,r-scylla2,4,1,outgoing,138312
2026-09-21T15:39:54.995150+00:00,341,r-scylla3,4,0,incoming,138384
2026-09-21T15:39:54.995150+00:00,341,r-scylla3,4,0,outgoing,184392
2026-09-21T15:39:54.995150+00:00,341,r-scylla3,4,1,incoming,138710
2026-09-21T15:39:54.995150+00:00,341,r-scylla3,4,1,outgoing,506
2026-09-21T15:39:54.995150+00:00,341,r-scylla4,4,0,incoming,322776
2026-09-21T15:39:54.995150+00:00,341,r-scylla4,4,0,outgoing,0
2026-09-21T15:39:54.995150+00:00,341,r-scylla4,4,1,incoming,138818
2026-09-21T15:39:54.995150+00:00,341,r-scylla4,4,1,outgoing,0
2026-09-21T15:39:55.995333+00:00,342,r-scylla1,4,0,incoming,0
2026-09-21T15:39:55.995333+00:00,342,r-scylla1,4,0,outgoing,276768
2026-09-21T15:39:55.995333+00:00,342,r-scylla1,4,1,incoming,0
2026-09-21T15:39:55.995333+00:00,342,r-scylla1,4,1,outgoing,139000
2026-09-21T15:39:55.995333+00:00,342,r-scylla2,4,0,incoming,138384
2026-09-21T15:39:55.995333+00:00,342,r-scylla2,4,0,outgoing,138384
2026-09-21T15:39:55.995333+00:00,342,r-scylla2,4,1,incoming,290
2026-09-21T15:39:55.995333+00:00,342,r-scylla2,4,1,outgoing,138312
2026-09-21T15:39:55.995333+00:00,342,r-scylla3,4,0,incoming,138384
2026-09-21T15:39:55.995333+00:00,342,r-scylla3,4,0,outgoing,184392
2026-09-21T15:39:55.995333+00:00,342,r-scylla3,4,1,incoming,138710
2026-09-21T15:39:55.995333+00:00,342,r-scylla3,4,1,outgoing,506
2026-09-21T15:39:55.995333+00:00,342,r-scylla4,4,0,incoming,322776
2026-09-21T15:39:55.995333+00:00,342,r-scylla4,4,0,outgoing,0
2026-09-21T15:39:55.995333+00:00,342,r-scylla4,4,1,incoming,138818
2026-09-21T15:39:55.995333+00:00,342,r-scylla4,4,1,outgoing,0
2026-09-21T15:39:56.995506+00:00,343,r-scylla1,4,0,incoming,0
2026-09-21T15:39:56.995506+00:00,343,r-scylla1,4,0,outgoing,276768
2026-09-21T15:39:56.995506+00:00,343,r-scylla1,4,1,incoming,0
2026-09-21T15:39:56.995506+00:00,343,r-scylla1,4,1,outgoing,139000
2026-09-21T15:39:56.995506+00:00,343,r-scylla2,4,0,incoming,138384
2026-09-21T15:39:56.995506+00:00,343,r-scylla2,4,0,outgoing,138384
2026-09-21T15:39:56.995506+00:00,343,r-scylla2,4,1,incoming,290
2026-09-21T15:39:56.995506+00:00,343,r-scylla2,4,1,outgoing,138312
2026-09-21T15:39:56.995506+00:00,343,r-scylla3,4,0,incoming,138384
2026-09-21T15:39:56.995506+00:00,343,r-scylla3,4,0,outgoing,184392
2026-09-21T15:39:56.995506+00:00,343,r-scylla3,4,1,incoming,138710
2026-09-21T15:39:56.995506+00:00,343,r-scylla3,4,1,outgoing,506
2026-09-21T15:39:56.995506+00:00,343,r-scylla4,4,0,incoming,322776
2026-09-21T15:39:56.995506+00:00,343,r-scylla4,4,0,outgoing,0
2026-09-21T15:39:56.995506+00:00,343,r-scylla4,4,1,incoming,138818
2026-09-21T15:39:56.995506+00:00,343,r-scylla4,4,1,outgoing,0
2026-09-21T15:39:57.995806+00:00,344,r-scylla1,4,0,incoming,0
2026-09-21T15:39:57.995806+00:00,344,r-scylla1,4,0,outgoing,276768
2026-09-21T15:39:57.995806+00:00,344,r-scylla1,4,1,incoming,0
2026-09-21T15:39:57.995806+00:00,344,r-scylla1,4,1,outgoing,139000
2026-09-21T15:39:57.995806+00:00,344,r-scylla2,4,0,incoming,138384
2026-09-21T15:39:57.995806+00:00,344,r-scylla2,4,0,outgoing,138384
2026-09-21T15:39:57.995806+00:00,344,r-scylla2,4,1,incoming,290
2026-09-21T15:39:57.995806+00:00,344,r-scylla2,4,1,outgoing,138312
2026-09-21T15:39:57.995806+00:00,344,r-scylla3,4,0,incoming,138384
2026-09-21T15:39:57.995806+00:00,344,r-scylla3,4,0,outgoing,184392
2026-09-21T15:39:57.995806+00:00,344,r-scylla3,4,1,incoming,138710
2026-09-21T15:39:57.995806+00:00,344,r-scylla3,4,1,outgoing,506
2026-09-21T15:39:57.995806+00:00,344,r-scylla4,4,0,incoming,322776
2026-09-21T15:39:57.995806+00:00,344,r-scylla4,4,0,outgoing,0
2026-09-21T15:39:57.995806+00:00,344,r-scylla4,4,1,incoming,138818
2026-09-21T15:39:57.995806+00:00,344,r-scylla4,4,1,outgoing,0
2026-09-21T15:39:58.996024+00:00,345,r-scylla1,4,0,incoming,0
2026-09-21T15:39:58.996024+00:00,345,r-scylla1,4,0,outgoing,276768
2026-09-21T15:39:58.996024+00:00,345,r-scylla1,4,1,incoming,0
2026-09-21T15:39:58.996024+00:00,345,r-scylla1,4,1,outgoing,139000
2026-09-21T15:39:58.996024+00:00,345,r-scylla2,4,0,incoming,138384
2026-09-21T15:39:58.996024+00:00,345,r-scylla2,4,0,outgoing,138384
2026-09-21T15:39:58.996024+00:00,345,r-scylla2,4,1,incoming,290
2026-09-21T15:39:58.996024+00:00,345,r-scylla2,4,1,outgoing,138312
2026-09-21T15:39:58.996024+00:00,345,r-scylla3,4,0,incoming,138384
2026-09-21T15:39:58.996024+00:00,345,r-scylla3,4,0,outgoing,184392
2026-09-21T15:39:58.996024+00:00,345,r-scylla3,4,1,incoming,138710
2026-09-21T15:39:58.996024+00:00,345,r-scylla3,4,1,outgoing,506
2026-09-21T15:39:58.996024+00:00,345,r-scylla4,4,0,incoming,322776
2026-09-21T15:39:58.996024+00:00,345,r-scylla4,4,0,outgoing,0
2026-09-21T15:39:58.996024+00:00,345,r-scylla4,4,1,incoming,138818
2026-09-21T15:39:58.996024+00:00,345,r-scylla4,4,1,outgoing,0
2026-09-21T15:39:59.996263+00:00,346,r-scylla1,4,0,incoming,0
2026-09-21T15:39:59.996263+00:00,346,r-scylla1,4,0,outgoing,276768
2026-09-21T15:39:59.996263+00:00,346,r-scylla1,4,1,incoming,0
2026-09-21T15:39:59.996263+00:00,346,r-scylla1,4,1,outgoing,139000
2026-09-21T15:39:59.996263+00:00,346,r-scylla2,4,0,incoming,138384
2026-09-21T15:39:59.996263+00:00,346,r-scylla2,4,0,outgoing,138384
2026-09-21T15:39:59.996263+00:00,346,r-scylla2,4,1,incoming,290
2026-09-21T15:39:59.996263+00:00,346,r-scylla2,4,1,outgoing,138312
2026-09-21T15:39:59.996263+00:00,346,r-scylla3,4,0,incoming,138384
2026-09-21T15:39:59.996263+00:00,346,r-scylla3,4,0,outgoing,184392
2026-09-21T15:39:59.996263+00:00,346,r-scylla3,4,1,incoming,138710
2026-09-21T15:39:59.996263+00:00,346,r-scylla3,4,1,outgoing,506
2026-09-21T15:39:59.996263+00:00,346,r-scylla4,4,0,incoming,322776
2026-09-21T15:39:59.996263+00:00,346,r-scylla4,4,0,outgoing,0
2026-09-21T15:39:59.996263+00:00,346,r-scylla4,4,1,incoming,138818
2026-09-21T15:39:59.996263+00:00,346,r-scylla4,4,1,outgoing,0
2026-09-21T15:40:00.996721+00:00,347,r-scylla1,4,0,incoming,0
2026-09-21T15:40:00.996721+00:00,347,r-scylla1,4,0,outgoing,276768
2026-09-21T15:40:00.996721+00:00,347,r-scylla1,4,1,incoming,0
2026-09-21T15:40:00.996721+00:00,347,r-scylla1,4,1,outgoing,139000
2026-09-21T15:40:00.996721+00:00,347,r-scylla2,4,0,incoming,138384
2026-09-21T15:40:00.996721+00:00,347,r-scylla2,4,0,outgoing,138384
2026-09-21T15:40:00.996721+00:00,347,r-scylla2,4,1,incoming,290
2026-09-21T15:40:00.996721+00:00,347,r-scylla2,4,1,outgoing,138312
2026-09-21T15:40:00.996721+00:00,347,r-scylla3,4,0,incoming,138384
2026-09-21T15:40:00.996721+00:00,347,r-scylla3,4,0,outgoing,184392
2026-09-21T15:40:00.996721+00:00,347,r-scylla3,4,1,incoming,138710
2026-09-21T15:40:00.996721+00:00,347,r-scylla3,4,1,outgoing,506
2026-09-21T15:40:00.996721+00:00,347,r-scylla4,4,0,incoming,322776
2026-09-21T15:40:00.996721+00:00,347,r-scylla4,4,0,outgoing,0
2026-09-21T15:40:00.996721+00:00,347,r-scylla4,4,1,incoming,138818
2026-09-21T15:40:00.996721+00:00,347,r-scylla4,4,1,outgoing,0
2026-09-21T15:40:01.997025+00:00,348,r-scylla1,4,0,incoming,0
2026-09-21T15:40:01.997025+00:00,348,r-scylla1,4,0,outgoing,276768
2026-09-21T15:40:01.997025+00:00,348,r-scylla1,4,1,incoming,0
2026-09-21T15:40:01.997025+00:00,348,r-scylla1,4,1,outgoing,139000
2026-09-21T15:40:01.997025+00:00,348,r-scylla2,4,0,incoming,138384
2026-09-21T15:40:01.997025+00:00,348,r-scylla2,4,0,outgoing,138384
2026-09-21T15:40:01.997025+00:00,348,r-scylla2,4,1,incoming,290
2026-09-21T15:40:01.997025+00:00,348,r-scylla2,4,1,outgoing,138312
2026-09-21T15:40:01.997025+00:00,348,r-scylla3,4,0,incoming,138384
2026-09-21T15:40:01.997025+00:00,348,r-scylla3,4,0,outgoing,184392
2026-09-21T15:40:01.997025+00:00,348,r-scylla3,4,1,incoming,138710
2026-09-21T15:40:01.997025+00:00,348,r-scylla3,4,1,outgoing,506
2026-09-21T15:40:01.997025+00:00,348,r-scylla4,4,0,incoming,322776
2026-09-21T15:40:01.997025+00:00,348,r-scylla4,4,0,outgoing,0
2026-09-21T15:40:01.997025+00:00,348,r-scylla4,4,1,incoming,138818
2026-09-21T15:40:01.997025+00:00,348,r-scylla4,4,1,outgoing,0
2026-09-21T15:40:02.997449+00:00,349,r-scylla1,4,0,incoming,0
2026-09-21T15:40:02.997449+00:00,349,r-scylla1,4,0,outgoing,276768
2026-09-21T15:40:02.997449+00:00,349,r-scylla1,4,1,incoming,0
2026-09-21T15:40:02.997449+00:00,349,r-scylla1,4,1,outgoing,139000
2026-09-21T15:40:02.997449+00:00,349,r-scylla2,4,0,incoming,138384
2026-09-21T15:40:02.997449+00:00,349,r-scylla2,4,0,outgoing,138384
2026-09-21T15:40:02.997449+00:00,349,r-scylla2,4,1,incoming,290
2026-09-21T15:40:02.997449+00:00,349,r-scylla2,4,1,outgoing,138312
2026-09-21T15:40:02.997449+00:00,349,r-scylla3,4,0,incoming,138384
2026-09-21T15:40:02.997449+00:00,349,r-scylla3,4,0,outgoing,184392
2026-09-21T15:40:02.997449+00:00,349,r-scylla3,4,1,incoming,138710
2026-09-21T15:40:02.997449+00:00,349,r-scylla3,4,1,outgoing,506
2026-09-21T15:40:02.997449+00:00,349,r-scylla4,4,0,incoming,322776
2026-09-21T15:40:02.997449+00:00,349,r-scylla4,4,0,outgoing,0
2026-09-21T15:40:02.997449+00:00,349,r-scylla4,4,1,incoming,138818
2026-09-21T15:40:02.997449+00:00,349,r-scylla4,4,1,outgoing,0
2026-09-21T15:40:03.997834+00:00,350,r-scylla1,4,0,incoming,0
2026-09-21T15:40:03.997834+00:00,350,r-scylla1,4,0,outgoing,276768
2026-09-21T15:40:03.997834+00:00,350,r-scylla1,4,1,incoming,0
2026-09-21T15:40:03.997834+00:00,350,r-scylla1,4,1,outgoing,139000
2026-09-21T15:40:03.997834+00:00,350,r-scylla2,4,0,incoming,138384
2026-09-21T15:40:03.997834+00:00,350,r-scylla2,4,0,outgoing,138384
2026-09-21T15:40:03.997834+00:00,350,r-scylla2,4,1,incoming,290
2026-09-21T15:40:03.997834+00:00,350,r-scylla2,4,1,outgoing,138312
2026-09-21T15:40:03.997834+00:00,350,r-scylla3,4,0,incoming,138384
2026-09-21T15:40:03.997834+00:00,350,r-scylla3,4,0,outgoing,184392
2026-09-21T15:40:03.997834+00:00,350,r-scylla3,4,1,incoming,138710
2026-09-21T15:40:03.997834+00:00,350,r-scylla3,4,1,outgoing,506
2026-09-21T15:40:03.997834+00:00,350,r-scylla4,4,0,incoming,322776
2026-09-21T15:40:03.997834+00:00,350,r-scylla4,4,0,outgoing,0
2026-09-21T15:40:03.997834+00:00,350,r-scylla4,4,1,incoming,138818
2026-09-21T15:40:03.997834+00:00,350,r-scylla4,4,1,outgoing,0
2026-09-21T15:40:04.998121+00:00,351,r-scylla1,4,0,incoming,0
2026-09-21T15:40:04.998121+00:00,351,r-scylla1,4,0,outgoing,276768
2026-09-21T15:40:04.998121+00:00,351,r-scylla1,4,1,incoming,0
2026-09-21T15:40:04.998121+00:00,351,r-scylla1,4,1,outgoing,139000
2026-09-21T15:40:04.998121+00:00,351,r-scylla2,4,0,incoming,138384
2026-09-21T15:40:04.998121+00:00,351,r-scylla2,4,0,outgoing,138384
2026-09-21T15:40:04.998121+00:00,351,r-scylla2,4,1,incoming,290
2026-09-21T15:40:04.998121+00:00,351,r-scylla2,4,1,outgoing,138312
2026-09-21T15:40:04.998121+00:00,351,r-scylla3,4,0,incoming,138384
2026-09-21T15:40:04.998121+00:00,351,r-scylla3,4,0,outgoing,184392
2026-09-21T15:40:04.998121+00:00,351,r-scylla3,4,1,incoming,138710
2026-09-21T15:40:04.998121+00:00,351,r-scylla3,4,1,outgoing,506
2026-09-21T15:40:04.998121+00:00,351,r-scylla4,4,0,incoming,322776
2026-09-21T15:40:04.998121+00:00,351,r-scylla4,4,0,outgoing,0
2026-09-21T15:40:04.998121+00:00,351,r-scylla4,4,1,incoming,138818
2026-09-21T15:40:04.998121+00:00,351,r-scylla4,4,1,outgoing,0
2026-09-21T15:40:05.998682+00:00,352,r-scylla1,4,0,incoming,0
2026-09-21T15:40:05.998682+00:00,352,r-scylla1,4,0,outgoing,276768
2026-09-21T15:40:05.998682+00:00,352,r-scylla1,4,1,incoming,0
2026-09-21T15:40:05.998682+00:00,352,r-scylla1,4,1,outgoing,139000
2026-09-21T15:40:05.998682+00:00,352,r-scylla2,4,0,incoming,138384
2026-09-21T15:40:05.998682+00:00,352,r-scylla2,4,0,outgoing,138384
2026-09-21T15:40:05.998682+00:00,352,r-scylla2,4,1,incoming,290
2026-09-21T15:40:05.998682+00:00,352,r-scylla2,4,1,outgoing,138312
2026-09-21T15:40:05.998682+00:00,352,r-scylla3,4,0,incoming,138384
2026-09-21T15:40:05.998682+00:00,352,r-scylla3,4,0,outgoing,184392
2026-09-21T15:40:05.998682+00:00,352,r-scylla3,4,1,incoming,138710
2026-09-21T15:40:05.998682+00:00,352,r-scylla3,4,1,outgoing,506
2026-09-21T15:40:05.998682+00:00,352,r-scylla4,4,0,incoming,322776
2026-09-21T15:40:05.998682+00:00,352,r-scylla4,4,0,outgoing,0
2026-09-21T15:40:05.998682+00:00,352,r-scylla4,4,1,incoming,138818
2026-09-21T15:40:05.998682+00:00,352,r-scylla4,4,1,outgoing,0
2026-09-21T15:40:06.998952+00:00,353,r-scylla1,4,0,incoming,0
2026-09-21T15:40:06.998952+00:00,353,r-scylla1,4,0,outgoing,276768
2026-09-21T15:40:06.998952+00:00,353,r-scylla1,4,1,incoming,0
2026-09-21T15:40:06.998952+00:00,353,r-scylla1,4,1,outgoing,139000
2026-09-21T15:40:06.998952+00:00,353,r-scylla2,4,0,incoming,138384
2026-09-21T15:40:06.998952+00:00,353,r-scylla2,4,0,outgoing,138384
2026-09-21T15:40:06.998952+00:00,353,r-scylla2,4,1,incoming,290
2026-09-21T15:40:06.998952+00:00,353,r-scylla2,4,1,outgoing,138312
2026-09-21T15:40:06.998952+00:00,353,r-scylla3,4,0,incoming,138384
2026-09-21T15:40:06.998952+00:00,353,r-scylla3,4,0,outgoing,184392
2026-09-21T15:40:06.998952+00:00,353,r-scylla3,4,1,incoming,138710
2026-09-21T15:40:06.998952+00:00,353,r-scylla3,4,1,outgoing,506
2026-09-21T15:40:06.998952+00:00,353,r-scylla4,4,0,incoming,322776
2026-09-21T15:40:06.998952+00:00,353,r-scylla4,4,0,outgoing,0
2026-09-21T15:40:06.998952+00:00,353,r-scylla4,4,1,incoming,138818
2026-09-21T15:40:06.998952+00:00,353,r-scylla4,4,1,outgoing,0
2026-09-21T15:40:07.999182+00:00,354,r-scylla1,4,0,incoming,0
2026-09-21T15:40:07.999182+00:00,354,r-scylla1,4,0,outgoing,276768
2026-09-21T15:40:07.999182+00:00,354,r-scylla1,4,1,incoming,0
2026-09-21T15:40:07.999182+00:00,354,r-scylla1,4,1,outgoing,139000
2026-09-21T15:40:07.999182+00:00,354,r-scylla2,4,0,incoming,138384
2026-09-21T15:40:07.999182+00:00,354,r-scylla2,4,0,outgoing,138384
2026-09-21T15:40:07.999182+00:00,354,r-scylla2,4,1,incoming,290
2026-09-21T15:40:07.999182+00:00,354,r-scylla2,4,1,outgoing,138312
2026-09-21T15:40:07.999182+00:00,354,r-scylla3,4,0,incoming,138384
2026-09-21T15:40:07.999182+00:00,354,r-scylla3,4,0,outgoing,184392
2026-09-21T15:40:07.999182+00:00,354,r-scylla3,4,1,incoming,138710
2026-09-21T15:40:07.999182+00:00,354,r-scylla3,4,1,outgoing,506
2026-09-21T15:40:07.999182+00:00,354,r-scylla4,4,0,incoming,322776
2026-09-21T15:40:07.999182+00:00,354,r-scylla4,4,0,outgoing,0
2026-09-21T15:40:07.999182+00:00,354,r-scylla4,4,1,incoming,138818
2026-09-21T15:40:07.999182+00:00,354,r-scylla4,4,1,outgoing,0
2026-09-21T15:40:08.999583+00:00,355,r-scylla1,4,0,incoming,0
2026-09-21T15:40:08.999583+00:00,355,r-scylla1,4,0,outgoing,276768
2026-09-21T15:40:08.999583+00:00,355,r-scylla1,4,1,incoming,0
2026-09-21T15:40:08.999583+00:00,355,r-scylla1,4,1,outgoing,139000
2026-09-21T15:40:08.999583+00:00,355,r-scylla2,4,0,incoming,138384
2026-09-21T15:40:08.999583+00:00,355,r-scylla2,4,0,outgoing,138384
2026-09-21T15:40:08.999583+00:00,355,r-scylla2,4,1,incoming,290
2026-09-21T15:40:08.999583+00:00,355,r-scylla2,4,1,outgoing,138312
2026-09-21T15:40:08.999583+00:00,355,r-scylla3,4,0,incoming,138384
2026-09-21T15:40:08.999583+00:00,355,r-scylla3,4,0,outgoing,184392
2026-09-21T15:40:08.999583+00:00,355,r-scylla3,4,1,incoming,138710
2026-09-21T15:40:08.999583+00:00,355,r-scylla3,4,1,outgoing,506
2026-09-21T15:40:08.999583+00:00,355,r-scylla4,4,0,incoming,322776
2026-09-21T15:40:08.999583+00:00,355,r-scylla4,4,0,outgoing,0
2026-09-21T15:40:08.999583+00:00,355,r-scylla4,4,1,incoming,138818
2026-09-21T15:40:08.999583+00:00,355,r-scylla4,4,1,outgoing,0
2026-09-21T15:40:10.000059+00:00,356,r-scylla1,4,0,incoming,0
2026-09-21T15:40:10.000059+00:00,356,r-scylla1,4,0,outgoing,276768
2026-09-21T15:40:10.000059+00:00,356,r-scylla1,4,1,incoming,0
2026-09-21T15:40:10.000059+00:00,356,r-scylla1,4,1,outgoing,139000
2026-09-21T15:40:10.000059+00:00,356,r-scylla2,4,0,incoming,138384
2026-09-21T15:40:10.000059+00:00,356,r-scylla2,4,0,outgoing,138384
2026-09-21T15:40:10.000059+00:00,356,r-scylla2,4,1,incoming,290
2026-09-21T15:40:10.000059+00:00,356,r-scylla2,4,1,outgoing,138312
2026-09-21T15:40:10.000059+00:00,356,r-scylla3,4,0,incoming,138384
2026-09-21T15:40:10.000059+00:00,356,r-scylla3,4,0,outgoing,184392
2026-09-21T15:40:10.000059+00:00,356,r-scylla3,4,1,incoming,138710
2026-09-21T15:40:10.000059+00:00,356,r-scylla3,4,1,outgoing,506
2026-09-21T15:40:10.000059+00:00,356,r-scylla4,4,0,incoming,322776
2026-09-21T15:40:10.000059+00:00,356,r-scylla4,4,0,outgoing,0
2026-09-21T15:40:10.000059+00:00,356,r-scylla4,4,1,incoming,138818
2026-09-21T15:40:10.000059+00:00,356,r-scylla4,4,1,outgoing,0
2026-09-21T15:40:11.000247+00:00,357,r-scylla1,4,0,incoming,0
2026-09-21T15:40:11.000247+00:00,357,r-scylla1,4,0,outgoing,276768
2026-09-21T15:40:11.000247+00:00,357,r-scylla1,4,1,incoming,0
2026-09-21T15:40:11.000247+00:00,357,r-scylla1,4,1,outgoing,139000
2026-09-21T15:40:11.000247+00:00,357,r-scylla2,4,0,incoming,138384
2026-09-21T15:40:11.000247+00:00,357,r-scylla2,4,0,outgoing,138384
2026-09-21T15:40:11.000247+00:00,357,r-scylla2,4,1,incoming,290
2026-09-21T15:40:11.000247+00:00,357,r-scylla2,4,1,outgoing,138312
2026-09-21T15:40:11.000247+00:00,357,r-scylla3,4,0,incoming,138384
2026-09-21T15:40:11.000247+00:00,357,r-scylla3,4,0,outgoing,184392
2026-09-21T15:40:11.000247+00:00,357,r-scylla3,4,1,incoming,138710
2026-09-21T15:40:11.000247+00:00,357,r-scylla3,4,1,outgoing,506
2026-09-21T15:40:11.000247+00:00,357,r-scylla4,4,0,incoming,322776
2026-09-21T15:40:11.000247+00:00,357,r-scylla4,4,0,outgoing,0
2026-09-21T15:40:11.000247+00:00,357,r-scylla4,4,1,incoming,138818
2026-09-21T15:40:11.000247+00:00,357,r-scylla4,4,1,outgoing,0
2026-09-21T15:40:12.000700+00:00,358,r-scylla1,4,0,incoming,0
2026-09-21T15:40:12.000700+00:00,358,r-scylla1,4,0,outgoing,276768
2026-09-21T15:40:12.000700+00:00,358,r-scylla1,4,1,incoming,0
2026-09-21T15:40:12.000700+00:00,358,r-scylla1,4,1,outgoing,139000
2026-09-21T15:40:12.000700+00:00,358,r-scylla2,4,0,incoming,138384
2026-09-21T15:40:12.000700+00:00,358,r-scylla2,4,0,outgoing,138384
2026-09-21T15:40:12.000700+00:00,358,r-scylla2,4,1,incoming,290
2026-09-21T15:40:12.000700+00:00,358,r-scylla2,4,1,outgoing,138312
2026-09-21T15:40:12.000700+00:00,358,r-scylla3,4,0,incoming,138384
2026-09-21T15:40:12.000700+00:00,358,r-scylla3,4,0,outgoing,184392
2026-09-21T15:40:12.000700+00:00,358,r-scylla3,4,1,incoming,138710
2026-09-21T15:40:12.000700+00:00,358,r-scylla3,4,1,outgoing,506
2026-09-21T15:40:12.000700+00:00,358,r-scylla4,4,0,incoming,322776
2026-09-21T15:40:12.000700+00:00,358,r-scylla4,4,0,outgoing,0
2026-09-21T15:40:12.000700+00:00,358,r-scylla4,4,1,incoming,138818
2026-09-21T15:40:12.000700+00:00,358,r-scylla4,4,1,outgoing,0
2026-09-21T15:40:13.001187+00:00,359,r-scylla1,4,0,incoming,0
2026-09-21T15:40:13.001187+00:00,359,r-scylla1,4,0,outgoing,276768
2026-09-21T15:40:13.001187+00:00,359,r-scylla1,4,1,incoming,0
2026-09-21T15:40:13.001187+00:00,359,r-scylla1,4,1,outgoing,139000
2026-09-21T15:40:13.001187+00:00,359,r-scylla2,4,0,incoming,138384
2026-09-21T15:40:13.001187+00:00,359,r-scylla2,4,0,outgoing,138384
2026-09-21T15:40:13.001187+00:00,359,r-scylla2,4,1,incoming,290
2026-09-21T15:40:13.001187+00:00,359,r-scylla2,4,1,outgoing,138312
2026-09-21T15:40:13.001187+00:00,359,r-scylla3,4,0,incoming,138384
2026-09-21T15:40:13.001187+00:00,359,r-scylla3,4,0,outgoing,184392
2026-09-21T15:40:13.001187+00:00,359,r-scylla3,4,1,incoming,138710
2026-09-21T15:40:13.001187+00:00,359,r-scylla3,4,1,outgoing,506
2026-09-21T15:40:13.001187+00:00,359,r-scylla4,4,0,incoming,322776
2026-09-21T15:40:13.001187+00:00,359,r-scylla4,4,0,outgoing,0
2026-09-21T15:40:13.001187+00:00,359,r-scylla4,4,1,incoming,138818
2026-09-21T15:40:13.001187+00:00,359,r-scylla4,4,1,outgoing,0
2026-09-21T15:40:14.001819+00:00,360,r-scylla1,4,0,incoming,0
2026-09-21T15:40:14.001819+00:00,360,r-scylla1,4,0,outgoing,276768
2026-09-21T15:40:14.001819+00:00,360,r-scylla1,4,1,incoming,0
2026-09-21T15:40:14.001819+00:00,360,r-scylla1,4,1,outgoing,139000
2026-09-21T15:40:14.001819+00:00,360,r-scylla2,4,0,incoming,138384
2026-09-21T15:40:14.001819+00:00,360,r-scylla2,4,0,outgoing,138384
2026-09-21T15:40:14.001819+00:00,360,r-scylla2,4,1,incoming,290
2026-09-21T15:40:14.001819+00:00,360,r-scylla2,4,1,outgoing,138312
2026-09-21T15:40:14.001819+00:00,360,r-scylla3,4,0,incoming,138384
2026-09-21T15:40:14.001819+00:00,360,r-scylla3,4,0,outgoing,184392
2026-09-21T15:40:14.001819+00:00,360,r-scylla3,4,1,incoming,138710
2026-09-21T15:40:14.001819+00:00,360,r-scylla3,4,1,outgoing,506
2026-09-21T15:40:14.001819+00:00,360,r-scylla4,4,0,incoming,322776
2026-09-21T15:40:14.001819+00:00,360,r-scylla4,4,0,outgoing,0
2026-09-21T15:40:14.001819+00:00,360,r-scylla4,4,1,incoming,138818
2026-09-21T15:40:14.001819+00:00,360,r-scylla4,4,1,outgoing,0
2026-09-21T15:40:15.002049+00:00,361,r-scylla1,4,0,incoming,0
2026-09-21T15:40:15.002049+00:00,361,r-scylla1,4,0,outgoing,276768
2026-09-21T15:40:15.002049+00:00,361,r-scylla1,4,1,incoming,0
2026-09-21T15:40:15.002049+00:00,361,r-scylla1,4,1,outgoing,139000
2026-09-21T15:40:15.002049+00:00,361,r-scylla2,4,0,incoming,138384
2026-09-21T15:40:15.002049+00:00,361,r-scylla2,4,0,outgoing,138384
2026-09-21T15:40:15.002049+00:00,361,r-scylla2,4,1,incoming,290
2026-09-21T15:40:15.002049+00:00,361,r-scylla2,4,1,outgoing,138312
2026-09-21T15:40:15.002049+00:00,361,r-scylla3,4,0,incoming,138384
2026-09-21T15:40:15.002049+00:00,361,r-scylla3,4,0,outgoing,184392
2026-09-21T15:40:15.002049+00:00,361,r-scylla3,4,1,incoming,138710
2026-09-21T15:40:15.002049+00:00,361,r-scylla3,4,1,outgoing,506
2026-09-21T15:40:15.002049+00:00,361,r-scylla4,4,0,incoming,322776
2026-09-21T15:40:15.002049+00:00,361,r-scylla4,4,0,outgoing,0
2026-09-21T15:40:15.002049+00:00,361,r-scylla4,4,1,incoming,138818
2026-09-21T15:40:15.002049+00:00,361,r-scylla4,4,1,outgoing,0
2026-09-21T15:40:16.002412+00:00,362,r-scylla1,4,0,incoming,0
2026-09-21T15:40:16.002412+00:00,362,r-scylla1,4,0,outgoing,276768
2026-09-21T15:40:16.002412+00:00,362,r-scylla1,4,1,incoming,0
2026-09-21T15:40:16.002412+00:00,362,r-scylla1,4,1,outgoing,139000
2026-09-21T15:40:16.002412+00:00,362,r-scylla2,4,0,incoming,138384
2026-09-21T15:40:16.002412+00:00,362,r-scylla2,4,0,outgoing,138384
2026-09-21T15:40:16.002412+00:00,362,r-scylla2,4,1,incoming,290
2026-09-21T15:40:16.002412+00:00,362,r-scylla2,4,1,outgoing,138312
2026-09-21T15:40:16.002412+00:00,362,r-scylla3,4,0,incoming,138384
2026-09-21T15:40:16.002412+00:00,362,r-scylla3,4,0,outgoing,184392
2026-09-21T15:40:16.002412+00:00,362,r-scylla3,4,1,incoming,138710
2026-09-21T15:40:16.002412+00:00,362,r-scylla3,4,1,outgoing,506
2026-09-21T15:40:16.002412+00:00,362,r-scylla4,4,0,incoming,322776
2026-09-21T15:40:16.002412+00:00,362,r-scylla4,4,0,outgoing,0
2026-09-21T15:40:16.002412+00:00,362,r-scylla4,4,1,incoming,138818
2026-09-21T15:40:16.002412+00:00,362,r-scylla4,4,1,outgoing,0
2026-09-21T15:40:17.002590+00:00,363,r-scylla1,4,0,incoming,0
2026-09-21T15:40:17.002590+00:00,363,r-scylla1,4,0,outgoing,276768
2026-09-21T15:40:17.002590+00:00,363,r-scylla1,4,1,incoming,0
2026-09-21T15:40:17.002590+00:00,363,r-scylla1,4,1,outgoing,139000
2026-09-21T15:40:17.002590+00:00,363,r-scylla2,4,0,incoming,138384
2026-09-21T15:40:17.002590+00:00,363,r-scylla2,4,0,outgoing,138384
2026-09-21T15:40:17.002590+00:00,363,r-scylla2,4,1,incoming,290
2026-09-21T15:40:17.002590+00:00,363,r-scylla2,4,1,outgoing,138312
2026-09-21T15:40:17.002590+00:00,363,r-scylla3,4,0,incoming,138384
2026-09-21T15:40:17.002590+00:00,363,r-scylla3,4,0,outgoing,184392
2026-09-21T15:40:17.002590+00:00,363,r-scylla3,4,1,incoming,138710
2026-09-21T15:40:17.002590+00:00,363,r-scylla3,4,1,outgoing,506
2026-09-21T15:40:17.002590+00:00,363,r-scylla4,4,0,incoming,322776
2026-09-21T15:40:17.002590+00:00,363,r-scylla4,4,0,outgoing,0
2026-09-21T15:40:17.002590+00:00,363,r-scylla4,4,1,incoming,138818
2026-09-21T15:40:17.002590+00:00,363,r-scylla4,4,1,outgoing,0
2026-09-21T15:40:18.003149+00:00,364,r-scylla1,4,0,incoming,0
2026-09-21T15:40:18.003149+00:00,364,r-scylla1,4,0,outgoing,276768
2026-09-21T15:40:18.003149+00:00,364,r-scylla1,4,1,incoming,0
2026-09-21T15:40:18.003149+00:00,364,r-scylla1,4,1,outgoing,139000
2026-09-21T15:40:18.003149+00:00,364,r-scylla2,4,0,incoming,138384
2026-09-21T15:40:18.003149+00:00,364,r-scylla2,4,0,outgoing,138384
2026-09-21T15:40:18.003149+00:00,364,r-scylla2,4,1,incoming,290
2026-09-21T15:40:18.003149+00:00,364,r-scylla2,4,1,outgoing,138312
2026-09-21T15:40:18.003149+00:00,364,r-scylla3,4,0,incoming,138384
2026-09-21T15:40:18.003149+00:00,364,r-scylla3,4,0,outgoing,184392
2026-09-21T15:40:18.003149+00:00,364,r-scylla3,4,1,incoming,138710
2026-09-21T15:40:18.003149+00:00,364,r-scylla3,4,1,outgoing,506
2026-09-21T15:40:18.003149+00:00,364,r-scylla4,4,0,incoming,322776
2026-09-21T15:40:18.003149+00:00,364,r-scylla4,4,0,outgoing,0
2026-09-21T15:40:18.003149+00:00,364,r-scylla4,4,1,incoming,138818
2026-09-21T15:40:18.003149+00:00,364,r-scylla4,4,1,outgoing,0
2026-09-21T15:40:19.003402+00:00,365,r-scylla1,4,0,incoming,0
2026-09-21T15:40:19.003402+00:00,365,r-scylla1,4,0,outgoing,276768
2026-09-21T15:40:19.003402+00:00,365,r-scylla1,4,1,incoming,0
2026-09-21T15:40:19.003402+00:00,365,r-scylla1,4,1,outgoing,139000
2026-09-21T15:40:19.003402+00:00,365,r-scylla2,4,0,incoming,138384
2026-09-21T15:40:19.003402+00:00,365,r-scylla2,4,0,outgoing,138384
2026-09-21T15:40:19.003402+00:00,365,r-scylla2,4,1,incoming,290
2026-09-21T15:40:19.003402+00:00,365,r-scylla2,4,1,outgoing,138312
2026-09-21T15:40:19.003402+00:00,365,r-scylla3,4,0,incoming,138384
2026-09-21T15:40:19.003402+00:00,365,r-scylla3,4,0,outgoing,184392
2026-09-21T15:40:19.003402+00:00,365,r-scylla3,4,1,incoming,138710
2026-09-21T15:40:19.003402+00:00,365,r-scylla3,4,1,outgoing,506
2026-09-21T15:40:19.003402+00:00,365,r-scylla4,4,0,incoming,322776
2026-09-21T15:40:19.003402+00:00,365,r-scylla4,4,0,outgoing,0
2026-09-21T15:40:19.003402+00:00,365,r-scylla4,4,1,incoming,138818
2026-09-21T15:40:19.003402+00:00,365,r-scylla4,4,1,outgoing,0
2026-09-21T15:40:20.000134+00:00,366,r-scylla1,4,0,incoming,0
2026-09-21T15:40:20.000134+00:00,366,r-scylla1,4,0,outgoing,276768
2026-09-21T15:40:20.000134+00:00,366,r-scylla1,4,1,incoming,0
2026-09-21T15:40:20.000134+00:00,366,r-scylla1,4,1,outgoing,139000
2026-09-21T15:40:20.000134+00:00,366,r-scylla2,4,0,incoming,138384
2026-09-21T15:40:20.000134+00:00,366,r-scylla2,4,0,outgoing,138384
2026-09-21T15:40:20.000134+00:00,366,r-scylla2,4,1,incoming,290
2026-09-21T15:40:20.000134+00:00,366,r-scylla2,4,1,outgoing,138312
2026-09-21T15:40:20.000134+00:00,366,r-scylla3,4,0,incoming,138384
2026-09-21T15:40:20.000134+00:00,366,r-scylla3,4,0,outgoing,184392
2026-09-21T15:40:20.000134+00:00,366,r-scylla3,4,1,incoming,138710
2026-09-21T15:40:20.000134+00:00,366,r-scylla3,4,1,outgoing,506
2026-09-21T15:40:20.000134+00:00,366,r-scylla4,4,0,incoming,322776
2026-09-21T15:40:20.000134+00:00,366,r-scylla4,4,0,outgoing,0
2026-09-21T15:40:20.000134+00:00,366,r-scylla4,4,1,incoming,138818
2026-09-21T15:40:20.000134+00:00,366,r-scylla4,4,1,outgoing,0
2026-09-21T15:40:21.000569+00:00,367,r-scylla1,4,0,incoming,0
2026-09-21T15:40:21.000569+00:00,367,r-scylla1,4,0,outgoing,276768
2026-09-21T15:40:21.000569+00:00,367,r-scylla1,4,1,incoming,0
2026-09-21T15:40:21.000569+00:00,367,r-scylla1,4,1,outgoing,139000
2026-09-21T15:40:21.000569+00:00,367,r-scylla2,4,0,incoming,138384
2026-09-21T15:40:21.000569+00:00,367,r-scylla2,4,0,outgoing,138384
2026-09-21T15:40:21.000569+00:00,367,r-scylla2,4,1,incoming,290
2026-09-21T15:40:21.000569+00:00,367,r-scylla2,4,1,outgoing,138312
2026-09-21T15:40:21.000569+00:00,367,r-scylla3,4,0,incoming,138384
2026-09-21T15:40:21.000569+00:00,367,r-scylla3,4,0,outgoing,184392
2026-09-21T15:40:21.000569+00:00,367,r-scylla3,4,1,incoming,138710
2026-09-21T15:40:21.000569+00:00,367,r-scylla3,4,1,outgoing,506
2026-09-21T15:40:21.000569+00:00,367,r-scylla4,4,0,incoming,322776
2026-09-21T15:40:21.000569+00:00,367,r-scylla4,4,0,outgoing,0
2026-09-21T15:40:21.000569+00:00,367,r-scylla4,4,1,incoming,138818
2026-09-21T15:40:21.000569+00:00,367,r-scylla4,4,1,outgoing,0
2026-09-21T15:40:22.000771+00:00,368,r-scylla1,4,0,incoming,0
2026-09-21T15:40:22.000771+00:00,368,r-scylla1,4,0,outgoing,276768
2026-09-21T15:40:22.000771+00:00,368,r-scylla1,4,1,incoming,0
2026-09-21T15:40:22.000771+00:00,368,r-scylla1,4,1,outgoing,139000
2026-09-21T15:40:22.000771+00:00,368,r-scylla2,4,0,incoming,138384
2026-09-21T15:40:22.000771+00:00,368,r-scylla2,4,0,outgoing,138384
2026-09-21T15:40:22.000771+00:00,368,r-scylla2,4,1,incoming,290
2026-09-21T15:40:22.000771+00:00,368,r-scylla2,4,1,outgoing,138312
2026-09-21T15:40:22.000771+00:00,368,r-scylla3,4,0,incoming,138384
2026-09-21T15:40:22.000771+00:00,368,r-scylla3,4,0,outgoing,184392
2026-09-21T15:40:22.000771+00:00,368,r-scylla3,4,1,incoming,138710
2026-09-21T15:40:22.000771+00:00,368,r-scylla3,4,1,outgoing,506
2026-09-21T15:40:22.000771+00:00,368,r-scylla4,4,0,incoming,322776
2026-09-21T15:40:22.000771+00:00,368,r-scylla4,4,0,outgoing,0
2026-09-21T15:40:22.000771+00:00,368,r-scylla4,4,1,incoming,138818
2026-09-21T15:40:22.000771+00:00,368,r-scylla4,4,1,outgoing,0
2026-09-21T15:40:23.000938+00:00,369,r-scylla1,4,0,incoming,0
2026-09-21T15:40:23.000938+00:00,369,r-scylla1,4,0,outgoing,276768
2026-09-21T15:40:23.000938+00:00,369,r-scylla1,4,1,incoming,0
2026-09-21T15:40:23.000938+00:00,369,r-scylla1,4,1,outgoing,139000
2026-09-21T15:40:23.000938+00:00,369,r-scylla2,4,0,incoming,138384
2026-09-21T15:40:23.000938+00:00,369,r-scylla2,4,0,outgoing,138384
2026-09-21T15:40:23.000938+00:00,369,r-scylla2,4,1,incoming,290
2026-09-21T15:40:23.000938+00:00,369,r-scylla2,4,1,outgoing,138312
2026-09-21T15:40:23.000938+00:00,369,r-scylla3,4,0,incoming,138384
2026-09-21T15:40:23.000938+00:00,369,r-scylla3,4,0,outgoing,184392
2026-09-21T15:40:23.000938+00:00,369,r-scylla3,4,1,incoming,138710
2026-09-21T15:40:23.000938+00:00,369,r-scylla3,4,1,outgoing,506
2026-09-21T15:40:23.000938+00:00,369,r-scylla4,4,0,incoming,322776
2026-09-21T15:40:23.000938+00:00,369,r-scylla4,4,0,outgoing,0
2026-09-21T15:40:23.000938+00:00,369,r-scylla4,4,1,incoming,138818
2026-09-21T15:40:23.000938+00:00,369,r-scylla4,4,1,outgoing,0
2026-09-21T15:40:24.001399+00:00,370,r-scylla1,4,0,incoming,0
2026-09-21T15:40:24.001399+00:00,370,r-scylla1,4,0,outgoing,276768
2026-09-21T15:40:24.001399+00:00,370,r-scylla1,4,1,incoming,0
2026-09-21T15:40:24.001399+00:00,370,r-scylla1,4,1,outgoing,139000
2026-09-21T15:40:24.001399+00:00,370,r-scylla2,4,0,incoming,138384
2026-09-21T15:40:24.001399+00:00,370,r-scylla2,4,0,outgoing,138384
2026-09-21T15:40:24.001399+00:00,370,r-scylla2,4,1,incoming,290
2026-09-21T15:40:24.001399+00:00,370,r-scylla2,4,1,outgoing,138312
2026-09-21T15:40:24.001399+00:00,370,r-scylla3,4,0,incoming,138384
2026-09-21T15:40:24.001399+00:00,370,r-scylla3,4,0,outgoing,184392
2026-09-21T15:40:24.001399+00:00,370,r-scylla3,4,1,incoming,138710
2026-09-21T15:40:24.001399+00:00,370,r-scylla3,4,1,outgoing,506
2026-09-21T15:40:24.001399+00:00,370,r-scylla4,4,0,incoming,322776
2026-09-21T15:40:24.001399+00:00,370,r-scylla4,4,0,outgoing,0
2026-09-21T15:40:24.001399+00:00,370,r-scylla4,4,1,incoming,138818
2026-09-21T15:40:24.001399+00:00,370,r-scylla4,4,1,outgoing,0
2026-09-21T15:40:25.001951+00:00,371,r-scylla1,4,0,incoming,0
2026-09-21T15:40:25.001951+00:00,371,r-scylla1,4,0,outgoing,276768
2026-09-21T15:40:25.001951+00:00,371,r-scylla1,4,1,incoming,0
2026-09-21T15:40:25.001951+00:00,371,r-scylla1,4,1,outgoing,139000
2026-09-21T15:40:25.001951+00:00,371,r-scylla2,4,0,incoming,138384
2026-09-21T15:40:25.001951+00:00,371,r-scylla2,4,0,outgoing,138384
2026-09-21T15:40:25.001951+00:00,371,r-scylla2,4,1,incoming,290
2026-09-21T15:40:25.001951+00:00,371,r-scylla2,4,1,outgoing,138312
2026-09-21T15:40:25.001951+00:00,371,r-scylla3,4,0,incoming,138384
2026-09-21T15:40:25.001951+00:00,371,r-scylla3,4,0,outgoing,184392
2026-09-21T15:40:25.001951+00:00,371,r-scylla3,4,1,incoming,138710
2026-09-21T15:40:25.001951+00:00,371,r-scylla3,4,1,outgoing,506
2026-09-21T15:40:25.001951+00:00,371,r-scylla4,4,0,incoming,322776
2026-09-21T15:40:25.001951+00:00,371,r-scylla4,4,0,outgoing,0
2026-09-21T15:40:25.001951+00:00,371,r-scylla4,4,1,incoming,138818
2026-09-21T15:40:25.001951+00:00,371,r-scylla4,4,1,outgoing,0
2026-09-21T15:40:26.002315+00:00,372,r-scylla1,4,0,incoming,0
2026-09-21T15:40:26.002315+00:00,372,r-scylla1,4,0,outgoing,276768
2026-09-21T15:40:26.002315+00:00,372,r-scylla1,4,1,incoming,0
2026-09-21T15:40:26.002315+00:00,372,r-scylla1,4,1,outgoing,139000
2026-09-21T15:40:26.002315+00:00,372,r-scylla2,4,0,incoming,138384
2026-09-21T15:40:26.002315+00:00,372,r-scylla2,4,0,outgoing,138384
2026-09-21T15:40:26.002315+00:00,372,r-scylla2,4,1,incoming,290
2026-09-21T15:40:26.002315+00:00,372,r-scylla2,4,1,outgoing,138312
2026-09-21T15:40:26.002315+00:00,372,r-scylla3,4,0,incoming,138384
2026-09-21T15:40:26.002315+00:00,372,r-scylla3,4,0,outgoing,184392
2026-09-21T15:40:26.002315+00:00,372,r-scylla3,4,1,incoming,138710
2026-09-21T15:40:26.002315+00:00,372,r-scylla3,4,1,outgoing,506
2026-09-21T15:40:26.002315+00:00,372,r-scylla4,4,0,incoming,322776
2026-09-21T15:40:26.002315+00:00,372,r-scylla4,4,0,outgoing,0
2026-09-21T15:40:26.002315+00:00,372,r-scylla4,4,1,incoming,138818
2026-09-21T15:40:26.002315+00:00,372,r-scylla4,4,1,outgoing,0
2026-09-21T15:40:27.002790+00:00,373,r-scylla1,4,0,incoming,0
2026-09-21T15:40:27.002790+00:00,373,r-scylla1,4,0,outgoing,276768
2026-09-21T15:40:27.002790+00:00,373,r-scylla1,4,1,incoming,0
2026-09-21T15:40:27.002790+00:00,373,r-scylla1,4,1,outgoing,139000
2026-09-21T15:40:27.002790+00:00,373,r-scylla2,4,0,incoming,138384
2026-09-21T15:40:27.002790+00:00,373,r-scylla2,4,0,outgoing,138384
2026-09-21T15:40:27.002790+00:00,373,r-scylla2,4,1,incoming,290
2026-09-21T15:40:27.002790+00:00,373,r-scylla2,4,1,outgoing,138312
2026-09-21T15:40:27.002790+00:00,373,r-scylla3,4,0,incoming,138384
2026-09-21T15:40:27.002790+00:00,373,r-scylla3,4,0,outgoing,184392
2026-09-21T15:40:27.002790+00:00,373,r-scylla3,4,1,incoming,138710
2026-09-21T15:40:27.002790+00:00,373,r-scylla3,4,1,outgoing,506
2026-09-21T15:40:27.002790+00:00,373,r-scylla4,4,0,incoming,322776
2026-09-21T15:40:27.002790+00:00,373,r-scylla4,4,0,outgoing,0
2026-09-21T15:40:27.002790+00:00,373,r-scylla4,4,1,incoming,138818
2026-09-21T15:40:27.002790+00:00,373,r-scylla4,4,1,outgoing,0
2026-09-21T15:40:28.003154+00:00,374,r-scylla1,4,0,incoming,0
2026-09-21T15:40:28.003154+00:00,374,r-scylla1,4,0,outgoing,276768
2026-09-21T15:40:28.003154+00:00,374,r-scylla1,4,1,incoming,0
2026-09-21T15:40:28.003154+00:00,374,r-scylla1,4,1,outgoing,139000
2026-09-21T15:40:28.003154+00:00,374,r-scylla2,4,0,incoming,138384
2026-09-21T15:40:28.003154+00:00,374,r-scylla2,4,0,outgoing,138384
2026-09-21T15:40:28.003154+00:00,374,r-scylla2,4,1,incoming,290
2026-09-21T15:40:28.003154+00:00,374,r-scylla2,4,1,outgoing,138312
2026-09-21T15:40:28.003154+00:00,374,r-scylla3,4,0,incoming,138384
2026-09-21T15:40:28.003154+00:00,374,r-scylla3,4,0,outgoing,184392
2026-09-21T15:40:28.003154+00:00,374,r-scylla3,4,1,incoming,138710
2026-09-21T15:40:28.003154+00:00,374,r-scylla3,4,1,outgoing,506
2026-09-21T15:40:28.003154+00:00,374,r-scylla4,4,0,incoming,322776
2026-09-21T15:40:28.003154+00:00,374,r-scylla4,4,0,outgoing,0
2026-09-21T15:40:28.003154+00:00,374,r-scylla4,4,1,incoming,138818
2026-09-21T15:40:28.003154+00:00,374,r-scylla4,4,1,outgoing,0
2026-09-21T15:40:29.003535+00:00,375,r-scylla1,4,0,incoming,0
2026-09-21T15:40:29.003535+00:00,375,r-scylla1,4,0,outgoing,276768
2026-09-21T15:40:29.003535+00:00,375,r-scylla1,4,1,incoming,0
2026-09-21T15:40:29.003535+00:00,375,r-scylla1,4,1,outgoing,139000
2026-09-21T15:40:29.003535+00:00,375,r-scylla2,4,0,incoming,138384
2026-09-21T15:40:29.003535+00:00,375,r-scylla2,4,0,outgoing,138384
2026-09-21T15:40:29.003535+00:00,375,r-scylla2,4,1,incoming,290
2026-09-21T15:40:29.003535+00:00,375,r-scylla2,4,1,outgoing,138312
2026-09-21T15:40:29.003535+00:00,375,r-scylla3,4,0,incoming,138384
2026-09-21T15:40:29.003535+00:00,375,r-scylla3,4,0,outgoing,184392
2026-09-21T15:40:29.003535+00:00,375,r-scylla3,4,1,incoming,138710
2026-09-21T15:40:29.003535+00:00,375,r-scylla3,4,1,outgoing,506
2026-09-21T15:40:29.003535+00:00,375,r-scylla4,4,0,incoming,322776
2026-09-21T15:40:29.003535+00:00,375,r-scylla4,4,0,outgoing,0
2026-09-21T15:40:29.003535+00:00,375,r-scylla4,4,1,incoming,138818
2026-09-21T15:40:29.003535+00:00,375,r-scylla4,4,1,outgoing,0
2026-09-21T15:40:30.003986+00:00,376,r-scylla1,4,0,incoming,0
2026-09-21T15:40:30.003986+00:00,376,r-scylla1,4,0,outgoing,276768
2026-09-21T15:40:30.003986+00:00,376,r-scylla1,4,1,incoming,0
2026-09-21T15:40:30.003986+00:00,376,r-scylla1,4,1,outgoing,139000
2026-09-21T15:40:30.003986+00:00,376,r-scylla2,4,0,incoming,138384
2026-09-21T15:40:30.003986+00:00,376,r-scylla2,4,0,outgoing,138384
2026-09-21T15:40:30.003986+00:00,376,r-scylla2,4,1,incoming,290
2026-09-21T15:40:30.003986+00:00,376,r-scylla2,4,1,outgoing,138312
2026-09-21T15:40:30.003986+00:00,376,r-scylla3,4,0,incoming,138384
2026-09-21T15:40:30.003986+00:00,376,r-scylla3,4,0,outgoing,184392
2026-09-21T15:40:30.003986+00:00,376,r-scylla3,4,1,incoming,138710
2026-09-21T15:40:30.003986+00:00,376,r-scylla3,4,1,outgoing,506
2026-09-21T15:40:30.003986+00:00,376,r-scylla4,4,0,incoming,322776
2026-09-21T15:40:30.003986+00:00,376,r-scylla4,4,0,outgoing,0
2026-09-21T15:40:30.003986+00:00,376,r-scylla4,4,1,incoming,138818
2026-09-21T15:40:30.003986+00:00,376,r-scylla4,4,1,outgoing,0
2026-09-21T15:40:31.004327+00:00,377,r-scylla1,4,0,incoming,0
2026-09-21T15:40:31.004327+00:00,377,r-scylla1,4,0,outgoing,276768
2026-09-21T15:40:31.004327+00:00,377,r-scylla1,4,1,incoming,0
2026-09-21T15:40:31.004327+00:00,377,r-scylla1,4,1,outgoing,139000
2026-09-21T15:40:31.004327+00:00,377,r-scylla2,4,0,incoming,138384
2026-09-21T15:40:31.004327+00:00,377,r-scylla2,4,0,outgoing,138384
2026-09-21T15:40:31.004327+00:00,377,r-scylla2,4,1,incoming,290
2026-09-21T15:40:31.004327+00:00,377,r-scylla2,4,1,outgoing,138312
2026-09-21T15:40:31.004327+00:00,377,r-scylla3,4,0,incoming,138384
2026-09-21T15:40:31.004327+00:00,377,r-scylla3,4,0,outgoing,184392
2026-09-21T15:40:31.004327+00:00,377,r-scylla3,4,1,incoming,138710
2026-09-21T15:40:31.004327+00:00,377,r-scylla3,4,1,outgoing,506
2026-09-21T15:40:31.004327+00:00,377,r-scylla4,4,0,incoming,322776
2026-09-21T15:40:31.004327+00:00,377,r-scylla4,4,0,outgoing,0
2026-09-21T15:40:31.004327+00:00,377,r-scylla4,4,1,incoming,138818
2026-09-21T15:40:31.004327+00:00,377,r-scylla4,4,1,outgoing,0
2026-09-21T15:40:32.004578+00:00,378,r-scylla1,4,0,incoming,0
2026-09-21T15:40:32.004578+00:00,378,r-scylla1,4,0,outgoing,276768
2026-09-21T15:40:32.004578+00:00,378,r-scylla1,4,1,incoming,0
2026-09-21T15:40:32.004578+00:00,378,r-scylla1,4,1,outgoing,139000
2026-09-21T15:40:32.004578+00:00,378,r-scylla2,4,0,incoming,138384
2026-09-21T15:40:32.004578+00:00,378,r-scylla2,4,0,outgoing,138384
2026-09-21T15:40:32.004578+00:00,378,r-scylla2,4,1,incoming,290
2026-09-21T15:40:32.004578+00:00,378,r-scylla2,4,1,outgoing,138312
2026-09-21T15:40:32.004578+00:00,378,r-scylla3,4,0,incoming,138384
2026-09-21T15:40:32.004578+00:00,378,r-scylla3,4,0,outgoing,184392
2026-09-21T15:40:32.004578+00:00,378,r-scylla3,4,1,incoming,138710
2026-09-21T15:40:32.004578+00:00,378,r-scylla3,4,1,outgoing,506
2026-09-21T15:40:32.004578+00:00,378,r-scylla4,4,0,incoming,322776
2026-09-21T15:40:32.004578+00:00,378,r-scylla4,4,0,outgoing,0
2026-09-21T15:40:32.004578+00:00,378,r-scylla4,4,1,incoming,138818
2026-09-21T15:40:32.004578+00:00,378,r-scylla4,4,1,outgoing,0
2026-09-21T15:40:33.004970+00:00,379,r-scylla1,4,0,incoming,0
2026-09-21T15:40:33.004970+00:00,379,r-scylla1,4,0,outgoing,276768
2026-09-21T15:40:33.004970+00:00,379,r-scylla1,4,1,incoming,0
2026-09-21T15:40:33.004970+00:00,379,r-scylla1,4,1,outgoing,139000
2026-09-21T15:40:33.004970+00:00,379,r-scylla2,4,0,incoming,138384
2026-09-21T15:40:33.004970+00:00,379,r-scylla2,4,0,outgoing,138384
2026-09-21T15:40:33.004970+00:00,379,r-scylla2,4,1,incoming,290
2026-09-21T15:40:33.004970+00:00,379,r-scylla2,4,1,outgoing,138312
2026-09-21T15:40:33.004970+00:00,379,r-scylla3,4,0,incoming,138384
2026-09-21T15:40:33.004970+00:00,379,r-scylla3,4,0,outgoing,184392
2026-09-21T15:40:33.004970+00:00,379,r-scylla3,4,1,incoming,138710
2026-09-21T15:40:33.004970+00:00,379,r-scylla3,4,1,outgoing,506
2026-09-21T15:40:33.004970+00:00,379,r-scylla4,4,0,incoming,322776
2026-09-21T15:40:33.004970+00:00,379,r-scylla4,4,0,outgoing,0
2026-09-21T15:40:33.004970+00:00,379,r-scylla4,4,1,incoming,138818
2026-09-21T15:40:33.004970+00:00,379,r-scylla4,4,1,outgoing,0
2026-09-21T15:40:34.005210+00:00,380,r-scylla1,4,0,incoming,0
2026-09-21T15:40:34.005210+00:00,380,r-scylla1,4,0,outgoing,276768
2026-09-21T15:40:34.005210+00:00,380,r-scylla1,4,1,incoming,0
2026-09-21T15:40:34.005210+00:00,380,r-scylla1,4,1,outgoing,139000
2026-09-21T15:40:34.005210+00:00,380,r-scylla2,4,0,incoming,138384
2026-09-21T15:40:34.005210+00:00,380,r-scylla2,4,0,outgoing,138384
2026-09-21T15:40:34.005210+00:00,380,r-scylla2,4,1,incoming,290
2026-09-21T15:40:34.005210+00:00,380,r-scylla2,4,1,outgoing,138312
2026-09-21T15:40:34.005210+00:00,380,r-scylla3,4,0,incoming,138384
2026-09-21T15:40:34.005210+00:00,380,r-scylla3,4,0,outgoing,184392
2026-09-21T15:40:34.005210+00:00,380,r-scylla3,4,1,incoming,138710
2026-09-21T15:40:34.005210+00:00,380,r-scylla3,4,1,outgoing,506
2026-09-21T15:40:34.005210+00:00,380,r-scylla4,4,0,incoming,322776
2026-09-21T15:40:34.005210+00:00,380,r-scylla4,4,0,outgoing,0
2026-09-21T15:40:34.005210+00:00,380,r-scylla4,4,1,incoming,138818
2026-09-21T15:40:34.005210+00:00,380,r-scylla4,4,1,outgoing,0
2026-09-21T15:40:35.005509+00:00,381,r-scylla1,4,0,incoming,0
2026-09-21T15:40:35.005509+00:00,381,r-scylla1,4,0,outgoing,276768
2026-09-21T15:40:35.005509+00:00,381,r-scylla1,4,1,incoming,0
2026-09-21T15:40:35.005509+00:00,381,r-scylla1,4,1,outgoing,139000
2026-09-21T15:40:35.005509+00:00,381,r-scylla2,4,0,incoming,138384
2026-09-21T15:40:35.005509+00:00,381,r-scylla2,4,0,outgoing,138384
2026-09-21T15:40:35.005509+00:00,381,r-scylla2,4,1,incoming,290
2026-09-21T15:40:35.005509+00:00,381,r-scylla2,4,1,outgoing,138312
2026-09-21T15:40:35.005509+00:00,381,r-scylla3,4,0,incoming,138384
2026-09-21T15:40:35.005509+00:00,381,r-scylla3,4,0,outgoing,184392
2026-09-21T15:40:35.005509+00:00,381,r-scylla3,4,1,incoming,138710
2026-09-21T15:40:35.005509+00:00,381,r-scylla3,4,1,outgoing,506
2026-09-21T15:40:35.005509+00:00,381,r-scylla4,4,0,incoming,322776
2026-09-21T15:40:35.005509+00:00,381,r-scylla4,4,0,outgoing,0
2026-09-21T15:40:35.005509+00:00,381,r-scylla4,4,1,incoming,138818
2026-09-21T15:40:35.005509+00:00,381,r-scylla4,4,1,outgoing,0
2026-09-21T15:40:36.005707+00:00,382,r-scylla1,4,0,incoming,0
2026-09-21T15:40:36.005707+00:00,382,r-scylla1,4,0,outgoing,276768
2026-09-21T15:40:36.005707+00:00,382,r-scylla1,4,1,incoming,0
2026-09-21T15:40:36.005707+00:00,382,r-scylla1,4,1,outgoing,139000
2026-09-21T15:40:36.005707+00:00,382,r-scylla2,4,0,incoming,138384
2026-09-21T15:40:36.005707+00:00,382,r-scylla2,4,0,outgoing,138384
2026-09-21T15:40:36.005707+00:00,382,r-scylla2,4,1,incoming,290
2026-09-21T15:40:36.005707+00:00,382,r-scylla2,4,1,outgoing,138312
2026-09-21T15:40:36.005707+00:00,382,r-scylla3,4,0,incoming,138384
2026-09-21T15:40:36.005707+00:00,382,r-scylla3,4,0,outgoing,184392
2026-09-21T15:40:36.005707+00:00,382,r-scylla3,4,1,incoming,138710
2026-09-21T15:40:36.005707+00:00,382,r-scylla3,4,1,outgoing,506
2026-09-21T15:40:36.005707+00:00,382,r-scylla4,4,0,incoming,322776
2026-09-21T15:40:36.005707+00:00,382,r-scylla4,4,0,outgoing,0
2026-09-21T15:40:36.005707+00:00,382,r-scylla4,4,1,incoming,138818
2026-09-21T15:40:36.005707+00:00,382,r-scylla4,4,1,outgoing,0
2026-09-21T15:40:37.005885+00:00,383,r-scylla1,4,0,incoming,0
2026-09-21T15:40:37.005885+00:00,383,r-scylla1,4,0,outgoing,276768
2026-09-21T15:40:37.005885+00:00,383,r-scylla1,4,1,incoming,0
2026-09-21T15:40:37.005885+00:00,383,r-scylla1,4,1,outgoing,139000
2026-09-21T15:40:37.005885+00:00,383,r-scylla2,4,0,incoming,138384
2026-09-21T15:40:37.005885+00:00,383,r-scylla2,4,0,outgoing,138384
2026-09-21T15:40:37.005885+00:00,383,r-scylla2,4,1,incoming,290
2026-09-21T15:40:37.005885+00:00,383,r-scylla2,4,1,outgoing,138312
2026-09-21T15:40:37.005885+00:00,383,r-scylla3,4,0,incoming,138384
2026-09-21T15:40:37.005885+00:00,383,r-scylla3,4,0,outgoing,184392
2026-09-21T15:40:37.005885+00:00,383,r-scylla3,4,1,incoming,138710
2026-09-21T15:40:37.005885+00:00,383,r-scylla3,4,1,outgoing,506
2026-09-21T15:40:37.005885+00:00,383,r-scylla4,4,0,incoming,322776
2026-09-21T15:40:37.005885+00:00,383,r-scylla4,4,0,outgoing,0
2026-09-21T15:40:37.005885+00:00,383,r-scylla4,4,1,incoming,138818
2026-09-21T15:40:37.005885+00:00,383,r-scylla4,4,1,outgoing,0
2026-09-21T15:40:38.006129+00:00,384,r-scylla1,4,0,incoming,0
2026-09-21T15:40:38.006129+00:00,384,r-scylla1,4,0,outgoing,276768
2026-09-21T15:40:38.006129+00:00,384,r-scylla1,4,1,incoming,0
2026-09-21T15:40:38.006129+00:00,384,r-scylla1,4,1,outgoing,139000
2026-09-21T15:40:38.006129+00:00,384,r-scylla2,4,0,incoming,138384
2026-09-21T15:40:38.006129+00:00,384,r-scylla2,4,0,outgoing,138384
2026-09-21T15:40:38.006129+00:00,384,r-scylla2,4,1,incoming,290
2026-09-21T15:40:38.006129+00:00,384,r-scylla2,4,1,outgoing,138312
2026-09-21T15:40:38.006129+00:00,384,r-scylla3,4,0,incoming,138384
2026-09-21T15:40:38.006129+00:00,384,r-scylla3,4,0,outgoing,184392
2026-09-21T15:40:38.006129+00:00,384,r-scylla3,4,1,incoming,138710
2026-09-21T15:40:38.006129+00:00,384,r-scylla3,4,1,outgoing,506
2026-09-21T15:40:38.006129+00:00,384,r-scylla4,4,0,incoming,322776
2026-09-21T15:40:38.006129+00:00,384,r-scylla4,4,0,outgoing,0
2026-09-21T15:40:38.006129+00:00,384,r-scylla4,4,1,incoming,138818
2026-09-21T15:40:38.006129+00:00,384,r-scylla4,4,1,outgoing,0
2026-09-21T15:40:39.006350+00:00,385,r-scylla1,4,0,incoming,0
2026-09-21T15:40:39.006350+00:00,385,r-scylla1,4,0,outgoing,276768
2026-09-21T15:40:39.006350+00:00,385,r-scylla1,4,1,incoming,0
2026-09-21T15:40:39.006350+00:00,385,r-scylla1,4,1,outgoing,139000
2026-09-21T15:40:39.006350+00:00,385,r-scylla2,4,0,incoming,138384
2026-09-21T15:40:39.006350+00:00,385,r-scylla2,4,0,outgoing,138384
2026-09-21T15:40:39.006350+00:00,385,r-scylla2,4,1,incoming,290
2026-09-21T15:40:39.006350+00:00,385,r-scylla2,4,1,outgoing,138312
2026-09-21T15:40:39.006350+00:00,385,r-scylla3,4,0,incoming,138384
2026-09-21T15:40:39.006350+00:00,385,r-scylla3,4,0,outgoing,184392
2026-09-21T15:40:39.006350+00:00,385,r-scylla3,4,1,incoming,138710
2026-09-21T15:40:39.006350+00:00,385,r-scylla3,4,1,outgoing,506
2026-09-21T15:40:39.006350+00:00,385,r-scylla4,4,0,incoming,322776
2026-09-21T15:40:39.006350+00:00,385,r-scylla4,4,0,outgoing,0
2026-09-21T15:40:39.006350+00:00,385,r-scylla4,4,1,incoming,138818
2026-09-21T15:40:39.006350+00:00,385,r-scylla4,4,1,outgoing,0
2026-09-21T15:40:40.006578+00:00,386,r-scylla1,4,0,incoming,0
2026-09-21T15:40:40.006578+00:00,386,r-scylla1,4,0,outgoing,276768
2026-09-21T15:40:40.006578+00:00,386,r-scylla1,4,1,incoming,0
2026-09-21T15:40:40.006578+00:00,386,r-scylla1,4,1,outgoing,139000
2026-09-21T15:40:40.006578+00:00,386,r-scylla2,4,0,incoming,138384
2026-09-21T15:40:40.006578+00:00,386,r-scylla2,4,0,outgoing,138384
2026-09-21T15:40:40.006578+00:00,386,r-scylla2,4,1,incoming,290
2026-09-21T15:40:40.006578+00:00,386,r-scylla2,4,1,outgoing,138312
2026-09-21T15:40:40.006578+00:00,386,r-scylla3,4,0,incoming,138384
2026-09-21T15:40:40.006578+00:00,386,r-scylla3,4,0,outgoing,184392
2026-09-21T15:40:40.006578+00:00,386,r-scylla3,4,1,incoming,138710
2026-09-21T15:40:40.006578+00:00,386,r-scylla3,4,1,outgoing,506
2026-09-21T15:40:40.006578+00:00,386,r-scylla4,4,0,incoming,322776
2026-09-21T15:40:40.006578+00:00,386,r-scylla4,4,0,outgoing,0
2026-09-21T15:40:40.006578+00:00,386,r-scylla4,4,1,incoming,138818
2026-09-21T15:40:40.006578+00:00,386,r-scylla4,4,1,outgoing,0
2026-09-21T15:40:41.006926+00:00,387,r-scylla1,4,0,incoming,0
2026-09-21T15:40:41.006926+00:00,387,r-scylla1,4,0,outgoing,276768
2026-09-21T15:40:41.006926+00:00,387,r-scylla1,4,1,incoming,0
2026-09-21T15:40:41.006926+00:00,387,r-scylla1,4,1,outgoing,139000
2026-09-21T15:40:41.006926+00:00,387,r-scylla2,4,0,incoming,138384
2026-09-21T15:40:41.006926+00:00,387,r-scylla2,4,0,outgoing,138384
2026-09-21T15:40:41.006926+00:00,387,r-scylla2,4,1,incoming,290
2026-09-21T15:40:41.006926+00:00,387,r-scylla2,4,1,outgoing,138312
2026-09-21T15:40:41.006926+00:00,387,r-scylla3,4,0,incoming,138384
2026-09-21T15:40:41.006926+00:00,387,r-scylla3,4,0,outgoing,184392
2026-09-21T15:40:41.006926+00:00,387,r-scylla3,4,1,incoming,138710
2026-09-21T15:40:41.006926+00:00,387,r-scylla3,4,1,outgoing,506
2026-09-21T15:40:41.006926+00:00,387,r-scylla4,4,0,incoming,322776
2026-09-21T15:40:41.006926+00:00,387,r-scylla4,4,0,outgoing,0
2026-09-21T15:40:41.006926+00:00,387,r-scylla4,4,1,incoming,138818
2026-09-21T15:40:41.006926+00:00,387,r-scylla4,4,1,outgoing,0
2026-09-21T15:40:42.007263+00:00,388,r-scylla1,4,0,incoming,0
2026-09-21T15:40:42.007263+00:00,388,r-scylla1,4,0,outgoing,276768
2026-09-21T15:40:42.007263+00:00,388,r-scylla1,4,1,incoming,0
2026-09-21T15:40:42.007263+00:00,388,r-scylla1,4,1,outgoing,139000
2026-09-21T15:40:42.007263+00:00,388,r-scylla2,4,0,incoming,138384
2026-09-21T15:40:42.007263+00:00,388,r-scylla2,4,0,outgoing,138384
2026-09-21T15:40:42.007263+00:00,388,r-scylla2,4,1,incoming,290
2026-09-21T15:40:42.007263+00:00,388,r-scylla2,4,1,outgoing,138312
2026-09-21T15:40:42.007263+00:00,388,r-scylla3,4,0,incoming,138384
2026-09-21T15:40:42.007263+00:00,388,r-scylla3,4,0,outgoing,184392
2026-09-21T15:40:42.007263+00:00,388,r-scylla3,4,1,incoming,138710
2026-09-21T15:40:42.007263+00:00,388,r-scylla3,4,1,outgoing,506
2026-09-21T15:40:42.007263+00:00,388,r-scylla4,4,0,incoming,322776
2026-09-21T15:40:42.007263+00:00,388,r-scylla4,4,0,outgoing,0
2026-09-21T15:40:42.007263+00:00,388,r-scylla4,4,1,incoming,138818
2026-09-21T15:40:42.007263+00:00,388,r-scylla4,4,1,outgoing,0
2026-09-21T15:40:43.007480+00:00,389,r-scylla1,4,0,incoming,0
2026-09-21T15:40:43.007480+00:00,389,r-scylla1,4,0,outgoing,276768
2026-09-21T15:40:43.007480+00:00,389,r-scylla1,4,1,incoming,0
2026-09-21T15:40:43.007480+00:00,389,r-scylla1,4,1,outgoing,139000
2026-09-21T15:40:43.007480+00:00,389,r-scylla2,4,0,incoming,138384
2026-09-21T15:40:43.007480+00:00,389,r-scylla2,4,0,outgoing,138384
2026-09-21T15:40:43.007480+00:00,389,r-scylla2,4,1,incoming,290
2026-09-21T15:40:43.007480+00:00,389,r-scylla2,4,1,outgoing,138312
2026-09-21T15:40:43.007480+00:00,389,r-scylla3,4,0,incoming,138384
2026-09-21T15:40:43.007480+00:00,389,r-scylla3,4,0,outgoing,184392
2026-09-21T15:40:43.007480+00:00,389,r-scylla3,4,1,incoming,138710
2026-09-21T15:40:43.007480+00:00,389,r-scylla3,4,1,outgoing,506
2026-09-21T15:40:43.007480+00:00,389,r-scylla4,4,0,incoming,322776
2026-09-21T15:40:43.007480+00:00,389,r-scylla4,4,0,outgoing,0
2026-09-21T15:40:43.007480+00:00,389,r-scylla4,4,1,incoming,138818
2026-09-21T15:40:43.007480+00:00,389,r-scylla4,4,1,outgoing,0
2026-09-21T15:40:44.007781+00:00,390,r-scylla1,4,0,incoming,0
2026-09-21T15:40:44.007781+00:00,390,r-scylla1,4,0,outgoing,276768
2026-09-21T15:40:44.007781+00:00,390,r-scylla1,4,1,incoming,0
2026-09-21T15:40:44.007781+00:00,390,r-scylla1,4,1,outgoing,139000
2026-09-21T15:40:44.007781+00:00,390,r-scylla2,4,0,incoming,138384
2026-09-21T15:40:44.007781+00:00,390,r-scylla2,4,0,outgoing,138384
2026-09-21T15:40:44.007781+00:00,390,r-scylla2,4,1,incoming,290
2026-09-21T15:40:44.007781+00:00,390,r-scylla2,4,1,outgoing,138312
2026-09-21T15:40:44.007781+00:00,390,r-scylla3,4,0,incoming,138384
2026-09-21T15:40:44.007781+00:00,390,r-scylla3,4,0,outgoing,184392
2026-09-21T15:40:44.007781+00:00,390,r-scylla3,4,1,incoming,138710
2026-09-21T15:40:44.007781+00:00,390,r-scylla3,4,1,outgoing,506
2026-09-21T15:40:44.007781+00:00,390,r-scylla4,4,0,incoming,322776
2026-09-21T15:40:44.007781+00:00,390,r-scylla4,4,0,outgoing,0
2026-09-21T15:40:44.007781+00:00,390,r-scylla4,4,1,incoming,138818
2026-09-21T15:40:44.007781+00:00,390,r-scylla4,4,1,outgoing,0
2026-09-21T15:40:45.008274+00:00,391,r-scylla1,4,0,incoming,0
2026-09-21T15:40:45.008274+00:00,391,r-scylla1,4,0,outgoing,276768
2026-09-21T15:40:45.008274+00:00,391,r-scylla1,4,1,incoming,0
2026-09-21T15:40:45.008274+00:00,391,r-scylla1,4,1,outgoing,139000
2026-09-21T15:40:45.008274+00:00,391,r-scylla2,4,0,incoming,138384
2026-09-21T15:40:45.008274+00:00,391,r-scylla2,4,0,outgoing,138384
2026-09-21T15:40:45.008274+00:00,391,r-scylla2,4,1,incoming,290
2026-09-21T15:40:45.008274+00:00,391,r-scylla2,4,1,outgoing,138312
2026-09-21T15:40:45.008274+00:00,391,r-scylla3,4,0,incoming,138384
2026-09-21T15:40:45.008274+00:00,391,r-scylla3,4,0,outgoing,184392
2026-09-21T15:40:45.008274+00:00,391,r-scylla3,4,1,incoming,138710
2026-09-21T15:40:45.008274+00:00,391,r-scylla3,4,1,outgoing,506
2026-09-21T15:40:45.008274+00:00,391,r-scylla4,4,0,incoming,322776
2026-09-21T15:40:45.008274+00:00,391,r-scylla4,4,0,outgoing,0
2026-09-21T15:40:45.008274+00:00,391,r-scylla4,4,1,incoming,138818
2026-09-21T15:40:45.008274+00:00,391,r-scylla4,4,1,outgoing,0
2026-09-21T15:40:46.008606+00:00,392,r-scylla1,4,0,incoming,0
2026-09-21T15:40:46.008606+00:00,392,r-scylla1,4,0,outgoing,276768
2026-09-21T15:40:46.008606+00:00,392,r-scylla1,4,1,incoming,0
2026-09-21T15:40:46.008606+00:00,392,r-scylla1,4,1,outgoing,139000
2026-09-21T15:40:46.008606+00:00,392,r-scylla2,4,0,incoming,138384
2026-09-21T15:40:46.008606+00:00,392,r-scylla2,4,0,outgoing,138384
2026-09-21T15:40:46.008606+00:00,392,r-scylla2,4,1,incoming,290
2026-09-21T15:40:46.008606+00:00,392,r-scylla2,4,1,outgoing,138312
2026-09-21T15:40:46.008606+00:00,392,r-scylla3,4,0,incoming,138384
2026-09-21T15:40:46.008606+00:00,392,r-scylla3,4,0,outgoing,184392
2026-09-21T15:40:46.008606+00:00,392,r-scylla3,4,1,incoming,138710
2026-09-21T15:40:46.008606+00:00,392,r-scylla3,4,1,outgoing,506
2026-09-21T15:40:46.008606+00:00,392,r-scylla4,4,0,incoming,322776
2026-09-21T15:40:46.008606+00:00,392,r-scylla4,4,0,outgoing,0
2026-09-21T15:40:46.008606+00:00,392,r-scylla4,4,1,incoming,138818
2026-09-21T15:40:46.008606+00:00,392,r-scylla4,4,1,outgoing,0
2026-09-21T15:40:47.008988+00:00,393,r-scylla1,4,0,incoming,0
2026-09-21T15:40:47.008988+00:00,393,r-scylla1,4,0,outgoing,276768
2026-09-21T15:40:47.008988+00:00,393,r-scylla1,4,1,incoming,0
2026-09-21T15:40:47.008988+00:00,393,r-scylla1,4,1,outgoing,139000
2026-09-21T15:40:47.008988+00:00,393,r-scylla2,4,0,incoming,138384
2026-09-21T15:40:47.008988+00:00,393,r-scylla2,4,0,outgoing,138384
2026-09-21T15:40:47.008988+00:00,393,r-scylla2,4,1,incoming,290
2026-09-21T15:40:47.008988+00:00,393,r-scylla2,4,1,outgoing,138312
2026-09-21T15:40:47.008988+00:00,393,r-scylla3,4,0,incoming,138384
2026-09-21T15:40:47.008988+00:00,393,r-scylla3,4,0,outgoing,184392
2026-09-21T15:40:47.008988+00:00,393,r-scylla3,4,1,incoming,138710
2026-09-21T15:40:47.008988+00:00,393,r-scylla3,4,1,outgoing,506
2026-09-21T15:40:47.008988+00:00,393,r-scylla4,4,0,incoming,322776
2026-09-21T15:40:47.008988+00:00,393,r-scylla4,4,0,outgoing,0
2026-09-21T15:40:47.008988+00:00,393,r-scylla4,4,1,incoming,138818
2026-09-21T15:40:47.008988+00:00,393,r-scylla4,4,1,outgoing,0
2026-09-21T15:40:48.009294+00:00,394,r-scylla1,4,0,incoming,0
2026-09-21T15:40:48.009294+00:00,394,r-scylla1,4,0,outgoing,276768
2026-09-21T15:40:48.009294+00:00,394,r-scylla1,4,1,incoming,0
2026-09-21T15:40:48.009294+00:00,394,r-scylla1,4,1,outgoing,139000
2026-09-21T15:40:48.009294+00:00,394,r-scylla2,4,0,incoming,138384
2026-09-21T15:40:48.009294+00:00,394,r-scylla2,4,0,outgoing,138384
2026-09-21T15:40:48.009294+00:00,394,r-scylla2,4,1,incoming,290
2026-09-21T15:40:48.009294+00:00,394,r-scylla2,4,1,outgoing,138312
2026-09-21T15:40:48.009294+00:00,394,r-scylla3,4,0,incoming,138384
2026-09-21T15:40:48.009294+00:00,394,r-scylla3,4,0,outgoing,184392
2026-09-21T15:40:48.009294+00:00,394,r-scylla3,4,1,incoming,138710
2026-09-21T15:40:48.009294+00:00,394,r-scylla3,4,1,outgoing,506
2026-09-21T15:40:48.009294+00:00,394,r-scylla4,4,0,incoming,322776
2026-09-21T15:40:48.009294+00:00,394,r-scylla4,4,0,outgoing,0
2026-09-21T15:40:48.009294+00:00,394,r-scylla4,4,1,incoming,138818
2026-09-21T15:40:48.009294+00:00,394,r-scylla4,4,1,outgoing,0
2026-09-21T15:40:49.009600+00:00,395,r-scylla1,4,0,incoming,0
2026-09-21T15:40:49.009600+00:00,395,r-scylla1,4,0,outgoing,276768
2026-09-21T15:40:49.009600+00:00,395,r-scylla1,4,1,incoming,0
2026-09-21T15:40:49.009600+00:00,395,r-scylla1,4,1,outgoing,139000
2026-09-21T15:40:49.009600+00:00,395,r-scylla2,4,0,incoming,138384
2026-09-21T15:40:49.009600+00:00,395,r-scylla2,4,0,outgoing,138384
2026-09-21T15:40:49.009600+00:00,395,r-scylla2,4,1,incoming,290
2026-09-21T15:40:49.009600+00:00,395,r-scylla2,4,1,outgoing,138312
2026-09-21T15:40:49.009600+00:00,395,r-scylla3,4,0,incoming,138384
2026-09-21T15:40:49.009600+00:00,395,r-scylla3,4,0,outgoing,184392
2026-09-21T15:40:49.009600+00:00,395,r-scylla3,4,1,incoming,138710
2026-09-21T15:40:49.009600+00:00,395,r-scylla3,4,1,outgoing,506
2026-09-21T15:40:49.009600+00:00,395,r-scylla4,4,0,incoming,322776
2026-09-21T15:40:49.009600+00:00,395,r-scylla4,4,0,outgoing,0
2026-09-21T15:40:49.009600+00:00,395,r-scylla4,4,1,incoming,138818
2026-09-21T15:40:49.009600+00:00,395,r-scylla4,4,1,outgoing,0
2026-09-21T15:40:50.007565+00:00,396,r-scylla1,4,0,incoming,0
2026-09-21T15:40:50.007565+00:00,396,r-scylla1,4,0,outgoing,276768
2026-09-21T15:40:50.007565+00:00,396,r-scylla1,4,1,incoming,0
2026-09-21T15:40:50.007565+00:00,396,r-scylla1,4,1,outgoing,139000
2026-09-21T15:40:50.007565+00:00,396,r-scylla2,4,0,incoming,138384
2026-09-21T15:40:50.007565+00:00,396,r-scylla2,4,0,outgoing,138384
2026-09-21T15:40:50.007565+00:00,396,r-scylla2,4,1,incoming,290
2026-09-21T15:40:50.007565+00:00,396,r-scylla2,4,1,outgoing,138312
2026-09-21T15:40:50.007565+00:00,396,r-scylla3,4,0,incoming,138384
2026-09-21T15:40:50.007565+00:00,396,r-scylla3,4,0,outgoing,184392
2026-09-21T15:40:50.007565+00:00,396,r-scylla3,4,1,incoming,138710
2026-09-21T15:40:50.007565+00:00,396,r-scylla3,4,1,outgoing,506
2026-09-21T15:40:50.007565+00:00,396,r-scylla4,4,0,incoming,322776
2026-09-21T15:40:50.007565+00:00,396,r-scylla4,4,0,outgoing,0
2026-09-21T15:40:50.007565+00:00,396,r-scylla4,4,1,incoming,138818
2026-09-21T15:40:50.007565+00:00,396,r-scylla4,4,1,outgoing,0
2026-09-21T15:40:51.007823+00:00,397,r-scylla1,4,0,incoming,0
2026-09-21T15:40:51.007823+00:00,397,r-scylla1,4,0,outgoing,276768
2026-09-21T15:40:51.007823+00:00,397,r-scylla1,4,1,incoming,0
2026-09-21T15:40:51.007823+00:00,397,r-scylla1,4,1,outgoing,139000
2026-09-21T15:40:51.007823+00:00,397,r-scylla2,4,0,incoming,138384
2026-09-21T15:40:51.007823+00:00,397,r-scylla2,4,0,outgoing,138384
2026-09-21T15:40:51.007823+00:00,397,r-scylla2,4,1,incoming,290
2026-09-21T15:40:51.007823+00:00,397,r-scylla2,4,1,outgoing,138312
2026-09-21T15:40:51.007823+00:00,397,r-scylla3,4,0,incoming,138384
2026-09-21T15:40:51.007823+00:00,397,r-scylla3,4,0,outgoing,184392
2026-09-21T15:40:51.007823+00:00,397,r-scylla3,4,1,incoming,138710
2026-09-21T15:40:51.007823+00:00,397,r-scylla3,4,1,outgoing,506
2026-09-21T15:40:51.007823+00:00,397,r-scylla4,4,0,incoming,322776
2026-09-21T15:40:51.007823+00:00,397,r-scylla4,4,0,outgoing,0
2026-09-21T15:40:51.007823+00:00,397,r-scylla4,4,1,incoming,138818
2026-09-21T15:40:51.007823+00:00,397,r-scylla4,4,1,outgoing,0
2026-09-21T15:40:52.008006+00:00,398,r-scylla1,4,0,incoming,0
2026-09-21T15:40:52.008006+00:00,398,r-scylla1,4,0,outgoing,276768
2026-09-21T15:40:52.008006+00:00,398,r-scylla1,4,1,incoming,0
2026-09-21T15:40:52.008006+00:00,398,r-scylla1,4,1,outgoing,139000
2026-09-21T15:40:52.008006+00:00,398,r-scylla2,4,0,incoming,138384
2026-09-21T15:40:52.008006+00:00,398,r-scylla2,4,0,outgoing,138384
2026-09-21T15:40:52.008006+00:00,398,r-scylla2,4,1,incoming,290
2026-09-21T15:40:52.008006+00:00,398,r-scylla2,4,1,outgoing,138312
2026-09-21T15:40:52.008006+00:00,398,r-scylla3,4,0,incoming,138384
2026-09-21T15:40:52.008006+00:00,398,r-scylla3,4,0,outgoing,184392
2026-09-21T15:40:52.008006+00:00,398,r-scylla3,4,1,incoming,138710
2026-09-21T15:40:52.008006+00:00,398,r-scylla3,4,1,outgoing,506
2026-09-21T15:40:52.008006+00:00,398,r-scylla4,4,0,incoming,322776
2026-09-21T15:40:52.008006+00:00,398,r-scylla4,4,0,outgoing,0
2026-09-21T15:40:52.008006+00:00,398,r-scylla4,4,1,incoming,138818
2026-09-21T15:40:52.008006+00:00,398,r-scylla4,4,1,outgoing,0
2026-09-21T15:40:53.008194+00:00,399,r-scylla1,4,0,incoming,0
2026-09-21T15:40:53.008194+00:00,399,r-scylla1,4,0,outgoing,276768
2026-09-21T15:40:53.008194+00:00,399,r-scylla1,4,1,incoming,0
2026-09-21T15:40:53.008194+00:00,399,r-scylla1,4,1,outgoing,139000
2026-09-21T15:40:53.008194+00:00,399,r-scylla2,4,0,incoming,138384
2026-09-21T15:40:53.008194+00:00,399,r-scylla2,4,0,outgoing,138384
2026-09-21T15:40:53.008194+00:00,399,r-scylla2,4,1,incoming,290
2026-09-21T15:40:53.008194+00:00,399,r-scylla2,4,1,outgoing,138312
2026-09-21T15:40:53.008194+00:00,399,r-scylla3,4,0,incoming,138384
2026-09-21T15:40:53.008194+00:00,399,r-scylla3,4,0,outgoing,184392
2026-09-21T15:40:53.008194+00:00,399,r-scylla3,4,1,incoming,138710
2026-09-21T15:40:53.008194+00:00,399,r-scylla3,4,1,outgoing,506
2026-09-21T15:40:53.008194+00:00,399,r-scylla4,4,0,incoming,322776
2026-09-21T15:40:53.008194+00:00,399,r-scylla4,4,0,outgoing,0
2026-09-21T15:40:53.008194+00:00,399,r-scylla4,4,1,incoming,138818
2026-09-21T15:40:53.008194+00:00,399,r-scylla4,4,1,outgoing,0
2026-09-21T15:40:54.008420+00:00,400,r-scylla1,4,0,incoming,0
2026-09-21T15:40:54.008420+00:00,400,r-scylla1,4,0,outgoing,276768
2026-09-21T15:40:54.008420+00:00,400,r-scylla1,4,1,incoming,0
2026-09-21T15:40:54.008420+00:00,400,r-scylla1,4,1,outgoing,139000
2026-09-21T15:40:54.008420+00:00,400,r-scylla2,4,0,incoming,138384
2026-09-21T15:40:54.008420+00:00,400,r-scylla2,4,0,outgoing,138384
2026-09-21T15:40:54.008420+00:00,400,r-scylla2,4,1,incoming,290
2026-09-21T15:40:54.008420+00:00,400,r-scylla2,4,1,outgoing,138312
2026-09-21T15:40:54.008420+00:00,400,r-scylla3,4,0,incoming,138384
2026-09-21T15:40:54.008420+00:00,400,r-scylla3,4,0,outgoing,184392
2026-09-21T15:40:54.008420+00:00,400,r-scylla3,4,1,incoming,138710
2026-09-21T15:40:54.008420+00:00,400,r-scylla3,4,1,outgoing,506
2026-09-21T15:40:54.008420+00:00,400,r-scylla4,4,0,incoming,322776
2026-09-21T15:40:54.008420+00:00,400,r-scylla4,4,0,outgoing,0
2026-09-21T15:40:54.008420+00:00,400,r-scylla4,4,1,incoming,138818
2026-09-21T15:40:54.008420+00:00,400,r-scylla4,4,1,outgoing,0
2026-09-21T15:40:55.008719+00:00,401,r-scylla1,4,0,incoming,0
2026-09-21T15:40:55.008719+00:00,401,r-scylla1,4,0,outgoing,276768
2026-09-21T15:40:55.008719+00:00,401,r-scylla1,4,1,incoming,0
2026-09-21T15:40:55.008719+00:00,401,r-scylla1,4,1,outgoing,139000
2026-09-21T15:40:55.008719+00:00,401,r-scylla2,4,0,incoming,138384
2026-09-21T15:40:55.008719+00:00,401,r-scylla2,4,0,outgoing,138384
2026-09-21T15:40:55.008719+00:00,401,r-scylla2,4,1,incoming,290
2026-09-21T15:40:55.008719+00:00,401,r-scylla2,4,1,outgoing,138312
2026-09-21T15:40:55.008719+00:00,401,r-scylla3,4,0,incoming,138384
2026-09-21T15:40:55.008719+00:00,401,r-scylla3,4,0,outgoing,184392
2026-09-21T15:40:55.008719+00:00,401,r-scylla3,4,1,incoming,138710
2026-09-21T15:40:55.008719+00:00,401,r-scylla3,4,1,outgoing,506
2026-09-21T15:40:55.008719+00:00,401,r-scylla4,4,0,incoming,322776
2026-09-21T15:40:55.008719+00:00,401,r-scylla4,4,0,outgoing,0
2026-09-21T15:40:55.008719+00:00,401,r-scylla4,4,1,incoming,138818
2026-09-21T15:40:55.008719+00:00,401,r-scylla4,4,1,outgoing,0
2026-09-21T15:40:56.008847+00:00,402,r-scylla1,4,0,incoming,0
2026-09-21T15:40:56.008847+00:00,402,r-scylla1,4,0,outgoing,276768
2026-09-21T15:40:56.008847+00:00,402,r-scylla1,4,1,incoming,0
2026-09-21T15:40:56.008847+00:00,402,r-scylla1,4,1,outgoing,139000
2026-09-21T15:40:56.008847+00:00,402,r-scylla2,4,0,incoming,138384
2026-09-21T15:40:56.008847+00:00,402,r-scylla2,4,0,outgoing,138384
2026-09-21T15:40:56.008847+00:00,402,r-scylla2,4,1,incoming,290
2026-09-21T15:40:56.008847+00:00,402,r-scylla2,4,1,outgoing,138312
2026-09-21T15:40:56.008847+00:00,402,r-scylla3,4,0,incoming,138384
2026-09-21T15:40:56.008847+00:00,402,r-scylla3,4,0,outgoing,184392
2026-09-21T15:40:56.008847+00:00,402,r-scylla3,4,1,incoming,138710
2026-09-21T15:40:56.008847+00:00,402,r-scylla3,4,1,outgoing,506
2026-09-21T15:40:56.008847+00:00,402,r-scylla4,4,0,incoming,322776
2026-09-21T15:40:56.008847+00:00,402,r-scylla4,4,0,outgoing,0
2026-09-21T15:40:56.008847+00:00,402,r-scylla4,4,1,incoming,138818
2026-09-21T15:40:56.008847+00:00,402,r-scylla4,4,1,outgoing,0
2026-09-21T15:40:57.009180+00:00,403,r-scylla1,4,0,incoming,0
2026-09-21T15:40:57.009180+00:00,403,r-scylla1,4,0,outgoing,276768
2026-09-21T15:40:57.009180+00:00,403,r-scylla1,4,1,incoming,0
2026-09-21T15:40:57.009180+00:00,403,r-scylla1,4,1,outgoing,139000
2026-09-21T15:40:57.009180+00:00,403,r-scylla2,4,0,incoming,138384
2026-09-21T15:40:57.009180+00:00,403,r-scylla2,4,0,outgoing,138384
2026-09-21T15:40:57.009180+00:00,403,r-scylla2,4,1,incoming,290
2026-09-21T15:40:57.009180+00:00,403,r-scylla2,4,1,outgoing,138312
2026-09-21T15:40:57.009180+00:00,403,r-scylla3,4,0,incoming,138384
2026-09-21T15:40:57.009180+00:00,403,r-scylla3,4,0,outgoing,184392
2026-09-21T15:40:57.009180+00:00,403,r-scylla3,4,1,incoming,138710
2026-09-21T15:40:57.009180+00:00,403,r-scylla3,4,1,outgoing,506
2026-09-21T15:40:57.009180+00:00,403,r-scylla4,4,0,incoming,322776
2026-09-21T15:40:57.009180+00:00,403,r-scylla4,4,0,outgoing,0
2026-09-21T15:40:57.009180+00:00,403,r-scylla4,4,1,incoming,138818
2026-09-21T15:40:57.009180+00:00,403,r-scylla4,4,1,outgoing,0
2026-09-21T15:40:58.009375+00:00,404,r-scylla1,4,0,incoming,0
2026-09-21T15:40:58.009375+00:00,404,r-scylla1,4,0,outgoing,276768
2026-09-21T15:40:58.009375+00:00,404,r-scylla1,4,1,incoming,0
2026-09-21T15:40:58.009375+00:00,404,r-scylla1,4,1,outgoing,139000
2026-09-21T15:40:58.009375+00:00,404,r-scylla2,4,0,incoming,138384
2026-09-21T15:40:58.009375+00:00,404,r-scylla2,4,0,outgoing,138384
2026-09-21T15:40:58.009375+00:00,404,r-scylla2,4,1,incoming,290
2026-09-21T15:40:58.009375+00:00,404,r-scylla2,4,1,outgoing,138312
2026-09-21T15:40:58.009375+00:00,404,r-scylla3,4,0,incoming,138384
2026-09-21T15:40:58.009375+00:00,404,r-scylla3,4,0,outgoing,184392
2026-09-21T15:40:58.009375+00:00,404,r-scylla3,4,1,incoming,138710
2026-09-21T15:40:58.009375+00:00,404,r-scylla3,4,1,outgoing,506
2026-09-21T15:40:58.009375+00:00,404,r-scylla4,4,0,incoming,322776
2026-09-21T15:40:58.009375+00:00,404,r-scylla4,4,0,outgoing,0
2026-09-21T15:40:58.009375+00:00,404,r-scylla4,4,1,incoming,138818
2026-09-21T15:40:58.009375+00:00,404,r-scylla4,4,1,outgoing,0
2026-09-21T15:40:59.009696+00:00,405,r-scylla1,4,0,incoming,0
2026-09-21T15:40:59.009696+00:00,405,r-scylla1,4,0,outgoing,276768
2026-09-21T15:40:59.009696+00:00,405,r-scylla1,4,1,incoming,0
2026-09-21T15:40:59.009696+00:00,405,r-scylla1,4,1,outgoing,139000
2026-09-21T15:40:59.009696+00:00,405,r-scylla2,4,0,incoming,138384
2026-09-21T15:40:59.009696+00:00,405,r-scylla2,4,0,outgoing,138384
2026-09-21T15:40:59.009696+00:00,405,r-scylla2,4,1,incoming,290
2026-09-21T15:40:59.009696+00:00,405,r-scylla2,4,1,outgoing,138312
2026-09-21T15:40:59.009696+00:00,405,r-scylla3,4,0,incoming,138384
2026-09-21T15:40:59.009696+00:00,405,r-scylla3,4,0,outgoing,184392
2026-09-21T15:40:59.009696+00:00,405,r-scylla3,4,1,incoming,138710
2026-09-21T15:40:59.009696+00:00,405,r-scylla3,4,1,outgoing,506
2026-09-21T15:40:59.009696+00:00,405,r-scylla4,4,0,incoming,322776
2026-09-21T15:40:59.009696+00:00,405,r-scylla4,4,0,outgoing,0
2026-09-21T15:40:59.009696+00:00,405,r-scylla4,4,1,incoming,138818
2026-09-21T15:40:59.009696+00:00,405,r-scylla4,4,1,outgoing,0
2026-09-21T15:41:00.009895+00:00,406,r-scylla1,4,0,incoming,0
2026-09-21T15:41:00.009895+00:00,406,r-scylla1,4,0,outgoing,276768
2026-09-21T15:41:00.009895+00:00,406,r-scylla1,4,1,incoming,0
2026-09-21T15:41:00.009895+00:00,406,r-scylla1,4,1,outgoing,139000
2026-09-21T15:41:00.009895+00:00,406,r-scylla2,4,0,incoming,138384
2026-09-21T15:41:00.009895+00:00,406,r-scylla2,4,0,outgoing,138384
2026-09-21T15:41:00.009895+00:00,406,r-scylla2,4,1,incoming,290
2026-09-21T15:41:00.009895+00:00,406,r-scylla2,4,1,outgoing,138312
2026-09-21T15:41:00.009895+00:00,406,r-scylla3,4,0,incoming,138384
2026-09-21T15:41:00.009895+00:00,406,r-scylla3,4,0,outgoing,184392
2026-09-21T15:41:00.009895+00:00,406,r-scylla3,4,1,incoming,138710
2026-09-21T15:41:00.009895+00:00,406,r-scylla3,4,1,outgoing,506
2026-09-21T15:41:00.009895+00:00,406,r-scylla4,4,0,incoming,322776
2026-09-21T15:41:00.009895+00:00,406,r-scylla4,4,0,outgoing,0
2026-09-21T15:41:00.009895+00:00,406,r-scylla4,4,1,incoming,138818
2026-09-21T15:41:00.009895+00:00,406,r-scylla4,4,1,outgoing,0
2026-09-21T15:41:01.010261+00:00,407,r-scylla1,4,0,incoming,0
2026-09-21T15:41:01.010261+00:00,407,r-scylla1,4,0,outgoing,276768
2026-09-21T15:41:01.010261+00:00,407,r-scylla1,4,1,incoming,0
2026-09-21T15:41:01.010261+00:00,407,r-scylla1,4,1,outgoing,139000
2026-09-21T15:41:01.010261+00:00,407,r-scylla2,4,0,incoming,138384
2026-09-21T15:41:01.010261+00:00,407,r-scylla2,4,0,outgoing,138384
2026-09-21T15:41:01.010261+00:00,407,r-scylla2,4,1,incoming,290
2026-09-21T15:41:01.010261+00:00,407,r-scylla2,4,1,outgoing,138312
2026-09-21T15:41:01.010261+00:00,407,r-scylla3,4,0,incoming,138384
2026-09-21T15:41:01.010261+00:00,407,r-scylla3,4,0,outgoing,184392
2026-09-21T15:41:01.010261+00:00,407,r-scylla3,4,1,incoming,138710
2026-09-21T15:41:01.010261+00:00,407,r-scylla3,4,1,outgoing,506
2026-09-21T15:41:01.010261+00:00,407,r-scylla4,4,0,incoming,322776
2026-09-21T15:41:01.010261+00:00,407,r-scylla4,4,0,outgoing,0
2026-09-21T15:41:01.010261+00:00,407,r-scylla4,4,1,incoming,138818
2026-09-21T15:41:01.010261+00:00,407,r-scylla4,4,1,outgoing,0
2026-09-21T15:41:02.010589+00:00,408,r-scylla1,4,0,incoming,0
2026-09-21T15:41:02.010589+00:00,408,r-scylla1,4,0,outgoing,276768
2026-09-21T15:41:02.010589+00:00,408,r-scylla1,4,1,incoming,0
2026-09-21T15:41:02.010589+00:00,408,r-scylla1,4,1,outgoing,139000
2026-09-21T15:41:02.010589+00:00,408,r-scylla2,4,0,incoming,138384
2026-09-21T15:41:02.010589+00:00,408,r-scylla2,4,0,outgoing,138384
2026-09-21T15:41:02.010589+00:00,408,r-scylla2,4,1,incoming,290
2026-09-21T15:41:02.010589+00:00,408,r-scylla2,4,1,outgoing,138312
2026-09-21T15:41:02.010589+00:00,408,r-scylla3,4,0,incoming,138384
2026-09-21T15:41:02.010589+00:00,408,r-scylla3,4,0,outgoing,184392
2026-09-21T15:41:02.010589+00:00,408,r-scylla3,4,1,incoming,138710
2026-09-21T15:41:02.010589+00:00,408,r-scylla3,4,1,outgoing,506
2026-09-21T15:41:02.010589+00:00,408,r-scylla4,4,0,incoming,322776
2026-09-21T15:41:02.010589+00:00,408,r-scylla4,4,0,outgoing,0
2026-09-21T15:41:02.010589+00:00,408,r-scylla4,4,1,incoming,138818
2026-09-21T15:41:02.010589+00:00,408,r-scylla4,4,1,outgoing,0
2026-09-21T15:41:03.010870+00:00,409,r-scylla1,4,0,incoming,0
2026-09-21T15:41:03.010870+00:00,409,r-scylla1,4,0,outgoing,276768
2026-09-21T15:41:03.010870+00:00,409,r-scylla1,4,1,incoming,0
2026-09-21T15:41:03.010870+00:00,409,r-scylla1,4,1,outgoing,139000
2026-09-21T15:41:03.010870+00:00,409,r-scylla2,4,0,incoming,138384
2026-09-21T15:41:03.010870+00:00,409,r-scylla2,4,0,outgoing,138384
2026-09-21T15:41:03.010870+00:00,409,r-scylla2,4,1,incoming,290
2026-09-21T15:41:03.010870+00:00,409,r-scylla2,4,1,outgoing,138312
2026-09-21T15:41:03.010870+00:00,409,r-scylla3,4,0,incoming,138384
2026-09-21T15:41:03.010870+00:00,409,r-scylla3,4,0,outgoing,184392
2026-09-21T15:41:03.010870+00:00,409,r-scylla3,4,1,incoming,138710
2026-09-21T15:41:03.010870+00:00,409,r-scylla3,4,1,outgoing,506
2026-09-21T15:41:03.010870+00:00,409,r-scylla4,4,0,incoming,322776
2026-09-21T15:41:03.010870+00:00,409,r-scylla4,4,0,outgoing,0
2026-09-21T15:41:03.010870+00:00,409,r-scylla4,4,1,incoming,138818
2026-09-21T15:41:03.010870+00:00,409,r-scylla4,4,1,outgoing,0
2026-09-21T15:41:04.011190+00:00,410,r-scylla1,4,0,incoming,0
2026-09-21T15:41:04.011190+00:00,410,r-scylla1,4,0,outgoing,276768
2026-09-21T15:41:04.011190+00:00,410,r-scylla1,4,1,incoming,0
2026-09-21T15:41:04.011190+00:00,410,r-scylla1,4,1,outgoing,139000
2026-09-21T15:41:04.011190+00:00,410,r-scylla2,4,0,incoming,138384
2026-09-21T15:41:04.011190+00:00,410,r-scylla2,4,0,outgoing,138384
2026-09-21T15:41:04.011190+00:00,410,r-scylla2,4,1,incoming,290
2026-09-21T15:41:04.011190+00:00,410,r-scylla2,4,1,outgoing,138312
2026-09-21T15:41:04.011190+00:00,410,r-scylla3,4,0,incoming,138384
2026-09-21T15:41:04.011190+00:00,410,r-scylla3,4,0,outgoing,184392
2026-09-21T15:41:04.011190+00:00,410,r-scylla3,4,1,incoming,138710
2026-09-21T15:41:04.011190+00:00,410,r-scylla3,4,1,outgoing,506
2026-09-21T15:41:04.011190+00:00,410,r-scylla4,4,0,incoming,322776
2026-09-21T15:41:04.011190+00:00,410,r-scylla4,4,0,outgoing,0
2026-09-21T15:41:04.011190+00:00,410,r-scylla4,4,1,incoming,138818
2026-09-21T15:41:04.011190+00:00,410,r-scylla4,4,1,outgoing,0
2026-09-21T15:41:05.011485+00:00,411,r-scylla1,4,0,incoming,0
2026-09-21T15:41:05.011485+00:00,411,r-scylla1,4,0,outgoing,276768
2026-09-21T15:41:05.011485+00:00,411,r-scylla1,4,1,incoming,0
2026-09-21T15:41:05.011485+00:00,411,r-scylla1,4,1,outgoing,139000
2026-09-21T15:41:05.011485+00:00,411,r-scylla2,4,0,incoming,138384
2026-09-21T15:41:05.011485+00:00,411,r-scylla2,4,0,outgoing,138384
2026-09-21T15:41:05.011485+00:00,411,r-scylla2,4,1,incoming,290
2026-09-21T15:41:05.011485+00:00,411,r-scylla2,4,1,outgoing,138312
2026-09-21T15:41:05.011485+00:00,411,r-scylla3,4,0,incoming,138384
2026-09-21T15:41:05.011485+00:00,411,r-scylla3,4,0,outgoing,184392
2026-09-21T15:41:05.011485+00:00,411,r-scylla3,4,1,incoming,138710
2026-09-21T15:41:05.011485+00:00,411,r-scylla3,4,1,outgoing,506
2026-09-21T15:41:05.011485+00:00,411,r-scylla4,4,0,incoming,322776
2026-09-21T15:41:05.011485+00:00,411,r-scylla4,4,0,outgoing,0
2026-09-21T15:41:05.011485+00:00,411,r-scylla4,4,1,incoming,138818
2026-09-21T15:41:05.011485+00:00,411,r-scylla4,4,1,outgoing,0
2026-09-21T15:41:06.011816+00:00,412,r-scylla1,4,0,incoming,0
2026-09-21T15:41:06.011816+00:00,412,r-scylla1,4,0,outgoing,276768
2026-09-21T15:41:06.011816+00:00,412,r-scylla1,4,1,incoming,0
2026-09-21T15:41:06.011816+00:00,412,r-scylla1,4,1,outgoing,139000
2026-09-21T15:41:06.011816+00:00,412,r-scylla2,4,0,incoming,138384
2026-09-21T15:41:06.011816+00:00,412,r-scylla2,4,0,outgoing,138384
2026-09-21T15:41:06.011816+00:00,412,r-scylla2,4,1,incoming,290
2026-09-21T15:41:06.011816+00:00,412,r-scylla2,4,1,outgoing,138312
2026-09-21T15:41:06.011816+00:00,412,r-scylla3,4,0,incoming,138384
2026-09-21T15:41:06.011816+00:00,412,r-scylla3,4,0,outgoing,184392
2026-09-21T15:41:06.011816+00:00,412,r-scylla3,4,1,incoming,138710
2026-09-21T15:41:06.011816+00:00,412,r-scylla3,4,1,outgoing,506
2026-09-21T15:41:06.011816+00:00,412,r-scylla4,4,0,incoming,322776
2026-09-21T15:41:06.011816+00:00,412,r-scylla4,4,0,outgoing,0
2026-09-21T15:41:06.011816+00:00,412,r-scylla4,4,1,incoming,138818
2026-09-21T15:41:06.011816+00:00,412,r-scylla4,4,1,outgoing,0
2026-09-21T15:41:07.012214+00:00,413,r-scylla1,4,0,incoming,0
2026-09-21T15:41:07.012214+00:00,413,r-scylla1,4,0,outgoing,276768
2026-09-21T15:41:07.012214+00:00,413,r-scylla1,4,1,incoming,0
2026-09-21T15:41:07.012214+00:00,413,r-scylla1,4,1,outgoing,139000
2026-09-21T15:41:07.012214+00:00,413,r-scylla2,4,0,incoming,138384
2026-09-21T15:41:07.012214+00:00,413,r-scylla2,4,0,outgoing,138384
2026-09-21T15:41:07.012214+00:00,413,r-scylla2,4,1,incoming,290
2026-09-21T15:41:07.012214+00:00,413,r-scylla2,4,1,outgoing,138312
2026-09-21T15:41:07.012214+00:00,413,r-scylla3,4,0,incoming,138384
2026-09-21T15:41:07.012214+00:00,413,r-scylla3,4,0,outgoing,184392
2026-09-21T15:41:07.012214+00:00,413,r-scylla3,4,1,incoming,138710
2026-09-21T15:41:07.012214+00:00,413,r-scylla3,4,1,outgoing,506
2026-09-21T15:41:07.012214+00:00,413,r-scylla4,4,0,incoming,322776
2026-09-21T15:41:07.012214+00:00,413,r-scylla4,4,0,outgoing,0
2026-09-21T15:41:07.012214+00:00,413,r-scylla4,4,1,incoming,138818
2026-09-21T15:41:07.012214+00:00,413,r-scylla4,4,1,outgoing,0
2026-09-21T15:41:08.012444+00:00,414,r-scylla1,4,0,incoming,0
2026-09-21T15:41:08.012444+00:00,414,r-scylla1,4,0,outgoing,276768
2026-09-21T15:41:08.012444+00:00,414,r-scylla1,4,1,incoming,0
2026-09-21T15:41:08.012444+00:00,414,r-scylla1,4,1,outgoing,139000
2026-09-21T15:41:08.012444+00:00,414,r-scylla2,4,0,incoming,138384
2026-09-21T15:41:08.012444+00:00,414,r-scylla2,4,0,outgoing,138384
2026-09-21T15:41:08.012444+00:00,414,r-scylla2,4,1,incoming,290
2026-09-21T15:41:08.012444+00:00,414,r-scylla2,4,1,outgoing,138312
2026-09-21T15:41:08.012444+00:00,414,r-scylla3,4,0,incoming,138384
2026-09-21T15:41:08.012444+00:00,414,r-scylla3,4,0,outgoing,184392
2026-09-21T15:41:08.012444+00:00,414,r-scylla3,4,1,incoming,138710
2026-09-21T15:41:08.012444+00:00,414,r-scylla3,4,1,outgoing,506
2026-09-21T15:41:08.012444+00:00,414,r-scylla4,4,0,incoming,322776
2026-09-21T15:41:08.012444+00:00,414,r-scylla4,4,0,outgoing,0
2026-09-21T15:41:08.012444+00:00,414,r-scylla4,4,1,incoming,138818
2026-09-21T15:41:08.012444+00:00,414,r-scylla4,4,1,outgoing,0
2026-09-21T15:41:09.012712+00:00,415,r-scylla1,4,0,incoming,0
2026-09-21T15:41:09.012712+00:00,415,r-scylla1,4,0,outgoing,276768
2026-09-21T15:41:09.012712+00:00,415,r-scylla1,4,1,incoming,0
2026-09-21T15:41:09.012712+00:00,415,r-scylla1,4,1,outgoing,139000
2026-09-21T15:41:09.012712+00:00,415,r-scylla2,4,0,incoming,138384
2026-09-21T15:41:09.012712+00:00,415,r-scylla2,4,0,outgoing,138384
2026-09-21T15:41:09.012712+00:00,415,r-scylla2,4,1,incoming,290
2026-09-21T15:41:09.012712+00:00,415,r-scylla2,4,1,outgoing,138312
2026-09-21T15:41:09.012712+00:00,415,r-scylla3,4,0,incoming,138384
2026-09-21T15:41:09.012712+00:00,415,r-scylla3,4,0,outgoing,184392
2026-09-21T15:41:09.012712+00:00,415,r-scylla3,4,1,incoming,138710
2026-09-21T15:41:09.012712+00:00,415,r-scylla3,4,1,outgoing,506
2026-09-21T15:41:09.012712+00:00,415,r-scylla4,4,0,incoming,322776
2026-09-21T15:41:09.012712+00:00,415,r-scylla4,4,0,outgoing,0
2026-09-21T15:41:09.012712+00:00,415,r-scylla4,4,1,incoming,138818
2026-09-21T15:41:09.012712+00:00,415,r-scylla4,4,1,outgoing,0
2026-09-21T15:41:10.013058+00:00,416,r-scylla1,4,0,incoming,0
2026-09-21T15:41:10.013058+00:00,416,r-scylla1,4,0,outgoing,276768
2026-09-21T15:41:10.013058+00:00,416,r-scylla1,4,1,incoming,0
2026-09-21T15:41:10.013058+00:00,416,r-scylla1,4,1,outgoing,139000
2026-09-21T15:41:10.013058+00:00,416,r-scylla2,4,0,incoming,138384
2026-09-21T15:41:10.013058+00:00,416,r-scylla2,4,0,outgoing,138384
2026-09-21T15:41:10.013058+00:00,416,r-scylla2,4,1,incoming,290
2026-09-21T15:41:10.013058+00:00,416,r-scylla2,4,1,outgoing,138312
2026-09-21T15:41:10.013058+00:00,416,r-scylla3,4,0,incoming,138384
2026-09-21T15:41:10.013058+00:00,416,r-scylla3,4,0,outgoing,184392
2026-09-21T15:41:10.013058+00:00,416,r-scylla3,4,1,incoming,138710
2026-09-21T15:41:10.013058+00:00,416,r-scylla3,4,1,outgoing,506
2026-09-21T15:41:10.013058+00:00,416,r-scylla4,4,0,incoming,322776
2026-09-21T15:41:10.013058+00:00,416,r-scylla4,4,0,outgoing,0
2026-09-21T15:41:10.013058+00:00,416,r-scylla4,4,1,incoming,138818
2026-09-21T15:41:10.013058+00:00,416,r-scylla4,4,1,outgoing,0
2026-09-21T15:41:11.013256+00:00,417,r-scylla1,4,0,incoming,0
2026-09-21T15:41:11.013256+00:00,417,r-scylla1,4,0,outgoing,276768
2026-09-21T15:41:11.013256+00:00,417,r-scylla1,4,1,incoming,0
2026-09-21T15:41:11.013256+00:00,417,r-scylla1,4,1,outgoing,139000
2026-09-21T15:41:11.013256+00:00,417,r-scylla2,4,0,incoming,138384
2026-09-21T15:41:11.013256+00:00,417,r-scylla2,4,0,outgoing,138384
2026-09-21T15:41:11.013256+00:00,417,r-scylla2,4,1,incoming,290
2026-09-21T15:41:11.013256+00:00,417,r-scylla2,4,1,outgoing,138312
2026-09-21T15:41:11.013256+00:00,417,r-scylla3,4,0,incoming,138384
2026-09-21T15:41:11.013256+00:00,417,r-scylla3,4,0,outgoing,184392
2026-09-21T15:41:11.013256+00:00,417,r-scylla3,4,1,incoming,138710
2026-09-21T15:41:11.013256+00:00,417,r-scylla3,4,1,outgoing,506
2026-09-21T15:41:11.013256+00:00,417,r-scylla4,4,0,incoming,322776
2026-09-21T15:41:11.013256+00:00,417,r-scylla4,4,0,outgoing,0
2026-09-21T15:41:11.013256+00:00,417,r-scylla4,4,1,incoming,138818
2026-09-21T15:41:11.013256+00:00,417,r-scylla4,4,1,outgoing,0
2026-09-21T15:41:12.013415+00:00,418,r-scylla1,4,0,incoming,0
2026-09-21T15:41:12.013415+00:00,418,r-scylla1,4,0,outgoing,276768
2026-09-21T15:41:12.013415+00:00,418,r-scylla1,4,1,incoming,0
2026-09-21T15:41:12.013415+00:00,418,r-scylla1,4,1,outgoing,139000
2026-09-21T15:41:12.013415+00:00,418,r-scylla2,4,0,incoming,138384
2026-09-21T15:41:12.013415+00:00,418,r-scylla2,4,0,outgoing,138384
2026-09-21T15:41:12.013415+00:00,418,r-scylla2,4,1,incoming,290
2026-09-21T15:41:12.013415+00:00,418,r-scylla2,4,1,outgoing,138312
2026-09-21T15:41:12.013415+00:00,418,r-scylla3,4,0,incoming,138384
2026-09-21T15:41:12.013415+00:00,418,r-scylla3,4,0,outgoing,184392
2026-09-21T15:41:12.013415+00:00,418,r-scylla3,4,1,incoming,138710
2026-09-21T15:41:12.013415+00:00,418,r-scylla3,4,1,outgoing,506
2026-09-21T15:41:12.013415+00:00,418,r-scylla4,4,0,incoming,322776
2026-09-21T15:41:12.013415+00:00,418,r-scylla4,4,0,outgoing,0
2026-09-21T15:41:12.013415+00:00,418,r-scylla4,4,1,incoming,138818
2026-09-21T15:41:12.013415+00:00,418,r-scylla4,4,1,outgoing,0
2026-09-21T15:41:13.013969+00:00,419,r-scylla1,4,0,incoming,0
2026-09-21T15:41:13.013969+00:00,419,r-scylla1,4,0,outgoing,276768
2026-09-21T15:41:13.013969+00:00,419,r-scylla1,4,1,incoming,0
2026-09-21T15:41:13.013969+00:00,419,r-scylla1,4,1,outgoing,139000
2026-09-21T15:41:13.013969+00:00,419,r-scylla2,4,0,incoming,138384
2026-09-21T15:41:13.013969+00:00,419,r-scylla2,4,0,outgoing,138384
2026-09-21T15:41:13.013969+00:00,419,r-scylla2,4,1,incoming,290
2026-09-21T15:41:13.013969+00:00,419,r-scylla2,4,1,outgoing,138312
2026-09-21T15:41:13.013969+00:00,419,r-scylla3,4,0,incoming,138384
2026-09-21T15:41:13.013969+00:00,419,r-scylla3,4,0,outgoing,184392
2026-09-21T15:41:13.013969+00:00,419,r-scylla3,4,1,incoming,138710
2026-09-21T15:41:13.013969+00:00,419,r-scylla3,4,1,outgoing,506
2026-09-21T15:41:13.013969+00:00,419,r-scylla4,4,0,incoming,322776
2026-09-21T15:41:13.013969+00:00,419,r-scylla4,4,0,outgoing,0
2026-09-21T15:41:13.013969+00:00,419,r-scylla4,4,1,incoming,138818
2026-09-21T15:41:13.013969+00:00,419,r-scylla4,4,1,outgoing,0
2026-09-21T15:41:14.014631+00:00,420,r-scylla1,4,0,incoming,0
2026-09-21T15:41:14.014631+00:00,420,r-scylla1,4,0,outgoing,276768
2026-09-21T15:41:14.014631+00:00,420,r-scylla1,4,1,incoming,0
2026-09-21T15:41:14.014631+00:00,420,r-scylla1,4,1,outgoing,139000
2026-09-21T15:41:14.014631+00:00,420,r-scylla2,4,0,incoming,138384
2026-09-21T15:41:14.014631+00:00,420,r-scylla2,4,0,outgoing,138384
2026-09-21T15:41:14.014631+00:00,420,r-scylla2,4,1,incoming,290
2026-09-21T15:41:14.014631+00:00,420,r-scylla2,4,1,outgoing,138312
2026-09-21T15:41:14.014631+00:00,420,r-scylla3,4,0,incoming,138384
2026-09-21T15:41:14.014631+00:00,420,r-scylla3,4,0,outgoing,184392
2026-09-21T15:41:14.014631+00:00,420,r-scylla3,4,1,incoming,138710
2026-09-21T15:41:14.014631+00:00,420,r-scylla3,4,1,outgoing,506
2026-09-21T15:41:14.014631+00:00,420,r-scylla4,4,0,incoming,322776
2026-09-21T15:41:14.014631+00:00,420,r-scylla4,4,0,outgoing,0
2026-09-21T15:41:14.014631+00:00,420,r-scylla4,4,1,incoming,138818
2026-09-21T15:41:14.014631+00:00,420,r-scylla4,4,1,outgoing,0
2026-09-21T15:41:15.014896+00:00,421,r-scylla1,4,0,incoming,0
2026-09-21T15:41:15.014896+00:00,421,r-scylla1,4,0,outgoing,276768
2026-09-21T15:41:15.014896+00:00,421,r-scylla1,4,1,incoming,0
2026-09-21T15:41:15.014896+00:00,421,r-scylla1,4,1,outgoing,139000
2026-09-21T15:41:15.014896+00:00,421,r-scylla2,4,0,incoming,138384
2026-09-21T15:41:15.014896+00:00,421,r-scylla2,4,0,outgoing,138384
2026-09-21T15:41:15.014896+00:00,421,r-scylla2,4,1,incoming,290
2026-09-21T15:41:15.014896+00:00,421,r-scylla2,4,1,outgoing,138312
2026-09-21T15:41:15.014896+00:00,421,r-scylla3,4,0,incoming,138384
2026-09-21T15:41:15.014896+00:00,421,r-scylla3,4,0,outgoing,184392
2026-09-21T15:41:15.014896+00:00,421,r-scylla3,4,1,incoming,138710
2026-09-21T15:41:15.014896+00:00,421,r-scylla3,4,1,outgoing,506
2026-09-21T15:41:15.014896+00:00,421,r-scylla4,4,0,incoming,322776
2026-09-21T15:41:15.014896+00:00,421,r-scylla4,4,0,outgoing,0
2026-09-21T15:41:15.014896+00:00,421,r-scylla4,4,1,incoming,138818
2026-09-21T15:41:15.014896+00:00,421,r-scylla4,4,1,outgoing,0
2026-09-21T15:41:16.015253+00:00,422,r-scylla1,4,0,incoming,0
2026-09-21T15:41:16.015253+00:00,422,r-scylla1,4,0,outgoing,276768
2026-09-21T15:41:16.015253+00:00,422,r-scylla1,4,1,incoming,0
2026-09-21T15:41:16.015253+00:00,422,r-scylla1,4,1,outgoing,139000
2026-09-21T15:41:16.015253+00:00,422,r-scylla2,4,0,incoming,138384
2026-09-21T15:41:16.015253+00:00,422,r-scylla2,4,0,outgoing,138384
2026-09-21T15:41:16.015253+00:00,422,r-scylla2,4,1,incoming,290
2026-09-21T15:41:16.015253+00:00,422,r-scylla2,4,1,outgoing,138312
2026-09-21T15:41:16.015253+00:00,422,r-scylla3,4,0,incoming,138384
2026-09-21T15:41:16.015253+00:00,422,r-scylla3,4,0,outgoing,184392
2026-09-21T15:41:16.015253+00:00,422,r-scylla3,4,1,incoming,138710
2026-09-21T15:41:16.015253+00:00,422,r-scylla3,4,1,outgoing,506
2026-09-21T15:41:16.015253+00:00,422,r-scylla4,4,0,incoming,322776
2026-09-21T15:41:16.015253+00:00,422,r-scylla4,4,0,outgoing,0
2026-09-21T15:41:16.015253+00:00,422,r-scylla4,4,1,incoming,138818
2026-09-21T15:41:16.015253+00:00,422,r-scylla4,4,1,outgoing,0
2026-09-21T15:41:17.015653+00:00,423,r-scylla1,4,0,incoming,0
2026-09-21T15:41:17.015653+00:00,423,r-scylla1,4,0,outgoing,276768
2026-09-21T15:41:17.015653+00:00,423,r-scylla1,4,1,incoming,0
2026-09-21T15:41:17.015653+00:00,423,r-scylla1,4,1,outgoing,139000
2026-09-21T15:41:17.015653+00:00,423,r-scylla2,4,0,incoming,138384
2026-09-21T15:41:17.015653+00:00,423,r-scylla2,4,0,outgoing,138384
2026-09-21T15:41:17.015653+00:00,423,r-scylla2,4,1,incoming,290
2026-09-21T15:41:17.015653+00:00,423,r-scylla2,4,1,outgoing,138312
2026-09-21T15:41:17.015653+00:00,423,r-scylla3,4,0,incoming,138384
2026-09-21T15:41:17.015653+00:00,423,r-scylla3,4,0,outgoing,184392
2026-09-21T15:41:17.015653+00:00,423,r-scylla3,4,1,incoming,138710
2026-09-21T15:41:17.015653+00:00,423,r-scylla3,4,1,outgoing,506
2026-09-21T15:41:17.015653+00:00,423,r-scylla4,4,0,incoming,322776
2026-09-21T15:41:17.015653+00:00,423,r-scylla4,4,0,outgoing,0
2026-09-21T15:41:17.015653+00:00,423,r-scylla4,4,1,incoming,138818
2026-09-21T15:41:17.015653+00:00,423,r-scylla4,4,1,outgoing,0
2026-09-21T15:41:18.015904+00:00,424,r-scylla1,4,0,incoming,0
2026-09-21T15:41:18.015904+00:00,424,r-scylla1,4,0,outgoing,276768
2026-09-21T15:41:18.015904+00:00,424,r-scylla1,4,1,incoming,0
2026-09-21T15:41:18.015904+00:00,424,r-scylla1,4,1,outgoing,139000
2026-09-21T15:41:18.015904+00:00,424,r-scylla2,4,0,incoming,138384
2026-09-21T15:41:18.015904+00:00,424,r-scylla2,4,0,outgoing,138384
2026-09-21T15:41:18.015904+00:00,424,r-scylla2,4,1,incoming,290
2026-09-21T15:41:18.015904+00:00,424,r-scylla2,4,1,outgoing,138312
2026-09-21T15:41:18.015904+00:00,424,r-scylla3,4,0,incoming,138384
2026-09-21T15:41:18.015904+00:00,424,r-scylla3,4,0,outgoing,184392
2026-09-21T15:41:18.015904+00:00,424,r-scylla3,4,1,incoming,138710
2026-09-21T15:41:18.015904+00:00,424,r-scylla3,4,1,outgoing,506
2026-09-21T15:41:18.015904+00:00,424,r-scylla4,4,0,incoming,322776
2026-09-21T15:41:18.015904+00:00,424,r-scylla4,4,0,outgoing,0
2026-09-21T15:41:18.015904+00:00,424,r-scylla4,4,1,incoming,138818
2026-09-21T15:41:18.015904+00:00,424,r-scylla4,4,1,outgoing,0
2026-09-21T15:41:19.016155+00:00,425,r-scylla1,4,0,incoming,0
2026-09-21T15:41:19.016155+00:00,425,r-scylla1,4,0,outgoing,276768
2026-09-21T15:41:19.016155+00:00,425,r-scylla1,4,1,incoming,0
2026-09-21T15:41:19.016155+00:00,425,r-scylla1,4,1,outgoing,139000
2026-09-21T15:41:19.016155+00:00,425,r-scylla2,4,0,incoming,138384
2026-09-21T15:41:19.016155+00:00,425,r-scylla2,4,0,outgoing,138384
2026-09-21T15:41:19.016155+00:00,425,r-scylla2,4,1,incoming,290
2026-09-21T15:41:19.016155+00:00,425,r-scylla2,4,1,outgoing,138312
2026-09-21T15:41:19.016155+00:00,425,r-scylla3,4,0,incoming,138384
2026-09-21T15:41:19.016155+00:00,425,r-scylla3,4,0,outgoing,184392
2026-09-21T15:41:19.016155+00:00,425,r-scylla3,4,1,incoming,138710
2026-09-21T15:41:19.016155+00:00,425,r-scylla3,4,1,outgoing,506
2026-09-21T15:41:19.016155+00:00,425,r-scylla4,4,0,incoming,322776
2026-09-21T15:41:19.016155+00:00,425,r-scylla4,4,0,outgoing,0
2026-09-21T15:41:19.016155+00:00,425,r-scylla4,4,1,incoming,138818
2026-09-21T15:41:19.016155+00:00,425,r-scylla4,4,1,outgoing,0
2026-09-21T15:41:20.012012+00:00,426,r-scylla1,4,0,incoming,0
2026-09-21T15:41:20.012012+00:00,426,r-scylla1,4,0,outgoing,276768
2026-09-21T15:41:20.012012+00:00,426,r-scylla1,4,1,incoming,0
2026-09-21T15:41:20.012012+00:00,426,r-scylla1,4,1,outgoing,139000
2026-09-21T15:41:20.012012+00:00,426,r-scylla2,4,0,incoming,138384
2026-09-21T15:41:20.012012+00:00,426,r-scylla2,4,0,outgoing,138384
2026-09-21T15:41:20.012012+00:00,426,r-scylla2,4,1,incoming,290
2026-09-21T15:41:20.012012+00:00,426,r-scylla2,4,1,outgoing,138312
2026-09-21T15:41:20.012012+00:00,426,r-scylla3,4,0,incoming,138384
2026-09-21T15:41:20.012012+00:00,426,r-scylla3,4,0,outgoing,184392
2026-09-21T15:41:20.012012+00:00,426,r-scylla3,4,1,incoming,138710
2026-09-21T15:41:20.012012+00:00,426,r-scylla3,4,1,outgoing,506
2026-09-21T15:41:20.012012+00:00,426,r-scylla4,4,0,incoming,322776
2026-09-21T15:41:20.012012+00:00,426,r-scylla4,4,0,outgoing,0
2026-09-21T15:41:20.012012+00:00,426,r-scylla4,4,1,incoming,138818
2026-09-21T15:41:20.012012+00:00,426,r-scylla4,4,1,outgoing,0
2026-09-21T15:41:21.012235+00:00,427,r-scylla1,4,0,incoming,0
2026-09-21T15:41:21.012235+00:00,427,r-scylla1,4,0,outgoing,276768
2026-09-21T15:41:21.012235+00:00,427,r-scylla1,4,1,incoming,0
2026-09-21T15:41:21.012235+00:00,427,r-scylla1,4,1,outgoing,139000
2026-09-21T15:41:21.012235+00:00,427,r-scylla2,4,0,incoming,138384
2026-09-21T15:41:21.012235+00:00,427,r-scylla2,4,0,outgoing,138384
2026-09-21T15:41:21.012235+00:00,427,r-scylla2,4,1,incoming,290
2026-09-21T15:41:21.012235+00:00,427,r-scylla2,4,1,outgoing,138312
2026-09-21T15:41:21.012235+00:00,427,r-scylla3,4,0,incoming,138384
2026-09-21T15:41:21.012235+00:00,427,r-scylla3,4,0,outgoing,184392
2026-09-21T15:41:21.012235+00:00,427,r-scylla3,4,1,incoming,138710
2026-09-21T15:41:21.012235+00:00,427,r-scylla3,4,1,outgoing,506
2026-09-21T15:41:21.012235+00:00,427,r-scylla4,4,0,incoming,322776
2026-09-21T15:41:21.012235+00:00,427,r-scylla4,4,0,outgoing,0
2026-09-21T15:41:21.012235+00:00,427,r-scylla4,4,1,incoming,138818
2026-09-21T15:41:21.012235+00:00,427,r-scylla4,4,1,outgoing,0
2026-09-21T15:41:22.012402+00:00,428,r-scylla1,4,0,incoming,0
2026-09-21T15:41:22.012402+00:00,428,r-scylla1,4,0,outgoing,276768
2026-09-21T15:41:22.012402+00:00,428,r-scylla1,4,1,incoming,0
2026-09-21T15:41:22.012402+00:00,428,r-scylla1,4,1,outgoing,139000
2026-09-21T15:41:22.012402+00:00,428,r-scylla2,4,0,incoming,138384
2026-09-21T15:41:22.012402+00:00,428,r-scylla2,4,0,outgoing,138384
2026-09-21T15:41:22.012402+00:00,428,r-scylla2,4,1,incoming,290
2026-09-21T15:41:22.012402+00:00,428,r-scylla2,4,1,outgoing,138312
2026-09-21T15:41:22.012402+00:00,428,r-scylla3,4,0,incoming,138384
2026-09-21T15:41:22.012402+00:00,428,r-scylla3,4,0,outgoing,184392
2026-09-21T15:41:22.012402+00:00,428,r-scylla3,4,1,incoming,138710
2026-09-21T15:41:22.012402+00:00,428,r-scylla3,4,1,outgoing,506
2026-09-21T15:41:22.012402+00:00,428,r-scylla4,4,0,incoming,322776
2026-09-21T15:41:22.012402+00:00,428,r-scylla4,4,0,outgoing,0
2026-09-21T15:41:22.012402+00:00,428,r-scylla4,4,1,incoming,138818
2026-09-21T15:41:22.012402+00:00,428,r-scylla4,4,1,outgoing,0
2026-09-21T15:41:23.012922+00:00,429,r-scylla1,4,0,incoming,0
2026-09-21T15:41:23.012922+00:00,429,r-scylla1,4,0,outgoing,276768
2026-09-21T15:41:23.012922+00:00,429,r-scylla1,4,1,incoming,0
2026-09-21T15:41:23.012922+00:00,429,r-scylla1,4,1,outgoing,139000
2026-09-21T15:41:23.012922+00:00,429,r-scylla2,4,0,incoming,138384
2026-09-21T15:41:23.012922+00:00,429,r-scylla2,4,0,outgoing,138384
2026-09-21T15:41:23.012922+00:00,429,r-scylla2,4,1,incoming,290
2026-09-21T15:41:23.012922+00:00,429,r-scylla2,4,1,outgoing,138312
2026-09-21T15:41:23.012922+00:00,429,r-scylla3,4,0,incoming,138384
2026-09-21T15:41:23.012922+00:00,429,r-scylla3,4,0,outgoing,184392
2026-09-21T15:41:23.012922+00:00,429,r-scylla3,4,1,incoming,138710
2026-09-21T15:41:23.012922+00:00,429,r-scylla3,4,1,outgoing,506
2026-09-21T15:41:23.012922+00:00,429,r-scylla4,4,0,incoming,322776
2026-09-21T15:41:23.012922+00:00,429,r-scylla4,4,0,outgoing,0
2026-09-21T15:41:23.012922+00:00,429,r-scylla4,4,1,incoming,138818
2026-09-21T15:41:23.012922+00:00,429,r-scylla4,4,1,outgoing,0
2026-09-21T15:41:24.013464+00:00,430,r-scylla1,4,0,incoming,0
2026-09-21T15:41:24.013464+00:00,430,r-scylla1,4,0,outgoing,276768
2026-09-21T15:41:24.013464+00:00,430,r-scylla1,4,1,incoming,0
2026-09-21T15:41:24.013464+00:00,430,r-scylla1,4,1,outgoing,139000
2026-09-21T15:41:24.013464+00:00,430,r-scylla2,4,0,incoming,138384
2026-09-21T15:41:24.013464+00:00,430,r-scylla2,4,0,outgoing,138384
2026-09-21T15:41:24.013464+00:00,430,r-scylla2,4,1,incoming,290
2026-09-21T15:41:24.013464+00:00,430,r-scylla2,4,1,outgoing,138312
2026-09-21T15:41:24.013464+00:00,430,r-scylla3,4,0,incoming,138384
2026-09-21T15:41:24.013464+00:00,430,r-scylla3,4,0,outgoing,184392
2026-09-21T15:41:24.013464+00:00,430,r-scylla3,4,1,incoming,138710
2026-09-21T15:41:24.013464+00:00,430,r-scylla3,4,1,outgoing,506
2026-09-21T15:41:24.013464+00:00,430,r-scylla4,4,0,incoming,322776
2026-09-21T15:41:24.013464+00:00,430,r-scylla4,4,0,outgoing,0
2026-09-21T15:41:24.013464+00:00,430,r-scylla4,4,1,incoming,138818
2026-09-21T15:41:24.013464+00:00,430,r-scylla4,4,1,outgoing,0
2026-09-21T15:41:25.013763+00:00,431,r-scylla1,4,0,incoming,0
2026-09-21T15:41:25.013763+00:00,431,r-scylla1,4,0,outgoing,276768
2026-09-21T15:41:25.013763+00:00,431,r-scylla1,4,1,incoming,0
2026-09-21T15:41:25.013763+00:00,431,r-scylla1,4,1,outgoing,139000
2026-09-21T15:41:25.013763+00:00,431,r-scylla2,4,0,incoming,138384
2026-09-21T15:41:25.013763+00:00,431,r-scylla2,4,0,outgoing,138384
2026-09-21T15:41:25.013763+00:00,431,r-scylla2,4,1,incoming,290
2026-09-21T15:41:25.013763+00:00,431,r-scylla2,4,1,outgoing,138312
2026-09-21T15:41:25.013763+00:00,431,r-scylla3,4,0,incoming,138384
2026-09-21T15:41:25.013763+00:00,431,r-scylla3,4,0,outgoing,184392
2026-09-21T15:41:25.013763+00:00,431,r-scylla3,4,1,incoming,138710
2026-09-21T15:41:25.013763+00:00,431,r-scylla3,4,1,outgoing,506
2026-09-21T15:41:25.013763+00:00,431,r-scylla4,4,0,incoming,322776
2026-09-21T15:41:25.013763+00:00,431,r-scylla4,4,0,outgoing,0
2026-09-21T15:41:25.013763+00:00,431,r-scylla4,4,1,incoming,138818
2026-09-21T15:41:25.013763+00:00,431,r-scylla4,4,1,outgoing,0
2026-09-21T15:41:26.013987+00:00,432,r-scylla1,4,0,incoming,0
2026-09-21T15:41:26.013987+00:00,432,r-scylla1,4,0,outgoing,276768
2026-09-21T15:41:26.013987+00:00,432,r-scylla1,4,1,incoming,0
2026-09-21T15:41:26.013987+00:00,432,r-scylla1,4,1,outgoing,139000
2026-09-21T15:41:26.013987+00:00,432,r-scylla2,4,0,incoming,138384
2026-09-21T15:41:26.013987+00:00,432,r-scylla2,4,0,outgoing,138384
2026-09-21T15:41:26.013987+00:00,432,r-scylla2,4,1,incoming,290
2026-09-21T15:41:26.013987+00:00,432,r-scylla2,4,1,outgoing,138312
2026-09-21T15:41:26.013987+00:00,432,r-scylla3,4,0,incoming,138384
2026-09-21T15:41:26.013987+00:00,432,r-scylla3,4,0,outgoing,184392
2026-09-21T15:41:26.013987+00:00,432,r-scylla3,4,1,incoming,138710
2026-09-21T15:41:26.013987+00:00,432,r-scylla3,4,1,outgoing,506
2026-09-21T15:41:26.013987+00:00,432,r-scylla4,4,0,incoming,322776
2026-09-21T15:41:26.013987+00:00,432,r-scylla4,4,0,outgoing,0
2026-09-21T15:41:26.013987+00:00,432,r-scylla4,4,1,incoming,138818
2026-09-21T15:41:26.013987+00:00,432,r-scylla4,4,1,outgoing,0
2026-09-21T15:41:27.014165+00:00,433,r-scylla1,4,0,incoming,0
2026-09-21T15:41:27.014165+00:00,433,r-scylla1,4,0,outgoing,276768
2026-09-21T15:41:27.014165+00:00,433,r-scylla1,4,1,incoming,0
2026-09-21T15:41:27.014165+00:00,433,r-scylla1,4,1,outgoing,139000
2026-09-21T15:41:27.014165+00:00,433,r-scylla2,4,0,incoming,138384
2026-09-21T15:41:27.014165+00:00,433,r-scylla2,4,0,outgoing,138384
2026-09-21T15:41:27.014165+00:00,433,r-scylla2,4,1,incoming,290
2026-09-21T15:41:27.014165+00:00,433,r-scylla2,4,1,outgoing,138312
2026-09-21T15:41:27.014165+00:00,433,r-scylla3,4,0,incoming,138384
2026-09-21T15:41:27.014165+00:00,433,r-scylla3,4,0,outgoing,184392
2026-09-21T15:41:27.014165+00:00,433,r-scylla3,4,1,incoming,138710
2026-09-21T15:41:27.014165+00:00,433,r-scylla3,4,1,outgoing,506
2026-09-21T15:41:27.014165+00:00,433,r-scylla4,4,0,incoming,322776
2026-09-21T15:41:27.014165+00:00,433,r-scylla4,4,0,outgoing,0
2026-09-21T15:41:27.014165+00:00,433,r-scylla4,4,1,incoming,138818
2026-09-21T15:41:27.014165+00:00,433,r-scylla4,4,1,outgoing,0
2026-09-21T15:41:28.014594+00:00,434,r-scylla1,4,0,incoming,0
2026-09-21T15:41:28.014594+00:00,434,r-scylla1,4,0,outgoing,276768
2026-09-21T15:41:28.014594+00:00,434,r-scylla1,4,1,incoming,0
2026-09-21T15:41:28.014594+00:00,434,r-scylla1,4,1,outgoing,139000
2026-09-21T15:41:28.014594+00:00,434,r-scylla2,4,0,incoming,138384
2026-09-21T15:41:28.014594+00:00,434,r-scylla2,4,0,outgoing,138384
2026-09-21T15:41:28.014594+00:00,434,r-scylla2,4,1,incoming,290
2026-09-21T15:41:28.014594+00:00,434,r-scylla2,4,1,outgoing,138312
2026-09-21T15:41:28.014594+00:00,434,r-scylla3,4,0,incoming,138384
2026-09-21T15:41:28.014594+00:00,434,r-scylla3,4,0,outgoing,184392
2026-09-21T15:41:28.014594+00:00,434,r-scylla3,4,1,incoming,138710
2026-09-21T15:41:28.014594+00:00,434,r-scylla3,4,1,outgoing,506
2026-09-21T15:41:28.014594+00:00,434,r-scylla4,4,0,incoming,322776
2026-09-21T15:41:28.014594+00:00,434,r-scylla4,4,0,outgoing,0
2026-09-21T15:41:28.014594+00:00,434,r-scylla4,4,1,incoming,138818
2026-09-21T15:41:28.014594+00:00,434,r-scylla4,4,1,outgoing,0
2026-09-21T15:41:29.014826+00:00,435,r-scylla1,4,0,incoming,0
2026-09-21T15:41:29.014826+00:00,435,r-scylla1,4,0,outgoing,276768
2026-09-21T15:41:29.014826+00:00,435,r-scylla1,4,1,incoming,0
2026-09-21T15:41:29.014826+00:00,435,r-scylla1,4,1,outgoing,139000
2026-09-21T15:41:29.014826+00:00,435,r-scylla2,4,0,incoming,138384
2026-09-21T15:41:29.014826+00:00,435,r-scylla2,4,0,outgoing,138384
2026-09-21T15:41:29.014826+00:00,435,r-scylla2,4,1,incoming,290
2026-09-21T15:41:29.014826+00:00,435,r-scylla2,4,1,outgoing,138312
2026-09-21T15:41:29.014826+00:00,435,r-scylla3,4,0,incoming,138384
2026-09-21T15:41:29.014826+00:00,435,r-scylla3,4,0,outgoing,184392
2026-09-21T15:41:29.014826+00:00,435,r-scylla3,4,1,incoming,138710
2026-09-21T15:41:29.014826+00:00,435,r-scylla3,4,1,outgoing,506
2026-09-21T15:41:29.014826+00:00,435,r-scylla4,4,0,incoming,322776
2026-09-21T15:41:29.014826+00:00,435,r-scylla4,4,0,outgoing,0
2026-09-21T15:41:29.014826+00:00,435,r-scylla4,4,1,incoming,138818
2026-09-21T15:41:29.014826+00:00,435,r-scylla4,4,1,outgoing,0
2026-09-21T15:41:30.015086+00:00,436,r-scylla1,4,0,incoming,0
2026-09-21T15:41:30.015086+00:00,436,r-scylla1,4,0,outgoing,276768
2026-09-21T15:41:30.015086+00:00,436,r-scylla1,4,1,incoming,0
2026-09-21T15:41:30.015086+00:00,436,r-scylla1,4,1,outgoing,139000
2026-09-21T15:41:30.015086+00:00,436,r-scylla2,4,0,incoming,138384
2026-09-21T15:41:30.015086+00:00,436,r-scylla2,4,0,outgoing,138384
2026-09-21T15:41:30.015086+00:00,436,r-scylla2,4,1,incoming,290
2026-09-21T15:41:30.015086+00:00,436,r-scylla2,4,1,outgoing,138312
2026-09-21T15:41:30.015086+00:00,436,r-scylla3,4,0,incoming,138384
2026-09-21T15:41:30.015086+00:00,436,r-scylla3,4,0,outgoing,184392
2026-09-21T15:41:30.015086+00:00,436,r-scylla3,4,1,incoming,138710
2026-09-21T15:41:30.015086+00:00,436,r-scylla3,4,1,outgoing,506
2026-09-21T15:41:30.015086+00:00,436,r-scylla4,4,0,incoming,322776
2026-09-21T15:41:30.015086+00:00,436,r-scylla4,4,0,outgoing,0
2026-09-21T15:41:30.015086+00:00,436,r-scylla4,4,1,incoming,138818
2026-09-21T15:41:30.015086+00:00,436,r-scylla4,4,1,outgoing,0
2026-09-21T15:41:31.015236+00:00,437,r-scylla1,4,0,incoming,0
2026-09-21T15:41:31.015236+00:00,437,r-scylla1,4,0,outgoing,276768
2026-09-21T15:41:31.015236+00:00,437,r-scylla1,4,1,incoming,0
2026-09-21T15:41:31.015236+00:00,437,r-scylla1,4,1,outgoing,139000
2026-09-21T15:41:31.015236+00:00,437,r-scylla2,4,0,incoming,138384
2026-09-21T15:41:31.015236+00:00,437,r-scylla2,4,0,outgoing,138384
2026-09-21T15:41:31.015236+00:00,437,r-scylla2,4,1,incoming,290
2026-09-21T15:41:31.015236+00:00,437,r-scylla2,4,1,outgoing,138312
2026-09-21T15:41:31.015236+00:00,437,r-scylla3,4,0,incoming,138384
2026-09-21T15:41:31.015236+00:00,437,r-scylla3,4,0,outgoing,184392
2026-09-21T15:41:31.015236+00:00,437,r-scylla3,4,1,incoming,138710
2026-09-21T15:41:31.015236+00:00,437,r-scylla3,4,1,outgoing,506
2026-09-21T15:41:31.015236+00:00,437,r-scylla4,4,0,incoming,322776
2026-09-21T15:41:31.015236+00:00,437,r-scylla4,4,0,outgoing,0
2026-09-21T15:41:31.015236+00:00,437,r-scylla4,4,1,incoming,138818
2026-09-21T15:41:31.015236+00:00,437,r-scylla4,4,1,outgoing,0
2026-09-21T15:41:32.015565+00:00,438,r-scylla1,4,0,incoming,0
2026-09-21T15:41:32.015565+00:00,438,r-scylla1,4,0,outgoing,276768
2026-09-21T15:41:32.015565+00:00,438,r-scylla1,4,1,incoming,0
2026-09-21T15:41:32.015565+00:00,438,r-scylla1,4,1,outgoing,139000
2026-09-21T15:41:32.015565+00:00,438,r-scylla2,4,0,incoming,138384
2026-09-21T15:41:32.015565+00:00,438,r-scylla2,4,0,outgoing,138384
2026-09-21T15:41:32.015565+00:00,438,r-scylla2,4,1,incoming,290
2026-09-21T15:41:32.015565+00:00,438,r-scylla2,4,1,outgoing,138312
2026-09-21T15:41:32.015565+00:00,438,r-scylla3,4,0,incoming,138384
2026-09-21T15:41:32.015565+00:00,438,r-scylla3,4,0,outgoing,184392
2026-09-21T15:41:32.015565+00:00,438,r-scylla3,4,1,incoming,138710
2026-09-21T15:41:32.015565+00:00,438,r-scylla3,4,1,outgoing,506
2026-09-21T15:41:32.015565+00:00,438,r-scylla4,4,0,incoming,322776
2026-09-21T15:41:32.015565+00:00,438,r-scylla4,4,0,outgoing,0
2026-09-21T15:41:32.015565+00:00,438,r-scylla4,4,1,incoming,138818
2026-09-21T15:41:32.015565+00:00,438,r-scylla4,4,1,outgoing,0
2026-09-21T15:41:33.015803+00:00,439,r-scylla1,4,0,incoming,0
2026-09-21T15:41:33.015803+00:00,439,r-scylla1,4,0,outgoing,276768
2026-09-21T15:41:33.015803+00:00,439,r-scylla1,4,1,incoming,0
2026-09-21T15:41:33.015803+00:00,439,r-scylla1,4,1,outgoing,139000
2026-09-21T15:41:33.015803+00:00,439,r-scylla2,4,0,incoming,138384
2026-09-21T15:41:33.015803+00:00,439,r-scylla2,4,0,outgoing,138384
2026-09-21T15:41:33.015803+00:00,439,r-scylla2,4,1,incoming,290
2026-09-21T15:41:33.015803+00:00,439,r-scylla2,4,1,outgoing,138312
2026-09-21T15:41:33.015803+00:00,439,r-scylla3,4,0,incoming,138384
2026-09-21T15:41:33.015803+00:00,439,r-scylla3,4,0,outgoing,184392
2026-09-21T15:41:33.015803+00:00,439,r-scylla3,4,1,incoming,138710
2026-09-21T15:41:33.015803+00:00,439,r-scylla3,4,1,outgoing,506
2026-09-21T15:41:33.015803+00:00,439,r-scylla4,4,0,incoming,322776
2026-09-21T15:41:33.015803+00:00,439,r-scylla4,4,0,outgoing,0
2026-09-21T15:41:33.015803+00:00,439,r-scylla4,4,1,incoming,138818
2026-09-21T15:41:33.015803+00:00,439,r-scylla4,4,1,outgoing,0
2026-09-21T15:41:34.016022+00:00,440,r-scylla1,4,0,incoming,0
2026-09-21T15:41:34.016022+00:00,440,r-scylla1,4,0,outgoing,276768
2026-09-21T15:41:34.016022+00:00,440,r-scylla1,4,1,incoming,0
2026-09-21T15:41:34.016022+00:00,440,r-scylla1,4,1,outgoing,139000
2026-09-21T15:41:34.016022+00:00,440,r-scylla2,4,0,incoming,138384
2026-09-21T15:41:34.016022+00:00,440,r-scylla2,4,0,outgoing,138384
2026-09-21T15:41:34.016022+00:00,440,r-scylla2,4,1,incoming,290
2026-09-21T15:41:34.016022+00:00,440,r-scylla2,4,1,outgoing,138312
2026-09-21T15:41:34.016022+00:00,440,r-scylla3,4,0,incoming,138384
2026-09-21T15:41:34.016022+00:00,440,r-scylla3,4,0,outgoing,184392
2026-09-21T15:41:34.016022+00:00,440,r-scylla3,4,1,incoming,138710
2026-09-21T15:41:34.016022+00:00,440,r-scylla3,4,1,outgoing,506
2026-09-21T15:41:34.016022+00:00,440,r-scylla4,4,0,incoming,322776
2026-09-21T15:41:34.016022+00:00,440,r-scylla4,4,0,outgoing,0
2026-09-21T15:41:34.016022+00:00,440,r-scylla4,4,1,incoming,138818
2026-09-21T15:41:34.016022+00:00,440,r-scylla4,4,1,outgoing,0
2026-09-21T15:41:35.016233+00:00,441,r-scylla1,4,0,incoming,0
2026-09-21T15:41:35.016233+00:00,441,r-scylla1,4,0,outgoing,276768
2026-09-21T15:41:35.016233+00:00,441,r-scylla1,4,1,incoming,0
2026-09-21T15:41:35.016233+00:00,441,r-scylla1,4,1,outgoing,139000
2026-09-21T15:41:35.016233+00:00,441,r-scylla2,4,0,incoming,138384
2026-09-21T15:41:35.016233+00:00,441,r-scylla2,4,0,outgoing,138384
2026-09-21T15:41:35.016233+00:00,441,r-scylla2,4,1,incoming,290
2026-09-21T15:41:35.016233+00:00,441,r-scylla2,4,1,outgoing,138312
2026-09-21T15:41:35.016233+00:00,441,r-scylla3,4,0,incoming,138384
2026-09-21T15:41:35.016233+00:00,441,r-scylla3,4,0,outgoing,184392
2026-09-21T15:41:35.016233+00:00,441,r-scylla3,4,1,incoming,138710
2026-09-21T15:41:35.016233+00:00,441,r-scylla3,4,1,outgoing,506
2026-09-21T15:41:35.016233+00:00,441,r-scylla4,4,0,incoming,322776
2026-09-21T15:41:35.016233+00:00,441,r-scylla4,4,0,outgoing,0
2026-09-21T15:41:35.016233+00:00,441,r-scylla4,4,1,incoming,138818
2026-09-21T15:41:35.016233+00:00,441,r-scylla4,4,1,outgoing,0
2026-09-21T15:41:36.016445+00:00,442,r-scylla1,4,0,incoming,0
2026-09-21T15:41:36.016445+00:00,442,r-scylla1,4,0,outgoing,276768
2026-09-21T15:41:36.016445+00:00,442,r-scylla1,4,1,incoming,0
2026-09-21T15:41:36.016445+00:00,442,r-scylla1,4,1,outgoing,139000
2026-09-21T15:41:36.016445+00:00,442,r-scylla2,4,0,incoming,138384
2026-09-21T15:41:36.016445+00:00,442,r-scylla2,4,0,outgoing,138384
2026-09-21T15:41:36.016445+00:00,442,r-scylla2,4,1,incoming,290
2026-09-21T15:41:36.016445+00:00,442,r-scylla2,4,1,outgoing,138312
2026-09-21T15:41:36.016445+00:00,442,r-scylla3,4,0,incoming,138384
2026-09-21T15:41:36.016445+00:00,442,r-scylla3,4,0,outgoing,184392
2026-09-21T15:41:36.016445+00:00,442,r-scylla3,4,1,incoming,138710
2026-09-21T15:41:36.016445+00:00,442,r-scylla3,4,1,outgoing,506
2026-09-21T15:41:36.016445+00:00,442,r-scylla4,4,0,incoming,322776
2026-09-21T15:41:36.016445+00:00,442,r-scylla4,4,0,outgoing,0
2026-09-21T15:41:36.016445+00:00,442,r-scylla4,4,1,incoming,138818
2026-09-21T15:41:36.016445+00:00,442,r-scylla4,4,1,outgoing,0
2026-09-21T15:41:37.016746+00:00,443,r-scylla1,4,0,incoming,0
2026-09-21T15:41:37.016746+00:00,443,r-scylla1,4,0,outgoing,276768
2026-09-21T15:41:37.016746+00:00,443,r-scylla1,4,1,incoming,0
2026-09-21T15:41:37.016746+00:00,443,r-scylla1,4,1,outgoing,139000
2026-09-21T15:41:37.016746+00:00,443,r-scylla2,4,0,incoming,138384
2026-09-21T15:41:37.016746+00:00,443,r-scylla2,4,0,outgoing,138384
2026-09-21T15:41:37.016746+00:00,443,r-scylla2,4,1,incoming,290
2026-09-21T15:41:37.016746+00:00,443,r-scylla2,4,1,outgoing,138312
2026-09-21T15:41:37.016746+00:00,443,r-scylla3,4,0,incoming,138384
2026-09-21T15:41:37.016746+00:00,443,r-scylla3,4,0,outgoing,184392
2026-09-21T15:41:37.016746+00:00,443,r-scylla3,4,1,incoming,138710
2026-09-21T15:41:37.016746+00:00,443,r-scylla3,4,1,outgoing,506
2026-09-21T15:41:37.016746+00:00,443,r-scylla4,4,0,incoming,322776
2026-09-21T15:41:37.016746+00:00,443,r-scylla4,4,0,outgoing,0
2026-09-21T15:41:37.016746+00:00,443,r-scylla4,4,1,incoming,138818
2026-09-21T15:41:37.016746+00:00,443,r-scylla4,4,1,outgoing,0
2026-09-21T15:41:38.017178+00:00,444,r-scylla1,4,0,incoming,0
2026-09-21T15:41:38.017178+00:00,444,r-scylla1,4,0,outgoing,276768
2026-09-21T15:41:38.017178+00:00,444,r-scylla1,4,1,incoming,0
2026-09-21T15:41:38.017178+00:00,444,r-scylla1,4,1,outgoing,139000
2026-09-21T15:41:38.017178+00:00,444,r-scylla2,4,0,incoming,138384
2026-09-21T15:41:38.017178+00:00,444,r-scylla2,4,0,outgoing,138384
2026-09-21T15:41:38.017178+00:00,444,r-scylla2,4,1,incoming,290
2026-09-21T15:41:38.017178+00:00,444,r-scylla2,4,1,outgoing,138312
2026-09-21T15:41:38.017178+00:00,444,r-scylla3,4,0,incoming,138384
2026-09-21T15:41:38.017178+00:00,444,r-scylla3,4,0,outgoing,184392
2026-09-21T15:41:38.017178+00:00,444,r-scylla3,4,1,incoming,138710
2026-09-21T15:41:38.017178+00:00,444,r-scylla3,4,1,outgoing,506
2026-09-21T15:41:38.017178+00:00,444,r-scylla4,4,0,incoming,322776
2026-09-21T15:41:38.017178+00:00,444,r-scylla4,4,0,outgoing,0
2026-09-21T15:41:38.017178+00:00,444,r-scylla4,4,1,incoming,138818
2026-09-21T15:41:38.017178+00:00,444,r-scylla4,4,1,outgoing,0
2026-09-21T15:41:39.017439+00:00,445,r-scylla1,4,0,incoming,0
2026-09-21T15:41:39.017439+00:00,445,r-scylla1,4,0,outgoing,276768
2026-09-21T15:41:39.017439+00:00,445,r-scylla1,4,1,incoming,0
2026-09-21T15:41:39.017439+00:00,445,r-scylla1,4,1,outgoing,139000
2026-09-21T15:41:39.017439+00:00,445,r-scylla2,4,0,incoming,138384
2026-09-21T15:41:39.017439+00:00,445,r-scylla2,4,0,outgoing,138384
2026-09-21T15:41:39.017439+00:00,445,r-scylla2,4,1,incoming,290
2026-09-21T15:41:39.017439+00:00,445,r-scylla2,4,1,outgoing,138312
2026-09-21T15:41:39.017439+00:00,445,r-scylla3,4,0,incoming,138384
2026-09-21T15:41:39.017439+00:00,445,r-scylla3,4,0,outgoing,184392
2026-09-21T15:41:39.017439+00:00,445,r-scylla3,4,1,incoming,138710
2026-09-21T15:41:39.017439+00:00,445,r-scylla3,4,1,outgoing,506
2026-09-21T15:41:39.017439+00:00,445,r-scylla4,4,0,incoming,322776
2026-09-21T15:41:39.017439+00:00,445,r-scylla4,4,0,outgoing,0
2026-09-21T15:41:39.017439+00:00,445,r-scylla4,4,1,incoming,138818
2026-09-21T15:41:39.017439+00:00,445,r-scylla4,4,1,outgoing,0
2026-09-21T15:41:40.017616+00:00,446,r-scylla1,4,0,incoming,0
2026-09-21T15:41:40.017616+00:00,446,r-scylla1,4,0,outgoing,276768
2026-09-21T15:41:40.017616+00:00,446,r-scylla1,4,1,incoming,0
2026-09-21T15:41:40.017616+00:00,446,r-scylla1,4,1,outgoing,139000
2026-09-21T15:41:40.017616+00:00,446,r-scylla2,4,0,incoming,138384
2026-09-21T15:41:40.017616+00:00,446,r-scylla2,4,0,outgoing,138384
2026-09-21T15:41:40.017616+00:00,446,r-scylla2,4,1,incoming,290
2026-09-21T15:41:40.017616+00:00,446,r-scylla2,4,1,outgoing,138312
2026-09-21T15:41:40.017616+00:00,446,r-scylla3,4,0,incoming,138384
2026-09-21T15:41:40.017616+00:00,446,r-scylla3,4,0,outgoing,184392
2026-09-21T15:41:40.017616+00:00,446,r-scylla3,4,1,incoming,138710
2026-09-21T15:41:40.017616+00:00,446,r-scylla3,4,1,outgoing,506
2026-09-21T15:41:40.017616+00:00,446,r-scylla4,4,0,incoming,322776
2026-09-21T15:41:40.017616+00:00,446,r-scylla4,4,0,outgoing,0
2026-09-21T15:41:40.017616+00:00,446,r-scylla4,4,1,incoming,138818
2026-09-21T15:41:40.017616+00:00,446,r-scylla4,4,1,outgoing,0
2026-09-21T15:41:41.017890+00:00,447,r-scylla1,4,0,incoming,0
2026-09-21T15:41:41.017890+00:00,447,r-scylla1,4,0,outgoing,276768
2026-09-21T15:41:41.017890+00:00,447,r-scylla1,4,1,incoming,0
2026-09-21T15:41:41.017890+00:00,447,r-scylla1,4,1,outgoing,139000
2026-09-21T15:41:41.017890+00:00,447,r-scylla2,4,0,incoming,138384
2026-09-21T15:41:41.017890+00:00,447,r-scylla2,4,0,outgoing,138384
2026-09-21T15:41:41.017890+00:00,447,r-scylla2,4,1,incoming,290
2026-09-21T15:41:41.017890+00:00,447,r-scylla2,4,1,outgoing,138312
2026-09-21T15:41:41.017890+00:00,447,r-scylla3,4,0,incoming,138384
2026-09-21T15:41:41.017890+00:00,447,r-scylla3,4,0,outgoing,184392
2026-09-21T15:41:41.017890+00:00,447,r-scylla3,4,1,incoming,138710
2026-09-21T15:41:41.017890+00:00,447,r-scylla3,4,1,outgoing,506
2026-09-21T15:41:41.017890+00:00,447,r-scylla4,4,0,incoming,322776
2026-09-21T15:41:41.017890+00:00,447,r-scylla4,4,0,outgoing,0
2026-09-21T15:41:41.017890+00:00,447,r-scylla4,4,1,incoming,138818
2026-09-21T15:41:41.017890+00:00,447,r-scylla4,4,1,outgoing,0
2026-09-21T15:41:42.018182+00:00,448,r-scylla1,4,0,incoming,0
2026-09-21T15:41:42.018182+00:00,448,r-scylla1,4,0,outgoing,276768
2026-09-21T15:41:42.018182+00:00,448,r-scylla1,4,1,incoming,0
2026-09-21T15:41:42.018182+00:00,448,r-scylla1,4,1,outgoing,139000
2026-09-21T15:41:42.018182+00:00,448,r-scylla2,4,0,incoming,138384
2026-09-21T15:41:42.018182+00:00,448,r-scylla2,4,0,outgoing,138384
2026-09-21T15:41:42.018182+00:00,448,r-scylla2,4,1,incoming,290
2026-09-21T15:41:42.018182+00:00,448,r-scylla2,4,1,outgoing,138312
2026-09-21T15:41:42.018182+00:00,448,r-scylla3,4,0,incoming,138384
2026-09-21T15:41:42.018182+00:00,448,r-scylla3,4,0,outgoing,184392
2026-09-21T15:41:42.018182+00:00,448,r-scylla3,4,1,incoming,138710
2026-09-21T15:41:42.018182+00:00,448,r-scylla3,4,1,outgoing,506
2026-09-21T15:41:42.018182+00:00,448,r-scylla4,4,0,incoming,322776
2026-09-21T15:41:42.018182+00:00,448,r-scylla4,4,0,outgoing,0
2026-09-21T15:41:42.018182+00:00,448,r-scylla4,4,1,incoming,138818
2026-09-21T15:41:42.018182+00:00,448,r-scylla4,4,1,outgoing,0
2026-09-21T15:41:43.018488+00:00,449,r-scylla1,4,0,incoming,0
2026-09-21T15:41:43.018488+00:00,449,r-scylla1,4,0,outgoing,276768
2026-09-21T15:41:43.018488+00:00,449,r-scylla1,4,1,incoming,0
2026-09-21T15:41:43.018488+00:00,449,r-scylla1,4,1,outgoing,139000
2026-09-21T15:41:43.018488+00:00,449,r-scylla2,4,0,incoming,138384
2026-09-21T15:41:43.018488+00:00,449,r-scylla2,4,0,outgoing,138384
2026-09-21T15:41:43.018488+00:00,449,r-scylla2,4,1,incoming,290
2026-09-21T15:41:43.018488+00:00,449,r-scylla2,4,1,outgoing,138312
2026-09-21T15:41:43.018488+00:00,449,r-scylla3,4,0,incoming,138384
2026-09-21T15:41:43.018488+00:00,449,r-scylla3,4,0,outgoing,184392
2026-09-21T15:41:43.018488+00:00,449,r-scylla3,4,1,incoming,138710
2026-09-21T15:41:43.018488+00:00,449,r-scylla3,4,1,outgoing,506
2026-09-21T15:41:43.018488+00:00,449,r-scylla4,4,0,incoming,322776
2026-09-21T15:41:43.018488+00:00,449,r-scylla4,4,0,outgoing,0
2026-09-21T15:41:43.018488+00:00,449,r-scylla4,4,1,incoming,138818
2026-09-21T15:41:43.018488+00:00,449,r-scylla4,4,1,outgoing,0
2026-09-21T15:41:44.018707+00:00,450,r-scylla1,4,0,incoming,0
2026-09-21T15:41:44.018707+00:00,450,r-scylla1,4,0,outgoing,276768
2026-09-21T15:41:44.018707+00:00,450,r-scylla1,4,1,incoming,0
2026-09-21T15:41:44.018707+00:00,450,r-scylla1,4,1,outgoing,139000
2026-09-21T15:41:44.018707+00:00,450,r-scylla2,4,0,incoming,138384
2026-09-21T15:41:44.018707+00:00,450,r-scylla2,4,0,outgoing,138384
2026-09-21T15:41:44.018707+00:00,450,r-scylla2,4,1,incoming,290
2026-09-21T15:41:44.018707+00:00,450,r-scylla2,4,1,outgoing,138312
2026-09-21T15:41:44.018707+00:00,450,r-scylla3,4,0,incoming,138384
2026-09-21T15:41:44.018707+00:00,450,r-scylla3,4,0,outgoing,184392
2026-09-21T15:41:44.018707+00:00,450,r-scylla3,4,1,incoming,138710
2026-09-21T15:41:44.018707+00:00,450,r-scylla3,4,1,outgoing,506
2026-09-21T15:41:44.018707+00:00,450,r-scylla4,4,0,incoming,322776
2026-09-21T15:41:44.018707+00:00,450,r-scylla4,4,0,outgoing,0
2026-09-21T15:41:44.018707+00:00,450,r-scylla4,4,1,incoming,138818
2026-09-21T15:41:44.018707+00:00,450,r-scylla4,4,1,outgoing,0
2026-09-21T15:41:45.019013+00:00,451,r-scylla1,4,0,incoming,0
2026-09-21T15:41:45.019013+00:00,451,r-scylla1,4,0,outgoing,276768
2026-09-21T15:41:45.019013+00:00,451,r-scylla1,4,1,incoming,0
2026-09-21T15:41:45.019013+00:00,451,r-scylla1,4,1,outgoing,139000
2026-09-21T15:41:45.019013+00:00,451,r-scylla2,4,0,incoming,138384
2026-09-21T15:41:45.019013+00:00,451,r-scylla2,4,0,outgoing,138384
2026-09-21T15:41:45.019013+00:00,451,r-scylla2,4,1,incoming,290
2026-09-21T15:41:45.019013+00:00,451,r-scylla2,4,1,outgoing,138312
2026-09-21T15:41:45.019013+00:00,451,r-scylla3,4,0,incoming,138384
2026-09-21T15:41:45.019013+00:00,451,r-scylla3,4,0,outgoing,184392
2026-09-21T15:41:45.019013+00:00,451,r-scylla3,4,1,incoming,138710
2026-09-21T15:41:45.019013+00:00,451,r-scylla3,4,1,outgoing,506
2026-09-21T15:41:45.019013+00:00,451,r-scylla4,4,0,incoming,322776
2026-09-21T15:41:45.019013+00:00,451,r-scylla4,4,0,outgoing,0
2026-09-21T15:41:45.019013+00:00,451,r-scylla4,4,1,incoming,138818
2026-09-21T15:41:45.019013+00:00,451,r-scylla4,4,1,outgoing,0
2026-09-21T15:41:46.019306+00:00,452,r-scylla1,4,0,incoming,0
2026-09-21T15:41:46.019306+00:00,452,r-scylla1,4,0,outgoing,276768
2026-09-21T15:41:46.019306+00:00,452,r-scylla1,4,1,incoming,0
2026-09-21T15:41:46.019306+00:00,452,r-scylla1,4,1,outgoing,139000
2026-09-21T15:41:46.019306+00:00,452,r-scylla2,4,0,incoming,138384
2026-09-21T15:41:46.019306+00:00,452,r-scylla2,4,0,outgoing,138384
2026-09-21T15:41:46.019306+00:00,452,r-scylla2,4,1,incoming,290
2026-09-21T15:41:46.019306+00:00,452,r-scylla2,4,1,outgoing,138312
2026-09-21T15:41:46.019306+00:00,452,r-scylla3,4,0,incoming,138384
2026-09-21T15:41:46.019306+00:00,452,r-scylla3,4,0,outgoing,184392
2026-09-21T15:41:46.019306+00:00,452,r-scylla3,4,1,incoming,138710
2026-09-21T15:41:46.019306+00:00,452,r-scylla3,4,1,outgoing,506
2026-09-21T15:41:46.019306+00:00,452,r-scylla4,4,0,incoming,322776
2026-09-21T15:41:46.019306+00:00,452,r-scylla4,4,0,outgoing,0
2026-09-21T15:41:46.019306+00:00,452,r-scylla4,4,1,incoming,138818
2026-09-21T15:41:46.019306+00:00,452,r-scylla4,4,1,outgoing,0
2026-09-21T15:41:47.019619+00:00,453,r-scylla1,4,0,incoming,0
2026-09-21T15:41:47.019619+00:00,453,r-scylla1,4,0,outgoing,276768
2026-09-21T15:41:47.019619+00:00,453,r-scylla1,4,1,incoming,0
2026-09-21T15:41:47.019619+00:00,453,r-scylla1,4,1,outgoing,139000
2026-09-21T15:41:47.019619+00:00,453,r-scylla2,4,0,incoming,138384
2026-09-21T15:41:47.019619+00:00,453,r-scylla2,4,0,outgoing,138384
2026-09-21T15:41:47.019619+00:00,453,r-scylla2,4,1,incoming,290
2026-09-21T15:41:47.019619+00:00,453,r-scylla2,4,1,outgoing,138312
2026-09-21T15:41:47.019619+00:00,453,r-scylla3,4,0,incoming,138384
2026-09-21T15:41:47.019619+00:00,453,r-scylla3,4,0,outgoing,184392
2026-09-21T15:41:47.019619+00:00,453,r-scylla3,4,1,incoming,138710
2026-09-21T15:41:47.019619+00:00,453,r-scylla3,4,1,outgoing,506
2026-09-21T15:41:47.019619+00:00,453,r-scylla4,4,0,incoming,322776
2026-09-21T15:41:47.019619+00:00,453,r-scylla4,4,0,outgoing,0
2026-09-21T15:41:47.019619+00:00,453,r-scylla4,4,1,incoming,138818
2026-09-21T15:41:47.019619+00:00,453,r-scylla4,4,1,outgoing,0
2026-09-21T15:41:48.019919+00:00,454,r-scylla1,4,0,incoming,0
2026-09-21T15:41:48.019919+00:00,454,r-scylla1,4,0,outgoing,276768
2026-09-21T15:41:48.019919+00:00,454,r-scylla1,4,1,incoming,0
2026-09-21T15:41:48.019919+00:00,454,r-scylla1,4,1,outgoing,139000
2026-09-21T15:41:48.019919+00:00,454,r-scylla2,4,0,incoming,138384
2026-09-21T15:41:48.019919+00:00,454,r-scylla2,4,0,outgoing,138384
2026-09-21T15:41:48.019919+00:00,454,r-scylla2,4,1,incoming,290
2026-09-21T15:41:48.019919+00:00,454,r-scylla2,4,1,outgoing,138312
2026-09-21T15:41:48.019919+00:00,454,r-scylla3,4,0,incoming,138384
2026-09-21T15:41:48.019919+00:00,454,r-scylla3,4,0,outgoing,184392
2026-09-21T15:41:48.019919+00:00,454,r-scylla3,4,1,incoming,138710
2026-09-21T15:41:48.019919+00:00,454,r-scylla3,4,1,outgoing,506
2026-09-21T15:41:48.019919+00:00,454,r-scylla4,4,0,incoming,322776
2026-09-21T15:41:48.019919+00:00,454,r-scylla4,4,0,outgoing,0
2026-09-21T15:41:48.019919+00:00,454,r-scylla4,4,1,incoming,138818
2026-09-21T15:41:48.019919+00:00,454,r-scylla4,4,1,outgoing,0
2026-09-21T15:41:49.020214+00:00,455,r-scylla1,4,0,incoming,0
2026-09-21T15:41:49.020214+00:00,455,r-scylla1,4,0,outgoing,276768
2026-09-21T15:41:49.020214+00:00,455,r-scylla1,4,1,incoming,0
2026-09-21T15:41:49.020214+00:00,455,r-scylla1,4,1,outgoing,139000
2026-09-21T15:41:49.020214+00:00,455,r-scylla2,4,0,incoming,138384
2026-09-21T15:41:49.020214+00:00,455,r-scylla2,4,0,outgoing,138384
2026-09-21T15:41:49.020214+00:00,455,r-scylla2,4,1,incoming,290
2026-09-21T15:41:49.020214+00:00,455,r-scylla2,4,1,outgoing,138312
2026-09-21T15:41:49.020214+00:00,455,r-scylla3,4,0,incoming,138384
2026-09-21T15:41:49.020214+00:00,455,r-scylla3,4,0,outgoing,184392
2026-09-21T15:41:49.020214+00:00,455,r-scylla3,4,1,incoming,138710
2026-09-21T15:41:49.020214+00:00,455,r-scylla3,4,1,outgoing,506
2026-09-21T15:41:49.020214+00:00,455,r-scylla4,4,0,incoming,322776
2026-09-21T15:41:49.020214+00:00,455,r-scylla4,4,0,outgoing,0
2026-09-21T15:41:49.020214+00:00,455,r-scylla4,4,1,incoming,138818
2026-09-21T15:41:49.020214+00:00,455,r-scylla4,4,1,outgoing,0
2026-09-21T15:41:50.019080+00:00,456,r-scylla1,4,0,incoming,0
2026-09-21T15:41:50.019080+00:00,456,r-scylla1,4,0,outgoing,276768
2026-09-21T15:41:50.019080+00:00,456,r-scylla1,4,1,incoming,0
2026-09-21T15:41:50.019080+00:00,456,r-scylla1,4,1,outgoing,139000
2026-09-21T15:41:50.019080+00:00,456,r-scylla2,4,0,incoming,138384
2026-09-21T15:41:50.019080+00:00,456,r-scylla2,4,0,outgoing,138384
2026-09-21T15:41:50.019080+00:00,456,r-scylla2,4,1,incoming,290
2026-09-21T15:41:50.019080+00:00,456,r-scylla2,4,1,outgoing,138312
2026-09-21T15:41:50.019080+00:00,456,r-scylla3,4,0,incoming,138384
2026-09-21T15:41:50.019080+00:00,456,r-scylla3,4,0,outgoing,184392
2026-09-21T15:41:50.019080+00:00,456,r-scylla3,4,1,incoming,138710
2026-09-21T15:41:50.019080+00:00,456,r-scylla3,4,1,outgoing,506
2026-09-21T15:41:50.019080+00:00,456,r-scylla4,4,0,incoming,322776
2026-09-21T15:41:50.019080+00:00,456,r-scylla4,4,0,outgoing,0
2026-09-21T15:41:50.019080+00:00,456,r-scylla4,4,1,incoming,138818
2026-09-21T15:41:50.019080+00:00,456,r-scylla4,4,1,outgoing,0
2026-09-21T15:41:51.019436+00:00,457,r-scylla1,4,0,incoming,0
2026-09-21T15:41:51.019436+00:00,457,r-scylla1,4,0,outgoing,276768
2026-09-21T15:41:51.019436+00:00,457,r-scylla1,4,1,incoming,0
2026-09-21T15:41:51.019436+00:00,457,r-scylla1,4,1,outgoing,139000
2026-09-21T15:41:51.019436+00:00,457,r-scylla2,4,0,incoming,138384
2026-09-21T15:41:51.019436+00:00,457,r-scylla2,4,0,outgoing,138384
2026-09-21T15:41:51.019436+00:00,457,r-scylla2,4,1,incoming,290
2026-09-21T15:41:51.019436+00:00,457,r-scylla2,4,1,outgoing,138312
2026-09-21T15:41:51.019436+00:00,457,r-scylla3,4,0,incoming,138384
2026-09-21T15:41:51.019436+00:00,457,r-scylla3,4,0,outgoing,184392
2026-09-21T15:41:51.019436+00:00,457,r-scylla3,4,1,incoming,138710
2026-09-21T15:41:51.019436+00:00,457,r-scylla3,4,1,outgoing,506
2026-09-21T15:41:51.019436+00:00,457,r-scylla4,4,0,incoming,322776
2026-09-21T15:41:51.019436+00:00,457,r-scylla4,4,0,outgoing,0
2026-09-21T15:41:51.019436+00:00,457,r-scylla4,4,1,incoming,138818
2026-09-21T15:41:51.019436+00:00,457,r-scylla4,4,1,outgoing,0
2026-09-21T15:41:52.019581+00:00,458,r-scylla1,4,0,incoming,0
2026-09-21T15:41:52.019581+00:00,458,r-scylla1,4,0,outgoing,276768
2026-09-21T15:41:52.019581+00:00,458,r-scylla1,4,1,incoming,0
2026-09-21T15:41:52.019581+00:00,458,r-scylla1,4,1,outgoing,139000
2026-09-21T15:41:52.019581+00:00,458,r-scylla2,4,0,incoming,138384
2026-09-21T15:41:52.019581+00:00,458,r-scylla2,4,0,outgoing,138384
2026-09-21T15:41:52.019581+00:00,458,r-scylla2,4,1,incoming,290
2026-09-21T15:41:52.019581+00:00,458,r-scylla2,4,1,outgoing,138312
2026-09-21T15:41:52.019581+00:00,458,r-scylla3,4,0,incoming,138384
2026-09-21T15:41:52.019581+00:00,458,r-scylla3,4,0,outgoing,184392
2026-09-21T15:41:52.019581+00:00,458,r-scylla3,4,1,incoming,138710
2026-09-21T15:41:52.019581+00:00,458,r-scylla3,4,1,outgoing,506
2026-09-21T15:41:52.019581+00:00,458,r-scylla4,4,0,incoming,322776
2026-09-21T15:41:52.019581+00:00,458,r-scylla4,4,0,outgoing,0
2026-09-21T15:41:52.019581+00:00,458,r-scylla4,4,1,incoming,138818
2026-09-21T15:41:52.019581+00:00,458,r-scylla4,4,1,outgoing,0
2026-09-21T15:41:53.019857+00:00,459,r-scylla1,4,0,incoming,0
2026-09-21T15:41:53.019857+00:00,459,r-scylla1,4,0,outgoing,276768
2026-09-21T15:41:53.019857+00:00,459,r-scylla1,4,1,incoming,0
2026-09-21T15:41:53.019857+00:00,459,r-scylla1,4,1,outgoing,139000
2026-09-21T15:41:53.019857+00:00,459,r-scylla2,4,0,incoming,138384
2026-09-21T15:41:53.019857+00:00,459,r-scylla2,4,0,outgoing,138384
2026-09-21T15:41:53.019857+00:00,459,r-scylla2,4,1,incoming,290
2026-09-21T15:41:53.019857+00:00,459,r-scylla2,4,1,outgoing,138312
2026-09-21T15:41:53.019857+00:00,459,r-scylla3,4,0,incoming,138384
2026-09-21T15:41:53.019857+00:00,459,r-scylla3,4,0,outgoing,184392
2026-09-21T15:41:53.019857+00:00,459,r-scylla3,4,1,incoming,138710
2026-09-21T15:41:53.019857+00:00,459,r-scylla3,4,1,outgoing,506
2026-09-21T15:41:53.019857+00:00,459,r-scylla4,4,0,incoming,322776
2026-09-21T15:41:53.019857+00:00,459,r-scylla4,4,0,outgoing,0
2026-09-21T15:41:53.019857+00:00,459,r-scylla4,4,1,incoming,138818
2026-09-21T15:41:53.019857+00:00,459,r-scylla4,4,1,outgoing,0
2026-09-21T15:41:54.019982+00:00,460,r-scylla1,4,0,incoming,0
2026-09-21T15:41:54.019982+00:00,460,r-scylla1,4,0,outgoing,276768
2026-09-21T15:41:54.019982+00:00,460,r-scylla1,4,1,incoming,0
2026-09-21T15:41:54.019982+00:00,460,r-scylla1,4,1,outgoing,139000
2026-09-21T15:41:54.019982+00:00,460,r-scylla2,4,0,incoming,138384
2026-09-21T15:41:54.019982+00:00,460,r-scylla2,4,0,outgoing,138384
2026-09-21T15:41:54.019982+00:00,460,r-scylla2,4,1,incoming,290
2026-09-21T15:41:54.019982+00:00,460,r-scylla2,4,1,outgoing,138312
2026-09-21T15:41:54.019982+00:00,460,r-scylla3,4,0,incoming,138384
2026-09-21T15:41:54.019982+00:00,460,r-scylla3,4,0,outgoing,184392
2026-09-21T15:41:54.019982+00:00,460,r-scylla3,4,1,incoming,138710
2026-09-21T15:41:54.019982+00:00,460,r-scylla3,4,1,outgoing,506
2026-09-21T15:41:54.019982+00:00,460,r-scylla4,4,0,incoming,322776
2026-09-21T15:41:54.019982+00:00,460,r-scylla4,4,0,outgoing,0
2026-09-21T15:41:54.019982+00:00,460,r-scylla4,4,1,incoming,138818
2026-09-21T15:41:54.019982+00:00,460,r-scylla4,4,1,outgoing,0
2026-09-21T15:41:55.020387+00:00,461,r-scylla1,4,0,incoming,0
2026-09-21T15:41:55.020387+00:00,461,r-scylla1,4,0,outgoing,276768
2026-09-21T15:41:55.020387+00:00,461,r-scylla1,4,1,incoming,0
2026-09-21T15:41:55.020387+00:00,461,r-scylla1,4,1,outgoing,139000
2026-09-21T15:41:55.020387+00:00,461,r-scylla2,4,0,incoming,138384
2026-09-21T15:41:55.020387+00:00,461,r-scylla2,4,0,outgoing,138384
2026-09-21T15:41:55.020387+00:00,461,r-scylla2,4,1,incoming,290
2026-09-21T15:41:55.020387+00:00,461,r-scylla2,4,1,outgoing,138312
2026-09-21T15:41:55.020387+00:00,461,r-scylla3,4,0,incoming,138384
2026-09-21T15:41:55.020387+00:00,461,r-scylla3,4,0,outgoing,184392
2026-09-21T15:41:55.020387+00:00,461,r-scylla3,4,1,incoming,138710
2026-09-21T15:41:55.020387+00:00,461,r-scylla3,4,1,outgoing,506
2026-09-21T15:41:55.020387+00:00,461,r-scylla4,4,0,incoming,322776
2026-09-21T15:41:55.020387+00:00,461,r-scylla4,4,0,outgoing,0
2026-09-21T15:41:55.020387+00:00,461,r-scylla4,4,1,incoming,138818
2026-09-21T15:41:55.020387+00:00,461,r-scylla4,4,1,outgoing,0
2026-09-21T15:41:56.020822+00:00,462,r-scylla1,4,0,incoming,0
2026-09-21T15:41:56.020822+00:00,462,r-scylla1,4,0,outgoing,276768
2026-09-21T15:41:56.020822+00:00,462,r-scylla1,4,1,incoming,0
2026-09-21T15:41:56.020822+00:00,462,r-scylla1,4,1,outgoing,139000
2026-09-21T15:41:56.020822+00:00,462,r-scylla2,4,0,incoming,138384
2026-09-21T15:41:56.020822+00:00,462,r-scylla2,4,0,outgoing,138384
2026-09-21T15:41:56.020822+00:00,462,r-scylla2,4,1,incoming,290
2026-09-21T15:41:56.020822+00:00,462,r-scylla2,4,1,outgoing,138312
2026-09-21T15:41:56.020822+00:00,462,r-scylla3,4,0,incoming,138384
2026-09-21T15:41:56.020822+00:00,462,r-scylla3,4,0,outgoing,184392
2026-09-21T15:41:56.020822+00:00,462,r-scylla3,4,1,incoming,138710
2026-09-21T15:41:56.020822+00:00,462,r-scylla3,4,1,outgoing,506
2026-09-21T15:41:56.020822+00:00,462,r-scylla4,4,0,incoming,322776
2026-09-21T15:41:56.020822+00:00,462,r-scylla4,4,0,outgoing,0
2026-09-21T15:41:56.020822+00:00,462,r-scylla4,4,1,incoming,138818
2026-09-21T15:41:56.020822+00:00,462,r-scylla4,4,1,outgoing,0
2026-09-21T15:41:57.021406+00:00,463,r-scylla1,4,0,incoming,0
2026-09-21T15:41:57.021406+00:00,463,r-scylla1,4,0,outgoing,276768
2026-09-21T15:41:57.021406+00:00,463,r-scylla1,4,1,incoming,0
2026-09-21T15:41:57.021406+00:00,463,r-scylla1,4,1,outgoing,139000
2026-09-21T15:41:57.021406+00:00,463,r-scylla2,4,0,incoming,138384
2026-09-21T15:41:57.021406+00:00,463,r-scylla2,4,0,outgoing,138384
2026-09-21T15:41:57.021406+00:00,463,r-scylla2,4,1,incoming,290
2026-09-21T15:41:57.021406+00:00,463,r-scylla2,4,1,outgoing,138312
2026-09-21T15:41:57.021406+00:00,463,r-scylla3,4,0,incoming,138384
2026-09-21T15:41:57.021406+00:00,463,r-scylla3,4,0,outgoing,184392
2026-09-21T15:41:57.021406+00:00,463,r-scylla3,4,1,incoming,138710
2026-09-21T15:41:57.021406+00:00,463,r-scylla3,4,1,outgoing,506
2026-09-21T15:41:57.021406+00:00,463,r-scylla4,4,0,incoming,322776
2026-09-21T15:41:57.021406+00:00,463,r-scylla4,4,0,outgoing,0
2026-09-21T15:41:57.021406+00:00,463,r-scylla4,4,1,incoming,138818
2026-09-21T15:41:57.021406+00:00,463,r-scylla4,4,1,outgoing,0
2026-09-21T15:41:58.021648+00:00,464,r-scylla1,4,0,incoming,0
2026-09-21T15:41:58.021648+00:00,464,r-scylla1,4,0,outgoing,276768
2026-09-21T15:41:58.021648+00:00,464,r-scylla1,4,1,incoming,0
2026-09-21T15:41:58.021648+00:00,464,r-scylla1,4,1,outgoing,139000
2026-09-21T15:41:58.021648+00:00,464,r-scylla2,4,0,incoming,138384
2026-09-21T15:41:58.021648+00:00,464,r-scylla2,4,0,outgoing,138384
2026-09-21T15:41:58.021648+00:00,464,r-scylla2,4,1,incoming,290
2026-09-21T15:41:58.021648+00:00,464,r-scylla2,4,1,outgoing,138312
2026-09-21T15:41:58.021648+00:00,464,r-scylla3,4,0,incoming,138384
2026-09-21T15:41:58.021648+00:00,464,r-scylla3,4,0,outgoing,184392
2026-09-21T15:41:58.021648+00:00,464,r-scylla3,4,1,incoming,138710
2026-09-21T15:41:58.021648+00:00,464,r-scylla3,4,1,outgoing,506
2026-09-21T15:41:58.021648+00:00,464,r-scylla4,4,0,incoming,322776
2026-09-21T15:41:58.021648+00:00,464,r-scylla4,4,0,outgoing,0
2026-09-21T15:41:58.021648+00:00,464,r-scylla4,4,1,incoming,138818
2026-09-21T15:41:58.021648+00:00,464,r-scylla4,4,1,outgoing,0
2026-09-21T15:41:59.021940+00:00,465,r-scylla1,4,0,incoming,0
2026-09-21T15:41:59.021940+00:00,465,r-scylla1,4,0,outgoing,276768
2026-09-21T15:41:59.021940+00:00,465,r-scylla1,4,1,incoming,0
2026-09-21T15:41:59.021940+00:00,465,r-scylla1,4,1,outgoing,139000
2026-09-21T15:41:59.021940+00:00,465,r-scylla2,4,0,incoming,138384
2026-09-21T15:41:59.021940+00:00,465,r-scylla2,4,0,outgoing,138384
2026-09-21T15:41:59.021940+00:00,465,r-scylla2,4,1,incoming,290
2026-09-21T15:41:59.021940+00:00,465,r-scylla2,4,1,outgoing,138312
2026-09-21T15:41:59.021940+00:00,465,r-scylla3,4,0,incoming,138384
2026-09-21T15:41:59.021940+00:00,465,r-scylla3,4,0,outgoing,184392
2026-09-21T15:41:59.021940+00:00,465,r-scylla3,4,1,incoming,138710
2026-09-21T15:41:59.021940+00:00,465,r-scylla3,4,1,outgoing,506
2026-09-21T15:41:59.021940+00:00,465,r-scylla4,4,0,incoming,322776
2026-09-21T15:41:59.021940+00:00,465,r-scylla4,4,0,outgoing,0
2026-09-21T15:41:59.021940+00:00,465,r-scylla4,4,1,incoming,138818
2026-09-21T15:41:59.021940+00:00,465,r-scylla4,4,1,outgoing,0
2026-09-21T15:42:00.022258+00:00,466,r-scylla1,4,0,incoming,0
2026-09-21T15:42:00.022258+00:00,466,r-scylla1,4,0,outgoing,276768
2026-09-21T15:42:00.022258+00:00,466,r-scylla1,4,1,incoming,0
2026-09-21T15:42:00.022258+00:00,466,r-scylla1,4,1,outgoing,139000
2026-09-21T15:42:00.022258+00:00,466,r-scylla2,4,0,incoming,138384
2026-09-21T15:42:00.022258+00:00,466,r-scylla2,4,0,outgoing,138384
2026-09-21T15:42:00.022258+00:00,466,r-scylla2,4,1,incoming,290
2026-09-21T15:42:00.022258+00:00,466,r-scylla2,4,1,outgoing,138312
2026-09-21T15:42:00.022258+00:00,466,r-scylla3,4,0,incoming,138384
2026-09-21T15:42:00.022258+00:00,466,r-scylla3,4,0,outgoing,184392
2026-09-21T15:42:00.022258+00:00,466,r-scylla3,4,1,incoming,138710
2026-09-21T15:42:00.022258+00:00,466,r-scylla3,4,1,outgoing,506
2026-09-21T15:42:00.022258+00:00,466,r-scylla4,4,0,incoming,322776
2026-09-21T15:42:00.022258+00:00,466,r-scylla4,4,0,outgoing,0
2026-09-21T15:42:00.022258+00:00,466,r-scylla4,4,1,incoming,138818
2026-09-21T15:42:00.022258+00:00,466,r-scylla4,4,1,outgoing,0
2026-09-21T15:42:01.022522+00:00,467,r-scylla1,4,0,incoming,0
2026-09-21T15:42:01.022522+00:00,467,r-scylla1,4,0,outgoing,276768
2026-09-21T15:42:01.022522+00:00,467,r-scylla1,4,1,incoming,0
2026-09-21T15:42:01.022522+00:00,467,r-scylla1,4,1,outgoing,139000
2026-09-21T15:42:01.022522+00:00,467,r-scylla2,4,0,incoming,138384
2026-09-21T15:42:01.022522+00:00,467,r-scylla2,4,0,outgoing,138384
2026-09-21T15:42:01.022522+00:00,467,r-scylla2,4,1,incoming,290
2026-09-21T15:42:01.022522+00:00,467,r-scylla2,4,1,outgoing,138312
2026-09-21T15:42:01.022522+00:00,467,r-scylla3,4,0,incoming,138384
2026-09-21T15:42:01.022522+00:00,467,r-scylla3,4,0,outgoing,184392
2026-09-21T15:42:01.022522+00:00,467,r-scylla3,4,1,incoming,138710
2026-09-21T15:42:01.022522+00:00,467,r-scylla3,4,1,outgoing,506
2026-09-21T15:42:01.022522+00:00,467,r-scylla4,4,0,incoming,322776
2026-09-21T15:42:01.022522+00:00,467,r-scylla4,4,0,outgoing,0
2026-09-21T15:42:01.022522+00:00,467,r-scylla4,4,1,incoming,138818
2026-09-21T15:42:01.022522+00:00,467,r-scylla4,4,1,outgoing,0
2026-09-21T15:42:02.022702+00:00,468,r-scylla1,4,0,incoming,0
2026-09-21T15:42:02.022702+00:00,468,r-scylla1,4,0,outgoing,276768
2026-09-21T15:42:02.022702+00:00,468,r-scylla1,4,1,incoming,0
2026-09-21T15:42:02.022702+00:00,468,r-scylla1,4,1,outgoing,139000
2026-09-21T15:42:02.022702+00:00,468,r-scylla2,4,0,incoming,138384
2026-09-21T15:42:02.022702+00:00,468,r-scylla2,4,0,outgoing,138384
2026-09-21T15:42:02.022702+00:00,468,r-scylla2,4,1,incoming,290
2026-09-21T15:42:02.022702+00:00,468,r-scylla2,4,1,outgoing,138312
2026-09-21T15:42:02.022702+00:00,468,r-scylla3,4,0,incoming,138384
2026-09-21T15:42:02.022702+00:00,468,r-scylla3,4,0,outgoing,184392
2026-09-21T15:42:02.022702+00:00,468,r-scylla3,4,1,incoming,138710
2026-09-21T15:42:02.022702+00:00,468,r-scylla3,4,1,outgoing,506
2026-09-21T15:42:02.022702+00:00,468,r-scylla4,4,0,incoming,322776
2026-09-21T15:42:02.022702+00:00,468,r-scylla4,4,0,outgoing,0
2026-09-21T15:42:02.022702+00:00,468,r-scylla4,4,1,incoming,138818
2026-09-21T15:42:02.022702+00:00,468,r-scylla4,4,1,outgoing,0
2026-09-21T15:42:03.022838+00:00,469,r-scylla1,4,0,incoming,0
2026-09-21T15:42:03.022838+00:00,469,r-scylla1,4,0,outgoing,276768
2026-09-21T15:42:03.022838+00:00,469,r-scylla1,4,1,incoming,0
2026-09-21T15:42:03.022838+00:00,469,r-scylla1,4,1,outgoing,139000
2026-09-21T15:42:03.022838+00:00,469,r-scylla2,4,0,incoming,138384
2026-09-21T15:42:03.022838+00:00,469,r-scylla2,4,0,outgoing,138384
2026-09-21T15:42:03.022838+00:00,469,r-scylla2,4,1,incoming,290
2026-09-21T15:42:03.022838+00:00,469,r-scylla2,4,1,outgoing,138312
2026-09-21T15:42:03.022838+00:00,469,r-scylla3,4,0,incoming,138384
2026-09-21T15:42:03.022838+00:00,469,r-scylla3,4,0,outgoing,184392
2026-09-21T15:42:03.022838+00:00,469,r-scylla3,4,1,incoming,138710
2026-09-21T15:42:03.022838+00:00,469,r-scylla3,4,1,outgoing,506
2026-09-21T15:42:03.022838+00:00,469,r-scylla4,4,0,incoming,322776
2026-09-21T15:42:03.022838+00:00,469,r-scylla4,4,0,outgoing,0
2026-09-21T15:42:03.022838+00:00,469,r-scylla4,4,1,incoming,138818
2026-09-21T15:42:03.022838+00:00,469,r-scylla4,4,1,outgoing,0
2026-09-21T15:42:04.023143+00:00,470,r-scylla1,4,0,incoming,0
2026-09-21T15:42:04.023143+00:00,470,r-scylla1,4,0,outgoing,276768
2026-09-21T15:42:04.023143+00:00,470,r-scylla1,4,1,incoming,0
2026-09-21T15:42:04.023143+00:00,470,r-scylla1,4,1,outgoing,139000
2026-09-21T15:42:04.023143+00:00,470,r-scylla2,4,0,incoming,138384
2026-09-21T15:42:04.023143+00:00,470,r-scylla2,4,0,outgoing,138384
2026-09-21T15:42:04.023143+00:00,470,r-scylla2,4,1,incoming,290
2026-09-21T15:42:04.023143+00:00,470,r-scylla2,4,1,outgoing,138312
2026-09-21T15:42:04.023143+00:00,470,r-scylla3,4,0,incoming,138384
2026-09-21T15:42:04.023143+00:00,470,r-scylla3,4,0,outgoing,184392
2026-09-21T15:42:04.023143+00:00,470,r-scylla3,4,1,incoming,138710
2026-09-21T15:42:04.023143+00:00,470,r-scylla3,4,1,outgoing,506
2026-09-21T15:42:04.023143+00:00,470,r-scylla4,4,0,incoming,322776
2026-09-21T15:42:04.023143+00:00,470,r-scylla4,4,0,outgoing,0
2026-09-21T15:42:04.023143+00:00,470,r-scylla4,4,1,incoming,138818
2026-09-21T15:42:04.023143+00:00,470,r-scylla4,4,1,outgoing,0
2026-09-21T15:42:05.023313+00:00,471,r-scylla1,4,0,incoming,0
2026-09-21T15:42:05.023313+00:00,471,r-scylla1,4,0,outgoing,276768
2026-09-21T15:42:05.023313+00:00,471,r-scylla1,4,1,incoming,0
2026-09-21T15:42:05.023313+00:00,471,r-scylla1,4,1,outgoing,139000
2026-09-21T15:42:05.023313+00:00,471,r-scylla2,4,0,incoming,138384
2026-09-21T15:42:05.023313+00:00,471,r-scylla2,4,0,outgoing,138384
2026-09-21T15:42:05.023313+00:00,471,r-scylla2,4,1,incoming,290
2026-09-21T15:42:05.023313+00:00,471,r-scylla2,4,1,outgoing,138312
2026-09-21T15:42:05.023313+00:00,471,r-scylla3,4,0,incoming,138384
2026-09-21T15:42:05.023313+00:00,471,r-scylla3,4,0,outgoing,184392
2026-09-21T15:42:05.023313+00:00,471,r-scylla3,4,1,incoming,138710
2026-09-21T15:42:05.023313+00:00,471,r-scylla3,4,1,outgoing,506
2026-09-21T15:42:05.023313+00:00,471,r-scylla4,4,0,incoming,322776
2026-09-21T15:42:05.023313+00:00,471,r-scylla4,4,0,outgoing,0
2026-09-21T15:42:05.023313+00:00,471,r-scylla4,4,1,incoming,138818
2026-09-21T15:42:05.023313+00:00,471,r-scylla4,4,1,outgoing,0
2026-09-21T15:42:06.023423+00:00,472,r-scylla1,4,0,incoming,0
2026-09-21T15:42:06.023423+00:00,472,r-scylla1,4,0,outgoing,276768
2026-09-21T15:42:06.023423+00:00,472,r-scylla1,4,1,incoming,0
2026-09-21T15:42:06.023423+00:00,472,r-scylla1,4,1,outgoing,139000
2026-09-21T15:42:06.023423+00:00,472,r-scylla2,4,0,incoming,138384
2026-09-21T15:42:06.023423+00:00,472,r-scylla2,4,0,outgoing,138384
2026-09-21T15:42:06.023423+00:00,472,r-scylla2,4,1,incoming,290
2026-09-21T15:42:06.023423+00:00,472,r-scylla2,4,1,outgoing,138312
2026-09-21T15:42:06.023423+00:00,472,r-scylla3,4,0,incoming,138384
2026-09-21T15:42:06.023423+00:00,472,r-scylla3,4,0,outgoing,184392
2026-09-21T15:42:06.023423+00:00,472,r-scylla3,4,1,incoming,138710
2026-09-21T15:42:06.023423+00:00,472,r-scylla3,4,1,outgoing,506
2026-09-21T15:42:06.023423+00:00,472,r-scylla4,4,0,incoming,322776
2026-09-21T15:42:06.023423+00:00,472,r-scylla4,4,0,outgoing,0
2026-09-21T15:42:06.023423+00:00,472,r-scylla4,4,1,incoming,138818
2026-09-21T15:42:06.023423+00:00,472,r-scylla4,4,1,outgoing,0
2026-09-21T15:42:07.023605+00:00,473,r-scylla1,4,0,incoming,0
2026-09-21T15:42:07.023605+00:00,473,r-scylla1,4,0,outgoing,276768
2026-09-21T15:42:07.023605+00:00,473,r-scylla1,4,1,incoming,0
2026-09-21T15:42:07.023605+00:00,473,r-scylla1,4,1,outgoing,139000
2026-09-21T15:42:07.023605+00:00,473,r-scylla2,4,0,incoming,138384
2026-09-21T15:42:07.023605+00:00,473,r-scylla2,4,0,outgoing,138384
2026-09-21T15:42:07.023605+00:00,473,r-scylla2,4,1,incoming,290
2026-09-21T15:42:07.023605+00:00,473,r-scylla2,4,1,outgoing,138312
2026-09-21T15:42:07.023605+00:00,473,r-scylla3,4,0,incoming,138384
2026-09-21T15:42:07.023605+00:00,473,r-scylla3,4,0,outgoing,184392
2026-09-21T15:42:07.023605+00:00,473,r-scylla3,4,1,incoming,138710
2026-09-21T15:42:07.023605+00:00,473,r-scylla3,4,1,outgoing,506
2026-09-21T15:42:07.023605+00:00,473,r-scylla4,4,0,incoming,322776
2026-09-21T15:42:07.023605+00:00,473,r-scylla4,4,0,outgoing,0
2026-09-21T15:42:07.023605+00:00,473,r-scylla4,4,1,incoming,138818
2026-09-21T15:42:07.023605+00:00,473,r-scylla4,4,1,outgoing,0
2026-09-21T15:42:08.023706+00:00,474,r-scylla1,4,0,incoming,0
2026-09-21T15:42:08.023706+00:00,474,r-scylla1,4,0,outgoing,276768
2026-09-21T15:42:08.023706+00:00,474,r-scylla1,4,1,incoming,0
2026-09-21T15:42:08.023706+00:00,474,r-scylla1,4,1,outgoing,139000
2026-09-21T15:42:08.023706+00:00,474,r-scylla2,4,0,incoming,138384
2026-09-21T15:42:08.023706+00:00,474,r-scylla2,4,0,outgoing,138384
2026-09-21T15:42:08.023706+00:00,474,r-scylla2,4,1,incoming,290
2026-09-21T15:42:08.023706+00:00,474,r-scylla2,4,1,outgoing,138312
2026-09-21T15:42:08.023706+00:00,474,r-scylla3,4,0,incoming,138384
2026-09-21T15:42:08.023706+00:00,474,r-scylla3,4,0,outgoing,184392
2026-09-21T15:42:08.023706+00:00,474,r-scylla3,4,1,incoming,138710
2026-09-21T15:42:08.023706+00:00,474,r-scylla3,4,1,outgoing,506
2026-09-21T15:42:08.023706+00:00,474,r-scylla4,4,0,incoming,322776
2026-09-21T15:42:08.023706+00:00,474,r-scylla4,4,0,outgoing,0
2026-09-21T15:42:08.023706+00:00,474,r-scylla4,4,1,incoming,138818
2026-09-21T15:42:08.023706+00:00,474,r-scylla4,4,1,outgoing,0
2026-09-21T15:42:09.023820+00:00,475,r-scylla1,4,0,incoming,0
2026-09-21T15:42:09.023820+00:00,475,r-scylla1,4,0,outgoing,276768
2026-09-21T15:42:09.023820+00:00,475,r-scylla1,4,1,incoming,0
2026-09-21T15:42:09.023820+00:00,475,r-scylla1,4,1,outgoing,139000
2026-09-21T15:42:09.023820+00:00,475,r-scylla2,4,0,incoming,138384
2026-09-21T15:42:09.023820+00:00,475,r-scylla2,4,0,outgoing,138384
2026-09-21T15:42:09.023820+00:00,475,r-scylla2,4,1,incoming,290
2026-09-21T15:42:09.023820+00:00,475,r-scylla2,4,1,outgoing,138312
2026-09-21T15:42:09.023820+00:00,475,r-scylla3,4,0,incoming,138384
2026-09-21T15:42:09.023820+00:00,475,r-scylla3,4,0,outgoing,184392
2026-09-21T15:42:09.023820+00:00,475,r-scylla3,4,1,incoming,138710
2026-09-21T15:42:09.023820+00:00,475,r-scylla3,4,1,outgoing,506
2026-09-21T15:42:09.023820+00:00,475,r-scylla4,4,0,incoming,322776
2026-09-21T15:42:09.023820+00:00,475,r-scylla4,4,0,outgoing,0
2026-09-21T15:42:09.023820+00:00,475,r-scylla4,4,1,incoming,138818
2026-09-21T15:42:09.023820+00:00,475,r-scylla4,4,1,outgoing,0
2026-09-21T15:42:10.023963+00:00,476,r-scylla1,4,0,incoming,0
2026-09-21T15:42:10.023963+00:00,476,r-scylla1,4,0,outgoing,276768
2026-09-21T15:42:10.023963+00:00,476,r-scylla1,4,1,incoming,0
2026-09-21T15:42:10.023963+00:00,476,r-scylla1,4,1,outgoing,139000
2026-09-21T15:42:10.023963+00:00,476,r-scylla2,4,0,incoming,138384
2026-09-21T15:42:10.023963+00:00,476,r-scylla2,4,0,outgoing,138384
2026-09-21T15:42:10.023963+00:00,476,r-scylla2,4,1,incoming,290
2026-09-21T15:42:10.023963+00:00,476,r-scylla2,4,1,outgoing,138312
2026-09-21T15:42:10.023963+00:00,476,r-scylla3,4,0,incoming,138384
2026-09-21T15:42:10.023963+00:00,476,r-scylla3,4,0,outgoing,184392
2026-09-21T15:42:10.023963+00:00,476,r-scylla3,4,1,incoming,138710
2026-09-21T15:42:10.023963+00:00,476,r-scylla3,4,1,outgoing,506
2026-09-21T15:42:10.023963+00:00,476,r-scylla4,4,0,incoming,322776
2026-09-21T15:42:10.023963+00:00,476,r-scylla4,4,0,outgoing,0
2026-09-21T15:42:10.023963+00:00,476,r-scylla4,4,1,incoming,138818
2026-09-21T15:42:10.023963+00:00,476,r-scylla4,4,1,outgoing,0
2026-09-21T15:42:11.024087+00:00,477,r-scylla1,4,0,incoming,0
2026-09-21T15:42:11.024087+00:00,477,r-scylla1,4,0,outgoing,276768
2026-09-21T15:42:11.024087+00:00,477,r-scylla1,4,1,incoming,0
2026-09-21T15:42:11.024087+00:00,477,r-scylla1,4,1,outgoing,139000
2026-09-21T15:42:11.024087+00:00,477,r-scylla2,4,0,incoming,138384
2026-09-21T15:42:11.024087+00:00,477,r-scylla2,4,0,outgoing,138384
2026-09-21T15:42:11.024087+00:00,477,r-scylla2,4,1,incoming,290
2026-09-21T15:42:11.024087+00:00,477,r-scylla2,4,1,outgoing,138312
2026-09-21T15:42:11.024087+00:00,477,r-scylla3,4,0,incoming,138384
2026-09-21T15:42:11.024087+00:00,477,r-scylla3,4,0,outgoing,184392
2026-09-21T15:42:11.024087+00:00,477,r-scylla3,4,1,incoming,138710
2026-09-21T15:42:11.024087+00:00,477,r-scylla3,4,1,outgoing,506
2026-09-21T15:42:11.024087+00:00,477,r-scylla4,4,0,incoming,322776
2026-09-21T15:42:11.024087+00:00,477,r-scylla4,4,0,outgoing,0
2026-09-21T15:42:11.024087+00:00,477,r-scylla4,4,1,incoming,138818
2026-09-21T15:42:11.024087+00:00,477,r-scylla4,4,1,outgoing,0
2026-09-21T15:42:12.024218+00:00,478,r-scylla1,4,0,incoming,0
2026-09-21T15:42:12.024218+00:00,478,r-scylla1,4,0,outgoing,276768
2026-09-21T15:42:12.024218+00:00,478,r-scylla1,4,1,incoming,0
2026-09-21T15:42:12.024218+00:00,478,r-scylla1,4,1,outgoing,139000
2026-09-21T15:42:12.024218+00:00,478,r-scylla2,4,0,incoming,138384
2026-09-21T15:42:12.024218+00:00,478,r-scylla2,4,0,outgoing,138384
2026-09-21T15:42:12.024218+00:00,478,r-scylla2,4,1,incoming,290
2026-09-21T15:42:12.024218+00:00,478,r-scylla2,4,1,outgoing,138312
2026-09-21T15:42:12.024218+00:00,478,r-scylla3,4,0,incoming,138384
2026-09-21T15:42:12.024218+00:00,478,r-scylla3,4,0,outgoing,184392
2026-09-21T15:42:12.024218+00:00,478,r-scylla3,4,1,incoming,138710
2026-09-21T15:42:12.024218+00:00,478,r-scylla3,4,1,outgoing,506
2026-09-21T15:42:12.024218+00:00,478,r-scylla4,4,0,incoming,322776
2026-09-21T15:42:12.024218+00:00,478,r-scylla4,4,0,outgoing,0
2026-09-21T15:42:12.024218+00:00,478,r-scylla4,4,1,incoming,138818
2026-09-21T15:42:12.024218+00:00,478,r-scylla4,4,1,outgoing,0
2026-09-21T15:42:13.024350+00:00,479,r-scylla1,4,0,incoming,0
2026-09-21T15:42:13.024350+00:00,479,r-scylla1,4,0,outgoing,276768
2026-09-21T15:42:13.024350+00:00,479,r-scylla1,4,1,incoming,0
2026-09-21T15:42:13.024350+00:00,479,r-scylla1,4,1,outgoing,139000
2026-09-21T15:42:13.024350+00:00,479,r-scylla2,4,0,incoming,230616
2026-09-21T15:42:13.024350+00:00,479,r-scylla2,4,0,outgoing,138384
2026-09-21T15:42:13.024350+00:00,479,r-scylla2,4,1,incoming,290
2026-09-21T15:42:13.024350+00:00,479,r-scylla2,4,1,outgoing,138312
2026-09-21T15:42:13.024350+00:00,479,r-scylla3,4,0,incoming,322776
2026-09-21T15:42:13.024350+00:00,479,r-scylla3,4,0,outgoing,184392
2026-09-21T15:42:13.024350+00:00,479,r-scylla3,4,1,incoming,138710
2026-09-21T15:42:13.024350+00:00,479,r-scylla3,4,1,outgoing,506
2026-09-21T15:42:13.024350+00:00,479,r-scylla4,4,0,incoming,322776
2026-09-21T15:42:13.024350+00:00,479,r-scylla4,4,0,outgoing,276624
2026-09-21T15:42:13.024350+00:00,479,r-scylla4,4,1,incoming,138818
2026-09-21T15:42:13.024350+00:00,479,r-scylla4,4,1,outgoing,138312
2026-09-21T15:42:14.024511+00:00,480,r-scylla1,4,0,incoming,0
2026-09-21T15:42:14.024511+00:00,480,r-scylla1,4,0,outgoing,276768
2026-09-21T15:42:14.024511+00:00,480,r-scylla1,4,1,incoming,138312
2026-09-21T15:42:14.024511+00:00,480,r-scylla1,4,1,outgoing,139000
2026-09-21T15:42:14.024511+00:00,480,r-scylla2,4,0,incoming,276768
2026-09-21T15:42:14.024511+00:00,480,r-scylla2,4,0,outgoing,138384
2026-09-21T15:42:14.024511+00:00,480,r-scylla2,4,1,incoming,290
2026-09-21T15:42:14.024511+00:00,480,r-scylla2,4,1,outgoing,138312
2026-09-21T15:42:14.024511+00:00,480,r-scylla3,4,0,incoming,322776
2026-09-21T15:42:14.024511+00:00,480,r-scylla3,4,0,outgoing,184392
2026-09-21T15:42:14.024511+00:00,480,r-scylla3,4,1,incoming,139216
2026-09-21T15:42:14.024511+00:00,480,r-scylla3,4,1,outgoing,506
2026-09-21T15:42:14.024511+00:00,480,r-scylla4,4,0,incoming,322776
2026-09-21T15:42:14.024511+00:00,480,r-scylla4,4,0,outgoing,322776
2026-09-21T15:42:14.024511+00:00,480,r-scylla4,4,1,incoming,138818
2026-09-21T15:42:14.024511+00:00,480,r-scylla4,4,1,outgoing,138818
2026-09-21T15:42:15.024707+00:00,481,r-scylla1,4,0,incoming,0
2026-09-21T15:42:15.024707+00:00,481,r-scylla1,4,0,outgoing,276768
2026-09-21T15:42:15.024707+00:00,481,r-scylla1,4,1,incoming,138312
2026-09-21T15:42:15.024707+00:00,481,r-scylla1,4,1,outgoing,139000
2026-09-21T15:42:15.024707+00:00,481,r-scylla2,4,0,incoming,276768
2026-09-21T15:42:15.024707+00:00,481,r-scylla2,4,0,outgoing,138384
2026-09-21T15:42:15.024707+00:00,481,r-scylla2,4,1,incoming,290
2026-09-21T15:42:15.024707+00:00,481,r-scylla2,4,1,outgoing,138312
2026-09-21T15:42:15.024707+00:00,481,r-scylla3,4,0,incoming,322776
2026-09-21T15:42:15.024707+00:00,481,r-scylla3,4,0,outgoing,184392
2026-09-21T15:42:15.024707+00:00,481,r-scylla3,4,1,incoming,139216
2026-09-21T15:42:15.024707+00:00,481,r-scylla3,4,1,outgoing,506
2026-09-21T15:42:15.024707+00:00,481,r-scylla4,4,0,incoming,322776
2026-09-21T15:42:15.024707+00:00,481,r-scylla4,4,0,outgoing,322776
2026-09-21T15:42:15.024707+00:00,481,r-scylla4,4,1,incoming,138818
2026-09-21T15:42:15.024707+00:00,481,r-scylla4,4,1,outgoing,138818
2026-09-21T15:42:16.024889+00:00,482,r-scylla1,4,0,incoming,0
2026-09-21T15:42:16.024889+00:00,482,r-scylla1,4,0,outgoing,276768
2026-09-21T15:42:16.024889+00:00,482,r-scylla1,4,1,incoming,138312
2026-09-21T15:42:16.024889+00:00,482,r-scylla1,4,1,outgoing,139000
2026-09-21T15:42:16.024889+00:00,482,r-scylla2,4,0,incoming,276768
2026-09-21T15:42:16.024889+00:00,482,r-scylla2,4,0,outgoing,138384
2026-09-21T15:42:16.024889+00:00,482,r-scylla2,4,1,incoming,290
2026-09-21T15:42:16.024889+00:00,482,r-scylla2,4,1,outgoing,138312
2026-09-21T15:42:16.024889+00:00,482,r-scylla3,4,0,incoming,322776
2026-09-21T15:42:16.024889+00:00,482,r-scylla3,4,0,outgoing,184392
2026-09-21T15:42:16.024889+00:00,482,r-scylla3,4,1,incoming,139216
2026-09-21T15:42:16.024889+00:00,482,r-scylla3,4,1,outgoing,506
2026-09-21T15:42:16.024889+00:00,482,r-scylla4,4,0,incoming,322776
2026-09-21T15:42:16.024889+00:00,482,r-scylla4,4,0,outgoing,322776
2026-09-21T15:42:16.024889+00:00,482,r-scylla4,4,1,incoming,138818
2026-09-21T15:42:16.024889+00:00,482,r-scylla4,4,1,outgoing,138818
2026-09-21T15:42:17.025302+00:00,483,r-scylla1,4,0,incoming,0
2026-09-21T15:42:17.025302+00:00,483,r-scylla1,4,0,outgoing,276768
2026-09-21T15:42:17.025302+00:00,483,r-scylla1,4,1,incoming,138312
2026-09-21T15:42:17.025302+00:00,483,r-scylla1,4,1,outgoing,139000
2026-09-21T15:42:17.025302+00:00,483,r-scylla2,4,0,incoming,276768
2026-09-21T15:42:17.025302+00:00,483,r-scylla2,4,0,outgoing,138384
2026-09-21T15:42:17.025302+00:00,483,r-scylla2,4,1,incoming,290
2026-09-21T15:42:17.025302+00:00,483,r-scylla2,4,1,outgoing,138312
2026-09-21T15:42:17.025302+00:00,483,r-scylla3,4,0,incoming,322776
2026-09-21T15:42:17.025302+00:00,483,r-scylla3,4,0,outgoing,184392
2026-09-21T15:42:17.025302+00:00,483,r-scylla3,4,1,incoming,139216
2026-09-21T15:42:17.025302+00:00,483,r-scylla3,4,1,outgoing,506
2026-09-21T15:42:17.025302+00:00,483,r-scylla4,4,0,incoming,322776
2026-09-21T15:42:17.025302+00:00,483,r-scylla4,4,0,outgoing,322776
2026-09-21T15:42:17.025302+00:00,483,r-scylla4,4,1,incoming,138818
2026-09-21T15:42:17.025302+00:00,483,r-scylla4,4,1,outgoing,138818
2026-09-21T15:42:18.025565+00:00,484,r-scylla1,4,0,incoming,0
2026-09-21T15:42:18.025565+00:00,484,r-scylla1,4,0,outgoing,276768
2026-09-21T15:42:18.025565+00:00,484,r-scylla1,4,1,incoming,138312
2026-09-21T15:42:18.025565+00:00,484,r-scylla1,4,1,outgoing,139000
2026-09-21T15:42:18.025565+00:00,484,r-scylla2,4,0,incoming,276768
2026-09-21T15:42:18.025565+00:00,484,r-scylla2,4,0,outgoing,138384
2026-09-21T15:42:18.025565+00:00,484,r-scylla2,4,1,incoming,290
2026-09-21T15:42:18.025565+00:00,484,r-scylla2,4,1,outgoing,138312
2026-09-21T15:42:18.025565+00:00,484,r-scylla3,4,0,incoming,322776
2026-09-21T15:42:18.025565+00:00,484,r-scylla3,4,0,outgoing,184392
2026-09-21T15:42:18.025565+00:00,484,r-scylla3,4,1,incoming,139216
2026-09-21T15:42:18.025565+00:00,484,r-scylla3,4,1,outgoing,506
2026-09-21T15:42:18.025565+00:00,484,r-scylla4,4,0,incoming,322776
2026-09-21T15:42:18.025565+00:00,484,r-scylla4,4,0,outgoing,322776
2026-09-21T15:42:18.025565+00:00,484,r-scylla4,4,1,incoming,138818
2026-09-21T15:42:18.025565+00:00,484,r-scylla4,4,1,outgoing,138818
2026-09-21T15:42:19.025764+00:00,485,r-scylla1,4,0,incoming,0
2026-09-21T15:42:19.025764+00:00,485,r-scylla1,4,0,outgoing,276768
2026-09-21T15:42:19.025764+00:00,485,r-scylla1,4,1,incoming,138312
2026-09-21T15:42:19.025764+00:00,485,r-scylla1,4,1,outgoing,139000
2026-09-21T15:42:19.025764+00:00,485,r-scylla2,4,0,incoming,276768
2026-09-21T15:42:19.025764+00:00,485,r-scylla2,4,0,outgoing,138384
2026-09-21T15:42:19.025764+00:00,485,r-scylla2,4,1,incoming,290
2026-09-21T15:42:19.025764+00:00,485,r-scylla2,4,1,outgoing,138312
2026-09-21T15:42:19.025764+00:00,485,r-scylla3,4,0,incoming,322776
2026-09-21T15:42:19.025764+00:00,485,r-scylla3,4,0,outgoing,184392
2026-09-21T15:42:19.025764+00:00,485,r-scylla3,4,1,incoming,139216
2026-09-21T15:42:19.025764+00:00,485,r-scylla3,4,1,outgoing,506
2026-09-21T15:42:19.025764+00:00,485,r-scylla4,4,0,incoming,322776
2026-09-21T15:42:19.025764+00:00,485,r-scylla4,4,0,outgoing,322776
2026-09-21T15:42:19.025764+00:00,485,r-scylla4,4,1,incoming,138818
2026-09-21T15:42:19.025764+00:00,485,r-scylla4,4,1,outgoing,138818
2026-09-21T15:42:20.023224+00:00,486,r-scylla1,4,0,incoming,0
2026-09-21T15:42:20.023224+00:00,486,r-scylla1,4,0,outgoing,276768
2026-09-21T15:42:20.023224+00:00,486,r-scylla1,4,1,incoming,138312
2026-09-21T15:42:20.023224+00:00,486,r-scylla1,4,1,outgoing,139000
2026-09-21T15:42:20.023224+00:00,486,r-scylla2,4,0,incoming,276768
2026-09-21T15:42:20.023224+00:00,486,r-scylla2,4,0,outgoing,138384
2026-09-21T15:42:20.023224+00:00,486,r-scylla2,4,1,incoming,290
2026-09-21T15:42:20.023224+00:00,486,r-scylla2,4,1,outgoing,138312
2026-09-21T15:42:20.023224+00:00,486,r-scylla3,4,0,incoming,322776
2026-09-21T15:42:20.023224+00:00,486,r-scylla3,4,0,outgoing,184392
2026-09-21T15:42:20.023224+00:00,486,r-scylla3,4,1,incoming,139216
2026-09-21T15:42:20.023224+00:00,486,r-scylla3,4,1,outgoing,506
2026-09-21T15:42:20.023224+00:00,486,r-scylla4,4,0,incoming,322776
2026-09-21T15:42:20.023224+00:00,486,r-scylla4,4,0,outgoing,322776
2026-09-21T15:42:20.023224+00:00,486,r-scylla4,4,1,incoming,138818
2026-09-21T15:42:20.023224+00:00,486,r-scylla4,4,1,outgoing,138818
2026-09-21T15:42:21.023351+00:00,487,r-scylla1,4,0,incoming,0
2026-09-21T15:42:21.023351+00:00,487,r-scylla1,4,0,outgoing,276768
2026-09-21T15:42:21.023351+00:00,487,r-scylla1,4,1,incoming,138312
2026-09-21T15:42:21.023351+00:00,487,r-scylla1,4,1,outgoing,139000
2026-09-21T15:42:21.023351+00:00,487,r-scylla2,4,0,incoming,276768
2026-09-21T15:42:21.023351+00:00,487,r-scylla2,4,0,outgoing,138384
2026-09-21T15:42:21.023351+00:00,487,r-scylla2,4,1,incoming,290
2026-09-21T15:42:21.023351+00:00,487,r-scylla2,4,1,outgoing,138312
2026-09-21T15:42:21.023351+00:00,487,r-scylla3,4,0,incoming,322776
2026-09-21T15:42:21.023351+00:00,487,r-scylla3,4,0,outgoing,184392
2026-09-21T15:42:21.023351+00:00,487,r-scylla3,4,1,incoming,139216
2026-09-21T15:42:21.023351+00:00,487,r-scylla3,4,1,outgoing,506
2026-09-21T15:42:21.023351+00:00,487,r-scylla4,4,0,incoming,322776
2026-09-21T15:42:21.023351+00:00,487,r-scylla4,4,0,outgoing,322776
2026-09-21T15:42:21.023351+00:00,487,r-scylla4,4,1,incoming,138818
2026-09-21T15:42:21.023351+00:00,487,r-scylla4,4,1,outgoing,138818
2026-09-21T15:42:22.023764+00:00,488,r-scylla1,4,0,incoming,0
2026-09-21T15:42:22.023764+00:00,488,r-scylla1,4,0,outgoing,276768
2026-09-21T15:42:22.023764+00:00,488,r-scylla1,4,1,incoming,138312
2026-09-21T15:42:22.023764+00:00,488,r-scylla1,4,1,outgoing,139000
2026-09-21T15:42:22.023764+00:00,488,r-scylla2,4,0,incoming,276768
2026-09-21T15:42:22.023764+00:00,488,r-scylla2,4,0,outgoing,138384
2026-09-21T15:42:22.023764+00:00,488,r-scylla2,4,1,incoming,290
2026-09-21T15:42:22.023764+00:00,488,r-scylla2,4,1,outgoing,138312
2026-09-21T15:42:22.023764+00:00,488,r-scylla3,4,0,incoming,322776
2026-09-21T15:42:22.023764+00:00,488,r-scylla3,4,0,outgoing,184392
2026-09-21T15:42:22.023764+00:00,488,r-scylla3,4,1,incoming,139216
2026-09-21T15:42:22.023764+00:00,488,r-scylla3,4,1,outgoing,506
2026-09-21T15:42:22.023764+00:00,488,r-scylla4,4,0,incoming,322776
2026-09-21T15:42:22.023764+00:00,488,r-scylla4,4,0,outgoing,322776
2026-09-21T15:42:22.023764+00:00,488,r-scylla4,4,1,incoming,138818
2026-09-21T15:42:22.023764+00:00,488,r-scylla4,4,1,outgoing,138818
2026-09-21T15:42:23.024165+00:00,489,r-scylla1,4,0,incoming,0
2026-09-21T15:42:23.024165+00:00,489,r-scylla1,4,0,outgoing,276768
2026-09-21T15:42:23.024165+00:00,489,r-scylla1,4,1,incoming,138312
2026-09-21T15:42:23.024165+00:00,489,r-scylla1,4,1,outgoing,139000
2026-09-21T15:42:23.024165+00:00,489,r-scylla2,4,0,incoming,276768
2026-09-21T15:42:23.024165+00:00,489,r-scylla2,4,0,outgoing,138384
2026-09-21T15:42:23.024165+00:00,489,r-scylla2,4,1,incoming,290
2026-09-21T15:42:23.024165+00:00,489,r-scylla2,4,1,outgoing,138312
2026-09-21T15:42:23.024165+00:00,489,r-scylla3,4,0,incoming,322776
2026-09-21T15:42:23.024165+00:00,489,r-scylla3,4,0,outgoing,184392
2026-09-21T15:42:23.024165+00:00,489,r-scylla3,4,1,incoming,139216
2026-09-21T15:42:23.024165+00:00,489,r-scylla3,4,1,outgoing,506
2026-09-21T15:42:23.024165+00:00,489,r-scylla4,4,0,incoming,322776
2026-09-21T15:42:23.024165+00:00,489,r-scylla4,4,0,outgoing,322776
2026-09-21T15:42:23.024165+00:00,489,r-scylla4,4,1,incoming,138818
2026-09-21T15:42:23.024165+00:00,489,r-scylla4,4,1,outgoing,138818
2026-09-21T15:42:24.024445+00:00,490,r-scylla1,4,0,incoming,0
2026-09-21T15:42:24.024445+00:00,490,r-scylla1,4,0,outgoing,276768
2026-09-21T15:42:24.024445+00:00,490,r-scylla1,4,1,incoming,138312
2026-09-21T15:42:24.024445+00:00,490,r-scylla1,4,1,outgoing,139000
2026-09-21T15:42:24.024445+00:00,490,r-scylla2,4,0,incoming,276768
2026-09-21T15:42:24.024445+00:00,490,r-scylla2,4,0,outgoing,138384
2026-09-21T15:42:24.024445+00:00,490,r-scylla2,4,1,incoming,290
2026-09-21T15:42:24.024445+00:00,490,r-scylla2,4,1,outgoing,138312
2026-09-21T15:42:24.024445+00:00,490,r-scylla3,4,0,incoming,322776
2026-09-21T15:42:24.024445+00:00,490,r-scylla3,4,0,outgoing,184392
2026-09-21T15:42:24.024445+00:00,490,r-scylla3,4,1,incoming,139216
2026-09-21T15:42:24.024445+00:00,490,r-scylla3,4,1,outgoing,506
2026-09-21T15:42:24.024445+00:00,490,r-scylla4,4,0,incoming,322776
2026-09-21T15:42:24.024445+00:00,490,r-scylla4,4,0,outgoing,322776
2026-09-21T15:42:24.024445+00:00,490,r-scylla4,4,1,incoming,138818
2026-09-21T15:42:24.024445+00:00,490,r-scylla4,4,1,outgoing,138818
2026-09-21T15:42:25.024744+00:00,491,r-scylla1,4,0,incoming,0
2026-09-21T15:42:25.024744+00:00,491,r-scylla1,4,0,outgoing,276768
2026-09-21T15:42:25.024744+00:00,491,r-scylla1,4,1,incoming,138312
2026-09-21T15:42:25.024744+00:00,491,r-scylla1,4,1,outgoing,139000
2026-09-21T15:42:25.024744+00:00,491,r-scylla2,4,0,incoming,276768
2026-09-21T15:42:25.024744+00:00,491,r-scylla2,4,0,outgoing,138384
2026-09-21T15:42:25.024744+00:00,491,r-scylla2,4,1,incoming,290
2026-09-21T15:42:25.024744+00:00,491,r-scylla2,4,1,outgoing,138312
2026-09-21T15:42:25.024744+00:00,491,r-scylla3,4,0,incoming,322776
2026-09-21T15:42:25.024744+00:00,491,r-scylla3,4,0,outgoing,184392
2026-09-21T15:42:25.024744+00:00,491,r-scylla3,4,1,incoming,139216
2026-09-21T15:42:25.024744+00:00,491,r-scylla3,4,1,outgoing,506
2026-09-21T15:42:25.024744+00:00,491,r-scylla4,4,0,incoming,322776
2026-09-21T15:42:25.024744+00:00,491,r-scylla4,4,0,outgoing,322776
2026-09-21T15:42:25.024744+00:00,491,r-scylla4,4,1,incoming,138818
2026-09-21T15:42:25.024744+00:00,491,r-scylla4,4,1,outgoing,138818
2026-09-21T15:42:26.025012+00:00,492,r-scylla1,4,0,incoming,0
2026-09-21T15:42:26.025012+00:00,492,r-scylla1,4,0,outgoing,276768
2026-09-21T15:42:26.025012+00:00,492,r-scylla1,4,1,incoming,138312
2026-09-21T15:42:26.025012+00:00,492,r-scylla1,4,1,outgoing,139000
2026-09-21T15:42:26.025012+00:00,492,r-scylla2,4,0,incoming,276768
2026-09-21T15:42:26.025012+00:00,492,r-scylla2,4,0,outgoing,138384
2026-09-21T15:42:26.025012+00:00,492,r-scylla2,4,1,incoming,290
2026-09-21T15:42:26.025012+00:00,492,r-scylla2,4,1,outgoing,138312
2026-09-21T15:42:26.025012+00:00,492,r-scylla3,4,0,incoming,322776
2026-09-21T15:42:26.025012+00:00,492,r-scylla3,4,0,outgoing,184392
2026-09-21T15:42:26.025012+00:00,492,r-scylla3,4,1,incoming,139216
2026-09-21T15:42:26.025012+00:00,492,r-scylla3,4,1,outgoing,506
2026-09-21T15:42:26.025012+00:00,492,r-scylla4,4,0,incoming,322776
2026-09-21T15:42:26.025012+00:00,492,r-scylla4,4,0,outgoing,322776
2026-09-21T15:42:26.025012+00:00,492,r-scylla4,4,1,incoming,138818
2026-09-21T15:42:26.025012+00:00,492,r-scylla4,4,1,outgoing,138818
2026-09-21T15:42:27.025228+00:00,493,r-scylla1,4,0,incoming,0
2026-09-21T15:42:27.025228+00:00,493,r-scylla1,4,0,outgoing,276768
2026-09-21T15:42:27.025228+00:00,493,r-scylla1,4,1,incoming,138312
2026-09-21T15:42:27.025228+00:00,493,r-scylla1,4,1,outgoing,139000
2026-09-21T15:42:27.025228+00:00,493,r-scylla2,4,0,incoming,276768
2026-09-21T15:42:27.025228+00:00,493,r-scylla2,4,0,outgoing,138384
2026-09-21T15:42:27.025228+00:00,493,r-scylla2,4,1,incoming,290
2026-09-21T15:42:27.025228+00:00,493,r-scylla2,4,1,outgoing,138312
2026-09-21T15:42:27.025228+00:00,493,r-scylla3,4,0,incoming,322776
2026-09-21T15:42:27.025228+00:00,493,r-scylla3,4,0,outgoing,184392
2026-09-21T15:42:27.025228+00:00,493,r-scylla3,4,1,incoming,139216
2026-09-21T15:42:27.025228+00:00,493,r-scylla3,4,1,outgoing,506
2026-09-21T15:42:27.025228+00:00,493,r-scylla4,4,0,incoming,322776
2026-09-21T15:42:27.025228+00:00,493,r-scylla4,4,0,outgoing,322776
2026-09-21T15:42:27.025228+00:00,493,r-scylla4,4,1,incoming,138818
2026-09-21T15:42:27.025228+00:00,493,r-scylla4,4,1,outgoing,138818
2026-09-21T15:42:28.025511+00:00,494,r-scylla1,4,0,incoming,0
2026-09-21T15:42:28.025511+00:00,494,r-scylla1,4,0,outgoing,276768
2026-09-21T15:42:28.025511+00:00,494,r-scylla1,4,1,incoming,138312
2026-09-21T15:42:28.025511+00:00,494,r-scylla1,4,1,outgoing,139000
2026-09-21T15:42:28.025511+00:00,494,r-scylla2,4,0,incoming,276768
2026-09-21T15:42:28.025511+00:00,494,r-scylla2,4,0,outgoing,138384
2026-09-21T15:42:28.025511+00:00,494,r-scylla2,4,1,incoming,290
2026-09-21T15:42:28.025511+00:00,494,r-scylla2,4,1,outgoing,138312
2026-09-21T15:42:28.025511+00:00,494,r-scylla3,4,0,incoming,322776
2026-09-21T15:42:28.025511+00:00,494,r-scylla3,4,0,outgoing,184392
2026-09-21T15:42:28.025511+00:00,494,r-scylla3,4,1,incoming,139216
2026-09-21T15:42:28.025511+00:00,494,r-scylla3,4,1,outgoing,506
2026-09-21T15:42:28.025511+00:00,494,r-scylla4,4,0,incoming,322776
2026-09-21T15:42:28.025511+00:00,494,r-scylla4,4,0,outgoing,322776
2026-09-21T15:42:28.025511+00:00,494,r-scylla4,4,1,incoming,138818
2026-09-21T15:42:28.025511+00:00,494,r-scylla4,4,1,outgoing,138818
2026-09-21T15:42:29.026189+00:00,495,r-scylla1,4,0,incoming,0
2026-09-21T15:42:29.026189+00:00,495,r-scylla1,4,0,outgoing,276768
2026-09-21T15:42:29.026189+00:00,495,r-scylla1,4,1,incoming,138312
2026-09-21T15:42:29.026189+00:00,495,r-scylla1,4,1,outgoing,139000
2026-09-21T15:42:29.026189+00:00,495,r-scylla2,4,0,incoming,276768
2026-09-21T15:42:29.026189+00:00,495,r-scylla2,4,0,outgoing,138384
2026-09-21T15:42:29.026189+00:00,495,r-scylla2,4,1,incoming,290
2026-09-21T15:42:29.026189+00:00,495,r-scylla2,4,1,outgoing,138312
2026-09-21T15:42:29.026189+00:00,495,r-scylla3,4,0,incoming,322776
2026-09-21T15:42:29.026189+00:00,495,r-scylla3,4,0,outgoing,184392
2026-09-21T15:42:29.026189+00:00,495,r-scylla3,4,1,incoming,139216
2026-09-21T15:42:29.026189+00:00,495,r-scylla3,4,1,outgoing,506
2026-09-21T15:42:29.026189+00:00,495,r-scylla4,4,0,incoming,322776
2026-09-21T15:42:29.026189+00:00,495,r-scylla4,4,0,outgoing,322776
2026-09-21T15:42:29.026189+00:00,495,r-scylla4,4,1,incoming,138818
2026-09-21T15:42:29.026189+00:00,495,r-scylla4,4,1,outgoing,138818
2026-09-21T15:42:30.026316+00:00,496,r-scylla1,4,0,incoming,0
2026-09-21T15:42:30.026316+00:00,496,r-scylla1,4,0,outgoing,276768
2026-09-21T15:42:30.026316+00:00,496,r-scylla1,4,1,incoming,138312
2026-09-21T15:42:30.026316+00:00,496,r-scylla1,4,1,outgoing,139000
2026-09-21T15:42:30.026316+00:00,496,r-scylla2,4,0,incoming,276768
2026-09-21T15:42:30.026316+00:00,496,r-scylla2,4,0,outgoing,138384
2026-09-21T15:42:30.026316+00:00,496,r-scylla2,4,1,incoming,290
2026-09-21T15:42:30.026316+00:00,496,r-scylla2,4,1,outgoing,138312
2026-09-21T15:42:30.026316+00:00,496,r-scylla3,4,0,incoming,322776
2026-09-21T15:42:30.026316+00:00,496,r-scylla3,4,0,outgoing,184392
2026-09-21T15:42:30.026316+00:00,496,r-scylla3,4,1,incoming,139216
2026-09-21T15:42:30.026316+00:00,496,r-scylla3,4,1,outgoing,506
2026-09-21T15:42:30.026316+00:00,496,r-scylla4,4,0,incoming,322776
2026-09-21T15:42:30.026316+00:00,496,r-scylla4,4,0,outgoing,322776
2026-09-21T15:42:30.026316+00:00,496,r-scylla4,4,1,incoming,138818
2026-09-21T15:42:30.026316+00:00,496,r-scylla4,4,1,outgoing,138818
2026-09-21T15:42:31.026679+00:00,497,r-scylla1,4,0,incoming,0
2026-09-21T15:42:31.026679+00:00,497,r-scylla1,4,0,outgoing,276768
2026-09-21T15:42:31.026679+00:00,497,r-scylla1,4,1,incoming,138312
2026-09-21T15:42:31.026679+00:00,497,r-scylla1,4,1,outgoing,139000
2026-09-21T15:42:31.026679+00:00,497,r-scylla2,4,0,incoming,276768
2026-09-21T15:42:31.026679+00:00,497,r-scylla2,4,0,outgoing,138384
2026-09-21T15:42:31.026679+00:00,497,r-scylla2,4,1,incoming,290
2026-09-21T15:42:31.026679+00:00,497,r-scylla2,4,1,outgoing,138312
2026-09-21T15:42:31.026679+00:00,497,r-scylla3,4,0,incoming,322776
2026-09-21T15:42:31.026679+00:00,497,r-scylla3,4,0,outgoing,184392
2026-09-21T15:42:31.026679+00:00,497,r-scylla3,4,1,incoming,139216
2026-09-21T15:42:31.026679+00:00,497,r-scylla3,4,1,outgoing,506
2026-09-21T15:42:31.026679+00:00,497,r-scylla4,4,0,incoming,322776
2026-09-21T15:42:31.026679+00:00,497,r-scylla4,4,0,outgoing,322776
2026-09-21T15:42:31.026679+00:00,497,r-scylla4,4,1,incoming,138818
2026-09-21T15:42:31.026679+00:00,497,r-scylla4,4,1,outgoing,138818
2026-09-21T15:42:32.026910+00:00,498,r-scylla1,4,0,incoming,0
2026-09-21T15:42:32.026910+00:00,498,r-scylla1,4,0,outgoing,276768
2026-09-21T15:42:32.026910+00:00,498,r-scylla1,4,1,incoming,138312
2026-09-21T15:42:32.026910+00:00,498,r-scylla1,4,1,outgoing,139000
2026-09-21T15:42:32.026910+00:00,498,r-scylla2,4,0,incoming,276768
2026-09-21T15:42:32.026910+00:00,498,r-scylla2,4,0,outgoing,138384
2026-09-21T15:42:32.026910+00:00,498,r-scylla2,4,1,incoming,290
2026-09-21T15:42:32.026910+00:00,498,r-scylla2,4,1,outgoing,138312
2026-09-21T15:42:32.026910+00:00,498,r-scylla3,4,0,incoming,322776
2026-09-21T15:42:32.026910+00:00,498,r-scylla3,4,0,outgoing,184392
2026-09-21T15:42:32.026910+00:00,498,r-scylla3,4,1,incoming,139216
2026-09-21T15:42:32.026910+00:00,498,r-scylla3,4,1,outgoing,506
2026-09-21T15:42:32.026910+00:00,498,r-scylla4,4,0,incoming,322776
2026-09-21T15:42:32.026910+00:00,498,r-scylla4,4,0,outgoing,322776
2026-09-21T15:42:32.026910+00:00,498,r-scylla4,4,1,incoming,138818
2026-09-21T15:42:32.026910+00:00,498,r-scylla4,4,1,outgoing,138818
2026-09-21T15:42:33.027160+00:00,499,r-scylla1,4,0,incoming,0
2026-09-21T15:42:33.027160+00:00,499,r-scylla1,4,0,outgoing,276768
2026-09-21T15:42:33.027160+00:00,499,r-scylla1,4,1,incoming,138312
2026-09-21T15:42:33.027160+00:00,499,r-scylla1,4,1,outgoing,139000
2026-09-21T15:42:33.027160+00:00,499,r-scylla2,4,0,incoming,276768
2026-09-21T15:42:33.027160+00:00,499,r-scylla2,4,0,outgoing,138384
2026-09-21T15:42:33.027160+00:00,499,r-scylla2,4,1,incoming,290
2026-09-21T15:42:33.027160+00:00,499,r-scylla2,4,1,outgoing,138312
2026-09-21T15:42:33.027160+00:00,499,r-scylla3,4,0,incoming,322776
2026-09-21T15:42:33.027160+00:00,499,r-scylla3,4,0,outgoing,184392
2026-09-21T15:42:33.027160+00:00,499,r-scylla3,4,1,incoming,139216
2026-09-21T15:42:33.027160+00:00,499,r-scylla3,4,1,outgoing,506
2026-09-21T15:42:33.027160+00:00,499,r-scylla4,4,0,incoming,322776
2026-09-21T15:42:33.027160+00:00,499,r-scylla4,4,0,outgoing,322776
2026-09-21T15:42:33.027160+00:00,499,r-scylla4,4,1,incoming,138818
2026-09-21T15:42:33.027160+00:00,499,r-scylla4,4,1,outgoing,138818
2026-09-21T15:42:34.027385+00:00,500,r-scylla1,4,0,incoming,0
2026-09-21T15:42:34.027385+00:00,500,r-scylla1,4,0,outgoing,276768
2026-09-21T15:42:34.027385+00:00,500,r-scylla1,4,1,incoming,138312
2026-09-21T15:42:34.027385+00:00,500,r-scylla1,4,1,outgoing,139000
2026-09-21T15:42:34.027385+00:00,500,r-scylla2,4,0,incoming,276768
2026-09-21T15:42:34.027385+00:00,500,r-scylla2,4,0,outgoing,138384
2026-09-21T15:42:34.027385+00:00,500,r-scylla2,4,1,incoming,290
2026-09-21T15:42:34.027385+00:00,500,r-scylla2,4,1,outgoing,138312
2026-09-21T15:42:34.027385+00:00,500,r-scylla3,4,0,incoming,322776
2026-09-21T15:42:34.027385+00:00,500,r-scylla3,4,0,outgoing,184392
2026-09-21T15:42:34.027385+00:00,500,r-scylla3,4,1,incoming,139216
2026-09-21T15:42:34.027385+00:00,500,r-scylla3,4,1,outgoing,506
2026-09-21T15:42:34.027385+00:00,500,r-scylla4,4,0,incoming,322776
2026-09-21T15:42:34.027385+00:00,500,r-scylla4,4,0,outgoing,322776
2026-09-21T15:42:34.027385+00:00,500,r-scylla4,4,1,incoming,138818
2026-09-21T15:42:34.027385+00:00,500,r-scylla4,4,1,outgoing,138818
2026-09-21T15:42:35.027594+00:00,501,r-scylla1,4,0,incoming,0
2026-09-21T15:42:35.027594+00:00,501,r-scylla1,4,0,outgoing,276768
2026-09-21T15:42:35.027594+00:00,501,r-scylla1,4,1,incoming,138312
2026-09-21T15:42:35.027594+00:00,501,r-scylla1,4,1,outgoing,139000
2026-09-21T15:42:35.027594+00:00,501,r-scylla2,4,0,incoming,276768
2026-09-21T15:42:35.027594+00:00,501,r-scylla2,4,0,outgoing,138384
2026-09-21T15:42:35.027594+00:00,501,r-scylla2,4,1,incoming,290
2026-09-21T15:42:35.027594+00:00,501,r-scylla2,4,1,outgoing,138312
2026-09-21T15:42:35.027594+00:00,501,r-scylla3,4,0,incoming,322776
2026-09-21T15:42:35.027594+00:00,501,r-scylla3,4,0,outgoing,184392
2026-09-21T15:42:35.027594+00:00,501,r-scylla3,4,1,incoming,139216
2026-09-21T15:42:35.027594+00:00,501,r-scylla3,4,1,outgoing,506
2026-09-21T15:42:35.027594+00:00,501,r-scylla4,4,0,incoming,322776
2026-09-21T15:42:35.027594+00:00,501,r-scylla4,4,0,outgoing,322776
2026-09-21T15:42:35.027594+00:00,501,r-scylla4,4,1,incoming,138818
2026-09-21T15:42:35.027594+00:00,501,r-scylla4,4,1,outgoing,138818
2026-09-21T15:42:36.027786+00:00,502,r-scylla1,4,0,incoming,0
2026-09-21T15:42:36.027786+00:00,502,r-scylla1,4,0,outgoing,276768
2026-09-21T15:42:36.027786+00:00,502,r-scylla1,4,1,incoming,138312
2026-09-21T15:42:36.027786+00:00,502,r-scylla1,4,1,outgoing,139000
2026-09-21T15:42:36.027786+00:00,502,r-scylla2,4,0,incoming,276768
2026-09-21T15:42:36.027786+00:00,502,r-scylla2,4,0,outgoing,138384
2026-09-21T15:42:36.027786+00:00,502,r-scylla2,4,1,incoming,290
2026-09-21T15:42:36.027786+00:00,502,r-scylla2,4,1,outgoing,138312
2026-09-21T15:42:36.027786+00:00,502,r-scylla3,4,0,incoming,322776
2026-09-21T15:42:36.027786+00:00,502,r-scylla3,4,0,outgoing,184392
2026-09-21T15:42:36.027786+00:00,502,r-scylla3,4,1,incoming,139216
2026-09-21T15:42:36.027786+00:00,502,r-scylla3,4,1,outgoing,506
2026-09-21T15:42:36.027786+00:00,502,r-scylla4,4,0,incoming,322776
2026-09-21T15:42:36.027786+00:00,502,r-scylla4,4,0,outgoing,322776
2026-09-21T15:42:36.027786+00:00,502,r-scylla4,4,1,incoming,138818
2026-09-21T15:42:36.027786+00:00,502,r-scylla4,4,1,outgoing,138818
2026-09-21T15:42:37.028071+00:00,503,r-scylla1,4,0,incoming,0
2026-09-21T15:42:37.028071+00:00,503,r-scylla1,4,0,outgoing,276768
2026-09-21T15:42:37.028071+00:00,503,r-scylla1,4,1,incoming,138312
2026-09-21T15:42:37.028071+00:00,503,r-scylla1,4,1,outgoing,139000
2026-09-21T15:42:37.028071+00:00,503,r-scylla2,4,0,incoming,276768
2026-09-21T15:42:37.028071+00:00,503,r-scylla2,4,0,outgoing,138384
2026-09-21T15:42:37.028071+00:00,503,r-scylla2,4,1,incoming,290
2026-09-21T15:42:37.028071+00:00,503,r-scylla2,4,1,outgoing,138312
2026-09-21T15:42:37.028071+00:00,503,r-scylla3,4,0,incoming,322776
2026-09-21T15:42:37.028071+00:00,503,r-scylla3,4,0,outgoing,184392
2026-09-21T15:42:37.028071+00:00,503,r-scylla3,4,1,incoming,139216
2026-09-21T15:42:37.028071+00:00,503,r-scylla3,4,1,outgoing,506
2026-09-21T15:42:37.028071+00:00,503,r-scylla4,4,0,incoming,322776
2026-09-21T15:42:37.028071+00:00,503,r-scylla4,4,0,outgoing,322776
2026-09-21T15:42:37.028071+00:00,503,r-scylla4,4,1,incoming,138818
2026-09-21T15:42:37.028071+00:00,503,r-scylla4,4,1,outgoing,138818
2026-09-21T15:42:38.028387+00:00,504,r-scylla1,4,0,incoming,0
2026-09-21T15:42:38.028387+00:00,504,r-scylla1,4,0,outgoing,276768
2026-09-21T15:42:38.028387+00:00,504,r-scylla1,4,1,incoming,138312
2026-09-21T15:42:38.028387+00:00,504,r-scylla1,4,1,outgoing,139000
2026-09-21T15:42:38.028387+00:00,504,r-scylla2,4,0,incoming,276768
2026-09-21T15:42:38.028387+00:00,504,r-scylla2,4,0,outgoing,138384
2026-09-21T15:42:38.028387+00:00,504,r-scylla2,4,1,incoming,290
2026-09-21T15:42:38.028387+00:00,504,r-scylla2,4,1,outgoing,138312
2026-09-21T15:42:38.028387+00:00,504,r-scylla3,4,0,incoming,322776
2026-09-21T15:42:38.028387+00:00,504,r-scylla3,4,0,outgoing,184392
2026-09-21T15:42:38.028387+00:00,504,r-scylla3,4,1,incoming,139216
2026-09-21T15:42:38.028387+00:00,504,r-scylla3,4,1,outgoing,506
2026-09-21T15:42:38.028387+00:00,504,r-scylla4,4,0,incoming,322776
2026-09-21T15:42:38.028387+00:00,504,r-scylla4,4,0,outgoing,322776
2026-09-21T15:42:38.028387+00:00,504,r-scylla4,4,1,incoming,138818
2026-09-21T15:42:38.028387+00:00,504,r-scylla4,4,1,outgoing,138818
2026-09-21T15:42:39.028629+00:00,505,r-scylla1,4,0,incoming,0
2026-09-21T15:42:39.028629+00:00,505,r-scylla1,4,0,outgoing,276768
2026-09-21T15:42:39.028629+00:00,505,r-scylla1,4,1,incoming,138312
2026-09-21T15:42:39.028629+00:00,505,r-scylla1,4,1,outgoing,139000
2026-09-21T15:42:39.028629+00:00,505,r-scylla2,4,0,incoming,276768
2026-09-21T15:42:39.028629+00:00,505,r-scylla2,4,0,outgoing,138384
2026-09-21T15:42:39.028629+00:00,505,r-scylla2,4,1,incoming,290
2026-09-21T15:42:39.028629+00:00,505,r-scylla2,4,1,outgoing,138312
2026-09-21T15:42:39.028629+00:00,505,r-scylla3,4,0,incoming,322776
2026-09-21T15:42:39.028629+00:00,505,r-scylla3,4,0,outgoing,184392
2026-09-21T15:42:39.028629+00:00,505,r-scylla3,4,1,incoming,139216
2026-09-21T15:42:39.028629+00:00,505,r-scylla3,4,1,outgoing,506
2026-09-21T15:42:39.028629+00:00,505,r-scylla4,4,0,incoming,322776
2026-09-21T15:42:39.028629+00:00,505,r-scylla4,4,0,outgoing,322776
2026-09-21T15:42:39.028629+00:00,505,r-scylla4,4,1,incoming,138818
2026-09-21T15:42:39.028629+00:00,505,r-scylla4,4,1,outgoing,138818
2026-09-21T15:42:40.028794+00:00,506,r-scylla1,4,0,incoming,0
2026-09-21T15:42:40.028794+00:00,506,r-scylla1,4,0,outgoing,276768
2026-09-21T15:42:40.028794+00:00,506,r-scylla1,4,1,incoming,138312
2026-09-21T15:42:40.028794+00:00,506,r-scylla1,4,1,outgoing,139000
2026-09-21T15:42:40.028794+00:00,506,r-scylla2,4,0,incoming,276768
2026-09-21T15:42:40.028794+00:00,506,r-scylla2,4,0,outgoing,138384
2026-09-21T15:42:40.028794+00:00,506,r-scylla2,4,1,incoming,290
2026-09-21T15:42:40.028794+00:00,506,r-scylla2,4,1,outgoing,138312
2026-09-21T15:42:40.028794+00:00,506,r-scylla3,4,0,incoming,322776
2026-09-21T15:42:40.028794+00:00,506,r-scylla3,4,0,outgoing,184392
2026-09-21T15:42:40.028794+00:00,506,r-scylla3,4,1,incoming,139216
2026-09-21T15:42:40.028794+00:00,506,r-scylla3,4,1,outgoing,506
2026-09-21T15:42:40.028794+00:00,506,r-scylla4,4,0,incoming,322776
2026-09-21T15:42:40.028794+00:00,506,r-scylla4,4,0,outgoing,322776
2026-09-21T15:42:40.028794+00:00,506,r-scylla4,4,1,incoming,138818
2026-09-21T15:42:40.028794+00:00,506,r-scylla4,4,1,outgoing,138818
2026-09-21T15:42:41.029084+00:00,507,r-scylla1,4,0,incoming,0
2026-09-21T15:42:41.029084+00:00,507,r-scylla1,4,0,outgoing,276768
2026-09-21T15:42:41.029084+00:00,507,r-scylla1,4,1,incoming,138312
2026-09-21T15:42:41.029084+00:00,507,r-scylla1,4,1,outgoing,139000
2026-09-21T15:42:41.029084+00:00,507,r-scylla2,4,0,incoming,276768
2026-09-21T15:42:41.029084+00:00,507,r-scylla2,4,0,outgoing,138384
2026-09-21T15:42:41.029084+00:00,507,r-scylla2,4,1,incoming,290
2026-09-21T15:42:41.029084+00:00,507,r-scylla2,4,1,outgoing,138312
2026-09-21T15:42:41.029084+00:00,507,r-scylla3,4,0,incoming,322776
2026-09-21T15:42:41.029084+00:00,507,r-scylla3,4,0,outgoing,184392
2026-09-21T15:42:41.029084+00:00,507,r-scylla3,4,1,incoming,139216
2026-09-21T15:42:41.029084+00:00,507,r-scylla3,4,1,outgoing,506
2026-09-21T15:42:41.029084+00:00,507,r-scylla4,4,0,incoming,322776
2026-09-21T15:42:41.029084+00:00,507,r-scylla4,4,0,outgoing,322776
2026-09-21T15:42:41.029084+00:00,507,r-scylla4,4,1,incoming,138818
2026-09-21T15:42:41.029084+00:00,507,r-scylla4,4,1,outgoing,138818
2026-09-21T15:42:42.029446+00:00,508,r-scylla1,4,0,incoming,0
2026-09-21T15:42:42.029446+00:00,508,r-scylla1,4,0,outgoing,276768
2026-09-21T15:42:42.029446+00:00,508,r-scylla1,4,1,incoming,138312
2026-09-21T15:42:42.029446+00:00,508,r-scylla1,4,1,outgoing,139000
2026-09-21T15:42:42.029446+00:00,508,r-scylla2,4,0,incoming,276768
2026-09-21T15:42:42.029446+00:00,508,r-scylla2,4,0,outgoing,138384
2026-09-21T15:42:42.029446+00:00,508,r-scylla2,4,1,incoming,290
2026-09-21T15:42:42.029446+00:00,508,r-scylla2,4,1,outgoing,138312
2026-09-21T15:42:42.029446+00:00,508,r-scylla3,4,0,incoming,322776
2026-09-21T15:42:42.029446+00:00,508,r-scylla3,4,0,outgoing,184392
2026-09-21T15:42:42.029446+00:00,508,r-scylla3,4,1,incoming,139216
2026-09-21T15:42:42.029446+00:00,508,r-scylla3,4,1,outgoing,506
2026-09-21T15:42:42.029446+00:00,508,r-scylla4,4,0,incoming,322776
2026-09-21T15:42:42.029446+00:00,508,r-scylla4,4,0,outgoing,322776
2026-09-21T15:42:42.029446+00:00,508,r-scylla4,4,1,incoming,138818
2026-09-21T15:42:42.029446+00:00,508,r-scylla4,4,1,outgoing,138818
2026-09-21T15:42:43.029822+00:00,509,r-scylla1,4,0,incoming,0
2026-09-21T15:42:43.029822+00:00,509,r-scylla1,4,0,outgoing,276768
2026-09-21T15:42:43.029822+00:00,509,r-scylla1,4,1,incoming,138312
2026-09-21T15:42:43.029822+00:00,509,r-scylla1,4,1,outgoing,139000
2026-09-21T15:42:43.029822+00:00,509,r-scylla2,4,0,incoming,276768
2026-09-21T15:42:43.029822+00:00,509,r-scylla2,4,0,outgoing,138384
2026-09-21T15:42:43.029822+00:00,509,r-scylla2,4,1,incoming,290
2026-09-21T15:42:43.029822+00:00,509,r-scylla2,4,1,outgoing,138312
2026-09-21T15:42:43.029822+00:00,509,r-scylla3,4,0,incoming,322776
2026-09-21T15:42:43.029822+00:00,509,r-scylla3,4,0,outgoing,184392
2026-09-21T15:42:43.029822+00:00,509,r-scylla3,4,1,incoming,139216
2026-09-21T15:42:43.029822+00:00,509,r-scylla3,4,1,outgoing,506
2026-09-21T15:42:43.029822+00:00,509,r-scylla4,4,0,incoming,322776
2026-09-21T15:42:43.029822+00:00,509,r-scylla4,4,0,outgoing,322776
2026-09-21T15:42:43.029822+00:00,509,r-scylla4,4,1,incoming,138818
2026-09-21T15:42:43.029822+00:00,509,r-scylla4,4,1,outgoing,138818
2026-09-21T15:42:44.030079+00:00,510,r-scylla1,4,0,incoming,0
2026-09-21T15:42:44.030079+00:00,510,r-scylla1,4,0,outgoing,276768
2026-09-21T15:42:44.030079+00:00,510,r-scylla1,4,1,incoming,138312
2026-09-21T15:42:44.030079+00:00,510,r-scylla1,4,1,outgoing,139000
2026-09-21T15:42:44.030079+00:00,510,r-scylla2,4,0,incoming,276768
2026-09-21T15:42:44.030079+00:00,510,r-scylla2,4,0,outgoing,138384
2026-09-21T15:42:44.030079+00:00,510,r-scylla2,4,1,incoming,290
2026-09-21T15:42:44.030079+00:00,510,r-scylla2,4,1,outgoing,138312
2026-09-21T15:42:44.030079+00:00,510,r-scylla3,4,0,incoming,322776
2026-09-21T15:42:44.030079+00:00,510,r-scylla3,4,0,outgoing,184392
2026-09-21T15:42:44.030079+00:00,510,r-scylla3,4,1,incoming,139216
2026-09-21T15:42:44.030079+00:00,510,r-scylla3,4,1,outgoing,506
2026-09-21T15:42:44.030079+00:00,510,r-scylla4,4,0,incoming,322776
2026-09-21T15:42:44.030079+00:00,510,r-scylla4,4,0,outgoing,322776
2026-09-21T15:42:44.030079+00:00,510,r-scylla4,4,1,incoming,138818
2026-09-21T15:42:44.030079+00:00,510,r-scylla4,4,1,outgoing,138818
2026-09-21T15:42:45.030404+00:00,511,r-scylla1,4,0,incoming,0
2026-09-21T15:42:45.030404+00:00,511,r-scylla1,4,0,outgoing,276768
2026-09-21T15:42:45.030404+00:00,511,r-scylla1,4,1,incoming,138312
2026-09-21T15:42:45.030404+00:00,511,r-scylla1,4,1,outgoing,139000
2026-09-21T15:42:45.030404+00:00,511,r-scylla2,4,0,incoming,276768
2026-09-21T15:42:45.030404+00:00,511,r-scylla2,4,0,outgoing,138384
2026-09-21T15:42:45.030404+00:00,511,r-scylla2,4,1,incoming,290
2026-09-21T15:42:45.030404+00:00,511,r-scylla2,4,1,outgoing,138312
2026-09-21T15:42:45.030404+00:00,511,r-scylla3,4,0,incoming,322776
2026-09-21T15:42:45.030404+00:00,511,r-scylla3,4,0,outgoing,184392
2026-09-21T15:42:45.030404+00:00,511,r-scylla3,4,1,incoming,139216
2026-09-21T15:42:45.030404+00:00,511,r-scylla3,4,1,outgoing,506
2026-09-21T15:42:45.030404+00:00,511,r-scylla4,4,0,incoming,322776
2026-09-21T15:42:45.030404+00:00,511,r-scylla4,4,0,outgoing,322776
2026-09-21T15:42:45.030404+00:00,511,r-scylla4,4,1,incoming,138818
2026-09-21T15:42:45.030404+00:00,511,r-scylla4,4,1,outgoing,138818
2026-09-21T15:42:46.030672+00:00,512,r-scylla1,4,0,incoming,0
2026-09-21T15:42:46.030672+00:00,512,r-scylla1,4,0,outgoing,276768
2026-09-21T15:42:46.030672+00:00,512,r-scylla1,4,1,incoming,138312
2026-09-21T15:42:46.030672+00:00,512,r-scylla1,4,1,outgoing,139000
2026-09-21T15:42:46.030672+00:00,512,r-scylla2,4,0,incoming,276768
2026-09-21T15:42:46.030672+00:00,512,r-scylla2,4,0,outgoing,138384
2026-09-21T15:42:46.030672+00:00,512,r-scylla2,4,1,incoming,290
2026-09-21T15:42:46.030672+00:00,512,r-scylla2,4,1,outgoing,138312
2026-09-21T15:42:46.030672+00:00,512,r-scylla3,4,0,incoming,322776
2026-09-21T15:42:46.030672+00:00,512,r-scylla3,4,0,outgoing,184392
2026-09-21T15:42:46.030672+00:00,512,r-scylla3,4,1,incoming,139216
2026-09-21T15:42:46.030672+00:00,512,r-scylla3,4,1,outgoing,506
2026-09-21T15:42:46.030672+00:00,512,r-scylla4,4,0,incoming,322776
2026-09-21T15:42:46.030672+00:00,512,r-scylla4,4,0,outgoing,322776
2026-09-21T15:42:46.030672+00:00,512,r-scylla4,4,1,incoming,138818
2026-09-21T15:42:46.030672+00:00,512,r-scylla4,4,1,outgoing,138818
2026-09-21T15:42:47.031009+00:00,513,r-scylla1,4,0,incoming,0
2026-09-21T15:42:47.031009+00:00,513,r-scylla1,4,0,outgoing,276768
2026-09-21T15:42:47.031009+00:00,513,r-scylla1,4,1,incoming,138312
2026-09-21T15:42:47.031009+00:00,513,r-scylla1,4,1,outgoing,139000
2026-09-21T15:42:47.031009+00:00,513,r-scylla2,4,0,incoming,276768
2026-09-21T15:42:47.031009+00:00,513,r-scylla2,4,0,outgoing,138384
2026-09-21T15:42:47.031009+00:00,513,r-scylla2,4,1,incoming,290
2026-09-21T15:42:47.031009+00:00,513,r-scylla2,4,1,outgoing,138312
2026-09-21T15:42:47.031009+00:00,513,r-scylla3,4,0,incoming,322776
2026-09-21T15:42:47.031009+00:00,513,r-scylla3,4,0,outgoing,184392
2026-09-21T15:42:47.031009+00:00,513,r-scylla3,4,1,incoming,139216
2026-09-21T15:42:47.031009+00:00,513,r-scylla3,4,1,outgoing,506
2026-09-21T15:42:47.031009+00:00,513,r-scylla4,4,0,incoming,322776
2026-09-21T15:42:47.031009+00:00,513,r-scylla4,4,0,outgoing,322776
2026-09-21T15:42:47.031009+00:00,513,r-scylla4,4,1,incoming,138818
2026-09-21T15:42:47.031009+00:00,513,r-scylla4,4,1,outgoing,138818
2026-09-21T15:42:48.031231+00:00,514,r-scylla1,4,0,incoming,0
2026-09-21T15:42:48.031231+00:00,514,r-scylla1,4,0,outgoing,276768
2026-09-21T15:42:48.031231+00:00,514,r-scylla1,4,1,incoming,138312
2026-09-21T15:42:48.031231+00:00,514,r-scylla1,4,1,outgoing,139000
2026-09-21T15:42:48.031231+00:00,514,r-scylla2,4,0,incoming,276768
2026-09-21T15:42:48.031231+00:00,514,r-scylla2,4,0,outgoing,138384
2026-09-21T15:42:48.031231+00:00,514,r-scylla2,4,1,incoming,290
2026-09-21T15:42:48.031231+00:00,514,r-scylla2,4,1,outgoing,138312
2026-09-21T15:42:48.031231+00:00,514,r-scylla3,4,0,incoming,322776
2026-09-21T15:42:48.031231+00:00,514,r-scylla3,4,0,outgoing,184392
2026-09-21T15:42:48.031231+00:00,514,r-scylla3,4,1,incoming,139216
2026-09-21T15:42:48.031231+00:00,514,r-scylla3,4,1,outgoing,506
2026-09-21T15:42:48.031231+00:00,514,r-scylla4,4,0,incoming,322776
2026-09-21T15:42:48.031231+00:00,514,r-scylla4,4,0,outgoing,322776
2026-09-21T15:42:48.031231+00:00,514,r-scylla4,4,1,incoming,138818
2026-09-21T15:42:48.031231+00:00,514,r-scylla4,4,1,outgoing,138818
2026-09-21T15:42:49.031648+00:00,515,r-scylla1,4,0,incoming,0
2026-09-21T15:42:49.031648+00:00,515,r-scylla1,4,0,outgoing,276768
2026-09-21T15:42:49.031648+00:00,515,r-scylla1,4,1,incoming,138312
2026-09-21T15:42:49.031648+00:00,515,r-scylla1,4,1,outgoing,139000
2026-09-21T15:42:49.031648+00:00,515,r-scylla2,4,0,incoming,276768
2026-09-21T15:42:49.031648+00:00,515,r-scylla2,4,0,outgoing,138384
2026-09-21T15:42:49.031648+00:00,515,r-scylla2,4,1,incoming,290
2026-09-21T15:42:49.031648+00:00,515,r-scylla2,4,1,outgoing,138312
2026-09-21T15:42:49.031648+00:00,515,r-scylla3,4,0,incoming,322776
2026-09-21T15:42:49.031648+00:00,515,r-scylla3,4,0,outgoing,184392
2026-09-21T15:42:49.031648+00:00,515,r-scylla3,4,1,incoming,139216
2026-09-21T15:42:49.031648+00:00,515,r-scylla3,4,1,outgoing,506
2026-09-21T15:42:49.031648+00:00,515,r-scylla4,4,0,incoming,322776
2026-09-21T15:42:49.031648+00:00,515,r-scylla4,4,0,outgoing,322776
2026-09-21T15:42:49.031648+00:00,515,r-scylla4,4,1,incoming,138818
2026-09-21T15:42:49.031648+00:00,515,r-scylla4,4,1,outgoing,138818
2026-09-21T15:42:50.029250+00:00,516,r-scylla1,4,0,incoming,0
2026-09-21T15:42:50.029250+00:00,516,r-scylla1,4,0,outgoing,276768
2026-09-21T15:42:50.029250+00:00,516,r-scylla1,4,1,incoming,138312
2026-09-21T15:42:50.029250+00:00,516,r-scylla1,4,1,outgoing,139000
2026-09-21T15:42:50.029250+00:00,516,r-scylla2,4,0,incoming,276768
2026-09-21T15:42:50.029250+00:00,516,r-scylla2,4,0,outgoing,138384
2026-09-21T15:42:50.029250+00:00,516,r-scylla2,4,1,incoming,290
2026-09-21T15:42:50.029250+00:00,516,r-scylla2,4,1,outgoing,138312
2026-09-21T15:42:50.029250+00:00,516,r-scylla3,4,0,incoming,322776
2026-09-21T15:42:50.029250+00:00,516,r-scylla3,4,0,outgoing,184392
2026-09-21T15:42:50.029250+00:00,516,r-scylla3,4,1,incoming,139216
2026-09-21T15:42:50.029250+00:00,516,r-scylla3,4,1,outgoing,506
2026-09-21T15:42:50.029250+00:00,516,r-scylla4,4,0,incoming,322776
2026-09-21T15:42:50.029250+00:00,516,r-scylla4,4,0,outgoing,322776
2026-09-21T15:42:50.029250+00:00,516,r-scylla4,4,1,incoming,138818
2026-09-21T15:42:50.029250+00:00,516,r-scylla4,4,1,outgoing,138818
2026-09-21T15:42:51.029700+00:00,517,r-scylla1,4,0,incoming,0
2026-09-21T15:42:51.029700+00:00,517,r-scylla1,4,0,outgoing,276768
2026-09-21T15:42:51.029700+00:00,517,r-scylla1,4,1,incoming,138312
2026-09-21T15:42:51.029700+00:00,517,r-scylla1,4,1,outgoing,139000
2026-09-21T15:42:51.029700+00:00,517,r-scylla2,4,0,incoming,276768
2026-09-21T15:42:51.029700+00:00,517,r-scylla2,4,0,outgoing,138384
2026-09-21T15:42:51.029700+00:00,517,r-scylla2,4,1,incoming,290
2026-09-21T15:42:51.029700+00:00,517,r-scylla2,4,1,outgoing,138312
2026-09-21T15:42:51.029700+00:00,517,r-scylla3,4,0,incoming,322776
2026-09-21T15:42:51.029700+00:00,517,r-scylla3,4,0,outgoing,184392
2026-09-21T15:42:51.029700+00:00,517,r-scylla3,4,1,incoming,139216
2026-09-21T15:42:51.029700+00:00,517,r-scylla3,4,1,outgoing,506
2026-09-21T15:42:51.029700+00:00,517,r-scylla4,4,0,incoming,322776
2026-09-21T15:42:51.029700+00:00,517,r-scylla4,4,0,outgoing,322776
2026-09-21T15:42:51.029700+00:00,517,r-scylla4,4,1,incoming,138818
2026-09-21T15:42:51.029700+00:00,517,r-scylla4,4,1,outgoing,138818
2026-09-21T15:42:52.029933+00:00,518,r-scylla1,4,0,incoming,0
2026-09-21T15:42:52.029933+00:00,518,r-scylla1,4,0,outgoing,276768
2026-09-21T15:42:52.029933+00:00,518,r-scylla1,4,1,incoming,138312
2026-09-21T15:42:52.029933+00:00,518,r-scylla1,4,1,outgoing,139000
2026-09-21T15:42:52.029933+00:00,518,r-scylla2,4,0,incoming,276768
2026-09-21T15:42:52.029933+00:00,518,r-scylla2,4,0,outgoing,138384
2026-09-21T15:42:52.029933+00:00,518,r-scylla2,4,1,incoming,290
2026-09-21T15:42:52.029933+00:00,518,r-scylla2,4,1,outgoing,138312
2026-09-21T15:42:52.029933+00:00,518,r-scylla3,4,0,incoming,322776
2026-09-21T15:42:52.029933+00:00,518,r-scylla3,4,0,outgoing,184392
2026-09-21T15:42:52.029933+00:00,518,r-scylla3,4,1,incoming,139216
2026-09-21T15:42:52.029933+00:00,518,r-scylla3,4,1,outgoing,506
2026-09-21T15:42:52.029933+00:00,518,r-scylla4,4,0,incoming,322776
2026-09-21T15:42:52.029933+00:00,518,r-scylla4,4,0,outgoing,322776
2026-09-21T15:42:52.029933+00:00,518,r-scylla4,4,1,incoming,138818
2026-09-21T15:42:52.029933+00:00,518,r-scylla4,4,1,outgoing,138818
2026-09-21T15:42:53.030366+00:00,519,r-scylla1,4,0,incoming,0
2026-09-21T15:42:53.030366+00:00,519,r-scylla1,4,0,outgoing,276768
2026-09-21T15:42:53.030366+00:00,519,r-scylla1,4,1,incoming,138312
2026-09-21T15:42:53.030366+00:00,519,r-scylla1,4,1,outgoing,139000
2026-09-21T15:42:53.030366+00:00,519,r-scylla2,4,0,incoming,276768
2026-09-21T15:42:53.030366+00:00,519,r-scylla2,4,0,outgoing,138384
2026-09-21T15:42:53.030366+00:00,519,r-scylla2,4,1,incoming,290
2026-09-21T15:42:53.030366+00:00,519,r-scylla2,4,1,outgoing,138312
2026-09-21T15:42:53.030366+00:00,519,r-scylla3,4,0,incoming,322776
2026-09-21T15:42:53.030366+00:00,519,r-scylla3,4,0,outgoing,184392
2026-09-21T15:42:53.030366+00:00,519,r-scylla3,4,1,incoming,139216
2026-09-21T15:42:53.030366+00:00,519,r-scylla3,4,1,outgoing,506
2026-09-21T15:42:53.030366+00:00,519,r-scylla4,4,0,incoming,322776
2026-09-21T15:42:53.030366+00:00,519,r-scylla4,4,0,outgoing,322776
2026-09-21T15:42:53.030366+00:00,519,r-scylla4,4,1,incoming,138818
2026-09-21T15:42:53.030366+00:00,519,r-scylla4,4,1,outgoing,138818
2026-09-21T15:42:54.030625+00:00,520,r-scylla1,4,0,incoming,0
2026-09-21T15:42:54.030625+00:00,520,r-scylla1,4,0,outgoing,276768
2026-09-21T15:42:54.030625+00:00,520,r-scylla1,4,1,incoming,138312
2026-09-21T15:42:54.030625+00:00,520,r-scylla1,4,1,outgoing,139000
2026-09-21T15:42:54.030625+00:00,520,r-scylla2,4,0,incoming,276768
2026-09-21T15:42:54.030625+00:00,520,r-scylla2,4,0,outgoing,138384
2026-09-21T15:42:54.030625+00:00,520,r-scylla2,4,1,incoming,290
2026-09-21T15:42:54.030625+00:00,520,r-scylla2,4,1,outgoing,138312
2026-09-21T15:42:54.030625+00:00,520,r-scylla3,4,0,incoming,322776
2026-09-21T15:42:54.030625+00:00,520,r-scylla3,4,0,outgoing,184392
2026-09-21T15:42:54.030625+00:00,520,r-scylla3,4,1,incoming,139216
2026-09-21T15:42:54.030625+00:00,520,r-scylla3,4,1,outgoing,506
2026-09-21T15:42:54.030625+00:00,520,r-scylla4,4,0,incoming,322776
2026-09-21T15:42:54.030625+00:00,520,r-scylla4,4,0,outgoing,322776
2026-09-21T15:42:54.030625+00:00,520,r-scylla4,4,1,incoming,138818
2026-09-21T15:42:54.030625+00:00,520,r-scylla4,4,1,outgoing,138818
2026-09-21T15:42:55.031271+00:00,521,r-scylla1,4,0,incoming,0
2026-09-21T15:42:55.031271+00:00,521,r-scylla1,4,0,outgoing,276768
2026-09-21T15:42:55.031271+00:00,521,r-scylla1,4,1,incoming,138312
2026-09-21T15:42:55.031271+00:00,521,r-scylla1,4,1,outgoing,139000
2026-09-21T15:42:55.031271+00:00,521,r-scylla2,4,0,incoming,276768
2026-09-21T15:42:55.031271+00:00,521,r-scylla2,4,0,outgoing,138384
2026-09-21T15:42:55.031271+00:00,521,r-scylla2,4,1,incoming,290
2026-09-21T15:42:55.031271+00:00,521,r-scylla2,4,1,outgoing,138312
2026-09-21T15:42:55.031271+00:00,521,r-scylla3,4,0,incoming,322776
2026-09-21T15:42:55.031271+00:00,521,r-scylla3,4,0,outgoing,184392
2026-09-21T15:42:55.031271+00:00,521,r-scylla3,4,1,incoming,139216
2026-09-21T15:42:55.031271+00:00,521,r-scylla3,4,1,outgoing,506
2026-09-21T15:42:55.031271+00:00,521,r-scylla4,4,0,incoming,322776
2026-09-21T15:42:55.031271+00:00,521,r-scylla4,4,0,outgoing,322776
2026-09-21T15:42:55.031271+00:00,521,r-scylla4,4,1,incoming,138818
2026-09-21T15:42:55.031271+00:00,521,r-scylla4,4,1,outgoing,138818
2026-09-21T15:42:56.031584+00:00,522,r-scylla1,4,0,incoming,0
2026-09-21T15:42:56.031584+00:00,522,r-scylla1,4,0,outgoing,276768
2026-09-21T15:42:56.031584+00:00,522,r-scylla1,4,1,incoming,138312
2026-09-21T15:42:56.031584+00:00,522,r-scylla1,4,1,outgoing,139000
2026-09-21T15:42:56.031584+00:00,522,r-scylla2,4,0,incoming,276768
2026-09-21T15:42:56.031584+00:00,522,r-scylla2,4,0,outgoing,138384
2026-09-21T15:42:56.031584+00:00,522,r-scylla2,4,1,incoming,290
2026-09-21T15:42:56.031584+00:00,522,r-scylla2,4,1,outgoing,138312
2026-09-21T15:42:56.031584+00:00,522,r-scylla3,4,0,incoming,322776
2026-09-21T15:42:56.031584+00:00,522,r-scylla3,4,0,outgoing,184392
2026-09-21T15:42:56.031584+00:00,522,r-scylla3,4,1,incoming,139216
2026-09-21T15:42:56.031584+00:00,522,r-scylla3,4,1,outgoing,506
2026-09-21T15:42:56.031584+00:00,522,r-scylla4,4,0,incoming,322776
2026-09-21T15:42:56.031584+00:00,522,r-scylla4,4,0,outgoing,322776
2026-09-21T15:42:56.031584+00:00,522,r-scylla4,4,1,incoming,138818
2026-09-21T15:42:56.031584+00:00,522,r-scylla4,4,1,outgoing,138818
2026-09-21T15:42:57.031997+00:00,523,r-scylla1,4,0,incoming,0
2026-09-21T15:42:57.031997+00:00,523,r-scylla1,4,0,outgoing,276768
2026-09-21T15:42:57.031997+00:00,523,r-scylla1,4,1,incoming,138312
2026-09-21T15:42:57.031997+00:00,523,r-scylla1,4,1,outgoing,139000
2026-09-21T15:42:57.031997+00:00,523,r-scylla2,4,0,incoming,276768
2026-09-21T15:42:57.031997+00:00,523,r-scylla2,4,0,outgoing,138384
2026-09-21T15:42:57.031997+00:00,523,r-scylla2,4,1,incoming,290
2026-09-21T15:42:57.031997+00:00,523,r-scylla2,4,1,outgoing,138312
2026-09-21T15:42:57.031997+00:00,523,r-scylla3,4,0,incoming,322776
2026-09-21T15:42:57.031997+00:00,523,r-scylla3,4,0,outgoing,184392
2026-09-21T15:42:57.031997+00:00,523,r-scylla3,4,1,incoming,139216
2026-09-21T15:42:57.031997+00:00,523,r-scylla3,4,1,outgoing,506
2026-09-21T15:42:57.031997+00:00,523,r-scylla4,4,0,incoming,322776
2026-09-21T15:42:57.031997+00:00,523,r-scylla4,4,0,outgoing,322776
2026-09-21T15:42:57.031997+00:00,523,r-scylla4,4,1,incoming,138818
2026-09-21T15:42:57.031997+00:00,523,r-scylla4,4,1,outgoing,138818
2026-09-21T15:42:58.032235+00:00,524,r-scylla1,4,0,incoming,0
2026-09-21T15:42:58.032235+00:00,524,r-scylla1,4,0,outgoing,276768
2026-09-21T15:42:58.032235+00:00,524,r-scylla1,4,1,incoming,138312
2026-09-21T15:42:58.032235+00:00,524,r-scylla1,4,1,outgoing,139000
2026-09-21T15:42:58.032235+00:00,524,r-scylla2,4,0,incoming,276768
2026-09-21T15:42:58.032235+00:00,524,r-scylla2,4,0,outgoing,138384
2026-09-21T15:42:58.032235+00:00,524,r-scylla2,4,1,incoming,290
2026-09-21T15:42:58.032235+00:00,524,r-scylla2,4,1,outgoing,138312
2026-09-21T15:42:58.032235+00:00,524,r-scylla3,4,0,incoming,322776
2026-09-21T15:42:58.032235+00:00,524,r-scylla3,4,0,outgoing,184392
2026-09-21T15:42:58.032235+00:00,524,r-scylla3,4,1,incoming,139216
2026-09-21T15:42:58.032235+00:00,524,r-scylla3,4,1,outgoing,506
2026-09-21T15:42:58.032235+00:00,524,r-scylla4,4,0,incoming,322776
2026-09-21T15:42:58.032235+00:00,524,r-scylla4,4,0,outgoing,322776
2026-09-21T15:42:58.032235+00:00,524,r-scylla4,4,1,incoming,138818
2026-09-21T15:42:58.032235+00:00,524,r-scylla4,4,1,outgoing,138818
2026-09-21T15:42:59.032564+00:00,525,r-scylla1,4,0,incoming,0
2026-09-21T15:42:59.032564+00:00,525,r-scylla1,4,0,outgoing,276768
2026-09-21T15:42:59.032564+00:00,525,r-scylla1,4,1,incoming,138312
2026-09-21T15:42:59.032564+00:00,525,r-scylla1,4,1,outgoing,139000
2026-09-21T15:42:59.032564+00:00,525,r-scylla2,4,0,incoming,276768
2026-09-21T15:42:59.032564+00:00,525,r-scylla2,4,0,outgoing,138384
2026-09-21T15:42:59.032564+00:00,525,r-scylla2,4,1,incoming,290
2026-09-21T15:42:59.032564+00:00,525,r-scylla2,4,1,outgoing,138312
2026-09-21T15:42:59.032564+00:00,525,r-scylla3,4,0,incoming,322776
2026-09-21T15:42:59.032564+00:00,525,r-scylla3,4,0,outgoing,184392
2026-09-21T15:42:59.032564+00:00,525,r-scylla3,4,1,incoming,139216
2026-09-21T15:42:59.032564+00:00,525,r-scylla3,4,1,outgoing,506
2026-09-21T15:42:59.032564+00:00,525,r-scylla4,4,0,incoming,322776
2026-09-21T15:42:59.032564+00:00,525,r-scylla4,4,0,outgoing,322776
2026-09-21T15:42:59.032564+00:00,525,r-scylla4,4,1,incoming,138818
2026-09-21T15:42:59.032564+00:00,525,r-scylla4,4,1,outgoing,138818
2026-09-21T15:43:00.032795+00:00,526,r-scylla1,4,0,incoming,0
2026-09-21T15:43:00.032795+00:00,526,r-scylla1,4,0,outgoing,276768
2026-09-21T15:43:00.032795+00:00,526,r-scylla1,4,1,incoming,138312
2026-09-21T15:43:00.032795+00:00,526,r-scylla1,4,1,outgoing,139000
2026-09-21T15:43:00.032795+00:00,526,r-scylla2,4,0,incoming,276768
2026-09-21T15:43:00.032795+00:00,526,r-scylla2,4,0,outgoing,138384
2026-09-21T15:43:00.032795+00:00,526,r-scylla2,4,1,incoming,290
2026-09-21T15:43:00.032795+00:00,526,r-scylla2,4,1,outgoing,138312
2026-09-21T15:43:00.032795+00:00,526,r-scylla3,4,0,incoming,322776
2026-09-21T15:43:00.032795+00:00,526,r-scylla3,4,0,outgoing,184392
2026-09-21T15:43:00.032795+00:00,526,r-scylla3,4,1,incoming,139216
2026-09-21T15:43:00.032795+00:00,526,r-scylla3,4,1,outgoing,506
2026-09-21T15:43:00.032795+00:00,526,r-scylla4,4,0,incoming,322776
2026-09-21T15:43:00.032795+00:00,526,r-scylla4,4,0,outgoing,322776
2026-09-21T15:43:00.032795+00:00,526,r-scylla4,4,1,incoming,138818
2026-09-21T15:43:00.032795+00:00,526,r-scylla4,4,1,outgoing,138818
2026-09-21T15:43:01.033002+00:00,527,r-scylla1,4,0,incoming,0
2026-09-21T15:43:01.033002+00:00,527,r-scylla1,4,0,outgoing,276768
2026-09-21T15:43:01.033002+00:00,527,r-scylla1,4,1,incoming,138312
2026-09-21T15:43:01.033002+00:00,527,r-scylla1,4,1,outgoing,139000
2026-09-21T15:43:01.033002+00:00,527,r-scylla2,4,0,incoming,276768
2026-09-21T15:43:01.033002+00:00,527,r-scylla2,4,0,outgoing,138384
2026-09-21T15:43:01.033002+00:00,527,r-scylla2,4,1,incoming,290
2026-09-21T15:43:01.033002+00:00,527,r-scylla2,4,1,outgoing,138312
2026-09-21T15:43:01.033002+00:00,527,r-scylla3,4,0,incoming,322776
2026-09-21T15:43:01.033002+00:00,527,r-scylla3,4,0,outgoing,184392
2026-09-21T15:43:01.033002+00:00,527,r-scylla3,4,1,incoming,139216
2026-09-21T15:43:01.033002+00:00,527,r-scylla3,4,1,outgoing,506
2026-09-21T15:43:01.033002+00:00,527,r-scylla4,4,0,incoming,322776
2026-09-21T15:43:01.033002+00:00,527,r-scylla4,4,0,outgoing,322776
2026-09-21T15:43:01.033002+00:00,527,r-scylla4,4,1,incoming,138818
2026-09-21T15:43:01.033002+00:00,527,r-scylla4,4,1,outgoing,138818
2026-09-21T15:43:02.033445+00:00,528,r-scylla1,4,0,incoming,0
2026-09-21T15:43:02.033445+00:00,528,r-scylla1,4,0,outgoing,276768
2026-09-21T15:43:02.033445+00:00,528,r-scylla1,4,1,incoming,138312
2026-09-21T15:43:02.033445+00:00,528,r-scylla1,4,1,outgoing,139000
2026-09-21T15:43:02.033445+00:00,528,r-scylla2,4,0,incoming,276768
2026-09-21T15:43:02.033445+00:00,528,r-scylla2,4,0,outgoing,138384
2026-09-21T15:43:02.033445+00:00,528,r-scylla2,4,1,incoming,290
2026-09-21T15:43:02.033445+00:00,528,r-scylla2,4,1,outgoing,138312
2026-09-21T15:43:02.033445+00:00,528,r-scylla3,4,0,incoming,322776
2026-09-21T15:43:02.033445+00:00,528,r-scylla3,4,0,outgoing,184392
2026-09-21T15:43:02.033445+00:00,528,r-scylla3,4,1,incoming,139216
2026-09-21T15:43:02.033445+00:00,528,r-scylla3,4,1,outgoing,506
2026-09-21T15:43:02.033445+00:00,528,r-scylla4,4,0,incoming,322776
2026-09-21T15:43:02.033445+00:00,528,r-scylla4,4,0,outgoing,322776
2026-09-21T15:43:02.033445+00:00,528,r-scylla4,4,1,incoming,138818
2026-09-21T15:43:02.033445+00:00,528,r-scylla4,4,1,outgoing,138818
2026-09-21T15:43:03.033683+00:00,529,r-scylla1,4,0,incoming,0
2026-09-21T15:43:03.033683+00:00,529,r-scylla1,4,0,outgoing,276768
2026-09-21T15:43:03.033683+00:00,529,r-scylla1,4,1,incoming,138312
2026-09-21T15:43:03.033683+00:00,529,r-scylla1,4,1,outgoing,139000
2026-09-21T15:43:03.033683+00:00,529,r-scylla2,4,0,incoming,276768
2026-09-21T15:43:03.033683+00:00,529,r-scylla2,4,0,outgoing,138384
2026-09-21T15:43:03.033683+00:00,529,r-scylla2,4,1,incoming,290
2026-09-21T15:43:03.033683+00:00,529,r-scylla2,4,1,outgoing,138312
2026-09-21T15:43:03.033683+00:00,529,r-scylla3,4,0,incoming,322776
2026-09-21T15:43:03.033683+00:00,529,r-scylla3,4,0,outgoing,184392
2026-09-21T15:43:03.033683+00:00,529,r-scylla3,4,1,incoming,139216
2026-09-21T15:43:03.033683+00:00,529,r-scylla3,4,1,outgoing,506
2026-09-21T15:43:03.033683+00:00,529,r-scylla4,4,0,incoming,322776
2026-09-21T15:43:03.033683+00:00,529,r-scylla4,4,0,outgoing,322776
2026-09-21T15:43:03.033683+00:00,529,r-scylla4,4,1,incoming,138818
2026-09-21T15:43:03.033683+00:00,529,r-scylla4,4,1,outgoing,138818
2026-09-21T15:43:04.033905+00:00,530,r-scylla1,4,0,incoming,0
2026-09-21T15:43:04.033905+00:00,530,r-scylla1,4,0,outgoing,276768
2026-09-21T15:43:04.033905+00:00,530,r-scylla1,4,1,incoming,138312
2026-09-21T15:43:04.033905+00:00,530,r-scylla1,4,1,outgoing,139000
2026-09-21T15:43:04.033905+00:00,530,r-scylla2,4,0,incoming,276768
2026-09-21T15:43:04.033905+00:00,530,r-scylla2,4,0,outgoing,138384
2026-09-21T15:43:04.033905+00:00,530,r-scylla2,4,1,incoming,290
2026-09-21T15:43:04.033905+00:00,530,r-scylla2,4,1,outgoing,138312
2026-09-21T15:43:04.033905+00:00,530,r-scylla3,4,0,incoming,322776
2026-09-21T15:43:04.033905+00:00,530,r-scylla3,4,0,outgoing,184392
2026-09-21T15:43:04.033905+00:00,530,r-scylla3,4,1,incoming,139216
2026-09-21T15:43:04.033905+00:00,530,r-scylla3,4,1,outgoing,506
2026-09-21T15:43:04.033905+00:00,530,r-scylla4,4,0,incoming,322776
2026-09-21T15:43:04.033905+00:00,530,r-scylla4,4,0,outgoing,322776
2026-09-21T15:43:04.033905+00:00,530,r-scylla4,4,1,incoming,138818
2026-09-21T15:43:04.033905+00:00,530,r-scylla4,4,1,outgoing,138818
2026-09-21T15:43:05.034187+00:00,531,r-scylla1,4,0,incoming,0
2026-09-21T15:43:05.034187+00:00,531,r-scylla1,4,0,outgoing,276768
2026-09-21T15:43:05.034187+00:00,531,r-scylla1,4,1,incoming,138312
2026-09-21T15:43:05.034187+00:00,531,r-scylla1,4,1,outgoing,139000
2026-09-21T15:43:05.034187+00:00,531,r-scylla2,4,0,incoming,276768
2026-09-21T15:43:05.034187+00:00,531,r-scylla2,4,0,outgoing,138384
2026-09-21T15:43:05.034187+00:00,531,r-scylla2,4,1,incoming,290
2026-09-21T15:43:05.034187+00:00,531,r-scylla2,4,1,outgoing,138312
2026-09-21T15:43:05.034187+00:00,531,r-scylla3,4,0,incoming,322776
2026-09-21T15:43:05.034187+00:00,531,r-scylla3,4,0,outgoing,184392
2026-09-21T15:43:05.034187+00:00,531,r-scylla3,4,1,incoming,139216
2026-09-21T15:43:05.034187+00:00,531,r-scylla3,4,1,outgoing,506
2026-09-21T15:43:05.034187+00:00,531,r-scylla4,4,0,incoming,322776
2026-09-21T15:43:05.034187+00:00,531,r-scylla4,4,0,outgoing,322776
2026-09-21T15:43:05.034187+00:00,531,r-scylla4,4,1,incoming,138818
2026-09-21T15:43:05.034187+00:00,531,r-scylla4,4,1,outgoing,138818
2026-09-21T15:43:06.034600+00:00,532,r-scylla1,4,0,incoming,0
2026-09-21T15:43:06.034600+00:00,532,r-scylla1,4,0,outgoing,276768
2026-09-21T15:43:06.034600+00:00,532,r-scylla1,4,1,incoming,138312
2026-09-21T15:43:06.034600+00:00,532,r-scylla1,4,1,outgoing,139000
2026-09-21T15:43:06.034600+00:00,532,r-scylla2,4,0,incoming,276768
2026-09-21T15:43:06.034600+00:00,532,r-scylla2,4,0,outgoing,138384
2026-09-21T15:43:06.034600+00:00,532,r-scylla2,4,1,incoming,290
2026-09-21T15:43:06.034600+00:00,532,r-scylla2,4,1,outgoing,138312
2026-09-21T15:43:06.034600+00:00,532,r-scylla3,4,0,incoming,322776
2026-09-21T15:43:06.034600+00:00,532,r-scylla3,4,0,outgoing,184392
2026-09-21T15:43:06.034600+00:00,532,r-scylla3,4,1,incoming,139216
2026-09-21T15:43:06.034600+00:00,532,r-scylla3,4,1,outgoing,506
2026-09-21T15:43:06.034600+00:00,532,r-scylla4,4,0,incoming,322776
2026-09-21T15:43:06.034600+00:00,532,r-scylla4,4,0,outgoing,322776
2026-09-21T15:43:06.034600+00:00,532,r-scylla4,4,1,incoming,138818
2026-09-21T15:43:06.034600+00:00,532,r-scylla4,4,1,outgoing,138818
2026-09-21T15:43:07.034788+00:00,533,r-scylla1,4,0,incoming,0
2026-09-21T15:43:07.034788+00:00,533,r-scylla1,4,0,outgoing,276768
2026-09-21T15:43:07.034788+00:00,533,r-scylla1,4,1,incoming,138312
2026-09-21T15:43:07.034788+00:00,533,r-scylla1,4,1,outgoing,139000
2026-09-21T15:43:07.034788+00:00,533,r-scylla2,4,0,incoming,276768
2026-09-21T15:43:07.034788+00:00,533,r-scylla2,4,0,outgoing,138384
2026-09-21T15:43:07.034788+00:00,533,r-scylla2,4,1,incoming,290
2026-09-21T15:43:07.034788+00:00,533,r-scylla2,4,1,outgoing,138312
2026-09-21T15:43:07.034788+00:00,533,r-scylla3,4,0,incoming,322776
2026-09-21T15:43:07.034788+00:00,533,r-scylla3,4,0,outgoing,184392
2026-09-21T15:43:07.034788+00:00,533,r-scylla3,4,1,incoming,139216
2026-09-21T15:43:07.034788+00:00,533,r-scylla3,4,1,outgoing,506
2026-09-21T15:43:07.034788+00:00,533,r-scylla4,4,0,incoming,322776
2026-09-21T15:43:07.034788+00:00,533,r-scylla4,4,0,outgoing,322776
2026-09-21T15:43:07.034788+00:00,533,r-scylla4,4,1,incoming,138818
2026-09-21T15:43:07.034788+00:00,533,r-scylla4,4,1,outgoing,138818
2026-09-21T15:43:08.035151+00:00,534,r-scylla1,4,0,incoming,0
2026-09-21T15:43:08.035151+00:00,534,r-scylla1,4,0,outgoing,276768
2026-09-21T15:43:08.035151+00:00,534,r-scylla1,4,1,incoming,138312
2026-09-21T15:43:08.035151+00:00,534,r-scylla1,4,1,outgoing,139000
2026-09-21T15:43:08.035151+00:00,534,r-scylla2,4,0,incoming,276768
2026-09-21T15:43:08.035151+00:00,534,r-scylla2,4,0,outgoing,138384
2026-09-21T15:43:08.035151+00:00,534,r-scylla2,4,1,incoming,290
2026-09-21T15:43:08.035151+00:00,534,r-scylla2,4,1,outgoing,138312
2026-09-21T15:43:08.035151+00:00,534,r-scylla3,4,0,incoming,322776
2026-09-21T15:43:08.035151+00:00,534,r-scylla3,4,0,outgoing,184392
2026-09-21T15:43:08.035151+00:00,534,r-scylla3,4,1,incoming,139216
2026-09-21T15:43:08.035151+00:00,534,r-scylla3,4,1,outgoing,506
2026-09-21T15:43:08.035151+00:00,534,r-scylla4,4,0,incoming,322776
2026-09-21T15:43:08.035151+00:00,534,r-scylla4,4,0,outgoing,322776
2026-09-21T15:43:08.035151+00:00,534,r-scylla4,4,1,incoming,138818
2026-09-21T15:43:08.035151+00:00,534,r-scylla4,4,1,outgoing,138818
2026-09-21T15:43:09.035352+00:00,535,r-scylla1,4,0,incoming,0
2026-09-21T15:43:09.035352+00:00,535,r-scylla1,4,0,outgoing,276768
2026-09-21T15:43:09.035352+00:00,535,r-scylla1,4,1,incoming,138312
2026-09-21T15:43:09.035352+00:00,535,r-scylla1,4,1,outgoing,139000
2026-09-21T15:43:09.035352+00:00,535,r-scylla2,4,0,incoming,276768
2026-09-21T15:43:09.035352+00:00,535,r-scylla2,4,0,outgoing,138384
2026-09-21T15:43:09.035352+00:00,535,r-scylla2,4,1,incoming,290
2026-09-21T15:43:09.035352+00:00,535,r-scylla2,4,1,outgoing,138312
2026-09-21T15:43:09.035352+00:00,535,r-scylla3,4,0,incoming,322776
2026-09-21T15:43:09.035352+00:00,535,r-scylla3,4,0,outgoing,184392
2026-09-21T15:43:09.035352+00:00,535,r-scylla3,4,1,incoming,139216
2026-09-21T15:43:09.035352+00:00,535,r-scylla3,4,1,outgoing,506
2026-09-21T15:43:09.035352+00:00,535,r-scylla4,4,0,incoming,322776
2026-09-21T15:43:09.035352+00:00,535,r-scylla4,4,0,outgoing,322776
2026-09-21T15:43:09.035352+00:00,535,r-scylla4,4,1,incoming,138818
2026-09-21T15:43:09.035352+00:00,535,r-scylla4,4,1,outgoing,138818
2026-09-21T15:43:10.035677+00:00,536,r-scylla1,4,0,incoming,0
2026-09-21T15:43:10.035677+00:00,536,r-scylla1,4,0,outgoing,276768
2026-09-21T15:43:10.035677+00:00,536,r-scylla1,4,1,incoming,138312
2026-09-21T15:43:10.035677+00:00,536,r-scylla1,4,1,outgoing,139000
2026-09-21T15:43:10.035677+00:00,536,r-scylla2,4,0,incoming,276768
2026-09-21T15:43:10.035677+00:00,536,r-scylla2,4,0,outgoing,138384
2026-09-21T15:43:10.035677+00:00,536,r-scylla2,4,1,incoming,290
2026-09-21T15:43:10.035677+00:00,536,r-scylla2,4,1,outgoing,138312
2026-09-21T15:43:10.035677+00:00,536,r-scylla3,4,0,incoming,322776
2026-09-21T15:43:10.035677+00:00,536,r-scylla3,4,0,outgoing,184392
2026-09-21T15:43:10.035677+00:00,536,r-scylla3,4,1,incoming,139216
2026-09-21T15:43:10.035677+00:00,536,r-scylla3,4,1,outgoing,506
2026-09-21T15:43:10.035677+00:00,536,r-scylla4,4,0,incoming,322776
2026-09-21T15:43:10.035677+00:00,536,r-scylla4,4,0,outgoing,322776
2026-09-21T15:43:10.035677+00:00,536,r-scylla4,4,1,incoming,138818
2026-09-21T15:43:10.035677+00:00,536,r-scylla4,4,1,outgoing,138818
2026-09-21T15:43:11.035972+00:00,537,r-scylla1,4,0,incoming,0
2026-09-21T15:43:11.035972+00:00,537,r-scylla1,4,0,outgoing,276768
2026-09-21T15:43:11.035972+00:00,537,r-scylla1,4,1,incoming,138312
2026-09-21T15:43:11.035972+00:00,537,r-scylla1,4,1,outgoing,139000
2026-09-21T15:43:11.035972+00:00,537,r-scylla2,4,0,incoming,276768
2026-09-21T15:43:11.035972+00:00,537,r-scylla2,4,0,outgoing,138384
2026-09-21T15:43:11.035972+00:00,537,r-scylla2,4,1,incoming,290
2026-09-21T15:43:11.035972+00:00,537,r-scylla2,4,1,outgoing,138312
2026-09-21T15:43:11.035972+00:00,537,r-scylla3,4,0,incoming,322776
2026-09-21T15:43:11.035972+00:00,537,r-scylla3,4,0,outgoing,184392
2026-09-21T15:43:11.035972+00:00,537,r-scylla3,4,1,incoming,139216
2026-09-21T15:43:11.035972+00:00,537,r-scylla3,4,1,outgoing,506
2026-09-21T15:43:11.035972+00:00,537,r-scylla4,4,0,incoming,322776
2026-09-21T15:43:11.035972+00:00,537,r-scylla4,4,0,outgoing,322776
2026-09-21T15:43:11.035972+00:00,537,r-scylla4,4,1,incoming,138818
2026-09-21T15:43:11.035972+00:00,537,r-scylla4,4,1,outgoing,138818
2026-09-21T15:43:12.036193+00:00,538,r-scylla1,4,0,incoming,0
2026-09-21T15:43:12.036193+00:00,538,r-scylla1,4,0,outgoing,276768
2026-09-21T15:43:12.036193+00:00,538,r-scylla1,4,1,incoming,138312
2026-09-21T15:43:12.036193+00:00,538,r-scylla1,4,1,outgoing,139000
2026-09-21T15:43:12.036193+00:00,538,r-scylla2,4,0,incoming,276768
2026-09-21T15:43:12.036193+00:00,538,r-scylla2,4,0,outgoing,138384
2026-09-21T15:43:12.036193+00:00,538,r-scylla2,4,1,incoming,290
2026-09-21T15:43:12.036193+00:00,538,r-scylla2,4,1,outgoing,138312
2026-09-21T15:43:12.036193+00:00,538,r-scylla3,4,0,incoming,322776
2026-09-21T15:43:12.036193+00:00,538,r-scylla3,4,0,outgoing,184392
2026-09-21T15:43:12.036193+00:00,538,r-scylla3,4,1,incoming,139216
2026-09-21T15:43:12.036193+00:00,538,r-scylla3,4,1,outgoing,506
2026-09-21T15:43:12.036193+00:00,538,r-scylla4,4,0,incoming,322776
2026-09-21T15:43:12.036193+00:00,538,r-scylla4,4,0,outgoing,322776
2026-09-21T15:43:12.036193+00:00,538,r-scylla4,4,1,incoming,138818
2026-09-21T15:43:12.036193+00:00,538,r-scylla4,4,1,outgoing,138818
2026-09-21T15:43:13.036398+00:00,539,r-scylla1,4,0,incoming,0
2026-09-21T15:43:13.036398+00:00,539,r-scylla1,4,0,outgoing,276768
2026-09-21T15:43:13.036398+00:00,539,r-scylla1,4,1,incoming,138312
2026-09-21T15:43:13.036398+00:00,539,r-scylla1,4,1,outgoing,139000
2026-09-21T15:43:13.036398+00:00,539,r-scylla2,4,0,incoming,276768
2026-09-21T15:43:13.036398+00:00,539,r-scylla2,4,0,outgoing,138384
2026-09-21T15:43:13.036398+00:00,539,r-scylla2,4,1,incoming,290
2026-09-21T15:43:13.036398+00:00,539,r-scylla2,4,1,outgoing,138312
2026-09-21T15:43:13.036398+00:00,539,r-scylla3,4,0,incoming,322776
2026-09-21T15:43:13.036398+00:00,539,r-scylla3,4,0,outgoing,184392
2026-09-21T15:43:13.036398+00:00,539,r-scylla3,4,1,incoming,139216
2026-09-21T15:43:13.036398+00:00,539,r-scylla3,4,1,outgoing,506
2026-09-21T15:43:13.036398+00:00,539,r-scylla4,4,0,incoming,322776
2026-09-21T15:43:13.036398+00:00,539,r-scylla4,4,0,outgoing,322776
2026-09-21T15:43:13.036398+00:00,539,r-scylla4,4,1,incoming,138818
2026-09-21T15:43:13.036398+00:00,539,r-scylla4,4,1,outgoing,138818
2026-09-21T15:43:14.036747+00:00,540,r-scylla1,4,0,incoming,0
2026-09-21T15:43:14.036747+00:00,540,r-scylla1,4,0,outgoing,276768
2026-09-21T15:43:14.036747+00:00,540,r-scylla1,4,1,incoming,138312
2026-09-21T15:43:14.036747+00:00,540,r-scylla1,4,1,outgoing,139000
2026-09-21T15:43:14.036747+00:00,540,r-scylla2,4,0,incoming,276768
2026-09-21T15:43:14.036747+00:00,540,r-scylla2,4,0,outgoing,138384
2026-09-21T15:43:14.036747+00:00,540,r-scylla2,4,1,incoming,290
2026-09-21T15:43:14.036747+00:00,540,r-scylla2,4,1,outgoing,138312
2026-09-21T15:43:14.036747+00:00,540,r-scylla3,4,0,incoming,322776
2026-09-21T15:43:14.036747+00:00,540,r-scylla3,4,0,outgoing,184392
2026-09-21T15:43:14.036747+00:00,540,r-scylla3,4,1,incoming,139216
2026-09-21T15:43:14.036747+00:00,540,r-scylla3,4,1,outgoing,506
2026-09-21T15:43:14.036747+00:00,540,r-scylla4,4,0,incoming,322776
2026-09-21T15:43:14.036747+00:00,540,r-scylla4,4,0,outgoing,322776
2026-09-21T15:43:14.036747+00:00,540,r-scylla4,4,1,incoming,138818
2026-09-21T15:43:14.036747+00:00,540,r-scylla4,4,1,outgoing,138818
2026-09-21T15:43:15.037087+00:00,541,r-scylla1,4,0,incoming,0
2026-09-21T15:43:15.037087+00:00,541,r-scylla1,4,0,outgoing,276768
2026-09-21T15:43:15.037087+00:00,541,r-scylla1,4,1,incoming,138312
2026-09-21T15:43:15.037087+00:00,541,r-scylla1,4,1,outgoing,139000
2026-09-21T15:43:15.037087+00:00,541,r-scylla2,4,0,incoming,276768
2026-09-21T15:43:15.037087+00:00,541,r-scylla2,4,0,outgoing,138384
2026-09-21T15:43:15.037087+00:00,541,r-scylla2,4,1,incoming,290
2026-09-21T15:43:15.037087+00:00,541,r-scylla2,4,1,outgoing,138312
2026-09-21T15:43:15.037087+00:00,541,r-scylla3,4,0,incoming,322776
2026-09-21T15:43:15.037087+00:00,541,r-scylla3,4,0,outgoing,184392
2026-09-21T15:43:15.037087+00:00,541,r-scylla3,4,1,incoming,139216
2026-09-21T15:43:15.037087+00:00,541,r-scylla3,4,1,outgoing,506
2026-09-21T15:43:15.037087+00:00,541,r-scylla4,4,0,incoming,322776
2026-09-21T15:43:15.037087+00:00,541,r-scylla4,4,0,outgoing,322776
2026-09-21T15:43:15.037087+00:00,541,r-scylla4,4,1,incoming,138818
2026-09-21T15:43:15.037087+00:00,541,r-scylla4,4,1,outgoing,138818
2026-09-21T15:43:16.037413+00:00,542,r-scylla1,4,0,incoming,0
2026-09-21T15:43:16.037413+00:00,542,r-scylla1,4,0,outgoing,276768
2026-09-21T15:43:16.037413+00:00,542,r-scylla1,4,1,incoming,138312
2026-09-21T15:43:16.037413+00:00,542,r-scylla1,4,1,outgoing,139000
2026-09-21T15:43:16.037413+00:00,542,r-scylla2,4,0,incoming,276768
2026-09-21T15:43:16.037413+00:00,542,r-scylla2,4,0,outgoing,138384
2026-09-21T15:43:16.037413+00:00,542,r-scylla2,4,1,incoming,290
2026-09-21T15:43:16.037413+00:00,542,r-scylla2,4,1,outgoing,138312
2026-09-21T15:43:16.037413+00:00,542,r-scylla3,4,0,incoming,322776
2026-09-21T15:43:16.037413+00:00,542,r-scylla3,4,0,outgoing,184392
2026-09-21T15:43:16.037413+00:00,542,r-scylla3,4,1,incoming,139216
2026-09-21T15:43:16.037413+00:00,542,r-scylla3,4,1,outgoing,506
2026-09-21T15:43:16.037413+00:00,542,r-scylla4,4,0,incoming,322776
2026-09-21T15:43:16.037413+00:00,542,r-scylla4,4,0,outgoing,322776
2026-09-21T15:43:16.037413+00:00,542,r-scylla4,4,1,incoming,138818
2026-09-21T15:43:16.037413+00:00,542,r-scylla4,4,1,outgoing,138818
2026-09-21T15:43:17.037728+00:00,543,r-scylla1,4,0,incoming,0
2026-09-21T15:43:17.037728+00:00,543,r-scylla1,4,0,outgoing,276768
2026-09-21T15:43:17.037728+00:00,543,r-scylla1,4,1,incoming,138312
2026-09-21T15:43:17.037728+00:00,543,r-scylla1,4,1,outgoing,139000
2026-09-21T15:43:17.037728+00:00,543,r-scylla2,4,0,incoming,276768
2026-09-21T15:43:17.037728+00:00,543,r-scylla2,4,0,outgoing,138384
2026-09-21T15:43:17.037728+00:00,543,r-scylla2,4,1,incoming,290
2026-09-21T15:43:17.037728+00:00,543,r-scylla2,4,1,outgoing,138312
2026-09-21T15:43:17.037728+00:00,543,r-scylla3,4,0,incoming,322776
2026-09-21T15:43:17.037728+00:00,543,r-scylla3,4,0,outgoing,184392
2026-09-21T15:43:17.037728+00:00,543,r-scylla3,4,1,incoming,139216
2026-09-21T15:43:17.037728+00:00,543,r-scylla3,4,1,outgoing,506
2026-09-21T15:43:17.037728+00:00,543,r-scylla4,4,0,incoming,322776
2026-09-21T15:43:17.037728+00:00,543,r-scylla4,4,0,outgoing,322776
2026-09-21T15:43:17.037728+00:00,543,r-scylla4,4,1,incoming,138818
2026-09-21T15:43:17.037728+00:00,543,r-scylla4,4,1,outgoing,138818
2026-09-21T15:43:18.037977+00:00,544,r-scylla1,4,0,incoming,0
2026-09-21T15:43:18.037977+00:00,544,r-scylla1,4,0,outgoing,276768
2026-09-21T15:43:18.037977+00:00,544,r-scylla1,4,1,incoming,138312
2026-09-21T15:43:18.037977+00:00,544,r-scylla1,4,1,outgoing,139000
2026-09-21T15:43:18.037977+00:00,544,r-scylla2,4,0,incoming,276768
2026-09-21T15:43:18.037977+00:00,544,r-scylla2,4,0,outgoing,138384
2026-09-21T15:43:18.037977+00:00,544,r-scylla2,4,1,incoming,290
2026-09-21T15:43:18.037977+00:00,544,r-scylla2,4,1,outgoing,138312
2026-09-21T15:43:18.037977+00:00,544,r-scylla3,4,0,incoming,322776
2026-09-21T15:43:18.037977+00:00,544,r-scylla3,4,0,outgoing,184392
2026-09-21T15:43:18.037977+00:00,544,r-scylla3,4,1,incoming,139216
2026-09-21T15:43:18.037977+00:00,544,r-scylla3,4,1,outgoing,506
2026-09-21T15:43:18.037977+00:00,544,r-scylla4,4,0,incoming,322776
2026-09-21T15:43:18.037977+00:00,544,r-scylla4,4,0,outgoing,322776
2026-09-21T15:43:18.037977+00:00,544,r-scylla4,4,1,incoming,138818
2026-09-21T15:43:18.037977+00:00,544,r-scylla4,4,1,outgoing,138818
2026-09-21T15:43:19.038401+00:00,545,r-scylla1,4,0,incoming,0
2026-09-21T15:43:19.038401+00:00,545,r-scylla1,4,0,outgoing,276768
2026-09-21T15:43:19.038401+00:00,545,r-scylla1,4,1,incoming,138312
2026-09-21T15:43:19.038401+00:00,545,r-scylla1,4,1,outgoing,139000
2026-09-21T15:43:19.038401+00:00,545,r-scylla2,4,0,incoming,276768
2026-09-21T15:43:19.038401+00:00,545,r-scylla2,4,0,outgoing,138384
2026-09-21T15:43:19.038401+00:00,545,r-scylla2,4,1,incoming,290
2026-09-21T15:43:19.038401+00:00,545,r-scylla2,4,1,outgoing,138312
2026-09-21T15:43:19.038401+00:00,545,r-scylla3,4,0,incoming,322776
2026-09-21T15:43:19.038401+00:00,545,r-scylla3,4,0,outgoing,184392
2026-09-21T15:43:19.038401+00:00,545,r-scylla3,4,1,incoming,139216
2026-09-21T15:43:19.038401+00:00,545,r-scylla3,4,1,outgoing,506
2026-09-21T15:43:19.038401+00:00,545,r-scylla4,4,0,incoming,322776
2026-09-21T15:43:19.038401+00:00,545,r-scylla4,4,0,outgoing,322776
2026-09-21T15:43:19.038401+00:00,545,r-scylla4,4,1,incoming,138818
2026-09-21T15:43:19.038401+00:00,545,r-scylla4,4,1,outgoing,138818
2026-09-21T15:43:20.035988+00:00,546,r-scylla1,4,0,incoming,0
2026-09-21T15:43:20.035988+00:00,546,r-scylla1,4,0,outgoing,276768
2026-09-21T15:43:20.035988+00:00,546,r-scylla1,4,1,incoming,138312
2026-09-21T15:43:20.035988+00:00,546,r-scylla1,4,1,outgoing,139000
2026-09-21T15:43:20.035988+00:00,546,r-scylla2,4,0,incoming,276768
2026-09-21T15:43:20.035988+00:00,546,r-scylla2,4,0,outgoing,138384
2026-09-21T15:43:20.035988+00:00,546,r-scylla2,4,1,incoming,290
2026-09-21T15:43:20.035988+00:00,546,r-scylla2,4,1,outgoing,138312
2026-09-21T15:43:20.035988+00:00,546,r-scylla3,4,0,incoming,322776
2026-09-21T15:43:20.035988+00:00,546,r-scylla3,4,0,outgoing,184392
2026-09-21T15:43:20.035988+00:00,546,r-scylla3,4,1,incoming,139216
2026-09-21T15:43:20.035988+00:00,546,r-scylla3,4,1,outgoing,506
2026-09-21T15:43:20.035988+00:00,546,r-scylla4,4,0,incoming,322776
2026-09-21T15:43:20.035988+00:00,546,r-scylla4,4,0,outgoing,322776
2026-09-21T15:43:20.035988+00:00,546,r-scylla4,4,1,incoming,138818
2026-09-21T15:43:20.035988+00:00,546,r-scylla4,4,1,outgoing,138818
2026-09-21T15:43:21.036160+00:00,547,r-scylla1,4,0,incoming,0
2026-09-21T15:43:21.036160+00:00,547,r-scylla1,4,0,outgoing,276768
2026-09-21T15:43:21.036160+00:00,547,r-scylla1,4,1,incoming,138312
2026-09-21T15:43:21.036160+00:00,547,r-scylla1,4,1,outgoing,139000
2026-09-21T15:43:21.036160+00:00,547,r-scylla2,4,0,incoming,276768
2026-09-21T15:43:21.036160+00:00,547,r-scylla2,4,0,outgoing,138384
2026-09-21T15:43:21.036160+00:00,547,r-scylla2,4,1,incoming,290
2026-09-21T15:43:21.036160+00:00,547,r-scylla2,4,1,outgoing,138312
2026-09-21T15:43:21.036160+00:00,547,r-scylla3,4,0,incoming,322776
2026-09-21T15:43:21.036160+00:00,547,r-scylla3,4,0,outgoing,184392
2026-09-21T15:43:21.036160+00:00,547,r-scylla3,4,1,incoming,139216
2026-09-21T15:43:21.036160+00:00,547,r-scylla3,4,1,outgoing,506
2026-09-21T15:43:21.036160+00:00,547,r-scylla4,4,0,incoming,322776
2026-09-21T15:43:21.036160+00:00,547,r-scylla4,4,0,outgoing,322776
2026-09-21T15:43:21.036160+00:00,547,r-scylla4,4,1,incoming,138818
2026-09-21T15:43:21.036160+00:00,547,r-scylla4,4,1,outgoing,138818
2026-09-21T15:43:22.036393+00:00,548,r-scylla1,4,0,incoming,0
2026-09-21T15:43:22.036393+00:00,548,r-scylla1,4,0,outgoing,276768
2026-09-21T15:43:22.036393+00:00,548,r-scylla1,4,1,incoming,138312
2026-09-21T15:43:22.036393+00:00,548,r-scylla1,4,1,outgoing,139000
2026-09-21T15:43:22.036393+00:00,548,r-scylla2,4,0,incoming,276768
2026-09-21T15:43:22.036393+00:00,548,r-scylla2,4,0,outgoing,138384
2026-09-21T15:43:22.036393+00:00,548,r-scylla2,4,1,incoming,290
2026-09-21T15:43:22.036393+00:00,548,r-scylla2,4,1,outgoing,138312
2026-09-21T15:43:22.036393+00:00,548,r-scylla3,4,0,incoming,322776
2026-09-21T15:43:22.036393+00:00,548,r-scylla3,4,0,outgoing,184392
2026-09-21T15:43:22.036393+00:00,548,r-scylla3,4,1,incoming,139216
2026-09-21T15:43:22.036393+00:00,548,r-scylla3,4,1,outgoing,506
2026-09-21T15:43:22.036393+00:00,548,r-scylla4,4,0,incoming,322776
2026-09-21T15:43:22.036393+00:00,548,r-scylla4,4,0,outgoing,322776
2026-09-21T15:43:22.036393+00:00,548,r-scylla4,4,1,incoming,138818
2026-09-21T15:43:22.036393+00:00,548,r-scylla4,4,1,outgoing,138818
2026-09-21T15:43:23.036891+00:00,549,r-scylla1,4,0,incoming,0
2026-09-21T15:43:23.036891+00:00,549,r-scylla1,4,0,outgoing,276768
2026-09-21T15:43:23.036891+00:00,549,r-scylla1,4,1,incoming,138312
2026-09-21T15:43:23.036891+00:00,549,r-scylla1,4,1,outgoing,139000
2026-09-21T15:43:23.036891+00:00,549,r-scylla2,4,0,incoming,276768
2026-09-21T15:43:23.036891+00:00,549,r-scylla2,4,0,outgoing,138384
2026-09-21T15:43:23.036891+00:00,549,r-scylla2,4,1,incoming,290
2026-09-21T15:43:23.036891+00:00,549,r-scylla2,4,1,outgoing,138312
2026-09-21T15:43:23.036891+00:00,549,r-scylla3,4,0,incoming,322776
2026-09-21T15:43:23.036891+00:00,549,r-scylla3,4,0,outgoing,184392
2026-09-21T15:43:23.036891+00:00,549,r-scylla3,4,1,incoming,139216
2026-09-21T15:43:23.036891+00:00,549,r-scylla3,4,1,outgoing,506
2026-09-21T15:43:23.036891+00:00,549,r-scylla4,4,0,incoming,322776
2026-09-21T15:43:23.036891+00:00,549,r-scylla4,4,0,outgoing,322776
2026-09-21T15:43:23.036891+00:00,549,r-scylla4,4,1,incoming,138818
2026-09-21T15:43:23.036891+00:00,549,r-scylla4,4,1,outgoing,138818
2026-09-21T15:43:24.037303+00:00,550,r-scylla1,4,0,incoming,0
2026-09-21T15:43:24.037303+00:00,550,r-scylla1,4,0,outgoing,276768
2026-09-21T15:43:24.037303+00:00,550,r-scylla1,4,1,incoming,138312
2026-09-21T15:43:24.037303+00:00,550,r-scylla1,4,1,outgoing,139000
2026-09-21T15:43:24.037303+00:00,550,r-scylla2,4,0,incoming,276768
2026-09-21T15:43:24.037303+00:00,550,r-scylla2,4,0,outgoing,138384
2026-09-21T15:43:24.037303+00:00,550,r-scylla2,4,1,incoming,290
2026-09-21T15:43:24.037303+00:00,550,r-scylla2,4,1,outgoing,138312
2026-09-21T15:43:24.037303+00:00,550,r-scylla3,4,0,incoming,322776
2026-09-21T15:43:24.037303+00:00,550,r-scylla3,4,0,outgoing,184392
2026-09-21T15:43:24.037303+00:00,550,r-scylla3,4,1,incoming,139216
2026-09-21T15:43:24.037303+00:00,550,r-scylla3,4,1,outgoing,506
2026-09-21T15:43:24.037303+00:00,550,r-scylla4,4,0,incoming,322776
2026-09-21T15:43:24.037303+00:00,550,r-scylla4,4,0,outgoing,322776
2026-09-21T15:43:24.037303+00:00,550,r-scylla4,4,1,incoming,138818
2026-09-21T15:43:24.037303+00:00,550,r-scylla4,4,1,outgoing,138818
2026-09-21T15:43:25.037831+00:00,551,r-scylla1,4,0,incoming,0
2026-09-21T15:43:25.037831+00:00,551,r-scylla1,4,0,outgoing,276768
2026-09-21T15:43:25.037831+00:00,551,r-scylla1,4,1,incoming,138312
2026-09-21T15:43:25.037831+00:00,551,r-scylla1,4,1,outgoing,139000
2026-09-21T15:43:25.037831+00:00,551,r-scylla2,4,0,incoming,276768
2026-09-21T15:43:25.037831+00:00,551,r-scylla2,4,0,outgoing,138384
2026-09-21T15:43:25.037831+00:00,551,r-scylla2,4,1,incoming,290
2026-09-21T15:43:25.037831+00:00,551,r-scylla2,4,1,outgoing,138312
2026-09-21T15:43:25.037831+00:00,551,r-scylla3,4,0,incoming,322776
2026-09-21T15:43:25.037831+00:00,551,r-scylla3,4,0,outgoing,184392
2026-09-21T15:43:25.037831+00:00,551,r-scylla3,4,1,incoming,139216
2026-09-21T15:43:25.037831+00:00,551,r-scylla3,4,1,outgoing,506
2026-09-21T15:43:25.037831+00:00,551,r-scylla4,4,0,incoming,322776
2026-09-21T15:43:25.037831+00:00,551,r-scylla4,4,0,outgoing,322776
2026-09-21T15:43:25.037831+00:00,551,r-scylla4,4,1,incoming,138818
2026-09-21T15:43:25.037831+00:00,551,r-scylla4,4,1,outgoing,138818
2026-09-21T15:43:26.038162+00:00,552,r-scylla1,4,0,incoming,0
2026-09-21T15:43:26.038162+00:00,552,r-scylla1,4,0,outgoing,276768
2026-09-21T15:43:26.038162+00:00,552,r-scylla1,4,1,incoming,138312
2026-09-21T15:43:26.038162+00:00,552,r-scylla1,4,1,outgoing,139000
2026-09-21T15:43:26.038162+00:00,552,r-scylla2,4,0,incoming,276768
2026-09-21T15:43:26.038162+00:00,552,r-scylla2,4,0,outgoing,138384
2026-09-21T15:43:26.038162+00:00,552,r-scylla2,4,1,incoming,290
2026-09-21T15:43:26.038162+00:00,552,r-scylla2,4,1,outgoing,138312
2026-09-21T15:43:26.038162+00:00,552,r-scylla3,4,0,incoming,322776
2026-09-21T15:43:26.038162+00:00,552,r-scylla3,4,0,outgoing,184392
2026-09-21T15:43:26.038162+00:00,552,r-scylla3,4,1,incoming,139216
2026-09-21T15:43:26.038162+00:00,552,r-scylla3,4,1,outgoing,506
2026-09-21T15:43:26.038162+00:00,552,r-scylla4,4,0,incoming,322776
2026-09-21T15:43:26.038162+00:00,552,r-scylla4,4,0,outgoing,322776
2026-09-21T15:43:26.038162+00:00,552,r-scylla4,4,1,incoming,138818
2026-09-21T15:43:26.038162+00:00,552,r-scylla4,4,1,outgoing,138818
2026-09-21T15:43:27.038433+00:00,553,r-scylla1,4,0,incoming,0
2026-09-21T15:43:27.038433+00:00,553,r-scylla1,4,0,outgoing,276768
2026-09-21T15:43:27.038433+00:00,553,r-scylla1,4,1,incoming,138312
2026-09-21T15:43:27.038433+00:00,553,r-scylla1,4,1,outgoing,139000
2026-09-21T15:43:27.038433+00:00,553,r-scylla2,4,0,incoming,276768
2026-09-21T15:43:27.038433+00:00,553,r-scylla2,4,0,outgoing,138384
2026-09-21T15:43:27.038433+00:00,553,r-scylla2,4,1,incoming,290
2026-09-21T15:43:27.038433+00:00,553,r-scylla2,4,1,outgoing,138312
2026-09-21T15:43:27.038433+00:00,553,r-scylla3,4,0,incoming,322776
2026-09-21T15:43:27.038433+00:00,553,r-scylla3,4,0,outgoing,184392
2026-09-21T15:43:27.038433+00:00,553,r-scylla3,4,1,incoming,139216
2026-09-21T15:43:27.038433+00:00,553,r-scylla3,4,1,outgoing,506
2026-09-21T15:43:27.038433+00:00,553,r-scylla4,4,0,incoming,322776
2026-09-21T15:43:27.038433+00:00,553,r-scylla4,4,0,outgoing,322776
2026-09-21T15:43:27.038433+00:00,553,r-scylla4,4,1,incoming,138818
2026-09-21T15:43:27.038433+00:00,553,r-scylla4,4,1,outgoing,138818
2026-09-21T15:43:28.038654+00:00,554,r-scylla1,4,0,incoming,0
2026-09-21T15:43:28.038654+00:00,554,r-scylla1,4,0,outgoing,276768
2026-09-21T15:43:28.038654+00:00,554,r-scylla1,4,1,incoming,138312
2026-09-21T15:43:28.038654+00:00,554,r-scylla1,4,1,outgoing,139000
2026-09-21T15:43:28.038654+00:00,554,r-scylla2,4,0,incoming,276768
2026-09-21T15:43:28.038654+00:00,554,r-scylla2,4,0,outgoing,138384
2026-09-21T15:43:28.038654+00:00,554,r-scylla2,4,1,incoming,290
2026-09-21T15:43:28.038654+00:00,554,r-scylla2,4,1,outgoing,138312
2026-09-21T15:43:28.038654+00:00,554,r-scylla3,4,0,incoming,322776
2026-09-21T15:43:28.038654+00:00,554,r-scylla3,4,0,outgoing,184392
2026-09-21T15:43:28.038654+00:00,554,r-scylla3,4,1,incoming,139216
2026-09-21T15:43:28.038654+00:00,554,r-scylla3,4,1,outgoing,506
2026-09-21T15:43:28.038654+00:00,554,r-scylla4,4,0,incoming,322776
2026-09-21T15:43:28.038654+00:00,554,r-scylla4,4,0,outgoing,322776
2026-09-21T15:43:28.038654+00:00,554,r-scylla4,4,1,incoming,138818
2026-09-21T15:43:28.038654+00:00,554,r-scylla4,4,1,outgoing,138818
2026-09-21T15:43:29.038815+00:00,555,r-scylla1,4,0,incoming,0
2026-09-21T15:43:29.038815+00:00,555,r-scylla1,4,0,outgoing,276768
2026-09-21T15:43:29.038815+00:00,555,r-scylla1,4,1,incoming,138312
2026-09-21T15:43:29.038815+00:00,555,r-scylla1,4,1,outgoing,139000
2026-09-21T15:43:29.038815+00:00,555,r-scylla2,4,0,incoming,276768
2026-09-21T15:43:29.038815+00:00,555,r-scylla2,4,0,outgoing,138384
2026-09-21T15:43:29.038815+00:00,555,r-scylla2,4,1,incoming,290
2026-09-21T15:43:29.038815+00:00,555,r-scylla2,4,1,outgoing,138312
2026-09-21T15:43:29.038815+00:00,555,r-scylla3,4,0,incoming,322776
2026-09-21T15:43:29.038815+00:00,555,r-scylla3,4,0,outgoing,184392
2026-09-21T15:43:29.038815+00:00,555,r-scylla3,4,1,incoming,139216
2026-09-21T15:43:29.038815+00:00,555,r-scylla3,4,1,outgoing,506
2026-09-21T15:43:29.038815+00:00,555,r-scylla4,4,0,incoming,322776
2026-09-21T15:43:29.038815+00:00,555,r-scylla4,4,0,outgoing,322776
2026-09-21T15:43:29.038815+00:00,555,r-scylla4,4,1,incoming,138818
2026-09-21T15:43:29.038815+00:00,555,r-scylla4,4,1,outgoing,138818
2026-09-21T15:43:30.039124+00:00,556,r-scylla1,4,0,incoming,0
2026-09-21T15:43:30.039124+00:00,556,r-scylla1,4,0,outgoing,276768
2026-09-21T15:43:30.039124+00:00,556,r-scylla1,4,1,incoming,138312
2026-09-21T15:43:30.039124+00:00,556,r-scylla1,4,1,outgoing,139000
2026-09-21T15:43:30.039124+00:00,556,r-scylla2,4,0,incoming,276768
2026-09-21T15:43:30.039124+00:00,556,r-scylla2,4,0,outgoing,138384
2026-09-21T15:43:30.039124+00:00,556,r-scylla2,4,1,incoming,290
2026-09-21T15:43:30.039124+00:00,556,r-scylla2,4,1,outgoing,138312
2026-09-21T15:43:30.039124+00:00,556,r-scylla3,4,0,incoming,322776
2026-09-21T15:43:30.039124+00:00,556,r-scylla3,4,0,outgoing,184392
2026-09-21T15:43:30.039124+00:00,556,r-scylla3,4,1,incoming,139216
2026-09-21T15:43:30.039124+00:00,556,r-scylla3,4,1,outgoing,506
2026-09-21T15:43:30.039124+00:00,556,r-scylla4,4,0,incoming,322776
2026-09-21T15:43:30.039124+00:00,556,r-scylla4,4,0,outgoing,322776
2026-09-21T15:43:30.039124+00:00,556,r-scylla4,4,1,incoming,138818
2026-09-21T15:43:30.039124+00:00,556,r-scylla4,4,1,outgoing,138818
2026-09-21T15:43:31.039430+00:00,557,r-scylla1,4,0,incoming,0
2026-09-21T15:43:31.039430+00:00,557,r-scylla1,4,0,outgoing,276768
2026-09-21T15:43:31.039430+00:00,557,r-scylla1,4,1,incoming,138312
2026-09-21T15:43:31.039430+00:00,557,r-scylla1,4,1,outgoing,139000
2026-09-21T15:43:31.039430+00:00,557,r-scylla2,4,0,incoming,276768
2026-09-21T15:43:31.039430+00:00,557,r-scylla2,4,0,outgoing,138384
2026-09-21T15:43:31.039430+00:00,557,r-scylla2,4,1,incoming,290
2026-09-21T15:43:31.039430+00:00,557,r-scylla2,4,1,outgoing,138312
2026-09-21T15:43:31.039430+00:00,557,r-scylla3,4,0,incoming,322776
2026-09-21T15:43:31.039430+00:00,557,r-scylla3,4,0,outgoing,184392
2026-09-21T15:43:31.039430+00:00,557,r-scylla3,4,1,incoming,139216
2026-09-21T15:43:31.039430+00:00,557,r-scylla3,4,1,outgoing,506
2026-09-21T15:43:31.039430+00:00,557,r-scylla4,4,0,incoming,322776
2026-09-21T15:43:31.039430+00:00,557,r-scylla4,4,0,outgoing,322776
2026-09-21T15:43:31.039430+00:00,557,r-scylla4,4,1,incoming,138818
2026-09-21T15:43:31.039430+00:00,557,r-scylla4,4,1,outgoing,138818
2026-09-21T15:43:32.039718+00:00,558,r-scylla1,4,0,incoming,0
2026-09-21T15:43:32.039718+00:00,558,r-scylla1,4,0,outgoing,276768
2026-09-21T15:43:32.039718+00:00,558,r-scylla1,4,1,incoming,138312
2026-09-21T15:43:32.039718+00:00,558,r-scylla1,4,1,outgoing,139000
2026-09-21T15:43:32.039718+00:00,558,r-scylla2,4,0,incoming,276768
2026-09-21T15:43:32.039718+00:00,558,r-scylla2,4,0,outgoing,138384
2026-09-21T15:43:32.039718+00:00,558,r-scylla2,4,1,incoming,290
2026-09-21T15:43:32.039718+00:00,558,r-scylla2,4,1,outgoing,138312
2026-09-21T15:43:32.039718+00:00,558,r-scylla3,4,0,incoming,322776
2026-09-21T15:43:32.039718+00:00,558,r-scylla3,4,0,outgoing,184392
2026-09-21T15:43:32.039718+00:00,558,r-scylla3,4,1,incoming,139216
2026-09-21T15:43:32.039718+00:00,558,r-scylla3,4,1,outgoing,506
2026-09-21T15:43:32.039718+00:00,558,r-scylla4,4,0,incoming,322776
2026-09-21T15:43:32.039718+00:00,558,r-scylla4,4,0,outgoing,322776
2026-09-21T15:43:32.039718+00:00,558,r-scylla4,4,1,incoming,138818
2026-09-21T15:43:32.039718+00:00,558,r-scylla4,4,1,outgoing,138818
2026-09-21T15:43:33.040079+00:00,559,r-scylla1,4,0,incoming,0
2026-09-21T15:43:33.040079+00:00,559,r-scylla1,4,0,outgoing,276768
2026-09-21T15:43:33.040079+00:00,559,r-scylla1,4,1,incoming,138312
2026-09-21T15:43:33.040079+00:00,559,r-scylla1,4,1,outgoing,139000
2026-09-21T15:43:33.040079+00:00,559,r-scylla2,4,0,incoming,276768
2026-09-21T15:43:33.040079+00:00,559,r-scylla2,4,0,outgoing,138384
2026-09-21T15:43:33.040079+00:00,559,r-scylla2,4,1,incoming,290
2026-09-21T15:43:33.040079+00:00,559,r-scylla2,4,1,outgoing,138312
2026-09-21T15:43:33.040079+00:00,559,r-scylla3,4,0,incoming,322776
2026-09-21T15:43:33.040079+00:00,559,r-scylla3,4,0,outgoing,184392
2026-09-21T15:43:33.040079+00:00,559,r-scylla3,4,1,incoming,139216
2026-09-21T15:43:33.040079+00:00,559,r-scylla3,4,1,outgoing,506
2026-09-21T15:43:33.040079+00:00,559,r-scylla4,4,0,incoming,322776
2026-09-21T15:43:33.040079+00:00,559,r-scylla4,4,0,outgoing,322776
2026-09-21T15:43:33.040079+00:00,559,r-scylla4,4,1,incoming,138818
2026-09-21T15:43:33.040079+00:00,559,r-scylla4,4,1,outgoing,138818
2026-09-21T15:43:34.040433+00:00,560,r-scylla1,4,0,incoming,0
2026-09-21T15:43:34.040433+00:00,560,r-scylla1,4,0,outgoing,276768
2026-09-21T15:43:34.040433+00:00,560,r-scylla1,4,1,incoming,138312
2026-09-21T15:43:34.040433+00:00,560,r-scylla1,4,1,outgoing,139000
2026-09-21T15:43:34.040433+00:00,560,r-scylla2,4,0,incoming,276768
2026-09-21T15:43:34.040433+00:00,560,r-scylla2,4,0,outgoing,138384
2026-09-21T15:43:34.040433+00:00,560,r-scylla2,4,1,incoming,290
2026-09-21T15:43:34.040433+00:00,560,r-scylla2,4,1,outgoing,138312
2026-09-21T15:43:34.040433+00:00,560,r-scylla3,4,0,incoming,322776
2026-09-21T15:43:34.040433+00:00,560,r-scylla3,4,0,outgoing,184392
2026-09-21T15:43:34.040433+00:00,560,r-scylla3,4,1,incoming,139216
2026-09-21T15:43:34.040433+00:00,560,r-scylla3,4,1,outgoing,506
2026-09-21T15:43:34.040433+00:00,560,r-scylla4,4,0,incoming,322776
2026-09-21T15:43:34.040433+00:00,560,r-scylla4,4,0,outgoing,322776
2026-09-21T15:43:34.040433+00:00,560,r-scylla4,4,1,incoming,138818
2026-09-21T15:43:34.040433+00:00,560,r-scylla4,4,1,outgoing,138818
2026-09-21T15:43:35.040731+00:00,561,r-scylla1,4,0,incoming,0
2026-09-21T15:43:35.040731+00:00,561,r-scylla1,4,0,outgoing,276768
2026-09-21T15:43:35.040731+00:00,561,r-scylla1,4,1,incoming,138312
2026-09-21T15:43:35.040731+00:00,561,r-scylla1,4,1,outgoing,139000
2026-09-21T15:43:35.040731+00:00,561,r-scylla2,4,0,incoming,276768
2026-09-21T15:43:35.040731+00:00,561,r-scylla2,4,0,outgoing,138384
2026-09-21T15:43:35.040731+00:00,561,r-scylla2,4,1,incoming,290
2026-09-21T15:43:35.040731+00:00,561,r-scylla2,4,1,outgoing,138312
2026-09-21T15:43:35.040731+00:00,561,r-scylla3,4,0,incoming,322776
2026-09-21T15:43:35.040731+00:00,561,r-scylla3,4,0,outgoing,184392
2026-09-21T15:43:35.040731+00:00,561,r-scylla3,4,1,incoming,139216
2026-09-21T15:43:35.040731+00:00,561,r-scylla3,4,1,outgoing,506
2026-09-21T15:43:35.040731+00:00,561,r-scylla4,4,0,incoming,322776
2026-09-21T15:43:35.040731+00:00,561,r-scylla4,4,0,outgoing,322776
2026-09-21T15:43:35.040731+00:00,561,r-scylla4,4,1,incoming,138818
2026-09-21T15:43:35.040731+00:00,561,r-scylla4,4,1,outgoing,138818
2026-09-21T15:43:36.040995+00:00,562,r-scylla1,4,0,incoming,0
2026-09-21T15:43:36.040995+00:00,562,r-scylla1,4,0,outgoing,276768
2026-09-21T15:43:36.040995+00:00,562,r-scylla1,4,1,incoming,138312
2026-09-21T15:43:36.040995+00:00,562,r-scylla1,4,1,outgoing,139000
2026-09-21T15:43:36.040995+00:00,562,r-scylla2,4,0,incoming,276768
2026-09-21T15:43:36.040995+00:00,562,r-scylla2,4,0,outgoing,138384
2026-09-21T15:43:36.040995+00:00,562,r-scylla2,4,1,incoming,290
2026-09-21T15:43:36.040995+00:00,562,r-scylla2,4,1,outgoing,138312
2026-09-21T15:43:36.040995+00:00,562,r-scylla3,4,0,incoming,322776
2026-09-21T15:43:36.040995+00:00,562,r-scylla3,4,0,outgoing,184392
2026-09-21T15:43:36.040995+00:00,562,r-scylla3,4,1,incoming,139216
2026-09-21T15:43:36.040995+00:00,562,r-scylla3,4,1,outgoing,506
2026-09-21T15:43:36.040995+00:00,562,r-scylla4,4,0,incoming,322776
2026-09-21T15:43:36.040995+00:00,562,r-scylla4,4,0,outgoing,322776
2026-09-21T15:43:36.040995+00:00,562,r-scylla4,4,1,incoming,138818
2026-09-21T15:43:36.040995+00:00,562,r-scylla4,4,1,outgoing,138818
2026-09-21T15:43:37.041313+00:00,563,r-scylla1,4,0,incoming,0
2026-09-21T15:43:37.041313+00:00,563,r-scylla1,4,0,outgoing,276768
2026-09-21T15:43:37.041313+00:00,563,r-scylla1,4,1,incoming,138312
2026-09-21T15:43:37.041313+00:00,563,r-scylla1,4,1,outgoing,139000
2026-09-21T15:43:37.041313+00:00,563,r-scylla2,4,0,incoming,276768
2026-09-21T15:43:37.041313+00:00,563,r-scylla2,4,0,outgoing,138384
2026-09-21T15:43:37.041313+00:00,563,r-scylla2,4,1,incoming,290
2026-09-21T15:43:37.041313+00:00,563,r-scylla2,4,1,outgoing,138312
2026-09-21T15:43:37.041313+00:00,563,r-scylla3,4,0,incoming,322776
2026-09-21T15:43:37.041313+00:00,563,r-scylla3,4,0,outgoing,184392
2026-09-21T15:43:37.041313+00:00,563,r-scylla3,4,1,incoming,139216
2026-09-21T15:43:37.041313+00:00,563,r-scylla3,4,1,outgoing,506
2026-09-21T15:43:37.041313+00:00,563,r-scylla4,4,0,incoming,322776
2026-09-21T15:43:37.041313+00:00,563,r-scylla4,4,0,outgoing,322776
2026-09-21T15:43:37.041313+00:00,563,r-scylla4,4,1,incoming,138818
2026-09-21T15:43:37.041313+00:00,563,r-scylla4,4,1,outgoing,138818
2026-09-21T15:43:38.041598+00:00,564,r-scylla1,4,0,incoming,0
2026-09-21T15:43:38.041598+00:00,564,r-scylla1,4,0,outgoing,276768
2026-09-21T15:43:38.041598+00:00,564,r-scylla1,4,1,incoming,138312
2026-09-21T15:43:38.041598+00:00,564,r-scylla1,4,1,outgoing,139000
2026-09-21T15:43:38.041598+00:00,564,r-scylla2,4,0,incoming,276768
2026-09-21T15:43:38.041598+00:00,564,r-scylla2,4,0,outgoing,138384
2026-09-21T15:43:38.041598+00:00,564,r-scylla2,4,1,incoming,290
2026-09-21T15:43:38.041598+00:00,564,r-scylla2,4,1,outgoing,138312
2026-09-21T15:43:38.041598+00:00,564,r-scylla3,4,0,incoming,322776
2026-09-21T15:43:38.041598+00:00,564,r-scylla3,4,0,outgoing,184392
2026-09-21T15:43:38.041598+00:00,564,r-scylla3,4,1,incoming,139216
2026-09-21T15:43:38.041598+00:00,564,r-scylla3,4,1,outgoing,506
2026-09-21T15:43:38.041598+00:00,564,r-scylla4,4,0,incoming,322776
2026-09-21T15:43:38.041598+00:00,564,r-scylla4,4,0,outgoing,322776
2026-09-21T15:43:38.041598+00:00,564,r-scylla4,4,1,incoming,138818
2026-09-21T15:43:38.041598+00:00,564,r-scylla4,4,1,outgoing,138818
2026-09-21T15:43:39.041771+00:00,565,r-scylla1,4,0,incoming,0
2026-09-21T15:43:39.041771+00:00,565,r-scylla1,4,0,outgoing,276768
2026-09-21T15:43:39.041771+00:00,565,r-scylla1,4,1,incoming,138312
2026-09-21T15:43:39.041771+00:00,565,r-scylla1,4,1,outgoing,139000
2026-09-21T15:43:39.041771+00:00,565,r-scylla2,4,0,incoming,276768
2026-09-21T15:43:39.041771+00:00,565,r-scylla2,4,0,outgoing,138384
2026-09-21T15:43:39.041771+00:00,565,r-scylla2,4,1,incoming,290
2026-09-21T15:43:39.041771+00:00,565,r-scylla2,4,1,outgoing,138312
2026-09-21T15:43:39.041771+00:00,565,r-scylla3,4,0,incoming,322776
2026-09-21T15:43:39.041771+00:00,565,r-scylla3,4,0,outgoing,184392
2026-09-21T15:43:39.041771+00:00,565,r-scylla3,4,1,incoming,139216
2026-09-21T15:43:39.041771+00:00,565,r-scylla3,4,1,outgoing,506
2026-09-21T15:43:39.041771+00:00,565,r-scylla4,4,0,incoming,322776
2026-09-21T15:43:39.041771+00:00,565,r-scylla4,4,0,outgoing,322776
2026-09-21T15:43:39.041771+00:00,565,r-scylla4,4,1,incoming,138818
2026-09-21T15:43:39.041771+00:00,565,r-scylla4,4,1,outgoing,138818
2026-09-21T15:43:40.041971+00:00,566,r-scylla1,4,0,incoming,0
2026-09-21T15:43:40.041971+00:00,566,r-scylla1,4,0,outgoing,276768
2026-09-21T15:43:40.041971+00:00,566,r-scylla1,4,1,incoming,138312
2026-09-21T15:43:40.041971+00:00,566,r-scylla1,4,1,outgoing,139000
2026-09-21T15:43:40.041971+00:00,566,r-scylla2,4,0,incoming,276768
2026-09-21T15:43:40.041971+00:00,566,r-scylla2,4,0,outgoing,138384
2026-09-21T15:43:40.041971+00:00,566,r-scylla2,4,1,incoming,290
2026-09-21T15:43:40.041971+00:00,566,r-scylla2,4,1,outgoing,138312
2026-09-21T15:43:40.041971+00:00,566,r-scylla3,4,0,incoming,322776
2026-09-21T15:43:40.041971+00:00,566,r-scylla3,4,0,outgoing,184392
2026-09-21T15:43:40.041971+00:00,566,r-scylla3,4,1,incoming,139216
2026-09-21T15:43:40.041971+00:00,566,r-scylla3,4,1,outgoing,506
2026-09-21T15:43:40.041971+00:00,566,r-scylla4,4,0,incoming,322776
2026-09-21T15:43:40.041971+00:00,566,r-scylla4,4,0,outgoing,322776
2026-09-21T15:43:40.041971+00:00,566,r-scylla4,4,1,incoming,138818
2026-09-21T15:43:40.041971+00:00,566,r-scylla4,4,1,outgoing,138818
2026-09-21T15:43:41.042858+00:00,567,r-scylla1,4,0,incoming,0
2026-09-21T15:43:41.042858+00:00,567,r-scylla1,4,0,outgoing,276768
2026-09-21T15:43:41.042858+00:00,567,r-scylla1,4,1,incoming,138312
2026-09-21T15:43:41.042858+00:00,567,r-scylla1,4,1,outgoing,139000
2026-09-21T15:43:41.042858+00:00,567,r-scylla2,4,0,incoming,276768
2026-09-21T15:43:41.042858+00:00,567,r-scylla2,4,0,outgoing,138384
2026-09-21T15:43:41.042858+00:00,567,r-scylla2,4,1,incoming,290
2026-09-21T15:43:41.042858+00:00,567,r-scylla2,4,1,outgoing,138312
2026-09-21T15:43:41.042858+00:00,567,r-scylla3,4,0,incoming,322776
2026-09-21T15:43:41.042858+00:00,567,r-scylla3,4,0,outgoing,184392
2026-09-21T15:43:41.042858+00:00,567,r-scylla3,4,1,incoming,139216
2026-09-21T15:43:41.042858+00:00,567,r-scylla3,4,1,outgoing,506
2026-09-21T15:43:41.042858+00:00,567,r-scylla4,4,0,incoming,322776
2026-09-21T15:43:41.042858+00:00,567,r-scylla4,4,0,outgoing,322776
2026-09-21T15:43:41.042858+00:00,567,r-scylla4,4,1,incoming,138818
2026-09-21T15:43:41.042858+00:00,567,r-scylla4,4,1,outgoing,138818
2026-09-21T15:43:42.043067+00:00,568,r-scylla1,4,0,incoming,0
2026-09-21T15:43:42.043067+00:00,568,r-scylla1,4,0,outgoing,276768
2026-09-21T15:43:42.043067+00:00,568,r-scylla1,4,1,incoming,138312
2026-09-21T15:43:42.043067+00:00,568,r-scylla1,4,1,outgoing,139000
2026-09-21T15:43:42.043067+00:00,568,r-scylla2,4,0,incoming,276768
2026-09-21T15:43:42.043067+00:00,568,r-scylla2,4,0,outgoing,138384
2026-09-21T15:43:42.043067+00:00,568,r-scylla2,4,1,incoming,290
2026-09-21T15:43:42.043067+00:00,568,r-scylla2,4,1,outgoing,138312
2026-09-21T15:43:42.043067+00:00,568,r-scylla3,4,0,incoming,322776
2026-09-21T15:43:42.043067+00:00,568,r-scylla3,4,0,outgoing,184392
2026-09-21T15:43:42.043067+00:00,568,r-scylla3,4,1,incoming,139216
2026-09-21T15:43:42.043067+00:00,568,r-scylla3,4,1,outgoing,506
2026-09-21T15:43:42.043067+00:00,568,r-scylla4,4,0,incoming,322776
2026-09-21T15:43:42.043067+00:00,568,r-scylla4,4,0,outgoing,322776
2026-09-21T15:43:42.043067+00:00,568,r-scylla4,4,1,incoming,138818
2026-09-21T15:43:42.043067+00:00,568,r-scylla4,4,1,outgoing,138818
2026-09-21T15:43:43.043321+00:00,569,r-scylla1,4,0,incoming,0
2026-09-21T15:43:43.043321+00:00,569,r-scylla1,4,0,outgoing,276768
2026-09-21T15:43:43.043321+00:00,569,r-scylla1,4,1,incoming,138312
2026-09-21T15:43:43.043321+00:00,569,r-scylla1,4,1,outgoing,139000
2026-09-21T15:43:43.043321+00:00,569,r-scylla2,4,0,incoming,276768
2026-09-21T15:43:43.043321+00:00,569,r-scylla2,4,0,outgoing,138384
2026-09-21T15:43:43.043321+00:00,569,r-scylla2,4,1,incoming,290
2026-09-21T15:43:43.043321+00:00,569,r-scylla2,4,1,outgoing,138312
2026-09-21T15:43:43.043321+00:00,569,r-scylla3,4,0,incoming,322776
2026-09-21T15:43:43.043321+00:00,569,r-scylla3,4,0,outgoing,184392
2026-09-21T15:43:43.043321+00:00,569,r-scylla3,4,1,incoming,139216
2026-09-21T15:43:43.043321+00:00,569,r-scylla3,4,1,outgoing,506
2026-09-21T15:43:43.043321+00:00,569,r-scylla4,4,0,incoming,322776
2026-09-21T15:43:43.043321+00:00,569,r-scylla4,4,0,outgoing,322776
2026-09-21T15:43:43.043321+00:00,569,r-scylla4,4,1,incoming,138818
2026-09-21T15:43:43.043321+00:00,569,r-scylla4,4,1,outgoing,138818
2026-09-21T15:43:44.043556+00:00,570,r-scylla1,4,0,incoming,0
2026-09-21T15:43:44.043556+00:00,570,r-scylla1,4,0,outgoing,276768
2026-09-21T15:43:44.043556+00:00,570,r-scylla1,4,1,incoming,138312
2026-09-21T15:43:44.043556+00:00,570,r-scylla1,4,1,outgoing,139000
2026-09-21T15:43:44.043556+00:00,570,r-scylla2,4,0,incoming,276768
2026-09-21T15:43:44.043556+00:00,570,r-scylla2,4,0,outgoing,138384
2026-09-21T15:43:44.043556+00:00,570,r-scylla2,4,1,incoming,290
2026-09-21T15:43:44.043556+00:00,570,r-scylla2,4,1,outgoing,138312
2026-09-21T15:43:44.043556+00:00,570,r-scylla3,4,0,incoming,322776
2026-09-21T15:43:44.043556+00:00,570,r-scylla3,4,0,outgoing,184392
2026-09-21T15:43:44.043556+00:00,570,r-scylla3,4,1,incoming,139216
2026-09-21T15:43:44.043556+00:00,570,r-scylla3,4,1,outgoing,506
2026-09-21T15:43:44.043556+00:00,570,r-scylla4,4,0,incoming,322776
2026-09-21T15:43:44.043556+00:00,570,r-scylla4,4,0,outgoing,322776
2026-09-21T15:43:44.043556+00:00,570,r-scylla4,4,1,incoming,138818
2026-09-21T15:43:44.043556+00:00,570,r-scylla4,4,1,outgoing,138818
2026-09-21T15:43:45.043980+00:00,571,r-scylla1,4,0,incoming,0
2026-09-21T15:43:45.043980+00:00,571,r-scylla1,4,0,outgoing,276768
2026-09-21T15:43:45.043980+00:00,571,r-scylla1,4,1,incoming,138312
2026-09-21T15:43:45.043980+00:00,571,r-scylla1,4,1,outgoing,139000
2026-09-21T15:43:45.043980+00:00,571,r-scylla2,4,0,incoming,276768
2026-09-21T15:43:45.043980+00:00,571,r-scylla2,4,0,outgoing,138384
2026-09-21T15:43:45.043980+00:00,571,r-scylla2,4,1,incoming,290
2026-09-21T15:43:45.043980+00:00,571,r-scylla2,4,1,outgoing,138312
2026-09-21T15:43:45.043980+00:00,571,r-scylla3,4,0,incoming,322776
2026-09-21T15:43:45.043980+00:00,571,r-scylla3,4,0,outgoing,184392
2026-09-21T15:43:45.043980+00:00,571,r-scylla3,4,1,incoming,139216
2026-09-21T15:43:45.043980+00:00,571,r-scylla3,4,1,outgoing,506
2026-09-21T15:43:45.043980+00:00,571,r-scylla4,4,0,incoming,322776
2026-09-21T15:43:45.043980+00:00,571,r-scylla4,4,0,outgoing,322776
2026-09-21T15:43:45.043980+00:00,571,r-scylla4,4,1,incoming,138818
2026-09-21T15:43:45.043980+00:00,571,r-scylla4,4,1,outgoing,138818
2026-09-21T15:43:46.044476+00:00,572,r-scylla1,4,0,incoming,0
2026-09-21T15:43:46.044476+00:00,572,r-scylla1,4,0,outgoing,276768
2026-09-21T15:43:46.044476+00:00,572,r-scylla1,4,1,incoming,138312
2026-09-21T15:43:46.044476+00:00,572,r-scylla1,4,1,outgoing,139000
2026-09-21T15:43:46.044476+00:00,572,r-scylla2,4,0,incoming,276768
2026-09-21T15:43:46.044476+00:00,572,r-scylla2,4,0,outgoing,138384
2026-09-21T15:43:46.044476+00:00,572,r-scylla2,4,1,incoming,290
2026-09-21T15:43:46.044476+00:00,572,r-scylla2,4,1,outgoing,138312
2026-09-21T15:43:46.044476+00:00,572,r-scylla3,4,0,incoming,322776
2026-09-21T15:43:46.044476+00:00,572,r-scylla3,4,0,outgoing,184392
2026-09-21T15:43:46.044476+00:00,572,r-scylla3,4,1,incoming,139216
2026-09-21T15:43:46.044476+00:00,572,r-scylla3,4,1,outgoing,506
2026-09-21T15:43:46.044476+00:00,572,r-scylla4,4,0,incoming,322776
2026-09-21T15:43:46.044476+00:00,572,r-scylla4,4,0,outgoing,322776
2026-09-21T15:43:46.044476+00:00,572,r-scylla4,4,1,incoming,138818
2026-09-21T15:43:46.044476+00:00,572,r-scylla4,4,1,outgoing,138818
2026-09-21T15:43:47.044810+00:00,573,r-scylla1,4,0,incoming,0
2026-09-21T15:43:47.044810+00:00,573,r-scylla1,4,0,outgoing,276768
2026-09-21T15:43:47.044810+00:00,573,r-scylla1,4,1,incoming,138312
2026-09-21T15:43:47.044810+00:00,573,r-scylla1,4,1,outgoing,139000
2026-09-21T15:43:47.044810+00:00,573,r-scylla2,4,0,incoming,276768
2026-09-21T15:43:47.044810+00:00,573,r-scylla2,4,0,outgoing,138384
2026-09-21T15:43:47.044810+00:00,573,r-scylla2,4,1,incoming,290
2026-09-21T15:43:47.044810+00:00,573,r-scylla2,4,1,outgoing,138312
2026-09-21T15:43:47.044810+00:00,573,r-scylla3,4,0,incoming,322776
2026-09-21T15:43:47.044810+00:00,573,r-scylla3,4,0,outgoing,184392
2026-09-21T15:43:47.044810+00:00,573,r-scylla3,4,1,incoming,139216
2026-09-21T15:43:47.044810+00:00,573,r-scylla3,4,1,outgoing,506
2026-09-21T15:43:47.044810+00:00,573,r-scylla4,4,0,incoming,322776
2026-09-21T15:43:47.044810+00:00,573,r-scylla4,4,0,outgoing,322776
2026-09-21T15:43:47.044810+00:00,573,r-scylla4,4,1,incoming,138818
2026-09-21T15:43:47.044810+00:00,573,r-scylla4,4,1,outgoing,138818
2026-09-21T15:43:48.044986+00:00,574,r-scylla1,4,0,incoming,0
2026-09-21T15:43:48.044986+00:00,574,r-scylla1,4,0,outgoing,276768
2026-09-21T15:43:48.044986+00:00,574,r-scylla1,4,1,incoming,138312
2026-09-21T15:43:48.044986+00:00,574,r-scylla1,4,1,outgoing,139000
2026-09-21T15:43:48.044986+00:00,574,r-scylla2,4,0,incoming,276768
2026-09-21T15:43:48.044986+00:00,574,r-scylla2,4,0,outgoing,138384
2026-09-21T15:43:48.044986+00:00,574,r-scylla2,4,1,incoming,290
2026-09-21T15:43:48.044986+00:00,574,r-scylla2,4,1,outgoing,138312
2026-09-21T15:43:48.044986+00:00,574,r-scylla3,4,0,incoming,322776
2026-09-21T15:43:48.044986+00:00,574,r-scylla3,4,0,outgoing,184392
2026-09-21T15:43:48.044986+00:00,574,r-scylla3,4,1,incoming,139216
2026-09-21T15:43:48.044986+00:00,574,r-scylla3,4,1,outgoing,506
2026-09-21T15:43:48.044986+00:00,574,r-scylla4,4,0,incoming,322776
2026-09-21T15:43:48.044986+00:00,574,r-scylla4,4,0,outgoing,322776
2026-09-21T15:43:48.044986+00:00,574,r-scylla4,4,1,incoming,138818
2026-09-21T15:43:48.044986+00:00,574,r-scylla4,4,1,outgoing,138818
2026-09-21T15:43:49.045188+00:00,575,r-scylla1,4,0,incoming,0
2026-09-21T15:43:49.045188+00:00,575,r-scylla1,4,0,outgoing,276768
2026-09-21T15:43:49.045188+00:00,575,r-scylla1,4,1,incoming,138312
2026-09-21T15:43:49.045188+00:00,575,r-scylla1,4,1,outgoing,139000
2026-09-21T15:43:49.045188+00:00,575,r-scylla2,4,0,incoming,276768
2026-09-21T15:43:49.045188+00:00,575,r-scylla2,4,0,outgoing,138384
2026-09-21T15:43:49.045188+00:00,575,r-scylla2,4,1,incoming,290
2026-09-21T15:43:49.045188+00:00,575,r-scylla2,4,1,outgoing,138312
2026-09-21T15:43:49.045188+00:00,575,r-scylla3,4,0,incoming,322776
2026-09-21T15:43:49.045188+00:00,575,r-scylla3,4,0,outgoing,184392
2026-09-21T15:43:49.045188+00:00,575,r-scylla3,4,1,incoming,139216
2026-09-21T15:43:49.045188+00:00,575,r-scylla3,4,1,outgoing,506
2026-09-21T15:43:49.045188+00:00,575,r-scylla4,4,0,incoming,322776
2026-09-21T15:43:49.045188+00:00,575,r-scylla4,4,0,outgoing,322776
2026-09-21T15:43:49.045188+00:00,575,r-scylla4,4,1,incoming,138818
2026-09-21T15:43:49.045188+00:00,575,r-scylla4,4,1,outgoing,138818
2026-09-21T15:43:50.041873+00:00,576,r-scylla1,4,0,incoming,0
2026-09-21T15:43:50.041873+00:00,576,r-scylla1,4,0,outgoing,276768
2026-09-21T15:43:50.041873+00:00,576,r-scylla1,4,1,incoming,138312
2026-09-21T15:43:50.041873+00:00,576,r-scylla1,4,1,outgoing,139000
2026-09-21T15:43:50.041873+00:00,576,r-scylla2,4,0,incoming,276768
2026-09-21T15:43:50.041873+00:00,576,r-scylla2,4,0,outgoing,138384
2026-09-21T15:43:50.041873+00:00,576,r-scylla2,4,1,incoming,290
2026-09-21T15:43:50.041873+00:00,576,r-scylla2,4,1,outgoing,138312
2026-09-21T15:43:50.041873+00:00,576,r-scylla3,4,0,incoming,322776
2026-09-21T15:43:50.041873+00:00,576,r-scylla3,4,0,outgoing,184392
2026-09-21T15:43:50.041873+00:00,576,r-scylla3,4,1,incoming,139216
2026-09-21T15:43:50.041873+00:00,576,r-scylla3,4,1,outgoing,506
2026-09-21T15:43:50.041873+00:00,576,r-scylla4,4,0,incoming,322776
2026-09-21T15:43:50.041873+00:00,576,r-scylla4,4,0,outgoing,322776
2026-09-21T15:43:50.041873+00:00,576,r-scylla4,4,1,incoming,138818
2026-09-21T15:43:50.041873+00:00,576,r-scylla4,4,1,outgoing,138818
2026-09-21T15:43:51.042226+00:00,577,r-scylla1,4,0,incoming,0
2026-09-21T15:43:51.042226+00:00,577,r-scylla1,4,0,outgoing,276768
2026-09-21T15:43:51.042226+00:00,577,r-scylla1,4,1,incoming,138312
2026-09-21T15:43:51.042226+00:00,577,r-scylla1,4,1,outgoing,139000
2026-09-21T15:43:51.042226+00:00,577,r-scylla2,4,0,incoming,276768
2026-09-21T15:43:51.042226+00:00,577,r-scylla2,4,0,outgoing,138384
2026-09-21T15:43:51.042226+00:00,577,r-scylla2,4,1,incoming,290
2026-09-21T15:43:51.042226+00:00,577,r-scylla2,4,1,outgoing,138312
2026-09-21T15:43:51.042226+00:00,577,r-scylla3,4,0,incoming,322776
2026-09-21T15:43:51.042226+00:00,577,r-scylla3,4,0,outgoing,184392
2026-09-21T15:43:51.042226+00:00,577,r-scylla3,4,1,incoming,139216
2026-09-21T15:43:51.042226+00:00,577,r-scylla3,4,1,outgoing,506
2026-09-21T15:43:51.042226+00:00,577,r-scylla4,4,0,incoming,322776
2026-09-21T15:43:51.042226+00:00,577,r-scylla4,4,0,outgoing,322776
2026-09-21T15:43:51.042226+00:00,577,r-scylla4,4,1,incoming,138818
2026-09-21T15:43:51.042226+00:00,577,r-scylla4,4,1,outgoing,138818
2026-09-21T15:43:52.042622+00:00,578,r-scylla1,4,0,incoming,0
2026-09-21T15:43:52.042622+00:00,578,r-scylla1,4,0,outgoing,276768
2026-09-21T15:43:52.042622+00:00,578,r-scylla1,4,1,incoming,138312
2026-09-21T15:43:52.042622+00:00,578,r-scylla1,4,1,outgoing,139000
2026-09-21T15:43:52.042622+00:00,578,r-scylla2,4,0,incoming,276768
2026-09-21T15:43:52.042622+00:00,578,r-scylla2,4,0,outgoing,138384
2026-09-21T15:43:52.042622+00:00,578,r-scylla2,4,1,incoming,290
2026-09-21T15:43:52.042622+00:00,578,r-scylla2,4,1,outgoing,138312
2026-09-21T15:43:52.042622+00:00,578,r-scylla3,4,0,incoming,322776
2026-09-21T15:43:52.042622+00:00,578,r-scylla3,4,0,outgoing,184392
2026-09-21T15:43:52.042622+00:00,578,r-scylla3,4,1,incoming,139216
2026-09-21T15:43:52.042622+00:00,578,r-scylla3,4,1,outgoing,506
2026-09-21T15:43:52.042622+00:00,578,r-scylla4,4,0,incoming,322776
2026-09-21T15:43:52.042622+00:00,578,r-scylla4,4,0,outgoing,322776
2026-09-21T15:43:52.042622+00:00,578,r-scylla4,4,1,incoming,138818
2026-09-21T15:43:52.042622+00:00,578,r-scylla4,4,1,outgoing,138818
2026-09-21T15:43:53.042915+00:00,579,r-scylla1,4,0,incoming,0
2026-09-21T15:43:53.042915+00:00,579,r-scylla1,4,0,outgoing,276768
2026-09-21T15:43:53.042915+00:00,579,r-scylla1,4,1,incoming,138312
2026-09-21T15:43:53.042915+00:00,579,r-scylla1,4,1,outgoing,139000
2026-09-21T15:43:53.042915+00:00,579,r-scylla2,4,0,incoming,276768
2026-09-21T15:43:53.042915+00:00,579,r-scylla2,4,0,outgoing,138384
2026-09-21T15:43:53.042915+00:00,579,r-scylla2,4,1,incoming,290
2026-09-21T15:43:53.042915+00:00,579,r-scylla2,4,1,outgoing,138312
2026-09-21T15:43:53.042915+00:00,579,r-scylla3,4,0,incoming,322776
2026-09-21T15:43:53.042915+00:00,579,r-scylla3,4,0,outgoing,184392
2026-09-21T15:43:53.042915+00:00,579,r-scylla3,4,1,incoming,139216
2026-09-21T15:43:53.042915+00:00,579,r-scylla3,4,1,outgoing,506
2026-09-21T15:43:53.042915+00:00,579,r-scylla4,4,0,incoming,322776
2026-09-21T15:43:53.042915+00:00,579,r-scylla4,4,0,outgoing,322776
2026-09-21T15:43:53.042915+00:00,579,r-scylla4,4,1,incoming,138818
2026-09-21T15:43:53.042915+00:00,579,r-scylla4,4,1,outgoing,138818
2026-09-21T15:43:54.043046+00:00,580,r-scylla1,4,0,incoming,0
2026-09-21T15:43:54.043046+00:00,580,r-scylla1,4,0,outgoing,276768
2026-09-21T15:43:54.043046+00:00,580,r-scylla1,4,1,incoming,138312
2026-09-21T15:43:54.043046+00:00,580,r-scylla1,4,1,outgoing,139000
2026-09-21T15:43:54.043046+00:00,580,r-scylla2,4,0,incoming,276768
2026-09-21T15:43:54.043046+00:00,580,r-scylla2,4,0,outgoing,138384
2026-09-21T15:43:54.043046+00:00,580,r-scylla2,4,1,incoming,290
2026-09-21T15:43:54.043046+00:00,580,r-scylla2,4,1,outgoing,138312
2026-09-21T15:43:54.043046+00:00,580,r-scylla3,4,0,incoming,322776
2026-09-21T15:43:54.043046+00:00,580,r-scylla3,4,0,outgoing,184392
2026-09-21T15:43:54.043046+00:00,580,r-scylla3,4,1,incoming,139216
2026-09-21T15:43:54.043046+00:00,580,r-scylla3,4,1,outgoing,506
2026-09-21T15:43:54.043046+00:00,580,r-scylla4,4,0,incoming,322776
2026-09-21T15:43:54.043046+00:00,580,r-scylla4,4,0,outgoing,322776
2026-09-21T15:43:54.043046+00:00,580,r-scylla4,4,1,incoming,138818
2026-09-21T15:43:54.043046+00:00,580,r-scylla4,4,1,outgoing,138818
2026-09-21T15:43:55.043244+00:00,581,r-scylla1,4,0,incoming,0
2026-09-21T15:43:55.043244+00:00,581,r-scylla1,4,0,outgoing,276768
2026-09-21T15:43:55.043244+00:00,581,r-scylla1,4,1,incoming,138312
2026-09-21T15:43:55.043244+00:00,581,r-scylla1,4,1,outgoing,139000
2026-09-21T15:43:55.043244+00:00,581,r-scylla2,4,0,incoming,276768
2026-09-21T15:43:55.043244+00:00,581,r-scylla2,4,0,outgoing,138384
2026-09-21T15:43:55.043244+00:00,581,r-scylla2,4,1,incoming,290
2026-09-21T15:43:55.043244+00:00,581,r-scylla2,4,1,outgoing,138312
2026-09-21T15:43:55.043244+00:00,581,r-scylla3,4,0,incoming,322776
2026-09-21T15:43:55.043244+00:00,581,r-scylla3,4,0,outgoing,184392
2026-09-21T15:43:55.043244+00:00,581,r-scylla3,4,1,incoming,139216
2026-09-21T15:43:55.043244+00:00,581,r-scylla3,4,1,outgoing,506
2026-09-21T15:43:55.043244+00:00,581,r-scylla4,4,0,incoming,322776
2026-09-21T15:43:55.043244+00:00,581,r-scylla4,4,0,outgoing,322776
2026-09-21T15:43:55.043244+00:00,581,r-scylla4,4,1,incoming,138818
2026-09-21T15:43:55.043244+00:00,581,r-scylla4,4,1,outgoing,138818
2026-09-21T15:43:56.043594+00:00,582,r-scylla1,4,0,incoming,0
2026-09-21T15:43:56.043594+00:00,582,r-scylla1,4,0,outgoing,276768
2026-09-21T15:43:56.043594+00:00,582,r-scylla1,4,1,incoming,138312
2026-09-21T15:43:56.043594+00:00,582,r-scylla1,4,1,outgoing,139000
2026-09-21T15:43:56.043594+00:00,582,r-scylla2,4,0,incoming,276768
2026-09-21T15:43:56.043594+00:00,582,r-scylla2,4,0,outgoing,138384
2026-09-21T15:43:56.043594+00:00,582,r-scylla2,4,1,incoming,290
2026-09-21T15:43:56.043594+00:00,582,r-scylla2,4,1,outgoing,138312
2026-09-21T15:43:56.043594+00:00,582,r-scylla3,4,0,incoming,322776
2026-09-21T15:43:56.043594+00:00,582,r-scylla3,4,0,outgoing,184392
2026-09-21T15:43:56.043594+00:00,582,r-scylla3,4,1,incoming,139216
2026-09-21T15:43:56.043594+00:00,582,r-scylla3,4,1,outgoing,506
2026-09-21T15:43:56.043594+00:00,582,r-scylla4,4,0,incoming,322776
2026-09-21T15:43:56.043594+00:00,582,r-scylla4,4,0,outgoing,322776
2026-09-21T15:43:56.043594+00:00,582,r-scylla4,4,1,incoming,138818
2026-09-21T15:43:56.043594+00:00,582,r-scylla4,4,1,outgoing,138818
2026-09-21T15:43:57.043744+00:00,583,r-scylla1,3,0,incoming,0
2026-09-21T15:43:57.043744+00:00,583,r-scylla1,3,0,outgoing,276768
2026-09-21T15:43:57.043744+00:00,583,r-scylla1,3,1,incoming,138312
2026-09-21T15:43:57.043744+00:00,583,r-scylla1,3,1,outgoing,139000
2026-09-21T15:43:57.043744+00:00,583,r-scylla2,3,0,incoming,276768
2026-09-21T15:43:57.043744+00:00,583,r-scylla2,3,0,outgoing,138384
2026-09-21T15:43:57.043744+00:00,583,r-scylla2,3,1,incoming,290
2026-09-21T15:43:57.043744+00:00,583,r-scylla2,3,1,outgoing,138312
2026-09-21T15:43:57.043744+00:00,583,r-scylla3,3,0,incoming,322776
2026-09-21T15:43:57.043744+00:00,583,r-scylla3,3,0,outgoing,184392
2026-09-21T15:43:57.043744+00:00,583,r-scylla3,3,1,incoming,139216
2026-09-21T15:43:57.043744+00:00,583,r-scylla3,3,1,outgoing,506
2026-09-21T15:43:58.043969+00:00,584,r-scylla1,3,0,incoming,0
2026-09-21T15:43:58.043969+00:00,584,r-scylla1,3,0,outgoing,276768
2026-09-21T15:43:58.043969+00:00,584,r-scylla1,3,1,incoming,138312
2026-09-21T15:43:58.043969+00:00,584,r-scylla1,3,1,outgoing,139000
2026-09-21T15:43:58.043969+00:00,584,r-scylla2,3,0,incoming,276768
2026-09-21T15:43:58.043969+00:00,584,r-scylla2,3,0,outgoing,138384
2026-09-21T15:43:58.043969+00:00,584,r-scylla2,3,1,incoming,290
2026-09-21T15:43:58.043969+00:00,584,r-scylla2,3,1,outgoing,138312
2026-09-21T15:43:58.043969+00:00,584,r-scylla3,3,0,incoming,322776
2026-09-21T15:43:58.043969+00:00,584,r-scylla3,3,0,outgoing,184392
2026-09-21T15:43:58.043969+00:00,584,r-scylla3,3,1,incoming,139216
2026-09-21T15:43:58.043969+00:00,584,r-scylla3,3,1,outgoing,506
2026-09-21T15:43:59.044302+00:00,585,r-scylla1,3,0,incoming,0
2026-09-21T15:43:59.044302+00:00,585,r-scylla1,3,0,outgoing,276768
2026-09-21T15:43:59.044302+00:00,585,r-scylla1,3,1,incoming,138312
2026-09-21T15:43:59.044302+00:00,585,r-scylla1,3,1,outgoing,139000
2026-09-21T15:43:59.044302+00:00,585,r-scylla2,3,0,incoming,276768
2026-09-21T15:43:59.044302+00:00,585,r-scylla2,3,0,outgoing,138384
2026-09-21T15:43:59.044302+00:00,585,r-scylla2,3,1,incoming,290
2026-09-21T15:43:59.044302+00:00,585,r-scylla2,3,1,outgoing,138312
2026-09-21T15:43:59.044302+00:00,585,r-scylla3,3,0,incoming,322776
2026-09-21T15:43:59.044302+00:00,585,r-scylla3,3,0,outgoing,184392
2026-09-21T15:43:59.044302+00:00,585,r-scylla3,3,1,incoming,139216
2026-09-21T15:43:59.044302+00:00,585,r-scylla3,3,1,outgoing,506
2026-09-21T15:44:00.044725+00:00,586,r-scylla1,3,0,incoming,0
2026-09-21T15:44:00.044725+00:00,586,r-scylla1,3,0,outgoing,276768
2026-09-21T15:44:00.044725+00:00,586,r-scylla1,3,1,incoming,138312
2026-09-21T15:44:00.044725+00:00,586,r-scylla1,3,1,outgoing,139000
2026-09-21T15:44:00.044725+00:00,586,r-scylla2,3,0,incoming,276768
2026-09-21T15:44:00.044725+00:00,586,r-scylla2,3,0,outgoing,138384
2026-09-21T15:44:00.044725+00:00,586,r-scylla2,3,1,incoming,290
2026-09-21T15:44:00.044725+00:00,586,r-scylla2,3,1,outgoing,138312
2026-09-21T15:44:00.044725+00:00,586,r-scylla3,3,0,incoming,322776
2026-09-21T15:44:00.044725+00:00,586,r-scylla3,3,0,outgoing,184392
2026-09-21T15:44:00.044725+00:00,586,r-scylla3,3,1,incoming,139216
2026-09-21T15:44:00.044725+00:00,586,r-scylla3,3,1,outgoing,506
2026-09-21T15:44:01.045058+00:00,587,r-scylla1,3,0,incoming,0
2026-09-21T15:44:01.045058+00:00,587,r-scylla1,3,0,outgoing,276768
2026-09-21T15:44:01.045058+00:00,587,r-scylla1,3,1,incoming,138312
2026-09-21T15:44:01.045058+00:00,587,r-scylla1,3,1,outgoing,139000
2026-09-21T15:44:01.045058+00:00,587,r-scylla2,3,0,incoming,276768
2026-09-21T15:44:01.045058+00:00,587,r-scylla2,3,0,outgoing,138384
2026-09-21T15:44:01.045058+00:00,587,r-scylla2,3,1,incoming,290
2026-09-21T15:44:01.045058+00:00,587,r-scylla2,3,1,outgoing,138312
2026-09-21T15:44:01.045058+00:00,587,r-scylla3,3,0,incoming,322776
2026-09-21T15:44:01.045058+00:00,587,r-scylla3,3,0,outgoing,184392
2026-09-21T15:44:01.045058+00:00,587,r-scylla3,3,1,incoming,139216
2026-09-21T15:44:01.045058+00:00,587,r-scylla3,3,1,outgoing,506
2026-09-21T15:44:02.045393+00:00,588,r-scylla1,3,0,incoming,0
2026-09-21T15:44:02.045393+00:00,588,r-scylla1,3,0,outgoing,276768
2026-09-21T15:44:02.045393+00:00,588,r-scylla1,3,1,incoming,138312
2026-09-21T15:44:02.045393+00:00,588,r-scylla1,3,1,outgoing,139000
2026-09-21T15:44:02.045393+00:00,588,r-scylla2,3,0,incoming,276768
2026-09-21T15:44:02.045393+00:00,588,r-scylla2,3,0,outgoing,138384
2026-09-21T15:44:02.045393+00:00,588,r-scylla2,3,1,incoming,290
2026-09-21T15:44:02.045393+00:00,588,r-scylla2,3,1,outgoing,138312
2026-09-21T15:44:02.045393+00:00,588,r-scylla3,3,0,incoming,322776
2026-09-21T15:44:02.045393+00:00,588,r-scylla3,3,0,outgoing,184392
2026-09-21T15:44:02.045393+00:00,588,r-scylla3,3,1,incoming,139216
2026-09-21T15:44:02.045393+00:00,588,r-scylla3,3,1,outgoing,506
2026-09-21T15:44:03.045689+00:00,589,r-scylla1,3,0,incoming,0
2026-09-21T15:44:03.045689+00:00,589,r-scylla1,3,0,outgoing,276768
2026-09-21T15:44:03.045689+00:00,589,r-scylla1,3,1,incoming,138312
2026-09-21T15:44:03.045689+00:00,589,r-scylla1,3,1,outgoing,139000
2026-09-21T15:44:03.045689+00:00,589,r-scylla2,3,0,incoming,276768
2026-09-21T15:44:03.045689+00:00,589,r-scylla2,3,0,outgoing,138384
2026-09-21T15:44:03.045689+00:00,589,r-scylla2,3,1,incoming,290
2026-09-21T15:44:03.045689+00:00,589,r-scylla2,3,1,outgoing,138312
2026-09-21T15:44:03.045689+00:00,589,r-scylla3,3,0,incoming,322776
2026-09-21T15:44:03.045689+00:00,589,r-scylla3,3,0,outgoing,184392
2026-09-21T15:44:03.045689+00:00,589,r-scylla3,3,1,incoming,139216
2026-09-21T15:44:03.045689+00:00,589,r-scylla3,3,1,outgoing,506
2026-09-21T15:44:04.045941+00:00,590,r-scylla1,3,0,incoming,0
2026-09-21T15:44:04.045941+00:00,590,r-scylla1,3,0,outgoing,276768
2026-09-21T15:44:04.045941+00:00,590,r-scylla1,3,1,incoming,138312
2026-09-21T15:44:04.045941+00:00,590,r-scylla1,3,1,outgoing,139000
2026-09-21T15:44:04.045941+00:00,590,r-scylla2,3,0,incoming,276768
2026-09-21T15:44:04.045941+00:00,590,r-scylla2,3,0,outgoing,138384
2026-09-21T15:44:04.045941+00:00,590,r-scylla2,3,1,incoming,290
2026-09-21T15:44:04.045941+00:00,590,r-scylla2,3,1,outgoing,138312
2026-09-21T15:44:04.045941+00:00,590,r-scylla3,3,0,incoming,322776
2026-09-21T15:44:04.045941+00:00,590,r-scylla3,3,0,outgoing,184392
2026-09-21T15:44:04.045941+00:00,590,r-scylla3,3,1,incoming,139216
2026-09-21T15:44:04.045941+00:00,590,r-scylla3,3,1,outgoing,506
2026-09-21T15:44:05.046258+00:00,591,r-scylla1,3,0,incoming,0
2026-09-21T15:44:05.046258+00:00,591,r-scylla1,3,0,outgoing,276768
2026-09-21T15:44:05.046258+00:00,591,r-scylla1,3,1,incoming,138312
2026-09-21T15:44:05.046258+00:00,591,r-scylla1,3,1,outgoing,139000
2026-09-21T15:44:05.046258+00:00,591,r-scylla2,3,0,incoming,276768
2026-09-21T15:44:05.046258+00:00,591,r-scylla2,3,0,outgoing,138384
2026-09-21T15:44:05.046258+00:00,591,r-scylla2,3,1,incoming,290
2026-09-21T15:44:05.046258+00:00,591,r-scylla2,3,1,outgoing,138312
2026-09-21T15:44:05.046258+00:00,591,r-scylla3,3,0,incoming,322776
2026-09-21T15:44:05.046258+00:00,591,r-scylla3,3,0,outgoing,184392
2026-09-21T15:44:05.046258+00:00,591,r-scylla3,3,1,incoming,139216
2026-09-21T15:44:05.046258+00:00,591,r-scylla3,3,1,outgoing,506
2026-09-21T15:44:06.046658+00:00,592,r-scylla1,3,0,incoming,0
2026-09-21T15:44:06.046658+00:00,592,r-scylla1,3,0,outgoing,276768
2026-09-21T15:44:06.046658+00:00,592,r-scylla1,3,1,incoming,138312
2026-09-21T15:44:06.046658+00:00,592,r-scylla1,3,1,outgoing,139000
2026-09-21T15:44:06.046658+00:00,592,r-scylla2,3,0,incoming,276768
2026-09-21T15:44:06.046658+00:00,592,r-scylla2,3,0,outgoing,138384
2026-09-21T15:44:06.046658+00:00,592,r-scylla2,3,1,incoming,290
2026-09-21T15:44:06.046658+00:00,592,r-scylla2,3,1,outgoing,138312
2026-09-21T15:44:06.046658+00:00,592,r-scylla3,3,0,incoming,322776
2026-09-21T15:44:06.046658+00:00,592,r-scylla3,3,0,outgoing,184392
2026-09-21T15:44:06.046658+00:00,592,r-scylla3,3,1,incoming,139216
2026-09-21T15:44:06.046658+00:00,592,r-scylla3,3,1,outgoing,506
2026-09-21T15:44:07.046973+00:00,593,r-scylla1,3,0,incoming,0
2026-09-21T15:44:07.046973+00:00,593,r-scylla1,3,0,outgoing,276768
2026-09-21T15:44:07.046973+00:00,593,r-scylla1,3,1,incoming,138312
2026-09-21T15:44:07.046973+00:00,593,r-scylla1,3,1,outgoing,139000
2026-09-21T15:44:07.046973+00:00,593,r-scylla2,3,0,incoming,276768
2026-09-21T15:44:07.046973+00:00,593,r-scylla2,3,0,outgoing,138384
2026-09-21T15:44:07.046973+00:00,593,r-scylla2,3,1,incoming,290
2026-09-21T15:44:07.046973+00:00,593,r-scylla2,3,1,outgoing,138312
2026-09-21T15:44:07.046973+00:00,593,r-scylla3,3,0,incoming,322776
2026-09-21T15:44:07.046973+00:00,593,r-scylla3,3,0,outgoing,184392
2026-09-21T15:44:07.046973+00:00,593,r-scylla3,3,1,incoming,139216
2026-09-21T15:44:07.046973+00:00,593,r-scylla3,3,1,outgoing,506
2026-09-21T15:44:08.047214+00:00,594,r-scylla1,3,0,incoming,0
2026-09-21T15:44:08.047214+00:00,594,r-scylla1,3,0,outgoing,276768
2026-09-21T15:44:08.047214+00:00,594,r-scylla1,3,1,incoming,138312
2026-09-21T15:44:08.047214+00:00,594,r-scylla1,3,1,outgoing,139000
2026-09-21T15:44:08.047214+00:00,594,r-scylla2,3,0,incoming,276768
2026-09-21T15:44:08.047214+00:00,594,r-scylla2,3,0,outgoing,138384
2026-09-21T15:44:08.047214+00:00,594,r-scylla2,3,1,incoming,290
2026-09-21T15:44:08.047214+00:00,594,r-scylla2,3,1,outgoing,138312
2026-09-21T15:44:08.047214+00:00,594,r-scylla3,3,0,incoming,322776
2026-09-21T15:44:08.047214+00:00,594,r-scylla3,3,0,outgoing,184392
2026-09-21T15:44:08.047214+00:00,594,r-scylla3,3,1,incoming,139216
2026-09-21T15:44:08.047214+00:00,594,r-scylla3,3,1,outgoing,506
2026-09-21T15:44:09.047620+00:00,595,r-scylla1,3,0,incoming,0
2026-09-21T15:44:09.047620+00:00,595,r-scylla1,3,0,outgoing,276768
2026-09-21T15:44:09.047620+00:00,595,r-scylla1,3,1,incoming,138312
2026-09-21T15:44:09.047620+00:00,595,r-scylla1,3,1,outgoing,139000
2026-09-21T15:44:09.047620+00:00,595,r-scylla2,3,0,incoming,276768
2026-09-21T15:44:09.047620+00:00,595,r-scylla2,3,0,outgoing,138384
2026-09-21T15:44:09.047620+00:00,595,r-scylla2,3,1,incoming,290
2026-09-21T15:44:09.047620+00:00,595,r-scylla2,3,1,outgoing,138312
2026-09-21T15:44:09.047620+00:00,595,r-scylla3,3,0,incoming,322776
2026-09-21T15:44:09.047620+00:00,595,r-scylla3,3,0,outgoing,184392
2026-09-21T15:44:09.047620+00:00,595,r-scylla3,3,1,incoming,139216
2026-09-21T15:44:09.047620+00:00,595,r-scylla3,3,1,outgoing,506
2026-09-21T15:44:10.047781+00:00,596,r-scylla1,3,0,incoming,0
2026-09-21T15:44:10.047781+00:00,596,r-scylla1,3,0,outgoing,276768
2026-09-21T15:44:10.047781+00:00,596,r-scylla1,3,1,incoming,138312
2026-09-21T15:44:10.047781+00:00,596,r-scylla1,3,1,outgoing,139000
2026-09-21T15:44:10.047781+00:00,596,r-scylla2,3,0,incoming,276768
2026-09-21T15:44:10.047781+00:00,596,r-scylla2,3,0,outgoing,138384
2026-09-21T15:44:10.047781+00:00,596,r-scylla2,3,1,incoming,290
2026-09-21T15:44:10.047781+00:00,596,r-scylla2,3,1,outgoing,138312
2026-09-21T15:44:10.047781+00:00,596,r-scylla3,3,0,incoming,322776
2026-09-21T15:44:10.047781+00:00,596,r-scylla3,3,0,outgoing,184392
2026-09-21T15:44:10.047781+00:00,596,r-scylla3,3,1,incoming,139216
2026-09-21T15:44:10.047781+00:00,596,r-scylla3,3,1,outgoing,506
2026-09-21T15:44:11.047968+00:00,597,r-scylla1,3,0,incoming,0
2026-09-21T15:44:11.047968+00:00,597,r-scylla1,3,0,outgoing,276768
2026-09-21T15:44:11.047968+00:00,597,r-scylla1,3,1,incoming,138312
2026-09-21T15:44:11.047968+00:00,597,r-scylla1,3,1,outgoing,139000
2026-09-21T15:44:11.047968+00:00,597,r-scylla2,3,0,incoming,276768
2026-09-21T15:44:11.047968+00:00,597,r-scylla2,3,0,outgoing,138384
2026-09-21T15:44:11.047968+00:00,597,r-scylla2,3,1,incoming,290
2026-09-21T15:44:11.047968+00:00,597,r-scylla2,3,1,outgoing,138312
2026-09-21T15:44:11.047968+00:00,597,r-scylla3,3,0,incoming,322776
2026-09-21T15:44:11.047968+00:00,597,r-scylla3,3,0,outgoing,184392
2026-09-21T15:44:11.047968+00:00,597,r-scylla3,3,1,incoming,139216
2026-09-21T15:44:11.047968+00:00,597,r-scylla3,3,1,outgoing,506
2026-09-21T15:44:12.048547+00:00,598,r-scylla1,3,0,incoming,0
2026-09-21T15:44:12.048547+00:00,598,r-scylla1,3,0,outgoing,276768
2026-09-21T15:44:12.048547+00:00,598,r-scylla1,3,1,incoming,138312
2026-09-21T15:44:12.048547+00:00,598,r-scylla1,3,1,outgoing,139000
2026-09-21T15:44:12.048547+00:00,598,r-scylla2,3,0,incoming,276768
2026-09-21T15:44:12.048547+00:00,598,r-scylla2,3,0,outgoing,138384
2026-09-21T15:44:12.048547+00:00,598,r-scylla2,3,1,incoming,290
2026-09-21T15:44:12.048547+00:00,598,r-scylla2,3,1,outgoing,138312
2026-09-21T15:44:12.048547+00:00,598,r-scylla3,3,0,incoming,322776
2026-09-21T15:44:12.048547+00:00,598,r-scylla3,3,0,outgoing,184392
2026-09-21T15:44:12.048547+00:00,598,r-scylla3,3,1,incoming,139216
2026-09-21T15:44:12.048547+00:00,598,r-scylla3,3,1,outgoing,506
2026-09-21T15:44:13.049016+00:00,599,r-scylla1,3,0,incoming,0
2026-09-21T15:44:13.049016+00:00,599,r-scylla1,3,0,outgoing,276768
2026-09-21T15:44:13.049016+00:00,599,r-scylla1,3,1,incoming,138312
2026-09-21T15:44:13.049016+00:00,599,r-scylla1,3,1,outgoing,139000
2026-09-21T15:44:13.049016+00:00,599,r-scylla2,3,0,incoming,276768
2026-09-21T15:44:13.049016+00:00,599,r-scylla2,3,0,outgoing,138384
2026-09-21T15:44:13.049016+00:00,599,r-scylla2,3,1,incoming,290
2026-09-21T15:44:13.049016+00:00,599,r-scylla2,3,1,outgoing,138312
2026-09-21T15:44:13.049016+00:00,599,r-scylla3,3,0,incoming,322776
2026-09-21T15:44:13.049016+00:00,599,r-scylla3,3,0,outgoing,184392
2026-09-21T15:44:13.049016+00:00,599,r-scylla3,3,1,incoming,139216
2026-09-21T15:44:13.049016+00:00,599,r-scylla3,3,1,outgoing,506
2026-09-21T15:44:14.049265+00:00,600,r-scylla1,3,0,incoming,0
2026-09-21T15:44:14.049265+00:00,600,r-scylla1,3,0,outgoing,276768
2026-09-21T15:44:14.049265+00:00,600,r-scylla1,3,1,incoming,138312
2026-09-21T15:44:14.049265+00:00,600,r-scylla1,3,1,outgoing,139000
2026-09-21T15:44:14.049265+00:00,600,r-scylla2,3,0,incoming,276768
2026-09-21T15:44:14.049265+00:00,600,r-scylla2,3,0,outgoing,138384
2026-09-21T15:44:14.049265+00:00,600,r-scylla2,3,1,incoming,290
2026-09-21T15:44:14.049265+00:00,600,r-scylla2,3,1,outgoing,138312
2026-09-21T15:44:14.049265+00:00,600,r-scylla3,3,0,incoming,322776
2026-09-21T15:44:14.049265+00:00,600,r-scylla3,3,0,outgoing,184392
2026-09-21T15:44:14.049265+00:00,600,r-scylla3,3,1,incoming,139216
2026-09-21T15:44:14.049265+00:00,600,r-scylla3,3,1,outgoing,506
2026-09-21T15:44:15.049720+00:00,601,r-scylla1,3,0,incoming,0
2026-09-21T15:44:15.049720+00:00,601,r-scylla1,3,0,outgoing,276768
2026-09-21T15:44:15.049720+00:00,601,r-scylla1,3,1,incoming,138312
2026-09-21T15:44:15.049720+00:00,601,r-scylla1,3,1,outgoing,139000
2026-09-21T15:44:15.049720+00:00,601,r-scylla2,3,0,incoming,276768
2026-09-21T15:44:15.049720+00:00,601,r-scylla2,3,0,outgoing,138384
2026-09-21T15:44:15.049720+00:00,601,r-scylla2,3,1,incoming,290
2026-09-21T15:44:15.049720+00:00,601,r-scylla2,3,1,outgoing,138312
2026-09-21T15:44:15.049720+00:00,601,r-scylla3,3,0,incoming,322776
2026-09-21T15:44:15.049720+00:00,601,r-scylla3,3,0,outgoing,184392
2026-09-21T15:44:15.049720+00:00,601,r-scylla3,3,1,incoming,139216
2026-09-21T15:44:15.049720+00:00,601,r-scylla3,3,1,outgoing,506
2026-09-21T15:44:16.049938+00:00,602,r-scylla1,3,0,incoming,0
2026-09-21T15:44:16.049938+00:00,602,r-scylla1,3,0,outgoing,276768
2026-09-21T15:44:16.049938+00:00,602,r-scylla1,3,1,incoming,138312
2026-09-21T15:44:16.049938+00:00,602,r-scylla1,3,1,outgoing,139000
2026-09-21T15:44:16.049938+00:00,602,r-scylla2,3,0,incoming,276768
2026-09-21T15:44:16.049938+00:00,602,r-scylla2,3,0,outgoing,138384
2026-09-21T15:44:16.049938+00:00,602,r-scylla2,3,1,incoming,290
2026-09-21T15:44:16.049938+00:00,602,r-scylla2,3,1,outgoing,138312
2026-09-21T15:44:16.049938+00:00,602,r-scylla3,3,0,incoming,322776
2026-09-21T15:44:16.049938+00:00,602,r-scylla3,3,0,outgoing,184392
2026-09-21T15:44:16.049938+00:00,602,r-scylla3,3,1,incoming,139216
2026-09-21T15:44:16.049938+00:00,602,r-scylla3,3,1,outgoing,506
2026-09-21T15:44:17.050357+00:00,603,r-scylla1,3,0,incoming,0
2026-09-21T15:44:17.050357+00:00,603,r-scylla1,3,0,outgoing,276768
2026-09-21T15:44:17.050357+00:00,603,r-scylla1,3,1,incoming,138312
2026-09-21T15:44:17.050357+00:00,603,r-scylla1,3,1,outgoing,139000
2026-09-21T15:44:17.050357+00:00,603,r-scylla2,3,0,incoming,276768
2026-09-21T15:44:17.050357+00:00,603,r-scylla2,3,0,outgoing,138384
2026-09-21T15:44:17.050357+00:00,603,r-scylla2,3,1,incoming,290
2026-09-21T15:44:17.050357+00:00,603,r-scylla2,3,1,outgoing,138312
2026-09-21T15:44:17.050357+00:00,603,r-scylla3,3,0,incoming,322776
2026-09-21T15:44:17.050357+00:00,603,r-scylla3,3,0,outgoing,184392
2026-09-21T15:44:17.050357+00:00,603,r-scylla3,3,1,incoming,139216
2026-09-21T15:44:17.050357+00:00,603,r-scylla3,3,1,outgoing,506
2026-09-21T15:44:18.050501+00:00,604,r-scylla1,3,0,incoming,0
2026-09-21T15:44:18.050501+00:00,604,r-scylla1,3,0,outgoing,276768
2026-09-21T15:44:18.050501+00:00,604,r-scylla1,3,1,incoming,138312
2026-09-21T15:44:18.050501+00:00,604,r-scylla1,3,1,outgoing,139000
2026-09-21T15:44:18.050501+00:00,604,r-scylla2,3,0,incoming,276768
2026-09-21T15:44:18.050501+00:00,604,r-scylla2,3,0,outgoing,138384
2026-09-21T15:44:18.050501+00:00,604,r-scylla2,3,1,incoming,290
2026-09-21T15:44:18.050501+00:00,604,r-scylla2,3,1,outgoing,138312
2026-09-21T15:44:18.050501+00:00,604,r-scylla3,3,0,incoming,322776
2026-09-21T15:44:18.050501+00:00,604,r-scylla3,3,0,outgoing,184392
2026-09-21T15:44:18.050501+00:00,604,r-scylla3,3,1,incoming,139216
2026-09-21T15:44:18.050501+00:00,604,r-scylla3,3,1,outgoing,506
2026-09-21T15:44:19.050769+00:00,605,r-scylla1,3,0,incoming,0
2026-09-21T15:44:19.050769+00:00,605,r-scylla1,3,0,outgoing,276768
2026-09-21T15:44:19.050769+00:00,605,r-scylla1,3,1,incoming,138312
2026-09-21T15:44:19.050769+00:00,605,r-scylla1,3,1,outgoing,139000
2026-09-21T15:44:19.050769+00:00,605,r-scylla2,3,0,incoming,276768
2026-09-21T15:44:19.050769+00:00,605,r-scylla2,3,0,outgoing,138384
2026-09-21T15:44:19.050769+00:00,605,r-scylla2,3,1,incoming,290
2026-09-21T15:44:19.050769+00:00,605,r-scylla2,3,1,outgoing,138312
2026-09-21T15:44:19.050769+00:00,605,r-scylla3,3,0,incoming,322776
2026-09-21T15:44:19.050769+00:00,605,r-scylla3,3,0,outgoing,184392
2026-09-21T15:44:19.050769+00:00,605,r-scylla3,3,1,incoming,139216
2026-09-21T15:44:19.050769+00:00,605,r-scylla3,3,1,outgoing,506
2026-09-21T15:44:20.049187+00:00,606,r-scylla1,3,0,incoming,0
2026-09-21T15:44:20.049187+00:00,606,r-scylla1,3,0,outgoing,276768
2026-09-21T15:44:20.049187+00:00,606,r-scylla1,3,1,incoming,138312
2026-09-21T15:44:20.049187+00:00,606,r-scylla1,3,1,outgoing,139000
2026-09-21T15:44:20.049187+00:00,606,r-scylla2,3,0,incoming,276768
2026-09-21T15:44:20.049187+00:00,606,r-scylla2,3,0,outgoing,138384
2026-09-21T15:44:20.049187+00:00,606,r-scylla2,3,1,incoming,290
2026-09-21T15:44:20.049187+00:00,606,r-scylla2,3,1,outgoing,138312
2026-09-21T15:44:20.049187+00:00,606,r-scylla3,3,0,incoming,322776
2026-09-21T15:44:20.049187+00:00,606,r-scylla3,3,0,outgoing,184392
2026-09-21T15:44:20.049187+00:00,606,r-scylla3,3,1,incoming,139216
2026-09-21T15:44:20.049187+00:00,606,r-scylla3,3,1,outgoing,506
2026-09-21T15:44:21.049490+00:00,607,r-scylla1,3,0,incoming,0
2026-09-21T15:44:21.049490+00:00,607,r-scylla1,3,0,outgoing,276768
2026-09-21T15:44:21.049490+00:00,607,r-scylla1,3,1,incoming,138312
2026-09-21T15:44:21.049490+00:00,607,r-scylla1,3,1,outgoing,139000
2026-09-21T15:44:21.049490+00:00,607,r-scylla2,3,0,incoming,276768
2026-09-21T15:44:21.049490+00:00,607,r-scylla2,3,0,outgoing,138384
2026-09-21T15:44:21.049490+00:00,607,r-scylla2,3,1,incoming,290
2026-09-21T15:44:21.049490+00:00,607,r-scylla2,3,1,outgoing,138312
2026-09-21T15:44:21.049490+00:00,607,r-scylla3,3,0,incoming,322776
2026-09-21T15:44:21.049490+00:00,607,r-scylla3,3,0,outgoing,184392
2026-09-21T15:44:21.049490+00:00,607,r-scylla3,3,1,incoming,139216
2026-09-21T15:44:21.049490+00:00,607,r-scylla3,3,1,outgoing,506
2026-09-21T15:44:22.049706+00:00,608,r-scylla1,3,0,incoming,0
2026-09-21T15:44:22.049706+00:00,608,r-scylla1,3,0,outgoing,276768
2026-09-21T15:44:22.049706+00:00,608,r-scylla1,3,1,incoming,138312
2026-09-21T15:44:22.049706+00:00,608,r-scylla1,3,1,outgoing,139000
2026-09-21T15:44:22.049706+00:00,608,r-scylla2,3,0,incoming,276768
2026-09-21T15:44:22.049706+00:00,608,r-scylla2,3,0,outgoing,138384
2026-09-21T15:44:22.049706+00:00,608,r-scylla2,3,1,incoming,290
2026-09-21T15:44:22.049706+00:00,608,r-scylla2,3,1,outgoing,138312
2026-09-21T15:44:22.049706+00:00,608,r-scylla3,3,0,incoming,322776
2026-09-21T15:44:22.049706+00:00,608,r-scylla3,3,0,outgoing,184392
2026-09-21T15:44:22.049706+00:00,608,r-scylla3,3,1,incoming,139216
2026-09-21T15:44:22.049706+00:00,608,r-scylla3,3,1,outgoing,506
2026-09-21T15:44:23.050388+00:00,609,r-scylla1,3,0,incoming,0
2026-09-21T15:44:23.050388+00:00,609,r-scylla1,3,0,outgoing,276768
2026-09-21T15:44:23.050388+00:00,609,r-scylla1,3,1,incoming,138312
2026-09-21T15:44:23.050388+00:00,609,r-scylla1,3,1,outgoing,139000
2026-09-21T15:44:23.050388+00:00,609,r-scylla2,3,0,incoming,276768
2026-09-21T15:44:23.050388+00:00,609,r-scylla2,3,0,outgoing,138384
2026-09-21T15:44:23.050388+00:00,609,r-scylla2,3,1,incoming,290
2026-09-21T15:44:23.050388+00:00,609,r-scylla2,3,1,outgoing,138312
2026-09-21T15:44:23.050388+00:00,609,r-scylla3,3,0,incoming,322776
2026-09-21T15:44:23.050388+00:00,609,r-scylla3,3,0,outgoing,184392
2026-09-21T15:44:23.050388+00:00,609,r-scylla3,3,1,incoming,139216
2026-09-21T15:44:23.050388+00:00,609,r-scylla3,3,1,outgoing,506
2026-09-21T15:44:24.050622+00:00,610,r-scylla1,3,0,incoming,0
2026-09-21T15:44:24.050622+00:00,610,r-scylla1,3,0,outgoing,276768
2026-09-21T15:44:24.050622+00:00,610,r-scylla1,3,1,incoming,138312
2026-09-21T15:44:24.050622+00:00,610,r-scylla1,3,1,outgoing,139000
2026-09-21T15:44:24.050622+00:00,610,r-scylla2,3,0,incoming,276768
2026-09-21T15:44:24.050622+00:00,610,r-scylla2,3,0,outgoing,138384
2026-09-21T15:44:24.050622+00:00,610,r-scylla2,3,1,incoming,290
2026-09-21T15:44:24.050622+00:00,610,r-scylla2,3,1,outgoing,138312
2026-09-21T15:44:24.050622+00:00,610,r-scylla3,3,0,incoming,322776
2026-09-21T15:44:24.050622+00:00,610,r-scylla3,3,0,outgoing,184392
2026-09-21T15:44:24.050622+00:00,610,r-scylla3,3,1,incoming,139216
2026-09-21T15:44:24.050622+00:00,610,r-scylla3,3,1,outgoing,506
2026-09-21T15:44:25.050780+00:00,611,r-scylla1,3,0,incoming,0
2026-09-21T15:44:25.050780+00:00,611,r-scylla1,3,0,outgoing,276768
2026-09-21T15:44:25.050780+00:00,611,r-scylla1,3,1,incoming,138312
2026-09-21T15:44:25.050780+00:00,611,r-scylla1,3,1,outgoing,139000
2026-09-21T15:44:25.050780+00:00,611,r-scylla2,3,0,incoming,276768
2026-09-21T15:44:25.050780+00:00,611,r-scylla2,3,0,outgoing,138384
2026-09-21T15:44:25.050780+00:00,611,r-scylla2,3,1,incoming,290
2026-09-21T15:44:25.050780+00:00,611,r-scylla2,3,1,outgoing,138312
2026-09-21T15:44:25.050780+00:00,611,r-scylla3,3,0,incoming,322776
2026-09-21T15:44:25.050780+00:00,611,r-scylla3,3,0,outgoing,184392
2026-09-21T15:44:25.050780+00:00,611,r-scylla3,3,1,incoming,139216
2026-09-21T15:44:25.050780+00:00,611,r-scylla3,3,1,outgoing,506
2026-09-21T15:44:26.051186+00:00,612,r-scylla1,3,0,incoming,0
2026-09-21T15:44:26.051186+00:00,612,r-scylla1,3,0,outgoing,276768
2026-09-21T15:44:26.051186+00:00,612,r-scylla1,3,1,incoming,138312
2026-09-21T15:44:26.051186+00:00,612,r-scylla1,3,1,outgoing,139000
2026-09-21T15:44:26.051186+00:00,612,r-scylla2,3,0,incoming,276768
2026-09-21T15:44:26.051186+00:00,612,r-scylla2,3,0,outgoing,138384
2026-09-21T15:44:26.051186+00:00,612,r-scylla2,3,1,incoming,290
2026-09-21T15:44:26.051186+00:00,612,r-scylla2,3,1,outgoing,138312
2026-09-21T15:44:26.051186+00:00,612,r-scylla3,3,0,incoming,322776
2026-09-21T15:44:26.051186+00:00,612,r-scylla3,3,0,outgoing,184392
2026-09-21T15:44:26.051186+00:00,612,r-scylla3,3,1,incoming,139216
2026-09-21T15:44:26.051186+00:00,612,r-scylla3,3,1,outgoing,506
2026-09-21T15:44:27.051545+00:00,613,r-scylla1,3,0,incoming,0
2026-09-21T15:44:27.051545+00:00,613,r-scylla1,3,0,outgoing,276768
2026-09-21T15:44:27.051545+00:00,613,r-scylla1,3,1,incoming,138312
2026-09-21T15:44:27.051545+00:00,613,r-scylla1,3,1,outgoing,139000
2026-09-21T15:44:27.051545+00:00,613,r-scylla2,3,0,incoming,276768
2026-09-21T15:44:27.051545+00:00,613,r-scylla2,3,0,outgoing,138384
2026-09-21T15:44:27.051545+00:00,613,r-scylla2,3,1,incoming,290
2026-09-21T15:44:27.051545+00:00,613,r-scylla2,3,1,outgoing,138312
2026-09-21T15:44:27.051545+00:00,613,r-scylla3,3,0,incoming,322776
2026-09-21T15:44:27.051545+00:00,613,r-scylla3,3,0,outgoing,184392
2026-09-21T15:44:27.051545+00:00,613,r-scylla3,3,1,incoming,139216
2026-09-21T15:44:27.051545+00:00,613,r-scylla3,3,1,outgoing,506
2026-09-21T15:44:28.052110+00:00,614,r-scylla1,3,0,incoming,0
2026-09-21T15:44:28.052110+00:00,614,r-scylla1,3,0,outgoing,276768
2026-09-21T15:44:28.052110+00:00,614,r-scylla1,3,1,incoming,138312
2026-09-21T15:44:28.052110+00:00,614,r-scylla1,3,1,outgoing,139000
2026-09-21T15:44:28.052110+00:00,614,r-scylla2,3,0,incoming,276768
2026-09-21T15:44:28.052110+00:00,614,r-scylla2,3,0,outgoing,138384
2026-09-21T15:44:28.052110+00:00,614,r-scylla2,3,1,incoming,290
2026-09-21T15:44:28.052110+00:00,614,r-scylla2,3,1,outgoing,138312
2026-09-21T15:44:28.052110+00:00,614,r-scylla3,3,0,incoming,322776
2026-09-21T15:44:28.052110+00:00,614,r-scylla3,3,0,outgoing,184392
2026-09-21T15:44:28.052110+00:00,614,r-scylla3,3,1,incoming,139216
2026-09-21T15:44:28.052110+00:00,614,r-scylla3,3,1,outgoing,506
2026-09-21T15:44:29.052554+00:00,615,r-scylla1,3,0,incoming,0
2026-09-21T15:44:29.052554+00:00,615,r-scylla1,3,0,outgoing,276768
2026-09-21T15:44:29.052554+00:00,615,r-scylla1,3,1,incoming,138312
2026-09-21T15:44:29.052554+00:00,615,r-scylla1,3,1,outgoing,139000
2026-09-21T15:44:29.052554+00:00,615,r-scylla2,3,0,incoming,276768
2026-09-21T15:44:29.052554+00:00,615,r-scylla2,3,0,outgoing,138384
2026-09-21T15:44:29.052554+00:00,615,r-scylla2,3,1,incoming,290
2026-09-21T15:44:29.052554+00:00,615,r-scylla2,3,1,outgoing,138312
2026-09-21T15:44:29.052554+00:00,615,r-scylla3,3,0,incoming,322776
2026-09-21T15:44:29.052554+00:00,615,r-scylla3,3,0,outgoing,184392
2026-09-21T15:44:29.052554+00:00,615,r-scylla3,3,1,incoming,139216
2026-09-21T15:44:29.052554+00:00,615,r-scylla3,3,1,outgoing,506
2026-09-21T15:44:30.052961+00:00,616,r-scylla1,3,0,incoming,0
2026-09-21T15:44:30.052961+00:00,616,r-scylla1,3,0,outgoing,276768
2026-09-21T15:44:30.052961+00:00,616,r-scylla1,3,1,incoming,138312
2026-09-21T15:44:30.052961+00:00,616,r-scylla1,3,1,outgoing,139000
2026-09-21T15:44:30.052961+00:00,616,r-scylla2,3,0,incoming,276768
2026-09-21T15:44:30.052961+00:00,616,r-scylla2,3,0,outgoing,138384
2026-09-21T15:44:30.052961+00:00,616,r-scylla2,3,1,incoming,290
2026-09-21T15:44:30.052961+00:00,616,r-scylla2,3,1,outgoing,138312
2026-09-21T15:44:30.052961+00:00,616,r-scylla3,3,0,incoming,322776
2026-09-21T15:44:30.052961+00:00,616,r-scylla3,3,0,outgoing,184392
2026-09-21T15:44:30.052961+00:00,616,r-scylla3,3,1,incoming,139216
2026-09-21T15:44:30.052961+00:00,616,r-scylla3,3,1,outgoing,506
2026-09-21T15:44:31.053297+00:00,617,r-scylla1,3,0,incoming,0
2026-09-21T15:44:31.053297+00:00,617,r-scylla1,3,0,outgoing,276768
2026-09-21T15:44:31.053297+00:00,617,r-scylla1,3,1,incoming,138312
2026-09-21T15:44:31.053297+00:00,617,r-scylla1,3,1,outgoing,139000
2026-09-21T15:44:31.053297+00:00,617,r-scylla2,3,0,incoming,276768
2026-09-21T15:44:31.053297+00:00,617,r-scylla2,3,0,outgoing,138384
2026-09-21T15:44:31.053297+00:00,617,r-scylla2,3,1,incoming,290
2026-09-21T15:44:31.053297+00:00,617,r-scylla2,3,1,outgoing,138312
2026-09-21T15:44:31.053297+00:00,617,r-scylla3,3,0,incoming,322776
2026-09-21T15:44:31.053297+00:00,617,r-scylla3,3,0,outgoing,184392
2026-09-21T15:44:31.053297+00:00,617,r-scylla3,3,1,incoming,139216
2026-09-21T15:44:31.053297+00:00,617,r-scylla3,3,1,outgoing,506
2026-09-21T15:44:32.053456+00:00,618,r-scylla1,3,0,incoming,0
2026-09-21T15:44:32.053456+00:00,618,r-scylla1,3,0,outgoing,276768
2026-09-21T15:44:32.053456+00:00,618,r-scylla1,3,1,incoming,138312
2026-09-21T15:44:32.053456+00:00,618,r-scylla1,3,1,outgoing,139000
2026-09-21T15:44:32.053456+00:00,618,r-scylla2,3,0,incoming,276768
2026-09-21T15:44:32.053456+00:00,618,r-scylla2,3,0,outgoing,138384
2026-09-21T15:44:32.053456+00:00,618,r-scylla2,3,1,incoming,290
2026-09-21T15:44:32.053456+00:00,618,r-scylla2,3,1,outgoing,138312
2026-09-21T15:44:32.053456+00:00,618,r-scylla3,3,0,incoming,322776
2026-09-21T15:44:32.053456+00:00,618,r-scylla3,3,0,outgoing,184392
2026-09-21T15:44:32.053456+00:00,618,r-scylla3,3,1,incoming,139216
2026-09-21T15:44:32.053456+00:00,618,r-scylla3,3,1,outgoing,506
2026-09-21T15:44:33.053902+00:00,619,r-scylla1,3,0,incoming,0
2026-09-21T15:44:33.053902+00:00,619,r-scylla1,3,0,outgoing,276768
2026-09-21T15:44:33.053902+00:00,619,r-scylla1,3,1,incoming,138312
2026-09-21T15:44:33.053902+00:00,619,r-scylla1,3,1,outgoing,139000
2026-09-21T15:44:33.053902+00:00,619,r-scylla2,3,0,incoming,276768
2026-09-21T15:44:33.053902+00:00,619,r-scylla2,3,0,outgoing,138384
2026-09-21T15:44:33.053902+00:00,619,r-scylla2,3,1,incoming,290
2026-09-21T15:44:33.053902+00:00,619,r-scylla2,3,1,outgoing,138312
2026-09-21T15:44:33.053902+00:00,619,r-scylla3,3,0,incoming,322776
2026-09-21T15:44:33.053902+00:00,619,r-scylla3,3,0,outgoing,184392
2026-09-21T15:44:33.053902+00:00,619,r-scylla3,3,1,incoming,139216
2026-09-21T15:44:33.053902+00:00,619,r-scylla3,3,1,outgoing,506
2026-09-21T15:44:34.054310+00:00,620,r-scylla1,3,0,incoming,0
2026-09-21T15:44:34.054310+00:00,620,r-scylla1,3,0,outgoing,276768
2026-09-21T15:44:34.054310+00:00,620,r-scylla1,3,1,incoming,138312
2026-09-21T15:44:34.054310+00:00,620,r-scylla1,3,1,outgoing,139000
2026-09-21T15:44:34.054310+00:00,620,r-scylla2,3,0,incoming,276768
2026-09-21T15:44:34.054310+00:00,620,r-scylla2,3,0,outgoing,138384
2026-09-21T15:44:34.054310+00:00,620,r-scylla2,3,1,incoming,290
2026-09-21T15:44:34.054310+00:00,620,r-scylla2,3,1,outgoing,138312
2026-09-21T15:44:34.054310+00:00,620,r-scylla3,3,0,incoming,322776
2026-09-21T15:44:34.054310+00:00,620,r-scylla3,3,0,outgoing,184392
2026-09-21T15:44:34.054310+00:00,620,r-scylla3,3,1,incoming,139216
2026-09-21T15:44:34.054310+00:00,620,r-scylla3,3,1,outgoing,506
2026-09-21T15:44:35.054545+00:00,621,r-scylla1,3,0,incoming,0
2026-09-21T15:44:35.054545+00:00,621,r-scylla1,3,0,outgoing,276768
2026-09-21T15:44:35.054545+00:00,621,r-scylla1,3,1,incoming,138312
2026-09-21T15:44:35.054545+00:00,621,r-scylla1,3,1,outgoing,139000
2026-09-21T15:44:35.054545+00:00,621,r-scylla2,3,0,incoming,276768
2026-09-21T15:44:35.054545+00:00,621,r-scylla2,3,0,outgoing,138384
2026-09-21T15:44:35.054545+00:00,621,r-scylla2,3,1,incoming,290
2026-09-21T15:44:35.054545+00:00,621,r-scylla2,3,1,outgoing,138312
2026-09-21T15:44:35.054545+00:00,621,r-scylla3,3,0,incoming,322776
2026-09-21T15:44:35.054545+00:00,621,r-scylla3,3,0,outgoing,184392
2026-09-21T15:44:35.054545+00:00,621,r-scylla3,3,1,incoming,139216
2026-09-21T15:44:35.054545+00:00,621,r-scylla3,3,1,outgoing,506
2026-09-21T15:44:36.054953+00:00,622,r-scylla1,3,0,incoming,0
2026-09-21T15:44:36.054953+00:00,622,r-scylla1,3,0,outgoing,276768
2026-09-21T15:44:36.054953+00:00,622,r-scylla1,3,1,incoming,138312
2026-09-21T15:44:36.054953+00:00,622,r-scylla1,3,1,outgoing,139000
2026-09-21T15:44:36.054953+00:00,622,r-scylla2,3,0,incoming,276768
2026-09-21T15:44:36.054953+00:00,622,r-scylla2,3,0,outgoing,138384
2026-09-21T15:44:36.054953+00:00,622,r-scylla2,3,1,incoming,290
2026-09-21T15:44:36.054953+00:00,622,r-scylla2,3,1,outgoing,138312
2026-09-21T15:44:36.054953+00:00,622,r-scylla3,3,0,incoming,322776
2026-09-21T15:44:36.054953+00:00,622,r-scylla3,3,0,outgoing,184392
2026-09-21T15:44:36.054953+00:00,622,r-scylla3,3,1,incoming,139216
2026-09-21T15:44:36.054953+00:00,622,r-scylla3,3,1,outgoing,506
2026-09-21T15:44:37.055291+00:00,623,r-scylla1,3,0,incoming,0
2026-09-21T15:44:37.055291+00:00,623,r-scylla1,3,0,outgoing,276768
2026-09-21T15:44:37.055291+00:00,623,r-scylla1,3,1,incoming,138312
2026-09-21T15:44:37.055291+00:00,623,r-scylla1,3,1,outgoing,139000
2026-09-21T15:44:37.055291+00:00,623,r-scylla2,3,0,incoming,276768
2026-09-21T15:44:37.055291+00:00,623,r-scylla2,3,0,outgoing,138384
2026-09-21T15:44:37.055291+00:00,623,r-scylla2,3,1,incoming,290
2026-09-21T15:44:37.055291+00:00,623,r-scylla2,3,1,outgoing,138312
2026-09-21T15:44:37.055291+00:00,623,r-scylla3,3,0,incoming,322776
2026-09-21T15:44:37.055291+00:00,623,r-scylla3,3,0,outgoing,184392
2026-09-21T15:44:37.055291+00:00,623,r-scylla3,3,1,incoming,139216
2026-09-21T15:44:37.055291+00:00,623,r-scylla3,3,1,outgoing,506
2026-09-21T15:44:38.055479+00:00,624,r-scylla1,3,0,incoming,0
2026-09-21T15:44:38.055479+00:00,624,r-scylla1,3,0,outgoing,276768
2026-09-21T15:44:38.055479+00:00,624,r-scylla1,3,1,incoming,138312
2026-09-21T15:44:38.055479+00:00,624,r-scylla1,3,1,outgoing,139000
2026-09-21T15:44:38.055479+00:00,624,r-scylla2,3,0,incoming,276768
2026-09-21T15:44:38.055479+00:00,624,r-scylla2,3,0,outgoing,138384
2026-09-21T15:44:38.055479+00:00,624,r-scylla2,3,1,incoming,290
2026-09-21T15:44:38.055479+00:00,624,r-scylla2,3,1,outgoing,138312
2026-09-21T15:44:38.055479+00:00,624,r-scylla3,3,0,incoming,322776
2026-09-21T15:44:38.055479+00:00,624,r-scylla3,3,0,outgoing,184392
2026-09-21T15:44:38.055479+00:00,624,r-scylla3,3,1,incoming,139216
2026-09-21T15:44:38.055479+00:00,624,r-scylla3,3,1,outgoing,506
2026-09-21T15:44:39.055708+00:00,625,r-scylla1,3,0,incoming,0
2026-09-21T15:44:39.055708+00:00,625,r-scylla1,3,0,outgoing,276768
2026-09-21T15:44:39.055708+00:00,625,r-scylla1,3,1,incoming,138312
2026-09-21T15:44:39.055708+00:00,625,r-scylla1,3,1,outgoing,139000
2026-09-21T15:44:39.055708+00:00,625,r-scylla2,3,0,incoming,276768
2026-09-21T15:44:39.055708+00:00,625,r-scylla2,3,0,outgoing,138384
2026-09-21T15:44:39.055708+00:00,625,r-scylla2,3,1,incoming,290
2026-09-21T15:44:39.055708+00:00,625,r-scylla2,3,1,outgoing,138312
2026-09-21T15:44:39.055708+00:00,625,r-scylla3,3,0,incoming,322776
2026-09-21T15:44:39.055708+00:00,625,r-scylla3,3,0,outgoing,184392
2026-09-21T15:44:39.055708+00:00,625,r-scylla3,3,1,incoming,139216
2026-09-21T15:44:39.055708+00:00,625,r-scylla3,3,1,outgoing,506
2026-09-21T15:44:40.056012+00:00,626,r-scylla1,3,0,incoming,0
2026-09-21T15:44:40.056012+00:00,626,r-scylla1,3,0,outgoing,276768
2026-09-21T15:44:40.056012+00:00,626,r-scylla1,3,1,incoming,138312
2026-09-21T15:44:40.056012+00:00,626,r-scylla1,3,1,outgoing,139000
2026-09-21T15:44:40.056012+00:00,626,r-scylla2,3,0,incoming,276768
2026-09-21T15:44:40.056012+00:00,626,r-scylla2,3,0,outgoing,138384
2026-09-21T15:44:40.056012+00:00,626,r-scylla2,3,1,incoming,290
2026-09-21T15:44:40.056012+00:00,626,r-scylla2,3,1,outgoing,138312
2026-09-21T15:44:40.056012+00:00,626,r-scylla3,3,0,incoming,322776
2026-09-21T15:44:40.056012+00:00,626,r-scylla3,3,0,outgoing,184392
2026-09-21T15:44:40.056012+00:00,626,r-scylla3,3,1,incoming,139216
2026-09-21T15:44:40.056012+00:00,626,r-scylla3,3,1,outgoing,506
2026-09-21T15:44:41.056262+00:00,627,r-scylla1,3,0,incoming,0
2026-09-21T15:44:41.056262+00:00,627,r-scylla1,3,0,outgoing,276768
2026-09-21T15:44:41.056262+00:00,627,r-scylla1,3,1,incoming,138312
2026-09-21T15:44:41.056262+00:00,627,r-scylla1,3,1,outgoing,139000
2026-09-21T15:44:41.056262+00:00,627,r-scylla2,3,0,incoming,276768
2026-09-21T15:44:41.056262+00:00,627,r-scylla2,3,0,outgoing,138384
2026-09-21T15:44:41.056262+00:00,627,r-scylla2,3,1,incoming,290
2026-09-21T15:44:41.056262+00:00,627,r-scylla2,3,1,outgoing,138312
2026-09-21T15:44:41.056262+00:00,627,r-scylla3,3,0,incoming,322776
2026-09-21T15:44:41.056262+00:00,627,r-scylla3,3,0,outgoing,184392
2026-09-21T15:44:41.056262+00:00,627,r-scylla3,3,1,incoming,139216
2026-09-21T15:44:41.056262+00:00,627,r-scylla3,3,1,outgoing,506
2026-09-21T15:44:42.056495+00:00,628,r-scylla1,3,0,incoming,0
2026-09-21T15:44:42.056495+00:00,628,r-scylla1,3,0,outgoing,276768
2026-09-21T15:44:42.056495+00:00,628,r-scylla1,3,1,incoming,138312
2026-09-21T15:44:42.056495+00:00,628,r-scylla1,3,1,outgoing,139000
2026-09-21T15:44:42.056495+00:00,628,r-scylla2,3,0,incoming,276768
2026-09-21T15:44:42.056495+00:00,628,r-scylla2,3,0,outgoing,138384
2026-09-21T15:44:42.056495+00:00,628,r-scylla2,3,1,incoming,290
2026-09-21T15:44:42.056495+00:00,628,r-scylla2,3,1,outgoing,138312
2026-09-21T15:44:42.056495+00:00,628,r-scylla3,3,0,incoming,322776
2026-09-21T15:44:42.056495+00:00,628,r-scylla3,3,0,outgoing,184392
2026-09-21T15:44:42.056495+00:00,628,r-scylla3,3,1,incoming,139216
2026-09-21T15:44:42.056495+00:00,628,r-scylla3,3,1,outgoing,506
2026-09-21T15:44:43.056765+00:00,629,r-scylla1,3,0,incoming,0
2026-09-21T15:44:43.056765+00:00,629,r-scylla1,3,0,outgoing,276768
2026-09-21T15:44:43.056765+00:00,629,r-scylla1,3,1,incoming,138312
2026-09-21T15:44:43.056765+00:00,629,r-scylla1,3,1,outgoing,139000
2026-09-21T15:44:43.056765+00:00,629,r-scylla2,3,0,incoming,276768
2026-09-21T15:44:43.056765+00:00,629,r-scylla2,3,0,outgoing,138384
2026-09-21T15:44:43.056765+00:00,629,r-scylla2,3,1,incoming,290
2026-09-21T15:44:43.056765+00:00,629,r-scylla2,3,1,outgoing,138312
2026-09-21T15:44:43.056765+00:00,629,r-scylla3,3,0,incoming,322776
2026-09-21T15:44:43.056765+00:00,629,r-scylla3,3,0,outgoing,184392
2026-09-21T15:44:43.056765+00:00,629,r-scylla3,3,1,incoming,139216
2026-09-21T15:44:43.056765+00:00,629,r-scylla3,3,1,outgoing,506
2026-09-21T15:44:44.056987+00:00,630,r-scylla1,3,0,incoming,0
2026-09-21T15:44:44.056987+00:00,630,r-scylla1,3,0,outgoing,276768
2026-09-21T15:44:44.056987+00:00,630,r-scylla1,3,1,incoming,138312
2026-09-21T15:44:44.056987+00:00,630,r-scylla1,3,1,outgoing,139000
2026-09-21T15:44:44.056987+00:00,630,r-scylla2,3,0,incoming,276768
2026-09-21T15:44:44.056987+00:00,630,r-scylla2,3,0,outgoing,138384
2026-09-21T15:44:44.056987+00:00,630,r-scylla2,3,1,incoming,290
2026-09-21T15:44:44.056987+00:00,630,r-scylla2,3,1,outgoing,138312
2026-09-21T15:44:44.056987+00:00,630,r-scylla3,3,0,incoming,322776
2026-09-21T15:44:44.056987+00:00,630,r-scylla3,3,0,outgoing,184392
2026-09-21T15:44:44.056987+00:00,630,r-scylla3,3,1,incoming,139216
2026-09-21T15:44:44.056987+00:00,630,r-scylla3,3,1,outgoing,506
2026-09-21T15:44:45.057123+00:00,631,r-scylla1,3,0,incoming,0
2026-09-21T15:44:45.057123+00:00,631,r-scylla1,3,0,outgoing,276768
2026-09-21T15:44:45.057123+00:00,631,r-scylla1,3,1,incoming,138312
2026-09-21T15:44:45.057123+00:00,631,r-scylla1,3,1,outgoing,139000
2026-09-21T15:44:45.057123+00:00,631,r-scylla2,3,0,incoming,276768
2026-09-21T15:44:45.057123+00:00,631,r-scylla2,3,0,outgoing,138384
2026-09-21T15:44:45.057123+00:00,631,r-scylla2,3,1,incoming,290
2026-09-21T15:44:45.057123+00:00,631,r-scylla2,3,1,outgoing,138312
2026-09-21T15:44:45.057123+00:00,631,r-scylla3,3,0,incoming,322776
2026-09-21T15:44:45.057123+00:00,631,r-scylla3,3,0,outgoing,184392
2026-09-21T15:44:45.057123+00:00,631,r-scylla3,3,1,incoming,139216
2026-09-21T15:44:45.057123+00:00,631,r-scylla3,3,1,outgoing,506
2026-09-21T15:44:46.057308+00:00,632,r-scylla1,3,0,incoming,0
2026-09-21T15:44:46.057308+00:00,632,r-scylla1,3,0,outgoing,276768
2026-09-21T15:44:46.057308+00:00,632,r-scylla1,3,1,incoming,138312
2026-09-21T15:44:46.057308+00:00,632,r-scylla1,3,1,outgoing,139000
2026-09-21T15:44:46.057308+00:00,632,r-scylla2,3,0,incoming,276768
2026-09-21T15:44:46.057308+00:00,632,r-scylla2,3,0,outgoing,138384
2026-09-21T15:44:46.057308+00:00,632,r-scylla2,3,1,incoming,290
2026-09-21T15:44:46.057308+00:00,632,r-scylla2,3,1,outgoing,138312
2026-09-21T15:44:46.057308+00:00,632,r-scylla3,3,0,incoming,322776
2026-09-21T15:44:46.057308+00:00,632,r-scylla3,3,0,outgoing,184392
2026-09-21T15:44:46.057308+00:00,632,r-scylla3,3,1,incoming,139216
2026-09-21T15:44:46.057308+00:00,632,r-scylla3,3,1,outgoing,506
2026-09-21T15:44:47.057745+00:00,633,r-scylla1,3,0,incoming,0
2026-09-21T15:44:47.057745+00:00,633,r-scylla1,3,0,outgoing,276768
2026-09-21T15:44:47.057745+00:00,633,r-scylla1,3,1,incoming,138312
2026-09-21T15:44:47.057745+00:00,633,r-scylla1,3,1,outgoing,139000
2026-09-21T15:44:47.057745+00:00,633,r-scylla2,3,0,incoming,276768
2026-09-21T15:44:47.057745+00:00,633,r-scylla2,3,0,outgoing,138384
2026-09-21T15:44:47.057745+00:00,633,r-scylla2,3,1,incoming,290
2026-09-21T15:44:47.057745+00:00,633,r-scylla2,3,1,outgoing,138312
2026-09-21T15:44:47.057745+00:00,633,r-scylla3,3,0,incoming,322776
2026-09-21T15:44:47.057745+00:00,633,r-scylla3,3,0,outgoing,184392
2026-09-21T15:44:47.057745+00:00,633,r-scylla3,3,1,incoming,139216
2026-09-21T15:44:47.057745+00:00,633,r-scylla3,3,1,outgoing,506
2026-09-21T15:44:48.058017+00:00,634,r-scylla1,3,0,incoming,0
2026-09-21T15:44:48.058017+00:00,634,r-scylla1,3,0,outgoing,276768
2026-09-21T15:44:48.058017+00:00,634,r-scylla1,3,1,incoming,138312
2026-09-21T15:44:48.058017+00:00,634,r-scylla1,3,1,outgoing,139000
2026-09-21T15:44:48.058017+00:00,634,r-scylla2,3,0,incoming,276768
2026-09-21T15:44:48.058017+00:00,634,r-scylla2,3,0,outgoing,138384
2026-09-21T15:44:48.058017+00:00,634,r-scylla2,3,1,incoming,290
2026-09-21T15:44:48.058017+00:00,634,r-scylla2,3,1,outgoing,138312
2026-09-21T15:44:48.058017+00:00,634,r-scylla3,3,0,incoming,322776
2026-09-21T15:44:48.058017+00:00,634,r-scylla3,3,0,outgoing,184392
2026-09-21T15:44:48.058017+00:00,634,r-scylla3,3,1,incoming,139216
2026-09-21T15:44:48.058017+00:00,634,r-scylla3,3,1,outgoing,506
2026-09-21T15:44:49.058339+00:00,635,r-scylla1,3,0,incoming,0
2026-09-21T15:44:49.058339+00:00,635,r-scylla1,3,0,outgoing,276768
2026-09-21T15:44:49.058339+00:00,635,r-scylla1,3,1,incoming,138312
2026-09-21T15:44:49.058339+00:00,635,r-scylla1,3,1,outgoing,139000
2026-09-21T15:44:49.058339+00:00,635,r-scylla2,3,0,incoming,276768
2026-09-21T15:44:49.058339+00:00,635,r-scylla2,3,0,outgoing,138384
2026-09-21T15:44:49.058339+00:00,635,r-scylla2,3,1,incoming,290
2026-09-21T15:44:49.058339+00:00,635,r-scylla2,3,1,outgoing,138312
2026-09-21T15:44:49.058339+00:00,635,r-scylla3,3,0,incoming,322776
2026-09-21T15:44:49.058339+00:00,635,r-scylla3,3,0,outgoing,184392
2026-09-21T15:44:49.058339+00:00,635,r-scylla3,3,1,incoming,139216
2026-09-21T15:44:49.058339+00:00,635,r-scylla3,3,1,outgoing,506
2026-09-21T15:44:50.055561+00:00,636,r-scylla1,3,0,incoming,0
2026-09-21T15:44:50.055561+00:00,636,r-scylla1,3,0,outgoing,276768
2026-09-21T15:44:50.055561+00:00,636,r-scylla1,3,1,incoming,138312
2026-09-21T15:44:50.055561+00:00,636,r-scylla1,3,1,outgoing,139000
2026-09-21T15:44:50.055561+00:00,636,r-scylla2,3,0,incoming,276768
2026-09-21T15:44:50.055561+00:00,636,r-scylla2,3,0,outgoing,138384
2026-09-21T15:44:50.055561+00:00,636,r-scylla2,3,1,incoming,290
2026-09-21T15:44:50.055561+00:00,636,r-scylla2,3,1,outgoing,138312
2026-09-21T15:44:50.055561+00:00,636,r-scylla3,3,0,incoming,322776
2026-09-21T15:44:50.055561+00:00,636,r-scylla3,3,0,outgoing,184392
2026-09-21T15:44:50.055561+00:00,636,r-scylla3,3,1,incoming,139216
2026-09-21T15:44:50.055561+00:00,636,r-scylla3,3,1,outgoing,506
2026-09-21T15:44:51.055711+00:00,637,r-scylla1,3,0,incoming,0
2026-09-21T15:44:51.055711+00:00,637,r-scylla1,3,0,outgoing,276768
2026-09-21T15:44:51.055711+00:00,637,r-scylla1,3,1,incoming,138312
2026-09-21T15:44:51.055711+00:00,637,r-scylla1,3,1,outgoing,139000
2026-09-21T15:44:51.055711+00:00,637,r-scylla2,3,0,incoming,276768
2026-09-21T15:44:51.055711+00:00,637,r-scylla2,3,0,outgoing,138384
2026-09-21T15:44:51.055711+00:00,637,r-scylla2,3,1,incoming,290
2026-09-21T15:44:51.055711+00:00,637,r-scylla2,3,1,outgoing,138312
2026-09-21T15:44:51.055711+00:00,637,r-scylla3,3,0,incoming,322776
2026-09-21T15:44:51.055711+00:00,637,r-scylla3,3,0,outgoing,184392
2026-09-21T15:44:51.055711+00:00,637,r-scylla3,3,1,incoming,139216
2026-09-21T15:44:51.055711+00:00,637,r-scylla3,3,1,outgoing,506
2026-09-21T15:44:52.055988+00:00,638,r-scylla1,3,0,incoming,0
2026-09-21T15:44:52.055988+00:00,638,r-scylla1,3,0,outgoing,276768
2026-09-21T15:44:52.055988+00:00,638,r-scylla1,3,1,incoming,138312
2026-09-21T15:44:52.055988+00:00,638,r-scylla1,3,1,outgoing,139000
2026-09-21T15:44:52.055988+00:00,638,r-scylla2,3,0,incoming,276768
2026-09-21T15:44:52.055988+00:00,638,r-scylla2,3,0,outgoing,138384
2026-09-21T15:44:52.055988+00:00,638,r-scylla2,3,1,incoming,290
2026-09-21T15:44:52.055988+00:00,638,r-scylla2,3,1,outgoing,138312
2026-09-21T15:44:52.055988+00:00,638,r-scylla3,3,0,incoming,322776
2026-09-21T15:44:52.055988+00:00,638,r-scylla3,3,0,outgoing,184392
2026-09-21T15:44:52.055988+00:00,638,r-scylla3,3,1,incoming,139216
2026-09-21T15:44:52.055988+00:00,638,r-scylla3,3,1,outgoing,506
2026-09-21T15:44:53.056288+00:00,639,r-scylla1,3,0,incoming,0
2026-09-21T15:44:53.056288+00:00,639,r-scylla1,3,0,outgoing,276768
2026-09-21T15:44:53.056288+00:00,639,r-scylla1,3,1,incoming,138312
2026-09-21T15:44:53.056288+00:00,639,r-scylla1,3,1,outgoing,139000
2026-09-21T15:44:53.056288+00:00,639,r-scylla2,3,0,incoming,276768
2026-09-21T15:44:53.056288+00:00,639,r-scylla2,3,0,outgoing,138384
2026-09-21T15:44:53.056288+00:00,639,r-scylla2,3,1,incoming,290
2026-09-21T15:44:53.056288+00:00,639,r-scylla2,3,1,outgoing,138312
2026-09-21T15:44:53.056288+00:00,639,r-scylla3,3,0,incoming,322776
2026-09-21T15:44:53.056288+00:00,639,r-scylla3,3,0,outgoing,184392
2026-09-21T15:44:53.056288+00:00,639,r-scylla3,3,1,incoming,139216
2026-09-21T15:44:53.056288+00:00,639,r-scylla3,3,1,outgoing,506
2026-09-21T15:44:54.056689+00:00,640,r-scylla1,3,0,incoming,0
2026-09-21T15:44:54.056689+00:00,640,r-scylla1,3,0,outgoing,276768
2026-09-21T15:44:54.056689+00:00,640,r-scylla1,3,1,incoming,138312
2026-09-21T15:44:54.056689+00:00,640,r-scylla1,3,1,outgoing,139000
2026-09-21T15:44:54.056689+00:00,640,r-scylla2,3,0,incoming,276768
2026-09-21T15:44:54.056689+00:00,640,r-scylla2,3,0,outgoing,138384
2026-09-21T15:44:54.056689+00:00,640,r-scylla2,3,1,incoming,290
2026-09-21T15:44:54.056689+00:00,640,r-scylla2,3,1,outgoing,138312
2026-09-21T15:44:54.056689+00:00,640,r-scylla3,3,0,incoming,322776
2026-09-21T15:44:54.056689+00:00,640,r-scylla3,3,0,outgoing,184392
2026-09-21T15:44:54.056689+00:00,640,r-scylla3,3,1,incoming,139216
2026-09-21T15:44:54.056689+00:00,640,r-scylla3,3,1,outgoing,506
2026-09-21T15:44:55.056928+00:00,641,r-scylla1,3,0,incoming,0
2026-09-21T15:44:55.056928+00:00,641,r-scylla1,3,0,outgoing,276768
2026-09-21T15:44:55.056928+00:00,641,r-scylla1,3,1,incoming,138312
2026-09-21T15:44:55.056928+00:00,641,r-scylla1,3,1,outgoing,139000
2026-09-21T15:44:55.056928+00:00,641,r-scylla2,3,0,incoming,276768
2026-09-21T15:44:55.056928+00:00,641,r-scylla2,3,0,outgoing,138384
2026-09-21T15:44:55.056928+00:00,641,r-scylla2,3,1,incoming,290
2026-09-21T15:44:55.056928+00:00,641,r-scylla2,3,1,outgoing,138312
2026-09-21T15:44:55.056928+00:00,641,r-scylla3,3,0,incoming,322776
2026-09-21T15:44:55.056928+00:00,641,r-scylla3,3,0,outgoing,184392
2026-09-21T15:44:55.056928+00:00,641,r-scylla3,3,1,incoming,139216
2026-09-21T15:44:55.056928+00:00,641,r-scylla3,3,1,outgoing,506
2026-09-21T15:44:56.057203+00:00,642,r-scylla1,3,0,incoming,0
2026-09-21T15:44:56.057203+00:00,642,r-scylla1,3,0,outgoing,276768
2026-09-21T15:44:56.057203+00:00,642,r-scylla1,3,1,incoming,138312
2026-09-21T15:44:56.057203+00:00,642,r-scylla1,3,1,outgoing,139000
2026-09-21T15:44:56.057203+00:00,642,r-scylla2,3,0,incoming,276768
2026-09-21T15:44:56.057203+00:00,642,r-scylla2,3,0,outgoing,138384
2026-09-21T15:44:56.057203+00:00,642,r-scylla2,3,1,incoming,290
2026-09-21T15:44:56.057203+00:00,642,r-scylla2,3,1,outgoing,138312
2026-09-21T15:44:56.057203+00:00,642,r-scylla3,3,0,incoming,322776
2026-09-21T15:44:56.057203+00:00,642,r-scylla3,3,0,outgoing,184392
2026-09-21T15:44:56.057203+00:00,642,r-scylla3,3,1,incoming,139216
2026-09-21T15:44:56.057203+00:00,642,r-scylla3,3,1,outgoing,506
2026-09-21T15:44:57.057553+00:00,643,r-scylla1,3,0,incoming,0
2026-09-21T15:44:57.057553+00:00,643,r-scylla1,3,0,outgoing,276768
2026-09-21T15:44:57.057553+00:00,643,r-scylla1,3,1,incoming,138312
2026-09-21T15:44:57.057553+00:00,643,r-scylla1,3,1,outgoing,139000
2026-09-21T15:44:57.057553+00:00,643,r-scylla2,3,0,incoming,276768
2026-09-21T15:44:57.057553+00:00,643,r-scylla2,3,0,outgoing,138384
2026-09-21T15:44:57.057553+00:00,643,r-scylla2,3,1,incoming,290
2026-09-21T15:44:57.057553+00:00,643,r-scylla2,3,1,outgoing,138312
2026-09-21T15:44:57.057553+00:00,643,r-scylla3,3,0,incoming,322776
2026-09-21T15:44:57.057553+00:00,643,r-scylla3,3,0,outgoing,184392
2026-09-21T15:44:57.057553+00:00,643,r-scylla3,3,1,incoming,139216
2026-09-21T15:44:57.057553+00:00,643,r-scylla3,3,1,outgoing,506
2026-09-21T15:44:58.057817+00:00,644,r-scylla1,3,0,incoming,0
2026-09-21T15:44:58.057817+00:00,644,r-scylla1,3,0,outgoing,276768
2026-09-21T15:44:58.057817+00:00,644,r-scylla1,3,1,incoming,138312
2026-09-21T15:44:58.057817+00:00,644,r-scylla1,3,1,outgoing,139000
2026-09-21T15:44:58.057817+00:00,644,r-scylla2,3,0,incoming,276768
2026-09-21T15:44:58.057817+00:00,644,r-scylla2,3,0,outgoing,138384
2026-09-21T15:44:58.057817+00:00,644,r-scylla2,3,1,incoming,290
2026-09-21T15:44:58.057817+00:00,644,r-scylla2,3,1,outgoing,138312
2026-09-21T15:44:58.057817+00:00,644,r-scylla3,3,0,incoming,322776
2026-09-21T15:44:58.057817+00:00,644,r-scylla3,3,0,outgoing,184392
2026-09-21T15:44:58.057817+00:00,644,r-scylla3,3,1,incoming,139216
2026-09-21T15:44:58.057817+00:00,644,r-scylla3,3,1,outgoing,506
2026-09-21T15:44:59.058156+00:00,645,r-scylla1,3,0,incoming,0
2026-09-21T15:44:59.058156+00:00,645,r-scylla1,3,0,outgoing,276768
2026-09-21T15:44:59.058156+00:00,645,r-scylla1,3,1,incoming,138312
2026-09-21T15:44:59.058156+00:00,645,r-scylla1,3,1,outgoing,139000
2026-09-21T15:44:59.058156+00:00,645,r-scylla2,3,0,incoming,276768
2026-09-21T15:44:59.058156+00:00,645,r-scylla2,3,0,outgoing,138384
2026-09-21T15:44:59.058156+00:00,645,r-scylla2,3,1,incoming,290
2026-09-21T15:44:59.058156+00:00,645,r-scylla2,3,1,outgoing,138312
2026-09-21T15:44:59.058156+00:00,645,r-scylla3,3,0,incoming,322776
2026-09-21T15:44:59.058156+00:00,645,r-scylla3,3,0,outgoing,184392
2026-09-21T15:44:59.058156+00:00,645,r-scylla3,3,1,incoming,139216
2026-09-21T15:44:59.058156+00:00,645,r-scylla3,3,1,outgoing,506
2026-09-21T15:45:00.058363+00:00,646,r-scylla1,3,0,incoming,0
2026-09-21T15:45:00.058363+00:00,646,r-scylla1,3,0,outgoing,276768
2026-09-21T15:45:00.058363+00:00,646,r-scylla1,3,1,incoming,138312
2026-09-21T15:45:00.058363+00:00,646,r-scylla1,3,1,outgoing,139000
2026-09-21T15:45:00.058363+00:00,646,r-scylla2,3,0,incoming,276768
2026-09-21T15:45:00.058363+00:00,646,r-scylla2,3,0,outgoing,138384
2026-09-21T15:45:00.058363+00:00,646,r-scylla2,3,1,incoming,290
2026-09-21T15:45:00.058363+00:00,646,r-scylla2,3,1,outgoing,138312
2026-09-21T15:45:00.058363+00:00,646,r-scylla3,3,0,incoming,322776
2026-09-21T15:45:00.058363+00:00,646,r-scylla3,3,0,outgoing,184392
2026-09-21T15:45:00.058363+00:00,646,r-scylla3,3,1,incoming,139216
2026-09-21T15:45:00.058363+00:00,646,r-scylla3,3,1,outgoing,506
2026-09-21T15:45:01.058886+00:00,647,r-scylla1,3,0,incoming,0
2026-09-21T15:45:01.058886+00:00,647,r-scylla1,3,0,outgoing,276768
2026-09-21T15:45:01.058886+00:00,647,r-scylla1,3,1,incoming,138312
2026-09-21T15:45:01.058886+00:00,647,r-scylla1,3,1,outgoing,139000
2026-09-21T15:45:01.058886+00:00,647,r-scylla2,3,0,incoming,276768
2026-09-21T15:45:01.058886+00:00,647,r-scylla2,3,0,outgoing,138384
2026-09-21T15:45:01.058886+00:00,647,r-scylla2,3,1,incoming,290
2026-09-21T15:45:01.058886+00:00,647,r-scylla2,3,1,outgoing,138312
2026-09-21T15:45:01.058886+00:00,647,r-scylla3,3,0,incoming,322776
2026-09-21T15:45:01.058886+00:00,647,r-scylla3,3,0,outgoing,184392
2026-09-21T15:45:01.058886+00:00,647,r-scylla3,3,1,incoming,139216
2026-09-21T15:45:01.058886+00:00,647,r-scylla3,3,1,outgoing,506
2026-09-21T15:45:02.059042+00:00,648,r-scylla1,3,0,incoming,0
2026-09-21T15:45:02.059042+00:00,648,r-scylla1,3,0,outgoing,276768
2026-09-21T15:45:02.059042+00:00,648,r-scylla1,3,1,incoming,138312
2026-09-21T15:45:02.059042+00:00,648,r-scylla1,3,1,outgoing,139000
2026-09-21T15:45:02.059042+00:00,648,r-scylla2,3,0,incoming,276768
2026-09-21T15:45:02.059042+00:00,648,r-scylla2,3,0,outgoing,138384
2026-09-21T15:45:02.059042+00:00,648,r-scylla2,3,1,incoming,290
2026-09-21T15:45:02.059042+00:00,648,r-scylla2,3,1,outgoing,138312
2026-09-21T15:45:02.059042+00:00,648,r-scylla3,3,0,incoming,322776
2026-09-21T15:45:02.059042+00:00,648,r-scylla3,3,0,outgoing,184392
2026-09-21T15:45:02.059042+00:00,648,r-scylla3,3,1,incoming,139216
2026-09-21T15:45:02.059042+00:00,648,r-scylla3,3,1,outgoing,506
2026-09-21T15:45:03.059314+00:00,649,r-scylla1,3,0,incoming,0
2026-09-21T15:45:03.059314+00:00,649,r-scylla1,3,0,outgoing,276768
2026-09-21T15:45:03.059314+00:00,649,r-scylla1,3,1,incoming,138312
2026-09-21T15:45:03.059314+00:00,649,r-scylla1,3,1,outgoing,139000
2026-09-21T15:45:03.059314+00:00,649,r-scylla2,3,0,incoming,276768
2026-09-21T15:45:03.059314+00:00,649,r-scylla2,3,0,outgoing,138384
2026-09-21T15:45:03.059314+00:00,649,r-scylla2,3,1,incoming,290
2026-09-21T15:45:03.059314+00:00,649,r-scylla2,3,1,outgoing,138312
2026-09-21T15:45:03.059314+00:00,649,r-scylla3,3,0,incoming,322776
2026-09-21T15:45:03.059314+00:00,649,r-scylla3,3,0,outgoing,184392
2026-09-21T15:45:03.059314+00:00,649,r-scylla3,3,1,incoming,139216
2026-09-21T15:45:03.059314+00:00,649,r-scylla3,3,1,outgoing,506
2026-09-21T15:45:04.059536+00:00,650,r-scylla1,3,0,incoming,0
2026-09-21T15:45:04.059536+00:00,650,r-scylla1,3,0,outgoing,276768
2026-09-21T15:45:04.059536+00:00,650,r-scylla1,3,1,incoming,138312
2026-09-21T15:45:04.059536+00:00,650,r-scylla1,3,1,outgoing,139000
2026-09-21T15:45:04.059536+00:00,650,r-scylla2,3,0,incoming,276768
2026-09-21T15:45:04.059536+00:00,650,r-scylla2,3,0,outgoing,138384
2026-09-21T15:45:04.059536+00:00,650,r-scylla2,3,1,incoming,290
2026-09-21T15:45:04.059536+00:00,650,r-scylla2,3,1,outgoing,138312
2026-09-21T15:45:04.059536+00:00,650,r-scylla3,3,0,incoming,322776
2026-09-21T15:45:04.059536+00:00,650,r-scylla3,3,0,outgoing,184392
2026-09-21T15:45:04.059536+00:00,650,r-scylla3,3,1,incoming,139216
2026-09-21T15:45:04.059536+00:00,650,r-scylla3,3,1,outgoing,506
2026-09-21T15:45:05.059900+00:00,651,r-scylla1,3,0,incoming,0
2026-09-21T15:45:05.059900+00:00,651,r-scylla1,3,0,outgoing,276768
2026-09-21T15:45:05.059900+00:00,651,r-scylla1,3,1,incoming,138312
2026-09-21T15:45:05.059900+00:00,651,r-scylla1,3,1,outgoing,139000
2026-09-21T15:45:05.059900+00:00,651,r-scylla2,3,0,incoming,276768
2026-09-21T15:45:05.059900+00:00,651,r-scylla2,3,0,outgoing,138384
2026-09-21T15:45:05.059900+00:00,651,r-scylla2,3,1,incoming,290
2026-09-21T15:45:05.059900+00:00,651,r-scylla2,3,1,outgoing,138312
2026-09-21T15:45:05.059900+00:00,651,r-scylla3,3,0,incoming,322776
2026-09-21T15:45:05.059900+00:00,651,r-scylla3,3,0,outgoing,184392
2026-09-21T15:45:05.059900+00:00,651,r-scylla3,3,1,incoming,139216
2026-09-21T15:45:05.059900+00:00,651,r-scylla3,3,1,outgoing,506
2026-09-21T15:45:06.060235+00:00,652,r-scylla1,3,0,incoming,0
2026-09-21T15:45:06.060235+00:00,652,r-scylla1,3,0,outgoing,276768
2026-09-21T15:45:06.060235+00:00,652,r-scylla1,3,1,incoming,138312
2026-09-21T15:45:06.060235+00:00,652,r-scylla1,3,1,outgoing,139000
2026-09-21T15:45:06.060235+00:00,652,r-scylla2,3,0,incoming,276768
2026-09-21T15:45:06.060235+00:00,652,r-scylla2,3,0,outgoing,138384
2026-09-21T15:45:06.060235+00:00,652,r-scylla2,3,1,incoming,290
2026-09-21T15:45:06.060235+00:00,652,r-scylla2,3,1,outgoing,138312
2026-09-21T15:45:06.060235+00:00,652,r-scylla3,3,0,incoming,322776
2026-09-21T15:45:06.060235+00:00,652,r-scylla3,3,0,outgoing,184392
2026-09-21T15:45:06.060235+00:00,652,r-scylla3,3,1,incoming,139216
2026-09-21T15:45:06.060235+00:00,652,r-scylla3,3,1,outgoing,506
2026-09-21T15:45:07.060770+00:00,653,r-scylla1,3,0,incoming,0
2026-09-21T15:45:07.060770+00:00,653,r-scylla1,3,0,outgoing,276768
2026-09-21T15:45:07.060770+00:00,653,r-scylla1,3,1,incoming,138312
2026-09-21T15:45:07.060770+00:00,653,r-scylla1,3,1,outgoing,139000
2026-09-21T15:45:07.060770+00:00,653,r-scylla2,3,0,incoming,276768
2026-09-21T15:45:07.060770+00:00,653,r-scylla2,3,0,outgoing,138384
2026-09-21T15:45:07.060770+00:00,653,r-scylla2,3,1,incoming,290
2026-09-21T15:45:07.060770+00:00,653,r-scylla2,3,1,outgoing,138312
2026-09-21T15:45:07.060770+00:00,653,r-scylla3,3,0,incoming,322776
2026-09-21T15:45:07.060770+00:00,653,r-scylla3,3,0,outgoing,184392
2026-09-21T15:45:07.060770+00:00,653,r-scylla3,3,1,incoming,139216
2026-09-21T15:45:07.060770+00:00,653,r-scylla3,3,1,outgoing,506
2026-09-21T15:45:08.061150+00:00,654,r-scylla1,3,0,incoming,0
2026-09-21T15:45:08.061150+00:00,654,r-scylla1,3,0,outgoing,276768
2026-09-21T15:45:08.061150+00:00,654,r-scylla1,3,1,incoming,138312
2026-09-21T15:45:08.061150+00:00,654,r-scylla1,3,1,outgoing,139000
2026-09-21T15:45:08.061150+00:00,654,r-scylla2,3,0,incoming,276768
2026-09-21T15:45:08.061150+00:00,654,r-scylla2,3,0,outgoing,138384
2026-09-21T15:45:08.061150+00:00,654,r-scylla2,3,1,incoming,290
2026-09-21T15:45:08.061150+00:00,654,r-scylla2,3,1,outgoing,138312
2026-09-21T15:45:08.061150+00:00,654,r-scylla3,3,0,incoming,322776
2026-09-21T15:45:08.061150+00:00,654,r-scylla3,3,0,outgoing,184392
2026-09-21T15:45:08.061150+00:00,654,r-scylla3,3,1,incoming,139216
2026-09-21T15:45:08.061150+00:00,654,r-scylla3,3,1,outgoing,506
2026-09-21T15:45:09.061501+00:00,655,r-scylla1,3,0,incoming,0
2026-09-21T15:45:09.061501+00:00,655,r-scylla1,3,0,outgoing,276768
2026-09-21T15:45:09.061501+00:00,655,r-scylla1,3,1,incoming,138312
2026-09-21T15:45:09.061501+00:00,655,r-scylla1,3,1,outgoing,139000
2026-09-21T15:45:09.061501+00:00,655,r-scylla2,3,0,incoming,276768
2026-09-21T15:45:09.061501+00:00,655,r-scylla2,3,0,outgoing,138384
2026-09-21T15:45:09.061501+00:00,655,r-scylla2,3,1,incoming,290
2026-09-21T15:45:09.061501+00:00,655,r-scylla2,3,1,outgoing,138312
2026-09-21T15:45:09.061501+00:00,655,r-scylla3,3,0,incoming,322776
2026-09-21T15:45:09.061501+00:00,655,r-scylla3,3,0,outgoing,184392
2026-09-21T15:45:09.061501+00:00,655,r-scylla3,3,1,incoming,139216
2026-09-21T15:45:09.061501+00:00,655,r-scylla3,3,1,outgoing,506
2026-09-21T15:45:10.061619+00:00,656,r-scylla1,3,0,incoming,0
2026-09-21T15:45:10.061619+00:00,656,r-scylla1,3,0,outgoing,276768
2026-09-21T15:45:10.061619+00:00,656,r-scylla1,3,1,incoming,138312
2026-09-21T15:45:10.061619+00:00,656,r-scylla1,3,1,outgoing,139000
2026-09-21T15:45:10.061619+00:00,656,r-scylla2,3,0,incoming,276768
2026-09-21T15:45:10.061619+00:00,656,r-scylla2,3,0,outgoing,138384
2026-09-21T15:45:10.061619+00:00,656,r-scylla2,3,1,incoming,290
2026-09-21T15:45:10.061619+00:00,656,r-scylla2,3,1,outgoing,138312
2026-09-21T15:45:10.061619+00:00,656,r-scylla3,3,0,incoming,322776
2026-09-21T15:45:10.061619+00:00,656,r-scylla3,3,0,outgoing,184392
2026-09-21T15:45:10.061619+00:00,656,r-scylla3,3,1,incoming,139216
2026-09-21T15:45:10.061619+00:00,656,r-scylla3,3,1,outgoing,506
2026-09-21T15:45:11.061799+00:00,657,r-scylla1,3,0,incoming,0
2026-09-21T15:45:11.061799+00:00,657,r-scylla1,3,0,outgoing,276768
2026-09-21T15:45:11.061799+00:00,657,r-scylla1,3,1,incoming,138312
2026-09-21T15:45:11.061799+00:00,657,r-scylla1,3,1,outgoing,139000
2026-09-21T15:45:11.061799+00:00,657,r-scylla2,3,0,incoming,276768
2026-09-21T15:45:11.061799+00:00,657,r-scylla2,3,0,outgoing,138384
2026-09-21T15:45:11.061799+00:00,657,r-scylla2,3,1,incoming,290
2026-09-21T15:45:11.061799+00:00,657,r-scylla2,3,1,outgoing,138312
2026-09-21T15:45:11.061799+00:00,657,r-scylla3,3,0,incoming,322776
2026-09-21T15:45:11.061799+00:00,657,r-scylla3,3,0,outgoing,184392
2026-09-21T15:45:11.061799+00:00,657,r-scylla3,3,1,incoming,139216
2026-09-21T15:45:11.061799+00:00,657,r-scylla3,3,1,outgoing,506
2026-09-21T15:45:12.062144+00:00,658,r-scylla1,3,0,incoming,0
2026-09-21T15:45:12.062144+00:00,658,r-scylla1,3,0,outgoing,276768
2026-09-21T15:45:12.062144+00:00,658,r-scylla1,3,1,incoming,138312
2026-09-21T15:45:12.062144+00:00,658,r-scylla1,3,1,outgoing,139000
2026-09-21T15:45:12.062144+00:00,658,r-scylla2,3,0,incoming,276768
2026-09-21T15:45:12.062144+00:00,658,r-scylla2,3,0,outgoing,138384
2026-09-21T15:45:12.062144+00:00,658,r-scylla2,3,1,incoming,290
2026-09-21T15:45:12.062144+00:00,658,r-scylla2,3,1,outgoing,138312
2026-09-21T15:45:12.062144+00:00,658,r-scylla3,3,0,incoming,322776
2026-09-21T15:45:12.062144+00:00,658,r-scylla3,3,0,outgoing,184392
2026-09-21T15:45:12.062144+00:00,658,r-scylla3,3,1,incoming,139216
2026-09-21T15:45:12.062144+00:00,658,r-scylla3,3,1,outgoing,506
2026-09-21T15:45:13.062579+00:00,659,r-scylla1,3,0,incoming,0
2026-09-21T15:45:13.062579+00:00,659,r-scylla1,3,0,outgoing,276768
2026-09-21T15:45:13.062579+00:00,659,r-scylla1,3,1,incoming,138312
2026-09-21T15:45:13.062579+00:00,659,r-scylla1,3,1,outgoing,139000
2026-09-21T15:45:13.062579+00:00,659,r-scylla2,3,0,incoming,276768
2026-09-21T15:45:13.062579+00:00,659,r-scylla2,3,0,outgoing,138384
2026-09-21T15:45:13.062579+00:00,659,r-scylla2,3,1,incoming,290
2026-09-21T15:45:13.062579+00:00,659,r-scylla2,3,1,outgoing,138312
2026-09-21T15:45:13.062579+00:00,659,r-scylla3,3,0,incoming,322776
2026-09-21T15:45:13.062579+00:00,659,r-scylla3,3,0,outgoing,184392
2026-09-21T15:45:13.062579+00:00,659,r-scylla3,3,1,incoming,139216
2026-09-21T15:45:13.062579+00:00,659,r-scylla3,3,1,outgoing,506
2026-09-21T15:45:14.062865+00:00,660,r-scylla1,3,0,incoming,0
2026-09-21T15:45:14.062865+00:00,660,r-scylla1,3,0,outgoing,276768
2026-09-21T15:45:14.062865+00:00,660,r-scylla1,3,1,incoming,138312
2026-09-21T15:45:14.062865+00:00,660,r-scylla1,3,1,outgoing,139000
2026-09-21T15:45:14.062865+00:00,660,r-scylla2,3,0,incoming,276768
2026-09-21T15:45:14.062865+00:00,660,r-scylla2,3,0,outgoing,138384
2026-09-21T15:45:14.062865+00:00,660,r-scylla2,3,1,incoming,290
2026-09-21T15:45:14.062865+00:00,660,r-scylla2,3,1,outgoing,138312
2026-09-21T15:45:14.062865+00:00,660,r-scylla3,3,0,incoming,322776
2026-09-21T15:45:14.062865+00:00,660,r-scylla3,3,0,outgoing,184392
2026-09-21T15:45:14.062865+00:00,660,r-scylla3,3,1,incoming,139216
2026-09-21T15:45:14.062865+00:00,660,r-scylla3,3,1,outgoing,506
2026-09-21T15:45:15.063045+00:00,661,r-scylla1,3,0,incoming,0
2026-09-21T15:45:15.063045+00:00,661,r-scylla1,3,0,outgoing,276768
2026-09-21T15:45:15.063045+00:00,661,r-scylla1,3,1,incoming,138312
2026-09-21T15:45:15.063045+00:00,661,r-scylla1,3,1,outgoing,139000
2026-09-21T15:45:15.063045+00:00,661,r-scylla2,3,0,incoming,276768
2026-09-21T15:45:15.063045+00:00,661,r-scylla2,3,0,outgoing,138384
2026-09-21T15:45:15.063045+00:00,661,r-scylla2,3,1,incoming,290
2026-09-21T15:45:15.063045+00:00,661,r-scylla2,3,1,outgoing,138312
2026-09-21T15:45:15.063045+00:00,661,r-scylla3,3,0,incoming,322776
2026-09-21T15:45:15.063045+00:00,661,r-scylla3,3,0,outgoing,184392
2026-09-21T15:45:15.063045+00:00,661,r-scylla3,3,1,incoming,139216
2026-09-21T15:45:15.063045+00:00,661,r-scylla3,3,1,outgoing,506
2026-09-21T15:45:16.063344+00:00,662,r-scylla1,3,0,incoming,0
2026-09-21T15:45:16.063344+00:00,662,r-scylla1,3,0,outgoing,276768
2026-09-21T15:45:16.063344+00:00,662,r-scylla1,3,1,incoming,138312
2026-09-21T15:45:16.063344+00:00,662,r-scylla1,3,1,outgoing,139000
2026-09-21T15:45:16.063344+00:00,662,r-scylla2,3,0,incoming,276768
2026-09-21T15:45:16.063344+00:00,662,r-scylla2,3,0,outgoing,138384
2026-09-21T15:45:16.063344+00:00,662,r-scylla2,3,1,incoming,290
2026-09-21T15:45:16.063344+00:00,662,r-scylla2,3,1,outgoing,138312
2026-09-21T15:45:16.063344+00:00,662,r-scylla3,3,0,incoming,322776
2026-09-21T15:45:16.063344+00:00,662,r-scylla3,3,0,outgoing,184392
2026-09-21T15:45:16.063344+00:00,662,r-scylla3,3,1,incoming,139216
2026-09-21T15:45:16.063344+00:00,662,r-scylla3,3,1,outgoing,506
2026-09-21T15:45:17.063914+00:00,663,r-scylla1,3,0,incoming,0
2026-09-21T15:45:17.063914+00:00,663,r-scylla1,3,0,outgoing,276768
2026-09-21T15:45:17.063914+00:00,663,r-scylla1,3,1,incoming,138312
2026-09-21T15:45:17.063914+00:00,663,r-scylla1,3,1,outgoing,139000
2026-09-21T15:45:17.063914+00:00,663,r-scylla2,3,0,incoming,276768
2026-09-21T15:45:17.063914+00:00,663,r-scylla2,3,0,outgoing,138384
2026-09-21T15:45:17.063914+00:00,663,r-scylla2,3,1,incoming,290
2026-09-21T15:45:17.063914+00:00,663,r-scylla2,3,1,outgoing,138312
2026-09-21T15:45:17.063914+00:00,663,r-scylla3,3,0,incoming,322776
2026-09-21T15:45:17.063914+00:00,663,r-scylla3,3,0,outgoing,184392
2026-09-21T15:45:17.063914+00:00,663,r-scylla3,3,1,incoming,139216
2026-09-21T15:45:17.063914+00:00,663,r-scylla3,3,1,outgoing,506
2026-09-21T15:45:18.063983+00:00,664,r-scylla1,3,0,incoming,0
2026-09-21T15:45:18.063983+00:00,664,r-scylla1,3,0,outgoing,276768
2026-09-21T15:45:18.063983+00:00,664,r-scylla1,3,1,incoming,138312
2026-09-21T15:45:18.063983+00:00,664,r-scylla1,3,1,outgoing,139000
2026-09-21T15:45:18.063983+00:00,664,r-scylla2,3,0,incoming,276768
2026-09-21T15:45:18.063983+00:00,664,r-scylla2,3,0,outgoing,138384
2026-09-21T15:45:18.063983+00:00,664,r-scylla2,3,1,incoming,290
2026-09-21T15:45:18.063983+00:00,664,r-scylla2,3,1,outgoing,138312
2026-09-21T15:45:18.063983+00:00,664,r-scylla3,3,0,incoming,322776
2026-09-21T15:45:18.063983+00:00,664,r-scylla3,3,0,outgoing,184392
2026-09-21T15:45:18.063983+00:00,664,r-scylla3,3,1,incoming,139216
2026-09-21T15:45:18.063983+00:00,664,r-scylla3,3,1,outgoing,506
2026-09-21T15:45:19.064232+00:00,665,r-scylla1,3,0,incoming,0
2026-09-21T15:45:19.064232+00:00,665,r-scylla1,3,0,outgoing,276768
2026-09-21T15:45:19.064232+00:00,665,r-scylla1,3,1,incoming,138312
2026-09-21T15:45:19.064232+00:00,665,r-scylla1,3,1,outgoing,139000
2026-09-21T15:45:19.064232+00:00,665,r-scylla2,3,0,incoming,276768
2026-09-21T15:45:19.064232+00:00,665,r-scylla2,3,0,outgoing,138384
2026-09-21T15:45:19.064232+00:00,665,r-scylla2,3,1,incoming,290
2026-09-21T15:45:19.064232+00:00,665,r-scylla2,3,1,outgoing,138312
2026-09-21T15:45:19.064232+00:00,665,r-scylla3,3,0,incoming,322776
2026-09-21T15:45:19.064232+00:00,665,r-scylla3,3,0,outgoing,184392
2026-09-21T15:45:19.064232+00:00,665,r-scylla3,3,1,incoming,139216
2026-09-21T15:45:19.064232+00:00,665,r-scylla3,3,1,outgoing,506
2026-09-21T15:45:20.061572+00:00,666,r-scylla1,3,0,incoming,0
2026-09-21T15:45:20.061572+00:00,666,r-scylla1,3,0,outgoing,276768
2026-09-21T15:45:20.061572+00:00,666,r-scylla1,3,1,incoming,138312
2026-09-21T15:45:20.061572+00:00,666,r-scylla1,3,1,outgoing,139000
2026-09-21T15:45:20.061572+00:00,666,r-scylla2,3,0,incoming,276768
2026-09-21T15:45:20.061572+00:00,666,r-scylla2,3,0,outgoing,138384
2026-09-21T15:45:20.061572+00:00,666,r-scylla2,3,1,incoming,290
2026-09-21T15:45:20.061572+00:00,666,r-scylla2,3,1,outgoing,138312
2026-09-21T15:45:20.061572+00:00,666,r-scylla3,3,0,incoming,322776
2026-09-21T15:45:20.061572+00:00,666,r-scylla3,3,0,outgoing,184392
2026-09-21T15:45:20.061572+00:00,666,r-scylla3,3,1,incoming,139216
2026-09-21T15:45:20.061572+00:00,666,r-scylla3,3,1,outgoing,506
2026-09-21T15:45:21.061738+00:00,667,r-scylla1,3,0,incoming,0
2026-09-21T15:45:21.061738+00:00,667,r-scylla1,3,0,outgoing,276768
2026-09-21T15:45:21.061738+00:00,667,r-scylla1,3,1,incoming,138312
2026-09-21T15:45:21.061738+00:00,667,r-scylla1,3,1,outgoing,139000
2026-09-21T15:45:21.061738+00:00,667,r-scylla2,3,0,incoming,276768
2026-09-21T15:45:21.061738+00:00,667,r-scylla2,3,0,outgoing,138384
2026-09-21T15:45:21.061738+00:00,667,r-scylla2,3,1,incoming,290
2026-09-21T15:45:21.061738+00:00,667,r-scylla2,3,1,outgoing,138312
2026-09-21T15:45:21.061738+00:00,667,r-scylla3,3,0,incoming,322776
2026-09-21T15:45:21.061738+00:00,667,r-scylla3,3,0,outgoing,184392
2026-09-21T15:45:21.061738+00:00,667,r-scylla3,3,1,incoming,139216
2026-09-21T15:45:21.061738+00:00,667,r-scylla3,3,1,outgoing,506
2026-09-21T15:45:22.062017+00:00,668,r-scylla1,3,0,incoming,0
2026-09-21T15:45:22.062017+00:00,668,r-scylla1,3,0,outgoing,276768
2026-09-21T15:45:22.062017+00:00,668,r-scylla1,3,1,incoming,138312
2026-09-21T15:45:22.062017+00:00,668,r-scylla1,3,1,outgoing,139000
2026-09-21T15:45:22.062017+00:00,668,r-scylla2,3,0,incoming,276768
2026-09-21T15:45:22.062017+00:00,668,r-scylla2,3,0,outgoing,138384
2026-09-21T15:45:22.062017+00:00,668,r-scylla2,3,1,incoming,290
2026-09-21T15:45:22.062017+00:00,668,r-scylla2,3,1,outgoing,138312
2026-09-21T15:45:22.062017+00:00,668,r-scylla3,3,0,incoming,322776
2026-09-21T15:45:22.062017+00:00,668,r-scylla3,3,0,outgoing,184392
2026-09-21T15:45:22.062017+00:00,668,r-scylla3,3,1,incoming,139216
2026-09-21T15:45:22.062017+00:00,668,r-scylla3,3,1,outgoing,506
2026-09-21T15:45:23.062339+00:00,669,r-scylla1,3,0,incoming,0
2026-09-21T15:45:23.062339+00:00,669,r-scylla1,3,0,outgoing,276768
2026-09-21T15:45:23.062339+00:00,669,r-scylla1,3,1,incoming,138312
2026-09-21T15:45:23.062339+00:00,669,r-scylla1,3,1,outgoing,139000
2026-09-21T15:45:23.062339+00:00,669,r-scylla2,3,0,incoming,276768
2026-09-21T15:45:23.062339+00:00,669,r-scylla2,3,0,outgoing,138384
2026-09-21T15:45:23.062339+00:00,669,r-scylla2,3,1,incoming,290
2026-09-21T15:45:23.062339+00:00,669,r-scylla2,3,1,outgoing,138312
2026-09-21T15:45:23.062339+00:00,669,r-scylla3,3,0,incoming,322776
2026-09-21T15:45:23.062339+00:00,669,r-scylla3,3,0,outgoing,184392
2026-09-21T15:45:23.062339+00:00,669,r-scylla3,3,1,incoming,139216
2026-09-21T15:45:23.062339+00:00,669,r-scylla3,3,1,outgoing,506
2026-09-21T15:45:24.062682+00:00,670,r-scylla1,3,0,incoming,0
2026-09-21T15:45:24.062682+00:00,670,r-scylla1,3,0,outgoing,276768
2026-09-21T15:45:24.062682+00:00,670,r-scylla1,3,1,incoming,138312
2026-09-21T15:45:24.062682+00:00,670,r-scylla1,3,1,outgoing,139000
2026-09-21T15:45:24.062682+00:00,670,r-scylla2,3,0,incoming,276768
2026-09-21T15:45:24.062682+00:00,670,r-scylla2,3,0,outgoing,138384
2026-09-21T15:45:24.062682+00:00,670,r-scylla2,3,1,incoming,290
2026-09-21T15:45:24.062682+00:00,670,r-scylla2,3,1,outgoing,138312
2026-09-21T15:45:24.062682+00:00,670,r-scylla3,3,0,incoming,322776
2026-09-21T15:45:24.062682+00:00,670,r-scylla3,3,0,outgoing,184392
2026-09-21T15:45:24.062682+00:00,670,r-scylla3,3,1,incoming,139216
2026-09-21T15:45:24.062682+00:00,670,r-scylla3,3,1,outgoing,506
2026-09-21T15:45:25.062913+00:00,671,r-scylla1,3,0,incoming,0
2026-09-21T15:45:25.062913+00:00,671,r-scylla1,3,0,outgoing,276768
2026-09-21T15:45:25.062913+00:00,671,r-scylla1,3,1,incoming,138312
2026-09-21T15:45:25.062913+00:00,671,r-scylla1,3,1,outgoing,139000
2026-09-21T15:45:25.062913+00:00,671,r-scylla2,3,0,incoming,276768
2026-09-21T15:45:25.062913+00:00,671,r-scylla2,3,0,outgoing,138384
2026-09-21T15:45:25.062913+00:00,671,r-scylla2,3,1,incoming,290
2026-09-21T15:45:25.062913+00:00,671,r-scylla2,3,1,outgoing,138312
2026-09-21T15:45:25.062913+00:00,671,r-scylla3,3,0,incoming,322776
2026-09-21T15:45:25.062913+00:00,671,r-scylla3,3,0,outgoing,184392
2026-09-21T15:45:25.062913+00:00,671,r-scylla3,3,1,incoming,139216
2026-09-21T15:45:25.062913+00:00,671,r-scylla3,3,1,outgoing,506
2026-09-21T15:45:26.063160+00:00,672,r-scylla1,3,0,incoming,0
2026-09-21T15:45:26.063160+00:00,672,r-scylla1,3,0,outgoing,276768
2026-09-21T15:45:26.063160+00:00,672,r-scylla1,3,1,incoming,138312
2026-09-21T15:45:26.063160+00:00,672,r-scylla1,3,1,outgoing,139000
2026-09-21T15:45:26.063160+00:00,672,r-scylla2,3,0,incoming,276768
2026-09-21T15:45:26.063160+00:00,672,r-scylla2,3,0,outgoing,138384
2026-09-21T15:45:26.063160+00:00,672,r-scylla2,3,1,incoming,290
2026-09-21T15:45:26.063160+00:00,672,r-scylla2,3,1,outgoing,138312
2026-09-21T15:45:26.063160+00:00,672,r-scylla3,3,0,incoming,322776
2026-09-21T15:45:26.063160+00:00,672,r-scylla3,3,0,outgoing,184392
2026-09-21T15:45:26.063160+00:00,672,r-scylla3,3,1,incoming,139216
2026-09-21T15:45:26.063160+00:00,672,r-scylla3,3,1,outgoing,506
2026-09-21T15:45:27.063609+00:00,673,r-scylla1,3,0,incoming,0
2026-09-21T15:45:27.063609+00:00,673,r-scylla1,3,0,outgoing,276768
2026-09-21T15:45:27.063609+00:00,673,r-scylla1,3,1,incoming,138312
2026-09-21T15:45:27.063609+00:00,673,r-scylla1,3,1,outgoing,139000
2026-09-21T15:45:27.063609+00:00,673,r-scylla2,3,0,incoming,276768
2026-09-21T15:45:27.063609+00:00,673,r-scylla2,3,0,outgoing,138384
2026-09-21T15:45:27.063609+00:00,673,r-scylla2,3,1,incoming,290
2026-09-21T15:45:27.063609+00:00,673,r-scylla2,3,1,outgoing,138312
2026-09-21T15:45:27.063609+00:00,673,r-scylla3,3,0,incoming,322776
2026-09-21T15:45:27.063609+00:00,673,r-scylla3,3,0,outgoing,184392
2026-09-21T15:45:27.063609+00:00,673,r-scylla3,3,1,incoming,139216
2026-09-21T15:45:27.063609+00:00,673,r-scylla3,3,1,outgoing,506
2026-09-21T15:45:28.063832+00:00,674,r-scylla1,3,0,incoming,0
2026-09-21T15:45:28.063832+00:00,674,r-scylla1,3,0,outgoing,276768
2026-09-21T15:45:28.063832+00:00,674,r-scylla1,3,1,incoming,138312
2026-09-21T15:45:28.063832+00:00,674,r-scylla1,3,1,outgoing,139000
2026-09-21T15:45:28.063832+00:00,674,r-scylla2,3,0,incoming,276768
2026-09-21T15:45:28.063832+00:00,674,r-scylla2,3,0,outgoing,138384
2026-09-21T15:45:28.063832+00:00,674,r-scylla2,3,1,incoming,290
2026-09-21T15:45:28.063832+00:00,674,r-scylla2,3,1,outgoing,138312
2026-09-21T15:45:28.063832+00:00,674,r-scylla3,3,0,incoming,322776
2026-09-21T15:45:28.063832+00:00,674,r-scylla3,3,0,outgoing,184392
2026-09-21T15:45:28.063832+00:00,674,r-scylla3,3,1,incoming,139216
2026-09-21T15:45:28.063832+00:00,674,r-scylla3,3,1,outgoing,506
2026-09-21T15:45:29.064029+00:00,675,r-scylla1,3,0,incoming,0
2026-09-21T15:45:29.064029+00:00,675,r-scylla1,3,0,outgoing,276768
2026-09-21T15:45:29.064029+00:00,675,r-scylla1,3,1,incoming,138312
2026-09-21T15:45:29.064029+00:00,675,r-scylla1,3,1,outgoing,139000
2026-09-21T15:45:29.064029+00:00,675,r-scylla2,3,0,incoming,276768
2026-09-21T15:45:29.064029+00:00,675,r-scylla2,3,0,outgoing,138384
2026-09-21T15:45:29.064029+00:00,675,r-scylla2,3,1,incoming,290
2026-09-21T15:45:29.064029+00:00,675,r-scylla2,3,1,outgoing,138312
2026-09-21T15:45:29.064029+00:00,675,r-scylla3,3,0,incoming,322776
2026-09-21T15:45:29.064029+00:00,675,r-scylla3,3,0,outgoing,184392
2026-09-21T15:45:29.064029+00:00,675,r-scylla3,3,1,incoming,139216
2026-09-21T15:45:29.064029+00:00,675,r-scylla3,3,1,outgoing,506
2026-09-21T15:45:30.064242+00:00,676,r-scylla1,3,0,incoming,0
2026-09-21T15:45:30.064242+00:00,676,r-scylla1,3,0,outgoing,276768
2026-09-21T15:45:30.064242+00:00,676,r-scylla1,3,1,incoming,138312
2026-09-21T15:45:30.064242+00:00,676,r-scylla1,3,1,outgoing,139000
2026-09-21T15:45:30.064242+00:00,676,r-scylla2,3,0,incoming,276768
2026-09-21T15:45:30.064242+00:00,676,r-scylla2,3,0,outgoing,138384
2026-09-21T15:45:30.064242+00:00,676,r-scylla2,3,1,incoming,290
2026-09-21T15:45:30.064242+00:00,676,r-scylla2,3,1,outgoing,138312
2026-09-21T15:45:30.064242+00:00,676,r-scylla3,3,0,incoming,322776
2026-09-21T15:45:30.064242+00:00,676,r-scylla3,3,0,outgoing,184392
2026-09-21T15:45:30.064242+00:00,676,r-scylla3,3,1,incoming,139216
2026-09-21T15:45:30.064242+00:00,676,r-scylla3,3,1,outgoing,506
2026-09-21T15:45:31.064466+00:00,677,r-scylla1,3,0,incoming,0
2026-09-21T15:45:31.064466+00:00,677,r-scylla1,3,0,outgoing,276768
2026-09-21T15:45:31.064466+00:00,677,r-scylla1,3,1,incoming,138312
2026-09-21T15:45:31.064466+00:00,677,r-scylla1,3,1,outgoing,139000
2026-09-21T15:45:31.064466+00:00,677,r-scylla2,3,0,incoming,276768
2026-09-21T15:45:31.064466+00:00,677,r-scylla2,3,0,outgoing,138384
2026-09-21T15:45:31.064466+00:00,677,r-scylla2,3,1,incoming,290
2026-09-21T15:45:31.064466+00:00,677,r-scylla2,3,1,outgoing,138312
2026-09-21T15:45:31.064466+00:00,677,r-scylla3,3,0,incoming,322776
2026-09-21T15:45:31.064466+00:00,677,r-scylla3,3,0,outgoing,184392
2026-09-21T15:45:31.064466+00:00,677,r-scylla3,3,1,incoming,139216
2026-09-21T15:45:31.064466+00:00,677,r-scylla3,3,1,outgoing,506
