timestamp_utc,sample,node,node_count,shard,direction,bytes
2026-09-21T11:49:40.643675+00:00,0,r-scylla1,4,0,incoming,0
2026-09-21T11:49:40.643675+00:00,0,r-scylla1,4,0,outgoing,0
2026-09-21T11:49:40.643675+00:00,0,r-scylla1,4,1,incoming,0
2026-09-21T11:49:40.643675+00:00,0,r-scylla1,4,1,outgoing,0
2026-09-21T11:49:40.643675+00:00,0,r-scylla2,4,0,incoming,0
2026-09-21T11:49:40.643675+00:00,0,r-scylla2,4,0,outgoing,0
2026-09-21T11:49:40.643675+00:00,0,r-scylla2,4,1,incoming,0
2026-09-21T11:49:40.643675+00:00,0,r-scylla2,4,1,outgoing,0
2026-09-21T11:49:40.643675+00:00,0,r-scylla3,4,0,incoming,0
2026-09-21T11:49:40.643675+00:00,0,r-scylla3,4,0,outgoing,0
2026-09-21T11:49:40.643675+00:00,0,r-scylla3,4,1,incoming,0
2026-09-21T11:49:40.643675+00:00,0,r-scylla3,4,1,outgoing,0
2026-09-21T11:49:40.643675+00:00,0,r-scylla4,4,0,incoming,0
2026-09-21T11:49:40.643675+00:00,0,r-scylla4,4,0,outgoing,0
2026-09-21T11:49:40.643675+00:00,0,r-scylla4,4,1,incoming,0
2026-09-21T11:49:40.643675+00:00,0,r-scylla4,4,1,outgoing,0
2026-09-21T11:49:41.644022+00:00,1,r-scylla1,4,0,incoming,0
2026-09-21T11:49:41.644022+00:00,1,r-scylla1,4,0,outgoing,0
2026-09-21T11:49:41.644022+00:00,1,r-scylla1,4,1,incoming,0
2026-09-21T11:49:41.644022+00:00,1,r-scylla1,4,1,outgoing,0
2026-09-21T11:49:41.644022+00:00,1,r-scylla2,4,0,incoming,0
2026-09-21T11:49:41.644022+00:00,1,r-scylla2,4,0,outgoing,0
2026-09-21T11:49:41.644022+00:00,1,r-scylla2,4,1,incoming,0
2026-09-21T11:49:41.644022+00:00,1,r-scylla2,4,1,outgoing,0
2026-09-21T11:49:41.644022+00:00,1,r-scylla3,4,0,incoming,0
2026-09-21T11:49:41.644022+00:00,1,r-scylla3,4,0,outgoing,0
2026-09-21T11:49:41.644022+00:00,1,r-scylla3,4,1,incoming,0
2026-09-21T11:49:41.644022+00:00,1,r-scylla3,4,1,outgoing,0
2026-09-21T11:49:41.644022+00:00,1,r-scylla4,4,0,incoming,0
2026-09-21T11:49:41.644022+00:00,1,r-scylla4,4,0,outgoing,0
2026-09-21T11:49:41.644022+00:00,1,r-scylla4,4,1,incoming,0
2026-09-21T11:49:41.644022+00:00,1,r-scylla4,4,1,outgoing,0
2026-09-21T11:49:42.644334+00:00,2,r-scylla1,4,0,incoming,0
2026-09-21T11:49:42.644334+00:00,2,r-scylla1,4,0,outgoing,0
2026-09-21T11:49:42.644334+00:00,2,r-scylla1,4,1,incoming,0
2026-09-21T11:49:42.644334+00:00,2,r-scylla1,4,1,outgoing,0
2026-09-21T11:49:42.644334+00:00,2,r-scylla2,4,0,incoming,0
2026-09-21T11:49:42.644334+00:00,2,r-scylla2,4,0,outgoing,0
2026-09-21T11:49:42.644334+00:00,2,r-scylla2,4,1,incoming,0
2026-09-21T11:49:42.644334+00:00,2,r-scylla2,4,1,outgoing,0
2026-09-21T11:49:42.644334+00:00,2,r-scylla3,4,0,incoming,0
2026-09-21T11:49:42.644334+00:00,2,r-scylla3,4,0,outgoing,0
2026-09-21T11:49:42.644334+00:00,2,r-scylla3,4,1,incoming,0
2026-09-21T11:49:42.644334+00:00,2,r-scylla3,4,1,outgoing,0
2026-09-21T11:49:42.644334+00:00,2,r-scylla4,4,0,incoming,0
2026-09-21T11:49:42.644334+00:00,2,r-scylla4,4,0,outgoing,0
2026-09-21T11:49:42.644334+00:00,2,r-scylla4,4,1,incoming,0
2026-09-21T11:49:42.644334+00:00,2,r-scylla4,4,1,outgoing,0
2026-09-21T11:49:43.644769+00:00,3,r-scylla1,4,0,incoming,0
2026-09-21T11:49:43.644769+00:00,3,r-scylla1,4,0,outgoing,0
2026-09-21T11:49:43.644769+00:00,3,r-scylla1,4,1,incoming,0
2026-09-21T11:49:43.644769+00:00,3,r-scylla1,4,1,outgoing,0
2026-09-21T11:49:43.644769+00:00,3,r-scylla2,4,0,incoming,0
2026-09-21T11:49:43.644769+00:00,3,r-scylla2,4,0,outgoing,0
2026-09-21T11:49:43.644769+00:00,3,r-scylla2,4,1,incoming,0
2026-09-21T11:49:43.644769+00:00,3,r-scylla2,4,1,outgoing,0
2026-09-21T11:49:43.644769+00:00,3,r-scylla3,4,0,incoming,0
2026-09-21T11:49:43.644769+00:00,3,r-scylla3,4,0,outgoing,0
2026-09-21T11:49:43.644769+00:00,3,r-scylla3,4,1,incoming,0
2026-09-21T11:49:43.644769+00:00,3,r-scylla3,4,1,outgoing,0
2026-09-21T11:49:43.644769+00:00,3,r-scylla4,4,0,incoming,0
2026-09-21T11:49:43.644769+00:00,3,r-scylla4,4,0,outgoing,0
2026-09-21T11:49:43.644769+00:00,3,r-scylla4,4,1,incoming,0
2026-09-21T11:49:43.644769+00:00,3,r-scylla4,4,1,outgoing,0
2026-09-21T11:49:44.644918+00:00,4,r-scylla1,4,0,incoming,0
2026-09-21T11:49:44.644918+00:00,4,r-scylla1,4,0,outgoing,0
2026-09-21T11:49:44.644918+00:00,4,r-scylla1,4,1,incoming,0
2026-09-21T11:49:44.644918+00:00,4,r-scylla1,4,1,outgoing,0
2026-09-21T11:49:44.644918+00:00,4,r-scylla2,4,0,incoming,0
2026-09-21T11:49:44.644918+00:00,4,r-scylla2,4,0,outgoing,0
2026-09-21T11:49:44.644918+00:00,4,r-scylla2,4,1,incoming,0
2026-09-21T11:49:44.644918+00:00,4,r-scylla2,4,1,outgoing,0
2026-09-21T11:49:44.644918+00:00,4,r-scylla3,4,0,incoming,0
2026-09-21T11:49:44.644918+00:00,4,r-scylla3,4,0,outgoing,0
2026-09-21T11:49:44.644918+00:00,4,r-scylla3,4,1,incoming,0
2026-09-21T11:49:44.644918+00:00,4,r-scylla3,4,1,outgoing,0
2026-09-21T11:49:44.644918+00:00,4,r-scylla4,4,0,incoming,0
2026-09-21T11:49:44.644918+00:00,4,r-scylla4,4,0,outgoing,0
2026-09-21T11:49:44.644918+00:00,4,r-scylla4,4,1,incoming,0
2026-09-21T11:49:44.644918+00:00,4,r-scylla4,4,1,outgoing,0
2026-09-21T11:49:45.645281+00:00,5,r-scylla1,4,0,incoming,0
2026-09-21T11:49:45.645281+00:00,5,r-scylla1,4,0,outgoing,0
2026-09-21T11:49:45.645281+00:00,5,r-scylla1,4,1,incoming,0
2026-09-21T11:49:45.645281+00:00,5,r-scylla1,4,1,outgoing,0
2026-09-21T11:49:45.645281+00:00,5,r-scylla2,4,0,incoming,0
2026-09-21T11:49:45.645281+00:00,5,r-scylla2,4,0,outgoing,0
2026-09-21T11:49:45.645281+00:00,5,r-scylla2,4,1,incoming,0
2026-09-21T11:49:45.645281+00:00,5,r-scylla2,4,1,outgoing,0
2026-09-21T11:49:45.645281+00:00,5,r-scylla3,4,0,incoming,0
2026-09-21T11:49:45.645281+00:00,5,r-scylla3,4,0,outgoing,0
2026-09-21T11:49:45.645281+00:00,5,r-scylla3,4,1,incoming,0
2026-09-21T11:49:45.645281+00:00,5,r-scylla3,4,1,outgoing,0
2026-09-21T11:49:45.645281+00:00,5,r-scylla4,4,0,incoming,0
2026-09-21T11:49:45.645281+00:00,5,r-scylla4,4,0,outgoing,0
2026-09-21T11:49:45.645281+00:00,5,r-scylla4,4,1,incoming,0
2026-09-21T11:49:45.645281+00:00,5,r-scylla4,4,1,outgoing,0
2026-09-21T11:49:46.645539+00:00,6,r-scylla1,4,0,incoming,0
2026-09-21T11:49:46.645539+00:00,6,r-scylla1,4,0,outgoing,0
2026-09-21T11:49:46.645539+00:00,6,r-scylla1,4,1,incoming,0
2026-09-21T11:49:46.645539+00:00,6,r-scylla1,4,1,outgoing,0
2026-09-21T11:49:46.645539+00:00,6,r-scylla2,4,0,incoming,0
2026-09-21T11:49:46.645539+00:00,6,r-scylla2,4,0,outgoing,0
2026-09-21T11:49:46.645539+00:00,6,r-scylla2,4,1,incoming,0
2026-09-21T11:49:46.645539+00:00,6,r-scylla2,4,1,outgoing,0
2026-09-21T11:49:46.645539+00:00,6,r-scylla3,4,0,incoming,0
2026-09-21T11:49:46.645539+00:00,6,r-scylla3,4,0,outgoing,0
2026-09-21T11:49:46.645539+00:00,6,r-scylla3,4,1,incoming,0
2026-09-21T11:49:46.645539+00:00,6,r-scylla3,4,1,outgoing,0
2026-09-21T11:49:46.645539+00:00,6,r-scylla4,4,0,incoming,0
2026-09-21T11:49:46.645539+00:00,6,r-scylla4,4,0,outgoing,0
2026-09-21T11:49:46.645539+00:00,6,r-scylla4,4,1,incoming,0
2026-09-21T11:49:46.645539+00:00,6,r-scylla4,4,1,outgoing,0
2026-09-21T11:49:47.645679+00:00,7,r-scylla1,4,0,incoming,0
2026-09-21T11:49:47.645679+00:00,7,r-scylla1,4,0,outgoing,0
2026-09-21T11:49:47.645679+00:00,7,r-scylla1,4,1,incoming,0
2026-09-21T11:49:47.645679+00:00,7,r-scylla1,4,1,outgoing,0
2026-09-21T11:49:47.645679+00:00,7,r-scylla2,4,0,incoming,0
2026-09-21T11:49:47.645679+00:00,7,r-scylla2,4,0,outgoing,0
2026-09-21T11:49:47.645679+00:00,7,r-scylla2,4,1,incoming,0
2026-09-21T11:49:47.645679+00:00,7,r-scylla2,4,1,outgoing,0
2026-09-21T11:49:47.645679+00:00,7,r-scylla3,4,0,incoming,0
2026-09-21T11:49:47.645679+00:00,7,r-scylla3,4,0,outgoing,0
2026-09-21T11:49:47.645679+00:00,7,r-scylla3,4,1,incoming,0
2026-09-21T11:49:47.645679+00:00,7,r-scylla3,4,1,outgoing,0
2026-09-21T11:49:47.645679+00:00,7,r-scylla4,4,0,incoming,0
2026-09-21T11:49:47.645679+00:00,7,r-scylla4,4,0,outgoing,0
2026-09-21T11:49:47.645679+00:00,7,r-scylla4,4,1,incoming,0
2026-09-21T11:49:47.645679+00:00,7,r-scylla4,4,1,outgoing,0
2026-09-21T11:49:48.645961+00:00,8,r-scylla1,4,0,incoming,0
2026-09-21T11:49:48.645961+00:00,8,r-scylla1,4,0,outgoing,0
2026-09-21T11:49:48.645961+00:00,8,r-scylla1,4,1,incoming,0
2026-09-21T11:49:48.645961+00:00,8,r-scylla1,4,1,outgoing,0
2026-09-21T11:49:48.645961+00:00,8,r-scylla2,4,0,incoming,0
2026-09-21T11:49:48.645961+00:00,8,r-scylla2,4,0,outgoing,0
2026-09-21T11:49:48.645961+00:00,8,r-scylla2,4,1,incoming,0
2026-09-21T11:49:48.645961+00:00,8,r-scylla2,4,1,outgoing,0
2026-09-21T11:49:48.645961+00:00,8,r-scylla3,4,0,incoming,0
2026-09-21T11:49:48.645961+00:00,8,r-scylla3,4,0,outgoing,0
2026-09-21T11:49:48.645961+00:00,8,r-scylla3,4,1,incoming,0
2026-09-21T11:49:48.645961+00:00,8,r-scylla3,4,1,outgoing,0
2026-09-21T11:49:48.645961+00:00,8,r-scylla4,4,0,incoming,0
2026-09-21T11:49:48.645961+00:00,8,r-scylla4,4,0,outgoing,0
2026-09-21T11:49:48.645961+00:00,8,r-scylla4,4,1,incoming,0
2026-09-21T11:49:48.645961+00:00,8,r-scylla4,4,1,outgoing,0
2026-09-21T11:49:49.646291+00:00,9,r-scylla1,4,0,incoming,0
2026-09-21T11:49:49.646291+00:00,9,r-scylla1,4,0,outgoing,0
2026-09-21T11:49:49.646291+00:00,9,r-scylla1,4,1,incoming,0
2026-09-21T11:49:49.646291+00:00,9,r-scylla1,4,1,outgoing,0
2026-09-21T11:49:49.646291+00:00,9,r-scylla2,4,0,incoming,0
2026-09-21T11:49:49.646291+00:00,9,r-scylla2,4,0,outgoing,0
2026-09-21T11:49:49.646291+00:00,9,r-scylla2,4,1,incoming,0
2026-09-21T11:49:49.646291+00:00,9,r-scylla2,4,1,outgoing,0
2026-09-21T11:49:49.646291+00:00,9,r-scylla3,4,0,incoming,0
2026-09-21T11:49:49.646291+00:00,9,r-scylla3,4,0,outgoing,0
2026-09-21T11:49:49.646291+00:00,9,r-scylla3,4,1,incoming,0
2026-09-21T11:49:49.646291+00:00,9,r-scylla3,4,1,outgoing,0
2026-09-21T11:49:49.646291+00:00,9,r-scylla4,4,0,incoming,0
2026-09-21T11:49:49.646291+00:00,9,r-scylla4,4,0,outgoing,0
2026-09-21T11:49:49.646291+00:00,9,r-scylla4,4,1,incoming,0
2026-09-21T11:49:49.646291+00:00,9,r-scylla4,4,1,outgoing,0
2026-09-21T11:49:50.646508+00:00,10,r-scylla1,4,0,incoming,0
2026-09-21T11:49:50.646508+00:00,10,r-scylla1,4,0,outgoing,0
2026-09-21T11:49:50.646508+00:00,10,r-scylla1,4,1,incoming,0
2026-09-21T11:49:50.646508+00:00,10,r-scylla1,4,1,outgoing,0
2026-09-21T11:49:50.646508+00:00,10,r-scylla2,4,0,incoming,0
2026-09-21T11:49:50.646508+00:00,10,r-scylla2,4,0,outgoing,0
2026-09-21T11:49:50.646508+00:00,10,r-scylla2,4,1,incoming,0
2026-09-21T11:49:50.646508+00:00,10,r-scylla2,4,1,outgoing,0
2026-09-21T11:49:50.646508+00:00,10,r-scylla3,4,0,incoming,0
2026-09-21T11:49:50.646508+00:00,10,r-scylla3,4,0,outgoing,0
2026-09-21T11:49:50.646508+00:00,10,r-scylla3,4,1,incoming,0
2026-09-21T11:49:50.646508+00:00,10,r-scylla3,4,1,outgoing,0
2026-09-21T11:49:50.646508+00:00,10,r-scylla4,4,0,incoming,0
2026-09-21T11:49:50.646508+00:00,10,r-scylla4,4,0,outgoing,0
2026-09-21T11:49:50.646508+00:00,10,r-scylla4,4,1,incoming,0
2026-09-21T11:49:50.646508+00:00,10,r-scylla4,4,1,outgoing,0
2026-09-21T11:49:51.646808+00:00,11,r-scylla1,4,0,incoming,0
2026-09-21T11:49:51.646808+00:00,11,r-scylla1,4,0,outgoing,0
2026-09-21T11:49:51.646808+00:00,11,r-scylla1,4,1,incoming,0
2026-09-21T11:49:51.646808+00:00,11,r-scylla1,4,1,outgoing,0
2026-09-21T11:49:51.646808+00:00,11,r-scylla2,4,0,incoming,0
2026-09-21T11:49:51.646808+00:00,11,r-scylla2,4,0,outgoing,0
2026-09-21T11:49:51.646808+00:00,11,r-scylla2,4,1,incoming,0
2026-09-21T11:49:51.646808+00:00,11,r-scylla2,4,1,outgoing,0
2026-09-21T11:49:51.646808+00:00,11,r-scylla3,4,0,incoming,0
2026-09-21T11:49:51.646808+00:00,11,r-scylla3,4,0,outgoing,0
2026-09-21T11:49:51.646808+00:00,11,r-scylla3,4,1,incoming,0
2026-09-21T11:49:51.646808+00:00,11,r-scylla3,4,1,outgoing,0
2026-09-21T11:49:51.646808+00:00,11,r-scylla4,4,0,incoming,0
2026-09-21T11:49:51.646808+00:00,11,r-scylla4,4,0,outgoing,0
2026-09-21T11:49:51.646808+00:00,11,r-scylla4,4,1,incoming,0
2026-09-21T11:49:51.646808+00:00,11,r-scylla4,4,1,outgoing,0
2026-09-21T11:49:52.647295+00:00,12,r-scylla1,4,0,incoming,0
2026-09-21T11:49:52.647295+00:00,12,r-scylla1,4,0,outgoing,0
2026-09-21T11:49:52.647295+00:00,12,r-scylla1,4,1,incoming,0
2026-09-21T11:49:52.647295+00:00,12,r-scylla1,4,1,outgoing,0
2026-09-21T11:49:52.647295+00:00,12,r-scylla2,4,0,incoming,0
2026-09-21T11:49:52.647295+00:00,12,r-scylla2,4,0,outgoing,0
2026-09-21T11:49:52.647295+00:00,12,r-scylla2,4,1,incoming,0
2026-09-21T11:49:52.647295+00:00,12,r-scylla2,4,1,outgoing,0
2026-09-21T11:49:52.647295+00:00,12,r-scylla3,4,0,incoming,0
2026-09-21T11:49:52.647295+00:00,12,r-scylla3,4,0,outgoing,0
2026-09-21T11:49:52.647295+00:00,12,r-scylla3,4,1,incoming,0
2026-09-21T11:49:52.647295+00:00,12,r-scylla3,4,1,outgoing,0
2026-09-21T11:49:52.647295+00:00,12,r-scylla4,4,0,incoming,0
2026-09-21T11:49:52.647295+00:00,12,r-scylla4,4,0,outgoing,0
2026-09-21T11:49:52.647295+00:00,12,r-scylla4,4,1,incoming,0
2026-09-21T11:49:52.647295+00:00,12,r-scylla4,4,1,outgoing,0
2026-09-21T11:49:53.647597+00:00,13,r-scylla1,4,0,incoming,0
2026-09-21T11:49:53.647597+00:00,13,r-scylla1,4,0,outgoing,0
2026-09-21T11:49:53.647597+00:00,13,r-scylla1,4,1,incoming,0
2026-09-21T11:49:53.647597+00:00,13,r-scylla1,4,1,outgoing,0
2026-09-21T11:49:53.647597+00:00,13,r-scylla2,4,0,incoming,0
2026-09-21T11:49:53.647597+00:00,13,r-scylla2,4,0,outgoing,0
2026-09-21T11:49:53.647597+00:00,13,r-scylla2,4,1,incoming,0
2026-09-21T11:49:53.647597+00:00,13,r-scylla2,4,1,outgoing,0
2026-09-21T11:49:53.647597+00:00,13,r-scylla3,4,0,incoming,0
2026-09-21T11:49:53.647597+00:00,13,r-scylla3,4,0,outgoing,0
2026-09-21T11:49:53.647597+00:00,13,r-scylla3,4,1,incoming,0
2026-09-21T11:49:53.647597+00:00,13,r-scylla3,4,1,outgoing,0
2026-09-21T11:49:53.647597+00:00,13,r-scylla4,4,0,incoming,0
2026-09-21T11:49:53.647597+00:00,13,r-scylla4,4,0,outgoing,0
2026-09-21T11:49:53.647597+00:00,13,r-scylla4,4,1,incoming,0
2026-09-21T11:49:53.647597+00:00,13,r-scylla4,4,1,outgoing,0
2026-09-21T11:49:54.647798+00:00,14,r-scylla1,4,0,incoming,0
2026-09-21T11:49:54.647798+00:00,14,r-scylla1,4,0,outgoing,0
2026-09-21T11:49:54.647798+00:00,14,r-scylla1,4,1,incoming,0
2026-09-21T11:49:54.647798+00:00,14,r-scylla1,4,1,outgoing,0
2026-09-21T11:49:54.647798+00:00,14,r-scylla2,4,0,incoming,0
2026-09-21T11:49:54.647798+00:00,14,r-scylla2,4,0,outgoing,0
2026-09-21T11:49:54.647798+00:00,14,r-scylla2,4,1,incoming,0
2026-09-21T11:49:54.647798+00:00,14,r-scylla2,4,1,outgoing,0
2026-09-21T11:49:54.647798+00:00,14,r-scylla3,4,0,incoming,0
2026-09-21T11:49:54.647798+00:00,14,r-scylla3,4,0,outgoing,0
2026-09-21T11:49:54.647798+00:00,14,r-scylla3,4,1,incoming,0
2026-09-21T11:49:54.647798+00:00,14,r-scylla3,4,1,outgoing,0
2026-09-21T11:49:54.647798+00:00,14,r-scylla4,4,0,incoming,0
2026-09-21T11:49:54.647798+00:00,14,r-scylla4,4,0,outgoing,0
2026-09-21T11:49:54.647798+00:00,14,r-scylla4,4,1,incoming,0
2026-09-21T11:49:54.647798+00:00,14,r-scylla4,4,1,outgoing,0
2026-09-21T11:49:55.648110+00:00,15,r-scylla1,4,0,incoming,0
2026-09-21T11:49:55.648110+00:00,15,r-scylla1,4,0,outgoing,0
2026-09-21T11:49:55.648110+00:00,15,r-scylla1,4,1,incoming,0
2026-09-21T11:49:55.648110+00:00,15,r-scylla1,4,1,outgoing,0
2026-09-21T11:49:55.648110+00:00,15,r-scylla2,4,0,incoming,0
2026-09-21T11:49:55.648110+00:00,15,r-scylla2,4,0,outgoing,0
2026-09-21T11:49:55.648110+00:00,15,r-scylla2,4,1,incoming,0
2026-09-21T11:49:55.648110+00:00,15,r-scylla2,4,1,outgoing,0
2026-09-21T11:49:55.648110+00:00,15,r-scylla3,4,0,incoming,0
2026-09-21T11:49:55.648110+00:00,15,r-scylla3,4,0,outgoing,0
2026-09-21T11:49:55.648110+00:00,15,r-scylla3,4,1,incoming,0
2026-09-21T11:49:55.648110+00:00,15,r-scylla3,4,1,outgoing,0
2026-09-21T11:49:55.648110+00:00,15,r-scylla4,4,0,incoming,0
2026-09-21T11:49:55.648110+00:00,15,r-scylla4,4,0,outgoing,0
2026-09-21T11:49:55.648110+00:00,15,r-scylla4,4,1,incoming,0
2026-09-21T11:49:55.648110+00:00,15,r-scylla4,4,1,outgoing,0
2026-09-21T11:49:56.648411+00:00,16,r-scylla1,4,0,incoming,0
2026-09-21T11:49:56.648411+00:00,16,r-scylla1,4,0,outgoing,0
2026-09-21T11:49:56.648411+00:00,16,r-scylla1,4,1,incoming,0
2026-09-21T11:49:56.648411+00:00,16,r-scylla1,4,1,outgoing,0
2026-09-21T11:49:56.648411+00:00,16,r-scylla2,4,0,incoming,0
2026-09-21T11:49:56.648411+00:00,16,r-scylla2,4,0,outgoing,0
2026-09-21T11:49:56.648411+00:00,16,r-scylla2,4,1,incoming,0
2026-09-21T11:49:56.648411+00:00,16,r-scylla2,4,1,outgoing,0
2026-09-21T11:49:56.648411+00:00,16,r-scylla3,4,0,incoming,0
2026-09-21T11:49:56.648411+00:00,16,r-scylla3,4,0,outgoing,0
2026-09-21T11:49:56.648411+00:00,16,r-scylla3,4,1,incoming,0
2026-09-21T11:49:56.648411+00:00,16,r-scylla3,4,1,outgoing,0
2026-09-21T11:49:56.648411+00:00,16,r-scylla4,4,0,incoming,0
2026-09-21T11:49:56.648411+00:00,16,r-scylla4,4,0,outgoing,0
2026-09-21T11:49:56.648411+00:00,16,r-scylla4,4,1,incoming,0
2026-09-21T11:49:56.648411+00:00,16,r-scylla4,4,1,outgoing,0
2026-09-21T11:49:57.648608+00:00,17,r-scylla1,4,0,incoming,0
2026-09-21T11:49:57.648608+00:00,17,r-scylla1,4,0,outgoing,0
2026-09-21T11:49:57.648608+00:00,17,r-scylla1,4,1,incoming,0
2026-09-21T11:49:57.648608+00:00,17,r-scylla1,4,1,outgoing,0
2026-09-21T11:49:57.648608+00:00,17,r-scylla2,4,0,incoming,0
2026-09-21T11:49:57.648608+00:00,17,r-scylla2,4,0,outgoing,0
2026-09-21T11:49:57.648608+00:00,17,r-scylla2,4,1,incoming,0
2026-09-21T11:49:57.648608+00:00,17,r-scylla2,4,1,outgoing,0
2026-09-21T11:49:57.648608+00:00,17,r-scylla3,4,0,incoming,0
2026-09-21T11:49:57.648608+00:00,17,r-scylla3,4,0,outgoing,0
2026-09-21T11:49:57.648608+00:00,17,r-scylla3,4,1,incoming,0
2026-09-21T11:49:57.648608+00:00,17,r-scylla3,4,1,outgoing,0
2026-09-21T11:49:57.648608+00:00,17,r-scylla4,4,0,incoming,0
2026-09-21T11:49:57.648608+00:00,17,r-scylla4,4,0,outgoing,0
2026-09-21T11:49:57.648608+00:00,17,r-scylla4,4,1,incoming,0
2026-09-21T11:49:57.648608+00:00,17,r-scylla4,4,1,outgoing,0
2026-09-21T11:49:58.648878+00:00,18,r-scylla1,4,0,incoming,0
2026-09-21T11:49:58.648878+00:00,18,r-scylla1,4,0,outgoing,0
2026-09-21T11:49:58.648878+00:00,18,r-scylla1,4,1,incoming,0
2026-09-21T11:49:58.648878+00:00,18,r-scylla1,4,1,outgoing,0
2026-09-21T11:49:58.648878+00:00,18,r-scylla2,4,0,incoming,0
2026-09-21T11:49:58.648878+00:00,18,r-scylla2,4,0,outgoing,0
2026-09-21T11:49:58.648878+00:00,18,r-scylla2,4,1,incoming,0
2026-09-21T11:49:58.648878+00:00,18,r-scylla2,4,1,outgoing,0
2026-09-21T11:49:58.648878+00:00,18,r-scylla3,4,0,incoming,0
2026-09-21T11:49:58.648878+00:00,18,r-scylla3,4,0,outgoing,0
2026-09-21T11:49:58.648878+00:00,18,r-scylla3,4,1,incoming,0
2026-09-21T11:49:58.648878+00:00,18,r-scylla3,4,1,outgoing,0
2026-09-21T11:49:58.648878+00:00,18,r-scylla4,4,0,incoming,0
2026-09-21T11:49:58.648878+00:00,18,r-scylla4,4,0,outgoing,0
2026-09-21T11:49:58.648878+00:00,18,r-scylla4,4,1,incoming,0
2026-09-21T11:49:58.648878+00:00,18,r-scylla4,4,1,outgoing,0
2026-09-21T11:49:59.649089+00:00,19,r-scylla1,4,0,incoming,0
2026-09-21T11:49:59.649089+00:00,19,r-scylla1,4,0,outgoing,0
2026-09-21T11:49:59.649089+00:00,19,r-scylla1,4,1,incoming,0
2026-09-21T11:49:59.649089+00:00,19,r-scylla1,4,1,outgoing,0
2026-09-21T11:49:59.649089+00:00,19,r-scylla2,4,0,incoming,0
2026-09-21T11:49:59.649089+00:00,19,r-scylla2,4,0,outgoing,0
2026-09-21T11:49:59.649089+00:00,19,r-scylla2,4,1,incoming,0
2026-09-21T11:49:59.649089+00:00,19,r-scylla2,4,1,outgoing,0
2026-09-21T11:49:59.649089+00:00,19,r-scylla3,4,0,incoming,0
2026-09-21T11:49:59.649089+00:00,19,r-scylla3,4,0,outgoing,0
2026-09-21T11:49:59.649089+00:00,19,r-scylla3,4,1,incoming,0
2026-09-21T11:49:59.649089+00:00,19,r-scylla3,4,1,outgoing,0
2026-09-21T11:49:59.649089+00:00,19,r-scylla4,4,0,incoming,0
2026-09-21T11:49:59.649089+00:00,19,r-scylla4,4,0,outgoing,0
2026-09-21T11:49:59.649089+00:00,19,r-scylla4,4,1,incoming,0
2026-09-21T11:49:59.649089+00:00,19,r-scylla4,4,1,outgoing,0
2026-09-21T11:50:00.646125+00:00,20,r-scylla1,4,0,incoming,0
2026-09-21T11:50:00.646125+00:00,20,r-scylla1,4,0,outgoing,0
2026-09-21T11:50:00.646125+00:00,20,r-scylla1,4,1,incoming,0
2026-09-21T11:50:00.646125+00:00,20,r-scylla1,4,1,outgoing,0
2026-09-21T11:50:00.646125+00:00,20,r-scylla2,4,0,incoming,0
2026-09-21T11:50:00.646125+00:00,20,r-scylla2,4,0,outgoing,0
2026-09-21T11:50:00.646125+00:00,20,r-scylla2,4,1,incoming,0
2026-09-21T11:50:00.646125+00:00,20,r-scylla2,4,1,outgoing,0
2026-09-21T11:50:00.646125+00:00,20,r-scylla3,4,0,incoming,0
2026-09-21T11:50:00.646125+00:00,20,r-scylla3,4,0,outgoing,0
2026-09-21T11:50:00.646125+00:00,20,r-scylla3,4,1,incoming,0
2026-09-21T11:50:00.646125+00:00,20,r-scylla3,4,1,outgoing,0
2026-09-21T11:50:00.646125+00:00,20,r-scylla4,4,0,incoming,0
2026-09-21T11:50:00.646125+00:00,20,r-scylla4,4,0,outgoing,0
2026-09-21T11:50:00.646125+00:00,20,r-scylla4,4,1,incoming,0
2026-09-21T11:50:00.646125+00:00,20,r-scylla4,4,1,outgoing,0
2026-09-21T11:50:01.646447+00:00,21,r-scylla1,4,0,incoming,0
2026-09-21T11:50:01.646447+00:00,21,r-scylla1,4,0,outgoing,0
2026-09-21T11:50:01.646447+00:00,21,r-scylla1,4,1,incoming,0
2026-09-21T11:50:01.646447+00:00,21,r-scylla1,4,1,outgoing,0
2026-09-21T11:50:01.646447+00:00,21,r-scylla2,4,0,incoming,0
2026-09-21T11:50:01.646447+00:00,21,r-scylla2,4,0,outgoing,0
2026-09-21T11:50:01.646447+00:00,21,r-scylla2,4,1,incoming,0
2026-09-21T11:50:01.646447+00:00,21,r-scylla2,4,1,outgoing,0
2026-09-21T11:50:01.646447+00:00,21,r-scylla3,4,0,incoming,0
2026-09-21T11:50:01.646447+00:00,21,r-scylla3,4,0,outgoing,0
2026-09-21T11:50:01.646447+00:00,21,r-scylla3,4,1,incoming,0
2026-09-21T11:50:01.646447+00:00,21,r-scylla3,4,1,outgoing,0
2026-09-21T11:50:01.646447+00:00,21,r-scylla4,4,0,incoming,0
2026-09-21T11:50:01.646447+00:00,21,r-scylla4,4,0,outgoing,0
2026-09-21T11:50:01.646447+00:00,21,r-scylla4,4,1,incoming,0
2026-09-21T11:50:01.646447+00:00,21,r-scylla4,4,1,outgoing,0
2026-09-21T11:50:02.646551+00:00,22,r-scylla1,4,0,incoming,0
2026-09-21T11:50:02.646551+00:00,22,r-scylla1,4,0,outgoing,0
2026-09-21T11:50:02.646551+00:00,22,r-scylla1,4,1,incoming,0
2026-09-21T11:50:02.646551+00:00,22,r-scylla1,4,1,outgoing,0
2026-09-21T11:50:02.646551+00:00,22,r-scylla2,4,0,incoming,0
2026-09-21T11:50:02.646551+00:00,22,r-scylla2,4,0,outgoing,0
2026-09-21T11:50:02.646551+00:00,22,r-scylla2,4,1,incoming,0
2026-09-21T11:50:02.646551+00:00,22,r-scylla2,4,1,outgoing,0
2026-09-21T11:50:02.646551+00:00,22,r-scylla3,4,0,incoming,0
2026-09-21T11:50:02.646551+00:00,22,r-scylla3,4,0,outgoing,0
2026-09-21T11:50:02.646551+00:00,22,r-scylla3,4,1,incoming,0
2026-09-21T11:50:02.646551+00:00,22,r-scylla3,4,1,outgoing,0
2026-09-21T11:50:02.646551+00:00,22,r-scylla4,4,0,incoming,0
2026-09-21T11:50:02.646551+00:00,22,r-scylla4,4,0,outgoing,0
2026-09-21T11:50:02.646551+00:00,22,r-scylla4,4,1,incoming,0
2026-09-21T11:50:02.646551+00:00,22,r-scylla4,4,1,outgoing,0
2026-09-21T11:50:03.646846+00:00,23,r-scylla1,4,0,incoming,0
2026-09-21T11:50:03.646846+00:00,23,r-scylla1,4,0,outgoing,0
2026-09-21T11:50:03.646846+00:00,23,r-scylla1,4,1,incoming,0
2026-09-21T11:50:03.646846+00:00,23,r-scylla1,4,1,outgoing,0
2026-09-21T11:50:03.646846+00:00,23,r-scylla2,4,0,incoming,0
2026-09-21T11:50:03.646846+00:00,23,r-scylla2,4,0,outgoing,0
2026-09-21T11:50:03.646846+00:00,23,r-scylla2,4,1,incoming,0
2026-09-21T11:50:03.646846+00:00,23,r-scylla2,4,1,outgoing,0
2026-09-21T11:50:03.646846+00:00,23,r-scylla3,4,0,incoming,0
2026-09-21T11:50:03.646846+00:00,23,r-scylla3,4,0,outgoing,0
2026-09-21T11:50:03.646846+00:00,23,r-scylla3,4,1,incoming,0
2026-09-21T11:50:03.646846+00:00,23,r-scylla3,4,1,outgoing,0
2026-09-21T11:50:03.646846+00:00,23,r-scylla4,4,0,incoming,0
2026-09-21T11:50:03.646846+00:00,23,r-scylla4,4,0,outgoing,0
2026-09-21T11:50:03.646846+00:00,23,r-scylla4,4,1,incoming,0
2026-09-21T11:50:03.646846+00:00,23,r-scylla4,4,1,outgoing,0
2026-09-21T11:50:04.646959+00:00,24,r-scylla1,4,0,incoming,0
2026-09-21T11:50:04.646959+00:00,24,r-scylla1,4,0,outgoing,0
2026-09-21T11:50:04.646959+00:00,24,r-scylla1,4,1,incoming,0
2026-09-21T11:50:04.646959+00:00,24,r-scylla1,4,1,outgoing,0
2026-09-21T11:50:04.646959+00:00,24,r-scylla2,4,0,incoming,0
2026-09-21T11:50:04.646959+00:00,24,r-scylla2,4,0,outgoing,0
2026-09-21T11:50:04.646959+00:00,24,r-scylla2,4,1,incoming,0
2026-09-21T11:50:04.646959+00:00,24,r-scylla2,4,1,outgoing,0
2026-09-21T11:50:04.646959+00:00,24,r-scylla3,4,0,incoming,0
2026-09-21T11:50:04.646959+00:00,24,r-scylla3,4,0,outgoing,0
2026-09-21T11:50:04.646959+00:00,24,r-scylla3,4,1,incoming,0
2026-09-21T11:50:04.646959+00:00,24,r-scylla3,4,1,outgoing,0
2026-09-21T11:50:04.646959+00:00,24,r-scylla4,4,0,incoming,0
2026-09-21T11:50:04.646959+00:00,24,r-scylla4,4,0,outgoing,0
2026-09-21T11:50:04.646959+00:00,24,r-scylla4,4,1,incoming,0
2026-09-21T11:50:04.646959+00:00,24,r-scylla4,4,1,outgoing,0
2026-09-21T11:50:05.647076+00:00,25,r-scylla1,4,0,incoming,0
2026-09-21T11:50:05.647076+00:00,25,r-scylla1,4,0,outgoing,0
2026-09-21T11:50:05.647076+00:00,25,r-scylla1,4,1,incoming,0
2026-09-21T11:50:05.647076+00:00,25,r-scylla1,4,1,outgoing,0
2026-09-21T11:50:05.647076+00:00,25,r-scylla2,4,0,incoming,0
2026-09-21T11:50:05.647076+00:00,25,r-scylla2,4,0,outgoing,0
2026-09-21T11:50:05.647076+00:00,25,r-scylla2,4,1,incoming,0
2026-09-21T11:50:05.647076+00:00,25,r-scylla2,4,1,outgoing,0
2026-09-21T11:50:05.647076+00:00,25,r-scylla3,4,0,incoming,0
2026-09-21T11:50:05.647076+00:00,25,r-scylla3,4,0,outgoing,0
2026-09-21T11:50:05.647076+00:00,25,r-scylla3,4,1,incoming,0
2026-09-21T11:50:05.647076+00:00,25,r-scylla3,4,1,outgoing,0
2026-09-21T11:50:05.647076+00:00,25,r-scylla4,4,0,incoming,0
2026-09-21T11:50:05.647076+00:00,25,r-scylla4,4,0,outgoing,0
2026-09-21T11:50:05.647076+00:00,25,r-scylla4,4,1,incoming,0
2026-09-21T11:50:05.647076+00:00,25,r-scylla4,4,1,outgoing,0
2026-09-21T11:50:06.647458+00:00,26,r-scylla1,4,0,incoming,0
2026-09-21T11:50:06.647458+00:00,26,r-scylla1,4,0,outgoing,0
2026-09-21T11:50:06.647458+00:00,26,r-scylla1,4,1,incoming,0
2026-09-21T11:50:06.647458+00:00,26,r-scylla1,4,1,outgoing,0
2026-09-21T11:50:06.647458+00:00,26,r-scylla2,4,0,incoming,0
2026-09-21T11:50:06.647458+00:00,26,r-scylla2,4,0,outgoing,0
2026-09-21T11:50:06.647458+00:00,26,r-scylla2,4,1,incoming,0
2026-09-21T11:50:06.647458+00:00,26,r-scylla2,4,1,outgoing,0
2026-09-21T11:50:06.647458+00:00,26,r-scylla3,4,0,incoming,0
2026-09-21T11:50:06.647458+00:00,26,r-scylla3,4,0,outgoing,0
2026-09-21T11:50:06.647458+00:00,26,r-scylla3,4,1,incoming,0
2026-09-21T11:50:06.647458+00:00,26,r-scylla3,4,1,outgoing,0
2026-09-21T11:50:06.647458+00:00,26,r-scylla4,4,0,incoming,0
2026-09-21T11:50:06.647458+00:00,26,r-scylla4,4,0,outgoing,0
2026-09-21T11:50:06.647458+00:00,26,r-scylla4,4,1,incoming,0
2026-09-21T11:50:06.647458+00:00,26,r-scylla4,4,1,outgoing,0
2026-09-21T11:50:07.647747+00:00,27,r-scylla1,4,0,incoming,0
2026-09-21T11:50:07.647747+00:00,27,r-scylla1,4,0,outgoing,0
2026-09-21T11:50:07.647747+00:00,27,r-scylla1,4,1,incoming,0
2026-09-21T11:50:07.647747+00:00,27,r-scylla1,4,1,outgoing,0
2026-09-21T11:50:07.647747+00:00,27,r-scylla2,4,0,incoming,0
2026-09-21T11:50:07.647747+00:00,27,r-scylla2,4,0,outgoing,0
2026-09-21T11:50:07.647747+00:00,27,r-scylla2,4,1,incoming,0
2026-09-21T11:50:07.647747+00:00,27,r-scylla2,4,1,outgoing,0
2026-09-21T11:50:07.647747+00:00,27,r-scylla3,4,0,incoming,0
2026-09-21T11:50:07.647747+00:00,27,r-scylla3,4,0,outgoing,0
2026-09-21T11:50:07.647747+00:00,27,r-scylla3,4,1,incoming,0
2026-09-21T11:50:07.647747+00:00,27,r-scylla3,4,1,outgoing,0
2026-09-21T11:50:07.647747+00:00,27,r-scylla4,4,0,incoming,0
2026-09-21T11:50:07.647747+00:00,27,r-scylla4,4,0,outgoing,0
2026-09-21T11:50:07.647747+00:00,27,r-scylla4,4,1,incoming,0
2026-09-21T11:50:07.647747+00:00,27,r-scylla4,4,1,outgoing,0
2026-09-21T11:50:08.647861+00:00,28,r-scylla1,4,0,incoming,0
2026-09-21T11:50:08.647861+00:00,28,r-scylla1,4,0,outgoing,0
2026-09-21T11:50:08.647861+00:00,28,r-scylla1,4,1,incoming,0
2026-09-21T11:50:08.647861+00:00,28,r-scylla1,4,1,outgoing,0
2026-09-21T11:50:08.647861+00:00,28,r-scylla2,4,0,incoming,0
2026-09-21T11:50:08.647861+00:00,28,r-scylla2,4,0,outgoing,0
2026-09-21T11:50:08.647861+00:00,28,r-scylla2,4,1,incoming,0
2026-09-21T11:50:08.647861+00:00,28,r-scylla2,4,1,outgoing,0
2026-09-21T11:50:08.647861+00:00,28,r-scylla3,4,0,incoming,0
2026-09-21T11:50:08.647861+00:00,28,r-scylla3,4,0,outgoing,0
2026-09-21T11:50:08.647861+00:00,28,r-scylla3,4,1,incoming,0
2026-09-21T11:50:08.647861+00:00,28,r-scylla3,4,1,outgoing,0
2026-09-21T11:50:08.647861+00:00,28,r-scylla4,4,0,incoming,0
2026-09-21T11:50:08.647861+00:00,28,r-scylla4,4,0,outgoing,0
2026-09-21T11:50:08.647861+00:00,28,r-scylla4,4,1,incoming,0
2026-09-21T11:50:08.647861+00:00,28,r-scylla4,4,1,outgoing,0
2026-09-21T11:50:09.648213+00:00,29,r-scylla1,4,0,incoming,0
2026-09-21T11:50:09.648213+00:00,29,r-scylla1,4,0,outgoing,0
2026-09-21T11:50:09.648213+00:00,29,r-scylla1,4,1,incoming,0
2026-09-21T11:50:09.648213+00:00,29,r-scylla1,4,1,outgoing,0
2026-09-21T11:50:09.648213+00:00,29,r-scylla2,4,0,incoming,0
2026-09-21T11:50:09.648213+00:00,29,r-scylla2,4,0,outgoing,0
2026-09-21T11:50:09.648213+00:00,29,r-scylla2,4,1,incoming,0
2026-09-21T11:50:09.648213+00:00,29,r-scylla2,4,1,outgoing,0
2026-09-21T11:50:09.648213+00:00,29,r-scylla3,4,0,incoming,0
2026-09-21T11:50:09.648213+00:00,29,r-scylla3,4,0,outgoing,0
2026-09-21T11:50:09.648213+00:00,29,r-scylla3,4,1,incoming,0
2026-09-21T11:50:09.648213+00:00,29,r-scylla3,4,1,outgoing,0
2026-09-21T11:50:09.648213+00:00,29,r-scylla4,4,0,incoming,0
2026-09-21T11:50:09.648213+00:00,29,r-scylla4,4,0,outgoing,0
2026-09-21T11:50:09.648213+00:00,29,r-scylla4,4,1,incoming,0
2026-09-21T11:50:09.648213+00:00,29,r-scylla4,4,1,outgoing,0
2026-09-21T11:50:10.648556+00:00,30,r-scylla1,4,0,incoming,0
2026-09-21T11:50:10.648556+00:00,30,r-scylla1,4,0,outgoing,0
2026-09-21T11:50:10.648556+00:00,30,r-scylla1,4,1,incoming,0
2026-09-21T11:50:10.648556+00:00,30,r-scylla1,4,1,outgoing,0
2026-09-21T11:50:10.648556+00:00,30,r-scylla2,4,0,incoming,0
2026-09-21T11:50:10.648556+00:00,30,r-scylla2,4,0,outgoing,0
2026-09-21T11:50:10.648556+00:00,30,r-scylla2,4,1,incoming,0
2026-09-21T11:50:10.648556+00:00,30,r-scylla2,4,1,outgoing,0
2026-09-21T11:50:10.648556+00:00,30,r-scylla3,4,0,incoming,0
2026-09-21T11:50:10.648556+00:00,30,r-scylla3,4,0,outgoing,0
2026-09-21T11:50:10.648556+00:00,30,r-scylla3,4,1,incoming,0
2026-09-21T11:50:10.648556+00:00,30,r-scylla3,4,1,outgoing,0
2026-09-21T11:50:10.648556+00:00,30,r-scylla4,4,0,incoming,0
2026-09-21T11:50:10.648556+00:00,30,r-scylla4,4,0,outgoing,0
2026-09-21T11:50:10.648556+00:00,30,r-scylla4,4,1,incoming,0
2026-09-21T11:50:10.648556+00:00,30,r-scylla4,4,1,outgoing,0
2026-09-21T11:50:11.648805+00:00,31,r-scylla1,4,0,incoming,0
2026-09-21T11:50:11.648805+00:00,31,r-scylla1,4,0,outgoing,0
2026-09-21T11:50:11.648805+00:00,31,r-scylla1,4,1,incoming,0
2026-09-21T11:50:11.648805+00:00,31,r-scylla1,4,1,outgoing,0
2026-09-21T11:50:11.648805+00:00,31,r-scylla2,4,0,incoming,0
2026-09-21T11:50:11.648805+00:00,31,r-scylla2,4,0,outgoing,0
2026-09-21T11:50:11.648805+00:00,31,r-scylla2,4,1,incoming,0
2026-09-21T11:50:11.648805+00:00,31,r-scylla2,4,1,outgoing,0
2026-09-21T11:50:11.648805+00:00,31,r-scylla3,4,0,incoming,0
2026-09-21T11:50:11.648805+00:00,31,r-scylla3,4,0,outgoing,0
2026-09-21T11:50:11.648805+00:00,31,r-scylla3,4,1,incoming,0
2026-09-21T11:50:11.648805+00:00,31,r-scylla3,4,1,outgoing,0
2026-09-21T11:50:11.648805+00:00,31,r-scylla4,4,0,incoming,0
2026-09-21T11:50:11.648805+00:00,31,r-scylla4,4,0,outgoing,0
2026-09-21T11:50:11.648805+00:00,31,r-scylla4,4,1,incoming,0
2026-09-21T11:50:11.648805+00:00,31,r-scylla4,4,1,outgoing,0
2026-09-21T11:50:12.648997+00:00,32,r-scylla1,4,0,incoming,0
2026-09-21T11:50:12.648997+00:00,32,r-scylla1,4,0,outgoing,0
2026-09-21T11:50:12.648997+00:00,32,r-scylla1,4,1,incoming,0
2026-09-21T11:50:12.648997+00:00,32,r-scylla1,4,1,outgoing,0
2026-09-21T11:50:12.648997+00:00,32,r-scylla2,4,0,incoming,0
2026-09-21T11:50:12.648997+00:00,32,r-scylla2,4,0,outgoing,0
2026-09-21T11:50:12.648997+00:00,32,r-scylla2,4,1,incoming,0
2026-09-21T11:50:12.648997+00:00,32,r-scylla2,4,1,outgoing,0
2026-09-21T11:50:12.648997+00:00,32,r-scylla3,4,0,incoming,0
2026-09-21T11:50:12.648997+00:00,32,r-scylla3,4,0,outgoing,0
2026-09-21T11:50:12.648997+00:00,32,r-scylla3,4,1,incoming,0
2026-09-21T11:50:12.648997+00:00,32,r-scylla3,4,1,outgoing,0
2026-09-21T11:50:12.648997+00:00,32,r-scylla4,4,0,incoming,0
2026-09-21T11:50:12.648997+00:00,32,r-scylla4,4,0,outgoing,0
2026-09-21T11:50:12.648997+00:00,32,r-scylla4,4,1,incoming,0
2026-09-21T11:50:12.648997+00:00,32,r-scylla4,4,1,outgoing,0
2026-09-21T11:50:13.649198+00:00,33,r-scylla1,4,0,incoming,0
2026-09-21T11:50:13.649198+00:00,33,r-scylla1,4,0,outgoing,0
2026-09-21T11:50:13.649198+00:00,33,r-scylla1,4,1,incoming,0
2026-09-21T11:50:13.649198+00:00,33,r-scylla1,4,1,outgoing,0
2026-09-21T11:50:13.649198+00:00,33,r-scylla2,4,0,incoming,0
2026-09-21T11:50:13.649198+00:00,33,r-scylla2,4,0,outgoing,0
2026-09-21T11:50:13.649198+00:00,33,r-scylla2,4,1,incoming,0
2026-09-21T11:50:13.649198+00:00,33,r-scylla2,4,1,outgoing,0
2026-09-21T11:50:13.649198+00:00,33,r-scylla3,4,0,incoming,0
2026-09-21T11:50:13.649198+00:00,33,r-scylla3,4,0,outgoing,0
2026-09-21T11:50:13.649198+00:00,33,r-scylla3,4,1,incoming,0
2026-09-21T11:50:13.649198+00:00,33,r-scylla3,4,1,outgoing,0
2026-09-21T11:50:13.649198+00:00,33,r-scylla4,4,0,incoming,0
2026-09-21T11:50:13.649198+00:00,33,r-scylla4,4,0,outgoing,0
2026-09-21T11:50:13.649198+00:00,33,r-scylla4,4,1,incoming,0
2026-09-21T11:50:13.649198+00:00,33,r-scylla4,4,1,outgoing,0
2026-09-21T11:50:14.649557+00:00,34,r-scylla1,4,0,incoming,0
2026-09-21T11:50:14.649557+00:00,34,r-scylla1,4,0,outgoing,0
2026-09-21T11:50:14.649557+00:00,34,r-scylla1,4,1,incoming,0
2026-09-21T11:50:14.649557+00:00,34,r-scylla1,4,1,outgoing,0
2026-09-21T11:50:14.649557+00:00,34,r-scylla2,4,0,incoming,0
2026-09-21T11:50:14.649557+00:00,34,r-scylla2,4,0,outgoing,0
2026-09-21T11:50:14.649557+00:00,34,r-scylla2,4,1,incoming,0
2026-09-21T11:50:14.649557+00:00,34,r-scylla2,4,1,outgoing,0
2026-09-21T11:50:14.649557+00:00,34,r-scylla3,4,0,incoming,0
2026-09-21T11:50:14.649557+00:00,34,r-scylla3,4,0,outgoing,0
2026-09-21T11:50:14.649557+00:00,34,r-scylla3,4,1,incoming,0
2026-09-21T11:50:14.649557+00:00,34,r-scylla3,4,1,outgoing,0
2026-09-21T11:50:14.649557+00:00,34,r-scylla4,4,0,incoming,0
2026-09-21T11:50:14.649557+00:00,34,r-scylla4,4,0,outgoing,0
2026-09-21T11:50:14.649557+00:00,34,r-scylla4,4,1,incoming,0
2026-09-21T11:50:14.649557+00:00,34,r-scylla4,4,1,outgoing,0
2026-09-21T11:50:15.649943+00:00,35,r-scylla1,4,0,incoming,0
2026-09-21T11:50:15.649943+00:00,35,r-scylla1,4,0,outgoing,0
2026-09-21T11:50:15.649943+00:00,35,r-scylla1,4,1,incoming,0
2026-09-21T11:50:15.649943+00:00,35,r-scylla1,4,1,outgoing,0
2026-09-21T11:50:15.649943+00:00,35,r-scylla2,4,0,incoming,0
2026-09-21T11:50:15.649943+00:00,35,r-scylla2,4,0,outgoing,0
2026-09-21T11:50:15.649943+00:00,35,r-scylla2,4,1,incoming,0
2026-09-21T11:50:15.649943+00:00,35,r-scylla2,4,1,outgoing,0
2026-09-21T11:50:15.649943+00:00,35,r-scylla3,4,0,incoming,0
2026-09-21T11:50:15.649943+00:00,35,r-scylla3,4,0,outgoing,0
2026-09-21T11:50:15.649943+00:00,35,r-scylla3,4,1,incoming,0
2026-09-21T11:50:15.649943+00:00,35,r-scylla3,4,1,outgoing,0
2026-09-21T11:50:15.649943+00:00,35,r-scylla4,4,0,incoming,0
2026-09-21T11:50:15.649943+00:00,35,r-scylla4,4,0,outgoing,0
2026-09-21T11:50:15.649943+00:00,35,r-scylla4,4,1,incoming,0
2026-09-21T11:50:15.649943+00:00,35,r-scylla4,4,1,outgoing,0
2026-09-21T11:50:16.650068+00:00,36,r-scylla1,4,0,incoming,0
2026-09-21T11:50:16.650068+00:00,36,r-scylla1,4,0,outgoing,0
2026-09-21T11:50:16.650068+00:00,36,r-scylla1,4,1,incoming,0
2026-09-21T11:50:16.650068+00:00,36,r-scylla1,4,1,outgoing,0
2026-09-21T11:50:16.650068+00:00,36,r-scylla2,4,0,incoming,0
2026-09-21T11:50:16.650068+00:00,36,r-scylla2,4,0,outgoing,0
2026-09-21T11:50:16.650068+00:00,36,r-scylla2,4,1,incoming,0
2026-09-21T11:50:16.650068+00:00,36,r-scylla2,4,1,outgoing,0
2026-09-21T11:50:16.650068+00:00,36,r-scylla3,4,0,incoming,0
2026-09-21T11:50:16.650068+00:00,36,r-scylla3,4,0,outgoing,0
2026-09-21T11:50:16.650068+00:00,36,r-scylla3,4,1,incoming,0
2026-09-21T11:50:16.650068+00:00,36,r-scylla3,4,1,outgoing,0
2026-09-21T11:50:16.650068+00:00,36,r-scylla4,4,0,incoming,0
2026-09-21T11:50:16.650068+00:00,36,r-scylla4,4,0,outgoing,0
2026-09-21T11:50:16.650068+00:00,36,r-scylla4,4,1,incoming,0
2026-09-21T11:50:16.650068+00:00,36,r-scylla4,4,1,outgoing,0
2026-09-21T11:50:17.650270+00:00,37,r-scylla1,4,0,incoming,0
2026-09-21T11:50:17.650270+00:00,37,r-scylla1,4,0,outgoing,0
2026-09-21T11:50:17.650270+00:00,37,r-scylla1,4,1,incoming,0
2026-09-21T11:50:17.650270+00:00,37,r-scylla1,4,1,outgoing,0
2026-09-21T11:50:17.650270+00:00,37,r-scylla2,4,0,incoming,0
2026-09-21T11:50:17.650270+00:00,37,r-scylla2,4,0,outgoing,0
2026-09-21T11:50:17.650270+00:00,37,r-scylla2,4,1,incoming,0
2026-09-21T11:50:17.650270+00:00,37,r-scylla2,4,1,outgoing,0
2026-09-21T11:50:17.650270+00:00,37,r-scylla3,4,0,incoming,0
2026-09-21T11:50:17.650270+00:00,37,r-scylla3,4,0,outgoing,0
2026-09-21T11:50:17.650270+00:00,37,r-scylla3,4,1,incoming,0
2026-09-21T11:50:17.650270+00:00,37,r-scylla3,4,1,outgoing,0
2026-09-21T11:50:17.650270+00:00,37,r-scylla4,4,0,incoming,0
2026-09-21T11:50:17.650270+00:00,37,r-scylla4,4,0,outgoing,0
2026-09-21T11:50:17.650270+00:00,37,r-scylla4,4,1,incoming,0
2026-09-21T11:50:17.650270+00:00,37,r-scylla4,4,1,outgoing,0
2026-09-21T11:50:18.650684+00:00,38,r-scylla1,4,0,incoming,0
2026-09-21T11:50:18.650684+00:00,38,r-scylla1,4,0,outgoing,0
2026-09-21T11:50:18.650684+00:00,38,r-scylla1,4,1,incoming,0
2026-09-21T11:50:18.650684+00:00,38,r-scylla1,4,1,outgoing,0
2026-09-21T11:50:18.650684+00:00,38,r-scylla2,4,0,incoming,0
2026-09-21T11:50:18.650684+00:00,38,r-scylla2,4,0,outgoing,0
2026-09-21T11:50:18.650684+00:00,38,r-scylla2,4,1,incoming,0
2026-09-21T11:50:18.650684+00:00,38,r-scylla2,4,1,outgoing,0
2026-09-21T11:50:18.650684+00:00,38,r-scylla3,4,0,incoming,0
2026-09-21T11:50:18.650684+00:00,38,r-scylla3,4,0,outgoing,0
2026-09-21T11:50:18.650684+00:00,38,r-scylla3,4,1,incoming,0
2026-09-21T11:50:18.650684+00:00,38,r-scylla3,4,1,outgoing,0
2026-09-21T11:50:18.650684+00:00,38,r-scylla4,4,0,incoming,0
2026-09-21T11:50:18.650684+00:00,38,r-scylla4,4,0,outgoing,0
2026-09-21T11:50:18.650684+00:00,38,r-scylla4,4,1,incoming,0
2026-09-21T11:50:18.650684+00:00,38,r-scylla4,4,1,outgoing,0
2026-09-21T11:50:19.651000+00:00,39,r-scylla1,4,0,incoming,0
2026-09-21T11:50:19.651000+00:00,39,r-scylla1,4,0,outgoing,0
2026-09-21T11:50:19.651000+00:00,39,r-scylla1,4,1,incoming,0
2026-09-21T11:50:19.651000+00:00,39,r-scylla1,4,1,outgoing,0
2026-09-21T11:50:19.651000+00:00,39,r-scylla2,4,0,incoming,0
2026-09-21T11:50:19.651000+00:00,39,r-scylla2,4,0,outgoing,0
2026-09-21T11:50:19.651000+00:00,39,r-scylla2,4,1,incoming,0
2026-09-21T11:50:19.651000+00:00,39,r-scylla2,4,1,outgoing,0
2026-09-21T11:50:19.651000+00:00,39,r-scylla3,4,0,incoming,0
2026-09-21T11:50:19.651000+00:00,39,r-scylla3,4,0,outgoing,0
2026-09-21T11:50:19.651000+00:00,39,r-scylla3,4,1,incoming,0
2026-09-21T11:50:19.651000+00:00,39,r-scylla3,4,1,outgoing,0
2026-09-21T11:50:19.651000+00:00,39,r-scylla4,4,0,incoming,0
2026-09-21T11:50:19.651000+00:00,39,r-scylla4,4,0,outgoing,0
2026-09-21T11:50:19.651000+00:00,39,r-scylla4,4,1,incoming,0
2026-09-21T11:50:19.651000+00:00,39,r-scylla4,4,1,outgoing,0
2026-09-21T11:50:20.651333+00:00,40,r-scylla1,4,0,incoming,0
2026-09-21T11:50:20.651333+00:00,40,r-scylla1,4,0,outgoing,0
2026-09-21T11:50:20.651333+00:00,40,r-scylla1,4,1,incoming,0
2026-09-21T11:50:20.651333+00:00,40,r-scylla1,4,1,outgoing,0
2026-09-21T11:50:20.651333+00:00,40,r-scylla2,4,0,incoming,0
2026-09-21T11:50:20.651333+00:00,40,r-scylla2,4,0,outgoing,0
2026-09-21T11:50:20.651333+00:00,40,r-scylla2,4,1,incoming,0
2026-09-21T11:50:20.651333+00:00,40,r-scylla2,4,1,outgoing,0
2026-09-21T11:50:20.651333+00:00,40,r-scylla3,4,0,incoming,0
2026-09-21T11:50:20.651333+00:00,40,r-scylla3,4,0,outgoing,0
2026-09-21T11:50:20.651333+00:00,40,r-scylla3,4,1,incoming,0
2026-09-21T11:50:20.651333+00:00,40,r-scylla3,4,1,outgoing,0
2026-09-21T11:50:20.651333+00:00,40,r-scylla4,4,0,incoming,0
2026-09-21T11:50:20.651333+00:00,40,r-scylla4,4,0,outgoing,0
2026-09-21T11:50:20.651333+00:00,40,r-scylla4,4,1,incoming,0
2026-09-21T11:50:20.651333+00:00,40,r-scylla4,4,1,outgoing,0
2026-09-21T11:50:21.651517+00:00,41,r-scylla1,4,0,incoming,0
2026-09-21T11:50:21.651517+00:00,41,r-scylla1,4,0,outgoing,0
2026-09-21T11:50:21.651517+00:00,41,r-scylla1,4,1,incoming,0
2026-09-21T11:50:21.651517+00:00,41,r-scylla1,4,1,outgoing,0
2026-09-21T11:50:21.651517+00:00,41,r-scylla2,4,0,incoming,0
2026-09-21T11:50:21.651517+00:00,41,r-scylla2,4,0,outgoing,0
2026-09-21T11:50:21.651517+00:00,41,r-scylla2,4,1,incoming,0
2026-09-21T11:50:21.651517+00:00,41,r-scylla2,4,1,outgoing,0
2026-09-21T11:50:21.651517+00:00,41,r-scylla3,4,0,incoming,0
2026-09-21T11:50:21.651517+00:00,41,r-scylla3,4,0,outgoing,0
2026-09-21T11:50:21.651517+00:00,41,r-scylla3,4,1,incoming,0
2026-09-21T11:50:21.651517+00:00,41,r-scylla3,4,1,outgoing,0
2026-09-21T11:50:21.651517+00:00,41,r-scylla4,4,0,incoming,0
2026-09-21T11:50:21.651517+00:00,41,r-scylla4,4,0,outgoing,0
2026-09-21T11:50:21.651517+00:00,41,r-scylla4,4,1,incoming,0
2026-09-21T11:50:21.651517+00:00,41,r-scylla4,4,1,outgoing,0
2026-09-21T11:50:22.652098+00:00,42,r-scylla1,4,0,incoming,0
2026-09-21T11:50:22.652098+00:00,42,r-scylla1,4,0,outgoing,0
2026-09-21T11:50:22.652098+00:00,42,r-scylla1,4,1,incoming,0
2026-09-21T11:50:22.652098+00:00,42,r-scylla1,4,1,outgoing,0
2026-09-21T11:50:22.652098+00:00,42,r-scylla2,4,0,incoming,0
2026-09-21T11:50:22.652098+00:00,42,r-scylla2,4,0,outgoing,0
2026-09-21T11:50:22.652098+00:00,42,r-scylla2,4,1,incoming,0
2026-09-21T11:50:22.652098+00:00,42,r-scylla2,4,1,outgoing,0
2026-09-21T11:50:22.652098+00:00,42,r-scylla3,4,0,incoming,0
2026-09-21T11:50:22.652098+00:00,42,r-scylla3,4,0,outgoing,0
2026-09-21T11:50:22.652098+00:00,42,r-scylla3,4,1,incoming,0
2026-09-21T11:50:22.652098+00:00,42,r-scylla3,4,1,outgoing,0
2026-09-21T11:50:22.652098+00:00,42,r-scylla4,4,0,incoming,0
2026-09-21T11:50:22.652098+00:00,42,r-scylla4,4,0,outgoing,0
2026-09-21T11:50:22.652098+00:00,42,r-scylla4,4,1,incoming,0
2026-09-21T11:50:22.652098+00:00,42,r-scylla4,4,1,outgoing,0
2026-09-21T11:50:23.652392+00:00,43,r-scylla1,4,0,incoming,0
2026-09-21T11:50:23.652392+00:00,43,r-scylla1,4,0,outgoing,0
2026-09-21T11:50:23.652392+00:00,43,r-scylla1,4,1,incoming,0
2026-09-21T11:50:23.652392+00:00,43,r-scylla1,4,1,outgoing,0
2026-09-21T11:50:23.652392+00:00,43,r-scylla2,4,0,incoming,0
2026-09-21T11:50:23.652392+00:00,43,r-scylla2,4,0,outgoing,0
2026-09-21T11:50:23.652392+00:00,43,r-scylla2,4,1,incoming,0
2026-09-21T11:50:23.652392+00:00,43,r-scylla2,4,1,outgoing,0
2026-09-21T11:50:23.652392+00:00,43,r-scylla3,4,0,incoming,0
2026-09-21T11:50:23.652392+00:00,43,r-scylla3,4,0,outgoing,0
2026-09-21T11:50:23.652392+00:00,43,r-scylla3,4,1,incoming,0
2026-09-21T11:50:23.652392+00:00,43,r-scylla3,4,1,outgoing,0
2026-09-21T11:50:23.652392+00:00,43,r-scylla4,4,0,incoming,0
2026-09-21T11:50:23.652392+00:00,43,r-scylla4,4,0,outgoing,0
2026-09-21T11:50:23.652392+00:00,43,r-scylla4,4,1,incoming,0
2026-09-21T11:50:23.652392+00:00,43,r-scylla4,4,1,outgoing,0
2026-09-21T11:50:24.652636+00:00,44,r-scylla1,4,0,incoming,0
2026-09-21T11:50:24.652636+00:00,44,r-scylla1,4,0,outgoing,0
2026-09-21T11:50:24.652636+00:00,44,r-scylla1,4,1,incoming,0
2026-09-21T11:50:24.652636+00:00,44,r-scylla1,4,1,outgoing,0
2026-09-21T11:50:24.652636+00:00,44,r-scylla2,4,0,incoming,0
2026-09-21T11:50:24.652636+00:00,44,r-scylla2,4,0,outgoing,0
2026-09-21T11:50:24.652636+00:00,44,r-scylla2,4,1,incoming,0
2026-09-21T11:50:24.652636+00:00,44,r-scylla2,4,1,outgoing,0
2026-09-21T11:50:24.652636+00:00,44,r-scylla3,4,0,incoming,0
2026-09-21T11:50:24.652636+00:00,44,r-scylla3,4,0,outgoing,0
2026-09-21T11:50:24.652636+00:00,44,r-scylla3,4,1,incoming,0
2026-09-21T11:50:24.652636+00:00,44,r-scylla3,4,1,outgoing,0
2026-09-21T11:50:24.652636+00:00,44,r-scylla4,4,0,incoming,0
2026-09-21T11:50:24.652636+00:00,44,r-scylla4,4,0,outgoing,0
2026-09-21T11:50:24.652636+00:00,44,r-scylla4,4,1,incoming,0
2026-09-21T11:50:24.652636+00:00,44,r-scylla4,4,1,outgoing,0
2026-09-21T11:50:25.652959+00:00,45,r-scylla1,4,0,incoming,0
2026-09-21T11:50:25.652959+00:00,45,r-scylla1,4,0,outgoing,0
2026-09-21T11:50:25.652959+00:00,45,r-scylla1,4,1,incoming,0
2026-09-21T11:50:25.652959+00:00,45,r-scylla1,4,1,outgoing,0
2026-09-21T11:50:25.652959+00:00,45,r-scylla2,4,0,incoming,0
2026-09-21T11:50:25.652959+00:00,45,r-scylla2,4,0,outgoing,0
2026-09-21T11:50:25.652959+00:00,45,r-scylla2,4,1,incoming,0
2026-09-21T11:50:25.652959+00:00,45,r-scylla2,4,1,outgoing,0
2026-09-21T11:50:25.652959+00:00,45,r-scylla3,4,0,incoming,0
2026-09-21T11:50:25.652959+00:00,45,r-scylla3,4,0,outgoing,0
2026-09-21T11:50:25.652959+00:00,45,r-scylla3,4,1,incoming,0
2026-09-21T11:50:25.652959+00:00,45,r-scylla3,4,1,outgoing,0
2026-09-21T11:50:25.652959+00:00,45,r-scylla4,4,0,incoming,0
2026-09-21T11:50:25.652959+00:00,45,r-scylla4,4,0,outgoing,0
2026-09-21T11:50:25.652959+00:00,45,r-scylla4,4,1,incoming,0
2026-09-21T11:50:25.652959+00:00,45,r-scylla4,4,1,outgoing,0
2026-09-21T11:50:26.653089+00:00,46,r-scylla1,4,0,incoming,0
2026-09-21T11:50:26.653089+00:00,46,r-scylla1,4,0,outgoing,0
2026-09-21T11:50:26.653089+00:00,46,r-scylla1,4,1,incoming,0
2026-09-21T11:50:26.653089+00:00,46,r-scylla1,4,1,outgoing,0
2026-09-21T11:50:26.653089+00:00,46,r-scylla2,4,0,incoming,0
2026-09-21T11:50:26.653089+00:00,46,r-scylla2,4,0,outgoing,0
2026-09-21T11:50:26.653089+00:00,46,r-scylla2,4,1,incoming,0
2026-09-21T11:50:26.653089+00:00,46,r-scylla2,4,1,outgoing,0
2026-09-21T11:50:26.653089+00:00,46,r-scylla3,4,0,incoming,0
2026-09-21T11:50:26.653089+00:00,46,r-scylla3,4,0,outgoing,0
2026-09-21T11:50:26.653089+00:00,46,r-scylla3,4,1,incoming,0
2026-09-21T11:50:26.653089+00:00,46,r-scylla3,4,1,outgoing,0
2026-09-21T11:50:26.653089+00:00,46,r-scylla4,4,0,incoming,0
2026-09-21T11:50:26.653089+00:00,46,r-scylla4,4,0,outgoing,0
2026-09-21T11:50:26.653089+00:00,46,r-scylla4,4,1,incoming,0
2026-09-21T11:50:26.653089+00:00,46,r-scylla4,4,1,outgoing,0
2026-09-21T11:50:27.653222+00:00,47,r-scylla1,4,0,incoming,0
2026-09-21T11:50:27.653222+00:00,47,r-scylla1,4,0,outgoing,0
2026-09-21T11:50:27.653222+00:00,47,r-scylla1,4,1,incoming,0
2026-09-21T11:50:27.653222+00:00,47,r-scylla1,4,1,outgoing,0
2026-09-21T11:50:27.653222+00:00,47,r-scylla2,4,0,incoming,0
2026-09-21T11:50:27.653222+00:00,47,r-scylla2,4,0,outgoing,0
2026-09-21T11:50:27.653222+00:00,47,r-scylla2,4,1,incoming,0
2026-09-21T11:50:27.653222+00:00,47,r-scylla2,4,1,outgoing,0
2026-09-21T11:50:27.653222+00:00,47,r-scylla3,4,0,incoming,0
2026-09-21T11:50:27.653222+00:00,47,r-scylla3,4,0,outgoing,0
2026-09-21T11:50:27.653222+00:00,47,r-scylla3,4,1,incoming,0
2026-09-21T11:50:27.653222+00:00,47,r-scylla3,4,1,outgoing,0
2026-09-21T11:50:27.653222+00:00,47,r-scylla4,4,0,incoming,0
2026-09-21T11:50:27.653222+00:00,47,r-scylla4,4,0,outgoing,0
2026-09-21T11:50:27.653222+00:00,47,r-scylla4,4,1,incoming,0
2026-09-21T11:50:27.653222+00:00,47,r-scylla4,4,1,outgoing,0
2026-09-21T11:50:28.653474+00:00,48,r-scylla1,4,0,incoming,0
2026-09-21T11:50:28.653474+00:00,48,r-scylla1,4,0,outgoing,0
2026-09-21T11:50:28.653474+00:00,48,r-scylla1,4,1,incoming,0
2026-09-21T11:50:28.653474+00:00,48,r-scylla1,4,1,outgoing,0
2026-09-21T11:50:28.653474+00:00,48,r-scylla2,4,0,incoming,0
2026-09-21T11:50:28.653474+00:00,48,r-scylla2,4,0,outgoing,0
2026-09-21T11:50:28.653474+00:00,48,r-scylla2,4,1,incoming,0
2026-09-21T11:50:28.653474+00:00,48,r-scylla2,4,1,outgoing,0
2026-09-21T11:50:28.653474+00:00,48,r-scylla3,4,0,incoming,0
2026-09-21T11:50:28.653474+00:00,48,r-scylla3,4,0,outgoing,0
2026-09-21T11:50:28.653474+00:00,48,r-scylla3,4,1,incoming,0
2026-09-21T11:50:28.653474+00:00,48,r-scylla3,4,1,outgoing,0
2026-09-21T11:50:28.653474+00:00,48,r-scylla4,4,0,incoming,0
2026-09-21T11:50:28.653474+00:00,48,r-scylla4,4,0,outgoing,0
2026-09-21T11:50:28.653474+00:00,48,r-scylla4,4,1,incoming,0
2026-09-21T11:50:28.653474+00:00,48,r-scylla4,4,1,outgoing,0
2026-09-21T11:50:29.653707+00:00,49,r-scylla1,4,0,incoming,0
2026-09-21T11:50:29.653707+00:00,49,r-scylla1,4,0,outgoing,0
2026-09-21T11:50:29.653707+00:00,49,r-scylla1,4,1,incoming,0
2026-09-21T11:50:29.653707+00:00,49,r-scylla1,4,1,outgoing,0
2026-09-21T11:50:29.653707+00:00,49,r-scylla2,4,0,incoming,0
2026-09-21T11:50:29.653707+00:00,49,r-scylla2,4,0,outgoing,0
2026-09-21T11:50:29.653707+00:00,49,r-scylla2,4,1,incoming,0
2026-09-21T11:50:29.653707+00:00,49,r-scylla2,4,1,outgoing,0
2026-09-21T11:50:29.653707+00:00,49,r-scylla3,4,0,incoming,0
2026-09-21T11:50:29.653707+00:00,49,r-scylla3,4,0,outgoing,0
2026-09-21T11:50:29.653707+00:00,49,r-scylla3,4,1,incoming,0
2026-09-21T11:50:29.653707+00:00,49,r-scylla3,4,1,outgoing,0
2026-09-21T11:50:29.653707+00:00,49,r-scylla4,4,0,incoming,0
2026-09-21T11:50:29.653707+00:00,49,r-scylla4,4,0,outgoing,0
2026-09-21T11:50:29.653707+00:00,49,r-scylla4,4,1,incoming,0
2026-09-21T11:50:29.653707+00:00,49,r-scylla4,4,1,outgoing,0
2026-09-21T11:50:30.651845+00:00,50,r-scylla1,4,0,incoming,0
2026-09-21T11:50:30.651845+00:00,50,r-scylla1,4,0,outgoing,0
2026-09-21T11:50:30.651845+00:00,50,r-scylla1,4,1,incoming,0
2026-09-21T11:50:30.651845+00:00,50,r-scylla1,4,1,outgoing,0
2026-09-21T11:50:30.651845+00:00,50,r-scylla2,4,0,incoming,0
2026-09-21T11:50:30.651845+00:00,50,r-scylla2,4,0,outgoing,0
2026-09-21T11:50:30.651845+00:00,50,r-scylla2,4,1,incoming,0
2026-09-21T11:50:30.651845+00:00,50,r-scylla2,4,1,outgoing,0
2026-09-21T11:50:30.651845+00:00,50,r-scylla3,4,0,incoming,0
2026-09-21T11:50:30.651845+00:00,50,r-scylla3,4,0,outgoing,0
2026-09-21T11:50:30.651845+00:00,50,r-scylla3,4,1,incoming,0
2026-09-21T11:50:30.651845+00:00,50,r-scylla3,4,1,outgoing,0
2026-09-21T11:50:30.651845+00:00,50,r-scylla4,4,0,incoming,0
2026-09-21T11:50:30.651845+00:00,50,r-scylla4,4,0,outgoing,0
2026-09-21T11:50:30.651845+00:00,50,r-scylla4,4,1,incoming,0
2026-09-21T11:50:30.651845+00:00,50,r-scylla4,4,1,outgoing,0
2026-09-21T11:50:31.651963+00:00,51,r-scylla1,4,0,incoming,0
2026-09-21T11:50:31.651963+00:00,51,r-scylla1,4,0,outgoing,0
2026-09-21T11:50:31.651963+00:00,51,r-scylla1,4,1,incoming,0
2026-09-21T11:50:31.651963+00:00,51,r-scylla1,4,1,outgoing,0
2026-09-21T11:50:31.651963+00:00,51,r-scylla2,4,0,incoming,0
2026-09-21T11:50:31.651963+00:00,51,r-scylla2,4,0,outgoing,0
2026-09-21T11:50:31.651963+00:00,51,r-scylla2,4,1,incoming,0
2026-09-21T11:50:31.651963+00:00,51,r-scylla2,4,1,outgoing,0
2026-09-21T11:50:31.651963+00:00,51,r-scylla3,4,0,incoming,0
2026-09-21T11:50:31.651963+00:00,51,r-scylla3,4,0,outgoing,0
2026-09-21T11:50:31.651963+00:00,51,r-scylla3,4,1,incoming,0
2026-09-21T11:50:31.651963+00:00,51,r-scylla3,4,1,outgoing,0
2026-09-21T11:50:31.651963+00:00,51,r-scylla4,4,0,incoming,0
2026-09-21T11:50:31.651963+00:00,51,r-scylla4,4,0,outgoing,0
2026-09-21T11:50:31.651963+00:00,51,r-scylla4,4,1,incoming,0
2026-09-21T11:50:31.651963+00:00,51,r-scylla4,4,1,outgoing,0
2026-09-21T11:50:32.652213+00:00,52,r-scylla1,4,0,incoming,0
2026-09-21T11:50:32.652213+00:00,52,r-scylla1,4,0,outgoing,0
2026-09-21T11:50:32.652213+00:00,52,r-scylla1,4,1,incoming,0
2026-09-21T11:50:32.652213+00:00,52,r-scylla1,4,1,outgoing,0
2026-09-21T11:50:32.652213+00:00,52,r-scylla2,4,0,incoming,0
2026-09-21T11:50:32.652213+00:00,52,r-scylla2,4,0,outgoing,0
2026-09-21T11:50:32.652213+00:00,52,r-scylla2,4,1,incoming,0
2026-09-21T11:50:32.652213+00:00,52,r-scylla2,4,1,outgoing,0
2026-09-21T11:50:32.652213+00:00,52,r-scylla3,4,0,incoming,0
2026-09-21T11:50:32.652213+00:00,52,r-scylla3,4,0,outgoing,0
2026-09-21T11:50:32.652213+00:00,52,r-scylla3,4,1,incoming,0
2026-09-21T11:50:32.652213+00:00,52,r-scylla3,4,1,outgoing,0
2026-09-21T11:50:32.652213+00:00,52,r-scylla4,4,0,incoming,0
2026-09-21T11:50:32.652213+00:00,52,r-scylla4,4,0,outgoing,0
2026-09-21T11:50:32.652213+00:00,52,r-scylla4,4,1,incoming,0
2026-09-21T11:50:32.652213+00:00,52,r-scylla4,4,1,outgoing,0
2026-09-21T11:50:33.652525+00:00,53,r-scylla1,4,0,incoming,0
2026-09-21T11:50:33.652525+00:00,53,r-scylla1,4,0,outgoing,0
2026-09-21T11:50:33.652525+00:00,53,r-scylla1,4,1,incoming,0
2026-09-21T11:50:33.652525+00:00,53,r-scylla1,4,1,outgoing,0
2026-09-21T11:50:33.652525+00:00,53,r-scylla2,4,0,incoming,0
2026-09-21T11:50:33.652525+00:00,53,r-scylla2,4,0,outgoing,0
2026-09-21T11:50:33.652525+00:00,53,r-scylla2,4,1,incoming,0
2026-09-21T11:50:33.652525+00:00,53,r-scylla2,4,1,outgoing,0
2026-09-21T11:50:33.652525+00:00,53,r-scylla3,4,0,incoming,0
2026-09-21T11:50:33.652525+00:00,53,r-scylla3,4,0,outgoing,0
2026-09-21T11:50:33.652525+00:00,53,r-scylla3,4,1,incoming,0
2026-09-21T11:50:33.652525+00:00,53,r-scylla3,4,1,outgoing,0
2026-09-21T11:50:33.652525+00:00,53,r-scylla4,4,0,incoming,0
2026-09-21T11:50:33.652525+00:00,53,r-scylla4,4,0,outgoing,0
2026-09-21T11:50:33.652525+00:00,53,r-scylla4,4,1,incoming,0
2026-09-21T11:50:33.652525+00:00,53,r-scylla4,4,1,outgoing,0
2026-09-21T11:50:34.652711+00:00,54,r-scylla1,4,0,incoming,0
2026-09-21T11:50:34.652711+00:00,54,r-scylla1,4,0,outgoing,0
2026-09-21T11:50:34.652711+00:00,54,r-scylla1,4,1,incoming,0
2026-09-21T11:50:34.652711+00:00,54,r-scylla1,4,1,outgoing,0
2026-09-21T11:50:34.652711+00:00,54,r-scylla2,4,0,incoming,0
2026-09-21T11:50:34.652711+00:00,54,r-scylla2,4,0,outgoing,0
2026-09-21T11:50:34.652711+00:00,54,r-scylla2,4,1,incoming,0
2026-09-21T11:50:34.652711+00:00,54,r-scylla2,4,1,outgoing,0
2026-09-21T11:50:34.652711+00:00,54,r-scylla3,4,0,incoming,0
2026-09-21T11:50:34.652711+00:00,54,r-scylla3,4,0,outgoing,0
2026-09-21T11:50:34.652711+00:00,54,r-scylla3,4,1,incoming,0
2026-09-21T11:50:34.652711+00:00,54,r-scylla3,4,1,outgoing,0
2026-09-21T11:50:34.652711+00:00,54,r-scylla4,4,0,incoming,0
2026-09-21T11:50:34.652711+00:00,54,r-scylla4,4,0,outgoing,0
2026-09-21T11:50:34.652711+00:00,54,r-scylla4,4,1,incoming,0
2026-09-21T11:50:34.652711+00:00,54,r-scylla4,4,1,outgoing,0
2026-09-21T11:50:35.652943+00:00,55,r-scylla1,4,0,incoming,0
2026-09-21T11:50:35.652943+00:00,55,r-scylla1,4,0,outgoing,0
2026-09-21T11:50:35.652943+00:00,55,r-scylla1,4,1,incoming,0
2026-09-21T11:50:35.652943+00:00,55,r-scylla1,4,1,outgoing,0
2026-09-21T11:50:35.652943+00:00,55,r-scylla2,4,0,incoming,0
2026-09-21T11:50:35.652943+00:00,55,r-scylla2,4,0,outgoing,0
2026-09-21T11:50:35.652943+00:00,55,r-scylla2,4,1,incoming,0
2026-09-21T11:50:35.652943+00:00,55,r-scylla2,4,1,outgoing,0
2026-09-21T11:50:35.652943+00:00,55,r-scylla3,4,0,incoming,0
2026-09-21T11:50:35.652943+00:00,55,r-scylla3,4,0,outgoing,0
2026-09-21T11:50:35.652943+00:00,55,r-scylla3,4,1,incoming,0
2026-09-21T11:50:35.652943+00:00,55,r-scylla3,4,1,outgoing,0
2026-09-21T11:50:35.652943+00:00,55,r-scylla4,4,0,incoming,0
2026-09-21T11:50:35.652943+00:00,55,r-scylla4,4,0,outgoing,0
2026-09-21T11:50:35.652943+00:00,55,r-scylla4,4,1,incoming,0
2026-09-21T11:50:35.652943+00:00,55,r-scylla4,4,1,outgoing,0
2026-09-21T11:50:36.653164+00:00,56,r-scylla1,4,0,incoming,0
2026-09-21T11:50:36.653164+00:00,56,r-scylla1,4,0,outgoing,0
2026-09-21T11:50:36.653164+00:00,56,r-scylla1,4,1,incoming,0
2026-09-21T11:50:36.653164+00:00,56,r-scylla1,4,1,outgoing,0
2026-09-21T11:50:36.653164+00:00,56,r-scylla2,4,0,incoming,0
2026-09-21T11:50:36.653164+00:00,56,r-scylla2,4,0,outgoing,0
2026-09-21T11:50:36.653164+00:00,56,r-scylla2,4,1,incoming,0
2026-09-21T11:50:36.653164+00:00,56,r-scylla2,4,1,outgoing,0
2026-09-21T11:50:36.653164+00:00,56,r-scylla3,4,0,incoming,0
2026-09-21T11:50:36.653164+00:00,56,r-scylla3,4,0,outgoing,0
2026-09-21T11:50:36.653164+00:00,56,r-scylla3,4,1,incoming,0
2026-09-21T11:50:36.653164+00:00,56,r-scylla3,4,1,outgoing,0
2026-09-21T11:50:36.653164+00:00,56,r-scylla4,4,0,incoming,0
2026-09-21T11:50:36.653164+00:00,56,r-scylla4,4,0,outgoing,0
2026-09-21T11:50:36.653164+00:00,56,r-scylla4,4,1,incoming,0
2026-09-21T11:50:36.653164+00:00,56,r-scylla4,4,1,outgoing,0
2026-09-21T11:50:37.653506+00:00,57,r-scylla1,4,0,incoming,0
2026-09-21T11:50:37.653506+00:00,57,r-scylla1,4,0,outgoing,0
2026-09-21T11:50:37.653506+00:00,57,r-scylla1,4,1,incoming,0
2026-09-21T11:50:37.653506+00:00,57,r-scylla1,4,1,outgoing,0
2026-09-21T11:50:37.653506+00:00,57,r-scylla2,4,0,incoming,0
2026-09-21T11:50:37.653506+00:00,57,r-scylla2,4,0,outgoing,0
2026-09-21T11:50:37.653506+00:00,57,r-scylla2,4,1,incoming,0
2026-09-21T11:50:37.653506+00:00,57,r-scylla2,4,1,outgoing,0
2026-09-21T11:50:37.653506+00:00,57,r-scylla3,4,0,incoming,0
2026-09-21T11:50:37.653506+00:00,57,r-scylla3,4,0,outgoing,0
2026-09-21T11:50:37.653506+00:00,57,r-scylla3,4,1,incoming,0
2026-09-21T11:50:37.653506+00:00,57,r-scylla3,4,1,outgoing,0
2026-09-21T11:50:37.653506+00:00,57,r-scylla4,4,0,incoming,0
2026-09-21T11:50:37.653506+00:00,57,r-scylla4,4,0,outgoing,0
2026-09-21T11:50:37.653506+00:00,57,r-scylla4,4,1,incoming,0
2026-09-21T11:50:37.653506+00:00,57,r-scylla4,4,1,outgoing,0
2026-09-21T11:50:38.653665+00:00,58,r-scylla1,4,0,incoming,0
2026-09-21T11:50:38.653665+00:00,58,r-scylla1,4,0,outgoing,0
2026-09-21T11:50:38.653665+00:00,58,r-scylla1,4,1,incoming,0
2026-09-21T11:50:38.653665+00:00,58,r-scylla1,4,1,outgoing,0
2026-09-21T11:50:38.653665+00:00,58,r-scylla2,4,0,incoming,0
2026-09-21T11:50:38.653665+00:00,58,r-scylla2,4,0,outgoing,0
2026-09-21T11:50:38.653665+00:00,58,r-scylla2,4,1,incoming,0
2026-09-21T11:50:38.653665+00:00,58,r-scylla2,4,1,outgoing,0
2026-09-21T11:50:38.653665+00:00,58,r-scylla3,4,0,incoming,0
2026-09-21T11:50:38.653665+00:00,58,r-scylla3,4,0,outgoing,0
2026-09-21T11:50:38.653665+00:00,58,r-scylla3,4,1,incoming,0
2026-09-21T11:50:38.653665+00:00,58,r-scylla3,4,1,outgoing,0
2026-09-21T11:50:38.653665+00:00,58,r-scylla4,4,0,incoming,0
2026-09-21T11:50:38.653665+00:00,58,r-scylla4,4,0,outgoing,0
2026-09-21T11:50:38.653665+00:00,58,r-scylla4,4,1,incoming,0
2026-09-21T11:50:38.653665+00:00,58,r-scylla4,4,1,outgoing,0
2026-09-21T11:50:39.654114+00:00,59,r-scylla1,4,0,incoming,0
2026-09-21T11:50:39.654114+00:00,59,r-scylla1,4,0,outgoing,0
2026-09-21T11:50:39.654114+00:00,59,r-scylla1,4,1,incoming,0
2026-09-21T11:50:39.654114+00:00,59,r-scylla1,4,1,outgoing,0
2026-09-21T11:50:39.654114+00:00,59,r-scylla2,4,0,incoming,0
2026-09-21T11:50:39.654114+00:00,59,r-scylla2,4,0,outgoing,0
2026-09-21T11:50:39.654114+00:00,59,r-scylla2,4,1,incoming,0
2026-09-21T11:50:39.654114+00:00,59,r-scylla2,4,1,outgoing,0
2026-09-21T11:50:39.654114+00:00,59,r-scylla3,4,0,incoming,0
2026-09-21T11:50:39.654114+00:00,59,r-scylla3,4,0,outgoing,0
2026-09-21T11:50:39.654114+00:00,59,r-scylla3,4,1,incoming,0
2026-09-21T11:50:39.654114+00:00,59,r-scylla3,4,1,outgoing,0
2026-09-21T11:50:39.654114+00:00,59,r-scylla4,4,0,incoming,0
2026-09-21T11:50:39.654114+00:00,59,r-scylla4,4,0,outgoing,0
2026-09-21T11:50:39.654114+00:00,59,r-scylla4,4,1,incoming,0
2026-09-21T11:50:39.654114+00:00,59,r-scylla4,4,1,outgoing,0
2026-09-21T11:50:40.654422+00:00,60,r-scylla1,4,0,incoming,0
2026-09-21T11:50:40.654422+00:00,60,r-scylla1,4,0,outgoing,0
2026-09-21T11:50:40.654422+00:00,60,r-scylla1,4,1,incoming,0
2026-09-21T11:50:40.654422+00:00,60,r-scylla1,4,1,outgoing,0
2026-09-21T11:50:40.654422+00:00,60,r-scylla2,4,0,incoming,0
2026-09-21T11:50:40.654422+00:00,60,r-scylla2,4,0,outgoing,0
2026-09-21T11:50:40.654422+00:00,60,r-scylla2,4,1,incoming,0
2026-09-21T11:50:40.654422+00:00,60,r-scylla2,4,1,outgoing,0
2026-09-21T11:50:40.654422+00:00,60,r-scylla3,4,0,incoming,0
2026-09-21T11:50:40.654422+00:00,60,r-scylla3,4,0,outgoing,0
2026-09-21T11:50:40.654422+00:00,60,r-scylla3,4,1,incoming,0
2026-09-21T11:50:40.654422+00:00,60,r-scylla3,4,1,outgoing,0
2026-09-21T11:50:40.654422+00:00,60,r-scylla4,4,0,incoming,0
2026-09-21T11:50:40.654422+00:00,60,r-scylla4,4,0,outgoing,0
2026-09-21T11:50:40.654422+00:00,60,r-scylla4,4,1,incoming,0
2026-09-21T11:50:40.654422+00:00,60,r-scylla4,4,1,outgoing,0
2026-09-21T11:50:41.654766+00:00,61,r-scylla1,4,0,incoming,0
2026-09-21T11:50:41.654766+00:00,61,r-scylla1,4,0,outgoing,0
2026-09-21T11:50:41.654766+00:00,61,r-scylla1,4,1,incoming,0
2026-09-21T11:50:41.654766+00:00,61,r-scylla1,4,1,outgoing,0
2026-09-21T11:50:41.654766+00:00,61,r-scylla2,4,0,incoming,0
2026-09-21T11:50:41.654766+00:00,61,r-scylla2,4,0,outgoing,0
2026-09-21T11:50:41.654766+00:00,61,r-scylla2,4,1,incoming,0
2026-09-21T11:50:41.654766+00:00,61,r-scylla2,4,1,outgoing,0
2026-09-21T11:50:41.654766+00:00,61,r-scylla3,4,0,incoming,0
2026-09-21T11:50:41.654766+00:00,61,r-scylla3,4,0,outgoing,0
2026-09-21T11:50:41.654766+00:00,61,r-scylla3,4,1,incoming,0
2026-09-21T11:50:41.654766+00:00,61,r-scylla3,4,1,outgoing,0
2026-09-21T11:50:41.654766+00:00,61,r-scylla4,4,0,incoming,0
2026-09-21T11:50:41.654766+00:00,61,r-scylla4,4,0,outgoing,0
2026-09-21T11:50:41.654766+00:00,61,r-scylla4,4,1,incoming,0
2026-09-21T11:50:41.654766+00:00,61,r-scylla4,4,1,outgoing,0
2026-09-21T11:50:42.654952+00:00,62,r-scylla1,4,0,incoming,0
2026-09-21T11:50:42.654952+00:00,62,r-scylla1,4,0,outgoing,0
2026-09-21T11:50:42.654952+00:00,62,r-scylla1,4,1,incoming,0
2026-09-21T11:50:42.654952+00:00,62,r-scylla1,4,1,outgoing,0
2026-09-21T11:50:42.654952+00:00,62,r-scylla2,4,0,incoming,0
2026-09-21T11:50:42.654952+00:00,62,r-scylla2,4,0,outgoing,0
2026-09-21T11:50:42.654952+00:00,62,r-scylla2,4,1,incoming,0
2026-09-21T11:50:42.654952+00:00,62,r-scylla2,4,1,outgoing,0
2026-09-21T11:50:42.654952+00:00,62,r-scylla3,4,0,incoming,0
2026-09-21T11:50:42.654952+00:00,62,r-scylla3,4,0,outgoing,0
2026-09-21T11:50:42.654952+00:00,62,r-scylla3,4,1,incoming,0
2026-09-21T11:50:42.654952+00:00,62,r-scylla3,4,1,outgoing,0
2026-09-21T11:50:42.654952+00:00,62,r-scylla4,4,0,incoming,0
2026-09-21T11:50:42.654952+00:00,62,r-scylla4,4,0,outgoing,0
2026-09-21T11:50:42.654952+00:00,62,r-scylla4,4,1,incoming,0
2026-09-21T11:50:42.654952+00:00,62,r-scylla4,4,1,outgoing,0
2026-09-21T11:50:43.655282+00:00,63,r-scylla1,4,0,incoming,0
2026-09-21T11:50:43.655282+00:00,63,r-scylla1,4,0,outgoing,0
2026-09-21T11:50:43.655282+00:00,63,r-scylla1,4,1,incoming,0
2026-09-21T11:50:43.655282+00:00,63,r-scylla1,4,1,outgoing,0
2026-09-21T11:50:43.655282+00:00,63,r-scylla2,4,0,incoming,0
2026-09-21T11:50:43.655282+00:00,63,r-scylla2,4,0,outgoing,0
2026-09-21T11:50:43.655282+00:00,63,r-scylla2,4,1,incoming,0
2026-09-21T11:50:43.655282+00:00,63,r-scylla2,4,1,outgoing,0
2026-09-21T11:50:43.655282+00:00,63,r-scylla3,4,0,incoming,0
2026-09-21T11:50:43.655282+00:00,63,r-scylla3,4,0,outgoing,0
2026-09-21T11:50:43.655282+00:00,63,r-scylla3,4,1,incoming,0
2026-09-21T11:50:43.655282+00:00,63,r-scylla3,4,1,outgoing,0
2026-09-21T11:50:43.655282+00:00,63,r-scylla4,4,0,incoming,0
2026-09-21T11:50:43.655282+00:00,63,r-scylla4,4,0,outgoing,0
2026-09-21T11:50:43.655282+00:00,63,r-scylla4,4,1,incoming,0
2026-09-21T11:50:43.655282+00:00,63,r-scylla4,4,1,outgoing,0
2026-09-21T11:50:44.655412+00:00,64,r-scylla1,4,0,incoming,0
2026-09-21T11:50:44.655412+00:00,64,r-scylla1,4,0,outgoing,0
2026-09-21T11:50:44.655412+00:00,64,r-scylla1,4,1,incoming,0
2026-09-21T11:50:44.655412+00:00,64,r-scylla1,4,1,outgoing,0
2026-09-21T11:50:44.655412+00:00,64,r-scylla2,4,0,incoming,0
2026-09-21T11:50:44.655412+00:00,64,r-scylla2,4,0,outgoing,0
2026-09-21T11:50:44.655412+00:00,64,r-scylla2,4,1,incoming,0
2026-09-21T11:50:44.655412+00:00,64,r-scylla2,4,1,outgoing,0
2026-09-21T11:50:44.655412+00:00,64,r-scylla3,4,0,incoming,0
2026-09-21T11:50:44.655412+00:00,64,r-scylla3,4,0,outgoing,0
2026-09-21T11:50:44.655412+00:00,64,r-scylla3,4,1,incoming,0
2026-09-21T11:50:44.655412+00:00,64,r-scylla3,4,1,outgoing,0
2026-09-21T11:50:44.655412+00:00,64,r-scylla4,4,0,incoming,0
2026-09-21T11:50:44.655412+00:00,64,r-scylla4,4,0,outgoing,0
2026-09-21T11:50:44.655412+00:00,64,r-scylla4,4,1,incoming,0
2026-09-21T11:50:44.655412+00:00,64,r-scylla4,4,1,outgoing,0
2026-09-21T11:50:45.655793+00:00,65,r-scylla1,4,0,incoming,0
2026-09-21T11:50:45.655793+00:00,65,r-scylla1,4,0,outgoing,0
2026-09-21T11:50:45.655793+00:00,65,r-scylla1,4,1,incoming,0
2026-09-21T11:50:45.655793+00:00,65,r-scylla1,4,1,outgoing,0
2026-09-21T11:50:45.655793+00:00,65,r-scylla2,4,0,incoming,0
2026-09-21T11:50:45.655793+00:00,65,r-scylla2,4,0,outgoing,0
2026-09-21T11:50:45.655793+00:00,65,r-scylla2,4,1,incoming,0
2026-09-21T11:50:45.655793+00:00,65,r-scylla2,4,1,outgoing,0
2026-09-21T11:50:45.655793+00:00,65,r-scylla3,4,0,incoming,0
2026-09-21T11:50:45.655793+00:00,65,r-scylla3,4,0,outgoing,0
2026-09-21T11:50:45.655793+00:00,65,r-scylla3,4,1,incoming,0
2026-09-21T11:50:45.655793+00:00,65,r-scylla3,4,1,outgoing,0
2026-09-21T11:50:45.655793+00:00,65,r-scylla4,4,0,incoming,0
2026-09-21T11:50:45.655793+00:00,65,r-scylla4,4,0,outgoing,0
2026-09-21T11:50:45.655793+00:00,65,r-scylla4,4,1,incoming,0
2026-09-21T11:50:45.655793+00:00,65,r-scylla4,4,1,outgoing,0
2026-09-21T11:50:46.656212+00:00,66,r-scylla1,4,0,incoming,0
2026-09-21T11:50:46.656212+00:00,66,r-scylla1,4,0,outgoing,0
2026-09-21T11:50:46.656212+00:00,66,r-scylla1,4,1,incoming,0
2026-09-21T11:50:46.656212+00:00,66,r-scylla1,4,1,outgoing,0
2026-09-21T11:50:46.656212+00:00,66,r-scylla2,4,0,incoming,0
2026-09-21T11:50:46.656212+00:00,66,r-scylla2,4,0,outgoing,0
2026-09-21T11:50:46.656212+00:00,66,r-scylla2,4,1,incoming,0
2026-09-21T11:50:46.656212+00:00,66,r-scylla2,4,1,outgoing,0
2026-09-21T11:50:46.656212+00:00,66,r-scylla3,4,0,incoming,0
2026-09-21T11:50:46.656212+00:00,66,r-scylla3,4,0,outgoing,0
2026-09-21T11:50:46.656212+00:00,66,r-scylla3,4,1,incoming,0
2026-09-21T11:50:46.656212+00:00,66,r-scylla3,4,1,outgoing,0
2026-09-21T11:50:46.656212+00:00,66,r-scylla4,4,0,incoming,0
2026-09-21T11:50:46.656212+00:00,66,r-scylla4,4,0,outgoing,0
2026-09-21T11:50:46.656212+00:00,66,r-scylla4,4,1,incoming,0
2026-09-21T11:50:46.656212+00:00,66,r-scylla4,4,1,outgoing,0
2026-09-21T11:50:47.656423+00:00,67,r-scylla1,4,0,incoming,0
2026-09-21T11:50:47.656423+00:00,67,r-scylla1,4,0,outgoing,0
2026-09-21T11:50:47.656423+00:00,67,r-scylla1,4,1,incoming,0
2026-09-21T11:50:47.656423+00:00,67,r-scylla1,4,1,outgoing,0
2026-09-21T11:50:47.656423+00:00,67,r-scylla2,4,0,incoming,0
2026-09-21T11:50:47.656423+00:00,67,r-scylla2,4,0,outgoing,0
2026-09-21T11:50:47.656423+00:00,67,r-scylla2,4,1,incoming,0
2026-09-21T11:50:47.656423+00:00,67,r-scylla2,4,1,outgoing,0
2026-09-21T11:50:47.656423+00:00,67,r-scylla3,4,0,incoming,0
2026-09-21T11:50:47.656423+00:00,67,r-scylla3,4,0,outgoing,0
2026-09-21T11:50:47.656423+00:00,67,r-scylla3,4,1,incoming,0
2026-09-21T11:50:47.656423+00:00,67,r-scylla3,4,1,outgoing,0
2026-09-21T11:50:47.656423+00:00,67,r-scylla4,4,0,incoming,0
2026-09-21T11:50:47.656423+00:00,67,r-scylla4,4,0,outgoing,0
2026-09-21T11:50:47.656423+00:00,67,r-scylla4,4,1,incoming,0
2026-09-21T11:50:47.656423+00:00,67,r-scylla4,4,1,outgoing,0
2026-09-21T11:50:48.656720+00:00,68,r-scylla1,4,0,incoming,0
2026-09-21T11:50:48.656720+00:00,68,r-scylla1,4,0,outgoing,0
2026-09-21T11:50:48.656720+00:00,68,r-scylla1,4,1,incoming,0
2026-09-21T11:50:48.656720+00:00,68,r-scylla1,4,1,outgoing,0
2026-09-21T11:50:48.656720+00:00,68,r-scylla2,4,0,incoming,0
2026-09-21T11:50:48.656720+00:00,68,r-scylla2,4,0,outgoing,0
2026-09-21T11:50:48.656720+00:00,68,r-scylla2,4,1,incoming,0
2026-09-21T11:50:48.656720+00:00,68,r-scylla2,4,1,outgoing,0
2026-09-21T11:50:48.656720+00:00,68,r-scylla3,4,0,incoming,0
2026-09-21T11:50:48.656720+00:00,68,r-scylla3,4,0,outgoing,0
2026-09-21T11:50:48.656720+00:00,68,r-scylla3,4,1,incoming,0
2026-09-21T11:50:48.656720+00:00,68,r-scylla3,4,1,outgoing,0
2026-09-21T11:50:48.656720+00:00,68,r-scylla4,4,0,incoming,0
2026-09-21T11:50:48.656720+00:00,68,r-scylla4,4,0,outgoing,0
2026-09-21T11:50:48.656720+00:00,68,r-scylla4,4,1,incoming,0
2026-09-21T11:50:48.656720+00:00,68,r-scylla4,4,1,outgoing,0
2026-09-21T11:50:49.656940+00:00,69,r-scylla1,4,0,incoming,0
2026-09-21T11:50:49.656940+00:00,69,r-scylla1,4,0,outgoing,0
2026-09-21T11:50:49.656940+00:00,69,r-scylla1,4,1,incoming,0
2026-09-21T11:50:49.656940+00:00,69,r-scylla1,4,1,outgoing,0
2026-09-21T11:50:49.656940+00:00,69,r-scylla2,4,0,incoming,0
2026-09-21T11:50:49.656940+00:00,69,r-scylla2,4,0,outgoing,0
2026-09-21T11:50:49.656940+00:00,69,r-scylla2,4,1,incoming,0
2026-09-21T11:50:49.656940+00:00,69,r-scylla2,4,1,outgoing,0
2026-09-21T11:50:49.656940+00:00,69,r-scylla3,4,0,incoming,0
2026-09-21T11:50:49.656940+00:00,69,r-scylla3,4,0,outgoing,0
2026-09-21T11:50:49.656940+00:00,69,r-scylla3,4,1,incoming,0
2026-09-21T11:50:49.656940+00:00,69,r-scylla3,4,1,outgoing,0
2026-09-21T11:50:49.656940+00:00,69,r-scylla4,4,0,incoming,0
2026-09-21T11:50:49.656940+00:00,69,r-scylla4,4,0,outgoing,0
2026-09-21T11:50:49.656940+00:00,69,r-scylla4,4,1,incoming,0
2026-09-21T11:50:49.656940+00:00,69,r-scylla4,4,1,outgoing,0
2026-09-21T11:50:50.657102+00:00,70,r-scylla1,4,0,incoming,0
2026-09-21T11:50:50.657102+00:00,70,r-scylla1,4,0,outgoing,0
2026-09-21T11:50:50.657102+00:00,70,r-scylla1,4,1,incoming,0
2026-09-21T11:50:50.657102+00:00,70,r-scylla1,4,1,outgoing,0
2026-09-21T11:50:50.657102+00:00,70,r-scylla2,4,0,incoming,0
2026-09-21T11:50:50.657102+00:00,70,r-scylla2,4,0,outgoing,0
2026-09-21T11:50:50.657102+00:00,70,r-scylla2,4,1,incoming,0
2026-09-21T11:50:50.657102+00:00,70,r-scylla2,4,1,outgoing,0
2026-09-21T11:50:50.657102+00:00,70,r-scylla3,4,0,incoming,0
2026-09-21T11:50:50.657102+00:00,70,r-scylla3,4,0,outgoing,0
2026-09-21T11:50:50.657102+00:00,70,r-scylla3,4,1,incoming,0
2026-09-21T11:50:50.657102+00:00,70,r-scylla3,4,1,outgoing,0
2026-09-21T11:50:50.657102+00:00,70,r-scylla4,4,0,incoming,0
2026-09-21T11:50:50.657102+00:00,70,r-scylla4,4,0,outgoing,0
2026-09-21T11:50:50.657102+00:00,70,r-scylla4,4,1,incoming,0
2026-09-21T11:50:50.657102+00:00,70,r-scylla4,4,1,outgoing,0
2026-09-21T11:50:51.657378+00:00,71,r-scylla1,4,0,incoming,0
2026-09-21T11:50:51.657378+00:00,71,r-scylla1,4,0,outgoing,0
2026-09-21T11:50:51.657378+00:00,71,r-scylla1,4,1,incoming,0
2026-09-21T11:50:51.657378+00:00,71,r-scylla1,4,1,outgoing,0
2026-09-21T11:50:51.657378+00:00,71,r-scylla2,4,0,incoming,0
2026-09-21T11:50:51.657378+00:00,71,r-scylla2,4,0,outgoing,0
2026-09-21T11:50:51.657378+00:00,71,r-scylla2,4,1,incoming,0
2026-09-21T11:50:51.657378+00:00,71,r-scylla2,4,1,outgoing,0
2026-09-21T11:50:51.657378+00:00,71,r-scylla3,4,0,incoming,0
2026-09-21T11:50:51.657378+00:00,71,r-scylla3,4,0,outgoing,0
2026-09-21T11:50:51.657378+00:00,71,r-scylla3,4,1,incoming,0
2026-09-21T11:50:51.657378+00:00,71,r-scylla3,4,1,outgoing,0
2026-09-21T11:50:51.657378+00:00,71,r-scylla4,4,0,incoming,0
2026-09-21T11:50:51.657378+00:00,71,r-scylla4,4,0,outgoing,0
2026-09-21T11:50:51.657378+00:00,71,r-scylla4,4,1,incoming,0
2026-09-21T11:50:51.657378+00:00,71,r-scylla4,4,1,outgoing,0
2026-09-21T11:50:52.657476+00:00,72,r-scylla1,4,0,incoming,0
2026-09-21T11:50:52.657476+00:00,72,r-scylla1,4,0,outgoing,0
2026-09-21T11:50:52.657476+00:00,72,r-scylla1,4,1,incoming,0
2026-09-21T11:50:52.657476+00:00,72,r-scylla1,4,1,outgoing,0
2026-09-21T11:50:52.657476+00:00,72,r-scylla2,4,0,incoming,0
2026-09-21T11:50:52.657476+00:00,72,r-scylla2,4,0,outgoing,0
2026-09-21T11:50:52.657476+00:00,72,r-scylla2,4,1,incoming,0
2026-09-21T11:50:52.657476+00:00,72,r-scylla2,4,1,outgoing,0
2026-09-21T11:50:52.657476+00:00,72,r-scylla3,4,0,incoming,0
2026-09-21T11:50:52.657476+00:00,72,r-scylla3,4,0,outgoing,0
2026-09-21T11:50:52.657476+00:00,72,r-scylla3,4,1,incoming,0
2026-09-21T11:50:52.657476+00:00,72,r-scylla3,4,1,outgoing,0
2026-09-21T11:50:52.657476+00:00,72,r-scylla4,4,0,incoming,0
2026-09-21T11:50:52.657476+00:00,72,r-scylla4,4,0,outgoing,0
2026-09-21T11:50:52.657476+00:00,72,r-scylla4,4,1,incoming,0
2026-09-21T11:50:52.657476+00:00,72,r-scylla4,4,1,outgoing,0
2026-09-21T11:50:53.657784+00:00,73,r-scylla1,4,0,incoming,0
2026-09-21T11:50:53.657784+00:00,73,r-scylla1,4,0,outgoing,0
2026-09-21T11:50:53.657784+00:00,73,r-scylla1,4,1,incoming,0
2026-09-21T11:50:53.657784+00:00,73,r-scylla1,4,1,outgoing,0
2026-09-21T11:50:53.657784+00:00,73,r-scylla2,4,0,incoming,0
2026-09-21T11:50:53.657784+00:00,73,r-scylla2,4,0,outgoing,0
2026-09-21T11:50:53.657784+00:00,73,r-scylla2,4,1,incoming,0
2026-09-21T11:50:53.657784+00:00,73,r-scylla2,4,1,outgoing,0
2026-09-21T11:50:53.657784+00:00,73,r-scylla3,4,0,incoming,0
2026-09-21T11:50:53.657784+00:00,73,r-scylla3,4,0,outgoing,0
2026-09-21T11:50:53.657784+00:00,73,r-scylla3,4,1,incoming,0
2026-09-21T11:50:53.657784+00:00,73,r-scylla3,4,1,outgoing,0
2026-09-21T11:50:53.657784+00:00,73,r-scylla4,4,0,incoming,0
2026-09-21T11:50:53.657784+00:00,73,r-scylla4,4,0,outgoing,0
2026-09-21T11:50:53.657784+00:00,73,r-scylla4,4,1,incoming,0
2026-09-21T11:50:53.657784+00:00,73,r-scylla4,4,1,outgoing,0
2026-09-21T11:50:54.658011+00:00,74,r-scylla1,4,0,incoming,0
2026-09-21T11:50:54.658011+00:00,74,r-scylla1,4,0,outgoing,0
2026-09-21T11:50:54.658011+00:00,74,r-scylla1,4,1,incoming,0
2026-09-21T11:50:54.658011+00:00,74,r-scylla1,4,1,outgoing,0
2026-09-21T11:50:54.658011+00:00,74,r-scylla2,4,0,incoming,0
2026-09-21T11:50:54.658011+00:00,74,r-scylla2,4,0,outgoing,0
2026-09-21T11:50:54.658011+00:00,74,r-scylla2,4,1,incoming,0
2026-09-21T11:50:54.658011+00:00,74,r-scylla2,4,1,outgoing,0
2026-09-21T11:50:54.658011+00:00,74,r-scylla3,4,0,incoming,0
2026-09-21T11:50:54.658011+00:00,74,r-scylla3,4,0,outgoing,0
2026-09-21T11:50:54.658011+00:00,74,r-scylla3,4,1,incoming,0
2026-09-21T11:50:54.658011+00:00,74,r-scylla3,4,1,outgoing,0
2026-09-21T11:50:54.658011+00:00,74,r-scylla4,4,0,incoming,0
2026-09-21T11:50:54.658011+00:00,74,r-scylla4,4,0,outgoing,0
2026-09-21T11:50:54.658011+00:00,74,r-scylla4,4,1,incoming,0
2026-09-21T11:50:54.658011+00:00,74,r-scylla4,4,1,outgoing,0
2026-09-21T11:50:55.658170+00:00,75,r-scylla1,4,0,incoming,0
2026-09-21T11:50:55.658170+00:00,75,r-scylla1,4,0,outgoing,0
2026-09-21T11:50:55.658170+00:00,75,r-scylla1,4,1,incoming,0
2026-09-21T11:50:55.658170+00:00,75,r-scylla1,4,1,outgoing,0
2026-09-21T11:50:55.658170+00:00,75,r-scylla2,4,0,incoming,0
2026-09-21T11:50:55.658170+00:00,75,r-scylla2,4,0,outgoing,0
2026-09-21T11:50:55.658170+00:00,75,r-scylla2,4,1,incoming,0
2026-09-21T11:50:55.658170+00:00,75,r-scylla2,4,1,outgoing,0
2026-09-21T11:50:55.658170+00:00,75,r-scylla3,4,0,incoming,0
2026-09-21T11:50:55.658170+00:00,75,r-scylla3,4,0,outgoing,0
2026-09-21T11:50:55.658170+00:00,75,r-scylla3,4,1,incoming,0
2026-09-21T11:50:55.658170+00:00,75,r-scylla3,4,1,outgoing,0
2026-09-21T11:50:55.658170+00:00,75,r-scylla4,4,0,incoming,0
2026-09-21T11:50:55.658170+00:00,75,r-scylla4,4,0,outgoing,0
2026-09-21T11:50:55.658170+00:00,75,r-scylla4,4,1,incoming,0
2026-09-21T11:50:55.658170+00:00,75,r-scylla4,4,1,outgoing,0
2026-09-21T11:50:56.658380+00:00,76,r-scylla1,4,0,incoming,0
2026-09-21T11:50:56.658380+00:00,76,r-scylla1,4,0,outgoing,0
2026-09-21T11:50:56.658380+00:00,76,r-scylla1,4,1,incoming,0
2026-09-21T11:50:56.658380+00:00,76,r-scylla1,4,1,outgoing,0
2026-09-21T11:50:56.658380+00:00,76,r-scylla2,4,0,incoming,0
2026-09-21T11:50:56.658380+00:00,76,r-scylla2,4,0,outgoing,0
2026-09-21T11:50:56.658380+00:00,76,r-scylla2,4,1,incoming,0
2026-09-21T11:50:56.658380+00:00,76,r-scylla2,4,1,outgoing,0
2026-09-21T11:50:56.658380+00:00,76,r-scylla3,4,0,incoming,0
2026-09-21T11:50:56.658380+00:00,76,r-scylla3,4,0,outgoing,0
2026-09-21T11:50:56.658380+00:00,76,r-scylla3,4,1,incoming,0
2026-09-21T11:50:56.658380+00:00,76,r-scylla3,4,1,outgoing,0
2026-09-21T11:50:56.658380+00:00,76,r-scylla4,4,0,incoming,0
2026-09-21T11:50:56.658380+00:00,76,r-scylla4,4,0,outgoing,0
2026-09-21T11:50:56.658380+00:00,76,r-scylla4,4,1,incoming,0
2026-09-21T11:50:56.658380+00:00,76,r-scylla4,4,1,outgoing,0
2026-09-21T11:50:57.658907+00:00,77,r-scylla1,4,0,incoming,0
2026-09-21T11:50:57.658907+00:00,77,r-scylla1,4,0,outgoing,0
2026-09-21T11:50:57.658907+00:00,77,r-scylla1,4,1,incoming,0
2026-09-21T11:50:57.658907+00:00,77,r-scylla1,4,1,outgoing,0
2026-09-21T11:50:57.658907+00:00,77,r-scylla2,4,0,incoming,0
2026-09-21T11:50:57.658907+00:00,77,r-scylla2,4,0,outgoing,0
2026-09-21T11:50:57.658907+00:00,77,r-scylla2,4,1,incoming,0
2026-09-21T11:50:57.658907+00:00,77,r-scylla2,4,1,outgoing,0
2026-09-21T11:50:57.658907+00:00,77,r-scylla3,4,0,incoming,0
2026-09-21T11:50:57.658907+00:00,77,r-scylla3,4,0,outgoing,0
2026-09-21T11:50:57.658907+00:00,77,r-scylla3,4,1,incoming,0
2026-09-21T11:50:57.658907+00:00,77,r-scylla3,4,1,outgoing,0
2026-09-21T11:50:57.658907+00:00,77,r-scylla4,4,0,incoming,0
2026-09-21T11:50:57.658907+00:00,77,r-scylla4,4,0,outgoing,0
2026-09-21T11:50:57.658907+00:00,77,r-scylla4,4,1,incoming,0
2026-09-21T11:50:57.658907+00:00,77,r-scylla4,4,1,outgoing,0
2026-09-21T11:50:58.659076+00:00,78,r-scylla1,4,0,incoming,0
2026-09-21T11:50:58.659076+00:00,78,r-scylla1,4,0,outgoing,0
2026-09-21T11:50:58.659076+00:00,78,r-scylla1,4,1,incoming,0
2026-09-21T11:50:58.659076+00:00,78,r-scylla1,4,1,outgoing,0
2026-09-21T11:50:58.659076+00:00,78,r-scylla2,4,0,incoming,0
2026-09-21T11:50:58.659076+00:00,78,r-scylla2,4,0,outgoing,0
2026-09-21T11:50:58.659076+00:00,78,r-scylla2,4,1,incoming,0
2026-09-21T11:50:58.659076+00:00,78,r-scylla2,4,1,outgoing,0
2026-09-21T11:50:58.659076+00:00,78,r-scylla3,4,0,incoming,0
2026-09-21T11:50:58.659076+00:00,78,r-scylla3,4,0,outgoing,0
2026-09-21T11:50:58.659076+00:00,78,r-scylla3,4,1,incoming,0
2026-09-21T11:50:58.659076+00:00,78,r-scylla3,4,1,outgoing,0
2026-09-21T11:50:58.659076+00:00,78,r-scylla4,4,0,incoming,0
2026-09-21T11:50:58.659076+00:00,78,r-scylla4,4,0,outgoing,0
2026-09-21T11:50:58.659076+00:00,78,r-scylla4,4,1,incoming,0
2026-09-21T11:50:58.659076+00:00,78,r-scylla4,4,1,outgoing,0
2026-09-21T11:50:59.659289+00:00,79,r-scylla1,4,0,incoming,0
2026-09-21T11:50:59.659289+00:00,79,r-scylla1,4,0,outgoing,0
2026-09-21T11:50:59.659289+00:00,79,r-scylla1,4,1,incoming,0
2026-09-21T11:50:59.659289+00:00,79,r-scylla1,4,1,outgoing,0
2026-09-21T11:50:59.659289+00:00,79,r-scylla2,4,0,incoming,0
2026-09-21T11:50:59.659289+00:00,79,r-scylla2,4,0,outgoing,0
2026-09-21T11:50:59.659289+00:00,79,r-scylla2,4,1,incoming,0
2026-09-21T11:50:59.659289+00:00,79,r-scylla2,4,1,outgoing,0
2026-09-21T11:50:59.659289+00:00,79,r-scylla3,4,0,incoming,0
2026-09-21T11:50:59.659289+00:00,79,r-scylla3,4,0,outgoing,0
2026-09-21T11:50:59.659289+00:00,79,r-scylla3,4,1,incoming,0
2026-09-21T11:50:59.659289+00:00,79,r-scylla3,4,1,outgoing,0
2026-09-21T11:50:59.659289+00:00,79,r-scylla4,4,0,incoming,0
2026-09-21T11:50:59.659289+00:00,79,r-scylla4,4,0,outgoing,0
2026-09-21T11:50:59.659289+00:00,79,r-scylla4,4,1,incoming,0
2026-09-21T11:50:59.659289+00:00,79,r-scylla4,4,1,outgoing,0
2026-09-21T11:51:00.656954+00:00,80,r-scylla1,4,0,incoming,0
2026-09-21T11:51:00.656954+00:00,80,r-scylla1,4,0,outgoing,0
2026-09-21T11:51:00.656954+00:00,80,r-scylla1,4,1,incoming,0
2026-09-21T11:51:00.656954+00:00,80,r-scylla1,4,1,outgoing,0
2026-09-21T11:51:00.656954+00:00,80,r-scylla2,4,0,incoming,0
2026-09-21T11:51:00.656954+00:00,80,r-scylla2,4,0,outgoing,0
2026-09-21T11:51:00.656954+00:00,80,r-scylla2,4,1,incoming,0
2026-09-21T11:51:00.656954+00:00,80,r-scylla2,4,1,outgoing,0
2026-09-21T11:51:00.656954+00:00,80,r-scylla3,4,0,incoming,0
2026-09-21T11:51:00.656954+00:00,80,r-scylla3,4,0,outgoing,0
2026-09-21T11:51:00.656954+00:00,80,r-scylla3,4,1,incoming,0
2026-09-21T11:51:00.656954+00:00,80,r-scylla3,4,1,outgoing,0
2026-09-21T11:51:00.656954+00:00,80,r-scylla4,4,0,incoming,0
2026-09-21T11:51:00.656954+00:00,80,r-scylla4,4,0,outgoing,0
2026-09-21T11:51:00.656954+00:00,80,r-scylla4,4,1,incoming,0
2026-09-21T11:51:00.656954+00:00,80,r-scylla4,4,1,outgoing,0
2026-09-21T11:51:01.657177+00:00,81,r-scylla1,4,0,incoming,0
2026-09-21T11:51:01.657177+00:00,81,r-scylla1,4,0,outgoing,0
2026-09-21T11:51:01.657177+00:00,81,r-scylla1,4,1,incoming,0
2026-09-21T11:51:01.657177+00:00,81,r-scylla1,4,1,outgoing,0
2026-09-21T11:51:01.657177+00:00,81,r-scylla2,4,0,incoming,0
2026-09-21T11:51:01.657177+00:00,81,r-scylla2,4,0,outgoing,0
2026-09-21T11:51:01.657177+00:00,81,r-scylla2,4,1,incoming,0
2026-09-21T11:51:01.657177+00:00,81,r-scylla2,4,1,outgoing,0
2026-09-21T11:51:01.657177+00:00,81,r-scylla3,4,0,incoming,0
2026-09-21T11:51:01.657177+00:00,81,r-scylla3,4,0,outgoing,0
2026-09-21T11:51:01.657177+00:00,81,r-scylla3,4,1,incoming,0
2026-09-21T11:51:01.657177+00:00,81,r-scylla3,4,1,outgoing,0
2026-09-21T11:51:01.657177+00:00,81,r-scylla4,4,0,incoming,0
2026-09-21T11:51:01.657177+00:00,81,r-scylla4,4,0,outgoing,0
2026-09-21T11:51:01.657177+00:00,81,r-scylla4,4,1,incoming,0
2026-09-21T11:51:01.657177+00:00,81,r-scylla4,4,1,outgoing,0
2026-09-21T11:51:02.657417+00:00,82,r-scylla1,4,0,incoming,0
2026-09-21T11:51:02.657417+00:00,82,r-scylla1,4,0,outgoing,0
2026-09-21T11:51:02.657417+00:00,82,r-scylla1,4,1,incoming,0
2026-09-21T11:51:02.657417+00:00,82,r-scylla1,4,1,outgoing,0
2026-09-21T11:51:02.657417+00:00,82,r-scylla2,4,0,incoming,0
2026-09-21T11:51:02.657417+00:00,82,r-scylla2,4,0,outgoing,0
2026-09-21T11:51:02.657417+00:00,82,r-scylla2,4,1,incoming,0
2026-09-21T11:51:02.657417+00:00,82,r-scylla2,4,1,outgoing,0
2026-09-21T11:51:02.657417+00:00,82,r-scylla3,4,0,incoming,0
2026-09-21T11:51:02.657417+00:00,82,r-scylla3,4,0,outgoing,0
2026-09-21T11:51:02.657417+00:00,82,r-scylla3,4,1,incoming,0
2026-09-21T11:51:02.657417+00:00,82,r-scylla3,4,1,outgoing,0
2026-09-21T11:51:02.657417+00:00,82,r-scylla4,4,0,incoming,0
2026-09-21T11:51:02.657417+00:00,82,r-scylla4,4,0,outgoing,0
2026-09-21T11:51:02.657417+00:00,82,r-scylla4,4,1,incoming,0
2026-09-21T11:51:02.657417+00:00,82,r-scylla4,4,1,outgoing,0
2026-09-21T11:51:03.657615+00:00,83,r-scylla1,4,0,incoming,0
2026-09-21T11:51:03.657615+00:00,83,r-scylla1,4,0,outgoing,0
2026-09-21T11:51:03.657615+00:00,83,r-scylla1,4,1,incoming,0
2026-09-21T11:51:03.657615+00:00,83,r-scylla1,4,1,outgoing,0
2026-09-21T11:51:03.657615+00:00,83,r-scylla2,4,0,incoming,0
2026-09-21T11:51:03.657615+00:00,83,r-scylla2,4,0,outgoing,0
2026-09-21T11:51:03.657615+00:00,83,r-scylla2,4,1,incoming,0
2026-09-21T11:51:03.657615+00:00,83,r-scylla2,4,1,outgoing,0
2026-09-21T11:51:03.657615+00:00,83,r-scylla3,4,0,incoming,0
2026-09-21T11:51:03.657615+00:00,83,r-scylla3,4,0,outgoing,0
2026-09-21T11:51:03.657615+00:00,83,r-scylla3,4,1,incoming,0
2026-09-21T11:51:03.657615+00:00,83,r-scylla3,4,1,outgoing,0
2026-09-21T11:51:03.657615+00:00,83,r-scylla4,4,0,incoming,0
2026-09-21T11:51:03.657615+00:00,83,r-scylla4,4,0,outgoing,0
2026-09-21T11:51:03.657615+00:00,83,r-scylla4,4,1,incoming,0
2026-09-21T11:51:03.657615+00:00,83,r-scylla4,4,1,outgoing,0
2026-09-21T11:51:04.657780+00:00,84,r-scylla1,4,0,incoming,0
2026-09-21T11:51:04.657780+00:00,84,r-scylla1,4,0,outgoing,0
2026-09-21T11:51:04.657780+00:00,84,r-scylla1,4,1,incoming,0
2026-09-21T11:51:04.657780+00:00,84,r-scylla1,4,1,outgoing,0
2026-09-21T11:51:04.657780+00:00,84,r-scylla2,4,0,incoming,0
2026-09-21T11:51:04.657780+00:00,84,r-scylla2,4,0,outgoing,0
2026-09-21T11:51:04.657780+00:00,84,r-scylla2,4,1,incoming,0
2026-09-21T11:51:04.657780+00:00,84,r-scylla2,4,1,outgoing,0
2026-09-21T11:51:04.657780+00:00,84,r-scylla3,4,0,incoming,0
2026-09-21T11:51:04.657780+00:00,84,r-scylla3,4,0,outgoing,0
2026-09-21T11:51:04.657780+00:00,84,r-scylla3,4,1,incoming,0
2026-09-21T11:51:04.657780+00:00,84,r-scylla3,4,1,outgoing,0
2026-09-21T11:51:04.657780+00:00,84,r-scylla4,4,0,incoming,0
2026-09-21T11:51:04.657780+00:00,84,r-scylla4,4,0,outgoing,0
2026-09-21T11:51:04.657780+00:00,84,r-scylla4,4,1,incoming,0
2026-09-21T11:51:04.657780+00:00,84,r-scylla4,4,1,outgoing,0
2026-09-21T11:51:05.657958+00:00,85,r-scylla1,4,0,incoming,0
2026-09-21T11:51:05.657958+00:00,85,r-scylla1,4,0,outgoing,0
2026-09-21T11:51:05.657958+00:00,85,r-scylla1,4,1,incoming,0
2026-09-21T11:51:05.657958+00:00,85,r-scylla1,4,1,outgoing,0
2026-09-21T11:51:05.657958+00:00,85,r-scylla2,4,0,incoming,0
2026-09-21T11:51:05.657958+00:00,85,r-scylla2,4,0,outgoing,0
2026-09-21T11:51:05.657958+00:00,85,r-scylla2,4,1,incoming,0
2026-09-21T11:51:05.657958+00:00,85,r-scylla2,4,1,outgoing,0
2026-09-21T11:51:05.657958+00:00,85,r-scylla3,4,0,incoming,0
2026-09-21T11:51:05.657958+00:00,85,r-scylla3,4,0,outgoing,0
2026-09-21T11:51:05.657958+00:00,85,r-scylla3,4,1,incoming,0
2026-09-21T11:51:05.657958+00:00,85,r-scylla3,4,1,outgoing,0
2026-09-21T11:51:05.657958+00:00,85,r-scylla4,4,0,incoming,0
2026-09-21T11:51:05.657958+00:00,85,r-scylla4,4,0,outgoing,0
2026-09-21T11:51:05.657958+00:00,85,r-scylla4,4,1,incoming,0
2026-09-21T11:51:05.657958+00:00,85,r-scylla4,4,1,outgoing,0
2026-09-21T11:51:06.658222+00:00,86,r-scylla1,4,0,incoming,0
2026-09-21T11:51:06.658222+00:00,86,r-scylla1,4,0,outgoing,0
2026-09-21T11:51:06.658222+00:00,86,r-scylla1,4,1,incoming,0
2026-09-21T11:51:06.658222+00:00,86,r-scylla1,4,1,outgoing,0
2026-09-21T11:51:06.658222+00:00,86,r-scylla2,4,0,incoming,0
2026-09-21T11:51:06.658222+00:00,86,r-scylla2,4,0,outgoing,0
2026-09-21T11:51:06.658222+00:00,86,r-scylla2,4,1,incoming,0
2026-09-21T11:51:06.658222+00:00,86,r-scylla2,4,1,outgoing,0
2026-09-21T11:51:06.658222+00:00,86,r-scylla3,4,0,incoming,0
2026-09-21T11:51:06.658222+00:00,86,r-scylla3,4,0,outgoing,0
2026-09-21T11:51:06.658222+00:00,86,r-scylla3,4,1,incoming,0
2026-09-21T11:51:06.658222+00:00,86,r-scylla3,4,1,outgoing,0
2026-09-21T11:51:06.658222+00:00,86,r-scylla4,4,0,incoming,0
2026-09-21T11:51:06.658222+00:00,86,r-scylla4,4,0,outgoing,0
2026-09-21T11:51:06.658222+00:00,86,r-scylla4,4,1,incoming,0
2026-09-21T11:51:06.658222+00:00,86,r-scylla4,4,1,outgoing,0
2026-09-21T11:51:07.658504+00:00,87,r-scylla1,4,0,incoming,0
2026-09-21T11:51:07.658504+00:00,87,r-scylla1,4,0,outgoing,0
2026-09-21T11:51:07.658504+00:00,87,r-scylla1,4,1,incoming,0
2026-09-21T11:51:07.658504+00:00,87,r-scylla1,4,1,outgoing,0
2026-09-21T11:51:07.658504+00:00,87,r-scylla2,4,0,incoming,0
2026-09-21T11:51:07.658504+00:00,87,r-scylla2,4,0,outgoing,0
2026-09-21T11:51:07.658504+00:00,87,r-scylla2,4,1,incoming,0
2026-09-21T11:51:07.658504+00:00,87,r-scylla2,4,1,outgoing,0
2026-09-21T11:51:07.658504+00:00,87,r-scylla3,4,0,incoming,0
2026-09-21T11:51:07.658504+00:00,87,r-scylla3,4,0,outgoing,0
2026-09-21T11:51:07.658504+00:00,87,r-scylla3,4,1,incoming,0
2026-09-21T11:51:07.658504+00:00,87,r-scylla3,4,1,outgoing,0
2026-09-21T11:51:07.658504+00:00,87,r-scylla4,4,0,incoming,0
2026-09-21T11:51:07.658504+00:00,87,r-scylla4,4,0,outgoing,0
2026-09-21T11:51:07.658504+00:00,87,r-scylla4,4,1,incoming,0
2026-09-21T11:51:07.658504+00:00,87,r-scylla4,4,1,outgoing,0
2026-09-21T11:51:08.658691+00:00,88,r-scylla1,4,0,incoming,0
2026-09-21T11:51:08.658691+00:00,88,r-scylla1,4,0,outgoing,0
2026-09-21T11:51:08.658691+00:00,88,r-scylla1,4,1,incoming,0
2026-09-21T11:51:08.658691+00:00,88,r-scylla1,4,1,outgoing,0
2026-09-21T11:51:08.658691+00:00,88,r-scylla2,4,0,incoming,0
2026-09-21T11:51:08.658691+00:00,88,r-scylla2,4,0,outgoing,0
2026-09-21T11:51:08.658691+00:00,88,r-scylla2,4,1,incoming,0
2026-09-21T11:51:08.658691+00:00,88,r-scylla2,4,1,outgoing,0
2026-09-21T11:51:08.658691+00:00,88,r-scylla3,4,0,incoming,0
2026-09-21T11:51:08.658691+00:00,88,r-scylla3,4,0,outgoing,0
2026-09-21T11:51:08.658691+00:00,88,r-scylla3,4,1,incoming,0
2026-09-21T11:51:08.658691+00:00,88,r-scylla3,4,1,outgoing,0
2026-09-21T11:51:08.658691+00:00,88,r-scylla4,4,0,incoming,0
2026-09-21T11:51:08.658691+00:00,88,r-scylla4,4,0,outgoing,0
2026-09-21T11:51:08.658691+00:00,88,r-scylla4,4,1,incoming,0
2026-09-21T11:51:08.658691+00:00,88,r-scylla4,4,1,outgoing,0
2026-09-21T11:51:09.659186+00:00,89,r-scylla1,4,0,incoming,0
2026-09-21T11:51:09.659186+00:00,89,r-scylla1,4,0,outgoing,0
2026-09-21T11:51:09.659186+00:00,89,r-scylla1,4,1,incoming,0
2026-09-21T11:51:09.659186+00:00,89,r-scylla1,4,1,outgoing,0
2026-09-21T11:51:09.659186+00:00,89,r-scylla2,4,0,incoming,0
2026-09-21T11:51:09.659186+00:00,89,r-scylla2,4,0,outgoing,0
2026-09-21T11:51:09.659186+00:00,89,r-scylla2,4,1,incoming,0
2026-09-21T11:51:09.659186+00:00,89,r-scylla2,4,1,outgoing,0
2026-09-21T11:51:09.659186+00:00,89,r-scylla3,4,0,incoming,0
2026-09-21T11:51:09.659186+00:00,89,r-scylla3,4,0,outgoing,0
2026-09-21T11:51:09.659186+00:00,89,r-scylla3,4,1,incoming,0
2026-09-21T11:51:09.659186+00:00,89,r-scylla3,4,1,outgoing,0
2026-09-21T11:51:09.659186+00:00,89,r-scylla4,4,0,incoming,0
2026-09-21T11:51:09.659186+00:00,89,r-scylla4,4,0,outgoing,0
2026-09-21T11:51:09.659186+00:00,89,r-scylla4,4,1,incoming,0
2026-09-21T11:51:09.659186+00:00,89,r-scylla4,4,1,outgoing,0
2026-09-21T11:51:10.659494+00:00,90,r-scylla1,4,0,incoming,0
2026-09-21T11:51:10.659494+00:00,90,r-scylla1,4,0,outgoing,0
2026-09-21T11:51:10.659494+00:00,90,r-scylla1,4,1,incoming,0
2026-09-21T11:51:10.659494+00:00,90,r-scylla1,4,1,outgoing,0
2026-09-21T11:51:10.659494+00:00,90,r-scylla2,4,0,incoming,0
2026-09-21T11:51:10.659494+00:00,90,r-scylla2,4,0,outgoing,0
2026-09-21T11:51:10.659494+00:00,90,r-scylla2,4,1,incoming,0
2026-09-21T11:51:10.659494+00:00,90,r-scylla2,4,1,outgoing,0
2026-09-21T11:51:10.659494+00:00,90,r-scylla3,4,0,incoming,0
2026-09-21T11:51:10.659494+00:00,90,r-scylla3,4,0,outgoing,0
2026-09-21T11:51:10.659494+00:00,90,r-scylla3,4,1,incoming,0
2026-09-21T11:51:10.659494+00:00,90,r-scylla3,4,1,outgoing,0
2026-09-21T11:51:10.659494+00:00,90,r-scylla4,4,0,incoming,0
2026-09-21T11:51:10.659494+00:00,90,r-scylla4,4,0,outgoing,0
2026-09-21T11:51:10.659494+00:00,90,r-scylla4,4,1,incoming,0
2026-09-21T11:51:10.659494+00:00,90,r-scylla4,4,1,outgoing,0
2026-09-21T11:51:11.659623+00:00,91,r-scylla1,4,0,incoming,0
2026-09-21T11:51:11.659623+00:00,91,r-scylla1,4,0,outgoing,0
2026-09-21T11:51:11.659623+00:00,91,r-scylla1,4,1,incoming,0
2026-09-21T11:51:11.659623+00:00,91,r-scylla1,4,1,outgoing,0
2026-09-21T11:51:11.659623+00:00,91,r-scylla2,4,0,incoming,0
2026-09-21T11:51:11.659623+00:00,91,r-scylla2,4,0,outgoing,0
2026-09-21T11:51:11.659623+00:00,91,r-scylla2,4,1,incoming,0
2026-09-21T11:51:11.659623+00:00,91,r-scylla2,4,1,outgoing,0
2026-09-21T11:51:11.659623+00:00,91,r-scylla3,4,0,incoming,0
2026-09-21T11:51:11.659623+00:00,91,r-scylla3,4,0,outgoing,0
2026-09-21T11:51:11.659623+00:00,91,r-scylla3,4,1,incoming,0
2026-09-21T11:51:11.659623+00:00,91,r-scylla3,4,1,outgoing,0
2026-09-21T11:51:11.659623+00:00,91,r-scylla4,4,0,incoming,0
2026-09-21T11:51:11.659623+00:00,91,r-scylla4,4,0,outgoing,0
2026-09-21T11:51:11.659623+00:00,91,r-scylla4,4,1,incoming,0
2026-09-21T11:51:11.659623+00:00,91,r-scylla4,4,1,outgoing,0
2026-09-21T11:51:12.659939+00:00,92,r-scylla1,4,0,incoming,0
2026-09-21T11:51:12.659939+00:00,92,r-scylla1,4,0,outgoing,0
2026-09-21T11:51:12.659939+00:00,92,r-scylla1,4,1,incoming,0
2026-09-21T11:51:12.659939+00:00,92,r-scylla1,4,1,outgoing,0
2026-09-21T11:51:12.659939+00:00,92,r-scylla2,4,0,incoming,0
2026-09-21T11:51:12.659939+00:00,92,r-scylla2,4,0,outgoing,0
2026-09-21T11:51:12.659939+00:00,92,r-scylla2,4,1,incoming,0
2026-09-21T11:51:12.659939+00:00,92,r-scylla2,4,1,outgoing,0
2026-09-21T11:51:12.659939+00:00,92,r-scylla3,4,0,incoming,0
2026-09-21T11:51:12.659939+00:00,92,r-scylla3,4,0,outgoing,0
2026-09-21T11:51:12.659939+00:00,92,r-scylla3,4,1,incoming,0
2026-09-21T11:51:12.659939+00:00,92,r-scylla3,4,1,outgoing,0
2026-09-21T11:51:12.659939+00:00,92,r-scylla4,4,0,incoming,0
2026-09-21T11:51:12.659939+00:00,92,r-scylla4,4,0,outgoing,0
2026-09-21T11:51:12.659939+00:00,92,r-scylla4,4,1,incoming,0
2026-09-21T11:51:12.659939+00:00,92,r-scylla4,4,1,outgoing,0
2026-09-21T11:51:13.660120+00:00,93,r-scylla1,4,0,incoming,0
2026-09-21T11:51:13.660120+00:00,93,r-scylla1,4,0,outgoing,0
2026-09-21T11:51:13.660120+00:00,93,r-scylla1,4,1,incoming,0
2026-09-21T11:51:13.660120+00:00,93,r-scylla1,4,1,outgoing,0
2026-09-21T11:51:13.660120+00:00,93,r-scylla2,4,0,incoming,0
2026-09-21T11:51:13.660120+00:00,93,r-scylla2,4,0,outgoing,0
2026-09-21T11:51:13.660120+00:00,93,r-scylla2,4,1,incoming,0
2026-09-21T11:51:13.660120+00:00,93,r-scylla2,4,1,outgoing,0
2026-09-21T11:51:13.660120+00:00,93,r-scylla3,4,0,incoming,0
2026-09-21T11:51:13.660120+00:00,93,r-scylla3,4,0,outgoing,0
2026-09-21T11:51:13.660120+00:00,93,r-scylla3,4,1,incoming,0
2026-09-21T11:51:13.660120+00:00,93,r-scylla3,4,1,outgoing,0
2026-09-21T11:51:13.660120+00:00,93,r-scylla4,4,0,incoming,0
2026-09-21T11:51:13.660120+00:00,93,r-scylla4,4,0,outgoing,0
2026-09-21T11:51:13.660120+00:00,93,r-scylla4,4,1,incoming,0
2026-09-21T11:51:13.660120+00:00,93,r-scylla4,4,1,outgoing,0
2026-09-21T11:51:14.660215+00:00,94,r-scylla1,4,0,incoming,0
2026-09-21T11:51:14.660215+00:00,94,r-scylla1,4,0,outgoing,0
2026-09-21T11:51:14.660215+00:00,94,r-scylla1,4,1,incoming,0
2026-09-21T11:51:14.660215+00:00,94,r-scylla1,4,1,outgoing,0
2026-09-21T11:51:14.660215+00:00,94,r-scylla2,4,0,incoming,0
2026-09-21T11:51:14.660215+00:00,94,r-scylla2,4,0,outgoing,0
2026-09-21T11:51:14.660215+00:00,94,r-scylla2,4,1,incoming,0
2026-09-21T11:51:14.660215+00:00,94,r-scylla2,4,1,outgoing,0
2026-09-21T11:51:14.660215+00:00,94,r-scylla3,4,0,incoming,0
2026-09-21T11:51:14.660215+00:00,94,r-scylla3,4,0,outgoing,0
2026-09-21T11:51:14.660215+00:00,94,r-scylla3,4,1,incoming,0
2026-09-21T11:51:14.660215+00:00,94,r-scylla3,4,1,outgoing,0
2026-09-21T11:51:14.660215+00:00,94,r-scylla4,4,0,incoming,0
2026-09-21T11:51:14.660215+00:00,94,r-scylla4,4,0,outgoing,0
2026-09-21T11:51:14.660215+00:00,94,r-scylla4,4,1,incoming,0
2026-09-21T11:51:14.660215+00:00,94,r-scylla4,4,1,outgoing,0
2026-09-21T11:51:15.660728+00:00,95,r-scylla1,4,0,incoming,0
2026-09-21T11:51:15.660728+00:00,95,r-scylla1,4,0,outgoing,0
2026-09-21T11:51:15.660728+00:00,95,r-scylla1,4,1,incoming,0
2026-09-21T11:51:15.660728+00:00,95,r-scylla1,4,1,outgoing,0
2026-09-21T11:51:15.660728+00:00,95,r-scylla2,4,0,incoming,0
2026-09-21T11:51:15.660728+00:00,95,r-scylla2,4,0,outgoing,0
2026-09-21T11:51:15.660728+00:00,95,r-scylla2,4,1,incoming,0
2026-09-21T11:51:15.660728+00:00,95,r-scylla2,4,1,outgoing,0
2026-09-21T11:51:15.660728+00:00,95,r-scylla3,4,0,incoming,0
2026-09-21T11:51:15.660728+00:00,95,r-scylla3,4,0,outgoing,0
2026-09-21T11:51:15.660728+00:00,95,r-scylla3,4,1,incoming,0
2026-09-21T11:51:15.660728+00:00,95,r-scylla3,4,1,outgoing,0
2026-09-21T11:51:15.660728+00:00,95,r-scylla4,4,0,incoming,0
2026-09-21T11:51:15.660728+00:00,95,r-scylla4,4,0,outgoing,0
2026-09-21T11:51:15.660728+00:00,95,r-scylla4,4,1,incoming,0
2026-09-21T11:51:15.660728+00:00,95,r-scylla4,4,1,outgoing,0
2026-09-21T11:51:16.660858+00:00,96,r-scylla1,4,0,incoming,0
2026-09-21T11:51:16.660858+00:00,96,r-scylla1,4,0,outgoing,0
2026-09-21T11:51:16.660858+00:00,96,r-scylla1,4,1,incoming,0
2026-09-21T11:51:16.660858+00:00,96,r-scylla1,4,1,outgoing,0
2026-09-21T11:51:16.660858+00:00,96,r-scylla2,4,0,incoming,0
2026-09-21T11:51:16.660858+00:00,96,r-scylla2,4,0,outgoing,0
2026-09-21T11:51:16.660858+00:00,96,r-scylla2,4,1,incoming,0
2026-09-21T11:51:16.660858+00:00,96,r-scylla2,4,1,outgoing,0
2026-09-21T11:51:16.660858+00:00,96,r-scylla3,4,0,incoming,0
2026-09-21T11:51:16.660858+00:00,96,r-scylla3,4,0,outgoing,0
2026-09-21T11:51:16.660858+00:00,96,r-scylla3,4,1,incoming,0
2026-09-21T11:51:16.660858+00:00,96,r-scylla3,4,1,outgoing,0
2026-09-21T11:51:16.660858+00:00,96,r-scylla4,4,0,incoming,0
2026-09-21T11:51:16.660858+00:00,96,r-scylla4,4,0,outgoing,0
2026-09-21T11:51:16.660858+00:00,96,r-scylla4,4,1,incoming,0
2026-09-21T11:51:16.660858+00:00,96,r-scylla4,4,1,outgoing,0
2026-09-21T11:51:17.660976+00:00,97,r-scylla1,4,0,incoming,0
2026-09-21T11:51:17.660976+00:00,97,r-scylla1,4,0,outgoing,0
2026-09-21T11:51:17.660976+00:00,97,r-scylla1,4,1,incoming,0
2026-09-21T11:51:17.660976+00:00,97,r-scylla1,4,1,outgoing,0
2026-09-21T11:51:17.660976+00:00,97,r-scylla2,4,0,incoming,0
2026-09-21T11:51:17.660976+00:00,97,r-scylla2,4,0,outgoing,0
2026-09-21T11:51:17.660976+00:00,97,r-scylla2,4,1,incoming,0
2026-09-21T11:51:17.660976+00:00,97,r-scylla2,4,1,outgoing,0
2026-09-21T11:51:17.660976+00:00,97,r-scylla3,4,0,incoming,0
2026-09-21T11:51:17.660976+00:00,97,r-scylla3,4,0,outgoing,0
2026-09-21T11:51:17.660976+00:00,97,r-scylla3,4,1,incoming,0
2026-09-21T11:51:17.660976+00:00,97,r-scylla3,4,1,outgoing,0
2026-09-21T11:51:17.660976+00:00,97,r-scylla4,4,0,incoming,0
2026-09-21T11:51:17.660976+00:00,97,r-scylla4,4,0,outgoing,0
2026-09-21T11:51:17.660976+00:00,97,r-scylla4,4,1,incoming,0
2026-09-21T11:51:17.660976+00:00,97,r-scylla4,4,1,outgoing,0
2026-09-21T11:51:18.661138+00:00,98,r-scylla1,4,0,incoming,0
2026-09-21T11:51:18.661138+00:00,98,r-scylla1,4,0,outgoing,0
2026-09-21T11:51:18.661138+00:00,98,r-scylla1,4,1,incoming,0
2026-09-21T11:51:18.661138+00:00,98,r-scylla1,4,1,outgoing,0
2026-09-21T11:51:18.661138+00:00,98,r-scylla2,4,0,incoming,0
2026-09-21T11:51:18.661138+00:00,98,r-scylla2,4,0,outgoing,0
2026-09-21T11:51:18.661138+00:00,98,r-scylla2,4,1,incoming,0
2026-09-21T11:51:18.661138+00:00,98,r-scylla2,4,1,outgoing,0
2026-09-21T11:51:18.661138+00:00,98,r-scylla3,4,0,incoming,0
2026-09-21T11:51:18.661138+00:00,98,r-scylla3,4,0,outgoing,0
2026-09-21T11:51:18.661138+00:00,98,r-scylla3,4,1,incoming,0
2026-09-21T11:51:18.661138+00:00,98,r-scylla3,4,1,outgoing,0
2026-09-21T11:51:18.661138+00:00,98,r-scylla4,4,0,incoming,0
2026-09-21T11:51:18.661138+00:00,98,r-scylla4,4,0,outgoing,0
2026-09-21T11:51:18.661138+00:00,98,r-scylla4,4,1,incoming,0
2026-09-21T11:51:18.661138+00:00,98,r-scylla4,4,1,outgoing,0
2026-09-21T11:51:19.661280+00:00,99,r-scylla1,4,0,incoming,0
2026-09-21T11:51:19.661280+00:00,99,r-scylla1,4,0,outgoing,0
2026-09-21T11:51:19.661280+00:00,99,r-scylla1,4,1,incoming,0
2026-09-21T11:51:19.661280+00:00,99,r-scylla1,4,1,outgoing,0
2026-09-21T11:51:19.661280+00:00,99,r-scylla2,4,0,incoming,0
2026-09-21T11:51:19.661280+00:00,99,r-scylla2,4,0,outgoing,0
2026-09-21T11:51:19.661280+00:00,99,r-scylla2,4,1,incoming,0
2026-09-21T11:51:19.661280+00:00,99,r-scylla2,4,1,outgoing,0
2026-09-21T11:51:19.661280+00:00,99,r-scylla3,4,0,incoming,0
2026-09-21T11:51:19.661280+00:00,99,r-scylla3,4,0,outgoing,0
2026-09-21T11:51:19.661280+00:00,99,r-scylla3,4,1,incoming,0
2026-09-21T11:51:19.661280+00:00,99,r-scylla3,4,1,outgoing,0
2026-09-21T11:51:19.661280+00:00,99,r-scylla4,4,0,incoming,0
2026-09-21T11:51:19.661280+00:00,99,r-scylla4,4,0,outgoing,0
2026-09-21T11:51:19.661280+00:00,99,r-scylla4,4,1,incoming,0
2026-09-21T11:51:19.661280+00:00,99,r-scylla4,4,1,outgoing,0
2026-09-21T11:51:20.661430+00:00,100,r-scylla1,4,0,incoming,0
2026-09-21T11:51:20.661430+00:00,100,r-scylla1,4,0,outgoing,0
2026-09-21T11:51:20.661430+00:00,100,r-scylla1,4,1,incoming,0
2026-09-21T11:51:20.661430+00:00,100,r-scylla1,4,1,outgoing,0
2026-09-21T11:51:20.661430+00:00,100,r-scylla2,4,0,incoming,0
2026-09-21T11:51:20.661430+00:00,100,r-scylla2,4,0,outgoing,0
2026-09-21T11:51:20.661430+00:00,100,r-scylla2,4,1,incoming,0
2026-09-21T11:51:20.661430+00:00,100,r-scylla2,4,1,outgoing,0
2026-09-21T11:51:20.661430+00:00,100,r-scylla3,4,0,incoming,0
2026-09-21T11:51:20.661430+00:00,100,r-scylla3,4,0,outgoing,0
2026-09-21T11:51:20.661430+00:00,100,r-scylla3,4,1,incoming,0
2026-09-21T11:51:20.661430+00:00,100,r-scylla3,4,1,outgoing,0
2026-09-21T11:51:20.661430+00:00,100,r-scylla4,4,0,incoming,0
2026-09-21T11:51:20.661430+00:00,100,r-scylla4,4,0,outgoing,0
2026-09-21T11:51:20.661430+00:00,100,r-scylla4,4,1,incoming,0
2026-09-21T11:51:20.661430+00:00,100,r-scylla4,4,1,outgoing,0
2026-09-21T11:51:21.661557+00:00,101,r-scylla1,4,0,incoming,0
2026-09-21T11:51:21.661557+00:00,101,r-scylla1,4,0,outgoing,0
2026-09-21T11:51:21.661557+00:00,101,r-scylla1,4,1,incoming,0
2026-09-21T11:51:21.661557+00:00,101,r-scylla1,4,1,outgoing,0
2026-09-21T11:51:21.661557+00:00,101,r-scylla2,4,0,incoming,0
2026-09-21T11:51:21.661557+00:00,101,r-scylla2,4,0,outgoing,0
2026-09-21T11:51:21.661557+00:00,101,r-scylla2,4,1,incoming,0
2026-09-21T11:51:21.661557+00:00,101,r-scylla2,4,1,outgoing,0
2026-09-21T11:51:21.661557+00:00,101,r-scylla3,4,0,incoming,0
2026-09-21T11:51:21.661557+00:00,101,r-scylla3,4,0,outgoing,0
2026-09-21T11:51:21.661557+00:00,101,r-scylla3,4,1,incoming,0
2026-09-21T11:51:21.661557+00:00,101,r-scylla3,4,1,outgoing,0
2026-09-21T11:51:21.661557+00:00,101,r-scylla4,4,0,incoming,0
2026-09-21T11:51:21.661557+00:00,101,r-scylla4,4,0,outgoing,0
2026-09-21T11:51:21.661557+00:00,101,r-scylla4,4,1,incoming,0
2026-09-21T11:51:21.661557+00:00,101,r-scylla4,4,1,outgoing,0
2026-09-21T11:51:22.661713+00:00,102,r-scylla1,4,0,incoming,0
2026-09-21T11:51:22.661713+00:00,102,r-scylla1,4,0,outgoing,0
2026-09-21T11:51:22.661713+00:00,102,r-scylla1,4,1,incoming,0
2026-09-21T11:51:22.661713+00:00,102,r-scylla1,4,1,outgoing,0
2026-09-21T11:51:22.661713+00:00,102,r-scylla2,4,0,incoming,0
2026-09-21T11:51:22.661713+00:00,102,r-scylla2,4,0,outgoing,0
2026-09-21T11:51:22.661713+00:00,102,r-scylla2,4,1,incoming,0
2026-09-21T11:51:22.661713+00:00,102,r-scylla2,4,1,outgoing,0
2026-09-21T11:51:22.661713+00:00,102,r-scylla3,4,0,incoming,0
2026-09-21T11:51:22.661713+00:00,102,r-scylla3,4,0,outgoing,0
2026-09-21T11:51:22.661713+00:00,102,r-scylla3,4,1,incoming,0
2026-09-21T11:51:22.661713+00:00,102,r-scylla3,4,1,outgoing,0
2026-09-21T11:51:22.661713+00:00,102,r-scylla4,4,0,incoming,0
2026-09-21T11:51:22.661713+00:00,102,r-scylla4,4,0,outgoing,0
2026-09-21T11:51:22.661713+00:00,102,r-scylla4,4,1,incoming,0
2026-09-21T11:51:22.661713+00:00,102,r-scylla4,4,1,outgoing,0
2026-09-21T11:51:23.662038+00:00,103,r-scylla1,4,0,incoming,0
2026-09-21T11:51:23.662038+00:00,103,r-scylla1,4,0,outgoing,0
2026-09-21T11:51:23.662038+00:00,103,r-scylla1,4,1,incoming,0
2026-09-21T11:51:23.662038+00:00,103,r-scylla1,4,1,outgoing,0
2026-09-21T11:51:23.662038+00:00,103,r-scylla2,4,0,incoming,0
2026-09-21T11:51:23.662038+00:00,103,r-scylla2,4,0,outgoing,0
2026-09-21T11:51:23.662038+00:00,103,r-scylla2,4,1,incoming,0
2026-09-21T11:51:23.662038+00:00,103,r-scylla2,4,1,outgoing,0
2026-09-21T11:51:23.662038+00:00,103,r-scylla3,4,0,incoming,0
2026-09-21T11:51:23.662038+00:00,103,r-scylla3,4,0,outgoing,0
2026-09-21T11:51:23.662038+00:00,103,r-scylla3,4,1,incoming,0
2026-09-21T11:51:23.662038+00:00,103,r-scylla3,4,1,outgoing,0
2026-09-21T11:51:23.662038+00:00,103,r-scylla4,4,0,incoming,0
2026-09-21T11:51:23.662038+00:00,103,r-scylla4,4,0,outgoing,0
2026-09-21T11:51:23.662038+00:00,103,r-scylla4,4,1,incoming,0
2026-09-21T11:51:23.662038+00:00,103,r-scylla4,4,1,outgoing,0
2026-09-21T11:51:24.662178+00:00,104,r-scylla1,4,0,incoming,0
2026-09-21T11:51:24.662178+00:00,104,r-scylla1,4,0,outgoing,0
2026-09-21T11:51:24.662178+00:00,104,r-scylla1,4,1,incoming,0
2026-09-21T11:51:24.662178+00:00,104,r-scylla1,4,1,outgoing,0
2026-09-21T11:51:24.662178+00:00,104,r-scylla2,4,0,incoming,0
2026-09-21T11:51:24.662178+00:00,104,r-scylla2,4,0,outgoing,0
2026-09-21T11:51:24.662178+00:00,104,r-scylla2,4,1,incoming,0
2026-09-21T11:51:24.662178+00:00,104,r-scylla2,4,1,outgoing,0
2026-09-21T11:51:24.662178+00:00,104,r-scylla3,4,0,incoming,0
2026-09-21T11:51:24.662178+00:00,104,r-scylla3,4,0,outgoing,0
2026-09-21T11:51:24.662178+00:00,104,r-scylla3,4,1,incoming,0
2026-09-21T11:51:24.662178+00:00,104,r-scylla3,4,1,outgoing,0
2026-09-21T11:51:24.662178+00:00,104,r-scylla4,4,0,incoming,0
2026-09-21T11:51:24.662178+00:00,104,r-scylla4,4,0,outgoing,0
2026-09-21T11:51:24.662178+00:00,104,r-scylla4,4,1,incoming,0
2026-09-21T11:51:24.662178+00:00,104,r-scylla4,4,1,outgoing,0
2026-09-21T11:51:25.662340+00:00,105,r-scylla1,4,0,incoming,0
2026-09-21T11:51:25.662340+00:00,105,r-scylla1,4,0,outgoing,0
2026-09-21T11:51:25.662340+00:00,105,r-scylla1,4,1,incoming,0
2026-09-21T11:51:25.662340+00:00,105,r-scylla1,4,1,outgoing,0
2026-09-21T11:51:25.662340+00:00,105,r-scylla2,4,0,incoming,0
2026-09-21T11:51:25.662340+00:00,105,r-scylla2,4,0,outgoing,0
2026-09-21T11:51:25.662340+00:00,105,r-scylla2,4,1,incoming,0
2026-09-21T11:51:25.662340+00:00,105,r-scylla2,4,1,outgoing,0
2026-09-21T11:51:25.662340+00:00,105,r-scylla3,4,0,incoming,0
2026-09-21T11:51:25.662340+00:00,105,r-scylla3,4,0,outgoing,0
2026-09-21T11:51:25.662340+00:00,105,r-scylla3,4,1,incoming,0
2026-09-21T11:51:25.662340+00:00,105,r-scylla3,4,1,outgoing,0
2026-09-21T11:51:25.662340+00:00,105,r-scylla4,4,0,incoming,0
2026-09-21T11:51:25.662340+00:00,105,r-scylla4,4,0,outgoing,0
2026-09-21T11:51:25.662340+00:00,105,r-scylla4,4,1,incoming,0
2026-09-21T11:51:25.662340+00:00,105,r-scylla4,4,1,outgoing,0
2026-09-21T11:51:26.662701+00:00,106,r-scylla1,4,0,incoming,0
2026-09-21T11:51:26.662701+00:00,106,r-scylla1,4,0,outgoing,0
2026-09-21T11:51:26.662701+00:00,106,r-scylla1,4,1,incoming,0
2026-09-21T11:51:26.662701+00:00,106,r-scylla1,4,1,outgoing,0
2026-09-21T11:51:26.662701+00:00,106,r-scylla2,4,0,incoming,0
2026-09-21T11:51:26.662701+00:00,106,r-scylla2,4,0,outgoing,0
2026-09-21T11:51:26.662701+00:00,106,r-scylla2,4,1,incoming,0
2026-09-21T11:51:26.662701+00:00,106,r-scylla2,4,1,outgoing,0
2026-09-21T11:51:26.662701+00:00,106,r-scylla3,4,0,incoming,0
2026-09-21T11:51:26.662701+00:00,106,r-scylla3,4,0,outgoing,0
2026-09-21T11:51:26.662701+00:00,106,r-scylla3,4,1,incoming,0
2026-09-21T11:51:26.662701+00:00,106,r-scylla3,4,1,outgoing,0
2026-09-21T11:51:26.662701+00:00,106,r-scylla4,4,0,incoming,0
2026-09-21T11:51:26.662701+00:00,106,r-scylla4,4,0,outgoing,0
2026-09-21T11:51:26.662701+00:00,106,r-scylla4,4,1,incoming,0
2026-09-21T11:51:26.662701+00:00,106,r-scylla4,4,1,outgoing,0
2026-09-21T11:51:27.662803+00:00,107,r-scylla1,4,0,incoming,0
2026-09-21T11:51:27.662803+00:00,107,r-scylla1,4,0,outgoing,0
2026-09-21T11:51:27.662803+00:00,107,r-scylla1,4,1,incoming,0
2026-09-21T11:51:27.662803+00:00,107,r-scylla1,4,1,outgoing,0
2026-09-21T11:51:27.662803+00:00,107,r-scylla2,4,0,incoming,0
2026-09-21T11:51:27.662803+00:00,107,r-scylla2,4,0,outgoing,0
2026-09-21T11:51:27.662803+00:00,107,r-scylla2,4,1,incoming,0
2026-09-21T11:51:27.662803+00:00,107,r-scylla2,4,1,outgoing,0
2026-09-21T11:51:27.662803+00:00,107,r-scylla3,4,0,incoming,0
2026-09-21T11:51:27.662803+00:00,107,r-scylla3,4,0,outgoing,0
2026-09-21T11:51:27.662803+00:00,107,r-scylla3,4,1,incoming,0
2026-09-21T11:51:27.662803+00:00,107,r-scylla3,4,1,outgoing,0
2026-09-21T11:51:27.662803+00:00,107,r-scylla4,4,0,incoming,0
2026-09-21T11:51:27.662803+00:00,107,r-scylla4,4,0,outgoing,0
2026-09-21T11:51:27.662803+00:00,107,r-scylla4,4,1,incoming,0
2026-09-21T11:51:27.662803+00:00,107,r-scylla4,4,1,outgoing,0
2026-09-21T11:51:28.662971+00:00,108,r-scylla1,4,0,incoming,0
2026-09-21T11:51:28.662971+00:00,108,r-scylla1,4,0,outgoing,0
2026-09-21T11:51:28.662971+00:00,108,r-scylla1,4,1,incoming,0
2026-09-21T11:51:28.662971+00:00,108,r-scylla1,4,1,outgoing,0
2026-09-21T11:51:28.662971+00:00,108,r-scylla2,4,0,incoming,0
2026-09-21T11:51:28.662971+00:00,108,r-scylla2,4,0,outgoing,0
2026-09-21T11:51:28.662971+00:00,108,r-scylla2,4,1,incoming,0
2026-09-21T11:51:28.662971+00:00,108,r-scylla2,4,1,outgoing,0
2026-09-21T11:51:28.662971+00:00,108,r-scylla3,4,0,incoming,0
2026-09-21T11:51:28.662971+00:00,108,r-scylla3,4,0,outgoing,0
2026-09-21T11:51:28.662971+00:00,108,r-scylla3,4,1,incoming,0
2026-09-21T11:51:28.662971+00:00,108,r-scylla3,4,1,outgoing,0
2026-09-21T11:51:28.662971+00:00,108,r-scylla4,4,0,incoming,0
2026-09-21T11:51:28.662971+00:00,108,r-scylla4,4,0,outgoing,0
2026-09-21T11:51:28.662971+00:00,108,r-scylla4,4,1,incoming,0
2026-09-21T11:51:28.662971+00:00,108,r-scylla4,4,1,outgoing,0
2026-09-21T11:51:29.663215+00:00,109,r-scylla1,4,0,incoming,0
2026-09-21T11:51:29.663215+00:00,109,r-scylla1,4,0,outgoing,0
2026-09-21T11:51:29.663215+00:00,109,r-scylla1,4,1,incoming,0
2026-09-21T11:51:29.663215+00:00,109,r-scylla1,4,1,outgoing,0
2026-09-21T11:51:29.663215+00:00,109,r-scylla2,4,0,incoming,0
2026-09-21T11:51:29.663215+00:00,109,r-scylla2,4,0,outgoing,0
2026-09-21T11:51:29.663215+00:00,109,r-scylla2,4,1,incoming,0
2026-09-21T11:51:29.663215+00:00,109,r-scylla2,4,1,outgoing,0
2026-09-21T11:51:29.663215+00:00,109,r-scylla3,4,0,incoming,0
2026-09-21T11:51:29.663215+00:00,109,r-scylla3,4,0,outgoing,0
2026-09-21T11:51:29.663215+00:00,109,r-scylla3,4,1,incoming,0
2026-09-21T11:51:29.663215+00:00,109,r-scylla3,4,1,outgoing,0
2026-09-21T11:51:29.663215+00:00,109,r-scylla4,4,0,incoming,0
2026-09-21T11:51:29.663215+00:00,109,r-scylla4,4,0,outgoing,0
2026-09-21T11:51:29.663215+00:00,109,r-scylla4,4,1,incoming,0
2026-09-21T11:51:29.663215+00:00,109,r-scylla4,4,1,outgoing,0
2026-09-21T11:51:30.661807+00:00,110,r-scylla1,4,0,incoming,0
2026-09-21T11:51:30.661807+00:00,110,r-scylla1,4,0,outgoing,0
2026-09-21T11:51:30.661807+00:00,110,r-scylla1,4,1,incoming,0
2026-09-21T11:51:30.661807+00:00,110,r-scylla1,4,1,outgoing,0
2026-09-21T11:51:30.661807+00:00,110,r-scylla2,4,0,incoming,0
2026-09-21T11:51:30.661807+00:00,110,r-scylla2,4,0,outgoing,0
2026-09-21T11:51:30.661807+00:00,110,r-scylla2,4,1,incoming,0
2026-09-21T11:51:30.661807+00:00,110,r-scylla2,4,1,outgoing,0
2026-09-21T11:51:30.661807+00:00,110,r-scylla3,4,0,incoming,0
2026-09-21T11:51:30.661807+00:00,110,r-scylla3,4,0,outgoing,0
2026-09-21T11:51:30.661807+00:00,110,r-scylla3,4,1,incoming,0
2026-09-21T11:51:30.661807+00:00,110,r-scylla3,4,1,outgoing,0
2026-09-21T11:51:30.661807+00:00,110,r-scylla4,4,0,incoming,0
2026-09-21T11:51:30.661807+00:00,110,r-scylla4,4,0,outgoing,0
2026-09-21T11:51:30.661807+00:00,110,r-scylla4,4,1,incoming,0
2026-09-21T11:51:30.661807+00:00,110,r-scylla4,4,1,outgoing,0
2026-09-21T11:51:31.661851+00:00,111,r-scylla1,4,0,incoming,0
2026-09-21T11:51:31.661851+00:00,111,r-scylla1,4,0,outgoing,0
2026-09-21T11:51:31.661851+00:00,111,r-scylla1,4,1,incoming,0
2026-09-21T11:51:31.661851+00:00,111,r-scylla1,4,1,outgoing,0
2026-09-21T11:51:31.661851+00:00,111,r-scylla2,4,0,incoming,0
2026-09-21T11:51:31.661851+00:00,111,r-scylla2,4,0,outgoing,0
2026-09-21T11:51:31.661851+00:00,111,r-scylla2,4,1,incoming,0
2026-09-21T11:51:31.661851+00:00,111,r-scylla2,4,1,outgoing,0
2026-09-21T11:51:31.661851+00:00,111,r-scylla3,4,0,incoming,0
2026-09-21T11:51:31.661851+00:00,111,r-scylla3,4,0,outgoing,0
2026-09-21T11:51:31.661851+00:00,111,r-scylla3,4,1,incoming,0
2026-09-21T11:51:31.661851+00:00,111,r-scylla3,4,1,outgoing,0
2026-09-21T11:51:31.661851+00:00,111,r-scylla4,4,0,incoming,0
2026-09-21T11:51:31.661851+00:00,111,r-scylla4,4,0,outgoing,0
2026-09-21T11:51:31.661851+00:00,111,r-scylla4,4,1,incoming,0
2026-09-21T11:51:31.661851+00:00,111,r-scylla4,4,1,outgoing,0
2026-09-21T11:51:32.662137+00:00,112,r-scylla1,4,0,incoming,0
2026-09-21T11:51:32.662137+00:00,112,r-scylla1,4,0,outgoing,0
2026-09-21T11:51:32.662137+00:00,112,r-scylla1,4,1,incoming,0
2026-09-21T11:51:32.662137+00:00,112,r-scylla1,4,1,outgoing,0
2026-09-21T11:51:32.662137+00:00,112,r-scylla2,4,0,incoming,0
2026-09-21T11:51:32.662137+00:00,112,r-scylla2,4,0,outgoing,0
2026-09-21T11:51:32.662137+00:00,112,r-scylla2,4,1,incoming,0
2026-09-21T11:51:32.662137+00:00,112,r-scylla2,4,1,outgoing,0
2026-09-21T11:51:32.662137+00:00,112,r-scylla3,4,0,incoming,0
2026-09-21T11:51:32.662137+00:00,112,r-scylla3,4,0,outgoing,0
2026-09-21T11:51:32.662137+00:00,112,r-scylla3,4,1,incoming,0
2026-09-21T11:51:32.662137+00:00,112,r-scylla3,4,1,outgoing,0
2026-09-21T11:51:32.662137+00:00,112,r-scylla4,4,0,incoming,0
2026-09-21T11:51:32.662137+00:00,112,r-scylla4,4,0,outgoing,0
2026-09-21T11:51:32.662137+00:00,112,r-scylla4,4,1,incoming,0
2026-09-21T11:51:32.662137+00:00,112,r-scylla4,4,1,outgoing,0
2026-09-21T11:51:33.907177+00:00,113,r-scylla1,4,0,incoming,0
2026-09-21T11:51:33.907177+00:00,113,r-scylla1,4,0,outgoing,0
2026-09-21T11:51:33.907177+00:00,113,r-scylla1,4,1,incoming,0
2026-09-21T11:51:33.907177+00:00,113,r-scylla1,4,1,outgoing,0
2026-09-21T11:51:33.907177+00:00,113,r-scylla2,4,0,incoming,0
2026-09-21T11:51:33.907177+00:00,113,r-scylla2,4,0,outgoing,0
2026-09-21T11:51:33.907177+00:00,113,r-scylla2,4,1,incoming,0
2026-09-21T11:51:33.907177+00:00,113,r-scylla2,4,1,outgoing,0
2026-09-21T11:51:33.907177+00:00,113,r-scylla3,4,0,incoming,0
2026-09-21T11:51:33.907177+00:00,113,r-scylla3,4,0,outgoing,0
2026-09-21T11:51:33.907177+00:00,113,r-scylla3,4,1,incoming,0
2026-09-21T11:51:33.907177+00:00,113,r-scylla3,4,1,outgoing,0
2026-09-21T11:51:33.907177+00:00,113,r-scylla4,4,0,incoming,0
2026-09-21T11:51:33.907177+00:00,113,r-scylla4,4,0,outgoing,0
2026-09-21T11:51:33.907177+00:00,113,r-scylla4,4,1,incoming,0
2026-09-21T11:51:33.907177+00:00,113,r-scylla4,4,1,outgoing,0
2026-09-21T11:51:34.907408+00:00,114,r-scylla1,4,0,incoming,0
2026-09-21T11:51:34.907408+00:00,114,r-scylla1,4,0,outgoing,0
2026-09-21T11:51:34.907408+00:00,114,r-scylla1,4,1,incoming,0
2026-09-21T11:51:34.907408+00:00,114,r-scylla1,4,1,outgoing,0
2026-09-21T11:51:34.907408+00:00,114,r-scylla2,4,0,incoming,0
2026-09-21T11:51:34.907408+00:00,114,r-scylla2,4,0,outgoing,0
2026-09-21T11:51:34.907408+00:00,114,r-scylla2,4,1,incoming,0
2026-09-21T11:51:34.907408+00:00,114,r-scylla2,4,1,outgoing,0
2026-09-21T11:51:34.907408+00:00,114,r-scylla3,4,0,incoming,0
2026-09-21T11:51:34.907408+00:00,114,r-scylla3,4,0,outgoing,0
2026-09-21T11:51:34.907408+00:00,114,r-scylla3,4,1,incoming,0
2026-09-21T11:51:34.907408+00:00,114,r-scylla3,4,1,outgoing,0
2026-09-21T11:51:34.907408+00:00,114,r-scylla4,4,0,incoming,0
2026-09-21T11:51:34.907408+00:00,114,r-scylla4,4,0,outgoing,0
2026-09-21T11:51:34.907408+00:00,114,r-scylla4,4,1,incoming,0
2026-09-21T11:51:34.907408+00:00,114,r-scylla4,4,1,outgoing,0
2026-09-21T11:51:35.907535+00:00,115,r-scylla1,4,0,incoming,0
2026-09-21T11:51:35.907535+00:00,115,r-scylla1,4,0,outgoing,0
2026-09-21T11:51:35.907535+00:00,115,r-scylla1,4,1,incoming,0
2026-09-21T11:51:35.907535+00:00,115,r-scylla1,4,1,outgoing,0
2026-09-21T11:51:35.907535+00:00,115,r-scylla2,4,0,incoming,0
2026-09-21T11:51:35.907535+00:00,115,r-scylla2,4,0,outgoing,0
2026-09-21T11:51:35.907535+00:00,115,r-scylla2,4,1,incoming,0
2026-09-21T11:51:35.907535+00:00,115,r-scylla2,4,1,outgoing,0
2026-09-21T11:51:35.907535+00:00,115,r-scylla3,4,0,incoming,0
2026-09-21T11:51:35.907535+00:00,115,r-scylla3,4,0,outgoing,0
2026-09-21T11:51:35.907535+00:00,115,r-scylla3,4,1,incoming,0
2026-09-21T11:51:35.907535+00:00,115,r-scylla3,4,1,outgoing,0
2026-09-21T11:51:35.907535+00:00,115,r-scylla4,4,0,incoming,0
2026-09-21T11:51:35.907535+00:00,115,r-scylla4,4,0,outgoing,0
2026-09-21T11:51:35.907535+00:00,115,r-scylla4,4,1,incoming,0
2026-09-21T11:51:35.907535+00:00,115,r-scylla4,4,1,outgoing,0
2026-09-21T11:51:36.907774+00:00,116,r-scylla1,4,0,incoming,0
2026-09-21T11:51:36.907774+00:00,116,r-scylla1,4,0,outgoing,0
2026-09-21T11:51:36.907774+00:00,116,r-scylla1,4,1,incoming,0
2026-09-21T11:51:36.907774+00:00,116,r-scylla1,4,1,outgoing,0
2026-09-21T11:51:36.907774+00:00,116,r-scylla2,4,0,incoming,0
2026-09-21T11:51:36.907774+00:00,116,r-scylla2,4,0,outgoing,0
2026-09-21T11:51:36.907774+00:00,116,r-scylla2,4,1,incoming,0
2026-09-21T11:51:36.907774+00:00,116,r-scylla2,4,1,outgoing,0
2026-09-21T11:51:36.907774+00:00,116,r-scylla3,4,0,incoming,0
2026-09-21T11:51:36.907774+00:00,116,r-scylla3,4,0,outgoing,0
2026-09-21T11:51:36.907774+00:00,116,r-scylla3,4,1,incoming,0
2026-09-21T11:51:36.907774+00:00,116,r-scylla3,4,1,outgoing,0
2026-09-21T11:51:36.907774+00:00,116,r-scylla4,4,0,incoming,0
2026-09-21T11:51:36.907774+00:00,116,r-scylla4,4,0,outgoing,0
2026-09-21T11:51:36.907774+00:00,116,r-scylla4,4,1,incoming,0
2026-09-21T11:51:36.907774+00:00,116,r-scylla4,4,1,outgoing,0
2026-09-21T11:51:37.907880+00:00,117,r-scylla1,4,0,incoming,0
2026-09-21T11:51:37.907880+00:00,117,r-scylla1,4,0,outgoing,0
2026-09-21T11:51:37.907880+00:00,117,r-scylla1,4,1,incoming,0
2026-09-21T11:51:37.907880+00:00,117,r-scylla1,4,1,outgoing,0
2026-09-21T11:51:37.907880+00:00,117,r-scylla2,4,0,incoming,0
2026-09-21T11:51:37.907880+00:00,117,r-scylla2,4,0,outgoing,0
2026-09-21T11:51:37.907880+00:00,117,r-scylla2,4,1,incoming,0
2026-09-21T11:51:37.907880+00:00,117,r-scylla2,4,1,outgoing,0
2026-09-21T11:51:37.907880+00:00,117,r-scylla3,4,0,incoming,0
2026-09-21T11:51:37.907880+00:00,117,r-scylla3,4,0,outgoing,0
2026-09-21T11:51:37.907880+00:00,117,r-scylla3,4,1,incoming,0
2026-09-21T11:51:37.907880+00:00,117,r-scylla3,4,1,outgoing,0
2026-09-21T11:51:37.907880+00:00,117,r-scylla4,4,0,incoming,0
2026-09-21T11:51:37.907880+00:00,117,r-scylla4,4,0,outgoing,0
2026-09-21T11:51:37.907880+00:00,117,r-scylla4,4,1,incoming,0
2026-09-21T11:51:37.907880+00:00,117,r-scylla4,4,1,outgoing,0
2026-09-21T11:51:38.908153+00:00,118,r-scylla1,4,0,incoming,0
2026-09-21T11:51:38.908153+00:00,118,r-scylla1,4,0,outgoing,0
2026-09-21T11:51:38.908153+00:00,118,r-scylla1,4,1,incoming,0
2026-09-21T11:51:38.908153+00:00,118,r-scylla1,4,1,outgoing,0
2026-09-21T11:51:38.908153+00:00,118,r-scylla2,4,0,incoming,0
2026-09-21T11:51:38.908153+00:00,118,r-scylla2,4,0,outgoing,0
2026-09-21T11:51:38.908153+00:00,118,r-scylla2,4,1,incoming,0
2026-09-21T11:51:38.908153+00:00,118,r-scylla2,4,1,outgoing,0
2026-09-21T11:51:38.908153+00:00,118,r-scylla3,4,0,incoming,0
2026-09-21T11:51:38.908153+00:00,118,r-scylla3,4,0,outgoing,0
2026-09-21T11:51:38.908153+00:00,118,r-scylla3,4,1,incoming,0
2026-09-21T11:51:38.908153+00:00,118,r-scylla3,4,1,outgoing,0
2026-09-21T11:51:38.908153+00:00,118,r-scylla4,4,0,incoming,0
2026-09-21T11:51:38.908153+00:00,118,r-scylla4,4,0,outgoing,0
2026-09-21T11:51:38.908153+00:00,118,r-scylla4,4,1,incoming,0
2026-09-21T11:51:38.908153+00:00,118,r-scylla4,4,1,outgoing,0
2026-09-21T11:51:39.908358+00:00,119,r-scylla1,4,0,incoming,0
2026-09-21T11:51:39.908358+00:00,119,r-scylla1,4,0,outgoing,0
2026-09-21T11:51:39.908358+00:00,119,r-scylla1,4,1,incoming,0
2026-09-21T11:51:39.908358+00:00,119,r-scylla1,4,1,outgoing,0
2026-09-21T11:51:39.908358+00:00,119,r-scylla2,4,0,incoming,0
2026-09-21T11:51:39.908358+00:00,119,r-scylla2,4,0,outgoing,0
2026-09-21T11:51:39.908358+00:00,119,r-scylla2,4,1,incoming,0
2026-09-21T11:51:39.908358+00:00,119,r-scylla2,4,1,outgoing,0
2026-09-21T11:51:39.908358+00:00,119,r-scylla3,4,0,incoming,0
2026-09-21T11:51:39.908358+00:00,119,r-scylla3,4,0,outgoing,0
2026-09-21T11:51:39.908358+00:00,119,r-scylla3,4,1,incoming,0
2026-09-21T11:51:39.908358+00:00,119,r-scylla3,4,1,outgoing,0
2026-09-21T11:51:39.908358+00:00,119,r-scylla4,4,0,incoming,0
2026-09-21T11:51:39.908358+00:00,119,r-scylla4,4,0,outgoing,0
2026-09-21T11:51:39.908358+00:00,119,r-scylla4,4,1,incoming,0
2026-09-21T11:51:39.908358+00:00,119,r-scylla4,4,1,outgoing,0
2026-09-21T11:51:40.908492+00:00,120,r-scylla1,4,0,incoming,0
2026-09-21T11:51:40.908492+00:00,120,r-scylla1,4,0,outgoing,0
2026-09-21T11:51:40.908492+00:00,120,r-scylla1,4,1,incoming,0
2026-09-21T11:51:40.908492+00:00,120,r-scylla1,4,1,outgoing,0
2026-09-21T11:51:40.908492+00:00,120,r-scylla2,4,0,incoming,0
2026-09-21T11:51:40.908492+00:00,120,r-scylla2,4,0,outgoing,0
2026-09-21T11:51:40.908492+00:00,120,r-scylla2,4,1,incoming,0
2026-09-21T11:51:40.908492+00:00,120,r-scylla2,4,1,outgoing,0
2026-09-21T11:51:40.908492+00:00,120,r-scylla3,4,0,incoming,0
2026-09-21T11:51:40.908492+00:00,120,r-scylla3,4,0,outgoing,0
2026-09-21T11:51:40.908492+00:00,120,r-scylla3,4,1,incoming,0
2026-09-21T11:51:40.908492+00:00,120,r-scylla3,4,1,outgoing,0
2026-09-21T11:51:40.908492+00:00,120,r-scylla4,4,0,incoming,0
2026-09-21T11:51:40.908492+00:00,120,r-scylla4,4,0,outgoing,0
2026-09-21T11:51:40.908492+00:00,120,r-scylla4,4,1,incoming,0
2026-09-21T11:51:40.908492+00:00,120,r-scylla4,4,1,outgoing,0
2026-09-21T11:51:41.908587+00:00,121,r-scylla1,4,0,incoming,0
2026-09-21T11:51:41.908587+00:00,121,r-scylla1,4,0,outgoing,0
2026-09-21T11:51:41.908587+00:00,121,r-scylla1,4,1,incoming,0
2026-09-21T11:51:41.908587+00:00,121,r-scylla1,4,1,outgoing,0
2026-09-21T11:51:41.908587+00:00,121,r-scylla2,4,0,incoming,0
2026-09-21T11:51:41.908587+00:00,121,r-scylla2,4,0,outgoing,0
2026-09-21T11:51:41.908587+00:00,121,r-scylla2,4,1,incoming,0
2026-09-21T11:51:41.908587+00:00,121,r-scylla2,4,1,outgoing,0
2026-09-21T11:51:41.908587+00:00,121,r-scylla3,4,0,incoming,0
2026-09-21T11:51:41.908587+00:00,121,r-scylla3,4,0,outgoing,0
2026-09-21T11:51:41.908587+00:00,121,r-scylla3,4,1,incoming,0
2026-09-21T11:51:41.908587+00:00,121,r-scylla3,4,1,outgoing,0
2026-09-21T11:51:41.908587+00:00,121,r-scylla4,4,0,incoming,0
2026-09-21T11:51:41.908587+00:00,121,r-scylla4,4,0,outgoing,0
2026-09-21T11:51:41.908587+00:00,121,r-scylla4,4,1,incoming,0
2026-09-21T11:51:41.908587+00:00,121,r-scylla4,4,1,outgoing,0
2026-09-21T11:51:42.908774+00:00,122,r-scylla1,4,0,incoming,0
2026-09-21T11:51:42.908774+00:00,122,r-scylla1,4,0,outgoing,0
2026-09-21T11:51:42.908774+00:00,122,r-scylla1,4,1,incoming,0
2026-09-21T11:51:42.908774+00:00,122,r-scylla1,4,1,outgoing,0
2026-09-21T11:51:42.908774+00:00,122,r-scylla2,4,0,incoming,0
2026-09-21T11:51:42.908774+00:00,122,r-scylla2,4,0,outgoing,0
2026-09-21T11:51:42.908774+00:00,122,r-scylla2,4,1,incoming,0
2026-09-21T11:51:42.908774+00:00,122,r-scylla2,4,1,outgoing,0
2026-09-21T11:51:42.908774+00:00,122,r-scylla3,4,0,incoming,0
2026-09-21T11:51:42.908774+00:00,122,r-scylla3,4,0,outgoing,0
2026-09-21T11:51:42.908774+00:00,122,r-scylla3,4,1,incoming,0
2026-09-21T11:51:42.908774+00:00,122,r-scylla3,4,1,outgoing,0
2026-09-21T11:51:42.908774+00:00,122,r-scylla4,4,0,incoming,0
2026-09-21T11:51:42.908774+00:00,122,r-scylla4,4,0,outgoing,0
2026-09-21T11:51:42.908774+00:00,122,r-scylla4,4,1,incoming,0
2026-09-21T11:51:42.908774+00:00,122,r-scylla4,4,1,outgoing,0
2026-09-21T11:51:43.908863+00:00,123,r-scylla1,4,0,incoming,0
2026-09-21T11:51:43.908863+00:00,123,r-scylla1,4,0,outgoing,0
2026-09-21T11:51:43.908863+00:00,123,r-scylla1,4,1,incoming,0
2026-09-21T11:51:43.908863+00:00,123,r-scylla1,4,1,outgoing,0
2026-09-21T11:51:43.908863+00:00,123,r-scylla2,4,0,incoming,0
2026-09-21T11:51:43.908863+00:00,123,r-scylla2,4,0,outgoing,0
2026-09-21T11:51:43.908863+00:00,123,r-scylla2,4,1,incoming,0
2026-09-21T11:51:43.908863+00:00,123,r-scylla2,4,1,outgoing,0
2026-09-21T11:51:43.908863+00:00,123,r-scylla3,4,0,incoming,0
2026-09-21T11:51:43.908863+00:00,123,r-scylla3,4,0,outgoing,0
2026-09-21T11:51:43.908863+00:00,123,r-scylla3,4,1,incoming,0
2026-09-21T11:51:43.908863+00:00,123,r-scylla3,4,1,outgoing,0
2026-09-21T11:51:43.908863+00:00,123,r-scylla4,4,0,incoming,0
2026-09-21T11:51:43.908863+00:00,123,r-scylla4,4,0,outgoing,0
2026-09-21T11:51:43.908863+00:00,123,r-scylla4,4,1,incoming,0
2026-09-21T11:51:43.908863+00:00,123,r-scylla4,4,1,outgoing,0
2026-09-21T11:51:44.908982+00:00,124,r-scylla1,4,0,incoming,0
2026-09-21T11:51:44.908982+00:00,124,r-scylla1,4,0,outgoing,0
2026-09-21T11:51:44.908982+00:00,124,r-scylla1,4,1,incoming,0
2026-09-21T11:51:44.908982+00:00,124,r-scylla1,4,1,outgoing,0
2026-09-21T11:51:44.908982+00:00,124,r-scylla2,4,0,incoming,0
2026-09-21T11:51:44.908982+00:00,124,r-scylla2,4,0,outgoing,0
2026-09-21T11:51:44.908982+00:00,124,r-scylla2,4,1,incoming,0
2026-09-21T11:51:44.908982+00:00,124,r-scylla2,4,1,outgoing,0
2026-09-21T11:51:44.908982+00:00,124,r-scylla3,4,0,incoming,0
2026-09-21T11:51:44.908982+00:00,124,r-scylla3,4,0,outgoing,0
2026-09-21T11:51:44.908982+00:00,124,r-scylla3,4,1,incoming,0
2026-09-21T11:51:44.908982+00:00,124,r-scylla3,4,1,outgoing,0
2026-09-21T11:51:44.908982+00:00,124,r-scylla4,4,0,incoming,0
2026-09-21T11:51:44.908982+00:00,124,r-scylla4,4,0,outgoing,0
2026-09-21T11:51:44.908982+00:00,124,r-scylla4,4,1,incoming,0
2026-09-21T11:51:44.908982+00:00,124,r-scylla4,4,1,outgoing,0
2026-09-21T11:51:45.909085+00:00,125,r-scylla1,4,0,incoming,0
2026-09-21T11:51:45.909085+00:00,125,r-scylla1,4,0,outgoing,0
2026-09-21T11:51:45.909085+00:00,125,r-scylla1,4,1,incoming,506
2026-09-21T11:51:45.909085+00:00,125,r-scylla1,4,1,outgoing,0
2026-09-21T11:51:45.909085+00:00,125,r-scylla2,4,0,incoming,0
2026-09-21T11:51:45.909085+00:00,125,r-scylla2,4,0,outgoing,0
2026-09-21T11:51:45.909085+00:00,125,r-scylla2,4,1,incoming,0
2026-09-21T11:51:45.909085+00:00,125,r-scylla2,4,1,outgoing,0
2026-09-21T11:51:45.909085+00:00,125,r-scylla3,4,0,incoming,0
2026-09-21T11:51:45.909085+00:00,125,r-scylla3,4,0,outgoing,0
2026-09-21T11:51:45.909085+00:00,125,r-scylla3,4,1,incoming,184392
2026-09-21T11:51:45.909085+00:00,125,r-scylla3,4,1,outgoing,0
2026-09-21T11:51:45.909085+00:00,125,r-scylla4,4,0,incoming,0
2026-09-21T11:51:45.909085+00:00,125,r-scylla4,4,0,outgoing,0
2026-09-21T11:51:45.909085+00:00,125,r-scylla4,4,1,incoming,0
2026-09-21T11:51:45.909085+00:00,125,r-scylla4,4,1,outgoing,184898
2026-09-21T11:51:46.909243+00:00,126,r-scylla1,4,0,incoming,0
2026-09-21T11:51:46.909243+00:00,126,r-scylla1,4,0,outgoing,0
2026-09-21T11:51:46.909243+00:00,126,r-scylla1,4,1,incoming,506
2026-09-21T11:51:46.909243+00:00,126,r-scylla1,4,1,outgoing,0
2026-09-21T11:51:46.909243+00:00,126,r-scylla2,4,0,incoming,0
2026-09-21T11:51:46.909243+00:00,126,r-scylla2,4,0,outgoing,0
2026-09-21T11:51:46.909243+00:00,126,r-scylla2,4,1,incoming,0
2026-09-21T11:51:46.909243+00:00,126,r-scylla2,4,1,outgoing,0
2026-09-21T11:51:46.909243+00:00,126,r-scylla3,4,0,incoming,0
2026-09-21T11:51:46.909243+00:00,126,r-scylla3,4,0,outgoing,0
2026-09-21T11:51:46.909243+00:00,126,r-scylla3,4,1,incoming,184392
2026-09-21T11:51:46.909243+00:00,126,r-scylla3,4,1,outgoing,0
2026-09-21T11:51:46.909243+00:00,126,r-scylla4,4,0,incoming,0
2026-09-21T11:51:46.909243+00:00,126,r-scylla4,4,0,outgoing,0
2026-09-21T11:51:46.909243+00:00,126,r-scylla4,4,1,incoming,0
2026-09-21T11:51:46.909243+00:00,126,r-scylla4,4,1,outgoing,184898
2026-09-21T11:51:47.909413+00:00,127,r-scylla1,4,0,incoming,0
2026-09-21T11:51:47.909413+00:00,127,r-scylla1,4,0,outgoing,0
2026-09-21T11:51:47.909413+00:00,127,r-scylla1,4,1,incoming,506
2026-09-21T11:51:47.909413+00:00,127,r-scylla1,4,1,outgoing,0
2026-09-21T11:51:47.909413+00:00,127,r-scylla2,4,0,incoming,0
2026-09-21T11:51:47.909413+00:00,127,r-scylla2,4,0,outgoing,0
2026-09-21T11:51:47.909413+00:00,127,r-scylla2,4,1,incoming,0
2026-09-21T11:51:47.909413+00:00,127,r-scylla2,4,1,outgoing,0
2026-09-21T11:51:47.909413+00:00,127,r-scylla3,4,0,incoming,0
2026-09-21T11:51:47.909413+00:00,127,r-scylla3,4,0,outgoing,0
2026-09-21T11:51:47.909413+00:00,127,r-scylla3,4,1,incoming,184392
2026-09-21T11:51:47.909413+00:00,127,r-scylla3,4,1,outgoing,0
2026-09-21T11:51:47.909413+00:00,127,r-scylla4,4,0,incoming,0
2026-09-21T11:51:47.909413+00:00,127,r-scylla4,4,0,outgoing,0
2026-09-21T11:51:47.909413+00:00,127,r-scylla4,4,1,incoming,0
2026-09-21T11:51:47.909413+00:00,127,r-scylla4,4,1,outgoing,184898
2026-09-21T11:51:48.909670+00:00,128,r-scylla1,4,0,incoming,0
2026-09-21T11:51:48.909670+00:00,128,r-scylla1,4,0,outgoing,0
2026-09-21T11:51:48.909670+00:00,128,r-scylla1,4,1,incoming,506
2026-09-21T11:51:48.909670+00:00,128,r-scylla1,4,1,outgoing,0
2026-09-21T11:51:48.909670+00:00,128,r-scylla2,4,0,incoming,0
2026-09-21T11:51:48.909670+00:00,128,r-scylla2,4,0,outgoing,0
2026-09-21T11:51:48.909670+00:00,128,r-scylla2,4,1,incoming,0
2026-09-21T11:51:48.909670+00:00,128,r-scylla2,4,1,outgoing,0
2026-09-21T11:51:48.909670+00:00,128,r-scylla3,4,0,incoming,0
2026-09-21T11:51:48.909670+00:00,128,r-scylla3,4,0,outgoing,0
2026-09-21T11:51:48.909670+00:00,128,r-scylla3,4,1,incoming,184392
2026-09-21T11:51:48.909670+00:00,128,r-scylla3,4,1,outgoing,0
2026-09-21T11:51:48.909670+00:00,128,r-scylla4,4,0,incoming,0
2026-09-21T11:51:48.909670+00:00,128,r-scylla4,4,0,outgoing,0
2026-09-21T11:51:48.909670+00:00,128,r-scylla4,4,1,incoming,0
2026-09-21T11:51:48.909670+00:00,128,r-scylla4,4,1,outgoing,184898
2026-09-21T11:51:49.909853+00:00,129,r-scylla1,4,0,incoming,0
2026-09-21T11:51:49.909853+00:00,129,r-scylla1,4,0,outgoing,0
2026-09-21T11:51:49.909853+00:00,129,r-scylla1,4,1,incoming,506
2026-09-21T11:51:49.909853+00:00,129,r-scylla1,4,1,outgoing,0
2026-09-21T11:51:49.909853+00:00,129,r-scylla2,4,0,incoming,0
2026-09-21T11:51:49.909853+00:00,129,r-scylla2,4,0,outgoing,0
2026-09-21T11:51:49.909853+00:00,129,r-scylla2,4,1,incoming,0
2026-09-21T11:51:49.909853+00:00,129,r-scylla2,4,1,outgoing,0
2026-09-21T11:51:49.909853+00:00,129,r-scylla3,4,0,incoming,0
2026-09-21T11:51:49.909853+00:00,129,r-scylla3,4,0,outgoing,0
2026-09-21T11:51:49.909853+00:00,129,r-scylla3,4,1,incoming,184392
2026-09-21T11:51:49.909853+00:00,129,r-scylla3,4,1,outgoing,0
2026-09-21T11:51:49.909853+00:00,129,r-scylla4,4,0,incoming,0
2026-09-21T11:51:49.909853+00:00,129,r-scylla4,4,0,outgoing,0
2026-09-21T11:51:49.909853+00:00,129,r-scylla4,4,1,incoming,0
2026-09-21T11:51:49.909853+00:00,129,r-scylla4,4,1,outgoing,184898
2026-09-21T11:51:50.910053+00:00,130,r-scylla1,4,0,incoming,0
2026-09-21T11:51:50.910053+00:00,130,r-scylla1,4,0,outgoing,0
2026-09-21T11:51:50.910053+00:00,130,r-scylla1,4,1,incoming,506
2026-09-21T11:51:50.910053+00:00,130,r-scylla1,4,1,outgoing,0
2026-09-21T11:51:50.910053+00:00,130,r-scylla2,4,0,incoming,0
2026-09-21T11:51:50.910053+00:00,130,r-scylla2,4,0,outgoing,0
2026-09-21T11:51:50.910053+00:00,130,r-scylla2,4,1,incoming,0
2026-09-21T11:51:50.910053+00:00,130,r-scylla2,4,1,outgoing,0
2026-09-21T11:51:50.910053+00:00,130,r-scylla3,4,0,incoming,0
2026-09-21T11:51:50.910053+00:00,130,r-scylla3,4,0,outgoing,0
2026-09-21T11:51:50.910053+00:00,130,r-scylla3,4,1,incoming,184392
2026-09-21T11:51:50.910053+00:00,130,r-scylla3,4,1,outgoing,0
2026-09-21T11:51:50.910053+00:00,130,r-scylla4,4,0,incoming,0
2026-09-21T11:51:50.910053+00:00,130,r-scylla4,4,0,outgoing,0
2026-09-21T11:51:50.910053+00:00,130,r-scylla4,4,1,incoming,0
2026-09-21T11:51:50.910053+00:00,130,r-scylla4,4,1,outgoing,184898
2026-09-21T11:51:51.910166+00:00,131,r-scylla1,4,0,incoming,0
2026-09-21T11:51:51.910166+00:00,131,r-scylla1,4,0,outgoing,0
2026-09-21T11:51:51.910166+00:00,131,r-scylla1,4,1,incoming,506
2026-09-21T11:51:51.910166+00:00,131,r-scylla1,4,1,outgoing,0
2026-09-21T11:51:51.910166+00:00,131,r-scylla2,4,0,incoming,0
2026-09-21T11:51:51.910166+00:00,131,r-scylla2,4,0,outgoing,0
2026-09-21T11:51:51.910166+00:00,131,r-scylla2,4,1,incoming,0
2026-09-21T11:51:51.910166+00:00,131,r-scylla2,4,1,outgoing,0
2026-09-21T11:51:51.910166+00:00,131,r-scylla3,4,0,incoming,0
2026-09-21T11:51:51.910166+00:00,131,r-scylla3,4,0,outgoing,0
2026-09-21T11:51:51.910166+00:00,131,r-scylla3,4,1,incoming,184392
2026-09-21T11:51:51.910166+00:00,131,r-scylla3,4,1,outgoing,0
2026-09-21T11:51:51.910166+00:00,131,r-scylla4,4,0,incoming,0
2026-09-21T11:51:51.910166+00:00,131,r-scylla4,4,0,outgoing,0
2026-09-21T11:51:51.910166+00:00,131,r-scylla4,4,1,incoming,0
2026-09-21T11:51:51.910166+00:00,131,r-scylla4,4,1,outgoing,184898
2026-09-21T11:51:52.910367+00:00,132,r-scylla1,4,0,incoming,0
2026-09-21T11:51:52.910367+00:00,132,r-scylla1,4,0,outgoing,0
2026-09-21T11:51:52.910367+00:00,132,r-scylla1,4,1,incoming,506
2026-09-21T11:51:52.910367+00:00,132,r-scylla1,4,1,outgoing,0
2026-09-21T11:51:52.910367+00:00,132,r-scylla2,4,0,incoming,0
2026-09-21T11:51:52.910367+00:00,132,r-scylla2,4,0,outgoing,0
2026-09-21T11:51:52.910367+00:00,132,r-scylla2,4,1,incoming,0
2026-09-21T11:51:52.910367+00:00,132,r-scylla2,4,1,outgoing,0
2026-09-21T11:51:52.910367+00:00,132,r-scylla3,4,0,incoming,0
2026-09-21T11:51:52.910367+00:00,132,r-scylla3,4,0,outgoing,0
2026-09-21T11:51:52.910367+00:00,132,r-scylla3,4,1,incoming,184392
2026-09-21T11:51:52.910367+00:00,132,r-scylla3,4,1,outgoing,0
2026-09-21T11:51:52.910367+00:00,132,r-scylla4,4,0,incoming,0
2026-09-21T11:51:52.910367+00:00,132,r-scylla4,4,0,outgoing,0
2026-09-21T11:51:52.910367+00:00,132,r-scylla4,4,1,incoming,0
2026-09-21T11:51:52.910367+00:00,132,r-scylla4,4,1,outgoing,184898
2026-09-21T11:51:53.910519+00:00,133,r-scylla1,4,0,incoming,0
2026-09-21T11:51:53.910519+00:00,133,r-scylla1,4,0,outgoing,0
2026-09-21T11:51:53.910519+00:00,133,r-scylla1,4,1,incoming,506
2026-09-21T11:51:53.910519+00:00,133,r-scylla1,4,1,outgoing,0
2026-09-21T11:51:53.910519+00:00,133,r-scylla2,4,0,incoming,0
2026-09-21T11:51:53.910519+00:00,133,r-scylla2,4,0,outgoing,0
2026-09-21T11:51:53.910519+00:00,133,r-scylla2,4,1,incoming,0
2026-09-21T11:51:53.910519+00:00,133,r-scylla2,4,1,outgoing,0
2026-09-21T11:51:53.910519+00:00,133,r-scylla3,4,0,incoming,0
2026-09-21T11:51:53.910519+00:00,133,r-scylla3,4,0,outgoing,0
2026-09-21T11:51:53.910519+00:00,133,r-scylla3,4,1,incoming,184392
2026-09-21T11:51:53.910519+00:00,133,r-scylla3,4,1,outgoing,0
2026-09-21T11:51:53.910519+00:00,133,r-scylla4,4,0,incoming,0
2026-09-21T11:51:53.910519+00:00,133,r-scylla4,4,0,outgoing,0
2026-09-21T11:51:53.910519+00:00,133,r-scylla4,4,1,incoming,0
2026-09-21T11:51:53.910519+00:00,133,r-scylla4,4,1,outgoing,184898
2026-09-21T11:51:54.910631+00:00,134,r-scylla1,4,0,incoming,0
2026-09-21T11:51:54.910631+00:00,134,r-scylla1,4,0,outgoing,0
2026-09-21T11:51:54.910631+00:00,134,r-scylla1,4,1,incoming,506
2026-09-21T11:51:54.910631+00:00,134,r-scylla1,4,1,outgoing,0
2026-09-21T11:51:54.910631+00:00,134,r-scylla2,4,0,incoming,0
2026-09-21T11:51:54.910631+00:00,134,r-scylla2,4,0,outgoing,0
2026-09-21T11:51:54.910631+00:00,134,r-scylla2,4,1,incoming,0
2026-09-21T11:51:54.910631+00:00,134,r-scylla2,4,1,outgoing,0
2026-09-21T11:51:54.910631+00:00,134,r-scylla3,4,0,incoming,0
2026-09-21T11:51:54.910631+00:00,134,r-scylla3,4,0,outgoing,0
2026-09-21T11:51:54.910631+00:00,134,r-scylla3,4,1,incoming,184392
2026-09-21T11:51:54.910631+00:00,134,r-scylla3,4,1,outgoing,0
2026-09-21T11:51:54.910631+00:00,134,r-scylla4,4,0,incoming,0
2026-09-21T11:51:54.910631+00:00,134,r-scylla4,4,0,outgoing,0
2026-09-21T11:51:54.910631+00:00,134,r-scylla4,4,1,incoming,0
2026-09-21T11:51:54.910631+00:00,134,r-scylla4,4,1,outgoing,184898
2026-09-21T11:51:55.910812+00:00,135,r-scylla1,4,0,incoming,0
2026-09-21T11:51:55.910812+00:00,135,r-scylla1,4,0,outgoing,0
2026-09-21T11:51:55.910812+00:00,135,r-scylla1,4,1,incoming,506
2026-09-21T11:51:55.910812+00:00,135,r-scylla1,4,1,outgoing,0
2026-09-21T11:51:55.910812+00:00,135,r-scylla2,4,0,incoming,0
2026-09-21T11:51:55.910812+00:00,135,r-scylla2,4,0,outgoing,0
2026-09-21T11:51:55.910812+00:00,135,r-scylla2,4,1,incoming,0
2026-09-21T11:51:55.910812+00:00,135,r-scylla2,4,1,outgoing,0
2026-09-21T11:51:55.910812+00:00,135,r-scylla3,4,0,incoming,0
2026-09-21T11:51:55.910812+00:00,135,r-scylla3,4,0,outgoing,0
2026-09-21T11:51:55.910812+00:00,135,r-scylla3,4,1,incoming,184392
2026-09-21T11:51:55.910812+00:00,135,r-scylla3,4,1,outgoing,0
2026-09-21T11:51:55.910812+00:00,135,r-scylla4,4,0,incoming,0
2026-09-21T11:51:55.910812+00:00,135,r-scylla4,4,0,outgoing,0
2026-09-21T11:51:55.910812+00:00,135,r-scylla4,4,1,incoming,0
2026-09-21T11:51:55.910812+00:00,135,r-scylla4,4,1,outgoing,184898
2026-09-21T11:51:56.911121+00:00,136,r-scylla1,4,0,incoming,0
2026-09-21T11:51:56.911121+00:00,136,r-scylla1,4,0,outgoing,0
2026-09-21T11:51:56.911121+00:00,136,r-scylla1,4,1,incoming,506
2026-09-21T11:51:56.911121+00:00,136,r-scylla1,4,1,outgoing,0
2026-09-21T11:51:56.911121+00:00,136,r-scylla2,4,0,incoming,0
2026-09-21T11:51:56.911121+00:00,136,r-scylla2,4,0,outgoing,0
2026-09-21T11:51:56.911121+00:00,136,r-scylla2,4,1,incoming,0
2026-09-21T11:51:56.911121+00:00,136,r-scylla2,4,1,outgoing,0
2026-09-21T11:51:56.911121+00:00,136,r-scylla3,4,0,incoming,0
2026-09-21T11:51:56.911121+00:00,136,r-scylla3,4,0,outgoing,0
2026-09-21T11:51:56.911121+00:00,136,r-scylla3,4,1,incoming,184392
2026-09-21T11:51:56.911121+00:00,136,r-scylla3,4,1,outgoing,0
2026-09-21T11:51:56.911121+00:00,136,r-scylla4,4,0,incoming,0
2026-09-21T11:51:56.911121+00:00,136,r-scylla4,4,0,outgoing,0
2026-09-21T11:51:56.911121+00:00,136,r-scylla4,4,1,incoming,0
2026-09-21T11:51:56.911121+00:00,136,r-scylla4,4,1,outgoing,184898
2026-09-21T11:51:57.911403+00:00,137,r-scylla1,4,0,incoming,0
2026-09-21T11:51:57.911403+00:00,137,r-scylla1,4,0,outgoing,0
2026-09-21T11:51:57.911403+00:00,137,r-scylla1,4,1,incoming,506
2026-09-21T11:51:57.911403+00:00,137,r-scylla1,4,1,outgoing,0
2026-09-21T11:51:57.911403+00:00,137,r-scylla2,4,0,incoming,0
2026-09-21T11:51:57.911403+00:00,137,r-scylla2,4,0,outgoing,0
2026-09-21T11:51:57.911403+00:00,137,r-scylla2,4,1,incoming,0
2026-09-21T11:51:57.911403+00:00,137,r-scylla2,4,1,outgoing,0
2026-09-21T11:51:57.911403+00:00,137,r-scylla3,4,0,incoming,0
2026-09-21T11:51:57.911403+00:00,137,r-scylla3,4,0,outgoing,0
2026-09-21T11:51:57.911403+00:00,137,r-scylla3,4,1,incoming,184392
2026-09-21T11:51:57.911403+00:00,137,r-scylla3,4,1,outgoing,0
2026-09-21T11:51:57.911403+00:00,137,r-scylla4,4,0,incoming,0
2026-09-21T11:51:57.911403+00:00,137,r-scylla4,4,0,outgoing,0
2026-09-21T11:51:57.911403+00:00,137,r-scylla4,4,1,incoming,0
2026-09-21T11:51:57.911403+00:00,137,r-scylla4,4,1,outgoing,184898
2026-09-21T11:51:58.911793+00:00,138,r-scylla1,4,0,incoming,0
2026-09-21T11:51:58.911793+00:00,138,r-scylla1,4,0,outgoing,0
2026-09-21T11:51:58.911793+00:00,138,r-scylla1,4,1,incoming,506
2026-09-21T11:51:58.911793+00:00,138,r-scylla1,4,1,outgoing,0
2026-09-21T11:51:58.911793+00:00,138,r-scylla2,4,0,incoming,0
2026-09-21T11:51:58.911793+00:00,138,r-scylla2,4,0,outgoing,0
2026-09-21T11:51:58.911793+00:00,138,r-scylla2,4,1,incoming,0
2026-09-21T11:51:58.911793+00:00,138,r-scylla2,4,1,outgoing,0
2026-09-21T11:51:58.911793+00:00,138,r-scylla3,4,0,incoming,0
2026-09-21T11:51:58.911793+00:00,138,r-scylla3,4,0,outgoing,0
2026-09-21T11:51:58.911793+00:00,138,r-scylla3,4,1,incoming,184392
2026-09-21T11:51:58.911793+00:00,138,r-scylla3,4,1,outgoing,0
2026-09-21T11:51:58.911793+00:00,138,r-scylla4,4,0,incoming,0
2026-09-21T11:51:58.911793+00:00,138,r-scylla4,4,0,outgoing,0
2026-09-21T11:51:58.911793+00:00,138,r-scylla4,4,1,incoming,0
2026-09-21T11:51:58.911793+00:00,138,r-scylla4,4,1,outgoing,184898
2026-09-21T11:51:59.911916+00:00,139,r-scylla1,4,0,incoming,0
2026-09-21T11:51:59.911916+00:00,139,r-scylla1,4,0,outgoing,0
2026-09-21T11:51:59.911916+00:00,139,r-scylla1,4,1,incoming,506
2026-09-21T11:51:59.911916+00:00,139,r-scylla1,4,1,outgoing,0
2026-09-21T11:51:59.911916+00:00,139,r-scylla2,4,0,incoming,0
2026-09-21T11:51:59.911916+00:00,139,r-scylla2,4,0,outgoing,0
2026-09-21T11:51:59.911916+00:00,139,r-scylla2,4,1,incoming,0
2026-09-21T11:51:59.911916+00:00,139,r-scylla2,4,1,outgoing,0
2026-09-21T11:51:59.911916+00:00,139,r-scylla3,4,0,incoming,0
2026-09-21T11:51:59.911916+00:00,139,r-scylla3,4,0,outgoing,0
2026-09-21T11:51:59.911916+00:00,139,r-scylla3,4,1,incoming,184392
2026-09-21T11:51:59.911916+00:00,139,r-scylla3,4,1,outgoing,0
2026-09-21T11:51:59.911916+00:00,139,r-scylla4,4,0,incoming,0
2026-09-21T11:51:59.911916+00:00,139,r-scylla4,4,0,outgoing,0
2026-09-21T11:51:59.911916+00:00,139,r-scylla4,4,1,incoming,0
2026-09-21T11:51:59.911916+00:00,139,r-scylla4,4,1,outgoing,184898
2026-09-21T11:52:00.909469+00:00,140,r-scylla1,4,0,incoming,0
2026-09-21T11:52:00.909469+00:00,140,r-scylla1,4,0,outgoing,0
2026-09-21T11:52:00.909469+00:00,140,r-scylla1,4,1,incoming,506
2026-09-21T11:52:00.909469+00:00,140,r-scylla1,4,1,outgoing,0
2026-09-21T11:52:00.909469+00:00,140,r-scylla2,4,0,incoming,0
2026-09-21T11:52:00.909469+00:00,140,r-scylla2,4,0,outgoing,0
2026-09-21T11:52:00.909469+00:00,140,r-scylla2,4,1,incoming,0
2026-09-21T11:52:00.909469+00:00,140,r-scylla2,4,1,outgoing,0
2026-09-21T11:52:00.909469+00:00,140,r-scylla3,4,0,incoming,0
2026-09-21T11:52:00.909469+00:00,140,r-scylla3,4,0,outgoing,0
2026-09-21T11:52:00.909469+00:00,140,r-scylla3,4,1,incoming,184392
2026-09-21T11:52:00.909469+00:00,140,r-scylla3,4,1,outgoing,0
2026-09-21T11:52:00.909469+00:00,140,r-scylla4,4,0,incoming,0
2026-09-21T11:52:00.909469+00:00,140,r-scylla4,4,0,outgoing,0
2026-09-21T11:52:00.909469+00:00,140,r-scylla4,4,1,incoming,0
2026-09-21T11:52:00.909469+00:00,140,r-scylla4,4,1,outgoing,184898
2026-09-21T11:52:01.909655+00:00,141,r-scylla1,4,0,incoming,0
2026-09-21T11:52:01.909655+00:00,141,r-scylla1,4,0,outgoing,0
2026-09-21T11:52:01.909655+00:00,141,r-scylla1,4,1,incoming,506
2026-09-21T11:52:01.909655+00:00,141,r-scylla1,4,1,outgoing,0
2026-09-21T11:52:01.909655+00:00,141,r-scylla2,4,0,incoming,0
2026-09-21T11:52:01.909655+00:00,141,r-scylla2,4,0,outgoing,0
2026-09-21T11:52:01.909655+00:00,141,r-scylla2,4,1,incoming,0
2026-09-21T11:52:01.909655+00:00,141,r-scylla2,4,1,outgoing,0
2026-09-21T11:52:01.909655+00:00,141,r-scylla3,4,0,incoming,0
2026-09-21T11:52:01.909655+00:00,141,r-scylla3,4,0,outgoing,0
2026-09-21T11:52:01.909655+00:00,141,r-scylla3,4,1,incoming,184392
2026-09-21T11:52:01.909655+00:00,141,r-scylla3,4,1,outgoing,0
2026-09-21T11:52:01.909655+00:00,141,r-scylla4,4,0,incoming,0
2026-09-21T11:52:01.909655+00:00,141,r-scylla4,4,0,outgoing,0
2026-09-21T11:52:01.909655+00:00,141,r-scylla4,4,1,incoming,0
2026-09-21T11:52:01.909655+00:00,141,r-scylla4,4,1,outgoing,184898
2026-09-21T11:52:02.909914+00:00,142,r-scylla1,4,0,incoming,0
2026-09-21T11:52:02.909914+00:00,142,r-scylla1,4,0,outgoing,0
2026-09-21T11:52:02.909914+00:00,142,r-scylla1,4,1,incoming,506
2026-09-21T11:52:02.909914+00:00,142,r-scylla1,4,1,outgoing,0
2026-09-21T11:52:02.909914+00:00,142,r-scylla2,4,0,incoming,0
2026-09-21T11:52:02.909914+00:00,142,r-scylla2,4,0,outgoing,0
2026-09-21T11:52:02.909914+00:00,142,r-scylla2,4,1,incoming,0
2026-09-21T11:52:02.909914+00:00,142,r-scylla2,4,1,outgoing,0
2026-09-21T11:52:02.909914+00:00,142,r-scylla3,4,0,incoming,0
2026-09-21T11:52:02.909914+00:00,142,r-scylla3,4,0,outgoing,0
2026-09-21T11:52:02.909914+00:00,142,r-scylla3,4,1,incoming,184392
2026-09-21T11:52:02.909914+00:00,142,r-scylla3,4,1,outgoing,0
2026-09-21T11:52:02.909914+00:00,142,r-scylla4,4,0,incoming,0
2026-09-21T11:52:02.909914+00:00,142,r-scylla4,4,0,outgoing,0
2026-09-21T11:52:02.909914+00:00,142,r-scylla4,4,1,incoming,0
2026-09-21T11:52:02.909914+00:00,142,r-scylla4,4,1,outgoing,184898
2026-09-21T11:52:03.910201+00:00,143,r-scylla1,4,0,incoming,0
2026-09-21T11:52:03.910201+00:00,143,r-scylla1,4,0,outgoing,0
2026-09-21T11:52:03.910201+00:00,143,r-scylla1,4,1,incoming,506
2026-09-21T11:52:03.910201+00:00,143,r-scylla1,4,1,outgoing,0
2026-09-21T11:52:03.910201+00:00,143,r-scylla2,4,0,incoming,0
2026-09-21T11:52:03.910201+00:00,143,r-scylla2,4,0,outgoing,0
2026-09-21T11:52:03.910201+00:00,143,r-scylla2,4,1,incoming,0
2026-09-21T11:52:03.910201+00:00,143,r-scylla2,4,1,outgoing,0
2026-09-21T11:52:03.910201+00:00,143,r-scylla3,4,0,incoming,0
2026-09-21T11:52:03.910201+00:00,143,r-scylla3,4,0,outgoing,0
2026-09-21T11:52:03.910201+00:00,143,r-scylla3,4,1,incoming,184392
2026-09-21T11:52:03.910201+00:00,143,r-scylla3,4,1,outgoing,0
2026-09-21T11:52:03.910201+00:00,143,r-scylla4,4,0,incoming,0
2026-09-21T11:52:03.910201+00:00,143,r-scylla4,4,0,outgoing,0
2026-09-21T11:52:03.910201+00:00,143,r-scylla4,4,1,incoming,0
2026-09-21T11:52:03.910201+00:00,143,r-scylla4,4,1,outgoing,184898
2026-09-21T11:52:04.910400+00:00,144,r-scylla1,4,0,incoming,0
2026-09-21T11:52:04.910400+00:00,144,r-scylla1,4,0,outgoing,0
2026-09-21T11:52:04.910400+00:00,144,r-scylla1,4,1,incoming,506
2026-09-21T11:52:04.910400+00:00,144,r-scylla1,4,1,outgoing,0
2026-09-21T11:52:04.910400+00:00,144,r-scylla2,4,0,incoming,0
2026-09-21T11:52:04.910400+00:00,144,r-scylla2,4,0,outgoing,0
2026-09-21T11:52:04.910400+00:00,144,r-scylla2,4,1,incoming,0
2026-09-21T11:52:04.910400+00:00,144,r-scylla2,4,1,outgoing,0
2026-09-21T11:52:04.910400+00:00,144,r-scylla3,4,0,incoming,0
2026-09-21T11:52:04.910400+00:00,144,r-scylla3,4,0,outgoing,0
2026-09-21T11:52:04.910400+00:00,144,r-scylla3,4,1,incoming,184392
2026-09-21T11:52:04.910400+00:00,144,r-scylla3,4,1,outgoing,0
2026-09-21T11:52:04.910400+00:00,144,r-scylla4,4,0,incoming,0
2026-09-21T11:52:04.910400+00:00,144,r-scylla4,4,0,outgoing,0
2026-09-21T11:52:04.910400+00:00,144,r-scylla4,4,1,incoming,0
2026-09-21T11:52:04.910400+00:00,144,r-scylla4,4,1,outgoing,184898
2026-09-21T11:52:05.910683+00:00,145,r-scylla1,4,0,incoming,0
2026-09-21T11:52:05.910683+00:00,145,r-scylla1,4,0,outgoing,0
2026-09-21T11:52:05.910683+00:00,145,r-scylla1,4,1,incoming,506
2026-09-21T11:52:05.910683+00:00,145,r-scylla1,4,1,outgoing,0
2026-09-21T11:52:05.910683+00:00,145,r-scylla2,4,0,incoming,0
2026-09-21T11:52:05.910683+00:00,145,r-scylla2,4,0,outgoing,0
2026-09-21T11:52:05.910683+00:00,145,r-scylla2,4,1,incoming,0
2026-09-21T11:52:05.910683+00:00,145,r-scylla2,4,1,outgoing,0
2026-09-21T11:52:05.910683+00:00,145,r-scylla3,4,0,incoming,0
2026-09-21T11:52:05.910683+00:00,145,r-scylla3,4,0,outgoing,0
2026-09-21T11:52:05.910683+00:00,145,r-scylla3,4,1,incoming,184392
2026-09-21T11:52:05.910683+00:00,145,r-scylla3,4,1,outgoing,0
2026-09-21T11:52:05.910683+00:00,145,r-scylla4,4,0,incoming,0
2026-09-21T11:52:05.910683+00:00,145,r-scylla4,4,0,outgoing,0
2026-09-21T11:52:05.910683+00:00,145,r-scylla4,4,1,incoming,0
2026-09-21T11:52:05.910683+00:00,145,r-scylla4,4,1,outgoing,184898
2026-09-21T11:52:06.910893+00:00,146,r-scylla1,4,0,incoming,0
2026-09-21T11:52:06.910893+00:00,146,r-scylla1,4,0,outgoing,0
2026-09-21T11:52:06.910893+00:00,146,r-scylla1,4,1,incoming,506
2026-09-21T11:52:06.910893+00:00,146,r-scylla1,4,1,outgoing,0
2026-09-21T11:52:06.910893+00:00,146,r-scylla2,4,0,incoming,0
2026-09-21T11:52:06.910893+00:00,146,r-scylla2,4,0,outgoing,0
2026-09-21T11:52:06.910893+00:00,146,r-scylla2,4,1,incoming,0
2026-09-21T11:52:06.910893+00:00,146,r-scylla2,4,1,outgoing,0
2026-09-21T11:52:06.910893+00:00,146,r-scylla3,4,0,incoming,0
2026-09-21T11:52:06.910893+00:00,146,r-scylla3,4,0,outgoing,0
2026-09-21T11:52:06.910893+00:00,146,r-scylla3,4,1,incoming,184392
2026-09-21T11:52:06.910893+00:00,146,r-scylla3,4,1,outgoing,0
2026-09-21T11:52:06.910893+00:00,146,r-scylla4,4,0,incoming,0
2026-09-21T11:52:06.910893+00:00,146,r-scylla4,4,0,outgoing,0
2026-09-21T11:52:06.910893+00:00,146,r-scylla4,4,1,incoming,0
2026-09-21T11:52:06.910893+00:00,146,r-scylla4,4,1,outgoing,184898
2026-09-21T11:52:07.911145+00:00,147,r-scylla1,4,0,incoming,0
2026-09-21T11:52:07.911145+00:00,147,r-scylla1,4,0,outgoing,0
2026-09-21T11:52:07.911145+00:00,147,r-scylla1,4,1,incoming,506
2026-09-21T11:52:07.911145+00:00,147,r-scylla1,4,1,outgoing,0
2026-09-21T11:52:07.911145+00:00,147,r-scylla2,4,0,incoming,0
2026-09-21T11:52:07.911145+00:00,147,r-scylla2,4,0,outgoing,0
2026-09-21T11:52:07.911145+00:00,147,r-scylla2,4,1,incoming,0
2026-09-21T11:52:07.911145+00:00,147,r-scylla2,4,1,outgoing,0
2026-09-21T11:52:07.911145+00:00,147,r-scylla3,4,0,incoming,0
2026-09-21T11:52:07.911145+00:00,147,r-scylla3,4,0,outgoing,0
2026-09-21T11:52:07.911145+00:00,147,r-scylla3,4,1,incoming,184392
2026-09-21T11:52:07.911145+00:00,147,r-scylla3,4,1,outgoing,0
2026-09-21T11:52:07.911145+00:00,147,r-scylla4,4,0,incoming,0
2026-09-21T11:52:07.911145+00:00,147,r-scylla4,4,0,outgoing,0
2026-09-21T11:52:07.911145+00:00,147,r-scylla4,4,1,incoming,0
2026-09-21T11:52:07.911145+00:00,147,r-scylla4,4,1,outgoing,184898
2026-09-21T11:52:08.911268+00:00,148,r-scylla1,4,0,incoming,0
2026-09-21T11:52:08.911268+00:00,148,r-scylla1,4,0,outgoing,0
2026-09-21T11:52:08.911268+00:00,148,r-scylla1,4,1,incoming,506
2026-09-21T11:52:08.911268+00:00,148,r-scylla1,4,1,outgoing,0
2026-09-21T11:52:08.911268+00:00,148,r-scylla2,4,0,incoming,0
2026-09-21T11:52:08.911268+00:00,148,r-scylla2,4,0,outgoing,0
2026-09-21T11:52:08.911268+00:00,148,r-scylla2,4,1,incoming,0
2026-09-21T11:52:08.911268+00:00,148,r-scylla2,4,1,outgoing,0
2026-09-21T11:52:08.911268+00:00,148,r-scylla3,4,0,incoming,0
2026-09-21T11:52:08.911268+00:00,148,r-scylla3,4,0,outgoing,0
2026-09-21T11:52:08.911268+00:00,148,r-scylla3,4,1,incoming,184392
2026-09-21T11:52:08.911268+00:00,148,r-scylla3,4,1,outgoing,0
2026-09-21T11:52:08.911268+00:00,148,r-scylla4,4,0,incoming,0
2026-09-21T11:52:08.911268+00:00,148,r-scylla4,4,0,outgoing,0
2026-09-21T11:52:08.911268+00:00,148,r-scylla4,4,1,incoming,0
2026-09-21T11:52:08.911268+00:00,148,r-scylla4,4,1,outgoing,184898
2026-09-21T11:52:09.911341+00:00,149,r-scylla1,4,0,incoming,0
2026-09-21T11:52:09.911341+00:00,149,r-scylla1,4,0,outgoing,0
2026-09-21T11:52:09.911341+00:00,149,r-scylla1,4,1,incoming,506
2026-09-21T11:52:09.911341+00:00,149,r-scylla1,4,1,outgoing,0
2026-09-21T11:52:09.911341+00:00,149,r-scylla2,4,0,incoming,0
2026-09-21T11:52:09.911341+00:00,149,r-scylla2,4,0,outgoing,0
2026-09-21T11:52:09.911341+00:00,149,r-scylla2,4,1,incoming,0
2026-09-21T11:52:09.911341+00:00,149,r-scylla2,4,1,outgoing,0
2026-09-21T11:52:09.911341+00:00,149,r-scylla3,4,0,incoming,0
2026-09-21T11:52:09.911341+00:00,149,r-scylla3,4,0,outgoing,0
2026-09-21T11:52:09.911341+00:00,149,r-scylla3,4,1,incoming,184392
2026-09-21T11:52:09.911341+00:00,149,r-scylla3,4,1,outgoing,0
2026-09-21T11:52:09.911341+00:00,149,r-scylla4,4,0,incoming,0
2026-09-21T11:52:09.911341+00:00,149,r-scylla4,4,0,outgoing,0
2026-09-21T11:52:09.911341+00:00,149,r-scylla4,4,1,incoming,0
2026-09-21T11:52:09.911341+00:00,149,r-scylla4,4,1,outgoing,184898
2026-09-21T11:52:10.911457+00:00,150,r-scylla1,4,0,incoming,0
2026-09-21T11:52:10.911457+00:00,150,r-scylla1,4,0,outgoing,0
2026-09-21T11:52:10.911457+00:00,150,r-scylla1,4,1,incoming,506
2026-09-21T11:52:10.911457+00:00,150,r-scylla1,4,1,outgoing,0
2026-09-21T11:52:10.911457+00:00,150,r-scylla2,4,0,incoming,0
2026-09-21T11:52:10.911457+00:00,150,r-scylla2,4,0,outgoing,0
2026-09-21T11:52:10.911457+00:00,150,r-scylla2,4,1,incoming,0
2026-09-21T11:52:10.911457+00:00,150,r-scylla2,4,1,outgoing,0
2026-09-21T11:52:10.911457+00:00,150,r-scylla3,4,0,incoming,0
2026-09-21T11:52:10.911457+00:00,150,r-scylla3,4,0,outgoing,0
2026-09-21T11:52:10.911457+00:00,150,r-scylla3,4,1,incoming,184392
2026-09-21T11:52:10.911457+00:00,150,r-scylla3,4,1,outgoing,0
2026-09-21T11:52:10.911457+00:00,150,r-scylla4,4,0,incoming,0
2026-09-21T11:52:10.911457+00:00,150,r-scylla4,4,0,outgoing,0
2026-09-21T11:52:10.911457+00:00,150,r-scylla4,4,1,incoming,0
2026-09-21T11:52:10.911457+00:00,150,r-scylla4,4,1,outgoing,184898
2026-09-21T11:52:11.911626+00:00,151,r-scylla1,4,0,incoming,0
2026-09-21T11:52:11.911626+00:00,151,r-scylla1,4,0,outgoing,0
2026-09-21T11:52:11.911626+00:00,151,r-scylla1,4,1,incoming,506
2026-09-21T11:52:11.911626+00:00,151,r-scylla1,4,1,outgoing,0
2026-09-21T11:52:11.911626+00:00,151,r-scylla2,4,0,incoming,0
2026-09-21T11:52:11.911626+00:00,151,r-scylla2,4,0,outgoing,0
2026-09-21T11:52:11.911626+00:00,151,r-scylla2,4,1,incoming,0
2026-09-21T11:52:11.911626+00:00,151,r-scylla2,4,1,outgoing,0
2026-09-21T11:52:11.911626+00:00,151,r-scylla3,4,0,incoming,0
2026-09-21T11:52:11.911626+00:00,151,r-scylla3,4,0,outgoing,0
2026-09-21T11:52:11.911626+00:00,151,r-scylla3,4,1,incoming,184392
2026-09-21T11:52:11.911626+00:00,151,r-scylla3,4,1,outgoing,0
2026-09-21T11:52:11.911626+00:00,151,r-scylla4,4,0,incoming,0
2026-09-21T11:52:11.911626+00:00,151,r-scylla4,4,0,outgoing,0
2026-09-21T11:52:11.911626+00:00,151,r-scylla4,4,1,incoming,0
2026-09-21T11:52:11.911626+00:00,151,r-scylla4,4,1,outgoing,184898
2026-09-21T11:52:12.911770+00:00,152,r-scylla1,4,0,incoming,0
2026-09-21T11:52:12.911770+00:00,152,r-scylla1,4,0,outgoing,0
2026-09-21T11:52:12.911770+00:00,152,r-scylla1,4,1,incoming,506
2026-09-21T11:52:12.911770+00:00,152,r-scylla1,4,1,outgoing,0
2026-09-21T11:52:12.911770+00:00,152,r-scylla2,4,0,incoming,0
2026-09-21T11:52:12.911770+00:00,152,r-scylla2,4,0,outgoing,0
2026-09-21T11:52:12.911770+00:00,152,r-scylla2,4,1,incoming,0
2026-09-21T11:52:12.911770+00:00,152,r-scylla2,4,1,outgoing,0
2026-09-21T11:52:12.911770+00:00,152,r-scylla3,4,0,incoming,0
2026-09-21T11:52:12.911770+00:00,152,r-scylla3,4,0,outgoing,0
2026-09-21T11:52:12.911770+00:00,152,r-scylla3,4,1,incoming,184392
2026-09-21T11:52:12.911770+00:00,152,r-scylla3,4,1,outgoing,0
2026-09-21T11:52:12.911770+00:00,152,r-scylla4,4,0,incoming,0
2026-09-21T11:52:12.911770+00:00,152,r-scylla4,4,0,outgoing,0
2026-09-21T11:52:12.911770+00:00,152,r-scylla4,4,1,incoming,0
2026-09-21T11:52:12.911770+00:00,152,r-scylla4,4,1,outgoing,184898
2026-09-21T11:52:13.911945+00:00,153,r-scylla1,4,0,incoming,0
2026-09-21T11:52:13.911945+00:00,153,r-scylla1,4,0,outgoing,0
2026-09-21T11:52:13.911945+00:00,153,r-scylla1,4,1,incoming,506
2026-09-21T11:52:13.911945+00:00,153,r-scylla1,4,1,outgoing,0
2026-09-21T11:52:13.911945+00:00,153,r-scylla2,4,0,incoming,0
2026-09-21T11:52:13.911945+00:00,153,r-scylla2,4,0,outgoing,0
2026-09-21T11:52:13.911945+00:00,153,r-scylla2,4,1,incoming,0
2026-09-21T11:52:13.911945+00:00,153,r-scylla2,4,1,outgoing,0
2026-09-21T11:52:13.911945+00:00,153,r-scylla3,4,0,incoming,0
2026-09-21T11:52:13.911945+00:00,153,r-scylla3,4,0,outgoing,0
2026-09-21T11:52:13.911945+00:00,153,r-scylla3,4,1,incoming,184392
2026-09-21T11:52:13.911945+00:00,153,r-scylla3,4,1,outgoing,0
2026-09-21T11:52:13.911945+00:00,153,r-scylla4,4,0,incoming,0
2026-09-21T11:52:13.911945+00:00,153,r-scylla4,4,0,outgoing,0
2026-09-21T11:52:13.911945+00:00,153,r-scylla4,4,1,incoming,0
2026-09-21T11:52:13.911945+00:00,153,r-scylla4,4,1,outgoing,184898
2026-09-21T11:52:14.912312+00:00,154,r-scylla1,4,0,incoming,0
2026-09-21T11:52:14.912312+00:00,154,r-scylla1,4,0,outgoing,0
2026-09-21T11:52:14.912312+00:00,154,r-scylla1,4,1,incoming,506
2026-09-21T11:52:14.912312+00:00,154,r-scylla1,4,1,outgoing,0
2026-09-21T11:52:14.912312+00:00,154,r-scylla2,4,0,incoming,0
2026-09-21T11:52:14.912312+00:00,154,r-scylla2,4,0,outgoing,0
2026-09-21T11:52:14.912312+00:00,154,r-scylla2,4,1,incoming,0
2026-09-21T11:52:14.912312+00:00,154,r-scylla2,4,1,outgoing,0
2026-09-21T11:52:14.912312+00:00,154,r-scylla3,4,0,incoming,0
2026-09-21T11:52:14.912312+00:00,154,r-scylla3,4,0,outgoing,0
2026-09-21T11:52:14.912312+00:00,154,r-scylla3,4,1,incoming,184392
2026-09-21T11:52:14.912312+00:00,154,r-scylla3,4,1,outgoing,0
2026-09-21T11:52:14.912312+00:00,154,r-scylla4,4,0,incoming,0
2026-09-21T11:52:14.912312+00:00,154,r-scylla4,4,0,outgoing,0
2026-09-21T11:52:14.912312+00:00,154,r-scylla4,4,1,incoming,0
2026-09-21T11:52:14.912312+00:00,154,r-scylla4,4,1,outgoing,184898
2026-09-21T11:52:15.912681+00:00,155,r-scylla1,4,0,incoming,0
2026-09-21T11:52:15.912681+00:00,155,r-scylla1,4,0,outgoing,0
2026-09-21T11:52:15.912681+00:00,155,r-scylla1,4,1,incoming,506
2026-09-21T11:52:15.912681+00:00,155,r-scylla1,4,1,outgoing,0
2026-09-21T11:52:15.912681+00:00,155,r-scylla2,4,0,incoming,0
2026-09-21T11:52:15.912681+00:00,155,r-scylla2,4,0,outgoing,0
2026-09-21T11:52:15.912681+00:00,155,r-scylla2,4,1,incoming,0
2026-09-21T11:52:15.912681+00:00,155,r-scylla2,4,1,outgoing,0
2026-09-21T11:52:15.912681+00:00,155,r-scylla3,4,0,incoming,0
2026-09-21T11:52:15.912681+00:00,155,r-scylla3,4,0,outgoing,0
2026-09-21T11:52:15.912681+00:00,155,r-scylla3,4,1,incoming,184392
2026-09-21T11:52:15.912681+00:00,155,r-scylla3,4,1,outgoing,0
2026-09-21T11:52:15.912681+00:00,155,r-scylla4,4,0,incoming,0
2026-09-21T11:52:15.912681+00:00,155,r-scylla4,4,0,outgoing,0
2026-09-21T11:52:15.912681+00:00,155,r-scylla4,4,1,incoming,0
2026-09-21T11:52:15.912681+00:00,155,r-scylla4,4,1,outgoing,184898
2026-09-21T11:52:16.912796+00:00,156,r-scylla1,4,0,incoming,0
2026-09-21T11:52:16.912796+00:00,156,r-scylla1,4,0,outgoing,0
2026-09-21T11:52:16.912796+00:00,156,r-scylla1,4,1,incoming,506
2026-09-21T11:52:16.912796+00:00,156,r-scylla1,4,1,outgoing,0
2026-09-21T11:52:16.912796+00:00,156,r-scylla2,4,0,incoming,0
2026-09-21T11:52:16.912796+00:00,156,r-scylla2,4,0,outgoing,0
2026-09-21T11:52:16.912796+00:00,156,r-scylla2,4,1,incoming,0
2026-09-21T11:52:16.912796+00:00,156,r-scylla2,4,1,outgoing,0
2026-09-21T11:52:16.912796+00:00,156,r-scylla3,4,0,incoming,0
2026-09-21T11:52:16.912796+00:00,156,r-scylla3,4,0,outgoing,0
2026-09-21T11:52:16.912796+00:00,156,r-scylla3,4,1,incoming,184392
2026-09-21T11:52:16.912796+00:00,156,r-scylla3,4,1,outgoing,0
2026-09-21T11:52:16.912796+00:00,156,r-scylla4,4,0,incoming,0
2026-09-21T11:52:16.912796+00:00,156,r-scylla4,4,0,outgoing,0
2026-09-21T11:52:16.912796+00:00,156,r-scylla4,4,1,incoming,0
2026-09-21T11:52:16.912796+00:00,156,r-scylla4,4,1,outgoing,184898
2026-09-21T11:52:17.912977+00:00,157,r-scylla1,4,0,incoming,0
2026-09-21T11:52:17.912977+00:00,157,r-scylla1,4,0,outgoing,0
2026-09-21T11:52:17.912977+00:00,157,r-scylla1,4,1,incoming,506
2026-09-21T11:52:17.912977+00:00,157,r-scylla1,4,1,outgoing,0
2026-09-21T11:52:17.912977+00:00,157,r-scylla2,4,0,incoming,0
2026-09-21T11:52:17.912977+00:00,157,r-scylla2,4,0,outgoing,0
2026-09-21T11:52:17.912977+00:00,157,r-scylla2,4,1,incoming,0
2026-09-21T11:52:17.912977+00:00,157,r-scylla2,4,1,outgoing,0
2026-09-21T11:52:17.912977+00:00,157,r-scylla3,4,0,incoming,0
2026-09-21T11:52:17.912977+00:00,157,r-scylla3,4,0,outgoing,0
2026-09-21T11:52:17.912977+00:00,157,r-scylla3,4,1,incoming,184392
2026-09-21T11:52:17.912977+00:00,157,r-scylla3,4,1,outgoing,0
2026-09-21T11:52:17.912977+00:00,157,r-scylla4,4,0,incoming,0
2026-09-21T11:52:17.912977+00:00,157,r-scylla4,4,0,outgoing,0
2026-09-21T11:52:17.912977+00:00,157,r-scylla4,4,1,incoming,0
2026-09-21T11:52:17.912977+00:00,157,r-scylla4,4,1,outgoing,184898
2026-09-21T11:52:18.913264+00:00,158,r-scylla1,4,0,incoming,0
2026-09-21T11:52:18.913264+00:00,158,r-scylla1,4,0,outgoing,0
2026-09-21T11:52:18.913264+00:00,158,r-scylla1,4,1,incoming,506
2026-09-21T11:52:18.913264+00:00,158,r-scylla1,4,1,outgoing,0
2026-09-21T11:52:18.913264+00:00,158,r-scylla2,4,0,incoming,0
2026-09-21T11:52:18.913264+00:00,158,r-scylla2,4,0,outgoing,0
2026-09-21T11:52:18.913264+00:00,158,r-scylla2,4,1,incoming,0
2026-09-21T11:52:18.913264+00:00,158,r-scylla2,4,1,outgoing,0
2026-09-21T11:52:18.913264+00:00,158,r-scylla3,4,0,incoming,0
2026-09-21T11:52:18.913264+00:00,158,r-scylla3,4,0,outgoing,0
2026-09-21T11:52:18.913264+00:00,158,r-scylla3,4,1,incoming,184392
2026-09-21T11:52:18.913264+00:00,158,r-scylla3,4,1,outgoing,0
2026-09-21T11:52:18.913264+00:00,158,r-scylla4,4,0,incoming,0
2026-09-21T11:52:18.913264+00:00,158,r-scylla4,4,0,outgoing,0
2026-09-21T11:52:18.913264+00:00,158,r-scylla4,4,1,incoming,0
2026-09-21T11:52:18.913264+00:00,158,r-scylla4,4,1,outgoing,184898
2026-09-21T11:52:19.913515+00:00,159,r-scylla1,4,0,incoming,0
2026-09-21T11:52:19.913515+00:00,159,r-scylla1,4,0,outgoing,0
2026-09-21T11:52:19.913515+00:00,159,r-scylla1,4,1,incoming,506
2026-09-21T11:52:19.913515+00:00,159,r-scylla1,4,1,outgoing,0
2026-09-21T11:52:19.913515+00:00,159,r-scylla2,4,0,incoming,0
2026-09-21T11:52:19.913515+00:00,159,r-scylla2,4,0,outgoing,0
2026-09-21T11:52:19.913515+00:00,159,r-scylla2,4,1,incoming,0
2026-09-21T11:52:19.913515+00:00,159,r-scylla2,4,1,outgoing,0
2026-09-21T11:52:19.913515+00:00,159,r-scylla3,4,0,incoming,0
2026-09-21T11:52:19.913515+00:00,159,r-scylla3,4,0,outgoing,0
2026-09-21T11:52:19.913515+00:00,159,r-scylla3,4,1,incoming,184392
2026-09-21T11:52:19.913515+00:00,159,r-scylla3,4,1,outgoing,0
2026-09-21T11:52:19.913515+00:00,159,r-scylla4,4,0,incoming,0
2026-09-21T11:52:19.913515+00:00,159,r-scylla4,4,0,outgoing,0
2026-09-21T11:52:19.913515+00:00,159,r-scylla4,4,1,incoming,0
2026-09-21T11:52:19.913515+00:00,159,r-scylla4,4,1,outgoing,184898
2026-09-21T11:52:20.913702+00:00,160,r-scylla1,4,0,incoming,0
2026-09-21T11:52:20.913702+00:00,160,r-scylla1,4,0,outgoing,0
2026-09-21T11:52:20.913702+00:00,160,r-scylla1,4,1,incoming,506
2026-09-21T11:52:20.913702+00:00,160,r-scylla1,4,1,outgoing,0
2026-09-21T11:52:20.913702+00:00,160,r-scylla2,4,0,incoming,0
2026-09-21T11:52:20.913702+00:00,160,r-scylla2,4,0,outgoing,0
2026-09-21T11:52:20.913702+00:00,160,r-scylla2,4,1,incoming,0
2026-09-21T11:52:20.913702+00:00,160,r-scylla2,4,1,outgoing,0
2026-09-21T11:52:20.913702+00:00,160,r-scylla3,4,0,incoming,0
2026-09-21T11:52:20.913702+00:00,160,r-scylla3,4,0,outgoing,0
2026-09-21T11:52:20.913702+00:00,160,r-scylla3,4,1,incoming,184392
2026-09-21T11:52:20.913702+00:00,160,r-scylla3,4,1,outgoing,0
2026-09-21T11:52:20.913702+00:00,160,r-scylla4,4,0,incoming,0
2026-09-21T11:52:20.913702+00:00,160,r-scylla4,4,0,outgoing,0
2026-09-21T11:52:20.913702+00:00,160,r-scylla4,4,1,incoming,0
2026-09-21T11:52:20.913702+00:00,160,r-scylla4,4,1,outgoing,184898
2026-09-21T11:52:21.913828+00:00,161,r-scylla1,4,0,incoming,0
2026-09-21T11:52:21.913828+00:00,161,r-scylla1,4,0,outgoing,0
2026-09-21T11:52:21.913828+00:00,161,r-scylla1,4,1,incoming,506
2026-09-21T11:52:21.913828+00:00,161,r-scylla1,4,1,outgoing,0
2026-09-21T11:52:21.913828+00:00,161,r-scylla2,4,0,incoming,0
2026-09-21T11:52:21.913828+00:00,161,r-scylla2,4,0,outgoing,0
2026-09-21T11:52:21.913828+00:00,161,r-scylla2,4,1,incoming,0
2026-09-21T11:52:21.913828+00:00,161,r-scylla2,4,1,outgoing,0
2026-09-21T11:52:21.913828+00:00,161,r-scylla3,4,0,incoming,0
2026-09-21T11:52:21.913828+00:00,161,r-scylla3,4,0,outgoing,0
2026-09-21T11:52:21.913828+00:00,161,r-scylla3,4,1,incoming,184392
2026-09-21T11:52:21.913828+00:00,161,r-scylla3,4,1,outgoing,0
2026-09-21T11:52:21.913828+00:00,161,r-scylla4,4,0,incoming,0
2026-09-21T11:52:21.913828+00:00,161,r-scylla4,4,0,outgoing,0
2026-09-21T11:52:21.913828+00:00,161,r-scylla4,4,1,incoming,0
2026-09-21T11:52:21.913828+00:00,161,r-scylla4,4,1,outgoing,184898
2026-09-21T11:52:22.914104+00:00,162,r-scylla1,4,0,incoming,0
2026-09-21T11:52:22.914104+00:00,162,r-scylla1,4,0,outgoing,0
2026-09-21T11:52:22.914104+00:00,162,r-scylla1,4,1,incoming,506
2026-09-21T11:52:22.914104+00:00,162,r-scylla1,4,1,outgoing,0
2026-09-21T11:52:22.914104+00:00,162,r-scylla2,4,0,incoming,0
2026-09-21T11:52:22.914104+00:00,162,r-scylla2,4,0,outgoing,0
2026-09-21T11:52:22.914104+00:00,162,r-scylla2,4,1,incoming,0
2026-09-21T11:52:22.914104+00:00,162,r-scylla2,4,1,outgoing,0
2026-09-21T11:52:22.914104+00:00,162,r-scylla3,4,0,incoming,0
2026-09-21T11:52:22.914104+00:00,162,r-scylla3,4,0,outgoing,0
2026-09-21T11:52:22.914104+00:00,162,r-scylla3,4,1,incoming,184392
2026-09-21T11:52:22.914104+00:00,162,r-scylla3,4,1,outgoing,0
2026-09-21T11:52:22.914104+00:00,162,r-scylla4,4,0,incoming,0
2026-09-21T11:52:22.914104+00:00,162,r-scylla4,4,0,outgoing,0
2026-09-21T11:52:22.914104+00:00,162,r-scylla4,4,1,incoming,0
2026-09-21T11:52:22.914104+00:00,162,r-scylla4,4,1,outgoing,184898
2026-09-21T11:52:23.914268+00:00,163,r-scylla1,4,0,incoming,0
2026-09-21T11:52:23.914268+00:00,163,r-scylla1,4,0,outgoing,0
2026-09-21T11:52:23.914268+00:00,163,r-scylla1,4,1,incoming,506
2026-09-21T11:52:23.914268+00:00,163,r-scylla1,4,1,outgoing,0
2026-09-21T11:52:23.914268+00:00,163,r-scylla2,4,0,incoming,0
2026-09-21T11:52:23.914268+00:00,163,r-scylla2,4,0,outgoing,0
2026-09-21T11:52:23.914268+00:00,163,r-scylla2,4,1,incoming,0
2026-09-21T11:52:23.914268+00:00,163,r-scylla2,4,1,outgoing,0
2026-09-21T11:52:23.914268+00:00,163,r-scylla3,4,0,incoming,0
2026-09-21T11:52:23.914268+00:00,163,r-scylla3,4,0,outgoing,0
2026-09-21T11:52:23.914268+00:00,163,r-scylla3,4,1,incoming,184392
2026-09-21T11:52:23.914268+00:00,163,r-scylla3,4,1,outgoing,0
2026-09-21T11:52:23.914268+00:00,163,r-scylla4,4,0,incoming,0
2026-09-21T11:52:23.914268+00:00,163,r-scylla4,4,0,outgoing,0
2026-09-21T11:52:23.914268+00:00,163,r-scylla4,4,1,incoming,0
2026-09-21T11:52:23.914268+00:00,163,r-scylla4,4,1,outgoing,184898
2026-09-21T11:52:24.914590+00:00,164,r-scylla1,4,0,incoming,0
2026-09-21T11:52:24.914590+00:00,164,r-scylla1,4,0,outgoing,0
2026-09-21T11:52:24.914590+00:00,164,r-scylla1,4,1,incoming,506
2026-09-21T11:52:24.914590+00:00,164,r-scylla1,4,1,outgoing,0
2026-09-21T11:52:24.914590+00:00,164,r-scylla2,4,0,incoming,0
2026-09-21T11:52:24.914590+00:00,164,r-scylla2,4,0,outgoing,0
2026-09-21T11:52:24.914590+00:00,164,r-scylla2,4,1,incoming,0
2026-09-21T11:52:24.914590+00:00,164,r-scylla2,4,1,outgoing,0
2026-09-21T11:52:24.914590+00:00,164,r-scylla3,4,0,incoming,0
2026-09-21T11:52:24.914590+00:00,164,r-scylla3,4,0,outgoing,0
2026-09-21T11:52:24.914590+00:00,164,r-scylla3,4,1,incoming,184392
2026-09-21T11:52:24.914590+00:00,164,r-scylla3,4,1,outgoing,0
2026-09-21T11:52:24.914590+00:00,164,r-scylla4,4,0,incoming,0
2026-09-21T11:52:24.914590+00:00,164,r-scylla4,4,0,outgoing,0
2026-09-21T11:52:24.914590+00:00,164,r-scylla4,4,1,incoming,0
2026-09-21T11:52:24.914590+00:00,164,r-scylla4,4,1,outgoing,184898
2026-09-21T11:52:25.914762+00:00,165,r-scylla1,4,0,incoming,0
2026-09-21T11:52:25.914762+00:00,165,r-scylla1,4,0,outgoing,0
2026-09-21T11:52:25.914762+00:00,165,r-scylla1,4,1,incoming,506
2026-09-21T11:52:25.914762+00:00,165,r-scylla1,4,1,outgoing,0
2026-09-21T11:52:25.914762+00:00,165,r-scylla2,4,0,incoming,0
2026-09-21T11:52:25.914762+00:00,165,r-scylla2,4,0,outgoing,0
2026-09-21T11:52:25.914762+00:00,165,r-scylla2,4,1,incoming,0
2026-09-21T11:52:25.914762+00:00,165,r-scylla2,4,1,outgoing,0
2026-09-21T11:52:25.914762+00:00,165,r-scylla3,4,0,incoming,0
2026-09-21T11:52:25.914762+00:00,165,r-scylla3,4,0,outgoing,0
2026-09-21T11:52:25.914762+00:00,165,r-scylla3,4,1,incoming,184392
2026-09-21T11:52:25.914762+00:00,165,r-scylla3,4,1,outgoing,0
2026-09-21T11:52:25.914762+00:00,165,r-scylla4,4,0,incoming,0
2026-09-21T11:52:25.914762+00:00,165,r-scylla4,4,0,outgoing,0
2026-09-21T11:52:25.914762+00:00,165,r-scylla4,4,1,incoming,0
2026-09-21T11:52:25.914762+00:00,165,r-scylla4,4,1,outgoing,184898
2026-09-21T11:52:26.914941+00:00,166,r-scylla1,4,0,incoming,0
2026-09-21T11:52:26.914941+00:00,166,r-scylla1,4,0,outgoing,0
2026-09-21T11:52:26.914941+00:00,166,r-scylla1,4,1,incoming,506
2026-09-21T11:52:26.914941+00:00,166,r-scylla1,4,1,outgoing,0
2026-09-21T11:52:26.914941+00:00,166,r-scylla2,4,0,incoming,0
2026-09-21T11:52:26.914941+00:00,166,r-scylla2,4,0,outgoing,0
2026-09-21T11:52:26.914941+00:00,166,r-scylla2,4,1,incoming,0
2026-09-21T11:52:26.914941+00:00,166,r-scylla2,4,1,outgoing,0
2026-09-21T11:52:26.914941+00:00,166,r-scylla3,4,0,incoming,0
2026-09-21T11:52:26.914941+00:00,166,r-scylla3,4,0,outgoing,0
2026-09-21T11:52:26.914941+00:00,166,r-scylla3,4,1,incoming,184392
2026-09-21T11:52:26.914941+00:00,166,r-scylla3,4,1,outgoing,0
2026-09-21T11:52:26.914941+00:00,166,r-scylla4,4,0,incoming,0
2026-09-21T11:52:26.914941+00:00,166,r-scylla4,4,0,outgoing,0
2026-09-21T11:52:26.914941+00:00,166,r-scylla4,4,1,incoming,0
2026-09-21T11:52:26.914941+00:00,166,r-scylla4,4,1,outgoing,184898
2026-09-21T11:52:27.915108+00:00,167,r-scylla1,4,0,incoming,0
2026-09-21T11:52:27.915108+00:00,167,r-scylla1,4,0,outgoing,0
2026-09-21T11:52:27.915108+00:00,167,r-scylla1,4,1,incoming,506
2026-09-21T11:52:27.915108+00:00,167,r-scylla1,4,1,outgoing,0
2026-09-21T11:52:27.915108+00:00,167,r-scylla2,4,0,incoming,0
2026-09-21T11:52:27.915108+00:00,167,r-scylla2,4,0,outgoing,0
2026-09-21T11:52:27.915108+00:00,167,r-scylla2,4,1,incoming,0
2026-09-21T11:52:27.915108+00:00,167,r-scylla2,4,1,outgoing,0
2026-09-21T11:52:27.915108+00:00,167,r-scylla3,4,0,incoming,0
2026-09-21T11:52:27.915108+00:00,167,r-scylla3,4,0,outgoing,0
2026-09-21T11:52:27.915108+00:00,167,r-scylla3,4,1,incoming,184392
2026-09-21T11:52:27.915108+00:00,167,r-scylla3,4,1,outgoing,0
2026-09-21T11:52:27.915108+00:00,167,r-scylla4,4,0,incoming,0
2026-09-21T11:52:27.915108+00:00,167,r-scylla4,4,0,outgoing,0
2026-09-21T11:52:27.915108+00:00,167,r-scylla4,4,1,incoming,0
2026-09-21T11:52:27.915108+00:00,167,r-scylla4,4,1,outgoing,184898
2026-09-21T11:52:28.915289+00:00,168,r-scylla1,4,0,incoming,0
2026-09-21T11:52:28.915289+00:00,168,r-scylla1,4,0,outgoing,0
2026-09-21T11:52:28.915289+00:00,168,r-scylla1,4,1,incoming,506
2026-09-21T11:52:28.915289+00:00,168,r-scylla1,4,1,outgoing,0
2026-09-21T11:52:28.915289+00:00,168,r-scylla2,4,0,incoming,0
2026-09-21T11:52:28.915289+00:00,168,r-scylla2,4,0,outgoing,0
2026-09-21T11:52:28.915289+00:00,168,r-scylla2,4,1,incoming,0
2026-09-21T11:52:28.915289+00:00,168,r-scylla2,4,1,outgoing,0
2026-09-21T11:52:28.915289+00:00,168,r-scylla3,4,0,incoming,0
2026-09-21T11:52:28.915289+00:00,168,r-scylla3,4,0,outgoing,0
2026-09-21T11:52:28.915289+00:00,168,r-scylla3,4,1,incoming,184392
2026-09-21T11:52:28.915289+00:00,168,r-scylla3,4,1,outgoing,0
2026-09-21T11:52:28.915289+00:00,168,r-scylla4,4,0,incoming,0
2026-09-21T11:52:28.915289+00:00,168,r-scylla4,4,0,outgoing,0
2026-09-21T11:52:28.915289+00:00,168,r-scylla4,4,1,incoming,0
2026-09-21T11:52:28.915289+00:00,168,r-scylla4,4,1,outgoing,184898
2026-09-21T11:52:29.915453+00:00,169,r-scylla1,4,0,incoming,0
2026-09-21T11:52:29.915453+00:00,169,r-scylla1,4,0,outgoing,0
2026-09-21T11:52:29.915453+00:00,169,r-scylla1,4,1,incoming,506
2026-09-21T11:52:29.915453+00:00,169,r-scylla1,4,1,outgoing,0
2026-09-21T11:52:29.915453+00:00,169,r-scylla2,4,0,incoming,0
2026-09-21T11:52:29.915453+00:00,169,r-scylla2,4,0,outgoing,0
2026-09-21T11:52:29.915453+00:00,169,r-scylla2,4,1,incoming,0
2026-09-21T11:52:29.915453+00:00,169,r-scylla2,4,1,outgoing,0
2026-09-21T11:52:29.915453+00:00,169,r-scylla3,4,0,incoming,0
2026-09-21T11:52:29.915453+00:00,169,r-scylla3,4,0,outgoing,0
2026-09-21T11:52:29.915453+00:00,169,r-scylla3,4,1,incoming,184392
2026-09-21T11:52:29.915453+00:00,169,r-scylla3,4,1,outgoing,0
2026-09-21T11:52:29.915453+00:00,169,r-scylla4,4,0,incoming,0
2026-09-21T11:52:29.915453+00:00,169,r-scylla4,4,0,outgoing,0
2026-09-21T11:52:29.915453+00:00,169,r-scylla4,4,1,incoming,0
2026-09-21T11:52:29.915453+00:00,169,r-scylla4,4,1,outgoing,184898
2026-09-21T11:52:30.913006+00:00,170,r-scylla1,4,0,incoming,0
2026-09-21T11:52:30.913006+00:00,170,r-scylla1,4,0,outgoing,0
2026-09-21T11:52:30.913006+00:00,170,r-scylla1,4,1,incoming,506
2026-09-21T11:52:30.913006+00:00,170,r-scylla1,4,1,outgoing,0
2026-09-21T11:52:30.913006+00:00,170,r-scylla2,4,0,incoming,0
2026-09-21T11:52:30.913006+00:00,170,r-scylla2,4,0,outgoing,0
2026-09-21T11:52:30.913006+00:00,170,r-scylla2,4,1,incoming,0
2026-09-21T11:52:30.913006+00:00,170,r-scylla2,4,1,outgoing,0
2026-09-21T11:52:30.913006+00:00,170,r-scylla3,4,0,incoming,0
2026-09-21T11:52:30.913006+00:00,170,r-scylla3,4,0,outgoing,0
2026-09-21T11:52:30.913006+00:00,170,r-scylla3,4,1,incoming,184392
2026-09-21T11:52:30.913006+00:00,170,r-scylla3,4,1,outgoing,0
2026-09-21T11:52:30.913006+00:00,170,r-scylla4,4,0,incoming,0
2026-09-21T11:52:30.913006+00:00,170,r-scylla4,4,0,outgoing,0
2026-09-21T11:52:30.913006+00:00,170,r-scylla4,4,1,incoming,0
2026-09-21T11:52:30.913006+00:00,170,r-scylla4,4,1,outgoing,184898
2026-09-21T11:52:31.913193+00:00,171,r-scylla1,4,0,incoming,0
2026-09-21T11:52:31.913193+00:00,171,r-scylla1,4,0,outgoing,0
2026-09-21T11:52:31.913193+00:00,171,r-scylla1,4,1,incoming,506
2026-09-21T11:52:31.913193+00:00,171,r-scylla1,4,1,outgoing,0
2026-09-21T11:52:31.913193+00:00,171,r-scylla2,4,0,incoming,0
2026-09-21T11:52:31.913193+00:00,171,r-scylla2,4,0,outgoing,0
2026-09-21T11:52:31.913193+00:00,171,r-scylla2,4,1,incoming,0
2026-09-21T11:52:31.913193+00:00,171,r-scylla2,4,1,outgoing,0
2026-09-21T11:52:31.913193+00:00,171,r-scylla3,4,0,incoming,0
2026-09-21T11:52:31.913193+00:00,171,r-scylla3,4,0,outgoing,0
2026-09-21T11:52:31.913193+00:00,171,r-scylla3,4,1,incoming,184392
2026-09-21T11:52:31.913193+00:00,171,r-scylla3,4,1,outgoing,0
2026-09-21T11:52:31.913193+00:00,171,r-scylla4,4,0,incoming,0
2026-09-21T11:52:31.913193+00:00,171,r-scylla4,4,0,outgoing,0
2026-09-21T11:52:31.913193+00:00,171,r-scylla4,4,1,incoming,0
2026-09-21T11:52:31.913193+00:00,171,r-scylla4,4,1,outgoing,184898
2026-09-21T11:52:32.913634+00:00,172,r-scylla1,4,0,incoming,0
2026-09-21T11:52:32.913634+00:00,172,r-scylla1,4,0,outgoing,0
2026-09-21T11:52:32.913634+00:00,172,r-scylla1,4,1,incoming,506
2026-09-21T11:52:32.913634+00:00,172,r-scylla1,4,1,outgoing,0
2026-09-21T11:52:32.913634+00:00,172,r-scylla2,4,0,incoming,0
2026-09-21T11:52:32.913634+00:00,172,r-scylla2,4,0,outgoing,0
2026-09-21T11:52:32.913634+00:00,172,r-scylla2,4,1,incoming,0
2026-09-21T11:52:32.913634+00:00,172,r-scylla2,4,1,outgoing,0
2026-09-21T11:52:32.913634+00:00,172,r-scylla3,4,0,incoming,0
2026-09-21T11:52:32.913634+00:00,172,r-scylla3,4,0,outgoing,0
2026-09-21T11:52:32.913634+00:00,172,r-scylla3,4,1,incoming,184392
2026-09-21T11:52:32.913634+00:00,172,r-scylla3,4,1,outgoing,0
2026-09-21T11:52:32.913634+00:00,172,r-scylla4,4,0,incoming,0
2026-09-21T11:52:32.913634+00:00,172,r-scylla4,4,0,outgoing,0
2026-09-21T11:52:32.913634+00:00,172,r-scylla4,4,1,incoming,0
2026-09-21T11:52:32.913634+00:00,172,r-scylla4,4,1,outgoing,184898
2026-09-21T11:52:33.914006+00:00,173,r-scylla1,4,0,incoming,0
2026-09-21T11:52:33.914006+00:00,173,r-scylla1,4,0,outgoing,0
2026-09-21T11:52:33.914006+00:00,173,r-scylla1,4,1,incoming,506
2026-09-21T11:52:33.914006+00:00,173,r-scylla1,4,1,outgoing,0
2026-09-21T11:52:33.914006+00:00,173,r-scylla2,4,0,incoming,0
2026-09-21T11:52:33.914006+00:00,173,r-scylla2,4,0,outgoing,0
2026-09-21T11:52:33.914006+00:00,173,r-scylla2,4,1,incoming,0
2026-09-21T11:52:33.914006+00:00,173,r-scylla2,4,1,outgoing,0
2026-09-21T11:52:33.914006+00:00,173,r-scylla3,4,0,incoming,0
2026-09-21T11:52:33.914006+00:00,173,r-scylla3,4,0,outgoing,0
2026-09-21T11:52:33.914006+00:00,173,r-scylla3,4,1,incoming,184392
2026-09-21T11:52:33.914006+00:00,173,r-scylla3,4,1,outgoing,0
2026-09-21T11:52:33.914006+00:00,173,r-scylla4,4,0,incoming,0
2026-09-21T11:52:33.914006+00:00,173,r-scylla4,4,0,outgoing,0
2026-09-21T11:52:33.914006+00:00,173,r-scylla4,4,1,incoming,0
2026-09-21T11:52:33.914006+00:00,173,r-scylla4,4,1,outgoing,184898
2026-09-21T11:52:34.914278+00:00,174,r-scylla1,4,0,incoming,0
2026-09-21T11:52:34.914278+00:00,174,r-scylla1,4,0,outgoing,0
2026-09-21T11:52:34.914278+00:00,174,r-scylla1,4,1,incoming,506
2026-09-21T11:52:34.914278+00:00,174,r-scylla1,4,1,outgoing,0
2026-09-21T11:52:34.914278+00:00,174,r-scylla2,4,0,incoming,0
2026-09-21T11:52:34.914278+00:00,174,r-scylla2,4,0,outgoing,0
2026-09-21T11:52:34.914278+00:00,174,r-scylla2,4,1,incoming,0
2026-09-21T11:52:34.914278+00:00,174,r-scylla2,4,1,outgoing,0
2026-09-21T11:52:34.914278+00:00,174,r-scylla3,4,0,incoming,0
2026-09-21T11:52:34.914278+00:00,174,r-scylla3,4,0,outgoing,0
2026-09-21T11:52:34.914278+00:00,174,r-scylla3,4,1,incoming,184392
2026-09-21T11:52:34.914278+00:00,174,r-scylla3,4,1,outgoing,0
2026-09-21T11:52:34.914278+00:00,174,r-scylla4,4,0,incoming,0
2026-09-21T11:52:34.914278+00:00,174,r-scylla4,4,0,outgoing,0
2026-09-21T11:52:34.914278+00:00,174,r-scylla4,4,1,incoming,0
2026-09-21T11:52:34.914278+00:00,174,r-scylla4,4,1,outgoing,184898
2026-09-21T11:52:35.914529+00:00,175,r-scylla1,4,0,incoming,0
2026-09-21T11:52:35.914529+00:00,175,r-scylla1,4,0,outgoing,0
2026-09-21T11:52:35.914529+00:00,175,r-scylla1,4,1,incoming,506
2026-09-21T11:52:35.914529+00:00,175,r-scylla1,4,1,outgoing,0
2026-09-21T11:52:35.914529+00:00,175,r-scylla2,4,0,incoming,0
2026-09-21T11:52:35.914529+00:00,175,r-scylla2,4,0,outgoing,0
2026-09-21T11:52:35.914529+00:00,175,r-scylla2,4,1,incoming,0
2026-09-21T11:52:35.914529+00:00,175,r-scylla2,4,1,outgoing,0
2026-09-21T11:52:35.914529+00:00,175,r-scylla3,4,0,incoming,0
2026-09-21T11:52:35.914529+00:00,175,r-scylla3,4,0,outgoing,0
2026-09-21T11:52:35.914529+00:00,175,r-scylla3,4,1,incoming,184392
2026-09-21T11:52:35.914529+00:00,175,r-scylla3,4,1,outgoing,0
2026-09-21T11:52:35.914529+00:00,175,r-scylla4,4,0,incoming,0
2026-09-21T11:52:35.914529+00:00,175,r-scylla4,4,0,outgoing,0
2026-09-21T11:52:35.914529+00:00,175,r-scylla4,4,1,incoming,0
2026-09-21T11:52:35.914529+00:00,175,r-scylla4,4,1,outgoing,184898
2026-09-21T11:52:36.914837+00:00,176,r-scylla1,4,0,incoming,0
2026-09-21T11:52:36.914837+00:00,176,r-scylla1,4,0,outgoing,0
2026-09-21T11:52:36.914837+00:00,176,r-scylla1,4,1,incoming,506
2026-09-21T11:52:36.914837+00:00,176,r-scylla1,4,1,outgoing,0
2026-09-21T11:52:36.914837+00:00,176,r-scylla2,4,0,incoming,0
2026-09-21T11:52:36.914837+00:00,176,r-scylla2,4,0,outgoing,0
2026-09-21T11:52:36.914837+00:00,176,r-scylla2,4,1,incoming,0
2026-09-21T11:52:36.914837+00:00,176,r-scylla2,4,1,outgoing,0
2026-09-21T11:52:36.914837+00:00,176,r-scylla3,4,0,incoming,0
2026-09-21T11:52:36.914837+00:00,176,r-scylla3,4,0,outgoing,0
2026-09-21T11:52:36.914837+00:00,176,r-scylla3,4,1,incoming,184392
2026-09-21T11:52:36.914837+00:00,176,r-scylla3,4,1,outgoing,0
2026-09-21T11:52:36.914837+00:00,176,r-scylla4,4,0,incoming,0
2026-09-21T11:52:36.914837+00:00,176,r-scylla4,4,0,outgoing,0
2026-09-21T11:52:36.914837+00:00,176,r-scylla4,4,1,incoming,0
2026-09-21T11:52:36.914837+00:00,176,r-scylla4,4,1,outgoing,184898
2026-09-21T11:52:37.915174+00:00,177,r-scylla1,4,0,incoming,0
2026-09-21T11:52:37.915174+00:00,177,r-scylla1,4,0,outgoing,0
2026-09-21T11:52:37.915174+00:00,177,r-scylla1,4,1,incoming,506
2026-09-21T11:52:37.915174+00:00,177,r-scylla1,4,1,outgoing,0
2026-09-21T11:52:37.915174+00:00,177,r-scylla2,4,0,incoming,0
2026-09-21T11:52:37.915174+00:00,177,r-scylla2,4,0,outgoing,0
2026-09-21T11:52:37.915174+00:00,177,r-scylla2,4,1,incoming,0
2026-09-21T11:52:37.915174+00:00,177,r-scylla2,4,1,outgoing,0
2026-09-21T11:52:37.915174+00:00,177,r-scylla3,4,0,incoming,0
2026-09-21T11:52:37.915174+00:00,177,r-scylla3,4,0,outgoing,0
2026-09-21T11:52:37.915174+00:00,177,r-scylla3,4,1,incoming,184392
2026-09-21T11:52:37.915174+00:00,177,r-scylla3,4,1,outgoing,0
2026-09-21T11:52:37.915174+00:00,177,r-scylla4,4,0,incoming,0
2026-09-21T11:52:37.915174+00:00,177,r-scylla4,4,0,outgoing,0
2026-09-21T11:52:37.915174+00:00,177,r-scylla4,4,1,incoming,0
2026-09-21T11:52:37.915174+00:00,177,r-scylla4,4,1,outgoing,184898
2026-09-21T11:52:38.915524+00:00,178,r-scylla1,4,0,incoming,0
2026-09-21T11:52:38.915524+00:00,178,r-scylla1,4,0,outgoing,0
2026-09-21T11:52:38.915524+00:00,178,r-scylla1,4,1,incoming,506
2026-09-21T11:52:38.915524+00:00,178,r-scylla1,4,1,outgoing,0
2026-09-21T11:52:38.915524+00:00,178,r-scylla2,4,0,incoming,0
2026-09-21T11:52:38.915524+00:00,178,r-scylla2,4,0,outgoing,0
2026-09-21T11:52:38.915524+00:00,178,r-scylla2,4,1,incoming,0
2026-09-21T11:52:38.915524+00:00,178,r-scylla2,4,1,outgoing,0
2026-09-21T11:52:38.915524+00:00,178,r-scylla3,4,0,incoming,0
2026-09-21T11:52:38.915524+00:00,178,r-scylla3,4,0,outgoing,0
2026-09-21T11:52:38.915524+00:00,178,r-scylla3,4,1,incoming,184392
2026-09-21T11:52:38.915524+00:00,178,r-scylla3,4,1,outgoing,0
2026-09-21T11:52:38.915524+00:00,178,r-scylla4,4,0,incoming,0
2026-09-21T11:52:38.915524+00:00,178,r-scylla4,4,0,outgoing,0
2026-09-21T11:52:38.915524+00:00,178,r-scylla4,4,1,incoming,0
2026-09-21T11:52:38.915524+00:00,178,r-scylla4,4,1,outgoing,184898
2026-09-21T11:52:39.915666+00:00,179,r-scylla1,4,0,incoming,0
2026-09-21T11:52:39.915666+00:00,179,r-scylla1,4,0,outgoing,0
2026-09-21T11:52:39.915666+00:00,179,r-scylla1,4,1,incoming,506
2026-09-21T11:52:39.915666+00:00,179,r-scylla1,4,1,outgoing,0
2026-09-21T11:52:39.915666+00:00,179,r-scylla2,4,0,incoming,0
2026-09-21T11:52:39.915666+00:00,179,r-scylla2,4,0,outgoing,0
2026-09-21T11:52:39.915666+00:00,179,r-scylla2,4,1,incoming,0
2026-09-21T11:52:39.915666+00:00,179,r-scylla2,4,1,outgoing,0
2026-09-21T11:52:39.915666+00:00,179,r-scylla3,4,0,incoming,0
2026-09-21T11:52:39.915666+00:00,179,r-scylla3,4,0,outgoing,0
2026-09-21T11:52:39.915666+00:00,179,r-scylla3,4,1,incoming,184392
2026-09-21T11:52:39.915666+00:00,179,r-scylla3,4,1,outgoing,0
2026-09-21T11:52:39.915666+00:00,179,r-scylla4,4,0,incoming,0
2026-09-21T11:52:39.915666+00:00,179,r-scylla4,4,0,outgoing,0
2026-09-21T11:52:39.915666+00:00,179,r-scylla4,4,1,incoming,0
2026-09-21T11:52:39.915666+00:00,179,r-scylla4,4,1,outgoing,184898
2026-09-21T11:52:40.915954+00:00,180,r-scylla1,4,0,incoming,0
2026-09-21T11:52:40.915954+00:00,180,r-scylla1,4,0,outgoing,0
2026-09-21T11:52:40.915954+00:00,180,r-scylla1,4,1,incoming,506
2026-09-21T11:52:40.915954+00:00,180,r-scylla1,4,1,outgoing,0
2026-09-21T11:52:40.915954+00:00,180,r-scylla2,4,0,incoming,0
2026-09-21T11:52:40.915954+00:00,180,r-scylla2,4,0,outgoing,0
2026-09-21T11:52:40.915954+00:00,180,r-scylla2,4,1,incoming,0
2026-09-21T11:52:40.915954+00:00,180,r-scylla2,4,1,outgoing,0
2026-09-21T11:52:40.915954+00:00,180,r-scylla3,4,0,incoming,0
2026-09-21T11:52:40.915954+00:00,180,r-scylla3,4,0,outgoing,0
2026-09-21T11:52:40.915954+00:00,180,r-scylla3,4,1,incoming,184392
2026-09-21T11:52:40.915954+00:00,180,r-scylla3,4,1,outgoing,0
2026-09-21T11:52:40.915954+00:00,180,r-scylla4,4,0,incoming,0
2026-09-21T11:52:40.915954+00:00,180,r-scylla4,4,0,outgoing,0
2026-09-21T11:52:40.915954+00:00,180,r-scylla4,4,1,incoming,0
2026-09-21T11:52:40.915954+00:00,180,r-scylla4,4,1,outgoing,184898
2026-09-21T11:52:41.916095+00:00,181,r-scylla1,4,0,incoming,0
2026-09-21T11:52:41.916095+00:00,181,r-scylla1,4,0,outgoing,0
2026-09-21T11:52:41.916095+00:00,181,r-scylla1,4,1,incoming,506
2026-09-21T11:52:41.916095+00:00,181,r-scylla1,4,1,outgoing,0
2026-09-21T11:52:41.916095+00:00,181,r-scylla2,4,0,incoming,0
2026-09-21T11:52:41.916095+00:00,181,r-scylla2,4,0,outgoing,0
2026-09-21T11:52:41.916095+00:00,181,r-scylla2,4,1,incoming,0
2026-09-21T11:52:41.916095+00:00,181,r-scylla2,4,1,outgoing,0
2026-09-21T11:52:41.916095+00:00,181,r-scylla3,4,0,incoming,0
2026-09-21T11:52:41.916095+00:00,181,r-scylla3,4,0,outgoing,0
2026-09-21T11:52:41.916095+00:00,181,r-scylla3,4,1,incoming,184392
2026-09-21T11:52:41.916095+00:00,181,r-scylla3,4,1,outgoing,0
2026-09-21T11:52:41.916095+00:00,181,r-scylla4,4,0,incoming,0
2026-09-21T11:52:41.916095+00:00,181,r-scylla4,4,0,outgoing,0
2026-09-21T11:52:41.916095+00:00,181,r-scylla4,4,1,incoming,0
2026-09-21T11:52:41.916095+00:00,181,r-scylla4,4,1,outgoing,184898
2026-09-21T11:52:42.916432+00:00,182,r-scylla1,4,0,incoming,0
2026-09-21T11:52:42.916432+00:00,182,r-scylla1,4,0,outgoing,0
2026-09-21T11:52:42.916432+00:00,182,r-scylla1,4,1,incoming,506
2026-09-21T11:52:42.916432+00:00,182,r-scylla1,4,1,outgoing,0
2026-09-21T11:52:42.916432+00:00,182,r-scylla2,4,0,incoming,0
2026-09-21T11:52:42.916432+00:00,182,r-scylla2,4,0,outgoing,0
2026-09-21T11:52:42.916432+00:00,182,r-scylla2,4,1,incoming,0
2026-09-21T11:52:42.916432+00:00,182,r-scylla2,4,1,outgoing,0
2026-09-21T11:52:42.916432+00:00,182,r-scylla3,4,0,incoming,0
2026-09-21T11:52:42.916432+00:00,182,r-scylla3,4,0,outgoing,0
2026-09-21T11:52:42.916432+00:00,182,r-scylla3,4,1,incoming,184392
2026-09-21T11:52:42.916432+00:00,182,r-scylla3,4,1,outgoing,0
2026-09-21T11:52:42.916432+00:00,182,r-scylla4,4,0,incoming,0
2026-09-21T11:52:42.916432+00:00,182,r-scylla4,4,0,outgoing,0
2026-09-21T11:52:42.916432+00:00,182,r-scylla4,4,1,incoming,0
2026-09-21T11:52:42.916432+00:00,182,r-scylla4,4,1,outgoing,184898
2026-09-21T11:52:43.916605+00:00,183,r-scylla1,4,0,incoming,0
2026-09-21T11:52:43.916605+00:00,183,r-scylla1,4,0,outgoing,0
2026-09-21T11:52:43.916605+00:00,183,r-scylla1,4,1,incoming,506
2026-09-21T11:52:43.916605+00:00,183,r-scylla1,4,1,outgoing,0
2026-09-21T11:52:43.916605+00:00,183,r-scylla2,4,0,incoming,0
2026-09-21T11:52:43.916605+00:00,183,r-scylla2,4,0,outgoing,0
2026-09-21T11:52:43.916605+00:00,183,r-scylla2,4,1,incoming,0
2026-09-21T11:52:43.916605+00:00,183,r-scylla2,4,1,outgoing,0
2026-09-21T11:52:43.916605+00:00,183,r-scylla3,4,0,incoming,0
2026-09-21T11:52:43.916605+00:00,183,r-scylla3,4,0,outgoing,0
2026-09-21T11:52:43.916605+00:00,183,r-scylla3,4,1,incoming,184392
2026-09-21T11:52:43.916605+00:00,183,r-scylla3,4,1,outgoing,0
2026-09-21T11:52:43.916605+00:00,183,r-scylla4,4,0,incoming,0
2026-09-21T11:52:43.916605+00:00,183,r-scylla4,4,0,outgoing,0
2026-09-21T11:52:43.916605+00:00,183,r-scylla4,4,1,incoming,0
2026-09-21T11:52:43.916605+00:00,183,r-scylla4,4,1,outgoing,184898
2026-09-21T11:52:44.916909+00:00,184,r-scylla1,4,0,incoming,0
2026-09-21T11:52:44.916909+00:00,184,r-scylla1,4,0,outgoing,0
2026-09-21T11:52:44.916909+00:00,184,r-scylla1,4,1,incoming,506
2026-09-21T11:52:44.916909+00:00,184,r-scylla1,4,1,outgoing,0
2026-09-21T11:52:44.916909+00:00,184,r-scylla2,4,0,incoming,0
2026-09-21T11:52:44.916909+00:00,184,r-scylla2,4,0,outgoing,0
2026-09-21T11:52:44.916909+00:00,184,r-scylla2,4,1,incoming,0
2026-09-21T11:52:44.916909+00:00,184,r-scylla2,4,1,outgoing,0
2026-09-21T11:52:44.916909+00:00,184,r-scylla3,4,0,incoming,0
2026-09-21T11:52:44.916909+00:00,184,r-scylla3,4,0,outgoing,0
2026-09-21T11:52:44.916909+00:00,184,r-scylla3,4,1,incoming,184392
2026-09-21T11:52:44.916909+00:00,184,r-scylla3,4,1,outgoing,0
2026-09-21T11:52:44.916909+00:00,184,r-scylla4,4,0,incoming,0
2026-09-21T11:52:44.916909+00:00,184,r-scylla4,4,0,outgoing,0
2026-09-21T11:52:44.916909+00:00,184,r-scylla4,4,1,incoming,0
2026-09-21T11:52:44.916909+00:00,184,r-scylla4,4,1,outgoing,184898
2026-09-21T11:52:45.917033+00:00,185,r-scylla1,4,0,incoming,0
2026-09-21T11:52:45.917033+00:00,185,r-scylla1,4,0,outgoing,0
2026-09-21T11:52:45.917033+00:00,185,r-scylla1,4,1,incoming,506
2026-09-21T11:52:45.917033+00:00,185,r-scylla1,4,1,outgoing,0
2026-09-21T11:52:45.917033+00:00,185,r-scylla2,4,0,incoming,0
2026-09-21T11:52:45.917033+00:00,185,r-scylla2,4,0,outgoing,0
2026-09-21T11:52:45.917033+00:00,185,r-scylla2,4,1,incoming,0
2026-09-21T11:52:45.917033+00:00,185,r-scylla2,4,1,outgoing,0
2026-09-21T11:52:45.917033+00:00,185,r-scylla3,4,0,incoming,0
2026-09-21T11:52:45.917033+00:00,185,r-scylla3,4,0,outgoing,0
2026-09-21T11:52:45.917033+00:00,185,r-scylla3,4,1,incoming,184392
2026-09-21T11:52:45.917033+00:00,185,r-scylla3,4,1,outgoing,0
2026-09-21T11:52:45.917033+00:00,185,r-scylla4,4,0,incoming,0
2026-09-21T11:52:45.917033+00:00,185,r-scylla4,4,0,outgoing,0
2026-09-21T11:52:45.917033+00:00,185,r-scylla4,4,1,incoming,0
2026-09-21T11:52:45.917033+00:00,185,r-scylla4,4,1,outgoing,184898
2026-09-21T11:52:46.917250+00:00,186,r-scylla1,4,0,incoming,0
2026-09-21T11:52:46.917250+00:00,186,r-scylla1,4,0,outgoing,0
2026-09-21T11:52:46.917250+00:00,186,r-scylla1,4,1,incoming,506
2026-09-21T11:52:46.917250+00:00,186,r-scylla1,4,1,outgoing,0
2026-09-21T11:52:46.917250+00:00,186,r-scylla2,4,0,incoming,0
2026-09-21T11:52:46.917250+00:00,186,r-scylla2,4,0,outgoing,0
2026-09-21T11:52:46.917250+00:00,186,r-scylla2,4,1,incoming,0
2026-09-21T11:52:46.917250+00:00,186,r-scylla2,4,1,outgoing,0
2026-09-21T11:52:46.917250+00:00,186,r-scylla3,4,0,incoming,0
2026-09-21T11:52:46.917250+00:00,186,r-scylla3,4,0,outgoing,0
2026-09-21T11:52:46.917250+00:00,186,r-scylla3,4,1,incoming,184392
2026-09-21T11:52:46.917250+00:00,186,r-scylla3,4,1,outgoing,0
2026-09-21T11:52:46.917250+00:00,186,r-scylla4,4,0,incoming,0
2026-09-21T11:52:46.917250+00:00,186,r-scylla4,4,0,outgoing,0
2026-09-21T11:52:46.917250+00:00,186,r-scylla4,4,1,incoming,0
2026-09-21T11:52:46.917250+00:00,186,r-scylla4,4,1,outgoing,184898
2026-09-21T11:52:47.917490+00:00,187,r-scylla1,4,0,incoming,0
2026-09-21T11:52:47.917490+00:00,187,r-scylla1,4,0,outgoing,0
2026-09-21T11:52:47.917490+00:00,187,r-scylla1,4,1,incoming,506
2026-09-21T11:52:47.917490+00:00,187,r-scylla1,4,1,outgoing,0
2026-09-21T11:52:47.917490+00:00,187,r-scylla2,4,0,incoming,0
2026-09-21T11:52:47.917490+00:00,187,r-scylla2,4,0,outgoing,0
2026-09-21T11:52:47.917490+00:00,187,r-scylla2,4,1,incoming,0
2026-09-21T11:52:47.917490+00:00,187,r-scylla2,4,1,outgoing,0
2026-09-21T11:52:47.917490+00:00,187,r-scylla3,4,0,incoming,0
2026-09-21T11:52:47.917490+00:00,187,r-scylla3,4,0,outgoing,0
2026-09-21T11:52:47.917490+00:00,187,r-scylla3,4,1,incoming,184392
2026-09-21T11:52:47.917490+00:00,187,r-scylla3,4,1,outgoing,0
2026-09-21T11:52:47.917490+00:00,187,r-scylla4,4,0,incoming,0
2026-09-21T11:52:47.917490+00:00,187,r-scylla4,4,0,outgoing,0
2026-09-21T11:52:47.917490+00:00,187,r-scylla4,4,1,incoming,0
2026-09-21T11:52:47.917490+00:00,187,r-scylla4,4,1,outgoing,184898
2026-09-21T11:52:48.917771+00:00,188,r-scylla1,4,0,incoming,0
2026-09-21T11:52:48.917771+00:00,188,r-scylla1,4,0,outgoing,0
2026-09-21T11:52:48.917771+00:00,188,r-scylla1,4,1,incoming,506
2026-09-21T11:52:48.917771+00:00,188,r-scylla1,4,1,outgoing,0
2026-09-21T11:52:48.917771+00:00,188,r-scylla2,4,0,incoming,0
2026-09-21T11:52:48.917771+00:00,188,r-scylla2,4,0,outgoing,0
2026-09-21T11:52:48.917771+00:00,188,r-scylla2,4,1,incoming,0
2026-09-21T11:52:48.917771+00:00,188,r-scylla2,4,1,outgoing,0
2026-09-21T11:52:48.917771+00:00,188,r-scylla3,4,0,incoming,0
2026-09-21T11:52:48.917771+00:00,188,r-scylla3,4,0,outgoing,0
2026-09-21T11:52:48.917771+00:00,188,r-scylla3,4,1,incoming,184392
2026-09-21T11:52:48.917771+00:00,188,r-scylla3,4,1,outgoing,0
2026-09-21T11:52:48.917771+00:00,188,r-scylla4,4,0,incoming,0
2026-09-21T11:52:48.917771+00:00,188,r-scylla4,4,0,outgoing,0
2026-09-21T11:52:48.917771+00:00,188,r-scylla4,4,1,incoming,0
2026-09-21T11:52:48.917771+00:00,188,r-scylla4,4,1,outgoing,184898
2026-09-21T11:52:49.917924+00:00,189,r-scylla1,4,0,incoming,0
2026-09-21T11:52:49.917924+00:00,189,r-scylla1,4,0,outgoing,0
2026-09-21T11:52:49.917924+00:00,189,r-scylla1,4,1,incoming,506
2026-09-21T11:52:49.917924+00:00,189,r-scylla1,4,1,outgoing,0
2026-09-21T11:52:49.917924+00:00,189,r-scylla2,4,0,incoming,0
2026-09-21T11:52:49.917924+00:00,189,r-scylla2,4,0,outgoing,0
2026-09-21T11:52:49.917924+00:00,189,r-scylla2,4,1,incoming,0
2026-09-21T11:52:49.917924+00:00,189,r-scylla2,4,1,outgoing,0
2026-09-21T11:52:49.917924+00:00,189,r-scylla3,4,0,incoming,0
2026-09-21T11:52:49.917924+00:00,189,r-scylla3,4,0,outgoing,0
2026-09-21T11:52:49.917924+00:00,189,r-scylla3,4,1,incoming,184392
2026-09-21T11:52:49.917924+00:00,189,r-scylla3,4,1,outgoing,0
2026-09-21T11:52:49.917924+00:00,189,r-scylla4,4,0,incoming,0
2026-09-21T11:52:49.917924+00:00,189,r-scylla4,4,0,outgoing,0
2026-09-21T11:52:49.917924+00:00,189,r-scylla4,4,1,incoming,0
2026-09-21T11:52:49.917924+00:00,189,r-scylla4,4,1,outgoing,184898
2026-09-21T11:52:50.918125+00:00,190,r-scylla1,4,0,incoming,0
2026-09-21T11:52:50.918125+00:00,190,r-scylla1,4,0,outgoing,0
2026-09-21T11:52:50.918125+00:00,190,r-scylla1,4,1,incoming,506
2026-09-21T11:52:50.918125+00:00,190,r-scylla1,4,1,outgoing,0
2026-09-21T11:52:50.918125+00:00,190,r-scylla2,4,0,incoming,0
2026-09-21T11:52:50.918125+00:00,190,r-scylla2,4,0,outgoing,0
2026-09-21T11:52:50.918125+00:00,190,r-scylla2,4,1,incoming,0
2026-09-21T11:52:50.918125+00:00,190,r-scylla2,4,1,outgoing,0
2026-09-21T11:52:50.918125+00:00,190,r-scylla3,4,0,incoming,0
2026-09-21T11:52:50.918125+00:00,190,r-scylla3,4,0,outgoing,0
2026-09-21T11:52:50.918125+00:00,190,r-scylla3,4,1,incoming,184392
2026-09-21T11:52:50.918125+00:00,190,r-scylla3,4,1,outgoing,0
2026-09-21T11:52:50.918125+00:00,190,r-scylla4,4,0,incoming,0
2026-09-21T11:52:50.918125+00:00,190,r-scylla4,4,0,outgoing,0
2026-09-21T11:52:50.918125+00:00,190,r-scylla4,4,1,incoming,0
2026-09-21T11:52:50.918125+00:00,190,r-scylla4,4,1,outgoing,184898
2026-09-21T11:52:51.918394+00:00,191,r-scylla1,4,0,incoming,0
2026-09-21T11:52:51.918394+00:00,191,r-scylla1,4,0,outgoing,0
2026-09-21T11:52:51.918394+00:00,191,r-scylla1,4,1,incoming,506
2026-09-21T11:52:51.918394+00:00,191,r-scylla1,4,1,outgoing,0
2026-09-21T11:52:51.918394+00:00,191,r-scylla2,4,0,incoming,0
2026-09-21T11:52:51.918394+00:00,191,r-scylla2,4,0,outgoing,0
2026-09-21T11:52:51.918394+00:00,191,r-scylla2,4,1,incoming,0
2026-09-21T11:52:51.918394+00:00,191,r-scylla2,4,1,outgoing,0
2026-09-21T11:52:51.918394+00:00,191,r-scylla3,4,0,incoming,0
2026-09-21T11:52:51.918394+00:00,191,r-scylla3,4,0,outgoing,0
2026-09-21T11:52:51.918394+00:00,191,r-scylla3,4,1,incoming,184392
2026-09-21T11:52:51.918394+00:00,191,r-scylla3,4,1,outgoing,0
2026-09-21T11:52:51.918394+00:00,191,r-scylla4,4,0,incoming,0
2026-09-21T11:52:51.918394+00:00,191,r-scylla4,4,0,outgoing,0
2026-09-21T11:52:51.918394+00:00,191,r-scylla4,4,1,incoming,0
2026-09-21T11:52:51.918394+00:00,191,r-scylla4,4,1,outgoing,184898
2026-09-21T11:52:52.918711+00:00,192,r-scylla1,4,0,incoming,0
2026-09-21T11:52:52.918711+00:00,192,r-scylla1,4,0,outgoing,0
2026-09-21T11:52:52.918711+00:00,192,r-scylla1,4,1,incoming,506
2026-09-21T11:52:52.918711+00:00,192,r-scylla1,4,1,outgoing,0
2026-09-21T11:52:52.918711+00:00,192,r-scylla2,4,0,incoming,0
2026-09-21T11:52:52.918711+00:00,192,r-scylla2,4,0,outgoing,0
2026-09-21T11:52:52.918711+00:00,192,r-scylla2,4,1,incoming,0
2026-09-21T11:52:52.918711+00:00,192,r-scylla2,4,1,outgoing,0
2026-09-21T11:52:52.918711+00:00,192,r-scylla3,4,0,incoming,0
2026-09-21T11:52:52.918711+00:00,192,r-scylla3,4,0,outgoing,0
2026-09-21T11:52:52.918711+00:00,192,r-scylla3,4,1,incoming,184392
2026-09-21T11:52:52.918711+00:00,192,r-scylla3,4,1,outgoing,0
2026-09-21T11:52:52.918711+00:00,192,r-scylla4,4,0,incoming,0
2026-09-21T11:52:52.918711+00:00,192,r-scylla4,4,0,outgoing,0
2026-09-21T11:52:52.918711+00:00,192,r-scylla4,4,1,incoming,0
2026-09-21T11:52:52.918711+00:00,192,r-scylla4,4,1,outgoing,184898
2026-09-21T11:52:53.918974+00:00,193,r-scylla1,4,0,incoming,0
2026-09-21T11:52:53.918974+00:00,193,r-scylla1,4,0,outgoing,0
2026-09-21T11:52:53.918974+00:00,193,r-scylla1,4,1,incoming,506
2026-09-21T11:52:53.918974+00:00,193,r-scylla1,4,1,outgoing,0
2026-09-21T11:52:53.918974+00:00,193,r-scylla2,4,0,incoming,0
2026-09-21T11:52:53.918974+00:00,193,r-scylla2,4,0,outgoing,0
2026-09-21T11:52:53.918974+00:00,193,r-scylla2,4,1,incoming,0
2026-09-21T11:52:53.918974+00:00,193,r-scylla2,4,1,outgoing,0
2026-09-21T11:52:53.918974+00:00,193,r-scylla3,4,0,incoming,0
2026-09-21T11:52:53.918974+00:00,193,r-scylla3,4,0,outgoing,0
2026-09-21T11:52:53.918974+00:00,193,r-scylla3,4,1,incoming,184392
2026-09-21T11:52:53.918974+00:00,193,r-scylla3,4,1,outgoing,0
2026-09-21T11:52:53.918974+00:00,193,r-scylla4,4,0,incoming,0
2026-09-21T11:52:53.918974+00:00,193,r-scylla4,4,0,outgoing,0
2026-09-21T11:52:53.918974+00:00,193,r-scylla4,4,1,incoming,0
2026-09-21T11:52:53.918974+00:00,193,r-scylla4,4,1,outgoing,184898
2026-09-21T11:52:54.919091+00:00,194,r-scylla1,4,0,incoming,0
2026-09-21T11:52:54.919091+00:00,194,r-scylla1,4,0,outgoing,0
2026-09-21T11:52:54.919091+00:00,194,r-scylla1,4,1,incoming,506
2026-09-21T11:52:54.919091+00:00,194,r-scylla1,4,1,outgoing,0
2026-09-21T11:52:54.919091+00:00,194,r-scylla2,4,0,incoming,0
2026-09-21T11:52:54.919091+00:00,194,r-scylla2,4,0,outgoing,0
2026-09-21T11:52:54.919091+00:00,194,r-scylla2,4,1,incoming,0
2026-09-21T11:52:54.919091+00:00,194,r-scylla2,4,1,outgoing,0
2026-09-21T11:52:54.919091+00:00,194,r-scylla3,4,0,incoming,0
2026-09-21T11:52:54.919091+00:00,194,r-scylla3,4,0,outgoing,0
2026-09-21T11:52:54.919091+00:00,194,r-scylla3,4,1,incoming,184392
2026-09-21T11:52:54.919091+00:00,194,r-scylla3,4,1,outgoing,0
2026-09-21T11:52:54.919091+00:00,194,r-scylla4,4,0,incoming,0
2026-09-21T11:52:54.919091+00:00,194,r-scylla4,4,0,outgoing,0
2026-09-21T11:52:54.919091+00:00,194,r-scylla4,4,1,incoming,0
2026-09-21T11:52:54.919091+00:00,194,r-scylla4,4,1,outgoing,184898
2026-09-21T11:52:55.919312+00:00,195,r-scylla1,4,0,incoming,0
2026-09-21T11:52:55.919312+00:00,195,r-scylla1,4,0,outgoing,0
2026-09-21T11:52:55.919312+00:00,195,r-scylla1,4,1,incoming,506
2026-09-21T11:52:55.919312+00:00,195,r-scylla1,4,1,outgoing,0
2026-09-21T11:52:55.919312+00:00,195,r-scylla2,4,0,incoming,0
2026-09-21T11:52:55.919312+00:00,195,r-scylla2,4,0,outgoing,0
2026-09-21T11:52:55.919312+00:00,195,r-scylla2,4,1,incoming,0
2026-09-21T11:52:55.919312+00:00,195,r-scylla2,4,1,outgoing,0
2026-09-21T11:52:55.919312+00:00,195,r-scylla3,4,0,incoming,0
2026-09-21T11:52:55.919312+00:00,195,r-scylla3,4,0,outgoing,0
2026-09-21T11:52:55.919312+00:00,195,r-scylla3,4,1,incoming,184392
2026-09-21T11:52:55.919312+00:00,195,r-scylla3,4,1,outgoing,0
2026-09-21T11:52:55.919312+00:00,195,r-scylla4,4,0,incoming,0
2026-09-21T11:52:55.919312+00:00,195,r-scylla4,4,0,outgoing,0
2026-09-21T11:52:55.919312+00:00,195,r-scylla4,4,1,incoming,0
2026-09-21T11:52:55.919312+00:00,195,r-scylla4,4,1,outgoing,184898
2026-09-21T11:52:56.919742+00:00,196,r-scylla1,4,0,incoming,0
2026-09-21T11:52:56.919742+00:00,196,r-scylla1,4,0,outgoing,0
2026-09-21T11:52:56.919742+00:00,196,r-scylla1,4,1,incoming,506
2026-09-21T11:52:56.919742+00:00,196,r-scylla1,4,1,outgoing,0
2026-09-21T11:52:56.919742+00:00,196,r-scylla2,4,0,incoming,0
2026-09-21T11:52:56.919742+00:00,196,r-scylla2,4,0,outgoing,0
2026-09-21T11:52:56.919742+00:00,196,r-scylla2,4,1,incoming,0
2026-09-21T11:52:56.919742+00:00,196,r-scylla2,4,1,outgoing,0
2026-09-21T11:52:56.919742+00:00,196,r-scylla3,4,0,incoming,0
2026-09-21T11:52:56.919742+00:00,196,r-scylla3,4,0,outgoing,0
2026-09-21T11:52:56.919742+00:00,196,r-scylla3,4,1,incoming,184392
2026-09-21T11:52:56.919742+00:00,196,r-scylla3,4,1,outgoing,0
2026-09-21T11:52:56.919742+00:00,196,r-scylla4,4,0,incoming,0
2026-09-21T11:52:56.919742+00:00,196,r-scylla4,4,0,outgoing,0
2026-09-21T11:52:56.919742+00:00,196,r-scylla4,4,1,incoming,0
2026-09-21T11:52:56.919742+00:00,196,r-scylla4,4,1,outgoing,184898
2026-09-21T11:52:57.919836+00:00,197,r-scylla1,4,0,incoming,0
2026-09-21T11:52:57.919836+00:00,197,r-scylla1,4,0,outgoing,0
2026-09-21T11:52:57.919836+00:00,197,r-scylla1,4,1,incoming,506
2026-09-21T11:52:57.919836+00:00,197,r-scylla1,4,1,outgoing,0
2026-09-21T11:52:57.919836+00:00,197,r-scylla2,4,0,incoming,0
2026-09-21T11:52:57.919836+00:00,197,r-scylla2,4,0,outgoing,0
2026-09-21T11:52:57.919836+00:00,197,r-scylla2,4,1,incoming,0
2026-09-21T11:52:57.919836+00:00,197,r-scylla2,4,1,outgoing,0
2026-09-21T11:52:57.919836+00:00,197,r-scylla3,4,0,incoming,0
2026-09-21T11:52:57.919836+00:00,197,r-scylla3,4,0,outgoing,0
2026-09-21T11:52:57.919836+00:00,197,r-scylla3,4,1,incoming,184392
2026-09-21T11:52:57.919836+00:00,197,r-scylla3,4,1,outgoing,0
2026-09-21T11:52:57.919836+00:00,197,r-scylla4,4,0,incoming,0
2026-09-21T11:52:57.919836+00:00,197,r-scylla4,4,0,outgoing,0
2026-09-21T11:52:57.919836+00:00,197,r-scylla4,4,1,incoming,0
2026-09-21T11:52:57.919836+00:00,197,r-scylla4,4,1,outgoing,184898
2026-09-21T11:52:58.919963+00:00,198,r-scylla1,4,0,incoming,0
2026-09-21T11:52:58.919963+00:00,198,r-scylla1,4,0,outgoing,0
2026-09-21T11:52:58.919963+00:00,198,r-scylla1,4,1,incoming,506
2026-09-21T11:52:58.919963+00:00,198,r-scylla1,4,1,outgoing,0
2026-09-21T11:52:58.919963+00:00,198,r-scylla2,4,0,incoming,0
2026-09-21T11:52:58.919963+00:00,198,r-scylla2,4,0,outgoing,0
2026-09-21T11:52:58.919963+00:00,198,r-scylla2,4,1,incoming,0
2026-09-21T11:52:58.919963+00:00,198,r-scylla2,4,1,outgoing,0
2026-09-21T11:52:58.919963+00:00,198,r-scylla3,4,0,incoming,0
2026-09-21T11:52:58.919963+00:00,198,r-scylla3,4,0,outgoing,0
2026-09-21T11:52:58.919963+00:00,198,r-scylla3,4,1,incoming,184392
2026-09-21T11:52:58.919963+00:00,198,r-scylla3,4,1,outgoing,0
2026-09-21T11:52:58.919963+00:00,198,r-scylla4,4,0,incoming,0
2026-09-21T11:52:58.919963+00:00,198,r-scylla4,4,0,outgoing,0
2026-09-21T11:52:58.919963+00:00,198,r-scylla4,4,1,incoming,0
2026-09-21T11:52:58.919963+00:00,198,r-scylla4,4,1,outgoing,184898
2026-09-21T11:52:59.920210+00:00,199,r-scylla1,4,0,incoming,0
2026-09-21T11:52:59.920210+00:00,199,r-scylla1,4,0,outgoing,0
2026-09-21T11:52:59.920210+00:00,199,r-scylla1,4,1,incoming,506
2026-09-21T11:52:59.920210+00:00,199,r-scylla1,4,1,outgoing,0
2026-09-21T11:52:59.920210+00:00,199,r-scylla2,4,0,incoming,0
2026-09-21T11:52:59.920210+00:00,199,r-scylla2,4,0,outgoing,0
2026-09-21T11:52:59.920210+00:00,199,r-scylla2,4,1,incoming,0
2026-09-21T11:52:59.920210+00:00,199,r-scylla2,4,1,outgoing,0
2026-09-21T11:52:59.920210+00:00,199,r-scylla3,4,0,incoming,0
2026-09-21T11:52:59.920210+00:00,199,r-scylla3,4,0,outgoing,0
2026-09-21T11:52:59.920210+00:00,199,r-scylla3,4,1,incoming,184392
2026-09-21T11:52:59.920210+00:00,199,r-scylla3,4,1,outgoing,0
2026-09-21T11:52:59.920210+00:00,199,r-scylla4,4,0,incoming,0
2026-09-21T11:52:59.920210+00:00,199,r-scylla4,4,0,outgoing,0
2026-09-21T11:52:59.920210+00:00,199,r-scylla4,4,1,incoming,0
2026-09-21T11:52:59.920210+00:00,199,r-scylla4,4,1,outgoing,184898
2026-09-21T11:53:00.918400+00:00,200,r-scylla1,4,0,incoming,0
2026-09-21T11:53:00.918400+00:00,200,r-scylla1,4,0,outgoing,0
2026-09-21T11:53:00.918400+00:00,200,r-scylla1,4,1,incoming,506
2026-09-21T11:53:00.918400+00:00,200,r-scylla1,4,1,outgoing,0
2026-09-21T11:53:00.918400+00:00,200,r-scylla2,4,0,incoming,0
2026-09-21T11:53:00.918400+00:00,200,r-scylla2,4,0,outgoing,0
2026-09-21T11:53:00.918400+00:00,200,r-scylla2,4,1,incoming,0
2026-09-21T11:53:00.918400+00:00,200,r-scylla2,4,1,outgoing,0
2026-09-21T11:53:00.918400+00:00,200,r-scylla3,4,0,incoming,0
2026-09-21T11:53:00.918400+00:00,200,r-scylla3,4,0,outgoing,0
2026-09-21T11:53:00.918400+00:00,200,r-scylla3,4,1,incoming,184392
2026-09-21T11:53:00.918400+00:00,200,r-scylla3,4,1,outgoing,0
2026-09-21T11:53:00.918400+00:00,200,r-scylla4,4,0,incoming,0
2026-09-21T11:53:00.918400+00:00,200,r-scylla4,4,0,outgoing,0
2026-09-21T11:53:00.918400+00:00,200,r-scylla4,4,1,incoming,0
2026-09-21T11:53:00.918400+00:00,200,r-scylla4,4,1,outgoing,184898
2026-09-21T11:53:01.918675+00:00,201,r-scylla1,4,0,incoming,0
2026-09-21T11:53:01.918675+00:00,201,r-scylla1,4,0,outgoing,0
2026-09-21T11:53:01.918675+00:00,201,r-scylla1,4,1,incoming,506
2026-09-21T11:53:01.918675+00:00,201,r-scylla1,4,1,outgoing,0
2026-09-21T11:53:01.918675+00:00,201,r-scylla2,4,0,incoming,0
2026-09-21T11:53:01.918675+00:00,201,r-scylla2,4,0,outgoing,0
2026-09-21T11:53:01.918675+00:00,201,r-scylla2,4,1,incoming,0
2026-09-21T11:53:01.918675+00:00,201,r-scylla2,4,1,outgoing,0
2026-09-21T11:53:01.918675+00:00,201,r-scylla3,4,0,incoming,0
2026-09-21T11:53:01.918675+00:00,201,r-scylla3,4,0,outgoing,0
2026-09-21T11:53:01.918675+00:00,201,r-scylla3,4,1,incoming,184392
2026-09-21T11:53:01.918675+00:00,201,r-scylla3,4,1,outgoing,0
2026-09-21T11:53:01.918675+00:00,201,r-scylla4,4,0,incoming,0
2026-09-21T11:53:01.918675+00:00,201,r-scylla4,4,0,outgoing,0
2026-09-21T11:53:01.918675+00:00,201,r-scylla4,4,1,incoming,0
2026-09-21T11:53:01.918675+00:00,201,r-scylla4,4,1,outgoing,184898
2026-09-21T11:53:02.918938+00:00,202,r-scylla1,4,0,incoming,0
2026-09-21T11:53:02.918938+00:00,202,r-scylla1,4,0,outgoing,0
2026-09-21T11:53:02.918938+00:00,202,r-scylla1,4,1,incoming,506
2026-09-21T11:53:02.918938+00:00,202,r-scylla1,4,1,outgoing,0
2026-09-21T11:53:02.918938+00:00,202,r-scylla2,4,0,incoming,0
2026-09-21T11:53:02.918938+00:00,202,r-scylla2,4,0,outgoing,0
2026-09-21T11:53:02.918938+00:00,202,r-scylla2,4,1,incoming,0
2026-09-21T11:53:02.918938+00:00,202,r-scylla2,4,1,outgoing,0
2026-09-21T11:53:02.918938+00:00,202,r-scylla3,4,0,incoming,0
2026-09-21T11:53:02.918938+00:00,202,r-scylla3,4,0,outgoing,0
2026-09-21T11:53:02.918938+00:00,202,r-scylla3,4,1,incoming,184392
2026-09-21T11:53:02.918938+00:00,202,r-scylla3,4,1,outgoing,0
2026-09-21T11:53:02.918938+00:00,202,r-scylla4,4,0,incoming,0
2026-09-21T11:53:02.918938+00:00,202,r-scylla4,4,0,outgoing,0
2026-09-21T11:53:02.918938+00:00,202,r-scylla4,4,1,incoming,0
2026-09-21T11:53:02.918938+00:00,202,r-scylla4,4,1,outgoing,184898
2026-09-21T11:53:03.919223+00:00,203,r-scylla1,4,0,incoming,0
2026-09-21T11:53:03.919223+00:00,203,r-scylla1,4,0,outgoing,0
2026-09-21T11:53:03.919223+00:00,203,r-scylla1,4,1,incoming,506
2026-09-21T11:53:03.919223+00:00,203,r-scylla1,4,1,outgoing,0
2026-09-21T11:53:03.919223+00:00,203,r-scylla2,4,0,incoming,0
2026-09-21T11:53:03.919223+00:00,203,r-scylla2,4,0,outgoing,0
2026-09-21T11:53:03.919223+00:00,203,r-scylla2,4,1,incoming,0
2026-09-21T11:53:03.919223+00:00,203,r-scylla2,4,1,outgoing,0
2026-09-21T11:53:03.919223+00:00,203,r-scylla3,4,0,incoming,0
2026-09-21T11:53:03.919223+00:00,203,r-scylla3,4,0,outgoing,0
2026-09-21T11:53:03.919223+00:00,203,r-scylla3,4,1,incoming,184392
2026-09-21T11:53:03.919223+00:00,203,r-scylla3,4,1,outgoing,0
2026-09-21T11:53:03.919223+00:00,203,r-scylla4,4,0,incoming,0
2026-09-21T11:53:03.919223+00:00,203,r-scylla4,4,0,outgoing,0
2026-09-21T11:53:03.919223+00:00,203,r-scylla4,4,1,incoming,0
2026-09-21T11:53:03.919223+00:00,203,r-scylla4,4,1,outgoing,184898
2026-09-21T11:53:04.919535+00:00,204,r-scylla1,4,0,incoming,0
2026-09-21T11:53:04.919535+00:00,204,r-scylla1,4,0,outgoing,0
2026-09-21T11:53:04.919535+00:00,204,r-scylla1,4,1,incoming,506
2026-09-21T11:53:04.919535+00:00,204,r-scylla1,4,1,outgoing,0
2026-09-21T11:53:04.919535+00:00,204,r-scylla2,4,0,incoming,0
2026-09-21T11:53:04.919535+00:00,204,r-scylla2,4,0,outgoing,0
2026-09-21T11:53:04.919535+00:00,204,r-scylla2,4,1,incoming,0
2026-09-21T11:53:04.919535+00:00,204,r-scylla2,4,1,outgoing,0
2026-09-21T11:53:04.919535+00:00,204,r-scylla3,4,0,incoming,0
2026-09-21T11:53:04.919535+00:00,204,r-scylla3,4,0,outgoing,0
2026-09-21T11:53:04.919535+00:00,204,r-scylla3,4,1,incoming,184392
2026-09-21T11:53:04.919535+00:00,204,r-scylla3,4,1,outgoing,0
2026-09-21T11:53:04.919535+00:00,204,r-scylla4,4,0,incoming,0
2026-09-21T11:53:04.919535+00:00,204,r-scylla4,4,0,outgoing,0
2026-09-21T11:53:04.919535+00:00,204,r-scylla4,4,1,incoming,0
2026-09-21T11:53:04.919535+00:00,204,r-scylla4,4,1,outgoing,184898
2026-09-21T11:53:05.919910+00:00,205,r-scylla1,4,0,incoming,0
2026-09-21T11:53:05.919910+00:00,205,r-scylla1,4,0,outgoing,0
2026-09-21T11:53:05.919910+00:00,205,r-scylla1,4,1,incoming,506
2026-09-21T11:53:05.919910+00:00,205,r-scylla1,4,1,outgoing,0
2026-09-21T11:53:05.919910+00:00,205,r-scylla2,4,0,incoming,0
2026-09-21T11:53:05.919910+00:00,205,r-scylla2,4,0,outgoing,0
2026-09-21T11:53:05.919910+00:00,205,r-scylla2,4,1,incoming,0
2026-09-21T11:53:05.919910+00:00,205,r-scylla2,4,1,outgoing,0
2026-09-21T11:53:05.919910+00:00,205,r-scylla3,4,0,incoming,0
2026-09-21T11:53:05.919910+00:00,205,r-scylla3,4,0,outgoing,0
2026-09-21T11:53:05.919910+00:00,205,r-scylla3,4,1,incoming,184392
2026-09-21T11:53:05.919910+00:00,205,r-scylla3,4,1,outgoing,0
2026-09-21T11:53:05.919910+00:00,205,r-scylla4,4,0,incoming,0
2026-09-21T11:53:05.919910+00:00,205,r-scylla4,4,0,outgoing,0
2026-09-21T11:53:05.919910+00:00,205,r-scylla4,4,1,incoming,0
2026-09-21T11:53:05.919910+00:00,205,r-scylla4,4,1,outgoing,184898
2026-09-21T11:53:06.920021+00:00,206,r-scylla1,4,0,incoming,0
2026-09-21T11:53:06.920021+00:00,206,r-scylla1,4,0,outgoing,0
2026-09-21T11:53:06.920021+00:00,206,r-scylla1,4,1,incoming,506
2026-09-21T11:53:06.920021+00:00,206,r-scylla1,4,1,outgoing,0
2026-09-21T11:53:06.920021+00:00,206,r-scylla2,4,0,incoming,0
2026-09-21T11:53:06.920021+00:00,206,r-scylla2,4,0,outgoing,0
2026-09-21T11:53:06.920021+00:00,206,r-scylla2,4,1,incoming,0
2026-09-21T11:53:06.920021+00:00,206,r-scylla2,4,1,outgoing,0
2026-09-21T11:53:06.920021+00:00,206,r-scylla3,4,0,incoming,0
2026-09-21T11:53:06.920021+00:00,206,r-scylla3,4,0,outgoing,0
2026-09-21T11:53:06.920021+00:00,206,r-scylla3,4,1,incoming,184392
2026-09-21T11:53:06.920021+00:00,206,r-scylla3,4,1,outgoing,0
2026-09-21T11:53:06.920021+00:00,206,r-scylla4,4,0,incoming,0
2026-09-21T11:53:06.920021+00:00,206,r-scylla4,4,0,outgoing,0
2026-09-21T11:53:06.920021+00:00,206,r-scylla4,4,1,incoming,0
2026-09-21T11:53:06.920021+00:00,206,r-scylla4,4,1,outgoing,184898
2026-09-21T11:53:07.920183+00:00,207,r-scylla1,4,0,incoming,0
2026-09-21T11:53:07.920183+00:00,207,r-scylla1,4,0,outgoing,0
2026-09-21T11:53:07.920183+00:00,207,r-scylla1,4,1,incoming,506
2026-09-21T11:53:07.920183+00:00,207,r-scylla1,4,1,outgoing,0
2026-09-21T11:53:07.920183+00:00,207,r-scylla2,4,0,incoming,0
2026-09-21T11:53:07.920183+00:00,207,r-scylla2,4,0,outgoing,0
2026-09-21T11:53:07.920183+00:00,207,r-scylla2,4,1,incoming,0
2026-09-21T11:53:07.920183+00:00,207,r-scylla2,4,1,outgoing,0
2026-09-21T11:53:07.920183+00:00,207,r-scylla3,4,0,incoming,0
2026-09-21T11:53:07.920183+00:00,207,r-scylla3,4,0,outgoing,0
2026-09-21T11:53:07.920183+00:00,207,r-scylla3,4,1,incoming,184392
2026-09-21T11:53:07.920183+00:00,207,r-scylla3,4,1,outgoing,0
2026-09-21T11:53:07.920183+00:00,207,r-scylla4,4,0,incoming,0
2026-09-21T11:53:07.920183+00:00,207,r-scylla4,4,0,outgoing,0
2026-09-21T11:53:07.920183+00:00,207,r-scylla4,4,1,incoming,0
2026-09-21T11:53:07.920183+00:00,207,r-scylla4,4,1,outgoing,184898
2026-09-21T11:53:08.920275+00:00,208,r-scylla1,4,0,incoming,0
2026-09-21T11:53:08.920275+00:00,208,r-scylla1,4,0,outgoing,0
2026-09-21T11:53:08.920275+00:00,208,r-scylla1,4,1,incoming,506
2026-09-21T11:53:08.920275+00:00,208,r-scylla1,4,1,outgoing,0
2026-09-21T11:53:08.920275+00:00,208,r-scylla2,4,0,incoming,0
2026-09-21T11:53:08.920275+00:00,208,r-scylla2,4,0,outgoing,0
2026-09-21T11:53:08.920275+00:00,208,r-scylla2,4,1,incoming,0
2026-09-21T11:53:08.920275+00:00,208,r-scylla2,4,1,outgoing,0
2026-09-21T11:53:08.920275+00:00,208,r-scylla3,4,0,incoming,0
2026-09-21T11:53:08.920275+00:00,208,r-scylla3,4,0,outgoing,0
2026-09-21T11:53:08.920275+00:00,208,r-scylla3,4,1,incoming,184392
2026-09-21T11:53:08.920275+00:00,208,r-scylla3,4,1,outgoing,0
2026-09-21T11:53:08.920275+00:00,208,r-scylla4,4,0,incoming,0
2026-09-21T11:53:08.920275+00:00,208,r-scylla4,4,0,outgoing,0
2026-09-21T11:53:08.920275+00:00,208,r-scylla4,4,1,incoming,0
2026-09-21T11:53:08.920275+00:00,208,r-scylla4,4,1,outgoing,184898
2026-09-21T11:53:09.920486+00:00,209,r-scylla1,4,0,incoming,0
2026-09-21T11:53:09.920486+00:00,209,r-scylla1,4,0,outgoing,0
2026-09-21T11:53:09.920486+00:00,209,r-scylla1,4,1,incoming,506
2026-09-21T11:53:09.920486+00:00,209,r-scylla1,4,1,outgoing,0
2026-09-21T11:53:09.920486+00:00,209,r-scylla2,4,0,incoming,0
2026-09-21T11:53:09.920486+00:00,209,r-scylla2,4,0,outgoing,0
2026-09-21T11:53:09.920486+00:00,209,r-scylla2,4,1,incoming,0
2026-09-21T11:53:09.920486+00:00,209,r-scylla2,4,1,outgoing,0
2026-09-21T11:53:09.920486+00:00,209,r-scylla3,4,0,incoming,0
2026-09-21T11:53:09.920486+00:00,209,r-scylla3,4,0,outgoing,0
2026-09-21T11:53:09.920486+00:00,209,r-scylla3,4,1,incoming,184392
2026-09-21T11:53:09.920486+00:00,209,r-scylla3,4,1,outgoing,0
2026-09-21T11:53:09.920486+00:00,209,r-scylla4,4,0,incoming,0
2026-09-21T11:53:09.920486+00:00,209,r-scylla4,4,0,outgoing,0
2026-09-21T11:53:09.920486+00:00,209,r-scylla4,4,1,incoming,0
2026-09-21T11:53:09.920486+00:00,209,r-scylla4,4,1,outgoing,184898
2026-09-21T11:53:10.920791+00:00,210,r-scylla1,4,0,incoming,0
2026-09-21T11:53:10.920791+00:00,210,r-scylla1,4,0,outgoing,0
2026-09-21T11:53:10.920791+00:00,210,r-scylla1,4,1,incoming,506
2026-09-21T11:53:10.920791+00:00,210,r-scylla1,4,1,outgoing,0
2026-09-21T11:53:10.920791+00:00,210,r-scylla2,4,0,incoming,0
2026-09-21T11:53:10.920791+00:00,210,r-scylla2,4,0,outgoing,0
2026-09-21T11:53:10.920791+00:00,210,r-scylla2,4,1,incoming,0
2026-09-21T11:53:10.920791+00:00,210,r-scylla2,4,1,outgoing,0
2026-09-21T11:53:10.920791+00:00,210,r-scylla3,4,0,incoming,0
2026-09-21T11:53:10.920791+00:00,210,r-scylla3,4,0,outgoing,0
2026-09-21T11:53:10.920791+00:00,210,r-scylla3,4,1,incoming,184392
2026-09-21T11:53:10.920791+00:00,210,r-scylla3,4,1,outgoing,0
2026-09-21T11:53:10.920791+00:00,210,r-scylla4,4,0,incoming,0
2026-09-21T11:53:10.920791+00:00,210,r-scylla4,4,0,outgoing,0
2026-09-21T11:53:10.920791+00:00,210,r-scylla4,4,1,incoming,0
2026-09-21T11:53:10.920791+00:00,210,r-scylla4,4,1,outgoing,184898
2026-09-21T11:53:11.921042+00:00,211,r-scylla1,4,0,incoming,0
2026-09-21T11:53:11.921042+00:00,211,r-scylla1,4,0,outgoing,0
2026-09-21T11:53:11.921042+00:00,211,r-scylla1,4,1,incoming,506
2026-09-21T11:53:11.921042+00:00,211,r-scylla1,4,1,outgoing,0
2026-09-21T11:53:11.921042+00:00,211,r-scylla2,4,0,incoming,0
2026-09-21T11:53:11.921042+00:00,211,r-scylla2,4,0,outgoing,0
2026-09-21T11:53:11.921042+00:00,211,r-scylla2,4,1,incoming,0
2026-09-21T11:53:11.921042+00:00,211,r-scylla2,4,1,outgoing,0
2026-09-21T11:53:11.921042+00:00,211,r-scylla3,4,0,incoming,0
2026-09-21T11:53:11.921042+00:00,211,r-scylla3,4,0,outgoing,0
2026-09-21T11:53:11.921042+00:00,211,r-scylla3,4,1,incoming,184392
2026-09-21T11:53:11.921042+00:00,211,r-scylla3,4,1,outgoing,0
2026-09-21T11:53:11.921042+00:00,211,r-scylla4,4,0,incoming,0
2026-09-21T11:53:11.921042+00:00,211,r-scylla4,4,0,outgoing,0
2026-09-21T11:53:11.921042+00:00,211,r-scylla4,4,1,incoming,0
2026-09-21T11:53:11.921042+00:00,211,r-scylla4,4,1,outgoing,184898
2026-09-21T11:53:12.921228+00:00,212,r-scylla1,4,0,incoming,0
2026-09-21T11:53:12.921228+00:00,212,r-scylla1,4,0,outgoing,0
2026-09-21T11:53:12.921228+00:00,212,r-scylla1,4,1,incoming,506
2026-09-21T11:53:12.921228+00:00,212,r-scylla1,4,1,outgoing,0
2026-09-21T11:53:12.921228+00:00,212,r-scylla2,4,0,incoming,0
2026-09-21T11:53:12.921228+00:00,212,r-scylla2,4,0,outgoing,0
2026-09-21T11:53:12.921228+00:00,212,r-scylla2,4,1,incoming,0
2026-09-21T11:53:12.921228+00:00,212,r-scylla2,4,1,outgoing,0
2026-09-21T11:53:12.921228+00:00,212,r-scylla3,4,0,incoming,0
2026-09-21T11:53:12.921228+00:00,212,r-scylla3,4,0,outgoing,0
2026-09-21T11:53:12.921228+00:00,212,r-scylla3,4,1,incoming,184392
2026-09-21T11:53:12.921228+00:00,212,r-scylla3,4,1,outgoing,0
2026-09-21T11:53:12.921228+00:00,212,r-scylla4,4,0,incoming,0
2026-09-21T11:53:12.921228+00:00,212,r-scylla4,4,0,outgoing,0
2026-09-21T11:53:12.921228+00:00,212,r-scylla4,4,1,incoming,0
2026-09-21T11:53:12.921228+00:00,212,r-scylla4,4,1,outgoing,184898
2026-09-21T11:53:13.921466+00:00,213,r-scylla1,4,0,incoming,0
2026-09-21T11:53:13.921466+00:00,213,r-scylla1,4,0,outgoing,0
2026-09-21T11:53:13.921466+00:00,213,r-scylla1,4,1,incoming,506
2026-09-21T11:53:13.921466+00:00,213,r-scylla1,4,1,outgoing,0
2026-09-21T11:53:13.921466+00:00,213,r-scylla2,4,0,incoming,0
2026-09-21T11:53:13.921466+00:00,213,r-scylla2,4,0,outgoing,0
2026-09-21T11:53:13.921466+00:00,213,r-scylla2,4,1,incoming,0
2026-09-21T11:53:13.921466+00:00,213,r-scylla2,4,1,outgoing,0
2026-09-21T11:53:13.921466+00:00,213,r-scylla3,4,0,incoming,0
2026-09-21T11:53:13.921466+00:00,213,r-scylla3,4,0,outgoing,0
2026-09-21T11:53:13.921466+00:00,213,r-scylla3,4,1,incoming,184392
2026-09-21T11:53:13.921466+00:00,213,r-scylla3,4,1,outgoing,0
2026-09-21T11:53:13.921466+00:00,213,r-scylla4,4,0,incoming,0
2026-09-21T11:53:13.921466+00:00,213,r-scylla4,4,0,outgoing,0
2026-09-21T11:53:13.921466+00:00,213,r-scylla4,4,1,incoming,0
2026-09-21T11:53:13.921466+00:00,213,r-scylla4,4,1,outgoing,184898
2026-09-21T11:53:14.921671+00:00,214,r-scylla1,4,0,incoming,0
2026-09-21T11:53:14.921671+00:00,214,r-scylla1,4,0,outgoing,0
2026-09-21T11:53:14.921671+00:00,214,r-scylla1,4,1,incoming,506
2026-09-21T11:53:14.921671+00:00,214,r-scylla1,4,1,outgoing,0
2026-09-21T11:53:14.921671+00:00,214,r-scylla2,4,0,incoming,0
2026-09-21T11:53:14.921671+00:00,214,r-scylla2,4,0,outgoing,0
2026-09-21T11:53:14.921671+00:00,214,r-scylla2,4,1,incoming,0
2026-09-21T11:53:14.921671+00:00,214,r-scylla2,4,1,outgoing,0
2026-09-21T11:53:14.921671+00:00,214,r-scylla3,4,0,incoming,0
2026-09-21T11:53:14.921671+00:00,214,r-scylla3,4,0,outgoing,0
2026-09-21T11:53:14.921671+00:00,214,r-scylla3,4,1,incoming,184392
2026-09-21T11:53:14.921671+00:00,214,r-scylla3,4,1,outgoing,0
2026-09-21T11:53:14.921671+00:00,214,r-scylla4,4,0,incoming,0
2026-09-21T11:53:14.921671+00:00,214,r-scylla4,4,0,outgoing,0
2026-09-21T11:53:14.921671+00:00,214,r-scylla4,4,1,incoming,0
2026-09-21T11:53:14.921671+00:00,214,r-scylla4,4,1,outgoing,184898
2026-09-21T11:53:15.921809+00:00,215,r-scylla1,4,0,incoming,0
2026-09-21T11:53:15.921809+00:00,215,r-scylla1,4,0,outgoing,0
2026-09-21T11:53:15.921809+00:00,215,r-scylla1,4,1,incoming,506
2026-09-21T11:53:15.921809+00:00,215,r-scylla1,4,1,outgoing,0
2026-09-21T11:53:15.921809+00:00,215,r-scylla2,4,0,incoming,0
2026-09-21T11:53:15.921809+00:00,215,r-scylla2,4,0,outgoing,0
2026-09-21T11:53:15.921809+00:00,215,r-scylla2,4,1,incoming,0
2026-09-21T11:53:15.921809+00:00,215,r-scylla2,4,1,outgoing,0
2026-09-21T11:53:15.921809+00:00,215,r-scylla3,4,0,incoming,0
2026-09-21T11:53:15.921809+00:00,215,r-scylla3,4,0,outgoing,0
2026-09-21T11:53:15.921809+00:00,215,r-scylla3,4,1,incoming,184392
2026-09-21T11:53:15.921809+00:00,215,r-scylla3,4,1,outgoing,0
2026-09-21T11:53:15.921809+00:00,215,r-scylla4,4,0,incoming,0
2026-09-21T11:53:15.921809+00:00,215,r-scylla4,4,0,outgoing,0
2026-09-21T11:53:15.921809+00:00,215,r-scylla4,4,1,incoming,0
2026-09-21T11:53:15.921809+00:00,215,r-scylla4,4,1,outgoing,184898
2026-09-21T11:53:16.921923+00:00,216,r-scylla1,4,0,incoming,0
2026-09-21T11:53:16.921923+00:00,216,r-scylla1,4,0,outgoing,0
2026-09-21T11:53:16.921923+00:00,216,r-scylla1,4,1,incoming,506
2026-09-21T11:53:16.921923+00:00,216,r-scylla1,4,1,outgoing,0
2026-09-21T11:53:16.921923+00:00,216,r-scylla2,4,0,incoming,0
2026-09-21T11:53:16.921923+00:00,216,r-scylla2,4,0,outgoing,0
2026-09-21T11:53:16.921923+00:00,216,r-scylla2,4,1,incoming,0
2026-09-21T11:53:16.921923+00:00,216,r-scylla2,4,1,outgoing,0
2026-09-21T11:53:16.921923+00:00,216,r-scylla3,4,0,incoming,0
2026-09-21T11:53:16.921923+00:00,216,r-scylla3,4,0,outgoing,0
2026-09-21T11:53:16.921923+00:00,216,r-scylla3,4,1,incoming,184392
2026-09-21T11:53:16.921923+00:00,216,r-scylla3,4,1,outgoing,0
2026-09-21T11:53:16.921923+00:00,216,r-scylla4,4,0,incoming,0
2026-09-21T11:53:16.921923+00:00,216,r-scylla4,4,0,outgoing,0
2026-09-21T11:53:16.921923+00:00,216,r-scylla4,4,1,incoming,0
2026-09-21T11:53:16.921923+00:00,216,r-scylla4,4,1,outgoing,184898
2026-09-21T11:53:17.922064+00:00,217,r-scylla1,4,0,incoming,0
2026-09-21T11:53:17.922064+00:00,217,r-scylla1,4,0,outgoing,0
2026-09-21T11:53:17.922064+00:00,217,r-scylla1,4,1,incoming,506
2026-09-21T11:53:17.922064+00:00,217,r-scylla1,4,1,outgoing,0
2026-09-21T11:53:17.922064+00:00,217,r-scylla2,4,0,incoming,0
2026-09-21T11:53:17.922064+00:00,217,r-scylla2,4,0,outgoing,0
2026-09-21T11:53:17.922064+00:00,217,r-scylla2,4,1,incoming,0
2026-09-21T11:53:17.922064+00:00,217,r-scylla2,4,1,outgoing,0
2026-09-21T11:53:17.922064+00:00,217,r-scylla3,4,0,incoming,0
2026-09-21T11:53:17.922064+00:00,217,r-scylla3,4,0,outgoing,0
2026-09-21T11:53:17.922064+00:00,217,r-scylla3,4,1,incoming,184392
2026-09-21T11:53:17.922064+00:00,217,r-scylla3,4,1,outgoing,0
2026-09-21T11:53:17.922064+00:00,217,r-scylla4,4,0,incoming,0
2026-09-21T11:53:17.922064+00:00,217,r-scylla4,4,0,outgoing,0
2026-09-21T11:53:17.922064+00:00,217,r-scylla4,4,1,incoming,0
2026-09-21T11:53:17.922064+00:00,217,r-scylla4,4,1,outgoing,184898
2026-09-21T11:53:18.922246+00:00,218,r-scylla1,4,0,incoming,0
2026-09-21T11:53:18.922246+00:00,218,r-scylla1,4,0,outgoing,0
2026-09-21T11:53:18.922246+00:00,218,r-scylla1,4,1,incoming,506
2026-09-21T11:53:18.922246+00:00,218,r-scylla1,4,1,outgoing,0
2026-09-21T11:53:18.922246+00:00,218,r-scylla2,4,0,incoming,0
2026-09-21T11:53:18.922246+00:00,218,r-scylla2,4,0,outgoing,0
2026-09-21T11:53:18.922246+00:00,218,r-scylla2,4,1,incoming,0
2026-09-21T11:53:18.922246+00:00,218,r-scylla2,4,1,outgoing,0
2026-09-21T11:53:18.922246+00:00,218,r-scylla3,4,0,incoming,0
2026-09-21T11:53:18.922246+00:00,218,r-scylla3,4,0,outgoing,0
2026-09-21T11:53:18.922246+00:00,218,r-scylla3,4,1,incoming,184392
2026-09-21T11:53:18.922246+00:00,218,r-scylla3,4,1,outgoing,0
2026-09-21T11:53:18.922246+00:00,218,r-scylla4,4,0,incoming,0
2026-09-21T11:53:18.922246+00:00,218,r-scylla4,4,0,outgoing,0
2026-09-21T11:53:18.922246+00:00,218,r-scylla4,4,1,incoming,0
2026-09-21T11:53:18.922246+00:00,218,r-scylla4,4,1,outgoing,184898
2026-09-21T11:53:19.922506+00:00,219,r-scylla1,4,0,incoming,0
2026-09-21T11:53:19.922506+00:00,219,r-scylla1,4,0,outgoing,0
2026-09-21T11:53:19.922506+00:00,219,r-scylla1,4,1,incoming,506
2026-09-21T11:53:19.922506+00:00,219,r-scylla1,4,1,outgoing,0
2026-09-21T11:53:19.922506+00:00,219,r-scylla2,4,0,incoming,0
2026-09-21T11:53:19.922506+00:00,219,r-scylla2,4,0,outgoing,0
2026-09-21T11:53:19.922506+00:00,219,r-scylla2,4,1,incoming,0
2026-09-21T11:53:19.922506+00:00,219,r-scylla2,4,1,outgoing,0
2026-09-21T11:53:19.922506+00:00,219,r-scylla3,4,0,incoming,0
2026-09-21T11:53:19.922506+00:00,219,r-scylla3,4,0,outgoing,0
2026-09-21T11:53:19.922506+00:00,219,r-scylla3,4,1,incoming,184392
2026-09-21T11:53:19.922506+00:00,219,r-scylla3,4,1,outgoing,0
2026-09-21T11:53:19.922506+00:00,219,r-scylla4,4,0,incoming,0
2026-09-21T11:53:19.922506+00:00,219,r-scylla4,4,0,outgoing,0
2026-09-21T11:53:19.922506+00:00,219,r-scylla4,4,1,incoming,0
2026-09-21T11:53:19.922506+00:00,219,r-scylla4,4,1,outgoing,184898
2026-09-21T11:53:20.922762+00:00,220,r-scylla1,4,0,incoming,0
2026-09-21T11:53:20.922762+00:00,220,r-scylla1,4,0,outgoing,0
2026-09-21T11:53:20.922762+00:00,220,r-scylla1,4,1,incoming,506
2026-09-21T11:53:20.922762+00:00,220,r-scylla1,4,1,outgoing,0
2026-09-21T11:53:20.922762+00:00,220,r-scylla2,4,0,incoming,0
2026-09-21T11:53:20.922762+00:00,220,r-scylla2,4,0,outgoing,0
2026-09-21T11:53:20.922762+00:00,220,r-scylla2,4,1,incoming,0
2026-09-21T11:53:20.922762+00:00,220,r-scylla2,4,1,outgoing,0
2026-09-21T11:53:20.922762+00:00,220,r-scylla3,4,0,incoming,0
2026-09-21T11:53:20.922762+00:00,220,r-scylla3,4,0,outgoing,0
2026-09-21T11:53:20.922762+00:00,220,r-scylla3,4,1,incoming,184392
2026-09-21T11:53:20.922762+00:00,220,r-scylla3,4,1,outgoing,0
2026-09-21T11:53:20.922762+00:00,220,r-scylla4,4,0,incoming,0
2026-09-21T11:53:20.922762+00:00,220,r-scylla4,4,0,outgoing,0
2026-09-21T11:53:20.922762+00:00,220,r-scylla4,4,1,incoming,0
2026-09-21T11:53:20.922762+00:00,220,r-scylla4,4,1,outgoing,184898
2026-09-21T11:53:21.922864+00:00,221,r-scylla1,4,0,incoming,0
2026-09-21T11:53:21.922864+00:00,221,r-scylla1,4,0,outgoing,0
2026-09-21T11:53:21.922864+00:00,221,r-scylla1,4,1,incoming,506
2026-09-21T11:53:21.922864+00:00,221,r-scylla1,4,1,outgoing,0
2026-09-21T11:53:21.922864+00:00,221,r-scylla2,4,0,incoming,0
2026-09-21T11:53:21.922864+00:00,221,r-scylla2,4,0,outgoing,0
2026-09-21T11:53:21.922864+00:00,221,r-scylla2,4,1,incoming,0
2026-09-21T11:53:21.922864+00:00,221,r-scylla2,4,1,outgoing,0
2026-09-21T11:53:21.922864+00:00,221,r-scylla3,4,0,incoming,0
2026-09-21T11:53:21.922864+00:00,221,r-scylla3,4,0,outgoing,0
2026-09-21T11:53:21.922864+00:00,221,r-scylla3,4,1,incoming,184392
2026-09-21T11:53:21.922864+00:00,221,r-scylla3,4,1,outgoing,0
2026-09-21T11:53:21.922864+00:00,221,r-scylla4,4,0,incoming,0
2026-09-21T11:53:21.922864+00:00,221,r-scylla4,4,0,outgoing,0
2026-09-21T11:53:21.922864+00:00,221,r-scylla4,4,1,incoming,0
2026-09-21T11:53:21.922864+00:00,221,r-scylla4,4,1,outgoing,184898
2026-09-21T11:53:22.923065+00:00,222,r-scylla1,4,0,incoming,0
2026-09-21T11:53:22.923065+00:00,222,r-scylla1,4,0,outgoing,0
2026-09-21T11:53:22.923065+00:00,222,r-scylla1,4,1,incoming,506
2026-09-21T11:53:22.923065+00:00,222,r-scylla1,4,1,outgoing,0
2026-09-21T11:53:22.923065+00:00,222,r-scylla2,4,0,incoming,0
2026-09-21T11:53:22.923065+00:00,222,r-scylla2,4,0,outgoing,0
2026-09-21T11:53:22.923065+00:00,222,r-scylla2,4,1,incoming,0
2026-09-21T11:53:22.923065+00:00,222,r-scylla2,4,1,outgoing,0
2026-09-21T11:53:22.923065+00:00,222,r-scylla3,4,0,incoming,0
2026-09-21T11:53:22.923065+00:00,222,r-scylla3,4,0,outgoing,0
2026-09-21T11:53:22.923065+00:00,222,r-scylla3,4,1,incoming,184392
2026-09-21T11:53:22.923065+00:00,222,r-scylla3,4,1,outgoing,0
2026-09-21T11:53:22.923065+00:00,222,r-scylla4,4,0,incoming,0
2026-09-21T11:53:22.923065+00:00,222,r-scylla4,4,0,outgoing,0
2026-09-21T11:53:22.923065+00:00,222,r-scylla4,4,1,incoming,0
2026-09-21T11:53:22.923065+00:00,222,r-scylla4,4,1,outgoing,184898
2026-09-21T11:53:23.923206+00:00,223,r-scylla1,4,0,incoming,0
2026-09-21T11:53:23.923206+00:00,223,r-scylla1,4,0,outgoing,0
2026-09-21T11:53:23.923206+00:00,223,r-scylla1,4,1,incoming,506
2026-09-21T11:53:23.923206+00:00,223,r-scylla1,4,1,outgoing,0
2026-09-21T11:53:23.923206+00:00,223,r-scylla2,4,0,incoming,0
2026-09-21T11:53:23.923206+00:00,223,r-scylla2,4,0,outgoing,0
2026-09-21T11:53:23.923206+00:00,223,r-scylla2,4,1,incoming,0
2026-09-21T11:53:23.923206+00:00,223,r-scylla2,4,1,outgoing,0
2026-09-21T11:53:23.923206+00:00,223,r-scylla3,4,0,incoming,0
2026-09-21T11:53:23.923206+00:00,223,r-scylla3,4,0,outgoing,0
2026-09-21T11:53:23.923206+00:00,223,r-scylla3,4,1,incoming,184392
2026-09-21T11:53:23.923206+00:00,223,r-scylla3,4,1,outgoing,0
2026-09-21T11:53:23.923206+00:00,223,r-scylla4,4,0,incoming,0
2026-09-21T11:53:23.923206+00:00,223,r-scylla4,4,0,outgoing,0
2026-09-21T11:53:23.923206+00:00,223,r-scylla4,4,1,incoming,0
2026-09-21T11:53:23.923206+00:00,223,r-scylla4,4,1,outgoing,184898
2026-09-21T11:53:24.923868+00:00,224,r-scylla1,4,0,incoming,0
2026-09-21T11:53:24.923868+00:00,224,r-scylla1,4,0,outgoing,0
2026-09-21T11:53:24.923868+00:00,224,r-scylla1,4,1,incoming,506
2026-09-21T11:53:24.923868+00:00,224,r-scylla1,4,1,outgoing,0
2026-09-21T11:53:24.923868+00:00,224,r-scylla2,4,0,incoming,0
2026-09-21T11:53:24.923868+00:00,224,r-scylla2,4,0,outgoing,0
2026-09-21T11:53:24.923868+00:00,224,r-scylla2,4,1,incoming,0
2026-09-21T11:53:24.923868+00:00,224,r-scylla2,4,1,outgoing,0
2026-09-21T11:53:24.923868+00:00,224,r-scylla3,4,0,incoming,0
2026-09-21T11:53:24.923868+00:00,224,r-scylla3,4,0,outgoing,0
2026-09-21T11:53:24.923868+00:00,224,r-scylla3,4,1,incoming,184392
2026-09-21T11:53:24.923868+00:00,224,r-scylla3,4,1,outgoing,0
2026-09-21T11:53:24.923868+00:00,224,r-scylla4,4,0,incoming,0
2026-09-21T11:53:24.923868+00:00,224,r-scylla4,4,0,outgoing,0
2026-09-21T11:53:24.923868+00:00,224,r-scylla4,4,1,incoming,0
2026-09-21T11:53:24.923868+00:00,224,r-scylla4,4,1,outgoing,184898
2026-09-21T11:53:25.924055+00:00,225,r-scylla1,4,0,incoming,0
2026-09-21T11:53:25.924055+00:00,225,r-scylla1,4,0,outgoing,0
2026-09-21T11:53:25.924055+00:00,225,r-scylla1,4,1,incoming,506
2026-09-21T11:53:25.924055+00:00,225,r-scylla1,4,1,outgoing,0
2026-09-21T11:53:25.924055+00:00,225,r-scylla2,4,0,incoming,0
2026-09-21T11:53:25.924055+00:00,225,r-scylla2,4,0,outgoing,0
2026-09-21T11:53:25.924055+00:00,225,r-scylla2,4,1,incoming,0
2026-09-21T11:53:25.924055+00:00,225,r-scylla2,4,1,outgoing,0
2026-09-21T11:53:25.924055+00:00,225,r-scylla3,4,0,incoming,0
2026-09-21T11:53:25.924055+00:00,225,r-scylla3,4,0,outgoing,0
2026-09-21T11:53:25.924055+00:00,225,r-scylla3,4,1,incoming,184392
2026-09-21T11:53:25.924055+00:00,225,r-scylla3,4,1,outgoing,0
2026-09-21T11:53:25.924055+00:00,225,r-scylla4,4,0,incoming,0
2026-09-21T11:53:25.924055+00:00,225,r-scylla4,4,0,outgoing,0
2026-09-21T11:53:25.924055+00:00,225,r-scylla4,4,1,incoming,0
2026-09-21T11:53:25.924055+00:00,225,r-scylla4,4,1,outgoing,184898
2026-09-21T11:53:26.924400+00:00,226,r-scylla1,4,0,incoming,0
2026-09-21T11:53:26.924400+00:00,226,r-scylla1,4,0,outgoing,0
2026-09-21T11:53:26.924400+00:00,226,r-scylla1,4,1,incoming,506
2026-09-21T11:53:26.924400+00:00,226,r-scylla1,4,1,outgoing,0
2026-09-21T11:53:26.924400+00:00,226,r-scylla2,4,0,incoming,0
2026-09-21T11:53:26.924400+00:00,226,r-scylla2,4,0,outgoing,0
2026-09-21T11:53:26.924400+00:00,226,r-scylla2,4,1,incoming,0
2026-09-21T11:53:26.924400+00:00,226,r-scylla2,4,1,outgoing,0
2026-09-21T11:53:26.924400+00:00,226,r-scylla3,4,0,incoming,0
2026-09-21T11:53:26.924400+00:00,226,r-scylla3,4,0,outgoing,0
2026-09-21T11:53:26.924400+00:00,226,r-scylla3,4,1,incoming,184392
2026-09-21T11:53:26.924400+00:00,226,r-scylla3,4,1,outgoing,0
2026-09-21T11:53:26.924400+00:00,226,r-scylla4,4,0,incoming,0
2026-09-21T11:53:26.924400+00:00,226,r-scylla4,4,0,outgoing,0
2026-09-21T11:53:26.924400+00:00,226,r-scylla4,4,1,incoming,0
2026-09-21T11:53:26.924400+00:00,226,r-scylla4,4,1,outgoing,184898
2026-09-21T11:53:27.924614+00:00,227,r-scylla1,4,0,incoming,0
2026-09-21T11:53:27.924614+00:00,227,r-scylla1,4,0,outgoing,0
2026-09-21T11:53:27.924614+00:00,227,r-scylla1,4,1,incoming,506
2026-09-21T11:53:27.924614+00:00,227,r-scylla1,4,1,outgoing,0
2026-09-21T11:53:27.924614+00:00,227,r-scylla2,4,0,incoming,0
2026-09-21T11:53:27.924614+00:00,227,r-scylla2,4,0,outgoing,0
2026-09-21T11:53:27.924614+00:00,227,r-scylla2,4,1,incoming,0
2026-09-21T11:53:27.924614+00:00,227,r-scylla2,4,1,outgoing,0
2026-09-21T11:53:27.924614+00:00,227,r-scylla3,4,0,incoming,0
2026-09-21T11:53:27.924614+00:00,227,r-scylla3,4,0,outgoing,0
2026-09-21T11:53:27.924614+00:00,227,r-scylla3,4,1,incoming,184392
2026-09-21T11:53:27.924614+00:00,227,r-scylla3,4,1,outgoing,0
2026-09-21T11:53:27.924614+00:00,227,r-scylla4,4,0,incoming,0
2026-09-21T11:53:27.924614+00:00,227,r-scylla4,4,0,outgoing,0
2026-09-21T11:53:27.924614+00:00,227,r-scylla4,4,1,incoming,0
2026-09-21T11:53:27.924614+00:00,227,r-scylla4,4,1,outgoing,184898
2026-09-21T11:53:28.924766+00:00,228,r-scylla1,4,0,incoming,0
2026-09-21T11:53:28.924766+00:00,228,r-scylla1,4,0,outgoing,0
2026-09-21T11:53:28.924766+00:00,228,r-scylla1,4,1,incoming,506
2026-09-21T11:53:28.924766+00:00,228,r-scylla1,4,1,outgoing,0
2026-09-21T11:53:28.924766+00:00,228,r-scylla2,4,0,incoming,0
2026-09-21T11:53:28.924766+00:00,228,r-scylla2,4,0,outgoing,0
2026-09-21T11:53:28.924766+00:00,228,r-scylla2,4,1,incoming,0
2026-09-21T11:53:28.924766+00:00,228,r-scylla2,4,1,outgoing,0
2026-09-21T11:53:28.924766+00:00,228,r-scylla3,4,0,incoming,0
2026-09-21T11:53:28.924766+00:00,228,r-scylla3,4,0,outgoing,0
2026-09-21T11:53:28.924766+00:00,228,r-scylla3,4,1,incoming,184392
2026-09-21T11:53:28.924766+00:00,228,r-scylla3,4,1,outgoing,0
2026-09-21T11:53:28.924766+00:00,228,r-scylla4,4,0,incoming,0
2026-09-21T11:53:28.924766+00:00,228,r-scylla4,4,0,outgoing,0
2026-09-21T11:53:28.924766+00:00,228,r-scylla4,4,1,incoming,0
2026-09-21T11:53:28.924766+00:00,228,r-scylla4,4,1,outgoing,184898
2026-09-21T11:53:29.924984+00:00,229,r-scylla1,4,0,incoming,0
2026-09-21T11:53:29.924984+00:00,229,r-scylla1,4,0,outgoing,0
2026-09-21T11:53:29.924984+00:00,229,r-scylla1,4,1,incoming,506
2026-09-21T11:53:29.924984+00:00,229,r-scylla1,4,1,outgoing,0
2026-09-21T11:53:29.924984+00:00,229,r-scylla2,4,0,incoming,0
2026-09-21T11:53:29.924984+00:00,229,r-scylla2,4,0,outgoing,0
2026-09-21T11:53:29.924984+00:00,229,r-scylla2,4,1,incoming,0
2026-09-21T11:53:29.924984+00:00,229,r-scylla2,4,1,outgoing,0
2026-09-21T11:53:29.924984+00:00,229,r-scylla3,4,0,incoming,0
2026-09-21T11:53:29.924984+00:00,229,r-scylla3,4,0,outgoing,0
2026-09-21T11:53:29.924984+00:00,229,r-scylla3,4,1,incoming,184392
2026-09-21T11:53:29.924984+00:00,229,r-scylla3,4,1,outgoing,0
2026-09-21T11:53:29.924984+00:00,229,r-scylla4,4,0,incoming,0
2026-09-21T11:53:29.924984+00:00,229,r-scylla4,4,0,outgoing,0
2026-09-21T11:53:29.924984+00:00,229,r-scylla4,4,1,incoming,0
2026-09-21T11:53:29.924984+00:00,229,r-scylla4,4,1,outgoing,184898
2026-09-21T11:53:30.922754+00:00,230,r-scylla1,4,0,incoming,0
2026-09-21T11:53:30.922754+00:00,230,r-scylla1,4,0,outgoing,0
2026-09-21T11:53:30.922754+00:00,230,r-scylla1,4,1,incoming,506
2026-09-21T11:53:30.922754+00:00,230,r-scylla1,4,1,outgoing,0
2026-09-21T11:53:30.922754+00:00,230,r-scylla2,4,0,incoming,0
2026-09-21T11:53:30.922754+00:00,230,r-scylla2,4,0,outgoing,0
2026-09-21T11:53:30.922754+00:00,230,r-scylla2,4,1,incoming,0
2026-09-21T11:53:30.922754+00:00,230,r-scylla2,4,1,outgoing,0
2026-09-21T11:53:30.922754+00:00,230,r-scylla3,4,0,incoming,0
2026-09-21T11:53:30.922754+00:00,230,r-scylla3,4,0,outgoing,0
2026-09-21T11:53:30.922754+00:00,230,r-scylla3,4,1,incoming,184392
2026-09-21T11:53:30.922754+00:00,230,r-scylla3,4,1,outgoing,0
2026-09-21T11:53:30.922754+00:00,230,r-scylla4,4,0,incoming,0
2026-09-21T11:53:30.922754+00:00,230,r-scylla4,4,0,outgoing,0
2026-09-21T11:53:30.922754+00:00,230,r-scylla4,4,1,incoming,0
2026-09-21T11:53:30.922754+00:00,230,r-scylla4,4,1,outgoing,184898
2026-09-21T11:53:31.922916+00:00,231,r-scylla1,4,0,incoming,0
2026-09-21T11:53:31.922916+00:00,231,r-scylla1,4,0,outgoing,0
2026-09-21T11:53:31.922916+00:00,231,r-scylla1,4,1,incoming,506
2026-09-21T11:53:31.922916+00:00,231,r-scylla1,4,1,outgoing,0
2026-09-21T11:53:31.922916+00:00,231,r-scylla2,4,0,incoming,0
2026-09-21T11:53:31.922916+00:00,231,r-scylla2,4,0,outgoing,0
2026-09-21T11:53:31.922916+00:00,231,r-scylla2,4,1,incoming,0
2026-09-21T11:53:31.922916+00:00,231,r-scylla2,4,1,outgoing,0
2026-09-21T11:53:31.922916+00:00,231,r-scylla3,4,0,incoming,0
2026-09-21T11:53:31.922916+00:00,231,r-scylla3,4,0,outgoing,0
2026-09-21T11:53:31.922916+00:00,231,r-scylla3,4,1,incoming,184392
2026-09-21T11:53:31.922916+00:00,231,r-scylla3,4,1,outgoing,0
2026-09-21T11:53:31.922916+00:00,231,r-scylla4,4,0,incoming,0
2026-09-21T11:53:31.922916+00:00,231,r-scylla4,4,0,outgoing,0
2026-09-21T11:53:31.922916+00:00,231,r-scylla4,4,1,incoming,0
2026-09-21T11:53:31.922916+00:00,231,r-scylla4,4,1,outgoing,184898
2026-09-21T11:53:32.923117+00:00,232,r-scylla1,4,0,incoming,0
2026-09-21T11:53:32.923117+00:00,232,r-scylla1,4,0,outgoing,0
2026-09-21T11:53:32.923117+00:00,232,r-scylla1,4,1,incoming,506
2026-09-21T11:53:32.923117+00:00,232,r-scylla1,4,1,outgoing,0
2026-09-21T11:53:32.923117+00:00,232,r-scylla2,4,0,incoming,0
2026-09-21T11:53:32.923117+00:00,232,r-scylla2,4,0,outgoing,0
2026-09-21T11:53:32.923117+00:00,232,r-scylla2,4,1,incoming,0
2026-09-21T11:53:32.923117+00:00,232,r-scylla2,4,1,outgoing,0
2026-09-21T11:53:32.923117+00:00,232,r-scylla3,4,0,incoming,0
2026-09-21T11:53:32.923117+00:00,232,r-scylla3,4,0,outgoing,0
2026-09-21T11:53:32.923117+00:00,232,r-scylla3,4,1,incoming,184392
2026-09-21T11:53:32.923117+00:00,232,r-scylla3,4,1,outgoing,0
2026-09-21T11:53:32.923117+00:00,232,r-scylla4,4,0,incoming,0
2026-09-21T11:53:32.923117+00:00,232,r-scylla4,4,0,outgoing,0
2026-09-21T11:53:32.923117+00:00,232,r-scylla4,4,1,incoming,0
2026-09-21T11:53:32.923117+00:00,232,r-scylla4,4,1,outgoing,184898
2026-09-21T11:53:33.923248+00:00,233,r-scylla1,4,0,incoming,0
2026-09-21T11:53:33.923248+00:00,233,r-scylla1,4,0,outgoing,0
2026-09-21T11:53:33.923248+00:00,233,r-scylla1,4,1,incoming,506
2026-09-21T11:53:33.923248+00:00,233,r-scylla1,4,1,outgoing,0
2026-09-21T11:53:33.923248+00:00,233,r-scylla2,4,0,incoming,0
2026-09-21T11:53:33.923248+00:00,233,r-scylla2,4,0,outgoing,0
2026-09-21T11:53:33.923248+00:00,233,r-scylla2,4,1,incoming,0
2026-09-21T11:53:33.923248+00:00,233,r-scylla2,4,1,outgoing,0
2026-09-21T11:53:33.923248+00:00,233,r-scylla3,4,0,incoming,0
2026-09-21T11:53:33.923248+00:00,233,r-scylla3,4,0,outgoing,0
2026-09-21T11:53:33.923248+00:00,233,r-scylla3,4,1,incoming,184392
2026-09-21T11:53:33.923248+00:00,233,r-scylla3,4,1,outgoing,0
2026-09-21T11:53:33.923248+00:00,233,r-scylla4,4,0,incoming,0
2026-09-21T11:53:33.923248+00:00,233,r-scylla4,4,0,outgoing,0
2026-09-21T11:53:33.923248+00:00,233,r-scylla4,4,1,incoming,0
2026-09-21T11:53:33.923248+00:00,233,r-scylla4,4,1,outgoing,184898
2026-09-21T11:53:34.923439+00:00,234,r-scylla1,4,0,incoming,0
2026-09-21T11:53:34.923439+00:00,234,r-scylla1,4,0,outgoing,0
2026-09-21T11:53:34.923439+00:00,234,r-scylla1,4,1,incoming,506
2026-09-21T11:53:34.923439+00:00,234,r-scylla1,4,1,outgoing,0
2026-09-21T11:53:34.923439+00:00,234,r-scylla2,4,0,incoming,0
2026-09-21T11:53:34.923439+00:00,234,r-scylla2,4,0,outgoing,0
2026-09-21T11:53:34.923439+00:00,234,r-scylla2,4,1,incoming,0
2026-09-21T11:53:34.923439+00:00,234,r-scylla2,4,1,outgoing,0
2026-09-21T11:53:34.923439+00:00,234,r-scylla3,4,0,incoming,0
2026-09-21T11:53:34.923439+00:00,234,r-scylla3,4,0,outgoing,0
2026-09-21T11:53:34.923439+00:00,234,r-scylla3,4,1,incoming,184392
2026-09-21T11:53:34.923439+00:00,234,r-scylla3,4,1,outgoing,0
2026-09-21T11:53:34.923439+00:00,234,r-scylla4,4,0,incoming,0
2026-09-21T11:53:34.923439+00:00,234,r-scylla4,4,0,outgoing,0
2026-09-21T11:53:34.923439+00:00,234,r-scylla4,4,1,incoming,0
2026-09-21T11:53:34.923439+00:00,234,r-scylla4,4,1,outgoing,184898
2026-09-21T11:53:35.923941+00:00,235,r-scylla1,4,0,incoming,0
2026-09-21T11:53:35.923941+00:00,235,r-scylla1,4,0,outgoing,0
2026-09-21T11:53:35.923941+00:00,235,r-scylla1,4,1,incoming,506
2026-09-21T11:53:35.923941+00:00,235,r-scylla1,4,1,outgoing,0
2026-09-21T11:53:35.923941+00:00,235,r-scylla2,4,0,incoming,0
2026-09-21T11:53:35.923941+00:00,235,r-scylla2,4,0,outgoing,0
2026-09-21T11:53:35.923941+00:00,235,r-scylla2,4,1,incoming,0
2026-09-21T11:53:35.923941+00:00,235,r-scylla2,4,1,outgoing,0
2026-09-21T11:53:35.923941+00:00,235,r-scylla3,4,0,incoming,0
2026-09-21T11:53:35.923941+00:00,235,r-scylla3,4,0,outgoing,0
2026-09-21T11:53:35.923941+00:00,235,r-scylla3,4,1,incoming,184392
2026-09-21T11:53:35.923941+00:00,235,r-scylla3,4,1,outgoing,0
2026-09-21T11:53:35.923941+00:00,235,r-scylla4,4,0,incoming,0
2026-09-21T11:53:35.923941+00:00,235,r-scylla4,4,0,outgoing,0
2026-09-21T11:53:35.923941+00:00,235,r-scylla4,4,1,incoming,0
2026-09-21T11:53:35.923941+00:00,235,r-scylla4,4,1,outgoing,184898
2026-09-21T11:53:36.924090+00:00,236,r-scylla1,4,0,incoming,0
2026-09-21T11:53:36.924090+00:00,236,r-scylla1,4,0,outgoing,0
2026-09-21T11:53:36.924090+00:00,236,r-scylla1,4,1,incoming,506
2026-09-21T11:53:36.924090+00:00,236,r-scylla1,4,1,outgoing,0
2026-09-21T11:53:36.924090+00:00,236,r-scylla2,4,0,incoming,0
2026-09-21T11:53:36.924090+00:00,236,r-scylla2,4,0,outgoing,0
2026-09-21T11:53:36.924090+00:00,236,r-scylla2,4,1,incoming,0
2026-09-21T11:53:36.924090+00:00,236,r-scylla2,4,1,outgoing,0
2026-09-21T11:53:36.924090+00:00,236,r-scylla3,4,0,incoming,0
2026-09-21T11:53:36.924090+00:00,236,r-scylla3,4,0,outgoing,0
2026-09-21T11:53:36.924090+00:00,236,r-scylla3,4,1,incoming,184392
2026-09-21T11:53:36.924090+00:00,236,r-scylla3,4,1,outgoing,0
2026-09-21T11:53:36.924090+00:00,236,r-scylla4,4,0,incoming,0
2026-09-21T11:53:36.924090+00:00,236,r-scylla4,4,0,outgoing,0
2026-09-21T11:53:36.924090+00:00,236,r-scylla4,4,1,incoming,0
2026-09-21T11:53:36.924090+00:00,236,r-scylla4,4,1,outgoing,184898
2026-09-21T11:53:37.924343+00:00,237,r-scylla1,4,0,incoming,0
2026-09-21T11:53:37.924343+00:00,237,r-scylla1,4,0,outgoing,0
2026-09-21T11:53:37.924343+00:00,237,r-scylla1,4,1,incoming,506
2026-09-21T11:53:37.924343+00:00,237,r-scylla1,4,1,outgoing,0
2026-09-21T11:53:37.924343+00:00,237,r-scylla2,4,0,incoming,0
2026-09-21T11:53:37.924343+00:00,237,r-scylla2,4,0,outgoing,0
2026-09-21T11:53:37.924343+00:00,237,r-scylla2,4,1,incoming,0
2026-09-21T11:53:37.924343+00:00,237,r-scylla2,4,1,outgoing,0
2026-09-21T11:53:37.924343+00:00,237,r-scylla3,4,0,incoming,0
2026-09-21T11:53:37.924343+00:00,237,r-scylla3,4,0,outgoing,0
2026-09-21T11:53:37.924343+00:00,237,r-scylla3,4,1,incoming,184392
2026-09-21T11:53:37.924343+00:00,237,r-scylla3,4,1,outgoing,0
2026-09-21T11:53:37.924343+00:00,237,r-scylla4,4,0,incoming,0
2026-09-21T11:53:37.924343+00:00,237,r-scylla4,4,0,outgoing,0
2026-09-21T11:53:37.924343+00:00,237,r-scylla4,4,1,incoming,0
2026-09-21T11:53:37.924343+00:00,237,r-scylla4,4,1,outgoing,184898
2026-09-21T11:53:38.924568+00:00,238,r-scylla1,4,0,incoming,0
2026-09-21T11:53:38.924568+00:00,238,r-scylla1,4,0,outgoing,0
2026-09-21T11:53:38.924568+00:00,238,r-scylla1,4,1,incoming,506
2026-09-21T11:53:38.924568+00:00,238,r-scylla1,4,1,outgoing,0
2026-09-21T11:53:38.924568+00:00,238,r-scylla2,4,0,incoming,0
2026-09-21T11:53:38.924568+00:00,238,r-scylla2,4,0,outgoing,0
2026-09-21T11:53:38.924568+00:00,238,r-scylla2,4,1,incoming,0
2026-09-21T11:53:38.924568+00:00,238,r-scylla2,4,1,outgoing,0
2026-09-21T11:53:38.924568+00:00,238,r-scylla3,4,0,incoming,0
2026-09-21T11:53:38.924568+00:00,238,r-scylla3,4,0,outgoing,0
2026-09-21T11:53:38.924568+00:00,238,r-scylla3,4,1,incoming,184392
2026-09-21T11:53:38.924568+00:00,238,r-scylla3,4,1,outgoing,0
2026-09-21T11:53:38.924568+00:00,238,r-scylla4,4,0,incoming,0
2026-09-21T11:53:38.924568+00:00,238,r-scylla4,4,0,outgoing,0
2026-09-21T11:53:38.924568+00:00,238,r-scylla4,4,1,incoming,0
2026-09-21T11:53:38.924568+00:00,238,r-scylla4,4,1,outgoing,184898
2026-09-21T11:53:39.924928+00:00,239,r-scylla1,4,0,incoming,0
2026-09-21T11:53:39.924928+00:00,239,r-scylla1,4,0,outgoing,0
2026-09-21T11:53:39.924928+00:00,239,r-scylla1,4,1,incoming,506
2026-09-21T11:53:39.924928+00:00,239,r-scylla1,4,1,outgoing,0
2026-09-21T11:53:39.924928+00:00,239,r-scylla2,4,0,incoming,0
2026-09-21T11:53:39.924928+00:00,239,r-scylla2,4,0,outgoing,0
2026-09-21T11:53:39.924928+00:00,239,r-scylla2,4,1,incoming,0
2026-09-21T11:53:39.924928+00:00,239,r-scylla2,4,1,outgoing,0
2026-09-21T11:53:39.924928+00:00,239,r-scylla3,4,0,incoming,0
2026-09-21T11:53:39.924928+00:00,239,r-scylla3,4,0,outgoing,0
2026-09-21T11:53:39.924928+00:00,239,r-scylla3,4,1,incoming,184392
2026-09-21T11:53:39.924928+00:00,239,r-scylla3,4,1,outgoing,0
2026-09-21T11:53:39.924928+00:00,239,r-scylla4,4,0,incoming,0
2026-09-21T11:53:39.924928+00:00,239,r-scylla4,4,0,outgoing,0
2026-09-21T11:53:39.924928+00:00,239,r-scylla4,4,1,incoming,0
2026-09-21T11:53:39.924928+00:00,239,r-scylla4,4,1,outgoing,184898
2026-09-21T11:53:40.925119+00:00,240,r-scylla1,4,0,incoming,0
2026-09-21T11:53:40.925119+00:00,240,r-scylla1,4,0,outgoing,0
2026-09-21T11:53:40.925119+00:00,240,r-scylla1,4,1,incoming,506
2026-09-21T11:53:40.925119+00:00,240,r-scylla1,4,1,outgoing,0
2026-09-21T11:53:40.925119+00:00,240,r-scylla2,4,0,incoming,0
2026-09-21T11:53:40.925119+00:00,240,r-scylla2,4,0,outgoing,0
2026-09-21T11:53:40.925119+00:00,240,r-scylla2,4,1,incoming,0
2026-09-21T11:53:40.925119+00:00,240,r-scylla2,4,1,outgoing,0
2026-09-21T11:53:40.925119+00:00,240,r-scylla3,4,0,incoming,0
2026-09-21T11:53:40.925119+00:00,240,r-scylla3,4,0,outgoing,0
2026-09-21T11:53:40.925119+00:00,240,r-scylla3,4,1,incoming,184392
2026-09-21T11:53:40.925119+00:00,240,r-scylla3,4,1,outgoing,0
2026-09-21T11:53:40.925119+00:00,240,r-scylla4,4,0,incoming,0
2026-09-21T11:53:40.925119+00:00,240,r-scylla4,4,0,outgoing,0
2026-09-21T11:53:40.925119+00:00,240,r-scylla4,4,1,incoming,0
2026-09-21T11:53:40.925119+00:00,240,r-scylla4,4,1,outgoing,184898
2026-09-21T11:53:41.925298+00:00,241,r-scylla1,4,0,incoming,0
2026-09-21T11:53:41.925298+00:00,241,r-scylla1,4,0,outgoing,0
2026-09-21T11:53:41.925298+00:00,241,r-scylla1,4,1,incoming,506
2026-09-21T11:53:41.925298+00:00,241,r-scylla1,4,1,outgoing,0
2026-09-21T11:53:41.925298+00:00,241,r-scylla2,4,0,incoming,0
2026-09-21T11:53:41.925298+00:00,241,r-scylla2,4,0,outgoing,0
2026-09-21T11:53:41.925298+00:00,241,r-scylla2,4,1,incoming,0
2026-09-21T11:53:41.925298+00:00,241,r-scylla2,4,1,outgoing,0
2026-09-21T11:53:41.925298+00:00,241,r-scylla3,4,0,incoming,0
2026-09-21T11:53:41.925298+00:00,241,r-scylla3,4,0,outgoing,0
2026-09-21T11:53:41.925298+00:00,241,r-scylla3,4,1,incoming,184392
2026-09-21T11:53:41.925298+00:00,241,r-scylla3,4,1,outgoing,0
2026-09-21T11:53:41.925298+00:00,241,r-scylla4,4,0,incoming,0
2026-09-21T11:53:41.925298+00:00,241,r-scylla4,4,0,outgoing,0
2026-09-21T11:53:41.925298+00:00,241,r-scylla4,4,1,incoming,0
2026-09-21T11:53:41.925298+00:00,241,r-scylla4,4,1,outgoing,184898
2026-09-21T11:53:42.925460+00:00,242,r-scylla1,4,0,incoming,0
2026-09-21T11:53:42.925460+00:00,242,r-scylla1,4,0,outgoing,0
2026-09-21T11:53:42.925460+00:00,242,r-scylla1,4,1,incoming,506
2026-09-21T11:53:42.925460+00:00,242,r-scylla1,4,1,outgoing,0
2026-09-21T11:53:42.925460+00:00,242,r-scylla2,4,0,incoming,0
2026-09-21T11:53:42.925460+00:00,242,r-scylla2,4,0,outgoing,0
2026-09-21T11:53:42.925460+00:00,242,r-scylla2,4,1,incoming,0
2026-09-21T11:53:42.925460+00:00,242,r-scylla2,4,1,outgoing,0
2026-09-21T11:53:42.925460+00:00,242,r-scylla3,4,0,incoming,0
2026-09-21T11:53:42.925460+00:00,242,r-scylla3,4,0,outgoing,0
2026-09-21T11:53:42.925460+00:00,242,r-scylla3,4,1,incoming,184392
2026-09-21T11:53:42.925460+00:00,242,r-scylla3,4,1,outgoing,0
2026-09-21T11:53:42.925460+00:00,242,r-scylla4,4,0,incoming,0
2026-09-21T11:53:42.925460+00:00,242,r-scylla4,4,0,outgoing,0
2026-09-21T11:53:42.925460+00:00,242,r-scylla4,4,1,incoming,0
2026-09-21T11:53:42.925460+00:00,242,r-scylla4,4,1,outgoing,184898
2026-09-21T11:53:43.925715+00:00,243,r-scylla1,4,0,incoming,0
2026-09-21T11:53:43.925715+00:00,243,r-scylla1,4,0,outgoing,0
2026-09-21T11:53:43.925715+00:00,243,r-scylla1,4,1,incoming,506
2026-09-21T11:53:43.925715+00:00,243,r-scylla1,4,1,outgoing,0
2026-09-21T11:53:43.925715+00:00,243,r-scylla2,4,0,incoming,0
2026-09-21T11:53:43.925715+00:00,243,r-scylla2,4,0,outgoing,0
2026-09-21T11:53:43.925715+00:00,243,r-scylla2,4,1,incoming,0
2026-09-21T11:53:43.925715+00:00,243,r-scylla2,4,1,outgoing,0
2026-09-21T11:53:43.925715+00:00,243,r-scylla3,4,0,incoming,0
2026-09-21T11:53:43.925715+00:00,243,r-scylla3,4,0,outgoing,0
2026-09-21T11:53:43.925715+00:00,243,r-scylla3,4,1,incoming,184392
2026-09-21T11:53:43.925715+00:00,243,r-scylla3,4,1,outgoing,0
2026-09-21T11:53:43.925715+00:00,243,r-scylla4,4,0,incoming,0
2026-09-21T11:53:43.925715+00:00,243,r-scylla4,4,0,outgoing,0
2026-09-21T11:53:43.925715+00:00,243,r-scylla4,4,1,incoming,0
2026-09-21T11:53:43.925715+00:00,243,r-scylla4,4,1,outgoing,184898
2026-09-21T11:53:44.926033+00:00,244,r-scylla1,4,0,incoming,0
2026-09-21T11:53:44.926033+00:00,244,r-scylla1,4,0,outgoing,0
2026-09-21T11:53:44.926033+00:00,244,r-scylla1,4,1,incoming,506
2026-09-21T11:53:44.926033+00:00,244,r-scylla1,4,1,outgoing,0
2026-09-21T11:53:44.926033+00:00,244,r-scylla2,4,0,incoming,0
2026-09-21T11:53:44.926033+00:00,244,r-scylla2,4,0,outgoing,0
2026-09-21T11:53:44.926033+00:00,244,r-scylla2,4,1,incoming,0
2026-09-21T11:53:44.926033+00:00,244,r-scylla2,4,1,outgoing,0
2026-09-21T11:53:44.926033+00:00,244,r-scylla3,4,0,incoming,0
2026-09-21T11:53:44.926033+00:00,244,r-scylla3,4,0,outgoing,0
2026-09-21T11:53:44.926033+00:00,244,r-scylla3,4,1,incoming,184392
2026-09-21T11:53:44.926033+00:00,244,r-scylla3,4,1,outgoing,0
2026-09-21T11:53:44.926033+00:00,244,r-scylla4,4,0,incoming,0
2026-09-21T11:53:44.926033+00:00,244,r-scylla4,4,0,outgoing,0
2026-09-21T11:53:44.926033+00:00,244,r-scylla4,4,1,incoming,0
2026-09-21T11:53:44.926033+00:00,244,r-scylla4,4,1,outgoing,184898
2026-09-21T11:53:45.926362+00:00,245,r-scylla1,4,0,incoming,0
2026-09-21T11:53:45.926362+00:00,245,r-scylla1,4,0,outgoing,0
2026-09-21T11:53:45.926362+00:00,245,r-scylla1,4,1,incoming,506
2026-09-21T11:53:45.926362+00:00,245,r-scylla1,4,1,outgoing,0
2026-09-21T11:53:45.926362+00:00,245,r-scylla2,4,0,incoming,0
2026-09-21T11:53:45.926362+00:00,245,r-scylla2,4,0,outgoing,0
2026-09-21T11:53:45.926362+00:00,245,r-scylla2,4,1,incoming,0
2026-09-21T11:53:45.926362+00:00,245,r-scylla2,4,1,outgoing,0
2026-09-21T11:53:45.926362+00:00,245,r-scylla3,4,0,incoming,0
2026-09-21T11:53:45.926362+00:00,245,r-scylla3,4,0,outgoing,0
2026-09-21T11:53:45.926362+00:00,245,r-scylla3,4,1,incoming,184392
2026-09-21T11:53:45.926362+00:00,245,r-scylla3,4,1,outgoing,0
2026-09-21T11:53:45.926362+00:00,245,r-scylla4,4,0,incoming,0
2026-09-21T11:53:45.926362+00:00,245,r-scylla4,4,0,outgoing,0
2026-09-21T11:53:45.926362+00:00,245,r-scylla4,4,1,incoming,0
2026-09-21T11:53:45.926362+00:00,245,r-scylla4,4,1,outgoing,184898
2026-09-21T11:53:46.926519+00:00,246,r-scylla1,4,0,incoming,0
2026-09-21T11:53:46.926519+00:00,246,r-scylla1,4,0,outgoing,0
2026-09-21T11:53:46.926519+00:00,246,r-scylla1,4,1,incoming,506
2026-09-21T11:53:46.926519+00:00,246,r-scylla1,4,1,outgoing,0
2026-09-21T11:53:46.926519+00:00,246,r-scylla2,4,0,incoming,0
2026-09-21T11:53:46.926519+00:00,246,r-scylla2,4,0,outgoing,0
2026-09-21T11:53:46.926519+00:00,246,r-scylla2,4,1,incoming,0
2026-09-21T11:53:46.926519+00:00,246,r-scylla2,4,1,outgoing,0
2026-09-21T11:53:46.926519+00:00,246,r-scylla3,4,0,incoming,0
2026-09-21T11:53:46.926519+00:00,246,r-scylla3,4,0,outgoing,0
2026-09-21T11:53:46.926519+00:00,246,r-scylla3,4,1,incoming,184392
2026-09-21T11:53:46.926519+00:00,246,r-scylla3,4,1,outgoing,0
2026-09-21T11:53:46.926519+00:00,246,r-scylla4,4,0,incoming,0
2026-09-21T11:53:46.926519+00:00,246,r-scylla4,4,0,outgoing,0
2026-09-21T11:53:46.926519+00:00,246,r-scylla4,4,1,incoming,0
2026-09-21T11:53:46.926519+00:00,246,r-scylla4,4,1,outgoing,184898
2026-09-21T11:53:47.926821+00:00,247,r-scylla1,4,0,incoming,0
2026-09-21T11:53:47.926821+00:00,247,r-scylla1,4,0,outgoing,0
2026-09-21T11:53:47.926821+00:00,247,r-scylla1,4,1,incoming,506
2026-09-21T11:53:47.926821+00:00,247,r-scylla1,4,1,outgoing,0
2026-09-21T11:53:47.926821+00:00,247,r-scylla2,4,0,incoming,0
2026-09-21T11:53:47.926821+00:00,247,r-scylla2,4,0,outgoing,0
2026-09-21T11:53:47.926821+00:00,247,r-scylla2,4,1,incoming,0
2026-09-21T11:53:47.926821+00:00,247,r-scylla2,4,1,outgoing,0
2026-09-21T11:53:47.926821+00:00,247,r-scylla3,4,0,incoming,0
2026-09-21T11:53:47.926821+00:00,247,r-scylla3,4,0,outgoing,0
2026-09-21T11:53:47.926821+00:00,247,r-scylla3,4,1,incoming,184392
2026-09-21T11:53:47.926821+00:00,247,r-scylla3,4,1,outgoing,0
2026-09-21T11:53:47.926821+00:00,247,r-scylla4,4,0,incoming,0
2026-09-21T11:53:47.926821+00:00,247,r-scylla4,4,0,outgoing,0
2026-09-21T11:53:47.926821+00:00,247,r-scylla4,4,1,incoming,0
2026-09-21T11:53:47.926821+00:00,247,r-scylla4,4,1,outgoing,184898
2026-09-21T11:53:48.926966+00:00,248,r-scylla1,4,0,incoming,0
2026-09-21T11:53:48.926966+00:00,248,r-scylla1,4,0,outgoing,0
2026-09-21T11:53:48.926966+00:00,248,r-scylla1,4,1,incoming,506
2026-09-21T11:53:48.926966+00:00,248,r-scylla1,4,1,outgoing,0
2026-09-21T11:53:48.926966+00:00,248,r-scylla2,4,0,incoming,0
2026-09-21T11:53:48.926966+00:00,248,r-scylla2,4,0,outgoing,0
2026-09-21T11:53:48.926966+00:00,248,r-scylla2,4,1,incoming,0
2026-09-21T11:53:48.926966+00:00,248,r-scylla2,4,1,outgoing,0
2026-09-21T11:53:48.926966+00:00,248,r-scylla3,4,0,incoming,0
2026-09-21T11:53:48.926966+00:00,248,r-scylla3,4,0,outgoing,0
2026-09-21T11:53:48.926966+00:00,248,r-scylla3,4,1,incoming,184392
2026-09-21T11:53:48.926966+00:00,248,r-scylla3,4,1,outgoing,0
2026-09-21T11:53:48.926966+00:00,248,r-scylla4,4,0,incoming,0
2026-09-21T11:53:48.926966+00:00,248,r-scylla4,4,0,outgoing,0
2026-09-21T11:53:48.926966+00:00,248,r-scylla4,4,1,incoming,0
2026-09-21T11:53:48.926966+00:00,248,r-scylla4,4,1,outgoing,184898
2026-09-21T11:53:49.927376+00:00,249,r-scylla1,4,0,incoming,0
2026-09-21T11:53:49.927376+00:00,249,r-scylla1,4,0,outgoing,0
2026-09-21T11:53:49.927376+00:00,249,r-scylla1,4,1,incoming,506
2026-09-21T11:53:49.927376+00:00,249,r-scylla1,4,1,outgoing,0
2026-09-21T11:53:49.927376+00:00,249,r-scylla2,4,0,incoming,0
2026-09-21T11:53:49.927376+00:00,249,r-scylla2,4,0,outgoing,0
2026-09-21T11:53:49.927376+00:00,249,r-scylla2,4,1,incoming,0
2026-09-21T11:53:49.927376+00:00,249,r-scylla2,4,1,outgoing,0
2026-09-21T11:53:49.927376+00:00,249,r-scylla3,4,0,incoming,0
2026-09-21T11:53:49.927376+00:00,249,r-scylla3,4,0,outgoing,0
2026-09-21T11:53:49.927376+00:00,249,r-scylla3,4,1,incoming,184392
2026-09-21T11:53:49.927376+00:00,249,r-scylla3,4,1,outgoing,0
2026-09-21T11:53:49.927376+00:00,249,r-scylla4,4,0,incoming,0
2026-09-21T11:53:49.927376+00:00,249,r-scylla4,4,0,outgoing,0
2026-09-21T11:53:49.927376+00:00,249,r-scylla4,4,1,incoming,0
2026-09-21T11:53:49.927376+00:00,249,r-scylla4,4,1,outgoing,184898
2026-09-21T11:53:50.927507+00:00,250,r-scylla1,4,0,incoming,0
2026-09-21T11:53:50.927507+00:00,250,r-scylla1,4,0,outgoing,0
2026-09-21T11:53:50.927507+00:00,250,r-scylla1,4,1,incoming,506
2026-09-21T11:53:50.927507+00:00,250,r-scylla1,4,1,outgoing,0
2026-09-21T11:53:50.927507+00:00,250,r-scylla2,4,0,incoming,0
2026-09-21T11:53:50.927507+00:00,250,r-scylla2,4,0,outgoing,0
2026-09-21T11:53:50.927507+00:00,250,r-scylla2,4,1,incoming,0
2026-09-21T11:53:50.927507+00:00,250,r-scylla2,4,1,outgoing,0
2026-09-21T11:53:50.927507+00:00,250,r-scylla3,4,0,incoming,0
2026-09-21T11:53:50.927507+00:00,250,r-scylla3,4,0,outgoing,0
2026-09-21T11:53:50.927507+00:00,250,r-scylla3,4,1,incoming,184392
2026-09-21T11:53:50.927507+00:00,250,r-scylla3,4,1,outgoing,0
2026-09-21T11:53:50.927507+00:00,250,r-scylla4,4,0,incoming,0
2026-09-21T11:53:50.927507+00:00,250,r-scylla4,4,0,outgoing,0
2026-09-21T11:53:50.927507+00:00,250,r-scylla4,4,1,incoming,0
2026-09-21T11:53:50.927507+00:00,250,r-scylla4,4,1,outgoing,184898
2026-09-21T11:53:51.927866+00:00,251,r-scylla1,4,0,incoming,0
2026-09-21T11:53:51.927866+00:00,251,r-scylla1,4,0,outgoing,0
2026-09-21T11:53:51.927866+00:00,251,r-scylla1,4,1,incoming,506
2026-09-21T11:53:51.927866+00:00,251,r-scylla1,4,1,outgoing,0
2026-09-21T11:53:51.927866+00:00,251,r-scylla2,4,0,incoming,0
2026-09-21T11:53:51.927866+00:00,251,r-scylla2,4,0,outgoing,0
2026-09-21T11:53:51.927866+00:00,251,r-scylla2,4,1,incoming,0
2026-09-21T11:53:51.927866+00:00,251,r-scylla2,4,1,outgoing,0
2026-09-21T11:53:51.927866+00:00,251,r-scylla3,4,0,incoming,0
2026-09-21T11:53:51.927866+00:00,251,r-scylla3,4,0,outgoing,0
2026-09-21T11:53:51.927866+00:00,251,r-scylla3,4,1,incoming,184392
2026-09-21T11:53:51.927866+00:00,251,r-scylla3,4,1,outgoing,0
2026-09-21T11:53:51.927866+00:00,251,r-scylla4,4,0,incoming,0
2026-09-21T11:53:51.927866+00:00,251,r-scylla4,4,0,outgoing,0
2026-09-21T11:53:51.927866+00:00,251,r-scylla4,4,1,incoming,0
2026-09-21T11:53:51.927866+00:00,251,r-scylla4,4,1,outgoing,184898
2026-09-21T11:53:52.928188+00:00,252,r-scylla1,4,0,incoming,0
2026-09-21T11:53:52.928188+00:00,252,r-scylla1,4,0,outgoing,0
2026-09-21T11:53:52.928188+00:00,252,r-scylla1,4,1,incoming,506
2026-09-21T11:53:52.928188+00:00,252,r-scylla1,4,1,outgoing,0
2026-09-21T11:53:52.928188+00:00,252,r-scylla2,4,0,incoming,0
2026-09-21T11:53:52.928188+00:00,252,r-scylla2,4,0,outgoing,0
2026-09-21T11:53:52.928188+00:00,252,r-scylla2,4,1,incoming,0
2026-09-21T11:53:52.928188+00:00,252,r-scylla2,4,1,outgoing,0
2026-09-21T11:53:52.928188+00:00,252,r-scylla3,4,0,incoming,0
2026-09-21T11:53:52.928188+00:00,252,r-scylla3,4,0,outgoing,0
2026-09-21T11:53:52.928188+00:00,252,r-scylla3,4,1,incoming,184392
2026-09-21T11:53:52.928188+00:00,252,r-scylla3,4,1,outgoing,0
2026-09-21T11:53:52.928188+00:00,252,r-scylla4,4,0,incoming,0
2026-09-21T11:53:52.928188+00:00,252,r-scylla4,4,0,outgoing,0
2026-09-21T11:53:52.928188+00:00,252,r-scylla4,4,1,incoming,0
2026-09-21T11:53:52.928188+00:00,252,r-scylla4,4,1,outgoing,184898
2026-09-21T11:53:53.928596+00:00,253,r-scylla1,4,0,incoming,0
2026-09-21T11:53:53.928596+00:00,253,r-scylla1,4,0,outgoing,0
2026-09-21T11:53:53.928596+00:00,253,r-scylla1,4,1,incoming,506
2026-09-21T11:53:53.928596+00:00,253,r-scylla1,4,1,outgoing,0
2026-09-21T11:53:53.928596+00:00,253,r-scylla2,4,0,incoming,0
2026-09-21T11:53:53.928596+00:00,253,r-scylla2,4,0,outgoing,0
2026-09-21T11:53:53.928596+00:00,253,r-scylla2,4,1,incoming,0
2026-09-21T11:53:53.928596+00:00,253,r-scylla2,4,1,outgoing,0
2026-09-21T11:53:53.928596+00:00,253,r-scylla3,4,0,incoming,0
2026-09-21T11:53:53.928596+00:00,253,r-scylla3,4,0,outgoing,0
2026-09-21T11:53:53.928596+00:00,253,r-scylla3,4,1,incoming,184392
2026-09-21T11:53:53.928596+00:00,253,r-scylla3,4,1,outgoing,0
2026-09-21T11:53:53.928596+00:00,253,r-scylla4,4,0,incoming,0
2026-09-21T11:53:53.928596+00:00,253,r-scylla4,4,0,outgoing,0
2026-09-21T11:53:53.928596+00:00,253,r-scylla4,4,1,incoming,0
2026-09-21T11:53:53.928596+00:00,253,r-scylla4,4,1,outgoing,184898
2026-09-21T11:53:54.928825+00:00,254,r-scylla1,4,0,incoming,0
2026-09-21T11:53:54.928825+00:00,254,r-scylla1,4,0,outgoing,0
2026-09-21T11:53:54.928825+00:00,254,r-scylla1,4,1,incoming,506
2026-09-21T11:53:54.928825+00:00,254,r-scylla1,4,1,outgoing,0
2026-09-21T11:53:54.928825+00:00,254,r-scylla2,4,0,incoming,0
2026-09-21T11:53:54.928825+00:00,254,r-scylla2,4,0,outgoing,0
2026-09-21T11:53:54.928825+00:00,254,r-scylla2,4,1,incoming,0
2026-09-21T11:53:54.928825+00:00,254,r-scylla2,4,1,outgoing,0
2026-09-21T11:53:54.928825+00:00,254,r-scylla3,4,0,incoming,0
2026-09-21T11:53:54.928825+00:00,254,r-scylla3,4,0,outgoing,0
2026-09-21T11:53:54.928825+00:00,254,r-scylla3,4,1,incoming,184392
2026-09-21T11:53:54.928825+00:00,254,r-scylla3,4,1,outgoing,0
2026-09-21T11:53:54.928825+00:00,254,r-scylla4,4,0,incoming,0
2026-09-21T11:53:54.928825+00:00,254,r-scylla4,4,0,outgoing,0
2026-09-21T11:53:54.928825+00:00,254,r-scylla4,4,1,incoming,0
2026-09-21T11:53:54.928825+00:00,254,r-scylla4,4,1,outgoing,184898
2026-09-21T11:53:55.929024+00:00,255,r-scylla1,4,0,incoming,0
2026-09-21T11:53:55.929024+00:00,255,r-scylla1,4,0,outgoing,0
2026-09-21T11:53:55.929024+00:00,255,r-scylla1,4,1,incoming,506
2026-09-21T11:53:55.929024+00:00,255,r-scylla1,4,1,outgoing,0
2026-09-21T11:53:55.929024+00:00,255,r-scylla2,4,0,incoming,0
2026-09-21T11:53:55.929024+00:00,255,r-scylla2,4,0,outgoing,0
2026-09-21T11:53:55.929024+00:00,255,r-scylla2,4,1,incoming,0
2026-09-21T11:53:55.929024+00:00,255,r-scylla2,4,1,outgoing,0
2026-09-21T11:53:55.929024+00:00,255,r-scylla3,4,0,incoming,0
2026-09-21T11:53:55.929024+00:00,255,r-scylla3,4,0,outgoing,0
2026-09-21T11:53:55.929024+00:00,255,r-scylla3,4,1,incoming,184392
2026-09-21T11:53:55.929024+00:00,255,r-scylla3,4,1,outgoing,0
2026-09-21T11:53:55.929024+00:00,255,r-scylla4,4,0,incoming,0
2026-09-21T11:53:55.929024+00:00,255,r-scylla4,4,0,outgoing,0
2026-09-21T11:53:55.929024+00:00,255,r-scylla4,4,1,incoming,0
2026-09-21T11:53:55.929024+00:00,255,r-scylla4,4,1,outgoing,184898
2026-09-21T11:53:56.929259+00:00,256,r-scylla1,4,0,incoming,0
2026-09-21T11:53:56.929259+00:00,256,r-scylla1,4,0,outgoing,0
2026-09-21T11:53:56.929259+00:00,256,r-scylla1,4,1,incoming,506
2026-09-21T11:53:56.929259+00:00,256,r-scylla1,4,1,outgoing,0
2026-09-21T11:53:56.929259+00:00,256,r-scylla2,4,0,incoming,0
2026-09-21T11:53:56.929259+00:00,256,r-scylla2,4,0,outgoing,0
2026-09-21T11:53:56.929259+00:00,256,r-scylla2,4,1,incoming,0
2026-09-21T11:53:56.929259+00:00,256,r-scylla2,4,1,outgoing,0
2026-09-21T11:53:56.929259+00:00,256,r-scylla3,4,0,incoming,0
2026-09-21T11:53:56.929259+00:00,256,r-scylla3,4,0,outgoing,0
2026-09-21T11:53:56.929259+00:00,256,r-scylla3,4,1,incoming,184392
2026-09-21T11:53:56.929259+00:00,256,r-scylla3,4,1,outgoing,0
2026-09-21T11:53:56.929259+00:00,256,r-scylla4,4,0,incoming,0
2026-09-21T11:53:56.929259+00:00,256,r-scylla4,4,0,outgoing,0
2026-09-21T11:53:56.929259+00:00,256,r-scylla4,4,1,incoming,0
2026-09-21T11:53:56.929259+00:00,256,r-scylla4,4,1,outgoing,184898
2026-09-21T11:53:57.929482+00:00,257,r-scylla1,4,0,incoming,0
2026-09-21T11:53:57.929482+00:00,257,r-scylla1,4,0,outgoing,0
2026-09-21T11:53:57.929482+00:00,257,r-scylla1,4,1,incoming,506
2026-09-21T11:53:57.929482+00:00,257,r-scylla1,4,1,outgoing,0
2026-09-21T11:53:57.929482+00:00,257,r-scylla2,4,0,incoming,0
2026-09-21T11:53:57.929482+00:00,257,r-scylla2,4,0,outgoing,0
2026-09-21T11:53:57.929482+00:00,257,r-scylla2,4,1,incoming,0
2026-09-21T11:53:57.929482+00:00,257,r-scylla2,4,1,outgoing,0
2026-09-21T11:53:57.929482+00:00,257,r-scylla3,4,0,incoming,0
2026-09-21T11:53:57.929482+00:00,257,r-scylla3,4,0,outgoing,0
2026-09-21T11:53:57.929482+00:00,257,r-scylla3,4,1,incoming,184392
2026-09-21T11:53:57.929482+00:00,257,r-scylla3,4,1,outgoing,0
2026-09-21T11:53:57.929482+00:00,257,r-scylla4,4,0,incoming,0
2026-09-21T11:53:57.929482+00:00,257,r-scylla4,4,0,outgoing,0
2026-09-21T11:53:57.929482+00:00,257,r-scylla4,4,1,incoming,0
2026-09-21T11:53:57.929482+00:00,257,r-scylla4,4,1,outgoing,184898
2026-09-21T11:53:58.929823+00:00,258,r-scylla1,4,0,incoming,0
2026-09-21T11:53:58.929823+00:00,258,r-scylla1,4,0,outgoing,0
2026-09-21T11:53:58.929823+00:00,258,r-scylla1,4,1,incoming,506
2026-09-21T11:53:58.929823+00:00,258,r-scylla1,4,1,outgoing,0
2026-09-21T11:53:58.929823+00:00,258,r-scylla2,4,0,incoming,0
2026-09-21T11:53:58.929823+00:00,258,r-scylla2,4,0,outgoing,0
2026-09-21T11:53:58.929823+00:00,258,r-scylla2,4,1,incoming,0
2026-09-21T11:53:58.929823+00:00,258,r-scylla2,4,1,outgoing,0
2026-09-21T11:53:58.929823+00:00,258,r-scylla3,4,0,incoming,0
2026-09-21T11:53:58.929823+00:00,258,r-scylla3,4,0,outgoing,0
2026-09-21T11:53:58.929823+00:00,258,r-scylla3,4,1,incoming,184392
2026-09-21T11:53:58.929823+00:00,258,r-scylla3,4,1,outgoing,0
2026-09-21T11:53:58.929823+00:00,258,r-scylla4,4,0,incoming,0
2026-09-21T11:53:58.929823+00:00,258,r-scylla4,4,0,outgoing,0
2026-09-21T11:53:58.929823+00:00,258,r-scylla4,4,1,incoming,0
2026-09-21T11:53:58.929823+00:00,258,r-scylla4,4,1,outgoing,184898
2026-09-21T11:53:59.930146+00:00,259,r-scylla1,4,0,incoming,0
2026-09-21T11:53:59.930146+00:00,259,r-scylla1,4,0,outgoing,0
2026-09-21T11:53:59.930146+00:00,259,r-scylla1,4,1,incoming,506
2026-09-21T11:53:59.930146+00:00,259,r-scylla1,4,1,outgoing,0
2026-09-21T11:53:59.930146+00:00,259,r-scylla2,4,0,incoming,0
2026-09-21T11:53:59.930146+00:00,259,r-scylla2,4,0,outgoing,0
2026-09-21T11:53:59.930146+00:00,259,r-scylla2,4,1,incoming,0
2026-09-21T11:53:59.930146+00:00,259,r-scylla2,4,1,outgoing,0
2026-09-21T11:53:59.930146+00:00,259,r-scylla3,4,0,incoming,0
2026-09-21T11:53:59.930146+00:00,259,r-scylla3,4,0,outgoing,0
2026-09-21T11:53:59.930146+00:00,259,r-scylla3,4,1,incoming,184392
2026-09-21T11:53:59.930146+00:00,259,r-scylla3,4,1,outgoing,0
2026-09-21T11:53:59.930146+00:00,259,r-scylla4,4,0,incoming,0
2026-09-21T11:53:59.930146+00:00,259,r-scylla4,4,0,outgoing,0
2026-09-21T11:53:59.930146+00:00,259,r-scylla4,4,1,incoming,0
2026-09-21T11:53:59.930146+00:00,259,r-scylla4,4,1,outgoing,184898
2026-09-21T11:54:00.927595+00:00,260,r-scylla1,4,0,incoming,0
2026-09-21T11:54:00.927595+00:00,260,r-scylla1,4,0,outgoing,0
2026-09-21T11:54:00.927595+00:00,260,r-scylla1,4,1,incoming,506
2026-09-21T11:54:00.927595+00:00,260,r-scylla1,4,1,outgoing,0
2026-09-21T11:54:00.927595+00:00,260,r-scylla2,4,0,incoming,0
2026-09-21T11:54:00.927595+00:00,260,r-scylla2,4,0,outgoing,0
2026-09-21T11:54:00.927595+00:00,260,r-scylla2,4,1,incoming,0
2026-09-21T11:54:00.927595+00:00,260,r-scylla2,4,1,outgoing,0
2026-09-21T11:54:00.927595+00:00,260,r-scylla3,4,0,incoming,0
2026-09-21T11:54:00.927595+00:00,260,r-scylla3,4,0,outgoing,0
2026-09-21T11:54:00.927595+00:00,260,r-scylla3,4,1,incoming,184392
2026-09-21T11:54:00.927595+00:00,260,r-scylla3,4,1,outgoing,0
2026-09-21T11:54:00.927595+00:00,260,r-scylla4,4,0,incoming,0
2026-09-21T11:54:00.927595+00:00,260,r-scylla4,4,0,outgoing,0
2026-09-21T11:54:00.927595+00:00,260,r-scylla4,4,1,incoming,0
2026-09-21T11:54:00.927595+00:00,260,r-scylla4,4,1,outgoing,184898
2026-09-21T11:54:01.927965+00:00,261,r-scylla1,4,0,incoming,0
2026-09-21T11:54:01.927965+00:00,261,r-scylla1,4,0,outgoing,0
2026-09-21T11:54:01.927965+00:00,261,r-scylla1,4,1,incoming,506
2026-09-21T11:54:01.927965+00:00,261,r-scylla1,4,1,outgoing,0
2026-09-21T11:54:01.927965+00:00,261,r-scylla2,4,0,incoming,0
2026-09-21T11:54:01.927965+00:00,261,r-scylla2,4,0,outgoing,0
2026-09-21T11:54:01.927965+00:00,261,r-scylla2,4,1,incoming,0
2026-09-21T11:54:01.927965+00:00,261,r-scylla2,4,1,outgoing,0
2026-09-21T11:54:01.927965+00:00,261,r-scylla3,4,0,incoming,0
2026-09-21T11:54:01.927965+00:00,261,r-scylla3,4,0,outgoing,0
2026-09-21T11:54:01.927965+00:00,261,r-scylla3,4,1,incoming,184392
2026-09-21T11:54:01.927965+00:00,261,r-scylla3,4,1,outgoing,0
2026-09-21T11:54:01.927965+00:00,261,r-scylla4,4,0,incoming,0
2026-09-21T11:54:01.927965+00:00,261,r-scylla4,4,0,outgoing,0
2026-09-21T11:54:01.927965+00:00,261,r-scylla4,4,1,incoming,0
2026-09-21T11:54:01.927965+00:00,261,r-scylla4,4,1,outgoing,184898
2026-09-21T11:54:02.928313+00:00,262,r-scylla1,4,0,incoming,0
2026-09-21T11:54:02.928313+00:00,262,r-scylla1,4,0,outgoing,0
2026-09-21T11:54:02.928313+00:00,262,r-scylla1,4,1,incoming,506
2026-09-21T11:54:02.928313+00:00,262,r-scylla1,4,1,outgoing,0
2026-09-21T11:54:02.928313+00:00,262,r-scylla2,4,0,incoming,0
2026-09-21T11:54:02.928313+00:00,262,r-scylla2,4,0,outgoing,0
2026-09-21T11:54:02.928313+00:00,262,r-scylla2,4,1,incoming,0
2026-09-21T11:54:02.928313+00:00,262,r-scylla2,4,1,outgoing,0
2026-09-21T11:54:02.928313+00:00,262,r-scylla3,4,0,incoming,0
2026-09-21T11:54:02.928313+00:00,262,r-scylla3,4,0,outgoing,0
2026-09-21T11:54:02.928313+00:00,262,r-scylla3,4,1,incoming,184392
2026-09-21T11:54:02.928313+00:00,262,r-scylla3,4,1,outgoing,0
2026-09-21T11:54:02.928313+00:00,262,r-scylla4,4,0,incoming,0
2026-09-21T11:54:02.928313+00:00,262,r-scylla4,4,0,outgoing,0
2026-09-21T11:54:02.928313+00:00,262,r-scylla4,4,1,incoming,0
2026-09-21T11:54:02.928313+00:00,262,r-scylla4,4,1,outgoing,184898
2026-09-21T11:54:03.928491+00:00,263,r-scylla1,4,0,incoming,0
2026-09-21T11:54:03.928491+00:00,263,r-scylla1,4,0,outgoing,0
2026-09-21T11:54:03.928491+00:00,263,r-scylla1,4,1,incoming,506
2026-09-21T11:54:03.928491+00:00,263,r-scylla1,4,1,outgoing,0
2026-09-21T11:54:03.928491+00:00,263,r-scylla2,4,0,incoming,0
2026-09-21T11:54:03.928491+00:00,263,r-scylla2,4,0,outgoing,0
2026-09-21T11:54:03.928491+00:00,263,r-scylla2,4,1,incoming,0
2026-09-21T11:54:03.928491+00:00,263,r-scylla2,4,1,outgoing,0
2026-09-21T11:54:03.928491+00:00,263,r-scylla3,4,0,incoming,0
2026-09-21T11:54:03.928491+00:00,263,r-scylla3,4,0,outgoing,0
2026-09-21T11:54:03.928491+00:00,263,r-scylla3,4,1,incoming,184392
2026-09-21T11:54:03.928491+00:00,263,r-scylla3,4,1,outgoing,0
2026-09-21T11:54:03.928491+00:00,263,r-scylla4,4,0,incoming,0
2026-09-21T11:54:03.928491+00:00,263,r-scylla4,4,0,outgoing,0
2026-09-21T11:54:03.928491+00:00,263,r-scylla4,4,1,incoming,0
2026-09-21T11:54:03.928491+00:00,263,r-scylla4,4,1,outgoing,184898
2026-09-21T11:54:04.928775+00:00,264,r-scylla1,4,0,incoming,0
2026-09-21T11:54:04.928775+00:00,264,r-scylla1,4,0,outgoing,0
2026-09-21T11:54:04.928775+00:00,264,r-scylla1,4,1,incoming,506
2026-09-21T11:54:04.928775+00:00,264,r-scylla1,4,1,outgoing,0
2026-09-21T11:54:04.928775+00:00,264,r-scylla2,4,0,incoming,0
2026-09-21T11:54:04.928775+00:00,264,r-scylla2,4,0,outgoing,0
2026-09-21T11:54:04.928775+00:00,264,r-scylla2,4,1,incoming,0
2026-09-21T11:54:04.928775+00:00,264,r-scylla2,4,1,outgoing,0
2026-09-21T11:54:04.928775+00:00,264,r-scylla3,4,0,incoming,0
2026-09-21T11:54:04.928775+00:00,264,r-scylla3,4,0,outgoing,0
2026-09-21T11:54:04.928775+00:00,264,r-scylla3,4,1,incoming,184392
2026-09-21T11:54:04.928775+00:00,264,r-scylla3,4,1,outgoing,0
2026-09-21T11:54:04.928775+00:00,264,r-scylla4,4,0,incoming,0
2026-09-21T11:54:04.928775+00:00,264,r-scylla4,4,0,outgoing,0
2026-09-21T11:54:04.928775+00:00,264,r-scylla4,4,1,incoming,0
2026-09-21T11:54:04.928775+00:00,264,r-scylla4,4,1,outgoing,184898
2026-09-21T11:54:05.928973+00:00,265,r-scylla1,4,0,incoming,0
2026-09-21T11:54:05.928973+00:00,265,r-scylla1,4,0,outgoing,0
2026-09-21T11:54:05.928973+00:00,265,r-scylla1,4,1,incoming,506
2026-09-21T11:54:05.928973+00:00,265,r-scylla1,4,1,outgoing,0
2026-09-21T11:54:05.928973+00:00,265,r-scylla2,4,0,incoming,0
2026-09-21T11:54:05.928973+00:00,265,r-scylla2,4,0,outgoing,0
2026-09-21T11:54:05.928973+00:00,265,r-scylla2,4,1,incoming,0
2026-09-21T11:54:05.928973+00:00,265,r-scylla2,4,1,outgoing,0
2026-09-21T11:54:05.928973+00:00,265,r-scylla3,4,0,incoming,0
2026-09-21T11:54:05.928973+00:00,265,r-scylla3,4,0,outgoing,0
2026-09-21T11:54:05.928973+00:00,265,r-scylla3,4,1,incoming,184392
2026-09-21T11:54:05.928973+00:00,265,r-scylla3,4,1,outgoing,0
2026-09-21T11:54:05.928973+00:00,265,r-scylla4,4,0,incoming,0
2026-09-21T11:54:05.928973+00:00,265,r-scylla4,4,0,outgoing,0
2026-09-21T11:54:05.928973+00:00,265,r-scylla4,4,1,incoming,0
2026-09-21T11:54:05.928973+00:00,265,r-scylla4,4,1,outgoing,184898
2026-09-21T11:54:06.929158+00:00,266,r-scylla1,4,0,incoming,0
2026-09-21T11:54:06.929158+00:00,266,r-scylla1,4,0,outgoing,0
2026-09-21T11:54:06.929158+00:00,266,r-scylla1,4,1,incoming,506
2026-09-21T11:54:06.929158+00:00,266,r-scylla1,4,1,outgoing,0
2026-09-21T11:54:06.929158+00:00,266,r-scylla2,4,0,incoming,0
2026-09-21T11:54:06.929158+00:00,266,r-scylla2,4,0,outgoing,0
2026-09-21T11:54:06.929158+00:00,266,r-scylla2,4,1,incoming,0
2026-09-21T11:54:06.929158+00:00,266,r-scylla2,4,1,outgoing,0
2026-09-21T11:54:06.929158+00:00,266,r-scylla3,4,0,incoming,0
2026-09-21T11:54:06.929158+00:00,266,r-scylla3,4,0,outgoing,0
2026-09-21T11:54:06.929158+00:00,266,r-scylla3,4,1,incoming,184392
2026-09-21T11:54:06.929158+00:00,266,r-scylla3,4,1,outgoing,0
2026-09-21T11:54:06.929158+00:00,266,r-scylla4,4,0,incoming,0
2026-09-21T11:54:06.929158+00:00,266,r-scylla4,4,0,outgoing,0
2026-09-21T11:54:06.929158+00:00,266,r-scylla4,4,1,incoming,0
2026-09-21T11:54:06.929158+00:00,266,r-scylla4,4,1,outgoing,184898
2026-09-21T11:54:07.929580+00:00,267,r-scylla1,4,0,incoming,0
2026-09-21T11:54:07.929580+00:00,267,r-scylla1,4,0,outgoing,0
2026-09-21T11:54:07.929580+00:00,267,r-scylla1,4,1,incoming,506
2026-09-21T11:54:07.929580+00:00,267,r-scylla1,4,1,outgoing,0
2026-09-21T11:54:07.929580+00:00,267,r-scylla2,4,0,incoming,0
2026-09-21T11:54:07.929580+00:00,267,r-scylla2,4,0,outgoing,0
2026-09-21T11:54:07.929580+00:00,267,r-scylla2,4,1,incoming,0
2026-09-21T11:54:07.929580+00:00,267,r-scylla2,4,1,outgoing,0
2026-09-21T11:54:07.929580+00:00,267,r-scylla3,4,0,incoming,0
2026-09-21T11:54:07.929580+00:00,267,r-scylla3,4,0,outgoing,0
2026-09-21T11:54:07.929580+00:00,267,r-scylla3,4,1,incoming,184392
2026-09-21T11:54:07.929580+00:00,267,r-scylla3,4,1,outgoing,0
2026-09-21T11:54:07.929580+00:00,267,r-scylla4,4,0,incoming,0
2026-09-21T11:54:07.929580+00:00,267,r-scylla4,4,0,outgoing,0
2026-09-21T11:54:07.929580+00:00,267,r-scylla4,4,1,incoming,0
2026-09-21T11:54:07.929580+00:00,267,r-scylla4,4,1,outgoing,184898
2026-09-21T11:54:08.929910+00:00,268,r-scylla1,4,0,incoming,0
2026-09-21T11:54:08.929910+00:00,268,r-scylla1,4,0,outgoing,0
2026-09-21T11:54:08.929910+00:00,268,r-scylla1,4,1,incoming,506
2026-09-21T11:54:08.929910+00:00,268,r-scylla1,4,1,outgoing,0
2026-09-21T11:54:08.929910+00:00,268,r-scylla2,4,0,incoming,0
2026-09-21T11:54:08.929910+00:00,268,r-scylla2,4,0,outgoing,0
2026-09-21T11:54:08.929910+00:00,268,r-scylla2,4,1,incoming,0
2026-09-21T11:54:08.929910+00:00,268,r-scylla2,4,1,outgoing,0
2026-09-21T11:54:08.929910+00:00,268,r-scylla3,4,0,incoming,0
2026-09-21T11:54:08.929910+00:00,268,r-scylla3,4,0,outgoing,0
2026-09-21T11:54:08.929910+00:00,268,r-scylla3,4,1,incoming,184392
2026-09-21T11:54:08.929910+00:00,268,r-scylla3,4,1,outgoing,0
2026-09-21T11:54:08.929910+00:00,268,r-scylla4,4,0,incoming,0
2026-09-21T11:54:08.929910+00:00,268,r-scylla4,4,0,outgoing,0
2026-09-21T11:54:08.929910+00:00,268,r-scylla4,4,1,incoming,0
2026-09-21T11:54:08.929910+00:00,268,r-scylla4,4,1,outgoing,184898
2026-09-21T11:54:09.930054+00:00,269,r-scylla1,4,0,incoming,0
2026-09-21T11:54:09.930054+00:00,269,r-scylla1,4,0,outgoing,0
2026-09-21T11:54:09.930054+00:00,269,r-scylla1,4,1,incoming,506
2026-09-21T11:54:09.930054+00:00,269,r-scylla1,4,1,outgoing,0
2026-09-21T11:54:09.930054+00:00,269,r-scylla2,4,0,incoming,0
2026-09-21T11:54:09.930054+00:00,269,r-scylla2,4,0,outgoing,0
2026-09-21T11:54:09.930054+00:00,269,r-scylla2,4,1,incoming,0
2026-09-21T11:54:09.930054+00:00,269,r-scylla2,4,1,outgoing,0
2026-09-21T11:54:09.930054+00:00,269,r-scylla3,4,0,incoming,0
2026-09-21T11:54:09.930054+00:00,269,r-scylla3,4,0,outgoing,0
2026-09-21T11:54:09.930054+00:00,269,r-scylla3,4,1,incoming,184392
2026-09-21T11:54:09.930054+00:00,269,r-scylla3,4,1,outgoing,0
2026-09-21T11:54:09.930054+00:00,269,r-scylla4,4,0,incoming,0
2026-09-21T11:54:09.930054+00:00,269,r-scylla4,4,0,outgoing,0
2026-09-21T11:54:09.930054+00:00,269,r-scylla4,4,1,incoming,0
2026-09-21T11:54:09.930054+00:00,269,r-scylla4,4,1,outgoing,184898
2026-09-21T11:54:10.930185+00:00,270,r-scylla1,4,0,incoming,0
2026-09-21T11:54:10.930185+00:00,270,r-scylla1,4,0,outgoing,0
2026-09-21T11:54:10.930185+00:00,270,r-scylla1,4,1,incoming,506
2026-09-21T11:54:10.930185+00:00,270,r-scylla1,4,1,outgoing,0
2026-09-21T11:54:10.930185+00:00,270,r-scylla2,4,0,incoming,0
2026-09-21T11:54:10.930185+00:00,270,r-scylla2,4,0,outgoing,0
2026-09-21T11:54:10.930185+00:00,270,r-scylla2,4,1,incoming,0
2026-09-21T11:54:10.930185+00:00,270,r-scylla2,4,1,outgoing,0
2026-09-21T11:54:10.930185+00:00,270,r-scylla3,4,0,incoming,0
2026-09-21T11:54:10.930185+00:00,270,r-scylla3,4,0,outgoing,0
2026-09-21T11:54:10.930185+00:00,270,r-scylla3,4,1,incoming,184392
2026-09-21T11:54:10.930185+00:00,270,r-scylla3,4,1,outgoing,0
2026-09-21T11:54:10.930185+00:00,270,r-scylla4,4,0,incoming,0
2026-09-21T11:54:10.930185+00:00,270,r-scylla4,4,0,outgoing,0
2026-09-21T11:54:10.930185+00:00,270,r-scylla4,4,1,incoming,0
2026-09-21T11:54:10.930185+00:00,270,r-scylla4,4,1,outgoing,184898
2026-09-21T11:54:11.930395+00:00,271,r-scylla1,4,0,incoming,0
2026-09-21T11:54:11.930395+00:00,271,r-scylla1,4,0,outgoing,0
2026-09-21T11:54:11.930395+00:00,271,r-scylla1,4,1,incoming,506
2026-09-21T11:54:11.930395+00:00,271,r-scylla1,4,1,outgoing,0
2026-09-21T11:54:11.930395+00:00,271,r-scylla2,4,0,incoming,0
2026-09-21T11:54:11.930395+00:00,271,r-scylla2,4,0,outgoing,0
2026-09-21T11:54:11.930395+00:00,271,r-scylla2,4,1,incoming,0
2026-09-21T11:54:11.930395+00:00,271,r-scylla2,4,1,outgoing,0
2026-09-21T11:54:11.930395+00:00,271,r-scylla3,4,0,incoming,0
2026-09-21T11:54:11.930395+00:00,271,r-scylla3,4,0,outgoing,0
2026-09-21T11:54:11.930395+00:00,271,r-scylla3,4,1,incoming,184392
2026-09-21T11:54:11.930395+00:00,271,r-scylla3,4,1,outgoing,0
2026-09-21T11:54:11.930395+00:00,271,r-scylla4,4,0,incoming,0
2026-09-21T11:54:11.930395+00:00,271,r-scylla4,4,0,outgoing,0
2026-09-21T11:54:11.930395+00:00,271,r-scylla4,4,1,incoming,0
2026-09-21T11:54:11.930395+00:00,271,r-scylla4,4,1,outgoing,184898
2026-09-21T11:54:12.930570+00:00,272,r-scylla1,4,0,incoming,0
2026-09-21T11:54:12.930570+00:00,272,r-scylla1,4,0,outgoing,0
2026-09-21T11:54:12.930570+00:00,272,r-scylla1,4,1,incoming,506
2026-09-21T11:54:12.930570+00:00,272,r-scylla1,4,1,outgoing,0
2026-09-21T11:54:12.930570+00:00,272,r-scylla2,4,0,incoming,0
2026-09-21T11:54:12.930570+00:00,272,r-scylla2,4,0,outgoing,0
2026-09-21T11:54:12.930570+00:00,272,r-scylla2,4,1,incoming,0
2026-09-21T11:54:12.930570+00:00,272,r-scylla2,4,1,outgoing,0
2026-09-21T11:54:12.930570+00:00,272,r-scylla3,4,0,incoming,0
2026-09-21T11:54:12.930570+00:00,272,r-scylla3,4,0,outgoing,0
2026-09-21T11:54:12.930570+00:00,272,r-scylla3,4,1,incoming,184392
2026-09-21T11:54:12.930570+00:00,272,r-scylla3,4,1,outgoing,0
2026-09-21T11:54:12.930570+00:00,272,r-scylla4,4,0,incoming,0
2026-09-21T11:54:12.930570+00:00,272,r-scylla4,4,0,outgoing,0
2026-09-21T11:54:12.930570+00:00,272,r-scylla4,4,1,incoming,0
2026-09-21T11:54:12.930570+00:00,272,r-scylla4,4,1,outgoing,184898
2026-09-21T11:54:13.930739+00:00,273,r-scylla1,4,0,incoming,0
2026-09-21T11:54:13.930739+00:00,273,r-scylla1,4,0,outgoing,0
2026-09-21T11:54:13.930739+00:00,273,r-scylla1,4,1,incoming,506
2026-09-21T11:54:13.930739+00:00,273,r-scylla1,4,1,outgoing,0
2026-09-21T11:54:13.930739+00:00,273,r-scylla2,4,0,incoming,0
2026-09-21T11:54:13.930739+00:00,273,r-scylla2,4,0,outgoing,0
2026-09-21T11:54:13.930739+00:00,273,r-scylla2,4,1,incoming,0
2026-09-21T11:54:13.930739+00:00,273,r-scylla2,4,1,outgoing,0
2026-09-21T11:54:13.930739+00:00,273,r-scylla3,4,0,incoming,0
2026-09-21T11:54:13.930739+00:00,273,r-scylla3,4,0,outgoing,0
2026-09-21T11:54:13.930739+00:00,273,r-scylla3,4,1,incoming,184392
2026-09-21T11:54:13.930739+00:00,273,r-scylla3,4,1,outgoing,0
2026-09-21T11:54:13.930739+00:00,273,r-scylla4,4,0,incoming,0
2026-09-21T11:54:13.930739+00:00,273,r-scylla4,4,0,outgoing,0
2026-09-21T11:54:13.930739+00:00,273,r-scylla4,4,1,incoming,0
2026-09-21T11:54:13.930739+00:00,273,r-scylla4,4,1,outgoing,184898
2026-09-21T11:54:14.931078+00:00,274,r-scylla1,4,0,incoming,0
2026-09-21T11:54:14.931078+00:00,274,r-scylla1,4,0,outgoing,0
2026-09-21T11:54:14.931078+00:00,274,r-scylla1,4,1,incoming,506
2026-09-21T11:54:14.931078+00:00,274,r-scylla1,4,1,outgoing,0
2026-09-21T11:54:14.931078+00:00,274,r-scylla2,4,0,incoming,0
2026-09-21T11:54:14.931078+00:00,274,r-scylla2,4,0,outgoing,0
2026-09-21T11:54:14.931078+00:00,274,r-scylla2,4,1,incoming,0
2026-09-21T11:54:14.931078+00:00,274,r-scylla2,4,1,outgoing,0
2026-09-21T11:54:14.931078+00:00,274,r-scylla3,4,0,incoming,0
2026-09-21T11:54:14.931078+00:00,274,r-scylla3,4,0,outgoing,0
2026-09-21T11:54:14.931078+00:00,274,r-scylla3,4,1,incoming,184392
2026-09-21T11:54:14.931078+00:00,274,r-scylla3,4,1,outgoing,0
2026-09-21T11:54:14.931078+00:00,274,r-scylla4,4,0,incoming,0
2026-09-21T11:54:14.931078+00:00,274,r-scylla4,4,0,outgoing,0
2026-09-21T11:54:14.931078+00:00,274,r-scylla4,4,1,incoming,0
2026-09-21T11:54:14.931078+00:00,274,r-scylla4,4,1,outgoing,184898
2026-09-21T11:54:15.931248+00:00,275,r-scylla1,4,0,incoming,0
2026-09-21T11:54:15.931248+00:00,275,r-scylla1,4,0,outgoing,0
2026-09-21T11:54:15.931248+00:00,275,r-scylla1,4,1,incoming,506
2026-09-21T11:54:15.931248+00:00,275,r-scylla1,4,1,outgoing,0
2026-09-21T11:54:15.931248+00:00,275,r-scylla2,4,0,incoming,0
2026-09-21T11:54:15.931248+00:00,275,r-scylla2,4,0,outgoing,0
2026-09-21T11:54:15.931248+00:00,275,r-scylla2,4,1,incoming,0
2026-09-21T11:54:15.931248+00:00,275,r-scylla2,4,1,outgoing,0
2026-09-21T11:54:15.931248+00:00,275,r-scylla3,4,0,incoming,0
2026-09-21T11:54:15.931248+00:00,275,r-scylla3,4,0,outgoing,0
2026-09-21T11:54:15.931248+00:00,275,r-scylla3,4,1,incoming,184392
2026-09-21T11:54:15.931248+00:00,275,r-scylla3,4,1,outgoing,0
2026-09-21T11:54:15.931248+00:00,275,r-scylla4,4,0,incoming,0
2026-09-21T11:54:15.931248+00:00,275,r-scylla4,4,0,outgoing,0
2026-09-21T11:54:15.931248+00:00,275,r-scylla4,4,1,incoming,0
2026-09-21T11:54:15.931248+00:00,275,r-scylla4,4,1,outgoing,184898
2026-09-21T11:54:16.931394+00:00,276,r-scylla1,4,0,incoming,0
2026-09-21T11:54:16.931394+00:00,276,r-scylla1,4,0,outgoing,0
2026-09-21T11:54:16.931394+00:00,276,r-scylla1,4,1,incoming,506
2026-09-21T11:54:16.931394+00:00,276,r-scylla1,4,1,outgoing,0
2026-09-21T11:54:16.931394+00:00,276,r-scylla2,4,0,incoming,0
2026-09-21T11:54:16.931394+00:00,276,r-scylla2,4,0,outgoing,0
2026-09-21T11:54:16.931394+00:00,276,r-scylla2,4,1,incoming,0
2026-09-21T11:54:16.931394+00:00,276,r-scylla2,4,1,outgoing,0
2026-09-21T11:54:16.931394+00:00,276,r-scylla3,4,0,incoming,0
2026-09-21T11:54:16.931394+00:00,276,r-scylla3,4,0,outgoing,0
2026-09-21T11:54:16.931394+00:00,276,r-scylla3,4,1,incoming,184392
2026-09-21T11:54:16.931394+00:00,276,r-scylla3,4,1,outgoing,0
2026-09-21T11:54:16.931394+00:00,276,r-scylla4,4,0,incoming,0
2026-09-21T11:54:16.931394+00:00,276,r-scylla4,4,0,outgoing,0
2026-09-21T11:54:16.931394+00:00,276,r-scylla4,4,1,incoming,0
2026-09-21T11:54:16.931394+00:00,276,r-scylla4,4,1,outgoing,184898
2026-09-21T11:54:17.931647+00:00,277,r-scylla1,4,0,incoming,0
2026-09-21T11:54:17.931647+00:00,277,r-scylla1,4,0,outgoing,0
2026-09-21T11:54:17.931647+00:00,277,r-scylla1,4,1,incoming,506
2026-09-21T11:54:17.931647+00:00,277,r-scylla1,4,1,outgoing,0
2026-09-21T11:54:17.931647+00:00,277,r-scylla2,4,0,incoming,0
2026-09-21T11:54:17.931647+00:00,277,r-scylla2,4,0,outgoing,0
2026-09-21T11:54:17.931647+00:00,277,r-scylla2,4,1,incoming,0
2026-09-21T11:54:17.931647+00:00,277,r-scylla2,4,1,outgoing,0
2026-09-21T11:54:17.931647+00:00,277,r-scylla3,4,0,incoming,0
2026-09-21T11:54:17.931647+00:00,277,r-scylla3,4,0,outgoing,0
2026-09-21T11:54:17.931647+00:00,277,r-scylla3,4,1,incoming,184392
2026-09-21T11:54:17.931647+00:00,277,r-scylla3,4,1,outgoing,0
2026-09-21T11:54:17.931647+00:00,277,r-scylla4,4,0,incoming,0
2026-09-21T11:54:17.931647+00:00,277,r-scylla4,4,0,outgoing,0
2026-09-21T11:54:17.931647+00:00,277,r-scylla4,4,1,incoming,0
2026-09-21T11:54:17.931647+00:00,277,r-scylla4,4,1,outgoing,184898
2026-09-21T11:54:18.932053+00:00,278,r-scylla1,4,0,incoming,0
2026-09-21T11:54:18.932053+00:00,278,r-scylla1,4,0,outgoing,0
2026-09-21T11:54:18.932053+00:00,278,r-scylla1,4,1,incoming,506
2026-09-21T11:54:18.932053+00:00,278,r-scylla1,4,1,outgoing,0
2026-09-21T11:54:18.932053+00:00,278,r-scylla2,4,0,incoming,0
2026-09-21T11:54:18.932053+00:00,278,r-scylla2,4,0,outgoing,0
2026-09-21T11:54:18.932053+00:00,278,r-scylla2,4,1,incoming,0
2026-09-21T11:54:18.932053+00:00,278,r-scylla2,4,1,outgoing,0
2026-09-21T11:54:18.932053+00:00,278,r-scylla3,4,0,incoming,0
2026-09-21T11:54:18.932053+00:00,278,r-scylla3,4,0,outgoing,0
2026-09-21T11:54:18.932053+00:00,278,r-scylla3,4,1,incoming,184392
2026-09-21T11:54:18.932053+00:00,278,r-scylla3,4,1,outgoing,0
2026-09-21T11:54:18.932053+00:00,278,r-scylla4,4,0,incoming,0
2026-09-21T11:54:18.932053+00:00,278,r-scylla4,4,0,outgoing,0
2026-09-21T11:54:18.932053+00:00,278,r-scylla4,4,1,incoming,0
2026-09-21T11:54:18.932053+00:00,278,r-scylla4,4,1,outgoing,184898
2026-09-21T11:54:19.932228+00:00,279,r-scylla1,4,0,incoming,0
2026-09-21T11:54:19.932228+00:00,279,r-scylla1,4,0,outgoing,0
2026-09-21T11:54:19.932228+00:00,279,r-scylla1,4,1,incoming,506
2026-09-21T11:54:19.932228+00:00,279,r-scylla1,4,1,outgoing,0
2026-09-21T11:54:19.932228+00:00,279,r-scylla2,4,0,incoming,0
2026-09-21T11:54:19.932228+00:00,279,r-scylla2,4,0,outgoing,0
2026-09-21T11:54:19.932228+00:00,279,r-scylla2,4,1,incoming,0
2026-09-21T11:54:19.932228+00:00,279,r-scylla2,4,1,outgoing,0
2026-09-21T11:54:19.932228+00:00,279,r-scylla3,4,0,incoming,0
2026-09-21T11:54:19.932228+00:00,279,r-scylla3,4,0,outgoing,0
2026-09-21T11:54:19.932228+00:00,279,r-scylla3,4,1,incoming,184392
2026-09-21T11:54:19.932228+00:00,279,r-scylla3,4,1,outgoing,0
2026-09-21T11:54:19.932228+00:00,279,r-scylla4,4,0,incoming,0
2026-09-21T11:54:19.932228+00:00,279,r-scylla4,4,0,outgoing,0
2026-09-21T11:54:19.932228+00:00,279,r-scylla4,4,1,incoming,0
2026-09-21T11:54:19.932228+00:00,279,r-scylla4,4,1,outgoing,184898
2026-09-21T11:54:20.932382+00:00,280,r-scylla1,4,0,incoming,0
2026-09-21T11:54:20.932382+00:00,280,r-scylla1,4,0,outgoing,0
2026-09-21T11:54:20.932382+00:00,280,r-scylla1,4,1,incoming,506
2026-09-21T11:54:20.932382+00:00,280,r-scylla1,4,1,outgoing,0
2026-09-21T11:54:20.932382+00:00,280,r-scylla2,4,0,incoming,0
2026-09-21T11:54:20.932382+00:00,280,r-scylla2,4,0,outgoing,0
2026-09-21T11:54:20.932382+00:00,280,r-scylla2,4,1,incoming,0
2026-09-21T11:54:20.932382+00:00,280,r-scylla2,4,1,outgoing,0
2026-09-21T11:54:20.932382+00:00,280,r-scylla3,4,0,incoming,0
2026-09-21T11:54:20.932382+00:00,280,r-scylla3,4,0,outgoing,0
2026-09-21T11:54:20.932382+00:00,280,r-scylla3,4,1,incoming,184392
2026-09-21T11:54:20.932382+00:00,280,r-scylla3,4,1,outgoing,0
2026-09-21T11:54:20.932382+00:00,280,r-scylla4,4,0,incoming,0
2026-09-21T11:54:20.932382+00:00,280,r-scylla4,4,0,outgoing,0
2026-09-21T11:54:20.932382+00:00,280,r-scylla4,4,1,incoming,0
2026-09-21T11:54:20.932382+00:00,280,r-scylla4,4,1,outgoing,184898
2026-09-21T11:54:21.932565+00:00,281,r-scylla1,4,0,incoming,0
2026-09-21T11:54:21.932565+00:00,281,r-scylla1,4,0,outgoing,0
2026-09-21T11:54:21.932565+00:00,281,r-scylla1,4,1,incoming,506
2026-09-21T11:54:21.932565+00:00,281,r-scylla1,4,1,outgoing,0
2026-09-21T11:54:21.932565+00:00,281,r-scylla2,4,0,incoming,0
2026-09-21T11:54:21.932565+00:00,281,r-scylla2,4,0,outgoing,0
2026-09-21T11:54:21.932565+00:00,281,r-scylla2,4,1,incoming,0
2026-09-21T11:54:21.932565+00:00,281,r-scylla2,4,1,outgoing,0
2026-09-21T11:54:21.932565+00:00,281,r-scylla3,4,0,incoming,0
2026-09-21T11:54:21.932565+00:00,281,r-scylla3,4,0,outgoing,0
2026-09-21T11:54:21.932565+00:00,281,r-scylla3,4,1,incoming,184392
2026-09-21T11:54:21.932565+00:00,281,r-scylla3,4,1,outgoing,0
2026-09-21T11:54:21.932565+00:00,281,r-scylla4,4,0,incoming,0
2026-09-21T11:54:21.932565+00:00,281,r-scylla4,4,0,outgoing,0
2026-09-21T11:54:21.932565+00:00,281,r-scylla4,4,1,incoming,0
2026-09-21T11:54:21.932565+00:00,281,r-scylla4,4,1,outgoing,184898
2026-09-21T11:54:22.932739+00:00,282,r-scylla1,4,0,incoming,0
2026-09-21T11:54:22.932739+00:00,282,r-scylla1,4,0,outgoing,0
2026-09-21T11:54:22.932739+00:00,282,r-scylla1,4,1,incoming,506
2026-09-21T11:54:22.932739+00:00,282,r-scylla1,4,1,outgoing,0
2026-09-21T11:54:22.932739+00:00,282,r-scylla2,4,0,incoming,0
2026-09-21T11:54:22.932739+00:00,282,r-scylla2,4,0,outgoing,0
2026-09-21T11:54:22.932739+00:00,282,r-scylla2,4,1,incoming,0
2026-09-21T11:54:22.932739+00:00,282,r-scylla2,4,1,outgoing,0
2026-09-21T11:54:22.932739+00:00,282,r-scylla3,4,0,incoming,0
2026-09-21T11:54:22.932739+00:00,282,r-scylla3,4,0,outgoing,0
2026-09-21T11:54:22.932739+00:00,282,r-scylla3,4,1,incoming,184392
2026-09-21T11:54:22.932739+00:00,282,r-scylla3,4,1,outgoing,0
2026-09-21T11:54:22.932739+00:00,282,r-scylla4,4,0,incoming,0
2026-09-21T11:54:22.932739+00:00,282,r-scylla4,4,0,outgoing,0
2026-09-21T11:54:22.932739+00:00,282,r-scylla4,4,1,incoming,0
2026-09-21T11:54:22.932739+00:00,282,r-scylla4,4,1,outgoing,184898
2026-09-21T11:54:23.933238+00:00,283,r-scylla1,4,0,incoming,0
2026-09-21T11:54:23.933238+00:00,283,r-scylla1,4,0,outgoing,0
2026-09-21T11:54:23.933238+00:00,283,r-scylla1,4,1,incoming,506
2026-09-21T11:54:23.933238+00:00,283,r-scylla1,4,1,outgoing,0
2026-09-21T11:54:23.933238+00:00,283,r-scylla2,4,0,incoming,0
2026-09-21T11:54:23.933238+00:00,283,r-scylla2,4,0,outgoing,0
2026-09-21T11:54:23.933238+00:00,283,r-scylla2,4,1,incoming,0
2026-09-21T11:54:23.933238+00:00,283,r-scylla2,4,1,outgoing,0
2026-09-21T11:54:23.933238+00:00,283,r-scylla3,4,0,incoming,0
2026-09-21T11:54:23.933238+00:00,283,r-scylla3,4,0,outgoing,0
2026-09-21T11:54:23.933238+00:00,283,r-scylla3,4,1,incoming,184392
2026-09-21T11:54:23.933238+00:00,283,r-scylla3,4,1,outgoing,0
2026-09-21T11:54:23.933238+00:00,283,r-scylla4,4,0,incoming,0
2026-09-21T11:54:23.933238+00:00,283,r-scylla4,4,0,outgoing,0
2026-09-21T11:54:23.933238+00:00,283,r-scylla4,4,1,incoming,0
2026-09-21T11:54:23.933238+00:00,283,r-scylla4,4,1,outgoing,184898
2026-09-21T11:54:24.934683+00:00,284,r-scylla1,4,0,incoming,0
2026-09-21T11:54:24.934683+00:00,284,r-scylla1,4,0,outgoing,0
2026-09-21T11:54:24.934683+00:00,284,r-scylla1,4,1,incoming,506
2026-09-21T11:54:24.934683+00:00,284,r-scylla1,4,1,outgoing,0
2026-09-21T11:54:24.934683+00:00,284,r-scylla2,4,0,incoming,0
2026-09-21T11:54:24.934683+00:00,284,r-scylla2,4,0,outgoing,0
2026-09-21T11:54:24.934683+00:00,284,r-scylla2,4,1,incoming,0
2026-09-21T11:54:24.934683+00:00,284,r-scylla2,4,1,outgoing,0
2026-09-21T11:54:24.934683+00:00,284,r-scylla3,4,0,incoming,0
2026-09-21T11:54:24.934683+00:00,284,r-scylla3,4,0,outgoing,0
2026-09-21T11:54:24.934683+00:00,284,r-scylla3,4,1,incoming,184392
2026-09-21T11:54:24.934683+00:00,284,r-scylla3,4,1,outgoing,0
2026-09-21T11:54:24.934683+00:00,284,r-scylla4,4,0,incoming,0
2026-09-21T11:54:24.934683+00:00,284,r-scylla4,4,0,outgoing,0
2026-09-21T11:54:24.934683+00:00,284,r-scylla4,4,1,incoming,0
2026-09-21T11:54:24.934683+00:00,284,r-scylla4,4,1,outgoing,184898
2026-09-21T11:54:25.934805+00:00,285,r-scylla1,4,0,incoming,0
2026-09-21T11:54:25.934805+00:00,285,r-scylla1,4,0,outgoing,0
2026-09-21T11:54:25.934805+00:00,285,r-scylla1,4,1,incoming,506
2026-09-21T11:54:25.934805+00:00,285,r-scylla1,4,1,outgoing,0
2026-09-21T11:54:25.934805+00:00,285,r-scylla2,4,0,incoming,0
2026-09-21T11:54:25.934805+00:00,285,r-scylla2,4,0,outgoing,0
2026-09-21T11:54:25.934805+00:00,285,r-scylla2,4,1,incoming,0
2026-09-21T11:54:25.934805+00:00,285,r-scylla2,4,1,outgoing,0
2026-09-21T11:54:25.934805+00:00,285,r-scylla3,4,0,incoming,0
2026-09-21T11:54:25.934805+00:00,285,r-scylla3,4,0,outgoing,0
2026-09-21T11:54:25.934805+00:00,285,r-scylla3,4,1,incoming,184392
2026-09-21T11:54:25.934805+00:00,285,r-scylla3,4,1,outgoing,0
2026-09-21T11:54:25.934805+00:00,285,r-scylla4,4,0,incoming,0
2026-09-21T11:54:25.934805+00:00,285,r-scylla4,4,0,outgoing,0
2026-09-21T11:54:25.934805+00:00,285,r-scylla4,4,1,incoming,0
2026-09-21T11:54:25.934805+00:00,285,r-scylla4,4,1,outgoing,184898
2026-09-21T11:54:26.934909+00:00,286,r-scylla1,4,0,incoming,0
2026-09-21T11:54:26.934909+00:00,286,r-scylla1,4,0,outgoing,0
2026-09-21T11:54:26.934909+00:00,286,r-scylla1,4,1,incoming,506
2026-09-21T11:54:26.934909+00:00,286,r-scylla1,4,1,outgoing,0
2026-09-21T11:54:26.934909+00:00,286,r-scylla2,4,0,incoming,0
2026-09-21T11:54:26.934909+00:00,286,r-scylla2,4,0,outgoing,0
2026-09-21T11:54:26.934909+00:00,286,r-scylla2,4,1,incoming,0
2026-09-21T11:54:26.934909+00:00,286,r-scylla2,4,1,outgoing,0
2026-09-21T11:54:26.934909+00:00,286,r-scylla3,4,0,incoming,0
2026-09-21T11:54:26.934909+00:00,286,r-scylla3,4,0,outgoing,0
2026-09-21T11:54:26.934909+00:00,286,r-scylla3,4,1,incoming,184392
2026-09-21T11:54:26.934909+00:00,286,r-scylla3,4,1,outgoing,0
2026-09-21T11:54:26.934909+00:00,286,r-scylla4,4,0,incoming,0
2026-09-21T11:54:26.934909+00:00,286,r-scylla4,4,0,outgoing,0
2026-09-21T11:54:26.934909+00:00,286,r-scylla4,4,1,incoming,0
2026-09-21T11:54:26.934909+00:00,286,r-scylla4,4,1,outgoing,184898
2026-09-21T11:54:27.935165+00:00,287,r-scylla1,4,0,incoming,0
2026-09-21T11:54:27.935165+00:00,287,r-scylla1,4,0,outgoing,0
2026-09-21T11:54:27.935165+00:00,287,r-scylla1,4,1,incoming,506
2026-09-21T11:54:27.935165+00:00,287,r-scylla1,4,1,outgoing,0
2026-09-21T11:54:27.935165+00:00,287,r-scylla2,4,0,incoming,0
2026-09-21T11:54:27.935165+00:00,287,r-scylla2,4,0,outgoing,0
2026-09-21T11:54:27.935165+00:00,287,r-scylla2,4,1,incoming,0
2026-09-21T11:54:27.935165+00:00,287,r-scylla2,4,1,outgoing,0
2026-09-21T11:54:27.935165+00:00,287,r-scylla3,4,0,incoming,0
2026-09-21T11:54:27.935165+00:00,287,r-scylla3,4,0,outgoing,0
2026-09-21T11:54:27.935165+00:00,287,r-scylla3,4,1,incoming,184392
2026-09-21T11:54:27.935165+00:00,287,r-scylla3,4,1,outgoing,0
2026-09-21T11:54:27.935165+00:00,287,r-scylla4,4,0,incoming,0
2026-09-21T11:54:27.935165+00:00,287,r-scylla4,4,0,outgoing,0
2026-09-21T11:54:27.935165+00:00,287,r-scylla4,4,1,incoming,0
2026-09-21T11:54:27.935165+00:00,287,r-scylla4,4,1,outgoing,184898
2026-09-21T11:54:28.935525+00:00,288,r-scylla1,4,0,incoming,0
2026-09-21T11:54:28.935525+00:00,288,r-scylla1,4,0,outgoing,0
2026-09-21T11:54:28.935525+00:00,288,r-scylla1,4,1,incoming,506
2026-09-21T11:54:28.935525+00:00,288,r-scylla1,4,1,outgoing,0
2026-09-21T11:54:28.935525+00:00,288,r-scylla2,4,0,incoming,0
2026-09-21T11:54:28.935525+00:00,288,r-scylla2,4,0,outgoing,0
2026-09-21T11:54:28.935525+00:00,288,r-scylla2,4,1,incoming,0
2026-09-21T11:54:28.935525+00:00,288,r-scylla2,4,1,outgoing,0
2026-09-21T11:54:28.935525+00:00,288,r-scylla3,4,0,incoming,0
2026-09-21T11:54:28.935525+00:00,288,r-scylla3,4,0,outgoing,0
2026-09-21T11:54:28.935525+00:00,288,r-scylla3,4,1,incoming,184392
2026-09-21T11:54:28.935525+00:00,288,r-scylla3,4,1,outgoing,0
2026-09-21T11:54:28.935525+00:00,288,r-scylla4,4,0,incoming,0
2026-09-21T11:54:28.935525+00:00,288,r-scylla4,4,0,outgoing,0
2026-09-21T11:54:28.935525+00:00,288,r-scylla4,4,1,incoming,0
2026-09-21T11:54:28.935525+00:00,288,r-scylla4,4,1,outgoing,184898
2026-09-21T11:54:29.935663+00:00,289,r-scylla1,4,0,incoming,0
2026-09-21T11:54:29.935663+00:00,289,r-scylla1,4,0,outgoing,0
2026-09-21T11:54:29.935663+00:00,289,r-scylla1,4,1,incoming,506
2026-09-21T11:54:29.935663+00:00,289,r-scylla1,4,1,outgoing,0
2026-09-21T11:54:29.935663+00:00,289,r-scylla2,4,0,incoming,0
2026-09-21T11:54:29.935663+00:00,289,r-scylla2,4,0,outgoing,0
2026-09-21T11:54:29.935663+00:00,289,r-scylla2,4,1,incoming,0
2026-09-21T11:54:29.935663+00:00,289,r-scylla2,4,1,outgoing,0
2026-09-21T11:54:29.935663+00:00,289,r-scylla3,4,0,incoming,0
2026-09-21T11:54:29.935663+00:00,289,r-scylla3,4,0,outgoing,0
2026-09-21T11:54:29.935663+00:00,289,r-scylla3,4,1,incoming,184392
2026-09-21T11:54:29.935663+00:00,289,r-scylla3,4,1,outgoing,0
2026-09-21T11:54:29.935663+00:00,289,r-scylla4,4,0,incoming,0
2026-09-21T11:54:29.935663+00:00,289,r-scylla4,4,0,outgoing,0
2026-09-21T11:54:29.935663+00:00,289,r-scylla4,4,1,incoming,0
2026-09-21T11:54:29.935663+00:00,289,r-scylla4,4,1,outgoing,184898
2026-09-21T11:54:30.933599+00:00,290,r-scylla1,4,0,incoming,0
2026-09-21T11:54:30.933599+00:00,290,r-scylla1,4,0,outgoing,0
2026-09-21T11:54:30.933599+00:00,290,r-scylla1,4,1,incoming,506
2026-09-21T11:54:30.933599+00:00,290,r-scylla1,4,1,outgoing,0
2026-09-21T11:54:30.933599+00:00,290,r-scylla2,4,0,incoming,0
2026-09-21T11:54:30.933599+00:00,290,r-scylla2,4,0,outgoing,0
2026-09-21T11:54:30.933599+00:00,290,r-scylla2,4,1,incoming,0
2026-09-21T11:54:30.933599+00:00,290,r-scylla2,4,1,outgoing,0
2026-09-21T11:54:30.933599+00:00,290,r-scylla3,4,0,incoming,0
2026-09-21T11:54:30.933599+00:00,290,r-scylla3,4,0,outgoing,0
2026-09-21T11:54:30.933599+00:00,290,r-scylla3,4,1,incoming,184392
2026-09-21T11:54:30.933599+00:00,290,r-scylla3,4,1,outgoing,0
2026-09-21T11:54:30.933599+00:00,290,r-scylla4,4,0,incoming,0
2026-09-21T11:54:30.933599+00:00,290,r-scylla4,4,0,outgoing,0
2026-09-21T11:54:30.933599+00:00,290,r-scylla4,4,1,incoming,0
2026-09-21T11:54:30.933599+00:00,290,r-scylla4,4,1,outgoing,184898
2026-09-21T11:54:31.933812+00:00,291,r-scylla1,4,0,incoming,0
2026-09-21T11:54:31.933812+00:00,291,r-scylla1,4,0,outgoing,0
2026-09-21T11:54:31.933812+00:00,291,r-scylla1,4,1,incoming,506
2026-09-21T11:54:31.933812+00:00,291,r-scylla1,4,1,outgoing,0
2026-09-21T11:54:31.933812+00:00,291,r-scylla2,4,0,incoming,0
2026-09-21T11:54:31.933812+00:00,291,r-scylla2,4,0,outgoing,0
2026-09-21T11:54:31.933812+00:00,291,r-scylla2,4,1,incoming,0
2026-09-21T11:54:31.933812+00:00,291,r-scylla2,4,1,outgoing,0
2026-09-21T11:54:31.933812+00:00,291,r-scylla3,4,0,incoming,0
2026-09-21T11:54:31.933812+00:00,291,r-scylla3,4,0,outgoing,0
2026-09-21T11:54:31.933812+00:00,291,r-scylla3,4,1,incoming,184392
2026-09-21T11:54:31.933812+00:00,291,r-scylla3,4,1,outgoing,0
2026-09-21T11:54:31.933812+00:00,291,r-scylla4,4,0,incoming,0
2026-09-21T11:54:31.933812+00:00,291,r-scylla4,4,0,outgoing,0
2026-09-21T11:54:31.933812+00:00,291,r-scylla4,4,1,incoming,0
2026-09-21T11:54:31.933812+00:00,291,r-scylla4,4,1,outgoing,184898
2026-09-21T11:54:32.934095+00:00,292,r-scylla1,4,0,incoming,0
2026-09-21T11:54:32.934095+00:00,292,r-scylla1,4,0,outgoing,0
2026-09-21T11:54:32.934095+00:00,292,r-scylla1,4,1,incoming,506
2026-09-21T11:54:32.934095+00:00,292,r-scylla1,4,1,outgoing,0
2026-09-21T11:54:32.934095+00:00,292,r-scylla2,4,0,incoming,0
2026-09-21T11:54:32.934095+00:00,292,r-scylla2,4,0,outgoing,0
2026-09-21T11:54:32.934095+00:00,292,r-scylla2,4,1,incoming,0
2026-09-21T11:54:32.934095+00:00,292,r-scylla2,4,1,outgoing,0
2026-09-21T11:54:32.934095+00:00,292,r-scylla3,4,0,incoming,0
2026-09-21T11:54:32.934095+00:00,292,r-scylla3,4,0,outgoing,0
2026-09-21T11:54:32.934095+00:00,292,r-scylla3,4,1,incoming,184392
2026-09-21T11:54:32.934095+00:00,292,r-scylla3,4,1,outgoing,0
2026-09-21T11:54:32.934095+00:00,292,r-scylla4,4,0,incoming,0
2026-09-21T11:54:32.934095+00:00,292,r-scylla4,4,0,outgoing,0
2026-09-21T11:54:32.934095+00:00,292,r-scylla4,4,1,incoming,0
2026-09-21T11:54:32.934095+00:00,292,r-scylla4,4,1,outgoing,184898
2026-09-21T11:54:33.934386+00:00,293,r-scylla1,4,0,incoming,0
2026-09-21T11:54:33.934386+00:00,293,r-scylla1,4,0,outgoing,0
2026-09-21T11:54:33.934386+00:00,293,r-scylla1,4,1,incoming,506
2026-09-21T11:54:33.934386+00:00,293,r-scylla1,4,1,outgoing,0
2026-09-21T11:54:33.934386+00:00,293,r-scylla2,4,0,incoming,0
2026-09-21T11:54:33.934386+00:00,293,r-scylla2,4,0,outgoing,0
2026-09-21T11:54:33.934386+00:00,293,r-scylla2,4,1,incoming,0
2026-09-21T11:54:33.934386+00:00,293,r-scylla2,4,1,outgoing,0
2026-09-21T11:54:33.934386+00:00,293,r-scylla3,4,0,incoming,0
2026-09-21T11:54:33.934386+00:00,293,r-scylla3,4,0,outgoing,0
2026-09-21T11:54:33.934386+00:00,293,r-scylla3,4,1,incoming,184392
2026-09-21T11:54:33.934386+00:00,293,r-scylla3,4,1,outgoing,0
2026-09-21T11:54:33.934386+00:00,293,r-scylla4,4,0,incoming,0
2026-09-21T11:54:33.934386+00:00,293,r-scylla4,4,0,outgoing,0
2026-09-21T11:54:33.934386+00:00,293,r-scylla4,4,1,incoming,0
2026-09-21T11:54:33.934386+00:00,293,r-scylla4,4,1,outgoing,184898
2026-09-21T11:54:34.934797+00:00,294,r-scylla1,4,0,incoming,0
2026-09-21T11:54:34.934797+00:00,294,r-scylla1,4,0,outgoing,0
2026-09-21T11:54:34.934797+00:00,294,r-scylla1,4,1,incoming,506
2026-09-21T11:54:34.934797+00:00,294,r-scylla1,4,1,outgoing,0
2026-09-21T11:54:34.934797+00:00,294,r-scylla2,4,0,incoming,0
2026-09-21T11:54:34.934797+00:00,294,r-scylla2,4,0,outgoing,0
2026-09-21T11:54:34.934797+00:00,294,r-scylla2,4,1,incoming,0
2026-09-21T11:54:34.934797+00:00,294,r-scylla2,4,1,outgoing,0
2026-09-21T11:54:34.934797+00:00,294,r-scylla3,4,0,incoming,0
2026-09-21T11:54:34.934797+00:00,294,r-scylla3,4,0,outgoing,0
2026-09-21T11:54:34.934797+00:00,294,r-scylla3,4,1,incoming,184392
2026-09-21T11:54:34.934797+00:00,294,r-scylla3,4,1,outgoing,0
2026-09-21T11:54:34.934797+00:00,294,r-scylla4,4,0,incoming,0
2026-09-21T11:54:34.934797+00:00,294,r-scylla4,4,0,outgoing,0
2026-09-21T11:54:34.934797+00:00,294,r-scylla4,4,1,incoming,0
2026-09-21T11:54:34.934797+00:00,294,r-scylla4,4,1,outgoing,184898
2026-09-21T11:54:35.935016+00:00,295,r-scylla1,4,0,incoming,0
2026-09-21T11:54:35.935016+00:00,295,r-scylla1,4,0,outgoing,0
2026-09-21T11:54:35.935016+00:00,295,r-scylla1,4,1,incoming,506
2026-09-21T11:54:35.935016+00:00,295,r-scylla1,4,1,outgoing,0
2026-09-21T11:54:35.935016+00:00,295,r-scylla2,4,0,incoming,0
2026-09-21T11:54:35.935016+00:00,295,r-scylla2,4,0,outgoing,0
2026-09-21T11:54:35.935016+00:00,295,r-scylla2,4,1,incoming,0
2026-09-21T11:54:35.935016+00:00,295,r-scylla2,4,1,outgoing,0
2026-09-21T11:54:35.935016+00:00,295,r-scylla3,4,0,incoming,0
2026-09-21T11:54:35.935016+00:00,295,r-scylla3,4,0,outgoing,0
2026-09-21T11:54:35.935016+00:00,295,r-scylla3,4,1,incoming,184392
2026-09-21T11:54:35.935016+00:00,295,r-scylla3,4,1,outgoing,0
2026-09-21T11:54:35.935016+00:00,295,r-scylla4,4,0,incoming,0
2026-09-21T11:54:35.935016+00:00,295,r-scylla4,4,0,outgoing,0
2026-09-21T11:54:35.935016+00:00,295,r-scylla4,4,1,incoming,0
2026-09-21T11:54:35.935016+00:00,295,r-scylla4,4,1,outgoing,184898
2026-09-21T11:54:36.935211+00:00,296,r-scylla1,4,0,incoming,0
2026-09-21T11:54:36.935211+00:00,296,r-scylla1,4,0,outgoing,0
2026-09-21T11:54:36.935211+00:00,296,r-scylla1,4,1,incoming,506
2026-09-21T11:54:36.935211+00:00,296,r-scylla1,4,1,outgoing,0
2026-09-21T11:54:36.935211+00:00,296,r-scylla2,4,0,incoming,0
2026-09-21T11:54:36.935211+00:00,296,r-scylla2,4,0,outgoing,0
2026-09-21T11:54:36.935211+00:00,296,r-scylla2,4,1,incoming,0
2026-09-21T11:54:36.935211+00:00,296,r-scylla2,4,1,outgoing,0
2026-09-21T11:54:36.935211+00:00,296,r-scylla3,4,0,incoming,0
2026-09-21T11:54:36.935211+00:00,296,r-scylla3,4,0,outgoing,0
2026-09-21T11:54:36.935211+00:00,296,r-scylla3,4,1,incoming,184392
2026-09-21T11:54:36.935211+00:00,296,r-scylla3,4,1,outgoing,0
2026-09-21T11:54:36.935211+00:00,296,r-scylla4,4,0,incoming,0
2026-09-21T11:54:36.935211+00:00,296,r-scylla4,4,0,outgoing,0
2026-09-21T11:54:36.935211+00:00,296,r-scylla4,4,1,incoming,0
2026-09-21T11:54:36.935211+00:00,296,r-scylla4,4,1,outgoing,184898
2026-09-21T11:54:37.935505+00:00,297,r-scylla1,4,0,incoming,0
2026-09-21T11:54:37.935505+00:00,297,r-scylla1,4,0,outgoing,0
2026-09-21T11:54:37.935505+00:00,297,r-scylla1,4,1,incoming,506
2026-09-21T11:54:37.935505+00:00,297,r-scylla1,4,1,outgoing,0
2026-09-21T11:54:37.935505+00:00,297,r-scylla2,4,0,incoming,0
2026-09-21T11:54:37.935505+00:00,297,r-scylla2,4,0,outgoing,0
2026-09-21T11:54:37.935505+00:00,297,r-scylla2,4,1,incoming,0
2026-09-21T11:54:37.935505+00:00,297,r-scylla2,4,1,outgoing,0
2026-09-21T11:54:37.935505+00:00,297,r-scylla3,4,0,incoming,0
2026-09-21T11:54:37.935505+00:00,297,r-scylla3,4,0,outgoing,0
2026-09-21T11:54:37.935505+00:00,297,r-scylla3,4,1,incoming,184392
2026-09-21T11:54:37.935505+00:00,297,r-scylla3,4,1,outgoing,0
2026-09-21T11:54:37.935505+00:00,297,r-scylla4,4,0,incoming,0
2026-09-21T11:54:37.935505+00:00,297,r-scylla4,4,0,outgoing,0
2026-09-21T11:54:37.935505+00:00,297,r-scylla4,4,1,incoming,0
2026-09-21T11:54:37.935505+00:00,297,r-scylla4,4,1,outgoing,184898
2026-09-21T11:54:38.935747+00:00,298,r-scylla1,4,0,incoming,0
2026-09-21T11:54:38.935747+00:00,298,r-scylla1,4,0,outgoing,0
2026-09-21T11:54:38.935747+00:00,298,r-scylla1,4,1,incoming,506
2026-09-21T11:54:38.935747+00:00,298,r-scylla1,4,1,outgoing,0
2026-09-21T11:54:38.935747+00:00,298,r-scylla2,4,0,incoming,0
2026-09-21T11:54:38.935747+00:00,298,r-scylla2,4,0,outgoing,0
2026-09-21T11:54:38.935747+00:00,298,r-scylla2,4,1,incoming,0
2026-09-21T11:54:38.935747+00:00,298,r-scylla2,4,1,outgoing,0
2026-09-21T11:54:38.935747+00:00,298,r-scylla3,4,0,incoming,0
2026-09-21T11:54:38.935747+00:00,298,r-scylla3,4,0,outgoing,0
2026-09-21T11:54:38.935747+00:00,298,r-scylla3,4,1,incoming,184392
2026-09-21T11:54:38.935747+00:00,298,r-scylla3,4,1,outgoing,0
2026-09-21T11:54:38.935747+00:00,298,r-scylla4,4,0,incoming,0
2026-09-21T11:54:38.935747+00:00,298,r-scylla4,4,0,outgoing,0
2026-09-21T11:54:38.935747+00:00,298,r-scylla4,4,1,incoming,0
2026-09-21T11:54:38.935747+00:00,298,r-scylla4,4,1,outgoing,184898
2026-09-21T11:54:39.935900+00:00,299,r-scylla1,4,0,incoming,0
2026-09-21T11:54:39.935900+00:00,299,r-scylla1,4,0,outgoing,0
2026-09-21T11:54:39.935900+00:00,299,r-scylla1,4,1,incoming,506
2026-09-21T11:54:39.935900+00:00,299,r-scylla1,4,1,outgoing,0
2026-09-21T11:54:39.935900+00:00,299,r-scylla2,4,0,incoming,0
2026-09-21T11:54:39.935900+00:00,299,r-scylla2,4,0,outgoing,0
2026-09-21T11:54:39.935900+00:00,299,r-scylla2,4,1,incoming,0
2026-09-21T11:54:39.935900+00:00,299,r-scylla2,4,1,outgoing,0
2026-09-21T11:54:39.935900+00:00,299,r-scylla3,4,0,incoming,0
2026-09-21T11:54:39.935900+00:00,299,r-scylla3,4,0,outgoing,0
2026-09-21T11:54:39.935900+00:00,299,r-scylla3,4,1,incoming,184392
2026-09-21T11:54:39.935900+00:00,299,r-scylla3,4,1,outgoing,0
2026-09-21T11:54:39.935900+00:00,299,r-scylla4,4,0,incoming,0
2026-09-21T11:54:39.935900+00:00,299,r-scylla4,4,0,outgoing,0
2026-09-21T11:54:39.935900+00:00,299,r-scylla4,4,1,incoming,0
2026-09-21T11:54:39.935900+00:00,299,r-scylla4,4,1,outgoing,184898
2026-09-21T11:54:40.936035+00:00,300,r-scylla1,4,0,incoming,0
2026-09-21T11:54:40.936035+00:00,300,r-scylla1,4,0,outgoing,0
2026-09-21T11:54:40.936035+00:00,300,r-scylla1,4,1,incoming,506
2026-09-21T11:54:40.936035+00:00,300,r-scylla1,4,1,outgoing,0
2026-09-21T11:54:40.936035+00:00,300,r-scylla2,4,0,incoming,0
2026-09-21T11:54:40.936035+00:00,300,r-scylla2,4,0,outgoing,0
2026-09-21T11:54:40.936035+00:00,300,r-scylla2,4,1,incoming,0
2026-09-21T11:54:40.936035+00:00,300,r-scylla2,4,1,outgoing,0
2026-09-21T11:54:40.936035+00:00,300,r-scylla3,4,0,incoming,0
2026-09-21T11:54:40.936035+00:00,300,r-scylla3,4,0,outgoing,0
2026-09-21T11:54:40.936035+00:00,300,r-scylla3,4,1,incoming,184392
2026-09-21T11:54:40.936035+00:00,300,r-scylla3,4,1,outgoing,0
2026-09-21T11:54:40.936035+00:00,300,r-scylla4,4,0,incoming,0
2026-09-21T11:54:40.936035+00:00,300,r-scylla4,4,0,outgoing,0
2026-09-21T11:54:40.936035+00:00,300,r-scylla4,4,1,incoming,0
2026-09-21T11:54:40.936035+00:00,300,r-scylla4,4,1,outgoing,184898
2026-09-21T11:54:41.936240+00:00,301,r-scylla1,4,0,incoming,0
2026-09-21T11:54:41.936240+00:00,301,r-scylla1,4,0,outgoing,0
2026-09-21T11:54:41.936240+00:00,301,r-scylla1,4,1,incoming,506
2026-09-21T11:54:41.936240+00:00,301,r-scylla1,4,1,outgoing,0
2026-09-21T11:54:41.936240+00:00,301,r-scylla2,4,0,incoming,0
2026-09-21T11:54:41.936240+00:00,301,r-scylla2,4,0,outgoing,0
2026-09-21T11:54:41.936240+00:00,301,r-scylla2,4,1,incoming,0
2026-09-21T11:54:41.936240+00:00,301,r-scylla2,4,1,outgoing,0
2026-09-21T11:54:41.936240+00:00,301,r-scylla3,4,0,incoming,0
2026-09-21T11:54:41.936240+00:00,301,r-scylla3,4,0,outgoing,0
2026-09-21T11:54:41.936240+00:00,301,r-scylla3,4,1,incoming,184392
2026-09-21T11:54:41.936240+00:00,301,r-scylla3,4,1,outgoing,0
2026-09-21T11:54:41.936240+00:00,301,r-scylla4,4,0,incoming,0
2026-09-21T11:54:41.936240+00:00,301,r-scylla4,4,0,outgoing,0
2026-09-21T11:54:41.936240+00:00,301,r-scylla4,4,1,incoming,0
2026-09-21T11:54:41.936240+00:00,301,r-scylla4,4,1,outgoing,184898
2026-09-21T11:54:42.936407+00:00,302,r-scylla1,4,0,incoming,0
2026-09-21T11:54:42.936407+00:00,302,r-scylla1,4,0,outgoing,0
2026-09-21T11:54:42.936407+00:00,302,r-scylla1,4,1,incoming,506
2026-09-21T11:54:42.936407+00:00,302,r-scylla1,4,1,outgoing,0
2026-09-21T11:54:42.936407+00:00,302,r-scylla2,4,0,incoming,0
2026-09-21T11:54:42.936407+00:00,302,r-scylla2,4,0,outgoing,0
2026-09-21T11:54:42.936407+00:00,302,r-scylla2,4,1,incoming,0
2026-09-21T11:54:42.936407+00:00,302,r-scylla2,4,1,outgoing,0
2026-09-21T11:54:42.936407+00:00,302,r-scylla3,4,0,incoming,0
2026-09-21T11:54:42.936407+00:00,302,r-scylla3,4,0,outgoing,0
2026-09-21T11:54:42.936407+00:00,302,r-scylla3,4,1,incoming,184392
2026-09-21T11:54:42.936407+00:00,302,r-scylla3,4,1,outgoing,0
2026-09-21T11:54:42.936407+00:00,302,r-scylla4,4,0,incoming,0
2026-09-21T11:54:42.936407+00:00,302,r-scylla4,4,0,outgoing,0
2026-09-21T11:54:42.936407+00:00,302,r-scylla4,4,1,incoming,0
2026-09-21T11:54:42.936407+00:00,302,r-scylla4,4,1,outgoing,184898
2026-09-21T11:54:43.936616+00:00,303,r-scylla1,4,0,incoming,0
2026-09-21T11:54:43.936616+00:00,303,r-scylla1,4,0,outgoing,0
2026-09-21T11:54:43.936616+00:00,303,r-scylla1,4,1,incoming,506
2026-09-21T11:54:43.936616+00:00,303,r-scylla1,4,1,outgoing,0
2026-09-21T11:54:43.936616+00:00,303,r-scylla2,4,0,incoming,0
2026-09-21T11:54:43.936616+00:00,303,r-scylla2,4,0,outgoing,0
2026-09-21T11:54:43.936616+00:00,303,r-scylla2,4,1,incoming,0
2026-09-21T11:54:43.936616+00:00,303,r-scylla2,4,1,outgoing,0
2026-09-21T11:54:43.936616+00:00,303,r-scylla3,4,0,incoming,0
2026-09-21T11:54:43.936616+00:00,303,r-scylla3,4,0,outgoing,0
2026-09-21T11:54:43.936616+00:00,303,r-scylla3,4,1,incoming,184392
2026-09-21T11:54:43.936616+00:00,303,r-scylla3,4,1,outgoing,0
2026-09-21T11:54:43.936616+00:00,303,r-scylla4,4,0,incoming,0
2026-09-21T11:54:43.936616+00:00,303,r-scylla4,4,0,outgoing,0
2026-09-21T11:54:43.936616+00:00,303,r-scylla4,4,1,incoming,0
2026-09-21T11:54:43.936616+00:00,303,r-scylla4,4,1,outgoing,184898
2026-09-21T11:54:44.936773+00:00,304,r-scylla1,4,0,incoming,0
2026-09-21T11:54:44.936773+00:00,304,r-scylla1,4,0,outgoing,0
2026-09-21T11:54:44.936773+00:00,304,r-scylla1,4,1,incoming,506
2026-09-21T11:54:44.936773+00:00,304,r-scylla1,4,1,outgoing,0
2026-09-21T11:54:44.936773+00:00,304,r-scylla2,4,0,incoming,0
2026-09-21T11:54:44.936773+00:00,304,r-scylla2,4,0,outgoing,0
2026-09-21T11:54:44.936773+00:00,304,r-scylla2,4,1,incoming,0
2026-09-21T11:54:44.936773+00:00,304,r-scylla2,4,1,outgoing,0
2026-09-21T11:54:44.936773+00:00,304,r-scylla3,4,0,incoming,0
2026-09-21T11:54:44.936773+00:00,304,r-scylla3,4,0,outgoing,0
2026-09-21T11:54:44.936773+00:00,304,r-scylla3,4,1,incoming,184392
2026-09-21T11:54:44.936773+00:00,304,r-scylla3,4,1,outgoing,0
2026-09-21T11:54:44.936773+00:00,304,r-scylla4,4,0,incoming,0
2026-09-21T11:54:44.936773+00:00,304,r-scylla4,4,0,outgoing,0
2026-09-21T11:54:44.936773+00:00,304,r-scylla4,4,1,incoming,0
2026-09-21T11:54:44.936773+00:00,304,r-scylla4,4,1,outgoing,184898
2026-09-21T11:54:45.936940+00:00,305,r-scylla1,4,0,incoming,0
2026-09-21T11:54:45.936940+00:00,305,r-scylla1,4,0,outgoing,0
2026-09-21T11:54:45.936940+00:00,305,r-scylla1,4,1,incoming,506
2026-09-21T11:54:45.936940+00:00,305,r-scylla1,4,1,outgoing,0
2026-09-21T11:54:45.936940+00:00,305,r-scylla2,4,0,incoming,0
2026-09-21T11:54:45.936940+00:00,305,r-scylla2,4,0,outgoing,0
2026-09-21T11:54:45.936940+00:00,305,r-scylla2,4,1,incoming,0
2026-09-21T11:54:45.936940+00:00,305,r-scylla2,4,1,outgoing,0
2026-09-21T11:54:45.936940+00:00,305,r-scylla3,4,0,incoming,0
2026-09-21T11:54:45.936940+00:00,305,r-scylla3,4,0,outgoing,0
2026-09-21T11:54:45.936940+00:00,305,r-scylla3,4,1,incoming,184392
2026-09-21T11:54:45.936940+00:00,305,r-scylla3,4,1,outgoing,0
2026-09-21T11:54:45.936940+00:00,305,r-scylla4,4,0,incoming,0
2026-09-21T11:54:45.936940+00:00,305,r-scylla4,4,0,outgoing,0
2026-09-21T11:54:45.936940+00:00,305,r-scylla4,4,1,incoming,0
2026-09-21T11:54:45.936940+00:00,305,r-scylla4,4,1,outgoing,184898
2026-09-21T11:54:46.937036+00:00,306,r-scylla1,4,0,incoming,0
2026-09-21T11:54:46.937036+00:00,306,r-scylla1,4,0,outgoing,0
2026-09-21T11:54:46.937036+00:00,306,r-scylla1,4,1,incoming,506
2026-09-21T11:54:46.937036+00:00,306,r-scylla1,4,1,outgoing,0
2026-09-21T11:54:46.937036+00:00,306,r-scylla2,4,0,incoming,0
2026-09-21T11:54:46.937036+00:00,306,r-scylla2,4,0,outgoing,0
2026-09-21T11:54:46.937036+00:00,306,r-scylla2,4,1,incoming,0
2026-09-21T11:54:46.937036+00:00,306,r-scylla2,4,1,outgoing,0
2026-09-21T11:54:46.937036+00:00,306,r-scylla3,4,0,incoming,0
2026-09-21T11:54:46.937036+00:00,306,r-scylla3,4,0,outgoing,0
2026-09-21T11:54:46.937036+00:00,306,r-scylla3,4,1,incoming,184392
2026-09-21T11:54:46.937036+00:00,306,r-scylla3,4,1,outgoing,0
2026-09-21T11:54:46.937036+00:00,306,r-scylla4,4,0,incoming,0
2026-09-21T11:54:46.937036+00:00,306,r-scylla4,4,0,outgoing,0
2026-09-21T11:54:46.937036+00:00,306,r-scylla4,4,1,incoming,0
2026-09-21T11:54:46.937036+00:00,306,r-scylla4,4,1,outgoing,184898
2026-09-21T11:54:47.937371+00:00,307,r-scylla1,4,0,incoming,0
2026-09-21T11:54:47.937371+00:00,307,r-scylla1,4,0,outgoing,0
2026-09-21T11:54:47.937371+00:00,307,r-scylla1,4,1,incoming,506
2026-09-21T11:54:47.937371+00:00,307,r-scylla1,4,1,outgoing,0
2026-09-21T11:54:47.937371+00:00,307,r-scylla2,4,0,incoming,0
2026-09-21T11:54:47.937371+00:00,307,r-scylla2,4,0,outgoing,0
2026-09-21T11:54:47.937371+00:00,307,r-scylla2,4,1,incoming,0
2026-09-21T11:54:47.937371+00:00,307,r-scylla2,4,1,outgoing,0
2026-09-21T11:54:47.937371+00:00,307,r-scylla3,4,0,incoming,0
2026-09-21T11:54:47.937371+00:00,307,r-scylla3,4,0,outgoing,0
2026-09-21T11:54:47.937371+00:00,307,r-scylla3,4,1,incoming,184392
2026-09-21T11:54:47.937371+00:00,307,r-scylla3,4,1,outgoing,0
2026-09-21T11:54:47.937371+00:00,307,r-scylla4,4,0,incoming,0
2026-09-21T11:54:47.937371+00:00,307,r-scylla4,4,0,outgoing,0
2026-09-21T11:54:47.937371+00:00,307,r-scylla4,4,1,incoming,0
2026-09-21T11:54:47.937371+00:00,307,r-scylla4,4,1,outgoing,184898
2026-09-21T11:54:48.937599+00:00,308,r-scylla1,4,0,incoming,0
2026-09-21T11:54:48.937599+00:00,308,r-scylla1,4,0,outgoing,0
2026-09-21T11:54:48.937599+00:00,308,r-scylla1,4,1,incoming,506
2026-09-21T11:54:48.937599+00:00,308,r-scylla1,4,1,outgoing,0
2026-09-21T11:54:48.937599+00:00,308,r-scylla2,4,0,incoming,0
2026-09-21T11:54:48.937599+00:00,308,r-scylla2,4,0,outgoing,0
2026-09-21T11:54:48.937599+00:00,308,r-scylla2,4,1,incoming,0
2026-09-21T11:54:48.937599+00:00,308,r-scylla2,4,1,outgoing,0
2026-09-21T11:54:48.937599+00:00,308,r-scylla3,4,0,incoming,0
2026-09-21T11:54:48.937599+00:00,308,r-scylla3,4,0,outgoing,0
2026-09-21T11:54:48.937599+00:00,308,r-scylla3,4,1,incoming,184392
2026-09-21T11:54:48.937599+00:00,308,r-scylla3,4,1,outgoing,0
2026-09-21T11:54:48.937599+00:00,308,r-scylla4,4,0,incoming,0
2026-09-21T11:54:48.937599+00:00,308,r-scylla4,4,0,outgoing,0
2026-09-21T11:54:48.937599+00:00,308,r-scylla4,4,1,incoming,0
2026-09-21T11:54:48.937599+00:00,308,r-scylla4,4,1,outgoing,184898
2026-09-21T11:54:49.937825+00:00,309,r-scylla1,4,0,incoming,0
2026-09-21T11:54:49.937825+00:00,309,r-scylla1,4,0,outgoing,0
2026-09-21T11:54:49.937825+00:00,309,r-scylla1,4,1,incoming,506
2026-09-21T11:54:49.937825+00:00,309,r-scylla1,4,1,outgoing,0
2026-09-21T11:54:49.937825+00:00,309,r-scylla2,4,0,incoming,0
2026-09-21T11:54:49.937825+00:00,309,r-scylla2,4,0,outgoing,0
2026-09-21T11:54:49.937825+00:00,309,r-scylla2,4,1,incoming,0
2026-09-21T11:54:49.937825+00:00,309,r-scylla2,4,1,outgoing,0
2026-09-21T11:54:49.937825+00:00,309,r-scylla3,4,0,incoming,0
2026-09-21T11:54:49.937825+00:00,309,r-scylla3,4,0,outgoing,0
2026-09-21T11:54:49.937825+00:00,309,r-scylla3,4,1,incoming,184392
2026-09-21T11:54:49.937825+00:00,309,r-scylla3,4,1,outgoing,0
2026-09-21T11:54:49.937825+00:00,309,r-scylla4,4,0,incoming,0
2026-09-21T11:54:49.937825+00:00,309,r-scylla4,4,0,outgoing,0
2026-09-21T11:54:49.937825+00:00,309,r-scylla4,4,1,incoming,0
2026-09-21T11:54:49.937825+00:00,309,r-scylla4,4,1,outgoing,184898
2026-09-21T11:54:50.938024+00:00,310,r-scylla1,4,0,incoming,0
2026-09-21T11:54:50.938024+00:00,310,r-scylla1,4,0,outgoing,0
2026-09-21T11:54:50.938024+00:00,310,r-scylla1,4,1,incoming,506
2026-09-21T11:54:50.938024+00:00,310,r-scylla1,4,1,outgoing,0
2026-09-21T11:54:50.938024+00:00,310,r-scylla2,4,0,incoming,0
2026-09-21T11:54:50.938024+00:00,310,r-scylla2,4,0,outgoing,0
2026-09-21T11:54:50.938024+00:00,310,r-scylla2,4,1,incoming,0
2026-09-21T11:54:50.938024+00:00,310,r-scylla2,4,1,outgoing,0
2026-09-21T11:54:50.938024+00:00,310,r-scylla3,4,0,incoming,0
2026-09-21T11:54:50.938024+00:00,310,r-scylla3,4,0,outgoing,0
2026-09-21T11:54:50.938024+00:00,310,r-scylla3,4,1,incoming,184392
2026-09-21T11:54:50.938024+00:00,310,r-scylla3,4,1,outgoing,0
2026-09-21T11:54:50.938024+00:00,310,r-scylla4,4,0,incoming,0
2026-09-21T11:54:50.938024+00:00,310,r-scylla4,4,0,outgoing,0
2026-09-21T11:54:50.938024+00:00,310,r-scylla4,4,1,incoming,0
2026-09-21T11:54:50.938024+00:00,310,r-scylla4,4,1,outgoing,184898
2026-09-21T11:54:51.938435+00:00,311,r-scylla1,4,0,incoming,0
2026-09-21T11:54:51.938435+00:00,311,r-scylla1,4,0,outgoing,0
2026-09-21T11:54:51.938435+00:00,311,r-scylla1,4,1,incoming,506
2026-09-21T11:54:51.938435+00:00,311,r-scylla1,4,1,outgoing,0
2026-09-21T11:54:51.938435+00:00,311,r-scylla2,4,0,incoming,0
2026-09-21T11:54:51.938435+00:00,311,r-scylla2,4,0,outgoing,0
2026-09-21T11:54:51.938435+00:00,311,r-scylla2,4,1,incoming,0
2026-09-21T11:54:51.938435+00:00,311,r-scylla2,4,1,outgoing,0
2026-09-21T11:54:51.938435+00:00,311,r-scylla3,4,0,incoming,0
2026-09-21T11:54:51.938435+00:00,311,r-scylla3,4,0,outgoing,0
2026-09-21T11:54:51.938435+00:00,311,r-scylla3,4,1,incoming,184392
2026-09-21T11:54:51.938435+00:00,311,r-scylla3,4,1,outgoing,0
2026-09-21T11:54:51.938435+00:00,311,r-scylla4,4,0,incoming,0
2026-09-21T11:54:51.938435+00:00,311,r-scylla4,4,0,outgoing,0
2026-09-21T11:54:51.938435+00:00,311,r-scylla4,4,1,incoming,0
2026-09-21T11:54:51.938435+00:00,311,r-scylla4,4,1,outgoing,184898
2026-09-21T11:54:52.938796+00:00,312,r-scylla1,4,0,incoming,0
2026-09-21T11:54:52.938796+00:00,312,r-scylla1,4,0,outgoing,0
2026-09-21T11:54:52.938796+00:00,312,r-scylla1,4,1,incoming,506
2026-09-21T11:54:52.938796+00:00,312,r-scylla1,4,1,outgoing,0
2026-09-21T11:54:52.938796+00:00,312,r-scylla2,4,0,incoming,0
2026-09-21T11:54:52.938796+00:00,312,r-scylla2,4,0,outgoing,0
2026-09-21T11:54:52.938796+00:00,312,r-scylla2,4,1,incoming,0
2026-09-21T11:54:52.938796+00:00,312,r-scylla2,4,1,outgoing,0
2026-09-21T11:54:52.938796+00:00,312,r-scylla3,4,0,incoming,0
2026-09-21T11:54:52.938796+00:00,312,r-scylla3,4,0,outgoing,0
2026-09-21T11:54:52.938796+00:00,312,r-scylla3,4,1,incoming,184392
2026-09-21T11:54:52.938796+00:00,312,r-scylla3,4,1,outgoing,0
2026-09-21T11:54:52.938796+00:00,312,r-scylla4,4,0,incoming,0
2026-09-21T11:54:52.938796+00:00,312,r-scylla4,4,0,outgoing,0
2026-09-21T11:54:52.938796+00:00,312,r-scylla4,4,1,incoming,0
2026-09-21T11:54:52.938796+00:00,312,r-scylla4,4,1,outgoing,184898
2026-09-21T11:54:53.939006+00:00,313,r-scylla1,4,0,incoming,0
2026-09-21T11:54:53.939006+00:00,313,r-scylla1,4,0,outgoing,0
2026-09-21T11:54:53.939006+00:00,313,r-scylla1,4,1,incoming,506
2026-09-21T11:54:53.939006+00:00,313,r-scylla1,4,1,outgoing,0
2026-09-21T11:54:53.939006+00:00,313,r-scylla2,4,0,incoming,0
2026-09-21T11:54:53.939006+00:00,313,r-scylla2,4,0,outgoing,0
2026-09-21T11:54:53.939006+00:00,313,r-scylla2,4,1,incoming,0
2026-09-21T11:54:53.939006+00:00,313,r-scylla2,4,1,outgoing,0
2026-09-21T11:54:53.939006+00:00,313,r-scylla3,4,0,incoming,0
2026-09-21T11:54:53.939006+00:00,313,r-scylla3,4,0,outgoing,0
2026-09-21T11:54:53.939006+00:00,313,r-scylla3,4,1,incoming,184392
2026-09-21T11:54:53.939006+00:00,313,r-scylla3,4,1,outgoing,0
2026-09-21T11:54:53.939006+00:00,313,r-scylla4,4,0,incoming,0
2026-09-21T11:54:53.939006+00:00,313,r-scylla4,4,0,outgoing,0
2026-09-21T11:54:53.939006+00:00,313,r-scylla4,4,1,incoming,0
2026-09-21T11:54:53.939006+00:00,313,r-scylla4,4,1,outgoing,184898
2026-09-21T11:54:54.939189+00:00,314,r-scylla1,4,0,incoming,0
2026-09-21T11:54:54.939189+00:00,314,r-scylla1,4,0,outgoing,0
2026-09-21T11:54:54.939189+00:00,314,r-scylla1,4,1,incoming,506
2026-09-21T11:54:54.939189+00:00,314,r-scylla1,4,1,outgoing,0
2026-09-21T11:54:54.939189+00:00,314,r-scylla2,4,0,incoming,0
2026-09-21T11:54:54.939189+00:00,314,r-scylla2,4,0,outgoing,0
2026-09-21T11:54:54.939189+00:00,314,r-scylla2,4,1,incoming,0
2026-09-21T11:54:54.939189+00:00,314,r-scylla2,4,1,outgoing,0
2026-09-21T11:54:54.939189+00:00,314,r-scylla3,4,0,incoming,0
2026-09-21T11:54:54.939189+00:00,314,r-scylla3,4,0,outgoing,0
2026-09-21T11:54:54.939189+00:00,314,r-scylla3,4,1,incoming,184392
2026-09-21T11:54:54.939189+00:00,314,r-scylla3,4,1,outgoing,0
2026-09-21T11:54:54.939189+00:00,314,r-scylla4,4,0,incoming,0
2026-09-21T11:54:54.939189+00:00,314,r-scylla4,4,0,outgoing,0
2026-09-21T11:54:54.939189+00:00,314,r-scylla4,4,1,incoming,0
2026-09-21T11:54:54.939189+00:00,314,r-scylla4,4,1,outgoing,184898
2026-09-21T11:54:55.939364+00:00,315,r-scylla1,4,0,incoming,0
2026-09-21T11:54:55.939364+00:00,315,r-scylla1,4,0,outgoing,0
2026-09-21T11:54:55.939364+00:00,315,r-scylla1,4,1,incoming,506
2026-09-21T11:54:55.939364+00:00,315,r-scylla1,4,1,outgoing,0
2026-09-21T11:54:55.939364+00:00,315,r-scylla2,4,0,incoming,0
2026-09-21T11:54:55.939364+00:00,315,r-scylla2,4,0,outgoing,0
2026-09-21T11:54:55.939364+00:00,315,r-scylla2,4,1,incoming,0
2026-09-21T11:54:55.939364+00:00,315,r-scylla2,4,1,outgoing,0
2026-09-21T11:54:55.939364+00:00,315,r-scylla3,4,0,incoming,0
2026-09-21T11:54:55.939364+00:00,315,r-scylla3,4,0,outgoing,0
2026-09-21T11:54:55.939364+00:00,315,r-scylla3,4,1,incoming,184392
2026-09-21T11:54:55.939364+00:00,315,r-scylla3,4,1,outgoing,0
2026-09-21T11:54:55.939364+00:00,315,r-scylla4,4,0,incoming,0
2026-09-21T11:54:55.939364+00:00,315,r-scylla4,4,0,outgoing,0
2026-09-21T11:54:55.939364+00:00,315,r-scylla4,4,1,incoming,0
2026-09-21T11:54:55.939364+00:00,315,r-scylla4,4,1,outgoing,184898
2026-09-21T11:54:56.939578+00:00,316,r-scylla1,4,0,incoming,0
2026-09-21T11:54:56.939578+00:00,316,r-scylla1,4,0,outgoing,0
2026-09-21T11:54:56.939578+00:00,316,r-scylla1,4,1,incoming,506
2026-09-21T11:54:56.939578+00:00,316,r-scylla1,4,1,outgoing,0
2026-09-21T11:54:56.939578+00:00,316,r-scylla2,4,0,incoming,0
2026-09-21T11:54:56.939578+00:00,316,r-scylla2,4,0,outgoing,0
2026-09-21T11:54:56.939578+00:00,316,r-scylla2,4,1,incoming,0
2026-09-21T11:54:56.939578+00:00,316,r-scylla2,4,1,outgoing,0
2026-09-21T11:54:56.939578+00:00,316,r-scylla3,4,0,incoming,0
2026-09-21T11:54:56.939578+00:00,316,r-scylla3,4,0,outgoing,0
2026-09-21T11:54:56.939578+00:00,316,r-scylla3,4,1,incoming,184392
2026-09-21T11:54:56.939578+00:00,316,r-scylla3,4,1,outgoing,0
2026-09-21T11:54:56.939578+00:00,316,r-scylla4,4,0,incoming,0
2026-09-21T11:54:56.939578+00:00,316,r-scylla4,4,0,outgoing,0
2026-09-21T11:54:56.939578+00:00,316,r-scylla4,4,1,incoming,0
2026-09-21T11:54:56.939578+00:00,316,r-scylla4,4,1,outgoing,184898
2026-09-21T11:54:57.940709+00:00,317,r-scylla1,4,0,incoming,0
2026-09-21T11:54:57.940709+00:00,317,r-scylla1,4,0,outgoing,0
2026-09-21T11:54:57.940709+00:00,317,r-scylla1,4,1,incoming,506
2026-09-21T11:54:57.940709+00:00,317,r-scylla1,4,1,outgoing,0
2026-09-21T11:54:57.940709+00:00,317,r-scylla2,4,0,incoming,0
2026-09-21T11:54:57.940709+00:00,317,r-scylla2,4,0,outgoing,0
2026-09-21T11:54:57.940709+00:00,317,r-scylla2,4,1,incoming,0
2026-09-21T11:54:57.940709+00:00,317,r-scylla2,4,1,outgoing,0
2026-09-21T11:54:57.940709+00:00,317,r-scylla3,4,0,incoming,0
2026-09-21T11:54:57.940709+00:00,317,r-scylla3,4,0,outgoing,0
2026-09-21T11:54:57.940709+00:00,317,r-scylla3,4,1,incoming,184392
2026-09-21T11:54:57.940709+00:00,317,r-scylla3,4,1,outgoing,0
2026-09-21T11:54:57.940709+00:00,317,r-scylla4,4,0,incoming,0
2026-09-21T11:54:57.940709+00:00,317,r-scylla4,4,0,outgoing,0
2026-09-21T11:54:57.940709+00:00,317,r-scylla4,4,1,incoming,0
2026-09-21T11:54:57.940709+00:00,317,r-scylla4,4,1,outgoing,184898
2026-09-21T11:54:58.940876+00:00,318,r-scylla1,4,0,incoming,0
2026-09-21T11:54:58.940876+00:00,318,r-scylla1,4,0,outgoing,0
2026-09-21T11:54:58.940876+00:00,318,r-scylla1,4,1,incoming,506
2026-09-21T11:54:58.940876+00:00,318,r-scylla1,4,1,outgoing,0
2026-09-21T11:54:58.940876+00:00,318,r-scylla2,4,0,incoming,0
2026-09-21T11:54:58.940876+00:00,318,r-scylla2,4,0,outgoing,0
2026-09-21T11:54:58.940876+00:00,318,r-scylla2,4,1,incoming,0
2026-09-21T11:54:58.940876+00:00,318,r-scylla2,4,1,outgoing,0
2026-09-21T11:54:58.940876+00:00,318,r-scylla3,4,0,incoming,0
2026-09-21T11:54:58.940876+00:00,318,r-scylla3,4,0,outgoing,0
2026-09-21T11:54:58.940876+00:00,318,r-scylla3,4,1,incoming,184392
2026-09-21T11:54:58.940876+00:00,318,r-scylla3,4,1,outgoing,0
2026-09-21T11:54:58.940876+00:00,318,r-scylla4,4,0,incoming,0
2026-09-21T11:54:58.940876+00:00,318,r-scylla4,4,0,outgoing,0
2026-09-21T11:54:58.940876+00:00,318,r-scylla4,4,1,incoming,0
2026-09-21T11:54:58.940876+00:00,318,r-scylla4,4,1,outgoing,184898
2026-09-21T11:54:59.940986+00:00,319,r-scylla1,4,0,incoming,0
2026-09-21T11:54:59.940986+00:00,319,r-scylla1,4,0,outgoing,0
2026-09-21T11:54:59.940986+00:00,319,r-scylla1,4,1,incoming,506
2026-09-21T11:54:59.940986+00:00,319,r-scylla1,4,1,outgoing,0
2026-09-21T11:54:59.940986+00:00,319,r-scylla2,4,0,incoming,0
2026-09-21T11:54:59.940986+00:00,319,r-scylla2,4,0,outgoing,0
2026-09-21T11:54:59.940986+00:00,319,r-scylla2,4,1,incoming,0
2026-09-21T11:54:59.940986+00:00,319,r-scylla2,4,1,outgoing,0
2026-09-21T11:54:59.940986+00:00,319,r-scylla3,4,0,incoming,0
2026-09-21T11:54:59.940986+00:00,319,r-scylla3,4,0,outgoing,0
2026-09-21T11:54:59.940986+00:00,319,r-scylla3,4,1,incoming,184392
2026-09-21T11:54:59.940986+00:00,319,r-scylla3,4,1,outgoing,0
2026-09-21T11:54:59.940986+00:00,319,r-scylla4,4,0,incoming,0
2026-09-21T11:54:59.940986+00:00,319,r-scylla4,4,0,outgoing,0
2026-09-21T11:54:59.940986+00:00,319,r-scylla4,4,1,incoming,0
2026-09-21T11:54:59.940986+00:00,319,r-scylla4,4,1,outgoing,184898
2026-09-21T11:55:00.939529+00:00,320,r-scylla1,4,0,incoming,0
2026-09-21T11:55:00.939529+00:00,320,r-scylla1,4,0,outgoing,0
2026-09-21T11:55:00.939529+00:00,320,r-scylla1,4,1,incoming,506
2026-09-21T11:55:00.939529+00:00,320,r-scylla1,4,1,outgoing,0
2026-09-21T11:55:00.939529+00:00,320,r-scylla2,4,0,incoming,0
2026-09-21T11:55:00.939529+00:00,320,r-scylla2,4,0,outgoing,0
2026-09-21T11:55:00.939529+00:00,320,r-scylla2,4,1,incoming,0
2026-09-21T11:55:00.939529+00:00,320,r-scylla2,4,1,outgoing,0
2026-09-21T11:55:00.939529+00:00,320,r-scylla3,4,0,incoming,0
2026-09-21T11:55:00.939529+00:00,320,r-scylla3,4,0,outgoing,0
2026-09-21T11:55:00.939529+00:00,320,r-scylla3,4,1,incoming,184392
2026-09-21T11:55:00.939529+00:00,320,r-scylla3,4,1,outgoing,0
2026-09-21T11:55:00.939529+00:00,320,r-scylla4,4,0,incoming,0
2026-09-21T11:55:00.939529+00:00,320,r-scylla4,4,0,outgoing,0
2026-09-21T11:55:00.939529+00:00,320,r-scylla4,4,1,incoming,0
2026-09-21T11:55:00.939529+00:00,320,r-scylla4,4,1,outgoing,184898
2026-09-21T11:55:01.939702+00:00,321,r-scylla1,4,0,incoming,0
2026-09-21T11:55:01.939702+00:00,321,r-scylla1,4,0,outgoing,0
2026-09-21T11:55:01.939702+00:00,321,r-scylla1,4,1,incoming,506
2026-09-21T11:55:01.939702+00:00,321,r-scylla1,4,1,outgoing,0
2026-09-21T11:55:01.939702+00:00,321,r-scylla2,4,0,incoming,0
2026-09-21T11:55:01.939702+00:00,321,r-scylla2,4,0,outgoing,0
2026-09-21T11:55:01.939702+00:00,321,r-scylla2,4,1,incoming,0
2026-09-21T11:55:01.939702+00:00,321,r-scylla2,4,1,outgoing,0
2026-09-21T11:55:01.939702+00:00,321,r-scylla3,4,0,incoming,0
2026-09-21T11:55:01.939702+00:00,321,r-scylla3,4,0,outgoing,0
2026-09-21T11:55:01.939702+00:00,321,r-scylla3,4,1,incoming,184392
2026-09-21T11:55:01.939702+00:00,321,r-scylla3,4,1,outgoing,0
2026-09-21T11:55:01.939702+00:00,321,r-scylla4,4,0,incoming,0
2026-09-21T11:55:01.939702+00:00,321,r-scylla4,4,0,outgoing,0
2026-09-21T11:55:01.939702+00:00,321,r-scylla4,4,1,incoming,0
2026-09-21T11:55:01.939702+00:00,321,r-scylla4,4,1,outgoing,184898
2026-09-21T11:55:02.940023+00:00,322,r-scylla1,4,0,incoming,0
2026-09-21T11:55:02.940023+00:00,322,r-scylla1,4,0,outgoing,0
2026-09-21T11:55:02.940023+00:00,322,r-scylla1,4,1,incoming,506
2026-09-21T11:55:02.940023+00:00,322,r-scylla1,4,1,outgoing,0
2026-09-21T11:55:02.940023+00:00,322,r-scylla2,4,0,incoming,0
2026-09-21T11:55:02.940023+00:00,322,r-scylla2,4,0,outgoing,0
2026-09-21T11:55:02.940023+00:00,322,r-scylla2,4,1,incoming,0
2026-09-21T11:55:02.940023+00:00,322,r-scylla2,4,1,outgoing,0
2026-09-21T11:55:02.940023+00:00,322,r-scylla3,4,0,incoming,0
2026-09-21T11:55:02.940023+00:00,322,r-scylla3,4,0,outgoing,0
2026-09-21T11:55:02.940023+00:00,322,r-scylla3,4,1,incoming,184392
2026-09-21T11:55:02.940023+00:00,322,r-scylla3,4,1,outgoing,0
2026-09-21T11:55:02.940023+00:00,322,r-scylla4,4,0,incoming,0
2026-09-21T11:55:02.940023+00:00,322,r-scylla4,4,0,outgoing,0
2026-09-21T11:55:02.940023+00:00,322,r-scylla4,4,1,incoming,0
2026-09-21T11:55:02.940023+00:00,322,r-scylla4,4,1,outgoing,184898
2026-09-21T11:55:03.940361+00:00,323,r-scylla1,4,0,incoming,0
2026-09-21T11:55:03.940361+00:00,323,r-scylla1,4,0,outgoing,0
2026-09-21T11:55:03.940361+00:00,323,r-scylla1,4,1,incoming,506
2026-09-21T11:55:03.940361+00:00,323,r-scylla1,4,1,outgoing,0
2026-09-21T11:55:03.940361+00:00,323,r-scylla2,4,0,incoming,0
2026-09-21T11:55:03.940361+00:00,323,r-scylla2,4,0,outgoing,0
2026-09-21T11:55:03.940361+00:00,323,r-scylla2,4,1,incoming,0
2026-09-21T11:55:03.940361+00:00,323,r-scylla2,4,1,outgoing,0
2026-09-21T11:55:03.940361+00:00,323,r-scylla3,4,0,incoming,0
2026-09-21T11:55:03.940361+00:00,323,r-scylla3,4,0,outgoing,0
2026-09-21T11:55:03.940361+00:00,323,r-scylla3,4,1,incoming,184392
2026-09-21T11:55:03.940361+00:00,323,r-scylla3,4,1,outgoing,0
2026-09-21T11:55:03.940361+00:00,323,r-scylla4,4,0,incoming,0
2026-09-21T11:55:03.940361+00:00,323,r-scylla4,4,0,outgoing,0
2026-09-21T11:55:03.940361+00:00,323,r-scylla4,4,1,incoming,0
2026-09-21T11:55:03.940361+00:00,323,r-scylla4,4,1,outgoing,184898
2026-09-21T11:55:04.940515+00:00,324,r-scylla1,4,0,incoming,0
2026-09-21T11:55:04.940515+00:00,324,r-scylla1,4,0,outgoing,0
2026-09-21T11:55:04.940515+00:00,324,r-scylla1,4,1,incoming,506
2026-09-21T11:55:04.940515+00:00,324,r-scylla1,4,1,outgoing,0
2026-09-21T11:55:04.940515+00:00,324,r-scylla2,4,0,incoming,0
2026-09-21T11:55:04.940515+00:00,324,r-scylla2,4,0,outgoing,0
2026-09-21T11:55:04.940515+00:00,324,r-scylla2,4,1,incoming,0
2026-09-21T11:55:04.940515+00:00,324,r-scylla2,4,1,outgoing,0
2026-09-21T11:55:04.940515+00:00,324,r-scylla3,4,0,incoming,0
2026-09-21T11:55:04.940515+00:00,324,r-scylla3,4,0,outgoing,0
2026-09-21T11:55:04.940515+00:00,324,r-scylla3,4,1,incoming,184392
2026-09-21T11:55:04.940515+00:00,324,r-scylla3,4,1,outgoing,0
2026-09-21T11:55:04.940515+00:00,324,r-scylla4,4,0,incoming,0
2026-09-21T11:55:04.940515+00:00,324,r-scylla4,4,0,outgoing,0
2026-09-21T11:55:04.940515+00:00,324,r-scylla4,4,1,incoming,0
2026-09-21T11:55:04.940515+00:00,324,r-scylla4,4,1,outgoing,184898
2026-09-21T11:55:05.940679+00:00,325,r-scylla1,4,0,incoming,0
2026-09-21T11:55:05.940679+00:00,325,r-scylla1,4,0,outgoing,0
2026-09-21T11:55:05.940679+00:00,325,r-scylla1,4,1,incoming,506
2026-09-21T11:55:05.940679+00:00,325,r-scylla1,4,1,outgoing,0
2026-09-21T11:55:05.940679+00:00,325,r-scylla2,4,0,incoming,0
2026-09-21T11:55:05.940679+00:00,325,r-scylla2,4,0,outgoing,0
2026-09-21T11:55:05.940679+00:00,325,r-scylla2,4,1,incoming,0
2026-09-21T11:55:05.940679+00:00,325,r-scylla2,4,1,outgoing,0
2026-09-21T11:55:05.940679+00:00,325,r-scylla3,4,0,incoming,0
2026-09-21T11:55:05.940679+00:00,325,r-scylla3,4,0,outgoing,0
2026-09-21T11:55:05.940679+00:00,325,r-scylla3,4,1,incoming,184392
2026-09-21T11:55:05.940679+00:00,325,r-scylla3,4,1,outgoing,0
2026-09-21T11:55:05.940679+00:00,325,r-scylla4,4,0,incoming,0
2026-09-21T11:55:05.940679+00:00,325,r-scylla4,4,0,outgoing,0
2026-09-21T11:55:05.940679+00:00,325,r-scylla4,4,1,incoming,0
2026-09-21T11:55:05.940679+00:00,325,r-scylla4,4,1,outgoing,184898
2026-09-21T11:55:06.940848+00:00,326,r-scylla1,4,0,incoming,0
2026-09-21T11:55:06.940848+00:00,326,r-scylla1,4,0,outgoing,0
2026-09-21T11:55:06.940848+00:00,326,r-scylla1,4,1,incoming,506
2026-09-21T11:55:06.940848+00:00,326,r-scylla1,4,1,outgoing,0
2026-09-21T11:55:06.940848+00:00,326,r-scylla2,4,0,incoming,0
2026-09-21T11:55:06.940848+00:00,326,r-scylla2,4,0,outgoing,0
2026-09-21T11:55:06.940848+00:00,326,r-scylla2,4,1,incoming,0
2026-09-21T11:55:06.940848+00:00,326,r-scylla2,4,1,outgoing,0
2026-09-21T11:55:06.940848+00:00,326,r-scylla3,4,0,incoming,0
2026-09-21T11:55:06.940848+00:00,326,r-scylla3,4,0,outgoing,0
2026-09-21T11:55:06.940848+00:00,326,r-scylla3,4,1,incoming,184392
2026-09-21T11:55:06.940848+00:00,326,r-scylla3,4,1,outgoing,0
2026-09-21T11:55:06.940848+00:00,326,r-scylla4,4,0,incoming,0
2026-09-21T11:55:06.940848+00:00,326,r-scylla4,4,0,outgoing,0
2026-09-21T11:55:06.940848+00:00,326,r-scylla4,4,1,incoming,0
2026-09-21T11:55:06.940848+00:00,326,r-scylla4,4,1,outgoing,184898
2026-09-21T11:55:07.941032+00:00,327,r-scylla1,4,0,incoming,0
2026-09-21T11:55:07.941032+00:00,327,r-scylla1,4,0,outgoing,0
2026-09-21T11:55:07.941032+00:00,327,r-scylla1,4,1,incoming,506
2026-09-21T11:55:07.941032+00:00,327,r-scylla1,4,1,outgoing,0
2026-09-21T11:55:07.941032+00:00,327,r-scylla2,4,0,incoming,0
2026-09-21T11:55:07.941032+00:00,327,r-scylla2,4,0,outgoing,0
2026-09-21T11:55:07.941032+00:00,327,r-scylla2,4,1,incoming,0
2026-09-21T11:55:07.941032+00:00,327,r-scylla2,4,1,outgoing,0
2026-09-21T11:55:07.941032+00:00,327,r-scylla3,4,0,incoming,0
2026-09-21T11:55:07.941032+00:00,327,r-scylla3,4,0,outgoing,0
2026-09-21T11:55:07.941032+00:00,327,r-scylla3,4,1,incoming,184392
2026-09-21T11:55:07.941032+00:00,327,r-scylla3,4,1,outgoing,0
2026-09-21T11:55:07.941032+00:00,327,r-scylla4,4,0,incoming,0
2026-09-21T11:55:07.941032+00:00,327,r-scylla4,4,0,outgoing,0
2026-09-21T11:55:07.941032+00:00,327,r-scylla4,4,1,incoming,0
2026-09-21T11:55:07.941032+00:00,327,r-scylla4,4,1,outgoing,184898
2026-09-21T11:55:08.941344+00:00,328,r-scylla1,4,0,incoming,0
2026-09-21T11:55:08.941344+00:00,328,r-scylla1,4,0,outgoing,0
2026-09-21T11:55:08.941344+00:00,328,r-scylla1,4,1,incoming,506
2026-09-21T11:55:08.941344+00:00,328,r-scylla1,4,1,outgoing,0
2026-09-21T11:55:08.941344+00:00,328,r-scylla2,4,0,incoming,0
2026-09-21T11:55:08.941344+00:00,328,r-scylla2,4,0,outgoing,0
2026-09-21T11:55:08.941344+00:00,328,r-scylla2,4,1,incoming,0
2026-09-21T11:55:08.941344+00:00,328,r-scylla2,4,1,outgoing,0
2026-09-21T11:55:08.941344+00:00,328,r-scylla3,4,0,incoming,0
2026-09-21T11:55:08.941344+00:00,328,r-scylla3,4,0,outgoing,0
2026-09-21T11:55:08.941344+00:00,328,r-scylla3,4,1,incoming,184392
2026-09-21T11:55:08.941344+00:00,328,r-scylla3,4,1,outgoing,0
2026-09-21T11:55:08.941344+00:00,328,r-scylla4,4,0,incoming,0
2026-09-21T11:55:08.941344+00:00,328,r-scylla4,4,0,outgoing,0
2026-09-21T11:55:08.941344+00:00,328,r-scylla4,4,1,incoming,0
2026-09-21T11:55:08.941344+00:00,328,r-scylla4,4,1,outgoing,184898
2026-09-21T11:55:09.941554+00:00,329,r-scylla1,4,0,incoming,0
2026-09-21T11:55:09.941554+00:00,329,r-scylla1,4,0,outgoing,0
2026-09-21T11:55:09.941554+00:00,329,r-scylla1,4,1,incoming,506
2026-09-21T11:55:09.941554+00:00,329,r-scylla1,4,1,outgoing,0
2026-09-21T11:55:09.941554+00:00,329,r-scylla2,4,0,incoming,0
2026-09-21T11:55:09.941554+00:00,329,r-scylla2,4,0,outgoing,0
2026-09-21T11:55:09.941554+00:00,329,r-scylla2,4,1,incoming,0
2026-09-21T11:55:09.941554+00:00,329,r-scylla2,4,1,outgoing,0
2026-09-21T11:55:09.941554+00:00,329,r-scylla3,4,0,incoming,0
2026-09-21T11:55:09.941554+00:00,329,r-scylla3,4,0,outgoing,0
2026-09-21T11:55:09.941554+00:00,329,r-scylla3,4,1,incoming,184392
2026-09-21T11:55:09.941554+00:00,329,r-scylla3,4,1,outgoing,0
2026-09-21T11:55:09.941554+00:00,329,r-scylla4,4,0,incoming,0
2026-09-21T11:55:09.941554+00:00,329,r-scylla4,4,0,outgoing,0
2026-09-21T11:55:09.941554+00:00,329,r-scylla4,4,1,incoming,0
2026-09-21T11:55:09.941554+00:00,329,r-scylla4,4,1,outgoing,184898
2026-09-21T11:55:10.942012+00:00,330,r-scylla1,4,0,incoming,0
2026-09-21T11:55:10.942012+00:00,330,r-scylla1,4,0,outgoing,0
2026-09-21T11:55:10.942012+00:00,330,r-scylla1,4,1,incoming,506
2026-09-21T11:55:10.942012+00:00,330,r-scylla1,4,1,outgoing,0
2026-09-21T11:55:10.942012+00:00,330,r-scylla2,4,0,incoming,0
2026-09-21T11:55:10.942012+00:00,330,r-scylla2,4,0,outgoing,0
2026-09-21T11:55:10.942012+00:00,330,r-scylla2,4,1,incoming,0
2026-09-21T11:55:10.942012+00:00,330,r-scylla2,4,1,outgoing,0
2026-09-21T11:55:10.942012+00:00,330,r-scylla3,4,0,incoming,0
2026-09-21T11:55:10.942012+00:00,330,r-scylla3,4,0,outgoing,0
2026-09-21T11:55:10.942012+00:00,330,r-scylla3,4,1,incoming,184392
2026-09-21T11:55:10.942012+00:00,330,r-scylla3,4,1,outgoing,0
2026-09-21T11:55:10.942012+00:00,330,r-scylla4,4,0,incoming,0
2026-09-21T11:55:10.942012+00:00,330,r-scylla4,4,0,outgoing,0
2026-09-21T11:55:10.942012+00:00,330,r-scylla4,4,1,incoming,0
2026-09-21T11:55:10.942012+00:00,330,r-scylla4,4,1,outgoing,184898
2026-09-21T11:55:11.942308+00:00,331,r-scylla1,4,0,incoming,0
2026-09-21T11:55:11.942308+00:00,331,r-scylla1,4,0,outgoing,0
2026-09-21T11:55:11.942308+00:00,331,r-scylla1,4,1,incoming,506
2026-09-21T11:55:11.942308+00:00,331,r-scylla1,4,1,outgoing,0
2026-09-21T11:55:11.942308+00:00,331,r-scylla2,4,0,incoming,0
2026-09-21T11:55:11.942308+00:00,331,r-scylla2,4,0,outgoing,0
2026-09-21T11:55:11.942308+00:00,331,r-scylla2,4,1,incoming,0
2026-09-21T11:55:11.942308+00:00,331,r-scylla2,4,1,outgoing,0
2026-09-21T11:55:11.942308+00:00,331,r-scylla3,4,0,incoming,0
2026-09-21T11:55:11.942308+00:00,331,r-scylla3,4,0,outgoing,0
2026-09-21T11:55:11.942308+00:00,331,r-scylla3,4,1,incoming,184392
2026-09-21T11:55:11.942308+00:00,331,r-scylla3,4,1,outgoing,0
2026-09-21T11:55:11.942308+00:00,331,r-scylla4,4,0,incoming,0
2026-09-21T11:55:11.942308+00:00,331,r-scylla4,4,0,outgoing,0
2026-09-21T11:55:11.942308+00:00,331,r-scylla4,4,1,incoming,0
2026-09-21T11:55:11.942308+00:00,331,r-scylla4,4,1,outgoing,184898
2026-09-21T11:55:12.942410+00:00,332,r-scylla1,4,0,incoming,0
2026-09-21T11:55:12.942410+00:00,332,r-scylla1,4,0,outgoing,0
2026-09-21T11:55:12.942410+00:00,332,r-scylla1,4,1,incoming,506
2026-09-21T11:55:12.942410+00:00,332,r-scylla1,4,1,outgoing,0
2026-09-21T11:55:12.942410+00:00,332,r-scylla2,4,0,incoming,0
2026-09-21T11:55:12.942410+00:00,332,r-scylla2,4,0,outgoing,0
2026-09-21T11:55:12.942410+00:00,332,r-scylla2,4,1,incoming,0
2026-09-21T11:55:12.942410+00:00,332,r-scylla2,4,1,outgoing,0
2026-09-21T11:55:12.942410+00:00,332,r-scylla3,4,0,incoming,0
2026-09-21T11:55:12.942410+00:00,332,r-scylla3,4,0,outgoing,0
2026-09-21T11:55:12.942410+00:00,332,r-scylla3,4,1,incoming,184392
2026-09-21T11:55:12.942410+00:00,332,r-scylla3,4,1,outgoing,0
2026-09-21T11:55:12.942410+00:00,332,r-scylla4,4,0,incoming,0
2026-09-21T11:55:12.942410+00:00,332,r-scylla4,4,0,outgoing,0
2026-09-21T11:55:12.942410+00:00,332,r-scylla4,4,1,incoming,0
2026-09-21T11:55:12.942410+00:00,332,r-scylla4,4,1,outgoing,184898
2026-09-21T11:55:13.942562+00:00,333,r-scylla1,4,0,incoming,0
2026-09-21T11:55:13.942562+00:00,333,r-scylla1,4,0,outgoing,0
2026-09-21T11:55:13.942562+00:00,333,r-scylla1,4,1,incoming,506
2026-09-21T11:55:13.942562+00:00,333,r-scylla1,4,1,outgoing,0
2026-09-21T11:55:13.942562+00:00,333,r-scylla2,4,0,incoming,0
2026-09-21T11:55:13.942562+00:00,333,r-scylla2,4,0,outgoing,0
2026-09-21T11:55:13.942562+00:00,333,r-scylla2,4,1,incoming,0
2026-09-21T11:55:13.942562+00:00,333,r-scylla2,4,1,outgoing,0
2026-09-21T11:55:13.942562+00:00,333,r-scylla3,4,0,incoming,0
2026-09-21T11:55:13.942562+00:00,333,r-scylla3,4,0,outgoing,0
2026-09-21T11:55:13.942562+00:00,333,r-scylla3,4,1,incoming,184392
2026-09-21T11:55:13.942562+00:00,333,r-scylla3,4,1,outgoing,0
2026-09-21T11:55:13.942562+00:00,333,r-scylla4,4,0,incoming,0
2026-09-21T11:55:13.942562+00:00,333,r-scylla4,4,0,outgoing,0
2026-09-21T11:55:13.942562+00:00,333,r-scylla4,4,1,incoming,0
2026-09-21T11:55:13.942562+00:00,333,r-scylla4,4,1,outgoing,184898
2026-09-21T11:55:14.942856+00:00,334,r-scylla1,4,0,incoming,0
2026-09-21T11:55:14.942856+00:00,334,r-scylla1,4,0,outgoing,0
2026-09-21T11:55:14.942856+00:00,334,r-scylla1,4,1,incoming,506
2026-09-21T11:55:14.942856+00:00,334,r-scylla1,4,1,outgoing,0
2026-09-21T11:55:14.942856+00:00,334,r-scylla2,4,0,incoming,0
2026-09-21T11:55:14.942856+00:00,334,r-scylla2,4,0,outgoing,0
2026-09-21T11:55:14.942856+00:00,334,r-scylla2,4,1,incoming,0
2026-09-21T11:55:14.942856+00:00,334,r-scylla2,4,1,outgoing,0
2026-09-21T11:55:14.942856+00:00,334,r-scylla3,4,0,incoming,0
2026-09-21T11:55:14.942856+00:00,334,r-scylla3,4,0,outgoing,0
2026-09-21T11:55:14.942856+00:00,334,r-scylla3,4,1,incoming,184392
2026-09-21T11:55:14.942856+00:00,334,r-scylla3,4,1,outgoing,0
2026-09-21T11:55:14.942856+00:00,334,r-scylla4,4,0,incoming,0
2026-09-21T11:55:14.942856+00:00,334,r-scylla4,4,0,outgoing,0
2026-09-21T11:55:14.942856+00:00,334,r-scylla4,4,1,incoming,0
2026-09-21T11:55:14.942856+00:00,334,r-scylla4,4,1,outgoing,184898
2026-09-21T11:55:15.943146+00:00,335,r-scylla1,4,0,incoming,0
2026-09-21T11:55:15.943146+00:00,335,r-scylla1,4,0,outgoing,0
2026-09-21T11:55:15.943146+00:00,335,r-scylla1,4,1,incoming,506
2026-09-21T11:55:15.943146+00:00,335,r-scylla1,4,1,outgoing,0
2026-09-21T11:55:15.943146+00:00,335,r-scylla2,4,0,incoming,0
2026-09-21T11:55:15.943146+00:00,335,r-scylla2,4,0,outgoing,0
2026-09-21T11:55:15.943146+00:00,335,r-scylla2,4,1,incoming,0
2026-09-21T11:55:15.943146+00:00,335,r-scylla2,4,1,outgoing,0
2026-09-21T11:55:15.943146+00:00,335,r-scylla3,4,0,incoming,0
2026-09-21T11:55:15.943146+00:00,335,r-scylla3,4,0,outgoing,0
2026-09-21T11:55:15.943146+00:00,335,r-scylla3,4,1,incoming,184392
2026-09-21T11:55:15.943146+00:00,335,r-scylla3,4,1,outgoing,0
2026-09-21T11:55:15.943146+00:00,335,r-scylla4,4,0,incoming,0
2026-09-21T11:55:15.943146+00:00,335,r-scylla4,4,0,outgoing,0
2026-09-21T11:55:15.943146+00:00,335,r-scylla4,4,1,incoming,0
2026-09-21T11:55:15.943146+00:00,335,r-scylla4,4,1,outgoing,184898
2026-09-21T11:55:16.943400+00:00,336,r-scylla1,4,0,incoming,0
2026-09-21T11:55:16.943400+00:00,336,r-scylla1,4,0,outgoing,0
2026-09-21T11:55:16.943400+00:00,336,r-scylla1,4,1,incoming,506
2026-09-21T11:55:16.943400+00:00,336,r-scylla1,4,1,outgoing,0
2026-09-21T11:55:16.943400+00:00,336,r-scylla2,4,0,incoming,0
2026-09-21T11:55:16.943400+00:00,336,r-scylla2,4,0,outgoing,0
2026-09-21T11:55:16.943400+00:00,336,r-scylla2,4,1,incoming,0
2026-09-21T11:55:16.943400+00:00,336,r-scylla2,4,1,outgoing,0
2026-09-21T11:55:16.943400+00:00,336,r-scylla3,4,0,incoming,0
2026-09-21T11:55:16.943400+00:00,336,r-scylla3,4,0,outgoing,0
2026-09-21T11:55:16.943400+00:00,336,r-scylla3,4,1,incoming,184392
2026-09-21T11:55:16.943400+00:00,336,r-scylla3,4,1,outgoing,0
2026-09-21T11:55:16.943400+00:00,336,r-scylla4,4,0,incoming,0
2026-09-21T11:55:16.943400+00:00,336,r-scylla4,4,0,outgoing,0
2026-09-21T11:55:16.943400+00:00,336,r-scylla4,4,1,incoming,0
2026-09-21T11:55:16.943400+00:00,336,r-scylla4,4,1,outgoing,184898
2026-09-21T11:55:17.943707+00:00,337,r-scylla1,4,0,incoming,0
2026-09-21T11:55:17.943707+00:00,337,r-scylla1,4,0,outgoing,0
2026-09-21T11:55:17.943707+00:00,337,r-scylla1,4,1,incoming,506
2026-09-21T11:55:17.943707+00:00,337,r-scylla1,4,1,outgoing,0
2026-09-21T11:55:17.943707+00:00,337,r-scylla2,4,0,incoming,0
2026-09-21T11:55:17.943707+00:00,337,r-scylla2,4,0,outgoing,0
2026-09-21T11:55:17.943707+00:00,337,r-scylla2,4,1,incoming,0
2026-09-21T11:55:17.943707+00:00,337,r-scylla2,4,1,outgoing,0
2026-09-21T11:55:17.943707+00:00,337,r-scylla3,4,0,incoming,0
2026-09-21T11:55:17.943707+00:00,337,r-scylla3,4,0,outgoing,0
2026-09-21T11:55:17.943707+00:00,337,r-scylla3,4,1,incoming,184392
2026-09-21T11:55:17.943707+00:00,337,r-scylla3,4,1,outgoing,0
2026-09-21T11:55:17.943707+00:00,337,r-scylla4,4,0,incoming,0
2026-09-21T11:55:17.943707+00:00,337,r-scylla4,4,0,outgoing,0
2026-09-21T11:55:17.943707+00:00,337,r-scylla4,4,1,incoming,0
2026-09-21T11:55:17.943707+00:00,337,r-scylla4,4,1,outgoing,184898
2026-09-21T11:55:18.943876+00:00,338,r-scylla1,4,0,incoming,0
2026-09-21T11:55:18.943876+00:00,338,r-scylla1,4,0,outgoing,0
2026-09-21T11:55:18.943876+00:00,338,r-scylla1,4,1,incoming,506
2026-09-21T11:55:18.943876+00:00,338,r-scylla1,4,1,outgoing,0
2026-09-21T11:55:18.943876+00:00,338,r-scylla2,4,0,incoming,0
2026-09-21T11:55:18.943876+00:00,338,r-scylla2,4,0,outgoing,0
2026-09-21T11:55:18.943876+00:00,338,r-scylla2,4,1,incoming,0
2026-09-21T11:55:18.943876+00:00,338,r-scylla2,4,1,outgoing,0
2026-09-21T11:55:18.943876+00:00,338,r-scylla3,4,0,incoming,0
2026-09-21T11:55:18.943876+00:00,338,r-scylla3,4,0,outgoing,0
2026-09-21T11:55:18.943876+00:00,338,r-scylla3,4,1,incoming,184392
2026-09-21T11:55:18.943876+00:00,338,r-scylla3,4,1,outgoing,0
2026-09-21T11:55:18.943876+00:00,338,r-scylla4,4,0,incoming,0
2026-09-21T11:55:18.943876+00:00,338,r-scylla4,4,0,outgoing,0
2026-09-21T11:55:18.943876+00:00,338,r-scylla4,4,1,incoming,0
2026-09-21T11:55:18.943876+00:00,338,r-scylla4,4,1,outgoing,184898
2026-09-21T11:55:19.943976+00:00,339,r-scylla1,4,0,incoming,0
2026-09-21T11:55:19.943976+00:00,339,r-scylla1,4,0,outgoing,0
2026-09-21T11:55:19.943976+00:00,339,r-scylla1,4,1,incoming,506
2026-09-21T11:55:19.943976+00:00,339,r-scylla1,4,1,outgoing,0
2026-09-21T11:55:19.943976+00:00,339,r-scylla2,4,0,incoming,0
2026-09-21T11:55:19.943976+00:00,339,r-scylla2,4,0,outgoing,0
2026-09-21T11:55:19.943976+00:00,339,r-scylla2,4,1,incoming,0
2026-09-21T11:55:19.943976+00:00,339,r-scylla2,4,1,outgoing,0
2026-09-21T11:55:19.943976+00:00,339,r-scylla3,4,0,incoming,0
2026-09-21T11:55:19.943976+00:00,339,r-scylla3,4,0,outgoing,0
2026-09-21T11:55:19.943976+00:00,339,r-scylla3,4,1,incoming,184392
2026-09-21T11:55:19.943976+00:00,339,r-scylla3,4,1,outgoing,0
2026-09-21T11:55:19.943976+00:00,339,r-scylla4,4,0,incoming,0
2026-09-21T11:55:19.943976+00:00,339,r-scylla4,4,0,outgoing,0
2026-09-21T11:55:19.943976+00:00,339,r-scylla4,4,1,incoming,0
2026-09-21T11:55:19.943976+00:00,339,r-scylla4,4,1,outgoing,184898
2026-09-21T11:55:20.944256+00:00,340,r-scylla1,4,0,incoming,0
2026-09-21T11:55:20.944256+00:00,340,r-scylla1,4,0,outgoing,0
2026-09-21T11:55:20.944256+00:00,340,r-scylla1,4,1,incoming,506
2026-09-21T11:55:20.944256+00:00,340,r-scylla1,4,1,outgoing,0
2026-09-21T11:55:20.944256+00:00,340,r-scylla2,4,0,incoming,0
2026-09-21T11:55:20.944256+00:00,340,r-scylla2,4,0,outgoing,0
2026-09-21T11:55:20.944256+00:00,340,r-scylla2,4,1,incoming,0
2026-09-21T11:55:20.944256+00:00,340,r-scylla2,4,1,outgoing,0
2026-09-21T11:55:20.944256+00:00,340,r-scylla3,4,0,incoming,0
2026-09-21T11:55:20.944256+00:00,340,r-scylla3,4,0,outgoing,0
2026-09-21T11:55:20.944256+00:00,340,r-scylla3,4,1,incoming,184392
2026-09-21T11:55:20.944256+00:00,340,r-scylla3,4,1,outgoing,0
2026-09-21T11:55:20.944256+00:00,340,r-scylla4,4,0,incoming,0
2026-09-21T11:55:20.944256+00:00,340,r-scylla4,4,0,outgoing,0
2026-09-21T11:55:20.944256+00:00,340,r-scylla4,4,1,incoming,0
2026-09-21T11:55:20.944256+00:00,340,r-scylla4,4,1,outgoing,184898
2026-09-21T11:55:21.944459+00:00,341,r-scylla1,4,0,incoming,0
2026-09-21T11:55:21.944459+00:00,341,r-scylla1,4,0,outgoing,0
2026-09-21T11:55:21.944459+00:00,341,r-scylla1,4,1,incoming,506
2026-09-21T11:55:21.944459+00:00,341,r-scylla1,4,1,outgoing,0
2026-09-21T11:55:21.944459+00:00,341,r-scylla2,4,0,incoming,0
2026-09-21T11:55:21.944459+00:00,341,r-scylla2,4,0,outgoing,0
2026-09-21T11:55:21.944459+00:00,341,r-scylla2,4,1,incoming,0
2026-09-21T11:55:21.944459+00:00,341,r-scylla2,4,1,outgoing,0
2026-09-21T11:55:21.944459+00:00,341,r-scylla3,4,0,incoming,0
2026-09-21T11:55:21.944459+00:00,341,r-scylla3,4,0,outgoing,0
2026-09-21T11:55:21.944459+00:00,341,r-scylla3,4,1,incoming,184392
2026-09-21T11:55:21.944459+00:00,341,r-scylla3,4,1,outgoing,0
2026-09-21T11:55:21.944459+00:00,341,r-scylla4,4,0,incoming,0
2026-09-21T11:55:21.944459+00:00,341,r-scylla4,4,0,outgoing,0
2026-09-21T11:55:21.944459+00:00,341,r-scylla4,4,1,incoming,0
2026-09-21T11:55:21.944459+00:00,341,r-scylla4,4,1,outgoing,184898
2026-09-21T11:55:22.944699+00:00,342,r-scylla1,4,0,incoming,0
2026-09-21T11:55:22.944699+00:00,342,r-scylla1,4,0,outgoing,0
2026-09-21T11:55:22.944699+00:00,342,r-scylla1,4,1,incoming,506
2026-09-21T11:55:22.944699+00:00,342,r-scylla1,4,1,outgoing,0
2026-09-21T11:55:22.944699+00:00,342,r-scylla2,4,0,incoming,0
2026-09-21T11:55:22.944699+00:00,342,r-scylla2,4,0,outgoing,0
2026-09-21T11:55:22.944699+00:00,342,r-scylla2,4,1,incoming,0
2026-09-21T11:55:22.944699+00:00,342,r-scylla2,4,1,outgoing,0
2026-09-21T11:55:22.944699+00:00,342,r-scylla3,4,0,incoming,0
2026-09-21T11:55:22.944699+00:00,342,r-scylla3,4,0,outgoing,0
2026-09-21T11:55:22.944699+00:00,342,r-scylla3,4,1,incoming,184392
2026-09-21T11:55:22.944699+00:00,342,r-scylla3,4,1,outgoing,0
2026-09-21T11:55:22.944699+00:00,342,r-scylla4,4,0,incoming,0
2026-09-21T11:55:22.944699+00:00,342,r-scylla4,4,0,outgoing,0
2026-09-21T11:55:22.944699+00:00,342,r-scylla4,4,1,incoming,0
2026-09-21T11:55:22.944699+00:00,342,r-scylla4,4,1,outgoing,184898
2026-09-21T11:55:23.944919+00:00,343,r-scylla1,4,0,incoming,0
2026-09-21T11:55:23.944919+00:00,343,r-scylla1,4,0,outgoing,0
2026-09-21T11:55:23.944919+00:00,343,r-scylla1,4,1,incoming,506
2026-09-21T11:55:23.944919+00:00,343,r-scylla1,4,1,outgoing,0
2026-09-21T11:55:23.944919+00:00,343,r-scylla2,4,0,incoming,0
2026-09-21T11:55:23.944919+00:00,343,r-scylla2,4,0,outgoing,0
2026-09-21T11:55:23.944919+00:00,343,r-scylla2,4,1,incoming,0
2026-09-21T11:55:23.944919+00:00,343,r-scylla2,4,1,outgoing,0
2026-09-21T11:55:23.944919+00:00,343,r-scylla3,4,0,incoming,0
2026-09-21T11:55:23.944919+00:00,343,r-scylla3,4,0,outgoing,0
2026-09-21T11:55:23.944919+00:00,343,r-scylla3,4,1,incoming,184392
2026-09-21T11:55:23.944919+00:00,343,r-scylla3,4,1,outgoing,0
2026-09-21T11:55:23.944919+00:00,343,r-scylla4,4,0,incoming,0
2026-09-21T11:55:23.944919+00:00,343,r-scylla4,4,0,outgoing,0
2026-09-21T11:55:23.944919+00:00,343,r-scylla4,4,1,incoming,0
2026-09-21T11:55:23.944919+00:00,343,r-scylla4,4,1,outgoing,184898
2026-09-21T11:55:24.945069+00:00,344,r-scylla1,4,0,incoming,0
2026-09-21T11:55:24.945069+00:00,344,r-scylla1,4,0,outgoing,0
2026-09-21T11:55:24.945069+00:00,344,r-scylla1,4,1,incoming,506
2026-09-21T11:55:24.945069+00:00,344,r-scylla1,4,1,outgoing,0
2026-09-21T11:55:24.945069+00:00,344,r-scylla2,4,0,incoming,0
2026-09-21T11:55:24.945069+00:00,344,r-scylla2,4,0,outgoing,0
2026-09-21T11:55:24.945069+00:00,344,r-scylla2,4,1,incoming,0
2026-09-21T11:55:24.945069+00:00,344,r-scylla2,4,1,outgoing,0
2026-09-21T11:55:24.945069+00:00,344,r-scylla3,4,0,incoming,0
2026-09-21T11:55:24.945069+00:00,344,r-scylla3,4,0,outgoing,0
2026-09-21T11:55:24.945069+00:00,344,r-scylla3,4,1,incoming,184392
2026-09-21T11:55:24.945069+00:00,344,r-scylla3,4,1,outgoing,0
2026-09-21T11:55:24.945069+00:00,344,r-scylla4,4,0,incoming,0
2026-09-21T11:55:24.945069+00:00,344,r-scylla4,4,0,outgoing,0
2026-09-21T11:55:24.945069+00:00,344,r-scylla4,4,1,incoming,0
2026-09-21T11:55:24.945069+00:00,344,r-scylla4,4,1,outgoing,184898
2026-09-21T11:55:25.945307+00:00,345,r-scylla1,4,0,incoming,0
2026-09-21T11:55:25.945307+00:00,345,r-scylla1,4,0,outgoing,0
2026-09-21T11:55:25.945307+00:00,345,r-scylla1,4,1,incoming,506
2026-09-21T11:55:25.945307+00:00,345,r-scylla1,4,1,outgoing,0
2026-09-21T11:55:25.945307+00:00,345,r-scylla2,4,0,incoming,0
2026-09-21T11:55:25.945307+00:00,345,r-scylla2,4,0,outgoing,0
2026-09-21T11:55:25.945307+00:00,345,r-scylla2,4,1,incoming,0
2026-09-21T11:55:25.945307+00:00,345,r-scylla2,4,1,outgoing,0
2026-09-21T11:55:25.945307+00:00,345,r-scylla3,4,0,incoming,0
2026-09-21T11:55:25.945307+00:00,345,r-scylla3,4,0,outgoing,0
2026-09-21T11:55:25.945307+00:00,345,r-scylla3,4,1,incoming,184392
2026-09-21T11:55:25.945307+00:00,345,r-scylla3,4,1,outgoing,0
2026-09-21T11:55:25.945307+00:00,345,r-scylla4,4,0,incoming,0
2026-09-21T11:55:25.945307+00:00,345,r-scylla4,4,0,outgoing,0
2026-09-21T11:55:25.945307+00:00,345,r-scylla4,4,1,incoming,0
2026-09-21T11:55:25.945307+00:00,345,r-scylla4,4,1,outgoing,184898
2026-09-21T11:55:26.945431+00:00,346,r-scylla1,4,0,incoming,0
2026-09-21T11:55:26.945431+00:00,346,r-scylla1,4,0,outgoing,0
2026-09-21T11:55:26.945431+00:00,346,r-scylla1,4,1,incoming,506
2026-09-21T11:55:26.945431+00:00,346,r-scylla1,4,1,outgoing,0
2026-09-21T11:55:26.945431+00:00,346,r-scylla2,4,0,incoming,0
2026-09-21T11:55:26.945431+00:00,346,r-scylla2,4,0,outgoing,0
2026-09-21T11:55:26.945431+00:00,346,r-scylla2,4,1,incoming,0
2026-09-21T11:55:26.945431+00:00,346,r-scylla2,4,1,outgoing,0
2026-09-21T11:55:26.945431+00:00,346,r-scylla3,4,0,incoming,0
2026-09-21T11:55:26.945431+00:00,346,r-scylla3,4,0,outgoing,0
2026-09-21T11:55:26.945431+00:00,346,r-scylla3,4,1,incoming,184392
2026-09-21T11:55:26.945431+00:00,346,r-scylla3,4,1,outgoing,0
2026-09-21T11:55:26.945431+00:00,346,r-scylla4,4,0,incoming,0
2026-09-21T11:55:26.945431+00:00,346,r-scylla4,4,0,outgoing,0
2026-09-21T11:55:26.945431+00:00,346,r-scylla4,4,1,incoming,0
2026-09-21T11:55:26.945431+00:00,346,r-scylla4,4,1,outgoing,184898
2026-09-21T11:55:27.945644+00:00,347,r-scylla1,4,0,incoming,0
2026-09-21T11:55:27.945644+00:00,347,r-scylla1,4,0,outgoing,0
2026-09-21T11:55:27.945644+00:00,347,r-scylla1,4,1,incoming,506
2026-09-21T11:55:27.945644+00:00,347,r-scylla1,4,1,outgoing,0
2026-09-21T11:55:27.945644+00:00,347,r-scylla2,4,0,incoming,0
2026-09-21T11:55:27.945644+00:00,347,r-scylla2,4,0,outgoing,0
2026-09-21T11:55:27.945644+00:00,347,r-scylla2,4,1,incoming,0
2026-09-21T11:55:27.945644+00:00,347,r-scylla2,4,1,outgoing,0
2026-09-21T11:55:27.945644+00:00,347,r-scylla3,4,0,incoming,0
2026-09-21T11:55:27.945644+00:00,347,r-scylla3,4,0,outgoing,0
2026-09-21T11:55:27.945644+00:00,347,r-scylla3,4,1,incoming,184392
2026-09-21T11:55:27.945644+00:00,347,r-scylla3,4,1,outgoing,0
2026-09-21T11:55:27.945644+00:00,347,r-scylla4,4,0,incoming,0
2026-09-21T11:55:27.945644+00:00,347,r-scylla4,4,0,outgoing,0
2026-09-21T11:55:27.945644+00:00,347,r-scylla4,4,1,incoming,0
2026-09-21T11:55:27.945644+00:00,347,r-scylla4,4,1,outgoing,184898
2026-09-21T11:55:28.945787+00:00,348,r-scylla1,4,0,incoming,0
2026-09-21T11:55:28.945787+00:00,348,r-scylla1,4,0,outgoing,0
2026-09-21T11:55:28.945787+00:00,348,r-scylla1,4,1,incoming,506
2026-09-21T11:55:28.945787+00:00,348,r-scylla1,4,1,outgoing,0
2026-09-21T11:55:28.945787+00:00,348,r-scylla2,4,0,incoming,0
2026-09-21T11:55:28.945787+00:00,348,r-scylla2,4,0,outgoing,0
2026-09-21T11:55:28.945787+00:00,348,r-scylla2,4,1,incoming,0
2026-09-21T11:55:28.945787+00:00,348,r-scylla2,4,1,outgoing,0
2026-09-21T11:55:28.945787+00:00,348,r-scylla3,4,0,incoming,0
2026-09-21T11:55:28.945787+00:00,348,r-scylla3,4,0,outgoing,0
2026-09-21T11:55:28.945787+00:00,348,r-scylla3,4,1,incoming,184392
2026-09-21T11:55:28.945787+00:00,348,r-scylla3,4,1,outgoing,0
2026-09-21T11:55:28.945787+00:00,348,r-scylla4,4,0,incoming,0
2026-09-21T11:55:28.945787+00:00,348,r-scylla4,4,0,outgoing,0
2026-09-21T11:55:28.945787+00:00,348,r-scylla4,4,1,incoming,0
2026-09-21T11:55:28.945787+00:00,348,r-scylla4,4,1,outgoing,184898
2026-09-21T11:55:29.946051+00:00,349,r-scylla1,4,0,incoming,0
2026-09-21T11:55:29.946051+00:00,349,r-scylla1,4,0,outgoing,0
2026-09-21T11:55:29.946051+00:00,349,r-scylla1,4,1,incoming,506
2026-09-21T11:55:29.946051+00:00,349,r-scylla1,4,1,outgoing,0
2026-09-21T11:55:29.946051+00:00,349,r-scylla2,4,0,incoming,0
2026-09-21T11:55:29.946051+00:00,349,r-scylla2,4,0,outgoing,0
2026-09-21T11:55:29.946051+00:00,349,r-scylla2,4,1,incoming,0
2026-09-21T11:55:29.946051+00:00,349,r-scylla2,4,1,outgoing,0
2026-09-21T11:55:29.946051+00:00,349,r-scylla3,4,0,incoming,0
2026-09-21T11:55:29.946051+00:00,349,r-scylla3,4,0,outgoing,0
2026-09-21T11:55:29.946051+00:00,349,r-scylla3,4,1,incoming,184392
2026-09-21T11:55:29.946051+00:00,349,r-scylla3,4,1,outgoing,0
2026-09-21T11:55:29.946051+00:00,349,r-scylla4,4,0,incoming,0
2026-09-21T11:55:29.946051+00:00,349,r-scylla4,4,0,outgoing,0
2026-09-21T11:55:29.946051+00:00,349,r-scylla4,4,1,incoming,0
2026-09-21T11:55:29.946051+00:00,349,r-scylla4,4,1,outgoing,184898
2026-09-21T11:55:30.942862+00:00,350,r-scylla1,4,0,incoming,0
2026-09-21T11:55:30.942862+00:00,350,r-scylla1,4,0,outgoing,0
2026-09-21T11:55:30.942862+00:00,350,r-scylla1,4,1,incoming,506
2026-09-21T11:55:30.942862+00:00,350,r-scylla1,4,1,outgoing,0
2026-09-21T11:55:30.942862+00:00,350,r-scylla2,4,0,incoming,0
2026-09-21T11:55:30.942862+00:00,350,r-scylla2,4,0,outgoing,0
2026-09-21T11:55:30.942862+00:00,350,r-scylla2,4,1,incoming,0
2026-09-21T11:55:30.942862+00:00,350,r-scylla2,4,1,outgoing,0
2026-09-21T11:55:30.942862+00:00,350,r-scylla3,4,0,incoming,0
2026-09-21T11:55:30.942862+00:00,350,r-scylla3,4,0,outgoing,0
2026-09-21T11:55:30.942862+00:00,350,r-scylla3,4,1,incoming,184392
2026-09-21T11:55:30.942862+00:00,350,r-scylla3,4,1,outgoing,0
2026-09-21T11:55:30.942862+00:00,350,r-scylla4,4,0,incoming,0
2026-09-21T11:55:30.942862+00:00,350,r-scylla4,4,0,outgoing,0
2026-09-21T11:55:30.942862+00:00,350,r-scylla4,4,1,incoming,0
2026-09-21T11:55:30.942862+00:00,350,r-scylla4,4,1,outgoing,184898
2026-09-21T11:55:31.943143+00:00,351,r-scylla1,4,0,incoming,0
2026-09-21T11:55:31.943143+00:00,351,r-scylla1,4,0,outgoing,0
2026-09-21T11:55:31.943143+00:00,351,r-scylla1,4,1,incoming,506
2026-09-21T11:55:31.943143+00:00,351,r-scylla1,4,1,outgoing,0
2026-09-21T11:55:31.943143+00:00,351,r-scylla2,4,0,incoming,0
2026-09-21T11:55:31.943143+00:00,351,r-scylla2,4,0,outgoing,0
2026-09-21T11:55:31.943143+00:00,351,r-scylla2,4,1,incoming,0
2026-09-21T11:55:31.943143+00:00,351,r-scylla2,4,1,outgoing,0
2026-09-21T11:55:31.943143+00:00,351,r-scylla3,4,0,incoming,0
2026-09-21T11:55:31.943143+00:00,351,r-scylla3,4,0,outgoing,0
2026-09-21T11:55:31.943143+00:00,351,r-scylla3,4,1,incoming,184392
2026-09-21T11:55:31.943143+00:00,351,r-scylla3,4,1,outgoing,0
2026-09-21T11:55:31.943143+00:00,351,r-scylla4,4,0,incoming,0
2026-09-21T11:55:31.943143+00:00,351,r-scylla4,4,0,outgoing,0
2026-09-21T11:55:31.943143+00:00,351,r-scylla4,4,1,incoming,0
2026-09-21T11:55:31.943143+00:00,351,r-scylla4,4,1,outgoing,184898
2026-09-21T11:55:32.943446+00:00,352,r-scylla1,4,0,incoming,0
2026-09-21T11:55:32.943446+00:00,352,r-scylla1,4,0,outgoing,0
2026-09-21T11:55:32.943446+00:00,352,r-scylla1,4,1,incoming,506
2026-09-21T11:55:32.943446+00:00,352,r-scylla1,4,1,outgoing,0
2026-09-21T11:55:32.943446+00:00,352,r-scylla2,4,0,incoming,0
2026-09-21T11:55:32.943446+00:00,352,r-scylla2,4,0,outgoing,0
2026-09-21T11:55:32.943446+00:00,352,r-scylla2,4,1,incoming,0
2026-09-21T11:55:32.943446+00:00,352,r-scylla2,4,1,outgoing,0
2026-09-21T11:55:32.943446+00:00,352,r-scylla3,4,0,incoming,0
2026-09-21T11:55:32.943446+00:00,352,r-scylla3,4,0,outgoing,0
2026-09-21T11:55:32.943446+00:00,352,r-scylla3,4,1,incoming,184392
2026-09-21T11:55:32.943446+00:00,352,r-scylla3,4,1,outgoing,0
2026-09-21T11:55:32.943446+00:00,352,r-scylla4,4,0,incoming,0
2026-09-21T11:55:32.943446+00:00,352,r-scylla4,4,0,outgoing,0
2026-09-21T11:55:32.943446+00:00,352,r-scylla4,4,1,incoming,0
2026-09-21T11:55:32.943446+00:00,352,r-scylla4,4,1,outgoing,184898
2026-09-21T11:55:33.943814+00:00,353,r-scylla1,4,0,incoming,0
2026-09-21T11:55:33.943814+00:00,353,r-scylla1,4,0,outgoing,0
2026-09-21T11:55:33.943814+00:00,353,r-scylla1,4,1,incoming,506
2026-09-21T11:55:33.943814+00:00,353,r-scylla1,4,1,outgoing,0
2026-09-21T11:55:33.943814+00:00,353,r-scylla2,4,0,incoming,0
2026-09-21T11:55:33.943814+00:00,353,r-scylla2,4,0,outgoing,0
2026-09-21T11:55:33.943814+00:00,353,r-scylla2,4,1,incoming,0
2026-09-21T11:55:33.943814+00:00,353,r-scylla2,4,1,outgoing,0
2026-09-21T11:55:33.943814+00:00,353,r-scylla3,4,0,incoming,0
2026-09-21T11:55:33.943814+00:00,353,r-scylla3,4,0,outgoing,0
2026-09-21T11:55:33.943814+00:00,353,r-scylla3,4,1,incoming,184392
2026-09-21T11:55:33.943814+00:00,353,r-scylla3,4,1,outgoing,0
2026-09-21T11:55:33.943814+00:00,353,r-scylla4,4,0,incoming,0
2026-09-21T11:55:33.943814+00:00,353,r-scylla4,4,0,outgoing,0
2026-09-21T11:55:33.943814+00:00,353,r-scylla4,4,1,incoming,0
2026-09-21T11:55:33.943814+00:00,353,r-scylla4,4,1,outgoing,184898
2026-09-21T11:55:34.943972+00:00,354,r-scylla1,4,0,incoming,0
2026-09-21T11:55:34.943972+00:00,354,r-scylla1,4,0,outgoing,0
2026-09-21T11:55:34.943972+00:00,354,r-scylla1,4,1,incoming,506
2026-09-21T11:55:34.943972+00:00,354,r-scylla1,4,1,outgoing,0
2026-09-21T11:55:34.943972+00:00,354,r-scylla2,4,0,incoming,0
2026-09-21T11:55:34.943972+00:00,354,r-scylla2,4,0,outgoing,0
2026-09-21T11:55:34.943972+00:00,354,r-scylla2,4,1,incoming,0
2026-09-21T11:55:34.943972+00:00,354,r-scylla2,4,1,outgoing,0
2026-09-21T11:55:34.943972+00:00,354,r-scylla3,4,0,incoming,0
2026-09-21T11:55:34.943972+00:00,354,r-scylla3,4,0,outgoing,0
2026-09-21T11:55:34.943972+00:00,354,r-scylla3,4,1,incoming,184392
2026-09-21T11:55:34.943972+00:00,354,r-scylla3,4,1,outgoing,0
2026-09-21T11:55:34.943972+00:00,354,r-scylla4,4,0,incoming,0
2026-09-21T11:55:34.943972+00:00,354,r-scylla4,4,0,outgoing,0
2026-09-21T11:55:34.943972+00:00,354,r-scylla4,4,1,incoming,0
2026-09-21T11:55:34.943972+00:00,354,r-scylla4,4,1,outgoing,184898
2026-09-21T11:55:35.944120+00:00,355,r-scylla1,4,0,incoming,0
2026-09-21T11:55:35.944120+00:00,355,r-scylla1,4,0,outgoing,0
2026-09-21T11:55:35.944120+00:00,355,r-scylla1,4,1,incoming,506
2026-09-21T11:55:35.944120+00:00,355,r-scylla1,4,1,outgoing,0
2026-09-21T11:55:35.944120+00:00,355,r-scylla2,4,0,incoming,0
2026-09-21T11:55:35.944120+00:00,355,r-scylla2,4,0,outgoing,0
2026-09-21T11:55:35.944120+00:00,355,r-scylla2,4,1,incoming,0
2026-09-21T11:55:35.944120+00:00,355,r-scylla2,4,1,outgoing,0
2026-09-21T11:55:35.944120+00:00,355,r-scylla3,4,0,incoming,0
2026-09-21T11:55:35.944120+00:00,355,r-scylla3,4,0,outgoing,0
2026-09-21T11:55:35.944120+00:00,355,r-scylla3,4,1,incoming,184392
2026-09-21T11:55:35.944120+00:00,355,r-scylla3,4,1,outgoing,0
2026-09-21T11:55:35.944120+00:00,355,r-scylla4,4,0,incoming,0
2026-09-21T11:55:35.944120+00:00,355,r-scylla4,4,0,outgoing,0
2026-09-21T11:55:35.944120+00:00,355,r-scylla4,4,1,incoming,0
2026-09-21T11:55:35.944120+00:00,355,r-scylla4,4,1,outgoing,184898
2026-09-21T11:55:36.944356+00:00,356,r-scylla1,4,0,incoming,0
2026-09-21T11:55:36.944356+00:00,356,r-scylla1,4,0,outgoing,0
2026-09-21T11:55:36.944356+00:00,356,r-scylla1,4,1,incoming,506
2026-09-21T11:55:36.944356+00:00,356,r-scylla1,4,1,outgoing,0
2026-09-21T11:55:36.944356+00:00,356,r-scylla2,4,0,incoming,0
2026-09-21T11:55:36.944356+00:00,356,r-scylla2,4,0,outgoing,0
2026-09-21T11:55:36.944356+00:00,356,r-scylla2,4,1,incoming,0
2026-09-21T11:55:36.944356+00:00,356,r-scylla2,4,1,outgoing,0
2026-09-21T11:55:36.944356+00:00,356,r-scylla3,4,0,incoming,0
2026-09-21T11:55:36.944356+00:00,356,r-scylla3,4,0,outgoing,0
2026-09-21T11:55:36.944356+00:00,356,r-scylla3,4,1,incoming,184392
2026-09-21T11:55:36.944356+00:00,356,r-scylla3,4,1,outgoing,0
2026-09-21T11:55:36.944356+00:00,356,r-scylla4,4,0,incoming,0
2026-09-21T11:55:36.944356+00:00,356,r-scylla4,4,0,outgoing,0
2026-09-21T11:55:36.944356+00:00,356,r-scylla4,4,1,incoming,0
2026-09-21T11:55:36.944356+00:00,356,r-scylla4,4,1,outgoing,184898
2026-09-21T11:55:37.944585+00:00,357,r-scylla1,4,0,incoming,0
2026-09-21T11:55:37.944585+00:00,357,r-scylla1,4,0,outgoing,0
2026-09-21T11:55:37.944585+00:00,357,r-scylla1,4,1,incoming,506
2026-09-21T11:55:37.944585+00:00,357,r-scylla1,4,1,outgoing,0
2026-09-21T11:55:37.944585+00:00,357,r-scylla2,4,0,incoming,0
2026-09-21T11:55:37.944585+00:00,357,r-scylla2,4,0,outgoing,0
2026-09-21T11:55:37.944585+00:00,357,r-scylla2,4,1,incoming,0
2026-09-21T11:55:37.944585+00:00,357,r-scylla2,4,1,outgoing,0
2026-09-21T11:55:37.944585+00:00,357,r-scylla3,4,0,incoming,0
2026-09-21T11:55:37.944585+00:00,357,r-scylla3,4,0,outgoing,0
2026-09-21T11:55:37.944585+00:00,357,r-scylla3,4,1,incoming,184392
2026-09-21T11:55:37.944585+00:00,357,r-scylla3,4,1,outgoing,0
2026-09-21T11:55:37.944585+00:00,357,r-scylla4,4,0,incoming,0
2026-09-21T11:55:37.944585+00:00,357,r-scylla4,4,0,outgoing,0
2026-09-21T11:55:37.944585+00:00,357,r-scylla4,4,1,incoming,0
2026-09-21T11:55:37.944585+00:00,357,r-scylla4,4,1,outgoing,184898
2026-09-21T11:55:38.944832+00:00,358,r-scylla1,4,0,incoming,0
2026-09-21T11:55:38.944832+00:00,358,r-scylla1,4,0,outgoing,0
2026-09-21T11:55:38.944832+00:00,358,r-scylla1,4,1,incoming,506
2026-09-21T11:55:38.944832+00:00,358,r-scylla1,4,1,outgoing,0
2026-09-21T11:55:38.944832+00:00,358,r-scylla2,4,0,incoming,0
2026-09-21T11:55:38.944832+00:00,358,r-scylla2,4,0,outgoing,0
2026-09-21T11:55:38.944832+00:00,358,r-scylla2,4,1,incoming,0
2026-09-21T11:55:38.944832+00:00,358,r-scylla2,4,1,outgoing,0
2026-09-21T11:55:38.944832+00:00,358,r-scylla3,4,0,incoming,0
2026-09-21T11:55:38.944832+00:00,358,r-scylla3,4,0,outgoing,0
2026-09-21T11:55:38.944832+00:00,358,r-scylla3,4,1,incoming,184392
2026-09-21T11:55:38.944832+00:00,358,r-scylla3,4,1,outgoing,0
2026-09-21T11:55:38.944832+00:00,358,r-scylla4,4,0,incoming,0
2026-09-21T11:55:38.944832+00:00,358,r-scylla4,4,0,outgoing,0
2026-09-21T11:55:38.944832+00:00,358,r-scylla4,4,1,incoming,0
2026-09-21T11:55:38.944832+00:00,358,r-scylla4,4,1,outgoing,184898
2026-09-21T11:55:39.945033+00:00,359,r-scylla1,4,0,incoming,0
2026-09-21T11:55:39.945033+00:00,359,r-scylla1,4,0,outgoing,0
2026-09-21T11:55:39.945033+00:00,359,r-scylla1,4,1,incoming,506
2026-09-21T11:55:39.945033+00:00,359,r-scylla1,4,1,outgoing,0
2026-09-21T11:55:39.945033+00:00,359,r-scylla2,4,0,incoming,0
2026-09-21T11:55:39.945033+00:00,359,r-scylla2,4,0,outgoing,0
2026-09-21T11:55:39.945033+00:00,359,r-scylla2,4,1,incoming,0
2026-09-21T11:55:39.945033+00:00,359,r-scylla2,4,1,outgoing,0
2026-09-21T11:55:39.945033+00:00,359,r-scylla3,4,0,incoming,0
2026-09-21T11:55:39.945033+00:00,359,r-scylla3,4,0,outgoing,0
2026-09-21T11:55:39.945033+00:00,359,r-scylla3,4,1,incoming,184392
2026-09-21T11:55:39.945033+00:00,359,r-scylla3,4,1,outgoing,0
2026-09-21T11:55:39.945033+00:00,359,r-scylla4,4,0,incoming,0
2026-09-21T11:55:39.945033+00:00,359,r-scylla4,4,0,outgoing,0
2026-09-21T11:55:39.945033+00:00,359,r-scylla4,4,1,incoming,0
2026-09-21T11:55:39.945033+00:00,359,r-scylla4,4,1,outgoing,184898
2026-09-21T11:55:40.945338+00:00,360,r-scylla1,4,0,incoming,0
2026-09-21T11:55:40.945338+00:00,360,r-scylla1,4,0,outgoing,0
2026-09-21T11:55:40.945338+00:00,360,r-scylla1,4,1,incoming,506
2026-09-21T11:55:40.945338+00:00,360,r-scylla1,4,1,outgoing,0
2026-09-21T11:55:40.945338+00:00,360,r-scylla2,4,0,incoming,0
2026-09-21T11:55:40.945338+00:00,360,r-scylla2,4,0,outgoing,0
2026-09-21T11:55:40.945338+00:00,360,r-scylla2,4,1,incoming,0
2026-09-21T11:55:40.945338+00:00,360,r-scylla2,4,1,outgoing,0
2026-09-21T11:55:40.945338+00:00,360,r-scylla3,4,0,incoming,0
2026-09-21T11:55:40.945338+00:00,360,r-scylla3,4,0,outgoing,0
2026-09-21T11:55:40.945338+00:00,360,r-scylla3,4,1,incoming,184392
2026-09-21T11:55:40.945338+00:00,360,r-scylla3,4,1,outgoing,0
2026-09-21T11:55:40.945338+00:00,360,r-scylla4,4,0,incoming,0
2026-09-21T11:55:40.945338+00:00,360,r-scylla4,4,0,outgoing,0
2026-09-21T11:55:40.945338+00:00,360,r-scylla4,4,1,incoming,0
2026-09-21T11:55:40.945338+00:00,360,r-scylla4,4,1,outgoing,184898
2026-09-21T11:55:41.945683+00:00,361,r-scylla1,4,0,incoming,0
2026-09-21T11:55:41.945683+00:00,361,r-scylla1,4,0,outgoing,0
2026-09-21T11:55:41.945683+00:00,361,r-scylla1,4,1,incoming,506
2026-09-21T11:55:41.945683+00:00,361,r-scylla1,4,1,outgoing,0
2026-09-21T11:55:41.945683+00:00,361,r-scylla2,4,0,incoming,0
2026-09-21T11:55:41.945683+00:00,361,r-scylla2,4,0,outgoing,0
2026-09-21T11:55:41.945683+00:00,361,r-scylla2,4,1,incoming,0
2026-09-21T11:55:41.945683+00:00,361,r-scylla2,4,1,outgoing,0
2026-09-21T11:55:41.945683+00:00,361,r-scylla3,4,0,incoming,0
2026-09-21T11:55:41.945683+00:00,361,r-scylla3,4,0,outgoing,0
2026-09-21T11:55:41.945683+00:00,361,r-scylla3,4,1,incoming,184392
2026-09-21T11:55:41.945683+00:00,361,r-scylla3,4,1,outgoing,0
2026-09-21T11:55:41.945683+00:00,361,r-scylla4,4,0,incoming,0
2026-09-21T11:55:41.945683+00:00,361,r-scylla4,4,0,outgoing,0
2026-09-21T11:55:41.945683+00:00,361,r-scylla4,4,1,incoming,0
2026-09-21T11:55:41.945683+00:00,361,r-scylla4,4,1,outgoing,184898
2026-09-21T11:55:42.945881+00:00,362,r-scylla1,4,0,incoming,0
2026-09-21T11:55:42.945881+00:00,362,r-scylla1,4,0,outgoing,0
2026-09-21T11:55:42.945881+00:00,362,r-scylla1,4,1,incoming,506
2026-09-21T11:55:42.945881+00:00,362,r-scylla1,4,1,outgoing,0
2026-09-21T11:55:42.945881+00:00,362,r-scylla2,4,0,incoming,0
2026-09-21T11:55:42.945881+00:00,362,r-scylla2,4,0,outgoing,0
2026-09-21T11:55:42.945881+00:00,362,r-scylla2,4,1,incoming,0
2026-09-21T11:55:42.945881+00:00,362,r-scylla2,4,1,outgoing,0
2026-09-21T11:55:42.945881+00:00,362,r-scylla3,4,0,incoming,0
2026-09-21T11:55:42.945881+00:00,362,r-scylla3,4,0,outgoing,0
2026-09-21T11:55:42.945881+00:00,362,r-scylla3,4,1,incoming,184392
2026-09-21T11:55:42.945881+00:00,362,r-scylla3,4,1,outgoing,0
2026-09-21T11:55:42.945881+00:00,362,r-scylla4,4,0,incoming,0
2026-09-21T11:55:42.945881+00:00,362,r-scylla4,4,0,outgoing,0
2026-09-21T11:55:42.945881+00:00,362,r-scylla4,4,1,incoming,0
2026-09-21T11:55:42.945881+00:00,362,r-scylla4,4,1,outgoing,184898
2026-09-21T11:55:43.946067+00:00,363,r-scylla1,4,0,incoming,0
2026-09-21T11:55:43.946067+00:00,363,r-scylla1,4,0,outgoing,0
2026-09-21T11:55:43.946067+00:00,363,r-scylla1,4,1,incoming,506
2026-09-21T11:55:43.946067+00:00,363,r-scylla1,4,1,outgoing,0
2026-09-21T11:55:43.946067+00:00,363,r-scylla2,4,0,incoming,0
2026-09-21T11:55:43.946067+00:00,363,r-scylla2,4,0,outgoing,0
2026-09-21T11:55:43.946067+00:00,363,r-scylla2,4,1,incoming,0
2026-09-21T11:55:43.946067+00:00,363,r-scylla2,4,1,outgoing,0
2026-09-21T11:55:43.946067+00:00,363,r-scylla3,4,0,incoming,0
2026-09-21T11:55:43.946067+00:00,363,r-scylla3,4,0,outgoing,0
2026-09-21T11:55:43.946067+00:00,363,r-scylla3,4,1,incoming,184392
2026-09-21T11:55:43.946067+00:00,363,r-scylla3,4,1,outgoing,0
2026-09-21T11:55:43.946067+00:00,363,r-scylla4,4,0,incoming,0
2026-09-21T11:55:43.946067+00:00,363,r-scylla4,4,0,outgoing,0
2026-09-21T11:55:43.946067+00:00,363,r-scylla4,4,1,incoming,0
2026-09-21T11:55:43.946067+00:00,363,r-scylla4,4,1,outgoing,184898
2026-09-21T11:55:44.946443+00:00,364,r-scylla1,4,0,incoming,0
2026-09-21T11:55:44.946443+00:00,364,r-scylla1,4,0,outgoing,0
2026-09-21T11:55:44.946443+00:00,364,r-scylla1,4,1,incoming,506
2026-09-21T11:55:44.946443+00:00,364,r-scylla1,4,1,outgoing,0
2026-09-21T11:55:44.946443+00:00,364,r-scylla2,4,0,incoming,0
2026-09-21T11:55:44.946443+00:00,364,r-scylla2,4,0,outgoing,0
2026-09-21T11:55:44.946443+00:00,364,r-scylla2,4,1,incoming,0
2026-09-21T11:55:44.946443+00:00,364,r-scylla2,4,1,outgoing,0
2026-09-21T11:55:44.946443+00:00,364,r-scylla3,4,0,incoming,0
2026-09-21T11:55:44.946443+00:00,364,r-scylla3,4,0,outgoing,0
2026-09-21T11:55:44.946443+00:00,364,r-scylla3,4,1,incoming,184392
2026-09-21T11:55:44.946443+00:00,364,r-scylla3,4,1,outgoing,0
2026-09-21T11:55:44.946443+00:00,364,r-scylla4,4,0,incoming,0
2026-09-21T11:55:44.946443+00:00,364,r-scylla4,4,0,outgoing,0
2026-09-21T11:55:44.946443+00:00,364,r-scylla4,4,1,incoming,0
2026-09-21T11:55:44.946443+00:00,364,r-scylla4,4,1,outgoing,184898
2026-09-21T11:55:45.946632+00:00,365,r-scylla1,4,0,incoming,0
2026-09-21T11:55:45.946632+00:00,365,r-scylla1,4,0,outgoing,0
2026-09-21T11:55:45.946632+00:00,365,r-scylla1,4,1,incoming,506
2026-09-21T11:55:45.946632+00:00,365,r-scylla1,4,1,outgoing,0
2026-09-21T11:55:45.946632+00:00,365,r-scylla2,4,0,incoming,0
2026-09-21T11:55:45.946632+00:00,365,r-scylla2,4,0,outgoing,0
2026-09-21T11:55:45.946632+00:00,365,r-scylla2,4,1,incoming,0
2026-09-21T11:55:45.946632+00:00,365,r-scylla2,4,1,outgoing,0
2026-09-21T11:55:45.946632+00:00,365,r-scylla3,4,0,incoming,0
2026-09-21T11:55:45.946632+00:00,365,r-scylla3,4,0,outgoing,0
2026-09-21T11:55:45.946632+00:00,365,r-scylla3,4,1,incoming,184392
2026-09-21T11:55:45.946632+00:00,365,r-scylla3,4,1,outgoing,0
2026-09-21T11:55:45.946632+00:00,365,r-scylla4,4,0,incoming,0
2026-09-21T11:55:45.946632+00:00,365,r-scylla4,4,0,outgoing,0
2026-09-21T11:55:45.946632+00:00,365,r-scylla4,4,1,incoming,0
2026-09-21T11:55:45.946632+00:00,365,r-scylla4,4,1,outgoing,184898
2026-09-21T11:55:46.946986+00:00,366,r-scylla1,4,0,incoming,0
2026-09-21T11:55:46.946986+00:00,366,r-scylla1,4,0,outgoing,0
2026-09-21T11:55:46.946986+00:00,366,r-scylla1,4,1,incoming,506
2026-09-21T11:55:46.946986+00:00,366,r-scylla1,4,1,outgoing,0
2026-09-21T11:55:46.946986+00:00,366,r-scylla2,4,0,incoming,0
2026-09-21T11:55:46.946986+00:00,366,r-scylla2,4,0,outgoing,0
2026-09-21T11:55:46.946986+00:00,366,r-scylla2,4,1,incoming,0
2026-09-21T11:55:46.946986+00:00,366,r-scylla2,4,1,outgoing,0
2026-09-21T11:55:46.946986+00:00,366,r-scylla3,4,0,incoming,0
2026-09-21T11:55:46.946986+00:00,366,r-scylla3,4,0,outgoing,0
2026-09-21T11:55:46.946986+00:00,366,r-scylla3,4,1,incoming,184392
2026-09-21T11:55:46.946986+00:00,366,r-scylla3,4,1,outgoing,0
2026-09-21T11:55:46.946986+00:00,366,r-scylla4,4,0,incoming,0
2026-09-21T11:55:46.946986+00:00,366,r-scylla4,4,0,outgoing,0
2026-09-21T11:55:46.946986+00:00,366,r-scylla4,4,1,incoming,0
2026-09-21T11:55:46.946986+00:00,366,r-scylla4,4,1,outgoing,184898
2026-09-21T11:55:47.947083+00:00,367,r-scylla1,4,0,incoming,0
2026-09-21T11:55:47.947083+00:00,367,r-scylla1,4,0,outgoing,0
2026-09-21T11:55:47.947083+00:00,367,r-scylla1,4,1,incoming,506
2026-09-21T11:55:47.947083+00:00,367,r-scylla1,4,1,outgoing,0
2026-09-21T11:55:47.947083+00:00,367,r-scylla2,4,0,incoming,0
2026-09-21T11:55:47.947083+00:00,367,r-scylla2,4,0,outgoing,0
2026-09-21T11:55:47.947083+00:00,367,r-scylla2,4,1,incoming,0
2026-09-21T11:55:47.947083+00:00,367,r-scylla2,4,1,outgoing,0
2026-09-21T11:55:47.947083+00:00,367,r-scylla3,4,0,incoming,0
2026-09-21T11:55:47.947083+00:00,367,r-scylla3,4,0,outgoing,0
2026-09-21T11:55:47.947083+00:00,367,r-scylla3,4,1,incoming,184392
2026-09-21T11:55:47.947083+00:00,367,r-scylla3,4,1,outgoing,0
2026-09-21T11:55:47.947083+00:00,367,r-scylla4,4,0,incoming,0
2026-09-21T11:55:47.947083+00:00,367,r-scylla4,4,0,outgoing,0
2026-09-21T11:55:47.947083+00:00,367,r-scylla4,4,1,incoming,0
2026-09-21T11:55:47.947083+00:00,367,r-scylla4,4,1,outgoing,184898
2026-09-21T11:55:48.947434+00:00,368,r-scylla1,4,0,incoming,0
2026-09-21T11:55:48.947434+00:00,368,r-scylla1,4,0,outgoing,0
2026-09-21T11:55:48.947434+00:00,368,r-scylla1,4,1,incoming,506
2026-09-21T11:55:48.947434+00:00,368,r-scylla1,4,1,outgoing,0
2026-09-21T11:55:48.947434+00:00,368,r-scylla2,4,0,incoming,0
2026-09-21T11:55:48.947434+00:00,368,r-scylla2,4,0,outgoing,0
2026-09-21T11:55:48.947434+00:00,368,r-scylla2,4,1,incoming,0
2026-09-21T11:55:48.947434+00:00,368,r-scylla2,4,1,outgoing,0
2026-09-21T11:55:48.947434+00:00,368,r-scylla3,4,0,incoming,0
2026-09-21T11:55:48.947434+00:00,368,r-scylla3,4,0,outgoing,0
2026-09-21T11:55:48.947434+00:00,368,r-scylla3,4,1,incoming,184392
2026-09-21T11:55:48.947434+00:00,368,r-scylla3,4,1,outgoing,0
2026-09-21T11:55:48.947434+00:00,368,r-scylla4,4,0,incoming,0
2026-09-21T11:55:48.947434+00:00,368,r-scylla4,4,0,outgoing,0
2026-09-21T11:55:48.947434+00:00,368,r-scylla4,4,1,incoming,0
2026-09-21T11:55:48.947434+00:00,368,r-scylla4,4,1,outgoing,184898
2026-09-21T11:55:49.947841+00:00,369,r-scylla1,4,0,incoming,0
2026-09-21T11:55:49.947841+00:00,369,r-scylla1,4,0,outgoing,0
2026-09-21T11:55:49.947841+00:00,369,r-scylla1,4,1,incoming,506
2026-09-21T11:55:49.947841+00:00,369,r-scylla1,4,1,outgoing,0
2026-09-21T11:55:49.947841+00:00,369,r-scylla2,4,0,incoming,0
2026-09-21T11:55:49.947841+00:00,369,r-scylla2,4,0,outgoing,0
2026-09-21T11:55:49.947841+00:00,369,r-scylla2,4,1,incoming,0
2026-09-21T11:55:49.947841+00:00,369,r-scylla2,4,1,outgoing,0
2026-09-21T11:55:49.947841+00:00,369,r-scylla3,4,0,incoming,0
2026-09-21T11:55:49.947841+00:00,369,r-scylla3,4,0,outgoing,0
2026-09-21T11:55:49.947841+00:00,369,r-scylla3,4,1,incoming,184392
2026-09-21T11:55:49.947841+00:00,369,r-scylla3,4,1,outgoing,0
2026-09-21T11:55:49.947841+00:00,369,r-scylla4,4,0,incoming,0
2026-09-21T11:55:49.947841+00:00,369,r-scylla4,4,0,outgoing,0
2026-09-21T11:55:49.947841+00:00,369,r-scylla4,4,1,incoming,0
2026-09-21T11:55:49.947841+00:00,369,r-scylla4,4,1,outgoing,184898
2026-09-21T11:55:50.948009+00:00,370,r-scylla1,4,0,incoming,0
2026-09-21T11:55:50.948009+00:00,370,r-scylla1,4,0,outgoing,0
2026-09-21T11:55:50.948009+00:00,370,r-scylla1,4,1,incoming,506
2026-09-21T11:55:50.948009+00:00,370,r-scylla1,4,1,outgoing,0
2026-09-21T11:55:50.948009+00:00,370,r-scylla2,4,0,incoming,0
2026-09-21T11:55:50.948009+00:00,370,r-scylla2,4,0,outgoing,0
2026-09-21T11:55:50.948009+00:00,370,r-scylla2,4,1,incoming,0
2026-09-21T11:55:50.948009+00:00,370,r-scylla2,4,1,outgoing,0
2026-09-21T11:55:50.948009+00:00,370,r-scylla3,4,0,incoming,0
2026-09-21T11:55:50.948009+00:00,370,r-scylla3,4,0,outgoing,0
2026-09-21T11:55:50.948009+00:00,370,r-scylla3,4,1,incoming,184392
2026-09-21T11:55:50.948009+00:00,370,r-scylla3,4,1,outgoing,0
2026-09-21T11:55:50.948009+00:00,370,r-scylla4,4,0,incoming,0
2026-09-21T11:55:50.948009+00:00,370,r-scylla4,4,0,outgoing,0
2026-09-21T11:55:50.948009+00:00,370,r-scylla4,4,1,incoming,0
2026-09-21T11:55:50.948009+00:00,370,r-scylla4,4,1,outgoing,184898
2026-09-21T11:55:51.948168+00:00,371,r-scylla1,4,0,incoming,0
2026-09-21T11:55:51.948168+00:00,371,r-scylla1,4,0,outgoing,0
2026-09-21T11:55:51.948168+00:00,371,r-scylla1,4,1,incoming,506
2026-09-21T11:55:51.948168+00:00,371,r-scylla1,4,1,outgoing,0
2026-09-21T11:55:51.948168+00:00,371,r-scylla2,4,0,incoming,0
2026-09-21T11:55:51.948168+00:00,371,r-scylla2,4,0,outgoing,0
2026-09-21T11:55:51.948168+00:00,371,r-scylla2,4,1,incoming,0
2026-09-21T11:55:51.948168+00:00,371,r-scylla2,4,1,outgoing,0
2026-09-21T11:55:51.948168+00:00,371,r-scylla3,4,0,incoming,0
2026-09-21T11:55:51.948168+00:00,371,r-scylla3,4,0,outgoing,0
2026-09-21T11:55:51.948168+00:00,371,r-scylla3,4,1,incoming,184392
2026-09-21T11:55:51.948168+00:00,371,r-scylla3,4,1,outgoing,0
2026-09-21T11:55:51.948168+00:00,371,r-scylla4,4,0,incoming,0
2026-09-21T11:55:51.948168+00:00,371,r-scylla4,4,0,outgoing,0
2026-09-21T11:55:51.948168+00:00,371,r-scylla4,4,1,incoming,0
2026-09-21T11:55:51.948168+00:00,371,r-scylla4,4,1,outgoing,184898
2026-09-21T11:55:52.948353+00:00,372,r-scylla1,4,0,incoming,0
2026-09-21T11:55:52.948353+00:00,372,r-scylla1,4,0,outgoing,0
2026-09-21T11:55:52.948353+00:00,372,r-scylla1,4,1,incoming,506
2026-09-21T11:55:52.948353+00:00,372,r-scylla1,4,1,outgoing,0
2026-09-21T11:55:52.948353+00:00,372,r-scylla2,4,0,incoming,0
2026-09-21T11:55:52.948353+00:00,372,r-scylla2,4,0,outgoing,0
2026-09-21T11:55:52.948353+00:00,372,r-scylla2,4,1,incoming,0
2026-09-21T11:55:52.948353+00:00,372,r-scylla2,4,1,outgoing,0
2026-09-21T11:55:52.948353+00:00,372,r-scylla3,4,0,incoming,0
2026-09-21T11:55:52.948353+00:00,372,r-scylla3,4,0,outgoing,0
2026-09-21T11:55:52.948353+00:00,372,r-scylla3,4,1,incoming,184392
2026-09-21T11:55:52.948353+00:00,372,r-scylla3,4,1,outgoing,0
2026-09-21T11:55:52.948353+00:00,372,r-scylla4,4,0,incoming,0
2026-09-21T11:55:52.948353+00:00,372,r-scylla4,4,0,outgoing,0
2026-09-21T11:55:52.948353+00:00,372,r-scylla4,4,1,incoming,0
2026-09-21T11:55:52.948353+00:00,372,r-scylla4,4,1,outgoing,184898
2026-09-21T11:55:53.948723+00:00,373,r-scylla1,4,0,incoming,0
2026-09-21T11:55:53.948723+00:00,373,r-scylla1,4,0,outgoing,0
2026-09-21T11:55:53.948723+00:00,373,r-scylla1,4,1,incoming,506
2026-09-21T11:55:53.948723+00:00,373,r-scylla1,4,1,outgoing,0
2026-09-21T11:55:53.948723+00:00,373,r-scylla2,4,0,incoming,0
2026-09-21T11:55:53.948723+00:00,373,r-scylla2,4,0,outgoing,0
2026-09-21T11:55:53.948723+00:00,373,r-scylla2,4,1,incoming,0
2026-09-21T11:55:53.948723+00:00,373,r-scylla2,4,1,outgoing,0
2026-09-21T11:55:53.948723+00:00,373,r-scylla3,4,0,incoming,0
2026-09-21T11:55:53.948723+00:00,373,r-scylla3,4,0,outgoing,0
2026-09-21T11:55:53.948723+00:00,373,r-scylla3,4,1,incoming,184392
2026-09-21T11:55:53.948723+00:00,373,r-scylla3,4,1,outgoing,0
2026-09-21T11:55:53.948723+00:00,373,r-scylla4,4,0,incoming,0
2026-09-21T11:55:53.948723+00:00,373,r-scylla4,4,0,outgoing,0
2026-09-21T11:55:53.948723+00:00,373,r-scylla4,4,1,incoming,0
2026-09-21T11:55:53.948723+00:00,373,r-scylla4,4,1,outgoing,184898
2026-09-21T11:55:54.948885+00:00,374,r-scylla1,4,0,incoming,0
2026-09-21T11:55:54.948885+00:00,374,r-scylla1,4,0,outgoing,0
2026-09-21T11:55:54.948885+00:00,374,r-scylla1,4,1,incoming,506
2026-09-21T11:55:54.948885+00:00,374,r-scylla1,4,1,outgoing,0
2026-09-21T11:55:54.948885+00:00,374,r-scylla2,4,0,incoming,0
2026-09-21T11:55:54.948885+00:00,374,r-scylla2,4,0,outgoing,0
2026-09-21T11:55:54.948885+00:00,374,r-scylla2,4,1,incoming,0
2026-09-21T11:55:54.948885+00:00,374,r-scylla2,4,1,outgoing,0
2026-09-21T11:55:54.948885+00:00,374,r-scylla3,4,0,incoming,0
2026-09-21T11:55:54.948885+00:00,374,r-scylla3,4,0,outgoing,0
2026-09-21T11:55:54.948885+00:00,374,r-scylla3,4,1,incoming,184392
2026-09-21T11:55:54.948885+00:00,374,r-scylla3,4,1,outgoing,0
2026-09-21T11:55:54.948885+00:00,374,r-scylla4,4,0,incoming,0
2026-09-21T11:55:54.948885+00:00,374,r-scylla4,4,0,outgoing,0
2026-09-21T11:55:54.948885+00:00,374,r-scylla4,4,1,incoming,0
2026-09-21T11:55:54.948885+00:00,374,r-scylla4,4,1,outgoing,184898
2026-09-21T11:55:55.949029+00:00,375,r-scylla1,4,0,incoming,0
2026-09-21T11:55:55.949029+00:00,375,r-scylla1,4,0,outgoing,0
2026-09-21T11:55:55.949029+00:00,375,r-scylla1,4,1,incoming,506
2026-09-21T11:55:55.949029+00:00,375,r-scylla1,4,1,outgoing,0
2026-09-21T11:55:55.949029+00:00,375,r-scylla2,4,0,incoming,0
2026-09-21T11:55:55.949029+00:00,375,r-scylla2,4,0,outgoing,0
2026-09-21T11:55:55.949029+00:00,375,r-scylla2,4,1,incoming,0
2026-09-21T11:55:55.949029+00:00,375,r-scylla2,4,1,outgoing,0
2026-09-21T11:55:55.949029+00:00,375,r-scylla3,4,0,incoming,0
2026-09-21T11:55:55.949029+00:00,375,r-scylla3,4,0,outgoing,0
2026-09-21T11:55:55.949029+00:00,375,r-scylla3,4,1,incoming,184392
2026-09-21T11:55:55.949029+00:00,375,r-scylla3,4,1,outgoing,0
2026-09-21T11:55:55.949029+00:00,375,r-scylla4,4,0,incoming,0
2026-09-21T11:55:55.949029+00:00,375,r-scylla4,4,0,outgoing,0
2026-09-21T11:55:55.949029+00:00,375,r-scylla4,4,1,incoming,0
2026-09-21T11:55:55.949029+00:00,375,r-scylla4,4,1,outgoing,184898
2026-09-21T11:55:56.949245+00:00,376,r-scylla1,4,0,incoming,0
2026-09-21T11:55:56.949245+00:00,376,r-scylla1,4,0,outgoing,0
2026-09-21T11:55:56.949245+00:00,376,r-scylla1,4,1,incoming,506
2026-09-21T11:55:56.949245+00:00,376,r-scylla1,4,1,outgoing,0
2026-09-21T11:55:56.949245+00:00,376,r-scylla2,4,0,incoming,0
2026-09-21T11:55:56.949245+00:00,376,r-scylla2,4,0,outgoing,0
2026-09-21T11:55:56.949245+00:00,376,r-scylla2,4,1,incoming,0
2026-09-21T11:55:56.949245+00:00,376,r-scylla2,4,1,outgoing,0
2026-09-21T11:55:56.949245+00:00,376,r-scylla3,4,0,incoming,0
2026-09-21T11:55:56.949245+00:00,376,r-scylla3,4,0,outgoing,0
2026-09-21T11:55:56.949245+00:00,376,r-scylla3,4,1,incoming,184392
2026-09-21T11:55:56.949245+00:00,376,r-scylla3,4,1,outgoing,0
2026-09-21T11:55:56.949245+00:00,376,r-scylla4,4,0,incoming,0
2026-09-21T11:55:56.949245+00:00,376,r-scylla4,4,0,outgoing,0
2026-09-21T11:55:56.949245+00:00,376,r-scylla4,4,1,incoming,0
2026-09-21T11:55:56.949245+00:00,376,r-scylla4,4,1,outgoing,184898
2026-09-21T11:55:57.949632+00:00,377,r-scylla1,4,0,incoming,0
2026-09-21T11:55:57.949632+00:00,377,r-scylla1,4,0,outgoing,0
2026-09-21T11:55:57.949632+00:00,377,r-scylla1,4,1,incoming,506
2026-09-21T11:55:57.949632+00:00,377,r-scylla1,4,1,outgoing,0
2026-09-21T11:55:57.949632+00:00,377,r-scylla2,4,0,incoming,0
2026-09-21T11:55:57.949632+00:00,377,r-scylla2,4,0,outgoing,0
2026-09-21T11:55:57.949632+00:00,377,r-scylla2,4,1,incoming,0
2026-09-21T11:55:57.949632+00:00,377,r-scylla2,4,1,outgoing,0
2026-09-21T11:55:57.949632+00:00,377,r-scylla3,4,0,incoming,0
2026-09-21T11:55:57.949632+00:00,377,r-scylla3,4,0,outgoing,0
2026-09-21T11:55:57.949632+00:00,377,r-scylla3,4,1,incoming,184392
2026-09-21T11:55:57.949632+00:00,377,r-scylla3,4,1,outgoing,0
2026-09-21T11:55:57.949632+00:00,377,r-scylla4,4,0,incoming,0
2026-09-21T11:55:57.949632+00:00,377,r-scylla4,4,0,outgoing,0
2026-09-21T11:55:57.949632+00:00,377,r-scylla4,4,1,incoming,0
2026-09-21T11:55:57.949632+00:00,377,r-scylla4,4,1,outgoing,184898
2026-09-21T11:55:58.949955+00:00,378,r-scylla1,4,0,incoming,0
2026-09-21T11:55:58.949955+00:00,378,r-scylla1,4,0,outgoing,0
2026-09-21T11:55:58.949955+00:00,378,r-scylla1,4,1,incoming,506
2026-09-21T11:55:58.949955+00:00,378,r-scylla1,4,1,outgoing,0
2026-09-21T11:55:58.949955+00:00,378,r-scylla2,4,0,incoming,0
2026-09-21T11:55:58.949955+00:00,378,r-scylla2,4,0,outgoing,0
2026-09-21T11:55:58.949955+00:00,378,r-scylla2,4,1,incoming,0
2026-09-21T11:55:58.949955+00:00,378,r-scylla2,4,1,outgoing,0
2026-09-21T11:55:58.949955+00:00,378,r-scylla3,4,0,incoming,0
2026-09-21T11:55:58.949955+00:00,378,r-scylla3,4,0,outgoing,0
2026-09-21T11:55:58.949955+00:00,378,r-scylla3,4,1,incoming,184392
2026-09-21T11:55:58.949955+00:00,378,r-scylla3,4,1,outgoing,0
2026-09-21T11:55:58.949955+00:00,378,r-scylla4,4,0,incoming,0
2026-09-21T11:55:58.949955+00:00,378,r-scylla4,4,0,outgoing,0
2026-09-21T11:55:58.949955+00:00,378,r-scylla4,4,1,incoming,0
2026-09-21T11:55:58.949955+00:00,378,r-scylla4,4,1,outgoing,184898
2026-09-21T11:55:59.950209+00:00,379,r-scylla1,4,0,incoming,0
2026-09-21T11:55:59.950209+00:00,379,r-scylla1,4,0,outgoing,0
2026-09-21T11:55:59.950209+00:00,379,r-scylla1,4,1,incoming,506
2026-09-21T11:55:59.950209+00:00,379,r-scylla1,4,1,outgoing,0
2026-09-21T11:55:59.950209+00:00,379,r-scylla2,4,0,incoming,0
2026-09-21T11:55:59.950209+00:00,379,r-scylla2,4,0,outgoing,0
2026-09-21T11:55:59.950209+00:00,379,r-scylla2,4,1,incoming,0
2026-09-21T11:55:59.950209+00:00,379,r-scylla2,4,1,outgoing,0
2026-09-21T11:55:59.950209+00:00,379,r-scylla3,4,0,incoming,0
2026-09-21T11:55:59.950209+00:00,379,r-scylla3,4,0,outgoing,0
2026-09-21T11:55:59.950209+00:00,379,r-scylla3,4,1,incoming,184392
2026-09-21T11:55:59.950209+00:00,379,r-scylla3,4,1,outgoing,0
2026-09-21T11:55:59.950209+00:00,379,r-scylla4,4,0,incoming,0
2026-09-21T11:55:59.950209+00:00,379,r-scylla4,4,0,outgoing,0
2026-09-21T11:55:59.950209+00:00,379,r-scylla4,4,1,incoming,0
2026-09-21T11:55:59.950209+00:00,379,r-scylla4,4,1,outgoing,184898
2026-09-21T11:56:00.948485+00:00,380,r-scylla1,4,0,incoming,0
2026-09-21T11:56:00.948485+00:00,380,r-scylla1,4,0,outgoing,0
2026-09-21T11:56:00.948485+00:00,380,r-scylla1,4,1,incoming,506
2026-09-21T11:56:00.948485+00:00,380,r-scylla1,4,1,outgoing,0
2026-09-21T11:56:00.948485+00:00,380,r-scylla2,4,0,incoming,0
2026-09-21T11:56:00.948485+00:00,380,r-scylla2,4,0,outgoing,0
2026-09-21T11:56:00.948485+00:00,380,r-scylla2,4,1,incoming,0
2026-09-21T11:56:00.948485+00:00,380,r-scylla2,4,1,outgoing,0
2026-09-21T11:56:00.948485+00:00,380,r-scylla3,4,0,incoming,0
2026-09-21T11:56:00.948485+00:00,380,r-scylla3,4,0,outgoing,0
2026-09-21T11:56:00.948485+00:00,380,r-scylla3,4,1,incoming,184392
2026-09-21T11:56:00.948485+00:00,380,r-scylla3,4,1,outgoing,0
2026-09-21T11:56:00.948485+00:00,380,r-scylla4,4,0,incoming,0
2026-09-21T11:56:00.948485+00:00,380,r-scylla4,4,0,outgoing,0
2026-09-21T11:56:00.948485+00:00,380,r-scylla4,4,1,incoming,0
2026-09-21T11:56:00.948485+00:00,380,r-scylla4,4,1,outgoing,184898
2026-09-21T11:56:01.948662+00:00,381,r-scylla1,4,0,incoming,0
2026-09-21T11:56:01.948662+00:00,381,r-scylla1,4,0,outgoing,0
2026-09-21T11:56:01.948662+00:00,381,r-scylla1,4,1,incoming,506
2026-09-21T11:56:01.948662+00:00,381,r-scylla1,4,1,outgoing,0
2026-09-21T11:56:01.948662+00:00,381,r-scylla2,4,0,incoming,0
2026-09-21T11:56:01.948662+00:00,381,r-scylla2,4,0,outgoing,0
2026-09-21T11:56:01.948662+00:00,381,r-scylla2,4,1,incoming,0
2026-09-21T11:56:01.948662+00:00,381,r-scylla2,4,1,outgoing,0
2026-09-21T11:56:01.948662+00:00,381,r-scylla3,4,0,incoming,0
2026-09-21T11:56:01.948662+00:00,381,r-scylla3,4,0,outgoing,0
2026-09-21T11:56:01.948662+00:00,381,r-scylla3,4,1,incoming,184392
2026-09-21T11:56:01.948662+00:00,381,r-scylla3,4,1,outgoing,0
2026-09-21T11:56:01.948662+00:00,381,r-scylla4,4,0,incoming,0
2026-09-21T11:56:01.948662+00:00,381,r-scylla4,4,0,outgoing,0
2026-09-21T11:56:01.948662+00:00,381,r-scylla4,4,1,incoming,0
2026-09-21T11:56:01.948662+00:00,381,r-scylla4,4,1,outgoing,184898
2026-09-21T11:56:02.948884+00:00,382,r-scylla1,4,0,incoming,0
2026-09-21T11:56:02.948884+00:00,382,r-scylla1,4,0,outgoing,0
2026-09-21T11:56:02.948884+00:00,382,r-scylla1,4,1,incoming,506
2026-09-21T11:56:02.948884+00:00,382,r-scylla1,4,1,outgoing,0
2026-09-21T11:56:02.948884+00:00,382,r-scylla2,4,0,incoming,0
2026-09-21T11:56:02.948884+00:00,382,r-scylla2,4,0,outgoing,0
2026-09-21T11:56:02.948884+00:00,382,r-scylla2,4,1,incoming,0
2026-09-21T11:56:02.948884+00:00,382,r-scylla2,4,1,outgoing,0
2026-09-21T11:56:02.948884+00:00,382,r-scylla3,4,0,incoming,0
2026-09-21T11:56:02.948884+00:00,382,r-scylla3,4,0,outgoing,0
2026-09-21T11:56:02.948884+00:00,382,r-scylla3,4,1,incoming,184392
2026-09-21T11:56:02.948884+00:00,382,r-scylla3,4,1,outgoing,0
2026-09-21T11:56:02.948884+00:00,382,r-scylla4,4,0,incoming,0
2026-09-21T11:56:02.948884+00:00,382,r-scylla4,4,0,outgoing,0
2026-09-21T11:56:02.948884+00:00,382,r-scylla4,4,1,incoming,0
2026-09-21T11:56:02.948884+00:00,382,r-scylla4,4,1,outgoing,184898
2026-09-21T11:56:03.949000+00:00,383,r-scylla1,4,0,incoming,0
2026-09-21T11:56:03.949000+00:00,383,r-scylla1,4,0,outgoing,0
2026-09-21T11:56:03.949000+00:00,383,r-scylla1,4,1,incoming,506
2026-09-21T11:56:03.949000+00:00,383,r-scylla1,4,1,outgoing,0
2026-09-21T11:56:03.949000+00:00,383,r-scylla2,4,0,incoming,0
2026-09-21T11:56:03.949000+00:00,383,r-scylla2,4,0,outgoing,0
2026-09-21T11:56:03.949000+00:00,383,r-scylla2,4,1,incoming,0
2026-09-21T11:56:03.949000+00:00,383,r-scylla2,4,1,outgoing,0
2026-09-21T11:56:03.949000+00:00,383,r-scylla3,4,0,incoming,0
2026-09-21T11:56:03.949000+00:00,383,r-scylla3,4,0,outgoing,0
2026-09-21T11:56:03.949000+00:00,383,r-scylla3,4,1,incoming,184392
2026-09-21T11:56:03.949000+00:00,383,r-scylla3,4,1,outgoing,0
2026-09-21T11:56:03.949000+00:00,383,r-scylla4,4,0,incoming,0
2026-09-21T11:56:03.949000+00:00,383,r-scylla4,4,0,outgoing,0
2026-09-21T11:56:03.949000+00:00,383,r-scylla4,4,1,incoming,0
2026-09-21T11:56:03.949000+00:00,383,r-scylla4,4,1,outgoing,184898
2026-09-21T11:56:04.949306+00:00,384,r-scylla1,4,0,incoming,0
2026-09-21T11:56:04.949306+00:00,384,r-scylla1,4,0,outgoing,0
2026-09-21T11:56:04.949306+00:00,384,r-scylla1,4,1,incoming,506
2026-09-21T11:56:04.949306+00:00,384,r-scylla1,4,1,outgoing,0
2026-09-21T11:56:04.949306+00:00,384,r-scylla2,4,0,incoming,0
2026-09-21T11:56:04.949306+00:00,384,r-scylla2,4,0,outgoing,0
2026-09-21T11:56:04.949306+00:00,384,r-scylla2,4,1,incoming,0
2026-09-21T11:56:04.949306+00:00,384,r-scylla2,4,1,outgoing,0
2026-09-21T11:56:04.949306+00:00,384,r-scylla3,4,0,incoming,0
2026-09-21T11:56:04.949306+00:00,384,r-scylla3,4,0,outgoing,0
2026-09-21T11:56:04.949306+00:00,384,r-scylla3,4,1,incoming,184392
2026-09-21T11:56:04.949306+00:00,384,r-scylla3,4,1,outgoing,0
2026-09-21T11:56:04.949306+00:00,384,r-scylla4,4,0,incoming,0
2026-09-21T11:56:04.949306+00:00,384,r-scylla4,4,0,outgoing,0
2026-09-21T11:56:04.949306+00:00,384,r-scylla4,4,1,incoming,0
2026-09-21T11:56:04.949306+00:00,384,r-scylla4,4,1,outgoing,184898
2026-09-21T11:56:05.949458+00:00,385,r-scylla1,4,0,incoming,0
2026-09-21T11:56:05.949458+00:00,385,r-scylla1,4,0,outgoing,0
2026-09-21T11:56:05.949458+00:00,385,r-scylla1,4,1,incoming,506
2026-09-21T11:56:05.949458+00:00,385,r-scylla1,4,1,outgoing,0
2026-09-21T11:56:05.949458+00:00,385,r-scylla2,4,0,incoming,0
2026-09-21T11:56:05.949458+00:00,385,r-scylla2,4,0,outgoing,0
2026-09-21T11:56:05.949458+00:00,385,r-scylla2,4,1,incoming,0
2026-09-21T11:56:05.949458+00:00,385,r-scylla2,4,1,outgoing,0
2026-09-21T11:56:05.949458+00:00,385,r-scylla3,4,0,incoming,0
2026-09-21T11:56:05.949458+00:00,385,r-scylla3,4,0,outgoing,0
2026-09-21T11:56:05.949458+00:00,385,r-scylla3,4,1,incoming,184392
2026-09-21T11:56:05.949458+00:00,385,r-scylla3,4,1,outgoing,0
2026-09-21T11:56:05.949458+00:00,385,r-scylla4,4,0,incoming,0
2026-09-21T11:56:05.949458+00:00,385,r-scylla4,4,0,outgoing,0
2026-09-21T11:56:05.949458+00:00,385,r-scylla4,4,1,incoming,0
2026-09-21T11:56:05.949458+00:00,385,r-scylla4,4,1,outgoing,184898
2026-09-21T11:56:06.949608+00:00,386,r-scylla1,4,0,incoming,0
2026-09-21T11:56:06.949608+00:00,386,r-scylla1,4,0,outgoing,0
2026-09-21T11:56:06.949608+00:00,386,r-scylla1,4,1,incoming,506
2026-09-21T11:56:06.949608+00:00,386,r-scylla1,4,1,outgoing,0
2026-09-21T11:56:06.949608+00:00,386,r-scylla2,4,0,incoming,0
2026-09-21T11:56:06.949608+00:00,386,r-scylla2,4,0,outgoing,0
2026-09-21T11:56:06.949608+00:00,386,r-scylla2,4,1,incoming,0
2026-09-21T11:56:06.949608+00:00,386,r-scylla2,4,1,outgoing,0
2026-09-21T11:56:06.949608+00:00,386,r-scylla3,4,0,incoming,0
2026-09-21T11:56:06.949608+00:00,386,r-scylla3,4,0,outgoing,0
2026-09-21T11:56:06.949608+00:00,386,r-scylla3,4,1,incoming,184392
2026-09-21T11:56:06.949608+00:00,386,r-scylla3,4,1,outgoing,0
2026-09-21T11:56:06.949608+00:00,386,r-scylla4,4,0,incoming,0
2026-09-21T11:56:06.949608+00:00,386,r-scylla4,4,0,outgoing,0
2026-09-21T11:56:06.949608+00:00,386,r-scylla4,4,1,incoming,0
2026-09-21T11:56:06.949608+00:00,386,r-scylla4,4,1,outgoing,184898
2026-09-21T11:56:07.949829+00:00,387,r-scylla1,4,0,incoming,0
2026-09-21T11:56:07.949829+00:00,387,r-scylla1,4,0,outgoing,0
2026-09-21T11:56:07.949829+00:00,387,r-scylla1,4,1,incoming,506
2026-09-21T11:56:07.949829+00:00,387,r-scylla1,4,1,outgoing,0
2026-09-21T11:56:07.949829+00:00,387,r-scylla2,4,0,incoming,0
2026-09-21T11:56:07.949829+00:00,387,r-scylla2,4,0,outgoing,0
2026-09-21T11:56:07.949829+00:00,387,r-scylla2,4,1,incoming,0
2026-09-21T11:56:07.949829+00:00,387,r-scylla2,4,1,outgoing,0
2026-09-21T11:56:07.949829+00:00,387,r-scylla3,4,0,incoming,0
2026-09-21T11:56:07.949829+00:00,387,r-scylla3,4,0,outgoing,0
2026-09-21T11:56:07.949829+00:00,387,r-scylla3,4,1,incoming,184392
2026-09-21T11:56:07.949829+00:00,387,r-scylla3,4,1,outgoing,0
2026-09-21T11:56:07.949829+00:00,387,r-scylla4,4,0,incoming,0
2026-09-21T11:56:07.949829+00:00,387,r-scylla4,4,0,outgoing,0
2026-09-21T11:56:07.949829+00:00,387,r-scylla4,4,1,incoming,0
2026-09-21T11:56:07.949829+00:00,387,r-scylla4,4,1,outgoing,184898
2026-09-21T11:56:08.949991+00:00,388,r-scylla1,3,0,incoming,0
2026-09-21T11:56:08.949991+00:00,388,r-scylla1,3,0,outgoing,0
2026-09-21T11:56:08.949991+00:00,388,r-scylla1,3,1,incoming,506
2026-09-21T11:56:08.949991+00:00,388,r-scylla1,3,1,outgoing,0
2026-09-21T11:56:08.949991+00:00,388,r-scylla2,3,0,incoming,0
2026-09-21T11:56:08.949991+00:00,388,r-scylla2,3,0,outgoing,0
2026-09-21T11:56:08.949991+00:00,388,r-scylla2,3,1,incoming,0
2026-09-21T11:56:08.949991+00:00,388,r-scylla2,3,1,outgoing,0
2026-09-21T11:56:08.949991+00:00,388,r-scylla3,3,0,incoming,0
2026-09-21T11:56:08.949991+00:00,388,r-scylla3,3,0,outgoing,0
2026-09-21T11:56:08.949991+00:00,388,r-scylla3,3,1,incoming,184392
2026-09-21T11:56:08.949991+00:00,388,r-scylla3,3,1,outgoing,0
2026-09-21T11:56:16.991394+00:00,389,r-scylla1,3,0,incoming,0
2026-09-21T11:56:16.991394+00:00,389,r-scylla1,3,0,outgoing,0
2026-09-21T11:56:16.991394+00:00,389,r-scylla1,3,1,incoming,506
2026-09-21T11:56:16.991394+00:00,389,r-scylla1,3,1,outgoing,0
2026-09-21T11:56:16.991394+00:00,389,r-scylla2,3,0,incoming,0
2026-09-21T11:56:16.991394+00:00,389,r-scylla2,3,0,outgoing,0
2026-09-21T11:56:16.991394+00:00,389,r-scylla2,3,1,incoming,0
2026-09-21T11:56:16.991394+00:00,389,r-scylla2,3,1,outgoing,0
2026-09-21T11:56:16.991394+00:00,389,r-scylla3,3,0,incoming,0
2026-09-21T11:56:16.991394+00:00,389,r-scylla3,3,0,outgoing,0
2026-09-21T11:56:16.991394+00:00,389,r-scylla3,3,1,incoming,184392
2026-09-21T11:56:16.991394+00:00,389,r-scylla3,3,1,outgoing,0
2026-09-21T11:56:17.991588+00:00,390,r-scylla1,3,0,incoming,0
2026-09-21T11:56:17.991588+00:00,390,r-scylla1,3,0,outgoing,0
2026-09-21T11:56:17.991588+00:00,390,r-scylla1,3,1,incoming,506
2026-09-21T11:56:17.991588+00:00,390,r-scylla1,3,1,outgoing,0
2026-09-21T11:56:17.991588+00:00,390,r-scylla2,3,0,incoming,0
2026-09-21T11:56:17.991588+00:00,390,r-scylla2,3,0,outgoing,0
2026-09-21T11:56:17.991588+00:00,390,r-scylla2,3,1,incoming,0
2026-09-21T11:56:17.991588+00:00,390,r-scylla2,3,1,outgoing,0
2026-09-21T11:56:17.991588+00:00,390,r-scylla3,3,0,incoming,0
2026-09-21T11:56:17.991588+00:00,390,r-scylla3,3,0,outgoing,0
2026-09-21T11:56:17.991588+00:00,390,r-scylla3,3,1,incoming,184392
2026-09-21T11:56:17.991588+00:00,390,r-scylla3,3,1,outgoing,0
2026-09-21T11:56:18.991804+00:00,391,r-scylla1,3,0,incoming,0
2026-09-21T11:56:18.991804+00:00,391,r-scylla1,3,0,outgoing,0
2026-09-21T11:56:18.991804+00:00,391,r-scylla1,3,1,incoming,506
2026-09-21T11:56:18.991804+00:00,391,r-scylla1,3,1,outgoing,0
2026-09-21T11:56:18.991804+00:00,391,r-scylla2,3,0,incoming,0
2026-09-21T11:56:18.991804+00:00,391,r-scylla2,3,0,outgoing,0
2026-09-21T11:56:18.991804+00:00,391,r-scylla2,3,1,incoming,0
2026-09-21T11:56:18.991804+00:00,391,r-scylla2,3,1,outgoing,0
2026-09-21T11:56:18.991804+00:00,391,r-scylla3,3,0,incoming,0
2026-09-21T11:56:18.991804+00:00,391,r-scylla3,3,0,outgoing,0
2026-09-21T11:56:18.991804+00:00,391,r-scylla3,3,1,incoming,184392
2026-09-21T11:56:18.991804+00:00,391,r-scylla3,3,1,outgoing,0
2026-09-21T11:56:19.992000+00:00,392,r-scylla1,3,0,incoming,0
2026-09-21T11:56:19.992000+00:00,392,r-scylla1,3,0,outgoing,0
2026-09-21T11:56:19.992000+00:00,392,r-scylla1,3,1,incoming,506
2026-09-21T11:56:19.992000+00:00,392,r-scylla1,3,1,outgoing,0
2026-09-21T11:56:19.992000+00:00,392,r-scylla2,3,0,incoming,0
2026-09-21T11:56:19.992000+00:00,392,r-scylla2,3,0,outgoing,0
2026-09-21T11:56:19.992000+00:00,392,r-scylla2,3,1,incoming,0
2026-09-21T11:56:19.992000+00:00,392,r-scylla2,3,1,outgoing,0
2026-09-21T11:56:19.992000+00:00,392,r-scylla3,3,0,incoming,0
2026-09-21T11:56:19.992000+00:00,392,r-scylla3,3,0,outgoing,0
2026-09-21T11:56:19.992000+00:00,392,r-scylla3,3,1,incoming,184392
2026-09-21T11:56:19.992000+00:00,392,r-scylla3,3,1,outgoing,0
2026-09-21T11:56:20.992170+00:00,393,r-scylla1,3,0,incoming,0
2026-09-21T11:56:20.992170+00:00,393,r-scylla1,3,0,outgoing,0
2026-09-21T11:56:20.992170+00:00,393,r-scylla1,3,1,incoming,506
2026-09-21T11:56:20.992170+00:00,393,r-scylla1,3,1,outgoing,0
2026-09-21T11:56:20.992170+00:00,393,r-scylla2,3,0,incoming,0
2026-09-21T11:56:20.992170+00:00,393,r-scylla2,3,0,outgoing,0
2026-09-21T11:56:20.992170+00:00,393,r-scylla2,3,1,incoming,0
2026-09-21T11:56:20.992170+00:00,393,r-scylla2,3,1,outgoing,0
2026-09-21T11:56:20.992170+00:00,393,r-scylla3,3,0,incoming,0
2026-09-21T11:56:20.992170+00:00,393,r-scylla3,3,0,outgoing,0
2026-09-21T11:56:20.992170+00:00,393,r-scylla3,3,1,incoming,184392
2026-09-21T11:56:20.992170+00:00,393,r-scylla3,3,1,outgoing,0
2026-09-21T11:56:21.992319+00:00,394,r-scylla1,3,0,incoming,0
2026-09-21T11:56:21.992319+00:00,394,r-scylla1,3,0,outgoing,0
2026-09-21T11:56:21.992319+00:00,394,r-scylla1,3,1,incoming,506
2026-09-21T11:56:21.992319+00:00,394,r-scylla1,3,1,outgoing,0
2026-09-21T11:56:21.992319+00:00,394,r-scylla2,3,0,incoming,0
2026-09-21T11:56:21.992319+00:00,394,r-scylla2,3,0,outgoing,0
2026-09-21T11:56:21.992319+00:00,394,r-scylla2,3,1,incoming,0
2026-09-21T11:56:21.992319+00:00,394,r-scylla2,3,1,outgoing,0
2026-09-21T11:56:21.992319+00:00,394,r-scylla3,3,0,incoming,0
2026-09-21T11:56:21.992319+00:00,394,r-scylla3,3,0,outgoing,0
2026-09-21T11:56:21.992319+00:00,394,r-scylla3,3,1,incoming,184392
2026-09-21T11:56:21.992319+00:00,394,r-scylla3,3,1,outgoing,0
2026-09-21T11:56:22.992446+00:00,395,r-scylla1,3,0,incoming,0
2026-09-21T11:56:22.992446+00:00,395,r-scylla1,3,0,outgoing,0
2026-09-21T11:56:22.992446+00:00,395,r-scylla1,3,1,incoming,506
2026-09-21T11:56:22.992446+00:00,395,r-scylla1,3,1,outgoing,0
2026-09-21T11:56:22.992446+00:00,395,r-scylla2,3,0,incoming,0
2026-09-21T11:56:22.992446+00:00,395,r-scylla2,3,0,outgoing,0
2026-09-21T11:56:22.992446+00:00,395,r-scylla2,3,1,incoming,0
2026-09-21T11:56:22.992446+00:00,395,r-scylla2,3,1,outgoing,0
2026-09-21T11:56:22.992446+00:00,395,r-scylla3,3,0,incoming,0
2026-09-21T11:56:22.992446+00:00,395,r-scylla3,3,0,outgoing,0
2026-09-21T11:56:22.992446+00:00,395,r-scylla3,3,1,incoming,184392
2026-09-21T11:56:22.992446+00:00,395,r-scylla3,3,1,outgoing,0
2026-09-21T11:56:23.992658+00:00,396,r-scylla1,3,0,incoming,0
2026-09-21T11:56:23.992658+00:00,396,r-scylla1,3,0,outgoing,0
2026-09-21T11:56:23.992658+00:00,396,r-scylla1,3,1,incoming,506
2026-09-21T11:56:23.992658+00:00,396,r-scylla1,3,1,outgoing,0
2026-09-21T11:56:23.992658+00:00,396,r-scylla2,3,0,incoming,0
2026-09-21T11:56:23.992658+00:00,396,r-scylla2,3,0,outgoing,0
2026-09-21T11:56:23.992658+00:00,396,r-scylla2,3,1,incoming,0
2026-09-21T11:56:23.992658+00:00,396,r-scylla2,3,1,outgoing,0
2026-09-21T11:56:23.992658+00:00,396,r-scylla3,3,0,incoming,0
2026-09-21T11:56:23.992658+00:00,396,r-scylla3,3,0,outgoing,0
2026-09-21T11:56:23.992658+00:00,396,r-scylla3,3,1,incoming,184392
2026-09-21T11:56:23.992658+00:00,396,r-scylla3,3,1,outgoing,0
2026-09-21T11:56:24.992952+00:00,397,r-scylla1,3,0,incoming,0
2026-09-21T11:56:24.992952+00:00,397,r-scylla1,3,0,outgoing,0
2026-09-21T11:56:24.992952+00:00,397,r-scylla1,3,1,incoming,506
2026-09-21T11:56:24.992952+00:00,397,r-scylla1,3,1,outgoing,0
2026-09-21T11:56:24.992952+00:00,397,r-scylla2,3,0,incoming,0
2026-09-21T11:56:24.992952+00:00,397,r-scylla2,3,0,outgoing,0
2026-09-21T11:56:24.992952+00:00,397,r-scylla2,3,1,incoming,0
2026-09-21T11:56:24.992952+00:00,397,r-scylla2,3,1,outgoing,0
2026-09-21T11:56:24.992952+00:00,397,r-scylla3,3,0,incoming,0
2026-09-21T11:56:24.992952+00:00,397,r-scylla3,3,0,outgoing,0
2026-09-21T11:56:24.992952+00:00,397,r-scylla3,3,1,incoming,184392
2026-09-21T11:56:24.992952+00:00,397,r-scylla3,3,1,outgoing,0
2026-09-21T11:56:25.993260+00:00,398,r-scylla1,3,0,incoming,0
2026-09-21T11:56:25.993260+00:00,398,r-scylla1,3,0,outgoing,0
2026-09-21T11:56:25.993260+00:00,398,r-scylla1,3,1,incoming,506
2026-09-21T11:56:25.993260+00:00,398,r-scylla1,3,1,outgoing,0
2026-09-21T11:56:25.993260+00:00,398,r-scylla2,3,0,incoming,0
2026-09-21T11:56:25.993260+00:00,398,r-scylla2,3,0,outgoing,0
2026-09-21T11:56:25.993260+00:00,398,r-scylla2,3,1,incoming,0
2026-09-21T11:56:25.993260+00:00,398,r-scylla2,3,1,outgoing,0
2026-09-21T11:56:25.993260+00:00,398,r-scylla3,3,0,incoming,0
2026-09-21T11:56:25.993260+00:00,398,r-scylla3,3,0,outgoing,0
2026-09-21T11:56:25.993260+00:00,398,r-scylla3,3,1,incoming,184392
2026-09-21T11:56:25.993260+00:00,398,r-scylla3,3,1,outgoing,0
2026-09-21T11:56:26.993368+00:00,399,r-scylla1,3,0,incoming,0
2026-09-21T11:56:26.993368+00:00,399,r-scylla1,3,0,outgoing,0
2026-09-21T11:56:26.993368+00:00,399,r-scylla1,3,1,incoming,506
2026-09-21T11:56:26.993368+00:00,399,r-scylla1,3,1,outgoing,0
2026-09-21T11:56:26.993368+00:00,399,r-scylla2,3,0,incoming,0
2026-09-21T11:56:26.993368+00:00,399,r-scylla2,3,0,outgoing,0
2026-09-21T11:56:26.993368+00:00,399,r-scylla2,3,1,incoming,0
2026-09-21T11:56:26.993368+00:00,399,r-scylla2,3,1,outgoing,0
2026-09-21T11:56:26.993368+00:00,399,r-scylla3,3,0,incoming,0
2026-09-21T11:56:26.993368+00:00,399,r-scylla3,3,0,outgoing,0
2026-09-21T11:56:26.993368+00:00,399,r-scylla3,3,1,incoming,184392
2026-09-21T11:56:26.993368+00:00,399,r-scylla3,3,1,outgoing,0
2026-09-21T11:56:27.993534+00:00,400,r-scylla1,3,0,incoming,0
2026-09-21T11:56:27.993534+00:00,400,r-scylla1,3,0,outgoing,0
2026-09-21T11:56:27.993534+00:00,400,r-scylla1,3,1,incoming,506
2026-09-21T11:56:27.993534+00:00,400,r-scylla1,3,1,outgoing,0
2026-09-21T11:56:27.993534+00:00,400,r-scylla2,3,0,incoming,0
2026-09-21T11:56:27.993534+00:00,400,r-scylla2,3,0,outgoing,0
2026-09-21T11:56:27.993534+00:00,400,r-scylla2,3,1,incoming,0
2026-09-21T11:56:27.993534+00:00,400,r-scylla2,3,1,outgoing,0
2026-09-21T11:56:27.993534+00:00,400,r-scylla3,3,0,incoming,0
2026-09-21T11:56:27.993534+00:00,400,r-scylla3,3,0,outgoing,0
2026-09-21T11:56:27.993534+00:00,400,r-scylla3,3,1,incoming,184392
2026-09-21T11:56:27.993534+00:00,400,r-scylla3,3,1,outgoing,0
2026-09-21T11:56:28.993796+00:00,401,r-scylla1,3,0,incoming,0
2026-09-21T11:56:28.993796+00:00,401,r-scylla1,3,0,outgoing,0
2026-09-21T11:56:28.993796+00:00,401,r-scylla1,3,1,incoming,506
2026-09-21T11:56:28.993796+00:00,401,r-scylla1,3,1,outgoing,0
2026-09-21T11:56:28.993796+00:00,401,r-scylla2,3,0,incoming,0
2026-09-21T11:56:28.993796+00:00,401,r-scylla2,3,0,outgoing,0
2026-09-21T11:56:28.993796+00:00,401,r-scylla2,3,1,incoming,0
2026-09-21T11:56:28.993796+00:00,401,r-scylla2,3,1,outgoing,0
2026-09-21T11:56:28.993796+00:00,401,r-scylla3,3,0,incoming,0
2026-09-21T11:56:28.993796+00:00,401,r-scylla3,3,0,outgoing,0
2026-09-21T11:56:28.993796+00:00,401,r-scylla3,3,1,incoming,184392
2026-09-21T11:56:28.993796+00:00,401,r-scylla3,3,1,outgoing,0
2026-09-21T11:56:29.993891+00:00,402,r-scylla1,3,0,incoming,0
2026-09-21T11:56:29.993891+00:00,402,r-scylla1,3,0,outgoing,0
2026-09-21T11:56:29.993891+00:00,402,r-scylla1,3,1,incoming,506
2026-09-21T11:56:29.993891+00:00,402,r-scylla1,3,1,outgoing,0
2026-09-21T11:56:29.993891+00:00,402,r-scylla2,3,0,incoming,0
2026-09-21T11:56:29.993891+00:00,402,r-scylla2,3,0,outgoing,0
2026-09-21T11:56:29.993891+00:00,402,r-scylla2,3,1,incoming,0
2026-09-21T11:56:29.993891+00:00,402,r-scylla2,3,1,outgoing,0
2026-09-21T11:56:29.993891+00:00,402,r-scylla3,3,0,incoming,0
2026-09-21T11:56:29.993891+00:00,402,r-scylla3,3,0,outgoing,0
2026-09-21T11:56:29.993891+00:00,402,r-scylla3,3,1,incoming,184392
2026-09-21T11:56:29.993891+00:00,402,r-scylla3,3,1,outgoing,0
2026-09-21T11:56:30.992714+00:00,403,r-scylla1,3,0,incoming,0
2026-09-21T11:56:30.992714+00:00,403,r-scylla1,3,0,outgoing,0
2026-09-21T11:56:30.992714+00:00,403,r-scylla1,3,1,incoming,506
2026-09-21T11:56:30.992714+00:00,403,r-scylla1,3,1,outgoing,0
2026-09-21T11:56:30.992714+00:00,403,r-scylla2,3,0,incoming,0
2026-09-21T11:56:30.992714+00:00,403,r-scylla2,3,0,outgoing,0
2026-09-21T11:56:30.992714+00:00,403,r-scylla2,3,1,incoming,0
2026-09-21T11:56:30.992714+00:00,403,r-scylla2,3,1,outgoing,0
2026-09-21T11:56:30.992714+00:00,403,r-scylla3,3,0,incoming,0
2026-09-21T11:56:30.992714+00:00,403,r-scylla3,3,0,outgoing,0
2026-09-21T11:56:30.992714+00:00,403,r-scylla3,3,1,incoming,184392
2026-09-21T11:56:30.992714+00:00,403,r-scylla3,3,1,outgoing,0
2026-09-21T11:56:31.992886+00:00,404,r-scylla1,3,0,incoming,0
2026-09-21T11:56:31.992886+00:00,404,r-scylla1,3,0,outgoing,0
2026-09-21T11:56:31.992886+00:00,404,r-scylla1,3,1,incoming,506
2026-09-21T11:56:31.992886+00:00,404,r-scylla1,3,1,outgoing,0
2026-09-21T11:56:31.992886+00:00,404,r-scylla2,3,0,incoming,0
2026-09-21T11:56:31.992886+00:00,404,r-scylla2,3,0,outgoing,0
2026-09-21T11:56:31.992886+00:00,404,r-scylla2,3,1,incoming,0
2026-09-21T11:56:31.992886+00:00,404,r-scylla2,3,1,outgoing,0
2026-09-21T11:56:31.992886+00:00,404,r-scylla3,3,0,incoming,0
2026-09-21T11:56:31.992886+00:00,404,r-scylla3,3,0,outgoing,0
2026-09-21T11:56:31.992886+00:00,404,r-scylla3,3,1,incoming,184392
2026-09-21T11:56:31.992886+00:00,404,r-scylla3,3,1,outgoing,0
2026-09-21T11:56:32.993042+00:00,405,r-scylla1,3,0,incoming,0
2026-09-21T11:56:32.993042+00:00,405,r-scylla1,3,0,outgoing,0
2026-09-21T11:56:32.993042+00:00,405,r-scylla1,3,1,incoming,506
2026-09-21T11:56:32.993042+00:00,405,r-scylla1,3,1,outgoing,0
2026-09-21T11:56:32.993042+00:00,405,r-scylla2,3,0,incoming,0
2026-09-21T11:56:32.993042+00:00,405,r-scylla2,3,0,outgoing,0
2026-09-21T11:56:32.993042+00:00,405,r-scylla2,3,1,incoming,0
2026-09-21T11:56:32.993042+00:00,405,r-scylla2,3,1,outgoing,0
2026-09-21T11:56:32.993042+00:00,405,r-scylla3,3,0,incoming,0
2026-09-21T11:56:32.993042+00:00,405,r-scylla3,3,0,outgoing,0
2026-09-21T11:56:32.993042+00:00,405,r-scylla3,3,1,incoming,184392
2026-09-21T11:56:32.993042+00:00,405,r-scylla3,3,1,outgoing,0
2026-09-21T11:56:33.993176+00:00,406,r-scylla1,3,0,incoming,0
2026-09-21T11:56:33.993176+00:00,406,r-scylla1,3,0,outgoing,0
2026-09-21T11:56:33.993176+00:00,406,r-scylla1,3,1,incoming,506
2026-09-21T11:56:33.993176+00:00,406,r-scylla1,3,1,outgoing,0
2026-09-21T11:56:33.993176+00:00,406,r-scylla2,3,0,incoming,0
2026-09-21T11:56:33.993176+00:00,406,r-scylla2,3,0,outgoing,0
2026-09-21T11:56:33.993176+00:00,406,r-scylla2,3,1,incoming,0
2026-09-21T11:56:33.993176+00:00,406,r-scylla2,3,1,outgoing,0
2026-09-21T11:56:33.993176+00:00,406,r-scylla3,3,0,incoming,0
2026-09-21T11:56:33.993176+00:00,406,r-scylla3,3,0,outgoing,0
2026-09-21T11:56:33.993176+00:00,406,r-scylla3,3,1,incoming,184392
2026-09-21T11:56:33.993176+00:00,406,r-scylla3,3,1,outgoing,0
2026-09-21T11:56:34.993324+00:00,407,r-scylla1,3,0,incoming,0
2026-09-21T11:56:34.993324+00:00,407,r-scylla1,3,0,outgoing,0
2026-09-21T11:56:34.993324+00:00,407,r-scylla1,3,1,incoming,506
2026-09-21T11:56:34.993324+00:00,407,r-scylla1,3,1,outgoing,0
2026-09-21T11:56:34.993324+00:00,407,r-scylla2,3,0,incoming,0
2026-09-21T11:56:34.993324+00:00,407,r-scylla2,3,0,outgoing,0
2026-09-21T11:56:34.993324+00:00,407,r-scylla2,3,1,incoming,0
2026-09-21T11:56:34.993324+00:00,407,r-scylla2,3,1,outgoing,0
2026-09-21T11:56:34.993324+00:00,407,r-scylla3,3,0,incoming,0
2026-09-21T11:56:34.993324+00:00,407,r-scylla3,3,0,outgoing,0
2026-09-21T11:56:34.993324+00:00,407,r-scylla3,3,1,incoming,184392
2026-09-21T11:56:34.993324+00:00,407,r-scylla3,3,1,outgoing,0
2026-09-21T11:56:35.993598+00:00,408,r-scylla1,3,0,incoming,0
2026-09-21T11:56:35.993598+00:00,408,r-scylla1,3,0,outgoing,0
2026-09-21T11:56:35.993598+00:00,408,r-scylla1,3,1,incoming,506
2026-09-21T11:56:35.993598+00:00,408,r-scylla1,3,1,outgoing,0
2026-09-21T11:56:35.993598+00:00,408,r-scylla2,3,0,incoming,0
2026-09-21T11:56:35.993598+00:00,408,r-scylla2,3,0,outgoing,0
2026-09-21T11:56:35.993598+00:00,408,r-scylla2,3,1,incoming,0
2026-09-21T11:56:35.993598+00:00,408,r-scylla2,3,1,outgoing,0
2026-09-21T11:56:35.993598+00:00,408,r-scylla3,3,0,incoming,0
2026-09-21T11:56:35.993598+00:00,408,r-scylla3,3,0,outgoing,0
2026-09-21T11:56:35.993598+00:00,408,r-scylla3,3,1,incoming,184392
2026-09-21T11:56:35.993598+00:00,408,r-scylla3,3,1,outgoing,0
2026-09-21T11:56:36.993698+00:00,409,r-scylla1,3,0,incoming,0
2026-09-21T11:56:36.993698+00:00,409,r-scylla1,3,0,outgoing,0
2026-09-21T11:56:36.993698+00:00,409,r-scylla1,3,1,incoming,506
2026-09-21T11:56:36.993698+00:00,409,r-scylla1,3,1,outgoing,0
2026-09-21T11:56:36.993698+00:00,409,r-scylla2,3,0,incoming,0
2026-09-21T11:56:36.993698+00:00,409,r-scylla2,3,0,outgoing,0
2026-09-21T11:56:36.993698+00:00,409,r-scylla2,3,1,incoming,0
2026-09-21T11:56:36.993698+00:00,409,r-scylla2,3,1,outgoing,0
2026-09-21T11:56:36.993698+00:00,409,r-scylla3,3,0,incoming,0
2026-09-21T11:56:36.993698+00:00,409,r-scylla3,3,0,outgoing,0
2026-09-21T11:56:36.993698+00:00,409,r-scylla3,3,1,incoming,184392
2026-09-21T11:56:36.993698+00:00,409,r-scylla3,3,1,outgoing,0
2026-09-21T11:56:37.993891+00:00,410,r-scylla1,3,0,incoming,0
2026-09-21T11:56:37.993891+00:00,410,r-scylla1,3,0,outgoing,0
2026-09-21T11:56:37.993891+00:00,410,r-scylla1,3,1,incoming,506
2026-09-21T11:56:37.993891+00:00,410,r-scylla1,3,1,outgoing,0
2026-09-21T11:56:37.993891+00:00,410,r-scylla2,3,0,incoming,0
2026-09-21T11:56:37.993891+00:00,410,r-scylla2,3,0,outgoing,0
2026-09-21T11:56:37.993891+00:00,410,r-scylla2,3,1,incoming,0
2026-09-21T11:56:37.993891+00:00,410,r-scylla2,3,1,outgoing,0
2026-09-21T11:56:37.993891+00:00,410,r-scylla3,3,0,incoming,0
2026-09-21T11:56:37.993891+00:00,410,r-scylla3,3,0,outgoing,0
2026-09-21T11:56:37.993891+00:00,410,r-scylla3,3,1,incoming,184392
2026-09-21T11:56:37.993891+00:00,410,r-scylla3,3,1,outgoing,0
2026-09-21T11:56:38.994243+00:00,411,r-scylla1,3,0,incoming,0
2026-09-21T11:56:38.994243+00:00,411,r-scylla1,3,0,outgoing,0
2026-09-21T11:56:38.994243+00:00,411,r-scylla1,3,1,incoming,506
2026-09-21T11:56:38.994243+00:00,411,r-scylla1,3,1,outgoing,0
2026-09-21T11:56:38.994243+00:00,411,r-scylla2,3,0,incoming,0
2026-09-21T11:56:38.994243+00:00,411,r-scylla2,3,0,outgoing,0
2026-09-21T11:56:38.994243+00:00,411,r-scylla2,3,1,incoming,0
2026-09-21T11:56:38.994243+00:00,411,r-scylla2,3,1,outgoing,0
2026-09-21T11:56:38.994243+00:00,411,r-scylla3,3,0,incoming,0
2026-09-21T11:56:38.994243+00:00,411,r-scylla3,3,0,outgoing,0
2026-09-21T11:56:38.994243+00:00,411,r-scylla3,3,1,incoming,184392
2026-09-21T11:56:38.994243+00:00,411,r-scylla3,3,1,outgoing,0
2026-09-21T11:56:39.994464+00:00,412,r-scylla1,3,0,incoming,0
2026-09-21T11:56:39.994464+00:00,412,r-scylla1,3,0,outgoing,0
2026-09-21T11:56:39.994464+00:00,412,r-scylla1,3,1,incoming,506
2026-09-21T11:56:39.994464+00:00,412,r-scylla1,3,1,outgoing,0
2026-09-21T11:56:39.994464+00:00,412,r-scylla2,3,0,incoming,0
2026-09-21T11:56:39.994464+00:00,412,r-scylla2,3,0,outgoing,0
2026-09-21T11:56:39.994464+00:00,412,r-scylla2,3,1,incoming,0
2026-09-21T11:56:39.994464+00:00,412,r-scylla2,3,1,outgoing,0
2026-09-21T11:56:39.994464+00:00,412,r-scylla3,3,0,incoming,0
2026-09-21T11:56:39.994464+00:00,412,r-scylla3,3,0,outgoing,0
2026-09-21T11:56:39.994464+00:00,412,r-scylla3,3,1,incoming,184392
2026-09-21T11:56:39.994464+00:00,412,r-scylla3,3,1,outgoing,0
2026-09-21T11:56:40.994690+00:00,413,r-scylla1,3,0,incoming,0
2026-09-21T11:56:40.994690+00:00,413,r-scylla1,3,0,outgoing,0
2026-09-21T11:56:40.994690+00:00,413,r-scylla1,3,1,incoming,506
2026-09-21T11:56:40.994690+00:00,413,r-scylla1,3,1,outgoing,0
2026-09-21T11:56:40.994690+00:00,413,r-scylla2,3,0,incoming,0
2026-09-21T11:56:40.994690+00:00,413,r-scylla2,3,0,outgoing,0
2026-09-21T11:56:40.994690+00:00,413,r-scylla2,3,1,incoming,0
2026-09-21T11:56:40.994690+00:00,413,r-scylla2,3,1,outgoing,0
2026-09-21T11:56:40.994690+00:00,413,r-scylla3,3,0,incoming,0
2026-09-21T11:56:40.994690+00:00,413,r-scylla3,3,0,outgoing,0
2026-09-21T11:56:40.994690+00:00,413,r-scylla3,3,1,incoming,184392
2026-09-21T11:56:40.994690+00:00,413,r-scylla3,3,1,outgoing,0
2026-09-21T11:56:41.994995+00:00,414,r-scylla1,3,0,incoming,0
2026-09-21T11:56:41.994995+00:00,414,r-scylla1,3,0,outgoing,0
2026-09-21T11:56:41.994995+00:00,414,r-scylla1,3,1,incoming,506
2026-09-21T11:56:41.994995+00:00,414,r-scylla1,3,1,outgoing,0
2026-09-21T11:56:41.994995+00:00,414,r-scylla2,3,0,incoming,0
2026-09-21T11:56:41.994995+00:00,414,r-scylla2,3,0,outgoing,0
2026-09-21T11:56:41.994995+00:00,414,r-scylla2,3,1,incoming,0
2026-09-21T11:56:41.994995+00:00,414,r-scylla2,3,1,outgoing,0
2026-09-21T11:56:41.994995+00:00,414,r-scylla3,3,0,incoming,0
2026-09-21T11:56:41.994995+00:00,414,r-scylla3,3,0,outgoing,0
2026-09-21T11:56:41.994995+00:00,414,r-scylla3,3,1,incoming,184392
2026-09-21T11:56:41.994995+00:00,414,r-scylla3,3,1,outgoing,0
2026-09-21T11:56:42.995189+00:00,415,r-scylla1,3,0,incoming,0
2026-09-21T11:56:42.995189+00:00,415,r-scylla1,3,0,outgoing,0
2026-09-21T11:56:42.995189+00:00,415,r-scylla1,3,1,incoming,506
2026-09-21T11:56:42.995189+00:00,415,r-scylla1,3,1,outgoing,0
2026-09-21T11:56:42.995189+00:00,415,r-scylla2,3,0,incoming,0
2026-09-21T11:56:42.995189+00:00,415,r-scylla2,3,0,outgoing,0
2026-09-21T11:56:42.995189+00:00,415,r-scylla2,3,1,incoming,0
2026-09-21T11:56:42.995189+00:00,415,r-scylla2,3,1,outgoing,0
2026-09-21T11:56:42.995189+00:00,415,r-scylla3,3,0,incoming,0
2026-09-21T11:56:42.995189+00:00,415,r-scylla3,3,0,outgoing,0
2026-09-21T11:56:42.995189+00:00,415,r-scylla3,3,1,incoming,184392
2026-09-21T11:56:42.995189+00:00,415,r-scylla3,3,1,outgoing,0
2026-09-21T11:56:43.995320+00:00,416,r-scylla1,3,0,incoming,0
2026-09-21T11:56:43.995320+00:00,416,r-scylla1,3,0,outgoing,0
2026-09-21T11:56:43.995320+00:00,416,r-scylla1,3,1,incoming,506
2026-09-21T11:56:43.995320+00:00,416,r-scylla1,3,1,outgoing,0
2026-09-21T11:56:43.995320+00:00,416,r-scylla2,3,0,incoming,0
2026-09-21T11:56:43.995320+00:00,416,r-scylla2,3,0,outgoing,0
2026-09-21T11:56:43.995320+00:00,416,r-scylla2,3,1,incoming,0
2026-09-21T11:56:43.995320+00:00,416,r-scylla2,3,1,outgoing,0
2026-09-21T11:56:43.995320+00:00,416,r-scylla3,3,0,incoming,0
2026-09-21T11:56:43.995320+00:00,416,r-scylla3,3,0,outgoing,0
2026-09-21T11:56:43.995320+00:00,416,r-scylla3,3,1,incoming,184392
2026-09-21T11:56:43.995320+00:00,416,r-scylla3,3,1,outgoing,0
2026-09-21T11:56:44.995537+00:00,417,r-scylla1,3,0,incoming,0
2026-09-21T11:56:44.995537+00:00,417,r-scylla1,3,0,outgoing,0
2026-09-21T11:56:44.995537+00:00,417,r-scylla1,3,1,incoming,506
2026-09-21T11:56:44.995537+00:00,417,r-scylla1,3,1,outgoing,0
2026-09-21T11:56:44.995537+00:00,417,r-scylla2,3,0,incoming,0
2026-09-21T11:56:44.995537+00:00,417,r-scylla2,3,0,outgoing,0
2026-09-21T11:56:44.995537+00:00,417,r-scylla2,3,1,incoming,0
2026-09-21T11:56:44.995537+00:00,417,r-scylla2,3,1,outgoing,0
2026-09-21T11:56:44.995537+00:00,417,r-scylla3,3,0,incoming,0
2026-09-21T11:56:44.995537+00:00,417,r-scylla3,3,0,outgoing,0
2026-09-21T11:56:44.995537+00:00,417,r-scylla3,3,1,incoming,184392
2026-09-21T11:56:44.995537+00:00,417,r-scylla3,3,1,outgoing,0
2026-09-21T11:56:45.995745+00:00,418,r-scylla1,3,0,incoming,0
2026-09-21T11:56:45.995745+00:00,418,r-scylla1,3,0,outgoing,0
2026-09-21T11:56:45.995745+00:00,418,r-scylla1,3,1,incoming,506
2026-09-21T11:56:45.995745+00:00,418,r-scylla1,3,1,outgoing,0
2026-09-21T11:56:45.995745+00:00,418,r-scylla2,3,0,incoming,0
2026-09-21T11:56:45.995745+00:00,418,r-scylla2,3,0,outgoing,0
2026-09-21T11:56:45.995745+00:00,418,r-scylla2,3,1,incoming,0
2026-09-21T11:56:45.995745+00:00,418,r-scylla2,3,1,outgoing,0
2026-09-21T11:56:45.995745+00:00,418,r-scylla3,3,0,incoming,0
2026-09-21T11:56:45.995745+00:00,418,r-scylla3,3,0,outgoing,0
2026-09-21T11:56:45.995745+00:00,418,r-scylla3,3,1,incoming,184392
2026-09-21T11:56:45.995745+00:00,418,r-scylla3,3,1,outgoing,0
2026-09-21T11:56:46.995928+00:00,419,r-scylla1,3,0,incoming,0
2026-09-21T11:56:46.995928+00:00,419,r-scylla1,3,0,outgoing,0
2026-09-21T11:56:46.995928+00:00,419,r-scylla1,3,1,incoming,506
2026-09-21T11:56:46.995928+00:00,419,r-scylla1,3,1,outgoing,0
2026-09-21T11:56:46.995928+00:00,419,r-scylla2,3,0,incoming,0
2026-09-21T11:56:46.995928+00:00,419,r-scylla2,3,0,outgoing,0
2026-09-21T11:56:46.995928+00:00,419,r-scylla2,3,1,incoming,0
2026-09-21T11:56:46.995928+00:00,419,r-scylla2,3,1,outgoing,0
2026-09-21T11:56:46.995928+00:00,419,r-scylla3,3,0,incoming,0
2026-09-21T11:56:46.995928+00:00,419,r-scylla3,3,0,outgoing,0
2026-09-21T11:56:46.995928+00:00,419,r-scylla3,3,1,incoming,184392
2026-09-21T11:56:46.995928+00:00,419,r-scylla3,3,1,outgoing,0
2026-09-21T11:56:47.996122+00:00,420,r-scylla1,3,0,incoming,0
2026-09-21T11:56:47.996122+00:00,420,r-scylla1,3,0,outgoing,0
2026-09-21T11:56:47.996122+00:00,420,r-scylla1,3,1,incoming,506
2026-09-21T11:56:47.996122+00:00,420,r-scylla1,3,1,outgoing,0
2026-09-21T11:56:47.996122+00:00,420,r-scylla2,3,0,incoming,0
2026-09-21T11:56:47.996122+00:00,420,r-scylla2,3,0,outgoing,0
2026-09-21T11:56:47.996122+00:00,420,r-scylla2,3,1,incoming,0
2026-09-21T11:56:47.996122+00:00,420,r-scylla2,3,1,outgoing,0
2026-09-21T11:56:47.996122+00:00,420,r-scylla3,3,0,incoming,0
2026-09-21T11:56:47.996122+00:00,420,r-scylla3,3,0,outgoing,0
2026-09-21T11:56:47.996122+00:00,420,r-scylla3,3,1,incoming,184392
2026-09-21T11:56:47.996122+00:00,420,r-scylla3,3,1,outgoing,0
2026-09-21T11:56:48.996325+00:00,421,r-scylla1,3,0,incoming,0
2026-09-21T11:56:48.996325+00:00,421,r-scylla1,3,0,outgoing,0
2026-09-21T11:56:48.996325+00:00,421,r-scylla1,3,1,incoming,506
2026-09-21T11:56:48.996325+00:00,421,r-scylla1,3,1,outgoing,0
2026-09-21T11:56:48.996325+00:00,421,r-scylla2,3,0,incoming,0
2026-09-21T11:56:48.996325+00:00,421,r-scylla2,3,0,outgoing,0
2026-09-21T11:56:48.996325+00:00,421,r-scylla2,3,1,incoming,0
2026-09-21T11:56:48.996325+00:00,421,r-scylla2,3,1,outgoing,0
2026-09-21T11:56:48.996325+00:00,421,r-scylla3,3,0,incoming,0
2026-09-21T11:56:48.996325+00:00,421,r-scylla3,3,0,outgoing,0
2026-09-21T11:56:48.996325+00:00,421,r-scylla3,3,1,incoming,184392
2026-09-21T11:56:48.996325+00:00,421,r-scylla3,3,1,outgoing,0
2026-09-21T11:56:49.996498+00:00,422,r-scylla1,3,0,incoming,0
2026-09-21T11:56:49.996498+00:00,422,r-scylla1,3,0,outgoing,0
2026-09-21T11:56:49.996498+00:00,422,r-scylla1,3,1,incoming,506
2026-09-21T11:56:49.996498+00:00,422,r-scylla1,3,1,outgoing,0
2026-09-21T11:56:49.996498+00:00,422,r-scylla2,3,0,incoming,0
2026-09-21T11:56:49.996498+00:00,422,r-scylla2,3,0,outgoing,0
2026-09-21T11:56:49.996498+00:00,422,r-scylla2,3,1,incoming,0
2026-09-21T11:56:49.996498+00:00,422,r-scylla2,3,1,outgoing,0
2026-09-21T11:56:49.996498+00:00,422,r-scylla3,3,0,incoming,0
2026-09-21T11:56:49.996498+00:00,422,r-scylla3,3,0,outgoing,0
2026-09-21T11:56:49.996498+00:00,422,r-scylla3,3,1,incoming,184392
2026-09-21T11:56:49.996498+00:00,422,r-scylla3,3,1,outgoing,0
2026-09-21T11:56:50.996995+00:00,423,r-scylla1,3,0,incoming,0
2026-09-21T11:56:50.996995+00:00,423,r-scylla1,3,0,outgoing,0
2026-09-21T11:56:50.996995+00:00,423,r-scylla1,3,1,incoming,506
2026-09-21T11:56:50.996995+00:00,423,r-scylla1,3,1,outgoing,0
2026-09-21T11:56:50.996995+00:00,423,r-scylla2,3,0,incoming,0
2026-09-21T11:56:50.996995+00:00,423,r-scylla2,3,0,outgoing,0
2026-09-21T11:56:50.996995+00:00,423,r-scylla2,3,1,incoming,0
2026-09-21T11:56:50.996995+00:00,423,r-scylla2,3,1,outgoing,0
2026-09-21T11:56:50.996995+00:00,423,r-scylla3,3,0,incoming,0
2026-09-21T11:56:50.996995+00:00,423,r-scylla3,3,0,outgoing,0
2026-09-21T11:56:50.996995+00:00,423,r-scylla3,3,1,incoming,184392
2026-09-21T11:56:50.996995+00:00,423,r-scylla3,3,1,outgoing,0
2026-09-21T11:56:51.997163+00:00,424,r-scylla1,3,0,incoming,0
2026-09-21T11:56:51.997163+00:00,424,r-scylla1,3,0,outgoing,0
2026-09-21T11:56:51.997163+00:00,424,r-scylla1,3,1,incoming,506
2026-09-21T11:56:51.997163+00:00,424,r-scylla1,3,1,outgoing,0
2026-09-21T11:56:51.997163+00:00,424,r-scylla2,3,0,incoming,0
2026-09-21T11:56:51.997163+00:00,424,r-scylla2,3,0,outgoing,0
2026-09-21T11:56:51.997163+00:00,424,r-scylla2,3,1,incoming,0
2026-09-21T11:56:51.997163+00:00,424,r-scylla2,3,1,outgoing,0
2026-09-21T11:56:51.997163+00:00,424,r-scylla3,3,0,incoming,0
2026-09-21T11:56:51.997163+00:00,424,r-scylla3,3,0,outgoing,0
2026-09-21T11:56:51.997163+00:00,424,r-scylla3,3,1,incoming,184392
2026-09-21T11:56:51.997163+00:00,424,r-scylla3,3,1,outgoing,0
2026-09-21T11:56:52.997551+00:00,425,r-scylla1,3,0,incoming,0
2026-09-21T11:56:52.997551+00:00,425,r-scylla1,3,0,outgoing,0
2026-09-21T11:56:52.997551+00:00,425,r-scylla1,3,1,incoming,506
2026-09-21T11:56:52.997551+00:00,425,r-scylla1,3,1,outgoing,0
2026-09-21T11:56:52.997551+00:00,425,r-scylla2,3,0,incoming,0
2026-09-21T11:56:52.997551+00:00,425,r-scylla2,3,0,outgoing,0
2026-09-21T11:56:52.997551+00:00,425,r-scylla2,3,1,incoming,0
2026-09-21T11:56:52.997551+00:00,425,r-scylla2,3,1,outgoing,0
2026-09-21T11:56:52.997551+00:00,425,r-scylla3,3,0,incoming,0
2026-09-21T11:56:52.997551+00:00,425,r-scylla3,3,0,outgoing,0
2026-09-21T11:56:52.997551+00:00,425,r-scylla3,3,1,incoming,184392
2026-09-21T11:56:52.997551+00:00,425,r-scylla3,3,1,outgoing,0
2026-09-21T11:56:53.997712+00:00,426,r-scylla1,3,0,incoming,0
2026-09-21T11:56:53.997712+00:00,426,r-scylla1,3,0,outgoing,0
2026-09-21T11:56:53.997712+00:00,426,r-scylla1,3,1,incoming,506
2026-09-21T11:56:53.997712+00:00,426,r-scylla1,3,1,outgoing,0
2026-09-21T11:56:53.997712+00:00,426,r-scylla2,3,0,incoming,0
2026-09-21T11:56:53.997712+00:00,426,r-scylla2,3,0,outgoing,0
2026-09-21T11:56:53.997712+00:00,426,r-scylla2,3,1,incoming,0
2026-09-21T11:56:53.997712+00:00,426,r-scylla2,3,1,outgoing,0
2026-09-21T11:56:53.997712+00:00,426,r-scylla3,3,0,incoming,0
2026-09-21T11:56:53.997712+00:00,426,r-scylla3,3,0,outgoing,0
2026-09-21T11:56:53.997712+00:00,426,r-scylla3,3,1,incoming,184392
2026-09-21T11:56:53.997712+00:00,426,r-scylla3,3,1,outgoing,0
2026-09-21T11:56:54.998466+00:00,427,r-scylla1,3,0,incoming,0
2026-09-21T11:56:54.998466+00:00,427,r-scylla1,3,0,outgoing,0
2026-09-21T11:56:54.998466+00:00,427,r-scylla1,3,1,incoming,506
2026-09-21T11:56:54.998466+00:00,427,r-scylla1,3,1,outgoing,0
2026-09-21T11:56:54.998466+00:00,427,r-scylla2,3,0,incoming,0
2026-09-21T11:56:54.998466+00:00,427,r-scylla2,3,0,outgoing,0
2026-09-21T11:56:54.998466+00:00,427,r-scylla2,3,1,incoming,0
2026-09-21T11:56:54.998466+00:00,427,r-scylla2,3,1,outgoing,0
2026-09-21T11:56:54.998466+00:00,427,r-scylla3,3,0,incoming,0
2026-09-21T11:56:54.998466+00:00,427,r-scylla3,3,0,outgoing,0
2026-09-21T11:56:54.998466+00:00,427,r-scylla3,3,1,incoming,184392
2026-09-21T11:56:54.998466+00:00,427,r-scylla3,3,1,outgoing,0
2026-09-21T11:56:55.998790+00:00,428,r-scylla1,3,0,incoming,0
2026-09-21T11:56:55.998790+00:00,428,r-scylla1,3,0,outgoing,0
2026-09-21T11:56:55.998790+00:00,428,r-scylla1,3,1,incoming,506
2026-09-21T11:56:55.998790+00:00,428,r-scylla1,3,1,outgoing,0
2026-09-21T11:56:55.998790+00:00,428,r-scylla2,3,0,incoming,0
2026-09-21T11:56:55.998790+00:00,428,r-scylla2,3,0,outgoing,0
2026-09-21T11:56:55.998790+00:00,428,r-scylla2,3,1,incoming,0
2026-09-21T11:56:55.998790+00:00,428,r-scylla2,3,1,outgoing,0
2026-09-21T11:56:55.998790+00:00,428,r-scylla3,3,0,incoming,0
2026-09-21T11:56:55.998790+00:00,428,r-scylla3,3,0,outgoing,0
2026-09-21T11:56:55.998790+00:00,428,r-scylla3,3,1,incoming,184392
2026-09-21T11:56:55.998790+00:00,428,r-scylla3,3,1,outgoing,0
2026-09-21T11:56:56.999023+00:00,429,r-scylla1,3,0,incoming,0
2026-09-21T11:56:56.999023+00:00,429,r-scylla1,3,0,outgoing,0
2026-09-21T11:56:56.999023+00:00,429,r-scylla1,3,1,incoming,506
2026-09-21T11:56:56.999023+00:00,429,r-scylla1,3,1,outgoing,0
2026-09-21T11:56:56.999023+00:00,429,r-scylla2,3,0,incoming,0
2026-09-21T11:56:56.999023+00:00,429,r-scylla2,3,0,outgoing,0
2026-09-21T11:56:56.999023+00:00,429,r-scylla2,3,1,incoming,0
2026-09-21T11:56:56.999023+00:00,429,r-scylla2,3,1,outgoing,0
2026-09-21T11:56:56.999023+00:00,429,r-scylla3,3,0,incoming,0
2026-09-21T11:56:56.999023+00:00,429,r-scylla3,3,0,outgoing,0
2026-09-21T11:56:56.999023+00:00,429,r-scylla3,3,1,incoming,184392
2026-09-21T11:56:56.999023+00:00,429,r-scylla3,3,1,outgoing,0
2026-09-21T11:56:57.999139+00:00,430,r-scylla1,3,0,incoming,0
2026-09-21T11:56:57.999139+00:00,430,r-scylla1,3,0,outgoing,0
2026-09-21T11:56:57.999139+00:00,430,r-scylla1,3,1,incoming,506
2026-09-21T11:56:57.999139+00:00,430,r-scylla1,3,1,outgoing,0
2026-09-21T11:56:57.999139+00:00,430,r-scylla2,3,0,incoming,0
2026-09-21T11:56:57.999139+00:00,430,r-scylla2,3,0,outgoing,0
2026-09-21T11:56:57.999139+00:00,430,r-scylla2,3,1,incoming,0
2026-09-21T11:56:57.999139+00:00,430,r-scylla2,3,1,outgoing,0
2026-09-21T11:56:57.999139+00:00,430,r-scylla3,3,0,incoming,0
2026-09-21T11:56:57.999139+00:00,430,r-scylla3,3,0,outgoing,0
2026-09-21T11:56:57.999139+00:00,430,r-scylla3,3,1,incoming,184392
2026-09-21T11:56:57.999139+00:00,430,r-scylla3,3,1,outgoing,0
2026-09-21T11:56:58.999472+00:00,431,r-scylla1,3,0,incoming,0
2026-09-21T11:56:58.999472+00:00,431,r-scylla1,3,0,outgoing,0
2026-09-21T11:56:58.999472+00:00,431,r-scylla1,3,1,incoming,506
2026-09-21T11:56:58.999472+00:00,431,r-scylla1,3,1,outgoing,0
2026-09-21T11:56:58.999472+00:00,431,r-scylla2,3,0,incoming,0
2026-09-21T11:56:58.999472+00:00,431,r-scylla2,3,0,outgoing,0
2026-09-21T11:56:58.999472+00:00,431,r-scylla2,3,1,incoming,0
2026-09-21T11:56:58.999472+00:00,431,r-scylla2,3,1,outgoing,0
2026-09-21T11:56:58.999472+00:00,431,r-scylla3,3,0,incoming,0
2026-09-21T11:56:58.999472+00:00,431,r-scylla3,3,0,outgoing,0
2026-09-21T11:56:58.999472+00:00,431,r-scylla3,3,1,incoming,184392
2026-09-21T11:56:58.999472+00:00,431,r-scylla3,3,1,outgoing,0
2026-09-21T11:56:59.999935+00:00,432,r-scylla1,3,0,incoming,0
2026-09-21T11:56:59.999935+00:00,432,r-scylla1,3,0,outgoing,0
2026-09-21T11:56:59.999935+00:00,432,r-scylla1,3,1,incoming,506
2026-09-21T11:56:59.999935+00:00,432,r-scylla1,3,1,outgoing,0
2026-09-21T11:56:59.999935+00:00,432,r-scylla2,3,0,incoming,0
2026-09-21T11:56:59.999935+00:00,432,r-scylla2,3,0,outgoing,0
2026-09-21T11:56:59.999935+00:00,432,r-scylla2,3,1,incoming,0
2026-09-21T11:56:59.999935+00:00,432,r-scylla2,3,1,outgoing,0
2026-09-21T11:56:59.999935+00:00,432,r-scylla3,3,0,incoming,0
2026-09-21T11:56:59.999935+00:00,432,r-scylla3,3,0,outgoing,0
2026-09-21T11:56:59.999935+00:00,432,r-scylla3,3,1,incoming,184392
2026-09-21T11:56:59.999935+00:00,432,r-scylla3,3,1,outgoing,0
2026-09-21T11:57:00.996992+00:00,433,r-scylla1,3,0,incoming,0
2026-09-21T11:57:00.996992+00:00,433,r-scylla1,3,0,outgoing,0
2026-09-21T11:57:00.996992+00:00,433,r-scylla1,3,1,incoming,506
2026-09-21T11:57:00.996992+00:00,433,r-scylla1,3,1,outgoing,0
2026-09-21T11:57:00.996992+00:00,433,r-scylla2,3,0,incoming,0
2026-09-21T11:57:00.996992+00:00,433,r-scylla2,3,0,outgoing,0
2026-09-21T11:57:00.996992+00:00,433,r-scylla2,3,1,incoming,0
2026-09-21T11:57:00.996992+00:00,433,r-scylla2,3,1,outgoing,0
2026-09-21T11:57:00.996992+00:00,433,r-scylla3,3,0,incoming,0
2026-09-21T11:57:00.996992+00:00,433,r-scylla3,3,0,outgoing,0
2026-09-21T11:57:00.996992+00:00,433,r-scylla3,3,1,incoming,184392
2026-09-21T11:57:00.996992+00:00,433,r-scylla3,3,1,outgoing,0
2026-09-21T11:57:01.997228+00:00,434,r-scylla1,3,0,incoming,0
2026-09-21T11:57:01.997228+00:00,434,r-scylla1,3,0,outgoing,0
2026-09-21T11:57:01.997228+00:00,434,r-scylla1,3,1,incoming,506
2026-09-21T11:57:01.997228+00:00,434,r-scylla1,3,1,outgoing,0
2026-09-21T11:57:01.997228+00:00,434,r-scylla2,3,0,incoming,0
2026-09-21T11:57:01.997228+00:00,434,r-scylla2,3,0,outgoing,0
2026-09-21T11:57:01.997228+00:00,434,r-scylla2,3,1,incoming,0
2026-09-21T11:57:01.997228+00:00,434,r-scylla2,3,1,outgoing,0
2026-09-21T11:57:01.997228+00:00,434,r-scylla3,3,0,incoming,0
2026-09-21T11:57:01.997228+00:00,434,r-scylla3,3,0,outgoing,0
2026-09-21T11:57:01.997228+00:00,434,r-scylla3,3,1,incoming,184392
2026-09-21T11:57:01.997228+00:00,434,r-scylla3,3,1,outgoing,0
2026-09-21T11:57:02.997540+00:00,435,r-scylla1,3,0,incoming,0
2026-09-21T11:57:02.997540+00:00,435,r-scylla1,3,0,outgoing,0
2026-09-21T11:57:02.997540+00:00,435,r-scylla1,3,1,incoming,506
2026-09-21T11:57:02.997540+00:00,435,r-scylla1,3,1,outgoing,0
2026-09-21T11:57:02.997540+00:00,435,r-scylla2,3,0,incoming,0
2026-09-21T11:57:02.997540+00:00,435,r-scylla2,3,0,outgoing,0
2026-09-21T11:57:02.997540+00:00,435,r-scylla2,3,1,incoming,0
2026-09-21T11:57:02.997540+00:00,435,r-scylla2,3,1,outgoing,0
2026-09-21T11:57:02.997540+00:00,435,r-scylla3,3,0,incoming,0
2026-09-21T11:57:02.997540+00:00,435,r-scylla3,3,0,outgoing,0
2026-09-21T11:57:02.997540+00:00,435,r-scylla3,3,1,incoming,184392
2026-09-21T11:57:02.997540+00:00,435,r-scylla3,3,1,outgoing,0
2026-09-21T11:57:03.997699+00:00,436,r-scylla1,3,0,incoming,0
2026-09-21T11:57:03.997699+00:00,436,r-scylla1,3,0,outgoing,0
2026-09-21T11:57:03.997699+00:00,436,r-scylla1,3,1,incoming,506
2026-09-21T11:57:03.997699+00:00,436,r-scylla1,3,1,outgoing,0
2026-09-21T11:57:03.997699+00:00,436,r-scylla2,3,0,incoming,0
2026-09-21T11:57:03.997699+00:00,436,r-scylla2,3,0,outgoing,0
2026-09-21T11:57:03.997699+00:00,436,r-scylla2,3,1,incoming,0
2026-09-21T11:57:03.997699+00:00,436,r-scylla2,3,1,outgoing,0
2026-09-21T11:57:03.997699+00:00,436,r-scylla3,3,0,incoming,0
2026-09-21T11:57:03.997699+00:00,436,r-scylla3,3,0,outgoing,0
2026-09-21T11:57:03.997699+00:00,436,r-scylla3,3,1,incoming,184392
2026-09-21T11:57:03.997699+00:00,436,r-scylla3,3,1,outgoing,0
2026-09-21T11:57:04.997831+00:00,437,r-scylla1,3,0,incoming,0
2026-09-21T11:57:04.997831+00:00,437,r-scylla1,3,0,outgoing,0
2026-09-21T11:57:04.997831+00:00,437,r-scylla1,3,1,incoming,506
2026-09-21T11:57:04.997831+00:00,437,r-scylla1,3,1,outgoing,0
2026-09-21T11:57:04.997831+00:00,437,r-scylla2,3,0,incoming,0
2026-09-21T11:57:04.997831+00:00,437,r-scylla2,3,0,outgoing,0
2026-09-21T11:57:04.997831+00:00,437,r-scylla2,3,1,incoming,0
2026-09-21T11:57:04.997831+00:00,437,r-scylla2,3,1,outgoing,0
2026-09-21T11:57:04.997831+00:00,437,r-scylla3,3,0,incoming,0
2026-09-21T11:57:04.997831+00:00,437,r-scylla3,3,0,outgoing,0
2026-09-21T11:57:04.997831+00:00,437,r-scylla3,3,1,incoming,184392
2026-09-21T11:57:04.997831+00:00,437,r-scylla3,3,1,outgoing,0
2026-09-21T11:57:05.998008+00:00,438,r-scylla1,3,0,incoming,0
2026-09-21T11:57:05.998008+00:00,438,r-scylla1,3,0,outgoing,0
2026-09-21T11:57:05.998008+00:00,438,r-scylla1,3,1,incoming,506
2026-09-21T11:57:05.998008+00:00,438,r-scylla1,3,1,outgoing,0
2026-09-21T11:57:05.998008+00:00,438,r-scylla2,3,0,incoming,0
2026-09-21T11:57:05.998008+00:00,438,r-scylla2,3,0,outgoing,0
2026-09-21T11:57:05.998008+00:00,438,r-scylla2,3,1,incoming,0
2026-09-21T11:57:05.998008+00:00,438,r-scylla2,3,1,outgoing,0
2026-09-21T11:57:05.998008+00:00,438,r-scylla3,3,0,incoming,0
2026-09-21T11:57:05.998008+00:00,438,r-scylla3,3,0,outgoing,0
2026-09-21T11:57:05.998008+00:00,438,r-scylla3,3,1,incoming,184392
2026-09-21T11:57:05.998008+00:00,438,r-scylla3,3,1,outgoing,0
2026-09-21T11:57:06.998119+00:00,439,r-scylla1,3,0,incoming,0
2026-09-21T11:57:06.998119+00:00,439,r-scylla1,3,0,outgoing,0
2026-09-21T11:57:06.998119+00:00,439,r-scylla1,3,1,incoming,506
2026-09-21T11:57:06.998119+00:00,439,r-scylla1,3,1,outgoing,0
2026-09-21T11:57:06.998119+00:00,439,r-scylla2,3,0,incoming,0
2026-09-21T11:57:06.998119+00:00,439,r-scylla2,3,0,outgoing,0
2026-09-21T11:57:06.998119+00:00,439,r-scylla2,3,1,incoming,0
2026-09-21T11:57:06.998119+00:00,439,r-scylla2,3,1,outgoing,0
2026-09-21T11:57:06.998119+00:00,439,r-scylla3,3,0,incoming,0
2026-09-21T11:57:06.998119+00:00,439,r-scylla3,3,0,outgoing,0
2026-09-21T11:57:06.998119+00:00,439,r-scylla3,3,1,incoming,184392
2026-09-21T11:57:06.998119+00:00,439,r-scylla3,3,1,outgoing,0
2026-09-21T11:57:07.998497+00:00,440,r-scylla1,3,0,incoming,0
2026-09-21T11:57:07.998497+00:00,440,r-scylla1,3,0,outgoing,0
2026-09-21T11:57:07.998497+00:00,440,r-scylla1,3,1,incoming,506
2026-09-21T11:57:07.998497+00:00,440,r-scylla1,3,1,outgoing,0
2026-09-21T11:57:07.998497+00:00,440,r-scylla2,3,0,incoming,0
2026-09-21T11:57:07.998497+00:00,440,r-scylla2,3,0,outgoing,0
2026-09-21T11:57:07.998497+00:00,440,r-scylla2,3,1,incoming,0
2026-09-21T11:57:07.998497+00:00,440,r-scylla2,3,1,outgoing,0
2026-09-21T11:57:07.998497+00:00,440,r-scylla3,3,0,incoming,0
2026-09-21T11:57:07.998497+00:00,440,r-scylla3,3,0,outgoing,0
2026-09-21T11:57:07.998497+00:00,440,r-scylla3,3,1,incoming,184392
2026-09-21T11:57:07.998497+00:00,440,r-scylla3,3,1,outgoing,0
2026-09-21T11:57:08.998712+00:00,441,r-scylla1,3,0,incoming,0
2026-09-21T11:57:08.998712+00:00,441,r-scylla1,3,0,outgoing,0
2026-09-21T11:57:08.998712+00:00,441,r-scylla1,3,1,incoming,506
2026-09-21T11:57:08.998712+00:00,441,r-scylla1,3,1,outgoing,0
2026-09-21T11:57:08.998712+00:00,441,r-scylla2,3,0,incoming,0
2026-09-21T11:57:08.998712+00:00,441,r-scylla2,3,0,outgoing,0
2026-09-21T11:57:08.998712+00:00,441,r-scylla2,3,1,incoming,0
2026-09-21T11:57:08.998712+00:00,441,r-scylla2,3,1,outgoing,0
2026-09-21T11:57:08.998712+00:00,441,r-scylla3,3,0,incoming,0
2026-09-21T11:57:08.998712+00:00,441,r-scylla3,3,0,outgoing,0
2026-09-21T11:57:08.998712+00:00,441,r-scylla3,3,1,incoming,184392
2026-09-21T11:57:08.998712+00:00,441,r-scylla3,3,1,outgoing,0
2026-09-21T11:57:09.998860+00:00,442,r-scylla1,3,0,incoming,0
2026-09-21T11:57:09.998860+00:00,442,r-scylla1,3,0,outgoing,0
2026-09-21T11:57:09.998860+00:00,442,r-scylla1,3,1,incoming,506
2026-09-21T11:57:09.998860+00:00,442,r-scylla1,3,1,outgoing,0
2026-09-21T11:57:09.998860+00:00,442,r-scylla2,3,0,incoming,0
2026-09-21T11:57:09.998860+00:00,442,r-scylla2,3,0,outgoing,0
2026-09-21T11:57:09.998860+00:00,442,r-scylla2,3,1,incoming,0
2026-09-21T11:57:09.998860+00:00,442,r-scylla2,3,1,outgoing,0
2026-09-21T11:57:09.998860+00:00,442,r-scylla3,3,0,incoming,0
2026-09-21T11:57:09.998860+00:00,442,r-scylla3,3,0,outgoing,0
2026-09-21T11:57:09.998860+00:00,442,r-scylla3,3,1,incoming,184392
2026-09-21T11:57:09.998860+00:00,442,r-scylla3,3,1,outgoing,0
2026-09-21T11:57:10.999171+00:00,443,r-scylla1,3,0,incoming,0
2026-09-21T11:57:10.999171+00:00,443,r-scylla1,3,0,outgoing,0
2026-09-21T11:57:10.999171+00:00,443,r-scylla1,3,1,incoming,506
2026-09-21T11:57:10.999171+00:00,443,r-scylla1,3,1,outgoing,0
2026-09-21T11:57:10.999171+00:00,443,r-scylla2,3,0,incoming,0
2026-09-21T11:57:10.999171+00:00,443,r-scylla2,3,0,outgoing,0
2026-09-21T11:57:10.999171+00:00,443,r-scylla2,3,1,incoming,0
2026-09-21T11:57:10.999171+00:00,443,r-scylla2,3,1,outgoing,0
2026-09-21T11:57:10.999171+00:00,443,r-scylla3,3,0,incoming,0
2026-09-21T11:57:10.999171+00:00,443,r-scylla3,3,0,outgoing,0
2026-09-21T11:57:10.999171+00:00,443,r-scylla3,3,1,incoming,184392
2026-09-21T11:57:10.999171+00:00,443,r-scylla3,3,1,outgoing,0
2026-09-21T11:57:11.999328+00:00,444,r-scylla1,3,0,incoming,0
2026-09-21T11:57:11.999328+00:00,444,r-scylla1,3,0,outgoing,0
2026-09-21T11:57:11.999328+00:00,444,r-scylla1,3,1,incoming,506
2026-09-21T11:57:11.999328+00:00,444,r-scylla1,3,1,outgoing,0
2026-09-21T11:57:11.999328+00:00,444,r-scylla2,3,0,incoming,0
2026-09-21T11:57:11.999328+00:00,444,r-scylla2,3,0,outgoing,0
2026-09-21T11:57:11.999328+00:00,444,r-scylla2,3,1,incoming,0
2026-09-21T11:57:11.999328+00:00,444,r-scylla2,3,1,outgoing,0
2026-09-21T11:57:11.999328+00:00,444,r-scylla3,3,0,incoming,0
2026-09-21T11:57:11.999328+00:00,444,r-scylla3,3,0,outgoing,0
2026-09-21T11:57:11.999328+00:00,444,r-scylla3,3,1,incoming,184392
2026-09-21T11:57:11.999328+00:00,444,r-scylla3,3,1,outgoing,0
2026-09-21T11:57:12.999421+00:00,445,r-scylla1,3,0,incoming,0
2026-09-21T11:57:12.999421+00:00,445,r-scylla1,3,0,outgoing,0
2026-09-21T11:57:12.999421+00:00,445,r-scylla1,3,1,incoming,506
2026-09-21T11:57:12.999421+00:00,445,r-scylla1,3,1,outgoing,0
2026-09-21T11:57:12.999421+00:00,445,r-scylla2,3,0,incoming,0
2026-09-21T11:57:12.999421+00:00,445,r-scylla2,3,0,outgoing,0
2026-09-21T11:57:12.999421+00:00,445,r-scylla2,3,1,incoming,0
2026-09-21T11:57:12.999421+00:00,445,r-scylla2,3,1,outgoing,0
2026-09-21T11:57:12.999421+00:00,445,r-scylla3,3,0,incoming,0
2026-09-21T11:57:12.999421+00:00,445,r-scylla3,3,0,outgoing,0
2026-09-21T11:57:12.999421+00:00,445,r-scylla3,3,1,incoming,184392
2026-09-21T11:57:12.999421+00:00,445,r-scylla3,3,1,outgoing,0
2026-09-21T11:57:13.999557+00:00,446,r-scylla1,3,0,incoming,0
2026-09-21T11:57:13.999557+00:00,446,r-scylla1,3,0,outgoing,0
2026-09-21T11:57:13.999557+00:00,446,r-scylla1,3,1,incoming,506
2026-09-21T11:57:13.999557+00:00,446,r-scylla1,3,1,outgoing,0
2026-09-21T11:57:13.999557+00:00,446,r-scylla2,3,0,incoming,0
2026-09-21T11:57:13.999557+00:00,446,r-scylla2,3,0,outgoing,0
2026-09-21T11:57:13.999557+00:00,446,r-scylla2,3,1,incoming,0
2026-09-21T11:57:13.999557+00:00,446,r-scylla2,3,1,outgoing,0
2026-09-21T11:57:13.999557+00:00,446,r-scylla3,3,0,incoming,0
2026-09-21T11:57:13.999557+00:00,446,r-scylla3,3,0,outgoing,0
2026-09-21T11:57:13.999557+00:00,446,r-scylla3,3,1,incoming,184392
2026-09-21T11:57:13.999557+00:00,446,r-scylla3,3,1,outgoing,0
2026-09-21T11:57:14.999809+00:00,447,r-scylla1,3,0,incoming,0
2026-09-21T11:57:14.999809+00:00,447,r-scylla1,3,0,outgoing,0
2026-09-21T11:57:14.999809+00:00,447,r-scylla1,3,1,incoming,506
2026-09-21T11:57:14.999809+00:00,447,r-scylla1,3,1,outgoing,0
2026-09-21T11:57:14.999809+00:00,447,r-scylla2,3,0,incoming,0
2026-09-21T11:57:14.999809+00:00,447,r-scylla2,3,0,outgoing,0
2026-09-21T11:57:14.999809+00:00,447,r-scylla2,3,1,incoming,0
2026-09-21T11:57:14.999809+00:00,447,r-scylla2,3,1,outgoing,0
2026-09-21T11:57:14.999809+00:00,447,r-scylla3,3,0,incoming,0
2026-09-21T11:57:14.999809+00:00,447,r-scylla3,3,0,outgoing,0
2026-09-21T11:57:14.999809+00:00,447,r-scylla3,3,1,incoming,184392
2026-09-21T11:57:14.999809+00:00,447,r-scylla3,3,1,outgoing,0
2026-09-21T11:57:15.999974+00:00,448,r-scylla1,3,0,incoming,0
2026-09-21T11:57:15.999974+00:00,448,r-scylla1,3,0,outgoing,0
2026-09-21T11:57:15.999974+00:00,448,r-scylla1,3,1,incoming,506
2026-09-21T11:57:15.999974+00:00,448,r-scylla1,3,1,outgoing,0
2026-09-21T11:57:15.999974+00:00,448,r-scylla2,3,0,incoming,0
2026-09-21T11:57:15.999974+00:00,448,r-scylla2,3,0,outgoing,0
2026-09-21T11:57:15.999974+00:00,448,r-scylla2,3,1,incoming,0
2026-09-21T11:57:15.999974+00:00,448,r-scylla2,3,1,outgoing,0
2026-09-21T11:57:15.999974+00:00,448,r-scylla3,3,0,incoming,0
2026-09-21T11:57:15.999974+00:00,448,r-scylla3,3,0,outgoing,0
2026-09-21T11:57:15.999974+00:00,448,r-scylla3,3,1,incoming,184392
2026-09-21T11:57:15.999974+00:00,448,r-scylla3,3,1,outgoing,0
2026-09-21T11:57:17.000097+00:00,449,r-scylla1,3,0,incoming,0
2026-09-21T11:57:17.000097+00:00,449,r-scylla1,3,0,outgoing,0
2026-09-21T11:57:17.000097+00:00,449,r-scylla1,3,1,incoming,506
2026-09-21T11:57:17.000097+00:00,449,r-scylla1,3,1,outgoing,0
2026-09-21T11:57:17.000097+00:00,449,r-scylla2,3,0,incoming,0
2026-09-21T11:57:17.000097+00:00,449,r-scylla2,3,0,outgoing,0
2026-09-21T11:57:17.000097+00:00,449,r-scylla2,3,1,incoming,0
2026-09-21T11:57:17.000097+00:00,449,r-scylla2,3,1,outgoing,0
2026-09-21T11:57:17.000097+00:00,449,r-scylla3,3,0,incoming,0
2026-09-21T11:57:17.000097+00:00,449,r-scylla3,3,0,outgoing,0
2026-09-21T11:57:17.000097+00:00,449,r-scylla3,3,1,incoming,184392
2026-09-21T11:57:17.000097+00:00,449,r-scylla3,3,1,outgoing,0
2026-09-21T11:57:18.000276+00:00,450,r-scylla1,3,0,incoming,0
2026-09-21T11:57:18.000276+00:00,450,r-scylla1,3,0,outgoing,0
2026-09-21T11:57:18.000276+00:00,450,r-scylla1,3,1,incoming,506
2026-09-21T11:57:18.000276+00:00,450,r-scylla1,3,1,outgoing,0
2026-09-21T11:57:18.000276+00:00,450,r-scylla2,3,0,incoming,0
2026-09-21T11:57:18.000276+00:00,450,r-scylla2,3,0,outgoing,0
2026-09-21T11:57:18.000276+00:00,450,r-scylla2,3,1,incoming,0
2026-09-21T11:57:18.000276+00:00,450,r-scylla2,3,1,outgoing,0
2026-09-21T11:57:18.000276+00:00,450,r-scylla3,3,0,incoming,0
2026-09-21T11:57:18.000276+00:00,450,r-scylla3,3,0,outgoing,0
2026-09-21T11:57:18.000276+00:00,450,r-scylla3,3,1,incoming,184392
2026-09-21T11:57:18.000276+00:00,450,r-scylla3,3,1,outgoing,0
2026-09-21T11:57:19.000427+00:00,451,r-scylla1,3,0,incoming,0
2026-09-21T11:57:19.000427+00:00,451,r-scylla1,3,0,outgoing,0
2026-09-21T11:57:19.000427+00:00,451,r-scylla1,3,1,incoming,506
2026-09-21T11:57:19.000427+00:00,451,r-scylla1,3,1,outgoing,0
2026-09-21T11:57:19.000427+00:00,451,r-scylla2,3,0,incoming,0
2026-09-21T11:57:19.000427+00:00,451,r-scylla2,3,0,outgoing,0
2026-09-21T11:57:19.000427+00:00,451,r-scylla2,3,1,incoming,0
2026-09-21T11:57:19.000427+00:00,451,r-scylla2,3,1,outgoing,0
2026-09-21T11:57:19.000427+00:00,451,r-scylla3,3,0,incoming,0
2026-09-21T11:57:19.000427+00:00,451,r-scylla3,3,0,outgoing,0
2026-09-21T11:57:19.000427+00:00,451,r-scylla3,3,1,incoming,184392
2026-09-21T11:57:19.000427+00:00,451,r-scylla3,3,1,outgoing,0
2026-09-21T11:57:20.000684+00:00,452,r-scylla1,3,0,incoming,0
2026-09-21T11:57:20.000684+00:00,452,r-scylla1,3,0,outgoing,0
2026-09-21T11:57:20.000684+00:00,452,r-scylla1,3,1,incoming,506
2026-09-21T11:57:20.000684+00:00,452,r-scylla1,3,1,outgoing,0
2026-09-21T11:57:20.000684+00:00,452,r-scylla2,3,0,incoming,0
2026-09-21T11:57:20.000684+00:00,452,r-scylla2,3,0,outgoing,0
2026-09-21T11:57:20.000684+00:00,452,r-scylla2,3,1,incoming,0
2026-09-21T11:57:20.000684+00:00,452,r-scylla2,3,1,outgoing,0
2026-09-21T11:57:20.000684+00:00,452,r-scylla3,3,0,incoming,0
2026-09-21T11:57:20.000684+00:00,452,r-scylla3,3,0,outgoing,0
2026-09-21T11:57:20.000684+00:00,452,r-scylla3,3,1,incoming,184392
2026-09-21T11:57:20.000684+00:00,452,r-scylla3,3,1,outgoing,0
2026-09-21T11:57:21.000980+00:00,453,r-scylla1,3,0,incoming,0
2026-09-21T11:57:21.000980+00:00,453,r-scylla1,3,0,outgoing,0
2026-09-21T11:57:21.000980+00:00,453,r-scylla1,3,1,incoming,506
2026-09-21T11:57:21.000980+00:00,453,r-scylla1,3,1,outgoing,0
2026-09-21T11:57:21.000980+00:00,453,r-scylla2,3,0,incoming,0
2026-09-21T11:57:21.000980+00:00,453,r-scylla2,3,0,outgoing,0
2026-09-21T11:57:21.000980+00:00,453,r-scylla2,3,1,incoming,0
2026-09-21T11:57:21.000980+00:00,453,r-scylla2,3,1,outgoing,0
2026-09-21T11:57:21.000980+00:00,453,r-scylla3,3,0,incoming,0
2026-09-21T11:57:21.000980+00:00,453,r-scylla3,3,0,outgoing,0
2026-09-21T11:57:21.000980+00:00,453,r-scylla3,3,1,incoming,184392
2026-09-21T11:57:21.000980+00:00,453,r-scylla3,3,1,outgoing,0
2026-09-21T11:57:22.001253+00:00,454,r-scylla1,3,0,incoming,0
2026-09-21T11:57:22.001253+00:00,454,r-scylla1,3,0,outgoing,0
2026-09-21T11:57:22.001253+00:00,454,r-scylla1,3,1,incoming,506
2026-09-21T11:57:22.001253+00:00,454,r-scylla1,3,1,outgoing,0
2026-09-21T11:57:22.001253+00:00,454,r-scylla2,3,0,incoming,0
2026-09-21T11:57:22.001253+00:00,454,r-scylla2,3,0,outgoing,0
2026-09-21T11:57:22.001253+00:00,454,r-scylla2,3,1,incoming,0
2026-09-21T11:57:22.001253+00:00,454,r-scylla2,3,1,outgoing,0
2026-09-21T11:57:22.001253+00:00,454,r-scylla3,3,0,incoming,0
2026-09-21T11:57:22.001253+00:00,454,r-scylla3,3,0,outgoing,0
2026-09-21T11:57:22.001253+00:00,454,r-scylla3,3,1,incoming,184392
2026-09-21T11:57:22.001253+00:00,454,r-scylla3,3,1,outgoing,0
2026-09-21T11:57:23.001422+00:00,455,r-scylla1,3,0,incoming,0
2026-09-21T11:57:23.001422+00:00,455,r-scylla1,3,0,outgoing,0
2026-09-21T11:57:23.001422+00:00,455,r-scylla1,3,1,incoming,506
2026-09-21T11:57:23.001422+00:00,455,r-scylla1,3,1,outgoing,0
2026-09-21T11:57:23.001422+00:00,455,r-scylla2,3,0,incoming,0
2026-09-21T11:57:23.001422+00:00,455,r-scylla2,3,0,outgoing,0
2026-09-21T11:57:23.001422+00:00,455,r-scylla2,3,1,incoming,0
2026-09-21T11:57:23.001422+00:00,455,r-scylla2,3,1,outgoing,0
2026-09-21T11:57:23.001422+00:00,455,r-scylla3,3,0,incoming,0
2026-09-21T11:57:23.001422+00:00,455,r-scylla3,3,0,outgoing,0
2026-09-21T11:57:23.001422+00:00,455,r-scylla3,3,1,incoming,184392
2026-09-21T11:57:23.001422+00:00,455,r-scylla3,3,1,outgoing,0
2026-09-21T11:57:24.001729+00:00,456,r-scylla1,3,0,incoming,0
2026-09-21T11:57:24.001729+00:00,456,r-scylla1,3,0,outgoing,0
2026-09-21T11:57:24.001729+00:00,456,r-scylla1,3,1,incoming,506
2026-09-21T11:57:24.001729+00:00,456,r-scylla1,3,1,outgoing,0
2026-09-21T11:57:24.001729+00:00,456,r-scylla2,3,0,incoming,0
2026-09-21T11:57:24.001729+00:00,456,r-scylla2,3,0,outgoing,0
2026-09-21T11:57:24.001729+00:00,456,r-scylla2,3,1,incoming,0
2026-09-21T11:57:24.001729+00:00,456,r-scylla2,3,1,outgoing,0
2026-09-21T11:57:24.001729+00:00,456,r-scylla3,3,0,incoming,0
2026-09-21T11:57:24.001729+00:00,456,r-scylla3,3,0,outgoing,0
2026-09-21T11:57:24.001729+00:00,456,r-scylla3,3,1,incoming,184392
2026-09-21T11:57:24.001729+00:00,456,r-scylla3,3,1,outgoing,0
2026-09-21T11:57:25.001829+00:00,457,r-scylla1,3,0,incoming,0
2026-09-21T11:57:25.001829+00:00,457,r-scylla1,3,0,outgoing,0
2026-09-21T11:57:25.001829+00:00,457,r-scylla1,3,1,incoming,506
2026-09-21T11:57:25.001829+00:00,457,r-scylla1,3,1,outgoing,0
2026-09-21T11:57:25.001829+00:00,457,r-scylla2,3,0,incoming,0
2026-09-21T11:57:25.001829+00:00,457,r-scylla2,3,0,outgoing,0
2026-09-21T11:57:25.001829+00:00,457,r-scylla2,3,1,incoming,0
2026-09-21T11:57:25.001829+00:00,457,r-scylla2,3,1,outgoing,0
2026-09-21T11:57:25.001829+00:00,457,r-scylla3,3,0,incoming,0
2026-09-21T11:57:25.001829+00:00,457,r-scylla3,3,0,outgoing,0
2026-09-21T11:57:25.001829+00:00,457,r-scylla3,3,1,incoming,184392
2026-09-21T11:57:25.001829+00:00,457,r-scylla3,3,1,outgoing,0
2026-09-21T11:57:26.002147+00:00,458,r-scylla1,3,0,incoming,0
2026-09-21T11:57:26.002147+00:00,458,r-scylla1,3,0,outgoing,0
2026-09-21T11:57:26.002147+00:00,458,r-scylla1,3,1,incoming,506
2026-09-21T11:57:26.002147+00:00,458,r-scylla1,3,1,outgoing,0
2026-09-21T11:57:26.002147+00:00,458,r-scylla2,3,0,incoming,0
2026-09-21T11:57:26.002147+00:00,458,r-scylla2,3,0,outgoing,0
2026-09-21T11:57:26.002147+00:00,458,r-scylla2,3,1,incoming,0
2026-09-21T11:57:26.002147+00:00,458,r-scylla2,3,1,outgoing,0
2026-09-21T11:57:26.002147+00:00,458,r-scylla3,3,0,incoming,0
2026-09-21T11:57:26.002147+00:00,458,r-scylla3,3,0,outgoing,0
2026-09-21T11:57:26.002147+00:00,458,r-scylla3,3,1,incoming,184392
2026-09-21T11:57:26.002147+00:00,458,r-scylla3,3,1,outgoing,0
2026-09-21T11:57:27.002246+00:00,459,r-scylla1,3,0,incoming,0
2026-09-21T11:57:27.002246+00:00,459,r-scylla1,3,0,outgoing,0
2026-09-21T11:57:27.002246+00:00,459,r-scylla1,3,1,incoming,506
2026-09-21T11:57:27.002246+00:00,459,r-scylla1,3,1,outgoing,0
2026-09-21T11:57:27.002246+00:00,459,r-scylla2,3,0,incoming,0
2026-09-21T11:57:27.002246+00:00,459,r-scylla2,3,0,outgoing,0
2026-09-21T11:57:27.002246+00:00,459,r-scylla2,3,1,incoming,0
2026-09-21T11:57:27.002246+00:00,459,r-scylla2,3,1,outgoing,0
2026-09-21T11:57:27.002246+00:00,459,r-scylla3,3,0,incoming,0
2026-09-21T11:57:27.002246+00:00,459,r-scylla3,3,0,outgoing,0
2026-09-21T11:57:27.002246+00:00,459,r-scylla3,3,1,incoming,184392
2026-09-21T11:57:27.002246+00:00,459,r-scylla3,3,1,outgoing,0
2026-09-21T11:57:28.002439+00:00,460,r-scylla1,3,0,incoming,0
2026-09-21T11:57:28.002439+00:00,460,r-scylla1,3,0,outgoing,0
2026-09-21T11:57:28.002439+00:00,460,r-scylla1,3,1,incoming,506
2026-09-21T11:57:28.002439+00:00,460,r-scylla1,3,1,outgoing,0
2026-09-21T11:57:28.002439+00:00,460,r-scylla2,3,0,incoming,0
2026-09-21T11:57:28.002439+00:00,460,r-scylla2,3,0,outgoing,0
2026-09-21T11:57:28.002439+00:00,460,r-scylla2,3,1,incoming,0
2026-09-21T11:57:28.002439+00:00,460,r-scylla2,3,1,outgoing,0
2026-09-21T11:57:28.002439+00:00,460,r-scylla3,3,0,incoming,0
2026-09-21T11:57:28.002439+00:00,460,r-scylla3,3,0,outgoing,0
2026-09-21T11:57:28.002439+00:00,460,r-scylla3,3,1,incoming,184392
2026-09-21T11:57:28.002439+00:00,460,r-scylla3,3,1,outgoing,0
2026-09-21T11:57:29.002668+00:00,461,r-scylla1,3,0,incoming,0
2026-09-21T11:57:29.002668+00:00,461,r-scylla1,3,0,outgoing,0
2026-09-21T11:57:29.002668+00:00,461,r-scylla1,3,1,incoming,506
2026-09-21T11:57:29.002668+00:00,461,r-scylla1,3,1,outgoing,0
2026-09-21T11:57:29.002668+00:00,461,r-scylla2,3,0,incoming,0
2026-09-21T11:57:29.002668+00:00,461,r-scylla2,3,0,outgoing,0
2026-09-21T11:57:29.002668+00:00,461,r-scylla2,3,1,incoming,0
2026-09-21T11:57:29.002668+00:00,461,r-scylla2,3,1,outgoing,0
2026-09-21T11:57:29.002668+00:00,461,r-scylla3,3,0,incoming,0
2026-09-21T11:57:29.002668+00:00,461,r-scylla3,3,0,outgoing,0
2026-09-21T11:57:29.002668+00:00,461,r-scylla3,3,1,incoming,184392
2026-09-21T11:57:29.002668+00:00,461,r-scylla3,3,1,outgoing,0
2026-09-21T11:57:30.002794+00:00,462,r-scylla1,3,0,incoming,0
2026-09-21T11:57:30.002794+00:00,462,r-scylla1,3,0,outgoing,0
2026-09-21T11:57:30.002794+00:00,462,r-scylla1,3,1,incoming,506
2026-09-21T11:57:30.002794+00:00,462,r-scylla1,3,1,outgoing,0
2026-09-21T11:57:30.002794+00:00,462,r-scylla2,3,0,incoming,0
2026-09-21T11:57:30.002794+00:00,462,r-scylla2,3,0,outgoing,0
2026-09-21T11:57:30.002794+00:00,462,r-scylla2,3,1,incoming,0
2026-09-21T11:57:30.002794+00:00,462,r-scylla2,3,1,outgoing,0
2026-09-21T11:57:30.002794+00:00,462,r-scylla3,3,0,incoming,0
2026-09-21T11:57:30.002794+00:00,462,r-scylla3,3,0,outgoing,0
2026-09-21T11:57:30.002794+00:00,462,r-scylla3,3,1,incoming,184392
2026-09-21T11:57:30.002794+00:00,462,r-scylla3,3,1,outgoing,0
2026-09-21T11:57:31.001799+00:00,463,r-scylla1,3,0,incoming,0
2026-09-21T11:57:31.001799+00:00,463,r-scylla1,3,0,outgoing,0
2026-09-21T11:57:31.001799+00:00,463,r-scylla1,3,1,incoming,506
2026-09-21T11:57:31.001799+00:00,463,r-scylla1,3,1,outgoing,0
2026-09-21T11:57:31.001799+00:00,463,r-scylla2,3,0,incoming,0
2026-09-21T11:57:31.001799+00:00,463,r-scylla2,3,0,outgoing,0
2026-09-21T11:57:31.001799+00:00,463,r-scylla2,3,1,incoming,0
2026-09-21T11:57:31.001799+00:00,463,r-scylla2,3,1,outgoing,0
2026-09-21T11:57:31.001799+00:00,463,r-scylla3,3,0,incoming,0
2026-09-21T11:57:31.001799+00:00,463,r-scylla3,3,0,outgoing,0
2026-09-21T11:57:31.001799+00:00,463,r-scylla3,3,1,incoming,184392
2026-09-21T11:57:31.001799+00:00,463,r-scylla3,3,1,outgoing,0
2026-09-21T11:57:32.002253+00:00,464,r-scylla1,3,0,incoming,0
2026-09-21T11:57:32.002253+00:00,464,r-scylla1,3,0,outgoing,0
2026-09-21T11:57:32.002253+00:00,464,r-scylla1,3,1,incoming,506
2026-09-21T11:57:32.002253+00:00,464,r-scylla1,3,1,outgoing,0
2026-09-21T11:57:32.002253+00:00,464,r-scylla2,3,0,incoming,0
2026-09-21T11:57:32.002253+00:00,464,r-scylla2,3,0,outgoing,0
2026-09-21T11:57:32.002253+00:00,464,r-scylla2,3,1,incoming,0
2026-09-21T11:57:32.002253+00:00,464,r-scylla2,3,1,outgoing,0
2026-09-21T11:57:32.002253+00:00,464,r-scylla3,3,0,incoming,0
2026-09-21T11:57:32.002253+00:00,464,r-scylla3,3,0,outgoing,0
2026-09-21T11:57:32.002253+00:00,464,r-scylla3,3,1,incoming,184392
2026-09-21T11:57:32.002253+00:00,464,r-scylla3,3,1,outgoing,0
2026-09-21T11:57:33.002452+00:00,465,r-scylla1,3,0,incoming,0
2026-09-21T11:57:33.002452+00:00,465,r-scylla1,3,0,outgoing,0
2026-09-21T11:57:33.002452+00:00,465,r-scylla1,3,1,incoming,506
2026-09-21T11:57:33.002452+00:00,465,r-scylla1,3,1,outgoing,0
2026-09-21T11:57:33.002452+00:00,465,r-scylla2,3,0,incoming,0
2026-09-21T11:57:33.002452+00:00,465,r-scylla2,3,0,outgoing,0
2026-09-21T11:57:33.002452+00:00,465,r-scylla2,3,1,incoming,0
2026-09-21T11:57:33.002452+00:00,465,r-scylla2,3,1,outgoing,0
2026-09-21T11:57:33.002452+00:00,465,r-scylla3,3,0,incoming,0
2026-09-21T11:57:33.002452+00:00,465,r-scylla3,3,0,outgoing,0
2026-09-21T11:57:33.002452+00:00,465,r-scylla3,3,1,incoming,184392
2026-09-21T11:57:33.002452+00:00,465,r-scylla3,3,1,outgoing,0
2026-09-21T11:57:34.002743+00:00,466,r-scylla1,3,0,incoming,0
2026-09-21T11:57:34.002743+00:00,466,r-scylla1,3,0,outgoing,0
2026-09-21T11:57:34.002743+00:00,466,r-scylla1,3,1,incoming,506
2026-09-21T11:57:34.002743+00:00,466,r-scylla1,3,1,outgoing,0
2026-09-21T11:57:34.002743+00:00,466,r-scylla2,3,0,incoming,0
2026-09-21T11:57:34.002743+00:00,466,r-scylla2,3,0,outgoing,0
2026-09-21T11:57:34.002743+00:00,466,r-scylla2,3,1,incoming,0
2026-09-21T11:57:34.002743+00:00,466,r-scylla2,3,1,outgoing,0
2026-09-21T11:57:34.002743+00:00,466,r-scylla3,3,0,incoming,0
2026-09-21T11:57:34.002743+00:00,466,r-scylla3,3,0,outgoing,0
2026-09-21T11:57:34.002743+00:00,466,r-scylla3,3,1,incoming,184392
2026-09-21T11:57:34.002743+00:00,466,r-scylla3,3,1,outgoing,0
2026-09-21T11:57:35.002840+00:00,467,r-scylla1,3,0,incoming,0
2026-09-21T11:57:35.002840+00:00,467,r-scylla1,3,0,outgoing,0
2026-09-21T11:57:35.002840+00:00,467,r-scylla1,3,1,incoming,506
2026-09-21T11:57:35.002840+00:00,467,r-scylla1,3,1,outgoing,0
2026-09-21T11:57:35.002840+00:00,467,r-scylla2,3,0,incoming,0
2026-09-21T11:57:35.002840+00:00,467,r-scylla2,3,0,outgoing,0
2026-09-21T11:57:35.002840+00:00,467,r-scylla2,3,1,incoming,0
2026-09-21T11:57:35.002840+00:00,467,r-scylla2,3,1,outgoing,0
2026-09-21T11:57:35.002840+00:00,467,r-scylla3,3,0,incoming,0
2026-09-21T11:57:35.002840+00:00,467,r-scylla3,3,0,outgoing,0
2026-09-21T11:57:35.002840+00:00,467,r-scylla3,3,1,incoming,184392
2026-09-21T11:57:35.002840+00:00,467,r-scylla3,3,1,outgoing,0
2026-09-21T11:57:36.003137+00:00,468,r-scylla1,3,0,incoming,0
2026-09-21T11:57:36.003137+00:00,468,r-scylla1,3,0,outgoing,0
2026-09-21T11:57:36.003137+00:00,468,r-scylla1,3,1,incoming,506
2026-09-21T11:57:36.003137+00:00,468,r-scylla1,3,1,outgoing,0
2026-09-21T11:57:36.003137+00:00,468,r-scylla2,3,0,incoming,0
2026-09-21T11:57:36.003137+00:00,468,r-scylla2,3,0,outgoing,0
2026-09-21T11:57:36.003137+00:00,468,r-scylla2,3,1,incoming,0
2026-09-21T11:57:36.003137+00:00,468,r-scylla2,3,1,outgoing,0
2026-09-21T11:57:36.003137+00:00,468,r-scylla3,3,0,incoming,0
2026-09-21T11:57:36.003137+00:00,468,r-scylla3,3,0,outgoing,0
2026-09-21T11:57:36.003137+00:00,468,r-scylla3,3,1,incoming,184392
2026-09-21T11:57:36.003137+00:00,468,r-scylla3,3,1,outgoing,0
2026-09-21T11:57:37.003260+00:00,469,r-scylla1,3,0,incoming,0
2026-09-21T11:57:37.003260+00:00,469,r-scylla1,3,0,outgoing,0
2026-09-21T11:57:37.003260+00:00,469,r-scylla1,3,1,incoming,506
2026-09-21T11:57:37.003260+00:00,469,r-scylla1,3,1,outgoing,0
2026-09-21T11:57:37.003260+00:00,469,r-scylla2,3,0,incoming,0
2026-09-21T11:57:37.003260+00:00,469,r-scylla2,3,0,outgoing,0
2026-09-21T11:57:37.003260+00:00,469,r-scylla2,3,1,incoming,0
2026-09-21T11:57:37.003260+00:00,469,r-scylla2,3,1,outgoing,0
2026-09-21T11:57:37.003260+00:00,469,r-scylla3,3,0,incoming,0
2026-09-21T11:57:37.003260+00:00,469,r-scylla3,3,0,outgoing,0
2026-09-21T11:57:37.003260+00:00,469,r-scylla3,3,1,incoming,184392
2026-09-21T11:57:37.003260+00:00,469,r-scylla3,3,1,outgoing,0
2026-09-21T11:57:38.003431+00:00,470,r-scylla1,3,0,incoming,0
2026-09-21T11:57:38.003431+00:00,470,r-scylla1,3,0,outgoing,0
2026-09-21T11:57:38.003431+00:00,470,r-scylla1,3,1,incoming,506
2026-09-21T11:57:38.003431+00:00,470,r-scylla1,3,1,outgoing,0
2026-09-21T11:57:38.003431+00:00,470,r-scylla2,3,0,incoming,0
2026-09-21T11:57:38.003431+00:00,470,r-scylla2,3,0,outgoing,0
2026-09-21T11:57:38.003431+00:00,470,r-scylla2,3,1,incoming,0
2026-09-21T11:57:38.003431+00:00,470,r-scylla2,3,1,outgoing,0
2026-09-21T11:57:38.003431+00:00,470,r-scylla3,3,0,incoming,0
2026-09-21T11:57:38.003431+00:00,470,r-scylla3,3,0,outgoing,0
2026-09-21T11:57:38.003431+00:00,470,r-scylla3,3,1,incoming,184392
2026-09-21T11:57:38.003431+00:00,470,r-scylla3,3,1,outgoing,0
2026-09-21T11:57:39.003640+00:00,471,r-scylla1,3,0,incoming,0
2026-09-21T11:57:39.003640+00:00,471,r-scylla1,3,0,outgoing,0
2026-09-21T11:57:39.003640+00:00,471,r-scylla1,3,1,incoming,506
2026-09-21T11:57:39.003640+00:00,471,r-scylla1,3,1,outgoing,0
2026-09-21T11:57:39.003640+00:00,471,r-scylla2,3,0,incoming,0
2026-09-21T11:57:39.003640+00:00,471,r-scylla2,3,0,outgoing,0
2026-09-21T11:57:39.003640+00:00,471,r-scylla2,3,1,incoming,0
2026-09-21T11:57:39.003640+00:00,471,r-scylla2,3,1,outgoing,0
2026-09-21T11:57:39.003640+00:00,471,r-scylla3,3,0,incoming,0
2026-09-21T11:57:39.003640+00:00,471,r-scylla3,3,0,outgoing,0
2026-09-21T11:57:39.003640+00:00,471,r-scylla3,3,1,incoming,184392
2026-09-21T11:57:39.003640+00:00,471,r-scylla3,3,1,outgoing,0
2026-09-21T11:57:40.003864+00:00,472,r-scylla1,3,0,incoming,0
2026-09-21T11:57:40.003864+00:00,472,r-scylla1,3,0,outgoing,0
2026-09-21T11:57:40.003864+00:00,472,r-scylla1,3,1,incoming,506
2026-09-21T11:57:40.003864+00:00,472,r-scylla1,3,1,outgoing,0
2026-09-21T11:57:40.003864+00:00,472,r-scylla2,3,0,incoming,0
2026-09-21T11:57:40.003864+00:00,472,r-scylla2,3,0,outgoing,0
2026-09-21T11:57:40.003864+00:00,472,r-scylla2,3,1,incoming,0
2026-09-21T11:57:40.003864+00:00,472,r-scylla2,3,1,outgoing,0
2026-09-21T11:57:40.003864+00:00,472,r-scylla3,3,0,incoming,0
2026-09-21T11:57:40.003864+00:00,472,r-scylla3,3,0,outgoing,0
2026-09-21T11:57:40.003864+00:00,472,r-scylla3,3,1,incoming,184392
2026-09-21T11:57:40.003864+00:00,472,r-scylla3,3,1,outgoing,0
2026-09-21T11:57:41.003968+00:00,473,r-scylla1,3,0,incoming,0
2026-09-21T11:57:41.003968+00:00,473,r-scylla1,3,0,outgoing,0
2026-09-21T11:57:41.003968+00:00,473,r-scylla1,3,1,incoming,506
2026-09-21T11:57:41.003968+00:00,473,r-scylla1,3,1,outgoing,0
2026-09-21T11:57:41.003968+00:00,473,r-scylla2,3,0,incoming,0
2026-09-21T11:57:41.003968+00:00,473,r-scylla2,3,0,outgoing,0
2026-09-21T11:57:41.003968+00:00,473,r-scylla2,3,1,incoming,0
2026-09-21T11:57:41.003968+00:00,473,r-scylla2,3,1,outgoing,0
2026-09-21T11:57:41.003968+00:00,473,r-scylla3,3,0,incoming,0
2026-09-21T11:57:41.003968+00:00,473,r-scylla3,3,0,outgoing,0
2026-09-21T11:57:41.003968+00:00,473,r-scylla3,3,1,incoming,184392
2026-09-21T11:57:41.003968+00:00,473,r-scylla3,3,1,outgoing,0
2026-09-21T11:57:42.004293+00:00,474,r-scylla1,3,0,incoming,0
2026-09-21T11:57:42.004293+00:00,474,r-scylla1,3,0,outgoing,0
2026-09-21T11:57:42.004293+00:00,474,r-scylla1,3,1,incoming,506
2026-09-21T11:57:42.004293+00:00,474,r-scylla1,3,1,outgoing,0
2026-09-21T11:57:42.004293+00:00,474,r-scylla2,3,0,incoming,0
2026-09-21T11:57:42.004293+00:00,474,r-scylla2,3,0,outgoing,0
2026-09-21T11:57:42.004293+00:00,474,r-scylla2,3,1,incoming,0
2026-09-21T11:57:42.004293+00:00,474,r-scylla2,3,1,outgoing,0
2026-09-21T11:57:42.004293+00:00,474,r-scylla3,3,0,incoming,0
2026-09-21T11:57:42.004293+00:00,474,r-scylla3,3,0,outgoing,0
2026-09-21T11:57:42.004293+00:00,474,r-scylla3,3,1,incoming,184392
2026-09-21T11:57:42.004293+00:00,474,r-scylla3,3,1,outgoing,0
2026-09-21T11:57:43.004459+00:00,475,r-scylla1,3,0,incoming,0
2026-09-21T11:57:43.004459+00:00,475,r-scylla1,3,0,outgoing,0
2026-09-21T11:57:43.004459+00:00,475,r-scylla1,3,1,incoming,506
2026-09-21T11:57:43.004459+00:00,475,r-scylla1,3,1,outgoing,0
2026-09-21T11:57:43.004459+00:00,475,r-scylla2,3,0,incoming,0
2026-09-21T11:57:43.004459+00:00,475,r-scylla2,3,0,outgoing,0
2026-09-21T11:57:43.004459+00:00,475,r-scylla2,3,1,incoming,0
2026-09-21T11:57:43.004459+00:00,475,r-scylla2,3,1,outgoing,0
2026-09-21T11:57:43.004459+00:00,475,r-scylla3,3,0,incoming,0
2026-09-21T11:57:43.004459+00:00,475,r-scylla3,3,0,outgoing,0
2026-09-21T11:57:43.004459+00:00,475,r-scylla3,3,1,incoming,184392
2026-09-21T11:57:43.004459+00:00,475,r-scylla3,3,1,outgoing,0
2026-09-21T11:57:44.004701+00:00,476,r-scylla1,3,0,incoming,0
2026-09-21T11:57:44.004701+00:00,476,r-scylla1,3,0,outgoing,0
2026-09-21T11:57:44.004701+00:00,476,r-scylla1,3,1,incoming,506
2026-09-21T11:57:44.004701+00:00,476,r-scylla1,3,1,outgoing,0
2026-09-21T11:57:44.004701+00:00,476,r-scylla2,3,0,incoming,0
2026-09-21T11:57:44.004701+00:00,476,r-scylla2,3,0,outgoing,0
2026-09-21T11:57:44.004701+00:00,476,r-scylla2,3,1,incoming,0
2026-09-21T11:57:44.004701+00:00,476,r-scylla2,3,1,outgoing,0
2026-09-21T11:57:44.004701+00:00,476,r-scylla3,3,0,incoming,0
2026-09-21T11:57:44.004701+00:00,476,r-scylla3,3,0,outgoing,0
2026-09-21T11:57:44.004701+00:00,476,r-scylla3,3,1,incoming,184392
2026-09-21T11:57:44.004701+00:00,476,r-scylla3,3,1,outgoing,0
2026-09-21T11:57:45.004913+00:00,477,r-scylla1,3,0,incoming,0
2026-09-21T11:57:45.004913+00:00,477,r-scylla1,3,0,outgoing,0
2026-09-21T11:57:45.004913+00:00,477,r-scylla1,3,1,incoming,506
2026-09-21T11:57:45.004913+00:00,477,r-scylla1,3,1,outgoing,0
2026-09-21T11:57:45.004913+00:00,477,r-scylla2,3,0,incoming,0
2026-09-21T11:57:45.004913+00:00,477,r-scylla2,3,0,outgoing,0
2026-09-21T11:57:45.004913+00:00,477,r-scylla2,3,1,incoming,0
2026-09-21T11:57:45.004913+00:00,477,r-scylla2,3,1,outgoing,0
2026-09-21T11:57:45.004913+00:00,477,r-scylla3,3,0,incoming,0
2026-09-21T11:57:45.004913+00:00,477,r-scylla3,3,0,outgoing,0
2026-09-21T11:57:45.004913+00:00,477,r-scylla3,3,1,incoming,184392
2026-09-21T11:57:45.004913+00:00,477,r-scylla3,3,1,outgoing,0
2026-09-21T11:57:46.005258+00:00,478,r-scylla1,3,0,incoming,0
2026-09-21T11:57:46.005258+00:00,478,r-scylla1,3,0,outgoing,0
2026-09-21T11:57:46.005258+00:00,478,r-scylla1,3,1,incoming,506
2026-09-21T11:57:46.005258+00:00,478,r-scylla1,3,1,outgoing,0
2026-09-21T11:57:46.005258+00:00,478,r-scylla2,3,0,incoming,0
2026-09-21T11:57:46.005258+00:00,478,r-scylla2,3,0,outgoing,0
2026-09-21T11:57:46.005258+00:00,478,r-scylla2,3,1,incoming,0
2026-09-21T11:57:46.005258+00:00,478,r-scylla2,3,1,outgoing,0
2026-09-21T11:57:46.005258+00:00,478,r-scylla3,3,0,incoming,0
2026-09-21T11:57:46.005258+00:00,478,r-scylla3,3,0,outgoing,0
2026-09-21T11:57:46.005258+00:00,478,r-scylla3,3,1,incoming,184392
2026-09-21T11:57:46.005258+00:00,478,r-scylla3,3,1,outgoing,0
2026-09-21T11:57:47.005647+00:00,479,r-scylla1,3,0,incoming,0
2026-09-21T11:57:47.005647+00:00,479,r-scylla1,3,0,outgoing,0
2026-09-21T11:57:47.005647+00:00,479,r-scylla1,3,1,incoming,506
2026-09-21T11:57:47.005647+00:00,479,r-scylla1,3,1,outgoing,0
2026-09-21T11:57:47.005647+00:00,479,r-scylla2,3,0,incoming,0
2026-09-21T11:57:47.005647+00:00,479,r-scylla2,3,0,outgoing,0
2026-09-21T11:57:47.005647+00:00,479,r-scylla2,3,1,incoming,0
2026-09-21T11:57:47.005647+00:00,479,r-scylla2,3,1,outgoing,0
2026-09-21T11:57:47.005647+00:00,479,r-scylla3,3,0,incoming,0
2026-09-21T11:57:47.005647+00:00,479,r-scylla3,3,0,outgoing,0
2026-09-21T11:57:47.005647+00:00,479,r-scylla3,3,1,incoming,184392
2026-09-21T11:57:47.005647+00:00,479,r-scylla3,3,1,outgoing,0
2026-09-21T11:57:48.005994+00:00,480,r-scylla1,3,0,incoming,0
2026-09-21T11:57:48.005994+00:00,480,r-scylla1,3,0,outgoing,0
2026-09-21T11:57:48.005994+00:00,480,r-scylla1,3,1,incoming,506
2026-09-21T11:57:48.005994+00:00,480,r-scylla1,3,1,outgoing,0
2026-09-21T11:57:48.005994+00:00,480,r-scylla2,3,0,incoming,0
2026-09-21T11:57:48.005994+00:00,480,r-scylla2,3,0,outgoing,0
2026-09-21T11:57:48.005994+00:00,480,r-scylla2,3,1,incoming,0
2026-09-21T11:57:48.005994+00:00,480,r-scylla2,3,1,outgoing,0
2026-09-21T11:57:48.005994+00:00,480,r-scylla3,3,0,incoming,0
2026-09-21T11:57:48.005994+00:00,480,r-scylla3,3,0,outgoing,0
2026-09-21T11:57:48.005994+00:00,480,r-scylla3,3,1,incoming,184392
2026-09-21T11:57:48.005994+00:00,480,r-scylla3,3,1,outgoing,0
2026-09-21T11:57:49.006119+00:00,481,r-scylla1,3,0,incoming,0
2026-09-21T11:57:49.006119+00:00,481,r-scylla1,3,0,outgoing,0
2026-09-21T11:57:49.006119+00:00,481,r-scylla1,3,1,incoming,506
2026-09-21T11:57:49.006119+00:00,481,r-scylla1,3,1,outgoing,0
2026-09-21T11:57:49.006119+00:00,481,r-scylla2,3,0,incoming,0
2026-09-21T11:57:49.006119+00:00,481,r-scylla2,3,0,outgoing,0
2026-09-21T11:57:49.006119+00:00,481,r-scylla2,3,1,incoming,0
2026-09-21T11:57:49.006119+00:00,481,r-scylla2,3,1,outgoing,0
2026-09-21T11:57:49.006119+00:00,481,r-scylla3,3,0,incoming,0
2026-09-21T11:57:49.006119+00:00,481,r-scylla3,3,0,outgoing,0
2026-09-21T11:57:49.006119+00:00,481,r-scylla3,3,1,incoming,184392
2026-09-21T11:57:49.006119+00:00,481,r-scylla3,3,1,outgoing,0
2026-09-21T11:57:50.006316+00:00,482,r-scylla1,3,0,incoming,0
2026-09-21T11:57:50.006316+00:00,482,r-scylla1,3,0,outgoing,0
2026-09-21T11:57:50.006316+00:00,482,r-scylla1,3,1,incoming,506
2026-09-21T11:57:50.006316+00:00,482,r-scylla1,3,1,outgoing,0
2026-09-21T11:57:50.006316+00:00,482,r-scylla2,3,0,incoming,0
2026-09-21T11:57:50.006316+00:00,482,r-scylla2,3,0,outgoing,0
2026-09-21T11:57:50.006316+00:00,482,r-scylla2,3,1,incoming,0
2026-09-21T11:57:50.006316+00:00,482,r-scylla2,3,1,outgoing,0
2026-09-21T11:57:50.006316+00:00,482,r-scylla3,3,0,incoming,0
2026-09-21T11:57:50.006316+00:00,482,r-scylla3,3,0,outgoing,0
2026-09-21T11:57:50.006316+00:00,482,r-scylla3,3,1,incoming,184392
2026-09-21T11:57:50.006316+00:00,482,r-scylla3,3,1,outgoing,0
2026-09-21T11:57:51.006378+00:00,483,r-scylla1,3,0,incoming,0
2026-09-21T11:57:51.006378+00:00,483,r-scylla1,3,0,outgoing,0
2026-09-21T11:57:51.006378+00:00,483,r-scylla1,3,1,incoming,506
2026-09-21T11:57:51.006378+00:00,483,r-scylla1,3,1,outgoing,0
2026-09-21T11:57:51.006378+00:00,483,r-scylla2,3,0,incoming,0
2026-09-21T11:57:51.006378+00:00,483,r-scylla2,3,0,outgoing,0
2026-09-21T11:57:51.006378+00:00,483,r-scylla2,3,1,incoming,0
2026-09-21T11:57:51.006378+00:00,483,r-scylla2,3,1,outgoing,0
2026-09-21T11:57:51.006378+00:00,483,r-scylla3,3,0,incoming,0
2026-09-21T11:57:51.006378+00:00,483,r-scylla3,3,0,outgoing,0
2026-09-21T11:57:51.006378+00:00,483,r-scylla3,3,1,incoming,184392
2026-09-21T11:57:51.006378+00:00,483,r-scylla3,3,1,outgoing,0
2026-09-21T11:57:52.006619+00:00,484,r-scylla1,3,0,incoming,0
2026-09-21T11:57:52.006619+00:00,484,r-scylla1,3,0,outgoing,0
2026-09-21T11:57:52.006619+00:00,484,r-scylla1,3,1,incoming,506
2026-09-21T11:57:52.006619+00:00,484,r-scylla1,3,1,outgoing,0
2026-09-21T11:57:52.006619+00:00,484,r-scylla2,3,0,incoming,0
2026-09-21T11:57:52.006619+00:00,484,r-scylla2,3,0,outgoing,0
2026-09-21T11:57:52.006619+00:00,484,r-scylla2,3,1,incoming,0
2026-09-21T11:57:52.006619+00:00,484,r-scylla2,3,1,outgoing,0
2026-09-21T11:57:52.006619+00:00,484,r-scylla3,3,0,incoming,0
2026-09-21T11:57:52.006619+00:00,484,r-scylla3,3,0,outgoing,0
2026-09-21T11:57:52.006619+00:00,484,r-scylla3,3,1,incoming,184392
2026-09-21T11:57:52.006619+00:00,484,r-scylla3,3,1,outgoing,0
2026-09-21T11:57:53.006808+00:00,485,r-scylla1,3,0,incoming,0
2026-09-21T11:57:53.006808+00:00,485,r-scylla1,3,0,outgoing,0
2026-09-21T11:57:53.006808+00:00,485,r-scylla1,3,1,incoming,506
2026-09-21T11:57:53.006808+00:00,485,r-scylla1,3,1,outgoing,0
2026-09-21T11:57:53.006808+00:00,485,r-scylla2,3,0,incoming,0
2026-09-21T11:57:53.006808+00:00,485,r-scylla2,3,0,outgoing,0
2026-09-21T11:57:53.006808+00:00,485,r-scylla2,3,1,incoming,0
2026-09-21T11:57:53.006808+00:00,485,r-scylla2,3,1,outgoing,0
2026-09-21T11:57:53.006808+00:00,485,r-scylla3,3,0,incoming,0
2026-09-21T11:57:53.006808+00:00,485,r-scylla3,3,0,outgoing,0
2026-09-21T11:57:53.006808+00:00,485,r-scylla3,3,1,incoming,184392
2026-09-21T11:57:53.006808+00:00,485,r-scylla3,3,1,outgoing,0
2026-09-21T11:57:54.007062+00:00,486,r-scylla1,3,0,incoming,0
2026-09-21T11:57:54.007062+00:00,486,r-scylla1,3,0,outgoing,0
2026-09-21T11:57:54.007062+00:00,486,r-scylla1,3,1,incoming,506
2026-09-21T11:57:54.007062+00:00,486,r-scylla1,3,1,outgoing,0
2026-09-21T11:57:54.007062+00:00,486,r-scylla2,3,0,incoming,0
2026-09-21T11:57:54.007062+00:00,486,r-scylla2,3,0,outgoing,0
2026-09-21T11:57:54.007062+00:00,486,r-scylla2,3,1,incoming,0
2026-09-21T11:57:54.007062+00:00,486,r-scylla2,3,1,outgoing,0
2026-09-21T11:57:54.007062+00:00,486,r-scylla3,3,0,incoming,0
2026-09-21T11:57:54.007062+00:00,486,r-scylla3,3,0,outgoing,0
2026-09-21T11:57:54.007062+00:00,486,r-scylla3,3,1,incoming,184392
2026-09-21T11:57:54.007062+00:00,486,r-scylla3,3,1,outgoing,0
2026-09-21T11:57:55.007216+00:00,487,r-scylla1,3,0,incoming,0
2026-09-21T11:57:55.007216+00:00,487,r-scylla1,3,0,outgoing,0
2026-09-21T11:57:55.007216+00:00,487,r-scylla1,3,1,incoming,506
2026-09-21T11:57:55.007216+00:00,487,r-scylla1,3,1,outgoing,0
2026-09-21T11:57:55.007216+00:00,487,r-scylla2,3,0,incoming,0
2026-09-21T11:57:55.007216+00:00,487,r-scylla2,3,0,outgoing,0
2026-09-21T11:57:55.007216+00:00,487,r-scylla2,3,1,incoming,0
2026-09-21T11:57:55.007216+00:00,487,r-scylla2,3,1,outgoing,0
2026-09-21T11:57:55.007216+00:00,487,r-scylla3,3,0,incoming,0
2026-09-21T11:57:55.007216+00:00,487,r-scylla3,3,0,outgoing,0
2026-09-21T11:57:55.007216+00:00,487,r-scylla3,3,1,incoming,184392
2026-09-21T11:57:55.007216+00:00,487,r-scylla3,3,1,outgoing,0
2026-09-21T11:57:56.007323+00:00,488,r-scylla1,3,0,incoming,0
2026-09-21T11:57:56.007323+00:00,488,r-scylla1,3,0,outgoing,0
2026-09-21T11:57:56.007323+00:00,488,r-scylla1,3,1,incoming,506
2026-09-21T11:57:56.007323+00:00,488,r-scylla1,3,1,outgoing,0
2026-09-21T11:57:56.007323+00:00,488,r-scylla2,3,0,incoming,0
2026-09-21T11:57:56.007323+00:00,488,r-scylla2,3,0,outgoing,0
2026-09-21T11:57:56.007323+00:00,488,r-scylla2,3,1,incoming,0
2026-09-21T11:57:56.007323+00:00,488,r-scylla2,3,1,outgoing,0
2026-09-21T11:57:56.007323+00:00,488,r-scylla3,3,0,incoming,0
2026-09-21T11:57:56.007323+00:00,488,r-scylla3,3,0,outgoing,0
2026-09-21T11:57:56.007323+00:00,488,r-scylla3,3,1,incoming,184392
2026-09-21T11:57:56.007323+00:00,488,r-scylla3,3,1,outgoing,0
2026-09-21T11:57:57.007522+00:00,489,r-scylla1,3,0,incoming,0
2026-09-21T11:57:57.007522+00:00,489,r-scylla1,3,0,outgoing,0
2026-09-21T11:57:57.007522+00:00,489,r-scylla1,3,1,incoming,506
2026-09-21T11:57:57.007522+00:00,489,r-scylla1,3,1,outgoing,0
2026-09-21T11:57:57.007522+00:00,489,r-scylla2,3,0,incoming,0
2026-09-21T11:57:57.007522+00:00,489,r-scylla2,3,0,outgoing,0
2026-09-21T11:57:57.007522+00:00,489,r-scylla2,3,1,incoming,0
2026-09-21T11:57:57.007522+00:00,489,r-scylla2,3,1,outgoing,0
2026-09-21T11:57:57.007522+00:00,489,r-scylla3,3,0,incoming,0
2026-09-21T11:57:57.007522+00:00,489,r-scylla3,3,0,outgoing,0
2026-09-21T11:57:57.007522+00:00,489,r-scylla3,3,1,incoming,184392
2026-09-21T11:57:57.007522+00:00,489,r-scylla3,3,1,outgoing,0
2026-09-21T11:57:58.007786+00:00,490,r-scylla1,3,0,incoming,0
2026-09-21T11:57:58.007786+00:00,490,r-scylla1,3,0,outgoing,0
2026-09-21T11:57:58.007786+00:00,490,r-scylla1,3,1,incoming,506
2026-09-21T11:57:58.007786+00:00,490,r-scylla1,3,1,outgoing,0
2026-09-21T11:57:58.007786+00:00,490,r-scylla2,3,0,incoming,0
2026-09-21T11:57:58.007786+00:00,490,r-scylla2,3,0,outgoing,0
2026-09-21T11:57:58.007786+00:00,490,r-scylla2,3,1,incoming,0
2026-09-21T11:57:58.007786+00:00,490,r-scylla2,3,1,outgoing,0
2026-09-21T11:57:58.007786+00:00,490,r-scylla3,3,0,incoming,0
2026-09-21T11:57:58.007786+00:00,490,r-scylla3,3,0,outgoing,0
2026-09-21T11:57:58.007786+00:00,490,r-scylla3,3,1,incoming,184392
2026-09-21T11:57:58.007786+00:00,490,r-scylla3,3,1,outgoing,0
2026-09-21T11:57:59.007917+00:00,491,r-scylla1,3,0,incoming,0
2026-09-21T11:57:59.007917+00:00,491,r-scylla1,3,0,outgoing,0
2026-09-21T11:57:59.007917+00:00,491,r-scylla1,3,1,incoming,506
2026-09-21T11:57:59.007917+00:00,491,r-scylla1,3,1,outgoing,0
2026-09-21T11:57:59.007917+00:00,491,r-scylla2,3,0,incoming,0
2026-09-21T11:57:59.007917+00:00,491,r-scylla2,3,0,outgoing,0
2026-09-21T11:57:59.007917+00:00,491,r-scylla2,3,1,incoming,0
2026-09-21T11:57:59.007917+00:00,491,r-scylla2,3,1,outgoing,0
2026-09-21T11:57:59.007917+00:00,491,r-scylla3,3,0,incoming,0
2026-09-21T11:57:59.007917+00:00,491,r-scylla3,3,0,outgoing,0
2026-09-21T11:57:59.007917+00:00,491,r-scylla3,3,1,incoming,184392
2026-09-21T11:57:59.007917+00:00,491,r-scylla3,3,1,outgoing,0
2026-09-21T11:58:00.008032+00:00,492,r-scylla1,3,0,incoming,0
2026-09-21T11:58:00.008032+00:00,492,r-scylla1,3,0,outgoing,0
2026-09-21T11:58:00.008032+00:00,492,r-scylla1,3,1,incoming,506
2026-09-21T11:58:00.008032+00:00,492,r-scylla1,3,1,outgoing,0
2026-09-21T11:58:00.008032+00:00,492,r-scylla2,3,0,incoming,0
2026-09-21T11:58:00.008032+00:00,492,r-scylla2,3,0,outgoing,0
2026-09-21T11:58:00.008032+00:00,492,r-scylla2,3,1,incoming,0
2026-09-21T11:58:00.008032+00:00,492,r-scylla2,3,1,outgoing,0
2026-09-21T11:58:00.008032+00:00,492,r-scylla3,3,0,incoming,0
2026-09-21T11:58:00.008032+00:00,492,r-scylla3,3,0,outgoing,0
2026-09-21T11:58:00.008032+00:00,492,r-scylla3,3,1,incoming,184392
2026-09-21T11:58:00.008032+00:00,492,r-scylla3,3,1,outgoing,0
2026-09-21T11:58:01.005724+00:00,493,r-scylla1,3,0,incoming,0
2026-09-21T11:58:01.005724+00:00,493,r-scylla1,3,0,outgoing,0
2026-09-21T11:58:01.005724+00:00,493,r-scylla1,3,1,incoming,506
2026-09-21T11:58:01.005724+00:00,493,r-scylla1,3,1,outgoing,0
2026-09-21T11:58:01.005724+00:00,493,r-scylla2,3,0,incoming,0
2026-09-21T11:58:01.005724+00:00,493,r-scylla2,3,0,outgoing,0
2026-09-21T11:58:01.005724+00:00,493,r-scylla2,3,1,incoming,0
2026-09-21T11:58:01.005724+00:00,493,r-scylla2,3,1,outgoing,0
2026-09-21T11:58:01.005724+00:00,493,r-scylla3,3,0,incoming,0
2026-09-21T11:58:01.005724+00:00,493,r-scylla3,3,0,outgoing,0
2026-09-21T11:58:01.005724+00:00,493,r-scylla3,3,1,incoming,184392
2026-09-21T11:58:01.005724+00:00,493,r-scylla3,3,1,outgoing,0
2026-09-21T11:58:02.005929+00:00,494,r-scylla1,3,0,incoming,0
2026-09-21T11:58:02.005929+00:00,494,r-scylla1,3,0,outgoing,0
2026-09-21T11:58:02.005929+00:00,494,r-scylla1,3,1,incoming,506
2026-09-21T11:58:02.005929+00:00,494,r-scylla1,3,1,outgoing,0
2026-09-21T11:58:02.005929+00:00,494,r-scylla2,3,0,incoming,0
2026-09-21T11:58:02.005929+00:00,494,r-scylla2,3,0,outgoing,0
2026-09-21T11:58:02.005929+00:00,494,r-scylla2,3,1,incoming,0
2026-09-21T11:58:02.005929+00:00,494,r-scylla2,3,1,outgoing,0
2026-09-21T11:58:02.005929+00:00,494,r-scylla3,3,0,incoming,0
2026-09-21T11:58:02.005929+00:00,494,r-scylla3,3,0,outgoing,0
2026-09-21T11:58:02.005929+00:00,494,r-scylla3,3,1,incoming,184392
2026-09-21T11:58:02.005929+00:00,494,r-scylla3,3,1,outgoing,0
2026-09-21T11:58:03.006221+00:00,495,r-scylla1,3,0,incoming,0
2026-09-21T11:58:03.006221+00:00,495,r-scylla1,3,0,outgoing,0
2026-09-21T11:58:03.006221+00:00,495,r-scylla1,3,1,incoming,506
2026-09-21T11:58:03.006221+00:00,495,r-scylla1,3,1,outgoing,0
2026-09-21T11:58:03.006221+00:00,495,r-scylla2,3,0,incoming,0
2026-09-21T11:58:03.006221+00:00,495,r-scylla2,3,0,outgoing,0
2026-09-21T11:58:03.006221+00:00,495,r-scylla2,3,1,incoming,0
2026-09-21T11:58:03.006221+00:00,495,r-scylla2,3,1,outgoing,0
2026-09-21T11:58:03.006221+00:00,495,r-scylla3,3,0,incoming,0
2026-09-21T11:58:03.006221+00:00,495,r-scylla3,3,0,outgoing,0
2026-09-21T11:58:03.006221+00:00,495,r-scylla3,3,1,incoming,184392
2026-09-21T11:58:03.006221+00:00,495,r-scylla3,3,1,outgoing,0
2026-09-21T11:58:04.006379+00:00,496,r-scylla1,3,0,incoming,0
2026-09-21T11:58:04.006379+00:00,496,r-scylla1,3,0,outgoing,0
2026-09-21T11:58:04.006379+00:00,496,r-scylla1,3,1,incoming,506
2026-09-21T11:58:04.006379+00:00,496,r-scylla1,3,1,outgoing,0
2026-09-21T11:58:04.006379+00:00,496,r-scylla2,3,0,incoming,0
2026-09-21T11:58:04.006379+00:00,496,r-scylla2,3,0,outgoing,0
2026-09-21T11:58:04.006379+00:00,496,r-scylla2,3,1,incoming,0
2026-09-21T11:58:04.006379+00:00,496,r-scylla2,3,1,outgoing,0
2026-09-21T11:58:04.006379+00:00,496,r-scylla3,3,0,incoming,0
2026-09-21T11:58:04.006379+00:00,496,r-scylla3,3,0,outgoing,0
2026-09-21T11:58:04.006379+00:00,496,r-scylla3,3,1,incoming,184392
2026-09-21T11:58:04.006379+00:00,496,r-scylla3,3,1,outgoing,0
2026-09-21T11:58:05.006520+00:00,497,r-scylla1,3,0,incoming,0
2026-09-21T11:58:05.006520+00:00,497,r-scylla1,3,0,outgoing,0
2026-09-21T11:58:05.006520+00:00,497,r-scylla1,3,1,incoming,506
2026-09-21T11:58:05.006520+00:00,497,r-scylla1,3,1,outgoing,0
2026-09-21T11:58:05.006520+00:00,497,r-scylla2,3,0,incoming,0
2026-09-21T11:58:05.006520+00:00,497,r-scylla2,3,0,outgoing,0
2026-09-21T11:58:05.006520+00:00,497,r-scylla2,3,1,incoming,0
2026-09-21T11:58:05.006520+00:00,497,r-scylla2,3,1,outgoing,0
2026-09-21T11:58:05.006520+00:00,497,r-scylla3,3,0,incoming,0
2026-09-21T11:58:05.006520+00:00,497,r-scylla3,3,0,outgoing,0
2026-09-21T11:58:05.006520+00:00,497,r-scylla3,3,1,incoming,184392
2026-09-21T11:58:05.006520+00:00,497,r-scylla3,3,1,outgoing,0
2026-09-21T11:58:06.006887+00:00,498,r-scylla1,3,0,incoming,0
2026-09-21T11:58:06.006887+00:00,498,r-scylla1,3,0,outgoing,0
2026-09-21T11:58:06.006887+00:00,498,r-scylla1,3,1,incoming,506
2026-09-21T11:58:06.006887+00:00,498,r-scylla1,3,1,outgoing,0
2026-09-21T11:58:06.006887+00:00,498,r-scylla2,3,0,incoming,0
2026-09-21T11:58:06.006887+00:00,498,r-scylla2,3,0,outgoing,0
2026-09-21T11:58:06.006887+00:00,498,r-scylla2,3,1,incoming,0
2026-09-21T11:58:06.006887+00:00,498,r-scylla2,3,1,outgoing,0
2026-09-21T11:58:06.006887+00:00,498,r-scylla3,3,0,incoming,0
2026-09-21T11:58:06.006887+00:00,498,r-scylla3,3,0,outgoing,0
2026-09-21T11:58:06.006887+00:00,498,r-scylla3,3,1,incoming,184392
2026-09-21T11:58:06.006887+00:00,498,r-scylla3,3,1,outgoing,0
2026-09-21T11:58:07.007229+00:00,499,r-scylla1,3,0,incoming,0
2026-09-21T11:58:07.007229+00:00,499,r-scylla1,3,0,outgoing,0
2026-09-21T11:58:07.007229+00:00,499,r-scylla1,3,1,incoming,506
2026-09-21T11:58:07.007229+00:00,499,r-scylla1,3,1,outgoing,0
2026-09-21T11:58:07.007229+00:00,499,r-scylla2,3,0,incoming,0
2026-09-21T11:58:07.007229+00:00,499,r-scylla2,3,0,outgoing,0
2026-09-21T11:58:07.007229+00:00,499,r-scylla2,3,1,incoming,0
2026-09-21T11:58:07.007229+00:00,499,r-scylla2,3,1,outgoing,0
2026-09-21T11:58:07.007229+00:00,499,r-scylla3,3,0,incoming,0
2026-09-21T11:58:07.007229+00:00,499,r-scylla3,3,0,outgoing,0
2026-09-21T11:58:07.007229+00:00,499,r-scylla3,3,1,incoming,184392
2026-09-21T11:58:07.007229+00:00,499,r-scylla3,3,1,outgoing,0
2026-09-21T11:58:08.007674+00:00,500,r-scylla1,3,0,incoming,0
2026-09-21T11:58:08.007674+00:00,500,r-scylla1,3,0,outgoing,0
2026-09-21T11:58:08.007674+00:00,500,r-scylla1,3,1,incoming,506
2026-09-21T11:58:08.007674+00:00,500,r-scylla1,3,1,outgoing,0
2026-09-21T11:58:08.007674+00:00,500,r-scylla2,3,0,incoming,0
2026-09-21T11:58:08.007674+00:00,500,r-scylla2,3,0,outgoing,0
2026-09-21T11:58:08.007674+00:00,500,r-scylla2,3,1,incoming,0
2026-09-21T11:58:08.007674+00:00,500,r-scylla2,3,1,outgoing,0
2026-09-21T11:58:08.007674+00:00,500,r-scylla3,3,0,incoming,0
2026-09-21T11:58:08.007674+00:00,500,r-scylla3,3,0,outgoing,0
2026-09-21T11:58:08.007674+00:00,500,r-scylla3,3,1,incoming,184392
2026-09-21T11:58:08.007674+00:00,500,r-scylla3,3,1,outgoing,0
2026-09-21T11:58:09.007930+00:00,501,r-scylla1,3,0,incoming,0
2026-09-21T11:58:09.007930+00:00,501,r-scylla1,3,0,outgoing,0
2026-09-21T11:58:09.007930+00:00,501,r-scylla1,3,1,incoming,506
2026-09-21T11:58:09.007930+00:00,501,r-scylla1,3,1,outgoing,0
2026-09-21T11:58:09.007930+00:00,501,r-scylla2,3,0,incoming,0
2026-09-21T11:58:09.007930+00:00,501,r-scylla2,3,0,outgoing,0
2026-09-21T11:58:09.007930+00:00,501,r-scylla2,3,1,incoming,0
2026-09-21T11:58:09.007930+00:00,501,r-scylla2,3,1,outgoing,0
2026-09-21T11:58:09.007930+00:00,501,r-scylla3,3,0,incoming,0
2026-09-21T11:58:09.007930+00:00,501,r-scylla3,3,0,outgoing,0
2026-09-21T11:58:09.007930+00:00,501,r-scylla3,3,1,incoming,184392
2026-09-21T11:58:09.007930+00:00,501,r-scylla3,3,1,outgoing,0
2026-09-21T11:58:10.008123+00:00,502,r-scylla1,3,0,incoming,0
2026-09-21T11:58:10.008123+00:00,502,r-scylla1,3,0,outgoing,0
2026-09-21T11:58:10.008123+00:00,502,r-scylla1,3,1,incoming,506
2026-09-21T11:58:10.008123+00:00,502,r-scylla1,3,1,outgoing,0
2026-09-21T11:58:10.008123+00:00,502,r-scylla2,3,0,incoming,0
2026-09-21T11:58:10.008123+00:00,502,r-scylla2,3,0,outgoing,0
2026-09-21T11:58:10.008123+00:00,502,r-scylla2,3,1,incoming,0
2026-09-21T11:58:10.008123+00:00,502,r-scylla2,3,1,outgoing,0
2026-09-21T11:58:10.008123+00:00,502,r-scylla3,3,0,incoming,0
2026-09-21T11:58:10.008123+00:00,502,r-scylla3,3,0,outgoing,0
2026-09-21T11:58:10.008123+00:00,502,r-scylla3,3,1,incoming,184392
2026-09-21T11:58:10.008123+00:00,502,r-scylla3,3,1,outgoing,0
2026-09-21T11:58:11.008230+00:00,503,r-scylla1,3,0,incoming,0
2026-09-21T11:58:11.008230+00:00,503,r-scylla1,3,0,outgoing,0
2026-09-21T11:58:11.008230+00:00,503,r-scylla1,3,1,incoming,506
2026-09-21T11:58:11.008230+00:00,503,r-scylla1,3,1,outgoing,0
2026-09-21T11:58:11.008230+00:00,503,r-scylla2,3,0,incoming,0
2026-09-21T11:58:11.008230+00:00,503,r-scylla2,3,0,outgoing,0
2026-09-21T11:58:11.008230+00:00,503,r-scylla2,3,1,incoming,0
2026-09-21T11:58:11.008230+00:00,503,r-scylla2,3,1,outgoing,0
2026-09-21T11:58:11.008230+00:00,503,r-scylla3,3,0,incoming,0
2026-09-21T11:58:11.008230+00:00,503,r-scylla3,3,0,outgoing,0
2026-09-21T11:58:11.008230+00:00,503,r-scylla3,3,1,incoming,184392
2026-09-21T11:58:11.008230+00:00,503,r-scylla3,3,1,outgoing,0
2026-09-21T11:58:12.008375+00:00,504,r-scylla1,3,0,incoming,0
2026-09-21T11:58:12.008375+00:00,504,r-scylla1,3,0,outgoing,0
2026-09-21T11:58:12.008375+00:00,504,r-scylla1,3,1,incoming,506
2026-09-21T11:58:12.008375+00:00,504,r-scylla1,3,1,outgoing,0
2026-09-21T11:58:12.008375+00:00,504,r-scylla2,3,0,incoming,0
2026-09-21T11:58:12.008375+00:00,504,r-scylla2,3,0,outgoing,0
2026-09-21T11:58:12.008375+00:00,504,r-scylla2,3,1,incoming,0
2026-09-21T11:58:12.008375+00:00,504,r-scylla2,3,1,outgoing,0
2026-09-21T11:58:12.008375+00:00,504,r-scylla3,3,0,incoming,0
2026-09-21T11:58:12.008375+00:00,504,r-scylla3,3,0,outgoing,0
2026-09-21T11:58:12.008375+00:00,504,r-scylla3,3,1,incoming,184392
2026-09-21T11:58:12.008375+00:00,504,r-scylla3,3,1,outgoing,0
2026-09-21T11:58:13.008490+00:00,505,r-scylla1,3,0,incoming,0
2026-09-21T11:58:13.008490+00:00,505,r-scylla1,3,0,outgoing,0
2026-09-21T11:58:13.008490+00:00,505,r-scylla1,3,1,incoming,506
2026-09-21T11:58:13.008490+00:00,505,r-scylla1,3,1,outgoing,0
2026-09-21T11:58:13.008490+00:00,505,r-scylla2,3,0,incoming,0
2026-09-21T11:58:13.008490+00:00,505,r-scylla2,3,0,outgoing,0
2026-09-21T11:58:13.008490+00:00,505,r-scylla2,3,1,incoming,0
2026-09-21T11:58:13.008490+00:00,505,r-scylla2,3,1,outgoing,0
2026-09-21T11:58:13.008490+00:00,505,r-scylla3,3,0,incoming,0
2026-09-21T11:58:13.008490+00:00,505,r-scylla3,3,0,outgoing,0
2026-09-21T11:58:13.008490+00:00,505,r-scylla3,3,1,incoming,184392
2026-09-21T11:58:13.008490+00:00,505,r-scylla3,3,1,outgoing,0
2026-09-21T11:58:14.008602+00:00,506,r-scylla1,3,0,incoming,0
2026-09-21T11:58:14.008602+00:00,506,r-scylla1,3,0,outgoing,0
2026-09-21T11:58:14.008602+00:00,506,r-scylla1,3,1,incoming,506
2026-09-21T11:58:14.008602+00:00,506,r-scylla1,3,1,outgoing,0
2026-09-21T11:58:14.008602+00:00,506,r-scylla2,3,0,incoming,0
2026-09-21T11:58:14.008602+00:00,506,r-scylla2,3,0,outgoing,0
2026-09-21T11:58:14.008602+00:00,506,r-scylla2,3,1,incoming,0
2026-09-21T11:58:14.008602+00:00,506,r-scylla2,3,1,outgoing,0
2026-09-21T11:58:14.008602+00:00,506,r-scylla3,3,0,incoming,0
2026-09-21T11:58:14.008602+00:00,506,r-scylla3,3,0,outgoing,0
2026-09-21T11:58:14.008602+00:00,506,r-scylla3,3,1,incoming,184392
2026-09-21T11:58:14.008602+00:00,506,r-scylla3,3,1,outgoing,0
2026-09-21T11:58:15.008776+00:00,507,r-scylla1,3,0,incoming,0
2026-09-21T11:58:15.008776+00:00,507,r-scylla1,3,0,outgoing,0
2026-09-21T11:58:15.008776+00:00,507,r-scylla1,3,1,incoming,506
2026-09-21T11:58:15.008776+00:00,507,r-scylla1,3,1,outgoing,0
2026-09-21T11:58:15.008776+00:00,507,r-scylla2,3,0,incoming,0
2026-09-21T11:58:15.008776+00:00,507,r-scylla2,3,0,outgoing,0
2026-09-21T11:58:15.008776+00:00,507,r-scylla2,3,1,incoming,0
2026-09-21T11:58:15.008776+00:00,507,r-scylla2,3,1,outgoing,0
2026-09-21T11:58:15.008776+00:00,507,r-scylla3,3,0,incoming,0
2026-09-21T11:58:15.008776+00:00,507,r-scylla3,3,0,outgoing,0
2026-09-21T11:58:15.008776+00:00,507,r-scylla3,3,1,incoming,184392
2026-09-21T11:58:15.008776+00:00,507,r-scylla3,3,1,outgoing,0
2026-09-21T11:58:16.008967+00:00,508,r-scylla1,3,0,incoming,0
2026-09-21T11:58:16.008967+00:00,508,r-scylla1,3,0,outgoing,0
2026-09-21T11:58:16.008967+00:00,508,r-scylla1,3,1,incoming,506
2026-09-21T11:58:16.008967+00:00,508,r-scylla1,3,1,outgoing,0
2026-09-21T11:58:16.008967+00:00,508,r-scylla2,3,0,incoming,0
2026-09-21T11:58:16.008967+00:00,508,r-scylla2,3,0,outgoing,0
2026-09-21T11:58:16.008967+00:00,508,r-scylla2,3,1,incoming,0
2026-09-21T11:58:16.008967+00:00,508,r-scylla2,3,1,outgoing,0
2026-09-21T11:58:16.008967+00:00,508,r-scylla3,3,0,incoming,0
2026-09-21T11:58:16.008967+00:00,508,r-scylla3,3,0,outgoing,0
2026-09-21T11:58:16.008967+00:00,508,r-scylla3,3,1,incoming,184392
2026-09-21T11:58:16.008967+00:00,508,r-scylla3,3,1,outgoing,0
2026-09-21T11:58:17.009314+00:00,509,r-scylla1,3,0,incoming,0
2026-09-21T11:58:17.009314+00:00,509,r-scylla1,3,0,outgoing,0
2026-09-21T11:58:17.009314+00:00,509,r-scylla1,3,1,incoming,506
2026-09-21T11:58:17.009314+00:00,509,r-scylla1,3,1,outgoing,0
2026-09-21T11:58:17.009314+00:00,509,r-scylla2,3,0,incoming,0
2026-09-21T11:58:17.009314+00:00,509,r-scylla2,3,0,outgoing,0
2026-09-21T11:58:17.009314+00:00,509,r-scylla2,3,1,incoming,0
2026-09-21T11:58:17.009314+00:00,509,r-scylla2,3,1,outgoing,0
2026-09-21T11:58:17.009314+00:00,509,r-scylla3,3,0,incoming,0
2026-09-21T11:58:17.009314+00:00,509,r-scylla3,3,0,outgoing,0
2026-09-21T11:58:17.009314+00:00,509,r-scylla3,3,1,incoming,184392
2026-09-21T11:58:17.009314+00:00,509,r-scylla3,3,1,outgoing,0
2026-09-21T11:58:18.009595+00:00,510,r-scylla1,3,0,incoming,0
2026-09-21T11:58:18.009595+00:00,510,r-scylla1,3,0,outgoing,0
2026-09-21T11:58:18.009595+00:00,510,r-scylla1,3,1,incoming,506
2026-09-21T11:58:18.009595+00:00,510,r-scylla1,3,1,outgoing,0
2026-09-21T11:58:18.009595+00:00,510,r-scylla2,3,0,incoming,0
2026-09-21T11:58:18.009595+00:00,510,r-scylla2,3,0,outgoing,0
2026-09-21T11:58:18.009595+00:00,510,r-scylla2,3,1,incoming,0
2026-09-21T11:58:18.009595+00:00,510,r-scylla2,3,1,outgoing,0
2026-09-21T11:58:18.009595+00:00,510,r-scylla3,3,0,incoming,0
2026-09-21T11:58:18.009595+00:00,510,r-scylla3,3,0,outgoing,0
2026-09-21T11:58:18.009595+00:00,510,r-scylla3,3,1,incoming,184392
2026-09-21T11:58:18.009595+00:00,510,r-scylla3,3,1,outgoing,0
2026-09-21T11:58:19.009817+00:00,511,r-scylla1,3,0,incoming,0
2026-09-21T11:58:19.009817+00:00,511,r-scylla1,3,0,outgoing,0
2026-09-21T11:58:19.009817+00:00,511,r-scylla1,3,1,incoming,506
2026-09-21T11:58:19.009817+00:00,511,r-scylla1,3,1,outgoing,0
2026-09-21T11:58:19.009817+00:00,511,r-scylla2,3,0,incoming,0
2026-09-21T11:58:19.009817+00:00,511,r-scylla2,3,0,outgoing,0
2026-09-21T11:58:19.009817+00:00,511,r-scylla2,3,1,incoming,0
2026-09-21T11:58:19.009817+00:00,511,r-scylla2,3,1,outgoing,0
2026-09-21T11:58:19.009817+00:00,511,r-scylla3,3,0,incoming,0
2026-09-21T11:58:19.009817+00:00,511,r-scylla3,3,0,outgoing,0
2026-09-21T11:58:19.009817+00:00,511,r-scylla3,3,1,incoming,184392
2026-09-21T11:58:19.009817+00:00,511,r-scylla3,3,1,outgoing,0
2026-09-21T11:58:20.010074+00:00,512,r-scylla1,3,0,incoming,0
2026-09-21T11:58:20.010074+00:00,512,r-scylla1,3,0,outgoing,0
2026-09-21T11:58:20.010074+00:00,512,r-scylla1,3,1,incoming,506
2026-09-21T11:58:20.010074+00:00,512,r-scylla1,3,1,outgoing,0
2026-09-21T11:58:20.010074+00:00,512,r-scylla2,3,0,incoming,0
2026-09-21T11:58:20.010074+00:00,512,r-scylla2,3,0,outgoing,0
2026-09-21T11:58:20.010074+00:00,512,r-scylla2,3,1,incoming,0
2026-09-21T11:58:20.010074+00:00,512,r-scylla2,3,1,outgoing,0
2026-09-21T11:58:20.010074+00:00,512,r-scylla3,3,0,incoming,0
2026-09-21T11:58:20.010074+00:00,512,r-scylla3,3,0,outgoing,0
2026-09-21T11:58:20.010074+00:00,512,r-scylla3,3,1,incoming,184392
2026-09-21T11:58:20.010074+00:00,512,r-scylla3,3,1,outgoing,0
2026-09-21T11:58:21.010221+00:00,513,r-scylla1,3,0,incoming,0
2026-09-21T11:58:21.010221+00:00,513,r-scylla1,3,0,outgoing,0
2026-09-21T11:58:21.010221+00:00,513,r-scylla1,3,1,incoming,506
2026-09-21T11:58:21.010221+00:00,513,r-scylla1,3,1,outgoing,0
2026-09-21T11:58:21.010221+00:00,513,r-scylla2,3,0,incoming,0
2026-09-21T11:58:21.010221+00:00,513,r-scylla2,3,0,outgoing,0
2026-09-21T11:58:21.010221+00:00,513,r-scylla2,3,1,incoming,0
2026-09-21T11:58:21.010221+00:00,513,r-scylla2,3,1,outgoing,0
2026-09-21T11:58:21.010221+00:00,513,r-scylla3,3,0,incoming,0
2026-09-21T11:58:21.010221+00:00,513,r-scylla3,3,0,outgoing,0
2026-09-21T11:58:21.010221+00:00,513,r-scylla3,3,1,incoming,184392
2026-09-21T11:58:21.010221+00:00,513,r-scylla3,3,1,outgoing,0
2026-09-21T11:58:22.010536+00:00,514,r-scylla1,3,0,incoming,0
2026-09-21T11:58:22.010536+00:00,514,r-scylla1,3,0,outgoing,0
2026-09-21T11:58:22.010536+00:00,514,r-scylla1,3,1,incoming,506
2026-09-21T11:58:22.010536+00:00,514,r-scylla1,3,1,outgoing,0
2026-09-21T11:58:22.010536+00:00,514,r-scylla2,3,0,incoming,0
2026-09-21T11:58:22.010536+00:00,514,r-scylla2,3,0,outgoing,0
2026-09-21T11:58:22.010536+00:00,514,r-scylla2,3,1,incoming,0
2026-09-21T11:58:22.010536+00:00,514,r-scylla2,3,1,outgoing,0
2026-09-21T11:58:22.010536+00:00,514,r-scylla3,3,0,incoming,0
2026-09-21T11:58:22.010536+00:00,514,r-scylla3,3,0,outgoing,0
2026-09-21T11:58:22.010536+00:00,514,r-scylla3,3,1,incoming,184392
2026-09-21T11:58:22.010536+00:00,514,r-scylla3,3,1,outgoing,0
2026-09-21T11:58:23.010823+00:00,515,r-scylla1,3,0,incoming,0
2026-09-21T11:58:23.010823+00:00,515,r-scylla1,3,0,outgoing,0
2026-09-21T11:58:23.010823+00:00,515,r-scylla1,3,1,incoming,506
2026-09-21T11:58:23.010823+00:00,515,r-scylla1,3,1,outgoing,0
2026-09-21T11:58:23.010823+00:00,515,r-scylla2,3,0,incoming,0
2026-09-21T11:58:23.010823+00:00,515,r-scylla2,3,0,outgoing,0
2026-09-21T11:58:23.010823+00:00,515,r-scylla2,3,1,incoming,0
2026-09-21T11:58:23.010823+00:00,515,r-scylla2,3,1,outgoing,0
2026-09-21T11:58:23.010823+00:00,515,r-scylla3,3,0,incoming,0
2026-09-21T11:58:23.010823+00:00,515,r-scylla3,3,0,outgoing,0
2026-09-21T11:58:23.010823+00:00,515,r-scylla3,3,1,incoming,184392
2026-09-21T11:58:23.010823+00:00,515,r-scylla3,3,1,outgoing,0
2026-09-21T11:58:24.011208+00:00,516,r-scylla1,3,0,incoming,0
2026-09-21T11:58:24.011208+00:00,516,r-scylla1,3,0,outgoing,0
2026-09-21T11:58:24.011208+00:00,516,r-scylla1,3,1,incoming,506
2026-09-21T11:58:24.011208+00:00,516,r-scylla1,3,1,outgoing,0
2026-09-21T11:58:24.011208+00:00,516,r-scylla2,3,0,incoming,0
2026-09-21T11:58:24.011208+00:00,516,r-scylla2,3,0,outgoing,0
2026-09-21T11:58:24.011208+00:00,516,r-scylla2,3,1,incoming,0
2026-09-21T11:58:24.011208+00:00,516,r-scylla2,3,1,outgoing,0
2026-09-21T11:58:24.011208+00:00,516,r-scylla3,3,0,incoming,0
2026-09-21T11:58:24.011208+00:00,516,r-scylla3,3,0,outgoing,0
2026-09-21T11:58:24.011208+00:00,516,r-scylla3,3,1,incoming,184392
2026-09-21T11:58:24.011208+00:00,516,r-scylla3,3,1,outgoing,0
2026-09-21T11:58:25.011473+00:00,517,r-scylla1,3,0,incoming,0
2026-09-21T11:58:25.011473+00:00,517,r-scylla1,3,0,outgoing,0
2026-09-21T11:58:25.011473+00:00,517,r-scylla1,3,1,incoming,506
2026-09-21T11:58:25.011473+00:00,517,r-scylla1,3,1,outgoing,0
2026-09-21T11:58:25.011473+00:00,517,r-scylla2,3,0,incoming,0
2026-09-21T11:58:25.011473+00:00,517,r-scylla2,3,0,outgoing,0
2026-09-21T11:58:25.011473+00:00,517,r-scylla2,3,1,incoming,0
2026-09-21T11:58:25.011473+00:00,517,r-scylla2,3,1,outgoing,0
2026-09-21T11:58:25.011473+00:00,517,r-scylla3,3,0,incoming,0
2026-09-21T11:58:25.011473+00:00,517,r-scylla3,3,0,outgoing,0
2026-09-21T11:58:25.011473+00:00,517,r-scylla3,3,1,incoming,184392
2026-09-21T11:58:25.011473+00:00,517,r-scylla3,3,1,outgoing,0
2026-09-21T11:58:26.011630+00:00,518,r-scylla1,3,0,incoming,0
2026-09-21T11:58:26.011630+00:00,518,r-scylla1,3,0,outgoing,0
2026-09-21T11:58:26.011630+00:00,518,r-scylla1,3,1,incoming,506
2026-09-21T11:58:26.011630+00:00,518,r-scylla1,3,1,outgoing,0
2026-09-21T11:58:26.011630+00:00,518,r-scylla2,3,0,incoming,0
2026-09-21T11:58:26.011630+00:00,518,r-scylla2,3,0,outgoing,0
2026-09-21T11:58:26.011630+00:00,518,r-scylla2,3,1,incoming,0
2026-09-21T11:58:26.011630+00:00,518,r-scylla2,3,1,outgoing,0
2026-09-21T11:58:26.011630+00:00,518,r-scylla3,3,0,incoming,0
2026-09-21T11:58:26.011630+00:00,518,r-scylla3,3,0,outgoing,0
2026-09-21T11:58:26.011630+00:00,518,r-scylla3,3,1,incoming,184392
2026-09-21T11:58:26.011630+00:00,518,r-scylla3,3,1,outgoing,0
2026-09-21T11:58:27.012272+00:00,519,r-scylla1,3,0,incoming,0
2026-09-21T11:58:27.012272+00:00,519,r-scylla1,3,0,outgoing,0
2026-09-21T11:58:27.012272+00:00,519,r-scylla1,3,1,incoming,506
2026-09-21T11:58:27.012272+00:00,519,r-scylla1,3,1,outgoing,0
2026-09-21T11:58:27.012272+00:00,519,r-scylla2,3,0,incoming,0
2026-09-21T11:58:27.012272+00:00,519,r-scylla2,3,0,outgoing,0
2026-09-21T11:58:27.012272+00:00,519,r-scylla2,3,1,incoming,0
2026-09-21T11:58:27.012272+00:00,519,r-scylla2,3,1,outgoing,0
2026-09-21T11:58:27.012272+00:00,519,r-scylla3,3,0,incoming,0
2026-09-21T11:58:27.012272+00:00,519,r-scylla3,3,0,outgoing,0
2026-09-21T11:58:27.012272+00:00,519,r-scylla3,3,1,incoming,184392
2026-09-21T11:58:27.012272+00:00,519,r-scylla3,3,1,outgoing,0
2026-09-21T11:58:28.012676+00:00,520,r-scylla1,3,0,incoming,0
2026-09-21T11:58:28.012676+00:00,520,r-scylla1,3,0,outgoing,0
2026-09-21T11:58:28.012676+00:00,520,r-scylla1,3,1,incoming,506
2026-09-21T11:58:28.012676+00:00,520,r-scylla1,3,1,outgoing,0
2026-09-21T11:58:28.012676+00:00,520,r-scylla2,3,0,incoming,0
2026-09-21T11:58:28.012676+00:00,520,r-scylla2,3,0,outgoing,0
2026-09-21T11:58:28.012676+00:00,520,r-scylla2,3,1,incoming,0
2026-09-21T11:58:28.012676+00:00,520,r-scylla2,3,1,outgoing,0
2026-09-21T11:58:28.012676+00:00,520,r-scylla3,3,0,incoming,0
2026-09-21T11:58:28.012676+00:00,520,r-scylla3,3,0,outgoing,0
2026-09-21T11:58:28.012676+00:00,520,r-scylla3,3,1,incoming,184392
2026-09-21T11:58:28.012676+00:00,520,r-scylla3,3,1,outgoing,0
2026-09-21T11:58:29.012843+00:00,521,r-scylla1,3,0,incoming,0
2026-09-21T11:58:29.012843+00:00,521,r-scylla1,3,0,outgoing,0
2026-09-21T11:58:29.012843+00:00,521,r-scylla1,3,1,incoming,506
2026-09-21T11:58:29.012843+00:00,521,r-scylla1,3,1,outgoing,0
2026-09-21T11:58:29.012843+00:00,521,r-scylla2,3,0,incoming,0
2026-09-21T11:58:29.012843+00:00,521,r-scylla2,3,0,outgoing,0
2026-09-21T11:58:29.012843+00:00,521,r-scylla2,3,1,incoming,0
2026-09-21T11:58:29.012843+00:00,521,r-scylla2,3,1,outgoing,0
2026-09-21T11:58:29.012843+00:00,521,r-scylla3,3,0,incoming,0
2026-09-21T11:58:29.012843+00:00,521,r-scylla3,3,0,outgoing,0
2026-09-21T11:58:29.012843+00:00,521,r-scylla3,3,1,incoming,184392
2026-09-21T11:58:29.012843+00:00,521,r-scylla3,3,1,outgoing,0
2026-09-21T11:58:30.013025+00:00,522,r-scylla1,3,0,incoming,0
2026-09-21T11:58:30.013025+00:00,522,r-scylla1,3,0,outgoing,0
2026-09-21T11:58:30.013025+00:00,522,r-scylla1,3,1,incoming,506
2026-09-21T11:58:30.013025+00:00,522,r-scylla1,3,1,outgoing,0
2026-09-21T11:58:30.013025+00:00,522,r-scylla2,3,0,incoming,0
2026-09-21T11:58:30.013025+00:00,522,r-scylla2,3,0,outgoing,0
2026-09-21T11:58:30.013025+00:00,522,r-scylla2,3,1,incoming,0
2026-09-21T11:58:30.013025+00:00,522,r-scylla2,3,1,outgoing,0
2026-09-21T11:58:30.013025+00:00,522,r-scylla3,3,0,incoming,0
2026-09-21T11:58:30.013025+00:00,522,r-scylla3,3,0,outgoing,0
2026-09-21T11:58:30.013025+00:00,522,r-scylla3,3,1,incoming,184392
2026-09-21T11:58:30.013025+00:00,522,r-scylla3,3,1,outgoing,0
2026-09-21T11:58:31.010892+00:00,523,r-scylla1,3,0,incoming,0
2026-09-21T11:58:31.010892+00:00,523,r-scylla1,3,0,outgoing,0
2026-09-21T11:58:31.010892+00:00,523,r-scylla1,3,1,incoming,506
2026-09-21T11:58:31.010892+00:00,523,r-scylla1,3,1,outgoing,0
2026-09-21T11:58:31.010892+00:00,523,r-scylla2,3,0,incoming,0
2026-09-21T11:58:31.010892+00:00,523,r-scylla2,3,0,outgoing,0
2026-09-21T11:58:31.010892+00:00,523,r-scylla2,3,1,incoming,0
2026-09-21T11:58:31.010892+00:00,523,r-scylla2,3,1,outgoing,0
2026-09-21T11:58:31.010892+00:00,523,r-scylla3,3,0,incoming,0
2026-09-21T11:58:31.010892+00:00,523,r-scylla3,3,0,outgoing,0
2026-09-21T11:58:31.010892+00:00,523,r-scylla3,3,1,incoming,184392
2026-09-21T11:58:31.010892+00:00,523,r-scylla3,3,1,outgoing,0
2026-09-21T11:58:32.011091+00:00,524,r-scylla1,3,0,incoming,0
2026-09-21T11:58:32.011091+00:00,524,r-scylla1,3,0,outgoing,0
2026-09-21T11:58:32.011091+00:00,524,r-scylla1,3,1,incoming,506
2026-09-21T11:58:32.011091+00:00,524,r-scylla1,3,1,outgoing,0
2026-09-21T11:58:32.011091+00:00,524,r-scylla2,3,0,incoming,0
2026-09-21T11:58:32.011091+00:00,524,r-scylla2,3,0,outgoing,0
2026-09-21T11:58:32.011091+00:00,524,r-scylla2,3,1,incoming,0
2026-09-21T11:58:32.011091+00:00,524,r-scylla2,3,1,outgoing,0
2026-09-21T11:58:32.011091+00:00,524,r-scylla3,3,0,incoming,0
2026-09-21T11:58:32.011091+00:00,524,r-scylla3,3,0,outgoing,0
2026-09-21T11:58:32.011091+00:00,524,r-scylla3,3,1,incoming,184392
2026-09-21T11:58:32.011091+00:00,524,r-scylla3,3,1,outgoing,0
2026-09-21T11:58:33.011235+00:00,525,r-scylla1,3,0,incoming,0
2026-09-21T11:58:33.011235+00:00,525,r-scylla1,3,0,outgoing,0
2026-09-21T11:58:33.011235+00:00,525,r-scylla1,3,1,incoming,506
2026-09-21T11:58:33.011235+00:00,525,r-scylla1,3,1,outgoing,0
2026-09-21T11:58:33.011235+00:00,525,r-scylla2,3,0,incoming,0
2026-09-21T11:58:33.011235+00:00,525,r-scylla2,3,0,outgoing,0
2026-09-21T11:58:33.011235+00:00,525,r-scylla2,3,1,incoming,0
2026-09-21T11:58:33.011235+00:00,525,r-scylla2,3,1,outgoing,0
2026-09-21T11:58:33.011235+00:00,525,r-scylla3,3,0,incoming,0
2026-09-21T11:58:33.011235+00:00,525,r-scylla3,3,0,outgoing,0
2026-09-21T11:58:33.011235+00:00,525,r-scylla3,3,1,incoming,184392
2026-09-21T11:58:33.011235+00:00,525,r-scylla3,3,1,outgoing,0
2026-09-21T11:58:34.011592+00:00,526,r-scylla1,3,0,incoming,0
2026-09-21T11:58:34.011592+00:00,526,r-scylla1,3,0,outgoing,0
2026-09-21T11:58:34.011592+00:00,526,r-scylla1,3,1,incoming,506
2026-09-21T11:58:34.011592+00:00,526,r-scylla1,3,1,outgoing,0
2026-09-21T11:58:34.011592+00:00,526,r-scylla2,3,0,incoming,0
2026-09-21T11:58:34.011592+00:00,526,r-scylla2,3,0,outgoing,0
2026-09-21T11:58:34.011592+00:00,526,r-scylla2,3,1,incoming,0
2026-09-21T11:58:34.011592+00:00,526,r-scylla2,3,1,outgoing,0
2026-09-21T11:58:34.011592+00:00,526,r-scylla3,3,0,incoming,0
2026-09-21T11:58:34.011592+00:00,526,r-scylla3,3,0,outgoing,0
2026-09-21T11:58:34.011592+00:00,526,r-scylla3,3,1,incoming,184392
2026-09-21T11:58:34.011592+00:00,526,r-scylla3,3,1,outgoing,0
2026-09-21T11:58:35.011725+00:00,527,r-scylla1,3,0,incoming,0
2026-09-21T11:58:35.011725+00:00,527,r-scylla1,3,0,outgoing,0
2026-09-21T11:58:35.011725+00:00,527,r-scylla1,3,1,incoming,506
2026-09-21T11:58:35.011725+00:00,527,r-scylla1,3,1,outgoing,0
2026-09-21T11:58:35.011725+00:00,527,r-scylla2,3,0,incoming,0
2026-09-21T11:58:35.011725+00:00,527,r-scylla2,3,0,outgoing,0
2026-09-21T11:58:35.011725+00:00,527,r-scylla2,3,1,incoming,0
2026-09-21T11:58:35.011725+00:00,527,r-scylla2,3,1,outgoing,0
2026-09-21T11:58:35.011725+00:00,527,r-scylla3,3,0,incoming,0
2026-09-21T11:58:35.011725+00:00,527,r-scylla3,3,0,outgoing,0
2026-09-21T11:58:35.011725+00:00,527,r-scylla3,3,1,incoming,184392
2026-09-21T11:58:35.011725+00:00,527,r-scylla3,3,1,outgoing,0
2026-09-21T11:58:36.011912+00:00,528,r-scylla1,3,0,incoming,0
2026-09-21T11:58:36.011912+00:00,528,r-scylla1,3,0,outgoing,0
2026-09-21T11:58:36.011912+00:00,528,r-scylla1,3,1,incoming,506
2026-09-21T11:58:36.011912+00:00,528,r-scylla1,3,1,outgoing,0
2026-09-21T11:58:36.011912+00:00,528,r-scylla2,3,0,incoming,0
2026-09-21T11:58:36.011912+00:00,528,r-scylla2,3,0,outgoing,0
2026-09-21T11:58:36.011912+00:00,528,r-scylla2,3,1,incoming,0
2026-09-21T11:58:36.011912+00:00,528,r-scylla2,3,1,outgoing,0
2026-09-21T11:58:36.011912+00:00,528,r-scylla3,3,0,incoming,0
2026-09-21T11:58:36.011912+00:00,528,r-scylla3,3,0,outgoing,0
2026-09-21T11:58:36.011912+00:00,528,r-scylla3,3,1,incoming,184392
2026-09-21T11:58:36.011912+00:00,528,r-scylla3,3,1,outgoing,0
2026-09-21T11:58:37.012014+00:00,529,r-scylla1,3,0,incoming,0
2026-09-21T11:58:37.012014+00:00,529,r-scylla1,3,0,outgoing,0
2026-09-21T11:58:37.012014+00:00,529,r-scylla1,3,1,incoming,506
2026-09-21T11:58:37.012014+00:00,529,r-scylla1,3,1,outgoing,0
2026-09-21T11:58:37.012014+00:00,529,r-scylla2,3,0,incoming,0
2026-09-21T11:58:37.012014+00:00,529,r-scylla2,3,0,outgoing,0
2026-09-21T11:58:37.012014+00:00,529,r-scylla2,3,1,incoming,0
2026-09-21T11:58:37.012014+00:00,529,r-scylla2,3,1,outgoing,0
2026-09-21T11:58:37.012014+00:00,529,r-scylla3,3,0,incoming,0
2026-09-21T11:58:37.012014+00:00,529,r-scylla3,3,0,outgoing,0
2026-09-21T11:58:37.012014+00:00,529,r-scylla3,3,1,incoming,184392
2026-09-21T11:58:37.012014+00:00,529,r-scylla3,3,1,outgoing,0
2026-09-21T11:58:38.012127+00:00,530,r-scylla1,3,0,incoming,0
2026-09-21T11:58:38.012127+00:00,530,r-scylla1,3,0,outgoing,0
2026-09-21T11:58:38.012127+00:00,530,r-scylla1,3,1,incoming,506
2026-09-21T11:58:38.012127+00:00,530,r-scylla1,3,1,outgoing,0
2026-09-21T11:58:38.012127+00:00,530,r-scylla2,3,0,incoming,0
2026-09-21T11:58:38.012127+00:00,530,r-scylla2,3,0,outgoing,0
2026-09-21T11:58:38.012127+00:00,530,r-scylla2,3,1,incoming,0
2026-09-21T11:58:38.012127+00:00,530,r-scylla2,3,1,outgoing,0
2026-09-21T11:58:38.012127+00:00,530,r-scylla3,3,0,incoming,0
2026-09-21T11:58:38.012127+00:00,530,r-scylla3,3,0,outgoing,0
2026-09-21T11:58:38.012127+00:00,530,r-scylla3,3,1,incoming,184392
2026-09-21T11:58:38.012127+00:00,530,r-scylla3,3,1,outgoing,0
2026-09-21T11:58:39.012301+00:00,531,r-scylla1,3,0,incoming,0
2026-09-21T11:58:39.012301+00:00,531,r-scylla1,3,0,outgoing,0
2026-09-21T11:58:39.012301+00:00,531,r-scylla1,3,1,incoming,506
2026-09-21T11:58:39.012301+00:00,531,r-scylla1,3,1,outgoing,0
2026-09-21T11:58:39.012301+00:00,531,r-scylla2,3,0,incoming,0
2026-09-21T11:58:39.012301+00:00,531,r-scylla2,3,0,outgoing,0
2026-09-21T11:58:39.012301+00:00,531,r-scylla2,3,1,incoming,0
2026-09-21T11:58:39.012301+00:00,531,r-scylla2,3,1,outgoing,0
2026-09-21T11:58:39.012301+00:00,531,r-scylla3,3,0,incoming,0
2026-09-21T11:58:39.012301+00:00,531,r-scylla3,3,0,outgoing,0
2026-09-21T11:58:39.012301+00:00,531,r-scylla3,3,1,incoming,184392
2026-09-21T11:58:39.012301+00:00,531,r-scylla3,3,1,outgoing,0
2026-09-21T11:58:40.012506+00:00,532,r-scylla1,3,0,incoming,0
2026-09-21T11:58:40.012506+00:00,532,r-scylla1,3,0,outgoing,0
2026-09-21T11:58:40.012506+00:00,532,r-scylla1,3,1,incoming,506
2026-09-21T11:58:40.012506+00:00,532,r-scylla1,3,1,outgoing,0
2026-09-21T11:58:40.012506+00:00,532,r-scylla2,3,0,incoming,0
2026-09-21T11:58:40.012506+00:00,532,r-scylla2,3,0,outgoing,0
2026-09-21T11:58:40.012506+00:00,532,r-scylla2,3,1,incoming,0
2026-09-21T11:58:40.012506+00:00,532,r-scylla2,3,1,outgoing,0
2026-09-21T11:58:40.012506+00:00,532,r-scylla3,3,0,incoming,0
2026-09-21T11:58:40.012506+00:00,532,r-scylla3,3,0,outgoing,0
2026-09-21T11:58:40.012506+00:00,532,r-scylla3,3,1,incoming,184392
2026-09-21T11:58:40.012506+00:00,532,r-scylla3,3,1,outgoing,0
2026-09-21T11:58:41.012778+00:00,533,r-scylla1,3,0,incoming,0
2026-09-21T11:58:41.012778+00:00,533,r-scylla1,3,0,outgoing,0
2026-09-21T11:58:41.012778+00:00,533,r-scylla1,3,1,incoming,506
2026-09-21T11:58:41.012778+00:00,533,r-scylla1,3,1,outgoing,0
2026-09-21T11:58:41.012778+00:00,533,r-scylla2,3,0,incoming,0
2026-09-21T11:58:41.012778+00:00,533,r-scylla2,3,0,outgoing,0
2026-09-21T11:58:41.012778+00:00,533,r-scylla2,3,1,incoming,0
2026-09-21T11:58:41.012778+00:00,533,r-scylla2,3,1,outgoing,0
2026-09-21T11:58:41.012778+00:00,533,r-scylla3,3,0,incoming,0
2026-09-21T11:58:41.012778+00:00,533,r-scylla3,3,0,outgoing,0
2026-09-21T11:58:41.012778+00:00,533,r-scylla3,3,1,incoming,184392
2026-09-21T11:58:41.012778+00:00,533,r-scylla3,3,1,outgoing,0
2026-09-21T11:58:42.012954+00:00,534,r-scylla1,3,0,incoming,0
2026-09-21T11:58:42.012954+00:00,534,r-scylla1,3,0,outgoing,0
2026-09-21T11:58:42.012954+00:00,534,r-scylla1,3,1,incoming,506
2026-09-21T11:58:42.012954+00:00,534,r-scylla1,3,1,outgoing,0
2026-09-21T11:58:42.012954+00:00,534,r-scylla2,3,0,incoming,0
2026-09-21T11:58:42.012954+00:00,534,r-scylla2,3,0,outgoing,0
2026-09-21T11:58:42.012954+00:00,534,r-scylla2,3,1,incoming,0
2026-09-21T11:58:42.012954+00:00,534,r-scylla2,3,1,outgoing,0
2026-09-21T11:58:42.012954+00:00,534,r-scylla3,3,0,incoming,0
2026-09-21T11:58:42.012954+00:00,534,r-scylla3,3,0,outgoing,0
2026-09-21T11:58:42.012954+00:00,534,r-scylla3,3,1,incoming,184392
2026-09-21T11:58:42.012954+00:00,534,r-scylla3,3,1,outgoing,0
2026-09-21T11:58:43.013058+00:00,535,r-scylla1,3,0,incoming,0
2026-09-21T11:58:43.013058+00:00,535,r-scylla1,3,0,outgoing,0
2026-09-21T11:58:43.013058+00:00,535,r-scylla1,3,1,incoming,506
2026-09-21T11:58:43.013058+00:00,535,r-scylla1,3,1,outgoing,0
2026-09-21T11:58:43.013058+00:00,535,r-scylla2,3,0,incoming,0
2026-09-21T11:58:43.013058+00:00,535,r-scylla2,3,0,outgoing,0
2026-09-21T11:58:43.013058+00:00,535,r-scylla2,3,1,incoming,0
2026-09-21T11:58:43.013058+00:00,535,r-scylla2,3,1,outgoing,0
2026-09-21T11:58:43.013058+00:00,535,r-scylla3,3,0,incoming,0
2026-09-21T11:58:43.013058+00:00,535,r-scylla3,3,0,outgoing,0
2026-09-21T11:58:43.013058+00:00,535,r-scylla3,3,1,incoming,184392
2026-09-21T11:58:43.013058+00:00,535,r-scylla3,3,1,outgoing,0
2026-09-21T11:58:44.013293+00:00,536,r-scylla1,3,0,incoming,0
2026-09-21T11:58:44.013293+00:00,536,r-scylla1,3,0,outgoing,0
2026-09-21T11:58:44.013293+00:00,536,r-scylla1,3,1,incoming,506
2026-09-21T11:58:44.013293+00:00,536,r-scylla1,3,1,outgoing,0
2026-09-21T11:58:44.013293+00:00,536,r-scylla2,3,0,incoming,0
2026-09-21T11:58:44.013293+00:00,536,r-scylla2,3,0,outgoing,0
2026-09-21T11:58:44.013293+00:00,536,r-scylla2,3,1,incoming,0
2026-09-21T11:58:44.013293+00:00,536,r-scylla2,3,1,outgoing,0
2026-09-21T11:58:44.013293+00:00,536,r-scylla3,3,0,incoming,0
2026-09-21T11:58:44.013293+00:00,536,r-scylla3,3,0,outgoing,0
2026-09-21T11:58:44.013293+00:00,536,r-scylla3,3,1,incoming,184392
2026-09-21T11:58:44.013293+00:00,536,r-scylla3,3,1,outgoing,0
2026-09-21T11:58:45.013389+00:00,537,r-scylla1,3,0,incoming,0
2026-09-21T11:58:45.013389+00:00,537,r-scylla1,3,0,outgoing,0
2026-09-21T11:58:45.013389+00:00,537,r-scylla1,3,1,incoming,506
2026-09-21T11:58:45.013389+00:00,537,r-scylla1,3,1,outgoing,0
2026-09-21T11:58:45.013389+00:00,537,r-scylla2,3,0,incoming,0
2026-09-21T11:58:45.013389+00:00,537,r-scylla2,3,0,outgoing,0
2026-09-21T11:58:45.013389+00:00,537,r-scylla2,3,1,incoming,0
2026-09-21T11:58:45.013389+00:00,537,r-scylla2,3,1,outgoing,0
2026-09-21T11:58:45.013389+00:00,537,r-scylla3,3,0,incoming,0
2026-09-21T11:58:45.013389+00:00,537,r-scylla3,3,0,outgoing,0
2026-09-21T11:58:45.013389+00:00,537,r-scylla3,3,1,incoming,184392
2026-09-21T11:58:45.013389+00:00,537,r-scylla3,3,1,outgoing,0
2026-09-21T11:58:46.013792+00:00,538,r-scylla1,3,0,incoming,0
2026-09-21T11:58:46.013792+00:00,538,r-scylla1,3,0,outgoing,0
2026-09-21T11:58:46.013792+00:00,538,r-scylla1,3,1,incoming,506
2026-09-21T11:58:46.013792+00:00,538,r-scylla1,3,1,outgoing,0
2026-09-21T11:58:46.013792+00:00,538,r-scylla2,3,0,incoming,0
2026-09-21T11:58:46.013792+00:00,538,r-scylla2,3,0,outgoing,0
2026-09-21T11:58:46.013792+00:00,538,r-scylla2,3,1,incoming,0
2026-09-21T11:58:46.013792+00:00,538,r-scylla2,3,1,outgoing,0
2026-09-21T11:58:46.013792+00:00,538,r-scylla3,3,0,incoming,0
2026-09-21T11:58:46.013792+00:00,538,r-scylla3,3,0,outgoing,0
2026-09-21T11:58:46.013792+00:00,538,r-scylla3,3,1,incoming,184392
2026-09-21T11:58:46.013792+00:00,538,r-scylla3,3,1,outgoing,0
2026-09-21T11:58:47.013970+00:00,539,r-scylla1,3,0,incoming,0
2026-09-21T11:58:47.013970+00:00,539,r-scylla1,3,0,outgoing,0
2026-09-21T11:58:47.013970+00:00,539,r-scylla1,3,1,incoming,506
2026-09-21T11:58:47.013970+00:00,539,r-scylla1,3,1,outgoing,0
2026-09-21T11:58:47.013970+00:00,539,r-scylla2,3,0,incoming,0
2026-09-21T11:58:47.013970+00:00,539,r-scylla2,3,0,outgoing,0
2026-09-21T11:58:47.013970+00:00,539,r-scylla2,3,1,incoming,0
2026-09-21T11:58:47.013970+00:00,539,r-scylla2,3,1,outgoing,0
2026-09-21T11:58:47.013970+00:00,539,r-scylla3,3,0,incoming,0
2026-09-21T11:58:47.013970+00:00,539,r-scylla3,3,0,outgoing,0
2026-09-21T11:58:47.013970+00:00,539,r-scylla3,3,1,incoming,184392
2026-09-21T11:58:47.013970+00:00,539,r-scylla3,3,1,outgoing,0
2026-09-21T11:58:48.014215+00:00,540,r-scylla1,3,0,incoming,0
2026-09-21T11:58:48.014215+00:00,540,r-scylla1,3,0,outgoing,0
2026-09-21T11:58:48.014215+00:00,540,r-scylla1,3,1,incoming,506
2026-09-21T11:58:48.014215+00:00,540,r-scylla1,3,1,outgoing,0
2026-09-21T11:58:48.014215+00:00,540,r-scylla2,3,0,incoming,0
2026-09-21T11:58:48.014215+00:00,540,r-scylla2,3,0,outgoing,0
2026-09-21T11:58:48.014215+00:00,540,r-scylla2,3,1,incoming,0
2026-09-21T11:58:48.014215+00:00,540,r-scylla2,3,1,outgoing,0
2026-09-21T11:58:48.014215+00:00,540,r-scylla3,3,0,incoming,0
2026-09-21T11:58:48.014215+00:00,540,r-scylla3,3,0,outgoing,0
2026-09-21T11:58:48.014215+00:00,540,r-scylla3,3,1,incoming,184392
2026-09-21T11:58:48.014215+00:00,540,r-scylla3,3,1,outgoing,0
2026-09-21T11:58:49.014422+00:00,541,r-scylla1,3,0,incoming,0
2026-09-21T11:58:49.014422+00:00,541,r-scylla1,3,0,outgoing,0
2026-09-21T11:58:49.014422+00:00,541,r-scylla1,3,1,incoming,506
2026-09-21T11:58:49.014422+00:00,541,r-scylla1,3,1,outgoing,0
2026-09-21T11:58:49.014422+00:00,541,r-scylla2,3,0,incoming,0
2026-09-21T11:58:49.014422+00:00,541,r-scylla2,3,0,outgoing,0
2026-09-21T11:58:49.014422+00:00,541,r-scylla2,3,1,incoming,0
2026-09-21T11:58:49.014422+00:00,541,r-scylla2,3,1,outgoing,0
2026-09-21T11:58:49.014422+00:00,541,r-scylla3,3,0,incoming,0
2026-09-21T11:58:49.014422+00:00,541,r-scylla3,3,0,outgoing,0
2026-09-21T11:58:49.014422+00:00,541,r-scylla3,3,1,incoming,184392
2026-09-21T11:58:49.014422+00:00,541,r-scylla3,3,1,outgoing,0
2026-09-21T11:58:50.014622+00:00,542,r-scylla1,3,0,incoming,0
2026-09-21T11:58:50.014622+00:00,542,r-scylla1,3,0,outgoing,0
2026-09-21T11:58:50.014622+00:00,542,r-scylla1,3,1,incoming,506
2026-09-21T11:58:50.014622+00:00,542,r-scylla1,3,1,outgoing,0
2026-09-21T11:58:50.014622+00:00,542,r-scylla2,3,0,incoming,0
2026-09-21T11:58:50.014622+00:00,542,r-scylla2,3,0,outgoing,0
2026-09-21T11:58:50.014622+00:00,542,r-scylla2,3,1,incoming,0
2026-09-21T11:58:50.014622+00:00,542,r-scylla2,3,1,outgoing,0
2026-09-21T11:58:50.014622+00:00,542,r-scylla3,3,0,incoming,0
2026-09-21T11:58:50.014622+00:00,542,r-scylla3,3,0,outgoing,0
2026-09-21T11:58:50.014622+00:00,542,r-scylla3,3,1,incoming,184392
2026-09-21T11:58:50.014622+00:00,542,r-scylla3,3,1,outgoing,0
2026-09-21T11:58:51.014794+00:00,543,r-scylla1,3,0,incoming,0
2026-09-21T11:58:51.014794+00:00,543,r-scylla1,3,0,outgoing,0
2026-09-21T11:58:51.014794+00:00,543,r-scylla1,3,1,incoming,506
2026-09-21T11:58:51.014794+00:00,543,r-scylla1,3,1,outgoing,0
2026-09-21T11:58:51.014794+00:00,543,r-scylla2,3,0,incoming,0
2026-09-21T11:58:51.014794+00:00,543,r-scylla2,3,0,outgoing,0
2026-09-21T11:58:51.014794+00:00,543,r-scylla2,3,1,incoming,0
2026-09-21T11:58:51.014794+00:00,543,r-scylla2,3,1,outgoing,0
2026-09-21T11:58:51.014794+00:00,543,r-scylla3,3,0,incoming,0
2026-09-21T11:58:51.014794+00:00,543,r-scylla3,3,0,outgoing,0
2026-09-21T11:58:51.014794+00:00,543,r-scylla3,3,1,incoming,184392
2026-09-21T11:58:51.014794+00:00,543,r-scylla3,3,1,outgoing,0
2026-09-21T11:58:52.015099+00:00,544,r-scylla1,3,0,incoming,0
2026-09-21T11:58:52.015099+00:00,544,r-scylla1,3,0,outgoing,0
2026-09-21T11:58:52.015099+00:00,544,r-scylla1,3,1,incoming,506
2026-09-21T11:58:52.015099+00:00,544,r-scylla1,3,1,outgoing,0
2026-09-21T11:58:52.015099+00:00,544,r-scylla2,3,0,incoming,0
2026-09-21T11:58:52.015099+00:00,544,r-scylla2,3,0,outgoing,0
2026-09-21T11:58:52.015099+00:00,544,r-scylla2,3,1,incoming,0
2026-09-21T11:58:52.015099+00:00,544,r-scylla2,3,1,outgoing,0
2026-09-21T11:58:52.015099+00:00,544,r-scylla3,3,0,incoming,0
2026-09-21T11:58:52.015099+00:00,544,r-scylla3,3,0,outgoing,0
2026-09-21T11:58:52.015099+00:00,544,r-scylla3,3,1,incoming,184392
2026-09-21T11:58:52.015099+00:00,544,r-scylla3,3,1,outgoing,0
2026-09-21T11:58:53.015180+00:00,545,r-scylla1,3,0,incoming,0
2026-09-21T11:58:53.015180+00:00,545,r-scylla1,3,0,outgoing,0
2026-09-21T11:58:53.015180+00:00,545,r-scylla1,3,1,incoming,506
2026-09-21T11:58:53.015180+00:00,545,r-scylla1,3,1,outgoing,0
2026-09-21T11:58:53.015180+00:00,545,r-scylla2,3,0,incoming,0
2026-09-21T11:58:53.015180+00:00,545,r-scylla2,3,0,outgoing,0
2026-09-21T11:58:53.015180+00:00,545,r-scylla2,3,1,incoming,0
2026-09-21T11:58:53.015180+00:00,545,r-scylla2,3,1,outgoing,0
2026-09-21T11:58:53.015180+00:00,545,r-scylla3,3,0,incoming,0
2026-09-21T11:58:53.015180+00:00,545,r-scylla3,3,0,outgoing,0
2026-09-21T11:58:53.015180+00:00,545,r-scylla3,3,1,incoming,184392
2026-09-21T11:58:53.015180+00:00,545,r-scylla3,3,1,outgoing,0
2026-09-21T11:58:54.015403+00:00,546,r-scylla1,3,0,incoming,0
2026-09-21T11:58:54.015403+00:00,546,r-scylla1,3,0,outgoing,0
2026-09-21T11:58:54.015403+00:00,546,r-scylla1,3,1,incoming,506
2026-09-21T11:58:54.015403+00:00,546,r-scylla1,3,1,outgoing,0
2026-09-21T11:58:54.015403+00:00,546,r-scylla2,3,0,incoming,0
2026-09-21T11:58:54.015403+00:00,546,r-scylla2,3,0,outgoing,0
2026-09-21T11:58:54.015403+00:00,546,r-scylla2,3,1,incoming,0
2026-09-21T11:58:54.015403+00:00,546,r-scylla2,3,1,outgoing,0
2026-09-21T11:58:54.015403+00:00,546,r-scylla3,3,0,incoming,0
2026-09-21T11:58:54.015403+00:00,546,r-scylla3,3,0,outgoing,0
2026-09-21T11:58:54.015403+00:00,546,r-scylla3,3,1,incoming,184392
2026-09-21T11:58:54.015403+00:00,546,r-scylla3,3,1,outgoing,0
2026-09-21T11:58:55.015585+00:00,547,r-scylla1,3,0,incoming,0
2026-09-21T11:58:55.015585+00:00,547,r-scylla1,3,0,outgoing,0
2026-09-21T11:58:55.015585+00:00,547,r-scylla1,3,1,incoming,506
2026-09-21T11:58:55.015585+00:00,547,r-scylla1,3,1,outgoing,0
2026-09-21T11:58:55.015585+00:00,547,r-scylla2,3,0,incoming,0
2026-09-21T11:58:55.015585+00:00,547,r-scylla2,3,0,outgoing,0
2026-09-21T11:58:55.015585+00:00,547,r-scylla2,3,1,incoming,0
2026-09-21T11:58:55.015585+00:00,547,r-scylla2,3,1,outgoing,0
2026-09-21T11:58:55.015585+00:00,547,r-scylla3,3,0,incoming,0
2026-09-21T11:58:55.015585+00:00,547,r-scylla3,3,0,outgoing,0
2026-09-21T11:58:55.015585+00:00,547,r-scylla3,3,1,incoming,184392
2026-09-21T11:58:55.015585+00:00,547,r-scylla3,3,1,outgoing,0
2026-09-21T11:58:56.015756+00:00,548,r-scylla1,3,0,incoming,0
2026-09-21T11:58:56.015756+00:00,548,r-scylla1,3,0,outgoing,0
2026-09-21T11:58:56.015756+00:00,548,r-scylla1,3,1,incoming,506
2026-09-21T11:58:56.015756+00:00,548,r-scylla1,3,1,outgoing,0
2026-09-21T11:58:56.015756+00:00,548,r-scylla2,3,0,incoming,0
2026-09-21T11:58:56.015756+00:00,548,r-scylla2,3,0,outgoing,0
2026-09-21T11:58:56.015756+00:00,548,r-scylla2,3,1,incoming,0
2026-09-21T11:58:56.015756+00:00,548,r-scylla2,3,1,outgoing,0
2026-09-21T11:58:56.015756+00:00,548,r-scylla3,3,0,incoming,0
2026-09-21T11:58:56.015756+00:00,548,r-scylla3,3,0,outgoing,0
2026-09-21T11:58:56.015756+00:00,548,r-scylla3,3,1,incoming,184392
2026-09-21T11:58:56.015756+00:00,548,r-scylla3,3,1,outgoing,0
