treatment,phase,event,timestamp_utc,event_relative_s,sample,node,node_count,cpu_percent,memory_used_bytes,memory_limit_bytes,net_rx_bytes,net_tx_bytes,block_read_bytes,block_write_bytes,vm_mem_available_kib,counter_reset
tablets,baseline,,2026-09-21T17:18:55.445221+00:00,,231,r-scylla1,3,12.68,2045478175,10427106853,860000000,845000000,1910000000,3970000000,3433448,False
tablets,baseline,,2026-09-21T17:18:55.445221+00:00,,231,r-scylla2,3,13.65,1979979923,10427106853,764000000,878000000,1870000000,4010000000,3433448,False
tablets,baseline,,2026-09-21T17:18:55.445221+00:00,,231,r-scylla3,3,14.67,1981053665,10427106853,734000000,862000000,1760000000,3870000000,3433448,False
tablets,baseline,,2026-09-21T17:18:58.974060+00:00,,232,r-scylla1,3,16.65,2045478175,10427106853,861000000,847000000,1910000000,3970000000,3433280,False
tablets,baseline,,2026-09-21T17:18:58.974060+00:00,,232,r-scylla2,3,16.71,1978906182,10427106853,765000000,881000000,1870000000,4010000000,3433280,False
tablets,baseline,,2026-09-21T17:18:58.974060+00:00,,232,r-scylla3,3,16.69,1981053665,10427106853,735000000,864000000,1760000000,3870000000,3433280,False
tablets,baseline,,2026-09-21T17:19:02.368677+00:00,,233,r-scylla1,3,18.58,2045478175,10427106853,862000000,850000000,1910000000,3970000000,3432564,False
tablets,baseline,,2026-09-21T17:19:02.368677+00:00,,233,r-scylla2,3,15.56,1979979923,10427106853,766000000,883000000,1870000000,4010000000,3432564,False
tablets,baseline,,2026-09-21T17:19:02.368677+00:00,,233,r-scylla3,3,14.28,1981053665,10427106853,735000000,867000000,1760000000,3870000000,3432564,False
tablets,baseline,,2026-09-21T17:19:05.774430+00:00,,234,r-scylla1,3,17.88,2045478175,10427106853,862000000,852000000,1910000000,3970000000,3431992,False
tablets,baseline,,2026-09-21T17:19:05.774430+00:00,,234,r-scylla2,3,19.92,1978906182,10427106853,766000000,885000000,1870000000,4010000000,3431992,False
tablets,baseline,,2026-09-21T17:19:05.774430+00:00,,234,r-scylla3,3,15.01,1981053665,10427106853,736000000,869000000,1760000000,3870000000,3431992,False
tablets,baseline,,2026-09-21T17:19:09.255831+00:00,,235,r-scylla1,3,18.10,2045478175,10427106853,863000000,854000000,1910000000,3970000000,3428944,False
tablets,baseline,,2026-09-21T17:19:09.255831+00:00,,235,r-scylla2,3,15.29,1978906182,10427106853,767000000,888000000,1870000000,4010000000,3428944,False
tablets,baseline,,2026-09-21T17:19:09.255831+00:00,,235,r-scylla3,3,15.77,1981053665,10427106853,737000000,872000000,1760000000,3870000000,3428944,False
tablets,baseline,,2026-09-21T17:19:12.645843+00:00,,236,r-scylla1,3,17.26,2045478175,10427106853,864000000,857000000,1910000000,3970000000,3430136,False
tablets,baseline,,2026-09-21T17:19:12.645843+00:00,,236,r-scylla2,3,16.58,1978906182,10427106853,768000000,890000000,1870000000,4010000000,3430136,False
tablets,baseline,,2026-09-21T17:19:12.645843+00:00,,236,r-scylla3,3,14.37,1981053665,10427106853,737000000,874000000,1760000000,3870000000,3430136,False
tablets,baseline,,2026-09-21T17:19:16.117453+00:00,,237,r-scylla1,3,15.77,2045478175,10427106853,864000000,859000000,1910000000,3970000000,3430600,False
tablets,baseline,,2026-09-21T17:19:16.117453+00:00,,237,r-scylla2,3,16.88,1979979923,10427106853,768000000,892000000,1870000000,4010000000,3430600,False
tablets,baseline,,2026-09-21T17:19:16.117453+00:00,,237,r-scylla3,3,19.09,1981053665,10427106853,738000000,876000000,1760000000,3870000000,3430600,False
tablets,baseline,,2026-09-21T17:19:19.622432+00:00,,238,r-scylla1,3,14.80,2045478175,10427106853,865000000,862000000,1910000000,3970000000,3430624,False
tablets,baseline,,2026-09-21T17:19:19.622432+00:00,,238,r-scylla2,3,18.66,1978906182,10427106853,769000000,895000000,1870000000,4010000000,3430624,False
tablets,baseline,,2026-09-21T17:19:19.622432+00:00,,238,r-scylla3,3,16.74,1981053665,10427106853,738000000,879000000,1760000000,3870000000,3430624,False
tablets,baseline,,2026-09-21T17:19:23.024269+00:00,,239,r-scylla1,3,14.74,2045478175,10427106853,866000000,864000000,1910000000,3970000000,3429932,False
tablets,baseline,,2026-09-21T17:19:23.024269+00:00,,239,r-scylla2,3,15.48,1978906182,10427106853,770000000,897000000,1870000000,4010000000,3429932,False
tablets,baseline,,2026-09-21T17:19:23.024269+00:00,,239,r-scylla3,3,9.41,1981053665,10427106853,739000000,881000000,1760000000,3870000000,3429932,False
tablets,baseline,,2026-09-21T17:19:26.389380+00:00,,240,r-scylla1,3,17.89,2045478175,10427106853,866000000,866000000,1910000000,3970000000,3431488,False
tablets,baseline,,2026-09-21T17:19:26.389380+00:00,,240,r-scylla2,3,14.39,1978906182,10427106853,770000000,900000000,1870000000,4010000000,3431488,False
tablets,baseline,,2026-09-21T17:19:26.389380+00:00,,240,r-scylla3,3,15.67,1981053665,10427106853,740000000,883000000,1760000000,3870000000,3431488,False
tablets,baseline,,2026-09-21T17:19:29.793803+00:00,,241,r-scylla1,3,17.93,2045478175,10427106853,867000000,869000000,1910000000,3970000000,3426944,False
tablets,baseline,,2026-09-21T17:19:29.793803+00:00,,241,r-scylla2,3,18.47,1978906182,10427106853,771000000,902000000,1870000000,4010000000,3426944,False
tablets,baseline,,2026-09-21T17:19:29.793803+00:00,,241,r-scylla3,3,17.86,1981053665,10427106853,740000000,885000000,1760000000,3870000000,3426944,False
tablets,baseline,,2026-09-21T17:19:33.279319+00:00,,242,r-scylla1,3,13.63,2045478175,10427106853,868000000,871000000,1910000000,3970000000,3424308,False
tablets,baseline,,2026-09-21T17:19:33.279319+00:00,,242,r-scylla2,3,14.54,1978906182,10427106853,772000000,905000000,1870000000,4010000000,3424308,False
tablets,baseline,,2026-09-21T17:19:33.279319+00:00,,242,r-scylla3,3,14.70,1981053665,10427106853,741000000,888000000,1760000000,3870000000,3424308,False
tablets,baseline,,2026-09-21T17:19:36.709886+00:00,,243,r-scylla1,3,17.48,2045478175,10427106853,868000000,873000000,1910000000,3970000000,3421356,False
tablets,baseline,,2026-09-21T17:19:36.709886+00:00,,243,r-scylla2,3,10.62,1979979923,10427106853,773000000,907000000,1870000000,4010000000,3421356,False
tablets,baseline,,2026-09-21T17:19:36.709886+00:00,,243,r-scylla3,3,9.95,1981053665,10427106853,742000000,891000000,1760000000,3870000000,3421356,False
tablets,baseline,,2026-09-21T17:19:40.259060+00:00,,244,r-scylla1,3,16.70,2045478175,10427106853,869000000,875000000,1910000000,3970000000,3421868,False
tablets,baseline,,2026-09-21T17:19:40.259060+00:00,,244,r-scylla2,3,14.09,1979979923,10427106853,773000000,909000000,1870000000,4010000000,3421868,False
tablets,baseline,,2026-09-21T17:19:40.259060+00:00,,244,r-scylla3,3,16.42,1981053665,10427106853,743000000,894000000,1760000000,3870000000,3421868,False
tablets,baseline,,2026-09-21T17:19:43.760577+00:00,,245,r-scylla1,3,10.43,2045478175,10427106853,869000000,878000000,1910000000,3970000000,3422472,False
tablets,baseline,,2026-09-21T17:19:43.760577+00:00,,245,r-scylla2,3,10.11,1979979923,10427106853,774000000,912000000,1870000000,4010000000,3422472,False
tablets,baseline,,2026-09-21T17:19:43.760577+00:00,,245,r-scylla3,3,15.59,1981053665,10427106853,743000000,895000000,1760000000,3870000000,3422472,False
tablets,baseline,,2026-09-21T17:19:47.166589+00:00,,246,r-scylla1,3,14.62,2045478175,10427106853,870000000,880000000,1910000000,3970000000,3419636,False
tablets,baseline,,2026-09-21T17:19:47.166589+00:00,,246,r-scylla2,3,15.65,1978906182,10427106853,774000000,914000000,1870000000,4010000000,3419636,False
tablets,baseline,,2026-09-21T17:19:47.166589+00:00,,246,r-scylla3,3,14.38,1981053665,10427106853,744000000,897000000,1760000000,3870000000,3419636,False
tablets,baseline,,2026-09-21T17:19:50.572777+00:00,,247,r-scylla1,3,15.45,2045478175,10427106853,871000000,882000000,1910000000,3970000000,3419280,False
tablets,baseline,,2026-09-21T17:19:50.572777+00:00,,247,r-scylla2,3,19.16,1978906182,10427106853,775000000,917000000,1870000000,4020000000,3419280,False
tablets,baseline,,2026-09-21T17:19:50.572777+00:00,,247,r-scylla3,3,16.15,1981053665,10427106853,744000000,900000000,1760000000,3870000000,3419280,False
tablets,baseline,,2026-09-21T17:19:53.985276+00:00,,248,r-scylla1,3,19.64,2045478175,10427106853,871000000,884000000,1910000000,3970000000,3421060,False
tablets,baseline,,2026-09-21T17:19:53.985276+00:00,,248,r-scylla2,3,15.94,1978906182,10427106853,776000000,919000000,1870000000,4020000000,3421060,False
tablets,baseline,,2026-09-21T17:19:53.985276+00:00,,248,r-scylla3,3,15.59,1982127407,10427106853,745000000,902000000,1760000000,3870000000,3421060,False
tablets,baseline,,2026-09-21T17:19:57.546240+00:00,,249,r-scylla1,3,16.76,2045478175,10427106853,872000000,888000000,1910000000,3970000000,3418696,False
tablets,baseline,,2026-09-21T17:19:57.546240+00:00,,249,r-scylla2,3,15.58,1979979923,10427106853,776000000,921000000,1870000000,4020000000,3418696,False
tablets,baseline,,2026-09-21T17:19:57.546240+00:00,,249,r-scylla3,3,19.55,1981053665,10427106853,746000000,904000000,1760000000,3870000000,3418696,False
tablets,baseline,,2026-09-21T17:20:00.969372+00:00,,250,r-scylla1,3,13.24,2045478175,10427106853,873000000,890000000,1910000000,3970000000,3422612,False
tablets,baseline,,2026-09-21T17:20:00.969372+00:00,,250,r-scylla2,3,13.83,1979979923,10427106853,777000000,923000000,1870000000,4020000000,3422612,False
tablets,baseline,,2026-09-21T17:20:00.969372+00:00,,250,r-scylla3,3,13.10,1981053665,10427106853,746000000,907000000,1760000000,3870000000,3422612,False
tablets,baseline,,2026-09-21T17:20:04.322919+00:00,,251,r-scylla1,3,12.03,2045478175,10427106853,873000000,893000000,1910000000,3970000000,3421168,False
tablets,baseline,,2026-09-21T17:20:04.322919+00:00,,251,r-scylla2,3,9.64,1979979923,10427106853,778000000,925000000,1870000000,4020000000,3421168,False
tablets,baseline,,2026-09-21T17:20:04.322919+00:00,,251,r-scylla3,3,9.58,1981053665,10427106853,747000000,909000000,1760000000,3870000000,3421168,False
tablets,baseline,,2026-09-21T17:20:07.647131+00:00,,252,r-scylla1,3,13.19,2045478175,10427106853,874000000,895000000,1910000000,3970000000,3422504,False
tablets,baseline,,2026-09-21T17:20:07.647131+00:00,,252,r-scylla2,3,14.25,1979979923,10427106853,778000000,928000000,1870000000,4020000000,3422504,False
tablets,baseline,,2026-09-21T17:20:07.647131+00:00,,252,r-scylla3,3,13.79,1981053665,10427106853,747000000,911000000,1760000000,3870000000,3422504,False
tablets,baseline,,2026-09-21T17:20:11.037472+00:00,,253,r-scylla1,3,16.40,2045478175,10427106853,875000000,897000000,1910000000,3970000000,3420920,False
tablets,baseline,,2026-09-21T17:20:11.037472+00:00,,253,r-scylla2,3,14.85,1979979923,10427106853,779000000,930000000,1870000000,4020000000,3420920,False
tablets,baseline,,2026-09-21T17:20:11.037472+00:00,,253,r-scylla3,3,15.49,1982127407,10427106853,748000000,914000000,1760000000,3870000000,3420920,False
tablets,baseline,,2026-09-21T17:20:14.485469+00:00,,254,r-scylla1,3,16.61,2045478175,10427106853,875000000,899000000,1910000000,3970000000,3420684,False
tablets,baseline,,2026-09-21T17:20:14.485469+00:00,,254,r-scylla2,3,16.01,1979979923,10427106853,780000000,932000000,1870000000,4020000000,3420684,False
tablets,baseline,,2026-09-21T17:20:14.485469+00:00,,254,r-scylla3,3,18.37,1981053665,10427106853,749000000,917000000,1760000000,3870000000,3420684,False
tablets,baseline,,2026-09-21T17:20:17.841332+00:00,,255,r-scylla1,3,13.35,2045478175,10427106853,876000000,902000000,1910000000,3970000000,3424520,False
tablets,baseline,,2026-09-21T17:20:17.841332+00:00,,255,r-scylla2,3,11.22,1979979923,10427106853,780000000,935000000,1870000000,4020000000,3424520,False
tablets,baseline,,2026-09-21T17:20:17.841332+00:00,,255,r-scylla3,3,14.66,1982127407,10427106853,749000000,918000000,1760000000,3870000000,3424520,False
tablets,baseline,,2026-09-21T17:20:21.220479+00:00,,256,r-scylla1,3,25.13,2045478175,10427106853,876000000,904000000,1910000000,3970000000,3423884,False
tablets,baseline,,2026-09-21T17:20:21.220479+00:00,,256,r-scylla2,3,21.35,1979979923,10427106853,781000000,938000000,1870000000,4020000000,3423884,False
tablets,baseline,,2026-09-21T17:20:21.220479+00:00,,256,r-scylla3,3,15.57,1982127407,10427106853,750000000,921000000,1760000000,3870000000,3423884,False
tablets,baseline,,2026-09-21T17:20:24.677981+00:00,,257,r-scylla1,3,17.91,2045478175,10427106853,877000000,906000000,1910000000,3970000000,3425084,False
tablets,baseline,,2026-09-21T17:20:24.677981+00:00,,257,r-scylla2,3,15.58,1979979923,10427106853,782000000,940000000,1870000000,4020000000,3425084,False
tablets,baseline,,2026-09-21T17:20:24.677981+00:00,,257,r-scylla3,3,16.04,1981053665,10427106853,751000000,923000000,1760000000,3870000000,3425084,False
tablets,baseline,,2026-09-21T17:20:28.107110+00:00,,258,r-scylla1,3,17.02,2045478175,10427106853,878000000,909000000,1910000000,3970000000,3425576,False
tablets,baseline,,2026-09-21T17:20:28.107110+00:00,,258,r-scylla2,3,16.89,1979979923,10427106853,782000000,941000000,1870000000,4020000000,3425576,False
tablets,baseline,,2026-09-21T17:20:28.107110+00:00,,258,r-scylla3,3,16.66,1981053665,10427106853,751000000,926000000,1760000000,3870000000,3425576,False
tablets,baseline,,2026-09-21T17:20:31.489450+00:00,,259,r-scylla1,3,17.54,2045478175,10427106853,878000000,911000000,1910000000,3970000000,3424864,False
tablets,baseline,,2026-09-21T17:20:31.489450+00:00,,259,r-scylla2,3,16.32,1979979923,10427106853,783000000,945000000,1870000000,4020000000,3424864,False
tablets,baseline,,2026-09-21T17:20:31.489450+00:00,,259,r-scylla3,3,14.21,1981053665,10427106853,752000000,928000000,1760000000,3870000000,3424864,False
tablets,baseline,,2026-09-21T17:20:34.924571+00:00,,260,r-scylla1,3,17.41,2045478175,10427106853,879000000,913000000,1910000000,3970000000,3425540,False
tablets,baseline,,2026-09-21T17:20:34.924571+00:00,,260,r-scylla2,3,18.18,1979979923,10427106853,784000000,946000000,1870000000,4020000000,3425540,False
tablets,baseline,,2026-09-21T17:20:34.924571+00:00,,260,r-scylla3,3,15.85,1981053665,10427106853,753000000,930000000,1760000000,3870000000,3425540,False
tablets,baseline,,2026-09-21T17:20:38.374064+00:00,,261,r-scylla1,3,20.75,2045478175,10427106853,880000000,916000000,1910000000,3970000000,3426300,False
tablets,baseline,,2026-09-21T17:20:38.374064+00:00,,261,r-scylla2,3,18.85,1979979923,10427106853,784000000,950000000,1870000000,4020000000,3426300,False
tablets,baseline,,2026-09-21T17:20:38.374064+00:00,,261,r-scylla3,3,17.57,1982127407,10427106853,753000000,932000000,1760000000,3880000000,3426300,False
tablets,baseline,,2026-09-21T17:20:41.737780+00:00,,262,r-scylla1,3,13.87,2045478175,10427106853,880000000,918000000,1910000000,3970000000,3426084,False
tablets,baseline,,2026-09-21T17:20:41.737780+00:00,,262,r-scylla2,3,14.06,1979979923,10427106853,785000000,951000000,1870000000,4020000000,3426084,False
tablets,baseline,,2026-09-21T17:20:41.737780+00:00,,262,r-scylla3,3,11.36,1981053665,10427106853,754000000,935000000,1760000000,3880000000,3426084,False
tablets,baseline,,2026-09-21T17:20:45.156795+00:00,,263,r-scylla1,3,14.68,2045478175,10427106853,881000000,921000000,1910000000,3970000000,3424548,False
tablets,baseline,,2026-09-21T17:20:45.156795+00:00,,263,r-scylla2,3,13.43,1979979923,10427106853,786000000,954000000,1870000000,4020000000,3424548,False
tablets,baseline,,2026-09-21T17:20:45.156795+00:00,,263,r-scylla3,3,13.08,1982127407,10427106853,755000000,937000000,1760000000,3880000000,3424548,False
tablets,baseline,,2026-09-21T17:20:48.674158+00:00,,264,r-scylla1,3,16.16,2045478175,10427106853,882000000,923000000,1910000000,3970000000,3429164,False
tablets,baseline,,2026-09-21T17:20:48.674158+00:00,,264,r-scylla2,3,18.57,1979979923,10427106853,786000000,956000000,1880000000,4020000000,3429164,False
tablets,baseline,,2026-09-21T17:20:48.674158+00:00,,264,r-scylla3,3,16.12,1981053665,10427106853,755000000,940000000,1760000000,3880000000,3429164,False
tablets,baseline,,2026-09-21T17:20:52.147746+00:00,,265,r-scylla1,3,15.60,2045478175,10427106853,882000000,925000000,1910000000,3980000000,3428492,False
tablets,baseline,,2026-09-21T17:20:52.147746+00:00,,265,r-scylla2,3,9.23,1978906182,10427106853,787000000,959000000,1880000000,4020000000,3428492,False
tablets,baseline,,2026-09-21T17:20:52.147746+00:00,,265,r-scylla3,3,17.27,1981053665,10427106853,756000000,942000000,1760000000,3880000000,3428492,False
tablets,baseline,,2026-09-21T17:20:55.701490+00:00,,266,r-scylla1,3,3.39,2045478175,10427106853,882000000,927000000,1910000000,3980000000,3429556,False
tablets,baseline,,2026-09-21T17:20:55.701490+00:00,,266,r-scylla2,3,3.35,1979979923,10427106853,787000000,960000000,1880000000,4020000000,3429556,False
tablets,baseline,,2026-09-21T17:20:55.701490+00:00,,266,r-scylla3,3,3.59,1981053665,10427106853,756000000,943000000,1760000000,3880000000,3429556,False
tablets,baseline,,2026-09-21T17:20:59.065992+00:00,,267,r-scylla1,3,3.59,2045478175,10427106853,882000000,928000000,1910000000,3980000000,3452896,False
tablets,baseline,,2026-09-21T17:20:59.065992+00:00,,267,r-scylla2,3,3.40,1979979923,10427106853,787000000,961000000,1880000000,4020000000,3452896,False
tablets,baseline,,2026-09-21T17:20:59.065992+00:00,,267,r-scylla3,3,2.65,1982127407,10427106853,756000000,945000000,1760000000,3880000000,3452896,False
tablets,scaleout,join_command_start,2026-09-21T17:40:00.021409+00:00,-119.061601,594,r-scylla1,3,18.06,2049773142,10427106853,918000000,1410000000,1960000000,3980000000,3425500,False
tablets,scaleout,join_command_start,2026-09-21T17:40:00.021409+00:00,-119.061601,594,r-scylla2,3,15.35,1979979923,10427106853,803000000,1440000000,1900000000,4020000000,3425500,False
tablets,scaleout,join_command_start,2026-09-21T17:40:00.021409+00:00,-119.061601,594,r-scylla3,3,14.36,1982127407,10427106853,772000000,1420000000,1790000000,3880000000,3425500,False
tablets,scaleout,join_command_start,2026-09-21T17:40:03.474820+00:00,-115.608190,595,r-scylla1,3,18.01,2048699400,10427106853,919000000,1410000000,1960000000,3980000000,3424408,False
tablets,scaleout,join_command_start,2026-09-21T17:40:03.474820+00:00,-115.608190,595,r-scylla2,3,16.59,1979979923,10427106853,804000000,1440000000,1900000000,4020000000,3424408,False
tablets,scaleout,join_command_start,2026-09-21T17:40:03.474820+00:00,-115.608190,595,r-scylla3,3,17.51,1982127407,10427106853,773000000,1420000000,1790000000,3880000000,3424408,False
tablets,scaleout,join_command_start,2026-09-21T17:40:07.167427+00:00,-111.915583,596,r-scylla1,3,13.71,2049773142,10427106853,920000000,1410000000,1960000000,3980000000,3425276,False
tablets,scaleout,join_command_start,2026-09-21T17:40:07.167427+00:00,-111.915583,596,r-scylla2,3,15.41,1979979923,10427106853,805000000,1450000000,1900000000,4020000000,3425276,False
tablets,scaleout,join_command_start,2026-09-21T17:40:07.167427+00:00,-111.915583,596,r-scylla3,3,11.56,1982127407,10427106853,773000000,1430000000,1790000000,3880000000,3425276,False
tablets,scaleout,join_command_start,2026-09-21T17:40:10.594367+00:00,-108.488643,597,r-scylla1,3,15.65,2049773142,10427106853,921000000,1420000000,1960000000,3980000000,3421980,False
tablets,scaleout,join_command_start,2026-09-21T17:40:10.594367+00:00,-108.488643,597,r-scylla2,3,19.00,1979979923,10427106853,805000000,1450000000,1900000000,4020000000,3421980,False
tablets,scaleout,join_command_start,2026-09-21T17:40:10.594367+00:00,-108.488643,597,r-scylla3,3,17.49,1981053665,10427106853,774000000,1430000000,1790000000,3880000000,3421980,False
tablets,scaleout,join_command_start,2026-09-21T17:40:14.061500+00:00,-105.021510,598,r-scylla1,3,14.00,2048699400,10427106853,921000000,1420000000,1960000000,3980000000,3421308,False
tablets,scaleout,join_command_start,2026-09-21T17:40:14.061500+00:00,-105.021510,598,r-scylla2,3,17.84,1979979923,10427106853,806000000,1450000000,1900000000,4020000000,3421308,False
tablets,scaleout,join_command_start,2026-09-21T17:40:14.061500+00:00,-105.021510,598,r-scylla3,3,12.50,1981053665,10427106853,775000000,1430000000,1790000000,3880000000,3421308,False
tablets,scaleout,join_command_start,2026-09-21T17:40:17.461803+00:00,-101.621207,599,r-scylla1,3,13.85,2048699400,10427106853,922000000,1420000000,1960000000,3980000000,3421980,False
tablets,scaleout,join_command_start,2026-09-21T17:40:17.461803+00:00,-101.621207,599,r-scylla2,3,15.81,1979979923,10427106853,807000000,1450000000,1900000000,4020000000,3421980,False
tablets,scaleout,join_command_start,2026-09-21T17:40:17.461803+00:00,-101.621207,599,r-scylla3,3,12.96,1982127407,10427106853,775000000,1430000000,1790000000,3880000000,3421980,False
tablets,scaleout,join_command_start,2026-09-21T17:40:20.842533+00:00,-98.240477,600,r-scylla1,3,19.45,2048699400,10427106853,922000000,1420000000,1960000000,3980000000,3420208,False
tablets,scaleout,join_command_start,2026-09-21T17:40:20.842533+00:00,-98.240477,600,r-scylla2,3,19.61,1979979923,10427106853,807000000,1460000000,1900000000,4020000000,3420208,False
tablets,scaleout,join_command_start,2026-09-21T17:40:20.842533+00:00,-98.240477,600,r-scylla3,3,16.26,1982127407,10427106853,776000000,1440000000,1790000000,3880000000,3420208,False
tablets,scaleout,join_command_start,2026-09-21T17:40:24.344057+00:00,-94.738953,601,r-scylla1,3,11.14,2048699400,10427106853,923000000,1430000000,1960000000,3980000000,3425784,False
tablets,scaleout,join_command_start,2026-09-21T17:40:24.344057+00:00,-94.738953,601,r-scylla2,3,12.17,1979979923,10427106853,808000000,1460000000,1900000000,4020000000,3425784,False
tablets,scaleout,join_command_start,2026-09-21T17:40:24.344057+00:00,-94.738953,601,r-scylla3,3,15.89,1982127407,10427106853,776000000,1440000000,1790000000,3880000000,3425784,False
tablets,scaleout,join_command_start,2026-09-21T17:40:27.813912+00:00,-91.269098,602,r-scylla1,3,10.50,2048699400,10427106853,924000000,1430000000,1960000000,3980000000,3425036,False
tablets,scaleout,join_command_start,2026-09-21T17:40:27.813912+00:00,-91.269098,602,r-scylla2,3,11.68,1979979923,10427106853,809000000,1460000000,1900000000,4020000000,3425036,False
tablets,scaleout,join_command_start,2026-09-21T17:40:27.813912+00:00,-91.269098,602,r-scylla3,3,13.07,1982127407,10427106853,777000000,1440000000,1790000000,3880000000,3425036,False
tablets,scaleout,join_command_start,2026-09-21T17:40:31.220752+00:00,-87.862258,603,r-scylla1,3,14.69,2049773142,10427106853,924000000,1430000000,1960000000,3980000000,3423896,False
tablets,scaleout,join_command_start,2026-09-21T17:40:31.220752+00:00,-87.862258,603,r-scylla2,3,14.26,1979979923,10427106853,810000000,1460000000,1900000000,4020000000,3423896,False
tablets,scaleout,join_command_start,2026-09-21T17:40:31.220752+00:00,-87.862258,603,r-scylla3,3,13.88,1982127407,10427106853,778000000,1440000000,1790000000,3880000000,3423896,False
tablets,scaleout,join_command_start,2026-09-21T17:40:34.616594+00:00,-84.466416,604,r-scylla1,3,16.41,2048699400,10427106853,925000000,1430000000,1960000000,3980000000,3421560,False
tablets,scaleout,join_command_start,2026-09-21T17:40:34.616594+00:00,-84.466416,604,r-scylla2,3,19.42,1979979923,10427106853,810000000,1470000000,1900000000,4020000000,3421560,False
tablets,scaleout,join_command_start,2026-09-21T17:40:34.616594+00:00,-84.466416,604,r-scylla3,3,11.71,1982127407,10427106853,778000000,1450000000,1790000000,3880000000,3421560,False
tablets,scaleout,join_command_start,2026-09-21T17:40:37.995360+00:00,-81.087650,605,r-scylla1,3,15.27,2048699400,10427106853,926000000,1430000000,1960000000,3980000000,3423568,False
tablets,scaleout,join_command_start,2026-09-21T17:40:37.995360+00:00,-81.087650,605,r-scylla2,3,15.03,1979979923,10427106853,811000000,1470000000,1900000000,4020000000,3423568,False
tablets,scaleout,join_command_start,2026-09-21T17:40:37.995360+00:00,-81.087650,605,r-scylla3,3,24.85,1982127407,10427106853,779000000,1450000000,1790000000,3880000000,3423568,False
tablets,scaleout,join_command_start,2026-09-21T17:40:41.463986+00:00,-77.619024,606,r-scylla1,3,14.73,2048699400,10427106853,926000000,1440000000,1960000000,3980000000,3422644,False
tablets,scaleout,join_command_start,2026-09-21T17:40:41.463986+00:00,-77.619024,606,r-scylla2,3,13.55,1979979923,10427106853,811000000,1470000000,1900000000,4020000000,3422644,False
tablets,scaleout,join_command_start,2026-09-21T17:40:41.463986+00:00,-77.619024,606,r-scylla3,3,11.77,1982127407,10427106853,780000000,1450000000,1790000000,3880000000,3422644,False
tablets,scaleout,join_command_start,2026-09-21T17:40:44.876631+00:00,-74.206379,607,r-scylla1,3,14.27,2048699400,10427106853,927000000,1440000000,1960000000,3980000000,3422148,False
tablets,scaleout,join_command_start,2026-09-21T17:40:44.876631+00:00,-74.206379,607,r-scylla2,3,17.72,1979979923,10427106853,812000000,1470000000,1900000000,4020000000,3422148,False
tablets,scaleout,join_command_start,2026-09-21T17:40:44.876631+00:00,-74.206379,607,r-scylla3,3,16.06,1982127407,10427106853,781000000,1450000000,1790000000,3880000000,3422148,False
tablets,scaleout,join_command_start,2026-09-21T17:40:48.318907+00:00,-70.764103,608,r-scylla1,3,16.86,2048699400,10427106853,928000000,1440000000,1960000000,3980000000,3423480,False
tablets,scaleout,join_command_start,2026-09-21T17:40:48.318907+00:00,-70.764103,608,r-scylla2,3,14.23,1979979923,10427106853,813000000,1470000000,1900000000,4020000000,3423480,False
tablets,scaleout,join_command_start,2026-09-21T17:40:48.318907+00:00,-70.764103,608,r-scylla3,3,14.66,1982127407,10427106853,781000000,1450000000,1790000000,3880000000,3423480,False
tablets,scaleout,join_command_start,2026-09-21T17:40:51.804661+00:00,-67.278349,609,r-scylla1,3,18.69,2048699400,10427106853,928000000,1440000000,1960000000,3980000000,3420772,False
tablets,scaleout,join_command_start,2026-09-21T17:40:51.804661+00:00,-67.278349,609,r-scylla2,3,19.21,1979979923,10427106853,814000000,1480000000,1900000000,4020000000,3420772,False
tablets,scaleout,join_command_start,2026-09-21T17:40:51.804661+00:00,-67.278349,609,r-scylla3,3,16.15,1982127407,10427106853,782000000,1460000000,1790000000,3880000000,3420772,False
tablets,scaleout,join_command_start,2026-09-21T17:40:55.279239+00:00,-63.803771,610,r-scylla1,3,15.37,2049773142,10427106853,929000000,1450000000,1960000000,3980000000,3422600,False
tablets,scaleout,join_command_start,2026-09-21T17:40:55.279239+00:00,-63.803771,610,r-scylla2,3,15.26,1979979923,10427106853,814000000,1480000000,1900000000,4030000000,3422600,False
tablets,scaleout,join_command_start,2026-09-21T17:40:55.279239+00:00,-63.803771,610,r-scylla3,3,12.46,1982127407,10427106853,782000000,1460000000,1790000000,3880000000,3422600,False
tablets,scaleout,join_command_start,2026-09-21T17:40:58.780466+00:00,-60.302544,611,r-scylla1,3,10.65,2048699400,10427106853,930000000,1450000000,1960000000,3980000000,3419620,False
tablets,scaleout,join_command_start,2026-09-21T17:40:58.780466+00:00,-60.302544,611,r-scylla2,3,10.85,1979979923,10427106853,815000000,1480000000,1900000000,4030000000,3419620,False
tablets,scaleout,join_command_start,2026-09-21T17:40:58.780466+00:00,-60.302544,611,r-scylla3,3,10.39,1982127407,10427106853,783000000,1460000000,1790000000,3880000000,3419620,False
tablets,scaleout,join_command_start,2026-09-21T17:41:02.125146+00:00,-56.957864,612,r-scylla1,3,17.72,2049773142,10427106853,930000000,1450000000,1960000000,3980000000,3418856,False
tablets,scaleout,join_command_start,2026-09-21T17:41:02.125146+00:00,-56.957864,612,r-scylla2,3,16.77,1979979923,10427106853,816000000,1480000000,1900000000,4030000000,3418856,False
tablets,scaleout,join_command_start,2026-09-21T17:41:02.125146+00:00,-56.957864,612,r-scylla3,3,8.85,1982127407,10427106853,784000000,1460000000,1790000000,3880000000,3418856,False
tablets,scaleout,join_command_start,2026-09-21T17:41:05.468957+00:00,-53.614053,613,r-scylla1,3,14.83,2049773142,10427106853,931000000,1450000000,1960000000,3980000000,3422084,False
tablets,scaleout,join_command_start,2026-09-21T17:41:05.468957+00:00,-53.614053,613,r-scylla2,3,17.04,1979979923,10427106853,816000000,1490000000,1900000000,4030000000,3422084,False
tablets,scaleout,join_command_start,2026-09-21T17:41:05.468957+00:00,-53.614053,613,r-scylla3,3,12.55,1982127407,10427106853,784000000,1470000000,1790000000,3880000000,3422084,False
tablets,scaleout,join_command_start,2026-09-21T17:41:09.008558+00:00,-50.074452,614,r-scylla1,3,15.28,2048699400,10427106853,931000000,1460000000,1960000000,3980000000,3419680,False
tablets,scaleout,join_command_start,2026-09-21T17:41:09.008558+00:00,-50.074452,614,r-scylla2,3,16.83,1979979923,10427106853,817000000,1490000000,1900000000,4030000000,3419680,False
tablets,scaleout,join_command_start,2026-09-21T17:41:09.008558+00:00,-50.074452,614,r-scylla3,3,14.41,1982127407,10427106853,785000000,1470000000,1790000000,3880000000,3419680,False
tablets,scaleout,join_command_start,2026-09-21T17:41:12.358236+00:00,-46.724774,615,r-scylla1,3,16.99,2048699400,10427106853,932000000,1460000000,1960000000,3980000000,3419832,False
tablets,scaleout,join_command_start,2026-09-21T17:41:12.358236+00:00,-46.724774,615,r-scylla2,3,18.26,1979979923,10427106853,818000000,1490000000,1900000000,4030000000,3419832,False
tablets,scaleout,join_command_start,2026-09-21T17:41:12.358236+00:00,-46.724774,615,r-scylla3,3,12.54,1982127407,10427106853,786000000,1470000000,1790000000,3880000000,3419832,False
tablets,scaleout,join_command_start,2026-09-21T17:41:15.747187+00:00,-43.335823,616,r-scylla1,3,17.42,2048699400,10427106853,933000000,1460000000,1960000000,3980000000,3419184,False
tablets,scaleout,join_command_start,2026-09-21T17:41:15.747187+00:00,-43.335823,616,r-scylla2,3,15.00,1979979923,10427106853,818000000,1490000000,1900000000,4030000000,3419184,False
tablets,scaleout,join_command_start,2026-09-21T17:41:15.747187+00:00,-43.335823,616,r-scylla3,3,15.13,1982127407,10427106853,786000000,1470000000,1790000000,3880000000,3419184,False
tablets,scaleout,join_command_start,2026-09-21T17:41:19.102226+00:00,-39.980784,617,r-scylla1,3,20.16,2049773142,10427106853,933000000,1460000000,1960000000,3980000000,3418544,False
tablets,scaleout,join_command_start,2026-09-21T17:41:19.102226+00:00,-39.980784,617,r-scylla2,3,17.67,1979979923,10427106853,819000000,1500000000,1900000000,4030000000,3418544,False
tablets,scaleout,join_command_start,2026-09-21T17:41:19.102226+00:00,-39.980784,617,r-scylla3,3,16.08,1982127407,10427106853,787000000,1480000000,1790000000,3880000000,3418544,False
tablets,scaleout,join_command_start,2026-09-21T17:41:22.571569+00:00,-36.511441,618,r-scylla1,3,13.95,2049773142,10427106853,934000000,1470000000,1960000000,3980000000,3419028,False
tablets,scaleout,join_command_start,2026-09-21T17:41:22.571569+00:00,-36.511441,618,r-scylla2,3,13.92,1979979923,10427106853,820000000,1500000000,1900000000,4030000000,3419028,False
tablets,scaleout,join_command_start,2026-09-21T17:41:22.571569+00:00,-36.511441,618,r-scylla3,3,13.64,1982127407,10427106853,788000000,1480000000,1790000000,3880000000,3419028,False
tablets,scaleout,join_command_start,2026-09-21T17:41:26.052367+00:00,-33.030643,619,r-scylla1,3,15.10,2048699400,10427106853,934000000,1470000000,1960000000,3980000000,3421360,False
tablets,scaleout,join_command_start,2026-09-21T17:41:26.052367+00:00,-33.030643,619,r-scylla2,3,19.07,1979979923,10427106853,820000000,1500000000,1900000000,4030000000,3421360,False
tablets,scaleout,join_command_start,2026-09-21T17:41:26.052367+00:00,-33.030643,619,r-scylla3,3,17.49,1982127407,10427106853,788000000,1480000000,1790000000,3880000000,3421360,False
tablets,scaleout,join_command_start,2026-09-21T17:41:29.489695+00:00,-29.593315,620,r-scylla1,3,20.70,2048699400,10427106853,935000000,1470000000,1960000000,3980000000,3420564,False
tablets,scaleout,join_command_start,2026-09-21T17:41:29.489695+00:00,-29.593315,620,r-scylla2,3,17.38,1979979923,10427106853,821000000,1500000000,1900000000,4030000000,3420564,False
tablets,scaleout,join_command_start,2026-09-21T17:41:29.489695+00:00,-29.593315,620,r-scylla3,3,15.57,1982127407,10427106853,789000000,1480000000,1790000000,3880000000,3420564,False
tablets,scaleout,join_command_start,2026-09-21T17:41:32.907458+00:00,-26.175552,621,r-scylla1,3,16.98,2048699400,10427106853,936000000,1470000000,1960000000,3980000000,3420476,False
tablets,scaleout,join_command_start,2026-09-21T17:41:32.907458+00:00,-26.175552,621,r-scylla2,3,19.68,1979979923,10427106853,822000000,1510000000,1900000000,4030000000,3420476,False
tablets,scaleout,join_command_start,2026-09-21T17:41:32.907458+00:00,-26.175552,621,r-scylla3,3,21.10,1982127407,10427106853,790000000,1480000000,1790000000,3880000000,3420476,False
tablets,scaleout,join_command_start,2026-09-21T17:41:36.397144+00:00,-22.685866,622,r-scylla1,3,15.60,2048699400,10427106853,937000000,1470000000,1960000000,3980000000,3421764,False
tablets,scaleout,join_command_start,2026-09-21T17:41:36.397144+00:00,-22.685866,622,r-scylla2,3,14.81,1979979923,10427106853,822000000,1510000000,1900000000,4030000000,3421764,False
tablets,scaleout,join_command_start,2026-09-21T17:41:36.397144+00:00,-22.685866,622,r-scylla3,3,19.20,1982127407,10427106853,790000000,1490000000,1790000000,3880000000,3421764,False
tablets,scaleout,join_command_start,2026-09-21T17:41:39.824148+00:00,-19.258862,623,r-scylla1,3,22.42,2049773142,10427106853,937000000,1480000000,1960000000,3980000000,3420264,False
tablets,scaleout,join_command_start,2026-09-21T17:41:39.824148+00:00,-19.258862,623,r-scylla2,3,22.05,1979979923,10427106853,823000000,1510000000,1900000000,4030000000,3420264,False
tablets,scaleout,join_command_start,2026-09-21T17:41:39.824148+00:00,-19.258862,623,r-scylla3,3,18.11,1982127407,10427106853,791000000,1490000000,1790000000,3880000000,3420264,False
tablets,scaleout,join_command_start,2026-09-21T17:41:43.333729+00:00,-15.749281,624,r-scylla1,3,16.10,2049773142,10427106853,938000000,1480000000,1960000000,3980000000,3416304,False
tablets,scaleout,join_command_start,2026-09-21T17:41:43.333729+00:00,-15.749281,624,r-scylla2,3,15.11,1979979923,10427106853,824000000,1510000000,1900000000,4030000000,3416304,False
tablets,scaleout,join_command_start,2026-09-21T17:41:43.333729+00:00,-15.749281,624,r-scylla3,3,15.10,1982127407,10427106853,791000000,1490000000,1790000000,3890000000,3416304,False
tablets,scaleout,join_command_start,2026-09-21T17:41:46.748755+00:00,-12.334255,625,r-scylla1,3,23.69,2048699400,10427106853,939000000,1480000000,1960000000,3980000000,3418272,False
tablets,scaleout,join_command_start,2026-09-21T17:41:46.748755+00:00,-12.334255,625,r-scylla2,3,20.46,1979979923,10427106853,824000000,1520000000,1900000000,4030000000,3418272,False
tablets,scaleout,join_command_start,2026-09-21T17:41:46.748755+00:00,-12.334255,625,r-scylla3,3,13.38,1982127407,10427106853,792000000,1490000000,1790000000,3890000000,3418272,False
tablets,scaleout,join_command_start,2026-09-21T17:41:50.211745+00:00,-8.871265,626,r-scylla1,3,14.87,2048699400,10427106853,939000000,1480000000,1960000000,3980000000,3417868,False
tablets,scaleout,join_command_start,2026-09-21T17:41:50.211745+00:00,-8.871265,626,r-scylla2,3,15.94,1979979923,10427106853,825000000,1520000000,1900000000,4030000000,3417868,False
tablets,scaleout,join_command_start,2026-09-21T17:41:50.211745+00:00,-8.871265,626,r-scylla3,3,16.85,1982127407,10427106853,793000000,1500000000,1790000000,3890000000,3417868,False
tablets,scaleout,join_command_start,2026-09-21T17:41:53.621876+00:00,-5.461134,627,r-scylla1,3,21.13,2048699400,10427106853,962000000,1490000000,1990000000,3980000000,3416556,False
tablets,scaleout,join_command_start,2026-09-21T17:41:53.621876+00:00,-5.461134,627,r-scylla2,3,27.19,1979979923,10427106853,826000000,1530000000,1930000000,4030000000,3416556,False
tablets,scaleout,join_command_start,2026-09-21T17:41:53.621876+00:00,-5.461134,627,r-scylla3,3,15.59,1982127407,10427106853,794000000,1510000000,1810000000,3890000000,3416556,False
tablets,scaleout,join_command_start,2026-09-21T17:41:57.029503+00:00,-2.053507,628,r-scylla1,3,18.43,2048699400,10427106853,963000000,1490000000,1990000000,3990000000,3418712,False
tablets,scaleout,join_command_start,2026-09-21T17:41:57.029503+00:00,-2.053507,628,r-scylla2,3,18.54,1979979923,10427106853,827000000,1530000000,1930000000,4030000000,3418712,False
tablets,scaleout,join_command_start,2026-09-21T17:41:57.029503+00:00,-2.053507,628,r-scylla3,3,15.53,1982127407,10427106853,794000000,1510000000,1810000000,3890000000,3418712,False
tablets,scaleout,join_command_start,2026-09-21T17:42:00.508528+00:00,1.425518,629,r-scylla1,4,16.86,2051920626,10427106853,964000000,1490000000,1990000000,3990000000,3377836,False
tablets,scaleout,join_command_start,2026-09-21T17:42:00.508528+00:00,1.425518,629,r-scylla2,4,13.13,1979979923,10427106853,827000000,1540000000,1930000000,4030000000,3377836,False
tablets,scaleout,join_command_start,2026-09-21T17:42:00.508528+00:00,1.425518,629,r-scylla3,4,13.45,1982127407,10427106853,795000000,1510000000,1810000000,3890000000,3377836,False
tablets,scaleout,join_command_start,2026-09-21T17:42:00.508528+00:00,1.425518,629,r-scylla4,4,99.18,37276877,10427106853,610,84,602000,0,3377836,False
tablets,scaleout,join_command_start,2026-09-21T17:42:03.986240+00:00,4.903230,630,r-scylla1,4,18.00,2051920626,10427106853,964000000,1490000000,1990000000,3990000000,3306184,False
tablets,scaleout,join_command_start,2026-09-21T17:42:03.986240+00:00,4.903230,630,r-scylla2,4,16.70,1979979923,10427106853,828000000,1540000000,1930000000,4030000000,3306184,False
tablets,scaleout,join_command_start,2026-09-21T17:42:03.986240+00:00,4.903230,630,r-scylla3,4,16.92,1982127407,10427106853,796000000,1520000000,1810000000,3890000000,3306184,False
tablets,scaleout,join_command_start,2026-09-21T17:42:03.986240+00:00,4.903230,630,r-scylla4,4,72.95,96238305,10427106853,2120,158000,5360000,91400000,3306184,False
tablets,scaleout,join_command_start,2026-09-21T17:42:07.516386+00:00,8.433376,631,r-scylla1,4,16.49,2055141851,10427106853,965000000,1500000000,1990000000,4120000000,3262604,False
tablets,scaleout,join_command_start,2026-09-21T17:42:07.516386+00:00,8.433376,631,r-scylla2,4,16.12,1981053665,10427106853,829000000,1540000000,1930000000,4170000000,3262604,False
tablets,scaleout,join_command_start,2026-09-21T17:42:07.516386+00:00,8.433376,631,r-scylla3,4,16.26,1982127407,10427106853,796000000,1520000000,1810000000,4020000000,3262604,False
tablets,scaleout,join_command_start,2026-09-21T17:42:07.516386+00:00,8.433376,631,r-scylla4,4,35.87,107374182,10427106853,560000,1080000,5580000,471000000,3262604,False
tablets,scaleout,join_command_start,2026-09-21T17:42:10.967105+00:00,11.884095,632,r-scylla1,4,71.43,2058363077,10427106853,966000000,1500000000,2070000000,4210000000,3284944,False
tablets,scaleout,join_command_start,2026-09-21T17:42:10.967105+00:00,11.884095,632,r-scylla2,4,83.00,1982127407,10427106853,830000000,1540000000,2030000000,4280000000,3284944,False
tablets,scaleout,join_command_start,2026-09-21T17:42:10.967105+00:00,11.884095,632,r-scylla3,4,78.30,1982127407,10427106853,798000000,1520000000,1890000000,4110000000,3284944,False
tablets,scaleout,join_command_start,2026-09-21T17:42:10.967105+00:00,11.884095,632,r-scylla4,4,66.17,130967142,10427106853,3050000,2220000,13200000,548000000,3284944,False
tablets,scaleout,join_command_start,2026-09-21T17:42:14.485153+00:00,15.402143,633,r-scylla1,4,38.10,2058363077,10427106853,966000000,1530000000,2140000000,4260000000,3279656,False
tablets,scaleout,join_command_start,2026-09-21T17:42:14.485153+00:00,15.402143,633,r-scylla2,4,54.62,1982127407,10427106853,830000000,1600000000,2130000000,4330000000,3279656,False
tablets,scaleout,join_command_start,2026-09-21T17:42:14.485153+00:00,15.402143,633,r-scylla3,4,35.97,1982127407,10427106853,798000000,1550000000,1940000000,4140000000,3279656,False
tablets,scaleout,join_command_start,2026-09-21T17:42:14.485153+00:00,15.402143,633,r-scylla4,4,35.06,141243187,10427106853,94300000,3670000,55900000,674000000,3279656,False
tablets,scaleout,join_command_start,2026-09-21T17:42:18.046055+00:00,18.963045,634,r-scylla1,4,55.78,2058363077,10427106853,967000000,1530000000,2160000000,4280000000,3276308,False
tablets,scaleout,join_command_start,2026-09-21T17:42:18.046055+00:00,18.963045,634,r-scylla2,4,57.81,1982127407,10427106853,831000000,1600000000,2170000000,4370000000,3276308,False
tablets,scaleout,join_command_start,2026-09-21T17:42:18.046055+00:00,18.963045,634,r-scylla3,4,65.98,1983201149,10427106853,798000000,1550000000,1990000000,4190000000,3276308,False
tablets,scaleout,join_command_start,2026-09-21T17:42:18.046055+00:00,18.963045,634,r-scylla4,4,72.63,140928614,10427106853,104000000,4770000,169000000,804000000,3276308,False
tablets,scaleout,join_command_start,2026-09-21T17:42:21.657800+00:00,22.574790,635,r-scylla1,4,70.71,2058363077,10427106853,967000000,1550000000,2240000000,4350000000,3266484,False
tablets,scaleout,join_command_start,2026-09-21T17:42:21.657800+00:00,22.574790,635,r-scylla2,4,42.55,1983201149,10427106853,831000000,1600000000,2190000000,4390000000,3266484,False
tablets,scaleout,join_command_start,2026-09-21T17:42:21.657800+00:00,22.574790,635,r-scylla3,4,63.18,1983201149,10427106853,799000000,1550000000,2050000000,4250000000,3266484,False
tablets,scaleout,join_command_start,2026-09-21T17:42:21.657800+00:00,22.574790,635,r-scylla4,4,72.73,144703488,10427106853,105000000,6240000,235000000,872000000,3266484,False
tablets,scaleout,join_command_start,2026-09-21T17:42:25.167559+00:00,26.084549,636,r-scylla1,4,42.47,2058363077,10427106853,967000000,1550000000,2290000000,4400000000,3264216,False
tablets,scaleout,join_command_start,2026-09-21T17:42:25.167559+00:00,26.084549,636,r-scylla2,4,39.79,1983201149,10427106853,832000000,1630000000,2300000000,4470000000,3264216,False
tablets,scaleout,join_command_start,2026-09-21T17:42:25.167559+00:00,26.084549,636,r-scylla3,4,47.24,1983201149,10427106853,799000000,1610000000,2180000000,4330000000,3264216,False
tablets,scaleout,join_command_start,2026-09-21T17:42:25.167559+00:00,26.084549,636,r-scylla4,4,67.05,147115213,10427106853,165000000,7480000,237000000,934000000,3264216,False
tablets,scaleout,join_command_start,2026-09-21T17:42:28.762734+00:00,29.679724,637,r-scylla1,4,67.10,2059436818,10427106853,968000000,1560000000,2360000000,4460000000,3263712,False
tablets,scaleout,join_command_start,2026-09-21T17:42:28.762734+00:00,29.679724,637,r-scylla2,4,59.37,1983201149,10427106853,832000000,1630000000,2350000000,4530000000,3263712,False
tablets,scaleout,join_command_start,2026-09-21T17:42:28.762734+00:00,29.679724,637,r-scylla3,4,58.34,1983201149,10427106853,800000000,1610000000,2230000000,4390000000,3263712,False
tablets,scaleout,join_command_start,2026-09-21T17:42:28.762734+00:00,29.679724,637,r-scylla4,4,36.13,147639501,10427106853,207000000,9250000,344000000,1080000000,3263712,False
tablets,scaleout,join_command_start,2026-09-21T17:42:32.228866+00:00,33.145856,638,r-scylla1,4,117.54,2058363077,10427106853,968000000,1560000000,2450000000,4560000000,3256644,False
tablets,scaleout,join_command_start,2026-09-21T17:42:32.228866+00:00,33.145856,638,r-scylla2,4,189.60,1983201149,10427106853,833000000,1630000000,2430000000,4610000000,3256644,False
tablets,scaleout,join_command_start,2026-09-21T17:42:32.228866+00:00,33.145856,638,r-scylla3,4,108.36,1983201149,10427106853,800000000,1610000000,2300000000,4460000000,3256644,False
tablets,scaleout,join_command_start,2026-09-21T17:42:32.228866+00:00,33.145856,638,r-scylla4,4,44.88,148058931,10427106853,207000000,10600000,447000000,1190000000,3256644,False
tablets,scaleout,join_command_start,2026-09-21T17:42:35.762021+00:00,36.679011,639,r-scylla1,4,73.08,2058363077,10427106853,968000000,1600000000,2550000000,4620000000,3258640,False
tablets,scaleout,join_command_start,2026-09-21T17:42:35.762021+00:00,36.679011,639,r-scylla2,4,121.21,1983201149,10427106853,833000000,1640000000,2470000000,4640000000,3258640,False
tablets,scaleout,join_command_start,2026-09-21T17:42:35.762021+00:00,36.679011,639,r-scylla3,4,64.33,1983201149,10427106853,800000000,1620000000,2370000000,4520000000,3258640,False
tablets,scaleout,join_command_start,2026-09-21T17:42:35.762021+00:00,36.679011,639,r-scylla4,4,127.04,150575514,10427106853,271000000,12400000,471000000,1270000000,3258640,False
tablets,scaleout,join_command_start,2026-09-21T17:42:39.228043+00:00,40.145033,640,r-scylla1,4,22.46,2058363077,10427106853,969000000,1610000000,2580000000,4650000000,3258348,False
tablets,scaleout,join_command_start,2026-09-21T17:42:39.228043+00:00,40.145033,640,r-scylla2,4,26.61,1983201149,10427106853,833000000,1660000000,2500000000,4670000000,3258348,False
tablets,scaleout,join_command_start,2026-09-21T17:42:39.228043+00:00,40.145033,640,r-scylla3,4,27.73,1983201149,10427106853,801000000,1640000000,2400000000,4530000000,3258348,False
tablets,scaleout,join_command_start,2026-09-21T17:42:39.228043+00:00,40.145033,640,r-scylla4,4,39.76,151309517,10427106853,298000000,14300000,556000000,1380000000,3258348,False
tablets,scaleout,join_command_start,2026-09-21T17:42:42.740343+00:00,43.657333,641,r-scylla1,4,57.12,2058363077,10427106853,969000000,1620000000,2620000000,4680000000,3256812,False
tablets,scaleout,join_command_start,2026-09-21T17:42:42.740343+00:00,43.657333,641,r-scylla2,4,71.24,1983201149,10427106853,833000000,1660000000,2560000000,4720000000,3256812,False
tablets,scaleout,join_command_start,2026-09-21T17:42:42.740343+00:00,43.657333,641,r-scylla3,4,47.55,1984274891,10427106853,801000000,1640000000,2440000000,4580000000,3256812,False
tablets,scaleout,join_command_start,2026-09-21T17:42:42.740343+00:00,43.657333,641,r-scylla4,4,61.26,151728947,10427106853,312000000,16100000,619000000,1460000000,3256812,False
tablets,scaleout,join_command_start,2026-09-21T17:42:46.330288+00:00,47.247278,642,r-scylla1,4,31.42,2058363077,10427106853,970000000,1650000000,2760000000,4800000000,3257828,False
tablets,scaleout,join_command_start,2026-09-21T17:42:46.330288+00:00,47.247278,642,r-scylla2,4,68.01,1983201149,10427106853,834000000,1700000000,2730000000,4860000000,3257828,False
tablets,scaleout,join_command_start,2026-09-21T17:42:46.330288+00:00,47.247278,642,r-scylla3,4,31.08,1983201149,10427106853,802000000,1670000000,2540000000,4660000000,3257828,False
tablets,scaleout,join_command_start,2026-09-21T17:42:46.330288+00:00,47.247278,642,r-scylla4,4,61.33,152882381,10427106853,338000000,17200000,663000000,1530000000,3257828,False
tablets,scaleout,join_command_start,2026-09-21T17:42:49.793873+00:00,50.710863,643,r-scylla1,4,22.71,2059436818,10427106853,970000000,1650000000,2760000000,4800000000,3251924,False
tablets,scaleout,join_command_start,2026-09-21T17:42:49.793873+00:00,50.710863,643,r-scylla2,4,19.75,1983201149,10427106853,835000000,1720000000,2740000000,4860000000,3251924,False
tablets,scaleout,join_command_start,2026-09-21T17:42:49.793873+00:00,50.710863,643,r-scylla3,4,12.54,1984274891,10427106853,802000000,1670000000,2540000000,4660000000,3251924,False
tablets,scaleout,join_command_start,2026-09-21T17:42:49.793873+00:00,50.710863,643,r-scylla4,4,18.90,156342682,10427106853,418000000,20300000,842000000,1780000000,3251924,False
tablets,scaleout,join_command_start,2026-09-21T17:42:53.275437+00:00,54.192427,644,r-scylla1,4,12.21,2059436818,10427106853,971000000,1660000000,2760000000,4810000000,3252072,False
tablets,scaleout,join_command_start,2026-09-21T17:42:53.275437+00:00,54.192427,644,r-scylla2,4,12.78,1983201149,10427106853,836000000,1720000000,2740000000,4860000000,3252072,False
tablets,scaleout,join_command_start,2026-09-21T17:42:53.275437+00:00,54.192427,644,r-scylla3,4,11.38,1983201149,10427106853,803000000,1670000000,2540000000,4670000000,3252072,False
tablets,scaleout,join_command_start,2026-09-21T17:42:53.275437+00:00,54.192427,644,r-scylla4,4,17.26,157810688,10427106853,418000000,21600000,847000000,1780000000,3252072,False
tablets,scaleout,join_command_start,2026-09-21T17:42:56.953529+00:00,57.870519,645,r-scylla1,4,12.86,2059436818,10427106853,971000000,1660000000,2760000000,4810000000,3251468,False
tablets,scaleout,join_command_start,2026-09-21T17:42:56.953529+00:00,57.870519,645,r-scylla2,4,12.58,1983201149,10427106853,836000000,1720000000,2740000000,4860000000,3251468,False
tablets,scaleout,join_command_start,2026-09-21T17:42:56.953529+00:00,57.870519,645,r-scylla3,4,13.30,1983201149,10427106853,803000000,1680000000,2540000000,4670000000,3251468,False
tablets,scaleout,join_command_start,2026-09-21T17:42:56.953529+00:00,57.870519,645,r-scylla4,4,18.68,159907840,10427106853,418000000,23900000,853000000,1780000000,3251468,False
tablets,scaleout,join_command_start,2026-09-21T17:43:00.416688+00:00,61.333678,646,r-scylla1,4,13.93,2058363077,10427106853,972000000,1660000000,2760000000,4810000000,3248976,False
tablets,scaleout,join_command_start,2026-09-21T17:43:00.416688+00:00,61.333678,646,r-scylla2,4,12.95,1983201149,10427106853,837000000,1720000000,2740000000,4860000000,3248976,False
tablets,scaleout,join_command_start,2026-09-21T17:43:00.416688+00:00,61.333678,646,r-scylla3,4,11.86,1984274891,10427106853,804000000,1680000000,2540000000,4670000000,3248976,False
tablets,scaleout,join_command_start,2026-09-21T17:43:00.416688+00:00,61.333678,646,r-scylla4,4,16.90,163053568,10427106853,419000000,26500000,862000000,1780000000,3248976,False
tablets,scaleout,join_command_start,2026-09-21T17:43:03.937004+00:00,64.853994,647,r-scylla1,4,13.35,2058363077,10427106853,972000000,1660000000,2760000000,4810000000,3244360,False
tablets,scaleout,join_command_start,2026-09-21T17:43:03.937004+00:00,64.853994,647,r-scylla2,4,12.22,1983201149,10427106853,837000000,1730000000,2740000000,4860000000,3244360,False
tablets,scaleout,join_command_start,2026-09-21T17:43:03.937004+00:00,64.853994,647,r-scylla3,4,12.18,1983201149,10427106853,804000000,1680000000,2540000000,4670000000,3244360,False
tablets,scaleout,join_command_start,2026-09-21T17:43:03.937004+00:00,64.853994,647,r-scylla4,4,17.27,164941005,10427106853,420000000,28900000,869000000,1780000000,3244360,False
tablets,scaleout,join_command_start,2026-09-21T17:43:07.385519+00:00,68.302509,648,r-scylla1,4,14.15,2059436818,10427106853,973000000,1660000000,2760000000,4810000000,3242040,False
tablets,scaleout,join_command_start,2026-09-21T17:43:07.385519+00:00,68.302509,648,r-scylla2,4,12.32,1983201149,10427106853,838000000,1730000000,2740000000,4860000000,3242040,False
tablets,scaleout,join_command_start,2026-09-21T17:43:07.385519+00:00,68.302509,648,r-scylla3,4,12.52,1983201149,10427106853,805000000,1680000000,2540000000,4670000000,3242040,False
tablets,scaleout,join_command_start,2026-09-21T17:43:07.385519+00:00,68.302509,648,r-scylla4,4,16.80,166304154,10427106853,420000000,30300000,873000000,1780000000,3242040,False
tablets,scaleout,join_command_start,2026-09-21T17:43:10.893601+00:00,71.810591,649,r-scylla1,4,11.96,2058363077,10427106853,974000000,1670000000,2760000000,4810000000,3238080,False
tablets,scaleout,join_command_start,2026-09-21T17:43:10.893601+00:00,71.810591,649,r-scylla2,4,10.81,1983201149,10427106853,838000000,1730000000,2740000000,4860000000,3238080,False
tablets,scaleout,join_command_start,2026-09-21T17:43:10.893601+00:00,71.810591,649,r-scylla3,4,11.34,1983201149,10427106853,805000000,1680000000,2540000000,4670000000,3238080,False
tablets,scaleout,join_command_start,2026-09-21T17:43:10.893601+00:00,71.810591,649,r-scylla4,4,21.24,168401306,10427106853,421000000,32500000,878000000,1780000000,3238080,False
tablets,scaleout,join_command_start,2026-09-21T17:43:14.410519+00:00,75.327509,650,r-scylla1,4,11.91,2059436818,10427106853,974000000,1670000000,2760000000,4810000000,3238020,False
tablets,scaleout,join_command_start,2026-09-21T17:43:14.410519+00:00,75.327509,650,r-scylla2,4,13.02,1983201149,10427106853,839000000,1730000000,2740000000,4860000000,3238020,False
tablets,scaleout,join_command_start,2026-09-21T17:43:14.410519+00:00,75.327509,650,r-scylla3,4,12.26,1983201149,10427106853,806000000,1690000000,2540000000,4670000000,3238020,False
tablets,scaleout,join_command_start,2026-09-21T17:43:14.410519+00:00,75.327509,650,r-scylla4,4,15.85,171232461,10427106853,421000000,35200000,887000000,1780000000,3238020,False
tablets,scaleout,join_command_start,2026-09-21T17:43:17.800594+00:00,78.717584,651,r-scylla1,4,11.62,2059436818,10427106853,975000000,1670000000,2760000000,4810000000,3233172,False
tablets,scaleout,join_command_start,2026-09-21T17:43:17.800594+00:00,78.717584,651,r-scylla2,4,11.89,1983201149,10427106853,839000000,1740000000,2740000000,4860000000,3233172,False
tablets,scaleout,join_command_start,2026-09-21T17:43:17.800594+00:00,78.717584,651,r-scylla3,4,11.32,1983201149,10427106853,806000000,1690000000,2540000000,4670000000,3233172,False
tablets,scaleout,join_command_start,2026-09-21T17:43:17.800594+00:00,78.717584,651,r-scylla4,4,16.57,171966464,10427106853,422000000,36900000,892000000,1780000000,3233172,False
tablets,scaleout,join_command_start,2026-09-21T17:43:21.397777+00:00,82.314767,652,r-scylla1,4,12.69,2059436818,10427106853,975000000,1670000000,2760000000,4810000000,3236012,False
tablets,scaleout,join_command_start,2026-09-21T17:43:21.397777+00:00,82.314767,652,r-scylla2,4,13.39,1983201149,10427106853,840000000,1740000000,2740000000,4870000000,3236012,False
tablets,scaleout,join_command_start,2026-09-21T17:43:21.397777+00:00,82.314767,652,r-scylla3,4,12.58,1983201149,10427106853,807000000,1690000000,2540000000,4670000000,3236012,False
tablets,scaleout,join_command_start,2026-09-21T17:43:21.397777+00:00,82.314767,652,r-scylla4,4,16.83,174902477,10427106853,422000000,39600000,900000000,1780000000,3236012,False
tablets,scaleout,join_command_start,2026-09-21T17:43:24.886545+00:00,85.803535,653,r-scylla1,4,12.68,2059436818,10427106853,976000000,1680000000,2760000000,4810000000,3234496,False
tablets,scaleout,join_command_start,2026-09-21T17:43:24.886545+00:00,85.803535,653,r-scylla2,4,12.52,1983201149,10427106853,841000000,1740000000,2740000000,4870000000,3234496,False
tablets,scaleout,join_command_start,2026-09-21T17:43:24.886545+00:00,85.803535,653,r-scylla3,4,12.20,1983201149,10427106853,808000000,1690000000,2540000000,4670000000,3234496,False
tablets,scaleout,join_command_start,2026-09-21T17:43:24.886545+00:00,85.803535,653,r-scylla4,4,17.25,175951053,10427106853,423000000,41300000,904000000,1780000000,3234496,False
tablets,scaleout,join_command_start,2026-09-21T17:43:28.375720+00:00,89.292710,654,r-scylla1,4,13.91,2059436818,10427106853,976000000,1680000000,2760000000,4810000000,3232640,False
tablets,scaleout,join_command_start,2026-09-21T17:43:28.375720+00:00,89.292710,654,r-scylla2,4,12.40,1983201149,10427106853,841000000,1740000000,2740000000,4870000000,3232640,False
tablets,scaleout,join_command_start,2026-09-21T17:43:28.375720+00:00,89.292710,654,r-scylla3,4,12.06,1983201149,10427106853,808000000,1690000000,2540000000,4670000000,3232640,False
tablets,scaleout,join_command_start,2026-09-21T17:43:28.375720+00:00,89.292710,654,r-scylla4,4,16.99,178887066,10427106853,423000000,43700000,912000000,1780000000,3232640,False
tablets,scaleout,join_command_start,2026-09-21T17:43:31.906919+00:00,92.823909,655,r-scylla1,4,12.49,2059436818,10427106853,977000000,1680000000,2760000000,4810000000,3229376,False
tablets,scaleout,join_command_start,2026-09-21T17:43:31.906919+00:00,92.823909,655,r-scylla2,4,11.93,1983201149,10427106853,842000000,1740000000,2740000000,4870000000,3229376,False
tablets,scaleout,join_command_start,2026-09-21T17:43:31.906919+00:00,92.823909,655,r-scylla3,4,13.16,1983201149,10427106853,808000000,1700000000,2540000000,4670000000,3229376,False
tablets,scaleout,join_command_start,2026-09-21T17:43:31.906919+00:00,92.823909,655,r-scylla4,4,18.63,180879360,10427106853,424000000,46100000,918000000,1780000000,3229376,False
tablets,scaleout,join_command_start,2026-09-21T17:43:35.310990+00:00,96.227980,656,r-scylla1,4,13.16,2059436818,10427106853,977000000,1680000000,2760000000,4810000000,3225068,False
tablets,scaleout,join_command_start,2026-09-21T17:43:35.310990+00:00,96.227980,656,r-scylla2,4,11.88,1983201149,10427106853,842000000,1750000000,2740000000,4870000000,3225068,False
tablets,scaleout,join_command_start,2026-09-21T17:43:35.310990+00:00,96.227980,656,r-scylla3,4,11.64,1983201149,10427106853,809000000,1700000000,2540000000,4670000000,3225068,False
tablets,scaleout,join_command_start,2026-09-21T17:43:35.310990+00:00,96.227980,656,r-scylla4,4,17.50,182557082,10427106853,424000000,47900000,923000000,1780000000,3225068,False
tablets,scaleout,join_command_start,2026-09-21T17:43:38.823363+00:00,99.740353,657,r-scylla1,4,14.12,2058363077,10427106853,978000000,1690000000,2760000000,4810000000,3221672,False
tablets,scaleout,join_command_start,2026-09-21T17:43:38.823363+00:00,99.740353,657,r-scylla2,4,12.75,1983201149,10427106853,842000000,1750000000,2740000000,4870000000,3221672,False
tablets,scaleout,join_command_start,2026-09-21T17:43:38.823363+00:00,99.740353,657,r-scylla3,4,13.21,1983201149,10427106853,809000000,1700000000,2540000000,4670000000,3221672,False
tablets,scaleout,join_command_start,2026-09-21T17:43:38.823363+00:00,99.740353,657,r-scylla4,4,17.18,184759091,10427106853,425000000,50200000,929000000,1780000000,3221672,False
tablets,scaleout,join_command_start,2026-09-21T17:43:42.332923+00:00,103.249913,658,r-scylla1,4,13.83,2059436818,10427106853,978000000,1690000000,2760000000,4810000000,3220276,False
tablets,scaleout,join_command_start,2026-09-21T17:43:42.332923+00:00,103.249913,658,r-scylla2,4,13.47,1983201149,10427106853,843000000,1750000000,2740000000,4870000000,3220276,False
tablets,scaleout,join_command_start,2026-09-21T17:43:42.332923+00:00,103.249913,658,r-scylla3,4,12.24,1983201149,10427106853,810000000,1700000000,2540000000,4670000000,3220276,False
tablets,scaleout,join_command_start,2026-09-21T17:43:42.332923+00:00,103.249913,658,r-scylla4,4,15.19,185807667,10427106853,425000000,51600000,933000000,1780000000,3220276,False
tablets,scaleout,join_command_start,2026-09-21T17:43:45.720112+00:00,106.637102,659,r-scylla1,4,13.06,2059436818,10427106853,979000000,1690000000,2760000000,4810000000,3213148,False
tablets,scaleout,join_command_start,2026-09-21T17:43:45.720112+00:00,106.637102,659,r-scylla2,4,12.71,1983201149,10427106853,844000000,1750000000,2740000000,4870000000,3213148,False
tablets,scaleout,join_command_start,2026-09-21T17:43:45.720112+00:00,106.637102,659,r-scylla3,4,11.88,1983201149,10427106853,811000000,1710000000,2540000000,4670000000,3213148,False
tablets,scaleout,join_command_start,2026-09-21T17:43:45.720112+00:00,106.637102,659,r-scylla4,4,16.26,187799962,10427106853,426000000,53900000,940000000,1780000000,3213148,False
tablets,scaleout,join_command_start,2026-09-21T17:43:49.127366+00:00,110.044356,660,r-scylla1,4,13.54,2058363077,10427106853,979000000,1690000000,2760000000,4810000000,3210068,False
tablets,scaleout,join_command_start,2026-09-21T17:43:49.127366+00:00,110.044356,660,r-scylla2,4,12.54,1983201149,10427106853,844000000,1750000000,2740000000,4870000000,3210068,False
tablets,scaleout,join_command_start,2026-09-21T17:43:49.127366+00:00,110.044356,660,r-scylla3,4,13.17,1984274891,10427106853,811000000,1710000000,2540000000,4670000000,3210068,False
tablets,scaleout,join_command_start,2026-09-21T17:43:49.127366+00:00,110.044356,660,r-scylla4,4,17.83,190106829,10427106853,426000000,55900000,946000000,1780000000,3210068,False
tablets,scaleout,join_command_start,2026-09-21T17:43:52.566222+00:00,113.483212,661,r-scylla1,4,11.90,2059436818,10427106853,980000000,1690000000,2760000000,4810000000,3211640,False
tablets,scaleout,join_command_start,2026-09-21T17:43:52.566222+00:00,113.483212,661,r-scylla2,4,11.50,1983201149,10427106853,845000000,1760000000,2740000000,4870000000,3211640,False
tablets,scaleout,join_command_start,2026-09-21T17:43:52.566222+00:00,113.483212,661,r-scylla3,4,10.84,1983201149,10427106853,812000000,1710000000,2540000000,4670000000,3211640,False
tablets,scaleout,join_command_start,2026-09-21T17:43:52.566222+00:00,113.483212,661,r-scylla4,4,15.18,192308838,10427106853,427000000,58400000,953000000,1780000000,3211640,False
tablets,scaleout,join_command_start,2026-09-21T17:43:56.052473+00:00,116.969463,662,r-scylla1,4,12.29,2059436818,10427106853,980000000,1700000000,2760000000,4810000000,3213264,False
tablets,scaleout,join_command_start,2026-09-21T17:43:56.052473+00:00,116.969463,662,r-scylla2,4,12.01,1983201149,10427106853,845000000,1760000000,2740000000,4870000000,3213264,False
tablets,scaleout,join_command_start,2026-09-21T17:43:56.052473+00:00,116.969463,662,r-scylla3,4,11.24,1983201149,10427106853,812000000,1710000000,2540000000,4670000000,3213264,False
tablets,scaleout,join_command_start,2026-09-21T17:43:56.052473+00:00,116.969463,662,r-scylla4,4,18.46,194720563,10427106853,427000000,60400000,960000000,1780000000,3213264,False
tablets,scaleout,join_command_start,2026-09-21T17:43:59.548108+00:00,120.465098,663,r-scylla1,4,13.79,2058363077,10427106853,981000000,1700000000,2760000000,4810000000,3213044,False
tablets,scaleout,join_command_start,2026-09-21T17:43:59.548108+00:00,120.465098,663,r-scylla2,4,12.13,1983201149,10427106853,846000000,1760000000,2740000000,4870000000,3213044,False
tablets,scaleout,join_command_start,2026-09-21T17:43:59.548108+00:00,120.465098,663,r-scylla3,4,12.56,1983201149,10427106853,813000000,1720000000,2540000000,4670000000,3213044,False
tablets,scaleout,join_command_start,2026-09-21T17:43:59.548108+00:00,120.465098,663,r-scylla4,4,15.67,197027430,10427106853,428000000,63000000,968000000,1780000000,3213044,False
tablets,scaleout,join_command_start,2026-09-21T17:44:02.936497+00:00,123.853487,664,r-scylla1,4,11.83,2058363077,10427106853,982000000,1700000000,2760000000,4810000000,3207092,False
tablets,scaleout,join_command_start,2026-09-21T17:44:02.936497+00:00,123.853487,664,r-scylla2,4,10.55,1983201149,10427106853,847000000,1760000000,2740000000,4870000000,3207092,False
tablets,scaleout,join_command_start,2026-09-21T17:44:02.936497+00:00,123.853487,664,r-scylla3,4,10.46,1983201149,10427106853,813000000,1720000000,2540000000,4670000000,3207092,False
tablets,scaleout,join_command_start,2026-09-21T17:44:02.936497+00:00,123.853487,664,r-scylla4,4,14.30,199019725,10427106853,429000000,64900000,974000000,1780000000,3207092,False
tablets,scaleout,join_command_start,2026-09-21T17:44:06.262362+00:00,127.179352,665,r-scylla1,4,10.98,2058363077,10427106853,982000000,1700000000,2760000000,4810000000,3204548,False
tablets,scaleout,join_command_start,2026-09-21T17:44:06.262362+00:00,127.179352,665,r-scylla2,4,10.94,1983201149,10427106853,848000000,1770000000,2740000000,4870000000,3204548,False
tablets,scaleout,join_command_start,2026-09-21T17:44:06.262362+00:00,127.179352,665,r-scylla3,4,10.86,1983201149,10427106853,814000000,1720000000,2540000000,4670000000,3204548,False
tablets,scaleout,join_command_start,2026-09-21T17:44:06.262362+00:00,127.179352,665,r-scylla4,4,14.89,203633459,10427106853,430000000,68100000,987000000,1780000000,3204548,False
tablets,scaleout,join_command_start,2026-09-21T17:44:09.560323+00:00,130.477313,666,r-scylla1,4,11.66,2058363077,10427106853,983000000,1710000000,2760000000,4810000000,3200620,False
tablets,scaleout,join_command_start,2026-09-21T17:44:09.560323+00:00,130.477313,666,r-scylla2,4,10.51,1983201149,10427106853,848000000,1770000000,2740000000,4870000000,3200620,False
tablets,scaleout,join_command_start,2026-09-21T17:44:09.560323+00:00,130.477313,666,r-scylla3,4,10.75,1983201149,10427106853,815000000,1720000000,2540000000,4670000000,3200620,False
tablets,scaleout,join_command_start,2026-09-21T17:44:09.560323+00:00,130.477313,666,r-scylla4,4,14.36,205520896,10427106853,430000000,69700000,994000000,1780000000,3200620,False
tablets,scaleout,join_command_start,2026-09-21T17:44:12.874174+00:00,133.791164,667,r-scylla1,4,11.35,2059436818,10427106853,984000000,1710000000,2760000000,4810000000,3197124,False
tablets,scaleout,join_command_start,2026-09-21T17:44:12.874174+00:00,133.791164,667,r-scylla2,4,10.61,1983201149,10427106853,849000000,1770000000,2740000000,4870000000,3197124,False
tablets,scaleout,join_command_start,2026-09-21T17:44:12.874174+00:00,133.791164,667,r-scylla3,4,10.61,1983201149,10427106853,816000000,1730000000,2540000000,4670000000,3197124,False
tablets,scaleout,join_command_start,2026-09-21T17:44:12.874174+00:00,133.791164,667,r-scylla4,4,14.97,208456909,10427106853,431000000,72500000,1000000000,1780000000,3197124,False
tablets,scaleout,join_command_start,2026-09-21T17:44:16.188788+00:00,137.105778,668,r-scylla1,4,11.70,2059436818,10427106853,985000000,1710000000,2760000000,4810000000,3195968,False
tablets,scaleout,join_command_start,2026-09-21T17:44:16.188788+00:00,137.105778,668,r-scylla2,4,10.83,1983201149,10427106853,850000000,1770000000,2740000000,4870000000,3195968,False
tablets,scaleout,join_command_start,2026-09-21T17:44:16.188788+00:00,137.105778,668,r-scylla3,4,11.06,1983201149,10427106853,816000000,1730000000,2540000000,4670000000,3195968,False
tablets,scaleout,join_command_start,2026-09-21T17:44:16.188788+00:00,137.105778,668,r-scylla4,4,16.48,212651213,10427106853,432000000,75600000,1020000000,1790000000,3195968,False
tablets,scaleout,join_command_start,2026-09-21T17:44:19.508675+00:00,140.425665,669,r-scylla1,4,12.31,2058363077,10427106853,986000000,1710000000,2760000000,4810000000,3192360,False
tablets,scaleout,join_command_start,2026-09-21T17:44:19.508675+00:00,140.425665,669,r-scylla2,4,11.63,1983201149,10427106853,851000000,1780000000,2740000000,4870000000,3192360,False
tablets,scaleout,join_command_start,2026-09-21T17:44:19.508675+00:00,140.425665,669,r-scylla3,4,10.41,1983201149,10427106853,817000000,1730000000,2540000000,4670000000,3192360,False
tablets,scaleout,join_command_start,2026-09-21T17:44:19.508675+00:00,140.425665,669,r-scylla4,4,14.84,214958080,10427106853,432000000,77300000,1020000000,1790000000,3192360,False
tablets,scaleout,join_command_start,2026-09-21T17:44:22.845326+00:00,143.762316,670,r-scylla1,4,11.47,2059436818,10427106853,986000000,1720000000,2760000000,4810000000,3188096,False
tablets,scaleout,join_command_start,2026-09-21T17:44:22.845326+00:00,143.762316,670,r-scylla2,4,11.75,1983201149,10427106853,851000000,1780000000,2740000000,4870000000,3188096,False
tablets,scaleout,join_command_start,2026-09-21T17:44:22.845326+00:00,143.762316,670,r-scylla3,4,11.19,1983201149,10427106853,818000000,1730000000,2540000000,4670000000,3188096,False
tablets,scaleout,join_command_start,2026-09-21T17:44:22.845326+00:00,143.762316,670,r-scylla4,4,15.90,218418381,10427106853,433000000,80700000,1040000000,1790000000,3188096,False
tablets,scaleout,join_command_start,2026-09-21T17:44:26.157435+00:00,147.074425,671,r-scylla1,4,11.64,2059436818,10427106853,987000000,1720000000,2760000000,4810000000,3186536,False
tablets,scaleout,join_command_start,2026-09-21T17:44:26.157435+00:00,147.074425,671,r-scylla2,4,11.41,1983201149,10427106853,852000000,1780000000,2740000000,4870000000,3186536,False
tablets,scaleout,join_command_start,2026-09-21T17:44:26.157435+00:00,147.074425,671,r-scylla3,4,10.87,1983201149,10427106853,818000000,1730000000,2540000000,4670000000,3186536,False
tablets,scaleout,join_command_start,2026-09-21T17:44:26.157435+00:00,147.074425,671,r-scylla4,4,15.06,220410675,10427106853,434000000,82300000,1040000000,1790000000,3186536,False
tablets,scaleout,join_command_start,2026-09-21T17:44:29.454573+00:00,150.371563,672,r-scylla1,4,11.42,2059436818,10427106853,988000000,1720000000,2760000000,4810000000,3184796,False
tablets,scaleout,join_command_start,2026-09-21T17:44:29.454573+00:00,150.371563,672,r-scylla2,4,11.22,1983201149,10427106853,853000000,1780000000,2740000000,4870000000,3184796,False
tablets,scaleout,join_command_start,2026-09-21T17:44:29.454573+00:00,150.371563,672,r-scylla3,4,11.39,1983201149,10427106853,819000000,1740000000,2540000000,4670000000,3184796,False
tablets,scaleout,join_command_start,2026-09-21T17:44:29.454573+00:00,150.371563,672,r-scylla4,4,14.71,223975834,10427106853,435000000,84600000,1050000000,1790000000,3184796,False
tablets,scaleout,join_command_start,2026-09-21T17:44:32.766846+00:00,153.683836,673,r-scylla1,4,13.47,2059436818,10427106853,989000000,1720000000,2760000000,4810000000,3181528,False
tablets,scaleout,join_command_start,2026-09-21T17:44:32.766846+00:00,153.683836,673,r-scylla2,4,14.67,1983201149,10427106853,854000000,1790000000,2740000000,4870000000,3181528,False
tablets,scaleout,join_command_start,2026-09-21T17:44:32.766846+00:00,153.683836,673,r-scylla3,4,14.25,1983201149,10427106853,820000000,1740000000,2540000000,4670000000,3181528,False
tablets,scaleout,join_command_start,2026-09-21T17:44:32.766846+00:00,153.683836,673,r-scylla4,4,18.16,226597274,10427106853,435000000,87700000,1060000000,1790000000,3181528,False
tablets,scaleout,join_command_start,2026-09-21T17:44:36.416652+00:00,157.333642,674,r-scylla1,4,12.65,2059436818,10427106853,989000000,1730000000,2760000000,4810000000,3179664,False
tablets,scaleout,join_command_start,2026-09-21T17:44:36.416652+00:00,157.333642,674,r-scylla2,4,13.03,1983201149,10427106853,854000000,1790000000,2740000000,4870000000,3179664,False
tablets,scaleout,join_command_start,2026-09-21T17:44:36.416652+00:00,157.333642,674,r-scylla3,4,12.29,1983201149,10427106853,821000000,1740000000,2540000000,4670000000,3179664,False
tablets,scaleout,join_command_start,2026-09-21T17:44:36.416652+00:00,157.333642,674,r-scylla4,4,16.76,228694426,10427106853,436000000,89700000,1070000000,1790000000,3179664,False
tablets,scaleout,join_command_start,2026-09-21T17:44:39.830220+00:00,160.747210,675,r-scylla1,4,14.54,2058363077,10427106853,989000000,1730000000,2760000000,4810000000,3177948,False
tablets,scaleout,join_command_start,2026-09-21T17:44:39.830220+00:00,160.747210,675,r-scylla2,4,12.89,1983201149,10427106853,855000000,1790000000,2740000000,4870000000,3177948,False
tablets,scaleout,join_command_start,2026-09-21T17:44:39.830220+00:00,160.747210,675,r-scylla3,4,11.52,1983201149,10427106853,821000000,1740000000,2540000000,4670000000,3177948,False
tablets,scaleout,join_command_start,2026-09-21T17:44:39.830220+00:00,160.747210,675,r-scylla4,4,15.74,230372147,10427106853,436000000,92000000,1070000000,1790000000,3177948,False
tablets,scaleout,join_command_start,2026-09-21T17:44:43.360291+00:00,164.277281,676,r-scylla1,4,12.58,2058363077,10427106853,990000000,1730000000,2760000000,4810000000,3175200,False
tablets,scaleout,join_command_start,2026-09-21T17:44:43.360291+00:00,164.277281,676,r-scylla2,4,13.69,1983201149,10427106853,855000000,1790000000,2740000000,4870000000,3175200,False
tablets,scaleout,join_command_start,2026-09-21T17:44:43.360291+00:00,164.277281,676,r-scylla3,4,12.77,1983201149,10427106853,822000000,1750000000,2540000000,4670000000,3175200,False
tablets,scaleout,join_command_start,2026-09-21T17:44:43.360291+00:00,164.277281,676,r-scylla4,4,17.25,231525581,10427106853,437000000,93300000,1070000000,1790000000,3175200,False
tablets,scaleout,join_command_start,2026-09-21T17:44:46.957756+00:00,167.874746,677,r-scylla1,4,12.55,2059436818,10427106853,990000000,1730000000,2760000000,4810000000,3174500,False
tablets,scaleout,join_command_start,2026-09-21T17:44:46.957756+00:00,167.874746,677,r-scylla2,4,13.09,1983201149,10427106853,856000000,1790000000,2740000000,4870000000,3174500,False
tablets,scaleout,join_command_start,2026-09-21T17:44:46.957756+00:00,167.874746,677,r-scylla3,4,13.97,1983201149,10427106853,822000000,1750000000,2540000000,4670000000,3174500,False
tablets,scaleout,join_command_start,2026-09-21T17:44:46.957756+00:00,167.874746,677,r-scylla4,4,18.51,234356736,10427106853,437000000,96200000,1080000000,1790000000,3174500,False
tablets,scaleout,join_command_start,2026-09-21T17:44:50.497751+00:00,171.414741,678,r-scylla1,4,12.85,2058363077,10427106853,991000000,1730000000,2760000000,4810000000,3170836,False
tablets,scaleout,join_command_start,2026-09-21T17:44:50.497751+00:00,171.414741,678,r-scylla2,4,11.99,1983201149,10427106853,856000000,1800000000,2740000000,4870000000,3170836,False
tablets,scaleout,join_command_start,2026-09-21T17:44:50.497751+00:00,171.414741,678,r-scylla3,4,13.34,1983201149,10427106853,822000000,1750000000,2540000000,4670000000,3170836,False
tablets,scaleout,join_command_start,2026-09-21T17:44:50.497751+00:00,171.414741,678,r-scylla4,4,16.80,235929600,10427106853,438000000,98100000,1090000000,1790000000,3170836,False
tablets,scaleout,join_command_start,2026-09-21T17:44:53.905493+00:00,174.822483,679,r-scylla1,4,14.01,2059436818,10427106853,991000000,1740000000,2760000000,4810000000,3171056,False
tablets,scaleout,join_command_start,2026-09-21T17:44:53.905493+00:00,174.822483,679,r-scylla2,4,12.82,1983201149,10427106853,857000000,1800000000,2740000000,4870000000,3171056,False
tablets,scaleout,join_command_start,2026-09-21T17:44:53.905493+00:00,174.822483,679,r-scylla3,4,13.42,1983201149,10427106853,823000000,1750000000,2540000000,4670000000,3171056,False
tablets,scaleout,join_command_start,2026-09-21T17:44:53.905493+00:00,174.822483,679,r-scylla4,4,18.35,237817037,10427106853,438000000,100000000,1090000000,1790000000,3171056,False
tablets,scaleout,join_command_start,2026-09-21T17:44:57.373276+00:00,178.290266,680,r-scylla1,4,13.92,2059436818,10427106853,992000000,1740000000,2760000000,4810000000,3170336,False
tablets,scaleout,join_command_start,2026-09-21T17:44:57.373276+00:00,178.290266,680,r-scylla2,4,13.89,1983201149,10427106853,857000000,1800000000,2740000000,4870000000,3170336,False
tablets,scaleout,join_command_start,2026-09-21T17:44:57.373276+00:00,178.290266,680,r-scylla3,4,11.46,1984274891,10427106853,823000000,1750000000,2540000000,4670000000,3170336,False
tablets,scaleout,join_command_start,2026-09-21T17:44:57.373276+00:00,178.290266,680,r-scylla4,4,16.56,239389901,10427106853,439000000,102000000,1100000000,1790000000,3170336,False
tablets,scaleout,join_command_start,2026-09-21T17:45:00.876599+00:00,181.793589,681,r-scylla1,4,13.24,2059436818,10427106853,992000000,1740000000,2760000000,4810000000,3166196,False
tablets,scaleout,join_command_start,2026-09-21T17:45:00.876599+00:00,181.793589,681,r-scylla2,4,13.73,1983201149,10427106853,858000000,1800000000,2740000000,4870000000,3166196,False
tablets,scaleout,join_command_start,2026-09-21T17:45:00.876599+00:00,181.793589,681,r-scylla3,4,13.49,1983201149,10427106853,824000000,1760000000,2540000000,4670000000,3166196,False
tablets,scaleout,join_command_start,2026-09-21T17:45:00.876599+00:00,181.793589,681,r-scylla4,4,17.71,241172480,10427106853,439000000,104000000,1100000000,1790000000,3166196,False
tablets,scaleout,join_command_start,2026-09-21T17:45:04.433182+00:00,185.350172,682,r-scylla1,4,12.63,2059436818,10427106853,993000000,1740000000,2760000000,4810000000,3163528,False
tablets,scaleout,join_command_start,2026-09-21T17:45:04.433182+00:00,185.350172,682,r-scylla2,4,13.56,1983201149,10427106853,858000000,1810000000,2740000000,4870000000,3163528,False
tablets,scaleout,join_command_start,2026-09-21T17:45:04.433182+00:00,185.350172,682,r-scylla3,4,12.54,1983201149,10427106853,824000000,1760000000,2540000000,4670000000,3163528,False
tablets,scaleout,join_command_start,2026-09-21T17:45:04.433182+00:00,185.350172,682,r-scylla4,4,16.21,243164774,10427106853,440000000,106000000,1110000000,1790000000,3163528,False
tablets,scaleout,join_command_start,2026-09-21T17:45:08.029485+00:00,188.946475,683,r-scylla1,4,14.30,2059436818,10427106853,993000000,1740000000,2760000000,4810000000,3159412,False
tablets,scaleout,join_command_start,2026-09-21T17:45:08.029485+00:00,188.946475,683,r-scylla2,4,13.42,1983201149,10427106853,859000000,1810000000,2740000000,4870000000,3159412,False
tablets,scaleout,join_command_start,2026-09-21T17:45:08.029485+00:00,188.946475,683,r-scylla3,4,12.98,1983201149,10427106853,825000000,1760000000,2540000000,4670000000,3159412,False
tablets,scaleout,join_command_start,2026-09-21T17:45:08.029485+00:00,188.946475,683,r-scylla4,4,15.91,245052211,10427106853,440000000,109000000,1110000000,1790000000,3159412,False
tablets,scaleout,join_command_start,2026-09-21T17:45:11.549569+00:00,192.466559,684,r-scylla1,4,13.06,2059436818,10427106853,994000000,1750000000,2760000000,4810000000,3160700,False
tablets,scaleout,join_command_start,2026-09-21T17:45:11.549569+00:00,192.466559,684,r-scylla2,4,12.64,1983201149,10427106853,859000000,1810000000,2740000000,4870000000,3160700,False
tablets,scaleout,join_command_start,2026-09-21T17:45:11.549569+00:00,192.466559,684,r-scylla3,4,12.07,1983201149,10427106853,825000000,1760000000,2540000000,4670000000,3160700,False
tablets,scaleout,join_command_start,2026-09-21T17:45:11.549569+00:00,192.466559,684,r-scylla4,4,15.99,246729933,10427106853,441000000,111000000,1120000000,1790000000,3160700,False
tablets,scaleout,join_command_start,2026-09-21T17:45:14.613723+00:00,195.530713,685,r-scylla1,4,12.24,2058363077,10427106853,994000000,1750000000,2760000000,4810000000,3156164,False
tablets,scaleout,join_command_start,2026-09-21T17:45:14.613723+00:00,195.530713,685,r-scylla2,4,12.76,1983201149,10427106853,860000000,1810000000,2740000000,4870000000,3156164,False
tablets,scaleout,join_command_start,2026-09-21T17:45:14.613723+00:00,195.530713,685,r-scylla3,4,12.76,1983201149,10427106853,826000000,1770000000,2540000000,4670000000,3156164,False
tablets,scaleout,join_command_start,2026-09-21T17:45:14.613723+00:00,195.530713,685,r-scylla4,4,17.17,248197939,10427106853,441000000,112000000,1120000000,1790000000,3156164,False
tablets,scaleout,join_command_start,2026-09-21T17:45:17.997179+00:00,198.914169,686,r-scylla1,4,13.84,2059436818,10427106853,995000000,1750000000,2760000000,4820000000,3152168,False
tablets,scaleout,join_command_start,2026-09-21T17:45:17.997179+00:00,198.914169,686,r-scylla2,4,12.14,1983201149,10427106853,860000000,1810000000,2740000000,4870000000,3152168,False
tablets,scaleout,join_command_start,2026-09-21T17:45:17.997179+00:00,198.914169,686,r-scylla3,4,11.92,1983201149,10427106853,826000000,1770000000,2540000000,4670000000,3152168,False
tablets,scaleout,join_command_start,2026-09-21T17:45:17.997179+00:00,198.914169,686,r-scylla4,4,15.90,250504806,10427106853,442000000,114000000,1130000000,1790000000,3152168,False
tablets,scaleout,join_command_start,2026-09-21T17:45:21.486691+00:00,202.403681,687,r-scylla1,4,11.35,2059436818,10427106853,995000000,1750000000,2760000000,4820000000,3151528,False
tablets,scaleout,join_command_start,2026-09-21T17:45:21.486691+00:00,202.403681,687,r-scylla2,4,11.72,1983201149,10427106853,861000000,1820000000,2740000000,4870000000,3151528,False
tablets,scaleout,join_command_start,2026-09-21T17:45:21.486691+00:00,202.403681,687,r-scylla3,4,11.48,1983201149,10427106853,827000000,1770000000,2540000000,4680000000,3151528,False
tablets,scaleout,join_command_start,2026-09-21T17:45:21.486691+00:00,202.403681,687,r-scylla4,4,15.74,252077670,10427106853,442000000,117000000,1140000000,1790000000,3151528,False
tablets,scaleout,join_command_start,2026-09-21T17:45:24.945168+00:00,205.862158,688,r-scylla1,4,12.21,2058363077,10427106853,996000000,1760000000,2760000000,4820000000,3152352,False
tablets,scaleout,join_command_start,2026-09-21T17:45:24.945168+00:00,205.862158,688,r-scylla2,4,12.31,1983201149,10427106853,861000000,1820000000,2740000000,4870000000,3152352,False
tablets,scaleout,join_command_start,2026-09-21T17:45:24.945168+00:00,205.862158,688,r-scylla3,4,11.21,1983201149,10427106853,828000000,1770000000,2540000000,4680000000,3152352,False
tablets,scaleout,join_command_start,2026-09-21T17:45:24.945168+00:00,205.862158,688,r-scylla4,4,16.41,254908826,10427106853,443000000,119000000,1140000000,1790000000,3152352,False
tablets,scaleout,join_command_start,2026-09-21T17:45:28.362052+00:00,209.279042,689,r-scylla1,4,12.94,2059436818,10427106853,996000000,1760000000,2760000000,4820000000,3152972,False
tablets,scaleout,join_command_start,2026-09-21T17:45:28.362052+00:00,209.279042,689,r-scylla2,4,12.67,1983201149,10427106853,862000000,1820000000,2740000000,4870000000,3152972,False
tablets,scaleout,join_command_start,2026-09-21T17:45:28.362052+00:00,209.279042,689,r-scylla3,4,11.75,1984274891,10427106853,828000000,1770000000,2540000000,4680000000,3152972,False
tablets,scaleout,join_command_start,2026-09-21T17:45:28.362052+00:00,209.279042,689,r-scylla4,4,17.45,256481690,10427106853,443000000,121000000,1150000000,1790000000,3152972,False
tablets,scaleout,join_command_start,2026-09-21T17:45:31.796196+00:00,212.713186,690,r-scylla1,4,13.92,2059436818,10427106853,997000000,1760000000,2760000000,4820000000,3149700,False
tablets,scaleout,join_command_start,2026-09-21T17:45:31.796196+00:00,212.713186,690,r-scylla2,4,11.54,1983201149,10427106853,863000000,1820000000,2740000000,4870000000,3149700,False
tablets,scaleout,join_command_start,2026-09-21T17:45:31.796196+00:00,212.713186,690,r-scylla3,4,11.61,1983201149,10427106853,829000000,1780000000,2540000000,4680000000,3149700,False
tablets,scaleout,join_command_start,2026-09-21T17:45:31.796196+00:00,212.713186,690,r-scylla4,4,16.30,258683699,10427106853,444000000,124000000,1160000000,1790000000,3149700,False
tablets,scaleout,join_command_start,2026-09-21T17:45:35.183583+00:00,216.100573,691,r-scylla1,4,12.16,2059436818,10427106853,997000000,1760000000,2760000000,4820000000,3148420,False
tablets,scaleout,join_command_start,2026-09-21T17:45:35.183583+00:00,216.100573,691,r-scylla2,4,11.87,1983201149,10427106853,863000000,1830000000,2740000000,4870000000,3148420,False
tablets,scaleout,join_command_start,2026-09-21T17:45:35.183583+00:00,216.100573,691,r-scylla3,4,11.07,1983201149,10427106853,829000000,1780000000,2540000000,4680000000,3148420,False
tablets,scaleout,join_command_start,2026-09-21T17:45:35.183583+00:00,216.100573,691,r-scylla4,4,17.31,260675994,10427106853,445000000,126000000,1160000000,1790000000,3148420,False
tablets,scaleout,join_command_start,2026-09-21T17:45:38.628757+00:00,219.545747,692,r-scylla1,4,14.19,2058363077,10427106853,998000000,1770000000,2760000000,4820000000,3140832,False
tablets,scaleout,join_command_start,2026-09-21T17:45:38.628757+00:00,219.545747,692,r-scylla2,4,13.54,1983201149,10427106853,864000000,1830000000,2740000000,4870000000,3140832,False
tablets,scaleout,join_command_start,2026-09-21T17:45:38.628757+00:00,219.545747,692,r-scylla3,4,13.02,1983201149,10427106853,830000000,1780000000,2540000000,4680000000,3140832,False
tablets,scaleout,join_command_start,2026-09-21T17:45:38.628757+00:00,219.545747,692,r-scylla4,4,16.96,262458573,10427106853,445000000,128000000,1170000000,1790000000,3140832,False
tablets,scaleout,join_command_start,2026-09-21T17:45:42.157285+00:00,223.074275,693,r-scylla1,4,14.62,2059436818,10427106853,999000000,1770000000,2760000000,4820000000,3137096,False
tablets,scaleout,join_command_start,2026-09-21T17:45:42.157285+00:00,223.074275,693,r-scylla2,4,12.90,1983201149,10427106853,864000000,1830000000,2740000000,4880000000,3137096,False
tablets,scaleout,join_command_start,2026-09-21T17:45:42.157285+00:00,223.074275,693,r-scylla3,4,12.40,1983201149,10427106853,830000000,1780000000,2540000000,4680000000,3137096,False
tablets,scaleout,join_command_start,2026-09-21T17:45:42.157285+00:00,223.074275,693,r-scylla4,4,16.69,265080013,10427106853,446000000,130000000,1170000000,1790000000,3137096,False
tablets,scaleout,join_command_start,2026-09-21T17:45:45.605121+00:00,226.522111,694,r-scylla1,4,11.64,2059436818,10427106853,999000000,1770000000,2760000000,4820000000,3135444,False
tablets,scaleout,join_command_start,2026-09-21T17:45:45.605121+00:00,226.522111,694,r-scylla2,4,12.86,1983201149,10427106853,865000000,1830000000,2740000000,4880000000,3135444,False
tablets,scaleout,join_command_start,2026-09-21T17:45:45.605121+00:00,226.522111,694,r-scylla3,4,11.11,1983201149,10427106853,831000000,1790000000,2540000000,4680000000,3135444,False
tablets,scaleout,join_command_start,2026-09-21T17:45:45.605121+00:00,226.522111,694,r-scylla4,4,28.50,267491738,10427106853,446000000,133000000,1180000000,1790000000,3135444,False
tablets,scaleout,join_command_start,2026-09-21T17:45:49.127317+00:00,230.044307,695,r-scylla1,4,14.20,2059436818,10427106853,1000000000,1770000000,2760000000,4820000000,3132140,False
tablets,scaleout,join_command_start,2026-09-21T17:45:49.127317+00:00,230.044307,695,r-scylla2,4,13.42,1983201149,10427106853,866000000,1830000000,2740000000,4880000000,3132140,False
tablets,scaleout,join_command_start,2026-09-21T17:45:49.127317+00:00,230.044307,695,r-scylla3,4,12.51,1983201149,10427106853,831000000,1790000000,2540000000,4680000000,3132140,False
tablets,scaleout,join_command_start,2026-09-21T17:45:49.127317+00:00,230.044307,695,r-scylla4,4,16.54,269274317,10427106853,447000000,135000000,1190000000,1790000000,3132140,False
tablets,scaleout,join_command_start,2026-09-21T17:45:52.518127+00:00,233.435117,696,r-scylla1,4,13.13,2058363077,10427106853,1000000000,1770000000,2760000000,4820000000,3127500,False
tablets,scaleout,join_command_start,2026-09-21T17:45:52.518127+00:00,233.435117,696,r-scylla2,4,11.94,1983201149,10427106853,866000000,1840000000,2740000000,4880000000,3127500,False
tablets,scaleout,join_command_start,2026-09-21T17:45:52.518127+00:00,233.435117,696,r-scylla3,4,13.12,1984274891,10427106853,832000000,1790000000,2540000000,4680000000,3127500,False
tablets,scaleout,join_command_start,2026-09-21T17:45:52.518127+00:00,233.435117,696,r-scylla4,4,16.32,271266611,10427106853,447000000,136000000,1190000000,1790000000,3127500,False
tablets,scaleout,join_command_start,2026-09-21T17:45:55.939438+00:00,236.856428,697,r-scylla1,4,12.94,2059436818,10427106853,1000000000,1780000000,2760000000,4820000000,3128944,False
tablets,scaleout,join_command_start,2026-09-21T17:45:55.939438+00:00,236.856428,697,r-scylla2,4,12.08,1983201149,10427106853,867000000,1840000000,2740000000,4880000000,3128944,False
tablets,scaleout,join_command_start,2026-09-21T17:45:55.939438+00:00,236.856428,697,r-scylla3,4,10.92,1983201149,10427106853,832000000,1790000000,2540000000,4680000000,3128944,False
tablets,scaleout,join_command_start,2026-09-21T17:45:55.939438+00:00,236.856428,697,r-scylla4,4,15.55,273258906,10427106853,448000000,139000000,1200000000,1790000000,3128944,False
tablets,scaleout,join_command_start,2026-09-21T17:45:59.397397+00:00,240.314387,698,r-scylla1,4,12.07,2059436818,10427106853,1000000000,1780000000,2760000000,4820000000,3128948,False
tablets,scaleout,join_command_start,2026-09-21T17:45:59.397397+00:00,240.314387,698,r-scylla2,4,11.25,1983201149,10427106853,867000000,1840000000,2740000000,4880000000,3128948,False
tablets,scaleout,join_command_start,2026-09-21T17:45:59.397397+00:00,240.314387,698,r-scylla3,4,10.89,1983201149,10427106853,833000000,1790000000,2540000000,4680000000,3128948,False
tablets,scaleout,join_command_start,2026-09-21T17:45:59.397397+00:00,240.314387,698,r-scylla4,4,14.91,274622054,10427106853,448000000,141000000,1210000000,1790000000,3128948,False
tablets,scaleout,join_command_start,2026-09-21T17:46:02.733178+00:00,243.650168,699,r-scylla1,4,11.85,2059436818,10427106853,1000000000,1780000000,2760000000,4820000000,3126876,False
tablets,scaleout,join_command_start,2026-09-21T17:46:02.733178+00:00,243.650168,699,r-scylla2,4,12.40,1983201149,10427106853,868000000,1840000000,2740000000,4880000000,3126876,False
tablets,scaleout,join_command_start,2026-09-21T17:46:02.733178+00:00,243.650168,699,r-scylla3,4,11.21,1983201149,10427106853,834000000,1800000000,2540000000,4680000000,3126876,False
tablets,scaleout,join_command_start,2026-09-21T17:46:02.733178+00:00,243.650168,699,r-scylla4,4,16.02,277662925,10427106853,449000000,143000000,1210000000,1790000000,3126876,False
tablets,scaleout,join_command_start,2026-09-21T17:46:06.164773+00:00,247.081763,700,r-scylla1,4,11.96,2059436818,10427106853,1000000000,1780000000,2760000000,4820000000,3128188,False
tablets,scaleout,join_command_start,2026-09-21T17:46:06.164773+00:00,247.081763,700,r-scylla2,4,9.81,1984274891,10427106853,869000000,1850000000,2740000000,4880000000,3128188,False
tablets,scaleout,join_command_start,2026-09-21T17:46:06.164773+00:00,247.081763,700,r-scylla3,4,10.12,1983201149,10427106853,834000000,1800000000,2540000000,4680000000,3128188,False
tablets,scaleout,join_command_start,2026-09-21T17:46:06.164773+00:00,247.081763,700,r-scylla4,4,18.68,280074650,10427106853,450000000,145000000,1220000000,1790000000,3128188,False
tablets,scaleout,join_command_start,2026-09-21T17:46:09.584154+00:00,250.501144,701,r-scylla1,4,12.77,2058363077,10427106853,1000000000,1790000000,2760000000,4820000000,3128748,False
tablets,scaleout,join_command_start,2026-09-21T17:46:09.584154+00:00,250.501144,701,r-scylla2,4,13.11,1983201149,10427106853,869000000,1850000000,2740000000,4880000000,3128748,False
tablets,scaleout,join_command_start,2026-09-21T17:46:09.584154+00:00,250.501144,701,r-scylla3,4,11.25,1983201149,10427106853,835000000,1800000000,2540000000,4680000000,3128748,False
tablets,scaleout,join_command_start,2026-09-21T17:46:09.584154+00:00,250.501144,701,r-scylla4,4,15.64,281857229,10427106853,450000000,148000000,1230000000,1790000000,3128748,False
tablets,scaleout,join_command_start,2026-09-21T17:46:12.936137+00:00,253.853127,702,r-scylla1,4,10.66,2058363077,10427106853,1000000000,1790000000,2760000000,4820000000,3125428,False
tablets,scaleout,join_command_start,2026-09-21T17:46:12.936137+00:00,253.853127,702,r-scylla2,4,10.42,1983201149,10427106853,870000000,1850000000,2740000000,4880000000,3125428,False
tablets,scaleout,join_command_start,2026-09-21T17:46:12.936137+00:00,253.853127,702,r-scylla3,4,11.21,1983201149,10427106853,835000000,1800000000,2540000000,4680000000,3125428,False
tablets,scaleout,join_command_start,2026-09-21T17:46:12.936137+00:00,253.853127,702,r-scylla4,4,14.24,283430093,10427106853,451000000,150000000,1230000000,1790000000,3125428,False
tablets,scaleout,join_command_start,2026-09-21T17:46:16.357904+00:00,257.274894,703,r-scylla1,4,13.30,2059436818,10427106853,1000000000,1790000000,2760000000,4820000000,3124576,False
tablets,scaleout,join_command_start,2026-09-21T17:46:16.357904+00:00,257.274894,703,r-scylla2,4,12.80,1983201149,10427106853,870000000,1850000000,2740000000,4880000000,3124576,False
tablets,scaleout,join_command_start,2026-09-21T17:46:16.357904+00:00,257.274894,703,r-scylla3,4,12.52,1984274891,10427106853,836000000,1810000000,2540000000,4680000000,3124576,False
tablets,scaleout,join_command_start,2026-09-21T17:46:16.357904+00:00,257.274894,703,r-scylla4,4,14.06,285632102,10427106853,451000000,152000000,1240000000,1790000000,3124576,False
tablets,scaleout,join_command_start,2026-09-21T17:46:19.875059+00:00,260.792049,704,r-scylla1,4,13.53,2059436818,10427106853,1000000000,1790000000,2760000000,4820000000,3122016,False
tablets,scaleout,join_command_start,2026-09-21T17:46:19.875059+00:00,260.792049,704,r-scylla2,4,14.69,1983201149,10427106853,871000000,1850000000,2740000000,4880000000,3122016,False
tablets,scaleout,join_command_start,2026-09-21T17:46:19.875059+00:00,260.792049,704,r-scylla3,4,10.56,1983201149,10427106853,836000000,1810000000,2540000000,4680000000,3122016,False
tablets,scaleout,join_command_start,2026-09-21T17:46:19.875059+00:00,260.792049,704,r-scylla4,4,14.69,288148685,10427106853,452000000,154000000,1240000000,1790000000,3122016,False
tablets,scaleout,join_command_start,2026-09-21T17:46:23.423585+00:00,264.340575,705,r-scylla1,4,13.72,2058363077,10427106853,1010000000,1800000000,2760000000,4820000000,3118040,False
tablets,scaleout,join_command_start,2026-09-21T17:46:23.423585+00:00,264.340575,705,r-scylla2,4,13.09,1983201149,10427106853,871000000,1860000000,2740000000,4880000000,3118040,False
tablets,scaleout,join_command_start,2026-09-21T17:46:23.423585+00:00,264.340575,705,r-scylla3,4,13.59,1983201149,10427106853,837000000,1810000000,2540000000,4680000000,3118040,False
tablets,scaleout,join_command_start,2026-09-21T17:46:23.423585+00:00,264.340575,705,r-scylla4,4,18.78,288987546,10427106853,452000000,156000000,1250000000,1790000000,3118040,False
tablets,scaleout,join_command_start,2026-09-21T17:46:27.006689+00:00,267.923679,706,r-scylla1,4,12.63,2059436818,10427106853,1010000000,1800000000,2760000000,4820000000,3116836,False
tablets,scaleout,join_command_start,2026-09-21T17:46:27.006689+00:00,267.923679,706,r-scylla2,4,12.10,1983201149,10427106853,872000000,1860000000,2740000000,4880000000,3116836,False
tablets,scaleout,join_command_start,2026-09-21T17:46:27.006689+00:00,267.923679,706,r-scylla3,4,12.72,1983201149,10427106853,837000000,1810000000,2540000000,4680000000,3116836,False
tablets,scaleout,join_command_start,2026-09-21T17:46:27.006689+00:00,267.923679,706,r-scylla4,4,16.36,290770125,10427106853,453000000,159000000,1250000000,1790000000,3116836,False
tablets,scaleout,join_command_start,2026-09-21T17:46:30.494087+00:00,271.411077,707,r-scylla1,4,13.28,2059436818,10427106853,1010000000,1800000000,2760000000,4820000000,3114908,False
tablets,scaleout,join_command_start,2026-09-21T17:46:30.494087+00:00,271.411077,707,r-scylla2,4,12.92,1983201149,10427106853,872000000,1860000000,2740000000,4880000000,3114908,False
tablets,scaleout,join_command_start,2026-09-21T17:46:30.494087+00:00,271.411077,707,r-scylla3,4,11.75,1983201149,10427106853,838000000,1810000000,2540000000,4680000000,3114908,False
tablets,scaleout,join_command_start,2026-09-21T17:46:30.494087+00:00,271.411077,707,r-scylla4,4,16.81,292342989,10427106853,453000000,160000000,1260000000,1790000000,3114908,False
tablets,scaleout,join_command_start,2026-09-21T17:46:34.043325+00:00,274.960315,708,r-scylla1,4,12.74,2058363077,10427106853,1010000000,1800000000,2760000000,4820000000,3113460,False
tablets,scaleout,join_command_start,2026-09-21T17:46:34.043325+00:00,274.960315,708,r-scylla2,4,12.32,1983201149,10427106853,873000000,1860000000,2740000000,4880000000,3113460,False
tablets,scaleout,join_command_start,2026-09-21T17:46:34.043325+00:00,274.960315,708,r-scylla3,4,12.59,1983201149,10427106853,838000000,1820000000,2540000000,4680000000,3113460,False
tablets,scaleout,join_command_start,2026-09-21T17:46:34.043325+00:00,274.960315,708,r-scylla4,4,18.27,293915853,10427106853,454000000,162000000,1260000000,1790000000,3113460,False
tablets,scaleout,join_command_start,2026-09-21T17:46:37.599373+00:00,278.516363,709,r-scylla1,4,13.99,2058363077,10427106853,1010000000,1800000000,2760000000,4820000000,3109956,False
tablets,scaleout,join_command_start,2026-09-21T17:46:37.599373+00:00,278.516363,709,r-scylla2,4,12.11,1983201149,10427106853,873000000,1870000000,2740000000,4880000000,3109956,False
tablets,scaleout,join_command_start,2026-09-21T17:46:37.599373+00:00,278.516363,709,r-scylla3,4,12.79,1984274891,10427106853,839000000,1820000000,2540000000,4680000000,3109956,False
tablets,scaleout,join_command_start,2026-09-21T17:46:37.599373+00:00,278.516363,709,r-scylla4,4,17.86,295908147,10427106853,454000000,164000000,1270000000,1790000000,3109956,False
tablets,scaleout,join_command_start,2026-09-21T17:46:41.175174+00:00,282.092164,710,r-scylla1,4,12.64,2059436818,10427106853,1010000000,1810000000,2760000000,4820000000,3109992,False
tablets,scaleout,join_command_start,2026-09-21T17:46:41.175174+00:00,282.092164,710,r-scylla2,4,13.20,1983201149,10427106853,874000000,1870000000,2740000000,4880000000,3109992,False
tablets,scaleout,join_command_start,2026-09-21T17:46:41.175174+00:00,282.092164,710,r-scylla3,4,13.78,1983201149,10427106853,839000000,1820000000,2540000000,4680000000,3109992,False
tablets,scaleout,join_command_start,2026-09-21T17:46:41.175174+00:00,282.092164,710,r-scylla4,4,15.51,298844160,10427106853,455000000,167000000,1280000000,1790000000,3109992,False
tablets,scaleout,join_command_start,2026-09-21T17:46:44.696494+00:00,285.613484,711,r-scylla1,4,12.69,2059436818,10427106853,1010000000,1810000000,2760000000,4820000000,3115484,False
tablets,scaleout,join_command_start,2026-09-21T17:46:44.696494+00:00,285.613484,711,r-scylla2,4,15.68,1983201149,10427106853,874000000,1870000000,2740000000,4880000000,3115484,False
tablets,scaleout,join_command_start,2026-09-21T17:46:44.696494+00:00,285.613484,711,r-scylla3,4,11.54,1983201149,10427106853,840000000,1820000000,2540000000,4680000000,3115484,False
tablets,scaleout,join_command_start,2026-09-21T17:46:44.696494+00:00,285.613484,711,r-scylla4,4,16.52,299787878,10427106853,455000000,169000000,1280000000,1790000000,3115484,False
tablets,scaleout,join_command_start,2026-09-21T17:46:48.237683+00:00,289.154673,712,r-scylla1,4,14.54,2059436818,10427106853,1010000000,1810000000,2760000000,4820000000,3111584,False
tablets,scaleout,join_command_start,2026-09-21T17:46:48.237683+00:00,289.154673,712,r-scylla2,4,13.14,1983201149,10427106853,875000000,1870000000,2740000000,4880000000,3111584,False
tablets,scaleout,join_command_start,2026-09-21T17:46:48.237683+00:00,289.154673,712,r-scylla3,4,13.77,1983201149,10427106853,840000000,1820000000,2540000000,4680000000,3111584,False
tablets,scaleout,join_command_start,2026-09-21T17:46:48.237683+00:00,289.154673,712,r-scylla4,4,17.21,301046170,10427106853,456000000,171000000,1280000000,1800000000,3111584,False
tablets,scaleout,join_command_start,2026-09-21T17:46:51.712377+00:00,292.629367,713,r-scylla1,4,12.58,2059436818,10427106853,1010000000,1810000000,2760000000,4820000000,3090056,False
tablets,scaleout,join_command_start,2026-09-21T17:46:51.712377+00:00,292.629367,713,r-scylla2,4,14.84,1983201149,10427106853,876000000,1870000000,2740000000,4880000000,3090056,False
tablets,scaleout,join_command_start,2026-09-21T17:46:51.712377+00:00,292.629367,713,r-scylla3,4,12.73,1983201149,10427106853,841000000,1830000000,2540000000,4680000000,3090056,False
tablets,scaleout,join_command_start,2026-09-21T17:46:51.712377+00:00,292.629367,713,r-scylla4,4,16.73,303248179,10427106853,456000000,174000000,1290000000,1800000000,3090056,False
tablets,scaleout,join_command_start,2026-09-21T17:46:55.254696+00:00,296.171686,714,r-scylla1,4,12.61,2059436818,10427106853,1010000000,1810000000,2760000000,4820000000,3100420,False
tablets,scaleout,join_command_start,2026-09-21T17:46:55.254696+00:00,296.171686,714,r-scylla2,4,12.93,1983201149,10427106853,876000000,1880000000,2740000000,4880000000,3100420,False
tablets,scaleout,join_command_start,2026-09-21T17:46:55.254696+00:00,296.171686,714,r-scylla3,4,12.77,1983201149,10427106853,841000000,1830000000,2540000000,4680000000,3100420,False
tablets,scaleout,join_command_start,2026-09-21T17:46:55.254696+00:00,296.171686,714,r-scylla4,4,15.81,305030758,10427106853,457000000,175000000,1300000000,1800000000,3100420,False
tablets,scaleout,join_command_start,2026-09-21T17:46:58.727462+00:00,299.644452,715,r-scylla1,4,13.94,2059436818,10427106853,1010000000,1820000000,2760000000,4820000000,3097860,False
tablets,scaleout,join_command_start,2026-09-21T17:46:58.727462+00:00,299.644452,715,r-scylla2,4,12.71,1983201149,10427106853,877000000,1880000000,2740000000,4880000000,3097860,False
tablets,scaleout,join_command_start,2026-09-21T17:46:58.727462+00:00,299.644452,715,r-scylla3,4,12.02,1983201149,10427106853,842000000,1830000000,2540000000,4680000000,3097860,False
tablets,scaleout,join_command_start,2026-09-21T17:46:58.727462+00:00,299.644452,715,r-scylla4,4,15.89,307547341,10427106853,457000000,178000000,1300000000,1800000000,3097860,False
tablets,scaleout,join_command_start,2026-09-21T17:47:02.183499+00:00,303.100489,716,r-scylla1,4,13.51,2059436818,10427106853,1010000000,1820000000,2760000000,4820000000,3096520,False
tablets,scaleout,join_command_start,2026-09-21T17:47:02.183499+00:00,303.100489,716,r-scylla2,4,13.11,1983201149,10427106853,877000000,1880000000,2740000000,4880000000,3096520,False
tablets,scaleout,join_command_start,2026-09-21T17:47:02.183499+00:00,303.100489,716,r-scylla3,4,12.06,1983201149,10427106853,842000000,1830000000,2540000000,4680000000,3096520,False
tablets,scaleout,join_command_start,2026-09-21T17:47:02.183499+00:00,303.100489,716,r-scylla4,4,16.56,308700774,10427106853,458000000,179000000,1310000000,1800000000,3096520,False
tablets,scaleout,join_command_start,2026-09-21T17:47:05.737974+00:00,306.654964,717,r-scylla1,4,11.40,2058363077,10427106853,1010000000,1820000000,2760000000,4820000000,3093404,False
tablets,scaleout,join_command_start,2026-09-21T17:47:05.737974+00:00,306.654964,717,r-scylla2,4,11.51,1983201149,10427106853,878000000,1880000000,2740000000,4880000000,3093404,False
tablets,scaleout,join_command_start,2026-09-21T17:47:05.737974+00:00,306.654964,717,r-scylla3,4,11.63,1984274891,10427106853,843000000,1840000000,2540000000,4680000000,3093404,False
tablets,scaleout,join_command_start,2026-09-21T17:47:05.737974+00:00,306.654964,717,r-scylla4,4,15.19,310797926,10427106853,458000000,182000000,1310000000,1800000000,3093404,False
tablets,scaleout,join_command_start,2026-09-21T17:47:09.195143+00:00,310.112133,718,r-scylla1,4,14.46,2059436818,10427106853,1010000000,1820000000,2760000000,4820000000,3090264,False
tablets,scaleout,join_command_start,2026-09-21T17:47:09.195143+00:00,310.112133,718,r-scylla2,4,13.72,1983201149,10427106853,879000000,1890000000,2740000000,4880000000,3090264,False
tablets,scaleout,join_command_start,2026-09-21T17:47:09.195143+00:00,310.112133,718,r-scylla3,4,13.34,1983201149,10427106853,844000000,1840000000,2540000000,4680000000,3090264,False
tablets,scaleout,join_command_start,2026-09-21T17:47:09.195143+00:00,310.112133,718,r-scylla4,4,15.72,312999936,10427106853,459000000,184000000,1320000000,1800000000,3090264,False
tablets,scaleout,join_command_start,2026-09-21T17:47:12.598384+00:00,313.515374,719,r-scylla1,4,13.18,2059436818,10427106853,1010000000,1830000000,2760000000,4820000000,3093876,False
tablets,scaleout,join_command_start,2026-09-21T17:47:12.598384+00:00,313.515374,719,r-scylla2,4,12.52,1983201149,10427106853,879000000,1890000000,2740000000,4880000000,3093876,False
tablets,scaleout,join_command_start,2026-09-21T17:47:12.598384+00:00,313.515374,719,r-scylla3,4,12.03,1983201149,10427106853,844000000,1840000000,2540000000,4680000000,3093876,False
tablets,scaleout,join_command_start,2026-09-21T17:47:12.598384+00:00,313.515374,719,r-scylla4,4,16.17,314782515,10427106853,459000000,186000000,1330000000,1800000000,3093876,False
tablets,scaleout,join_command_start,2026-09-21T17:47:16.025611+00:00,316.942601,720,r-scylla1,4,11.18,2058363077,10427106853,1010000000,1830000000,2760000000,4820000000,3089916,False
tablets,scaleout,join_command_start,2026-09-21T17:47:16.025611+00:00,316.942601,720,r-scylla2,4,10.62,1983201149,10427106853,880000000,1890000000,2740000000,4880000000,3089916,False
tablets,scaleout,join_command_start,2026-09-21T17:47:16.025611+00:00,316.942601,720,r-scylla3,4,10.84,1983201149,10427106853,845000000,1840000000,2540000000,4680000000,3089916,False
tablets,scaleout,join_command_start,2026-09-21T17:47:16.025611+00:00,316.942601,720,r-scylla4,4,13.89,317299098,10427106853,460000000,188000000,1330000000,1800000000,3089916,False
tablets,scaleout,join_command_start,2026-09-21T17:47:19.362035+00:00,320.279025,721,r-scylla1,4,9.66,2059436818,10427106853,1010000000,1830000000,2760000000,4820000000,3090444,False
tablets,scaleout,join_command_start,2026-09-21T17:47:19.362035+00:00,320.279025,721,r-scylla2,4,8.60,1983201149,10427106853,880000000,1890000000,2740000000,4880000000,3090444,False
tablets,scaleout,join_command_start,2026-09-21T17:47:19.362035+00:00,320.279025,721,r-scylla3,4,8.58,1983201149,10427106853,845000000,1840000000,2540000000,4680000000,3090444,False
tablets,scaleout,join_command_start,2026-09-21T17:47:19.362035+00:00,320.279025,721,r-scylla4,4,12.70,320339968,10427106853,461000000,190000000,1340000000,1800000000,3090444,False
tablets,scaleout,join_command_start,2026-09-21T17:47:22.828359+00:00,323.745349,722,r-scylla1,4,13.44,2059436818,10427106853,1010000000,1830000000,2760000000,4820000000,3087848,False
tablets,scaleout,join_command_start,2026-09-21T17:47:22.828359+00:00,323.745349,722,r-scylla2,4,14.84,1983201149,10427106853,881000000,1890000000,2740000000,4880000000,3087848,False
tablets,scaleout,join_command_start,2026-09-21T17:47:22.828359+00:00,323.745349,722,r-scylla3,4,12.36,1983201149,10427106853,846000000,1850000000,2540000000,4680000000,3087848,False
tablets,scaleout,join_command_start,2026-09-21T17:47:22.828359+00:00,323.745349,722,r-scylla4,4,17.64,321807974,10427106853,461000000,193000000,1350000000,1800000000,3087848,False
tablets,scaleout,join_command_start,2026-09-21T17:47:26.295823+00:00,327.212813,723,r-scylla1,4,12.16,2059436818,10427106853,1010000000,1840000000,2760000000,4820000000,3087480,False
tablets,scaleout,join_command_start,2026-09-21T17:47:26.295823+00:00,327.212813,723,r-scylla2,4,11.87,1983201149,10427106853,881000000,1900000000,2740000000,4880000000,3087480,False
tablets,scaleout,join_command_start,2026-09-21T17:47:26.295823+00:00,327.212813,723,r-scylla3,4,12.36,1983201149,10427106853,846000000,1850000000,2540000000,4680000000,3087480,False
tablets,scaleout,join_command_start,2026-09-21T17:47:26.295823+00:00,327.212813,723,r-scylla4,4,13.40,323485696,10427106853,462000000,195000000,1350000000,1800000000,3087480,False
tablets,scaleout,join_command_start,2026-09-21T17:47:29.650446+00:00,330.567436,724,r-scylla1,4,12.81,2058363077,10427106853,1020000000,1840000000,2760000000,4820000000,3084628,False
tablets,scaleout,join_command_start,2026-09-21T17:47:29.650446+00:00,330.567436,724,r-scylla2,4,12.85,1983201149,10427106853,882000000,1900000000,2740000000,4880000000,3084628,False
tablets,scaleout,join_command_start,2026-09-21T17:47:29.650446+00:00,330.567436,724,r-scylla3,4,12.64,1984274891,10427106853,847000000,1850000000,2540000000,4680000000,3084628,False
tablets,scaleout,join_command_start,2026-09-21T17:47:29.650446+00:00,330.567436,724,r-scylla4,4,16.45,324953702,10427106853,462000000,197000000,1350000000,1800000000,3084628,False
tablets,scaleout,join_command_start,2026-09-21T17:47:33.156283+00:00,334.073273,725,r-scylla1,4,11.78,2059436818,10427106853,1020000000,1840000000,2760000000,4820000000,3083720,False
tablets,scaleout,join_command_start,2026-09-21T17:47:33.156283+00:00,334.073273,725,r-scylla2,4,12.17,1983201149,10427106853,883000000,1900000000,2740000000,4880000000,3083720,False
tablets,scaleout,join_command_start,2026-09-21T17:47:33.156283+00:00,334.073273,725,r-scylla3,4,10.60,1983201149,10427106853,847000000,1850000000,2540000000,4680000000,3083720,False
tablets,scaleout,join_command_start,2026-09-21T17:47:33.156283+00:00,334.073273,725,r-scylla4,4,15.16,327680000,10427106853,463000000,199000000,1360000000,1800000000,3083720,False
tablets,scaleout,join_command_start,2026-09-21T17:47:36.568303+00:00,337.485293,726,r-scylla1,4,13.31,2058363077,10427106853,1020000000,1840000000,2760000000,4820000000,3078360,False
tablets,scaleout,join_command_start,2026-09-21T17:47:36.568303+00:00,337.485293,726,r-scylla2,4,13.08,1983201149,10427106853,883000000,1900000000,2740000000,4880000000,3078360,False
tablets,scaleout,join_command_start,2026-09-21T17:47:36.568303+00:00,337.485293,726,r-scylla3,4,12.34,1983201149,10427106853,848000000,1860000000,2540000000,4680000000,3078360,False
tablets,scaleout,join_command_start,2026-09-21T17:47:36.568303+00:00,337.485293,726,r-scylla4,4,16.54,328728576,10427106853,463000000,201000000,1370000000,1800000000,3078360,False
tablets,scaleout,join_command_start,2026-09-21T17:47:40.035959+00:00,340.952949,727,r-scylla1,4,13.63,2059436818,10427106853,1020000000,1840000000,2760000000,4820000000,3071836,False
tablets,scaleout,join_command_start,2026-09-21T17:47:40.035959+00:00,340.952949,727,r-scylla2,4,13.05,1983201149,10427106853,884000000,1910000000,2740000000,4880000000,3071836,False
tablets,scaleout,join_command_start,2026-09-21T17:47:40.035959+00:00,340.952949,727,r-scylla3,4,12.39,1983201149,10427106853,848000000,1860000000,2540000000,4680000000,3071836,False
tablets,scaleout,join_command_start,2026-09-21T17:47:40.035959+00:00,340.952949,727,r-scylla4,4,17.74,330616013,10427106853,464000000,203000000,1370000000,1800000000,3071836,False
tablets,scaleout,join_command_start,2026-09-21T17:47:43.545133+00:00,344.462123,728,r-scylla1,4,12.83,2059436818,10427106853,1020000000,1850000000,2760000000,4820000000,3071192,False
tablets,scaleout,join_command_start,2026-09-21T17:47:43.545133+00:00,344.462123,728,r-scylla2,4,11.66,1983201149,10427106853,884000000,1910000000,2740000000,4880000000,3071192,False
tablets,scaleout,join_command_start,2026-09-21T17:47:43.545133+00:00,344.462123,728,r-scylla3,4,11.66,1983201149,10427106853,849000000,1860000000,2540000000,4680000000,3071192,False
tablets,scaleout,join_command_start,2026-09-21T17:47:43.545133+00:00,344.462123,728,r-scylla4,4,16.90,332608307,10427106853,464000000,206000000,1380000000,1800000000,3071192,False
tablets,scaleout,join_command_start,2026-09-21T17:47:47.007895+00:00,347.924885,729,r-scylla1,4,10.96,2058363077,10427106853,1020000000,1850000000,2760000000,4820000000,3072492,False
tablets,scaleout,join_command_start,2026-09-21T17:47:47.007895+00:00,347.924885,729,r-scylla2,4,7.88,1983201149,10427106853,885000000,1910000000,2740000000,4880000000,3072492,False
tablets,scaleout,join_command_start,2026-09-21T17:47:47.007895+00:00,347.924885,729,r-scylla3,4,9.97,1983201149,10427106853,850000000,1860000000,2540000000,4680000000,3072492,False
tablets,scaleout,join_command_start,2026-09-21T17:47:47.007895+00:00,347.924885,729,r-scylla4,4,11.78,334600602,10427106853,465000000,208000000,1380000000,1800000000,3072492,False
tablets,scaleout,join_command_start,2026-09-21T17:47:50.397105+00:00,351.314095,730,r-scylla1,4,12.91,2059436818,10427106853,1020000000,1850000000,2760000000,4830000000,3069904,False
tablets,scaleout,join_command_start,2026-09-21T17:47:50.397105+00:00,351.314095,730,r-scylla2,4,13.00,1983201149,10427106853,885000000,1910000000,2740000000,4880000000,3069904,False
tablets,scaleout,join_command_start,2026-09-21T17:47:50.397105+00:00,351.314095,730,r-scylla3,4,12.15,1983201149,10427106853,850000000,1860000000,2540000000,4680000000,3069904,False
tablets,scaleout,join_command_start,2026-09-21T17:47:50.397105+00:00,351.314095,730,r-scylla4,4,17.18,336278323,10427106853,465000000,210000000,1390000000,1800000000,3069904,False
tablets,scaleout,join_command_start,2026-09-21T17:47:53.814145+00:00,354.731135,731,r-scylla1,4,12.76,2059436818,10427106853,1020000000,1850000000,2760000000,4830000000,3069220,False
tablets,scaleout,join_command_start,2026-09-21T17:47:53.814145+00:00,354.731135,731,r-scylla2,4,12.17,1983201149,10427106853,886000000,1910000000,2740000000,4880000000,3069220,False
tablets,scaleout,join_command_start,2026-09-21T17:47:53.814145+00:00,354.731135,731,r-scylla3,4,11.56,1983201149,10427106853,851000000,1870000000,2540000000,4690000000,3069220,False
tablets,scaleout,join_command_start,2026-09-21T17:47:53.814145+00:00,354.731135,731,r-scylla4,4,16.96,338060902,10427106853,466000000,212000000,1390000000,1800000000,3069220,False
tablets,scaleout,join_command_start,2026-09-21T17:47:57.316343+00:00,358.233333,732,r-scylla1,4,12.54,2059436818,10427106853,1020000000,1850000000,2760000000,4830000000,3068840,False
tablets,scaleout,join_command_start,2026-09-21T17:47:57.316343+00:00,358.233333,732,r-scylla2,4,13.70,1983201149,10427106853,886000000,1920000000,2740000000,4880000000,3068840,False
tablets,scaleout,join_command_start,2026-09-21T17:47:57.316343+00:00,358.233333,732,r-scylla3,4,12.67,1983201149,10427106853,851000000,1870000000,2540000000,4690000000,3068840,False
tablets,scaleout,join_command_start,2026-09-21T17:47:57.316343+00:00,358.233333,732,r-scylla4,4,16.64,340682342,10427106853,466000000,214000000,1400000000,1800000000,3068840,False
tablets,scaleout,join_command_start,2026-09-21T17:48:00.720544+00:00,361.637534,733,r-scylla1,4,13.28,2058363077,10427106853,1020000000,1860000000,2760000000,4830000000,3066220,False
tablets,scaleout,join_command_start,2026-09-21T17:48:00.720544+00:00,361.637534,733,r-scylla2,4,14.44,1983201149,10427106853,887000000,1920000000,2740000000,4880000000,3066220,False
tablets,scaleout,join_command_start,2026-09-21T17:48:00.720544+00:00,361.637534,733,r-scylla3,4,12.93,1984274891,10427106853,852000000,1870000000,2540000000,4690000000,3066220,False
tablets,scaleout,join_command_start,2026-09-21T17:48:00.720544+00:00,361.637534,733,r-scylla4,4,18.05,342255206,10427106853,467000000,217000000,1400000000,1800000000,3066220,False
tablets,scaleout,join_command_start,2026-09-21T17:48:04.328638+00:00,365.245628,734,r-scylla1,4,12.28,2059436818,10427106853,1020000000,1860000000,2760000000,4830000000,3064308,False
tablets,scaleout,join_command_start,2026-09-21T17:48:04.328638+00:00,365.245628,734,r-scylla2,4,11.14,1983201149,10427106853,887000000,1920000000,2740000000,4880000000,3064308,False
tablets,scaleout,join_command_start,2026-09-21T17:48:04.328638+00:00,365.245628,734,r-scylla3,4,12.08,1983201149,10427106853,852000000,1870000000,2540000000,4690000000,3064308,False
tablets,scaleout,join_command_start,2026-09-21T17:48:04.328638+00:00,365.245628,734,r-scylla4,4,16.70,342884352,10427106853,467000000,218000000,1410000000,1800000000,3064308,False
tablets,scaleout,join_command_start,2026-09-21T17:48:07.813878+00:00,368.730868,735,r-scylla1,4,12.37,2059436818,10427106853,1020000000,1860000000,2760000000,4830000000,3065788,False
tablets,scaleout,join_command_start,2026-09-21T17:48:07.813878+00:00,368.730868,735,r-scylla2,4,10.76,1983201149,10427106853,888000000,1920000000,2740000000,4880000000,3065788,False
tablets,scaleout,join_command_start,2026-09-21T17:48:07.813878+00:00,368.730868,735,r-scylla3,4,9.85,1983201149,10427106853,853000000,1880000000,2540000000,4690000000,3065788,False
tablets,scaleout,join_command_start,2026-09-21T17:48:07.813878+00:00,368.730868,735,r-scylla4,4,14.94,345296077,10427106853,468000000,220000000,1410000000,1800000000,3065788,False
tablets,scaleout,join_command_start,2026-09-21T17:48:11.287649+00:00,372.204639,736,r-scylla1,4,14.40,2059436818,10427106853,1020000000,1860000000,2760000000,4830000000,3064480,False
tablets,scaleout,join_command_start,2026-09-21T17:48:11.287649+00:00,372.204639,736,r-scylla2,4,13.88,1983201149,10427106853,889000000,1920000000,2740000000,4880000000,3064480,False
tablets,scaleout,join_command_start,2026-09-21T17:48:11.287649+00:00,372.204639,736,r-scylla3,4,13.11,1983201149,10427106853,853000000,1880000000,2540000000,4690000000,3064480,False
tablets,scaleout,join_command_start,2026-09-21T17:48:11.287649+00:00,372.204639,736,r-scylla4,4,16.15,347078656,10427106853,468000000,223000000,1420000000,1800000000,3064480,False
tablets,scaleout,join_command_start,2026-09-21T17:48:14.805352+00:00,375.722342,737,r-scylla1,4,11.98,2058363077,10427106853,1020000000,1870000000,2760000000,4830000000,3062976,False
tablets,scaleout,join_command_start,2026-09-21T17:48:14.805352+00:00,375.722342,737,r-scylla2,4,12.41,1983201149,10427106853,889000000,1930000000,2740000000,4890000000,3062976,False
tablets,scaleout,join_command_start,2026-09-21T17:48:14.805352+00:00,375.722342,737,r-scylla3,4,11.88,1983201149,10427106853,854000000,1880000000,2540000000,4690000000,3062976,False
tablets,scaleout,join_command_start,2026-09-21T17:48:14.805352+00:00,375.722342,737,r-scylla4,4,16.37,349595238,10427106853,469000000,225000000,1430000000,1800000000,3062976,False
tablets,scaleout,join_command_start,2026-09-21T17:48:18.184736+00:00,379.101726,738,r-scylla1,4,12.11,2059436818,10427106853,1020000000,1870000000,2760000000,4830000000,3060692,False
tablets,scaleout,join_command_start,2026-09-21T17:48:18.184736+00:00,379.101726,738,r-scylla2,4,11.81,1983201149,10427106853,890000000,1930000000,2740000000,4890000000,3060692,False
tablets,scaleout,join_command_start,2026-09-21T17:48:18.184736+00:00,379.101726,738,r-scylla3,4,12.66,1983201149,10427106853,854000000,1880000000,2540000000,4690000000,3060692,False
tablets,scaleout,join_command_start,2026-09-21T17:48:18.184736+00:00,379.101726,738,r-scylla4,4,15.88,351168102,10427106853,470000000,227000000,1430000000,1800000000,3060692,False
tablets,scaleout,join_command_start,2026-09-21T17:48:21.737372+00:00,382.654362,739,r-scylla1,4,12.58,2059436818,10427106853,1020000000,1870000000,2760000000,4830000000,3059080,False
tablets,scaleout,join_command_start,2026-09-21T17:48:21.737372+00:00,382.654362,739,r-scylla2,4,11.89,1983201149,10427106853,890000000,1930000000,2740000000,4890000000,3059080,False
tablets,scaleout,join_command_start,2026-09-21T17:48:21.737372+00:00,382.654362,739,r-scylla3,4,12.28,1983201149,10427106853,855000000,1880000000,2540000000,4690000000,3059080,False
tablets,scaleout,join_command_start,2026-09-21T17:48:21.737372+00:00,382.654362,739,r-scylla4,4,15.48,352426394,10427106853,470000000,229000000,1430000000,1800000000,3059080,False
tablets,scaleout,join_command_start,2026-09-21T17:48:25.140448+00:00,386.057438,740,r-scylla1,4,11.32,2059436818,10427106853,1020000000,1870000000,2760000000,4830000000,3057624,False
tablets,scaleout,join_command_start,2026-09-21T17:48:25.140448+00:00,386.057438,740,r-scylla2,4,11.22,1983201149,10427106853,891000000,1930000000,2740000000,4890000000,3057624,False
tablets,scaleout,join_command_start,2026-09-21T17:48:25.140448+00:00,386.057438,740,r-scylla3,4,11.05,1983201149,10427106853,855000000,1890000000,2540000000,4690000000,3057624,False
tablets,scaleout,join_command_start,2026-09-21T17:48:25.140448+00:00,386.057438,740,r-scylla4,4,15.64,353894400,10427106853,470000000,231000000,1440000000,1800000000,3057624,False
tablets,scaleout,join_command_start,2026-09-21T17:48:28.510459+00:00,389.427449,741,r-scylla1,4,13.95,2059436818,10427106853,1020000000,1870000000,2760000000,4830000000,3053288,False
tablets,scaleout,join_command_start,2026-09-21T17:48:28.510459+00:00,389.427449,741,r-scylla2,4,13.35,1983201149,10427106853,891000000,1940000000,2740000000,4890000000,3053288,False
tablets,scaleout,join_command_start,2026-09-21T17:48:28.510459+00:00,389.427449,741,r-scylla3,4,13.07,1983201149,10427106853,856000000,1890000000,2540000000,4690000000,3053288,False
tablets,scaleout,join_command_start,2026-09-21T17:48:28.510459+00:00,389.427449,741,r-scylla4,4,16.35,356410982,10427106853,471000000,234000000,1450000000,1800000000,3053288,False
tablets,scaleout,join_command_start,2026-09-21T17:48:32.030676+00:00,392.947666,742,r-scylla1,4,13.43,2059436818,10427106853,1020000000,1880000000,2760000000,4830000000,3054312,False
tablets,scaleout,join_command_start,2026-09-21T17:48:32.030676+00:00,392.947666,742,r-scylla2,4,13.75,1983201149,10427106853,892000000,1940000000,2740000000,4890000000,3054312,False
tablets,scaleout,join_command_start,2026-09-21T17:48:32.030676+00:00,392.947666,742,r-scylla3,4,11.82,1983201149,10427106853,856000000,1890000000,2540000000,4690000000,3054312,False
tablets,scaleout,join_command_start,2026-09-21T17:48:32.030676+00:00,392.947666,742,r-scylla4,4,16.87,357878989,10427106853,472000000,235000000,1450000000,1800000000,3054312,False
tablets,scaleout,join_command_start,2026-09-21T17:48:35.447791+00:00,396.364781,743,r-scylla1,4,12.16,2059436818,10427106853,1030000000,1880000000,2760000000,4830000000,3052128,False
tablets,scaleout,join_command_start,2026-09-21T17:48:35.447791+00:00,396.364781,743,r-scylla2,4,12.24,1983201149,10427106853,892000000,1940000000,2740000000,4890000000,3052128,False
tablets,scaleout,join_command_start,2026-09-21T17:48:35.447791+00:00,396.364781,743,r-scylla3,4,11.30,1983201149,10427106853,857000000,1890000000,2540000000,4690000000,3052128,False
tablets,scaleout,join_command_start,2026-09-21T17:48:35.447791+00:00,396.364781,743,r-scylla4,4,19.01,359556710,10427106853,472000000,237000000,1450000000,1800000000,3052128,False
tablets,scaleout,join_command_start,2026-09-21T17:48:38.907173+00:00,399.824163,744,r-scylla1,4,13.73,2058363077,10427106853,1030000000,1880000000,2760000000,4830000000,3050660,False
tablets,scaleout,join_command_start,2026-09-21T17:48:38.907173+00:00,399.824163,744,r-scylla2,4,13.78,1983201149,10427106853,893000000,1940000000,2740000000,4890000000,3050660,False
tablets,scaleout,join_command_start,2026-09-21T17:48:38.907173+00:00,399.824163,744,r-scylla3,4,12.71,1983201149,10427106853,857000000,1890000000,2540000000,4690000000,3050660,False
tablets,scaleout,join_command_start,2026-09-21T17:48:38.907173+00:00,399.824163,744,r-scylla4,4,16.92,361653862,10427106853,473000000,240000000,1460000000,1800000000,3050660,False
tablets,scaleout,join_command_start,2026-09-21T17:48:42.738371+00:00,403.655361,745,r-scylla1,4,13.61,2059436818,10427106853,1030000000,1880000000,2760000000,4830000000,3048988,False
tablets,scaleout,join_command_start,2026-09-21T17:48:42.738371+00:00,403.655361,745,r-scylla2,4,13.75,1983201149,10427106853,894000000,1940000000,2740000000,4890000000,3048988,False
tablets,scaleout,join_command_start,2026-09-21T17:48:42.738371+00:00,403.655361,745,r-scylla3,4,12.97,1983201149,10427106853,858000000,1900000000,2540000000,4690000000,3048988,False
tablets,scaleout,join_command_start,2026-09-21T17:48:42.738371+00:00,403.655361,745,r-scylla4,4,16.02,363751014,10427106853,473000000,242000000,1470000000,1800000000,3048988,False
tablets,scaleout,join_command_start,2026-09-21T17:48:46.223259+00:00,407.140249,746,r-scylla1,4,12.12,2059436818,10427106853,1030000000,1890000000,2760000000,4830000000,3046640,False
tablets,scaleout,join_command_start,2026-09-21T17:48:46.223259+00:00,407.140249,746,r-scylla2,4,11.83,1983201149,10427106853,894000000,1950000000,2740000000,4890000000,3046640,False
tablets,scaleout,join_command_start,2026-09-21T17:48:46.223259+00:00,407.140249,746,r-scylla3,4,11.47,1983201149,10427106853,858000000,1900000000,2540000000,4690000000,3046640,False
tablets,scaleout,join_command_start,2026-09-21T17:48:46.223259+00:00,407.140249,746,r-scylla4,4,15.14,365848166,10427106853,474000000,245000000,1470000000,1800000000,3046640,False
tablets,scaleout,join_command_start,2026-09-21T17:48:49.763306+00:00,410.680296,747,r-scylla1,4,12.71,2059436818,10427106853,1030000000,1890000000,2760000000,4830000000,3043996,False
tablets,scaleout,join_command_start,2026-09-21T17:48:49.763306+00:00,410.680296,747,r-scylla2,4,12.55,1983201149,10427106853,895000000,1950000000,2740000000,4890000000,3043996,False
tablets,scaleout,join_command_start,2026-09-21T17:48:49.763306+00:00,410.680296,747,r-scylla3,4,11.88,1983201149,10427106853,859000000,1900000000,2540000000,4690000000,3043996,False
tablets,scaleout,join_command_start,2026-09-21T17:48:49.763306+00:00,410.680296,747,r-scylla4,4,17.38,367001600,10427106853,474000000,246000000,1480000000,1800000000,3043996,False
tablets,scaleout,join_command_start,2026-09-21T17:48:53.142288+00:00,414.059278,748,r-scylla1,4,12.50,2059436818,10427106853,1030000000,1890000000,2760000000,4830000000,3040196,False
tablets,scaleout,join_command_start,2026-09-21T17:48:53.142288+00:00,414.059278,748,r-scylla2,4,12.26,1983201149,10427106853,895000000,1950000000,2740000000,4890000000,3040196,False
tablets,scaleout,join_command_start,2026-09-21T17:48:53.142288+00:00,414.059278,748,r-scylla3,4,12.91,1983201149,10427106853,859000000,1900000000,2540000000,4690000000,3040196,False
tablets,scaleout,join_command_start,2026-09-21T17:48:53.142288+00:00,414.059278,748,r-scylla4,4,15.88,369203610,10427106853,475000000,249000000,1480000000,1800000000,3040196,False
tablets,scaleout,join_command_start,2026-09-21T17:48:56.643051+00:00,417.560041,749,r-scylla1,4,13.98,2058363077,10427106853,1030000000,1890000000,2760000000,4830000000,3039500,False
tablets,scaleout,join_command_start,2026-09-21T17:48:56.643051+00:00,417.560041,749,r-scylla2,4,12.41,1983201149,10427106853,896000000,1950000000,2740000000,4890000000,3039500,False
tablets,scaleout,join_command_start,2026-09-21T17:48:56.643051+00:00,417.560041,749,r-scylla3,4,12.08,1984274891,10427106853,860000000,1910000000,2540000000,4690000000,3039500,False
tablets,scaleout,join_command_start,2026-09-21T17:48:56.643051+00:00,417.560041,749,r-scylla4,4,14.98,370252186,10427106853,475000000,251000000,1490000000,1800000000,3039500,False
tablets,scaleout,join_command_start,2026-09-21T17:49:00.171570+00:00,421.088560,750,r-scylla1,4,12.35,2058363077,10427106853,1030000000,1900000000,2760000000,4830000000,3041028,False
tablets,scaleout,join_command_start,2026-09-21T17:49:00.171570+00:00,421.088560,750,r-scylla2,4,11.94,1983201149,10427106853,896000000,1950000000,2740000000,4890000000,3041028,False
tablets,scaleout,join_command_start,2026-09-21T17:49:00.171570+00:00,421.088560,750,r-scylla3,4,11.76,1983201149,10427106853,860000000,1910000000,2540000000,4690000000,3041028,False
tablets,scaleout,join_command_start,2026-09-21T17:49:00.171570+00:00,421.088560,750,r-scylla4,4,13.50,372978483,10427106853,476000000,253000000,1490000000,1800000000,3041028,False
tablets,scaleout,join_command_start,2026-09-21T17:49:03.599940+00:00,424.516930,751,r-scylla1,4,14.37,2058363077,10427106853,1030000000,1900000000,2760000000,4830000000,3038916,False
tablets,scaleout,join_command_start,2026-09-21T17:49:03.599940+00:00,424.516930,751,r-scylla2,4,12.13,1983201149,10427106853,897000000,1960000000,2740000000,4890000000,3038916,False
tablets,scaleout,join_command_start,2026-09-21T17:49:03.599940+00:00,424.516930,751,r-scylla3,4,11.46,1984274891,10427106853,861000000,1910000000,2540000000,4690000000,3038916,False
tablets,scaleout,join_command_start,2026-09-21T17:49:03.599940+00:00,424.516930,751,r-scylla4,4,14.82,374341632,10427106853,476000000,256000000,1500000000,1800000000,3038916,False
tablets,scaleout,join_command_start,2026-09-21T17:49:07.063939+00:00,427.980929,752,r-scylla1,4,13.84,2058363077,10427106853,1030000000,1900000000,2760000000,4830000000,3036400,False
tablets,scaleout,join_command_start,2026-09-21T17:49:07.063939+00:00,427.980929,752,r-scylla2,4,11.84,1983201149,10427106853,898000000,1960000000,2740000000,4890000000,3036400,False
tablets,scaleout,join_command_start,2026-09-21T17:49:07.063939+00:00,427.980929,752,r-scylla3,4,11.59,1984274891,10427106853,861000000,1910000000,2540000000,4690000000,3036400,False
tablets,scaleout,join_command_start,2026-09-21T17:49:07.063939+00:00,427.980929,752,r-scylla4,4,14.34,376648499,10427106853,477000000,257000000,1500000000,1800000000,3036400,False
tablets,scaleout,join_command_start,2026-09-21T17:49:10.549175+00:00,431.466165,753,r-scylla1,4,13.15,2059436818,10427106853,1030000000,1900000000,2760000000,4830000000,3032632,False
tablets,scaleout,join_command_start,2026-09-21T17:49:10.549175+00:00,431.466165,753,r-scylla2,4,13.62,1983201149,10427106853,898000000,1960000000,2740000000,4890000000,3032632,False
tablets,scaleout,join_command_start,2026-09-21T17:49:10.549175+00:00,431.466165,753,r-scylla3,4,12.26,1983201149,10427106853,862000000,1910000000,2540000000,4690000000,3032632,False
tablets,scaleout,join_command_start,2026-09-21T17:49:10.549175+00:00,431.466165,753,r-scylla4,4,16.47,378011648,10427106853,477000000,259000000,1510000000,1800000000,3032632,False
tablets,scaleout,join_command_start,2026-09-21T17:49:14.026865+00:00,434.943855,754,r-scylla1,4,10.83,2059436818,10427106853,1030000000,1900000000,2760000000,4830000000,3030272,False
tablets,scaleout,join_command_start,2026-09-21T17:49:14.026865+00:00,434.943855,754,r-scylla2,4,11.60,1983201149,10427106853,899000000,1960000000,2740000000,4890000000,3030272,False
tablets,scaleout,join_command_start,2026-09-21T17:49:14.026865+00:00,434.943855,754,r-scylla3,4,9.32,1984274891,10427106853,863000000,1920000000,2540000000,4690000000,3030272,False
tablets,scaleout,join_command_start,2026-09-21T17:49:14.026865+00:00,434.943855,754,r-scylla4,4,13.50,380213658,10427106853,478000000,262000000,1510000000,1800000000,3030272,False
tablets,scaleout,join_command_start,2026-09-21T17:49:17.561587+00:00,438.478577,755,r-scylla1,4,12.12,2058363077,10427106853,1030000000,1910000000,2760000000,4830000000,3027904,False
tablets,scaleout,join_command_start,2026-09-21T17:49:17.561587+00:00,438.478577,755,r-scylla2,4,12.44,1983201149,10427106853,899000000,1970000000,2740000000,4890000000,3027904,False
tablets,scaleout,join_command_start,2026-09-21T17:49:17.561587+00:00,438.478577,755,r-scylla3,4,11.18,1983201149,10427106853,863000000,1920000000,2540000000,4690000000,3027904,False
tablets,scaleout,join_command_start,2026-09-21T17:49:17.561587+00:00,438.478577,755,r-scylla4,4,14.22,380842803,10427106853,478000000,263000000,1520000000,1800000000,3027904,False
tablets,scaleout,join_command_start,2026-09-21T17:49:20.957752+00:00,441.874742,756,r-scylla1,4,12.54,2059436818,10427106853,1030000000,1910000000,2760000000,4830000000,3024600,False
tablets,scaleout,join_command_start,2026-09-21T17:49:20.957752+00:00,441.874742,756,r-scylla2,4,11.63,1983201149,10427106853,900000000,1970000000,2740000000,4890000000,3024600,False
tablets,scaleout,join_command_start,2026-09-21T17:49:20.957752+00:00,441.874742,756,r-scylla3,4,11.97,1983201149,10427106853,864000000,1920000000,2540000000,4690000000,3024600,False
tablets,scaleout,join_command_start,2026-09-21T17:49:20.957752+00:00,441.874742,756,r-scylla4,4,16.06,382520525,10427106853,479000000,266000000,1520000000,1800000000,3024600,False
tablets,scaleout,join_command_start,2026-09-21T17:49:24.444328+00:00,445.361318,757,r-scylla1,4,12.02,2059436818,10427106853,1030000000,1910000000,2760000000,4830000000,3021968,False
tablets,scaleout,join_command_start,2026-09-21T17:49:24.444328+00:00,445.361318,757,r-scylla2,4,13.54,1983201149,10427106853,900000000,1970000000,2740000000,4890000000,3021968,False
tablets,scaleout,join_command_start,2026-09-21T17:49:24.444328+00:00,445.361318,757,r-scylla3,4,11.11,1983201149,10427106853,864000000,1920000000,2540000000,4690000000,3021968,False
tablets,scaleout,join_command_start,2026-09-21T17:49:24.444328+00:00,445.361318,757,r-scylla4,4,16.28,384512819,10427106853,479000000,267000000,1530000000,1800000000,3021968,False
tablets,scaleout,join_command_start,2026-09-21T17:49:27.853813+00:00,448.770803,758,r-scylla1,4,10.33,2059436818,10427106853,1030000000,1910000000,2760000000,4830000000,3021952,False
tablets,scaleout,join_command_start,2026-09-21T17:49:27.853813+00:00,448.770803,758,r-scylla2,4,10.19,1983201149,10427106853,901000000,1970000000,2740000000,4890000000,3021952,False
tablets,scaleout,join_command_start,2026-09-21T17:49:27.853813+00:00,448.770803,758,r-scylla3,4,10.44,1983201149,10427106853,865000000,1930000000,2540000000,4690000000,3021952,False
tablets,scaleout,join_command_start,2026-09-21T17:49:27.853813+00:00,448.770803,758,r-scylla4,4,17.59,386505114,10427106853,480000000,270000000,1530000000,1810000000,3021952,False
tablets,scaleout,join_command_start,2026-09-21T17:49:31.242054+00:00,452.159044,759,r-scylla1,4,12.80,2059436818,10427106853,1030000000,1920000000,2760000000,4830000000,3019872,False
tablets,scaleout,join_command_start,2026-09-21T17:49:31.242054+00:00,452.159044,759,r-scylla2,4,11.96,1983201149,10427106853,901000000,1970000000,2740000000,4890000000,3019872,False
tablets,scaleout,join_command_start,2026-09-21T17:49:31.242054+00:00,452.159044,759,r-scylla3,4,13.15,1984274891,10427106853,865000000,1930000000,2540000000,4690000000,3019872,False
tablets,scaleout,join_command_start,2026-09-21T17:49:31.242054+00:00,452.159044,759,r-scylla4,4,14.98,388287693,10427106853,481000000,272000000,1540000000,1810000000,3019872,False
tablets,scaleout,join_command_start,2026-09-21T17:49:34.859279+00:00,455.776269,760,r-scylla1,4,11.51,2059436818,10427106853,1030000000,1920000000,2760000000,4830000000,3018868,False
tablets,scaleout,join_command_start,2026-09-21T17:49:34.859279+00:00,455.776269,760,r-scylla2,4,12.55,1983201149,10427106853,902000000,1980000000,2740000000,4890000000,3018868,False
tablets,scaleout,join_command_start,2026-09-21T17:49:34.859279+00:00,455.776269,760,r-scylla3,4,11.27,1983201149,10427106853,866000000,1930000000,2540000000,4690000000,3018868,False
tablets,scaleout,join_command_start,2026-09-21T17:49:34.859279+00:00,455.776269,760,r-scylla4,4,16.49,390384845,10427106853,481000000,275000000,1540000000,1810000000,3018868,False
tablets,scaleout,join_command_start,2026-09-21T17:49:38.370121+00:00,459.287111,761,r-scylla1,4,14.12,2058363077,10427106853,1030000000,1920000000,2760000000,4830000000,3014876,False
tablets,scaleout,join_command_start,2026-09-21T17:49:38.370121+00:00,459.287111,761,r-scylla2,4,12.02,1983201149,10427106853,902000000,1980000000,2740000000,4890000000,3014876,False
tablets,scaleout,join_command_start,2026-09-21T17:49:38.370121+00:00,459.287111,761,r-scylla3,4,13.18,1983201149,10427106853,866000000,1930000000,2540000000,4690000000,3014876,False
tablets,scaleout,join_command_start,2026-09-21T17:49:38.370121+00:00,459.287111,761,r-scylla4,4,14.49,391538278,10427106853,481000000,276000000,1550000000,1810000000,3014876,False
tablets,scaleout,join_command_start,2026-09-21T17:49:41.767457+00:00,462.684447,762,r-scylla1,4,13.44,2059436818,10427106853,1040000000,1920000000,2760000000,4830000000,3013780,False
tablets,scaleout,join_command_start,2026-09-21T17:49:41.767457+00:00,462.684447,762,r-scylla2,4,12.28,1983201149,10427106853,903000000,1980000000,2740000000,4890000000,3013780,False
tablets,scaleout,join_command_start,2026-09-21T17:49:41.767457+00:00,462.684447,762,r-scylla3,4,12.00,1983201149,10427106853,867000000,1930000000,2540000000,4690000000,3013780,False
tablets,scaleout,join_command_start,2026-09-21T17:49:41.767457+00:00,462.684447,762,r-scylla4,4,15.79,393740288,10427106853,482000000,279000000,1550000000,1810000000,3013780,False
tablets,scaleout,join_command_start,2026-09-21T17:49:45.251825+00:00,466.168815,763,r-scylla1,4,14.13,2058363077,10427106853,1040000000,1920000000,2760000000,4830000000,3010896,False
tablets,scaleout,join_command_start,2026-09-21T17:49:45.251825+00:00,466.168815,763,r-scylla2,4,12.36,1983201149,10427106853,904000000,1980000000,2740000000,4890000000,3010896,False
tablets,scaleout,join_command_start,2026-09-21T17:49:45.251825+00:00,466.168815,763,r-scylla3,4,11.86,1983201149,10427106853,867000000,1940000000,2540000000,4690000000,3010896,False
tablets,scaleout,join_command_start,2026-09-21T17:49:45.251825+00:00,466.168815,763,r-scylla4,4,13.75,394788864,10427106853,482000000,280000000,1560000000,1810000000,3010896,False
tablets,scaleout,join_command_start,2026-09-21T17:49:48.641111+00:00,469.558101,764,r-scylla1,4,12.85,2059436818,10427106853,1040000000,1930000000,2760000000,4830000000,3008888,False
tablets,scaleout,join_command_start,2026-09-21T17:49:48.641111+00:00,469.558101,764,r-scylla2,4,13.74,1983201149,10427106853,904000000,1990000000,2740000000,4890000000,3008888,False
tablets,scaleout,join_command_start,2026-09-21T17:49:48.641111+00:00,469.558101,764,r-scylla3,4,11.25,1984274891,10427106853,868000000,1940000000,2540000000,4690000000,3008888,False
tablets,scaleout,join_command_start,2026-09-21T17:49:48.641111+00:00,469.558101,764,r-scylla4,4,14.07,397410304,10427106853,483000000,283000000,1560000000,1810000000,3008888,False
tablets,scaleout,join_command_start,2026-09-21T17:49:52.059179+00:00,472.976169,765,r-scylla1,4,12.21,2059436818,10427106853,1040000000,1930000000,2760000000,4830000000,3007976,False
tablets,scaleout,join_command_start,2026-09-21T17:49:52.059179+00:00,472.976169,765,r-scylla2,4,10.42,1983201149,10427106853,905000000,1990000000,2740000000,4890000000,3007976,False
tablets,scaleout,join_command_start,2026-09-21T17:49:52.059179+00:00,472.976169,765,r-scylla3,4,12.72,1983201149,10427106853,868000000,1940000000,2540000000,4690000000,3007976,False
tablets,scaleout,join_command_start,2026-09-21T17:49:52.059179+00:00,472.976169,765,r-scylla4,4,14.14,399088026,10427106853,484000000,285000000,1570000000,1810000000,3007976,False
tablets,scaleout,join_command_start,2026-09-21T17:49:55.419921+00:00,476.336911,766,r-scylla1,4,13.33,2059436818,10427106853,1040000000,1930000000,2760000000,4830000000,3007792,False
tablets,scaleout,join_command_start,2026-09-21T17:49:55.419921+00:00,476.336911,766,r-scylla2,4,12.34,1983201149,10427106853,905000000,1990000000,2740000000,4890000000,3007792,False
tablets,scaleout,join_command_start,2026-09-21T17:49:55.419921+00:00,476.336911,766,r-scylla3,4,11.34,1983201149,10427106853,869000000,1940000000,2540000000,4690000000,3007792,False
tablets,scaleout,join_command_start,2026-09-21T17:49:55.419921+00:00,476.336911,766,r-scylla4,4,16.16,400241459,10427106853,484000000,287000000,1570000000,1810000000,3007792,False
tablets,scaleout,join_command_start,2026-09-21T17:49:58.839485+00:00,479.756475,767,r-scylla1,4,11.28,2059436818,10427106853,1040000000,1930000000,2760000000,4830000000,3006236,False
tablets,scaleout,join_command_start,2026-09-21T17:49:58.839485+00:00,479.756475,767,r-scylla2,4,11.55,1983201149,10427106853,906000000,1990000000,2740000000,4890000000,3006236,False
tablets,scaleout,join_command_start,2026-09-21T17:49:58.839485+00:00,479.756475,767,r-scylla3,4,11.97,1984274891,10427106853,869000000,1950000000,2540000000,4690000000,3006236,False
tablets,scaleout,join_command_start,2026-09-21T17:49:58.839485+00:00,479.756475,767,r-scylla4,4,14.25,402233754,10427106853,484000000,289000000,1580000000,1810000000,3006236,False
tablets,scaleout,join_command_start,2026-09-21T17:50:02.225343+00:00,483.142333,768,r-scylla1,4,13.08,2059436818,10427106853,1040000000,1940000000,2760000000,4830000000,3002312,False
tablets,scaleout,join_command_start,2026-09-21T17:50:02.225343+00:00,483.142333,768,r-scylla2,4,12.62,1983201149,10427106853,906000000,1990000000,2740000000,4890000000,3002312,False
tablets,scaleout,join_command_start,2026-09-21T17:50:02.225343+00:00,483.142333,768,r-scylla3,4,12.25,1983201149,10427106853,870000000,1950000000,2540000000,4690000000,3002312,False
tablets,scaleout,join_command_start,2026-09-21T17:50:02.225343+00:00,483.142333,768,r-scylla4,4,15.00,403701760,10427106853,485000000,291000000,1580000000,1810000000,3002312,False
tablets,scaleout,join_command_start,2026-09-21T17:50:05.619888+00:00,486.536878,769,r-scylla1,4,12.83,2059436818,10427106853,1040000000,1940000000,2760000000,4830000000,2998332,False
tablets,scaleout,join_command_start,2026-09-21T17:50:05.619888+00:00,486.536878,769,r-scylla2,4,12.05,1983201149,10427106853,907000000,2000000000,2740000000,4890000000,2998332,False
tablets,scaleout,join_command_start,2026-09-21T17:50:05.619888+00:00,486.536878,769,r-scylla3,4,13.13,1983201149,10427106853,870000000,1950000000,2540000000,4690000000,2998332,False
tablets,scaleout,join_command_start,2026-09-21T17:50:05.619888+00:00,486.536878,769,r-scylla4,4,17.14,405274624,10427106853,485000000,293000000,1590000000,1810000000,2998332,False
tablets,scaleout,join_command_start,2026-09-21T17:50:08.999824+00:00,489.916814,770,r-scylla1,4,11.87,2059436818,10427106853,1040000000,1940000000,2760000000,4830000000,2997296,False
tablets,scaleout,join_command_start,2026-09-21T17:50:08.999824+00:00,489.916814,770,r-scylla2,4,13.46,1983201149,10427106853,907000000,2000000000,2740000000,4890000000,2997296,False
tablets,scaleout,join_command_start,2026-09-21T17:50:08.999824+00:00,489.916814,770,r-scylla3,4,11.48,1983201149,10427106853,871000000,1950000000,2540000000,4690000000,2997296,False
tablets,scaleout,join_command_start,2026-09-21T17:50:08.999824+00:00,489.916814,770,r-scylla4,4,14.48,407581491,10427106853,486000000,295000000,1590000000,1810000000,2997296,False
tablets,scaleout,join_command_start,2026-09-21T17:50:12.424960+00:00,493.341950,771,r-scylla1,4,13.18,2059436818,10427106853,1040000000,1940000000,2760000000,4830000000,2996348,False
tablets,scaleout,join_command_start,2026-09-21T17:50:12.424960+00:00,493.341950,771,r-scylla2,4,11.59,1983201149,10427106853,908000000,2000000000,2740000000,4890000000,2996348,False
tablets,scaleout,join_command_start,2026-09-21T17:50:12.424960+00:00,493.341950,771,r-scylla3,4,11.92,1983201149,10427106853,871000000,1950000000,2540000000,4690000000,2996348,False
tablets,scaleout,join_command_start,2026-09-21T17:50:12.424960+00:00,493.341950,771,r-scylla4,4,16.25,409364070,10427106853,487000000,298000000,1600000000,1810000000,2996348,False
tablets,scaleout,join_command_start,2026-09-21T17:50:15.892616+00:00,496.809606,772,r-scylla1,4,12.85,2059436818,10427106853,1040000000,1940000000,2760000000,4830000000,2993748,False
tablets,scaleout,join_command_start,2026-09-21T17:50:15.892616+00:00,496.809606,772,r-scylla2,4,12.08,1983201149,10427106853,908000000,2000000000,2740000000,4890000000,2993748,False
tablets,scaleout,join_command_start,2026-09-21T17:50:15.892616+00:00,496.809606,772,r-scylla3,4,11.52,1983201149,10427106853,872000000,1960000000,2540000000,4690000000,2993748,False
tablets,scaleout,join_command_start,2026-09-21T17:50:15.892616+00:00,496.809606,772,r-scylla4,4,15.19,410517504,10427106853,487000000,299000000,1600000000,1810000000,2993748,False
tablets,scaleout,join_command_start,2026-09-21T17:50:19.250765+00:00,500.167755,773,r-scylla1,4,11.85,2059436818,10427106853,1040000000,1950000000,2760000000,4830000000,2994792,False
tablets,scaleout,join_command_start,2026-09-21T17:50:19.250765+00:00,500.167755,773,r-scylla2,4,11.30,1983201149,10427106853,909000000,2010000000,2740000000,4890000000,2994792,False
tablets,scaleout,join_command_start,2026-09-21T17:50:19.250765+00:00,500.167755,773,r-scylla3,4,10.28,1984274891,10427106853,872000000,1960000000,2540000000,4690000000,2994792,False
tablets,scaleout,join_command_start,2026-09-21T17:50:19.250765+00:00,500.167755,773,r-scylla4,4,15.69,412614656,10427106853,488000000,301000000,1610000000,1810000000,2994792,False
tablets,scaleout,join_command_start,2026-09-21T17:50:22.673098+00:00,503.590088,774,r-scylla1,4,11.72,2058363077,10427106853,1040000000,1950000000,2760000000,4830000000,2991600,False
tablets,scaleout,join_command_start,2026-09-21T17:50:22.673098+00:00,503.590088,774,r-scylla2,4,10.71,1983201149,10427106853,910000000,2010000000,2740000000,4890000000,2991600,False
tablets,scaleout,join_command_start,2026-09-21T17:50:22.673098+00:00,503.590088,774,r-scylla3,4,9.90,1984274891,10427106853,873000000,1960000000,2540000000,4690000000,2991600,False
tablets,scaleout,join_command_start,2026-09-21T17:50:22.673098+00:00,503.590088,774,r-scylla4,4,14.67,413768090,10427106853,488000000,304000000,1610000000,1810000000,2991600,False
tablets,scaleout,join_command_start,2026-09-21T17:50:26.080530+00:00,506.997520,775,r-scylla1,4,12.30,2059436818,10427106853,1040000000,1950000000,2760000000,4830000000,2991716,False
tablets,scaleout,join_command_start,2026-09-21T17:50:26.080530+00:00,506.997520,775,r-scylla2,4,11.87,1983201149,10427106853,910000000,2010000000,2740000000,4890000000,2991716,False
tablets,scaleout,join_command_start,2026-09-21T17:50:26.080530+00:00,506.997520,775,r-scylla3,4,11.44,1983201149,10427106853,873000000,1960000000,2540000000,4690000000,2991716,False
tablets,scaleout,join_command_start,2026-09-21T17:50:26.080530+00:00,506.997520,775,r-scylla4,4,14.87,415236096,10427106853,489000000,306000000,1620000000,1810000000,2991716,False
tablets,scaleout,join_command_start,2026-09-21T17:50:29.542080+00:00,510.459070,776,r-scylla1,4,11.43,2059436818,10427106853,1040000000,1950000000,2760000000,4840000000,2989064,False
tablets,scaleout,join_command_start,2026-09-21T17:50:29.542080+00:00,510.459070,776,r-scylla2,4,12.44,1983201149,10427106853,911000000,2010000000,2740000000,4890000000,2989064,False
tablets,scaleout,join_command_start,2026-09-21T17:50:29.542080+00:00,510.459070,776,r-scylla3,4,11.41,1984274891,10427106853,874000000,1960000000,2540000000,4690000000,2989064,False
tablets,scaleout,join_command_start,2026-09-21T17:50:29.542080+00:00,510.459070,776,r-scylla4,4,14.66,417438106,10427106853,489000000,308000000,1620000000,1810000000,2989064,False
tablets,scaleout,join_command_start,2026-09-21T17:50:32.952686+00:00,513.869676,777,r-scylla1,4,11.50,2059436818,10427106853,1040000000,1950000000,2760000000,4840000000,2990736,False
tablets,scaleout,join_command_start,2026-09-21T17:50:32.952686+00:00,513.869676,777,r-scylla2,4,12.22,1983201149,10427106853,911000000,2010000000,2740000000,4890000000,2990736,False
tablets,scaleout,join_command_start,2026-09-21T17:50:32.952686+00:00,513.869676,777,r-scylla3,4,11.13,1983201149,10427106853,874000000,1970000000,2540000000,4700000000,2990736,False
tablets,scaleout,join_command_start,2026-09-21T17:50:32.952686+00:00,513.869676,777,r-scylla4,4,13.36,419115827,10427106853,490000000,311000000,1630000000,1810000000,2990736,False
tablets,scaleout,join_command_start,2026-09-21T17:50:36.422335+00:00,517.339325,778,r-scylla1,4,11.70,2059436818,10427106853,1040000000,1960000000,2760000000,4840000000,2987100,False
tablets,scaleout,join_command_start,2026-09-21T17:50:36.422335+00:00,517.339325,778,r-scylla2,4,11.81,1983201149,10427106853,912000000,2020000000,2740000000,4890000000,2987100,False
tablets,scaleout,join_command_start,2026-09-21T17:50:36.422335+00:00,517.339325,778,r-scylla3,4,10.94,1983201149,10427106853,875000000,1970000000,2540000000,4700000000,2987100,False
tablets,scaleout,join_command_start,2026-09-21T17:50:36.422335+00:00,517.339325,778,r-scylla4,4,14.54,420793549,10427106853,490000000,312000000,1630000000,1810000000,2987100,False
tablets,scaleout,join_command_start,2026-09-21T17:50:39.836672+00:00,520.753662,779,r-scylla1,4,12.93,2058363077,10427106853,1040000000,1960000000,2760000000,4840000000,2985892,False
tablets,scaleout,join_command_start,2026-09-21T17:50:39.836672+00:00,520.753662,779,r-scylla2,4,12.33,1983201149,10427106853,912000000,2020000000,2740000000,4890000000,2985892,False
tablets,scaleout,join_command_start,2026-09-21T17:50:39.836672+00:00,520.753662,779,r-scylla3,4,12.46,1983201149,10427106853,875000000,1970000000,2540000000,4700000000,2985892,False
tablets,scaleout,join_command_start,2026-09-21T17:50:39.836672+00:00,520.753662,779,r-scylla4,4,15.86,421946982,10427106853,491000000,314000000,1630000000,1810000000,2985892,False
tablets,scaleout,join_command_start,2026-09-21T17:50:43.222942+00:00,524.139932,780,r-scylla1,4,12.95,2059436818,10427106853,1040000000,1960000000,2760000000,4840000000,2985356,False
tablets,scaleout,join_command_start,2026-09-21T17:50:43.222942+00:00,524.139932,780,r-scylla2,4,11.06,1983201149,10427106853,913000000,2020000000,2740000000,4890000000,2985356,False
tablets,scaleout,join_command_start,2026-09-21T17:50:43.222942+00:00,524.139932,780,r-scylla3,4,12.30,1983201149,10427106853,876000000,1970000000,2540000000,4700000000,2985356,False
tablets,scaleout,join_command_start,2026-09-21T17:50:43.222942+00:00,524.139932,780,r-scylla4,4,16.11,424463565,10427106853,491000000,317000000,1640000000,1810000000,2985356,False
tablets,scaleout,join_command_start,2026-09-21T17:50:46.693238+00:00,527.610228,781,r-scylla1,4,12.59,2059436818,10427106853,1050000000,1960000000,2760000000,4840000000,2984496,False
tablets,scaleout,join_command_start,2026-09-21T17:50:46.693238+00:00,527.610228,781,r-scylla2,4,12.55,1983201149,10427106853,913000000,2020000000,2740000000,4890000000,2984496,False
tablets,scaleout,join_command_start,2026-09-21T17:50:46.693238+00:00,527.610228,781,r-scylla3,4,11.82,1983201149,10427106853,876000000,1980000000,2540000000,4700000000,2984496,False
tablets,scaleout,join_command_start,2026-09-21T17:50:46.693238+00:00,527.610228,781,r-scylla4,4,14.91,425721856,10427106853,492000000,318000000,1640000000,1810000000,2984496,False
tablets,scaleout,join_command_start,2026-09-21T17:50:50.105273+00:00,531.022263,782,r-scylla1,4,13.14,2058363077,10427106853,1050000000,1970000000,2760000000,4840000000,2980140,False
tablets,scaleout,join_command_start,2026-09-21T17:50:50.105273+00:00,531.022263,782,r-scylla2,4,10.49,1983201149,10427106853,914000000,2020000000,2740000000,4900000000,2980140,False
tablets,scaleout,join_command_start,2026-09-21T17:50:50.105273+00:00,531.022263,782,r-scylla3,4,10.72,1984274891,10427106853,877000000,1980000000,2540000000,4700000000,2980140,False
tablets,scaleout,join_command_start,2026-09-21T17:50:50.105273+00:00,531.022263,782,r-scylla4,4,15.36,427714150,10427106853,492000000,321000000,1650000000,1810000000,2980140,False
tablets,scaleout,join_command_start,2026-09-21T17:50:53.515059+00:00,534.432049,783,r-scylla1,4,12.43,2059436818,10427106853,1050000000,1970000000,2760000000,4840000000,2979140,False
tablets,scaleout,join_command_start,2026-09-21T17:50:53.515059+00:00,534.432049,783,r-scylla2,4,11.73,1983201149,10427106853,915000000,2030000000,2740000000,4900000000,2979140,False
tablets,scaleout,join_command_start,2026-09-21T17:50:53.515059+00:00,534.432049,783,r-scylla3,4,12.87,1983201149,10427106853,877000000,1980000000,2540000000,4700000000,2979140,False
tablets,scaleout,join_command_start,2026-09-21T17:50:53.515059+00:00,534.432049,783,r-scylla4,4,16.24,429496730,10427106853,493000000,323000000,1650000000,1810000000,2979140,False
tablets,scaleout,join_command_start,2026-09-21T17:50:57.145230+00:00,538.062220,784,r-scylla1,4,12.06,2059436818,10427106853,1050000000,1970000000,2760000000,4840000000,2981196,False
tablets,scaleout,join_command_start,2026-09-21T17:50:57.145230+00:00,538.062220,784,r-scylla2,4,12.37,1983201149,10427106853,915000000,2030000000,2740000000,4900000000,2981196,False
tablets,scaleout,join_command_start,2026-09-21T17:50:57.145230+00:00,538.062220,784,r-scylla3,4,10.09,1983201149,10427106853,878000000,1980000000,2540000000,4700000000,2981196,False
tablets,scaleout,join_command_start,2026-09-21T17:50:57.145230+00:00,538.062220,784,r-scylla4,4,14.59,431069594,10427106853,493000000,325000000,1660000000,1810000000,2981196,False
tablets,scaleout,join_command_start,2026-09-21T17:51:00.489018+00:00,541.406008,785,r-scylla1,4,8.39,2059436818,10427106853,1050000000,1970000000,2760000000,4840000000,2982876,False
tablets,scaleout,join_command_start,2026-09-21T17:51:00.489018+00:00,541.406008,785,r-scylla2,4,8.40,1983201149,10427106853,915000000,2030000000,2740000000,4900000000,2982876,False
tablets,scaleout,join_command_start,2026-09-21T17:51:00.489018+00:00,541.406008,785,r-scylla3,4,7.49,1983201149,10427106853,879000000,1980000000,2540000000,4700000000,2982876,False
tablets,scaleout,join_command_start,2026-09-21T17:51:00.489018+00:00,541.406008,785,r-scylla4,4,9.86,432747315,10427106853,494000000,327000000,1660000000,1810000000,2982876,False
tablets,scaleout,join_command_start,2026-09-21T17:51:03.836171+00:00,544.753161,786,r-scylla1,4,9.11,2059436818,10427106853,1050000000,1970000000,2760000000,4840000000,2979228,False
tablets,scaleout,join_command_start,2026-09-21T17:51:03.836171+00:00,544.753161,786,r-scylla2,4,8.37,1983201149,10427106853,916000000,2030000000,2740000000,4900000000,2979228,False
tablets,scaleout,join_command_start,2026-09-21T17:51:03.836171+00:00,544.753161,786,r-scylla3,4,8.32,1983201149,10427106853,879000000,1990000000,2540000000,4700000000,2979228,False
tablets,scaleout,join_command_start,2026-09-21T17:51:03.836171+00:00,544.753161,786,r-scylla4,4,11.72,434215322,10427106853,494000000,329000000,1670000000,1810000000,2979228,False
tablets,scaleout,join_command_start,2026-09-21T17:51:07.156415+00:00,548.073405,787,r-scylla1,4,13.69,2059436818,10427106853,1050000000,1980000000,2760000000,4840000000,2976156,False
tablets,scaleout,join_command_start,2026-09-21T17:51:07.156415+00:00,548.073405,787,r-scylla2,4,10.77,1983201149,10427106853,917000000,2030000000,2740000000,4900000000,2976156,False
tablets,scaleout,join_command_start,2026-09-21T17:51:07.156415+00:00,548.073405,787,r-scylla3,4,11.24,1984274891,10427106853,880000000,1990000000,2540000000,4700000000,2976156,False
tablets,scaleout,join_command_start,2026-09-21T17:51:07.156415+00:00,548.073405,787,r-scylla4,4,14.77,436102758,10427106853,495000000,331000000,1670000000,1810000000,2976156,False
tablets,scaleout,join_command_start,2026-09-21T17:51:10.635243+00:00,551.552233,788,r-scylla1,4,12.15,2058363077,10427106853,1050000000,1980000000,2760000000,4840000000,2973400,False
tablets,scaleout,join_command_start,2026-09-21T17:51:10.635243+00:00,551.552233,788,r-scylla2,4,11.67,1983201149,10427106853,917000000,2040000000,2740000000,4900000000,2973400,False
tablets,scaleout,join_command_start,2026-09-21T17:51:10.635243+00:00,551.552233,788,r-scylla3,4,10.75,1983201149,10427106853,880000000,1990000000,2540000000,4700000000,2973400,False
tablets,scaleout,join_command_start,2026-09-21T17:51:10.635243+00:00,551.552233,788,r-scylla4,4,14.41,437465907,10427106853,495000000,333000000,1680000000,1810000000,2973400,False
tablets,scaleout,join_command_start,2026-09-21T17:51:13.998223+00:00,554.915213,789,r-scylla1,4,12.79,2059436818,10427106853,1050000000,1980000000,2760000000,4840000000,2970160,False
tablets,scaleout,join_command_start,2026-09-21T17:51:13.998223+00:00,554.915213,789,r-scylla2,4,12.50,1983201149,10427106853,918000000,2040000000,2740000000,4900000000,2970160,False
tablets,scaleout,join_command_start,2026-09-21T17:51:13.998223+00:00,554.915213,789,r-scylla3,4,12.11,1983201149,10427106853,881000000,1990000000,2540000000,4700000000,2970160,False
tablets,scaleout,join_command_start,2026-09-21T17:51:13.998223+00:00,554.915213,789,r-scylla4,4,16.75,438619341,10427106853,496000000,335000000,1680000000,1810000000,2970160,False
tablets,scaleout,join_command_start,2026-09-21T17:51:17.430576+00:00,558.347566,790,r-scylla1,4,12.10,2059436818,10427106853,1050000000,1980000000,2760000000,4840000000,2968704,False
tablets,scaleout,join_command_start,2026-09-21T17:51:17.430576+00:00,558.347566,790,r-scylla2,4,12.34,1983201149,10427106853,918000000,2040000000,2740000000,4900000000,2968704,False
tablets,scaleout,join_command_start,2026-09-21T17:51:17.430576+00:00,558.347566,790,r-scylla3,4,11.51,1983201149,10427106853,881000000,1990000000,2540000000,4700000000,2968704,False
tablets,scaleout,join_command_start,2026-09-21T17:51:17.430576+00:00,558.347566,790,r-scylla4,4,15.36,440506778,10427106853,496000000,337000000,1690000000,1810000000,2968704,False
tablets,scaleout,join_command_start,2026-09-21T17:51:20.847313+00:00,561.764303,791,r-scylla1,4,8.55,2059436818,10427106853,1050000000,1990000000,2760000000,4840000000,2968708,False
tablets,scaleout,join_command_start,2026-09-21T17:51:20.847313+00:00,561.764303,791,r-scylla2,4,8.80,1983201149,10427106853,919000000,2040000000,2740000000,4900000000,2968708,False
tablets,scaleout,join_command_start,2026-09-21T17:51:20.847313+00:00,561.764303,791,r-scylla3,4,8.25,1984274891,10427106853,882000000,2000000000,2540000000,4700000000,2968708,False
tablets,scaleout,join_command_start,2026-09-21T17:51:20.847313+00:00,561.764303,791,r-scylla4,4,11.26,441974784,10427106853,497000000,339000000,1690000000,1810000000,2968708,False
tablets,scaleout,join_command_start,2026-09-21T17:51:24.185991+00:00,565.102981,792,r-scylla1,4,13.15,2059436818,10427106853,1050000000,1990000000,2760000000,4840000000,2969836,False
tablets,scaleout,join_command_start,2026-09-21T17:51:24.185991+00:00,565.102981,792,r-scylla2,4,11.63,1984274891,10427106853,919000000,2050000000,2740000000,4900000000,2969836,False
tablets,scaleout,join_command_start,2026-09-21T17:51:24.185991+00:00,565.102981,792,r-scylla3,4,11.95,1983201149,10427106853,882000000,2000000000,2540000000,4700000000,2969836,False
tablets,scaleout,join_command_start,2026-09-21T17:51:24.185991+00:00,565.102981,792,r-scylla4,4,16.06,444491366,10427106853,497000000,341000000,1690000000,1810000000,2969836,False
tablets,scaleout,join_command_start,2026-09-21T17:51:27.625846+00:00,568.542836,793,r-scylla1,4,12.31,2059436818,10427106853,1050000000,1990000000,2760000000,4840000000,2964920,False
tablets,scaleout,join_command_start,2026-09-21T17:51:27.625846+00:00,568.542836,793,r-scylla2,4,11.64,1983201149,10427106853,920000000,2050000000,2740000000,4900000000,2964920,False
tablets,scaleout,join_command_start,2026-09-21T17:51:27.625846+00:00,568.542836,793,r-scylla3,4,12.59,1983201149,10427106853,883000000,2000000000,2540000000,4700000000,2964920,False
tablets,scaleout,join_command_start,2026-09-21T17:51:27.625846+00:00,568.542836,793,r-scylla4,4,16.88,445959373,10427106853,498000000,344000000,1700000000,1810000000,2964920,False
tablets,scaleout,join_command_start,2026-09-21T17:51:31.082042+00:00,571.999032,794,r-scylla1,4,9.10,2059436818,10427106853,1050000000,1990000000,2760000000,4840000000,2964272,False
tablets,scaleout,join_command_start,2026-09-21T17:51:31.082042+00:00,571.999032,794,r-scylla2,4,7.88,1983201149,10427106853,920000000,2050000000,2740000000,4900000000,2964272,False
tablets,scaleout,join_command_start,2026-09-21T17:51:31.082042+00:00,571.999032,794,r-scylla3,4,8.20,1983201149,10427106853,883000000,2000000000,2540000000,4700000000,2964272,False
tablets,scaleout,join_command_start,2026-09-21T17:51:31.082042+00:00,571.999032,794,r-scylla4,4,9.06,447637094,10427106853,498000000,346000000,1710000000,1810000000,2964272,False
tablets,scaleout,join_command_start,2026-09-21T17:51:34.405793+00:00,575.322783,795,r-scylla1,4,11.47,2059436818,10427106853,1050000000,1990000000,2760000000,4840000000,2960808,False
tablets,scaleout,join_command_start,2026-09-21T17:51:34.405793+00:00,575.322783,795,r-scylla2,4,12.14,1983201149,10427106853,921000000,2050000000,2740000000,4900000000,2960808,False
tablets,scaleout,join_command_start,2026-09-21T17:51:34.405793+00:00,575.322783,795,r-scylla3,4,12.00,1983201149,10427106853,884000000,2000000000,2540000000,4700000000,2960808,False
tablets,scaleout,join_command_start,2026-09-21T17:51:34.405793+00:00,575.322783,795,r-scylla4,4,16.58,449524531,10427106853,499000000,348000000,1710000000,1810000000,2960808,False
tablets,scaleout,join_command_start,2026-09-21T17:51:37.895235+00:00,578.812225,796,r-scylla1,4,13.10,2059436818,10427106853,1050000000,2000000000,2760000000,4840000000,2958628,False
tablets,scaleout,join_command_start,2026-09-21T17:51:37.895235+00:00,578.812225,796,r-scylla2,4,12.78,1983201149,10427106853,921000000,2050000000,2740000000,4900000000,2958628,False
tablets,scaleout,join_command_start,2026-09-21T17:51:37.895235+00:00,578.812225,796,r-scylla3,4,11.90,1983201149,10427106853,884000000,2010000000,2540000000,4700000000,2958628,False
tablets,scaleout,join_command_start,2026-09-21T17:51:37.895235+00:00,578.812225,796,r-scylla4,4,14.58,451202253,10427106853,499000000,351000000,1720000000,1810000000,2958628,False
tablets,scaleout,join_command_start,2026-09-21T17:51:41.284291+00:00,582.201281,797,r-scylla1,4,13.39,2058363077,10427106853,1050000000,2000000000,2760000000,4840000000,2961604,False
tablets,scaleout,join_command_start,2026-09-21T17:51:41.284291+00:00,582.201281,797,r-scylla2,4,12.51,1983201149,10427106853,922000000,2060000000,2740000000,4900000000,2961604,False
tablets,scaleout,join_command_start,2026-09-21T17:51:41.284291+00:00,582.201281,797,r-scylla3,4,11.79,1983201149,10427106853,885000000,2010000000,2540000000,4700000000,2961604,False
tablets,scaleout,join_command_start,2026-09-21T17:51:41.284291+00:00,582.201281,797,r-scylla4,4,15.40,451831398,10427106853,500000000,352000000,1720000000,1810000000,2961604,False
tablets,scaleout,join_command_start,2026-09-21T17:51:44.668763+00:00,585.585753,798,r-scylla1,4,9.56,2058363077,10427106853,1050000000,2000000000,2760000000,4840000000,2960596,False
tablets,scaleout,join_command_start,2026-09-21T17:51:44.668763+00:00,585.585753,798,r-scylla2,4,9.87,1983201149,10427106853,923000000,2060000000,2740000000,4900000000,2960596,False
tablets,scaleout,join_command_start,2026-09-21T17:51:44.668763+00:00,585.585753,798,r-scylla3,4,8.10,1983201149,10427106853,885000000,2010000000,2540000000,4700000000,2960596,False
tablets,scaleout,join_command_start,2026-09-21T17:51:44.668763+00:00,585.585753,798,r-scylla4,4,10.51,453718835,10427106853,500000000,354000000,1720000000,1810000000,2960596,False
tablets,scaleout,join_command_start,2026-09-21T17:51:48.048806+00:00,588.965796,799,r-scylla1,4,11.77,2059436818,10427106853,1050000000,2000000000,2760000000,4840000000,2956076,False
tablets,scaleout,join_command_start,2026-09-21T17:51:48.048806+00:00,588.965796,799,r-scylla2,4,11.84,1983201149,10427106853,923000000,2060000000,2740000000,4900000000,2956076,False
tablets,scaleout,join_command_start,2026-09-21T17:51:48.048806+00:00,588.965796,799,r-scylla3,4,10.97,1983201149,10427106853,886000000,2010000000,2540000000,4700000000,2956076,False
tablets,scaleout,join_command_start,2026-09-21T17:51:48.048806+00:00,588.965796,799,r-scylla4,4,15.78,455815987,10427106853,501000000,356000000,1730000000,1810000000,2956076,False
tablets,scaleout,join_command_start,2026-09-21T17:51:51.564276+00:00,592.481266,800,r-scylla1,4,12.04,2058363077,10427106853,1060000000,2010000000,2760000000,4840000000,2949404,False
tablets,scaleout,join_command_start,2026-09-21T17:51:51.564276+00:00,592.481266,800,r-scylla2,4,11.98,1983201149,10427106853,924000000,2060000000,2740000000,4900000000,2949404,False
tablets,scaleout,join_command_start,2026-09-21T17:51:51.564276+00:00,592.481266,800,r-scylla3,4,11.56,1983201149,10427106853,886000000,2020000000,2540000000,4700000000,2949404,False
tablets,scaleout,join_command_start,2026-09-21T17:51:51.564276+00:00,592.481266,800,r-scylla4,4,15.37,456759706,10427106853,501000000,359000000,1730000000,1810000000,2949404,False
tablets,scaleout,join_command_start,2026-09-21T17:51:55.008883+00:00,595.925873,801,r-scylla1,4,10.45,2059436818,10427106853,1060000000,2010000000,2760000000,4840000000,2951884,False
tablets,scaleout,join_command_start,2026-09-21T17:51:55.008883+00:00,595.925873,801,r-scylla2,4,10.69,1983201149,10427106853,924000000,2070000000,2740000000,4900000000,2951884,False
tablets,scaleout,join_command_start,2026-09-21T17:51:55.008883+00:00,595.925873,801,r-scylla3,4,10.31,1984274891,10427106853,887000000,2020000000,2540000000,4700000000,2951884,False
tablets,scaleout,join_command_start,2026-09-21T17:51:55.008883+00:00,595.925873,801,r-scylla4,4,14.74,458332570,10427106853,502000000,360000000,1740000000,1810000000,2951884,False
tablets,scaleout,join_command_start,2026-09-21T17:51:58.358387+00:00,599.275377,802,r-scylla1,4,11.21,2059436818,10427106853,1060000000,2010000000,2760000000,4840000000,2949628,False
tablets,scaleout,join_command_start,2026-09-21T17:51:58.358387+00:00,599.275377,802,r-scylla2,4,13.76,1983201149,10427106853,925000000,2070000000,2740000000,4900000000,2949628,False
tablets,scaleout,join_command_start,2026-09-21T17:51:58.358387+00:00,599.275377,802,r-scylla3,4,12.96,1983201149,10427106853,887000000,2020000000,2540000000,4700000000,2949628,False
tablets,scaleout,join_command_start,2026-09-21T17:51:58.358387+00:00,599.275377,802,r-scylla4,4,16.01,460639437,10427106853,503000000,363000000,1740000000,1810000000,2949628,False
tablets,scaleout,join_command_start,2026-09-21T17:52:01.764207+00:00,602.681197,803,r-scylla1,4,12.59,2058363077,10427106853,1060000000,2010000000,2760000000,4840000000,2945824,False
tablets,scaleout,join_command_start,2026-09-21T17:52:01.764207+00:00,602.681197,803,r-scylla2,4,12.48,1983201149,10427106853,925000000,2070000000,2740000000,4900000000,2945824,False
tablets,scaleout,join_command_start,2026-09-21T17:52:01.764207+00:00,602.681197,803,r-scylla3,4,11.82,1983201149,10427106853,888000000,2020000000,2540000000,4700000000,2945824,False
tablets,scaleout,join_command_start,2026-09-21T17:52:01.764207+00:00,602.681197,803,r-scylla4,4,14.39,462422016,10427106853,503000000,365000000,1750000000,1820000000,2945824,False
tablets,scaleout,join_command_start,2026-09-21T17:52:05.236211+00:00,606.153201,804,r-scylla1,4,15.28,2059436818,10427106853,1060000000,2010000000,2760000000,4840000000,2942712,False
tablets,scaleout,join_command_start,2026-09-21T17:52:05.236211+00:00,606.153201,804,r-scylla2,4,15.27,1983201149,10427106853,926000000,2070000000,2740000000,4900000000,2942712,False
tablets,scaleout,join_command_start,2026-09-21T17:52:05.236211+00:00,606.153201,804,r-scylla3,4,14.70,1983201149,10427106853,888000000,2020000000,2540000000,4700000000,2942712,False
tablets,scaleout,join_command_start,2026-09-21T17:52:05.236211+00:00,606.153201,804,r-scylla4,4,15.02,463890022,10427106853,504000000,367000000,1750000000,1820000000,2942712,False
tablets,scaleout,join_command_start,2026-09-21T17:52:08.741885+00:00,609.658875,805,r-scylla1,4,12.72,2059436818,10427106853,1060000000,2020000000,2760000000,4840000000,2939908,False
tablets,scaleout,join_command_start,2026-09-21T17:52:08.741885+00:00,609.658875,805,r-scylla2,4,11.05,1983201149,10427106853,926000000,2070000000,2740000000,4900000000,2939908,False
tablets,scaleout,join_command_start,2026-09-21T17:52:08.741885+00:00,609.658875,805,r-scylla3,4,12.70,1983201149,10427106853,889000000,2030000000,2540000000,4700000000,2939908,False
tablets,scaleout,join_command_start,2026-09-21T17:52:08.741885+00:00,609.658875,805,r-scylla4,4,14.93,465358029,10427106853,504000000,369000000,1750000000,1820000000,2939908,False
tablets,scaleout,join_command_start,2026-09-21T17:52:12.150270+00:00,613.067260,806,r-scylla1,4,11.37,2059436818,10427106853,1060000000,2020000000,2760000000,4840000000,2939908,False
tablets,scaleout,join_command_start,2026-09-21T17:52:12.150270+00:00,613.067260,806,r-scylla2,4,11.44,1983201149,10427106853,927000000,2080000000,2740000000,4900000000,2939908,False
tablets,scaleout,join_command_start,2026-09-21T17:52:12.150270+00:00,613.067260,806,r-scylla3,4,11.43,1983201149,10427106853,889000000,2030000000,2540000000,4700000000,2939908,False
tablets,scaleout,join_command_start,2026-09-21T17:52:12.150270+00:00,613.067260,806,r-scylla4,4,14.73,467664896,10427106853,505000000,372000000,1760000000,1820000000,2939908,False
tablets,scaleout,join_command_start,2026-09-21T17:52:15.624212+00:00,616.541202,807,r-scylla1,4,12.28,2059436818,10427106853,1060000000,2020000000,2760000000,4840000000,2935704,False
tablets,scaleout,join_command_start,2026-09-21T17:52:15.624212+00:00,616.541202,807,r-scylla2,4,12.20,1983201149,10427106853,928000000,2080000000,2740000000,4900000000,2935704,False
tablets,scaleout,join_command_start,2026-09-21T17:52:15.624212+00:00,616.541202,807,r-scylla3,4,11.98,1983201149,10427106853,890000000,2030000000,2540000000,4700000000,2935704,False
tablets,scaleout,join_command_start,2026-09-21T17:52:15.624212+00:00,616.541202,807,r-scylla4,4,16.11,469342618,10427106853,505000000,374000000,1770000000,1820000000,2935704,False
tablets,scaleout,join_command_start,2026-09-21T17:52:19.071402+00:00,619.988392,808,r-scylla1,4,13.90,2058363077,10427106853,1060000000,2020000000,2760000000,4840000000,2933820,False
tablets,scaleout,join_command_start,2026-09-21T17:52:19.071402+00:00,619.988392,808,r-scylla2,4,12.61,1983201149,10427106853,928000000,2080000000,2740000000,4900000000,2933820,False
tablets,scaleout,join_command_start,2026-09-21T17:52:19.071402+00:00,619.988392,808,r-scylla3,4,13.39,1983201149,10427106853,890000000,2030000000,2540000000,4700000000,2933820,False
tablets,scaleout,join_command_start,2026-09-21T17:52:19.071402+00:00,619.988392,808,r-scylla4,4,16.37,471334912,10427106853,506000000,376000000,1770000000,1820000000,2933820,False
tablets,scaleout,join_command_start,2026-09-21T17:52:22.502107+00:00,623.419097,809,r-scylla1,4,11.59,2059436818,10427106853,1060000000,2020000000,2760000000,4840000000,2932472,False
tablets,scaleout,join_command_start,2026-09-21T17:52:22.502107+00:00,623.419097,809,r-scylla2,4,10.91,1983201149,10427106853,929000000,2080000000,2740000000,4900000000,2932472,False
tablets,scaleout,join_command_start,2026-09-21T17:52:22.502107+00:00,623.419097,809,r-scylla3,4,11.98,1983201149,10427106853,891000000,2040000000,2540000000,4700000000,2932472,False
tablets,scaleout,join_command_start,2026-09-21T17:52:22.502107+00:00,623.419097,809,r-scylla4,4,13.29,472698061,10427106853,506000000,378000000,1770000000,1820000000,2932472,False
tablets,scaleout,join_command_start,2026-09-21T17:52:25.937770+00:00,626.854760,810,r-scylla1,4,11.98,2059436818,10427106853,1060000000,2030000000,2760000000,4840000000,2932708,False
tablets,scaleout,join_command_start,2026-09-21T17:52:25.937770+00:00,626.854760,810,r-scylla2,4,10.82,1983201149,10427106853,929000000,2080000000,2740000000,4900000000,2932708,False
tablets,scaleout,join_command_start,2026-09-21T17:52:25.937770+00:00,626.854760,810,r-scylla3,4,10.65,1984274891,10427106853,892000000,2040000000,2540000000,4700000000,2932708,False
tablets,scaleout,join_command_start,2026-09-21T17:52:25.937770+00:00,626.854760,810,r-scylla4,4,16.58,474061210,10427106853,507000000,380000000,1780000000,1820000000,2932708,False
tablets,scaleout,join_command_start,2026-09-21T17:52:29.453580+00:00,630.370570,811,r-scylla1,4,12.79,2059436818,10427106853,1060000000,2030000000,2760000000,4840000000,2934352,False
tablets,scaleout,join_command_start,2026-09-21T17:52:29.453580+00:00,630.370570,811,r-scylla2,4,12.82,1983201149,10427106853,930000000,2090000000,2740000000,4900000000,2934352,False
tablets,scaleout,join_command_start,2026-09-21T17:52:29.453580+00:00,630.370570,811,r-scylla3,4,13.00,1983201149,10427106853,892000000,2040000000,2540000000,4700000000,2934352,False
tablets,scaleout,join_command_start,2026-09-21T17:52:29.453580+00:00,630.370570,811,r-scylla4,4,14.86,475634074,10427106853,507000000,382000000,1780000000,1820000000,2934352,False
tablets,scaleout,join_command_start,2026-09-21T17:52:32.873011+00:00,633.790001,812,r-scylla1,4,12.04,2059436818,10427106853,1060000000,2030000000,2760000000,4840000000,2929656,False
tablets,scaleout,join_command_start,2026-09-21T17:52:32.873011+00:00,633.790001,812,r-scylla2,4,10.70,1983201149,10427106853,930000000,2090000000,2740000000,4900000000,2929656,False
tablets,scaleout,join_command_start,2026-09-21T17:52:32.873011+00:00,633.790001,812,r-scylla3,4,13.63,1983201149,10427106853,893000000,2040000000,2540000000,4700000000,2929656,False
tablets,scaleout,join_command_start,2026-09-21T17:52:32.873011+00:00,633.790001,812,r-scylla4,4,16.01,477626368,10427106853,508000000,385000000,1790000000,1820000000,2929656,False
tablets,scaleout,join_command_start,2026-09-21T17:52:36.266047+00:00,637.183037,813,r-scylla1,4,11.52,2058363077,10427106853,1060000000,2030000000,2760000000,4840000000,2931592,False
tablets,scaleout,join_command_start,2026-09-21T17:52:36.266047+00:00,637.183037,813,r-scylla2,4,12.48,1983201149,10427106853,931000000,2090000000,2740000000,4900000000,2931592,False
tablets,scaleout,join_command_start,2026-09-21T17:52:36.266047+00:00,637.183037,813,r-scylla3,4,11.22,1983201149,10427106853,893000000,2040000000,2540000000,4700000000,2931592,False
tablets,scaleout,join_command_start,2026-09-21T17:52:36.266047+00:00,637.183037,813,r-scylla4,4,16.43,478255514,10427106853,508000000,386000000,1790000000,1820000000,2931592,False
tablets,scaleout,join_command_start,2026-09-21T17:52:39.669778+00:00,640.586768,814,r-scylla1,4,12.63,2058363077,10427106853,1060000000,2040000000,2760000000,4840000000,2931348,False
tablets,scaleout,join_command_start,2026-09-21T17:52:39.669778+00:00,640.586768,814,r-scylla2,4,12.85,1983201149,10427106853,931000000,2090000000,2740000000,4900000000,2931348,False
tablets,scaleout,join_command_start,2026-09-21T17:52:39.669778+00:00,640.586768,814,r-scylla3,4,12.33,1983201149,10427106853,894000000,2050000000,2540000000,4700000000,2931348,False
tablets,scaleout,join_command_start,2026-09-21T17:52:39.669778+00:00,640.586768,814,r-scylla4,4,17.43,479828378,10427106853,509000000,388000000,1800000000,1820000000,2931348,False
tablets,scaleout,join_command_start,2026-09-21T17:52:43.123414+00:00,644.040404,815,r-scylla1,4,12.31,2059436818,10427106853,1060000000,2040000000,2760000000,4840000000,2931280,False
tablets,scaleout,join_command_start,2026-09-21T17:52:43.123414+00:00,644.040404,815,r-scylla2,4,10.94,1983201149,10427106853,932000000,2100000000,2740000000,4900000000,2931280,False
tablets,scaleout,join_command_start,2026-09-21T17:52:43.123414+00:00,644.040404,815,r-scylla3,4,10.89,1983201149,10427106853,894000000,2050000000,2540000000,4700000000,2931280,False
tablets,scaleout,join_command_start,2026-09-21T17:52:43.123414+00:00,644.040404,815,r-scylla4,4,16.36,481610957,10427106853,509000000,390000000,1800000000,1820000000,2931280,False
tablets,scaleout,join_command_start,2026-09-21T17:52:46.670612+00:00,647.587602,816,r-scylla1,4,12.70,2059436818,10427106853,1060000000,2040000000,2760000000,4840000000,2927496,False
tablets,scaleout,join_command_start,2026-09-21T17:52:46.670612+00:00,647.587602,816,r-scylla2,4,12.51,1983201149,10427106853,932000000,2100000000,2740000000,4900000000,2927496,False
tablets,scaleout,join_command_start,2026-09-21T17:52:46.670612+00:00,647.587602,816,r-scylla3,4,11.59,1983201149,10427106853,895000000,2050000000,2540000000,4700000000,2927496,False
tablets,scaleout,join_command_start,2026-09-21T17:52:46.670612+00:00,647.587602,816,r-scylla4,4,15.29,483498394,10427106853,510000000,393000000,1810000000,1820000000,2927496,False
tablets,scaleout,join_command_start,2026-09-21T17:52:50.092575+00:00,651.009565,817,r-scylla1,4,12.73,2058363077,10427106853,1060000000,2040000000,2760000000,4840000000,2926400,False
tablets,scaleout,join_command_start,2026-09-21T17:52:50.092575+00:00,651.009565,817,r-scylla2,4,11.80,1983201149,10427106853,933000000,2100000000,2740000000,4900000000,2926400,False
tablets,scaleout,join_command_start,2026-09-21T17:52:50.092575+00:00,651.009565,817,r-scylla3,4,11.10,1983201149,10427106853,895000000,2050000000,2540000000,4700000000,2926400,False
tablets,scaleout,join_command_start,2026-09-21T17:52:50.092575+00:00,651.009565,817,r-scylla4,4,14.53,484651827,10427106853,510000000,394000000,1810000000,1820000000,2926400,False
tablets,scaleout,join_command_start,2026-09-21T17:52:53.562705+00:00,654.479695,818,r-scylla1,4,11.93,2059436818,10427106853,1060000000,2040000000,2760000000,4840000000,2927348,False
tablets,scaleout,join_command_start,2026-09-21T17:52:53.562705+00:00,654.479695,818,r-scylla2,4,12.75,1983201149,10427106853,933000000,2100000000,2740000000,4900000000,2927348,False
tablets,scaleout,join_command_start,2026-09-21T17:52:53.562705+00:00,654.479695,818,r-scylla3,4,11.21,1983201149,10427106853,896000000,2050000000,2540000000,4700000000,2927348,False
tablets,scaleout,join_command_start,2026-09-21T17:52:53.562705+00:00,654.479695,818,r-scylla4,4,15.66,487273267,10427106853,511000000,397000000,1820000000,1820000000,2927348,False
tablets,scaleout,join_command_start,2026-09-21T17:52:57.013989+00:00,657.930979,819,r-scylla1,4,10.26,2058363077,10427106853,1060000000,2050000000,2760000000,4840000000,2927092,False
tablets,scaleout,join_command_start,2026-09-21T17:52:57.013989+00:00,657.930979,819,r-scylla2,4,12.60,1983201149,10427106853,934000000,2100000000,2740000000,4900000000,2927092,False
tablets,scaleout,join_command_start,2026-09-21T17:52:57.013989+00:00,657.930979,819,r-scylla3,4,12.08,1984274891,10427106853,896000000,2060000000,2540000000,4700000000,2927092,False
tablets,scaleout,join_command_start,2026-09-21T17:52:57.013989+00:00,657.930979,819,r-scylla4,4,14.98,488636416,10427106853,511000000,399000000,1820000000,1820000000,2927092,False
tablets,scaleout,join_command_start,2026-09-21T17:53:00.337607+00:00,661.254597,820,r-scylla1,4,13.65,2059436818,10427106853,1070000000,2050000000,2760000000,4840000000,2920484,False
tablets,scaleout,join_command_start,2026-09-21T17:53:00.337607+00:00,661.254597,820,r-scylla2,4,12.32,1983201149,10427106853,934000000,2110000000,2740000000,4900000000,2920484,False
tablets,scaleout,join_command_start,2026-09-21T17:53:00.337607+00:00,661.254597,820,r-scylla3,4,13.35,1983201149,10427106853,897000000,2060000000,2540000000,4700000000,2920484,False
tablets,scaleout,join_command_start,2026-09-21T17:53:00.337607+00:00,661.254597,820,r-scylla4,4,15.47,489684992,10427106853,512000000,401000000,1820000000,1820000000,2920484,False
tablets,scaleout,join_command_start,2026-09-21T17:53:03.851134+00:00,664.768124,821,r-scylla1,4,11.90,2059436818,10427106853,1070000000,2050000000,2760000000,4840000000,2918388,False
tablets,scaleout,join_command_start,2026-09-21T17:53:03.851134+00:00,664.768124,821,r-scylla2,4,10.99,1983201149,10427106853,935000000,2110000000,2740000000,4900000000,2918388,False
tablets,scaleout,join_command_start,2026-09-21T17:53:03.851134+00:00,664.768124,821,r-scylla3,4,10.85,1983201149,10427106853,897000000,2060000000,2540000000,4700000000,2918388,False
tablets,scaleout,join_command_start,2026-09-21T17:53:03.851134+00:00,664.768124,821,r-scylla4,4,17.11,490943283,10427106853,512000000,403000000,1830000000,1820000000,2918388,False
tablets,scaleout,join_command_start,2026-09-21T17:53:07.331947+00:00,668.248937,822,r-scylla1,4,12.37,2059436818,10427106853,1070000000,2050000000,2760000000,4850000000,2914588,False
tablets,scaleout,join_command_start,2026-09-21T17:53:07.331947+00:00,668.248937,822,r-scylla2,4,12.82,1983201149,10427106853,936000000,2110000000,2740000000,4900000000,2914588,False
tablets,scaleout,join_command_start,2026-09-21T17:53:07.331947+00:00,668.248937,822,r-scylla3,4,14.67,1983201149,10427106853,897000000,2060000000,2540000000,4700000000,2914588,False
tablets,scaleout,join_command_start,2026-09-21T17:53:07.331947+00:00,668.248937,822,r-scylla4,4,14.93,492935578,10427106853,513000000,406000000,1830000000,1820000000,2914588,False
tablets,scaleout,join_command_start,2026-09-21T17:53:10.803032+00:00,671.720022,823,r-scylla1,4,13.65,2058363077,10427106853,1070000000,2060000000,2760000000,4850000000,2912332,False
tablets,scaleout,join_command_start,2026-09-21T17:53:10.803032+00:00,671.720022,823,r-scylla2,4,12.79,1983201149,10427106853,936000000,2110000000,2740000000,4900000000,2912332,False
tablets,scaleout,join_command_start,2026-09-21T17:53:10.803032+00:00,671.720022,823,r-scylla3,4,13.24,1983201149,10427106853,898000000,2070000000,2540000000,4700000000,2912332,False
tablets,scaleout,join_command_start,2026-09-21T17:53:10.803032+00:00,671.720022,823,r-scylla4,4,16.09,495137587,10427106853,513000000,408000000,1840000000,1820000000,2912332,False
tablets,scaleout,join_command_start,2026-09-21T17:53:14.246720+00:00,675.163710,824,r-scylla1,4,11.97,2058363077,10427106853,1070000000,2060000000,2760000000,4850000000,2908824,False
tablets,scaleout,join_command_start,2026-09-21T17:53:14.246720+00:00,675.163710,824,r-scylla2,4,11.30,1983201149,10427106853,937000000,2120000000,2740000000,4900000000,2908824,False
tablets,scaleout,join_command_start,2026-09-21T17:53:14.246720+00:00,675.163710,824,r-scylla3,4,12.06,1983201149,10427106853,899000000,2070000000,2540000000,4710000000,2908824,False
tablets,scaleout,join_command_start,2026-09-21T17:53:14.246720+00:00,675.163710,824,r-scylla4,4,16.10,496186163,10427106853,514000000,409000000,1840000000,1820000000,2908824,False
tablets,scaleout,join_command_start,2026-09-21T17:53:17.647088+00:00,678.564078,825,r-scylla1,4,12.88,2059436818,10427106853,1070000000,2060000000,2760000000,4850000000,2907456,False
tablets,scaleout,join_command_start,2026-09-21T17:53:17.647088+00:00,678.564078,825,r-scylla2,4,13.03,1983201149,10427106853,937000000,2120000000,2740000000,4900000000,2907456,False
tablets,scaleout,join_command_start,2026-09-21T17:53:17.647088+00:00,678.564078,825,r-scylla3,4,11.60,1983201149,10427106853,899000000,2070000000,2540000000,4710000000,2907456,False
tablets,scaleout,join_command_start,2026-09-21T17:53:17.647088+00:00,678.564078,825,r-scylla4,4,14.58,498178458,10427106853,515000000,412000000,1850000000,1820000000,2907456,False
tablets,scaleout,join_command_start,2026-09-21T17:53:21.136927+00:00,682.053917,826,r-scylla1,4,11.17,2059436818,10427106853,1070000000,2060000000,2760000000,4850000000,2906368,False
tablets,scaleout,join_command_start,2026-09-21T17:53:21.136927+00:00,682.053917,826,r-scylla2,4,7.88,1983201149,10427106853,938000000,2120000000,2740000000,4900000000,2906368,False
tablets,scaleout,join_command_start,2026-09-21T17:53:21.136927+00:00,682.053917,826,r-scylla3,4,7.67,1984274891,10427106853,900000000,2070000000,2540000000,4710000000,2906368,False
tablets,scaleout,join_command_start,2026-09-21T17:53:21.136927+00:00,682.053917,826,r-scylla4,4,10.23,500170752,10427106853,515000000,414000000,1850000000,1820000000,2906368,False
tablets,scaleout,join_command_start,2026-09-21T17:53:24.499177+00:00,685.416167,827,r-scylla1,4,12.27,2059436818,10427106853,1070000000,2060000000,2760000000,4850000000,2906472,False
tablets,scaleout,join_command_start,2026-09-21T17:53:24.499177+00:00,685.416167,827,r-scylla2,4,11.56,1983201149,10427106853,938000000,2120000000,2740000000,4900000000,2906472,False
tablets,scaleout,join_command_start,2026-09-21T17:53:24.499177+00:00,685.416167,827,r-scylla3,4,10.65,1984274891,10427106853,900000000,2070000000,2540000000,4710000000,2906472,False
tablets,scaleout,join_command_start,2026-09-21T17:53:24.499177+00:00,685.416167,827,r-scylla4,4,15.80,501429043,10427106853,515000000,415000000,1850000000,1820000000,2906472,False
tablets,scaleout,join_command_start,2026-09-21T17:53:27.958871+00:00,688.875861,828,r-scylla1,4,12.17,2059436818,10427106853,1070000000,2070000000,2760000000,4850000000,2902672,False
tablets,scaleout,join_command_start,2026-09-21T17:53:27.958871+00:00,688.875861,828,r-scylla2,4,14.45,1983201149,10427106853,939000000,2120000000,2740000000,4900000000,2902672,False
tablets,scaleout,join_command_start,2026-09-21T17:53:27.958871+00:00,688.875861,828,r-scylla3,4,12.14,1983201149,10427106853,901000000,2080000000,2540000000,4710000000,2902672,False
tablets,scaleout,join_command_start,2026-09-21T17:53:27.958871+00:00,688.875861,828,r-scylla4,4,15.67,502477619,10427106853,516000000,418000000,1860000000,1820000000,2902672,False
tablets,scaleout,join_command_start,2026-09-21T17:53:31.467032+00:00,692.384022,829,r-scylla1,4,12.79,2058363077,10427106853,1070000000,2070000000,2760000000,4850000000,2901480,False
tablets,scaleout,join_command_start,2026-09-21T17:53:31.467032+00:00,692.384022,829,r-scylla2,4,12.72,1983201149,10427106853,939000000,2130000000,2740000000,4910000000,2901480,False
tablets,scaleout,join_command_start,2026-09-21T17:53:31.467032+00:00,692.384022,829,r-scylla3,4,11.87,1983201149,10427106853,901000000,2080000000,2540000000,4710000000,2901480,False
tablets,scaleout,join_command_start,2026-09-21T17:53:31.467032+00:00,692.384022,829,r-scylla4,4,12.65,503735910,10427106853,516000000,420000000,1860000000,1820000000,2901480,False
tablets,scaleout,join_command_start,2026-09-21T17:53:34.891260+00:00,695.808250,830,r-scylla1,4,10.74,2059436818,10427106853,1070000000,2070000000,2760000000,4850000000,2893632,False
tablets,scaleout,join_command_start,2026-09-21T17:53:34.891260+00:00,695.808250,830,r-scylla2,4,10.50,1983201149,10427106853,940000000,2130000000,2740000000,4910000000,2893632,False
tablets,scaleout,join_command_start,2026-09-21T17:53:34.891260+00:00,695.808250,830,r-scylla3,4,10.15,1984274891,10427106853,902000000,2080000000,2540000000,4710000000,2893632,False
tablets,scaleout,join_command_start,2026-09-21T17:53:34.891260+00:00,695.808250,830,r-scylla4,4,16.23,505308774,10427106853,517000000,422000000,1870000000,1820000000,2893632,False
tablets,scaleout,join_command_start,2026-09-21T17:53:38.302409+00:00,699.219399,831,r-scylla1,4,12.02,2059436818,10427106853,1070000000,2070000000,2760000000,4850000000,2893884,False
tablets,scaleout,join_command_start,2026-09-21T17:53:38.302409+00:00,699.219399,831,r-scylla2,4,12.34,1983201149,10427106853,940000000,2130000000,2740000000,4910000000,2893884,False
tablets,scaleout,join_command_start,2026-09-21T17:53:38.302409+00:00,699.219399,831,r-scylla3,4,12.06,1983201149,10427106853,902000000,2080000000,2540000000,4710000000,2893884,False
tablets,scaleout,join_command_start,2026-09-21T17:53:38.302409+00:00,699.219399,831,r-scylla4,4,16.68,506776781,10427106853,517000000,424000000,1870000000,1820000000,2893884,False
tablets,scaleout,join_command_start,2026-09-21T17:53:41.678448+00:00,702.595438,832,r-scylla1,4,12.42,2059436818,10427106853,1070000000,2080000000,2760000000,4850000000,2891704,False
tablets,scaleout,join_command_start,2026-09-21T17:53:41.678448+00:00,702.595438,832,r-scylla2,4,12.83,1983201149,10427106853,941000000,2130000000,2740000000,4910000000,2891704,False
tablets,scaleout,join_command_start,2026-09-21T17:53:41.678448+00:00,702.595438,832,r-scylla3,4,10.91,1983201149,10427106853,903000000,2090000000,2540000000,4710000000,2891704,False
tablets,scaleout,join_command_start,2026-09-21T17:53:41.678448+00:00,702.595438,832,r-scylla4,4,17.37,508769075,10427106853,518000000,426000000,1880000000,1820000000,2891704,False
tablets,scaleout,join_command_start,2026-09-21T17:53:45.202302+00:00,706.119292,833,r-scylla1,4,11.31,2059436818,10427106853,1070000000,2080000000,2760000000,4850000000,2901856,False
tablets,scaleout,join_command_start,2026-09-21T17:53:45.202302+00:00,706.119292,833,r-scylla2,4,11.55,1983201149,10427106853,942000000,2130000000,2740000000,4910000000,2901856,False
tablets,scaleout,join_command_start,2026-09-21T17:53:45.202302+00:00,706.119292,833,r-scylla3,4,12.29,1983201149,10427106853,903000000,2090000000,2540000000,4710000000,2901856,False
tablets,scaleout,join_command_start,2026-09-21T17:53:45.202302+00:00,706.119292,833,r-scylla4,4,16.09,510237082,10427106853,518000000,428000000,1880000000,1820000000,2901856,False
tablets,scaleout,join_command_start,2026-09-21T17:53:48.611355+00:00,709.528345,834,r-scylla1,4,13.31,2059436818,10427106853,1070000000,2080000000,2760000000,4850000000,2899712,False
tablets,scaleout,join_command_start,2026-09-21T17:53:48.611355+00:00,709.528345,834,r-scylla2,4,13.72,1983201149,10427106853,942000000,2140000000,2740000000,4910000000,2899712,False
tablets,scaleout,join_command_start,2026-09-21T17:53:48.611355+00:00,709.528345,834,r-scylla3,4,13.95,1983201149,10427106853,904000000,2090000000,2540000000,4710000000,2899712,False
tablets,scaleout,join_command_start,2026-09-21T17:53:48.611355+00:00,709.528345,834,r-scylla4,4,15.86,511914803,10427106853,519000000,431000000,1880000000,1820000000,2899712,False
tablets,scaleout,join_command_start,2026-09-21T17:53:52.157681+00:00,713.074671,835,r-scylla1,4,13.70,2059436818,10427106853,1070000000,2080000000,2760000000,4850000000,2897100,False
tablets,scaleout,join_command_start,2026-09-21T17:53:52.157681+00:00,713.074671,835,r-scylla2,4,12.85,1983201149,10427106853,943000000,2140000000,2740000000,4910000000,2897100,False
tablets,scaleout,join_command_start,2026-09-21T17:53:52.157681+00:00,713.074671,835,r-scylla3,4,12.72,1983201149,10427106853,904000000,2090000000,2540000000,4710000000,2897100,False
tablets,scaleout,join_command_start,2026-09-21T17:53:52.157681+00:00,713.074671,835,r-scylla4,4,15.89,513068237,10427106853,519000000,432000000,1890000000,1820000000,2897100,False
tablets,scaleout,join_command_start,2026-09-21T17:53:55.794382+00:00,716.711372,836,r-scylla1,4,11.56,2059436818,10427106853,1070000000,2080000000,2760000000,4880000000,2900680,False
tablets,scaleout,join_command_start,2026-09-21T17:53:55.794382+00:00,716.711372,836,r-scylla2,4,11.91,1983201149,10427106853,943000000,2140000000,2740000000,4910000000,2900680,False
tablets,scaleout,join_command_start,2026-09-21T17:53:55.794382+00:00,716.711372,836,r-scylla3,4,11.81,1983201149,10427106853,905000000,2090000000,2540000000,4710000000,2900680,False
tablets,scaleout,join_command_start,2026-09-21T17:53:55.794382+00:00,716.711372,836,r-scylla4,4,15.42,514221670,10427106853,520000000,435000000,1890000000,1820000000,2900680,False
tablets,scaleout,join_command_start,2026-09-21T17:53:59.348333+00:00,720.265323,837,r-scylla1,4,13.77,2059436818,10427106853,1070000000,2090000000,2760000000,4880000000,2895032,False
tablets,scaleout,join_command_start,2026-09-21T17:53:59.348333+00:00,720.265323,837,r-scylla2,4,12.56,1983201149,10427106853,944000000,2140000000,2740000000,4970000000,2895032,False
tablets,scaleout,join_command_start,2026-09-21T17:53:59.348333+00:00,720.265323,837,r-scylla3,4,11.98,1983201149,10427106853,905000000,2100000000,2540000000,4710000000,2895032,False
tablets,scaleout,join_command_start,2026-09-21T17:53:59.348333+00:00,720.265323,837,r-scylla4,4,15.19,515899392,10427106853,520000000,437000000,1900000000,1820000000,2895032,False
tablets,scaleout,join_command_start,2026-09-21T17:54:02.862428+00:00,723.779418,838,r-scylla1,4,13.31,2059436818,10427106853,1070000000,2090000000,2760000000,4880000000,2888580,False
tablets,scaleout,join_command_start,2026-09-21T17:54:02.862428+00:00,723.779418,838,r-scylla2,4,12.83,1983201149,10427106853,944000000,2150000000,2740000000,4970000000,2888580,False
tablets,scaleout,join_command_start,2026-09-21T17:54:02.862428+00:00,723.779418,838,r-scylla3,4,10.69,1983201149,10427106853,906000000,2100000000,2540000000,4710000000,2888580,False
tablets,scaleout,join_command_start,2026-09-21T17:54:02.862428+00:00,723.779418,838,r-scylla4,4,15.20,517367398,10427106853,521000000,439000000,1900000000,1820000000,2888580,False
tablets,scaleout,join_command_start,2026-09-21T17:54:06.353809+00:00,727.270799,839,r-scylla1,4,11.93,2059436818,10427106853,1070000000,2090000000,2760000000,4880000000,2888020,False
tablets,scaleout,join_command_start,2026-09-21T17:54:06.353809+00:00,727.270799,839,r-scylla2,4,11.22,1983201149,10427106853,945000000,2150000000,2740000000,4970000000,2888020,False
tablets,scaleout,join_command_start,2026-09-21T17:54:06.353809+00:00,727.270799,839,r-scylla3,4,11.79,1983201149,10427106853,906000000,2100000000,2540000000,4740000000,2888020,False
tablets,scaleout,join_command_start,2026-09-21T17:54:06.353809+00:00,727.270799,839,r-scylla4,4,15.92,519464550,10427106853,521000000,441000000,1910000000,1820000000,2888020,False
tablets,scaleout,join_command_start,2026-09-21T17:54:09.965612+00:00,730.882602,840,r-scylla1,4,11.27,2059436818,10427106853,1080000000,2090000000,2760000000,4880000000,2884328,False
tablets,scaleout,join_command_start,2026-09-21T17:54:09.965612+00:00,730.882602,840,r-scylla2,4,11.66,1983201149,10427106853,945000000,2150000000,2740000000,4970000000,2884328,False
tablets,scaleout,join_command_start,2026-09-21T17:54:09.965612+00:00,730.882602,840,r-scylla3,4,11.39,1983201149,10427106853,907000000,2100000000,2540000000,4740000000,2884328,False
tablets,scaleout,join_command_start,2026-09-21T17:54:09.965612+00:00,730.882602,840,r-scylla4,4,16.40,520827699,10427106853,522000000,443000000,1910000000,1820000000,2884328,False
tablets,scaleout,join_command_start,2026-09-21T17:54:13.507076+00:00,734.424066,841,r-scylla1,4,11.86,2059436818,10427106853,1080000000,2100000000,2760000000,4880000000,2882384,False
tablets,scaleout,join_command_start,2026-09-21T17:54:13.507076+00:00,734.424066,841,r-scylla2,4,11.40,1983201149,10427106853,946000000,2150000000,2740000000,4980000000,2882384,False
tablets,scaleout,join_command_start,2026-09-21T17:54:13.507076+00:00,734.424066,841,r-scylla3,4,11.21,1983201149,10427106853,908000000,2100000000,2540000000,4740000000,2882384,False
tablets,scaleout,join_command_start,2026-09-21T17:54:13.507076+00:00,734.424066,841,r-scylla4,4,14.54,522715136,10427106853,522000000,445000000,1920000000,1820000000,2882384,False
tablets,scaleout,join_command_start,2026-09-21T17:54:17.002814+00:00,737.919804,842,r-scylla1,4,12.37,2059436818,10427106853,1080000000,2100000000,2760000000,4880000000,2883208,False
tablets,scaleout,join_command_start,2026-09-21T17:54:17.002814+00:00,737.919804,842,r-scylla2,4,12.84,1983201149,10427106853,946000000,2150000000,2740000000,4980000000,2883208,False
tablets,scaleout,join_command_start,2026-09-21T17:54:17.002814+00:00,737.919804,842,r-scylla3,4,11.76,1983201149,10427106853,908000000,2110000000,2540000000,4740000000,2883208,False
tablets,scaleout,join_command_start,2026-09-21T17:54:17.002814+00:00,737.919804,842,r-scylla4,4,16.37,524288000,10427106853,523000000,448000000,1920000000,1820000000,2883208,False
tablets,scaleout,join_command_start,2026-09-21T17:54:20.563529+00:00,741.480519,843,r-scylla1,4,11.82,2059436818,10427106853,1080000000,2100000000,2760000000,4880000000,2879712,False
tablets,scaleout,join_command_start,2026-09-21T17:54:20.563529+00:00,741.480519,843,r-scylla2,4,10.79,1983201149,10427106853,947000000,2160000000,2740000000,4980000000,2879712,False
tablets,scaleout,join_command_start,2026-09-21T17:54:20.563529+00:00,741.480519,843,r-scylla3,4,10.72,1983201149,10427106853,909000000,2110000000,2540000000,4740000000,2879712,False
tablets,scaleout,join_command_start,2026-09-21T17:54:20.563529+00:00,741.480519,843,r-scylla4,4,16.20,525651149,10427106853,523000000,450000000,1920000000,1820000000,2879712,False
tablets,scaleout,join_command_start,2026-09-21T17:54:24.033008+00:00,744.949998,844,r-scylla1,4,14.08,2059436818,10427106853,1080000000,2100000000,2760000000,4880000000,2880672,False
tablets,scaleout,join_command_start,2026-09-21T17:54:24.033008+00:00,744.949998,844,r-scylla2,4,11.54,1983201149,10427106853,947000000,2160000000,2740000000,4980000000,2880672,False
tablets,scaleout,join_command_start,2026-09-21T17:54:24.033008+00:00,744.949998,844,r-scylla3,4,11.42,1983201149,10427106853,909000000,2110000000,2540000000,4740000000,2880672,False
tablets,scaleout,join_command_start,2026-09-21T17:54:24.033008+00:00,744.949998,844,r-scylla4,4,16.06,527958016,10427106853,524000000,452000000,1930000000,1820000000,2880672,False
tablets,scaleout,join_command_start,2026-09-21T17:54:27.467143+00:00,748.384133,845,r-scylla1,4,12.11,2059436818,10427106853,1080000000,2100000000,2760000000,4880000000,2879528,False
tablets,scaleout,join_command_start,2026-09-21T17:54:27.467143+00:00,748.384133,845,r-scylla2,4,11.80,1983201149,10427106853,948000000,2160000000,2740000000,4980000000,2879528,False
tablets,scaleout,join_command_start,2026-09-21T17:54:27.467143+00:00,748.384133,845,r-scylla3,4,12.40,1983201149,10427106853,910000000,2110000000,2540000000,4740000000,2879528,False
tablets,scaleout,join_command_start,2026-09-21T17:54:27.467143+00:00,748.384133,845,r-scylla4,4,15.62,530055168,10427106853,525000000,455000000,1930000000,1820000000,2879528,False
tablets,scaleout,join_command_start,2026-09-21T17:54:30.889014+00:00,751.806004,846,r-scylla1,4,11.09,2059436818,10427106853,1080000000,2110000000,2760000000,4880000000,2877496,False
tablets,scaleout,join_command_start,2026-09-21T17:54:30.889014+00:00,751.806004,846,r-scylla2,4,12.98,1983201149,10427106853,948000000,2160000000,2740000000,4980000000,2877496,False
tablets,scaleout,join_command_start,2026-09-21T17:54:30.889014+00:00,751.806004,846,r-scylla3,4,10.99,1983201149,10427106853,910000000,2120000000,2540000000,4740000000,2877496,False
tablets,scaleout,join_command_start,2026-09-21T17:54:30.889014+00:00,751.806004,846,r-scylla4,4,14.33,531418317,10427106853,525000000,457000000,1940000000,1820000000,2877496,False
tablets,scaleout,join_command_start,2026-09-21T17:54:34.303281+00:00,755.220271,847,r-scylla1,4,13.37,2059436818,10427106853,1080000000,2110000000,2760000000,4880000000,2878252,False
tablets,scaleout,join_command_start,2026-09-21T17:54:34.303281+00:00,755.220271,847,r-scylla2,4,12.41,1983201149,10427106853,949000000,2170000000,2740000000,4980000000,2878252,False
tablets,scaleout,join_command_start,2026-09-21T17:54:34.303281+00:00,755.220271,847,r-scylla3,4,12.75,1983201149,10427106853,911000000,2120000000,2540000000,4740000000,2878252,False
tablets,scaleout,join_command_start,2026-09-21T17:54:34.303281+00:00,755.220271,847,r-scylla4,4,15.94,532886323,10427106853,526000000,459000000,1940000000,1820000000,2878252,False
tablets,scaleout,join_command_start,2026-09-21T17:54:37.762114+00:00,758.679104,848,r-scylla1,4,12.05,2059436818,10427106853,1080000000,2110000000,2760000000,4880000000,2878756,False
tablets,scaleout,join_command_start,2026-09-21T17:54:37.762114+00:00,758.679104,848,r-scylla2,4,10.08,1983201149,10427106853,950000000,2170000000,2740000000,4980000000,2878756,False
tablets,scaleout,join_command_start,2026-09-21T17:54:37.762114+00:00,758.679104,848,r-scylla3,4,10.71,1983201149,10427106853,911000000,2120000000,2540000000,4740000000,2878756,False
tablets,scaleout,join_command_start,2026-09-21T17:54:37.762114+00:00,758.679104,848,r-scylla4,4,13.45,534459187,10427106853,526000000,461000000,1950000000,1820000000,2878756,False
tablets,scaleout,join_command_start,2026-09-21T17:54:41.301266+00:00,762.218256,849,r-scylla1,4,12.45,2059436818,10427106853,1080000000,2110000000,2760000000,4920000000,2879616,False
tablets,scaleout,join_command_start,2026-09-21T17:54:41.301266+00:00,762.218256,849,r-scylla2,4,12.38,1983201149,10427106853,950000000,2170000000,2740000000,4980000000,2879616,False
tablets,scaleout,join_command_start,2026-09-21T17:54:41.301266+00:00,762.218256,849,r-scylla3,4,11.82,1983201149,10427106853,912000000,2120000000,2540000000,4780000000,2879616,False
tablets,scaleout,join_command_start,2026-09-21T17:54:41.301266+00:00,762.218256,849,r-scylla4,4,14.94,536346624,10427106853,527000000,463000000,1950000000,1830000000,2879616,False
tablets,scaleout,join_command_start,2026-09-21T17:54:44.784209+00:00,765.701199,850,r-scylla1,4,13.26,2059436818,10427106853,1080000000,2120000000,2760000000,4920000000,2876028,False
tablets,scaleout,join_command_start,2026-09-21T17:54:44.784209+00:00,765.701199,850,r-scylla2,4,13.28,1983201149,10427106853,951000000,2170000000,2740000000,4980000000,2876028,False
tablets,scaleout,join_command_start,2026-09-21T17:54:44.784209+00:00,765.701199,850,r-scylla3,4,12.02,1983201149,10427106853,912000000,2120000000,2540000000,4780000000,2876028,False
tablets,scaleout,join_command_start,2026-09-21T17:54:44.784209+00:00,765.701199,850,r-scylla4,4,16.14,536870912,10427106853,527000000,465000000,1950000000,1830000000,2876028,False
tablets,scaleout,join_command_start,2026-09-21T17:54:48.191072+00:00,769.108062,851,r-scylla1,4,12.42,2059436818,10427106853,1080000000,2120000000,2760000000,4920000000,2872600,False
tablets,scaleout,join_command_start,2026-09-21T17:54:48.191072+00:00,769.108062,851,r-scylla2,4,12.10,1983201149,10427106853,951000000,2170000000,2740000000,4980000000,2872600,False
tablets,scaleout,join_command_start,2026-09-21T17:54:48.191072+00:00,769.108062,851,r-scylla3,4,11.73,1983201149,10427106853,913000000,2130000000,2540000000,4780000000,2872600,False
tablets,scaleout,join_command_start,2026-09-21T17:54:48.191072+00:00,769.108062,851,r-scylla4,4,14.77,539072922,10427106853,528000000,468000000,1960000000,1830000000,2872600,False
tablets,scaleout,join_command_start,2026-09-21T17:54:51.673516+00:00,772.590506,852,r-scylla1,4,12.19,2059436818,10427106853,1080000000,2120000000,2760000000,4920000000,2869620,False
tablets,scaleout,join_command_start,2026-09-21T17:54:51.673516+00:00,772.590506,852,r-scylla2,4,10.36,1983201149,10427106853,952000000,2180000000,2740000000,4980000000,2869620,False
tablets,scaleout,join_command_start,2026-09-21T17:54:51.673516+00:00,772.590506,852,r-scylla3,4,10.33,1984274891,10427106853,913000000,2130000000,2540000000,4780000000,2869620,False
tablets,scaleout,join_command_start,2026-09-21T17:54:51.673516+00:00,772.590506,852,r-scylla4,4,14.51,540540928,10427106853,528000000,469000000,1960000000,1830000000,2869620,False
tablets,scaleout,join_command_start,2026-09-21T17:54:55.119947+00:00,776.036937,853,r-scylla1,4,13.69,2059436818,10427106853,1080000000,2120000000,2760000000,4920000000,2866440,False
tablets,scaleout,join_command_start,2026-09-21T17:54:55.119947+00:00,776.036937,853,r-scylla2,4,12.22,1983201149,10427106853,952000000,2180000000,2740000000,4980000000,2866440,False
tablets,scaleout,join_command_start,2026-09-21T17:54:55.119947+00:00,776.036937,853,r-scylla3,4,13.75,1983201149,10427106853,914000000,2130000000,2540000000,4780000000,2866440,False
tablets,scaleout,join_command_start,2026-09-21T17:54:55.119947+00:00,776.036937,853,r-scylla4,4,16.91,542113792,10427106853,529000000,471000000,1970000000,1830000000,2866440,False
tablets,scaleout,join_command_start,2026-09-21T17:54:58.586776+00:00,779.503766,854,r-scylla1,4,8.38,2059436818,10427106853,1080000000,2120000000,2760000000,4920000000,2869404,False
tablets,scaleout,join_command_start,2026-09-21T17:54:58.586776+00:00,779.503766,854,r-scylla2,4,9.07,1983201149,10427106853,953000000,2180000000,2740000000,4980000000,2869404,False
tablets,scaleout,join_command_start,2026-09-21T17:54:58.586776+00:00,779.503766,854,r-scylla3,4,5.86,1983201149,10427106853,914000000,2130000000,2540000000,4780000000,2869404,False
tablets,scaleout,join_command_start,2026-09-21T17:54:58.586776+00:00,779.503766,854,r-scylla4,4,4.49,543057510,10427106853,529000000,474000000,1970000000,1830000000,2869404,False
tablets,scaleout,join_command_start,2026-09-21T17:55:02.138524+00:00,783.055514,855,r-scylla1,4,4.56,2059436818,10427106853,1080000000,2130000000,2760000000,4920000000,2869048,False
tablets,scaleout,join_command_start,2026-09-21T17:55:02.138524+00:00,783.055514,855,r-scylla2,4,5.75,1983201149,10427106853,953000000,2180000000,2740000000,4980000000,2869048,False
tablets,scaleout,join_command_start,2026-09-21T17:55:02.138524+00:00,783.055514,855,r-scylla3,4,4.51,1983201149,10427106853,914000000,2130000000,2540000000,4780000000,2869048,False
tablets,scaleout,join_command_start,2026-09-21T17:55:02.138524+00:00,783.055514,855,r-scylla4,4,4.79,543057510,10427106853,529000000,475000000,1970000000,1830000000,2869048,False
tablets,four_node,,2026-09-21T18:07:48.209601+00:00,,1073,r-scylla1,4,13.46,2068026753,10427106853,1120000000,2460000000,3200000000,5330000000,2784420,False
tablets,four_node,,2026-09-21T18:07:48.209601+00:00,,1073,r-scylla2,4,13.77,1983201149,10427106853,970000000,2520000000,3180000000,5390000000,2784420,False
tablets,four_node,,2026-09-21T18:07:48.209601+00:00,,1073,r-scylla3,4,12.55,1983201149,10427106853,926000000,2470000000,2980000000,5190000000,2784420,False
tablets,four_node,,2026-09-21T18:07:48.209601+00:00,,1073,r-scylla4,4,16.52,614150963,10427106853,546000000,800000000,2070000000,1830000000,2784420,False
tablets,four_node,,2026-09-21T18:07:51.649014+00:00,,1074,r-scylla1,4,13.70,2068026753,10427106853,1120000000,2460000000,3200000000,5330000000,2782012,False
tablets,four_node,,2026-09-21T18:07:51.649014+00:00,,1074,r-scylla2,4,14.10,1983201149,10427106853,970000000,2520000000,3180000000,5390000000,2782012,False
tablets,four_node,,2026-09-21T18:07:51.649014+00:00,,1074,r-scylla3,4,12.57,1983201149,10427106853,926000000,2470000000,2980000000,5190000000,2782012,False
tablets,four_node,,2026-09-21T18:07:51.649014+00:00,,1074,r-scylla4,4,15.86,615094682,10427106853,546000000,802000000,2080000000,1830000000,2782012,False
tablets,four_node,,2026-09-21T18:07:55.110518+00:00,,1075,r-scylla1,4,13.03,2068026753,10427106853,1120000000,2460000000,3200000000,5330000000,2776040,False
tablets,four_node,,2026-09-21T18:07:55.110518+00:00,,1075,r-scylla2,4,11.98,1983201149,10427106853,971000000,2520000000,3180000000,5390000000,2776040,False
tablets,four_node,,2026-09-21T18:07:55.110518+00:00,,1075,r-scylla3,4,11.80,1983201149,10427106853,927000000,2470000000,2980000000,5190000000,2776040,False
tablets,four_node,,2026-09-21T18:07:55.110518+00:00,,1075,r-scylla4,4,15.14,616667546,10427106853,547000000,804000000,2080000000,1830000000,2776040,False
tablets,four_node,,2026-09-21T18:07:58.489187+00:00,,1076,r-scylla1,4,13.88,2068026753,10427106853,1120000000,2470000000,3200000000,5330000000,2775720,False
tablets,four_node,,2026-09-21T18:07:58.489187+00:00,,1076,r-scylla2,4,12.68,1983201149,10427106853,972000000,2520000000,3180000000,5390000000,2775720,False
tablets,four_node,,2026-09-21T18:07:58.489187+00:00,,1076,r-scylla3,4,12.66,1983201149,10427106853,927000000,2480000000,2980000000,5190000000,2775720,False
tablets,four_node,,2026-09-21T18:07:58.489187+00:00,,1076,r-scylla4,4,18.47,618030694,10427106853,547000000,806000000,2080000000,1830000000,2775720,False
tablets,four_node,,2026-09-21T18:08:01.922222+00:00,,1077,r-scylla1,4,12.28,2068026753,10427106853,1120000000,2470000000,3200000000,5330000000,2771984,False
tablets,four_node,,2026-09-21T18:08:01.922222+00:00,,1077,r-scylla2,4,12.48,1983201149,10427106853,972000000,2530000000,3180000000,5390000000,2771984,False
tablets,four_node,,2026-09-21T18:08:01.922222+00:00,,1077,r-scylla3,4,11.31,1983201149,10427106853,928000000,2480000000,2980000000,5190000000,2771984,False
tablets,four_node,,2026-09-21T18:08:01.922222+00:00,,1077,r-scylla4,4,18.59,619498701,10427106853,548000000,808000000,2090000000,1830000000,2771984,False
tablets,four_node,,2026-09-21T18:08:05.299835+00:00,,1078,r-scylla1,4,11.19,2068026753,10427106853,1120000000,2470000000,3200000000,5330000000,2772344,False
tablets,four_node,,2026-09-21T18:08:05.299835+00:00,,1078,r-scylla2,4,12.63,1983201149,10427106853,972000000,2530000000,3180000000,5390000000,2772344,False
tablets,four_node,,2026-09-21T18:08:05.299835+00:00,,1078,r-scylla3,4,11.90,1983201149,10427106853,928000000,2480000000,2980000000,5190000000,2772344,False
tablets,four_node,,2026-09-21T18:08:05.299835+00:00,,1078,r-scylla4,4,14.51,621071565,10427106853,549000000,810000000,2090000000,1830000000,2772344,False
tablets,four_node,,2026-09-21T18:08:08.709571+00:00,,1079,r-scylla1,4,12.89,2068026753,10427106853,1120000000,2470000000,3200000000,5330000000,2770444,False
tablets,four_node,,2026-09-21T18:08:08.709571+00:00,,1079,r-scylla2,4,13.14,1983201149,10427106853,973000000,2530000000,3180000000,5390000000,2770444,False
tablets,four_node,,2026-09-21T18:08:08.709571+00:00,,1079,r-scylla3,4,12.29,1983201149,10427106853,929000000,2480000000,2980000000,5190000000,2770444,False
tablets,four_node,,2026-09-21T18:08:08.709571+00:00,,1079,r-scylla4,4,15.12,622224998,10427106853,549000000,812000000,2090000000,1830000000,2770444,False
tablets,four_node,,2026-09-21T18:08:12.130977+00:00,,1080,r-scylla1,4,11.96,2068026753,10427106853,1120000000,2480000000,3200000000,5330000000,2769660,False
tablets,four_node,,2026-09-21T18:08:12.130977+00:00,,1080,r-scylla2,4,8.54,1983201149,10427106853,974000000,2530000000,3180000000,5390000000,2769660,False
tablets,four_node,,2026-09-21T18:08:12.130977+00:00,,1080,r-scylla3,4,12.35,1983201149,10427106853,929000000,2480000000,2980000000,5190000000,2769660,False
tablets,four_node,,2026-09-21T18:08:12.130977+00:00,,1080,r-scylla4,4,11.70,623483290,10427106853,549000000,814000000,2100000000,1830000000,2769660,False
tablets,four_node,,2026-09-21T18:08:15.558437+00:00,,1081,r-scylla1,4,13.68,2068026753,10427106853,1120000000,2480000000,3200000000,5330000000,2770044,False
tablets,four_node,,2026-09-21T18:08:15.558437+00:00,,1081,r-scylla2,4,11.84,1983201149,10427106853,974000000,2530000000,3180000000,5390000000,2770044,False
tablets,four_node,,2026-09-21T18:08:15.558437+00:00,,1081,r-scylla3,4,13.35,1983201149,10427106853,930000000,2490000000,2980000000,5190000000,2770044,False
tablets,four_node,,2026-09-21T18:08:15.558437+00:00,,1081,r-scylla4,4,16.72,625056154,10427106853,550000000,817000000,2100000000,1830000000,2770044,False
tablets,four_node,,2026-09-21T18:08:18.949935+00:00,,1082,r-scylla1,4,11.69,2068026753,10427106853,1120000000,2480000000,3200000000,5330000000,2766352,False
tablets,four_node,,2026-09-21T18:08:18.949935+00:00,,1082,r-scylla2,4,11.37,1983201149,10427106853,975000000,2540000000,3180000000,5390000000,2766352,False
tablets,four_node,,2026-09-21T18:08:18.949935+00:00,,1082,r-scylla3,4,11.64,1983201149,10427106853,930000000,2490000000,2980000000,5190000000,2766352,False
tablets,four_node,,2026-09-21T18:08:18.949935+00:00,,1082,r-scylla4,4,14.80,626419302,10427106853,550000000,819000000,2100000000,1830000000,2766352,False
tablets,four_node,,2026-09-21T18:08:22.363774+00:00,,1083,r-scylla1,4,11.46,2068026753,10427106853,1120000000,2480000000,3200000000,5330000000,2768032,False
tablets,four_node,,2026-09-21T18:08:22.363774+00:00,,1083,r-scylla2,4,11.42,1983201149,10427106853,975000000,2540000000,3180000000,5390000000,2768032,False
tablets,four_node,,2026-09-21T18:08:22.363774+00:00,,1083,r-scylla3,4,11.06,1983201149,10427106853,931000000,2490000000,2980000000,5190000000,2768032,False
tablets,four_node,,2026-09-21T18:08:22.363774+00:00,,1083,r-scylla4,4,15.49,627467878,10427106853,551000000,821000000,2110000000,1830000000,2768032,False
tablets,four_node,,2026-09-21T18:08:25.798112+00:00,,1084,r-scylla1,4,13.40,2068026753,10427106853,1130000000,2480000000,3200000000,5330000000,2767920,False
tablets,four_node,,2026-09-21T18:08:25.798112+00:00,,1084,r-scylla2,4,12.01,1983201149,10427106853,976000000,2540000000,3180000000,5390000000,2767920,False
tablets,four_node,,2026-09-21T18:08:25.798112+00:00,,1084,r-scylla3,4,11.79,1983201149,10427106853,931000000,2490000000,2980000000,5190000000,2767920,False
tablets,four_node,,2026-09-21T18:08:25.798112+00:00,,1084,r-scylla4,4,15.69,628831027,10427106853,551000000,823000000,2110000000,1830000000,2767920,False
tablets,four_node,,2026-09-21T18:08:29.269398+00:00,,1085,r-scylla1,4,13.94,2068026753,10427106853,1130000000,2490000000,3200000000,5330000000,2765992,False
tablets,four_node,,2026-09-21T18:08:29.269398+00:00,,1085,r-scylla2,4,12.76,1983201149,10427106853,976000000,2540000000,3180000000,5390000000,2765992,False
tablets,four_node,,2026-09-21T18:08:29.269398+00:00,,1085,r-scylla3,4,14.74,1983201149,10427106853,932000000,2500000000,2980000000,5190000000,2765992,False
tablets,four_node,,2026-09-21T18:08:29.269398+00:00,,1085,r-scylla4,4,13.15,630299034,10427106853,552000000,825000000,2110000000,1830000000,2765992,False
tablets,four_node,,2026-09-21T18:08:32.743557+00:00,,1086,r-scylla1,4,12.78,2068026753,10427106853,1130000000,2490000000,3200000000,5330000000,2765468,False
tablets,four_node,,2026-09-21T18:08:32.743557+00:00,,1086,r-scylla2,4,12.21,1983201149,10427106853,977000000,2540000000,3180000000,5390000000,2765468,False
tablets,four_node,,2026-09-21T18:08:32.743557+00:00,,1086,r-scylla3,4,10.76,1983201149,10427106853,932000000,2500000000,2980000000,5190000000,2765468,False
tablets,four_node,,2026-09-21T18:08:32.743557+00:00,,1086,r-scylla4,4,16.87,632920474,10427106853,553000000,828000000,2120000000,1830000000,2765468,False
tablets,four_node,,2026-09-21T18:08:36.117947+00:00,,1087,r-scylla1,4,9.85,2068026753,10427106853,1130000000,2490000000,3200000000,5330000000,2767292,False
tablets,four_node,,2026-09-21T18:08:36.117947+00:00,,1087,r-scylla2,4,10.56,1983201149,10427106853,977000000,2550000000,3180000000,5390000000,2767292,False
tablets,four_node,,2026-09-21T18:08:36.117947+00:00,,1087,r-scylla3,4,9.68,1983201149,10427106853,933000000,2500000000,2980000000,5190000000,2767292,False
tablets,four_node,,2026-09-21T18:08:36.117947+00:00,,1087,r-scylla4,4,16.21,633549619,10427106853,553000000,829000000,2120000000,1830000000,2767292,False
tablets,four_node,,2026-09-21T18:08:39.570490+00:00,,1088,r-scylla1,4,12.01,2068026753,10427106853,1130000000,2490000000,3200000000,5330000000,2762280,False
tablets,four_node,,2026-09-21T18:08:39.570490+00:00,,1088,r-scylla2,4,11.82,1983201149,10427106853,978000000,2550000000,3180000000,5390000000,2762280,False
tablets,four_node,,2026-09-21T18:08:39.570490+00:00,,1088,r-scylla3,4,11.31,1983201149,10427106853,934000000,2500000000,2980000000,5190000000,2762280,False
tablets,four_node,,2026-09-21T18:08:39.570490+00:00,,1088,r-scylla4,4,14.60,634807910,10427106853,554000000,831000000,2130000000,1830000000,2762280,False
tablets,four_node,,2026-09-21T18:08:43.082124+00:00,,1089,r-scylla1,4,12.37,2068026753,10427106853,1130000000,2490000000,3200000000,5330000000,2759976,False
tablets,four_node,,2026-09-21T18:08:43.082124+00:00,,1089,r-scylla2,4,10.75,1983201149,10427106853,979000000,2550000000,3180000000,5390000000,2759976,False
tablets,four_node,,2026-09-21T18:08:43.082124+00:00,,1089,r-scylla3,4,12.17,1983201149,10427106853,934000000,2500000000,2980000000,5190000000,2759976,False
tablets,four_node,,2026-09-21T18:08:43.082124+00:00,,1089,r-scylla4,4,15.00,635856486,10427106853,554000000,834000000,2130000000,1830000000,2759976,False
tablets,four_node,,2026-09-21T18:08:46.507448+00:00,,1090,r-scylla1,4,11.26,2068026753,10427106853,1130000000,2500000000,3200000000,5330000000,2755408,False
tablets,four_node,,2026-09-21T18:08:46.507448+00:00,,1090,r-scylla2,4,11.50,1983201149,10427106853,979000000,2550000000,3180000000,5390000000,2755408,False
tablets,four_node,,2026-09-21T18:08:46.507448+00:00,,1090,r-scylla3,4,11.83,1983201149,10427106853,935000000,2510000000,2980000000,5190000000,2755408,False
tablets,four_node,,2026-09-21T18:08:46.507448+00:00,,1090,r-scylla4,4,15.05,637114778,10427106853,555000000,836000000,2130000000,1830000000,2755408,False
tablets,four_node,,2026-09-21T18:08:49.998750+00:00,,1091,r-scylla1,4,12.68,2068026753,10427106853,1130000000,2500000000,3200000000,5330000000,2755000,False
tablets,four_node,,2026-09-21T18:08:49.998750+00:00,,1091,r-scylla2,4,11.63,1983201149,10427106853,980000000,2560000000,3180000000,5390000000,2755000,False
tablets,four_node,,2026-09-21T18:08:49.998750+00:00,,1091,r-scylla3,4,12.25,1983201149,10427106853,935000000,2510000000,2980000000,5190000000,2755000,False
tablets,four_node,,2026-09-21T18:08:49.998750+00:00,,1091,r-scylla4,4,15.05,639002214,10427106853,555000000,839000000,2140000000,1830000000,2755000,False
tablets,four_node,,2026-09-21T18:08:53.405409+00:00,,1092,r-scylla1,4,11.70,2068026753,10427106853,1130000000,2500000000,3200000000,5330000000,2752876,False
tablets,four_node,,2026-09-21T18:08:53.405409+00:00,,1092,r-scylla2,4,11.86,1983201149,10427106853,980000000,2560000000,3180000000,5390000000,2752876,False
tablets,four_node,,2026-09-21T18:08:53.405409+00:00,,1092,r-scylla3,4,10.77,1983201149,10427106853,936000000,2510000000,2980000000,5190000000,2752876,False
tablets,four_node,,2026-09-21T18:08:53.405409+00:00,,1092,r-scylla4,4,14.94,640260506,10427106853,556000000,840000000,2140000000,1830000000,2752876,False
tablets,four_node,,2026-09-21T18:08:56.742602+00:00,,1093,r-scylla1,4,9.16,2068026753,10427106853,1130000000,2500000000,3200000000,5330000000,2752040,False
tablets,four_node,,2026-09-21T18:08:56.742602+00:00,,1093,r-scylla2,4,8.40,1983201149,10427106853,981000000,2560000000,3180000000,5390000000,2752040,False
tablets,four_node,,2026-09-21T18:08:56.742602+00:00,,1093,r-scylla3,4,8.85,1983201149,10427106853,936000000,2510000000,2980000000,5190000000,2752040,False
tablets,four_node,,2026-09-21T18:08:56.742602+00:00,,1093,r-scylla4,4,15.44,641518797,10427106853,556000000,842000000,2140000000,1830000000,2752040,False
tablets,four_node,,2026-09-21T18:09:00.094316+00:00,,1094,r-scylla1,4,12.73,2068026753,10427106853,1130000000,2510000000,3200000000,5330000000,2750012,False
tablets,four_node,,2026-09-21T18:09:00.094316+00:00,,1094,r-scylla2,4,13.08,1983201149,10427106853,981000000,2560000000,3180000000,5390000000,2750012,False
tablets,four_node,,2026-09-21T18:09:00.094316+00:00,,1094,r-scylla3,4,12.65,1983201149,10427106853,937000000,2510000000,2980000000,5190000000,2750012,False
tablets,four_node,,2026-09-21T18:09:00.094316+00:00,,1094,r-scylla4,4,16.06,642881946,10427106853,557000000,844000000,2150000000,1830000000,2750012,False
tablets,four_node,,2026-09-21T18:09:03.598133+00:00,,1095,r-scylla1,4,13.44,2068026753,10427106853,1130000000,2510000000,3200000000,5330000000,2749264,False
tablets,four_node,,2026-09-21T18:09:03.598133+00:00,,1095,r-scylla2,4,12.94,1983201149,10427106853,982000000,2560000000,3180000000,5390000000,2749264,False
tablets,four_node,,2026-09-21T18:09:03.598133+00:00,,1095,r-scylla3,4,12.40,1983201149,10427106853,937000000,2520000000,2980000000,5190000000,2749264,False
tablets,four_node,,2026-09-21T18:09:03.598133+00:00,,1095,r-scylla4,4,16.15,644664525,10427106853,557000000,847000000,2150000000,1830000000,2749264,False
tablets,four_node,,2026-09-21T18:09:07.039220+00:00,,1096,r-scylla1,4,13.28,2068026753,10427106853,1130000000,2510000000,3200000000,5330000000,2747028,False
tablets,four_node,,2026-09-21T18:09:07.039220+00:00,,1096,r-scylla2,4,12.33,1983201149,10427106853,982000000,2570000000,3180000000,5390000000,2747028,False
tablets,four_node,,2026-09-21T18:09:07.039220+00:00,,1096,r-scylla3,4,11.74,1983201149,10427106853,938000000,2520000000,2980000000,5190000000,2747028,False
tablets,four_node,,2026-09-21T18:09:07.039220+00:00,,1096,r-scylla4,4,14.11,645713101,10427106853,558000000,848000000,2150000000,1830000000,2747028,False
tablets,four_node,,2026-09-21T18:09:10.408911+00:00,,1097,r-scylla1,4,12.61,2068026753,10427106853,1130000000,2510000000,3200000000,5330000000,2744892,False
tablets,four_node,,2026-09-21T18:09:10.408911+00:00,,1097,r-scylla2,4,11.44,1983201149,10427106853,983000000,2570000000,3180000000,5390000000,2744892,False
tablets,four_node,,2026-09-21T18:09:10.408911+00:00,,1097,r-scylla3,4,11.71,1983201149,10427106853,938000000,2520000000,2980000000,5190000000,2744892,False
tablets,four_node,,2026-09-21T18:09:10.408911+00:00,,1097,r-scylla4,4,15.00,648019968,10427106853,558000000,851000000,2160000000,1830000000,2744892,False
tablets,four_node,,2026-09-21T18:09:13.830074+00:00,,1098,r-scylla1,4,10.57,2068026753,10427106853,1130000000,2510000000,3200000000,5330000000,2746948,False
tablets,four_node,,2026-09-21T18:09:13.830074+00:00,,1098,r-scylla2,4,11.73,1983201149,10427106853,983000000,2570000000,3180000000,5390000000,2746948,False
tablets,four_node,,2026-09-21T18:09:13.830074+00:00,,1098,r-scylla3,4,10.23,1983201149,10427106853,939000000,2520000000,2980000000,5190000000,2746948,False
tablets,four_node,,2026-09-21T18:09:13.830074+00:00,,1098,r-scylla4,4,12.59,649173402,10427106853,559000000,853000000,2160000000,1830000000,2746948,False
tablets,four_node,,2026-09-21T18:09:17.283578+00:00,,1099,r-scylla1,4,11.81,2068026753,10427106853,1130000000,2520000000,3200000000,5330000000,2743616,False
tablets,four_node,,2026-09-21T18:09:17.283578+00:00,,1099,r-scylla2,4,11.84,1983201149,10427106853,984000000,2570000000,3180000000,5390000000,2743616,False
tablets,four_node,,2026-09-21T18:09:17.283578+00:00,,1099,r-scylla3,4,11.86,1983201149,10427106853,939000000,2530000000,2980000000,5190000000,2743616,False
tablets,four_node,,2026-09-21T18:09:17.283578+00:00,,1099,r-scylla4,4,13.45,650221978,10427106853,559000000,855000000,2160000000,1830000000,2743616,False
tablets,four_node,,2026-09-21T18:09:20.706156+00:00,,1100,r-scylla1,4,11.63,2068026753,10427106853,1130000000,2520000000,3200000000,5330000000,2742124,False
tablets,four_node,,2026-09-21T18:09:20.706156+00:00,,1100,r-scylla2,4,12.17,1983201149,10427106853,985000000,2570000000,3180000000,5390000000,2742124,False
tablets,four_node,,2026-09-21T18:09:20.706156+00:00,,1100,r-scylla3,4,12.00,1983201149,10427106853,940000000,2530000000,2980000000,5190000000,2742124,False
tablets,four_node,,2026-09-21T18:09:20.706156+00:00,,1100,r-scylla4,4,13.81,651375411,10427106853,560000000,857000000,2170000000,1830000000,2742124,False
tablets,four_node,,2026-09-21T18:09:24.124411+00:00,,1101,r-scylla1,4,13.30,2068026753,10427106853,1130000000,2520000000,3200000000,5330000000,2743184,False
tablets,four_node,,2026-09-21T18:09:24.124411+00:00,,1101,r-scylla2,4,12.31,1983201149,10427106853,985000000,2580000000,3180000000,5390000000,2743184,False
tablets,four_node,,2026-09-21T18:09:24.124411+00:00,,1101,r-scylla3,4,11.51,1983201149,10427106853,940000000,2530000000,2980000000,5190000000,2743184,False
tablets,four_node,,2026-09-21T18:09:24.124411+00:00,,1101,r-scylla4,4,15.98,652423987,10427106853,560000000,859000000,2170000000,1830000000,2743184,False
tablets,four_node,,2026-09-21T18:09:27.549220+00:00,,1102,r-scylla1,4,12.01,2068026753,10427106853,1130000000,2520000000,3200000000,5330000000,2740632,False
tablets,four_node,,2026-09-21T18:09:27.549220+00:00,,1102,r-scylla2,4,10.83,1983201149,10427106853,986000000,2580000000,3180000000,5390000000,2740632,False
tablets,four_node,,2026-09-21T18:09:27.549220+00:00,,1102,r-scylla3,4,11.89,1983201149,10427106853,941000000,2530000000,2980000000,5190000000,2740632,False
tablets,four_node,,2026-09-21T18:09:27.549220+00:00,,1102,r-scylla4,4,15.04,653891994,10427106853,561000000,862000000,2170000000,1830000000,2740632,False
tablets,four_node,,2026-09-21T18:09:30.933272+00:00,,1103,r-scylla1,4,11.14,2068026753,10427106853,1140000000,2530000000,3200000000,5330000000,2740364,False
tablets,four_node,,2026-09-21T18:09:30.933272+00:00,,1103,r-scylla2,4,10.61,1983201149,10427106853,986000000,2580000000,3180000000,5390000000,2740364,False
tablets,four_node,,2026-09-21T18:09:30.933272+00:00,,1103,r-scylla3,4,11.69,1983201149,10427106853,941000000,2530000000,2980000000,5190000000,2740364,False
tablets,four_node,,2026-09-21T18:09:30.933272+00:00,,1103,r-scylla4,4,14.41,655045427,10427106853,561000000,863000000,2180000000,1830000000,2740364,False
tablets,four_node,,2026-09-21T18:09:34.323757+00:00,,1104,r-scylla1,4,13.04,2068026753,10427106853,1140000000,2530000000,3200000000,5340000000,2739192,False
tablets,four_node,,2026-09-21T18:09:34.323757+00:00,,1104,r-scylla2,4,10.36,1983201149,10427106853,987000000,2580000000,3180000000,5390000000,2739192,False
tablets,four_node,,2026-09-21T18:09:34.323757+00:00,,1104,r-scylla3,4,10.57,1983201149,10427106853,942000000,2540000000,2980000000,5190000000,2739192,False
tablets,four_node,,2026-09-21T18:09:34.323757+00:00,,1104,r-scylla4,4,14.39,657981440,10427106853,562000000,866000000,2180000000,1830000000,2739192,False
tablets,four_node,,2026-09-21T18:09:37.804315+00:00,,1105,r-scylla1,4,7.66,2068026753,10427106853,1140000000,2530000000,3200000000,5340000000,2734820,False
tablets,four_node,,2026-09-21T18:09:37.804315+00:00,,1105,r-scylla2,4,8.11,1983201149,10427106853,987000000,2590000000,3180000000,5400000000,2734820,False
tablets,four_node,,2026-09-21T18:09:37.804315+00:00,,1105,r-scylla3,4,7.65,1983201149,10427106853,942000000,2540000000,2980000000,5190000000,2734820,False
tablets,four_node,,2026-09-21T18:09:37.804315+00:00,,1105,r-scylla4,4,10.11,657562010,10427106853,562000000,868000000,2180000000,1830000000,2734820,False
tablets,four_node,,2026-09-21T18:09:41.124333+00:00,,1106,r-scylla1,4,12.42,2068026753,10427106853,1140000000,2530000000,3200000000,5340000000,2732332,False
tablets,four_node,,2026-09-21T18:09:41.124333+00:00,,1106,r-scylla2,4,11.10,1983201149,10427106853,988000000,2590000000,3180000000,5400000000,2732332,False
tablets,four_node,,2026-09-21T18:09:41.124333+00:00,,1106,r-scylla3,4,11.57,1983201149,10427106853,943000000,2540000000,2980000000,5190000000,2732332,False
tablets,four_node,,2026-09-21T18:09:41.124333+00:00,,1106,r-scylla4,4,14.93,659030016,10427106853,563000000,869000000,2190000000,1830000000,2732332,False
tablets,four_node,,2026-09-21T18:09:44.582824+00:00,,1107,r-scylla1,4,11.41,2068026753,10427106853,1140000000,2530000000,3200000000,5340000000,2732892,False
tablets,four_node,,2026-09-21T18:09:44.582824+00:00,,1107,r-scylla2,4,11.45,1983201149,10427106853,988000000,2590000000,3180000000,5400000000,2732892,False
tablets,four_node,,2026-09-21T18:09:44.582824+00:00,,1107,r-scylla3,4,12.11,1983201149,10427106853,943000000,2540000000,2980000000,5200000000,2732892,False
tablets,four_node,,2026-09-21T18:09:44.582824+00:00,,1107,r-scylla4,4,13.90,660498022,10427106853,563000000,871000000,2190000000,1830000000,2732892,False
tablets,four_node,,2026-09-21T18:09:47.957382+00:00,,1108,r-scylla1,4,4.51,2068026753,10427106853,1140000000,2540000000,3200000000,5340000000,2749452,False
tablets,four_node,,2026-09-21T18:09:47.957382+00:00,,1108,r-scylla2,4,3.98,1983201149,10427106853,988000000,2590000000,3180000000,5400000000,2749452,False
tablets,four_node,,2026-09-21T18:09:47.957382+00:00,,1108,r-scylla3,4,4.47,1983201149,10427106853,944000000,2540000000,2980000000,5200000000,2749452,False
tablets,four_node,,2026-09-21T18:09:47.957382+00:00,,1108,r-scylla4,4,4.01,661022310,10427106853,564000000,873000000,2190000000,1830000000,2749452,False
tablets,four_node,,2026-09-21T18:09:51.497086+00:00,,1109,r-scylla1,4,4.65,2068026753,10427106853,1140000000,2540000000,3200000000,5340000000,2782076,False
tablets,four_node,,2026-09-21T18:09:51.497086+00:00,,1109,r-scylla2,4,3.40,1983201149,10427106853,988000000,2590000000,3180000000,5400000000,2782076,False
tablets,four_node,,2026-09-21T18:09:51.497086+00:00,,1109,r-scylla3,4,4.93,1983201149,10427106853,944000000,2550000000,2980000000,5200000000,2782076,False
tablets,four_node,,2026-09-21T18:09:51.497086+00:00,,1109,r-scylla4,4,3.63,661022310,10427106853,564000000,875000000,2190000000,1830000000,2782076,False
tablets,scalein,decommission_command_start,2026-09-21T18:34:11.092923+00:00,-119.665800,1541,r-scylla1,4,7.22,2069100495,10427106853,1210000000,3170000000,3230000000,5340000000,2710952,False
tablets,scalein,decommission_command_start,2026-09-21T18:34:11.092923+00:00,-119.665800,1541,r-scylla2,4,6.93,1983201149,10427106853,1020000000,3220000000,3210000000,5400000000,2710952,False
tablets,scalein,decommission_command_start,2026-09-21T18:34:11.092923+00:00,-119.665800,1541,r-scylla3,4,7.18,1983201149,10427106853,963000000,3180000000,3010000000,5200000000,2710952,False
tablets,scalein,decommission_command_start,2026-09-21T18:34:11.092923+00:00,-119.665800,1541,r-scylla4,4,8.58,693633024,10427106853,588000000,1490000000,2260000000,1830000000,2710952,False
tablets,scalein,decommission_command_start,2026-09-21T18:34:14.408648+00:00,-116.350075,1542,r-scylla1,4,11.15,2068026753,10427106853,1210000000,3170000000,3230000000,5340000000,2703472,False
tablets,scalein,decommission_command_start,2026-09-21T18:34:14.408648+00:00,-116.350075,1542,r-scylla2,4,11.26,1983201149,10427106853,1020000000,3220000000,3210000000,5400000000,2703472,False
tablets,scalein,decommission_command_start,2026-09-21T18:34:14.408648+00:00,-116.350075,1542,r-scylla3,4,11.72,1983201149,10427106853,963000000,3180000000,3010000000,5200000000,2703472,False
tablets,scalein,decommission_command_start,2026-09-21T18:34:14.408648+00:00,-116.350075,1542,r-scylla4,4,15.95,694576742,10427106853,589000000,1490000000,2260000000,1830000000,2703472,False
tablets,scalein,decommission_command_start,2026-09-21T18:34:17.950842+00:00,-112.807881,1543,r-scylla1,4,12.24,2069100495,10427106853,1210000000,3170000000,3230000000,5340000000,2700908,False
tablets,scalein,decommission_command_start,2026-09-21T18:34:17.950842+00:00,-112.807881,1543,r-scylla2,4,10.73,1983201149,10427106853,1020000000,3230000000,3210000000,5400000000,2700908,False
tablets,scalein,decommission_command_start,2026-09-21T18:34:17.950842+00:00,-112.807881,1543,r-scylla3,4,12.23,1983201149,10427106853,964000000,3180000000,3010000000,5200000000,2700908,False
tablets,scalein,decommission_command_start,2026-09-21T18:34:17.950842+00:00,-112.807881,1543,r-scylla4,4,15.20,696673894,10427106853,589000000,1490000000,2270000000,1830000000,2700908,False
tablets,scalein,decommission_command_start,2026-09-21T18:34:21.344577+00:00,-109.414146,1544,r-scylla1,4,10.78,2068026753,10427106853,1210000000,3170000000,3230000000,5340000000,2698472,False
tablets,scalein,decommission_command_start,2026-09-21T18:34:21.344577+00:00,-109.414146,1544,r-scylla2,4,10.74,1983201149,10427106853,1020000000,3230000000,3210000000,5400000000,2698472,False
tablets,scalein,decommission_command_start,2026-09-21T18:34:21.344577+00:00,-109.414146,1544,r-scylla3,4,11.18,1983201149,10427106853,964000000,3180000000,3010000000,5200000000,2698472,False
tablets,scalein,decommission_command_start,2026-09-21T18:34:21.344577+00:00,-109.414146,1544,r-scylla4,4,12.01,697407898,10427106853,590000000,1500000000,2270000000,1830000000,2698472,False
tablets,scalein,decommission_command_start,2026-09-21T18:34:24.715662+00:00,-106.043061,1545,r-scylla1,4,11.65,2068026753,10427106853,1210000000,3180000000,3230000000,5340000000,2698448,False
tablets,scalein,decommission_command_start,2026-09-21T18:34:24.715662+00:00,-106.043061,1545,r-scylla2,4,10.73,1983201149,10427106853,1020000000,3230000000,3210000000,5400000000,2698448,False
tablets,scalein,decommission_command_start,2026-09-21T18:34:24.715662+00:00,-106.043061,1545,r-scylla3,4,10.49,1983201149,10427106853,965000000,3180000000,3010000000,5200000000,2698448,False
tablets,scalein,decommission_command_start,2026-09-21T18:34:24.715662+00:00,-106.043061,1545,r-scylla4,4,16.56,698666189,10427106853,590000000,1500000000,2270000000,1830000000,2698448,False
tablets,scalein,decommission_command_start,2026-09-21T18:34:28.082085+00:00,-102.676638,1546,r-scylla1,4,9.99,2068026753,10427106853,1210000000,3180000000,3230000000,5340000000,2697372,False
tablets,scalein,decommission_command_start,2026-09-21T18:34:28.082085+00:00,-102.676638,1546,r-scylla2,4,10.24,1983201149,10427106853,1020000000,3230000000,3210000000,5400000000,2697372,False
tablets,scalein,decommission_command_start,2026-09-21T18:34:28.082085+00:00,-102.676638,1546,r-scylla3,4,11.03,1983201149,10427106853,965000000,3190000000,3010000000,5200000000,2697372,False
tablets,scalein,decommission_command_start,2026-09-21T18:34:28.082085+00:00,-102.676638,1546,r-scylla4,4,13.22,700553626,10427106853,591000000,1500000000,2280000000,1830000000,2697372,False
tablets,scalein,decommission_command_start,2026-09-21T18:34:31.436679+00:00,-99.322044,1547,r-scylla1,4,11.29,2068026753,10427106853,1210000000,3180000000,3230000000,5340000000,2695448,False
tablets,scalein,decommission_command_start,2026-09-21T18:34:31.436679+00:00,-99.322044,1547,r-scylla2,4,10.67,1983201149,10427106853,1020000000,3240000000,3210000000,5400000000,2695448,False
tablets,scalein,decommission_command_start,2026-09-21T18:34:31.436679+00:00,-99.322044,1547,r-scylla3,4,10.73,1983201149,10427106853,966000000,3190000000,3010000000,5200000000,2695448,False
tablets,scalein,decommission_command_start,2026-09-21T18:34:31.436679+00:00,-99.322044,1547,r-scylla4,4,13.39,701602202,10427106853,591000000,1500000000,2280000000,1840000000,2695448,False
tablets,scalein,decommission_command_start,2026-09-21T18:34:34.762080+00:00,-95.996643,1548,r-scylla1,4,11.29,2069100495,10427106853,1210000000,3180000000,3230000000,5340000000,2692088,False
tablets,scalein,decommission_command_start,2026-09-21T18:34:34.762080+00:00,-95.996643,1548,r-scylla2,4,9.79,1983201149,10427106853,1020000000,3240000000,3210000000,5400000000,2692088,False
tablets,scalein,decommission_command_start,2026-09-21T18:34:34.762080+00:00,-95.996643,1548,r-scylla3,4,11.30,1983201149,10427106853,966000000,3190000000,3010000000,5200000000,2692088,False
tablets,scalein,decommission_command_start,2026-09-21T18:34:34.762080+00:00,-95.996643,1548,r-scylla4,4,14.02,702650778,10427106853,592000000,1500000000,2280000000,1840000000,2692088,False
tablets,scalein,decommission_command_start,2026-09-21T18:34:38.118487+00:00,-92.640236,1549,r-scylla1,4,14.34,2068026753,10427106853,1210000000,3180000000,3230000000,5340000000,2696376,False
tablets,scalein,decommission_command_start,2026-09-21T18:34:38.118487+00:00,-92.640236,1549,r-scylla2,4,12.34,1983201149,10427106853,1020000000,3240000000,3210000000,5400000000,2696376,False
tablets,scalein,decommission_command_start,2026-09-21T18:34:38.118487+00:00,-92.640236,1549,r-scylla3,4,13.16,1983201149,10427106853,967000000,3190000000,3010000000,5200000000,2696376,False
tablets,scalein,decommission_command_start,2026-09-21T18:34:38.118487+00:00,-92.640236,1549,r-scylla4,4,14.36,703489638,10427106853,592000000,1510000000,2280000000,1840000000,2696376,False
tablets,scalein,decommission_command_start,2026-09-21T18:34:41.523816+00:00,-89.234907,1550,r-scylla1,4,11.30,2069100495,10427106853,1210000000,3190000000,3230000000,5340000000,2696332,False
tablets,scalein,decommission_command_start,2026-09-21T18:34:41.523816+00:00,-89.234907,1550,r-scylla2,4,10.02,1983201149,10427106853,1020000000,3240000000,3210000000,5400000000,2696332,False
tablets,scalein,decommission_command_start,2026-09-21T18:34:41.523816+00:00,-89.234907,1550,r-scylla3,4,10.63,1983201149,10427106853,967000000,3200000000,3010000000,5200000000,2696332,False
tablets,scalein,decommission_command_start,2026-09-21T18:34:41.523816+00:00,-89.234907,1550,r-scylla4,4,12.38,706215936,10427106853,593000000,1510000000,2290000000,1840000000,2696332,False
tablets,scalein,decommission_command_start,2026-09-21T18:34:44.869776+00:00,-85.888947,1551,r-scylla1,4,11.42,2068026753,10427106853,1210000000,3190000000,3230000000,5340000000,2693548,False
tablets,scalein,decommission_command_start,2026-09-21T18:34:44.869776+00:00,-85.888947,1551,r-scylla2,4,10.65,1983201149,10427106853,1020000000,3240000000,3210000000,5400000000,2693548,False
tablets,scalein,decommission_command_start,2026-09-21T18:34:44.869776+00:00,-85.888947,1551,r-scylla3,4,9.29,1983201149,10427106853,968000000,3200000000,3010000000,5200000000,2693548,False
tablets,scalein,decommission_command_start,2026-09-21T18:34:44.869776+00:00,-85.888947,1551,r-scylla4,4,11.78,706320794,10427106853,593000000,1510000000,2290000000,1840000000,2693548,False
tablets,scalein,decommission_command_start,2026-09-21T18:34:48.158756+00:00,-82.599967,1552,r-scylla1,4,10.80,2069100495,10427106853,1210000000,3190000000,3230000000,5340000000,2690876,False
tablets,scalein,decommission_command_start,2026-09-21T18:34:48.158756+00:00,-82.599967,1552,r-scylla2,4,11.17,1983201149,10427106853,1020000000,3250000000,3210000000,5400000000,2690876,False
tablets,scalein,decommission_command_start,2026-09-21T18:34:48.158756+00:00,-82.599967,1552,r-scylla3,4,10.67,1983201149,10427106853,968000000,3200000000,3010000000,5200000000,2690876,False
tablets,scalein,decommission_command_start,2026-09-21T18:34:48.158756+00:00,-82.599967,1552,r-scylla4,4,14.38,708208230,10427106853,594000000,1510000000,2290000000,1840000000,2690876,False
tablets,scalein,decommission_command_start,2026-09-21T18:34:51.459269+00:00,-79.299454,1553,r-scylla1,4,11.22,2068026753,10427106853,1210000000,3190000000,3230000000,5340000000,2688856,False
tablets,scalein,decommission_command_start,2026-09-21T18:34:51.459269+00:00,-79.299454,1553,r-scylla2,4,10.41,1984274891,10427106853,1020000000,3250000000,3210000000,5400000000,2688856,False
tablets,scalein,decommission_command_start,2026-09-21T18:34:51.459269+00:00,-79.299454,1553,r-scylla3,4,11.26,1983201149,10427106853,969000000,3200000000,3010000000,5200000000,2688856,False
tablets,scalein,decommission_command_start,2026-09-21T18:34:51.459269+00:00,-79.299454,1553,r-scylla4,4,14.31,709047091,10427106853,594000000,1510000000,2300000000,1840000000,2688856,False
tablets,scalein,decommission_command_start,2026-09-21T18:34:54.828784+00:00,-75.929939,1554,r-scylla1,4,11.25,2069100495,10427106853,1210000000,3200000000,3230000000,5340000000,2690412,False
tablets,scalein,decommission_command_start,2026-09-21T18:34:54.828784+00:00,-75.929939,1554,r-scylla2,4,10.89,1983201149,10427106853,1030000000,3250000000,3210000000,5400000000,2690412,False
tablets,scalein,decommission_command_start,2026-09-21T18:34:54.828784+00:00,-75.929939,1554,r-scylla3,4,11.65,1983201149,10427106853,969000000,3200000000,3010000000,5200000000,2690412,False
tablets,scalein,decommission_command_start,2026-09-21T18:34:54.828784+00:00,-75.929939,1554,r-scylla4,4,13.28,710305382,10427106853,595000000,1520000000,2300000000,1840000000,2690412,False
tablets,scalein,decommission_command_start,2026-09-21T18:34:58.142781+00:00,-72.615942,1555,r-scylla1,4,11.16,2069100495,10427106853,1210000000,3200000000,3230000000,5340000000,2689172,False
tablets,scalein,decommission_command_start,2026-09-21T18:34:58.142781+00:00,-72.615942,1555,r-scylla2,4,10.73,1983201149,10427106853,1030000000,3250000000,3210000000,5400000000,2689172,False
tablets,scalein,decommission_command_start,2026-09-21T18:34:58.142781+00:00,-72.615942,1555,r-scylla3,4,10.13,1983201149,10427106853,970000000,3210000000,3010000000,5200000000,2689172,False
tablets,scalein,decommission_command_start,2026-09-21T18:34:58.142781+00:00,-72.615942,1555,r-scylla4,4,13.47,711563674,10427106853,595000000,1520000000,2300000000,1840000000,2689172,False
tablets,scalein,decommission_command_start,2026-09-21T18:35:01.475606+00:00,-69.283117,1556,r-scylla1,4,10.71,2069100495,10427106853,1210000000,3200000000,3230000000,5340000000,2692908,False
tablets,scalein,decommission_command_start,2026-09-21T18:35:01.475606+00:00,-69.283117,1556,r-scylla2,4,9.40,1983201149,10427106853,1030000000,3250000000,3210000000,5400000000,2692908,False
tablets,scalein,decommission_command_start,2026-09-21T18:35:01.475606+00:00,-69.283117,1556,r-scylla3,4,9.65,1983201149,10427106853,970000000,3210000000,3010000000,5200000000,2692908,False
tablets,scalein,decommission_command_start,2026-09-21T18:35:01.475606+00:00,-69.283117,1556,r-scylla4,4,13.24,712717107,10427106853,596000000,1520000000,2310000000,1840000000,2692908,False
tablets,scalein,decommission_command_start,2026-09-21T18:35:04.748686+00:00,-66.010037,1557,r-scylla1,4,11.63,2068026753,10427106853,1220000000,3200000000,3230000000,5340000000,2691060,False
tablets,scalein,decommission_command_start,2026-09-21T18:35:04.748686+00:00,-66.010037,1557,r-scylla2,4,10.46,1984274891,10427106853,1030000000,3260000000,3210000000,5400000000,2691060,False
tablets,scalein,decommission_command_start,2026-09-21T18:35:04.748686+00:00,-66.010037,1557,r-scylla3,4,9.26,1983201149,10427106853,971000000,3210000000,3010000000,5200000000,2691060,False
tablets,scalein,decommission_command_start,2026-09-21T18:35:04.748686+00:00,-66.010037,1557,r-scylla4,4,12.53,714394829,10427106853,596000000,1520000000,2310000000,1840000000,2691060,False
tablets,scalein,decommission_command_start,2026-09-21T18:35:08.077018+00:00,-62.681705,1558,r-scylla1,4,9.40,2068026753,10427106853,1220000000,3200000000,3230000000,5340000000,2687368,False
tablets,scalein,decommission_command_start,2026-09-21T18:35:08.077018+00:00,-62.681705,1558,r-scylla2,4,9.28,1983201149,10427106853,1030000000,3260000000,3210000000,5400000000,2687368,False
tablets,scalein,decommission_command_start,2026-09-21T18:35:08.077018+00:00,-62.681705,1558,r-scylla3,4,9.62,1983201149,10427106853,971000000,3210000000,3010000000,5200000000,2687368,False
tablets,scalein,decommission_command_start,2026-09-21T18:35:08.077018+00:00,-62.681705,1558,r-scylla4,4,13.33,715338547,10427106853,597000000,1530000000,2310000000,1840000000,2687368,False
tablets,scalein,decommission_command_start,2026-09-21T18:35:11.462796+00:00,-59.295927,1559,r-scylla1,4,9.65,2068026753,10427106853,1220000000,3210000000,3230000000,5340000000,2682924,False
tablets,scalein,decommission_command_start,2026-09-21T18:35:11.462796+00:00,-59.295927,1559,r-scylla2,4,9.33,1983201149,10427106853,1030000000,3260000000,3210000000,5400000000,2682924,False
tablets,scalein,decommission_command_start,2026-09-21T18:35:11.462796+00:00,-59.295927,1559,r-scylla3,4,9.75,1983201149,10427106853,972000000,3210000000,3010000000,5200000000,2682924,False
tablets,scalein,decommission_command_start,2026-09-21T18:35:11.462796+00:00,-59.295927,1559,r-scylla4,4,12.08,716596838,10427106853,597000000,1530000000,2320000000,1840000000,2682924,False
tablets,scalein,decommission_command_start,2026-09-21T18:35:14.834371+00:00,-55.924352,1560,r-scylla1,4,11.13,2069100495,10427106853,1220000000,3210000000,3230000000,5340000000,2679800,False
tablets,scalein,decommission_command_start,2026-09-21T18:35:14.834371+00:00,-55.924352,1560,r-scylla2,4,10.59,1983201149,10427106853,1030000000,3260000000,3210000000,5400000000,2679800,False
tablets,scalein,decommission_command_start,2026-09-21T18:35:14.834371+00:00,-55.924352,1560,r-scylla3,4,10.71,1983201149,10427106853,972000000,3220000000,3010000000,5200000000,2679800,False
tablets,scalein,decommission_command_start,2026-09-21T18:35:14.834371+00:00,-55.924352,1560,r-scylla4,4,15.41,717645414,10427106853,598000000,1530000000,2320000000,1840000000,2679800,False
tablets,scalein,decommission_command_start,2026-09-21T18:35:18.152790+00:00,-52.605933,1561,r-scylla1,4,11.07,2069100495,10427106853,1220000000,3210000000,3230000000,5340000000,2677880,False
tablets,scalein,decommission_command_start,2026-09-21T18:35:18.152790+00:00,-52.605933,1561,r-scylla2,4,10.12,1983201149,10427106853,1030000000,3270000000,3210000000,5400000000,2677880,False
tablets,scalein,decommission_command_start,2026-09-21T18:35:18.152790+00:00,-52.605933,1561,r-scylla3,4,10.52,1983201149,10427106853,973000000,3220000000,3010000000,5200000000,2677880,False
tablets,scalein,decommission_command_start,2026-09-21T18:35:18.152790+00:00,-52.605933,1561,r-scylla4,4,13.11,719113421,10427106853,598000000,1530000000,2320000000,1840000000,2677880,False
tablets,scalein,decommission_command_start,2026-09-21T18:35:21.457815+00:00,-49.300908,1562,r-scylla1,4,10.03,2069100495,10427106853,1220000000,3210000000,3230000000,5340000000,2673464,False
tablets,scalein,decommission_command_start,2026-09-21T18:35:21.457815+00:00,-49.300908,1562,r-scylla2,4,9.21,1983201149,10427106853,1030000000,3270000000,3210000000,5400000000,2673464,False
tablets,scalein,decommission_command_start,2026-09-21T18:35:21.457815+00:00,-49.300908,1562,r-scylla3,4,10.22,1983201149,10427106853,973000000,3220000000,3010000000,5200000000,2673464,False
tablets,scalein,decommission_command_start,2026-09-21T18:35:21.457815+00:00,-49.300908,1562,r-scylla4,4,11.83,720266854,10427106853,599000000,1530000000,2320000000,1840000000,2673464,False
tablets,scalein,decommission_command_start,2026-09-21T18:35:24.767102+00:00,-45.991621,1563,r-scylla1,4,10.35,2069100495,10427106853,1220000000,3210000000,3230000000,5340000000,2673764,False
tablets,scalein,decommission_command_start,2026-09-21T18:35:24.767102+00:00,-45.991621,1563,r-scylla2,4,10.41,1983201149,10427106853,1030000000,3270000000,3210000000,5400000000,2673764,False
tablets,scalein,decommission_command_start,2026-09-21T18:35:24.767102+00:00,-45.991621,1563,r-scylla3,4,9.30,1983201149,10427106853,974000000,3220000000,3010000000,5200000000,2673764,False
tablets,scalein,decommission_command_start,2026-09-21T18:35:24.767102+00:00,-45.991621,1563,r-scylla4,4,11.56,721630003,10427106853,599000000,1540000000,2330000000,1840000000,2673764,False
tablets,scalein,decommission_command_start,2026-09-21T18:35:28.188394+00:00,-42.570329,1564,r-scylla1,4,11.17,2068026753,10427106853,1220000000,3220000000,3230000000,5340000000,2673024,False
tablets,scalein,decommission_command_start,2026-09-21T18:35:28.188394+00:00,-42.570329,1564,r-scylla2,4,10.21,1983201149,10427106853,1030000000,3270000000,3210000000,5400000000,2673024,False
tablets,scalein,decommission_command_start,2026-09-21T18:35:28.188394+00:00,-42.570329,1564,r-scylla3,4,10.62,1983201149,10427106853,974000000,3230000000,3010000000,5200000000,2673024,False
tablets,scalein,decommission_command_start,2026-09-21T18:35:28.188394+00:00,-42.570329,1564,r-scylla4,4,13.86,722888294,10427106853,600000000,1540000000,2330000000,1840000000,2673024,False
tablets,scalein,decommission_command_start,2026-09-21T18:35:31.598880+00:00,-39.159843,1565,r-scylla1,4,11.39,2068026753,10427106853,1220000000,3220000000,3230000000,5340000000,2669832,False
tablets,scalein,decommission_command_start,2026-09-21T18:35:31.598880+00:00,-39.159843,1565,r-scylla2,4,10.91,1983201149,10427106853,1030000000,3270000000,3210000000,5400000000,2669832,False
tablets,scalein,decommission_command_start,2026-09-21T18:35:31.598880+00:00,-39.159843,1565,r-scylla3,4,9.67,1983201149,10427106853,975000000,3230000000,3010000000,5200000000,2669832,False
tablets,scalein,decommission_command_start,2026-09-21T18:35:31.598880+00:00,-39.159843,1565,r-scylla4,4,12.53,724146586,10427106853,600000000,1540000000,2330000000,1840000000,2669832,False
tablets,scalein,decommission_command_start,2026-09-21T18:35:34.905590+00:00,-35.853133,1566,r-scylla1,4,11.51,2069100495,10427106853,1220000000,3220000000,3230000000,5340000000,2667768,False
tablets,scalein,decommission_command_start,2026-09-21T18:35:34.905590+00:00,-35.853133,1566,r-scylla2,4,10.13,1983201149,10427106853,1030000000,3280000000,3210000000,5400000000,2667768,False
tablets,scalein,decommission_command_start,2026-09-21T18:35:34.905590+00:00,-35.853133,1566,r-scylla3,4,11.20,1983201149,10427106853,975000000,3230000000,3010000000,5200000000,2667768,False
tablets,scalein,decommission_command_start,2026-09-21T18:35:34.905590+00:00,-35.853133,1566,r-scylla4,4,12.38,725195162,10427106853,601000000,1540000000,2340000000,1840000000,2667768,False
tablets,scalein,decommission_command_start,2026-09-21T18:35:38.261343+00:00,-32.497380,1567,r-scylla1,4,12.03,2068026753,10427106853,1220000000,3220000000,3230000000,5340000000,2664916,False
tablets,scalein,decommission_command_start,2026-09-21T18:35:38.261343+00:00,-32.497380,1567,r-scylla2,4,11.00,1983201149,10427106853,1030000000,3280000000,3210000000,5400000000,2664916,False
tablets,scalein,decommission_command_start,2026-09-21T18:35:38.261343+00:00,-32.497380,1567,r-scylla3,4,11.97,1983201149,10427106853,976000000,3230000000,3010000000,5200000000,2664916,False
tablets,scalein,decommission_command_start,2026-09-21T18:35:38.261343+00:00,-32.497380,1567,r-scylla4,4,14.24,726348595,10427106853,601000000,1540000000,2340000000,1840000000,2664916,False
tablets,scalein,decommission_command_start,2026-09-21T18:35:41.577856+00:00,-29.180867,1568,r-scylla1,4,11.81,2068026753,10427106853,1220000000,3230000000,3230000000,5340000000,2660560,False
tablets,scalein,decommission_command_start,2026-09-21T18:35:41.577856+00:00,-29.180867,1568,r-scylla2,4,11.18,1983201149,10427106853,1030000000,3280000000,3210000000,5400000000,2660560,False
tablets,scalein,decommission_command_start,2026-09-21T18:35:41.577856+00:00,-29.180867,1568,r-scylla3,4,10.57,1983201149,10427106853,976000000,3230000000,3010000000,5200000000,2660560,False
tablets,scalein,decommission_command_start,2026-09-21T18:35:41.577856+00:00,-29.180867,1568,r-scylla4,4,13.46,727606886,10427106853,602000000,1550000000,2340000000,1840000000,2660560,False
tablets,scalein,decommission_command_start,2026-09-21T18:35:44.964333+00:00,-25.794390,1569,r-scylla1,4,10.81,2069100495,10427106853,1220000000,3230000000,3230000000,5340000000,2662004,False
tablets,scalein,decommission_command_start,2026-09-21T18:35:44.964333+00:00,-25.794390,1569,r-scylla2,4,10.64,1983201149,10427106853,1030000000,3280000000,3210000000,5400000000,2662004,False
tablets,scalein,decommission_command_start,2026-09-21T18:35:44.964333+00:00,-25.794390,1569,r-scylla3,4,10.57,1983201149,10427106853,977000000,3240000000,3010000000,5200000000,2662004,False
tablets,scalein,decommission_command_start,2026-09-21T18:35:44.964333+00:00,-25.794390,1569,r-scylla4,4,14.16,729074893,10427106853,602000000,1550000000,2350000000,1840000000,2662004,False
tablets,scalein,decommission_command_start,2026-09-21T18:35:48.380272+00:00,-22.378451,1570,r-scylla1,4,11.51,2069100495,10427106853,1220000000,3230000000,3230000000,5340000000,2661264,False
tablets,scalein,decommission_command_start,2026-09-21T18:35:48.380272+00:00,-22.378451,1570,r-scylla2,4,11.55,1983201149,10427106853,1030000000,3280000000,3210000000,5400000000,2661264,False
tablets,scalein,decommission_command_start,2026-09-21T18:35:48.380272+00:00,-22.378451,1570,r-scylla3,4,11.79,1983201149,10427106853,977000000,3240000000,3010000000,5200000000,2661264,False
tablets,scalein,decommission_command_start,2026-09-21T18:35:48.380272+00:00,-22.378451,1570,r-scylla4,4,12.98,730438042,10427106853,603000000,1550000000,2350000000,1840000000,2661264,False
tablets,scalein,decommission_command_start,2026-09-21T18:35:51.715649+00:00,-19.043074,1571,r-scylla1,4,8.82,2068026753,10427106853,1220000000,3230000000,3230000000,5340000000,2659264,False
tablets,scalein,decommission_command_start,2026-09-21T18:35:51.715649+00:00,-19.043074,1571,r-scylla2,4,9.80,1983201149,10427106853,1030000000,3290000000,3210000000,5400000000,2659264,False
tablets,scalein,decommission_command_start,2026-09-21T18:35:51.715649+00:00,-19.043074,1571,r-scylla3,4,9.23,1983201149,10427106853,978000000,3240000000,3010000000,5200000000,2659264,False
tablets,scalein,decommission_command_start,2026-09-21T18:35:51.715649+00:00,-19.043074,1571,r-scylla4,4,13.18,731067187,10427106853,603000000,1550000000,2350000000,1840000000,2659264,False
tablets,scalein,decommission_command_start,2026-09-21T18:35:54.990881+00:00,-15.767842,1572,r-scylla1,4,11.24,2069100495,10427106853,1220000000,3230000000,3230000000,5340000000,2660288,False
tablets,scalein,decommission_command_start,2026-09-21T18:35:54.990881+00:00,-15.767842,1572,r-scylla2,4,10.68,1983201149,10427106853,1030000000,3290000000,3210000000,5400000000,2660288,False
tablets,scalein,decommission_command_start,2026-09-21T18:35:54.990881+00:00,-15.767842,1572,r-scylla3,4,11.00,1983201149,10427106853,978000000,3240000000,3010000000,5200000000,2660288,False
tablets,scalein,decommission_command_start,2026-09-21T18:35:54.990881+00:00,-15.767842,1572,r-scylla4,4,12.79,732640051,10427106853,604000000,1550000000,2360000000,1840000000,2660288,False
tablets,scalein,decommission_command_start,2026-09-21T18:35:58.295214+00:00,-12.463509,1573,r-scylla1,4,11.06,2068026753,10427106853,1220000000,3240000000,3230000000,5340000000,2659464,False
tablets,scalein,decommission_command_start,2026-09-21T18:35:58.295214+00:00,-12.463509,1573,r-scylla2,4,10.34,1983201149,10427106853,1040000000,3290000000,3210000000,5400000000,2659464,False
tablets,scalein,decommission_command_start,2026-09-21T18:35:58.295214+00:00,-12.463509,1573,r-scylla3,4,10.10,1983201149,10427106853,979000000,3240000000,3010000000,5200000000,2659464,False
tablets,scalein,decommission_command_start,2026-09-21T18:35:58.295214+00:00,-12.463509,1573,r-scylla4,4,13.00,734108058,10427106853,604000000,1560000000,2360000000,1840000000,2659464,False
tablets,scalein,decommission_command_start,2026-09-21T18:36:01.629711+00:00,-9.129012,1574,r-scylla1,4,9.92,2069100495,10427106853,1220000000,3240000000,3230000000,5340000000,2658576,False
tablets,scalein,decommission_command_start,2026-09-21T18:36:01.629711+00:00,-9.129012,1574,r-scylla2,4,9.64,1983201149,10427106853,1040000000,3290000000,3210000000,5400000000,2658576,False
tablets,scalein,decommission_command_start,2026-09-21T18:36:01.629711+00:00,-9.129012,1574,r-scylla3,4,9.33,1983201149,10427106853,979000000,3250000000,3010000000,5200000000,2658576,False
tablets,scalein,decommission_command_start,2026-09-21T18:36:01.629711+00:00,-9.129012,1574,r-scylla4,4,13.51,735261491,10427106853,605000000,1560000000,2360000000,1840000000,2658576,False
tablets,scalein,decommission_command_start,2026-09-21T18:36:04.982431+00:00,-5.776292,1575,r-scylla1,4,12.82,2068026753,10427106853,1220000000,3240000000,3230000000,5340000000,2657668,False
tablets,scalein,decommission_command_start,2026-09-21T18:36:04.982431+00:00,-5.776292,1575,r-scylla2,4,10.26,1983201149,10427106853,1040000000,3290000000,3210000000,5400000000,2657668,False
tablets,scalein,decommission_command_start,2026-09-21T18:36:04.982431+00:00,-5.776292,1575,r-scylla3,4,11.63,1983201149,10427106853,980000000,3250000000,3010000000,5200000000,2657668,False
tablets,scalein,decommission_command_start,2026-09-21T18:36:04.982431+00:00,-5.776292,1575,r-scylla4,4,13.51,736729498,10427106853,605000000,1560000000,2370000000,1840000000,2657668,False
tablets,scalein,decommission_command_start,2026-09-21T18:36:08.338903+00:00,-2.419820,1576,r-scylla1,4,10.48,2068026753,10427106853,1230000000,3240000000,3230000000,5340000000,2656480,False
tablets,scalein,decommission_command_start,2026-09-21T18:36:08.338903+00:00,-2.419820,1576,r-scylla2,4,11.05,1983201149,10427106853,1040000000,3300000000,3210000000,5400000000,2656480,False
tablets,scalein,decommission_command_start,2026-09-21T18:36:08.338903+00:00,-2.419820,1576,r-scylla3,4,10.97,1983201149,10427106853,980000000,3250000000,3010000000,5200000000,2656480,False
tablets,scalein,decommission_command_start,2026-09-21T18:36:08.338903+00:00,-2.419820,1576,r-scylla4,4,12.62,737882931,10427106853,606000000,1560000000,2370000000,1840000000,2656480,False
tablets,scalein,decommission_command_start,2026-09-21T18:36:11.670186+00:00,0.911463,1577,r-scylla1,4,62.68,2069100495,10427106853,1270000000,3250000000,3280000000,5430000000,2638592,False
tablets,scalein,decommission_command_start,2026-09-21T18:36:11.670186+00:00,0.911463,1577,r-scylla2,4,56.55,1984274891,10427106853,1080000000,3300000000,3270000000,5500000000,2638592,False
tablets,scalein,decommission_command_start,2026-09-21T18:36:11.670186+00:00,0.911463,1577,r-scylla3,4,52.19,1983201149,10427106853,1010000000,3250000000,3040000000,5260000000,2638592,False
tablets,scalein,decommission_command_start,2026-09-21T18:36:11.670186+00:00,0.911463,1577,r-scylla4,4,89.88,748578406,10427106853,607000000,1640000000,2530000000,1940000000,2638592,False
tablets,scalein,decommission_command_start,2026-09-21T18:36:14.998214+00:00,4.239491,1578,r-scylla1,4,49.21,2069100495,10427106853,1300000000,3250000000,3310000000,5490000000,2636624,False
tablets,scalein,decommission_command_start,2026-09-21T18:36:14.998214+00:00,4.239491,1578,r-scylla2,4,61.43,1983201149,10427106853,1120000000,3300000000,3330000000,5600000000,2636624,False
tablets,scalein,decommission_command_start,2026-09-21T18:36:14.998214+00:00,4.239491,1578,r-scylla3,4,53.26,1983201149,10427106853,1070000000,3250000000,3100000000,5380000000,2636624,False
tablets,scalein,decommission_command_start,2026-09-21T18:36:14.998214+00:00,4.239491,1578,r-scylla4,4,87.70,749626982,10427106853,609000000,1870000000,2970000000,2170000000,2636624,False
tablets,scalein,decommission_command_start,2026-09-21T18:36:18.303994+00:00,7.545271,1579,r-scylla1,4,53.92,2070174237,10427106853,1380000000,3250000000,3370000000,5640000000,2637984,False
tablets,scalein,decommission_command_start,2026-09-21T18:36:18.303994+00:00,7.545271,1579,r-scylla2,4,73.96,1983201149,10427106853,1180000000,3300000000,3390000000,5720000000,2637984,False
tablets,scalein,decommission_command_start,2026-09-21T18:36:18.303994+00:00,7.545271,1579,r-scylla3,4,69.40,1984274891,10427106853,1140000000,3260000000,3180000000,5520000000,2637984,False
tablets,scalein,decommission_command_start,2026-09-21T18:36:18.303994+00:00,7.545271,1579,r-scylla4,4,91.73,750151270,10427106853,610000000,1970000000,3180000000,2280000000,2637984,False
tablets,scalein,decommission_command_start,2026-09-21T18:36:21.621146+00:00,10.862423,1580,r-scylla1,4,96.61,2070174237,10427106853,1400000000,3260000000,3560000000,5920000000,2633576,False
tablets,scalein,decommission_command_start,2026-09-21T18:36:21.621146+00:00,10.862423,1580,r-scylla2,4,142.75,1985348633,10427106853,1180000000,3310000000,3450000000,5890000000,2633576,False
tablets,scalein,decommission_command_start,2026-09-21T18:36:21.621146+00:00,10.862423,1580,r-scylla3,4,101.33,1985348633,10427106853,1140000000,3270000000,3360000000,5770000000,2633576,False
tablets,scalein,decommission_command_start,2026-09-21T18:36:21.621146+00:00,10.862423,1580,r-scylla4,4,53.99,749522125,10427106853,610000000,2020000000,3290000000,2340000000,2633576,False
tablets,scalein,decommission_command_start,2026-09-21T18:36:25.023134+00:00,14.264411,1581,r-scylla1,4,99.19,2070174237,10427106853,1400000000,3280000000,4100000000,6400000000,2647792,False
tablets,scalein,decommission_command_start,2026-09-21T18:36:25.023134+00:00,14.264411,1581,r-scylla2,4,96.02,1984274891,10427106853,1180000000,3310000000,3850000000,6270000000,2647792,False
tablets,scalein,decommission_command_start,2026-09-21T18:36:25.023134+00:00,14.264411,1581,r-scylla3,4,82.52,1984274891,10427106853,1140000000,3270000000,3870000000,6250000000,2647792,False
tablets,scalein,decommission_command_start,2026-09-21T18:36:25.023134+00:00,14.264411,1581,r-scylla4,4,12.54,740294656,10427106853,610000000,2030000000,3290000000,2350000000,2647792,False
tablets,scalein,decommission_command_start,2026-09-21T18:36:28.322515+00:00,17.563792,1582,r-scylla1,4,14.14,2069100495,10427106853,1400000000,3290000000,4150000000,6440000000,2652232,False
tablets,scalein,decommission_command_start,2026-09-21T18:36:28.322515+00:00,17.563792,1582,r-scylla2,4,14.61,1984274891,10427106853,1210000000,3310000000,4100000000,6530000000,2652232,False
tablets,scalein,decommission_command_start,2026-09-21T18:36:28.322515+00:00,17.563792,1582,r-scylla3,4,13.74,1984274891,10427106853,1140000000,3280000000,3910000000,6290000000,2652232,False
tablets,scalein,decommission_command_start,2026-09-21T18:36:28.322515+00:00,17.563792,1582,r-scylla4,4,1.25,740294656,10427106853,610000000,2030000000,3290000000,2350000000,2652232,False
tablets,scalein,decommission_command_start,2026-09-21T18:36:31.700303+00:00,20.941580,1583,r-scylla1,4,13.06,2069100495,10427106853,1400000000,3290000000,4150000000,6440000000,2650156,False
tablets,scalein,decommission_command_start,2026-09-21T18:36:31.700303+00:00,20.941580,1583,r-scylla2,4,12.55,1984274891,10427106853,1210000000,3310000000,4100000000,6530000000,2650156,False
tablets,scalein,decommission_command_start,2026-09-21T18:36:31.700303+00:00,20.941580,1583,r-scylla3,4,13.15,1984274891,10427106853,1140000000,3280000000,3910000000,6290000000,2650156,False
tablets,scalein,decommission_command_start,2026-09-21T18:36:31.700303+00:00,20.941580,1583,r-scylla4,4,0.89,740294656,10427106853,610000000,2030000000,3290000000,2350000000,2650156,False
tablets,scalein,decommission_command_start,2026-09-21T18:36:34.987227+00:00,24.228504,1584,r-scylla1,4,11.97,2069100495,10427106853,1400000000,3290000000,4150000000,6440000000,2647580,False
tablets,scalein,decommission_command_start,2026-09-21T18:36:34.987227+00:00,24.228504,1584,r-scylla2,4,15.54,1984274891,10427106853,1210000000,3320000000,4100000000,6530000000,2647580,False
tablets,scalein,decommission_command_start,2026-09-21T18:36:34.987227+00:00,24.228504,1584,r-scylla3,4,14.27,1984274891,10427106853,1140000000,3280000000,3910000000,6290000000,2647580,False
tablets,scalein,decommission_command_start,2026-09-21T18:36:34.987227+00:00,24.228504,1584,r-scylla4,4,1.31,740609229,10427106853,610000000,2030000000,3290000000,2350000000,2647580,False
tablets,scalein,decommission_command_start,2026-09-21T18:36:38.345276+00:00,27.586553,1585,r-scylla1,4,13.26,2069100495,10427106853,1400000000,3290000000,4150000000,6440000000,2647108,False
tablets,scalein,decommission_command_start,2026-09-21T18:36:38.345276+00:00,27.586553,1585,r-scylla2,4,11.55,1984274891,10427106853,1210000000,3320000000,4100000000,6530000000,2647108,False
tablets,scalein,decommission_command_start,2026-09-21T18:36:38.345276+00:00,27.586553,1585,r-scylla3,4,13.09,1984274891,10427106853,1140000000,3280000000,3920000000,6290000000,2647108,False
tablets,scalein,decommission_command_start,2026-09-21T18:36:38.345276+00:00,27.586553,1585,r-scylla4,4,1.24,740294656,10427106853,610000000,2030000000,3290000000,2350000000,2647108,False
tablets,scalein,decommission_command_start,2026-09-21T18:36:41.713437+00:00,30.954714,1586,r-scylla1,4,14.36,2069100495,10427106853,1400000000,3300000000,4150000000,6440000000,2646224,False
tablets,scalein,decommission_command_start,2026-09-21T18:36:41.713437+00:00,30.954714,1586,r-scylla2,4,14.66,1984274891,10427106853,1210000000,3320000000,4110000000,6530000000,2646224,False
tablets,scalein,decommission_command_start,2026-09-21T18:36:41.713437+00:00,30.954714,1586,r-scylla3,4,13.45,1984274891,10427106853,1150000000,3290000000,3920000000,6290000000,2646224,False
tablets,scalein,decommission_command_start,2026-09-21T18:36:41.713437+00:00,30.954714,1586,r-scylla4,4,1.42,740609229,10427106853,610000000,2030000000,3290000000,2350000000,2646224,False
tablets,scalein,decommission_command_start,2026-09-21T18:36:45.031459+00:00,34.272736,1587,r-scylla1,4,15.10,2069100495,10427106853,1400000000,3300000000,4160000000,6440000000,2645168,False
tablets,scalein,decommission_command_start,2026-09-21T18:36:45.031459+00:00,34.272736,1587,r-scylla2,4,14.57,1984274891,10427106853,1210000000,3320000000,4110000000,6530000000,2645168,False
tablets,scalein,decommission_command_start,2026-09-21T18:36:45.031459+00:00,34.272736,1587,r-scylla3,4,13.92,1984274891,10427106853,1150000000,3290000000,3920000000,6290000000,2645168,False
tablets,scalein,decommission_command_start,2026-09-21T18:36:45.031459+00:00,34.272736,1587,r-scylla4,4,1.40,740294656,10427106853,610000000,2040000000,3290000000,2350000000,2645168,False
tablets,scalein,decommission_command_start,2026-09-21T18:36:48.366301+00:00,37.607578,1588,r-scylla1,4,12.59,2070174237,10427106853,1400000000,3300000000,4160000000,6440000000,2648884,False
tablets,scalein,decommission_command_start,2026-09-21T18:36:48.366301+00:00,37.607578,1588,r-scylla2,4,13.60,1984274891,10427106853,1210000000,3330000000,4110000000,6530000000,2648884,False
tablets,scalein,decommission_command_start,2026-09-21T18:36:48.366301+00:00,37.607578,1588,r-scylla3,4,12.74,1984274891,10427106853,1150000000,3290000000,3920000000,6290000000,2648884,False
tablets,scalein,decommission_command_start,2026-09-21T18:36:48.366301+00:00,37.607578,1588,r-scylla4,4,1.38,740818944,10427106853,610000000,2040000000,3290000000,2350000000,2648884,False
tablets,scalein,decommission_command_start,2026-09-21T18:36:51.708954+00:00,40.950231,1589,r-scylla1,4,13.28,2069100495,10427106853,1400000000,3300000000,4160000000,6440000000,2645864,False
tablets,scalein,decommission_command_start,2026-09-21T18:36:51.708954+00:00,40.950231,1589,r-scylla2,4,13.66,1984274891,10427106853,1210000000,3330000000,4110000000,6530000000,2645864,False
tablets,scalein,decommission_command_start,2026-09-21T18:36:51.708954+00:00,40.950231,1589,r-scylla3,4,13.94,1984274891,10427106853,1150000000,3290000000,3920000000,6290000000,2645864,False
tablets,scalein,decommission_command_start,2026-09-21T18:36:51.708954+00:00,40.950231,1589,r-scylla4,4,1.37,740609229,10427106853,610000000,2040000000,3290000000,2350000000,2645864,False
tablets,scalein,decommission_command_start,2026-09-21T18:36:55.059046+00:00,44.300323,1590,r-scylla1,4,12.59,2069100495,10427106853,1400000000,3310000000,4160000000,6440000000,2647884,False
tablets,scalein,decommission_command_start,2026-09-21T18:36:55.059046+00:00,44.300323,1590,r-scylla2,4,13.55,1984274891,10427106853,1210000000,3330000000,4120000000,6530000000,2647884,False
tablets,scalein,decommission_command_start,2026-09-21T18:36:55.059046+00:00,44.300323,1590,r-scylla3,4,12.88,1984274891,10427106853,1150000000,3300000000,3930000000,6290000000,2647884,False
tablets,scalein,decommission_command_start,2026-09-21T18:36:55.059046+00:00,44.300323,1590,r-scylla4,4,1.40,740609229,10427106853,610000000,2040000000,3290000000,2350000000,2647884,False
tablets,scalein,decommission_command_start,2026-09-21T18:36:58.419058+00:00,47.660335,1591,r-scylla1,4,13.82,2069100495,10427106853,1410000000,3310000000,4160000000,6440000000,2647528,False
tablets,scalein,decommission_command_start,2026-09-21T18:36:58.419058+00:00,47.660335,1591,r-scylla2,4,12.64,1984274891,10427106853,1220000000,3330000000,4120000000,6530000000,2647528,False
tablets,scalein,decommission_command_start,2026-09-21T18:36:58.419058+00:00,47.660335,1591,r-scylla3,4,11.89,1984274891,10427106853,1150000000,3300000000,3930000000,6290000000,2647528,False
tablets,scalein,decommission_command_start,2026-09-21T18:36:58.419058+00:00,47.660335,1591,r-scylla4,4,1.59,740294656,10427106853,610000000,2040000000,3290000000,2350000000,2647528,False
tablets,scalein,decommission_command_start,2026-09-21T18:37:01.764703+00:00,51.005980,1592,r-scylla1,4,11.94,2070174237,10427106853,1410000000,3310000000,4160000000,6440000000,2644764,False
tablets,scalein,decommission_command_start,2026-09-21T18:37:01.764703+00:00,51.005980,1592,r-scylla2,4,13.36,1984274891,10427106853,1220000000,3330000000,4120000000,6530000000,2644764,False
tablets,scalein,decommission_command_start,2026-09-21T18:37:01.764703+00:00,51.005980,1592,r-scylla3,4,12.65,1984274891,10427106853,1150000000,3300000000,3930000000,6290000000,2644764,False
tablets,scalein,decommission_command_start,2026-09-21T18:37:01.764703+00:00,51.005980,1592,r-scylla4,4,1.17,740609229,10427106853,610000000,2040000000,3290000000,2350000000,2644764,False
tablets,scalein,decommission_command_start,2026-09-21T18:37:05.120476+00:00,54.361753,1593,r-scylla1,4,10.33,2069100495,10427106853,1410000000,3310000000,4170000000,6440000000,2641440,False
tablets,scalein,decommission_command_start,2026-09-21T18:37:05.120476+00:00,54.361753,1593,r-scylla2,4,14.12,1984274891,10427106853,1220000000,3340000000,4120000000,6530000000,2641440,False
tablets,scalein,decommission_command_start,2026-09-21T18:37:05.120476+00:00,54.361753,1593,r-scylla3,4,13.25,1984274891,10427106853,1150000000,3300000000,3930000000,6290000000,2641440,False
tablets,scalein,decommission_command_start,2026-09-21T18:37:05.120476+00:00,54.361753,1593,r-scylla4,4,1.22,740294656,10427106853,610000000,2040000000,3290000000,2350000000,2641440,False
tablets,scalein,decommission_command_start,2026-09-21T18:37:08.435847+00:00,57.677124,1594,r-scylla1,4,14.44,2069100495,10427106853,1410000000,3320000000,4170000000,6440000000,2642776,False
tablets,scalein,decommission_command_start,2026-09-21T18:37:08.435847+00:00,57.677124,1594,r-scylla2,4,13.43,1984274891,10427106853,1220000000,3340000000,4120000000,6530000000,2642776,False
tablets,scalein,decommission_command_start,2026-09-21T18:37:08.435847+00:00,57.677124,1594,r-scylla3,4,13.24,1984274891,10427106853,1150000000,3310000000,3930000000,6290000000,2642776,False
tablets,scalein,decommission_command_start,2026-09-21T18:37:08.435847+00:00,57.677124,1594,r-scylla4,4,1.35,740609229,10427106853,610000000,2040000000,3290000000,2350000000,2642776,False
tablets,scalein,decommission_command_start,2026-09-21T18:37:11.729650+00:00,60.970927,1595,r-scylla1,4,13.90,2070174237,10427106853,1410000000,3320000000,4170000000,6440000000,2641052,False
tablets,scalein,decommission_command_start,2026-09-21T18:37:11.729650+00:00,60.970927,1595,r-scylla2,4,11.36,1984274891,10427106853,1220000000,3340000000,4130000000,6540000000,2641052,False
tablets,scalein,decommission_command_start,2026-09-21T18:37:11.729650+00:00,60.970927,1595,r-scylla3,4,14.26,1984274891,10427106853,1150000000,3310000000,3940000000,6290000000,2641052,False
tablets,scalein,decommission_command_start,2026-09-21T18:37:11.729650+00:00,60.970927,1595,r-scylla4,4,1.08,740609229,10427106853,610000000,2050000000,3290000000,2350000000,2641052,False
tablets,scalein,decommission_command_start,2026-09-21T18:37:15.027787+00:00,64.269064,1596,r-scylla1,4,12.66,2070174237,10427106853,1410000000,3320000000,4170000000,6440000000,2641932,False
tablets,scalein,decommission_command_start,2026-09-21T18:37:15.027787+00:00,64.269064,1596,r-scylla2,4,13.21,1984274891,10427106853,1220000000,3340000000,4130000000,6540000000,2641932,False
tablets,scalein,decommission_command_start,2026-09-21T18:37:15.027787+00:00,64.269064,1596,r-scylla3,4,12.52,1984274891,10427106853,1150000000,3310000000,3940000000,6290000000,2641932,False
tablets,scalein,decommission_command_start,2026-09-21T18:37:15.027787+00:00,64.269064,1596,r-scylla4,4,1.44,740294656,10427106853,610000000,2050000000,3290000000,2350000000,2641932,False
tablets,scalein,decommission_command_start,2026-09-21T18:37:18.400012+00:00,67.641289,1597,r-scylla1,4,14.59,2069100495,10427106853,1410000000,3320000000,4170000000,6440000000,2643760,False
tablets,scalein,decommission_command_start,2026-09-21T18:37:18.400012+00:00,67.641289,1597,r-scylla2,4,13.54,1984274891,10427106853,1220000000,3350000000,4130000000,6540000000,2643760,False
tablets,scalein,decommission_command_start,2026-09-21T18:37:18.400012+00:00,67.641289,1597,r-scylla3,4,13.96,1984274891,10427106853,1150000000,3310000000,3940000000,6290000000,2643760,False
tablets,scalein,decommission_command_start,2026-09-21T18:37:18.400012+00:00,67.641289,1597,r-scylla4,4,1.60,740609229,10427106853,610000000,2050000000,3290000000,2350000000,2643760,False
tablets,scalein,decommission_command_start,2026-09-21T18:37:21.682204+00:00,70.923481,1598,r-scylla1,4,12.64,2070174237,10427106853,1410000000,3320000000,4180000000,6450000000,2644384,False
tablets,scalein,decommission_command_start,2026-09-21T18:37:21.682204+00:00,70.923481,1598,r-scylla2,4,12.71,1984274891,10427106853,1220000000,3350000000,4130000000,6540000000,2644384,False
tablets,scalein,decommission_command_start,2026-09-21T18:37:21.682204+00:00,70.923481,1598,r-scylla3,4,12.11,1984274891,10427106853,1150000000,3310000000,3940000000,6290000000,2644384,False
tablets,scalein,decommission_command_start,2026-09-21T18:37:21.682204+00:00,70.923481,1598,r-scylla4,4,1.30,740609229,10427106853,610000000,2050000000,3290000000,2350000000,2644384,False
tablets,scalein,decommission_command_start,2026-09-21T18:37:25.005443+00:00,74.246720,1599,r-scylla1,4,11.83,2069100495,10427106853,1410000000,3330000000,4180000000,6450000000,2643384,False
tablets,scalein,decommission_command_start,2026-09-21T18:37:25.005443+00:00,74.246720,1599,r-scylla2,4,10.32,1984274891,10427106853,1220000000,3350000000,4140000000,6540000000,2643384,False
tablets,scalein,decommission_command_start,2026-09-21T18:37:25.005443+00:00,74.246720,1599,r-scylla3,4,11.07,1984274891,10427106853,1150000000,3320000000,3940000000,6290000000,2643384,False
tablets,scalein,decommission_command_start,2026-09-21T18:37:25.005443+00:00,74.246720,1599,r-scylla4,4,1.52,740294656,10427106853,610000000,2050000000,3290000000,2350000000,2643384,False
tablets,scalein,decommission_command_start,2026-09-21T18:37:28.336699+00:00,77.577976,1600,r-scylla1,4,13.23,2069100495,10427106853,1410000000,3330000000,4180000000,6450000000,2642892,False
tablets,scalein,decommission_command_start,2026-09-21T18:37:28.336699+00:00,77.577976,1600,r-scylla2,4,12.43,1984274891,10427106853,1220000000,3350000000,4140000000,6540000000,2642892,False
tablets,scalein,decommission_command_start,2026-09-21T18:37:28.336699+00:00,77.577976,1600,r-scylla3,4,14.51,1984274891,10427106853,1150000000,3320000000,3940000000,6290000000,2642892,False
tablets,scalein,decommission_command_start,2026-09-21T18:37:28.336699+00:00,77.577976,1600,r-scylla4,4,1.50,740609229,10427106853,610000000,2050000000,3290000000,2350000000,2642892,False
tablets,scalein,decommission_command_start,2026-09-21T18:37:31.690769+00:00,80.932046,1601,r-scylla1,4,14.08,2069100495,10427106853,1410000000,3330000000,4180000000,6450000000,2640096,False
tablets,scalein,decommission_command_start,2026-09-21T18:37:31.690769+00:00,80.932046,1601,r-scylla2,4,13.99,1984274891,10427106853,1220000000,3360000000,4140000000,6540000000,2640096,False
tablets,scalein,decommission_command_start,2026-09-21T18:37:31.690769+00:00,80.932046,1601,r-scylla3,4,14.53,1984274891,10427106853,1150000000,3320000000,3950000000,6290000000,2640096,False
tablets,scalein,decommission_command_start,2026-09-21T18:37:31.690769+00:00,80.932046,1601,r-scylla4,4,1.47,740294656,10427106853,610000000,2050000000,3290000000,2350000000,2640096,False
tablets,scalein,decommission_command_start,2026-09-21T18:37:35.049221+00:00,84.290498,1602,r-scylla1,4,13.06,2069100495,10427106853,1410000000,3330000000,4180000000,6450000000,2646420,False
tablets,scalein,decommission_command_start,2026-09-21T18:37:35.049221+00:00,84.290498,1602,r-scylla2,4,14.31,1984274891,10427106853,1220000000,3360000000,4140000000,6540000000,2646420,False
tablets,scalein,decommission_command_start,2026-09-21T18:37:35.049221+00:00,84.290498,1602,r-scylla3,4,12.78,1984274891,10427106853,1160000000,3320000000,3950000000,6290000000,2646420,False
tablets,scalein,decommission_command_start,2026-09-21T18:37:35.049221+00:00,84.290498,1602,r-scylla4,4,1.28,740294656,10427106853,610000000,2060000000,3290000000,2350000000,2646420,False
tablets,scalein,decommission_command_start,2026-09-21T18:37:38.344968+00:00,87.586245,1603,r-scylla1,4,12.37,2069100495,10427106853,1410000000,3340000000,4190000000,6450000000,2645960,False
tablets,scalein,decommission_command_start,2026-09-21T18:37:38.344968+00:00,87.586245,1603,r-scylla2,4,12.62,1984274891,10427106853,1220000000,3360000000,4150000000,6540000000,2645960,False
tablets,scalein,decommission_command_start,2026-09-21T18:37:38.344968+00:00,87.586245,1603,r-scylla3,4,12.96,1984274891,10427106853,1160000000,3330000000,3950000000,6290000000,2645960,False
tablets,scalein,decommission_command_start,2026-09-21T18:37:38.344968+00:00,87.586245,1603,r-scylla4,4,1.58,740294656,10427106853,610000000,2060000000,3290000000,2350000000,2645960,False
tablets,scalein,decommission_command_start,2026-09-21T18:37:41.780542+00:00,91.021819,1604,r-scylla1,4,15.57,2069100495,10427106853,1410000000,3340000000,4190000000,6450000000,2647116,False
tablets,scalein,decommission_command_start,2026-09-21T18:37:41.780542+00:00,91.021819,1604,r-scylla2,4,14.32,1984274891,10427106853,1220000000,3360000000,4150000000,6540000000,2647116,False
tablets,scalein,decommission_command_start,2026-09-21T18:37:41.780542+00:00,91.021819,1604,r-scylla3,4,13.49,1984274891,10427106853,1160000000,3330000000,3950000000,6290000000,2647116,False
tablets,scalein,decommission_command_start,2026-09-21T18:37:41.780542+00:00,91.021819,1604,r-scylla4,4,8.92,740818944,10427106853,610000000,2060000000,3300000000,2350000000,2647116,False
tablets,scalein,decommission_command_start,2026-09-21T18:37:45.123925+00:00,94.365202,1605,r-scylla1,4,11.24,2069100495,10427106853,1410000000,3340000000,4190000000,6450000000,2644988,False
tablets,scalein,decommission_command_start,2026-09-21T18:37:45.123925+00:00,94.365202,1605,r-scylla2,4,11.17,1984274891,10427106853,1220000000,3360000000,4150000000,6540000000,2644988,False
tablets,scalein,decommission_command_start,2026-09-21T18:37:45.123925+00:00,94.365202,1605,r-scylla3,4,12.55,1984274891,10427106853,1160000000,3330000000,3950000000,6290000000,2644988,False
tablets,scalein,decommission_command_start,2026-09-21T18:37:45.123925+00:00,94.365202,1605,r-scylla4,4,1.13,740294656,10427106853,610000000,2060000000,3300000000,2350000000,2644988,False
tablets,scalein,decommission_command_start,2026-09-21T18:37:48.501683+00:00,97.742960,1606,r-scylla1,4,14.96,2069100495,10427106853,1410000000,3340000000,4190000000,6450000000,2644232,False
tablets,scalein,decommission_command_start,2026-09-21T18:37:48.501683+00:00,97.742960,1606,r-scylla2,4,14.72,1984274891,10427106853,1230000000,3370000000,4150000000,6540000000,2644232,False
tablets,scalein,decommission_command_start,2026-09-21T18:37:48.501683+00:00,97.742960,1606,r-scylla3,4,14.96,1984274891,10427106853,1160000000,3330000000,3960000000,6290000000,2644232,False
tablets,scalein,decommission_command_start,2026-09-21T18:37:48.501683+00:00,97.742960,1606,r-scylla4,4,2.00,740294656,10427106853,610000000,2060000000,3300000000,2350000000,2644232,False
tablets,scalein,decommission_command_start,2026-09-21T18:37:51.828903+00:00,101.070180,1607,r-scylla1,4,13.29,2069100495,10427106853,1420000000,3350000000,4190000000,6450000000,2643632,False
tablets,scalein,decommission_command_start,2026-09-21T18:37:51.828903+00:00,101.070180,1607,r-scylla2,4,13.27,1984274891,10427106853,1230000000,3370000000,4150000000,6540000000,2643632,False
tablets,scalein,decommission_command_start,2026-09-21T18:37:51.828903+00:00,101.070180,1607,r-scylla3,4,13.34,1984274891,10427106853,1160000000,3330000000,3960000000,6290000000,2643632,False
tablets,scalein,decommission_command_start,2026-09-21T18:37:51.828903+00:00,101.070180,1607,r-scylla4,4,1.33,740609229,10427106853,611000000,2060000000,3300000000,2350000000,2643632,False
tablets,scalein,decommission_command_start,2026-09-21T18:37:55.204674+00:00,104.445951,1608,r-scylla1,4,12.98,2069100495,10427106853,1420000000,3350000000,4200000000,6450000000,2646376,False
tablets,scalein,decommission_command_start,2026-09-21T18:37:55.204674+00:00,104.445951,1608,r-scylla2,4,15.31,1984274891,10427106853,1230000000,3370000000,4160000000,6540000000,2646376,False
tablets,scalein,decommission_command_start,2026-09-21T18:37:55.204674+00:00,104.445951,1608,r-scylla3,4,13.48,1984274891,10427106853,1160000000,3340000000,3960000000,6290000000,2646376,False
tablets,scalein,decommission_command_start,2026-09-21T18:37:55.204674+00:00,104.445951,1608,r-scylla4,4,1.34,740609229,10427106853,611000000,2060000000,3300000000,2350000000,2646376,False
tablets,scalein,decommission_command_start,2026-09-21T18:37:58.491356+00:00,107.732633,1609,r-scylla1,4,11.86,2070174237,10427106853,1420000000,3350000000,4200000000,6450000000,2646992,False
tablets,scalein,decommission_command_start,2026-09-21T18:37:58.491356+00:00,107.732633,1609,r-scylla2,4,12.05,1984274891,10427106853,1230000000,3370000000,4160000000,6540000000,2646992,False
tablets,scalein,decommission_command_start,2026-09-21T18:37:58.491356+00:00,107.732633,1609,r-scylla3,4,11.69,1984274891,10427106853,1160000000,3340000000,3960000000,6290000000,2646992,False
tablets,scalein,decommission_command_start,2026-09-21T18:37:58.491356+00:00,107.732633,1609,r-scylla4,4,1.43,740294656,10427106853,611000000,2060000000,3300000000,2350000000,2646992,False
tablets,scalein,decommission_command_start,2026-09-21T18:38:01.830370+00:00,111.071647,1610,r-scylla1,4,12.80,2069100495,10427106853,1420000000,3350000000,4200000000,6450000000,2645356,False
tablets,scalein,decommission_command_start,2026-09-21T18:38:01.830370+00:00,111.071647,1610,r-scylla2,4,13.35,1984274891,10427106853,1230000000,3380000000,4160000000,6540000000,2645356,False
tablets,scalein,decommission_command_start,2026-09-21T18:38:01.830370+00:00,111.071647,1610,r-scylla3,4,12.08,1984274891,10427106853,1160000000,3340000000,3960000000,6290000000,2645356,False
tablets,scalein,decommission_command_start,2026-09-21T18:38:01.830370+00:00,111.071647,1610,r-scylla4,4,1.31,740609229,10427106853,611000000,2070000000,3300000000,2350000000,2645356,False
tablets,scalein,decommission_command_start,2026-09-21T18:38:05.119715+00:00,114.360992,1611,r-scylla1,4,14.92,2070174237,10427106853,1420000000,3350000000,4200000000,6450000000,2641852,False
tablets,scalein,decommission_command_start,2026-09-21T18:38:05.119715+00:00,114.360992,1611,r-scylla2,4,13.27,1984274891,10427106853,1230000000,3380000000,4160000000,6540000000,2641852,False
tablets,scalein,decommission_command_start,2026-09-21T18:38:05.119715+00:00,114.360992,1611,r-scylla3,4,14.29,1984274891,10427106853,1160000000,3340000000,3960000000,6290000000,2641852,False
tablets,scalein,decommission_command_start,2026-09-21T18:38:05.119715+00:00,114.360992,1611,r-scylla4,4,1.16,740609229,10427106853,611000000,2070000000,3300000000,2350000000,2641852,False
tablets,scalein,decommission_command_start,2026-09-21T18:38:08.421472+00:00,117.662749,1612,r-scylla1,4,13.74,2069100495,10427106853,1420000000,3360000000,4200000000,6450000000,2644944,False
tablets,scalein,decommission_command_start,2026-09-21T18:38:08.421472+00:00,117.662749,1612,r-scylla2,4,13.44,1984274891,10427106853,1230000000,3380000000,4160000000,6540000000,2644944,False
tablets,scalein,decommission_command_start,2026-09-21T18:38:08.421472+00:00,117.662749,1612,r-scylla3,4,13.84,1984274891,10427106853,1160000000,3350000000,3970000000,6290000000,2644944,False
tablets,scalein,decommission_command_start,2026-09-21T18:38:08.421472+00:00,117.662749,1612,r-scylla4,4,1.25,740294656,10427106853,611000000,2070000000,3300000000,2350000000,2644944,False
tablets,scalein,decommission_command_start,2026-09-21T18:38:11.744818+00:00,120.986095,1613,r-scylla1,4,11.87,2069100495,10427106853,1420000000,3360000000,4200000000,6450000000,2646236,False
tablets,scalein,decommission_command_start,2026-09-21T18:38:11.744818+00:00,120.986095,1613,r-scylla2,4,12.02,1984274891,10427106853,1230000000,3380000000,4170000000,6540000000,2646236,False
tablets,scalein,decommission_command_start,2026-09-21T18:38:11.744818+00:00,120.986095,1613,r-scylla3,4,10.93,1984274891,10427106853,1160000000,3350000000,3970000000,6290000000,2646236,False
tablets,scalein,decommission_command_start,2026-09-21T18:38:11.744818+00:00,120.986095,1613,r-scylla4,4,1.22,740294656,10427106853,611000000,2070000000,3300000000,2350000000,2646236,False
tablets,scalein,decommission_command_start,2026-09-21T18:38:15.017716+00:00,124.258993,1614,r-scylla1,4,12.81,2069100495,10427106853,1420000000,3360000000,4210000000,6450000000,2644876,False
tablets,scalein,decommission_command_start,2026-09-21T18:38:15.017716+00:00,124.258993,1614,r-scylla2,4,13.06,1984274891,10427106853,1230000000,3390000000,4170000000,6540000000,2644876,False
tablets,scalein,decommission_command_start,2026-09-21T18:38:15.017716+00:00,124.258993,1614,r-scylla3,4,13.20,1984274891,10427106853,1160000000,3350000000,3970000000,6300000000,2644876,False
tablets,scalein,decommission_command_start,2026-09-21T18:38:15.017716+00:00,124.258993,1614,r-scylla4,4,1.32,740609229,10427106853,611000000,2070000000,3300000000,2350000000,2644876,False
tablets,scalein,decommission_command_start,2026-09-21T18:38:18.406710+00:00,127.647987,1615,r-scylla1,4,13.32,2070174237,10427106853,1420000000,3360000000,4210000000,6450000000,2643104,False
tablets,scalein,decommission_command_start,2026-09-21T18:38:18.406710+00:00,127.647987,1615,r-scylla2,4,12.55,1984274891,10427106853,1230000000,3390000000,4170000000,6540000000,2643104,False
tablets,scalein,decommission_command_start,2026-09-21T18:38:18.406710+00:00,127.647987,1615,r-scylla3,4,12.64,1984274891,10427106853,1160000000,3350000000,3970000000,6300000000,2643104,False
tablets,scalein,decommission_command_start,2026-09-21T18:38:18.406710+00:00,127.647987,1615,r-scylla4,4,1.40,740294656,10427106853,611000000,2070000000,3300000000,2350000000,2643104,False
tablets,scalein,decommission_command_start,2026-09-21T18:38:21.734602+00:00,130.975879,1616,r-scylla1,4,12.57,2069100495,10427106853,1420000000,3370000000,4210000000,6450000000,2644692,False
tablets,scalein,decommission_command_start,2026-09-21T18:38:21.734602+00:00,130.975879,1616,r-scylla2,4,13.47,1984274891,10427106853,1230000000,3390000000,4170000000,6540000000,2644692,False
tablets,scalein,decommission_command_start,2026-09-21T18:38:21.734602+00:00,130.975879,1616,r-scylla3,4,13.28,1984274891,10427106853,1160000000,3350000000,3970000000,6300000000,2644692,False
tablets,scalein,decommission_command_start,2026-09-21T18:38:21.734602+00:00,130.975879,1616,r-scylla4,4,1.27,740294656,10427106853,611000000,2070000000,3300000000,2350000000,2644692,False
tablets,scalein,decommission_command_start,2026-09-21T18:38:25.055431+00:00,134.296708,1617,r-scylla1,4,13.29,2069100495,10427106853,1420000000,3370000000,4210000000,6450000000,2644372,False
tablets,scalein,decommission_command_start,2026-09-21T18:38:25.055431+00:00,134.296708,1617,r-scylla2,4,12.80,1984274891,10427106853,1230000000,3390000000,4180000000,6540000000,2644372,False
tablets,scalein,decommission_command_start,2026-09-21T18:38:25.055431+00:00,134.296708,1617,r-scylla3,4,12.67,1984274891,10427106853,1160000000,3360000000,3980000000,6300000000,2644372,False
tablets,scalein,decommission_command_start,2026-09-21T18:38:25.055431+00:00,134.296708,1617,r-scylla4,4,1.29,740609229,10427106853,611000000,2070000000,3300000000,2350000000,2644372,False
tablets,scalein,decommission_command_start,2026-09-21T18:38:28.359695+00:00,137.600972,1618,r-scylla1,4,11.87,2069100495,10427106853,1420000000,3370000000,4210000000,6450000000,2646280,False
tablets,scalein,decommission_command_start,2026-09-21T18:38:28.359695+00:00,137.600972,1618,r-scylla2,4,11.72,1984274891,10427106853,1230000000,3400000000,4180000000,6540000000,2646280,False
tablets,scalein,decommission_command_start,2026-09-21T18:38:28.359695+00:00,137.600972,1618,r-scylla3,4,11.20,1984274891,10427106853,1170000000,3360000000,3980000000,6300000000,2646280,False
tablets,scalein,decommission_command_start,2026-09-21T18:38:28.359695+00:00,137.600972,1618,r-scylla4,4,1.54,740294656,10427106853,611000000,2080000000,3300000000,2350000000,2646280,False
tablets,scalein,decommission_command_start,2026-09-21T18:38:31.750206+00:00,140.991483,1619,r-scylla1,4,14.12,2069100495,10427106853,1420000000,3370000000,4210000000,6450000000,2644280,False
tablets,scalein,decommission_command_start,2026-09-21T18:38:31.750206+00:00,140.991483,1619,r-scylla2,4,14.66,1984274891,10427106853,1230000000,3400000000,4180000000,6540000000,2644280,False
tablets,scalein,decommission_command_start,2026-09-21T18:38:31.750206+00:00,140.991483,1619,r-scylla3,4,13.30,1984274891,10427106853,1170000000,3360000000,3980000000,6300000000,2644280,False
tablets,scalein,decommission_command_start,2026-09-21T18:38:31.750206+00:00,140.991483,1619,r-scylla4,4,1.45,740294656,10427106853,611000000,2080000000,3300000000,2350000000,2644280,False
tablets,scalein,decommission_command_start,2026-09-21T18:38:35.117473+00:00,144.358750,1620,r-scylla1,4,14.82,2069100495,10427106853,1420000000,3380000000,4220000000,6450000000,2645652,False
tablets,scalein,decommission_command_start,2026-09-21T18:38:35.117473+00:00,144.358750,1620,r-scylla2,4,14.58,1984274891,10427106853,1230000000,3400000000,4180000000,6540000000,2645652,False
tablets,scalein,decommission_command_start,2026-09-21T18:38:35.117473+00:00,144.358750,1620,r-scylla3,4,14.21,1984274891,10427106853,1170000000,3360000000,3980000000,6300000000,2645652,False
tablets,scalein,decommission_command_start,2026-09-21T18:38:35.117473+00:00,144.358750,1620,r-scylla4,4,1.57,740294656,10427106853,611000000,2080000000,3300000000,2350000000,2645652,False
tablets,scalein,decommission_command_start,2026-09-21T18:38:38.465056+00:00,147.706333,1621,r-scylla1,4,13.97,2069100495,10427106853,1420000000,3380000000,4220000000,6450000000,3370588,False
tablets,scalein,decommission_command_start,2026-09-21T18:38:38.465056+00:00,147.706333,1621,r-scylla2,4,13.74,1984274891,10427106853,1240000000,3400000000,4180000000,6540000000,3370588,False
tablets,scalein,decommission_command_start,2026-09-21T18:38:38.465056+00:00,147.706333,1621,r-scylla3,4,14.87,1984274891,10427106853,1170000000,3370000000,3980000000,6300000000,3370588,False
tablets,scalein,decommission_command_start,2026-09-21T18:38:38.465056+00:00,147.706333,1621,r-scylla4,4,4.49,740818944,10427106853,611000000,2080000000,3300000000,2350000000,3370588,False
tablets,scalein,decommission_command_start,2026-09-21T18:38:41.828172+00:00,151.069449,1622,r-scylla1,3,11.54,2069100495,10427106853,1420000000,3380000000,4220000000,6450000000,3370252,False
tablets,scalein,decommission_command_start,2026-09-21T18:38:41.828172+00:00,151.069449,1622,r-scylla2,3,11.74,1984274891,10427106853,1240000000,3400000000,4190000000,6540000000,3370252,False
tablets,scalein,decommission_command_start,2026-09-21T18:38:41.828172+00:00,151.069449,1622,r-scylla3,3,11.68,1984274891,10427106853,1170000000,3370000000,3980000000,6300000000,3370252,False
tablets,scalein,decommission_command_start,2026-09-21T18:38:45.141236+00:00,154.382513,1623,r-scylla1,3,14.72,2069100495,10427106853,1430000000,3380000000,4220000000,6450000000,3371412,False
tablets,scalein,decommission_command_start,2026-09-21T18:38:45.141236+00:00,154.382513,1623,r-scylla2,3,14.98,1984274891,10427106853,1240000000,3410000000,4190000000,6540000000,3371412,False
tablets,scalein,decommission_command_start,2026-09-21T18:38:45.141236+00:00,154.382513,1623,r-scylla3,3,16.26,1984274891,10427106853,1170000000,3370000000,3980000000,6300000000,3371412,False
tablets,scalein,decommission_command_start,2026-09-21T18:38:48.484188+00:00,157.725465,1624,r-scylla1,3,14.60,2069100495,10427106853,1430000000,3390000000,4220000000,6450000000,3373984,False
tablets,scalein,decommission_command_start,2026-09-21T18:38:48.484188+00:00,157.725465,1624,r-scylla2,3,10.46,1984274891,10427106853,1240000000,3410000000,4190000000,6540000000,3373984,False
tablets,scalein,decommission_command_start,2026-09-21T18:38:48.484188+00:00,157.725465,1624,r-scylla3,3,14.20,1984274891,10427106853,1170000000,3370000000,3990000000,6300000000,3373984,False
tablets,scalein,decommission_command_start,2026-09-21T18:38:51.830039+00:00,161.071316,1625,r-scylla1,3,13.06,2070174237,10427106853,1430000000,3390000000,4230000000,6450000000,3373876,False
tablets,scalein,decommission_command_start,2026-09-21T18:38:51.830039+00:00,161.071316,1625,r-scylla2,3,15.09,1984274891,10427106853,1240000000,3410000000,4190000000,6540000000,3373876,False
tablets,scalein,decommission_command_start,2026-09-21T18:38:51.830039+00:00,161.071316,1625,r-scylla3,3,14.95,1984274891,10427106853,1170000000,3380000000,3990000000,6300000000,3373876,False
tablets,scalein,decommission_command_start,2026-09-21T18:38:55.193994+00:00,164.435271,1626,r-scylla1,3,14.23,2070174237,10427106853,1430000000,3390000000,4230000000,6450000000,3372448,False
tablets,scalein,decommission_command_start,2026-09-21T18:38:55.193994+00:00,164.435271,1626,r-scylla2,3,14.55,1984274891,10427106853,1240000000,3410000000,4190000000,6540000000,3372448,False
tablets,scalein,decommission_command_start,2026-09-21T18:38:55.193994+00:00,164.435271,1626,r-scylla3,3,13.37,1984274891,10427106853,1170000000,3380000000,3990000000,6300000000,3372448,False
tablets,scalein,decommission_command_start,2026-09-21T18:38:58.510806+00:00,167.752083,1627,r-scylla1,3,14.59,2069100495,10427106853,1430000000,3390000000,4230000000,6450000000,3375260,False
tablets,scalein,decommission_command_start,2026-09-21T18:38:58.510806+00:00,167.752083,1627,r-scylla2,3,12.96,1984274891,10427106853,1240000000,3420000000,4200000000,6540000000,3375260,False
tablets,scalein,decommission_command_start,2026-09-21T18:38:58.510806+00:00,167.752083,1627,r-scylla3,3,12.86,1984274891,10427106853,1170000000,3380000000,3990000000,6300000000,3375260,False
tablets,scalein,decommission_command_start,2026-09-21T18:39:01.974392+00:00,171.215669,1628,r-scylla1,3,13.91,2069100495,10427106853,1430000000,3390000000,4230000000,6450000000,3374904,False
tablets,scalein,decommission_command_start,2026-09-21T18:39:01.974392+00:00,171.215669,1628,r-scylla2,3,14.32,1984274891,10427106853,1240000000,3420000000,4200000000,6540000000,3374904,False
tablets,scalein,decommission_command_start,2026-09-21T18:39:01.974392+00:00,171.215669,1628,r-scylla3,3,11.94,1984274891,10427106853,1170000000,3380000000,3990000000,6300000000,3374904,False
tablets,scalein,decommission_command_start,2026-09-21T18:39:05.268624+00:00,174.509901,1629,r-scylla1,3,12.58,2069100495,10427106853,1430000000,3400000000,4230000000,6450000000,3376148,False
tablets,scalein,decommission_command_start,2026-09-21T18:39:05.268624+00:00,174.509901,1629,r-scylla2,3,12.92,1984274891,10427106853,1240000000,3420000000,4200000000,6540000000,3376148,False
tablets,scalein,decommission_command_start,2026-09-21T18:39:05.268624+00:00,174.509901,1629,r-scylla3,3,13.47,1984274891,10427106853,1170000000,3380000000,4000000000,6300000000,3376148,False
tablets,scalein,decommission_command_start,2026-09-21T18:39:08.597450+00:00,177.838727,1630,r-scylla1,3,15.20,2070174237,10427106853,1430000000,3400000000,4230000000,6450000000,3378920,False
tablets,scalein,decommission_command_start,2026-09-21T18:39:08.597450+00:00,177.838727,1630,r-scylla2,3,13.81,1984274891,10427106853,1240000000,3420000000,4200000000,6550000000,3378920,False
tablets,scalein,decommission_command_start,2026-09-21T18:39:08.597450+00:00,177.838727,1630,r-scylla3,3,13.75,1984274891,10427106853,1170000000,3390000000,4000000000,6300000000,3378920,False
tablets,scalein,decommission_command_start,2026-09-21T18:39:11.889847+00:00,181.131124,1631,r-scylla1,3,14.40,2069100495,10427106853,1430000000,3400000000,4240000000,6450000000,3376516,False
tablets,scalein,decommission_command_start,2026-09-21T18:39:11.889847+00:00,181.131124,1631,r-scylla2,3,14.47,1984274891,10427106853,1240000000,3430000000,4200000000,6550000000,3376516,False
tablets,scalein,decommission_command_start,2026-09-21T18:39:11.889847+00:00,181.131124,1631,r-scylla3,3,13.18,1984274891,10427106853,1170000000,3390000000,4000000000,6300000000,3376516,False
tablets,scalein,decommission_command_start,2026-09-21T18:39:15.193406+00:00,184.434683,1632,r-scylla1,3,9.12,2069100495,10427106853,1430000000,3400000000,4240000000,6450000000,3376080,False
tablets,scalein,decommission_command_start,2026-09-21T18:39:15.193406+00:00,184.434683,1632,r-scylla2,3,11.09,1984274891,10427106853,1240000000,3430000000,4210000000,6550000000,3376080,False
tablets,scalein,decommission_command_start,2026-09-21T18:39:15.193406+00:00,184.434683,1632,r-scylla3,3,10.26,1984274891,10427106853,1170000000,3390000000,4000000000,6300000000,3376080,False
tablets,scalein,decommission_command_start,2026-09-21T18:39:18.539023+00:00,187.780300,1633,r-scylla1,3,11.88,2069100495,10427106853,1430000000,3410000000,4240000000,6450000000,3376824,False
tablets,scalein,decommission_command_start,2026-09-21T18:39:18.539023+00:00,187.780300,1633,r-scylla2,3,12.16,1984274891,10427106853,1240000000,3430000000,4210000000,6550000000,3376824,False
tablets,scalein,decommission_command_start,2026-09-21T18:39:18.539023+00:00,187.780300,1633,r-scylla3,3,14.49,1984274891,10427106853,1170000000,3390000000,4000000000,6300000000,3376824,False
tablets,scalein,decommission_command_start,2026-09-21T18:39:21.872244+00:00,191.113521,1634,r-scylla1,3,13.63,2069100495,10427106853,1430000000,3410000000,4240000000,6450000000,3373752,False
tablets,scalein,decommission_command_start,2026-09-21T18:39:21.872244+00:00,191.113521,1634,r-scylla2,3,13.51,1984274891,10427106853,1240000000,3430000000,4210000000,6550000000,3373752,False
tablets,scalein,decommission_command_start,2026-09-21T18:39:21.872244+00:00,191.113521,1634,r-scylla3,3,12.71,1984274891,10427106853,1180000000,3400000000,4000000000,6300000000,3373752,False
tablets,scalein,decommission_command_start,2026-09-21T18:39:25.202397+00:00,194.443674,1635,r-scylla1,3,13.88,2069100495,10427106853,1430000000,3410000000,4240000000,6460000000,3373712,False
tablets,scalein,decommission_command_start,2026-09-21T18:39:25.202397+00:00,194.443674,1635,r-scylla2,3,13.94,1984274891,10427106853,1240000000,3440000000,4210000000,6550000000,3373712,False
tablets,scalein,decommission_command_start,2026-09-21T18:39:25.202397+00:00,194.443674,1635,r-scylla3,3,14.40,1984274891,10427106853,1180000000,3400000000,4010000000,6300000000,3373712,False
tablets,scalein,decommission_command_start,2026-09-21T18:39:28.502058+00:00,197.743335,1636,r-scylla1,3,14.06,2069100495,10427106853,1430000000,3410000000,4240000000,6460000000,3374200,False
tablets,scalein,decommission_command_start,2026-09-21T18:39:28.502058+00:00,197.743335,1636,r-scylla2,3,13.75,1984274891,10427106853,1250000000,3440000000,4210000000,6550000000,3374200,False
tablets,scalein,decommission_command_start,2026-09-21T18:39:28.502058+00:00,197.743335,1636,r-scylla3,3,15.03,1984274891,10427106853,1180000000,3400000000,4010000000,6300000000,3374200,False
tablets,scalein,decommission_command_start,2026-09-21T18:39:31.783607+00:00,201.024884,1637,r-scylla1,3,15.11,2069100495,10427106853,1430000000,3420000000,4250000000,6460000000,3370036,False
tablets,scalein,decommission_command_start,2026-09-21T18:39:31.783607+00:00,201.024884,1637,r-scylla2,3,14.84,1984274891,10427106853,1250000000,3440000000,4220000000,6550000000,3370036,False
tablets,scalein,decommission_command_start,2026-09-21T18:39:31.783607+00:00,201.024884,1637,r-scylla3,3,12.93,1984274891,10427106853,1180000000,3400000000,4010000000,6300000000,3370036,False
tablets,scalein,decommission_command_start,2026-09-21T18:39:35.154072+00:00,204.395349,1638,r-scylla1,3,12.17,2069100495,10427106853,1430000000,3420000000,4250000000,6460000000,3370488,False
tablets,scalein,decommission_command_start,2026-09-21T18:39:35.154072+00:00,204.395349,1638,r-scylla2,3,14.85,1984274891,10427106853,1250000000,3440000000,4220000000,6550000000,3370488,False
tablets,scalein,decommission_command_start,2026-09-21T18:39:35.154072+00:00,204.395349,1638,r-scylla3,3,12.02,1984274891,10427106853,1180000000,3410000000,4010000000,6300000000,3370488,False
tablets,scalein,decommission_command_start,2026-09-21T18:39:38.506315+00:00,207.747592,1639,r-scylla1,3,12.57,2069100495,10427106853,1440000000,3420000000,4250000000,6460000000,3368556,False
tablets,scalein,decommission_command_start,2026-09-21T18:39:38.506315+00:00,207.747592,1639,r-scylla2,3,12.97,1984274891,10427106853,1250000000,3440000000,4220000000,6550000000,3368556,False
tablets,scalein,decommission_command_start,2026-09-21T18:39:38.506315+00:00,207.747592,1639,r-scylla3,3,11.75,1984274891,10427106853,1180000000,3410000000,4010000000,6300000000,3368556,False
tablets,scalein,decommission_command_start,2026-09-21T18:39:41.776299+00:00,211.017576,1640,r-scylla1,3,13.32,2070174237,10427106853,1440000000,3420000000,4250000000,6460000000,3367612,False
tablets,scalein,decommission_command_start,2026-09-21T18:39:41.776299+00:00,211.017576,1640,r-scylla2,3,13.43,1984274891,10427106853,1250000000,3450000000,4220000000,6550000000,3367612,False
tablets,scalein,decommission_command_start,2026-09-21T18:39:41.776299+00:00,211.017576,1640,r-scylla3,3,14.02,1984274891,10427106853,1180000000,3410000000,4010000000,6300000000,3367612,False
tablets,scalein,decommission_command_start,2026-09-21T18:39:45.168901+00:00,214.410178,1641,r-scylla1,3,14.35,2069100495,10427106853,1440000000,3430000000,4250000000,6460000000,3363348,False
tablets,scalein,decommission_command_start,2026-09-21T18:39:45.168901+00:00,214.410178,1641,r-scylla2,3,13.44,1984274891,10427106853,1250000000,3450000000,4230000000,6550000000,3363348,False
tablets,scalein,decommission_command_start,2026-09-21T18:39:45.168901+00:00,214.410178,1641,r-scylla3,3,13.91,1984274891,10427106853,1180000000,3410000000,4020000000,6300000000,3363348,False
tablets,scalein,decommission_command_start,2026-09-21T18:39:48.483855+00:00,217.725132,1642,r-scylla1,3,14.63,2069100495,10427106853,1440000000,3430000000,4250000000,6460000000,3363456,False
tablets,scalein,decommission_command_start,2026-09-21T18:39:48.483855+00:00,217.725132,1642,r-scylla2,3,14.81,1984274891,10427106853,1250000000,3450000000,4230000000,6550000000,3363456,False
tablets,scalein,decommission_command_start,2026-09-21T18:39:48.483855+00:00,217.725132,1642,r-scylla3,3,14.22,1984274891,10427106853,1180000000,3410000000,4020000000,6300000000,3363456,False
tablets,scalein,decommission_command_start,2026-09-21T18:39:51.849178+00:00,221.090455,1643,r-scylla1,3,17.47,2069100495,10427106853,1440000000,3430000000,4260000000,6460000000,3364436,False
tablets,scalein,decommission_command_start,2026-09-21T18:39:51.849178+00:00,221.090455,1643,r-scylla2,3,14.56,1984274891,10427106853,1250000000,3450000000,4230000000,6550000000,3364436,False
tablets,scalein,decommission_command_start,2026-09-21T18:39:51.849178+00:00,221.090455,1643,r-scylla3,3,14.02,1984274891,10427106853,1180000000,3420000000,4020000000,6300000000,3364436,False
tablets,scalein,decommission_command_start,2026-09-21T18:39:55.170061+00:00,224.411338,1644,r-scylla1,3,13.98,2069100495,10427106853,1440000000,3430000000,4260000000,6460000000,3361564,False
tablets,scalein,decommission_command_start,2026-09-21T18:39:55.170061+00:00,224.411338,1644,r-scylla2,3,12.98,1984274891,10427106853,1250000000,3460000000,4230000000,6550000000,3361564,False
tablets,scalein,decommission_command_start,2026-09-21T18:39:55.170061+00:00,224.411338,1644,r-scylla3,3,13.58,1984274891,10427106853,1180000000,3420000000,4020000000,6300000000,3361564,False
tablets,scalein,decommission_command_start,2026-09-21T18:39:58.503652+00:00,227.744929,1645,r-scylla1,3,14.56,2069100495,10427106853,1440000000,3430000000,4260000000,6460000000,3360516,False
tablets,scalein,decommission_command_start,2026-09-21T18:39:58.503652+00:00,227.744929,1645,r-scylla2,3,14.28,1984274891,10427106853,1250000000,3460000000,4230000000,6550000000,3360516,False
tablets,scalein,decommission_command_start,2026-09-21T18:39:58.503652+00:00,227.744929,1645,r-scylla3,3,15.79,1984274891,10427106853,1180000000,3420000000,4020000000,6300000000,3360516,False
tablets,scalein,decommission_command_start,2026-09-21T18:40:01.803739+00:00,231.045016,1646,r-scylla1,3,10.74,2069100495,10427106853,1440000000,3440000000,4260000000,6460000000,3360956,False
tablets,scalein,decommission_command_start,2026-09-21T18:40:01.803739+00:00,231.045016,1646,r-scylla2,3,10.86,1984274891,10427106853,1250000000,3460000000,4230000000,6550000000,3360956,False
tablets,scalein,decommission_command_start,2026-09-21T18:40:01.803739+00:00,231.045016,1646,r-scylla3,3,11.42,1984274891,10427106853,1180000000,3420000000,4020000000,6300000000,3360956,False
tablets,scalein,decommission_command_start,2026-09-21T18:40:05.140478+00:00,234.381755,1647,r-scylla1,3,13.68,2070174237,10427106853,1440000000,3440000000,4260000000,6460000000,3360636,False
tablets,scalein,decommission_command_start,2026-09-21T18:40:05.140478+00:00,234.381755,1647,r-scylla2,3,14.85,1984274891,10427106853,1250000000,3460000000,4240000000,6550000000,3360636,False
tablets,scalein,decommission_command_start,2026-09-21T18:40:05.140478+00:00,234.381755,1647,r-scylla3,3,14.45,1984274891,10427106853,1180000000,3430000000,4030000000,6300000000,3360636,False
tablets,scalein,decommission_command_start,2026-09-21T18:40:08.493636+00:00,237.734913,1648,r-scylla1,3,11.07,2070174237,10427106853,1440000000,3440000000,4260000000,6460000000,3359272,False
tablets,scalein,decommission_command_start,2026-09-21T18:40:08.493636+00:00,237.734913,1648,r-scylla2,3,11.08,1984274891,10427106853,1250000000,3470000000,4240000000,6550000000,3359272,False
tablets,scalein,decommission_command_start,2026-09-21T18:40:08.493636+00:00,237.734913,1648,r-scylla3,3,15.33,1984274891,10427106853,1180000000,3430000000,4030000000,6300000000,3359272,False
tablets,scalein,decommission_command_start,2026-09-21T18:40:11.799160+00:00,241.040437,1649,r-scylla1,3,15.17,2070174237,10427106853,1440000000,3440000000,4270000000,6460000000,3362792,False
tablets,scalein,decommission_command_start,2026-09-21T18:40:11.799160+00:00,241.040437,1649,r-scylla2,3,14.44,1984274891,10427106853,1250000000,3470000000,4240000000,6550000000,3362792,False
tablets,scalein,decommission_command_start,2026-09-21T18:40:11.799160+00:00,241.040437,1649,r-scylla3,3,9.49,1984274891,10427106853,1180000000,3430000000,4030000000,6300000000,3362792,False
tablets,scalein,decommission_command_start,2026-09-21T18:40:15.084468+00:00,244.325745,1650,r-scylla1,3,13.93,2069100495,10427106853,1440000000,3450000000,4270000000,6460000000,3361416,False
tablets,scalein,decommission_command_start,2026-09-21T18:40:15.084468+00:00,244.325745,1650,r-scylla2,3,15.28,1984274891,10427106853,1250000000,3470000000,4240000000,6550000000,3361416,False
tablets,scalein,decommission_command_start,2026-09-21T18:40:15.084468+00:00,244.325745,1650,r-scylla3,3,13.03,1984274891,10427106853,1190000000,3430000000,4030000000,6310000000,3361416,False
tablets,scalein,decommission_command_start,2026-09-21T18:40:18.447636+00:00,247.688913,1651,r-scylla1,3,13.68,2070174237,10427106853,1440000000,3450000000,4270000000,6460000000,3359828,False
tablets,scalein,decommission_command_start,2026-09-21T18:40:18.447636+00:00,247.688913,1651,r-scylla2,3,14.25,1984274891,10427106853,1260000000,3470000000,4250000000,6550000000,3359828,False
tablets,scalein,decommission_command_start,2026-09-21T18:40:18.447636+00:00,247.688913,1651,r-scylla3,3,13.94,1984274891,10427106853,1190000000,3440000000,4030000000,6310000000,3359828,False
tablets,scalein,decommission_command_start,2026-09-21T18:40:21.768441+00:00,251.009718,1652,r-scylla1,3,12.68,2070174237,10427106853,1440000000,3450000000,4270000000,6460000000,3360636,False
tablets,scalein,decommission_command_start,2026-09-21T18:40:21.768441+00:00,251.009718,1652,r-scylla2,3,15.23,1984274891,10427106853,1260000000,3470000000,4250000000,6550000000,3360636,False
tablets,scalein,decommission_command_start,2026-09-21T18:40:21.768441+00:00,251.009718,1652,r-scylla3,3,12.69,1985348633,10427106853,1190000000,3440000000,4030000000,6310000000,3360636,False
tablets,scalein,decommission_command_start,2026-09-21T18:40:25.099784+00:00,254.341061,1653,r-scylla1,3,14.12,2069100495,10427106853,1440000000,3450000000,4270000000,6460000000,3362312,False
tablets,scalein,decommission_command_start,2026-09-21T18:40:25.099784+00:00,254.341061,1653,r-scylla2,3,12.28,1984274891,10427106853,1260000000,3480000000,4250000000,6550000000,3362312,False
tablets,scalein,decommission_command_start,2026-09-21T18:40:25.099784+00:00,254.341061,1653,r-scylla3,3,12.54,1984274891,10427106853,1190000000,3440000000,4040000000,6310000000,3362312,False
tablets,scalein,decommission_command_start,2026-09-21T18:40:28.385086+00:00,257.626363,1654,r-scylla1,3,14.03,2070174237,10427106853,1440000000,3460000000,4280000000,6460000000,3361776,False
tablets,scalein,decommission_command_start,2026-09-21T18:40:28.385086+00:00,257.626363,1654,r-scylla2,3,13.65,1984274891,10427106853,1260000000,3480000000,4250000000,6550000000,3361776,False
tablets,scalein,decommission_command_start,2026-09-21T18:40:28.385086+00:00,257.626363,1654,r-scylla3,3,14.93,1984274891,10427106853,1190000000,3440000000,4040000000,6310000000,3361776,False
tablets,scalein,decommission_command_start,2026-09-21T18:40:31.666256+00:00,260.907533,1655,r-scylla1,3,13.47,2069100495,10427106853,1450000000,3460000000,4280000000,6460000000,3362800,False
tablets,scalein,decommission_command_start,2026-09-21T18:40:31.666256+00:00,260.907533,1655,r-scylla2,3,12.60,1984274891,10427106853,1260000000,3480000000,4250000000,6550000000,3362800,False
tablets,scalein,decommission_command_start,2026-09-21T18:40:31.666256+00:00,260.907533,1655,r-scylla3,3,13.00,1984274891,10427106853,1190000000,3440000000,4040000000,6310000000,3362800,False
tablets,scalein,decommission_command_start,2026-09-21T18:40:34.945952+00:00,264.187229,1656,r-scylla1,3,13.14,2069100495,10427106853,1450000000,3460000000,4280000000,6460000000,3361952,False
tablets,scalein,decommission_command_start,2026-09-21T18:40:34.945952+00:00,264.187229,1656,r-scylla2,3,14.75,1984274891,10427106853,1260000000,3480000000,4250000000,6550000000,3361952,False
tablets,scalein,decommission_command_start,2026-09-21T18:40:34.945952+00:00,264.187229,1656,r-scylla3,3,12.41,1984274891,10427106853,1190000000,3450000000,4040000000,6310000000,3361952,False
tablets,scalein,decommission_command_start,2026-09-21T18:40:38.235280+00:00,267.476557,1657,r-scylla1,3,13.62,2069100495,10427106853,1450000000,3460000000,4280000000,6460000000,3361904,False
tablets,scalein,decommission_command_start,2026-09-21T18:40:38.235280+00:00,267.476557,1657,r-scylla2,3,14.56,1984274891,10427106853,1260000000,3490000000,4260000000,6550000000,3361904,False
tablets,scalein,decommission_command_start,2026-09-21T18:40:38.235280+00:00,267.476557,1657,r-scylla3,3,13.89,1984274891,10427106853,1190000000,3450000000,4040000000,6310000000,3361904,False
tablets,scalein,decommission_command_start,2026-09-21T18:40:41.552541+00:00,270.793818,1658,r-scylla1,3,13.01,2070174237,10427106853,1450000000,3460000000,4280000000,6460000000,3361356,False
tablets,scalein,decommission_command_start,2026-09-21T18:40:41.552541+00:00,270.793818,1658,r-scylla2,3,12.11,1984274891,10427106853,1260000000,3490000000,4260000000,6550000000,3361356,False
tablets,scalein,decommission_command_start,2026-09-21T18:40:41.552541+00:00,270.793818,1658,r-scylla3,3,13.20,1984274891,10427106853,1190000000,3450000000,4050000000,6310000000,3361356,False
tablets,scalein,decommission_command_start,2026-09-21T18:40:44.898427+00:00,274.139704,1659,r-scylla1,3,12.77,2070174237,10427106853,1450000000,3470000000,4280000000,6460000000,3359916,False
tablets,scalein,decommission_command_start,2026-09-21T18:40:44.898427+00:00,274.139704,1659,r-scylla2,3,11.80,1984274891,10427106853,1260000000,3490000000,4260000000,6550000000,3359916,False
tablets,scalein,decommission_command_start,2026-09-21T18:40:44.898427+00:00,274.139704,1659,r-scylla3,3,12.49,1984274891,10427106853,1190000000,3450000000,4050000000,6310000000,3359916,False
tablets,scalein,decommission_command_start,2026-09-21T18:40:48.172561+00:00,277.413838,1660,r-scylla1,3,12.77,2069100495,10427106853,1450000000,3470000000,4290000000,6460000000,3363816,False
tablets,scalein,decommission_command_start,2026-09-21T18:40:48.172561+00:00,277.413838,1660,r-scylla2,3,12.59,1984274891,10427106853,1260000000,3490000000,4260000000,6550000000,3363816,False
tablets,scalein,decommission_command_start,2026-09-21T18:40:48.172561+00:00,277.413838,1660,r-scylla3,3,14.93,1984274891,10427106853,1190000000,3460000000,4050000000,6310000000,3363816,False
tablets,scalein,decommission_command_start,2026-09-21T18:40:51.503950+00:00,280.745227,1661,r-scylla1,3,13.87,2070174237,10427106853,1450000000,3470000000,4290000000,6460000000,3362448,False
tablets,scalein,decommission_command_start,2026-09-21T18:40:51.503950+00:00,280.745227,1661,r-scylla2,3,13.47,1984274891,10427106853,1260000000,3500000000,4270000000,6550000000,3362448,False
tablets,scalein,decommission_command_start,2026-09-21T18:40:51.503950+00:00,280.745227,1661,r-scylla3,3,15.50,1984274891,10427106853,1190000000,3460000000,4050000000,6310000000,3362448,False
tablets,scalein,decommission_command_start,2026-09-21T18:40:54.859923+00:00,284.101200,1662,r-scylla1,3,13.40,2070174237,10427106853,1450000000,3470000000,4290000000,6460000000,3364556,False
tablets,scalein,decommission_command_start,2026-09-21T18:40:54.859923+00:00,284.101200,1662,r-scylla2,3,12.73,1984274891,10427106853,1260000000,3500000000,4270000000,6550000000,3364556,False
tablets,scalein,decommission_command_start,2026-09-21T18:40:54.859923+00:00,284.101200,1662,r-scylla3,3,14.50,1984274891,10427106853,1190000000,3460000000,4050000000,6310000000,3364556,False
tablets,scalein,decommission_command_start,2026-09-21T18:40:58.161156+00:00,287.402433,1663,r-scylla1,3,8.38,2069100495,10427106853,1450000000,3480000000,4290000000,6460000000,3366460,False
tablets,scalein,decommission_command_start,2026-09-21T18:40:58.161156+00:00,287.402433,1663,r-scylla2,3,12.54,1984274891,10427106853,1260000000,3500000000,4270000000,6550000000,3366460,False
tablets,scalein,decommission_command_start,2026-09-21T18:40:58.161156+00:00,287.402433,1663,r-scylla3,3,11.80,1984274891,10427106853,1190000000,3460000000,4050000000,6310000000,3366460,False
tablets,scalein,decommission_command_start,2026-09-21T18:41:01.479625+00:00,290.720902,1664,r-scylla1,3,12.08,2070174237,10427106853,1450000000,3480000000,4290000000,6460000000,3364180,False
tablets,scalein,decommission_command_start,2026-09-21T18:41:01.479625+00:00,290.720902,1664,r-scylla2,3,11.32,1984274891,10427106853,1260000000,3500000000,4270000000,6560000000,3364180,False
tablets,scalein,decommission_command_start,2026-09-21T18:41:01.479625+00:00,290.720902,1664,r-scylla3,3,11.20,1984274891,10427106853,1190000000,3470000000,4060000000,6310000000,3364180,False
tablets,scalein,decommission_command_start,2026-09-21T18:41:04.804424+00:00,294.045701,1665,r-scylla1,3,10.90,2070174237,10427106853,1450000000,3480000000,4290000000,6460000000,3363736,False
tablets,scalein,decommission_command_start,2026-09-21T18:41:04.804424+00:00,294.045701,1665,r-scylla2,3,13.42,1984274891,10427106853,1260000000,3500000000,4270000000,6560000000,3363736,False
tablets,scalein,decommission_command_start,2026-09-21T18:41:04.804424+00:00,294.045701,1665,r-scylla3,3,10.70,1984274891,10427106853,1200000000,3470000000,4060000000,6310000000,3363736,False
tablets,scalein,decommission_command_start,2026-09-21T18:41:08.085843+00:00,297.327120,1666,r-scylla1,3,11.96,2069100495,10427106853,1450000000,3480000000,4300000000,6460000000,3362420,False
tablets,scalein,decommission_command_start,2026-09-21T18:41:08.085843+00:00,297.327120,1666,r-scylla2,3,12.57,1984274891,10427106853,1270000000,3510000000,4270000000,6560000000,3362420,False
tablets,scalein,decommission_command_start,2026-09-21T18:41:08.085843+00:00,297.327120,1666,r-scylla3,3,13.13,1984274891,10427106853,1200000000,3470000000,4060000000,6310000000,3362420,False
tablets,scalein,decommission_command_start,2026-09-21T18:41:11.384312+00:00,300.625589,1667,r-scylla1,3,12.90,2070174237,10427106853,1450000000,3480000000,4300000000,6460000000,3361116,False
tablets,scalein,decommission_command_start,2026-09-21T18:41:11.384312+00:00,300.625589,1667,r-scylla2,3,13.92,1984274891,10427106853,1270000000,3510000000,4280000000,6560000000,3361116,False
tablets,scalein,decommission_command_start,2026-09-21T18:41:11.384312+00:00,300.625589,1667,r-scylla3,3,13.55,1984274891,10427106853,1200000000,3470000000,4060000000,6310000000,3361116,False
tablets,scalein,decommission_command_start,2026-09-21T18:41:14.698735+00:00,303.940012,1668,r-scylla1,3,13.20,2069100495,10427106853,1450000000,3490000000,4300000000,6460000000,3363812,False
tablets,scalein,decommission_command_start,2026-09-21T18:41:14.698735+00:00,303.940012,1668,r-scylla2,3,13.84,1984274891,10427106853,1270000000,3510000000,4280000000,6560000000,3363812,False
tablets,scalein,decommission_command_start,2026-09-21T18:41:14.698735+00:00,303.940012,1668,r-scylla3,3,13.85,1984274891,10427106853,1200000000,3470000000,4060000000,6310000000,3363812,False
tablets,scalein,decommission_command_start,2026-09-21T18:41:18.138337+00:00,307.379614,1669,r-scylla1,3,13.68,2069100495,10427106853,1450000000,3490000000,4300000000,6460000000,3364344,False
tablets,scalein,decommission_command_start,2026-09-21T18:41:18.138337+00:00,307.379614,1669,r-scylla2,3,15.67,1984274891,10427106853,1270000000,3510000000,4280000000,6560000000,3364344,False
tablets,scalein,decommission_command_start,2026-09-21T18:41:18.138337+00:00,307.379614,1669,r-scylla3,3,14.08,1985348633,10427106853,1200000000,3480000000,4060000000,6310000000,3364344,False
tablets,scalein,decommission_command_start,2026-09-21T18:41:21.496341+00:00,310.737618,1670,r-scylla1,3,15.88,2069100495,10427106853,1450000000,3490000000,4300000000,6470000000,3369984,False
tablets,scalein,decommission_command_start,2026-09-21T18:41:21.496341+00:00,310.737618,1670,r-scylla2,3,15.84,1984274891,10427106853,1270000000,3520000000,4280000000,6560000000,3369984,False
tablets,scalein,decommission_command_start,2026-09-21T18:41:21.496341+00:00,310.737618,1670,r-scylla3,3,16.80,1984274891,10427106853,1200000000,3480000000,4060000000,6310000000,3369984,False
tablets,scalein,decommission_command_start,2026-09-21T18:41:24.838891+00:00,314.080168,1671,r-scylla1,3,11.73,2069100495,10427106853,1460000000,3490000000,4300000000,6470000000,3370352,False
tablets,scalein,decommission_command_start,2026-09-21T18:41:24.838891+00:00,314.080168,1671,r-scylla2,3,11.74,1984274891,10427106853,1270000000,3520000000,4280000000,6560000000,3370352,False
tablets,scalein,decommission_command_start,2026-09-21T18:41:24.838891+00:00,314.080168,1671,r-scylla3,3,12.54,1984274891,10427106853,1200000000,3480000000,4070000000,6310000000,3370352,False
tablets,scalein,decommission_command_start,2026-09-21T18:41:28.158521+00:00,317.399798,1672,r-scylla1,3,12.31,2070174237,10427106853,1460000000,3500000000,4300000000,6470000000,3371844,False
tablets,scalein,decommission_command_start,2026-09-21T18:41:28.158521+00:00,317.399798,1672,r-scylla2,3,12.79,1984274891,10427106853,1270000000,3520000000,4290000000,6560000000,3371844,False
tablets,scalein,decommission_command_start,2026-09-21T18:41:28.158521+00:00,317.399798,1672,r-scylla3,3,15.26,1985348633,10427106853,1200000000,3480000000,4070000000,6310000000,3371844,False
tablets,scalein,decommission_command_start,2026-09-21T18:41:31.455007+00:00,320.696284,1673,r-scylla1,3,13.43,2069100495,10427106853,1460000000,3500000000,4310000000,6470000000,3372248,False
tablets,scalein,decommission_command_start,2026-09-21T18:41:31.455007+00:00,320.696284,1673,r-scylla2,3,13.82,1984274891,10427106853,1270000000,3520000000,4290000000,6560000000,3372248,False
tablets,scalein,decommission_command_start,2026-09-21T18:41:31.455007+00:00,320.696284,1673,r-scylla3,3,13.91,1984274891,10427106853,1200000000,3490000000,4070000000,6310000000,3372248,False
tablets,scalein,decommission_command_start,2026-09-21T18:41:34.795533+00:00,324.036810,1674,r-scylla1,3,12.41,2069100495,10427106853,1460000000,3500000000,4310000000,6470000000,3373820,False
tablets,scalein,decommission_command_start,2026-09-21T18:41:34.795533+00:00,324.036810,1674,r-scylla2,3,13.38,1984274891,10427106853,1270000000,3530000000,4290000000,6560000000,3373820,False
tablets,scalein,decommission_command_start,2026-09-21T18:41:34.795533+00:00,324.036810,1674,r-scylla3,3,14.11,1984274891,10427106853,1200000000,3490000000,4070000000,6310000000,3373820,False
tablets,scalein,decommission_command_start,2026-09-21T18:41:38.138335+00:00,327.379612,1675,r-scylla1,3,12.38,2069100495,10427106853,1460000000,3500000000,4310000000,6470000000,3375176,False
tablets,scalein,decommission_command_start,2026-09-21T18:41:38.138335+00:00,327.379612,1675,r-scylla2,3,13.32,1984274891,10427106853,1270000000,3530000000,4290000000,6560000000,3375176,False
tablets,scalein,decommission_command_start,2026-09-21T18:41:38.138335+00:00,327.379612,1675,r-scylla3,3,13.93,1984274891,10427106853,1200000000,3490000000,4070000000,6310000000,3375176,False
tablets,scalein,decommission_command_start,2026-09-21T18:41:41.644335+00:00,330.885612,1676,r-scylla1,3,12.44,2070174237,10427106853,1460000000,3510000000,4310000000,6470000000,3375748,False
tablets,scalein,decommission_command_start,2026-09-21T18:41:41.644335+00:00,330.885612,1676,r-scylla2,3,11.88,1984274891,10427106853,1270000000,3530000000,4290000000,6560000000,3375748,False
tablets,scalein,decommission_command_start,2026-09-21T18:41:41.644335+00:00,330.885612,1676,r-scylla3,3,11.48,1984274891,10427106853,1200000000,3490000000,4070000000,6310000000,3375748,False
tablets,scalein,decommission_command_start,2026-09-21T18:41:45.018880+00:00,334.260157,1677,r-scylla1,3,12.42,2069100495,10427106853,1460000000,3510000000,4310000000,6470000000,3377848,False
tablets,scalein,decommission_command_start,2026-09-21T18:41:45.018880+00:00,334.260157,1677,r-scylla2,3,12.59,1984274891,10427106853,1270000000,3530000000,4300000000,6560000000,3377848,False
tablets,scalein,decommission_command_start,2026-09-21T18:41:45.018880+00:00,334.260157,1677,r-scylla3,3,12.18,1984274891,10427106853,1200000000,3490000000,4080000000,6310000000,3377848,False
tablets,scalein,decommission_command_start,2026-09-21T18:41:48.376552+00:00,337.617829,1678,r-scylla1,3,13.34,2069100495,10427106853,1460000000,3510000000,4320000000,6470000000,3376048,False
tablets,scalein,decommission_command_start,2026-09-21T18:41:48.376552+00:00,337.617829,1678,r-scylla2,3,11.82,1984274891,10427106853,1270000000,3540000000,4300000000,6560000000,3376048,False
tablets,scalein,decommission_command_start,2026-09-21T18:41:48.376552+00:00,337.617829,1678,r-scylla3,3,12.67,1984274891,10427106853,1200000000,3500000000,4080000000,6310000000,3376048,False
tablets,scalein,decommission_command_start,2026-09-21T18:41:51.743826+00:00,340.985103,1679,r-scylla1,3,12.95,2069100495,10427106853,1460000000,3510000000,4320000000,6470000000,3376956,False
tablets,scalein,decommission_command_start,2026-09-21T18:41:51.743826+00:00,340.985103,1679,r-scylla2,3,12.94,1984274891,10427106853,1270000000,3540000000,4300000000,6560000000,3376956,False
tablets,scalein,decommission_command_start,2026-09-21T18:41:51.743826+00:00,340.985103,1679,r-scylla3,3,14.13,1984274891,10427106853,1200000000,3500000000,4080000000,6310000000,3376956,False
tablets,scalein,decommission_command_start,2026-09-21T18:41:55.043589+00:00,344.284866,1680,r-scylla1,3,13.82,2069100495,10427106853,1460000000,3520000000,4320000000,6470000000,3363592,False
tablets,scalein,decommission_command_start,2026-09-21T18:41:55.043589+00:00,344.284866,1680,r-scylla2,3,13.34,1984274891,10427106853,1270000000,3540000000,4300000000,6560000000,3363592,False
tablets,scalein,decommission_command_start,2026-09-21T18:41:55.043589+00:00,344.284866,1680,r-scylla3,3,13.41,1984274891,10427106853,1200000000,3500000000,4080000000,6310000000,3363592,False
tablets,scalein,decommission_command_start,2026-09-21T18:41:58.373605+00:00,347.614882,1681,r-scylla1,3,77.95,2070174237,10427106853,1480000000,3520000000,4340000000,6470000000,3355600,False
tablets,scalein,decommission_command_start,2026-09-21T18:41:58.373605+00:00,347.614882,1681,r-scylla2,3,10.64,1984274891,10427106853,1270000000,3550000000,4330000000,6560000000,3355600,False
tablets,scalein,decommission_command_start,2026-09-21T18:41:58.373605+00:00,347.614882,1681,r-scylla3,3,11.12,1984274891,10427106853,1210000000,3520000000,4100000000,6310000000,3355600,False
tablets,scalein,decommission_command_start,2026-09-21T18:42:01.692309+00:00,350.933586,1682,r-scylla1,3,13.89,2069100495,10427106853,1480000000,3520000000,4340000000,6470000000,3372796,False
tablets,scalein,decommission_command_start,2026-09-21T18:42:01.692309+00:00,350.933586,1682,r-scylla2,3,14.19,1984274891,10427106853,1280000000,3560000000,4330000000,6560000000,3372796,False
tablets,scalein,decommission_command_start,2026-09-21T18:42:01.692309+00:00,350.933586,1682,r-scylla3,3,16.68,1984274891,10427106853,1210000000,3520000000,4110000000,6310000000,3372796,False
tablets,scalein,decommission_command_start,2026-09-21T18:42:05.047213+00:00,354.288490,1683,r-scylla1,3,11.73,2069100495,10427106853,1490000000,3520000000,4340000000,6470000000,3370384,False
tablets,scalein,decommission_command_start,2026-09-21T18:42:05.047213+00:00,354.288490,1683,r-scylla2,3,10.42,1984274891,10427106853,1280000000,3560000000,4330000000,6560000000,3370384,False
tablets,scalein,decommission_command_start,2026-09-21T18:42:05.047213+00:00,354.288490,1683,r-scylla3,3,10.03,1984274891,10427106853,1210000000,3520000000,4110000000,6310000000,3370384,False
tablets,scalein,decommission_command_start,2026-09-21T18:42:08.366251+00:00,357.607528,1684,r-scylla1,3,12.49,2070174237,10427106853,1490000000,3530000000,4350000000,6470000000,3369356,False
tablets,scalein,decommission_command_start,2026-09-21T18:42:08.366251+00:00,357.607528,1684,r-scylla2,3,12.97,1984274891,10427106853,1280000000,3560000000,4330000000,6560000000,3369356,False
tablets,scalein,decommission_command_start,2026-09-21T18:42:08.366251+00:00,357.607528,1684,r-scylla3,3,13.39,1984274891,10427106853,1210000000,3520000000,4110000000,6310000000,3369356,False
tablets,scalein,decommission_command_start,2026-09-21T18:42:11.642625+00:00,360.883902,1685,r-scylla1,3,13.26,2069100495,10427106853,1490000000,3530000000,4350000000,6470000000,3369948,False
tablets,scalein,decommission_command_start,2026-09-21T18:42:11.642625+00:00,360.883902,1685,r-scylla2,3,14.10,1984274891,10427106853,1280000000,3560000000,4340000000,6560000000,3369948,False
tablets,scalein,decommission_command_start,2026-09-21T18:42:11.642625+00:00,360.883902,1685,r-scylla3,3,14.44,1984274891,10427106853,1210000000,3520000000,4110000000,6310000000,3369948,False
tablets,scalein,decommission_command_start,2026-09-21T18:42:14.943705+00:00,364.184982,1686,r-scylla1,3,14.79,2069100495,10427106853,1490000000,3530000000,4350000000,6470000000,3366580,False
tablets,scalein,decommission_command_start,2026-09-21T18:42:14.943705+00:00,364.184982,1686,r-scylla2,3,13.34,1984274891,10427106853,1280000000,3570000000,4340000000,6560000000,3366580,False
tablets,scalein,decommission_command_start,2026-09-21T18:42:14.943705+00:00,364.184982,1686,r-scylla3,3,14.16,1984274891,10427106853,1210000000,3530000000,4110000000,6310000000,3366580,False
tablets,scalein,decommission_command_start,2026-09-21T18:42:18.234489+00:00,367.475766,1687,r-scylla1,3,10.98,2070174237,10427106853,1490000000,3530000000,4350000000,6470000000,3370140,False
tablets,scalein,decommission_command_start,2026-09-21T18:42:18.234489+00:00,367.475766,1687,r-scylla2,3,12.13,1984274891,10427106853,1280000000,3570000000,4340000000,6560000000,3370140,False
tablets,scalein,decommission_command_start,2026-09-21T18:42:18.234489+00:00,367.475766,1687,r-scylla3,3,11.90,1984274891,10427106853,1210000000,3530000000,4110000000,6320000000,3370140,False
tablets,scalein,decommission_command_start,2026-09-21T18:42:21.593830+00:00,370.835107,1688,r-scylla1,3,11.61,2069100495,10427106853,1490000000,3530000000,4350000000,6470000000,3369776,False
tablets,scalein,decommission_command_start,2026-09-21T18:42:21.593830+00:00,370.835107,1688,r-scylla2,3,10.76,1984274891,10427106853,1280000000,3570000000,4340000000,6560000000,3369776,False
tablets,scalein,decommission_command_start,2026-09-21T18:42:21.593830+00:00,370.835107,1688,r-scylla3,3,11.97,1984274891,10427106853,1210000000,3530000000,4110000000,6320000000,3369776,False
tablets,scalein,decommission_command_start,2026-09-21T18:42:24.898142+00:00,374.139419,1689,r-scylla1,3,11.62,2070174237,10427106853,1490000000,3540000000,4350000000,6470000000,3370404,False
tablets,scalein,decommission_command_start,2026-09-21T18:42:24.898142+00:00,374.139419,1689,r-scylla2,3,14.29,1984274891,10427106853,1280000000,3570000000,4340000000,6560000000,3370404,False
tablets,scalein,decommission_command_start,2026-09-21T18:42:24.898142+00:00,374.139419,1689,r-scylla3,3,11.84,1984274891,10427106853,1210000000,3530000000,4120000000,6320000000,3370404,False
tablets,scalein,decommission_command_start,2026-09-21T18:42:28.202223+00:00,377.443500,1690,r-scylla1,3,11.62,2069100495,10427106853,1490000000,3540000000,4360000000,6470000000,3370516,False
tablets,scalein,decommission_command_start,2026-09-21T18:42:28.202223+00:00,377.443500,1690,r-scylla2,3,12.46,1984274891,10427106853,1280000000,3580000000,4350000000,6560000000,3370516,False
tablets,scalein,decommission_command_start,2026-09-21T18:42:28.202223+00:00,377.443500,1690,r-scylla3,3,13.74,1984274891,10427106853,1210000000,3540000000,4120000000,6320000000,3370516,False
tablets,scalein,decommission_command_start,2026-09-21T18:42:31.524111+00:00,380.765388,1691,r-scylla1,3,15.33,2070174237,10427106853,1490000000,3540000000,4360000000,6470000000,3364196,False
tablets,scalein,decommission_command_start,2026-09-21T18:42:31.524111+00:00,380.765388,1691,r-scylla2,3,15.33,1984274891,10427106853,1280000000,3580000000,4350000000,6560000000,3364196,False
tablets,scalein,decommission_command_start,2026-09-21T18:42:31.524111+00:00,380.765388,1691,r-scylla3,3,12.15,1984274891,10427106853,1210000000,3540000000,4120000000,6320000000,3364196,False
tablets,scalein,decommission_command_start,2026-09-21T18:42:34.912046+00:00,384.153323,1692,r-scylla1,3,14.47,2069100495,10427106853,1490000000,3540000000,4360000000,6470000000,3375144,False
tablets,scalein,decommission_command_start,2026-09-21T18:42:34.912046+00:00,384.153323,1692,r-scylla2,3,13.67,1984274891,10427106853,1280000000,3580000000,4350000000,6560000000,3375144,False
tablets,scalein,decommission_command_start,2026-09-21T18:42:34.912046+00:00,384.153323,1692,r-scylla3,3,13.25,1984274891,10427106853,1210000000,3540000000,4120000000,6320000000,3375144,False
tablets,scalein,decommission_command_start,2026-09-21T18:42:38.224961+00:00,387.466238,1693,r-scylla1,3,11.10,2069100495,10427106853,1490000000,3550000000,4360000000,6470000000,3375808,False
tablets,scalein,decommission_command_start,2026-09-21T18:42:38.224961+00:00,387.466238,1693,r-scylla2,3,12.52,1984274891,10427106853,1280000000,3580000000,4350000000,6560000000,3375808,False
tablets,scalein,decommission_command_start,2026-09-21T18:42:38.224961+00:00,387.466238,1693,r-scylla3,3,11.49,1984274891,10427106853,1210000000,3540000000,4120000000,6320000000,3375808,False
tablets,scalein,decommission_command_start,2026-09-21T18:42:41.570579+00:00,390.811856,1694,r-scylla1,3,13.41,2069100495,10427106853,1490000000,3550000000,4360000000,6470000000,3375712,False
tablets,scalein,decommission_command_start,2026-09-21T18:42:41.570579+00:00,390.811856,1694,r-scylla2,3,13.25,1984274891,10427106853,1280000000,3580000000,4350000000,6560000000,3375712,False
tablets,scalein,decommission_command_start,2026-09-21T18:42:41.570579+00:00,390.811856,1694,r-scylla3,3,14.55,1984274891,10427106853,1210000000,3540000000,4120000000,6320000000,3375712,False
tablets,scalein,decommission_command_start,2026-09-21T18:42:44.909382+00:00,394.150659,1695,r-scylla1,3,12.77,2069100495,10427106853,1490000000,3550000000,4360000000,6470000000,3372180,False
tablets,scalein,decommission_command_start,2026-09-21T18:42:44.909382+00:00,394.150659,1695,r-scylla2,3,12.70,1984274891,10427106853,1280000000,3590000000,4350000000,6560000000,3372180,False
tablets,scalein,decommission_command_start,2026-09-21T18:42:44.909382+00:00,394.150659,1695,r-scylla3,3,12.01,1984274891,10427106853,1210000000,3550000000,4130000000,6320000000,3372180,False
tablets,scalein,decommission_command_start,2026-09-21T18:42:48.273267+00:00,397.514544,1696,r-scylla1,3,10.69,2069100495,10427106853,1490000000,3550000000,4370000000,6470000000,3372876,False
tablets,scalein,decommission_command_start,2026-09-21T18:42:48.273267+00:00,397.514544,1696,r-scylla2,3,11.51,1984274891,10427106853,1280000000,3590000000,4360000000,6560000000,3372876,False
tablets,scalein,decommission_command_start,2026-09-21T18:42:48.273267+00:00,397.514544,1696,r-scylla3,3,10.64,1984274891,10427106853,1210000000,3550000000,4130000000,6320000000,3372876,False
tablets,scalein,decommission_command_start,2026-09-21T18:42:51.622802+00:00,400.864079,1697,r-scylla1,3,14.55,2069100495,10427106853,1490000000,3560000000,4370000000,6470000000,3372248,False
tablets,scalein,decommission_command_start,2026-09-21T18:42:51.622802+00:00,400.864079,1697,r-scylla2,3,14.59,1984274891,10427106853,1290000000,3590000000,4360000000,6560000000,3372248,False
tablets,scalein,decommission_command_start,2026-09-21T18:42:51.622802+00:00,400.864079,1697,r-scylla3,3,11.90,1984274891,10427106853,1220000000,3550000000,4130000000,6320000000,3372248,False
tablets,scalein,decommission_command_start,2026-09-21T18:42:54.930582+00:00,404.171859,1698,r-scylla1,3,14.86,2069100495,10427106853,1490000000,3560000000,4370000000,6470000000,3372704,False
tablets,scalein,decommission_command_start,2026-09-21T18:42:54.930582+00:00,404.171859,1698,r-scylla2,3,13.47,1984274891,10427106853,1290000000,3590000000,4360000000,6570000000,3372704,False
tablets,scalein,decommission_command_start,2026-09-21T18:42:54.930582+00:00,404.171859,1698,r-scylla3,3,13.46,1984274891,10427106853,1220000000,3550000000,4130000000,6320000000,3372704,False
tablets,scalein,decommission_command_start,2026-09-21T18:42:58.302002+00:00,407.543279,1699,r-scylla1,3,13.70,2070174237,10427106853,1500000000,3560000000,4370000000,6470000000,3371052,False
tablets,scalein,decommission_command_start,2026-09-21T18:42:58.302002+00:00,407.543279,1699,r-scylla2,3,14.36,1984274891,10427106853,1290000000,3600000000,4360000000,6570000000,3371052,False
tablets,scalein,decommission_command_start,2026-09-21T18:42:58.302002+00:00,407.543279,1699,r-scylla3,3,12.78,1984274891,10427106853,1220000000,3560000000,4130000000,6320000000,3371052,False
tablets,scalein,decommission_command_start,2026-09-21T18:43:01.631984+00:00,410.873261,1700,r-scylla1,3,11.13,2070174237,10427106853,1500000000,3560000000,4370000000,6470000000,3369580,False
tablets,scalein,decommission_command_start,2026-09-21T18:43:01.631984+00:00,410.873261,1700,r-scylla2,3,11.10,1984274891,10427106853,1290000000,3600000000,4360000000,6570000000,3369580,False
tablets,scalein,decommission_command_start,2026-09-21T18:43:01.631984+00:00,410.873261,1700,r-scylla3,3,12.63,1984274891,10427106853,1220000000,3560000000,4130000000,6320000000,3369580,False
tablets,scalein,decommission_command_start,2026-09-21T18:43:04.987136+00:00,414.228413,1701,r-scylla1,3,10.70,2069100495,10427106853,1500000000,3560000000,4370000000,6470000000,3368540,False
tablets,scalein,decommission_command_start,2026-09-21T18:43:04.987136+00:00,414.228413,1701,r-scylla2,3,9.06,1984274891,10427106853,1290000000,3600000000,4370000000,6570000000,3368540,False
tablets,scalein,decommission_command_start,2026-09-21T18:43:04.987136+00:00,414.228413,1701,r-scylla3,3,8.75,1984274891,10427106853,1220000000,3560000000,4130000000,6320000000,3368540,False
tablets,scalein,decommission_command_start,2026-09-21T18:43:08.319939+00:00,417.561216,1702,r-scylla1,3,8.88,2069100495,10427106853,1500000000,3570000000,4380000000,6470000000,3369012,False
tablets,scalein,decommission_command_start,2026-09-21T18:43:08.319939+00:00,417.561216,1702,r-scylla2,3,9.14,1984274891,10427106853,1290000000,3600000000,4370000000,6570000000,3369012,False
tablets,scalein,decommission_command_start,2026-09-21T18:43:08.319939+00:00,417.561216,1702,r-scylla3,3,11.76,1984274891,10427106853,1220000000,3560000000,4140000000,6320000000,3369012,False
tablets,scalein,decommission_command_start,2026-09-21T18:43:11.594293+00:00,420.835570,1703,r-scylla1,3,13.83,2069100495,10427106853,1500000000,3570000000,4380000000,6470000000,3368556,False
tablets,scalein,decommission_command_start,2026-09-21T18:43:11.594293+00:00,420.835570,1703,r-scylla2,3,12.93,1984274891,10427106853,1290000000,3610000000,4370000000,6570000000,3368556,False
tablets,scalein,decommission_command_start,2026-09-21T18:43:11.594293+00:00,420.835570,1703,r-scylla3,3,15.02,1984274891,10427106853,1220000000,3570000000,4140000000,6320000000,3368556,False
tablets,scalein,decommission_command_start,2026-09-21T18:43:14.892169+00:00,424.133446,1704,r-scylla1,3,13.23,2069100495,10427106853,1500000000,3570000000,4380000000,6470000000,3366808,False
tablets,scalein,decommission_command_start,2026-09-21T18:43:14.892169+00:00,424.133446,1704,r-scylla2,3,12.52,1984274891,10427106853,1290000000,3610000000,4370000000,6570000000,3366808,False
tablets,scalein,decommission_command_start,2026-09-21T18:43:14.892169+00:00,424.133446,1704,r-scylla3,3,13.21,1984274891,10427106853,1220000000,3570000000,4140000000,6320000000,3366808,False
tablets,scalein,decommission_command_start,2026-09-21T18:43:18.198278+00:00,427.439555,1705,r-scylla1,3,9.68,2069100495,10427106853,1500000000,3570000000,4380000000,6480000000,3366576,False
tablets,scalein,decommission_command_start,2026-09-21T18:43:18.198278+00:00,427.439555,1705,r-scylla2,3,9.27,1984274891,10427106853,1290000000,3610000000,4370000000,6570000000,3366576,False
tablets,scalein,decommission_command_start,2026-09-21T18:43:18.198278+00:00,427.439555,1705,r-scylla3,3,11.38,1984274891,10427106853,1220000000,3570000000,4140000000,6320000000,3366576,False
tablets,scalein,decommission_command_start,2026-09-21T18:43:21.538683+00:00,430.779960,1706,r-scylla1,3,14.46,2070174237,10427106853,1500000000,3580000000,4380000000,6480000000,3366388,False
tablets,scalein,decommission_command_start,2026-09-21T18:43:21.538683+00:00,430.779960,1706,r-scylla2,3,14.66,1984274891,10427106853,1290000000,3610000000,4370000000,6570000000,3366388,False
tablets,scalein,decommission_command_start,2026-09-21T18:43:21.538683+00:00,430.779960,1706,r-scylla3,3,12.18,1984274891,10427106853,1220000000,3570000000,4140000000,6320000000,3366388,False
tablets,scalein,decommission_command_start,2026-09-21T18:43:24.895936+00:00,434.137213,1707,r-scylla1,3,13.35,2069100495,10427106853,1500000000,3580000000,4380000000,6480000000,3370376,False
tablets,scalein,decommission_command_start,2026-09-21T18:43:24.895936+00:00,434.137213,1707,r-scylla2,3,13.51,1984274891,10427106853,1290000000,3620000000,4380000000,6570000000,3370376,False
tablets,scalein,decommission_command_start,2026-09-21T18:43:24.895936+00:00,434.137213,1707,r-scylla3,3,13.79,1984274891,10427106853,1220000000,3570000000,4140000000,6320000000,3370376,False
tablets,scalein,decommission_command_start,2026-09-21T18:43:28.183892+00:00,437.425169,1708,r-scylla1,3,12.65,2069100495,10427106853,1500000000,3580000000,4390000000,6480000000,3368604,False
tablets,scalein,decommission_command_start,2026-09-21T18:43:28.183892+00:00,437.425169,1708,r-scylla2,3,13.39,1984274891,10427106853,1290000000,3620000000,4380000000,6570000000,3368604,False
tablets,scalein,decommission_command_start,2026-09-21T18:43:28.183892+00:00,437.425169,1708,r-scylla3,3,14.12,1984274891,10427106853,1220000000,3580000000,4150000000,6320000000,3368604,False
tablets,scalein,decommission_command_start,2026-09-21T18:43:31.578220+00:00,440.819497,1709,r-scylla1,3,12.41,2070174237,10427106853,1500000000,3580000000,4390000000,6480000000,3367748,False
tablets,scalein,decommission_command_start,2026-09-21T18:43:31.578220+00:00,440.819497,1709,r-scylla2,3,13.55,1984274891,10427106853,1290000000,3620000000,4380000000,6570000000,3367748,False
tablets,scalein,decommission_command_start,2026-09-21T18:43:31.578220+00:00,440.819497,1709,r-scylla3,3,11.17,1984274891,10427106853,1220000000,3580000000,4150000000,6320000000,3367748,False
tablets,scalein,decommission_command_start,2026-09-21T18:43:34.898132+00:00,444.139409,1710,r-scylla1,3,12.35,2069100495,10427106853,1500000000,3590000000,4390000000,6480000000,3368928,False
tablets,scalein,decommission_command_start,2026-09-21T18:43:34.898132+00:00,444.139409,1710,r-scylla2,3,14.03,1984274891,10427106853,1290000000,3620000000,4380000000,6570000000,3368928,False
tablets,scalein,decommission_command_start,2026-09-21T18:43:34.898132+00:00,444.139409,1710,r-scylla3,3,14.61,1984274891,10427106853,1220000000,3580000000,4150000000,6320000000,3368928,False
tablets,scalein,decommission_command_start,2026-09-21T18:43:38.234156+00:00,447.475433,1711,r-scylla1,3,13.96,2070174237,10427106853,1500000000,3590000000,4390000000,6480000000,3368652,False
tablets,scalein,decommission_command_start,2026-09-21T18:43:38.234156+00:00,447.475433,1711,r-scylla2,3,14.22,1984274891,10427106853,1290000000,3620000000,4380000000,6570000000,3368652,False
tablets,scalein,decommission_command_start,2026-09-21T18:43:38.234156+00:00,447.475433,1711,r-scylla3,3,13.29,1984274891,10427106853,1220000000,3580000000,4150000000,6320000000,3368652,False
tablets,scalein,decommission_command_start,2026-09-21T18:43:41.515946+00:00,450.757223,1712,r-scylla1,3,13.68,2069100495,10427106853,1500000000,3590000000,4390000000,6480000000,3368220,False
tablets,scalein,decommission_command_start,2026-09-21T18:43:41.515946+00:00,450.757223,1712,r-scylla2,3,13.69,1984274891,10427106853,1300000000,3630000000,4390000000,6570000000,3368220,False
tablets,scalein,decommission_command_start,2026-09-21T18:43:41.515946+00:00,450.757223,1712,r-scylla3,3,11.58,1984274891,10427106853,1220000000,3590000000,4150000000,6320000000,3368220,False
tablets,scalein,decommission_command_start,2026-09-21T18:43:44.811948+00:00,454.053225,1713,r-scylla1,3,12.80,2070174237,10427106853,1500000000,3590000000,4390000000,6480000000,3369308,False
tablets,scalein,decommission_command_start,2026-09-21T18:43:44.811948+00:00,454.053225,1713,r-scylla2,3,13.92,1984274891,10427106853,1300000000,3630000000,4390000000,6570000000,3369308,False
tablets,scalein,decommission_command_start,2026-09-21T18:43:44.811948+00:00,454.053225,1713,r-scylla3,3,12.83,1984274891,10427106853,1230000000,3590000000,4150000000,6320000000,3369308,False
tablets,scalein,decommission_command_start,2026-09-21T18:43:48.154271+00:00,457.395548,1714,r-scylla1,3,12.30,2069100495,10427106853,1500000000,3590000000,4390000000,6480000000,3363372,False
tablets,scalein,decommission_command_start,2026-09-21T18:43:48.154271+00:00,457.395548,1714,r-scylla2,3,13.41,1984274891,10427106853,1300000000,3630000000,4390000000,6570000000,3363372,False
tablets,scalein,decommission_command_start,2026-09-21T18:43:48.154271+00:00,457.395548,1714,r-scylla3,3,12.79,1984274891,10427106853,1230000000,3590000000,4160000000,6320000000,3363372,False
tablets,scalein,decommission_command_start,2026-09-21T18:43:51.476942+00:00,460.718219,1715,r-scylla1,3,13.52,2070174237,10427106853,1510000000,3600000000,4400000000,6480000000,3363104,False
tablets,scalein,decommission_command_start,2026-09-21T18:43:51.476942+00:00,460.718219,1715,r-scylla2,3,10.35,1984274891,10427106853,1300000000,3630000000,4390000000,6570000000,3363104,False
tablets,scalein,decommission_command_start,2026-09-21T18:43:51.476942+00:00,460.718219,1715,r-scylla3,3,12.81,1984274891,10427106853,1230000000,3590000000,4160000000,6320000000,3363104,False
tablets,scalein,decommission_command_start,2026-09-21T18:43:54.803810+00:00,464.045087,1716,r-scylla1,3,13.92,2069100495,10427106853,1510000000,3600000000,4400000000,6480000000,3365184,False
tablets,scalein,decommission_command_start,2026-09-21T18:43:54.803810+00:00,464.045087,1716,r-scylla2,3,14.01,1984274891,10427106853,1300000000,3640000000,4390000000,6570000000,3365184,False
tablets,scalein,decommission_command_start,2026-09-21T18:43:54.803810+00:00,464.045087,1716,r-scylla3,3,14.72,1984274891,10427106853,1230000000,3600000000,4160000000,6320000000,3365184,False
tablets,scalein,decommission_command_start,2026-09-21T18:43:58.133792+00:00,467.375069,1717,r-scylla1,3,13.69,2070174237,10427106853,1510000000,3600000000,4400000000,6480000000,3367964,False
tablets,scalein,decommission_command_start,2026-09-21T18:43:58.133792+00:00,467.375069,1717,r-scylla2,3,14.38,1984274891,10427106853,1300000000,3640000000,4390000000,6570000000,3367964,False
tablets,scalein,decommission_command_start,2026-09-21T18:43:58.133792+00:00,467.375069,1717,r-scylla3,3,12.70,1984274891,10427106853,1230000000,3600000000,4160000000,6320000000,3367964,False
tablets,scalein,decommission_command_start,2026-09-21T18:44:01.456171+00:00,470.697448,1718,r-scylla1,3,11.79,2069100495,10427106853,1510000000,3600000000,4400000000,6480000000,3371708,False
tablets,scalein,decommission_command_start,2026-09-21T18:44:01.456171+00:00,470.697448,1718,r-scylla2,3,12.95,1984274891,10427106853,1300000000,3640000000,4400000000,6570000000,3371708,False
tablets,scalein,decommission_command_start,2026-09-21T18:44:01.456171+00:00,470.697448,1718,r-scylla3,3,12.00,1984274891,10427106853,1230000000,3600000000,4160000000,6320000000,3371708,False
tablets,scalein,decommission_command_start,2026-09-21T18:44:04.777514+00:00,474.018791,1719,r-scylla1,3,14.57,2069100495,10427106853,1510000000,3610000000,4400000000,6480000000,3376032,False
tablets,scalein,decommission_command_start,2026-09-21T18:44:04.777514+00:00,474.018791,1719,r-scylla2,3,13.73,1984274891,10427106853,1300000000,3640000000,4400000000,6570000000,3376032,False
tablets,scalein,decommission_command_start,2026-09-21T18:44:04.777514+00:00,474.018791,1719,r-scylla3,3,13.55,1984274891,10427106853,1230000000,3600000000,4160000000,6320000000,3376032,False
tablets,scalein,decommission_command_start,2026-09-21T18:44:08.098563+00:00,477.339840,1720,r-scylla1,3,15.84,2069100495,10427106853,1510000000,3610000000,4400000000,6480000000,3369684,False
tablets,scalein,decommission_command_start,2026-09-21T18:44:08.098563+00:00,477.339840,1720,r-scylla2,3,13.67,1984274891,10427106853,1300000000,3650000000,4400000000,6570000000,3369684,False
tablets,scalein,decommission_command_start,2026-09-21T18:44:08.098563+00:00,477.339840,1720,r-scylla3,3,15.02,1984274891,10427106853,1230000000,3600000000,4160000000,6320000000,3369684,False
tablets,scalein,decommission_command_start,2026-09-21T18:44:11.464588+00:00,480.705865,1721,r-scylla1,3,12.71,2070174237,10427106853,1510000000,3610000000,4400000000,6480000000,3371924,False
tablets,scalein,decommission_command_start,2026-09-21T18:44:11.464588+00:00,480.705865,1721,r-scylla2,3,12.86,1984274891,10427106853,1300000000,3650000000,4400000000,6570000000,3371924,False
tablets,scalein,decommission_command_start,2026-09-21T18:44:11.464588+00:00,480.705865,1721,r-scylla3,3,11.96,1984274891,10427106853,1230000000,3610000000,4170000000,6320000000,3371924,False
tablets,scalein,decommission_command_start,2026-09-21T18:44:14.813028+00:00,484.054305,1722,r-scylla1,3,11.94,2070174237,10427106853,1510000000,3610000000,4410000000,6480000000,3370480,False
tablets,scalein,decommission_command_start,2026-09-21T18:44:14.813028+00:00,484.054305,1722,r-scylla2,3,12.50,1984274891,10427106853,1300000000,3650000000,4400000000,6570000000,3370480,False
tablets,scalein,decommission_command_start,2026-09-21T18:44:14.813028+00:00,484.054305,1722,r-scylla3,3,12.49,1984274891,10427106853,1230000000,3610000000,4170000000,6320000000,3370480,False
tablets,scalein,decommission_command_start,2026-09-21T18:44:18.174712+00:00,487.415989,1723,r-scylla1,3,9.11,2070174237,10427106853,1510000000,3620000000,4410000000,6480000000,3371412,False
tablets,scalein,decommission_command_start,2026-09-21T18:44:18.174712+00:00,487.415989,1723,r-scylla2,3,9.08,1984274891,10427106853,1300000000,3650000000,4410000000,6570000000,3371412,False
tablets,scalein,decommission_command_start,2026-09-21T18:44:18.174712+00:00,487.415989,1723,r-scylla3,3,8.97,1984274891,10427106853,1230000000,3610000000,4170000000,6330000000,3371412,False
tablets,scalein,decommission_command_start,2026-09-21T18:44:21.454228+00:00,490.695505,1724,r-scylla1,3,8.91,2069100495,10427106853,1510000000,3620000000,4410000000,6480000000,3369972,False
tablets,scalein,decommission_command_start,2026-09-21T18:44:21.454228+00:00,490.695505,1724,r-scylla2,3,8.80,1984274891,10427106853,1300000000,3660000000,4410000000,6570000000,3369972,False
tablets,scalein,decommission_command_start,2026-09-21T18:44:21.454228+00:00,490.695505,1724,r-scylla3,3,9.50,1984274891,10427106853,1230000000,3610000000,4170000000,6330000000,3369972,False
tablets,scalein,decommission_command_start,2026-09-21T18:44:24.728042+00:00,493.969319,1725,r-scylla1,3,13.91,2070174237,10427106853,1510000000,3620000000,4410000000,6480000000,3373124,False
tablets,scalein,decommission_command_start,2026-09-21T18:44:24.728042+00:00,493.969319,1725,r-scylla2,3,13.99,1984274891,10427106853,1300000000,3660000000,4410000000,6570000000,3373124,False
tablets,scalein,decommission_command_start,2026-09-21T18:44:24.728042+00:00,493.969319,1725,r-scylla3,3,12.77,1984274891,10427106853,1230000000,3620000000,4170000000,6330000000,3373124,False
tablets,scalein,decommission_command_start,2026-09-21T18:44:28.068173+00:00,497.309450,1726,r-scylla1,3,12.44,2069100495,10427106853,1510000000,3620000000,4410000000,6480000000,3370476,False
tablets,scalein,decommission_command_start,2026-09-21T18:44:28.068173+00:00,497.309450,1726,r-scylla2,3,12.69,1984274891,10427106853,1300000000,3660000000,4410000000,6570000000,3370476,False
tablets,scalein,decommission_command_start,2026-09-21T18:44:28.068173+00:00,497.309450,1726,r-scylla3,3,13.09,1984274891,10427106853,1230000000,3620000000,4170000000,6330000000,3370476,False
tablets,scalein,decommission_command_start,2026-09-21T18:44:31.396408+00:00,500.637685,1727,r-scylla1,3,10.32,2070174237,10427106853,1510000000,3620000000,4410000000,6480000000,3373848,False
tablets,scalein,decommission_command_start,2026-09-21T18:44:31.396408+00:00,500.637685,1727,r-scylla2,3,9.40,1984274891,10427106853,1310000000,3660000000,4410000000,6570000000,3373848,False
tablets,scalein,decommission_command_start,2026-09-21T18:44:31.396408+00:00,500.637685,1727,r-scylla3,3,8.77,1984274891,10427106853,1230000000,3620000000,4170000000,6330000000,3373848,False
tablets,scalein,decommission_command_start,2026-09-21T18:44:34.676486+00:00,503.917763,1728,r-scylla1,3,8.58,2069100495,10427106853,1510000000,3630000000,4410000000,6480000000,3375156,False
tablets,scalein,decommission_command_start,2026-09-21T18:44:34.676486+00:00,503.917763,1728,r-scylla2,3,8.67,1984274891,10427106853,1310000000,3660000000,4410000000,6570000000,3375156,False
tablets,scalein,decommission_command_start,2026-09-21T18:44:34.676486+00:00,503.917763,1728,r-scylla3,3,8.93,1984274891,10427106853,1230000000,3620000000,4180000000,6330000000,3375156,False
tablets,scalein,decommission_command_start,2026-09-21T18:44:37.947791+00:00,507.189068,1729,r-scylla1,3,13.91,2070174237,10427106853,1510000000,3630000000,4420000000,6480000000,3377064,False
tablets,scalein,decommission_command_start,2026-09-21T18:44:37.947791+00:00,507.189068,1729,r-scylla2,3,12.44,1984274891,10427106853,1310000000,3670000000,4420000000,6570000000,3377064,False
tablets,scalein,decommission_command_start,2026-09-21T18:44:37.947791+00:00,507.189068,1729,r-scylla3,3,13.55,1984274891,10427106853,1240000000,3630000000,4180000000,6330000000,3377064,False
tablets,scalein,decommission_command_start,2026-09-21T18:44:41.213577+00:00,510.454854,1730,r-scylla1,3,15.00,2069100495,10427106853,1510000000,3630000000,4420000000,6480000000,3376820,False
tablets,scalein,decommission_command_start,2026-09-21T18:44:41.213577+00:00,510.454854,1730,r-scylla2,3,15.30,1984274891,10427106853,1310000000,3670000000,4420000000,6570000000,3376820,False
tablets,scalein,decommission_command_start,2026-09-21T18:44:41.213577+00:00,510.454854,1730,r-scylla3,3,13.56,1984274891,10427106853,1240000000,3630000000,4180000000,6330000000,3376820,False
tablets,scalein,decommission_command_start,2026-09-21T18:44:44.552790+00:00,513.794067,1731,r-scylla1,3,12.17,2069100495,10427106853,1520000000,3630000000,4420000000,6480000000,3377296,False
tablets,scalein,decommission_command_start,2026-09-21T18:44:44.552790+00:00,513.794067,1731,r-scylla2,3,11.75,1984274891,10427106853,1310000000,3670000000,4420000000,6570000000,3377296,False
tablets,scalein,decommission_command_start,2026-09-21T18:44:44.552790+00:00,513.794067,1731,r-scylla3,3,13.40,1984274891,10427106853,1240000000,3630000000,4180000000,6330000000,3377296,False
tablets,scalein,decommission_command_start,2026-09-21T18:44:47.930359+00:00,517.171636,1732,r-scylla1,3,13.40,2069100495,10427106853,1520000000,3640000000,4420000000,6480000000,3374580,False
tablets,scalein,decommission_command_start,2026-09-21T18:44:47.930359+00:00,517.171636,1732,r-scylla2,3,13.70,1984274891,10427106853,1310000000,3670000000,4420000000,6570000000,3374580,False
tablets,scalein,decommission_command_start,2026-09-21T18:44:47.930359+00:00,517.171636,1732,r-scylla3,3,13.04,1984274891,10427106853,1240000000,3630000000,4180000000,6330000000,3374580,False
tablets,scalein,decommission_command_start,2026-09-21T18:44:51.258496+00:00,520.499773,1733,r-scylla1,3,13.50,2069100495,10427106853,1520000000,3640000000,4420000000,6480000000,3372848,False
tablets,scalein,decommission_command_start,2026-09-21T18:44:51.258496+00:00,520.499773,1733,r-scylla2,3,14.05,1984274891,10427106853,1310000000,3680000000,4420000000,6580000000,3372848,False
tablets,scalein,decommission_command_start,2026-09-21T18:44:51.258496+00:00,520.499773,1733,r-scylla3,3,12.06,1984274891,10427106853,1240000000,3630000000,4180000000,6330000000,3372848,False
tablets,scalein,decommission_command_start,2026-09-21T18:44:54.591698+00:00,523.832975,1734,r-scylla1,3,12.46,2069100495,10427106853,1520000000,3640000000,4420000000,6480000000,3373756,False
tablets,scalein,decommission_command_start,2026-09-21T18:44:54.591698+00:00,523.832975,1734,r-scylla2,3,12.86,1984274891,10427106853,1310000000,3680000000,4420000000,6580000000,3373756,False
tablets,scalein,decommission_command_start,2026-09-21T18:44:54.591698+00:00,523.832975,1734,r-scylla3,3,13.65,1984274891,10427106853,1240000000,3640000000,4180000000,6330000000,3373756,False
tablets,scalein,decommission_command_start,2026-09-21T18:44:57.922863+00:00,527.164140,1735,r-scylla1,3,13.96,2069100495,10427106853,1520000000,3640000000,4420000000,6480000000,3373636,False
tablets,scalein,decommission_command_start,2026-09-21T18:44:57.922863+00:00,527.164140,1735,r-scylla2,3,14.16,1984274891,10427106853,1310000000,3680000000,4430000000,6580000000,3373636,False
tablets,scalein,decommission_command_start,2026-09-21T18:44:57.922863+00:00,527.164140,1735,r-scylla3,3,13.46,1984274891,10427106853,1240000000,3640000000,4190000000,6330000000,3373636,False
tablets,scalein,decommission_command_start,2026-09-21T18:45:01.252731+00:00,530.494008,1736,r-scylla1,3,12.72,2069100495,10427106853,1520000000,3650000000,4430000000,6480000000,3370544,False
tablets,scalein,decommission_command_start,2026-09-21T18:45:01.252731+00:00,530.494008,1736,r-scylla2,3,14.15,1984274891,10427106853,1310000000,3680000000,4430000000,6580000000,3370544,False
tablets,scalein,decommission_command_start,2026-09-21T18:45:01.252731+00:00,530.494008,1736,r-scylla3,3,13.98,1984274891,10427106853,1240000000,3640000000,4190000000,6330000000,3370544,False
tablets,scalein,decommission_command_start,2026-09-21T18:45:04.555141+00:00,533.796418,1737,r-scylla1,3,14.10,2069100495,10427106853,1520000000,3650000000,4430000000,6480000000,3372824,False
tablets,scalein,decommission_command_start,2026-09-21T18:45:04.555141+00:00,533.796418,1737,r-scylla2,3,10.63,1984274891,10427106853,1310000000,3680000000,4430000000,6580000000,3372824,False
tablets,scalein,decommission_command_start,2026-09-21T18:45:04.555141+00:00,533.796418,1737,r-scylla3,3,13.00,1984274891,10427106853,1240000000,3640000000,4190000000,6330000000,3372824,False
tablets,scalein,decommission_command_start,2026-09-21T18:45:07.813421+00:00,537.054698,1738,r-scylla1,3,13.56,2069100495,10427106853,1520000000,3650000000,4430000000,6480000000,3367484,False
tablets,scalein,decommission_command_start,2026-09-21T18:45:07.813421+00:00,537.054698,1738,r-scylla2,3,15.07,1984274891,10427106853,1310000000,3690000000,4430000000,6580000000,3367484,False
tablets,scalein,decommission_command_start,2026-09-21T18:45:07.813421+00:00,537.054698,1738,r-scylla3,3,13.46,1984274891,10427106853,1240000000,3650000000,4190000000,6330000000,3367484,False
tablets,scalein,decommission_command_start,2026-09-21T18:45:11.078750+00:00,540.320027,1739,r-scylla1,3,12.43,2069100495,10427106853,1520000000,3650000000,4430000000,6480000000,3367956,False
tablets,scalein,decommission_command_start,2026-09-21T18:45:11.078750+00:00,540.320027,1739,r-scylla2,3,11.59,1984274891,10427106853,1310000000,3690000000,4430000000,6580000000,3367956,False
tablets,scalein,decommission_command_start,2026-09-21T18:45:11.078750+00:00,540.320027,1739,r-scylla3,3,12.87,1984274891,10427106853,1240000000,3650000000,4190000000,6330000000,3367956,False
tablets,scalein,decommission_command_start,2026-09-21T18:45:14.347682+00:00,543.588959,1740,r-scylla1,3,15.51,2069100495,10427106853,1520000000,3650000000,4430000000,6480000000,3372728,False
tablets,scalein,decommission_command_start,2026-09-21T18:45:14.347682+00:00,543.588959,1740,r-scylla2,3,14.82,1984274891,10427106853,1310000000,3690000000,4430000000,6580000000,3372728,False
tablets,scalein,decommission_command_start,2026-09-21T18:45:14.347682+00:00,543.588959,1740,r-scylla3,3,15.12,1984274891,10427106853,1240000000,3650000000,4190000000,6330000000,3372728,False
tablets,scalein,decommission_command_start,2026-09-21T18:45:17.689940+00:00,546.931217,1741,r-scylla1,3,13.48,2069100495,10427106853,1520000000,3660000000,4430000000,6480000000,3372192,False
tablets,scalein,decommission_command_start,2026-09-21T18:45:17.689940+00:00,546.931217,1741,r-scylla2,3,14.21,1984274891,10427106853,1310000000,3690000000,4440000000,6580000000,3372192,False
tablets,scalein,decommission_command_start,2026-09-21T18:45:17.689940+00:00,546.931217,1741,r-scylla3,3,12.97,1984274891,10427106853,1240000000,3650000000,4190000000,6330000000,3372192,False
tablets,scalein,decommission_command_start,2026-09-21T18:45:21.152646+00:00,550.393923,1742,r-scylla1,3,13.36,2070174237,10427106853,1520000000,3660000000,4430000000,6490000000,3372096,False
tablets,scalein,decommission_command_start,2026-09-21T18:45:21.152646+00:00,550.393923,1742,r-scylla2,3,12.55,1984274891,10427106853,1320000000,3700000000,4440000000,6580000000,3372096,False
tablets,scalein,decommission_command_start,2026-09-21T18:45:21.152646+00:00,550.393923,1742,r-scylla3,3,12.67,1984274891,10427106853,1240000000,3650000000,4200000000,6330000000,3372096,False
tablets,scalein,decommission_command_start,2026-09-21T18:45:24.453026+00:00,553.694303,1743,r-scylla1,3,13.36,2069100495,10427106853,1520000000,3660000000,4440000000,6490000000,3373380,False
tablets,scalein,decommission_command_start,2026-09-21T18:45:24.453026+00:00,553.694303,1743,r-scylla2,3,11.20,1984274891,10427106853,1320000000,3700000000,4440000000,6580000000,3373380,False
tablets,scalein,decommission_command_start,2026-09-21T18:45:24.453026+00:00,553.694303,1743,r-scylla3,3,14.21,1984274891,10427106853,1240000000,3660000000,4200000000,6330000000,3373380,False
tablets,scalein,decommission_command_start,2026-09-21T18:45:27.715042+00:00,556.956319,1744,r-scylla1,3,13.01,2069100495,10427106853,1520000000,3660000000,4440000000,6490000000,3373076,False
tablets,scalein,decommission_command_start,2026-09-21T18:45:27.715042+00:00,556.956319,1744,r-scylla2,3,12.78,1984274891,10427106853,1320000000,3700000000,4440000000,6580000000,3373076,False
tablets,scalein,decommission_command_start,2026-09-21T18:45:27.715042+00:00,556.956319,1744,r-scylla3,3,11.72,1984274891,10427106853,1240000000,3660000000,4200000000,6330000000,3373076,False
tablets,scalein,decommission_command_start,2026-09-21T18:45:31.000866+00:00,560.242143,1745,r-scylla1,3,13.22,2069100495,10427106853,1520000000,3670000000,4440000000,6490000000,3373112,False
tablets,scalein,decommission_command_start,2026-09-21T18:45:31.000866+00:00,560.242143,1745,r-scylla2,3,14.67,1984274891,10427106853,1320000000,3700000000,4440000000,6580000000,3373112,False
tablets,scalein,decommission_command_start,2026-09-21T18:45:31.000866+00:00,560.242143,1745,r-scylla3,3,14.81,1984274891,10427106853,1250000000,3660000000,4200000000,6330000000,3373112,False
tablets,scalein,decommission_command_start,2026-09-21T18:45:34.287808+00:00,563.529085,1746,r-scylla1,3,8.94,2069100495,10427106853,1520000000,3670000000,4440000000,6490000000,3365816,False
tablets,scalein,decommission_command_start,2026-09-21T18:45:34.287808+00:00,563.529085,1746,r-scylla2,3,9.96,1984274891,10427106853,1320000000,3710000000,4440000000,6580000000,3365816,False
tablets,scalein,decommission_command_start,2026-09-21T18:45:34.287808+00:00,563.529085,1746,r-scylla3,3,10.40,1984274891,10427106853,1250000000,3660000000,4200000000,6330000000,3365816,False
tablets,scalein,decommission_command_start,2026-09-21T18:45:37.583855+00:00,566.825132,1747,r-scylla1,3,14.70,2069100495,10427106853,1530000000,3670000000,4440000000,6490000000,3365484,False
tablets,scalein,decommission_command_start,2026-09-21T18:45:37.583855+00:00,566.825132,1747,r-scylla2,3,13.21,1984274891,10427106853,1320000000,3710000000,4450000000,6580000000,3365484,False
tablets,scalein,decommission_command_start,2026-09-21T18:45:37.583855+00:00,566.825132,1747,r-scylla3,3,12.41,1984274891,10427106853,1250000000,3670000000,4200000000,6330000000,3365484,False
tablets,scalein,decommission_command_start,2026-09-21T18:45:40.941733+00:00,570.183010,1748,r-scylla1,3,9.02,2069100495,10427106853,1530000000,3670000000,4440000000,6490000000,3365844,False
tablets,scalein,decommission_command_start,2026-09-21T18:45:40.941733+00:00,570.183010,1748,r-scylla2,3,8.53,1984274891,10427106853,1320000000,3710000000,4450000000,6580000000,3365844,False
tablets,scalein,decommission_command_start,2026-09-21T18:45:40.941733+00:00,570.183010,1748,r-scylla3,3,11.30,1984274891,10427106853,1250000000,3670000000,4200000000,6330000000,3365844,False
tablets,scalein,decommission_command_start,2026-09-21T18:45:44.278828+00:00,573.520105,1749,r-scylla1,3,13.87,2070174237,10427106853,1530000000,3680000000,4440000000,6490000000,3366436,False
tablets,scalein,decommission_command_start,2026-09-21T18:45:44.278828+00:00,573.520105,1749,r-scylla2,3,14.42,1984274891,10427106853,1320000000,3710000000,4450000000,6580000000,3366436,False
tablets,scalein,decommission_command_start,2026-09-21T18:45:44.278828+00:00,573.520105,1749,r-scylla3,3,13.90,1984274891,10427106853,1250000000,3670000000,4210000000,6330000000,3366436,False
tablets,scalein,decommission_command_start,2026-09-21T18:45:47.615851+00:00,576.857128,1750,r-scylla1,3,14.34,2069100495,10427106853,1530000000,3680000000,4450000000,6490000000,3366076,False
tablets,scalein,decommission_command_start,2026-09-21T18:45:47.615851+00:00,576.857128,1750,r-scylla2,3,14.44,1984274891,10427106853,1320000000,3720000000,4450000000,6580000000,3366076,False
tablets,scalein,decommission_command_start,2026-09-21T18:45:47.615851+00:00,576.857128,1750,r-scylla3,3,15.62,1984274891,10427106853,1250000000,3670000000,4210000000,6330000000,3366076,False
tablets,scalein,decommission_command_start,2026-09-21T18:45:50.929188+00:00,580.170465,1751,r-scylla1,3,12.12,2070174237,10427106853,1530000000,3680000000,4450000000,6490000000,3367812,False
tablets,scalein,decommission_command_start,2026-09-21T18:45:50.929188+00:00,580.170465,1751,r-scylla2,3,12.45,1984274891,10427106853,1320000000,3720000000,4450000000,6580000000,3367812,False
tablets,scalein,decommission_command_start,2026-09-21T18:45:50.929188+00:00,580.170465,1751,r-scylla3,3,13.78,1984274891,10427106853,1250000000,3670000000,4210000000,6330000000,3367812,False
tablets,scalein,decommission_command_start,2026-09-21T18:45:54.220420+00:00,583.461697,1752,r-scylla1,3,13.47,2070174237,10427106853,1530000000,3680000000,4450000000,6490000000,3367772,False
tablets,scalein,decommission_command_start,2026-09-21T18:45:54.220420+00:00,583.461697,1752,r-scylla2,3,15.88,1984274891,10427106853,1320000000,3720000000,4460000000,6580000000,3367772,False
tablets,scalein,decommission_command_start,2026-09-21T18:45:54.220420+00:00,583.461697,1752,r-scylla3,3,15.67,1984274891,10427106853,1250000000,3680000000,4210000000,6330000000,3367772,False
tablets,scalein,decommission_command_start,2026-09-21T18:45:57.641568+00:00,586.882845,1753,r-scylla1,3,13.49,2070174237,10427106853,1530000000,3690000000,4450000000,6490000000,3369504,False
tablets,scalein,decommission_command_start,2026-09-21T18:45:57.641568+00:00,586.882845,1753,r-scylla2,3,14.02,1985348633,10427106853,1320000000,3720000000,4460000000,6580000000,3369504,False
tablets,scalein,decommission_command_start,2026-09-21T18:45:57.641568+00:00,586.882845,1753,r-scylla3,3,10.92,1984274891,10427106853,1250000000,3680000000,4210000000,6330000000,3369504,False
tablets,scalein,decommission_command_start,2026-09-21T18:46:00.925783+00:00,590.167060,1754,r-scylla1,3,12.84,2070174237,10427106853,1530000000,3690000000,4450000000,6490000000,3369948,False
tablets,scalein,decommission_command_start,2026-09-21T18:46:00.925783+00:00,590.167060,1754,r-scylla2,3,13.63,1984274891,10427106853,1320000000,3730000000,4460000000,6580000000,3369948,False
tablets,scalein,decommission_command_start,2026-09-21T18:46:00.925783+00:00,590.167060,1754,r-scylla3,3,14.37,1984274891,10427106853,1250000000,3680000000,4210000000,6330000000,3369948,False
tablets,scalein,decommission_command_start,2026-09-21T18:46:04.266410+00:00,593.507687,1755,r-scylla1,3,11.94,2070174237,10427106853,1530000000,3690000000,4450000000,6490000000,3372524,False
tablets,scalein,decommission_command_start,2026-09-21T18:46:04.266410+00:00,593.507687,1755,r-scylla2,3,12.25,1984274891,10427106853,1320000000,3730000000,4460000000,6580000000,3372524,False
tablets,scalein,decommission_command_start,2026-09-21T18:46:04.266410+00:00,593.507687,1755,r-scylla3,3,11.61,1984274891,10427106853,1250000000,3680000000,4210000000,6330000000,3372524,False
tablets,scalein,decommission_command_start,2026-09-21T18:46:07.621939+00:00,596.863216,1756,r-scylla1,3,12.47,2069100495,10427106853,1530000000,3690000000,4450000000,6490000000,3379744,False
tablets,scalein,decommission_command_start,2026-09-21T18:46:07.621939+00:00,596.863216,1756,r-scylla2,3,15.32,1985348633,10427106853,1320000000,3730000000,4460000000,6580000000,3379744,False
tablets,scalein,decommission_command_start,2026-09-21T18:46:07.621939+00:00,596.863216,1756,r-scylla3,3,13.93,1984274891,10427106853,1250000000,3690000000,4220000000,6330000000,3379744,False
tablets,scalein,decommission_command_start,2026-09-21T18:46:10.948027+00:00,600.189304,1757,r-scylla1,3,13.18,2070174237,10427106853,1530000000,3690000000,4460000000,6490000000,3379328,False
tablets,scalein,decommission_command_start,2026-09-21T18:46:10.948027+00:00,600.189304,1757,r-scylla2,3,13.74,1984274891,10427106853,1320000000,3730000000,4460000000,6580000000,3379328,False
tablets,scalein,decommission_command_start,2026-09-21T18:46:10.948027+00:00,600.189304,1757,r-scylla3,3,13.41,1984274891,10427106853,1250000000,3690000000,4220000000,6330000000,3379328,False
tablets,scalein,decommission_command_start,2026-09-21T18:46:14.389222+00:00,603.630499,1758,r-scylla1,3,13.47,2070174237,10427106853,1530000000,3700000000,4460000000,6490000000,3380648,False
tablets,scalein,decommission_command_start,2026-09-21T18:46:14.389222+00:00,603.630499,1758,r-scylla2,3,14.02,1984274891,10427106853,1330000000,3730000000,4470000000,6580000000,3380648,False
tablets,scalein,decommission_command_start,2026-09-21T18:46:14.389222+00:00,603.630499,1758,r-scylla3,3,12.79,1984274891,10427106853,1250000000,3690000000,4220000000,6330000000,3380648,False
tablets,scalein,decommission_command_start,2026-09-21T18:46:17.732148+00:00,606.973425,1759,r-scylla1,3,14.48,2069100495,10427106853,1530000000,3700000000,4460000000,6490000000,3377032,False
tablets,scalein,decommission_command_start,2026-09-21T18:46:17.732148+00:00,606.973425,1759,r-scylla2,3,14.21,1984274891,10427106853,1330000000,3740000000,4470000000,6580000000,3377032,False
tablets,scalein,decommission_command_start,2026-09-21T18:46:17.732148+00:00,606.973425,1759,r-scylla3,3,12.33,1984274891,10427106853,1250000000,3690000000,4220000000,6340000000,3377032,False
tablets,scalein,decommission_command_start,2026-09-21T18:46:21.026840+00:00,610.268117,1760,r-scylla1,3,13.16,2069100495,10427106853,1530000000,3700000000,4460000000,6490000000,3374824,False
tablets,scalein,decommission_command_start,2026-09-21T18:46:21.026840+00:00,610.268117,1760,r-scylla2,3,13.84,1984274891,10427106853,1330000000,3740000000,4470000000,6580000000,3374824,False
tablets,scalein,decommission_command_start,2026-09-21T18:46:21.026840+00:00,610.268117,1760,r-scylla3,3,13.11,1984274891,10427106853,1250000000,3700000000,4220000000,6340000000,3374824,False
tablets,scalein,decommission_command_start,2026-09-21T18:46:24.343951+00:00,613.585228,1761,r-scylla1,3,15.98,2069100495,10427106853,1530000000,3700000000,4460000000,6490000000,3372676,False
tablets,scalein,decommission_command_start,2026-09-21T18:46:24.343951+00:00,613.585228,1761,r-scylla2,3,12.97,1984274891,10427106853,1330000000,3740000000,4470000000,6580000000,3372676,False
tablets,scalein,decommission_command_start,2026-09-21T18:46:24.343951+00:00,613.585228,1761,r-scylla3,3,13.32,1984274891,10427106853,1260000000,3700000000,4220000000,6340000000,3372676,False
tablets,scalein,decommission_command_start,2026-09-21T18:46:27.634006+00:00,616.875283,1762,r-scylla1,3,12.26,2070174237,10427106853,1530000000,3710000000,4460000000,6490000000,3371976,False
tablets,scalein,decommission_command_start,2026-09-21T18:46:27.634006+00:00,616.875283,1762,r-scylla2,3,12.89,1984274891,10427106853,1330000000,3740000000,4470000000,6580000000,3371976,False
tablets,scalein,decommission_command_start,2026-09-21T18:46:27.634006+00:00,616.875283,1762,r-scylla3,3,13.24,1984274891,10427106853,1260000000,3700000000,4220000000,6340000000,3371976,False
tablets,scalein,decommission_command_start,2026-09-21T18:46:30.987421+00:00,620.228698,1763,r-scylla1,3,14.93,2069100495,10427106853,1540000000,3710000000,4460000000,6490000000,3373416,False
tablets,scalein,decommission_command_start,2026-09-21T18:46:30.987421+00:00,620.228698,1763,r-scylla2,3,13.37,1984274891,10427106853,1330000000,3750000000,4470000000,6580000000,3373416,False
tablets,scalein,decommission_command_start,2026-09-21T18:46:30.987421+00:00,620.228698,1763,r-scylla3,3,13.71,1984274891,10427106853,1260000000,3700000000,4230000000,6340000000,3373416,False
tablets,scalein,decommission_command_start,2026-09-21T18:46:34.278749+00:00,623.520026,1764,r-scylla1,3,14.55,2069100495,10427106853,1540000000,3710000000,4460000000,6490000000,3370272,False
tablets,scalein,decommission_command_start,2026-09-21T18:46:34.278749+00:00,623.520026,1764,r-scylla2,3,13.85,1984274891,10427106853,1330000000,3750000000,4470000000,6580000000,3370272,False
tablets,scalein,decommission_command_start,2026-09-21T18:46:34.278749+00:00,623.520026,1764,r-scylla3,3,13.22,1984274891,10427106853,1260000000,3710000000,4230000000,6340000000,3370272,False
tablets,scalein,decommission_command_start,2026-09-21T18:46:37.550495+00:00,626.791772,1765,r-scylla1,3,10.00,2070174237,10427106853,1540000000,3710000000,4470000000,6490000000,3372484,False
tablets,scalein,decommission_command_start,2026-09-21T18:46:37.550495+00:00,626.791772,1765,r-scylla2,3,10.92,1984274891,10427106853,1330000000,3750000000,4480000000,6580000000,3372484,False
tablets,scalein,decommission_command_start,2026-09-21T18:46:37.550495+00:00,626.791772,1765,r-scylla3,3,11.28,1984274891,10427106853,1260000000,3710000000,4230000000,6340000000,3372484,False
tablets,scalein,decommission_command_start,2026-09-21T18:46:40.856224+00:00,630.097501,1766,r-scylla1,3,13.60,2069100495,10427106853,1540000000,3720000000,4470000000,6490000000,3377396,False
tablets,scalein,decommission_command_start,2026-09-21T18:46:40.856224+00:00,630.097501,1766,r-scylla2,3,13.08,1984274891,10427106853,1330000000,3750000000,4480000000,6580000000,3377396,False
tablets,scalein,decommission_command_start,2026-09-21T18:46:40.856224+00:00,630.097501,1766,r-scylla3,3,13.16,1984274891,10427106853,1260000000,3710000000,4230000000,6340000000,3377396,False
tablets,scalein,decommission_command_start,2026-09-21T18:46:44.207903+00:00,633.449180,1767,r-scylla1,3,13.85,2069100495,10427106853,1540000000,3720000000,4470000000,6490000000,3377280,False
tablets,scalein,decommission_command_start,2026-09-21T18:46:44.207903+00:00,633.449180,1767,r-scylla2,3,16.80,1984274891,10427106853,1330000000,3760000000,4480000000,6590000000,3377280,False
tablets,scalein,decommission_command_start,2026-09-21T18:46:44.207903+00:00,633.449180,1767,r-scylla3,3,16.05,1984274891,10427106853,1260000000,3710000000,4230000000,6340000000,3377280,False
tablets,scalein,decommission_command_start,2026-09-21T18:46:47.480037+00:00,636.721314,1768,r-scylla1,3,10.46,2070174237,10427106853,1540000000,3720000000,4470000000,6490000000,3375836,False
tablets,scalein,decommission_command_start,2026-09-21T18:46:47.480037+00:00,636.721314,1768,r-scylla2,3,13.94,1984274891,10427106853,1330000000,3760000000,4480000000,6590000000,3375836,False
tablets,scalein,decommission_command_start,2026-09-21T18:46:47.480037+00:00,636.721314,1768,r-scylla3,3,10.31,1984274891,10427106853,1260000000,3710000000,4230000000,6340000000,3375836,False
tablets,scalein,decommission_command_start,2026-09-21T18:46:50.761272+00:00,640.002549,1769,r-scylla1,3,8.66,2069100495,10427106853,1540000000,3720000000,4470000000,6490000000,3373604,False
tablets,scalein,decommission_command_start,2026-09-21T18:46:50.761272+00:00,640.002549,1769,r-scylla2,3,8.86,1984274891,10427106853,1330000000,3760000000,4480000000,6590000000,3373604,False
tablets,scalein,decommission_command_start,2026-09-21T18:46:50.761272+00:00,640.002549,1769,r-scylla3,3,8.72,1984274891,10427106853,1260000000,3720000000,4230000000,6340000000,3373604,False
tablets,scalein,decommission_command_start,2026-09-21T18:46:54.025308+00:00,643.266585,1770,r-scylla1,3,8.23,2069100495,10427106853,1540000000,3720000000,4470000000,6490000000,3374048,False
tablets,scalein,decommission_command_start,2026-09-21T18:46:54.025308+00:00,643.266585,1770,r-scylla2,3,8.66,1984274891,10427106853,1330000000,3760000000,4480000000,6590000000,3374048,False
tablets,scalein,decommission_command_start,2026-09-21T18:46:54.025308+00:00,643.266585,1770,r-scylla3,3,8.55,1984274891,10427106853,1260000000,3720000000,4230000000,6340000000,3374048,False
tablets,scalein,decommission_command_start,2026-09-21T18:46:57.296175+00:00,646.537452,1771,r-scylla1,3,14.05,2069100495,10427106853,1540000000,3730000000,4470000000,6490000000,3373104,False
tablets,scalein,decommission_command_start,2026-09-21T18:46:57.296175+00:00,646.537452,1771,r-scylla2,3,14.57,1984274891,10427106853,1330000000,3760000000,4490000000,6590000000,3373104,False
tablets,scalein,decommission_command_start,2026-09-21T18:46:57.296175+00:00,646.537452,1771,r-scylla3,3,12.91,1984274891,10427106853,1260000000,3720000000,4240000000,6340000000,3373104,False
tablets,scalein,decommission_command_start,2026-09-21T18:47:00.612847+00:00,649.854124,1772,r-scylla1,3,15.48,2069100495,10427106853,1540000000,3730000000,4480000000,6490000000,3371376,False
tablets,scalein,decommission_command_start,2026-09-21T18:47:00.612847+00:00,649.854124,1772,r-scylla2,3,13.51,1984274891,10427106853,1330000000,3770000000,4490000000,6590000000,3371376,False
tablets,scalein,decommission_command_start,2026-09-21T18:47:00.612847+00:00,649.854124,1772,r-scylla3,3,13.06,1984274891,10427106853,1260000000,3720000000,4240000000,6340000000,3371376,False
tablets,scalein,decommission_command_start,2026-09-21T18:47:03.921192+00:00,653.162469,1773,r-scylla1,3,14.79,2070174237,10427106853,1540000000,3730000000,4480000000,6490000000,3370628,False
tablets,scalein,decommission_command_start,2026-09-21T18:47:03.921192+00:00,653.162469,1773,r-scylla2,3,14.92,1984274891,10427106853,1340000000,3770000000,4490000000,6590000000,3370628,False
tablets,scalein,decommission_command_start,2026-09-21T18:47:03.921192+00:00,653.162469,1773,r-scylla3,3,13.49,1984274891,10427106853,1260000000,3730000000,4240000000,6340000000,3370628,False
tablets,scalein,decommission_command_start,2026-09-21T18:47:07.257084+00:00,656.498361,1774,r-scylla1,3,12.90,2069100495,10427106853,1540000000,3730000000,4480000000,6490000000,3369352,False
tablets,scalein,decommission_command_start,2026-09-21T18:47:07.257084+00:00,656.498361,1774,r-scylla2,3,13.12,1984274891,10427106853,1340000000,3770000000,4490000000,6590000000,3369352,False
tablets,scalein,decommission_command_start,2026-09-21T18:47:07.257084+00:00,656.498361,1774,r-scylla3,3,13.24,1984274891,10427106853,1260000000,3730000000,4240000000,6340000000,3369352,False
tablets,scalein,decommission_command_start,2026-09-21T18:47:10.579654+00:00,659.820931,1775,r-scylla1,3,15.21,2069100495,10427106853,1540000000,3740000000,4480000000,6490000000,3372444,False
tablets,scalein,decommission_command_start,2026-09-21T18:47:10.579654+00:00,659.820931,1775,r-scylla2,3,13.64,1984274891,10427106853,1340000000,3770000000,4490000000,6590000000,3372444,False
tablets,scalein,decommission_command_start,2026-09-21T18:47:10.579654+00:00,659.820931,1775,r-scylla3,3,11.98,1984274891,10427106853,1260000000,3730000000,4240000000,6340000000,3372444,False
tablets,scalein,decommission_command_start,2026-09-21T18:47:13.943182+00:00,663.184459,1776,r-scylla1,3,14.25,2070174237,10427106853,1540000000,3740000000,4480000000,6490000000,3374064,False
tablets,scalein,decommission_command_start,2026-09-21T18:47:13.943182+00:00,663.184459,1776,r-scylla2,3,15.54,1985348633,10427106853,1340000000,3780000000,4490000000,6590000000,3374064,False
tablets,scalein,decommission_command_start,2026-09-21T18:47:13.943182+00:00,663.184459,1776,r-scylla3,3,14.71,1984274891,10427106853,1260000000,3730000000,4240000000,6340000000,3374064,False
tablets,scalein,decommission_command_start,2026-09-21T18:47:17.219776+00:00,666.461053,1777,r-scylla1,3,14.33,2069100495,10427106853,1540000000,3740000000,4480000000,6490000000,3372752,False
tablets,scalein,decommission_command_start,2026-09-21T18:47:17.219776+00:00,666.461053,1777,r-scylla2,3,13.53,1984274891,10427106853,1340000000,3780000000,4500000000,6590000000,3372752,False
tablets,scalein,decommission_command_start,2026-09-21T18:47:17.219776+00:00,666.461053,1777,r-scylla3,3,12.79,1984274891,10427106853,1270000000,3740000000,4240000000,6340000000,3372752,False
tablets,scalein,decommission_command_start,2026-09-21T18:47:20.591455+00:00,669.832732,1778,r-scylla1,3,13.12,2069100495,10427106853,1540000000,3740000000,4480000000,6490000000,3371380,False
tablets,scalein,decommission_command_start,2026-09-21T18:47:20.591455+00:00,669.832732,1778,r-scylla2,3,12.90,1984274891,10427106853,1340000000,3780000000,4500000000,6590000000,3371380,False
tablets,scalein,decommission_command_start,2026-09-21T18:47:20.591455+00:00,669.832732,1778,r-scylla3,3,13.26,1984274891,10427106853,1270000000,3740000000,4250000000,6340000000,3371380,False
tablets,scalein,decommission_command_start,2026-09-21T18:47:23.981610+00:00,673.222887,1779,r-scylla1,3,12.82,2069100495,10427106853,1550000000,3740000000,4480000000,6500000000,3371928,False
tablets,scalein,decommission_command_start,2026-09-21T18:47:23.981610+00:00,673.222887,1779,r-scylla2,3,14.52,1984274891,10427106853,1340000000,3780000000,4500000000,6590000000,3371928,False
tablets,scalein,decommission_command_start,2026-09-21T18:47:23.981610+00:00,673.222887,1779,r-scylla3,3,13.50,1984274891,10427106853,1270000000,3740000000,4250000000,6340000000,3371928,False
tablets,scalein,decommission_command_start,2026-09-21T18:47:27.290490+00:00,676.531767,1780,r-scylla1,3,15.55,2070174237,10427106853,1550000000,3750000000,4490000000,6500000000,3370056,False
tablets,scalein,decommission_command_start,2026-09-21T18:47:27.290490+00:00,676.531767,1780,r-scylla2,3,12.58,1984274891,10427106853,1340000000,3790000000,4500000000,6590000000,3370056,False
tablets,scalein,decommission_command_start,2026-09-21T18:47:27.290490+00:00,676.531767,1780,r-scylla3,3,12.95,1984274891,10427106853,1270000000,3740000000,4250000000,6340000000,3370056,False
tablets,scalein,decommission_command_start,2026-09-21T18:47:30.598027+00:00,679.839304,1781,r-scylla1,3,12.59,2069100495,10427106853,1550000000,3750000000,4490000000,6500000000,3367660,False
tablets,scalein,decommission_command_start,2026-09-21T18:47:30.598027+00:00,679.839304,1781,r-scylla2,3,15.56,1984274891,10427106853,1340000000,3790000000,4500000000,6590000000,3367660,False
tablets,scalein,decommission_command_start,2026-09-21T18:47:30.598027+00:00,679.839304,1781,r-scylla3,3,12.50,1984274891,10427106853,1270000000,3740000000,4250000000,6340000000,3367660,False
tablets,scalein,decommission_command_start,2026-09-21T18:47:33.906305+00:00,683.147582,1782,r-scylla1,3,13.95,2070174237,10427106853,1550000000,3750000000,4490000000,6500000000,3366808,False
tablets,scalein,decommission_command_start,2026-09-21T18:47:33.906305+00:00,683.147582,1782,r-scylla2,3,15.21,1984274891,10427106853,1340000000,3790000000,4500000000,6590000000,3366808,False
tablets,scalein,decommission_command_start,2026-09-21T18:47:33.906305+00:00,683.147582,1782,r-scylla3,3,12.74,1984274891,10427106853,1270000000,3750000000,4250000000,6340000000,3366808,False
tablets,scalein,decommission_command_start,2026-09-21T18:47:37.299142+00:00,686.540419,1783,r-scylla1,3,13.05,2069100495,10427106853,1550000000,3750000000,4490000000,6500000000,3367556,False
tablets,scalein,decommission_command_start,2026-09-21T18:47:37.299142+00:00,686.540419,1783,r-scylla2,3,11.86,1984274891,10427106853,1340000000,3790000000,4510000000,6590000000,3367556,False
tablets,scalein,decommission_command_start,2026-09-21T18:47:37.299142+00:00,686.540419,1783,r-scylla3,3,13.48,1984274891,10427106853,1270000000,3750000000,4250000000,6340000000,3367556,False
tablets,scalein,decommission_command_start,2026-09-21T18:47:40.625343+00:00,689.866620,1784,r-scylla1,3,11.98,2069100495,10427106853,1550000000,3760000000,4490000000,6500000000,3365372,False
tablets,scalein,decommission_command_start,2026-09-21T18:47:40.625343+00:00,689.866620,1784,r-scylla2,3,13.83,1984274891,10427106853,1340000000,3790000000,4510000000,6590000000,3365372,False
tablets,scalein,decommission_command_start,2026-09-21T18:47:40.625343+00:00,689.866620,1784,r-scylla3,3,12.13,1984274891,10427106853,1270000000,3750000000,4250000000,6340000000,3365372,False
tablets,scalein,decommission_command_start,2026-09-21T18:47:43.995706+00:00,693.236983,1785,r-scylla1,3,12.76,2069100495,10427106853,1550000000,3760000000,4490000000,6500000000,3366608,False
tablets,scalein,decommission_command_start,2026-09-21T18:47:43.995706+00:00,693.236983,1785,r-scylla2,3,13.26,1985348633,10427106853,1340000000,3800000000,4510000000,6590000000,3366608,False
tablets,scalein,decommission_command_start,2026-09-21T18:47:43.995706+00:00,693.236983,1785,r-scylla3,3,14.03,1984274891,10427106853,1270000000,3750000000,4250000000,6340000000,3366608,False
tablets,scalein,decommission_command_start,2026-09-21T18:47:47.297908+00:00,696.539185,1786,r-scylla1,3,8.71,2069100495,10427106853,1550000000,3760000000,4490000000,6500000000,3365384,False
tablets,scalein,decommission_command_start,2026-09-21T18:47:47.297908+00:00,696.539185,1786,r-scylla2,3,9.11,1984274891,10427106853,1340000000,3800000000,4510000000,6590000000,3365384,False
tablets,scalein,decommission_command_start,2026-09-21T18:47:47.297908+00:00,696.539185,1786,r-scylla3,3,7.79,1984274891,10427106853,1270000000,3760000000,4260000000,6340000000,3365384,False
tablets,scalein,decommission_command_start,2026-09-21T18:47:50.570892+00:00,699.812169,1787,r-scylla1,3,8.68,2069100495,10427106853,1550000000,3760000000,4500000000,6500000000,3362208,False
tablets,scalein,decommission_command_start,2026-09-21T18:47:50.570892+00:00,699.812169,1787,r-scylla2,3,8.55,1984274891,10427106853,1340000000,3800000000,4510000000,6590000000,3362208,False
tablets,scalein,decommission_command_start,2026-09-21T18:47:50.570892+00:00,699.812169,1787,r-scylla3,3,8.25,1985348633,10427106853,1270000000,3760000000,4260000000,6340000000,3362208,False
tablets,scalein,decommission_command_start,2026-09-21T18:47:53.828139+00:00,703.069416,1788,r-scylla1,3,13.66,2070174237,10427106853,1550000000,3770000000,4500000000,6500000000,3363628,False
tablets,scalein,decommission_command_start,2026-09-21T18:47:53.828139+00:00,703.069416,1788,r-scylla2,3,13.62,1985348633,10427106853,1350000000,3800000000,4510000000,6590000000,3363628,False
tablets,scalein,decommission_command_start,2026-09-21T18:47:53.828139+00:00,703.069416,1788,r-scylla3,3,14.81,1984274891,10427106853,1270000000,3760000000,4260000000,6340000000,3363628,False
tablets,scalein,decommission_command_start,2026-09-21T18:47:57.179963+00:00,706.421240,1789,r-scylla1,3,14.73,2069100495,10427106853,1550000000,3770000000,4500000000,6500000000,3363816,False
tablets,scalein,decommission_command_start,2026-09-21T18:47:57.179963+00:00,706.421240,1789,r-scylla2,3,14.13,1985348633,10427106853,1350000000,3810000000,4520000000,6590000000,3363816,False
tablets,scalein,decommission_command_start,2026-09-21T18:47:57.179963+00:00,706.421240,1789,r-scylla3,3,13.64,1984274891,10427106853,1270000000,3760000000,4260000000,6340000000,3363816,False
tablets,scalein,decommission_command_start,2026-09-21T18:48:00.484106+00:00,709.725383,1790,r-scylla1,3,13.07,2069100495,10427106853,1550000000,3770000000,4500000000,6500000000,3368568,False
tablets,scalein,decommission_command_start,2026-09-21T18:48:00.484106+00:00,709.725383,1790,r-scylla2,3,11.87,1984274891,10427106853,1350000000,3810000000,4520000000,6590000000,3368568,False
tablets,scalein,decommission_command_start,2026-09-21T18:48:00.484106+00:00,709.725383,1790,r-scylla3,3,14.59,1984274891,10427106853,1270000000,3760000000,4260000000,6340000000,3368568,False
tablets,scalein,decommission_command_start,2026-09-21T18:48:03.761154+00:00,713.002431,1791,r-scylla1,3,14.02,2070174237,10427106853,1550000000,3770000000,4500000000,6500000000,3369016,False
tablets,scalein,decommission_command_start,2026-09-21T18:48:03.761154+00:00,713.002431,1791,r-scylla2,3,13.33,1984274891,10427106853,1350000000,3810000000,4520000000,6590000000,3369016,False
tablets,scalein,decommission_command_start,2026-09-21T18:48:03.761154+00:00,713.002431,1791,r-scylla3,3,12.43,1984274891,10427106853,1270000000,3770000000,4260000000,6340000000,3369016,False
tablets,scalein,decommission_command_start,2026-09-21T18:48:07.077141+00:00,716.318418,1792,r-scylla1,3,13.51,2069100495,10427106853,1550000000,3780000000,4500000000,6500000000,3368820,False
tablets,scalein,decommission_command_start,2026-09-21T18:48:07.077141+00:00,716.318418,1792,r-scylla2,3,12.26,1984274891,10427106853,1350000000,3810000000,4520000000,6590000000,3368820,False
tablets,scalein,decommission_command_start,2026-09-21T18:48:07.077141+00:00,716.318418,1792,r-scylla3,3,12.65,1984274891,10427106853,1270000000,3770000000,4260000000,6340000000,3368820,False
tablets,scalein,decommission_command_start,2026-09-21T18:48:10.408894+00:00,719.650171,1793,r-scylla1,3,12.69,2070174237,10427106853,1550000000,3780000000,4500000000,6500000000,3369148,False
tablets,scalein,decommission_command_start,2026-09-21T18:48:10.408894+00:00,719.650171,1793,r-scylla2,3,13.95,1984274891,10427106853,1350000000,3820000000,4520000000,6590000000,3369148,False
tablets,scalein,decommission_command_start,2026-09-21T18:48:10.408894+00:00,719.650171,1793,r-scylla3,3,15.35,1984274891,10427106853,1280000000,3770000000,4260000000,6340000000,3369148,False
tablets,scalein,decommission_command_start,2026-09-21T18:48:13.748592+00:00,722.989869,1794,r-scylla1,3,13.38,2069100495,10427106853,1550000000,3780000000,4510000000,6500000000,3369400,False
tablets,scalein,decommission_command_start,2026-09-21T18:48:13.748592+00:00,722.989869,1794,r-scylla2,3,14.23,1985348633,10427106853,1350000000,3820000000,4520000000,6590000000,3369400,False
tablets,scalein,decommission_command_start,2026-09-21T18:48:13.748592+00:00,722.989869,1794,r-scylla3,3,13.25,1984274891,10427106853,1280000000,3770000000,4270000000,6340000000,3369400,False
tablets,scalein,decommission_command_start,2026-09-21T18:48:17.026957+00:00,726.268234,1795,r-scylla1,3,13.37,2070174237,10427106853,1560000000,3780000000,4510000000,6500000000,3371296,False
tablets,scalein,decommission_command_start,2026-09-21T18:48:17.026957+00:00,726.268234,1795,r-scylla2,3,13.81,1984274891,10427106853,1350000000,3820000000,4530000000,6590000000,3371296,False
tablets,scalein,decommission_command_start,2026-09-21T18:48:17.026957+00:00,726.268234,1795,r-scylla3,3,13.85,1984274891,10427106853,1280000000,3780000000,4270000000,6340000000,3371296,False
tablets,scalein,decommission_command_start,2026-09-21T18:48:20.317572+00:00,729.558849,1796,r-scylla1,3,13.48,2069100495,10427106853,1560000000,3780000000,4510000000,6500000000,3367980,False
tablets,scalein,decommission_command_start,2026-09-21T18:48:20.317572+00:00,729.558849,1796,r-scylla2,3,13.96,1984274891,10427106853,1350000000,3820000000,4530000000,6590000000,3367980,False
tablets,scalein,decommission_command_start,2026-09-21T18:48:20.317572+00:00,729.558849,1796,r-scylla3,3,12.34,1984274891,10427106853,1280000000,3780000000,4270000000,6350000000,3367980,False
tablets,scalein,decommission_command_start,2026-09-21T18:48:23.592000+00:00,732.833277,1797,r-scylla1,3,13.14,2069100495,10427106853,1560000000,3790000000,4510000000,6500000000,3368408,False
tablets,scalein,decommission_command_start,2026-09-21T18:48:23.592000+00:00,732.833277,1797,r-scylla2,3,13.96,1984274891,10427106853,1350000000,3830000000,4530000000,6590000000,3368408,False
tablets,scalein,decommission_command_start,2026-09-21T18:48:23.592000+00:00,732.833277,1797,r-scylla3,3,14.61,1984274891,10427106853,1280000000,3780000000,4270000000,6350000000,3368408,False
tablets,scalein,decommission_command_start,2026-09-21T18:48:26.905636+00:00,736.146913,1798,r-scylla1,3,14.74,2069100495,10427106853,1560000000,3790000000,4510000000,6500000000,3363784,False
tablets,scalein,decommission_command_start,2026-09-21T18:48:26.905636+00:00,736.146913,1798,r-scylla2,3,14.06,1984274891,10427106853,1350000000,3830000000,4530000000,6590000000,3363784,False
tablets,scalein,decommission_command_start,2026-09-21T18:48:26.905636+00:00,736.146913,1798,r-scylla3,3,13.39,1984274891,10427106853,1280000000,3780000000,4270000000,6350000000,3363784,False
tablets,scalein,decommission_command_start,2026-09-21T18:48:30.259939+00:00,739.501216,1799,r-scylla1,3,11.14,2069100495,10427106853,1560000000,3790000000,4510000000,6500000000,3364160,False
tablets,scalein,decommission_command_start,2026-09-21T18:48:30.259939+00:00,739.501216,1799,r-scylla2,3,10.71,1985348633,10427106853,1350000000,3830000000,4530000000,6590000000,3364160,False
tablets,scalein,decommission_command_start,2026-09-21T18:48:30.259939+00:00,739.501216,1799,r-scylla3,3,13.31,1984274891,10427106853,1280000000,3780000000,4270000000,6350000000,3364160,False
tablets,scalein,decommission_command_start,2026-09-21T18:48:33.583799+00:00,742.825076,1800,r-scylla1,3,8.82,2070174237,10427106853,1560000000,3790000000,4510000000,6500000000,3363904,False
tablets,scalein,decommission_command_start,2026-09-21T18:48:33.583799+00:00,742.825076,1800,r-scylla2,3,8.62,1985348633,10427106853,1350000000,3830000000,4530000000,6590000000,3363904,False
tablets,scalein,decommission_command_start,2026-09-21T18:48:33.583799+00:00,742.825076,1800,r-scylla3,3,8.09,1984274891,10427106853,1280000000,3790000000,4270000000,6350000000,3363904,False
tablets,scalein,decommission_command_start,2026-09-21T18:48:36.863335+00:00,746.104612,1801,r-scylla1,3,12.93,2070174237,10427106853,1560000000,3800000000,4510000000,6500000000,3364664,False
tablets,scalein,decommission_command_start,2026-09-21T18:48:36.863335+00:00,746.104612,1801,r-scylla2,3,13.68,1984274891,10427106853,1350000000,3830000000,4530000000,6590000000,3364664,False
tablets,scalein,decommission_command_start,2026-09-21T18:48:36.863335+00:00,746.104612,1801,r-scylla3,3,13.84,1984274891,10427106853,1280000000,3790000000,4270000000,6350000000,3364664,False
tablets,scalein,decommission_command_start,2026-09-21T18:48:40.153386+00:00,749.394663,1802,r-scylla1,3,13.80,2069100495,10427106853,1560000000,3800000000,4520000000,6500000000,3362996,False
tablets,scalein,decommission_command_start,2026-09-21T18:48:40.153386+00:00,749.394663,1802,r-scylla2,3,15.08,1984274891,10427106853,1350000000,3840000000,4540000000,6600000000,3362996,False
tablets,scalein,decommission_command_start,2026-09-21T18:48:40.153386+00:00,749.394663,1802,r-scylla3,3,14.58,1984274891,10427106853,1280000000,3790000000,4280000000,6350000000,3362996,False
tablets,scalein,decommission_command_start,2026-09-21T18:48:43.809945+00:00,753.051222,1803,r-scylla1,3,15.33,2069100495,10427106853,1560000000,3800000000,4520000000,6500000000,3361428,False
tablets,scalein,decommission_command_start,2026-09-21T18:48:43.809945+00:00,753.051222,1803,r-scylla2,3,16.03,1984274891,10427106853,1360000000,3840000000,4540000000,6600000000,3361428,False
tablets,scalein,decommission_command_start,2026-09-21T18:48:43.809945+00:00,753.051222,1803,r-scylla3,3,14.34,1984274891,10427106853,1280000000,3790000000,4280000000,6350000000,3361428,False
tablets,scalein,decommission_command_start,2026-09-21T18:48:47.613624+00:00,756.854901,1804,r-scylla1,3,16.58,2069100495,10427106853,1560000000,3800000000,4520000000,6500000000,3362992,False
tablets,scalein,decommission_command_start,2026-09-21T18:48:47.613624+00:00,756.854901,1804,r-scylla2,3,17.20,1984274891,10427106853,1360000000,3840000000,4540000000,6600000000,3362992,False
tablets,scalein,decommission_command_start,2026-09-21T18:48:47.613624+00:00,756.854901,1804,r-scylla3,3,17.72,1984274891,10427106853,1280000000,3800000000,4280000000,6350000000,3362992,False
tablets,scalein,decommission_command_start,2026-09-21T18:48:51.125816+00:00,760.367093,1805,r-scylla1,3,15.69,2069100495,10427106853,1560000000,3810000000,4520000000,6500000000,3359308,False
tablets,scalein,decommission_command_start,2026-09-21T18:48:51.125816+00:00,760.367093,1805,r-scylla2,3,16.32,1985348633,10427106853,1360000000,3840000000,4540000000,6600000000,3359308,False
tablets,scalein,decommission_command_start,2026-09-21T18:48:51.125816+00:00,760.367093,1805,r-scylla3,3,15.21,1984274891,10427106853,1280000000,3800000000,4280000000,6350000000,3359308,False
tablets,scalein,decommission_command_start,2026-09-21T18:48:55.194047+00:00,764.435324,1806,r-scylla1,3,16.10,2069100495,10427106853,1560000000,3810000000,4520000000,6500000000,3361336,False
tablets,scalein,decommission_command_start,2026-09-21T18:48:55.194047+00:00,764.435324,1806,r-scylla2,3,16.82,1984274891,10427106853,1360000000,3850000000,4540000000,6600000000,3361336,False
tablets,scalein,decommission_command_start,2026-09-21T18:48:55.194047+00:00,764.435324,1806,r-scylla3,3,16.47,1984274891,10427106853,1280000000,3800000000,4280000000,6350000000,3361336,False
tablets,scalein,decommission_command_start,2026-09-21T18:48:58.774475+00:00,768.015752,1807,r-scylla1,3,16.41,2070174237,10427106853,1560000000,3810000000,4520000000,6500000000,3361020,False
tablets,scalein,decommission_command_start,2026-09-21T18:48:58.774475+00:00,768.015752,1807,r-scylla2,3,17.13,1984274891,10427106853,1360000000,3850000000,4540000000,6600000000,3361020,False
tablets,scalein,decommission_command_start,2026-09-21T18:48:58.774475+00:00,768.015752,1807,r-scylla3,3,17.77,1984274891,10427106853,1280000000,3800000000,4280000000,6350000000,3361020,False
tablets,scalein,decommission_command_start,2026-09-21T18:49:02.214843+00:00,771.456120,1808,r-scylla1,3,14.49,2069100495,10427106853,1560000000,3810000000,4520000000,6500000000,3360436,False
tablets,scalein,decommission_command_start,2026-09-21T18:49:02.214843+00:00,771.456120,1808,r-scylla2,3,14.57,1984274891,10427106853,1360000000,3850000000,4540000000,6600000000,3360436,False
tablets,scalein,decommission_command_start,2026-09-21T18:49:02.214843+00:00,771.456120,1808,r-scylla3,3,14.03,1984274891,10427106853,1280000000,3810000000,4280000000,6350000000,3360436,False
tablets,scalein,decommission_command_start,2026-09-21T18:49:05.542462+00:00,774.783739,1809,r-scylla1,3,13.99,2069100495,10427106853,1560000000,3820000000,4520000000,6500000000,3360208,False
tablets,scalein,decommission_command_start,2026-09-21T18:49:05.542462+00:00,774.783739,1809,r-scylla2,3,14.16,1984274891,10427106853,1360000000,3850000000,4550000000,6600000000,3360208,False
tablets,scalein,decommission_command_start,2026-09-21T18:49:05.542462+00:00,774.783739,1809,r-scylla3,3,13.95,1984274891,10427106853,1290000000,3810000000,4290000000,6350000000,3360208,False
tablets,scalein,decommission_command_start,2026-09-21T18:49:08.824797+00:00,778.066074,1810,r-scylla1,3,9.67,2070174237,10427106853,1560000000,3820000000,4530000000,6500000000,3381036,False
tablets,scalein,decommission_command_start,2026-09-21T18:49:08.824797+00:00,778.066074,1810,r-scylla2,3,7.87,1984274891,10427106853,1360000000,3860000000,4550000000,6600000000,3381036,False
tablets,scalein,decommission_command_start,2026-09-21T18:49:08.824797+00:00,778.066074,1810,r-scylla3,3,9.85,1984274891,10427106853,1290000000,3810000000,4290000000,6350000000,3381036,False
tablets,scalein,decommission_command_start,2026-09-21T18:49:12.159689+00:00,781.400966,1811,r-scylla1,3,4.15,2069100495,10427106853,1560000000,3820000000,4530000000,6500000000,3380316,False
tablets,scalein,decommission_command_start,2026-09-21T18:49:12.159689+00:00,781.400966,1811,r-scylla2,3,4.52,1984274891,10427106853,1360000000,3860000000,4550000000,6600000000,3380316,False
tablets,scalein,decommission_command_start,2026-09-21T18:49:12.159689+00:00,781.400966,1811,r-scylla3,3,4.33,1984274891,10427106853,1290000000,3810000000,4290000000,6350000000,3380316,False
tablets,scalein,decommission_command_start,2026-09-21T18:49:15.725397+00:00,784.966674,1812,r-scylla1,3,4.29,2069100495,10427106853,1560000000,3820000000,4530000000,6500000000,3427964,False
tablets,scalein,decommission_command_start,2026-09-21T18:49:15.725397+00:00,784.966674,1812,r-scylla2,3,4.09,1984274891,10427106853,1360000000,3860000000,4550000000,6600000000,3427964,False
tablets,scalein,decommission_command_start,2026-09-21T18:49:15.725397+00:00,784.966674,1812,r-scylla3,3,4.49,1984274891,10427106853,1290000000,3810000000,4290000000,6350000000,3427964,False
tablets,final_three,,2026-09-21T18:58:32.627704+00:00,,1970,r-scylla1,3,16.54,2070174237,10427106853,1600000000,4070000000,4620000000,6500000000,3353768,False
tablets,final_three,,2026-09-21T18:58:32.627704+00:00,,1970,r-scylla2,3,15.67,1985348633,10427106853,1370000000,4110000000,4670000000,6600000000,3353768,False
tablets,final_three,,2026-09-21T18:58:32.627704+00:00,,1970,r-scylla3,3,16.87,1985348633,10427106853,1300000000,4060000000,4370000000,6350000000,3353768,False
tablets,final_three,,2026-09-21T18:58:36.083522+00:00,,1971,r-scylla1,3,17.09,2070174237,10427106853,1600000000,4070000000,4620000000,6500000000,3353284,False
tablets,final_three,,2026-09-21T18:58:36.083522+00:00,,1971,r-scylla2,3,16.32,1985348633,10427106853,1370000000,4110000000,4670000000,6600000000,3353284,False
tablets,final_three,,2026-09-21T18:58:36.083522+00:00,,1971,r-scylla3,3,15.27,1985348633,10427106853,1300000000,4070000000,4370000000,6350000000,3353284,False
tablets,final_three,,2026-09-21T18:58:39.555191+00:00,,1972,r-scylla1,3,14.40,2071247978,10427106853,1600000000,4070000000,4620000000,6500000000,3352176,False
tablets,final_three,,2026-09-21T18:58:39.555191+00:00,,1972,r-scylla2,3,14.64,1985348633,10427106853,1370000000,4120000000,4670000000,6600000000,3352176,False
tablets,final_three,,2026-09-21T18:58:39.555191+00:00,,1972,r-scylla3,3,16.97,1985348633,10427106853,1300000000,4070000000,4370000000,6350000000,3352176,False
tablets,final_three,,2026-09-21T18:58:42.989158+00:00,,1973,r-scylla1,3,16.22,2070174237,10427106853,1600000000,4070000000,4620000000,6500000000,3347288,False
tablets,final_three,,2026-09-21T18:58:42.989158+00:00,,1973,r-scylla2,3,16.47,1985348633,10427106853,1370000000,4120000000,4670000000,6600000000,3347288,False
tablets,final_three,,2026-09-21T18:58:42.989158+00:00,,1973,r-scylla3,3,16.18,1985348633,10427106853,1300000000,4070000000,4370000000,6350000000,3347288,False
tablets,final_three,,2026-09-21T18:58:46.418277+00:00,,1974,r-scylla1,3,14.64,2070174237,10427106853,1600000000,4080000000,4620000000,6510000000,3346152,False
tablets,final_three,,2026-09-21T18:58:46.418277+00:00,,1974,r-scylla2,3,14.48,1985348633,10427106853,1380000000,4120000000,4670000000,6600000000,3346152,False
tablets,final_three,,2026-09-21T18:58:46.418277+00:00,,1974,r-scylla3,3,15.79,1985348633,10427106853,1300000000,4070000000,4370000000,6350000000,3346152,False
tablets,final_three,,2026-09-21T18:58:49.903120+00:00,,1975,r-scylla1,3,15.41,2071247978,10427106853,1600000000,4080000000,4620000000,6510000000,3345792,False
tablets,final_three,,2026-09-21T18:58:49.903120+00:00,,1975,r-scylla2,3,15.21,1985348633,10427106853,1380000000,4120000000,4670000000,6600000000,3345792,False
tablets,final_three,,2026-09-21T18:58:49.903120+00:00,,1975,r-scylla3,3,15.17,1985348633,10427106853,1300000000,4080000000,4370000000,6350000000,3345792,False
tablets,final_three,,2026-09-21T18:58:53.468929+00:00,,1976,r-scylla1,3,15.90,2070174237,10427106853,1600000000,4080000000,4620000000,6510000000,3350164,False
tablets,final_three,,2026-09-21T18:58:53.468929+00:00,,1976,r-scylla2,3,16.63,1985348633,10427106853,1380000000,4130000000,4670000000,6600000000,3350164,False
tablets,final_three,,2026-09-21T18:58:53.468929+00:00,,1976,r-scylla3,3,17.11,1985348633,10427106853,1300000000,4080000000,4370000000,6350000000,3350164,False
tablets,final_three,,2026-09-21T18:58:56.856647+00:00,,1977,r-scylla1,3,17.06,2071247978,10427106853,1600000000,4080000000,4620000000,6510000000,3350724,False
tablets,final_three,,2026-09-21T18:58:56.856647+00:00,,1977,r-scylla2,3,9.33,1985348633,10427106853,1380000000,4130000000,4670000000,6600000000,3350724,False
tablets,final_three,,2026-09-21T18:58:56.856647+00:00,,1977,r-scylla3,3,16.45,1984274891,10427106853,1300000000,4080000000,4370000000,6350000000,3350724,False
tablets,final_three,,2026-09-21T18:59:00.186530+00:00,,1978,r-scylla1,3,14.24,2070174237,10427106853,1600000000,4090000000,4620000000,6510000000,3350352,False
tablets,final_three,,2026-09-21T18:59:00.186530+00:00,,1978,r-scylla2,3,13.08,1985348633,10427106853,1380000000,4130000000,4670000000,6600000000,3350352,False
tablets,final_three,,2026-09-21T18:59:00.186530+00:00,,1978,r-scylla3,3,16.77,1985348633,10427106853,1300000000,4080000000,4380000000,6350000000,3350352,False
tablets,final_three,,2026-09-21T18:59:03.627645+00:00,,1979,r-scylla1,3,9.30,2070174237,10427106853,1600000000,4090000000,4620000000,6510000000,3350580,False
tablets,final_three,,2026-09-21T18:59:03.627645+00:00,,1979,r-scylla2,3,9.36,1985348633,10427106853,1380000000,4130000000,4670000000,6600000000,3350580,False
tablets,final_three,,2026-09-21T18:59:03.627645+00:00,,1979,r-scylla3,3,9.22,1985348633,10427106853,1300000000,4080000000,4380000000,6350000000,3350580,False
tablets,final_three,,2026-09-21T18:59:06.940884+00:00,,1980,r-scylla1,3,15.32,2070174237,10427106853,1600000000,4090000000,4620000000,6510000000,3348328,False
tablets,final_three,,2026-09-21T18:59:06.940884+00:00,,1980,r-scylla2,3,15.35,1985348633,10427106853,1380000000,4130000000,4670000000,6600000000,3348328,False
tablets,final_three,,2026-09-21T18:59:06.940884+00:00,,1980,r-scylla3,3,16.24,1985348633,10427106853,1300000000,4090000000,4380000000,6350000000,3348328,False
tablets,final_three,,2026-09-21T18:59:10.348450+00:00,,1981,r-scylla1,3,13.26,2070174237,10427106853,1600000000,4090000000,4630000000,6510000000,3350456,False
tablets,final_three,,2026-09-21T18:59:10.348450+00:00,,1981,r-scylla2,3,13.73,1985348633,10427106853,1380000000,4140000000,4680000000,6600000000,3350456,False
tablets,final_three,,2026-09-21T18:59:10.348450+00:00,,1981,r-scylla3,3,10.47,1985348633,10427106853,1300000000,4090000000,4380000000,6350000000,3350456,False
tablets,final_three,,2026-09-21T18:59:13.763549+00:00,,1982,r-scylla1,3,15.61,2070174237,10427106853,1600000000,4100000000,4630000000,6510000000,3349560,False
tablets,final_three,,2026-09-21T18:59:13.763549+00:00,,1982,r-scylla2,3,15.75,1985348633,10427106853,1380000000,4140000000,4680000000,6600000000,3349560,False
tablets,final_three,,2026-09-21T18:59:13.763549+00:00,,1982,r-scylla3,3,15.14,1984274891,10427106853,1300000000,4090000000,4380000000,6350000000,3349560,False
tablets,final_three,,2026-09-21T18:59:17.322869+00:00,,1983,r-scylla1,3,16.44,2070174237,10427106853,1600000000,4100000000,4630000000,6510000000,3346552,False
tablets,final_three,,2026-09-21T18:59:17.322869+00:00,,1983,r-scylla2,3,15.89,1985348633,10427106853,1380000000,4140000000,4680000000,6600000000,3346552,False
tablets,final_three,,2026-09-21T18:59:17.322869+00:00,,1983,r-scylla3,3,15.49,1985348633,10427106853,1310000000,4090000000,4380000000,6350000000,3346552,False
tablets,final_three,,2026-09-21T18:59:20.810591+00:00,,1984,r-scylla1,3,14.84,2070174237,10427106853,1610000000,4100000000,4630000000,6510000000,3344440,False
tablets,final_three,,2026-09-21T18:59:20.810591+00:00,,1984,r-scylla2,3,15.24,1985348633,10427106853,1380000000,4140000000,4680000000,6600000000,3344440,False
tablets,final_three,,2026-09-21T18:59:20.810591+00:00,,1984,r-scylla3,3,15.23,1985348633,10427106853,1310000000,4100000000,4380000000,6350000000,3344440,False
tablets,final_three,,2026-09-21T18:59:24.202953+00:00,,1985,r-scylla1,3,14.95,2070174237,10427106853,1610000000,4100000000,4630000000,6510000000,3355992,False
tablets,final_three,,2026-09-21T18:59:24.202953+00:00,,1985,r-scylla2,3,12.60,1985348633,10427106853,1380000000,4150000000,4680000000,6600000000,3355992,False
tablets,final_three,,2026-09-21T18:59:24.202953+00:00,,1985,r-scylla3,3,14.92,1985348633,10427106853,1310000000,4100000000,4380000000,6350000000,3355992,False
tablets,final_three,,2026-09-21T18:59:27.549402+00:00,,1986,r-scylla1,3,10.67,2070174237,10427106853,1610000000,4110000000,4630000000,6510000000,3357680,False
tablets,final_three,,2026-09-21T18:59:27.549402+00:00,,1986,r-scylla2,3,11.62,1985348633,10427106853,1380000000,4150000000,4680000000,6600000000,3357680,False
tablets,final_three,,2026-09-21T18:59:27.549402+00:00,,1986,r-scylla3,3,14.99,1984274891,10427106853,1310000000,4100000000,4380000000,6350000000,3357680,False
tablets,final_three,,2026-09-21T18:59:31.038008+00:00,,1987,r-scylla1,3,14.84,2071247978,10427106853,1610000000,4110000000,4630000000,6510000000,3359036,False
tablets,final_three,,2026-09-21T18:59:31.038008+00:00,,1987,r-scylla2,3,15.16,1985348633,10427106853,1380000000,4150000000,4680000000,6600000000,3359036,False
tablets,final_three,,2026-09-21T18:59:31.038008+00:00,,1987,r-scylla3,3,15.01,1984274891,10427106853,1310000000,4100000000,4380000000,6350000000,3359036,False
tablets,final_three,,2026-09-21T18:59:34.417473+00:00,,1988,r-scylla1,3,14.41,2070174237,10427106853,1610000000,4110000000,4630000000,6510000000,3360676,False
tablets,final_three,,2026-09-21T18:59:34.417473+00:00,,1988,r-scylla2,3,15.56,1985348633,10427106853,1380000000,4150000000,4680000000,6600000000,3360676,False
tablets,final_three,,2026-09-21T18:59:34.417473+00:00,,1988,r-scylla3,3,14.90,1985348633,10427106853,1310000000,4110000000,4380000000,6350000000,3360676,False
tablets,final_three,,2026-09-21T18:59:37.907124+00:00,,1989,r-scylla1,3,9.22,2070174237,10427106853,1610000000,4110000000,4630000000,6510000000,3360268,False
tablets,final_three,,2026-09-21T18:59:37.907124+00:00,,1989,r-scylla2,3,9.65,1985348633,10427106853,1390000000,4160000000,4680000000,6600000000,3360268,False
tablets,final_three,,2026-09-21T18:59:37.907124+00:00,,1989,r-scylla3,3,9.19,1985348633,10427106853,1310000000,4110000000,4380000000,6350000000,3360268,False
tablets,final_three,,2026-09-21T18:59:41.250121+00:00,,1990,r-scylla1,3,15.12,2070174237,10427106853,1610000000,4110000000,4630000000,6510000000,3361952,False
tablets,final_three,,2026-09-21T18:59:41.250121+00:00,,1990,r-scylla2,3,15.78,1985348633,10427106853,1390000000,4160000000,4680000000,6600000000,3361952,False
tablets,final_three,,2026-09-21T18:59:41.250121+00:00,,1990,r-scylla3,3,12.64,1985348633,10427106853,1310000000,4110000000,4380000000,6350000000,3361952,False
tablets,final_three,,2026-09-21T18:59:44.590816+00:00,,1991,r-scylla1,3,14.98,2070174237,10427106853,1610000000,4120000000,4630000000,6510000000,3360624,False
tablets,final_three,,2026-09-21T18:59:44.590816+00:00,,1991,r-scylla2,3,15.81,1985348633,10427106853,1390000000,4160000000,4680000000,6600000000,3360624,False
tablets,final_three,,2026-09-21T18:59:44.590816+00:00,,1991,r-scylla3,3,9.55,1985348633,10427106853,1310000000,4110000000,4380000000,6360000000,3360624,False
tablets,final_three,,2026-09-21T18:59:47.952308+00:00,,1992,r-scylla1,3,11.46,2070174237,10427106853,1610000000,4120000000,4630000000,6510000000,3358228,False
tablets,final_three,,2026-09-21T18:59:47.952308+00:00,,1992,r-scylla2,3,11.67,1985348633,10427106853,1390000000,4160000000,4680000000,6600000000,3358228,False
tablets,final_three,,2026-09-21T18:59:47.952308+00:00,,1992,r-scylla3,3,16.23,1985348633,10427106853,1310000000,4120000000,4390000000,6360000000,3358228,False
tablets,final_three,,2026-09-21T18:59:51.453250+00:00,,1993,r-scylla1,3,11.57,2070174237,10427106853,1610000000,4120000000,4630000000,6510000000,3356464,False
tablets,final_three,,2026-09-21T18:59:51.453250+00:00,,1993,r-scylla2,3,12.70,1985348633,10427106853,1390000000,4170000000,4680000000,6600000000,3356464,False
tablets,final_three,,2026-09-21T18:59:51.453250+00:00,,1993,r-scylla3,3,14.37,1985348633,10427106853,1310000000,4120000000,4390000000,6360000000,3356464,False
tablets,final_three,,2026-09-21T18:59:54.841067+00:00,,1994,r-scylla1,3,15.07,2071247978,10427106853,1610000000,4120000000,4630000000,6510000000,3356728,False
tablets,final_three,,2026-09-21T18:59:54.841067+00:00,,1994,r-scylla2,3,11.38,1985348633,10427106853,1390000000,4170000000,4680000000,6600000000,3356728,False
tablets,final_three,,2026-09-21T18:59:54.841067+00:00,,1994,r-scylla3,3,11.46,1984274891,10427106853,1310000000,4120000000,4390000000,6360000000,3356728,False
tablets,final_three,,2026-09-21T18:59:58.270687+00:00,,1995,r-scylla1,3,15.68,2070174237,10427106853,1610000000,4130000000,4630000000,6510000000,3354336,False
tablets,final_three,,2026-09-21T18:59:58.270687+00:00,,1995,r-scylla2,3,14.43,1985348633,10427106853,1390000000,4170000000,4680000000,6610000000,3354336,False
tablets,final_three,,2026-09-21T18:59:58.270687+00:00,,1995,r-scylla3,3,14.99,1985348633,10427106853,1310000000,4120000000,4390000000,6360000000,3354336,False
tablets,final_three,,2026-09-21T19:00:01.730644+00:00,,1996,r-scylla1,3,15.69,2070174237,10427106853,1610000000,4130000000,4630000000,6510000000,3351476,False
tablets,final_three,,2026-09-21T19:00:01.730644+00:00,,1996,r-scylla2,3,15.16,1985348633,10427106853,1390000000,4170000000,4680000000,6610000000,3351476,False
tablets,final_three,,2026-09-21T19:00:01.730644+00:00,,1996,r-scylla3,3,14.03,1985348633,10427106853,1310000000,4130000000,4390000000,6360000000,3351476,False
tablets,final_three,,2026-09-21T19:00:05.097495+00:00,,1997,r-scylla1,3,16.54,2070174237,10427106853,1610000000,4130000000,4640000000,6510000000,3352700,False
tablets,final_three,,2026-09-21T19:00:05.097495+00:00,,1997,r-scylla2,3,16.04,1985348633,10427106853,1390000000,4180000000,4690000000,6610000000,3352700,False
tablets,final_three,,2026-09-21T19:00:05.097495+00:00,,1997,r-scylla3,3,17.17,1984274891,10427106853,1310000000,4130000000,4390000000,6360000000,3352700,False
tablets,final_three,,2026-09-21T19:00:08.618105+00:00,,1998,r-scylla1,3,15.66,2070174237,10427106853,1610000000,4130000000,4640000000,6510000000,3351880,False
tablets,final_three,,2026-09-21T19:00:08.618105+00:00,,1998,r-scylla2,3,15.13,1985348633,10427106853,1390000000,4180000000,4690000000,6610000000,3351880,False
tablets,final_three,,2026-09-21T19:00:08.618105+00:00,,1998,r-scylla3,3,15.87,1985348633,10427106853,1320000000,4130000000,4390000000,6360000000,3351880,False
tablets,final_three,,2026-09-21T19:00:12.078584+00:00,,1999,r-scylla1,3,9.13,2070174237,10427106853,1620000000,4140000000,4640000000,6510000000,3351572,False
tablets,final_three,,2026-09-21T19:00:12.078584+00:00,,1999,r-scylla2,3,9.13,1985348633,10427106853,1390000000,4180000000,4690000000,6610000000,3351572,False
tablets,final_three,,2026-09-21T19:00:12.078584+00:00,,1999,r-scylla3,3,9.41,1985348633,10427106853,1320000000,4130000000,4390000000,6360000000,3351572,False
tablets,final_three,,2026-09-21T19:00:15.425878+00:00,,2000,r-scylla1,3,15.70,2070174237,10427106853,1620000000,4140000000,4640000000,6510000000,3353192,False
tablets,final_three,,2026-09-21T19:00:15.425878+00:00,,2000,r-scylla2,3,16.47,1985348633,10427106853,1390000000,4180000000,4690000000,6610000000,3353192,False
tablets,final_three,,2026-09-21T19:00:15.425878+00:00,,2000,r-scylla3,3,14.36,1985348633,10427106853,1320000000,4130000000,4390000000,6360000000,3353192,False
tablets,final_three,,2026-09-21T19:00:18.819337+00:00,,2001,r-scylla1,3,16.34,2071247978,10427106853,1620000000,4140000000,4640000000,6510000000,3350928,False
tablets,final_three,,2026-09-21T19:00:18.819337+00:00,,2001,r-scylla2,3,14.83,1985348633,10427106853,1390000000,4180000000,4690000000,6610000000,3350928,False
tablets,final_three,,2026-09-21T19:00:18.819337+00:00,,2001,r-scylla3,3,16.05,1985348633,10427106853,1320000000,4140000000,4390000000,6360000000,3350928,False
tablets,final_three,,2026-09-21T19:00:22.280710+00:00,,2002,r-scylla1,3,9.38,2070174237,10427106853,1620000000,4140000000,4640000000,6510000000,3351596,False
tablets,final_three,,2026-09-21T19:00:22.280710+00:00,,2002,r-scylla2,3,9.58,1985348633,10427106853,1390000000,4190000000,4690000000,6610000000,3351596,False
tablets,final_three,,2026-09-21T19:00:22.280710+00:00,,2002,r-scylla3,3,9.46,1985348633,10427106853,1320000000,4140000000,4390000000,6360000000,3351596,False
tablets,final_three,,2026-09-21T19:00:25.626777+00:00,,2003,r-scylla1,3,15.46,2070174237,10427106853,1620000000,4150000000,4640000000,6510000000,3351592,False
tablets,final_three,,2026-09-21T19:00:25.626777+00:00,,2003,r-scylla2,3,15.39,1985348633,10427106853,1390000000,4190000000,4690000000,6610000000,3351592,False
tablets,final_three,,2026-09-21T19:00:25.626777+00:00,,2003,r-scylla3,3,14.72,1985348633,10427106853,1320000000,4140000000,4390000000,6360000000,3351592,False
tablets,final_three,,2026-09-21T19:00:29.079597+00:00,,2004,r-scylla1,3,16.22,2070174237,10427106853,1620000000,4150000000,4640000000,6510000000,3354252,False
tablets,final_three,,2026-09-21T19:00:29.079597+00:00,,2004,r-scylla2,3,13.00,1985348633,10427106853,1400000000,4190000000,4690000000,6610000000,3354252,False
tablets,final_three,,2026-09-21T19:00:29.079597+00:00,,2004,r-scylla3,3,10.39,1984274891,10427106853,1320000000,4140000000,4390000000,6360000000,3354252,False
tablets,final_three,,2026-09-21T19:00:32.455671+00:00,,2005,r-scylla1,3,3.32,2070174237,10427106853,1620000000,4150000000,4640000000,6510000000,3385040,False
tablets,final_three,,2026-09-21T19:00:32.455671+00:00,,2005,r-scylla2,3,2.93,1985348633,10427106853,1400000000,4190000000,4690000000,6610000000,3385040,False
tablets,final_three,,2026-09-21T19:00:32.455671+00:00,,2005,r-scylla3,3,3.72,1985348633,10427106853,1320000000,4150000000,4390000000,6360000000,3385040,False
tablets,final_three,,2026-09-21T19:00:36.011198+00:00,,2006,r-scylla1,3,4.14,2070174237,10427106853,1620000000,4150000000,4640000000,6510000000,3421348,False
tablets,final_three,,2026-09-21T19:00:36.011198+00:00,,2006,r-scylla2,3,4.45,1985348633,10427106853,1400000000,4200000000,4690000000,6610000000,3421348,False
tablets,final_three,,2026-09-21T19:00:36.011198+00:00,,2006,r-scylla3,3,3.89,1984274891,10427106853,1320000000,4150000000,4390000000,6360000000,3421348,False
vnodes,baseline,,2026-09-22T13:14:12.877719+00:00,,155,r-scylla1,3,7.18,2048699400,10427106853,733000000,680000000,1110000000,2950000000,3475584,False
vnodes,baseline,,2026-09-22T13:14:12.877719+00:00,,155,r-scylla2,3,8.09,1995012309,10427106853,692000000,668000000,906000000,2790000000,3475584,False
vnodes,baseline,,2026-09-22T13:14:12.877719+00:00,,155,r-scylla3,3,7.61,1996086051,10427106853,766000000,717000000,1070000000,3040000000,3475584,False
vnodes,baseline,,2026-09-22T13:14:16.175595+00:00,,156,r-scylla1,3,8.64,2048699400,10427106853,734000000,682000000,1110000000,2950000000,3479084,False
vnodes,baseline,,2026-09-22T13:14:16.175595+00:00,,156,r-scylla2,3,6.41,1995012309,10427106853,693000000,670000000,906000000,2790000000,3479084,False
vnodes,baseline,,2026-09-22T13:14:16.175595+00:00,,156,r-scylla3,3,7.73,1996086051,10427106853,766000000,719000000,1070000000,3040000000,3479084,False
vnodes,baseline,,2026-09-22T13:14:19.444535+00:00,,157,r-scylla1,3,6.65,2048699400,10427106853,734000000,684000000,1110000000,2950000000,3481016,False
vnodes,baseline,,2026-09-22T13:14:19.444535+00:00,,157,r-scylla2,3,6.88,1995012309,10427106853,694000000,672000000,906000000,2790000000,3481016,False
vnodes,baseline,,2026-09-22T13:14:19.444535+00:00,,157,r-scylla3,3,7.72,1996086051,10427106853,767000000,722000000,1070000000,3040000000,3481016,False
vnodes,baseline,,2026-09-22T13:14:22.716793+00:00,,158,r-scylla1,3,11.47,2048699400,10427106853,735000000,687000000,1110000000,2950000000,3477640,False
vnodes,baseline,,2026-09-22T13:14:22.716793+00:00,,158,r-scylla2,3,11.34,1995012309,10427106853,694000000,675000000,906000000,2790000000,3477640,False
vnodes,baseline,,2026-09-22T13:14:22.716793+00:00,,158,r-scylla3,3,10.83,1997159793,10427106853,768000000,724000000,1070000000,3040000000,3477640,False
vnodes,baseline,,2026-09-22T13:14:26.017450+00:00,,159,r-scylla1,3,19.13,2048699400,10427106853,736000000,689000000,1110000000,2950000000,3478128,False
vnodes,baseline,,2026-09-22T13:14:26.017450+00:00,,159,r-scylla2,3,11.62,1995012309,10427106853,695000000,677000000,906000000,2790000000,3478128,False
vnodes,baseline,,2026-09-22T13:14:26.017450+00:00,,159,r-scylla3,3,13.45,1996086051,10427106853,768000000,726000000,1070000000,3040000000,3478128,False
vnodes,baseline,,2026-09-22T13:14:29.318705+00:00,,160,r-scylla1,3,14.50,2051920626,10427106853,736000000,691000000,1110000000,2950000000,3477324,False
vnodes,baseline,,2026-09-22T13:14:29.318705+00:00,,160,r-scylla2,3,9.78,1995012309,10427106853,695000000,678000000,906000000,2790000000,3477324,False
vnodes,baseline,,2026-09-22T13:14:29.318705+00:00,,160,r-scylla3,3,11.64,1996086051,10427106853,769000000,729000000,1070000000,3040000000,3477324,False
vnodes,baseline,,2026-09-22T13:14:32.645362+00:00,,161,r-scylla1,3,12.64,2048699400,10427106853,737000000,694000000,1110000000,2950000000,3478732,False
vnodes,baseline,,2026-09-22T13:14:32.645362+00:00,,161,r-scylla2,3,11.77,1995012309,10427106853,696000000,681000000,906000000,2790000000,3478732,False
vnodes,baseline,,2026-09-22T13:14:32.645362+00:00,,161,r-scylla3,3,11.82,1996086051,10427106853,770000000,731000000,1070000000,3040000000,3478732,False
vnodes,baseline,,2026-09-22T13:14:35.957317+00:00,,162,r-scylla1,3,12.67,2048699400,10427106853,737000000,695000000,1110000000,2950000000,3477820,False
vnodes,baseline,,2026-09-22T13:14:35.957317+00:00,,162,r-scylla2,3,10.48,1995012309,10427106853,697000000,683000000,906000000,2790000000,3477820,False
vnodes,baseline,,2026-09-22T13:14:35.957317+00:00,,162,r-scylla3,3,12.59,1996086051,10427106853,770000000,734000000,1070000000,3040000000,3477820,False
vnodes,baseline,,2026-09-22T13:14:39.378609+00:00,,163,r-scylla1,3,21.75,2048699400,10427106853,738000000,697000000,1110000000,2950000000,3477592,False
vnodes,baseline,,2026-09-22T13:14:39.378609+00:00,,163,r-scylla2,3,6.63,1995012309,10427106853,697000000,685000000,906000000,2790000000,3477592,False
vnodes,baseline,,2026-09-22T13:14:39.378609+00:00,,163,r-scylla3,3,7.43,1996086051,10427106853,771000000,736000000,1070000000,3040000000,3477592,False
vnodes,baseline,,2026-09-22T13:14:42.748985+00:00,,164,r-scylla1,3,12.63,2055141851,10427106853,739000000,700000000,1110000000,2950000000,3476400,False
vnodes,baseline,,2026-09-22T13:14:42.748985+00:00,,164,r-scylla2,3,6.79,1995012309,10427106853,698000000,688000000,906000000,2790000000,3476400,False
vnodes,baseline,,2026-09-22T13:14:42.748985+00:00,,164,r-scylla3,3,7.87,1997159793,10427106853,772000000,739000000,1070000000,3040000000,3476400,False
vnodes,baseline,,2026-09-22T13:14:46.028914+00:00,,165,r-scylla1,3,13.06,2048699400,10427106853,739000000,702000000,1110000000,2950000000,3477360,False
vnodes,baseline,,2026-09-22T13:14:46.028914+00:00,,165,r-scylla2,3,6.80,1995012309,10427106853,698000000,690000000,906000000,2800000000,3477360,False
vnodes,baseline,,2026-09-22T13:14:46.028914+00:00,,165,r-scylla3,3,7.01,1996086051,10427106853,772000000,740000000,1070000000,3040000000,3477360,False
vnodes,baseline,,2026-09-22T13:14:49.344347+00:00,,166,r-scylla1,3,19.36,2048699400,10427106853,740000000,704000000,1110000000,2950000000,3480388,False
vnodes,baseline,,2026-09-22T13:14:49.344347+00:00,,166,r-scylla2,3,11.55,1995012309,10427106853,699000000,692000000,906000000,2800000000,3480388,False
vnodes,baseline,,2026-09-22T13:14:49.344347+00:00,,166,r-scylla3,3,11.91,1996086051,10427106853,773000000,743000000,1070000000,3040000000,3480388,False
vnodes,baseline,,2026-09-22T13:14:52.687937+00:00,,167,r-scylla1,3,10.37,2048699400,10427106853,740000000,706000000,1110000000,2950000000,3478228,False
vnodes,baseline,,2026-09-22T13:14:52.687937+00:00,,167,r-scylla2,3,10.95,1995012309,10427106853,700000000,694000000,906000000,2800000000,3478228,False
vnodes,baseline,,2026-09-22T13:14:52.687937+00:00,,167,r-scylla3,3,11.19,1996086051,10427106853,774000000,745000000,1070000000,3040000000,3478228,False
vnodes,baseline,,2026-09-22T13:14:55.990365+00:00,,168,r-scylla1,3,15.83,2055141851,10427106853,741000000,709000000,1110000000,2950000000,3470160,False
vnodes,baseline,,2026-09-22T13:14:55.990365+00:00,,168,r-scylla2,3,9.84,1996086051,10427106853,700000000,696000000,906000000,2800000000,3470160,False
vnodes,baseline,,2026-09-22T13:14:55.990365+00:00,,168,r-scylla3,3,11.39,1996086051,10427106853,774000000,747000000,1070000000,3040000000,3470160,False
vnodes,baseline,,2026-09-22T13:14:59.348250+00:00,,169,r-scylla1,3,20.06,2048699400,10427106853,742000000,711000000,1110000000,2950000000,3476408,False
vnodes,baseline,,2026-09-22T13:14:59.348250+00:00,,169,r-scylla2,3,9.54,1996086051,10427106853,701000000,699000000,906000000,2800000000,3476408,False
vnodes,baseline,,2026-09-22T13:14:59.348250+00:00,,169,r-scylla3,3,10.25,1996086051,10427106853,775000000,750000000,1070000000,3040000000,3476408,False
vnodes,baseline,,2026-09-22T13:15:02.638076+00:00,,170,r-scylla1,3,18.69,2048699400,10427106853,742000000,714000000,1110000000,2950000000,3475780,False
vnodes,baseline,,2026-09-22T13:15:02.638076+00:00,,170,r-scylla2,3,11.58,1996086051,10427106853,701000000,701000000,906000000,2800000000,3475780,False
vnodes,baseline,,2026-09-22T13:15:02.638076+00:00,,170,r-scylla3,3,10.55,1996086051,10427106853,776000000,752000000,1070000000,3040000000,3475780,False
vnodes,baseline,,2026-09-22T13:15:05.991261+00:00,,171,r-scylla1,3,10.00,2048699400,10427106853,743000000,716000000,1110000000,2950000000,3468620,False
vnodes,baseline,,2026-09-22T13:15:05.991261+00:00,,171,r-scylla2,3,9.90,1996086051,10427106853,702000000,703000000,906000000,2800000000,3468620,False
vnodes,baseline,,2026-09-22T13:15:05.991261+00:00,,171,r-scylla3,3,12.07,1996086051,10427106853,776000000,754000000,1070000000,3040000000,3468620,False
vnodes,baseline,,2026-09-22T13:15:09.298918+00:00,,172,r-scylla1,3,15.53,2049773142,10427106853,744000000,718000000,1110000000,2950000000,3476212,False
vnodes,baseline,,2026-09-22T13:15:09.298918+00:00,,172,r-scylla2,3,10.92,1996086051,10427106853,703000000,705000000,906000000,2800000000,3476212,False
vnodes,baseline,,2026-09-22T13:15:09.298918+00:00,,172,r-scylla3,3,11.87,1996086051,10427106853,777000000,756000000,1070000000,3040000000,3476212,False
vnodes,baseline,,2026-09-22T13:15:12.590967+00:00,,173,r-scylla1,3,20.92,2049773142,10427106853,744000000,721000000,1110000000,2950000000,3477992,False
vnodes,baseline,,2026-09-22T13:15:12.590967+00:00,,173,r-scylla2,3,11.19,1996086051,10427106853,703000000,707000000,906000000,2800000000,3477992,False
vnodes,baseline,,2026-09-22T13:15:12.590967+00:00,,173,r-scylla3,3,13.44,1996086051,10427106853,778000000,759000000,1070000000,3040000000,3477992,False
vnodes,baseline,,2026-09-22T13:15:15.947085+00:00,,174,r-scylla1,3,10.23,2048699400,10427106853,745000000,723000000,1110000000,2950000000,3476868,False
vnodes,baseline,,2026-09-22T13:15:15.947085+00:00,,174,r-scylla2,3,10.95,1996086051,10427106853,704000000,710000000,906000000,2800000000,3476868,False
vnodes,baseline,,2026-09-22T13:15:15.947085+00:00,,174,r-scylla3,3,11.16,1997159793,10427106853,778000000,761000000,1070000000,3040000000,3476868,False
vnodes,baseline,,2026-09-22T13:15:19.292892+00:00,,175,r-scylla1,3,25.34,2049773142,10427106853,746000000,725000000,1110000000,2950000000,3476128,False
vnodes,baseline,,2026-09-22T13:15:19.292892+00:00,,175,r-scylla2,3,12.24,1996086051,10427106853,704000000,712000000,906000000,2800000000,3476128,False
vnodes,baseline,,2026-09-22T13:15:19.292892+00:00,,175,r-scylla3,3,11.87,1996086051,10427106853,779000000,763000000,1070000000,3040000000,3476128,False
vnodes,baseline,,2026-09-22T13:15:22.569709+00:00,,176,r-scylla1,3,16.63,2056215593,10427106853,746000000,727000000,1110000000,2950000000,3468408,False
vnodes,baseline,,2026-09-22T13:15:22.569709+00:00,,176,r-scylla2,3,10.12,1996086051,10427106853,705000000,713000000,906000000,2800000000,3468408,False
vnodes,baseline,,2026-09-22T13:15:22.569709+00:00,,176,r-scylla3,3,12.65,1996086051,10427106853,780000000,766000000,1070000000,3040000000,3468408,False
vnodes,baseline,,2026-09-22T13:15:25.938902+00:00,,177,r-scylla1,3,14.06,2048699400,10427106853,747000000,729000000,1110000000,2950000000,3474692,False
vnodes,baseline,,2026-09-22T13:15:25.938902+00:00,,177,r-scylla2,3,13.74,1996086051,10427106853,706000000,716000000,906000000,2800000000,3474692,False
vnodes,baseline,,2026-09-22T13:15:25.938902+00:00,,177,r-scylla3,3,13.73,1996086051,10427106853,780000000,767000000,1070000000,3040000000,3474692,False
vnodes,baseline,,2026-09-22T13:15:29.282846+00:00,,178,r-scylla1,3,17.57,2049773142,10427106853,747000000,732000000,1110000000,2950000000,3474668,False
vnodes,baseline,,2026-09-22T13:15:29.282846+00:00,,178,r-scylla2,3,10.07,1996086051,10427106853,706000000,718000000,906000000,2800000000,3474668,False
vnodes,baseline,,2026-09-22T13:15:29.282846+00:00,,178,r-scylla3,3,11.91,1996086051,10427106853,781000000,770000000,1070000000,3040000000,3474668,False
vnodes,baseline,,2026-09-22T13:15:32.563902+00:00,,179,r-scylla1,3,18.28,2049773142,10427106853,748000000,733000000,1110000000,2950000000,3470104,False
vnodes,baseline,,2026-09-22T13:15:32.563902+00:00,,179,r-scylla2,3,10.97,1996086051,10427106853,707000000,720000000,906000000,2800000000,3470104,False
vnodes,baseline,,2026-09-22T13:15:32.563902+00:00,,179,r-scylla3,3,12.19,1996086051,10427106853,782000000,773000000,1070000000,3040000000,3470104,False
vnodes,baseline,,2026-09-22T13:15:35.981380+00:00,,180,r-scylla1,3,14.83,2049773142,10427106853,749000000,736000000,1110000000,2960000000,3477180,False
vnodes,baseline,,2026-09-22T13:15:35.981380+00:00,,180,r-scylla2,3,11.73,1996086051,10427106853,707000000,723000000,906000000,2800000000,3477180,False
vnodes,baseline,,2026-09-22T13:15:35.981380+00:00,,180,r-scylla3,3,11.95,1996086051,10427106853,782000000,774000000,1070000000,3040000000,3477180,False
vnodes,baseline,,2026-09-22T13:15:39.257067+00:00,,181,r-scylla1,3,10.96,2048699400,10427106853,749000000,738000000,1110000000,2960000000,3474376,False
vnodes,baseline,,2026-09-22T13:15:39.257067+00:00,,181,r-scylla2,3,10.65,1996086051,10427106853,708000000,725000000,906000000,2800000000,3474376,False
vnodes,baseline,,2026-09-22T13:15:39.257067+00:00,,181,r-scylla3,3,11.70,1996086051,10427106853,783000000,777000000,1070000000,3040000000,3474376,False
vnodes,baseline,,2026-09-22T13:15:42.616845+00:00,,182,r-scylla1,3,11.85,2049773142,10427106853,750000000,741000000,1110000000,2960000000,3474280,False
vnodes,baseline,,2026-09-22T13:15:42.616845+00:00,,182,r-scylla2,3,12.95,1996086051,10427106853,709000000,727000000,906000000,2800000000,3474280,False
vnodes,baseline,,2026-09-22T13:15:42.616845+00:00,,182,r-scylla3,3,13.30,1996086051,10427106853,783000000,779000000,1070000000,3040000000,3474280,False
vnodes,baseline,,2026-09-22T13:15:45.959333+00:00,,183,r-scylla1,3,19.23,2048699400,10427106853,751000000,743000000,1110000000,2960000000,3473852,False
vnodes,baseline,,2026-09-22T13:15:45.959333+00:00,,183,r-scylla2,3,11.20,1996086051,10427106853,709000000,729000000,906000000,2800000000,3473852,False
vnodes,baseline,,2026-09-22T13:15:45.959333+00:00,,183,r-scylla3,3,13.42,1996086051,10427106853,784000000,781000000,1070000000,3040000000,3473852,False
vnodes,baseline,,2026-09-22T13:15:49.253759+00:00,,184,r-scylla1,3,15.30,2055141851,10427106853,751000000,745000000,1110000000,2960000000,3471012,False
vnodes,baseline,,2026-09-22T13:15:49.253759+00:00,,184,r-scylla2,3,10.90,1996086051,10427106853,710000000,731000000,906000000,2800000000,3471012,False
vnodes,baseline,,2026-09-22T13:15:49.253759+00:00,,184,r-scylla3,3,12.21,1996086051,10427106853,785000000,783000000,1070000000,3040000000,3471012,False
vnodes,baseline,,2026-09-22T13:15:52.574274+00:00,,185,r-scylla1,3,17.17,2048699400,10427106853,752000000,747000000,1110000000,2960000000,3477532,False
vnodes,baseline,,2026-09-22T13:15:52.574274+00:00,,185,r-scylla2,3,10.18,1996086051,10427106853,710000000,734000000,906000000,2800000000,3477532,False
vnodes,baseline,,2026-09-22T13:15:52.574274+00:00,,185,r-scylla3,3,11.75,1997159793,10427106853,786000000,787000000,1070000000,3050000000,3477532,False
vnodes,baseline,,2026-09-22T13:15:55.871935+00:00,,186,r-scylla1,3,18.04,2048699400,10427106853,752000000,750000000,1110000000,2960000000,3473576,False
vnodes,baseline,,2026-09-22T13:15:55.871935+00:00,,186,r-scylla2,3,10.98,1996086051,10427106853,711000000,736000000,906000000,2800000000,3473576,False
vnodes,baseline,,2026-09-22T13:15:55.871935+00:00,,186,r-scylla3,3,11.88,1997159793,10427106853,786000000,788000000,1070000000,3050000000,3473576,False
vnodes,baseline,,2026-09-22T13:15:59.185197+00:00,,187,r-scylla1,3,12.23,2048699400,10427106853,753000000,752000000,1110000000,2960000000,3479772,False
vnodes,baseline,,2026-09-22T13:15:59.185197+00:00,,187,r-scylla2,3,11.13,1996086051,10427106853,712000000,738000000,906000000,2800000000,3479772,False
vnodes,baseline,,2026-09-22T13:15:59.185197+00:00,,187,r-scylla3,3,12.31,1996086051,10427106853,787000000,790000000,1070000000,3050000000,3479772,False
vnodes,baseline,,2026-09-22T13:16:02.524653+00:00,,188,r-scylla1,3,14.46,2075542946,10427106853,777000000,754000000,1140000000,2960000000,3447764,False
vnodes,baseline,,2026-09-22T13:16:02.524653+00:00,,188,r-scylla2,3,10.42,1997159793,10427106853,712000000,751000000,927000000,2800000000,3447764,False
vnodes,baseline,,2026-09-22T13:16:02.524653+00:00,,188,r-scylla3,3,19.91,1998233534,10427106853,787000000,804000000,1090000000,3050000000,3447764,False
vnodes,baseline,,2026-09-22T13:16:05.837720+00:00,,189,r-scylla1,3,12.11,2074469204,10427106853,777000000,756000000,1140000000,2960000000,3451592,False
vnodes,baseline,,2026-09-22T13:16:05.837720+00:00,,189,r-scylla2,3,10.50,1997159793,10427106853,713000000,753000000,927000000,2800000000,3451592,False
vnodes,baseline,,2026-09-22T13:16:05.837720+00:00,,189,r-scylla3,3,11.98,1999307276,10427106853,788000000,807000000,1090000000,3050000000,3451592,False
vnodes,baseline,,2026-09-22T13:16:09.234350+00:00,,190,r-scylla1,3,6.57,2074469204,10427106853,778000000,759000000,1140000000,2960000000,3450788,False
vnodes,baseline,,2026-09-22T13:16:09.234350+00:00,,190,r-scylla2,3,6.65,1997159793,10427106853,713000000,755000000,927000000,2800000000,3450788,False
vnodes,baseline,,2026-09-22T13:16:09.234350+00:00,,190,r-scylla3,3,11.24,1998233534,10427106853,789000000,809000000,1090000000,3050000000,3450788,False
vnodes,baseline,,2026-09-22T13:16:12.509582+00:00,,191,r-scylla1,3,11.51,2074469204,10427106853,778000000,760000000,1140000000,2960000000,3452192,False
vnodes,baseline,,2026-09-22T13:16:12.509582+00:00,,191,r-scylla2,3,3.74,1997159793,10427106853,713000000,757000000,927000000,2800000000,3452192,False
vnodes,baseline,,2026-09-22T13:16:12.509582+00:00,,191,r-scylla3,3,3.20,1999307276,10427106853,789000000,810000000,1090000000,3050000000,3452192,False
vnodes,baseline,,2026-09-22T13:16:15.842126+00:00,,192,r-scylla1,3,2.40,2079837913,10427106853,778000000,761000000,1140000000,2960000000,3467012,False
vnodes,baseline,,2026-09-22T13:16:15.842126+00:00,,192,r-scylla2,3,1.40,1997159793,10427106853,713000000,758000000,927000000,2800000000,3467012,False
vnodes,baseline,,2026-09-22T13:16:15.842126+00:00,,192,r-scylla3,3,2.22,1998233534,10427106853,789000000,812000000,1090000000,3050000000,3467012,False
vnodes,scaleout,join_command_start,2026-09-22T14:15:51.823749+00:00,-121.775674,1211,r-scylla1,3,10.04,2092722815,10427106853,881000000,2200000000,1220000000,2960000000,3435964,False
vnodes,scaleout,join_command_start,2026-09-22T14:15:51.823749+00:00,-121.775674,1211,r-scylla2,3,10.25,1997159793,10427106853,749000000,2190000000,991000000,2800000000,3435964,False
vnodes,scaleout,join_command_start,2026-09-22T14:15:51.823749+00:00,-121.775674,1211,r-scylla3,3,3.78,1999307276,10427106853,825000000,2250000000,1170000000,3050000000,3435964,False
vnodes,scaleout,join_command_start,2026-09-22T14:15:55.331292+00:00,-118.268131,1212,r-scylla1,3,16.11,2092722815,10427106853,882000000,2200000000,1220000000,2960000000,3434912,False
vnodes,scaleout,join_command_start,2026-09-22T14:15:55.331292+00:00,-118.268131,1212,r-scylla2,3,14.49,1997159793,10427106853,749000000,2190000000,991000000,2800000000,3434912,False
vnodes,scaleout,join_command_start,2026-09-22T14:15:55.331292+00:00,-118.268131,1212,r-scylla3,3,13.54,1999307276,10427106853,826000000,2250000000,1170000000,3050000000,3434912,False
vnodes,scaleout,join_command_start,2026-09-22T14:15:58.751554+00:00,-114.847869,1213,r-scylla1,3,24.85,2092722815,10427106853,883000000,2210000000,1220000000,2960000000,3432964,False
vnodes,scaleout,join_command_start,2026-09-22T14:15:58.751554+00:00,-114.847869,1213,r-scylla2,3,15.27,1997159793,10427106853,750000000,2190000000,991000000,2800000000,3432964,False
vnodes,scaleout,join_command_start,2026-09-22T14:15:58.751554+00:00,-114.847869,1213,r-scylla3,3,16.37,1999307276,10427106853,826000000,2250000000,1170000000,3050000000,3432964,False
vnodes,scaleout,join_command_start,2026-09-22T14:16:02.327838+00:00,-111.271585,1214,r-scylla1,3,15.76,2092722815,10427106853,883000000,2210000000,1220000000,2960000000,3427868,False
vnodes,scaleout,join_command_start,2026-09-22T14:16:02.327838+00:00,-111.271585,1214,r-scylla2,3,13.93,1997159793,10427106853,750000000,2190000000,991000000,2800000000,3427868,False
vnodes,scaleout,join_command_start,2026-09-22T14:16:02.327838+00:00,-111.271585,1214,r-scylla3,3,16.18,2000381018,10427106853,827000000,2260000000,1170000000,3050000000,3427868,False
vnodes,scaleout,join_command_start,2026-09-22T14:16:05.839879+00:00,-107.759544,1215,r-scylla1,3,35.87,2092722815,10427106853,895000000,2210000000,1240000000,2960000000,3435804,False
vnodes,scaleout,join_command_start,2026-09-22T14:16:05.839879+00:00,-107.759544,1215,r-scylla2,3,13.76,1997159793,10427106853,751000000,2190000000,991000000,2800000000,3435804,False
vnodes,scaleout,join_command_start,2026-09-22T14:16:05.839879+00:00,-107.759544,1215,r-scylla3,3,25.84,2000381018,10427106853,828000000,2260000000,1180000000,3050000000,3435804,False
vnodes,scaleout,join_command_start,2026-09-22T14:16:09.287988+00:00,-104.311435,1216,r-scylla1,3,22.31,2092722815,10427106853,907000000,2210000000,1250000000,2960000000,3435848,False
vnodes,scaleout,join_command_start,2026-09-22T14:16:09.287988+00:00,-104.311435,1216,r-scylla2,3,12.76,1997159793,10427106853,752000000,2210000000,1010000000,2800000000,3435848,False
vnodes,scaleout,join_command_start,2026-09-22T14:16:09.287988+00:00,-104.311435,1216,r-scylla3,3,18.28,2000381018,10427106853,828000000,2270000000,1190000000,3050000000,3435848,False
vnodes,scaleout,join_command_start,2026-09-22T14:16:12.725629+00:00,-100.873794,1217,r-scylla1,3,19.33,2095944040,10427106853,908000000,2220000000,1250000000,2960000000,3422472,False
vnodes,scaleout,join_command_start,2026-09-22T14:16:12.725629+00:00,-100.873794,1217,r-scylla2,3,13.82,1997159793,10427106853,752000000,2210000000,1010000000,2800000000,3422472,False
vnodes,scaleout,join_command_start,2026-09-22T14:16:12.725629+00:00,-100.873794,1217,r-scylla3,3,15.36,2000381018,10427106853,829000000,2280000000,1190000000,3050000000,3422472,False
vnodes,scaleout,join_command_start,2026-09-22T14:16:16.273259+00:00,-97.326164,1218,r-scylla1,3,25.17,2092722815,10427106853,908000000,2220000000,1250000000,2960000000,3433288,False
vnodes,scaleout,join_command_start,2026-09-22T14:16:16.273259+00:00,-97.326164,1218,r-scylla2,3,12.19,1997159793,10427106853,753000000,2210000000,1010000000,2800000000,3433288,False
vnodes,scaleout,join_command_start,2026-09-22T14:16:16.273259+00:00,-97.326164,1218,r-scylla3,3,13.15,2000381018,10427106853,830000000,2280000000,1190000000,3050000000,3433288,False
vnodes,scaleout,join_command_start,2026-09-22T14:16:19.803572+00:00,-93.795851,1219,r-scylla1,3,25.25,2092722815,10427106853,909000000,2220000000,1250000000,2960000000,3436080,False
vnodes,scaleout,join_command_start,2026-09-22T14:16:19.803572+00:00,-93.795851,1219,r-scylla2,3,14.64,1997159793,10427106853,754000000,2210000000,1010000000,2800000000,3436080,False
vnodes,scaleout,join_command_start,2026-09-22T14:16:19.803572+00:00,-93.795851,1219,r-scylla3,3,14.72,2000381018,10427106853,830000000,2280000000,1190000000,3050000000,3436080,False
vnodes,scaleout,join_command_start,2026-09-22T14:16:23.259206+00:00,-90.340217,1220,r-scylla1,3,14.53,2092722815,10427106853,910000000,2220000000,1250000000,2960000000,3434464,False
vnodes,scaleout,join_command_start,2026-09-22T14:16:23.259206+00:00,-90.340217,1220,r-scylla2,3,13.83,1997159793,10427106853,754000000,2220000000,1010000000,2800000000,3434464,False
vnodes,scaleout,join_command_start,2026-09-22T14:16:23.259206+00:00,-90.340217,1220,r-scylla3,3,14.57,2001454760,10427106853,831000000,2280000000,1190000000,3050000000,3434464,False
vnodes,scaleout,join_command_start,2026-09-22T14:16:26.777538+00:00,-86.821885,1221,r-scylla1,3,18.00,2092722815,10427106853,911000000,2230000000,1250000000,2960000000,3432808,False
vnodes,scaleout,join_command_start,2026-09-22T14:16:26.777538+00:00,-86.821885,1221,r-scylla2,3,15.91,1997159793,10427106853,755000000,2220000000,1010000000,2800000000,3432808,False
vnodes,scaleout,join_command_start,2026-09-22T14:16:26.777538+00:00,-86.821885,1221,r-scylla3,3,19.05,2001454760,10427106853,832000000,2290000000,1190000000,3050000000,3432808,False
vnodes,scaleout,join_command_start,2026-09-22T14:16:30.316772+00:00,-83.282651,1222,r-scylla1,3,14.20,2092722815,10427106853,911000000,2230000000,1250000000,2960000000,3434240,False
vnodes,scaleout,join_command_start,2026-09-22T14:16:30.316772+00:00,-83.282651,1222,r-scylla2,3,15.36,1997159793,10427106853,755000000,2220000000,1010000000,2800000000,3434240,False
vnodes,scaleout,join_command_start,2026-09-22T14:16:30.316772+00:00,-83.282651,1222,r-scylla3,3,12.96,2000381018,10427106853,833000000,2290000000,1190000000,3050000000,3434240,False
vnodes,scaleout,join_command_start,2026-09-22T14:16:33.775533+00:00,-79.823890,1223,r-scylla1,3,23.31,2092722815,10427106853,912000000,2230000000,1250000000,2960000000,3432340,False
vnodes,scaleout,join_command_start,2026-09-22T14:16:33.775533+00:00,-79.823890,1223,r-scylla2,3,13.17,1997159793,10427106853,756000000,2220000000,1010000000,2810000000,3432340,False
vnodes,scaleout,join_command_start,2026-09-22T14:16:33.775533+00:00,-79.823890,1223,r-scylla3,3,13.71,2000381018,10427106853,833000000,2290000000,1190000000,3050000000,3432340,False
vnodes,scaleout,join_command_start,2026-09-22T14:16:37.308348+00:00,-76.291075,1224,r-scylla1,3,17.93,2099165266,10427106853,912000000,2230000000,1250000000,2960000000,3421932,False
vnodes,scaleout,join_command_start,2026-09-22T14:16:37.308348+00:00,-76.291075,1224,r-scylla2,3,11.02,1997159793,10427106853,757000000,2230000000,1010000000,2810000000,3421932,False
vnodes,scaleout,join_command_start,2026-09-22T14:16:37.308348+00:00,-76.291075,1224,r-scylla3,3,13.47,2000381018,10427106853,834000000,2290000000,1190000000,3050000000,3421932,False
vnodes,scaleout,join_command_start,2026-09-22T14:16:40.827213+00:00,-72.772210,1225,r-scylla1,3,13.45,2092722815,10427106853,913000000,2240000000,1250000000,2960000000,3433000,False
vnodes,scaleout,join_command_start,2026-09-22T14:16:40.827213+00:00,-72.772210,1225,r-scylla2,3,12.86,1997159793,10427106853,758000000,2230000000,1010000000,2810000000,3433000,False
vnodes,scaleout,join_command_start,2026-09-22T14:16:40.827213+00:00,-72.772210,1225,r-scylla3,3,13.91,2000381018,10427106853,834000000,2290000000,1190000000,3050000000,3433000,False
vnodes,scaleout,join_command_start,2026-09-22T14:16:44.225898+00:00,-69.373525,1226,r-scylla1,3,11.90,2092722815,10427106853,914000000,2240000000,1250000000,2960000000,3436364,False
vnodes,scaleout,join_command_start,2026-09-22T14:16:44.225898+00:00,-69.373525,1226,r-scylla2,3,12.95,1997159793,10427106853,758000000,2230000000,1010000000,2810000000,3436364,False
vnodes,scaleout,join_command_start,2026-09-22T14:16:44.225898+00:00,-69.373525,1226,r-scylla3,3,14.93,2000381018,10427106853,835000000,2300000000,1190000000,3050000000,3436364,False
vnodes,scaleout,join_command_start,2026-09-22T14:16:47.714306+00:00,-65.885117,1227,r-scylla1,3,15.74,2092722815,10427106853,914000000,2240000000,1250000000,2960000000,3429636,False
vnodes,scaleout,join_command_start,2026-09-22T14:16:47.714306+00:00,-65.885117,1227,r-scylla2,3,13.12,1997159793,10427106853,759000000,2230000000,1010000000,2810000000,3429636,False
vnodes,scaleout,join_command_start,2026-09-22T14:16:47.714306+00:00,-65.885117,1227,r-scylla3,3,12.63,2000381018,10427106853,836000000,2300000000,1190000000,3050000000,3429636,False
vnodes,scaleout,join_command_start,2026-09-22T14:16:51.243769+00:00,-62.355654,1228,r-scylla1,3,25.20,2092722815,10427106853,915000000,2240000000,1250000000,2960000000,3435716,False
vnodes,scaleout,join_command_start,2026-09-22T14:16:51.243769+00:00,-62.355654,1228,r-scylla2,3,11.36,1997159793,10427106853,759000000,2240000000,1010000000,2810000000,3435716,False
vnodes,scaleout,join_command_start,2026-09-22T14:16:51.243769+00:00,-62.355654,1228,r-scylla3,3,12.49,2000381018,10427106853,837000000,2300000000,1190000000,3050000000,3435716,False
vnodes,scaleout,join_command_start,2026-09-22T14:16:54.679536+00:00,-58.919887,1229,r-scylla1,3,26.15,2092722815,10427106853,916000000,2240000000,1250000000,2960000000,3433556,False
vnodes,scaleout,join_command_start,2026-09-22T14:16:54.679536+00:00,-58.919887,1229,r-scylla2,3,14.57,1997159793,10427106853,760000000,2240000000,1010000000,2810000000,3433556,False
vnodes,scaleout,join_command_start,2026-09-22T14:16:54.679536+00:00,-58.919887,1229,r-scylla3,3,13.20,2000381018,10427106853,837000000,2300000000,1190000000,3050000000,3433556,False
vnodes,scaleout,join_command_start,2026-09-22T14:16:58.104040+00:00,-55.495383,1230,r-scylla1,3,20.24,2099165266,10427106853,916000000,2250000000,1250000000,2960000000,3431048,False
vnodes,scaleout,join_command_start,2026-09-22T14:16:58.104040+00:00,-55.495383,1230,r-scylla2,3,12.20,1997159793,10427106853,760000000,2240000000,1010000000,2810000000,3431048,False
vnodes,scaleout,join_command_start,2026-09-22T14:16:58.104040+00:00,-55.495383,1230,r-scylla3,3,14.44,2000381018,10427106853,838000000,2310000000,1190000000,3050000000,3431048,False
vnodes,scaleout,join_command_start,2026-09-22T14:17:01.604026+00:00,-51.995397,1231,r-scylla1,3,23.64,2092722815,10427106853,917000000,2250000000,1250000000,2960000000,3431036,False
vnodes,scaleout,join_command_start,2026-09-22T14:17:01.604026+00:00,-51.995397,1231,r-scylla2,3,11.82,1997159793,10427106853,761000000,2240000000,1010000000,2810000000,3431036,False
vnodes,scaleout,join_command_start,2026-09-22T14:17:01.604026+00:00,-51.995397,1231,r-scylla3,3,12.86,2000381018,10427106853,839000000,2310000000,1190000000,3050000000,3431036,False
vnodes,scaleout,join_command_start,2026-09-22T14:17:05.051862+00:00,-48.547561,1232,r-scylla1,3,20.75,2092722815,10427106853,918000000,2250000000,1250000000,2960000000,3430452,False
vnodes,scaleout,join_command_start,2026-09-22T14:17:05.051862+00:00,-48.547561,1232,r-scylla2,3,11.88,1997159793,10427106853,762000000,2240000000,1010000000,2810000000,3430452,False
vnodes,scaleout,join_command_start,2026-09-22T14:17:05.051862+00:00,-48.547561,1232,r-scylla3,3,12.49,2000381018,10427106853,840000000,2310000000,1190000000,3050000000,3430452,False
vnodes,scaleout,join_command_start,2026-09-22T14:17:08.470838+00:00,-45.128585,1233,r-scylla1,3,13.09,2092722815,10427106853,918000000,2250000000,1250000000,2960000000,3430980,False
vnodes,scaleout,join_command_start,2026-09-22T14:17:08.470838+00:00,-45.128585,1233,r-scylla2,3,11.23,1997159793,10427106853,763000000,2250000000,1010000000,2810000000,3430980,False
vnodes,scaleout,join_command_start,2026-09-22T14:17:08.470838+00:00,-45.128585,1233,r-scylla3,3,13.86,2000381018,10427106853,840000000,2310000000,1190000000,3050000000,3430980,False
vnodes,scaleout,join_command_start,2026-09-22T14:17:11.910148+00:00,-41.689275,1234,r-scylla1,3,12.59,2092722815,10427106853,919000000,2260000000,1250000000,2960000000,3430776,False
vnodes,scaleout,join_command_start,2026-09-22T14:17:11.910148+00:00,-41.689275,1234,r-scylla2,3,12.24,1997159793,10427106853,763000000,2250000000,1010000000,2810000000,3430776,False
vnodes,scaleout,join_command_start,2026-09-22T14:17:11.910148+00:00,-41.689275,1234,r-scylla3,3,15.75,2000381018,10427106853,841000000,2320000000,1190000000,3050000000,3430776,False
vnodes,scaleout,join_command_start,2026-09-22T14:17:15.439104+00:00,-38.160319,1235,r-scylla1,3,19.83,2093796557,10427106853,919000000,2260000000,1250000000,2960000000,3431456,False
vnodes,scaleout,join_command_start,2026-09-22T14:17:15.439104+00:00,-38.160319,1235,r-scylla2,3,12.48,1997159793,10427106853,764000000,2250000000,1010000000,2810000000,3431456,False
vnodes,scaleout,join_command_start,2026-09-22T14:17:15.439104+00:00,-38.160319,1235,r-scylla3,3,15.25,2000381018,10427106853,841000000,2320000000,1190000000,3050000000,3431456,False
vnodes,scaleout,join_command_start,2026-09-22T14:17:18.854763+00:00,-34.744660,1236,r-scylla1,3,24.73,2092722815,10427106853,920000000,2260000000,1250000000,2970000000,3430244,False
vnodes,scaleout,join_command_start,2026-09-22T14:17:18.854763+00:00,-34.744660,1236,r-scylla2,3,12.89,1997159793,10427106853,765000000,2250000000,1010000000,2810000000,3430244,False
vnodes,scaleout,join_command_start,2026-09-22T14:17:18.854763+00:00,-34.744660,1236,r-scylla3,3,13.17,2000381018,10427106853,842000000,2320000000,1190000000,3050000000,3430244,False
vnodes,scaleout,join_command_start,2026-09-22T14:17:22.330817+00:00,-31.268606,1237,r-scylla1,3,24.83,2092722815,10427106853,921000000,2260000000,1250000000,2970000000,3429304,False
vnodes,scaleout,join_command_start,2026-09-22T14:17:22.330817+00:00,-31.268606,1237,r-scylla2,3,13.08,1997159793,10427106853,765000000,2260000000,1010000000,2810000000,3429304,False
vnodes,scaleout,join_command_start,2026-09-22T14:17:22.330817+00:00,-31.268606,1237,r-scylla3,3,14.42,2000381018,10427106853,843000000,2320000000,1190000000,3050000000,3429304,False
vnodes,scaleout,join_command_start,2026-09-22T14:17:25.796079+00:00,-27.803344,1238,r-scylla1,3,15.47,2092722815,10427106853,922000000,2270000000,1250000000,2970000000,3426760,False
vnodes,scaleout,join_command_start,2026-09-22T14:17:25.796079+00:00,-27.803344,1238,r-scylla2,3,12.82,1997159793,10427106853,766000000,2260000000,1010000000,2810000000,3426760,False
vnodes,scaleout,join_command_start,2026-09-22T14:17:25.796079+00:00,-27.803344,1238,r-scylla3,3,12.51,2000381018,10427106853,843000000,2320000000,1190000000,3050000000,3426760,False
vnodes,scaleout,join_command_start,2026-09-22T14:17:29.216041+00:00,-24.383382,1239,r-scylla1,3,13.45,2092722815,10427106853,922000000,2270000000,1250000000,2970000000,3426772,False
vnodes,scaleout,join_command_start,2026-09-22T14:17:29.216041+00:00,-24.383382,1239,r-scylla2,3,12.16,1997159793,10427106853,766000000,2260000000,1010000000,2810000000,3426772,False
vnodes,scaleout,join_command_start,2026-09-22T14:17:29.216041+00:00,-24.383382,1239,r-scylla3,3,13.14,2000381018,10427106853,844000000,2330000000,1190000000,3060000000,3426772,False
vnodes,scaleout,join_command_start,2026-09-22T14:17:32.734751+00:00,-20.864672,1240,r-scylla1,3,12.74,2092722815,10427106853,923000000,2270000000,1250000000,2970000000,3421000,False
vnodes,scaleout,join_command_start,2026-09-22T14:17:32.734751+00:00,-20.864672,1240,r-scylla2,3,12.92,1997159793,10427106853,767000000,2260000000,1010000000,2810000000,3421000,False
vnodes,scaleout,join_command_start,2026-09-22T14:17:32.734751+00:00,-20.864672,1240,r-scylla3,3,15.45,2000381018,10427106853,845000000,2330000000,1190000000,3060000000,3421000,False
vnodes,scaleout,join_command_start,2026-09-22T14:17:36.228251+00:00,-17.371172,1241,r-scylla1,3,13.72,2092722815,10427106853,923000000,2270000000,1250000000,2970000000,3425764,False
vnodes,scaleout,join_command_start,2026-09-22T14:17:36.228251+00:00,-17.371172,1241,r-scylla2,3,12.90,1997159793,10427106853,768000000,2260000000,1010000000,2810000000,3425764,False
vnodes,scaleout,join_command_start,2026-09-22T14:17:36.228251+00:00,-17.371172,1241,r-scylla3,3,14.23,2000381018,10427106853,846000000,2330000000,1190000000,3060000000,3425764,False
vnodes,scaleout,join_command_start,2026-09-22T14:17:39.734226+00:00,-13.865197,1242,r-scylla1,3,23.42,2092722815,10427106853,924000000,2280000000,1250000000,2970000000,3429096,False
vnodes,scaleout,join_command_start,2026-09-22T14:17:39.734226+00:00,-13.865197,1242,r-scylla2,3,12.97,1997159793,10427106853,768000000,2270000000,1010000000,2810000000,3429096,False
vnodes,scaleout,join_command_start,2026-09-22T14:17:39.734226+00:00,-13.865197,1242,r-scylla3,3,14.17,2000381018,10427106853,846000000,2340000000,1190000000,3060000000,3429096,False
vnodes,scaleout,join_command_start,2026-09-22T14:17:43.214397+00:00,-10.385026,1243,r-scylla1,3,20.47,2099165266,10427106853,925000000,2280000000,1250000000,2970000000,3421892,False
vnodes,scaleout,join_command_start,2026-09-22T14:17:43.214397+00:00,-10.385026,1243,r-scylla2,3,11.27,1997159793,10427106853,769000000,2270000000,1010000000,2810000000,3421892,False
vnodes,scaleout,join_command_start,2026-09-22T14:17:43.214397+00:00,-10.385026,1243,r-scylla3,3,14.51,2000381018,10427106853,847000000,2340000000,1190000000,3060000000,3421892,False
vnodes,scaleout,join_command_start,2026-09-22T14:17:46.715918+00:00,-6.883505,1244,r-scylla1,3,13.02,2092722815,10427106853,925000000,2280000000,1250000000,2970000000,3431116,False
vnodes,scaleout,join_command_start,2026-09-22T14:17:46.715918+00:00,-6.883505,1244,r-scylla2,3,13.12,1997159793,10427106853,770000000,2270000000,1010000000,2810000000,3431116,False
vnodes,scaleout,join_command_start,2026-09-22T14:17:46.715918+00:00,-6.883505,1244,r-scylla3,3,16.65,2000381018,10427106853,848000000,2340000000,1190000000,3060000000,3431116,False
vnodes,scaleout,join_command_start,2026-09-22T14:17:50.221797+00:00,-3.377626,1245,r-scylla1,3,21.23,2092722815,10427106853,926000000,2280000000,1250000000,2970000000,3431248,False
vnodes,scaleout,join_command_start,2026-09-22T14:17:50.221797+00:00,-3.377626,1245,r-scylla2,3,12.81,1997159793,10427106853,770000000,2270000000,1010000000,2810000000,3431248,False
vnodes,scaleout,join_command_start,2026-09-22T14:17:50.221797+00:00,-3.377626,1245,r-scylla3,3,13.49,2000381018,10427106853,849000000,2340000000,1190000000,3060000000,3431248,False
vnodes,scaleout,join_command_start,2026-09-22T14:17:53.722486+00:00,0.123063,1246,r-scylla1,3,22.13,2092722815,10427106853,927000000,2280000000,1250000000,2970000000,3401724,False
vnodes,scaleout,join_command_start,2026-09-22T14:17:53.722486+00:00,0.123063,1246,r-scylla2,3,11.78,1997159793,10427106853,771000000,2280000000,1010000000,2810000000,3401724,False
vnodes,scaleout,join_command_start,2026-09-22T14:17:53.722486+00:00,0.123063,1246,r-scylla3,3,17.38,2000381018,10427106853,849000000,2340000000,1190000000,3060000000,3401724,False
vnodes,scaleout,join_command_start,2026-09-22T14:17:57.235823+00:00,3.636400,1247,r-scylla1,4,12.99,2092722815,10427106853,927000000,2290000000,1250000000,2970000000,3335628,False
vnodes,scaleout,join_command_start,2026-09-22T14:17:57.235823+00:00,3.636400,1247,r-scylla2,4,13.93,1997159793,10427106853,771000000,2280000000,1010000000,2810000000,3335628,False
vnodes,scaleout,join_command_start,2026-09-22T14:17:57.235823+00:00,3.636400,1247,r-scylla3,4,15.10,2000381018,10427106853,850000000,2350000000,1190000000,3060000000,3335628,False
vnodes,scaleout,join_command_start,2026-09-22T14:17:57.235823+00:00,3.636400,1247,r-scylla4,4,20.31,73704407,10427106853,1780,33000,5390000,53200,3335628,False
vnodes,scaleout,join_command_start,2026-09-22T14:18:00.774789+00:00,7.175366,1248,r-scylla1,4,20.86,2092722815,10427106853,928000000,2290000000,1250000000,3100000000,3317452,False
vnodes,scaleout,join_command_start,2026-09-22T14:18:00.774789+00:00,7.175366,1248,r-scylla2,4,16.30,1997159793,10427106853,772000000,2280000000,1010000000,2950000000,3317452,False
vnodes,scaleout,join_command_start,2026-09-22T14:18:00.774789+00:00,7.175366,1248,r-scylla3,4,17.99,2000381018,10427106853,851000000,2350000000,1190000000,3190000000,3317452,False
vnodes,scaleout,join_command_start,2026-09-22T14:18:00.774789+00:00,7.175366,1248,r-scylla4,4,30.71,106430464,10427106853,21000,691000,5650000,433000000,3317452,False
vnodes,scaleout,join_command_start,2026-09-22T14:18:04.176094+00:00,10.576671,1249,r-scylla1,4,45.98,2093796557,10427106853,929000000,2310000000,1270000000,3100000000,3250352,False
vnodes,scaleout,join_command_start,2026-09-22T14:18:04.176094+00:00,10.576671,1249,r-scylla2,4,51.94,1998233534,10427106853,773000000,2320000000,1050000000,2950000000,3250352,False
vnodes,scaleout,join_command_start,2026-09-22T14:18:04.176094+00:00,10.576671,1249,r-scylla3,4,44.92,2000381018,10427106853,852000000,2380000000,1230000000,3190000000,3250352,False
vnodes,scaleout,join_command_start,2026-09-22T14:18:04.176094+00:00,10.576671,1249,r-scylla4,4,82.11,175531622,10427106853,102000000,2070000,13700000,631000000,3250352,False
vnodes,scaleout,join_command_start,2026-09-22T14:18:07.593503+00:00,13.994080,1250,r-scylla1,4,43.13,2093796557,10427106853,930000000,2380000000,1360000000,3100000000,3274652,False
vnodes,scaleout,join_command_start,2026-09-22T14:18:07.593503+00:00,13.994080,1250,r-scylla2,4,42.42,1997159793,10427106853,774000000,2370000000,1120000000,2950000000,3274652,False
vnodes,scaleout,join_command_start,2026-09-22T14:18:07.593503+00:00,13.994080,1250,r-scylla3,4,45.98,2000381018,10427106853,853000000,2440000000,1310000000,3190000000,3274652,False
vnodes,scaleout,join_command_start,2026-09-22T14:18:07.593503+00:00,13.994080,1250,r-scylla4,4,60.65,142816051,10427106853,213000000,3340000,16000000,726000000,3274652,False
vnodes,scaleout,join_command_start,2026-09-22T14:18:11.162461+00:00,17.563038,1251,r-scylla1,4,42.50,2093796557,10427106853,930000000,2430000000,1420000000,3110000000,3283568,False
vnodes,scaleout,join_command_start,2026-09-22T14:18:11.162461+00:00,17.563038,1251,r-scylla2,4,50.64,1997159793,10427106853,775000000,2420000000,1180000000,2950000000,3283568,False
vnodes,scaleout,join_command_start,2026-09-22T14:18:11.162461+00:00,17.563038,1251,r-scylla3,4,54.24,2000381018,10427106853,854000000,2510000000,1390000000,3190000000,3283568,False
vnodes,scaleout,join_command_start,2026-09-22T14:18:11.162461+00:00,17.563038,1251,r-scylla4,4,86.76,143130624,10427106853,381000000,4820000,19200000,874000000,3283568,False
vnodes,scaleout,join_command_start,2026-09-22T14:18:14.698914+00:00,21.099491,1252,r-scylla1,4,31.07,2093796557,10427106853,931000000,2440000000,1430000000,3110000000,3261344,False
vnodes,scaleout,join_command_start,2026-09-22T14:18:14.698914+00:00,21.099491,1252,r-scylla2,4,10.86,1997159793,10427106853,775000000,2450000000,1220000000,2950000000,3261344,False
vnodes,scaleout,join_command_start,2026-09-22T14:18:14.698914+00:00,21.099491,1252,r-scylla3,4,10.60,2000381018,10427106853,854000000,2520000000,1410000000,3200000000,3261344,False
vnodes,scaleout,join_command_start,2026-09-22T14:18:14.698914+00:00,21.099491,1252,r-scylla4,4,73.24,158125261,10427106853,467000000,6900000,112000000,1020000000,3261344,False
vnodes,scaleout,join_command_start,2026-09-22T14:18:18.334758+00:00,24.735335,1253,r-scylla1,4,9.83,2093796557,10427106853,931000000,2440000000,1430000000,3110000000,3253720,False
vnodes,scaleout,join_command_start,2026-09-22T14:18:18.334758+00:00,24.735335,1253,r-scylla2,4,6.71,1997159793,10427106853,776000000,2450000000,1220000000,2950000000,3253720,False
vnodes,scaleout,join_command_start,2026-09-22T14:18:18.334758+00:00,24.735335,1253,r-scylla3,4,6.60,2000381018,10427106853,854000000,2530000000,1410000000,3200000000,3253720,False
vnodes,scaleout,join_command_start,2026-09-22T14:18:18.334758+00:00,24.735335,1253,r-scylla4,4,66.39,175007334,10427106853,467000000,8350000,361000000,1270000000,3253720,False
vnodes,scaleout,join_command_start,2026-09-22T14:18:21.971740+00:00,28.372317,1254,r-scylla1,4,12.29,2093796557,10427106853,931000000,2440000000,1430000000,3110000000,3259580,False
vnodes,scaleout,join_command_start,2026-09-22T14:18:21.971740+00:00,28.372317,1254,r-scylla2,4,12.33,1997159793,10427106853,776000000,2450000000,1220000000,2950000000,3259580,False
vnodes,scaleout,join_command_start,2026-09-22T14:18:21.971740+00:00,28.372317,1254,r-scylla3,4,11.92,2000381018,10427106853,855000000,2530000000,1410000000,3200000000,3259580,False
vnodes,scaleout,join_command_start,2026-09-22T14:18:21.971740+00:00,28.372317,1254,r-scylla4,4,17.10,175217050,10427106853,467000000,10000000,423000000,1350000000,3259580,False
vnodes,scaleout,join_command_start,2026-09-22T14:18:25.541942+00:00,31.942519,1255,r-scylla1,4,13.61,2098091524,10427106853,932000000,2450000000,1430000000,3110000000,3257352,False
vnodes,scaleout,join_command_start,2026-09-22T14:18:25.541942+00:00,31.942519,1255,r-scylla2,4,11.58,1997159793,10427106853,776000000,2450000000,1220000000,2950000000,3257352,False
vnodes,scaleout,join_command_start,2026-09-22T14:18:25.541942+00:00,31.942519,1255,r-scylla3,4,12.20,2000381018,10427106853,855000000,2530000000,1410000000,3200000000,3257352,False
vnodes,scaleout,join_command_start,2026-09-22T14:18:25.541942+00:00,31.942519,1255,r-scylla4,4,16.34,176999629,10427106853,468000000,11700000,428000000,1350000000,3257352,False
vnodes,scaleout,join_command_start,2026-09-22T14:18:29.044576+00:00,35.445153,1256,r-scylla1,4,12.78,2093796557,10427106853,932000000,2450000000,1430000000,3110000000,3254612,False
vnodes,scaleout,join_command_start,2026-09-22T14:18:29.044576+00:00,35.445153,1256,r-scylla2,4,11.87,1997159793,10427106853,777000000,2450000000,1220000000,2950000000,3254612,False
vnodes,scaleout,join_command_start,2026-09-22T14:18:29.044576+00:00,35.445153,1256,r-scylla3,4,12.90,2000381018,10427106853,856000000,2530000000,1410000000,3200000000,3254612,False
vnodes,scaleout,join_command_start,2026-09-22T14:18:29.044576+00:00,35.445153,1256,r-scylla4,4,16.91,180250214,10427106853,468000000,14200000,436000000,1350000000,3254612,False
vnodes,scaleout,join_command_start,2026-09-22T14:18:32.516654+00:00,38.917231,1257,r-scylla1,4,11.70,2094870299,10427106853,933000000,2450000000,1430000000,3110000000,3240824,False
vnodes,scaleout,join_command_start,2026-09-22T14:18:32.516654+00:00,38.917231,1257,r-scylla2,4,11.77,1997159793,10427106853,777000000,2460000000,1220000000,2950000000,3240824,False
vnodes,scaleout,join_command_start,2026-09-22T14:18:32.516654+00:00,38.917231,1257,r-scylla3,4,12.16,2000381018,10427106853,856000000,2530000000,1410000000,3200000000,3240824,False
vnodes,scaleout,join_command_start,2026-09-22T14:18:32.516654+00:00,38.917231,1257,r-scylla4,4,16.20,181403648,10427106853,469000000,15800000,440000000,1350000000,3240824,False
vnodes,scaleout,join_command_start,2026-09-22T14:18:35.962670+00:00,42.363247,1258,r-scylla1,4,14.82,2094870299,10427106853,933000000,2450000000,1430000000,3110000000,3246104,False
vnodes,scaleout,join_command_start,2026-09-22T14:18:35.962670+00:00,42.363247,1258,r-scylla2,4,10.85,1997159793,10427106853,778000000,2460000000,1220000000,2950000000,3246104,False
vnodes,scaleout,join_command_start,2026-09-22T14:18:35.962670+00:00,42.363247,1258,r-scylla3,4,12.85,2000381018,10427106853,857000000,2540000000,1410000000,3200000000,3246104,False
vnodes,scaleout,join_command_start,2026-09-22T14:18:35.962670+00:00,42.363247,1258,r-scylla4,4,15.94,183081370,10427106853,469000000,17600000,446000000,1350000000,3246104,False
vnodes,scaleout,join_command_start,2026-09-22T14:18:39.455988+00:00,45.856565,1259,r-scylla1,4,22.88,2093796557,10427106853,934000000,2450000000,1430000000,3110000000,3245300,False
vnodes,scaleout,join_command_start,2026-09-22T14:18:39.455988+00:00,45.856565,1259,r-scylla2,4,10.66,1997159793,10427106853,778000000,2460000000,1220000000,2950000000,3245300,False
vnodes,scaleout,join_command_start,2026-09-22T14:18:39.455988+00:00,45.856565,1259,r-scylla3,4,13.99,2000381018,10427106853,857000000,2540000000,1410000000,3200000000,3245300,False
vnodes,scaleout,join_command_start,2026-09-22T14:18:39.455988+00:00,45.856565,1259,r-scylla4,4,14.56,185597952,10427106853,470000000,19800000,452000000,1350000000,3245300,False
vnodes,scaleout,join_command_start,2026-09-22T14:18:42.990772+00:00,49.391349,1260,r-scylla1,4,15.39,2100239008,10427106853,934000000,2460000000,1430000000,3110000000,3237320,False
vnodes,scaleout,join_command_start,2026-09-22T14:18:42.990772+00:00,49.391349,1260,r-scylla2,4,11.47,1997159793,10427106853,779000000,2460000000,1220000000,2950000000,3237320,False
vnodes,scaleout,join_command_start,2026-09-22T14:18:42.990772+00:00,49.391349,1260,r-scylla3,4,12.06,2000381018,10427106853,858000000,2540000000,1410000000,3200000000,3237320,False
vnodes,scaleout,join_command_start,2026-09-22T14:18:42.990772+00:00,49.391349,1260,r-scylla4,4,14.79,187170816,10427106853,470000000,21700000,458000000,1350000000,3237320,False
vnodes,scaleout,join_command_start,2026-09-22T14:18:46.376916+00:00,52.777493,1261,r-scylla1,4,10.14,2093796557,10427106853,935000000,2460000000,1430000000,3110000000,3239328,False
vnodes,scaleout,join_command_start,2026-09-22T14:18:46.376916+00:00,52.777493,1261,r-scylla2,4,11.28,1997159793,10427106853,779000000,2470000000,1220000000,2950000000,3239328,False
vnodes,scaleout,join_command_start,2026-09-22T14:18:46.376916+00:00,52.777493,1261,r-scylla3,4,11.56,2000381018,10427106853,858000000,2540000000,1410000000,3200000000,3239328,False
vnodes,scaleout,join_command_start,2026-09-22T14:18:46.376916+00:00,52.777493,1261,r-scylla4,4,15.94,189163110,10427106853,471000000,23900000,463000000,1350000000,3239328,False
vnodes,scaleout,join_command_start,2026-09-22T14:18:49.869277+00:00,56.269854,1262,r-scylla1,4,16.98,2093796557,10427106853,936000000,2460000000,1430000000,3110000000,3238904,False
vnodes,scaleout,join_command_start,2026-09-22T14:18:49.869277+00:00,56.269854,1262,r-scylla2,4,9.43,1997159793,10427106853,780000000,2470000000,1220000000,2950000000,3238904,False
vnodes,scaleout,join_command_start,2026-09-22T14:18:49.869277+00:00,56.269854,1262,r-scylla3,4,11.40,2000381018,10427106853,859000000,2540000000,1410000000,3200000000,3238904,False
vnodes,scaleout,join_command_start,2026-09-22T14:18:49.869277+00:00,56.269854,1262,r-scylla4,4,10.03,191260262,10427106853,471000000,25900000,470000000,1350000000,3238904,False
vnodes,scaleout,join_command_start,2026-09-22T14:18:53.166742+00:00,59.567319,1263,r-scylla1,4,17.25,2093796557,10427106853,936000000,2460000000,1430000000,3110000000,3232024,False
vnodes,scaleout,join_command_start,2026-09-22T14:18:53.166742+00:00,59.567319,1263,r-scylla2,4,8.60,1997159793,10427106853,781000000,2470000000,1220000000,2950000000,3232024,False
vnodes,scaleout,join_command_start,2026-09-22T14:18:53.166742+00:00,59.567319,1263,r-scylla3,4,9.32,2000381018,10427106853,860000000,2550000000,1410000000,3200000000,3232024,False
vnodes,scaleout,join_command_start,2026-09-22T14:18:53.166742+00:00,59.567319,1263,r-scylla4,4,11.67,195559424,10427106853,472000000,29000000,483000000,1350000000,3232024,False
vnodes,scaleout,join_command_start,2026-09-22T14:18:56.507113+00:00,62.907690,1264,r-scylla1,4,14.85,2095944040,10427106853,937000000,2470000000,1430000000,3110000000,3227680,False
vnodes,scaleout,join_command_start,2026-09-22T14:18:56.507113+00:00,62.907690,1264,r-scylla2,4,10.47,1998233534,10427106853,781000000,2470000000,1220000000,2950000000,3227680,False
vnodes,scaleout,join_command_start,2026-09-22T14:18:56.507113+00:00,62.907690,1264,r-scylla3,4,11.43,2000381018,10427106853,861000000,2550000000,1410000000,3200000000,3227680,False
vnodes,scaleout,join_command_start,2026-09-22T14:18:56.507113+00:00,62.907690,1264,r-scylla4,4,14.02,197551718,10427106853,473000000,30900000,490000000,1350000000,3227680,False
vnodes,scaleout,join_command_start,2026-09-22T14:18:59.839979+00:00,66.240556,1265,r-scylla1,4,10.39,2093796557,10427106853,938000000,2470000000,1430000000,3110000000,3226252,False
vnodes,scaleout,join_command_start,2026-09-22T14:18:59.839979+00:00,66.240556,1265,r-scylla2,4,7.27,1997159793,10427106853,782000000,2470000000,1220000000,2950000000,3226252,False
vnodes,scaleout,join_command_start,2026-09-22T14:18:59.839979+00:00,66.240556,1265,r-scylla3,4,7.87,2000381018,10427106853,862000000,2550000000,1410000000,3200000000,3226252,False
vnodes,scaleout,join_command_start,2026-09-22T14:18:59.839979+00:00,66.240556,1265,r-scylla4,4,9.67,202375168,10427106853,474000000,34000000,503000000,1350000000,3226252,False
vnodes,scaleout,join_command_start,2026-09-22T14:19:03.142499+00:00,69.543076,1266,r-scylla1,4,8.84,2093796557,10427106853,939000000,2470000000,1430000000,3110000000,3221688,False
vnodes,scaleout,join_command_start,2026-09-22T14:19:03.142499+00:00,69.543076,1266,r-scylla2,4,9.56,1998233534,10427106853,783000000,2480000000,1220000000,2950000000,3221688,False
vnodes,scaleout,join_command_start,2026-09-22T14:19:03.142499+00:00,69.543076,1266,r-scylla3,4,9.59,2000381018,10427106853,862000000,2550000000,1410000000,3200000000,3221688,False
vnodes,scaleout,join_command_start,2026-09-22T14:19:03.142499+00:00,69.543076,1266,r-scylla4,4,7.92,203423744,10427106853,474000000,35200000,507000000,1350000000,3221688,False
vnodes,scaleout,join_command_start,2026-09-22T14:19:06.451118+00:00,72.851695,1267,r-scylla1,4,16.97,2093796557,10427106853,939000000,2470000000,1430000000,3110000000,3219864,False
vnodes,scaleout,join_command_start,2026-09-22T14:19:06.451118+00:00,72.851695,1267,r-scylla2,4,9.19,1997159793,10427106853,783000000,2480000000,1220000000,2950000000,3219864,False
vnodes,scaleout,join_command_start,2026-09-22T14:19:06.451118+00:00,72.851695,1267,r-scylla3,4,10.10,2000381018,10427106853,863000000,2560000000,1410000000,3200000000,3219864,False
vnodes,scaleout,join_command_start,2026-09-22T14:19:06.451118+00:00,72.851695,1267,r-scylla4,4,10.38,204996608,10427106853,475000000,37500000,512000000,1350000000,3219864,False
vnodes,scaleout,join_command_start,2026-09-22T14:19:09.747721+00:00,76.148298,1268,r-scylla1,4,15.64,2093796557,10427106853,940000000,2470000000,1430000000,3110000000,3208804,False
vnodes,scaleout,join_command_start,2026-09-22T14:19:09.747721+00:00,76.148298,1268,r-scylla2,4,8.18,1997159793,10427106853,784000000,2480000000,1220000000,2950000000,3208804,False
vnodes,scaleout,join_command_start,2026-09-22T14:19:09.747721+00:00,76.148298,1268,r-scylla3,4,9.61,2000381018,10427106853,863000000,2560000000,1410000000,3200000000,3208804,False
vnodes,scaleout,join_command_start,2026-09-22T14:19:09.747721+00:00,76.148298,1268,r-scylla4,4,12.43,208037478,10427106853,475000000,40000000,520000000,1350000000,3208804,False
vnodes,scaleout,join_command_start,2026-09-22T14:19:13.119813+00:00,79.520390,1269,r-scylla1,4,15.00,2093796557,10427106853,940000000,2480000000,1430000000,3110000000,3215700,False
vnodes,scaleout,join_command_start,2026-09-22T14:19:13.119813+00:00,79.520390,1269,r-scylla2,4,11.24,1997159793,10427106853,784000000,2480000000,1220000000,2950000000,3215700,False
vnodes,scaleout,join_command_start,2026-09-22T14:19:13.119813+00:00,79.520390,1269,r-scylla3,4,11.57,2000381018,10427106853,864000000,2560000000,1410000000,3200000000,3215700,False
vnodes,scaleout,join_command_start,2026-09-22T14:19:13.119813+00:00,79.520390,1269,r-scylla4,4,11.44,208981197,10427106853,476000000,41200000,524000000,1350000000,3215700,False
vnodes,scaleout,join_command_start,2026-09-22T14:19:16.473447+00:00,82.874024,1270,r-scylla1,4,14.87,2094870299,10427106853,941000000,2480000000,1430000000,3110000000,3220136,False
vnodes,scaleout,join_command_start,2026-09-22T14:19:16.473447+00:00,82.874024,1270,r-scylla2,4,9.89,1997159793,10427106853,784000000,2480000000,1220000000,2950000000,3220136,False
vnodes,scaleout,join_command_start,2026-09-22T14:19:16.473447+00:00,82.874024,1270,r-scylla3,4,8.40,2000381018,10427106853,864000000,2560000000,1410000000,3200000000,3220136,False
vnodes,scaleout,join_command_start,2026-09-22T14:19:16.473447+00:00,82.874024,1270,r-scylla4,4,10.95,211497779,10427106853,476000000,44100000,532000000,1350000000,3220136,False
vnodes,scaleout,join_command_start,2026-09-22T14:19:19.842116+00:00,86.242693,1271,r-scylla1,4,8.31,2093796557,10427106853,941000000,2480000000,1430000000,3110000000,3219124,False
vnodes,scaleout,join_command_start,2026-09-22T14:19:19.842116+00:00,86.242693,1271,r-scylla2,4,7.22,1998233534,10427106853,785000000,2490000000,1220000000,2950000000,3219124,False
vnodes,scaleout,join_command_start,2026-09-22T14:19:19.842116+00:00,86.242693,1271,r-scylla3,4,9.32,2001454760,10427106853,865000000,2560000000,1410000000,3200000000,3219124,False
vnodes,scaleout,join_command_start,2026-09-22T14:19:19.842116+00:00,86.242693,1271,r-scylla4,4,12.36,212965786,10427106853,477000000,45400000,536000000,1350000000,3219124,False
vnodes,scaleout,join_command_start,2026-09-22T14:19:23.137485+00:00,89.538062,1272,r-scylla1,4,18.29,2094870299,10427106853,942000000,2480000000,1430000000,3110000000,3212680,False
vnodes,scaleout,join_command_start,2026-09-22T14:19:23.137485+00:00,89.538062,1272,r-scylla2,4,8.80,1997159793,10427106853,785000000,2490000000,1220000000,2950000000,3212680,False
vnodes,scaleout,join_command_start,2026-09-22T14:19:23.137485+00:00,89.538062,1272,r-scylla3,4,9.60,2000381018,10427106853,865000000,2570000000,1410000000,3200000000,3212680,False
vnodes,scaleout,join_command_start,2026-09-22T14:19:23.137485+00:00,89.538062,1272,r-scylla4,4,11.78,214853222,10427106853,477000000,47300000,542000000,1350000000,3212680,False
vnodes,scaleout,join_command_start,2026-09-22T14:19:26.464598+00:00,92.865175,1273,r-scylla1,4,14.84,2100239008,10427106853,942000000,2490000000,1430000000,3110000000,3209108,False
vnodes,scaleout,join_command_start,2026-09-22T14:19:26.464598+00:00,92.865175,1273,r-scylla2,4,9.76,1998233534,10427106853,786000000,2490000000,1220000000,2950000000,3209108,False
vnodes,scaleout,join_command_start,2026-09-22T14:19:26.464598+00:00,92.865175,1273,r-scylla3,4,10.73,2000381018,10427106853,866000000,2570000000,1410000000,3200000000,3209108,False
vnodes,scaleout,join_command_start,2026-09-22T14:19:26.464598+00:00,92.865175,1273,r-scylla4,4,14.43,217055232,10427106853,478000000,49500000,548000000,1350000000,3209108,False
vnodes,scaleout,join_command_start,2026-09-22T14:19:29.900241+00:00,96.300818,1274,r-scylla1,4,16.39,2094870299,10427106853,943000000,2490000000,1430000000,3110000000,3207960,False
vnodes,scaleout,join_command_start,2026-09-22T14:19:29.900241+00:00,96.300818,1274,r-scylla2,4,8.81,1997159793,10427106853,786000000,2490000000,1220000000,2950000000,3207960,False
vnodes,scaleout,join_command_start,2026-09-22T14:19:29.900241+00:00,96.300818,1274,r-scylla3,4,10.01,2000381018,10427106853,866000000,2570000000,1410000000,3200000000,3207960,False
vnodes,scaleout,join_command_start,2026-09-22T14:19:29.900241+00:00,96.300818,1274,r-scylla4,4,13.28,219676672,10427106853,478000000,52000000,556000000,1350000000,3207960,False
vnodes,scaleout,join_command_start,2026-09-22T14:19:33.205185+00:00,99.605762,1275,r-scylla1,4,17.33,2093796557,10427106853,943000000,2490000000,1430000000,3110000000,3207348,False
vnodes,scaleout,join_command_start,2026-09-22T14:19:33.205185+00:00,99.605762,1275,r-scylla2,4,9.24,1998233534,10427106853,787000000,2490000000,1220000000,2950000000,3207348,False
vnodes,scaleout,join_command_start,2026-09-22T14:19:33.205185+00:00,99.605762,1275,r-scylla3,4,10.89,2000381018,10427106853,867000000,2570000000,1410000000,3200000000,3207348,False
vnodes,scaleout,join_command_start,2026-09-22T14:19:33.205185+00:00,99.605762,1275,r-scylla4,4,11.72,220410675,10427106853,479000000,53300000,560000000,1350000000,3207348,False
vnodes,scaleout,join_command_start,2026-09-22T14:19:36.574875+00:00,102.975452,1276,r-scylla1,4,8.13,2094870299,10427106853,944000000,2490000000,1430000000,3110000000,3202112,False
vnodes,scaleout,join_command_start,2026-09-22T14:19:36.574875+00:00,102.975452,1276,r-scylla2,4,7.40,1998233534,10427106853,787000000,2500000000,1220000000,2950000000,3202112,False
vnodes,scaleout,join_command_start,2026-09-22T14:19:36.574875+00:00,102.975452,1276,r-scylla3,4,8.20,2000381018,10427106853,867000000,2580000000,1410000000,3200000000,3202112,False
vnodes,scaleout,join_command_start,2026-09-22T14:19:36.574875+00:00,102.975452,1276,r-scylla4,4,14.61,222298112,10427106853,479000000,55600000,565000000,1350000000,3202112,False
vnodes,scaleout,join_command_start,2026-09-22T14:19:39.920222+00:00,106.320799,1277,r-scylla1,4,13.95,2093796557,10427106853,944000000,2490000000,1430000000,3110000000,3205084,False
vnodes,scaleout,join_command_start,2026-09-22T14:19:39.920222+00:00,106.320799,1277,r-scylla2,4,8.70,1997159793,10427106853,788000000,2500000000,1220000000,2950000000,3205084,False
vnodes,scaleout,join_command_start,2026-09-22T14:19:39.920222+00:00,106.320799,1277,r-scylla3,4,10.41,2000381018,10427106853,868000000,2580000000,1410000000,3200000000,3205084,False
vnodes,scaleout,join_command_start,2026-09-22T14:19:39.920222+00:00,106.320799,1277,r-scylla4,4,12.07,225024410,10427106853,480000000,58000000,573000000,1350000000,3205084,False
vnodes,scaleout,join_command_start,2026-09-22T14:19:43.289656+00:00,109.690233,1278,r-scylla1,4,8.84,2093796557,10427106853,945000000,2500000000,1430000000,3110000000,3201484,False
vnodes,scaleout,join_command_start,2026-09-22T14:19:43.289656+00:00,109.690233,1278,r-scylla2,4,8.59,1997159793,10427106853,788000000,2500000000,1220000000,2950000000,3201484,False
vnodes,scaleout,join_command_start,2026-09-22T14:19:43.289656+00:00,109.690233,1278,r-scylla3,4,9.25,2000381018,10427106853,869000000,2580000000,1410000000,3200000000,3201484,False
vnodes,scaleout,join_command_start,2026-09-22T14:19:43.289656+00:00,109.690233,1278,r-scylla4,4,11.06,226702131,10427106853,480000000,60300000,579000000,1350000000,3201484,False
vnodes,scaleout,join_command_start,2026-09-22T14:19:46.657525+00:00,113.058102,1279,r-scylla1,4,8.87,2094870299,10427106853,945000000,2500000000,1430000000,3110000000,3199492,False
vnodes,scaleout,join_command_start,2026-09-22T14:19:46.657525+00:00,113.058102,1279,r-scylla2,4,8.03,1997159793,10427106853,789000000,2500000000,1220000000,2950000000,3199492,False
vnodes,scaleout,join_command_start,2026-09-22T14:19:46.657525+00:00,113.058102,1279,r-scylla3,4,9.52,2000381018,10427106853,869000000,2580000000,1410000000,3200000000,3199492,False
vnodes,scaleout,join_command_start,2026-09-22T14:19:46.657525+00:00,113.058102,1279,r-scylla4,4,12.33,227960422,10427106853,481000000,61500000,583000000,1350000000,3199492,False
vnodes,scaleout,join_command_start,2026-09-22T14:19:49.964274+00:00,116.364851,1280,r-scylla1,4,19.71,2093796557,10427106853,946000000,2500000000,1430000000,3110000000,3200736,False
vnodes,scaleout,join_command_start,2026-09-22T14:19:49.964274+00:00,116.364851,1280,r-scylla2,4,7.89,1998233534,10427106853,789000000,2500000000,1220000000,2950000000,3200736,False
vnodes,scaleout,join_command_start,2026-09-22T14:19:49.964274+00:00,116.364851,1280,r-scylla3,4,10.25,2000381018,10427106853,870000000,2580000000,1410000000,3200000000,3200736,False
vnodes,scaleout,join_command_start,2026-09-22T14:19:49.964274+00:00,116.364851,1280,r-scylla4,4,12.56,230477005,10427106853,481000000,64100000,590000000,1350000000,3200736,False
vnodes,scaleout,join_command_start,2026-09-22T14:19:53.282624+00:00,119.683201,1281,r-scylla1,4,10.41,2093796557,10427106853,946000000,2500000000,1430000000,3110000000,3194184,False
vnodes,scaleout,join_command_start,2026-09-22T14:19:53.282624+00:00,119.683201,1281,r-scylla2,4,7.10,1997159793,10427106853,790000000,2510000000,1220000000,2960000000,3194184,False
vnodes,scaleout,join_command_start,2026-09-22T14:19:53.282624+00:00,119.683201,1281,r-scylla3,4,7.77,2000381018,10427106853,870000000,2590000000,1410000000,3200000000,3194184,False
vnodes,scaleout,join_command_start,2026-09-22T14:19:53.282624+00:00,119.683201,1281,r-scylla4,4,8.96,232364442,10427106853,482000000,65900000,596000000,1350000000,3194184,False
vnodes,scaleout,join_command_start,2026-09-22T14:19:56.612575+00:00,123.013152,1282,r-scylla1,4,7.82,2093796557,10427106853,947000000,2500000000,1430000000,3110000000,3195492,False
vnodes,scaleout,join_command_start,2026-09-22T14:19:56.612575+00:00,123.013152,1282,r-scylla2,4,7.09,1997159793,10427106853,790000000,2510000000,1220000000,2960000000,3195492,False
vnodes,scaleout,join_command_start,2026-09-22T14:19:56.612575+00:00,123.013152,1282,r-scylla3,4,8.31,2000381018,10427106853,871000000,2590000000,1410000000,3200000000,3195492,False
vnodes,scaleout,join_command_start,2026-09-22T14:19:56.612575+00:00,123.013152,1282,r-scylla4,4,9.70,234356736,10427106853,482000000,68200000,601000000,1350000000,3195492,False
vnodes,scaleout,join_command_start,2026-09-22T14:19:59.913016+00:00,126.313593,1283,r-scylla1,4,15.64,2094870299,10427106853,947000000,2510000000,1430000000,3110000000,3193416,False
vnodes,scaleout,join_command_start,2026-09-22T14:19:59.913016+00:00,126.313593,1283,r-scylla2,4,8.33,1998233534,10427106853,791000000,2510000000,1220000000,2960000000,3193416,False
vnodes,scaleout,join_command_start,2026-09-22T14:19:59.913016+00:00,126.313593,1283,r-scylla3,4,8.69,2000381018,10427106853,871000000,2590000000,1410000000,3200000000,3193416,False
vnodes,scaleout,join_command_start,2026-09-22T14:19:59.913016+00:00,126.313593,1283,r-scylla4,4,11.04,235615027,10427106853,482000000,69400000,605000000,1350000000,3193416,False
vnodes,scaleout,join_command_start,2026-09-22T14:20:03.265483+00:00,129.666060,1284,r-scylla1,4,10.05,2093796557,10427106853,948000000,2510000000,1430000000,3110000000,3194576,False
vnodes,scaleout,join_command_start,2026-09-22T14:20:03.265483+00:00,129.666060,1284,r-scylla2,4,10.42,1997159793,10427106853,791000000,2510000000,1220000000,2960000000,3194576,False
vnodes,scaleout,join_command_start,2026-09-22T14:20:03.265483+00:00,129.666060,1284,r-scylla3,4,10.48,2000381018,10427106853,872000000,2590000000,1410000000,3200000000,3194576,False
vnodes,scaleout,join_command_start,2026-09-22T14:20:03.265483+00:00,129.666060,1284,r-scylla4,4,14.16,237187891,10427106853,483000000,71300000,611000000,1350000000,3194576,False
vnodes,scaleout,join_command_start,2026-09-22T14:20:06.595378+00:00,132.995955,1285,r-scylla1,4,19.64,2093796557,10427106853,948000000,2510000000,1430000000,3110000000,3193056,False
vnodes,scaleout,join_command_start,2026-09-22T14:20:06.595378+00:00,132.995955,1285,r-scylla2,4,8.98,1997159793,10427106853,792000000,2510000000,1220000000,2960000000,3193056,False
vnodes,scaleout,join_command_start,2026-09-22T14:20:06.595378+00:00,132.995955,1285,r-scylla3,4,10.43,2000381018,10427106853,872000000,2590000000,1410000000,3200000000,3193056,False
vnodes,scaleout,join_command_start,2026-09-22T14:20:06.595378+00:00,132.995955,1285,r-scylla4,4,12.67,239389901,10427106853,483000000,73500000,616000000,1350000000,3193056,False
vnodes,scaleout,join_command_start,2026-09-22T14:20:09.921542+00:00,136.322119,1286,r-scylla1,4,13.06,2093796557,10427106853,949000000,2510000000,1430000000,3110000000,3190812,False
vnodes,scaleout,join_command_start,2026-09-22T14:20:09.921542+00:00,136.322119,1286,r-scylla2,4,9.11,1997159793,10427106853,792000000,2520000000,1220000000,2960000000,3190812,False
vnodes,scaleout,join_command_start,2026-09-22T14:20:09.921542+00:00,136.322119,1286,r-scylla3,4,10.06,2000381018,10427106853,873000000,2600000000,1410000000,3200000000,3190812,False
vnodes,scaleout,join_command_start,2026-09-22T14:20:09.921542+00:00,136.322119,1286,r-scylla4,4,13.55,241277338,10427106853,484000000,75500000,622000000,1350000000,3190812,False
vnodes,scaleout,join_command_start,2026-09-22T14:20:13.278412+00:00,139.678989,1287,r-scylla1,4,10.01,2093796557,10427106853,949000000,2510000000,1430000000,3110000000,3185712,False
vnodes,scaleout,join_command_start,2026-09-22T14:20:13.278412+00:00,139.678989,1287,r-scylla2,4,9.13,1997159793,10427106853,793000000,2520000000,1220000000,2960000000,3185712,False
vnodes,scaleout,join_command_start,2026-09-22T14:20:13.278412+00:00,139.678989,1287,r-scylla3,4,9.67,2000381018,10427106853,873000000,2600000000,1410000000,3200000000,3185712,False
vnodes,scaleout,join_command_start,2026-09-22T14:20:13.278412+00:00,139.678989,1287,r-scylla4,4,12.16,243689062,10427106853,484000000,77300000,628000000,1360000000,3185712,False
vnodes,scaleout,join_command_start,2026-09-22T14:20:16.558063+00:00,142.958640,1288,r-scylla1,4,16.10,2093796557,10427106853,950000000,2520000000,1430000000,3110000000,3184432,False
vnodes,scaleout,join_command_start,2026-09-22T14:20:16.558063+00:00,142.958640,1288,r-scylla2,4,8.68,1997159793,10427106853,793000000,2520000000,1220000000,2960000000,3184432,False
vnodes,scaleout,join_command_start,2026-09-22T14:20:16.558063+00:00,142.958640,1288,r-scylla3,4,9.51,2000381018,10427106853,874000000,2600000000,1410000000,3200000000,3184432,False
vnodes,scaleout,join_command_start,2026-09-22T14:20:16.558063+00:00,142.958640,1288,r-scylla4,4,13.73,245052211,10427106853,485000000,79600000,634000000,1360000000,3184432,False
vnodes,scaleout,join_command_start,2026-09-22T14:20:19.890849+00:00,146.291426,1289,r-scylla1,4,9.55,2093796557,10427106853,950000000,2520000000,1430000000,3110000000,3185232,False
vnodes,scaleout,join_command_start,2026-09-22T14:20:19.890849+00:00,146.291426,1289,r-scylla2,4,9.16,1997159793,10427106853,794000000,2520000000,1220000000,2960000000,3185232,False
vnodes,scaleout,join_command_start,2026-09-22T14:20:19.890849+00:00,146.291426,1289,r-scylla3,4,10.03,2000381018,10427106853,874000000,2600000000,1410000000,3200000000,3185232,False
vnodes,scaleout,join_command_start,2026-09-22T14:20:19.890849+00:00,146.291426,1289,r-scylla4,4,12.82,246834790,10427106853,485000000,81400000,639000000,1360000000,3185232,False
vnodes,scaleout,join_command_start,2026-09-22T14:20:23.198262+00:00,149.598839,1290,r-scylla1,4,10.01,2093796557,10427106853,951000000,2520000000,1430000000,3110000000,3183808,False
vnodes,scaleout,join_command_start,2026-09-22T14:20:23.198262+00:00,149.598839,1290,r-scylla2,4,9.45,1997159793,10427106853,794000000,2520000000,1220000000,2960000000,3183808,False
vnodes,scaleout,join_command_start,2026-09-22T14:20:23.198262+00:00,149.598839,1290,r-scylla3,4,10.61,2000381018,10427106853,875000000,2600000000,1410000000,3200000000,3183808,False
vnodes,scaleout,join_command_start,2026-09-22T14:20:23.198262+00:00,149.598839,1290,r-scylla4,4,11.97,248617370,10427106853,486000000,83300000,645000000,1360000000,3183808,False
vnodes,scaleout,join_command_start,2026-09-22T14:20:26.541036+00:00,152.941613,1291,r-scylla1,4,25.97,2101312750,10427106853,951000000,2520000000,1430000000,3110000000,3179136,False
vnodes,scaleout,join_command_start,2026-09-22T14:20:26.541036+00:00,152.941613,1291,r-scylla2,4,9.68,1997159793,10427106853,794000000,2530000000,1220000000,2960000000,3179136,False
vnodes,scaleout,join_command_start,2026-09-22T14:20:26.541036+00:00,152.941613,1291,r-scylla3,4,10.30,2000381018,10427106853,875000000,2610000000,1410000000,3200000000,3179136,False
vnodes,scaleout,join_command_start,2026-09-22T14:20:26.541036+00:00,152.941613,1291,r-scylla4,4,13.62,251029094,10427106853,487000000,86200000,652000000,1360000000,3179136,False
vnodes,scaleout,join_command_start,2026-09-22T14:20:29.905962+00:00,156.306539,1292,r-scylla1,4,12.52,2093796557,10427106853,952000000,2520000000,1430000000,3110000000,3177520,False
vnodes,scaleout,join_command_start,2026-09-22T14:20:29.905962+00:00,156.306539,1292,r-scylla2,4,6.10,1997159793,10427106853,795000000,2530000000,1220000000,2960000000,3177520,False
vnodes,scaleout,join_command_start,2026-09-22T14:20:29.905962+00:00,156.306539,1292,r-scylla3,4,6.42,2000381018,10427106853,876000000,2610000000,1410000000,3200000000,3177520,False
vnodes,scaleout,join_command_start,2026-09-22T14:20:29.905962+00:00,156.306539,1292,r-scylla4,4,7.25,252497101,10427106853,487000000,88000000,656000000,1360000000,3177520,False
vnodes,scaleout,join_command_start,2026-09-22T14:20:33.219460+00:00,159.620037,1293,r-scylla1,4,16.07,2094870299,10427106853,952000000,2530000000,1430000000,3110000000,3174520,False
vnodes,scaleout,join_command_start,2026-09-22T14:20:33.219460+00:00,159.620037,1293,r-scylla2,4,8.12,1997159793,10427106853,796000000,2530000000,1220000000,2960000000,3174520,False
vnodes,scaleout,join_command_start,2026-09-22T14:20:33.219460+00:00,159.620037,1293,r-scylla3,4,9.35,2000381018,10427106853,876000000,2610000000,1410000000,3200000000,3174520,False
vnodes,scaleout,join_command_start,2026-09-22T14:20:33.219460+00:00,159.620037,1293,r-scylla4,4,11.18,253965107,10427106853,487000000,89400000,662000000,1360000000,3174520,False
vnodes,scaleout,join_command_start,2026-09-22T14:20:36.585304+00:00,162.985881,1294,r-scylla1,4,12.86,2101312750,10427106853,953000000,2530000000,1430000000,3110000000,3166080,False
vnodes,scaleout,join_command_start,2026-09-22T14:20:36.585304+00:00,162.985881,1294,r-scylla2,4,7.88,1997159793,10427106853,796000000,2530000000,1220000000,2960000000,3166080,False
vnodes,scaleout,join_command_start,2026-09-22T14:20:36.585304+00:00,162.985881,1294,r-scylla3,4,9.09,2000381018,10427106853,877000000,2610000000,1410000000,3200000000,3166080,False
vnodes,scaleout,join_command_start,2026-09-22T14:20:36.585304+00:00,162.985881,1294,r-scylla4,4,11.05,256691405,10427106853,488000000,92300000,669000000,1360000000,3166080,False
vnodes,scaleout,join_command_start,2026-09-22T14:20:39.998830+00:00,166.399407,1295,r-scylla1,4,18.57,2093796557,10427106853,953000000,2530000000,1430000000,3110000000,3175908,False
vnodes,scaleout,join_command_start,2026-09-22T14:20:39.998830+00:00,166.399407,1295,r-scylla2,4,8.14,1997159793,10427106853,797000000,2530000000,1220000000,2960000000,3175908,False
vnodes,scaleout,join_command_start,2026-09-22T14:20:39.998830+00:00,166.399407,1295,r-scylla3,4,9.80,2000381018,10427106853,878000000,2610000000,1410000000,3200000000,3175908,False
vnodes,scaleout,join_command_start,2026-09-22T14:20:39.998830+00:00,166.399407,1295,r-scylla4,4,10.44,258788557,10427106853,488000000,94200000,675000000,1360000000,3175908,False
vnodes,scaleout,join_command_start,2026-09-22T14:20:43.371114+00:00,169.771691,1296,r-scylla1,4,23.50,2093796557,10427106853,954000000,2530000000,1430000000,3120000000,3173572,False
vnodes,scaleout,join_command_start,2026-09-22T14:20:43.371114+00:00,169.771691,1296,r-scylla2,4,9.40,1997159793,10427106853,797000000,2540000000,1220000000,2960000000,3173572,False
vnodes,scaleout,join_command_start,2026-09-22T14:20:43.371114+00:00,169.771691,1296,r-scylla3,4,11.83,2000381018,10427106853,878000000,2620000000,1410000000,3210000000,3173572,False
vnodes,scaleout,join_command_start,2026-09-22T14:20:43.371114+00:00,169.771691,1296,r-scylla4,4,15.01,260466278,10427106853,489000000,96500000,680000000,1360000000,3173572,False
vnodes,scaleout,join_command_start,2026-09-22T14:20:46.743845+00:00,173.144422,1297,r-scylla1,4,9.17,2093796557,10427106853,954000000,2540000000,1430000000,3120000000,3167480,False
vnodes,scaleout,join_command_start,2026-09-22T14:20:46.743845+00:00,173.144422,1297,r-scylla2,4,8.18,1997159793,10427106853,797000000,2540000000,1220000000,2960000000,3167480,False
vnodes,scaleout,join_command_start,2026-09-22T14:20:46.743845+00:00,173.144422,1297,r-scylla3,4,9.38,2001454760,10427106853,879000000,2620000000,1410000000,3210000000,3167480,False
vnodes,scaleout,join_command_start,2026-09-22T14:20:46.743845+00:00,173.144422,1297,r-scylla4,4,11.43,262144000,10427106853,489000000,98300000,686000000,1360000000,3167480,False
vnodes,scaleout,join_command_start,2026-09-22T14:20:49.778155+00:00,176.178732,1298,r-scylla1,4,15.55,2093796557,10427106853,955000000,2540000000,1430000000,3120000000,3164836,False
vnodes,scaleout,join_command_start,2026-09-22T14:20:49.778155+00:00,176.178732,1298,r-scylla2,4,7.93,1997159793,10427106853,798000000,2540000000,1220000000,2960000000,3164836,False
vnodes,scaleout,join_command_start,2026-09-22T14:20:49.778155+00:00,176.178732,1298,r-scylla3,4,7.97,2000381018,10427106853,879000000,2620000000,1410000000,3210000000,3164836,False
vnodes,scaleout,join_command_start,2026-09-22T14:20:49.778155+00:00,176.178732,1298,r-scylla4,4,10.83,263716864,10427106853,490000000,100000000,691000000,1360000000,3164836,False
vnodes,scaleout,join_command_start,2026-09-22T14:20:53.147976+00:00,179.548553,1299,r-scylla1,4,14.67,2101312750,10427106853,955000000,2540000000,1430000000,3120000000,3155620,False
vnodes,scaleout,join_command_start,2026-09-22T14:20:53.147976+00:00,179.548553,1299,r-scylla2,4,9.84,1997159793,10427106853,798000000,2540000000,1220000000,2960000000,3155620,False
vnodes,scaleout,join_command_start,2026-09-22T14:20:53.147976+00:00,179.548553,1299,r-scylla3,4,10.83,2000381018,10427106853,880000000,2620000000,1410000000,3210000000,3155620,False
vnodes,scaleout,join_command_start,2026-09-22T14:20:53.147976+00:00,179.548553,1299,r-scylla4,4,12.34,266128589,10427106853,490000000,102000000,697000000,1360000000,3155620,False
vnodes,scaleout,join_command_start,2026-09-22T14:20:56.489589+00:00,182.890166,1300,r-scylla1,4,8.17,2093796557,10427106853,956000000,2540000000,1430000000,3120000000,3158276,False
vnodes,scaleout,join_command_start,2026-09-22T14:20:56.489589+00:00,182.890166,1300,r-scylla2,4,8.02,1997159793,10427106853,799000000,2540000000,1220000000,2960000000,3158276,False
vnodes,scaleout,join_command_start,2026-09-22T14:20:56.489589+00:00,182.890166,1300,r-scylla3,4,8.84,2001454760,10427106853,880000000,2630000000,1410000000,3210000000,3158276,False
vnodes,scaleout,join_command_start,2026-09-22T14:20:56.489589+00:00,182.890166,1300,r-scylla4,4,12.07,266862592,10427106853,491000000,104000000,701000000,1360000000,3158276,False
vnodes,scaleout,join_command_start,2026-09-22T14:20:59.805214+00:00,186.205791,1301,r-scylla1,4,19.06,2094870299,10427106853,956000000,2540000000,1430000000,3120000000,3157320,False
vnodes,scaleout,join_command_start,2026-09-22T14:20:59.805214+00:00,186.205791,1301,r-scylla2,4,8.78,1997159793,10427106853,799000000,2550000000,1220000000,2960000000,3157320,False
vnodes,scaleout,join_command_start,2026-09-22T14:20:59.805214+00:00,186.205791,1301,r-scylla3,4,10.40,2000381018,10427106853,881000000,2630000000,1410000000,3210000000,3157320,False
vnodes,scaleout,join_command_start,2026-09-22T14:20:59.805214+00:00,186.205791,1301,r-scylla4,4,12.25,269274317,10427106853,491000000,106000000,708000000,1360000000,3157320,False
vnodes,scaleout,join_command_start,2026-09-22T14:21:03.233071+00:00,189.633648,1302,r-scylla1,4,9.91,2093796557,10427106853,957000000,2550000000,1430000000,3120000000,3153432,False
vnodes,scaleout,join_command_start,2026-09-22T14:21:03.233071+00:00,189.633648,1302,r-scylla2,4,10.88,1998233534,10427106853,800000000,2550000000,1220000000,2960000000,3153432,False
vnodes,scaleout,join_command_start,2026-09-22T14:21:03.233071+00:00,189.633648,1302,r-scylla3,4,10.59,2001454760,10427106853,881000000,2630000000,1410000000,3210000000,3153432,False
vnodes,scaleout,join_command_start,2026-09-22T14:21:03.233071+00:00,189.633648,1302,r-scylla4,4,12.89,270952038,10427106853,492000000,107000000,712000000,1360000000,3153432,False
vnodes,scaleout,join_command_start,2026-09-22T14:21:06.594369+00:00,192.994946,1303,r-scylla1,4,13.02,2093796557,10427106853,957000000,2550000000,1430000000,3120000000,3149860,False
vnodes,scaleout,join_command_start,2026-09-22T14:21:06.594369+00:00,192.994946,1303,r-scylla2,4,9.92,1997159793,10427106853,800000000,2550000000,1220000000,2960000000,3149860,False
vnodes,scaleout,join_command_start,2026-09-22T14:21:06.594369+00:00,192.994946,1303,r-scylla3,4,10.28,2000381018,10427106853,882000000,2630000000,1410000000,3210000000,3149860,False
vnodes,scaleout,join_command_start,2026-09-22T14:21:06.594369+00:00,192.994946,1303,r-scylla4,4,12.18,272839475,10427106853,492000000,110000000,718000000,1360000000,3149860,False
vnodes,scaleout,join_command_start,2026-09-22T14:21:09.979585+00:00,196.380162,1304,r-scylla1,4,16.45,2094870299,10427106853,958000000,2550000000,1430000000,3120000000,3149692,False
vnodes,scaleout,join_command_start,2026-09-22T14:21:09.979585+00:00,196.380162,1304,r-scylla2,4,7.65,1998233534,10427106853,801000000,2550000000,1220000000,2960000000,3149692,False
vnodes,scaleout,join_command_start,2026-09-22T14:21:09.979585+00:00,196.380162,1304,r-scylla3,4,8.87,2000381018,10427106853,882000000,2630000000,1410000000,3210000000,3149692,False
vnodes,scaleout,join_command_start,2026-09-22T14:21:09.979585+00:00,196.380162,1304,r-scylla4,4,10.02,274412339,10427106853,493000000,112000000,723000000,1360000000,3149692,False
vnodes,scaleout,join_command_start,2026-09-22T14:21:13.342996+00:00,199.743573,1305,r-scylla1,4,8.92,2093796557,10427106853,959000000,2550000000,1430000000,3120000000,3147644,False
vnodes,scaleout,join_command_start,2026-09-22T14:21:13.342996+00:00,199.743573,1305,r-scylla2,4,8.09,1998233534,10427106853,801000000,2550000000,1220000000,2960000000,3147644,False
vnodes,scaleout,join_command_start,2026-09-22T14:21:13.342996+00:00,199.743573,1305,r-scylla3,4,8.59,2000381018,10427106853,883000000,2640000000,1410000000,3210000000,3147644,False
vnodes,scaleout,join_command_start,2026-09-22T14:21:13.342996+00:00,199.743573,1305,r-scylla4,4,12.33,276299776,10427106853,493000000,114000000,729000000,1360000000,3147644,False
vnodes,scaleout,join_command_start,2026-09-22T14:21:16.692319+00:00,203.092896,1306,r-scylla1,4,14.25,2094870299,10427106853,959000000,2550000000,1430000000,3120000000,3151496,False
vnodes,scaleout,join_command_start,2026-09-22T14:21:16.692319+00:00,203.092896,1306,r-scylla2,4,7.31,1997159793,10427106853,802000000,2560000000,1220000000,2960000000,3151496,False
vnodes,scaleout,join_command_start,2026-09-22T14:21:16.692319+00:00,203.092896,1306,r-scylla3,4,9.25,2001454760,10427106853,883000000,2640000000,1410000000,3210000000,3151496,False
vnodes,scaleout,join_command_start,2026-09-22T14:21:16.692319+00:00,203.092896,1306,r-scylla4,4,10.49,278396928,10427106853,494000000,116000000,735000000,1360000000,3151496,False
vnodes,scaleout,join_command_start,2026-09-22T14:21:20.035318+00:00,206.435895,1307,r-scylla1,4,16.45,2098091524,10427106853,960000000,2560000000,1430000000,3120000000,3136680,False
vnodes,scaleout,join_command_start,2026-09-22T14:21:20.035318+00:00,206.435895,1307,r-scylla2,4,14.65,1997159793,10427106853,802000000,2560000000,1220000000,2960000000,3136680,False
vnodes,scaleout,join_command_start,2026-09-22T14:21:20.035318+00:00,206.435895,1307,r-scylla3,4,15.51,2007897211,10427106853,884000000,2640000000,1410000000,3210000000,3136680,False
vnodes,scaleout,join_command_start,2026-09-22T14:21:20.035318+00:00,206.435895,1307,r-scylla4,4,10.88,279864934,10427106853,494000000,118000000,740000000,1360000000,3136680,False
vnodes,scaleout,join_command_start,2026-09-22T14:21:23.385240+00:00,209.785817,1308,r-scylla1,4,9.94,2093796557,10427106853,960000000,2560000000,1430000000,3120000000,3147332,False
vnodes,scaleout,join_command_start,2026-09-22T14:21:23.385240+00:00,209.785817,1308,r-scylla2,4,9.13,1997159793,10427106853,803000000,2560000000,1220000000,2960000000,3147332,False
vnodes,scaleout,join_command_start,2026-09-22T14:21:23.385240+00:00,209.785817,1308,r-scylla3,4,8.96,2000381018,10427106853,884000000,2640000000,1410000000,3210000000,3147332,False
vnodes,scaleout,join_command_start,2026-09-22T14:21:23.385240+00:00,209.785817,1308,r-scylla4,4,11.17,282171802,10427106853,495000000,121000000,747000000,1360000000,3147332,False
vnodes,scaleout,join_command_start,2026-09-22T14:21:26.765565+00:00,213.166142,1309,r-scylla1,4,8.93,2093796557,10427106853,960000000,2560000000,1430000000,3120000000,3144900,False
vnodes,scaleout,join_command_start,2026-09-22T14:21:26.765565+00:00,213.166142,1309,r-scylla2,4,8.60,1997159793,10427106853,803000000,2560000000,1220000000,2960000000,3144900,False
vnodes,scaleout,join_command_start,2026-09-22T14:21:26.765565+00:00,213.166142,1309,r-scylla3,4,9.36,2000381018,10427106853,885000000,2640000000,1410000000,3210000000,3144900,False
vnodes,scaleout,join_command_start,2026-09-22T14:21:26.765565+00:00,213.166142,1309,r-scylla4,4,11.30,284478669,10427106853,495000000,122000000,753000000,1360000000,3144900,False
vnodes,scaleout,join_command_start,2026-09-22T14:21:30.169504+00:00,216.570081,1310,r-scylla1,4,9.31,2093796557,10427106853,961000000,2560000000,1430000000,3120000000,3139812,False
vnodes,scaleout,join_command_start,2026-09-22T14:21:30.169504+00:00,216.570081,1310,r-scylla2,4,9.42,1997159793,10427106853,804000000,2560000000,1220000000,2960000000,3139812,False
vnodes,scaleout,join_command_start,2026-09-22T14:21:30.169504+00:00,216.570081,1310,r-scylla3,4,9.35,2000381018,10427106853,886000000,2650000000,1410000000,3210000000,3139812,False
vnodes,scaleout,join_command_start,2026-09-22T14:21:30.169504+00:00,216.570081,1310,r-scylla4,4,11.97,285212672,10427106853,496000000,124000000,756000000,1360000000,3139812,False
vnodes,scaleout,join_command_start,2026-09-22T14:21:33.510237+00:00,219.910814,1311,r-scylla1,4,17.54,2093796557,10427106853,962000000,2560000000,1430000000,3120000000,3137568,False
vnodes,scaleout,join_command_start,2026-09-22T14:21:33.510237+00:00,219.910814,1311,r-scylla2,4,9.27,1997159793,10427106853,804000000,2570000000,1220000000,2960000000,3137568,False
vnodes,scaleout,join_command_start,2026-09-22T14:21:33.510237+00:00,219.910814,1311,r-scylla3,4,9.87,2000381018,10427106853,886000000,2650000000,1410000000,3210000000,3137568,False
vnodes,scaleout,join_command_start,2026-09-22T14:21:33.510237+00:00,219.910814,1311,r-scylla4,4,11.54,286995251,10427106853,496000000,126000000,762000000,1360000000,3137568,False
vnodes,scaleout,join_command_start,2026-09-22T14:21:36.838777+00:00,223.239354,1312,r-scylla1,4,14.60,2093796557,10427106853,962000000,2570000000,1430000000,3120000000,3136148,False
vnodes,scaleout,join_command_start,2026-09-22T14:21:36.838777+00:00,223.239354,1312,r-scylla2,4,7.95,1997159793,10427106853,805000000,2570000000,1220000000,2960000000,3136148,False
vnodes,scaleout,join_command_start,2026-09-22T14:21:36.838777+00:00,223.239354,1312,r-scylla3,4,7.83,2000381018,10427106853,887000000,2650000000,1410000000,3210000000,3136148,False
vnodes,scaleout,join_command_start,2026-09-22T14:21:36.838777+00:00,223.239354,1312,r-scylla4,4,13.73,289092403,10427106853,497000000,128000000,767000000,1360000000,3136148,False
vnodes,scaleout,join_command_start,2026-09-22T14:21:40.216939+00:00,226.617516,1313,r-scylla1,4,9.19,2094870299,10427106853,963000000,2570000000,1430000000,3120000000,3136408,False
vnodes,scaleout,join_command_start,2026-09-22T14:21:40.216939+00:00,226.617516,1313,r-scylla2,4,8.29,1998233534,10427106853,805000000,2570000000,1220000000,2960000000,3136408,False
vnodes,scaleout,join_command_start,2026-09-22T14:21:40.216939+00:00,226.617516,1313,r-scylla3,4,9.45,2000381018,10427106853,887000000,2650000000,1410000000,3210000000,3136408,False
vnodes,scaleout,join_command_start,2026-09-22T14:21:40.216939+00:00,226.617516,1313,r-scylla4,4,10.71,290874982,10427106853,497000000,130000000,772000000,1360000000,3136408,False
vnodes,scaleout,join_command_start,2026-09-22T14:21:43.603369+00:00,230.003946,1314,r-scylla1,4,17.80,2093796557,10427106853,963000000,2570000000,1430000000,3120000000,3134336,False
vnodes,scaleout,join_command_start,2026-09-22T14:21:43.603369+00:00,230.003946,1314,r-scylla2,4,9.87,1997159793,10427106853,806000000,2570000000,1220000000,2960000000,3134336,False
vnodes,scaleout,join_command_start,2026-09-22T14:21:43.603369+00:00,230.003946,1314,r-scylla3,4,10.93,2000381018,10427106853,888000000,2650000000,1410000000,3210000000,3134336,False
vnodes,scaleout,join_command_start,2026-09-22T14:21:43.603369+00:00,230.003946,1314,r-scylla4,4,12.16,293286707,10427106853,498000000,132000000,778000000,1360000000,3134336,False
vnodes,scaleout,join_command_start,2026-09-22T14:21:46.967127+00:00,233.367704,1315,r-scylla1,4,13.48,2100239008,10427106853,964000000,2570000000,1430000000,3120000000,3128144,False
vnodes,scaleout,join_command_start,2026-09-22T14:21:46.967127+00:00,233.367704,1315,r-scylla2,4,8.09,1997159793,10427106853,806000000,2570000000,1220000000,2960000000,3128144,False
vnodes,scaleout,join_command_start,2026-09-22T14:21:46.967127+00:00,233.367704,1315,r-scylla3,4,8.31,2000381018,10427106853,888000000,2660000000,1410000000,3210000000,3128144,False
vnodes,scaleout,join_command_start,2026-09-22T14:21:46.967127+00:00,233.367704,1315,r-scylla4,4,12.15,295069286,10427106853,498000000,134000000,783000000,1360000000,3128144,False
vnodes,scaleout,join_command_start,2026-09-22T14:21:50.310081+00:00,236.710658,1316,r-scylla1,4,8.03,2093796557,10427106853,964000000,2580000000,1430000000,3120000000,3131176,False
vnodes,scaleout,join_command_start,2026-09-22T14:21:50.310081+00:00,236.710658,1316,r-scylla2,4,8.92,1997159793,10427106853,807000000,2580000000,1220000000,2960000000,3131176,False
vnodes,scaleout,join_command_start,2026-09-22T14:21:50.310081+00:00,236.710658,1316,r-scylla3,4,9.55,2000381018,10427106853,889000000,2660000000,1410000000,3210000000,3131176,False
vnodes,scaleout,join_command_start,2026-09-22T14:21:50.310081+00:00,236.710658,1316,r-scylla4,4,12.23,296013005,10427106853,499000000,136000000,789000000,1360000000,3131176,False
vnodes,scaleout,join_command_start,2026-09-22T14:21:53.637190+00:00,240.037767,1317,r-scylla1,4,18.61,2093796557,10427106853,965000000,2580000000,1430000000,3120000000,3126944,False
vnodes,scaleout,join_command_start,2026-09-22T14:21:53.637190+00:00,240.037767,1317,r-scylla2,4,9.30,1997159793,10427106853,807000000,2580000000,1220000000,2960000000,3126944,False
vnodes,scaleout,join_command_start,2026-09-22T14:21:53.637190+00:00,240.037767,1317,r-scylla3,4,10.28,2000381018,10427106853,889000000,2660000000,1410000000,3210000000,3126944,False
vnodes,scaleout,join_command_start,2026-09-22T14:21:53.637190+00:00,240.037767,1317,r-scylla4,4,10.28,297900442,10427106853,499000000,138000000,794000000,1360000000,3126944,False
vnodes,scaleout,join_command_start,2026-09-22T14:21:57.011185+00:00,243.411762,1318,r-scylla1,4,9.91,2094870299,10427106853,965000000,2580000000,1430000000,3120000000,3117924,False
vnodes,scaleout,join_command_start,2026-09-22T14:21:57.011185+00:00,243.411762,1318,r-scylla2,4,10.40,1997159793,10427106853,808000000,2580000000,1220000000,2960000000,3117924,False
vnodes,scaleout,join_command_start,2026-09-22T14:21:57.011185+00:00,243.411762,1318,r-scylla3,4,11.03,2000381018,10427106853,890000000,2660000000,1410000000,3210000000,3117924,False
vnodes,scaleout,join_command_start,2026-09-22T14:21:57.011185+00:00,243.411762,1318,r-scylla4,4,14.31,299997594,10427106853,500000000,140000000,799000000,1360000000,3117924,False
vnodes,scaleout,join_command_start,2026-09-22T14:22:00.431600+00:00,246.832177,1319,r-scylla1,4,11.07,2094870299,10427106853,966000000,2580000000,1430000000,3120000000,3125396,False
vnodes,scaleout,join_command_start,2026-09-22T14:22:00.431600+00:00,246.832177,1319,r-scylla2,4,9.63,1997159793,10427106853,808000000,2580000000,1220000000,2960000000,3125396,False
vnodes,scaleout,join_command_start,2026-09-22T14:22:00.431600+00:00,246.832177,1319,r-scylla3,4,11.31,2000381018,10427106853,890000000,2660000000,1410000000,3210000000,3125396,False
vnodes,scaleout,join_command_start,2026-09-22T14:22:00.431600+00:00,246.832177,1319,r-scylla4,4,14.60,301780173,10427106853,500000000,142000000,805000000,1360000000,3125396,False
vnodes,scaleout,join_command_start,2026-09-22T14:22:03.797927+00:00,250.198504,1320,r-scylla1,4,18.19,2093796557,10427106853,966000000,2580000000,1430000000,3120000000,3122228,False
vnodes,scaleout,join_command_start,2026-09-22T14:22:03.797927+00:00,250.198504,1320,r-scylla2,4,8.27,1997159793,10427106853,809000000,2580000000,1220000000,2960000000,3122228,False
vnodes,scaleout,join_command_start,2026-09-22T14:22:03.797927+00:00,250.198504,1320,r-scylla3,4,9.83,2000381018,10427106853,891000000,2670000000,1410000000,3210000000,3122228,False
vnodes,scaleout,join_command_start,2026-09-22T14:22:03.797927+00:00,250.198504,1320,r-scylla4,4,11.40,303353037,10427106853,501000000,144000000,810000000,1360000000,3122228,False
vnodes,scaleout,join_command_start,2026-09-22T14:22:07.194874+00:00,253.595451,1321,r-scylla1,4,18.03,2093796557,10427106853,966000000,2580000000,1430000000,3120000000,3118984,False
vnodes,scaleout,join_command_start,2026-09-22T14:22:07.194874+00:00,253.595451,1321,r-scylla2,4,7.44,1997159793,10427106853,809000000,2590000000,1220000000,2960000000,3118984,False
vnodes,scaleout,join_command_start,2026-09-22T14:22:07.194874+00:00,253.595451,1321,r-scylla3,4,8.06,2000381018,10427106853,891000000,2670000000,1410000000,3210000000,3118984,False
vnodes,scaleout,join_command_start,2026-09-22T14:22:07.194874+00:00,253.595451,1321,r-scylla4,4,11.13,306289050,10427106853,501000000,147000000,817000000,1360000000,3118984,False
vnodes,scaleout,join_command_start,2026-09-22T14:22:10.498910+00:00,256.899487,1322,r-scylla1,4,22.33,2093796557,10427106853,967000000,2590000000,1430000000,3120000000,3119092,False
vnodes,scaleout,join_command_start,2026-09-22T14:22:10.498910+00:00,256.899487,1322,r-scylla2,4,10.86,1998233534,10427106853,810000000,2590000000,1220000000,2960000000,3119092,False
vnodes,scaleout,join_command_start,2026-09-22T14:22:10.498910+00:00,256.899487,1322,r-scylla3,4,12.13,2000381018,10427106853,892000000,2670000000,1410000000,3210000000,3119092,False
vnodes,scaleout,join_command_start,2026-09-22T14:22:10.498910+00:00,256.899487,1322,r-scylla4,4,13.17,307023053,10427106853,502000000,148000000,821000000,1360000000,3119092,False
vnodes,scaleout,join_command_start,2026-09-22T14:22:14.010822+00:00,260.411399,1323,r-scylla1,4,17.10,2100239008,10427106853,968000000,2590000000,1430000000,3120000000,3112640,False
vnodes,scaleout,join_command_start,2026-09-22T14:22:14.010822+00:00,260.411399,1323,r-scylla2,4,9.04,1997159793,10427106853,810000000,2590000000,1220000000,2960000000,3112640,False
vnodes,scaleout,join_command_start,2026-09-22T14:22:14.010822+00:00,260.411399,1323,r-scylla3,4,10.54,2000381018,10427106853,892000000,2670000000,1410000000,3210000000,3112640,False
vnodes,scaleout,join_command_start,2026-09-22T14:22:14.010822+00:00,260.411399,1323,r-scylla4,4,13.18,308805632,10427106853,502000000,150000000,827000000,1360000000,3112640,False
vnodes,scaleout,join_command_start,2026-09-22T14:22:17.358978+00:00,263.759555,1324,r-scylla1,4,9.44,2093796557,10427106853,968000000,2590000000,1430000000,3120000000,3116984,False
vnodes,scaleout,join_command_start,2026-09-22T14:22:17.358978+00:00,263.759555,1324,r-scylla2,4,8.17,1997159793,10427106853,811000000,2590000000,1220000000,2960000000,3116984,False
vnodes,scaleout,join_command_start,2026-09-22T14:22:17.358978+00:00,263.759555,1324,r-scylla3,4,8.43,2000381018,10427106853,893000000,2680000000,1410000000,3210000000,3116984,False
vnodes,scaleout,join_command_start,2026-09-22T14:22:17.358978+00:00,263.759555,1324,r-scylla4,4,12.35,310902784,10427106853,503000000,153000000,832000000,1360000000,3116984,False
vnodes,scaleout,join_command_start,2026-09-22T14:22:20.677770+00:00,267.078347,1325,r-scylla1,4,16.00,2094870299,10427106853,969000000,2590000000,1430000000,3120000000,3113336,False
vnodes,scaleout,join_command_start,2026-09-22T14:22:20.677770+00:00,267.078347,1325,r-scylla2,4,9.79,1997159793,10427106853,811000000,2590000000,1220000000,2960000000,3113336,False
vnodes,scaleout,join_command_start,2026-09-22T14:22:20.677770+00:00,267.078347,1325,r-scylla3,4,9.43,2000381018,10427106853,894000000,2680000000,1410000000,3210000000,3113336,False
vnodes,scaleout,join_command_start,2026-09-22T14:22:20.677770+00:00,267.078347,1325,r-scylla4,4,10.64,312370790,10427106853,503000000,154000000,837000000,1360000000,3113336,False
vnodes,scaleout,join_command_start,2026-09-22T14:22:24.055079+00:00,270.455656,1326,r-scylla1,4,9.55,2093796557,10427106853,969000000,2600000000,1430000000,3120000000,3112208,False
vnodes,scaleout,join_command_start,2026-09-22T14:22:24.055079+00:00,270.455656,1326,r-scylla2,4,9.01,1997159793,10427106853,811000000,2600000000,1220000000,2960000000,3112208,False
vnodes,scaleout,join_command_start,2026-09-22T14:22:24.055079+00:00,270.455656,1326,r-scylla3,4,9.42,2000381018,10427106853,894000000,2680000000,1410000000,3210000000,3112208,False
vnodes,scaleout,join_command_start,2026-09-22T14:22:24.055079+00:00,270.455656,1326,r-scylla4,4,11.15,314677658,10427106853,504000000,157000000,844000000,1360000000,3112208,False
vnodes,scaleout,join_command_start,2026-09-22T14:22:27.379123+00:00,273.779700,1327,r-scylla1,4,11.70,2093796557,10427106853,970000000,2600000000,1430000000,3120000000,3111284,False
vnodes,scaleout,join_command_start,2026-09-22T14:22:27.379123+00:00,273.779700,1327,r-scylla2,4,8.46,1997159793,10427106853,812000000,2600000000,1220000000,2960000000,3111284,False
vnodes,scaleout,join_command_start,2026-09-22T14:22:27.379123+00:00,273.779700,1327,r-scylla3,4,9.51,2000381018,10427106853,895000000,2680000000,1410000000,3210000000,3111284,False
vnodes,scaleout,join_command_start,2026-09-22T14:22:27.379123+00:00,273.779700,1327,r-scylla4,4,12.01,315621376,10427106853,504000000,159000000,847000000,1360000000,3111284,False
vnodes,scaleout,join_command_start,2026-09-22T14:22:30.722618+00:00,277.123195,1328,r-scylla1,4,17.74,2094870299,10427106853,970000000,2600000000,1430000000,3120000000,3108688,False
vnodes,scaleout,join_command_start,2026-09-22T14:22:30.722618+00:00,277.123195,1328,r-scylla2,4,8.76,1997159793,10427106853,812000000,2600000000,1220000000,2960000000,3108688,False
vnodes,scaleout,join_command_start,2026-09-22T14:22:30.722618+00:00,277.123195,1328,r-scylla3,4,10.47,2001454760,10427106853,895000000,2680000000,1410000000,3210000000,3108688,False
vnodes,scaleout,join_command_start,2026-09-22T14:22:30.722618+00:00,277.123195,1328,r-scylla4,4,12.80,317928243,10427106853,504000000,160000000,853000000,1360000000,3108688,False
vnodes,scaleout,join_command_start,2026-09-22T14:22:34.121864+00:00,280.522441,1329,r-scylla1,4,17.84,2093796557,10427106853,971000000,2600000000,1430000000,3120000000,3099572,False
vnodes,scaleout,join_command_start,2026-09-22T14:22:34.121864+00:00,280.522441,1329,r-scylla2,4,10.09,1997159793,10427106853,813000000,2600000000,1220000000,2960000000,3099572,False
vnodes,scaleout,join_command_start,2026-09-22T14:22:34.121864+00:00,280.522441,1329,r-scylla3,4,10.85,2000381018,10427106853,896000000,2690000000,1410000000,3210000000,3099572,False
vnodes,scaleout,join_command_start,2026-09-22T14:22:34.121864+00:00,280.522441,1329,r-scylla4,4,13.06,319815680,10427106853,505000000,163000000,859000000,1360000000,3099572,False
vnodes,scaleout,join_command_start,2026-09-22T14:22:37.503499+00:00,283.904076,1330,r-scylla1,4,15.52,2094870299,10427106853,971000000,2600000000,1430000000,3120000000,3105016,False
vnodes,scaleout,join_command_start,2026-09-22T14:22:37.503499+00:00,283.904076,1330,r-scylla2,4,9.12,1997159793,10427106853,813000000,2600000000,1220000000,2970000000,3105016,False
vnodes,scaleout,join_command_start,2026-09-22T14:22:37.503499+00:00,283.904076,1330,r-scylla3,4,8.96,2000381018,10427106853,896000000,2690000000,1410000000,3210000000,3105016,False
vnodes,scaleout,join_command_start,2026-09-22T14:22:37.503499+00:00,283.904076,1330,r-scylla4,4,19.39,321283686,10427106853,505000000,165000000,863000000,1360000000,3105016,False
vnodes,scaleout,join_command_start,2026-09-22T14:22:40.839289+00:00,287.239866,1331,r-scylla1,4,14.58,2101312750,10427106853,972000000,2610000000,1430000000,3120000000,3103616,False
vnodes,scaleout,join_command_start,2026-09-22T14:22:40.839289+00:00,287.239866,1331,r-scylla2,4,8.80,1997159793,10427106853,814000000,2610000000,1220000000,2970000000,3103616,False
vnodes,scaleout,join_command_start,2026-09-22T14:22:40.839289+00:00,287.239866,1331,r-scylla3,4,8.73,2000381018,10427106853,897000000,2690000000,1410000000,3210000000,3103616,False
vnodes,scaleout,join_command_start,2026-09-22T14:22:40.839289+00:00,287.239866,1331,r-scylla4,4,11.83,323275981,10427106853,506000000,167000000,868000000,1360000000,3103616,False
vnodes,scaleout,join_command_start,2026-09-22T14:22:44.172089+00:00,290.572666,1332,r-scylla1,4,9.53,2093796557,10427106853,972000000,2610000000,1430000000,3120000000,3098708,False
vnodes,scaleout,join_command_start,2026-09-22T14:22:44.172089+00:00,290.572666,1332,r-scylla2,4,9.04,1997159793,10427106853,814000000,2610000000,1220000000,2970000000,3098708,False
vnodes,scaleout,join_command_start,2026-09-22T14:22:44.172089+00:00,290.572666,1332,r-scylla3,4,10.38,2000381018,10427106853,897000000,2690000000,1410000000,3210000000,3098708,False
vnodes,scaleout,join_command_start,2026-09-22T14:22:44.172089+00:00,290.572666,1332,r-scylla4,4,11.55,324743987,10427106853,506000000,168000000,873000000,1360000000,3098708,False
vnodes,scaleout,join_command_start,2026-09-22T14:22:47.541907+00:00,293.942484,1333,r-scylla1,4,10.39,2094870299,10427106853,973000000,2610000000,1430000000,3120000000,3099268,False
vnodes,scaleout,join_command_start,2026-09-22T14:22:47.541907+00:00,293.942484,1333,r-scylla2,4,8.58,1997159793,10427106853,815000000,2610000000,1220000000,2970000000,3099268,False
vnodes,scaleout,join_command_start,2026-09-22T14:22:47.541907+00:00,293.942484,1333,r-scylla3,4,9.13,2000381018,10427106853,898000000,2690000000,1410000000,3210000000,3099268,False
vnodes,scaleout,join_command_start,2026-09-22T14:22:47.541907+00:00,293.942484,1333,r-scylla4,4,11.90,326841139,10427106853,507000000,171000000,880000000,1360000000,3099268,False
vnodes,scaleout,join_command_start,2026-09-22T14:22:50.931598+00:00,297.332175,1334,r-scylla1,4,8.53,2093796557,10427106853,973000000,2610000000,1430000000,3120000000,3091192,False
vnodes,scaleout,join_command_start,2026-09-22T14:22:50.931598+00:00,297.332175,1334,r-scylla2,4,8.28,1997159793,10427106853,815000000,2610000000,1220000000,2970000000,3091192,False
vnodes,scaleout,join_command_start,2026-09-22T14:22:50.931598+00:00,297.332175,1334,r-scylla3,4,9.81,2001454760,10427106853,898000000,2700000000,1410000000,3210000000,3091192,False
vnodes,scaleout,join_command_start,2026-09-22T14:22:50.931598+00:00,297.332175,1334,r-scylla4,4,10.69,327994573,10427106853,507000000,173000000,884000000,1360000000,3091192,False
vnodes,scaleout,join_command_start,2026-09-22T14:22:54.248955+00:00,300.649532,1335,r-scylla1,4,13.21,2094870299,10427106853,974000000,2610000000,1430000000,3120000000,3094480,False
vnodes,scaleout,join_command_start,2026-09-22T14:22:54.248955+00:00,300.649532,1335,r-scylla2,4,9.06,1998233534,10427106853,816000000,2610000000,1220000000,2970000000,3094480,False
vnodes,scaleout,join_command_start,2026-09-22T14:22:54.248955+00:00,300.649532,1335,r-scylla3,4,9.76,2000381018,10427106853,899000000,2700000000,1410000000,3210000000,3094480,False
vnodes,scaleout,join_command_start,2026-09-22T14:22:54.248955+00:00,300.649532,1335,r-scylla4,4,12.62,330091725,10427106853,508000000,174000000,890000000,1360000000,3094480,False
vnodes,scaleout,join_command_start,2026-09-22T14:22:57.559159+00:00,303.959736,1336,r-scylla1,4,8.66,2093796557,10427106853,974000000,2620000000,1430000000,3120000000,3090152,False
vnodes,scaleout,join_command_start,2026-09-22T14:22:57.559159+00:00,303.959736,1336,r-scylla2,4,8.03,1997159793,10427106853,816000000,2620000000,1220000000,2970000000,3090152,False
vnodes,scaleout,join_command_start,2026-09-22T14:22:57.559159+00:00,303.959736,1336,r-scylla3,4,8.36,2000381018,10427106853,899000000,2700000000,1410000000,3210000000,3090152,False
vnodes,scaleout,join_command_start,2026-09-22T14:22:57.559159+00:00,303.959736,1336,r-scylla4,4,11.23,332188877,10427106853,509000000,177000000,896000000,1370000000,3090152,False
vnodes,scaleout,join_command_start,2026-09-22T14:23:00.937079+00:00,307.337656,1337,r-scylla1,4,9.32,2093796557,10427106853,975000000,2620000000,1430000000,3120000000,3091852,False
vnodes,scaleout,join_command_start,2026-09-22T14:23:00.937079+00:00,307.337656,1337,r-scylla2,4,9.78,1997159793,10427106853,817000000,2620000000,1220000000,2970000000,3091852,False
vnodes,scaleout,join_command_start,2026-09-22T14:23:00.937079+00:00,307.337656,1337,r-scylla3,4,9.66,2000381018,10427106853,900000000,2700000000,1410000000,3210000000,3091852,False
vnodes,scaleout,join_command_start,2026-09-22T14:23:00.937079+00:00,307.337656,1337,r-scylla4,4,9.89,333656883,10427106853,509000000,179000000,900000000,1370000000,3091852,False
vnodes,scaleout,join_command_start,2026-09-22T14:23:04.276383+00:00,310.676960,1338,r-scylla1,4,17.84,2093796557,10427106853,975000000,2620000000,1430000000,3120000000,3090696,False
vnodes,scaleout,join_command_start,2026-09-22T14:23:04.276383+00:00,310.676960,1338,r-scylla2,4,8.73,1998233534,10427106853,817000000,2620000000,1220000000,2970000000,3090696,False
vnodes,scaleout,join_command_start,2026-09-22T14:23:04.276383+00:00,310.676960,1338,r-scylla3,4,9.95,2001454760,10427106853,900000000,2700000000,1410000000,3210000000,3090696,False
vnodes,scaleout,join_command_start,2026-09-22T14:23:04.276383+00:00,310.676960,1338,r-scylla4,4,10.82,335649178,10427106853,509000000,180000000,905000000,1370000000,3090696,False
vnodes,scaleout,join_command_start,2026-09-22T14:23:07.707457+00:00,314.108034,1339,r-scylla1,4,14.56,2101312750,10427106853,976000000,2620000000,1430000000,3120000000,3091364,False
vnodes,scaleout,join_command_start,2026-09-22T14:23:07.707457+00:00,314.108034,1339,r-scylla2,4,8.23,1997159793,10427106853,818000000,2620000000,1220000000,2970000000,3091364,False
vnodes,scaleout,join_command_start,2026-09-22T14:23:07.707457+00:00,314.108034,1339,r-scylla3,4,9.00,2001454760,10427106853,901000000,2710000000,1410000000,3210000000,3091364,False
vnodes,scaleout,join_command_start,2026-09-22T14:23:07.707457+00:00,314.108034,1339,r-scylla4,4,12.77,337117184,10427106853,510000000,183000000,910000000,1370000000,3091364,False
vnodes,scaleout,join_command_start,2026-09-22T14:23:11.073289+00:00,317.473866,1340,r-scylla1,4,8.27,2093796557,10427106853,976000000,2630000000,1430000000,3120000000,3090356,False
vnodes,scaleout,join_command_start,2026-09-22T14:23:11.073289+00:00,317.473866,1340,r-scylla2,4,7.95,1997159793,10427106853,818000000,2620000000,1220000000,2970000000,3090356,False
vnodes,scaleout,join_command_start,2026-09-22T14:23:11.073289+00:00,317.473866,1340,r-scylla3,4,8.06,2000381018,10427106853,902000000,2710000000,1410000000,3210000000,3090356,False
vnodes,scaleout,join_command_start,2026-09-22T14:23:11.073289+00:00,317.473866,1340,r-scylla4,4,10.67,339214336,10427106853,511000000,185000000,917000000,1370000000,3090356,False
vnodes,scaleout,join_command_start,2026-09-22T14:23:14.422434+00:00,320.823011,1341,r-scylla1,4,13.85,2093796557,10427106853,977000000,2630000000,1430000000,3120000000,3089192,False
vnodes,scaleout,join_command_start,2026-09-22T14:23:14.422434+00:00,320.823011,1341,r-scylla2,4,6.27,1997159793,10427106853,819000000,2630000000,1220000000,2970000000,3089192,False
vnodes,scaleout,join_command_start,2026-09-22T14:23:14.422434+00:00,320.823011,1341,r-scylla3,4,6.87,2000381018,10427106853,902000000,2710000000,1410000000,3210000000,3089192,False
vnodes,scaleout,join_command_start,2026-09-22T14:23:14.422434+00:00,320.823011,1341,r-scylla4,4,9.80,340682342,10427106853,511000000,187000000,920000000,1370000000,3089192,False
vnodes,scaleout,join_command_start,2026-09-22T14:23:17.852746+00:00,324.253323,1342,r-scylla1,4,13.27,2098091524,10427106853,977000000,2630000000,1430000000,3130000000,3085820,False
vnodes,scaleout,join_command_start,2026-09-22T14:23:17.852746+00:00,324.253323,1342,r-scylla2,4,8.69,1997159793,10427106853,819000000,2630000000,1220000000,2970000000,3085820,False
vnodes,scaleout,join_command_start,2026-09-22T14:23:17.852746+00:00,324.253323,1342,r-scylla3,4,11.01,2000381018,10427106853,902000000,2710000000,1410000000,3220000000,3085820,False
vnodes,scaleout,join_command_start,2026-09-22T14:23:17.852746+00:00,324.253323,1342,r-scylla4,4,10.74,343094067,10427106853,512000000,189000000,927000000,1370000000,3085820,False
vnodes,scaleout,join_command_start,2026-09-22T14:23:21.210611+00:00,327.611188,1343,r-scylla1,4,10.05,2093796557,10427106853,978000000,2630000000,1430000000,3130000000,3090928,False
vnodes,scaleout,join_command_start,2026-09-22T14:23:21.210611+00:00,327.611188,1343,r-scylla2,4,8.96,1997159793,10427106853,820000000,2630000000,1220000000,2970000000,3090928,False
vnodes,scaleout,join_command_start,2026-09-22T14:23:21.210611+00:00,327.611188,1343,r-scylla3,4,10.42,2000381018,10427106853,903000000,2720000000,1410000000,3220000000,3090928,False
vnodes,scaleout,join_command_start,2026-09-22T14:23:21.210611+00:00,327.611188,1343,r-scylla4,4,11.71,344562074,10427106853,512000000,191000000,930000000,1370000000,3090928,False
vnodes,scaleout,join_command_start,2026-09-22T14:23:24.547445+00:00,330.948022,1344,r-scylla1,4,17.01,2094870299,10427106853,978000000,2630000000,1430000000,3130000000,3087636,False
vnodes,scaleout,join_command_start,2026-09-22T14:23:24.547445+00:00,330.948022,1344,r-scylla2,4,9.27,1997159793,10427106853,820000000,2630000000,1220000000,2970000000,3087636,False
vnodes,scaleout,join_command_start,2026-09-22T14:23:24.547445+00:00,330.948022,1344,r-scylla3,4,9.92,2000381018,10427106853,904000000,2720000000,1410000000,3220000000,3087636,False
vnodes,scaleout,join_command_start,2026-09-22T14:23:24.547445+00:00,330.948022,1344,r-scylla4,4,10.28,346030080,10427106853,512000000,193000000,935000000,1370000000,3087636,False
vnodes,scaleout,join_command_start,2026-09-22T14:23:27.917825+00:00,334.318402,1345,r-scylla1,4,8.11,2093796557,10427106853,979000000,2640000000,1430000000,3130000000,3086564,False
vnodes,scaleout,join_command_start,2026-09-22T14:23:27.917825+00:00,334.318402,1345,r-scylla2,4,12.10,1997159793,10427106853,821000000,2630000000,1220000000,2970000000,3086564,False
vnodes,scaleout,join_command_start,2026-09-22T14:23:27.917825+00:00,334.318402,1345,r-scylla3,4,8.60,2000381018,10427106853,904000000,2720000000,1410000000,3220000000,3086564,False
vnodes,scaleout,join_command_start,2026-09-22T14:23:27.917825+00:00,334.318402,1345,r-scylla4,4,10.48,348441805,10427106853,513000000,195000000,942000000,1370000000,3086564,False
vnodes,scaleout,join_command_start,2026-09-22T14:23:31.277525+00:00,337.678102,1346,r-scylla1,4,14.21,2101312750,10427106853,979000000,2640000000,1430000000,3130000000,3085268,False
vnodes,scaleout,join_command_start,2026-09-22T14:23:31.277525+00:00,337.678102,1346,r-scylla2,4,9.36,1998233534,10427106853,821000000,2640000000,1220000000,2970000000,3085268,False
vnodes,scaleout,join_command_start,2026-09-22T14:23:31.277525+00:00,337.678102,1346,r-scylla3,4,10.59,2000381018,10427106853,905000000,2720000000,1410000000,3220000000,3085268,False
vnodes,scaleout,join_command_start,2026-09-22T14:23:31.277525+00:00,337.678102,1346,r-scylla4,4,12.16,349909811,10427106853,514000000,197000000,947000000,1370000000,3085268,False
vnodes,scaleout,join_command_start,2026-09-22T14:23:34.622259+00:00,341.022836,1347,r-scylla1,4,17.95,2094870299,10427106853,980000000,2640000000,1430000000,3130000000,3084980,False
vnodes,scaleout,join_command_start,2026-09-22T14:23:34.622259+00:00,341.022836,1347,r-scylla2,4,9.15,1997159793,10427106853,822000000,2640000000,1220000000,2970000000,3084980,False
vnodes,scaleout,join_command_start,2026-09-22T14:23:34.622259+00:00,341.022836,1347,r-scylla3,4,9.97,2000381018,10427106853,905000000,2720000000,1410000000,3220000000,3084980,False
vnodes,scaleout,join_command_start,2026-09-22T14:23:34.622259+00:00,341.022836,1347,r-scylla4,4,11.33,351168102,10427106853,514000000,199000000,950000000,1370000000,3084980,False
vnodes,scaleout,join_command_start,2026-09-22T14:23:38.025305+00:00,344.425882,1348,r-scylla1,4,17.33,2093796557,10427106853,980000000,2640000000,1430000000,3130000000,3079820,False
vnodes,scaleout,join_command_start,2026-09-22T14:23:38.025305+00:00,344.425882,1348,r-scylla2,4,9.36,1997159793,10427106853,822000000,2640000000,1220000000,2970000000,3079820,False
vnodes,scaleout,join_command_start,2026-09-22T14:23:38.025305+00:00,344.425882,1348,r-scylla3,4,10.76,2000381018,10427106853,906000000,2730000000,1410000000,3220000000,3079820,False
vnodes,scaleout,join_command_start,2026-09-22T14:23:38.025305+00:00,344.425882,1348,r-scylla4,4,13.03,353684685,10427106853,515000000,201000000,957000000,1370000000,3079820,False
vnodes,scaleout,join_command_start,2026-09-22T14:23:41.427790+00:00,347.828367,1349,r-scylla1,4,16.47,2094870299,10427106853,981000000,2640000000,1430000000,3130000000,3078320,False
vnodes,scaleout,join_command_start,2026-09-22T14:23:41.427790+00:00,347.828367,1349,r-scylla2,4,8.41,1998233534,10427106853,823000000,2640000000,1220000000,2970000000,3078320,False
vnodes,scaleout,join_command_start,2026-09-22T14:23:41.427790+00:00,347.828367,1349,r-scylla3,4,8.96,2000381018,10427106853,906000000,2730000000,1410000000,3220000000,3078320,False
vnodes,scaleout,join_command_start,2026-09-22T14:23:41.427790+00:00,347.828367,1349,r-scylla4,4,12.39,354418688,10427106853,515000000,203000000,961000000,1370000000,3078320,False
vnodes,scaleout,join_command_start,2026-09-22T14:23:44.787261+00:00,351.187838,1350,r-scylla1,4,16.93,2101312750,10427106853,982000000,2650000000,1430000000,3130000000,3078484,False
vnodes,scaleout,join_command_start,2026-09-22T14:23:44.787261+00:00,351.187838,1350,r-scylla2,4,8.18,1997159793,10427106853,823000000,2640000000,1220000000,2970000000,3078484,False
vnodes,scaleout,join_command_start,2026-09-22T14:23:44.787261+00:00,351.187838,1350,r-scylla3,4,10.02,2000381018,10427106853,907000000,2730000000,1410000000,3220000000,3078484,False
vnodes,scaleout,join_command_start,2026-09-22T14:23:44.787261+00:00,351.187838,1350,r-scylla4,4,12.77,356410982,10427106853,515000000,205000000,966000000,1370000000,3078484,False
vnodes,scaleout,join_command_start,2026-09-22T14:23:48.161995+00:00,354.562572,1351,r-scylla1,4,15.00,2093796557,10427106853,982000000,2650000000,1430000000,3130000000,3080400,False
vnodes,scaleout,join_command_start,2026-09-22T14:23:48.161995+00:00,354.562572,1351,r-scylla2,4,7.06,1997159793,10427106853,824000000,2650000000,1220000000,2970000000,3080400,False
vnodes,scaleout,join_command_start,2026-09-22T14:23:48.161995+00:00,354.562572,1351,r-scylla3,4,7.80,2001454760,10427106853,907000000,2730000000,1410000000,3220000000,3080400,False
vnodes,scaleout,join_command_start,2026-09-22T14:23:48.161995+00:00,354.562572,1351,r-scylla4,4,8.93,358927565,10427106853,516000000,208000000,973000000,1370000000,3080400,False
vnodes,scaleout,join_command_start,2026-09-22T14:23:51.569615+00:00,357.970192,1352,r-scylla1,4,18.57,2093796557,10427106853,983000000,2650000000,1430000000,3130000000,3071396,False
vnodes,scaleout,join_command_start,2026-09-22T14:23:51.569615+00:00,357.970192,1352,r-scylla2,4,7.55,1998233534,10427106853,824000000,2650000000,1220000000,2970000000,3071396,False
vnodes,scaleout,join_command_start,2026-09-22T14:23:51.569615+00:00,357.970192,1352,r-scylla3,4,10.74,2000381018,10427106853,908000000,2730000000,1410000000,3220000000,3071396,False
vnodes,scaleout,join_command_start,2026-09-22T14:23:51.569615+00:00,357.970192,1352,r-scylla4,4,12.12,360710144,10427106853,517000000,210000000,978000000,1370000000,3071396,False
vnodes,scaleout,join_command_start,2026-09-22T14:23:54.870278+00:00,361.270855,1353,r-scylla1,4,8.48,2093796557,10427106853,983000000,2650000000,1430000000,3130000000,3068316,False
vnodes,scaleout,join_command_start,2026-09-22T14:23:54.870278+00:00,361.270855,1353,r-scylla2,4,7.97,1997159793,10427106853,825000000,2650000000,1220000000,2970000000,3068316,False
vnodes,scaleout,join_command_start,2026-09-22T14:23:54.870278+00:00,361.270855,1353,r-scylla3,4,8.18,2000381018,10427106853,909000000,2740000000,1410000000,3220000000,3068316,False
vnodes,scaleout,join_command_start,2026-09-22T14:23:54.870278+00:00,361.270855,1353,r-scylla4,4,11.03,361444147,10427106853,517000000,211000000,982000000,1370000000,3068316,False
vnodes,scaleout,join_command_start,2026-09-22T14:23:58.259994+00:00,364.660571,1354,r-scylla1,4,14.88,2094870299,10427106853,983000000,2650000000,1430000000,3130000000,3069396,False
vnodes,scaleout,join_command_start,2026-09-22T14:23:58.259994+00:00,364.660571,1354,r-scylla2,4,9.72,1997159793,10427106853,825000000,2650000000,1220000000,2970000000,3069396,False
vnodes,scaleout,join_command_start,2026-09-22T14:23:58.259994+00:00,364.660571,1354,r-scylla3,4,10.99,2000381018,10427106853,909000000,2740000000,1410000000,3220000000,3069396,False
vnodes,scaleout,join_command_start,2026-09-22T14:23:58.259994+00:00,364.660571,1354,r-scylla4,4,13.62,364170445,10427106853,517000000,214000000,988000000,1370000000,3069396,False
vnodes,scaleout,join_command_start,2026-09-22T14:24:01.626479+00:00,368.027056,1355,r-scylla1,4,17.22,2093796557,10427106853,984000000,2660000000,1430000000,3130000000,3066480,False
vnodes,scaleout,join_command_start,2026-09-22T14:24:01.626479+00:00,368.027056,1355,r-scylla2,4,8.95,1997159793,10427106853,826000000,2650000000,1220000000,2970000000,3066480,False
vnodes,scaleout,join_command_start,2026-09-22T14:24:01.626479+00:00,368.027056,1355,r-scylla3,4,10.57,2000381018,10427106853,910000000,2740000000,1410000000,3220000000,3066480,False
vnodes,scaleout,join_command_start,2026-09-22T14:24:01.626479+00:00,368.027056,1355,r-scylla4,4,13.89,364904448,10427106853,518000000,215000000,992000000,1370000000,3066480,False
vnodes,scaleout,join_command_start,2026-09-22T14:24:05.031079+00:00,371.431656,1356,r-scylla1,4,9.75,2093796557,10427106853,985000000,2660000000,1430000000,3130000000,3063936,False
vnodes,scaleout,join_command_start,2026-09-22T14:24:05.031079+00:00,371.431656,1356,r-scylla2,4,8.75,1997159793,10427106853,826000000,2660000000,1220000000,2970000000,3063936,False
vnodes,scaleout,join_command_start,2026-09-22T14:24:05.031079+00:00,371.431656,1356,r-scylla3,4,9.24,2000381018,10427106853,910000000,2740000000,1410000000,3220000000,3063936,False
vnodes,scaleout,join_command_start,2026-09-22T14:24:05.031079+00:00,371.431656,1356,r-scylla4,4,11.86,366896742,10427106853,518000000,217000000,997000000,1370000000,3063936,False
vnodes,scaleout,join_command_start,2026-09-22T14:24:08.352750+00:00,374.753327,1357,r-scylla1,4,11.58,2094870299,10427106853,985000000,2660000000,1430000000,3130000000,3061572,False
vnodes,scaleout,join_command_start,2026-09-22T14:24:08.352750+00:00,374.753327,1357,r-scylla2,4,8.73,1997159793,10427106853,826000000,2660000000,1220000000,2970000000,3061572,False
vnodes,scaleout,join_command_start,2026-09-22T14:24:08.352750+00:00,374.753327,1357,r-scylla3,4,9.32,2000381018,10427106853,911000000,2740000000,1410000000,3220000000,3061572,False
vnodes,scaleout,join_command_start,2026-09-22T14:24:08.352750+00:00,374.753327,1357,r-scylla4,4,8.30,368259891,10427106853,519000000,219000000,1000000000,1370000000,3061572,False
vnodes,scaleout,join_command_start,2026-09-22T14:24:11.672432+00:00,378.073009,1358,r-scylla1,4,17.47,2104533975,10427106853,986000000,2660000000,1430000000,3130000000,3057648,False
vnodes,scaleout,join_command_start,2026-09-22T14:24:11.672432+00:00,378.073009,1358,r-scylla2,4,9.61,1997159793,10427106853,827000000,2660000000,1220000000,2970000000,3057648,False
vnodes,scaleout,join_command_start,2026-09-22T14:24:11.672432+00:00,378.073009,1358,r-scylla3,4,10.32,2000381018,10427106853,911000000,2750000000,1410000000,3220000000,3057648,False
vnodes,scaleout,join_command_start,2026-09-22T14:24:11.672432+00:00,378.073009,1358,r-scylla4,4,13.93,370252186,10427106853,519000000,221000000,1010000000,1370000000,3057648,False
vnodes,scaleout,join_command_start,2026-09-22T14:24:15.029304+00:00,381.429881,1359,r-scylla1,4,16.61,2093796557,10427106853,986000000,2660000000,1430000000,3130000000,3057052,False
vnodes,scaleout,join_command_start,2026-09-22T14:24:15.029304+00:00,381.429881,1359,r-scylla2,4,10.23,1997159793,10427106853,827000000,2660000000,1220000000,2970000000,3057052,False
vnodes,scaleout,join_command_start,2026-09-22T14:24:15.029304+00:00,381.429881,1359,r-scylla3,4,10.93,2001454760,10427106853,912000000,2750000000,1410000000,3220000000,3057052,False
vnodes,scaleout,join_command_start,2026-09-22T14:24:15.029304+00:00,381.429881,1359,r-scylla4,4,12.81,372454195,10427106853,520000000,224000000,1010000000,1370000000,3057052,False
vnodes,scaleout,join_command_start,2026-09-22T14:24:18.368448+00:00,384.769025,1360,r-scylla1,4,16.55,2094870299,10427106853,987000000,2670000000,1430000000,3130000000,3055304,False
vnodes,scaleout,join_command_start,2026-09-22T14:24:18.368448+00:00,384.769025,1360,r-scylla2,4,9.50,1997159793,10427106853,828000000,2660000000,1220000000,2970000000,3055304,False
vnodes,scaleout,join_command_start,2026-09-22T14:24:18.368448+00:00,384.769025,1360,r-scylla3,4,9.96,2000381018,10427106853,912000000,2750000000,1410000000,3220000000,3055304,False
vnodes,scaleout,join_command_start,2026-09-22T14:24:18.368448+00:00,384.769025,1360,r-scylla4,4,11.11,373712486,10427106853,520000000,225000000,1020000000,1370000000,3055304,False
vnodes,scaleout,join_command_start,2026-09-22T14:24:21.694846+00:00,388.095423,1361,r-scylla1,4,18.48,2093796557,10427106853,987000000,2670000000,1430000000,3130000000,3051368,False
vnodes,scaleout,join_command_start,2026-09-22T14:24:21.694846+00:00,388.095423,1361,r-scylla2,4,8.64,1997159793,10427106853,828000000,2670000000,1220000000,2970000000,3051368,False
vnodes,scaleout,join_command_start,2026-09-22T14:24:21.694846+00:00,388.095423,1361,r-scylla3,4,8.75,2000381018,10427106853,913000000,2750000000,1410000000,3220000000,3051368,False
vnodes,scaleout,join_command_start,2026-09-22T14:24:21.694846+00:00,388.095423,1361,r-scylla4,4,10.24,375914496,10427106853,521000000,228000000,1020000000,1370000000,3051368,False
vnodes,scaleout,join_command_start,2026-09-22T14:24:25.009735+00:00,391.410312,1362,r-scylla1,4,8.60,2093796557,10427106853,988000000,2670000000,1430000000,3130000000,3051848,False
vnodes,scaleout,join_command_start,2026-09-22T14:24:25.009735+00:00,391.410312,1362,r-scylla2,4,7.06,1997159793,10427106853,829000000,2670000000,1220000000,2970000000,3051848,False
vnodes,scaleout,join_command_start,2026-09-22T14:24:25.009735+00:00,391.410312,1362,r-scylla3,4,7.34,2000381018,10427106853,913000000,2750000000,1410000000,3220000000,3051848,False
vnodes,scaleout,join_command_start,2026-09-22T14:24:25.009735+00:00,391.410312,1362,r-scylla4,4,10.98,376753357,10427106853,521000000,229000000,1030000000,1370000000,3051848,False
vnodes,scaleout,join_command_start,2026-09-22T14:24:28.360257+00:00,394.760834,1363,r-scylla1,4,18.40,2094870299,10427106853,988000000,2670000000,1430000000,3130000000,3049616,False
vnodes,scaleout,join_command_start,2026-09-22T14:24:28.360257+00:00,394.760834,1363,r-scylla2,4,9.14,1998233534,10427106853,829000000,2670000000,1220000000,2970000000,3049616,False
vnodes,scaleout,join_command_start,2026-09-22T14:24:28.360257+00:00,394.760834,1363,r-scylla3,4,9.88,2000381018,10427106853,914000000,2760000000,1410000000,3220000000,3049616,False
vnodes,scaleout,join_command_start,2026-09-22T14:24:28.360257+00:00,394.760834,1363,r-scylla4,4,12.04,378955366,10427106853,522000000,231000000,1030000000,1370000000,3049616,False
vnodes,scaleout,join_command_start,2026-09-22T14:24:31.763114+00:00,398.163691,1364,r-scylla1,4,9.42,2093796557,10427106853,989000000,2680000000,1430000000,3130000000,3050684,False
vnodes,scaleout,join_command_start,2026-09-22T14:24:31.763114+00:00,398.163691,1364,r-scylla2,4,9.41,1997159793,10427106853,830000000,2670000000,1220000000,2970000000,3050684,False
vnodes,scaleout,join_command_start,2026-09-22T14:24:31.763114+00:00,398.163691,1364,r-scylla3,4,10.32,2000381018,10427106853,914000000,2760000000,1410000000,3220000000,3050684,False
vnodes,scaleout,join_command_start,2026-09-22T14:24:31.763114+00:00,398.163691,1364,r-scylla4,4,13.72,380737946,10427106853,522000000,233000000,1040000000,1370000000,3050684,False
vnodes,scaleout,join_command_start,2026-09-22T14:24:35.149558+00:00,401.550135,1365,r-scylla1,4,14.27,2093796557,10427106853,989000000,2680000000,1430000000,3130000000,3047356,False
vnodes,scaleout,join_command_start,2026-09-22T14:24:35.149558+00:00,401.550135,1365,r-scylla2,4,9.70,1997159793,10427106853,830000000,2670000000,1220000000,2970000000,3047356,False
vnodes,scaleout,join_command_start,2026-09-22T14:24:35.149558+00:00,401.550135,1365,r-scylla3,4,10.90,2000381018,10427106853,915000000,2760000000,1410000000,3220000000,3047356,False
vnodes,scaleout,join_command_start,2026-09-22T14:24:35.149558+00:00,401.550135,1365,r-scylla4,4,11.57,382101094,10427106853,523000000,235000000,1040000000,1370000000,3047356,False
vnodes,scaleout,join_command_start,2026-09-22T14:24:38.537609+00:00,404.938186,1366,r-scylla1,4,17.05,2093796557,10427106853,990000000,2680000000,1430000000,3130000000,3049156,False
vnodes,scaleout,join_command_start,2026-09-22T14:24:38.537609+00:00,404.938186,1366,r-scylla2,4,8.33,1998233534,10427106853,831000000,2680000000,1220000000,2970000000,3049156,False
vnodes,scaleout,join_command_start,2026-09-22T14:24:38.537609+00:00,404.938186,1366,r-scylla3,4,9.74,2000381018,10427106853,916000000,2760000000,1410000000,3220000000,3049156,False
vnodes,scaleout,join_command_start,2026-09-22T14:24:38.537609+00:00,404.938186,1366,r-scylla4,4,10.54,383883674,10427106853,523000000,237000000,1050000000,1370000000,3049156,False
vnodes,scaleout,join_command_start,2026-09-22T14:24:41.963731+00:00,408.364308,1367,r-scylla1,4,10.17,2093796557,10427106853,990000000,2680000000,1430000000,3130000000,3040048,False
vnodes,scaleout,join_command_start,2026-09-22T14:24:41.963731+00:00,408.364308,1367,r-scylla2,4,9.67,1998233534,10427106853,831000000,2680000000,1220000000,2970000000,3040048,False
vnodes,scaleout,join_command_start,2026-09-22T14:24:41.963731+00:00,408.364308,1367,r-scylla3,4,10.51,2000381018,10427106853,916000000,2770000000,1410000000,3220000000,3040048,False
vnodes,scaleout,join_command_start,2026-09-22T14:24:41.963731+00:00,408.364308,1367,r-scylla4,4,10.86,385875968,10427106853,524000000,240000000,1050000000,1370000000,3040048,False
vnodes,scaleout,join_command_start,2026-09-22T14:24:45.554477+00:00,411.955054,1368,r-scylla1,4,11.83,2094870299,10427106853,991000000,2680000000,1430000000,3130000000,3044152,False
vnodes,scaleout,join_command_start,2026-09-22T14:24:45.554477+00:00,411.955054,1368,r-scylla2,4,8.90,1997159793,10427106853,832000000,2680000000,1220000000,2970000000,3044152,False
vnodes,scaleout,join_command_start,2026-09-22T14:24:45.554477+00:00,411.955054,1368,r-scylla3,4,10.44,2000381018,10427106853,916000000,2770000000,1410000000,3220000000,3044152,False
vnodes,scaleout,join_command_start,2026-09-22T14:24:45.554477+00:00,411.955054,1368,r-scylla4,4,11.91,387553690,10427106853,524000000,242000000,1060000000,1370000000,3044152,False
vnodes,scaleout,join_command_start,2026-09-22T14:24:48.845942+00:00,415.246519,1369,r-scylla1,4,15.25,2093796557,10427106853,991000000,2690000000,1430000000,3130000000,3044300,False
vnodes,scaleout,join_command_start,2026-09-22T14:24:48.845942+00:00,415.246519,1369,r-scylla2,4,8.99,1997159793,10427106853,832000000,2680000000,1220000000,2970000000,3044300,False
vnodes,scaleout,join_command_start,2026-09-22T14:24:48.845942+00:00,415.246519,1369,r-scylla3,4,8.86,2000381018,10427106853,917000000,2770000000,1410000000,3220000000,3044300,False
vnodes,scaleout,join_command_start,2026-09-22T14:24:48.845942+00:00,415.246519,1369,r-scylla4,4,11.43,389231411,10427106853,525000000,244000000,1060000000,1370000000,3044300,False
vnodes,scaleout,join_command_start,2026-09-22T14:24:52.186225+00:00,418.586802,1370,r-scylla1,4,9.89,2093796557,10427106853,992000000,2690000000,1430000000,3130000000,3040652,False
vnodes,scaleout,join_command_start,2026-09-22T14:24:52.186225+00:00,418.586802,1370,r-scylla2,4,8.71,1997159793,10427106853,833000000,2680000000,1220000000,2970000000,3040652,False
vnodes,scaleout,join_command_start,2026-09-22T14:24:52.186225+00:00,418.586802,1370,r-scylla3,4,10.18,2000381018,10427106853,918000000,2770000000,1410000000,3220000000,3040652,False
vnodes,scaleout,join_command_start,2026-09-22T14:24:52.186225+00:00,418.586802,1370,r-scylla4,4,12.33,390909133,10427106853,525000000,245000000,1070000000,1370000000,3040652,False
vnodes,scaleout,join_command_start,2026-09-22T14:24:55.526578+00:00,421.927155,1371,r-scylla1,4,7.19,2093796557,10427106853,992000000,2690000000,1430000000,3130000000,3039316,False
vnodes,scaleout,join_command_start,2026-09-22T14:24:55.526578+00:00,421.927155,1371,r-scylla2,4,9.36,1997159793,10427106853,833000000,2690000000,1220000000,2970000000,3039316,False
vnodes,scaleout,join_command_start,2026-09-22T14:24:55.526578+00:00,421.927155,1371,r-scylla3,4,9.67,2000381018,10427106853,918000000,2770000000,1410000000,3220000000,3039316,False
vnodes,scaleout,join_command_start,2026-09-22T14:24:55.526578+00:00,421.927155,1371,r-scylla4,4,12.12,392796570,10427106853,526000000,248000000,1070000000,1370000000,3039316,False
vnodes,scaleout,join_command_start,2026-09-22T14:24:58.932118+00:00,425.332695,1372,r-scylla1,4,13.48,2101312750,10427106853,993000000,2690000000,1430000000,3130000000,3031936,False
vnodes,scaleout,join_command_start,2026-09-22T14:24:58.932118+00:00,425.332695,1372,r-scylla2,4,8.58,1997159793,10427106853,834000000,2690000000,1220000000,2970000000,3031936,False
vnodes,scaleout,join_command_start,2026-09-22T14:24:58.932118+00:00,425.332695,1372,r-scylla3,4,9.40,2000381018,10427106853,919000000,2780000000,1410000000,3220000000,3031936,False
vnodes,scaleout,join_command_start,2026-09-22T14:24:58.932118+00:00,425.332695,1372,r-scylla4,4,10.71,393950003,10427106853,526000000,250000000,1080000000,1370000000,3031936,False
vnodes,scaleout,join_command_start,2026-09-22T14:25:02.288036+00:00,428.688613,1373,r-scylla1,4,20.42,2094870299,10427106853,993000000,2690000000,1430000000,3130000000,3034328,False
vnodes,scaleout,join_command_start,2026-09-22T14:25:02.288036+00:00,428.688613,1373,r-scylla2,4,10.28,1997159793,10427106853,834000000,2690000000,1220000000,2970000000,3034328,False
vnodes,scaleout,join_command_start,2026-09-22T14:25:02.288036+00:00,428.688613,1373,r-scylla3,4,10.85,2000381018,10427106853,919000000,2780000000,1410000000,3220000000,3034328,False
vnodes,scaleout,join_command_start,2026-09-22T14:25:02.288036+00:00,428.688613,1373,r-scylla4,4,14.57,395627725,10427106853,527000000,251000000,1080000000,1370000000,3034328,False
vnodes,scaleout,join_command_start,2026-09-22T14:25:05.632128+00:00,432.032705,1374,r-scylla1,4,14.38,2094870299,10427106853,994000000,2700000000,1430000000,3130000000,3033140,False
vnodes,scaleout,join_command_start,2026-09-22T14:25:05.632128+00:00,432.032705,1374,r-scylla2,4,7.57,1997159793,10427106853,835000000,2690000000,1220000000,2970000000,3033140,False
vnodes,scaleout,join_command_start,2026-09-22T14:25:05.632128+00:00,432.032705,1374,r-scylla3,4,8.40,2000381018,10427106853,920000000,2780000000,1410000000,3220000000,3033140,False
vnodes,scaleout,join_command_start,2026-09-22T14:25:05.632128+00:00,432.032705,1374,r-scylla4,4,9.16,397200589,10427106853,527000000,254000000,1090000000,1370000000,3033140,False
vnodes,scaleout,join_command_start,2026-09-22T14:25:08.959343+00:00,435.359920,1375,r-scylla1,4,15.04,2094870299,10427106853,994000000,2700000000,1430000000,3130000000,3031400,False
vnodes,scaleout,join_command_start,2026-09-22T14:25:08.959343+00:00,435.359920,1375,r-scylla2,4,8.46,1997159793,10427106853,835000000,2690000000,1220000000,2970000000,3031400,False
vnodes,scaleout,join_command_start,2026-09-22T14:25:08.959343+00:00,435.359920,1375,r-scylla3,4,9.17,2001454760,10427106853,920000000,2780000000,1410000000,3220000000,3031400,False
vnodes,scaleout,join_command_start,2026-09-22T14:25:08.959343+00:00,435.359920,1375,r-scylla4,4,10.83,399192883,10427106853,528000000,256000000,1090000000,1370000000,3031400,False
vnodes,scaleout,join_command_start,2026-09-22T14:25:12.257401+00:00,438.657978,1376,r-scylla1,4,18.29,2093796557,10427106853,995000000,2700000000,1430000000,3130000000,3029276,False
vnodes,scaleout,join_command_start,2026-09-22T14:25:12.257401+00:00,438.657978,1376,r-scylla2,4,9.38,1997159793,10427106853,836000000,2700000000,1220000000,2970000000,3029276,False
vnodes,scaleout,join_command_start,2026-09-22T14:25:12.257401+00:00,438.657978,1376,r-scylla3,4,10.60,2000381018,10427106853,921000000,2780000000,1410000000,3220000000,3029276,False
vnodes,scaleout,join_command_start,2026-09-22T14:25:12.257401+00:00,438.657978,1376,r-scylla4,4,12.44,400556032,10427106853,528000000,257000000,1100000000,1370000000,3029276,False
vnodes,scaleout,join_command_start,2026-09-22T14:25:15.646088+00:00,442.046665,1377,r-scylla1,4,16.98,2101312750,10427106853,995000000,2700000000,1430000000,3130000000,3028132,False
vnodes,scaleout,join_command_start,2026-09-22T14:25:15.646088+00:00,442.046665,1377,r-scylla2,4,7.80,1997159793,10427106853,836000000,2700000000,1220000000,2970000000,3028132,False
vnodes,scaleout,join_command_start,2026-09-22T14:25:15.646088+00:00,442.046665,1377,r-scylla3,4,9.44,2000381018,10427106853,921000000,2790000000,1410000000,3220000000,3028132,False
vnodes,scaleout,join_command_start,2026-09-22T14:25:15.646088+00:00,442.046665,1377,r-scylla4,4,12.82,402443469,10427106853,529000000,260000000,1100000000,1370000000,3028132,False
vnodes,scaleout,join_command_start,2026-09-22T14:25:19.025748+00:00,445.426325,1378,r-scylla1,4,10.68,2094870299,10427106853,996000000,2710000000,1430000000,3130000000,3028320,False
vnodes,scaleout,join_command_start,2026-09-22T14:25:19.025748+00:00,445.426325,1378,r-scylla2,4,9.67,1997159793,10427106853,837000000,2700000000,1220000000,2970000000,3028320,False
vnodes,scaleout,join_command_start,2026-09-22T14:25:19.025748+00:00,445.426325,1378,r-scylla3,4,9.28,2000381018,10427106853,922000000,2790000000,1410000000,3220000000,3028320,False
vnodes,scaleout,join_command_start,2026-09-22T14:25:19.025748+00:00,445.426325,1378,r-scylla4,4,12.26,404121190,10427106853,529000000,262000000,1110000000,1370000000,3028320,False
vnodes,scaleout,join_command_start,2026-09-22T14:25:22.333666+00:00,448.734243,1379,r-scylla1,4,14.48,2093796557,10427106853,996000000,2710000000,1430000000,3130000000,3027912,False
vnodes,scaleout,join_command_start,2026-09-22T14:25:22.333666+00:00,448.734243,1379,r-scylla2,4,7.76,1997159793,10427106853,837000000,2700000000,1220000000,2970000000,3027912,False
vnodes,scaleout,join_command_start,2026-09-22T14:25:22.333666+00:00,448.734243,1379,r-scylla3,4,8.54,2000381018,10427106853,923000000,2790000000,1410000000,3220000000,3027912,False
vnodes,scaleout,join_command_start,2026-09-22T14:25:22.333666+00:00,448.734243,1379,r-scylla4,4,10.93,405484339,10427106853,530000000,264000000,1110000000,1370000000,3027912,False
vnodes,scaleout,join_command_start,2026-09-22T14:25:25.692619+00:00,452.093196,1380,r-scylla1,4,9.15,2094870299,10427106853,997000000,2710000000,1430000000,3130000000,3019064,False
vnodes,scaleout,join_command_start,2026-09-22T14:25:25.692619+00:00,452.093196,1380,r-scylla2,4,8.16,1998233534,10427106853,838000000,2700000000,1220000000,2980000000,3019064,False
vnodes,scaleout,join_command_start,2026-09-22T14:25:25.692619+00:00,452.093196,1380,r-scylla3,4,9.58,2000381018,10427106853,923000000,2790000000,1410000000,3220000000,3019064,False
vnodes,scaleout,join_command_start,2026-09-22T14:25:25.692619+00:00,452.093196,1380,r-scylla4,4,9.17,407162061,10427106853,530000000,266000000,1110000000,1370000000,3019064,False
vnodes,scaleout,join_command_start,2026-09-22T14:25:29.044953+00:00,455.445530,1381,r-scylla1,4,8.98,2093796557,10427106853,997000000,2710000000,1430000000,3130000000,3022380,False
vnodes,scaleout,join_command_start,2026-09-22T14:25:29.044953+00:00,455.445530,1381,r-scylla2,4,8.93,1997159793,10427106853,838000000,2710000000,1220000000,2980000000,3022380,False
vnodes,scaleout,join_command_start,2026-09-22T14:25:29.044953+00:00,455.445530,1381,r-scylla3,4,9.56,2000381018,10427106853,924000000,2800000000,1410000000,3220000000,3022380,False
vnodes,scaleout,join_command_start,2026-09-22T14:25:29.044953+00:00,455.445530,1381,r-scylla4,4,11.38,409364070,10427106853,531000000,268000000,1120000000,1370000000,3022380,False
vnodes,scaleout,join_command_start,2026-09-22T14:25:32.376464+00:00,458.777041,1382,r-scylla1,4,17.78,2093796557,10427106853,998000000,2710000000,1430000000,3130000000,3021116,False
vnodes,scaleout,join_command_start,2026-09-22T14:25:32.376464+00:00,458.777041,1382,r-scylla2,4,9.13,1997159793,10427106853,838000000,2710000000,1220000000,2980000000,3021116,False
vnodes,scaleout,join_command_start,2026-09-22T14:25:32.376464+00:00,458.777041,1382,r-scylla3,4,9.10,2000381018,10427106853,924000000,2800000000,1410000000,3220000000,3021116,False
vnodes,scaleout,join_command_start,2026-09-22T14:25:32.376464+00:00,458.777041,1382,r-scylla4,4,9.96,411041792,10427106853,531000000,270000000,1130000000,1370000000,3021116,False
vnodes,scaleout,join_command_start,2026-09-22T14:25:35.777547+00:00,462.178124,1383,r-scylla1,4,8.40,2094870299,10427106853,998000000,2720000000,1430000000,3130000000,3018512,False
vnodes,scaleout,join_command_start,2026-09-22T14:25:35.777547+00:00,462.178124,1383,r-scylla2,4,7.72,1998233534,10427106853,839000000,2710000000,1220000000,2980000000,3018512,False
vnodes,scaleout,join_command_start,2026-09-22T14:25:35.777547+00:00,462.178124,1383,r-scylla3,4,8.65,2000381018,10427106853,925000000,2800000000,1410000000,3220000000,3018512,False
vnodes,scaleout,join_command_start,2026-09-22T14:25:35.777547+00:00,462.178124,1383,r-scylla4,4,10.41,411985510,10427106853,532000000,272000000,1130000000,1370000000,3018512,False
vnodes,scaleout,join_command_start,2026-09-22T14:25:39.152327+00:00,465.552904,1384,r-scylla1,4,16.53,2093796557,10427106853,999000000,2720000000,1430000000,3130000000,3015184,False
vnodes,scaleout,join_command_start,2026-09-22T14:25:39.152327+00:00,465.552904,1384,r-scylla2,4,8.23,1997159793,10427106853,839000000,2710000000,1220000000,2980000000,3015184,False
vnodes,scaleout,join_command_start,2026-09-22T14:25:39.152327+00:00,465.552904,1384,r-scylla3,4,9.64,2000381018,10427106853,925000000,2800000000,1410000000,3220000000,3015184,False
vnodes,scaleout,join_command_start,2026-09-22T14:25:39.152327+00:00,465.552904,1384,r-scylla4,4,12.28,413872947,10427106853,532000000,273000000,1130000000,1380000000,3015184,False
vnodes,scaleout,join_command_start,2026-09-22T14:25:42.495791+00:00,468.896368,1385,r-scylla1,4,17.63,2094870299,10427106853,999000000,2720000000,1430000000,3130000000,3016416,False
vnodes,scaleout,join_command_start,2026-09-22T14:25:42.495791+00:00,468.896368,1385,r-scylla2,4,8.39,1998233534,10427106853,840000000,2710000000,1220000000,2980000000,3016416,False
vnodes,scaleout,join_command_start,2026-09-22T14:25:42.495791+00:00,468.896368,1385,r-scylla3,4,9.74,2000381018,10427106853,926000000,2800000000,1410000000,3230000000,3016416,False
vnodes,scaleout,join_command_start,2026-09-22T14:25:42.495791+00:00,468.896368,1385,r-scylla4,4,9.42,415760384,10427106853,533000000,276000000,1140000000,1380000000,3016416,False
vnodes,scaleout,join_command_start,2026-09-22T14:25:45.877733+00:00,472.278310,1386,r-scylla1,4,14.78,2093796557,10427106853,1000000000,2720000000,1430000000,3130000000,3013164,False
vnodes,scaleout,join_command_start,2026-09-22T14:25:45.877733+00:00,472.278310,1386,r-scylla2,4,9.08,1997159793,10427106853,840000000,2720000000,1220000000,2980000000,3013164,False
vnodes,scaleout,join_command_start,2026-09-22T14:25:45.877733+00:00,472.278310,1386,r-scylla3,4,10.01,2000381018,10427106853,926000000,2810000000,1410000000,3230000000,3013164,False
vnodes,scaleout,join_command_start,2026-09-22T14:25:45.877733+00:00,472.278310,1386,r-scylla4,4,10.22,417857536,10427106853,533000000,278000000,1140000000,1380000000,3013164,False
vnodes,scaleout,join_command_start,2026-09-22T14:25:49.168204+00:00,475.568781,1387,r-scylla1,4,10.06,2093796557,10427106853,1000000000,2720000000,1430000000,3130000000,3012480,False
vnodes,scaleout,join_command_start,2026-09-22T14:25:49.168204+00:00,475.568781,1387,r-scylla2,4,9.09,1997159793,10427106853,841000000,2720000000,1220000000,2980000000,3012480,False
vnodes,scaleout,join_command_start,2026-09-22T14:25:49.168204+00:00,475.568781,1387,r-scylla3,4,9.33,2000381018,10427106853,927000000,2810000000,1410000000,3230000000,3012480,False
vnodes,scaleout,join_command_start,2026-09-22T14:25:49.168204+00:00,475.568781,1387,r-scylla4,4,10.79,419010970,10427106853,534000000,280000000,1150000000,1380000000,3012480,False
vnodes,scaleout,join_command_start,2026-09-22T14:25:52.669309+00:00,479.069886,1388,r-scylla1,4,13.53,2094870299,10427106853,1000000000,2730000000,1430000000,3130000000,3003492,False
vnodes,scaleout,join_command_start,2026-09-22T14:25:52.669309+00:00,479.069886,1388,r-scylla2,4,9.59,1997159793,10427106853,841000000,2720000000,1220000000,2980000000,3003492,False
vnodes,scaleout,join_command_start,2026-09-22T14:25:52.669309+00:00,479.069886,1388,r-scylla3,4,10.04,2000381018,10427106853,927000000,2810000000,1410000000,3230000000,3003492,False
vnodes,scaleout,join_command_start,2026-09-22T14:25:52.669309+00:00,479.069886,1388,r-scylla4,4,10.49,421003264,10427106853,534000000,282000000,1150000000,1380000000,3003492,False
vnodes,scaleout,join_command_start,2026-09-22T14:25:56.042917+00:00,482.443494,1389,r-scylla1,4,18.31,2093796557,10427106853,1000000000,2730000000,1430000000,3140000000,3009752,False
vnodes,scaleout,join_command_start,2026-09-22T14:25:56.042917+00:00,482.443494,1389,r-scylla2,4,8.48,1998233534,10427106853,842000000,2720000000,1220000000,2980000000,3009752,False
vnodes,scaleout,join_command_start,2026-09-22T14:25:56.042917+00:00,482.443494,1389,r-scylla3,4,8.73,2001454760,10427106853,928000000,2810000000,1410000000,3230000000,3009752,False
vnodes,scaleout,join_command_start,2026-09-22T14:25:56.042917+00:00,482.443494,1389,r-scylla4,4,9.91,422785843,10427106853,535000000,284000000,1160000000,1380000000,3009752,False
vnodes,scaleout,join_command_start,2026-09-22T14:25:59.379309+00:00,485.779886,1390,r-scylla1,4,16.51,2093796557,10427106853,1000000000,2730000000,1430000000,3140000000,3007212,False
vnodes,scaleout,join_command_start,2026-09-22T14:25:59.379309+00:00,485.779886,1390,r-scylla2,4,7.75,1997159793,10427106853,842000000,2720000000,1220000000,2980000000,3007212,False
vnodes,scaleout,join_command_start,2026-09-22T14:25:59.379309+00:00,485.779886,1390,r-scylla3,4,8.86,2000381018,10427106853,928000000,2810000000,1410000000,3230000000,3007212,False
vnodes,scaleout,join_command_start,2026-09-22T14:25:59.379309+00:00,485.779886,1390,r-scylla4,4,9.77,423939277,10427106853,535000000,286000000,1160000000,1380000000,3007212,False
vnodes,scaleout,join_command_start,2026-09-22T14:26:02.799511+00:00,489.200088,1391,r-scylla1,4,10.05,2093796557,10427106853,1000000000,2730000000,1430000000,3140000000,3000720,False
vnodes,scaleout,join_command_start,2026-09-22T14:26:02.799511+00:00,489.200088,1391,r-scylla2,4,9.74,1997159793,10427106853,843000000,2730000000,1220000000,2980000000,3000720,False
vnodes,scaleout,join_command_start,2026-09-22T14:26:02.799511+00:00,489.200088,1391,r-scylla3,4,10.50,2000381018,10427106853,929000000,2820000000,1410000000,3230000000,3000720,False
vnodes,scaleout,join_command_start,2026-09-22T14:26:02.799511+00:00,489.200088,1391,r-scylla4,4,12.59,425826714,10427106853,536000000,288000000,1170000000,1380000000,3000720,False
vnodes,scaleout,join_command_start,2026-09-22T14:26:06.174235+00:00,492.574812,1392,r-scylla1,4,13.98,2101312750,10427106853,1000000000,2730000000,1430000000,3140000000,3008028,False
vnodes,scaleout,join_command_start,2026-09-22T14:26:06.174235+00:00,492.574812,1392,r-scylla2,4,7.94,1997159793,10427106853,843000000,2730000000,1220000000,2980000000,3008028,False
vnodes,scaleout,join_command_start,2026-09-22T14:26:06.174235+00:00,492.574812,1392,r-scylla3,4,9.23,2001454760,10427106853,930000000,2820000000,1410000000,3230000000,3008028,False
vnodes,scaleout,join_command_start,2026-09-22T14:26:06.174235+00:00,492.574812,1392,r-scylla4,4,10.13,427399578,10427106853,536000000,290000000,1170000000,1380000000,3008028,False
vnodes,scaleout,join_command_start,2026-09-22T14:26:09.496023+00:00,495.896600,1393,r-scylla1,4,17.37,2093796557,10427106853,1000000000,2740000000,1430000000,3140000000,3004652,False
vnodes,scaleout,join_command_start,2026-09-22T14:26:09.496023+00:00,495.896600,1393,r-scylla2,4,8.55,1997159793,10427106853,844000000,2730000000,1220000000,2980000000,3004652,False
vnodes,scaleout,join_command_start,2026-09-22T14:26:09.496023+00:00,495.896600,1393,r-scylla3,4,9.71,2000381018,10427106853,930000000,2820000000,1410000000,3230000000,3004652,False
vnodes,scaleout,join_command_start,2026-09-22T14:26:09.496023+00:00,495.896600,1393,r-scylla4,4,11.92,428762726,10427106853,536000000,292000000,1180000000,1380000000,3004652,False
vnodes,scaleout,join_command_start,2026-09-22T14:26:12.823532+00:00,499.224109,1394,r-scylla1,4,10.64,2093796557,10427106853,1000000000,2740000000,1430000000,3140000000,3002448,False
vnodes,scaleout,join_command_start,2026-09-22T14:26:12.823532+00:00,499.224109,1394,r-scylla2,4,9.04,1997159793,10427106853,844000000,2730000000,1220000000,2980000000,3002448,False
vnodes,scaleout,join_command_start,2026-09-22T14:26:12.823532+00:00,499.224109,1394,r-scylla3,4,10.90,2000381018,10427106853,931000000,2820000000,1410000000,3230000000,3002448,False
vnodes,scaleout,join_command_start,2026-09-22T14:26:12.823532+00:00,499.224109,1394,r-scylla4,4,11.15,430125875,10427106853,537000000,294000000,1180000000,1380000000,3002448,False
vnodes,scaleout,join_command_start,2026-09-22T14:26:16.149459+00:00,502.550036,1395,r-scylla1,4,17.55,2093796557,10427106853,1000000000,2740000000,1430000000,3140000000,3000420,False
vnodes,scaleout,join_command_start,2026-09-22T14:26:16.149459+00:00,502.550036,1395,r-scylla2,4,9.69,1997159793,10427106853,845000000,2730000000,1220000000,2980000000,3000420,False
vnodes,scaleout,join_command_start,2026-09-22T14:26:16.149459+00:00,502.550036,1395,r-scylla3,4,10.55,2000381018,10427106853,931000000,2820000000,1410000000,3230000000,3000420,False
vnodes,scaleout,join_command_start,2026-09-22T14:26:16.149459+00:00,502.550036,1395,r-scylla4,4,12.76,432013312,10427106853,537000000,295000000,1180000000,1380000000,3000420,False
vnodes,scaleout,join_command_start,2026-09-22T14:26:19.451288+00:00,505.851865,1396,r-scylla1,4,13.86,2100239008,10427106853,1010000000,2740000000,1430000000,3140000000,2997836,False
vnodes,scaleout,join_command_start,2026-09-22T14:26:19.451288+00:00,505.851865,1396,r-scylla2,4,8.32,1997159793,10427106853,845000000,2740000000,1220000000,2980000000,2997836,False
vnodes,scaleout,join_command_start,2026-09-22T14:26:19.451288+00:00,505.851865,1396,r-scylla3,4,8.56,2000381018,10427106853,932000000,2830000000,1410000000,3230000000,2997836,False
vnodes,scaleout,join_command_start,2026-09-22T14:26:19.451288+00:00,505.851865,1396,r-scylla4,4,11.12,433271603,10427106853,538000000,298000000,1190000000,1380000000,2997836,False
vnodes,scaleout,join_command_start,2026-09-22T14:26:22.777338+00:00,509.177915,1397,r-scylla1,4,10.01,2093796557,10427106853,1010000000,2750000000,1430000000,3140000000,3005232,False
vnodes,scaleout,join_command_start,2026-09-22T14:26:22.777338+00:00,509.177915,1397,r-scylla2,4,10.21,1997159793,10427106853,846000000,2740000000,1220000000,2980000000,3005232,False
vnodes,scaleout,join_command_start,2026-09-22T14:26:22.777338+00:00,509.177915,1397,r-scylla3,4,11.46,2000381018,10427106853,932000000,2830000000,1410000000,3230000000,3005232,False
vnodes,scaleout,join_command_start,2026-09-22T14:26:22.777338+00:00,509.177915,1397,r-scylla4,4,11.86,436312474,10427106853,539000000,300000000,1200000000,1380000000,3005232,False
vnodes,scaleout,join_command_start,2026-09-22T14:26:26.168514+00:00,512.569091,1398,r-scylla1,4,20.91,2093796557,10427106853,1010000000,2750000000,1430000000,3140000000,3001464,False
vnodes,scaleout,join_command_start,2026-09-22T14:26:26.168514+00:00,512.569091,1398,r-scylla2,4,11.32,1997159793,10427106853,846000000,2740000000,1220000000,2980000000,3001464,False
vnodes,scaleout,join_command_start,2026-09-22T14:26:26.168514+00:00,512.569091,1398,r-scylla3,4,13.27,2000381018,10427106853,933000000,2830000000,1410000000,3230000000,3001464,False
vnodes,scaleout,join_command_start,2026-09-22T14:26:26.168514+00:00,512.569091,1398,r-scylla4,4,13.92,437151334,10427106853,539000000,301000000,1200000000,1380000000,3001464,False
vnodes,scaleout,join_command_start,2026-09-22T14:26:29.508905+00:00,515.909482,1399,r-scylla1,4,8.58,2093796557,10427106853,1010000000,2750000000,1430000000,3140000000,2997844,False
vnodes,scaleout,join_command_start,2026-09-22T14:26:29.508905+00:00,515.909482,1399,r-scylla2,4,7.67,1997159793,10427106853,847000000,2740000000,1220000000,2980000000,2997844,False
vnodes,scaleout,join_command_start,2026-09-22T14:26:29.508905+00:00,515.909482,1399,r-scylla3,4,9.03,2000381018,10427106853,933000000,2830000000,1410000000,3230000000,2997844,False
vnodes,scaleout,join_command_start,2026-09-22T14:26:29.508905+00:00,515.909482,1399,r-scylla4,4,12.87,438619341,10427106853,539000000,304000000,1200000000,1380000000,2997844,False
vnodes,scaleout,join_command_start,2026-09-22T14:26:32.865891+00:00,519.266468,1400,r-scylla1,4,12.08,2093796557,10427106853,1010000000,2750000000,1430000000,3140000000,2996084,False
vnodes,scaleout,join_command_start,2026-09-22T14:26:32.865891+00:00,519.266468,1400,r-scylla2,4,9.64,1997159793,10427106853,847000000,2740000000,1220000000,2980000000,2996084,False
vnodes,scaleout,join_command_start,2026-09-22T14:26:32.865891+00:00,519.266468,1400,r-scylla3,4,10.09,2000381018,10427106853,934000000,2840000000,1410000000,3230000000,2996084,False
vnodes,scaleout,join_command_start,2026-09-22T14:26:32.865891+00:00,519.266468,1400,r-scylla4,4,12.46,439772774,10427106853,540000000,306000000,1210000000,1380000000,2996084,False
vnodes,scaleout,join_command_start,2026-09-22T14:26:36.255893+00:00,522.656470,1401,r-scylla1,4,8.53,2093796557,10427106853,1010000000,2750000000,1430000000,3140000000,2992100,False
vnodes,scaleout,join_command_start,2026-09-22T14:26:36.255893+00:00,522.656470,1401,r-scylla2,4,8.02,1997159793,10427106853,848000000,2750000000,1220000000,2980000000,2992100,False
vnodes,scaleout,join_command_start,2026-09-22T14:26:36.255893+00:00,522.656470,1401,r-scylla3,4,9.37,2001454760,10427106853,934000000,2840000000,1410000000,3230000000,2992100,False
vnodes,scaleout,join_command_start,2026-09-22T14:26:36.255893+00:00,522.656470,1401,r-scylla4,4,11.33,441869926,10427106853,541000000,308000000,1210000000,1380000000,2992100,False
vnodes,scaleout,join_command_start,2026-09-22T14:26:39.594939+00:00,525.995516,1402,r-scylla1,4,8.87,2094870299,10427106853,1010000000,2760000000,1430000000,3140000000,2988640,False
vnodes,scaleout,join_command_start,2026-09-22T14:26:39.594939+00:00,525.995516,1402,r-scylla2,4,8.61,1997159793,10427106853,848000000,2750000000,1220000000,2980000000,2988640,False
vnodes,scaleout,join_command_start,2026-09-22T14:26:39.594939+00:00,525.995516,1402,r-scylla3,4,8.75,2000381018,10427106853,935000000,2840000000,1410000000,3230000000,2988640,False
vnodes,scaleout,join_command_start,2026-09-22T14:26:39.594939+00:00,525.995516,1402,r-scylla4,4,10.71,443442790,10427106853,541000000,310000000,1220000000,1380000000,2988640,False
vnodes,scaleout,join_command_start,2026-09-22T14:26:42.987001+00:00,529.387578,1403,r-scylla1,4,16.46,2094870299,10427106853,1010000000,2760000000,1430000000,3140000000,2984412,False
vnodes,scaleout,join_command_start,2026-09-22T14:26:42.987001+00:00,529.387578,1403,r-scylla2,4,8.55,1997159793,10427106853,849000000,2750000000,1220000000,2980000000,2984412,False
vnodes,scaleout,join_command_start,2026-09-22T14:26:42.987001+00:00,529.387578,1403,r-scylla3,4,9.96,2000381018,10427106853,936000000,2840000000,1410000000,3230000000,2984412,False
vnodes,scaleout,join_command_start,2026-09-22T14:26:42.987001+00:00,529.387578,1403,r-scylla4,4,11.03,445015654,10427106853,541000000,312000000,1220000000,1380000000,2984412,False
vnodes,scaleout,join_command_start,2026-09-22T14:26:46.291097+00:00,532.691674,1404,r-scylla1,4,12.94,2101312750,10427106853,1010000000,2760000000,1430000000,3140000000,2975140,False
vnodes,scaleout,join_command_start,2026-09-22T14:26:46.291097+00:00,532.691674,1404,r-scylla2,4,7.31,1997159793,10427106853,849000000,2750000000,1220000000,2980000000,2975140,False
vnodes,scaleout,join_command_start,2026-09-22T14:26:46.291097+00:00,532.691674,1404,r-scylla3,4,8.18,2000381018,10427106853,936000000,2840000000,1410000000,3230000000,2975140,False
vnodes,scaleout,join_command_start,2026-09-22T14:26:46.291097+00:00,532.691674,1404,r-scylla4,4,13.18,446483661,10427106853,542000000,314000000,1230000000,1380000000,2975140,False
vnodes,scaleout,join_command_start,2026-09-22T14:26:49.671963+00:00,536.072540,1405,r-scylla1,4,5.62,2093796557,10427106853,1010000000,2760000000,1430000000,3140000000,2982272,False
vnodes,scaleout,join_command_start,2026-09-22T14:26:49.671963+00:00,536.072540,1405,r-scylla2,4,5.68,1997159793,10427106853,850000000,2750000000,1220000000,2980000000,2982272,False
vnodes,scaleout,join_command_start,2026-09-22T14:26:49.671963+00:00,536.072540,1405,r-scylla3,4,5.68,2000381018,10427106853,937000000,2850000000,1410000000,3230000000,2982272,False
vnodes,scaleout,join_command_start,2026-09-22T14:26:49.671963+00:00,536.072540,1405,r-scylla4,4,8.59,447741952,10427106853,542000000,316000000,1230000000,1380000000,2982272,False
vnodes,scaleout,join_command_start,2026-09-22T14:26:53.002667+00:00,539.403244,1406,r-scylla1,4,18.29,2094870299,10427106853,1010000000,2760000000,1430000000,3140000000,2980216,False
vnodes,scaleout,join_command_start,2026-09-22T14:26:53.002667+00:00,539.403244,1406,r-scylla2,4,9.40,1997159793,10427106853,850000000,2760000000,1220000000,2980000000,2980216,False
vnodes,scaleout,join_command_start,2026-09-22T14:26:53.002667+00:00,539.403244,1406,r-scylla3,4,9.75,2000381018,10427106853,937000000,2850000000,1410000000,3230000000,2980216,False
vnodes,scaleout,join_command_start,2026-09-22T14:26:53.002667+00:00,539.403244,1406,r-scylla4,4,12.98,449524531,10427106853,543000000,318000000,1230000000,1380000000,2980216,False
vnodes,scaleout,join_command_start,2026-09-22T14:26:56.373755+00:00,542.774332,1407,r-scylla1,4,10.10,2093796557,10427106853,1010000000,2770000000,1430000000,3140000000,2979840,False
vnodes,scaleout,join_command_start,2026-09-22T14:26:56.373755+00:00,542.774332,1407,r-scylla2,4,9.93,1997159793,10427106853,850000000,2760000000,1220000000,2980000000,2979840,False
vnodes,scaleout,join_command_start,2026-09-22T14:26:56.373755+00:00,542.774332,1407,r-scylla3,4,11.77,2000381018,10427106853,938000000,2850000000,1410000000,3230000000,2979840,False
vnodes,scaleout,join_command_start,2026-09-22T14:26:56.373755+00:00,542.774332,1407,r-scylla4,4,12.15,450992538,10427106853,543000000,320000000,1240000000,1380000000,2979840,False
vnodes,scaleout,join_command_start,2026-09-22T14:26:59.731876+00:00,546.132453,1408,r-scylla1,4,12.96,2094870299,10427106853,1010000000,2770000000,1430000000,3140000000,2979148,False
vnodes,scaleout,join_command_start,2026-09-22T14:26:59.731876+00:00,546.132453,1408,r-scylla2,4,8.81,1997159793,10427106853,851000000,2760000000,1220000000,2980000000,2979148,False
vnodes,scaleout,join_command_start,2026-09-22T14:26:59.731876+00:00,546.132453,1408,r-scylla3,4,9.44,2000381018,10427106853,938000000,2850000000,1410000000,3230000000,2979148,False
vnodes,scaleout,join_command_start,2026-09-22T14:26:59.731876+00:00,546.132453,1408,r-scylla4,4,11.93,452565402,10427106853,544000000,322000000,1240000000,1380000000,2979148,False
vnodes,scaleout,join_command_start,2026-09-22T14:27:03.065403+00:00,549.465980,1409,r-scylla1,4,16.41,2094870299,10427106853,1010000000,2770000000,1430000000,3140000000,2978688,False
vnodes,scaleout,join_command_start,2026-09-22T14:27:03.065403+00:00,549.465980,1409,r-scylla2,4,8.89,1997159793,10427106853,851000000,2760000000,1220000000,2980000000,2978688,False
vnodes,scaleout,join_command_start,2026-09-22T14:27:03.065403+00:00,549.465980,1409,r-scylla3,4,10.59,2000381018,10427106853,939000000,2850000000,1410000000,3230000000,2978688,False
vnodes,scaleout,join_command_start,2026-09-22T14:27:03.065403+00:00,549.465980,1409,r-scylla4,4,13.28,454557696,10427106853,544000000,324000000,1250000000,1380000000,2978688,False
vnodes,scaleout,join_command_start,2026-09-22T14:27:06.419055+00:00,552.819632,1410,r-scylla1,4,8.64,2093796557,10427106853,1010000000,2770000000,1430000000,3140000000,2976804,False
vnodes,scaleout,join_command_start,2026-09-22T14:27:06.419055+00:00,552.819632,1410,r-scylla2,4,8.45,1997159793,10427106853,852000000,2760000000,1220000000,2980000000,2976804,False
vnodes,scaleout,join_command_start,2026-09-22T14:27:06.419055+00:00,552.819632,1410,r-scylla3,4,9.53,2000381018,10427106853,939000000,2860000000,1410000000,3230000000,2976804,False
vnodes,scaleout,join_command_start,2026-09-22T14:27:06.419055+00:00,552.819632,1410,r-scylla4,4,11.41,455606272,10427106853,545000000,326000000,1250000000,1380000000,2976804,False
vnodes,scaleout,join_command_start,2026-09-22T14:27:09.757458+00:00,556.158035,1411,r-scylla1,4,19.73,2094870299,10427106853,1010000000,2780000000,1430000000,3140000000,2976460,False
vnodes,scaleout,join_command_start,2026-09-22T14:27:09.757458+00:00,556.158035,1411,r-scylla2,4,8.71,1997159793,10427106853,852000000,2770000000,1220000000,2980000000,2976460,False
vnodes,scaleout,join_command_start,2026-09-22T14:27:09.757458+00:00,556.158035,1411,r-scylla3,4,9.54,2000381018,10427106853,940000000,2860000000,1410000000,3230000000,2976460,False
vnodes,scaleout,join_command_start,2026-09-22T14:27:09.757458+00:00,556.158035,1411,r-scylla4,4,13.34,457493709,10427106853,545000000,328000000,1260000000,1380000000,2976460,False
vnodes,scaleout,join_command_start,2026-09-22T14:27:13.099914+00:00,559.500491,1412,r-scylla1,4,11.60,2095944040,10427106853,1010000000,2780000000,1430000000,3140000000,2966288,False
vnodes,scaleout,join_command_start,2026-09-22T14:27:13.099914+00:00,559.500491,1412,r-scylla2,4,8.16,1997159793,10427106853,853000000,2770000000,1220000000,2980000000,2966288,False
vnodes,scaleout,join_command_start,2026-09-22T14:27:13.099914+00:00,559.500491,1412,r-scylla3,4,8.18,2000381018,10427106853,940000000,2860000000,1410000000,3230000000,2966288,False
vnodes,scaleout,join_command_start,2026-09-22T14:27:13.099914+00:00,559.500491,1412,r-scylla4,4,13.02,459066573,10427106853,546000000,330000000,1260000000,1380000000,2966288,False
vnodes,scaleout,join_command_start,2026-09-22T14:27:16.400839+00:00,562.801416,1413,r-scylla1,4,12.74,2093796557,10427106853,1010000000,2780000000,1430000000,3140000000,2970400,False
vnodes,scaleout,join_command_start,2026-09-22T14:27:16.400839+00:00,562.801416,1413,r-scylla2,4,9.42,1997159793,10427106853,853000000,2770000000,1220000000,2980000000,2970400,False
vnodes,scaleout,join_command_start,2026-09-22T14:27:16.400839+00:00,562.801416,1413,r-scylla3,4,10.18,2000381018,10427106853,941000000,2860000000,1410000000,3230000000,2970400,False
vnodes,scaleout,join_command_start,2026-09-22T14:27:16.400839+00:00,562.801416,1413,r-scylla4,4,11.79,460849152,10427106853,546000000,332000000,1270000000,1380000000,2970400,False
vnodes,scaleout,join_command_start,2026-09-22T14:27:19.710188+00:00,566.110765,1414,r-scylla1,4,14.75,2094870299,10427106853,1010000000,2780000000,1430000000,3140000000,2969252,False
vnodes,scaleout,join_command_start,2026-09-22T14:27:19.710188+00:00,566.110765,1414,r-scylla2,4,7.68,1997159793,10427106853,854000000,2770000000,1220000000,2980000000,2969252,False
vnodes,scaleout,join_command_start,2026-09-22T14:27:19.710188+00:00,566.110765,1414,r-scylla3,4,9.17,2000381018,10427106853,941000000,2860000000,1410000000,3230000000,2969252,False
vnodes,scaleout,join_command_start,2026-09-22T14:27:19.710188+00:00,566.110765,1414,r-scylla4,4,10.64,462526874,10427106853,547000000,334000000,1270000000,1380000000,2969252,False
vnodes,scaleout,join_command_start,2026-09-22T14:27:23.073234+00:00,569.473811,1415,r-scylla1,4,17.80,2093796557,10427106853,1010000000,2780000000,1430000000,3140000000,2968644,False
vnodes,scaleout,join_command_start,2026-09-22T14:27:23.073234+00:00,569.473811,1415,r-scylla2,4,7.90,1997159793,10427106853,854000000,2770000000,1220000000,2980000000,2968644,False
vnodes,scaleout,join_command_start,2026-09-22T14:27:23.073234+00:00,569.473811,1415,r-scylla3,4,8.08,2000381018,10427106853,942000000,2870000000,1410000000,3230000000,2968644,False
vnodes,scaleout,join_command_start,2026-09-22T14:27:23.073234+00:00,569.473811,1415,r-scylla4,4,9.25,464099738,10427106853,547000000,337000000,1280000000,1380000000,2968644,False
vnodes,scaleout,join_command_start,2026-09-22T14:27:26.372268+00:00,572.772845,1416,r-scylla1,4,19.22,2093796557,10427106853,1020000000,2790000000,1430000000,3140000000,2965812,False
vnodes,scaleout,join_command_start,2026-09-22T14:27:26.372268+00:00,572.772845,1416,r-scylla2,4,9.54,1997159793,10427106853,855000000,2780000000,1220000000,2980000000,2965812,False
vnodes,scaleout,join_command_start,2026-09-22T14:27:26.372268+00:00,572.772845,1416,r-scylla3,4,11.19,2001454760,10427106853,943000000,2870000000,1410000000,3230000000,2965812,False
vnodes,scaleout,join_command_start,2026-09-22T14:27:26.372268+00:00,572.772845,1416,r-scylla4,4,11.57,465672602,10427106853,548000000,339000000,1280000000,1380000000,2965812,False
vnodes,scaleout,join_command_start,2026-09-22T14:27:29.680471+00:00,576.081048,1417,r-scylla1,4,13.11,2101312750,10427106853,1020000000,2790000000,1430000000,3140000000,2957000,False
vnodes,scaleout,join_command_start,2026-09-22T14:27:29.680471+00:00,576.081048,1417,r-scylla2,4,8.10,1997159793,10427106853,855000000,2780000000,1220000000,2980000000,2957000,False
vnodes,scaleout,join_command_start,2026-09-22T14:27:29.680471+00:00,576.081048,1417,r-scylla3,4,9.11,2001454760,10427106853,943000000,2870000000,1410000000,3230000000,2957000,False
vnodes,scaleout,join_command_start,2026-09-22T14:27:29.680471+00:00,576.081048,1417,r-scylla4,4,11.54,467035750,10427106853,548000000,340000000,1280000000,1380000000,2957000,False
vnodes,scaleout,join_command_start,2026-09-22T14:27:33.021965+00:00,579.422542,1418,r-scylla1,4,10.64,2094870299,10427106853,1020000000,2790000000,1430000000,3140000000,2961500,False
vnodes,scaleout,join_command_start,2026-09-22T14:27:33.021965+00:00,579.422542,1418,r-scylla2,4,9.55,1997159793,10427106853,856000000,2780000000,1220000000,2980000000,2961500,False
vnodes,scaleout,join_command_start,2026-09-22T14:27:33.021965+00:00,579.422542,1418,r-scylla3,4,10.77,2000381018,10427106853,944000000,2870000000,1410000000,3230000000,2961500,False
vnodes,scaleout,join_command_start,2026-09-22T14:27:33.021965+00:00,579.422542,1418,r-scylla4,4,10.72,468713472,10427106853,549000000,342000000,1290000000,1380000000,2961500,False
vnodes,scaleout,join_command_start,2026-09-22T14:27:36.332258+00:00,582.732835,1419,r-scylla1,4,9.09,2093796557,10427106853,1020000000,2790000000,1430000000,3140000000,2959968,False
vnodes,scaleout,join_command_start,2026-09-22T14:27:36.332258+00:00,582.732835,1419,r-scylla2,4,8.42,1997159793,10427106853,856000000,2780000000,1220000000,2980000000,2959968,False
vnodes,scaleout,join_command_start,2026-09-22T14:27:36.332258+00:00,582.732835,1419,r-scylla3,4,10.30,2000381018,10427106853,944000000,2870000000,1410000000,3230000000,2959968,False
vnodes,scaleout,join_command_start,2026-09-22T14:27:36.332258+00:00,582.732835,1419,r-scylla4,4,11.92,469971763,10427106853,549000000,344000000,1290000000,1380000000,2959968,False
vnodes,scaleout,join_command_start,2026-09-22T14:27:39.691882+00:00,586.092459,1420,r-scylla1,4,9.34,2094870299,10427106853,1020000000,2790000000,1430000000,3140000000,2960012,False
vnodes,scaleout,join_command_start,2026-09-22T14:27:39.691882+00:00,586.092459,1420,r-scylla2,4,8.62,1997159793,10427106853,857000000,2780000000,1220000000,2980000000,2960012,False
vnodes,scaleout,join_command_start,2026-09-22T14:27:39.691882+00:00,586.092459,1420,r-scylla3,4,9.28,2000381018,10427106853,945000000,2880000000,1410000000,3230000000,2960012,False
vnodes,scaleout,join_command_start,2026-09-22T14:27:39.691882+00:00,586.092459,1420,r-scylla4,4,11.41,472068915,10427106853,550000000,346000000,1300000000,1380000000,2960012,False
vnodes,scaleout,join_command_start,2026-09-22T14:27:42.983970+00:00,589.384547,1421,r-scylla1,4,15.15,2094870299,10427106853,1020000000,2800000000,1430000000,3140000000,2956124,False
vnodes,scaleout,join_command_start,2026-09-22T14:27:42.983970+00:00,589.384547,1421,r-scylla2,4,8.99,1997159793,10427106853,857000000,2790000000,1220000000,2980000000,2956124,False
vnodes,scaleout,join_command_start,2026-09-22T14:27:42.983970+00:00,589.384547,1421,r-scylla3,4,10.09,2000381018,10427106853,945000000,2880000000,1410000000,3230000000,2956124,False
vnodes,scaleout,join_command_start,2026-09-22T14:27:42.983970+00:00,589.384547,1421,r-scylla4,4,12.19,473641779,10427106853,550000000,348000000,1300000000,1380000000,2956124,False
vnodes,scaleout,join_command_start,2026-09-22T14:27:46.317246+00:00,592.717823,1422,r-scylla1,4,12.76,2101312750,10427106853,1020000000,2800000000,1430000000,3140000000,2957620,False
vnodes,scaleout,join_command_start,2026-09-22T14:27:46.317246+00:00,592.717823,1422,r-scylla2,4,7.60,1997159793,10427106853,858000000,2790000000,1220000000,2980000000,2957620,False
vnodes,scaleout,join_command_start,2026-09-22T14:27:46.317246+00:00,592.717823,1422,r-scylla3,4,8.31,2000381018,10427106853,946000000,2880000000,1410000000,3230000000,2957620,False
vnodes,scaleout,join_command_start,2026-09-22T14:27:46.317246+00:00,592.717823,1422,r-scylla4,4,12.12,474900070,10427106853,551000000,350000000,1310000000,1380000000,2957620,False
vnodes,scaleout,join_command_start,2026-09-22T14:27:49.660179+00:00,596.060756,1423,r-scylla1,4,18.91,2093796557,10427106853,1020000000,2800000000,1430000000,3140000000,2957012,False
vnodes,scaleout,join_command_start,2026-09-22T14:27:49.660179+00:00,596.060756,1423,r-scylla2,4,7.06,1997159793,10427106853,858000000,2790000000,1220000000,2980000000,2957012,False
vnodes,scaleout,join_command_start,2026-09-22T14:27:49.660179+00:00,596.060756,1423,r-scylla3,4,7.85,2000381018,10427106853,946000000,2880000000,1410000000,3230000000,2957012,False
vnodes,scaleout,join_command_start,2026-09-22T14:27:49.660179+00:00,596.060756,1423,r-scylla4,4,11.63,476472934,10427106853,551000000,352000000,1310000000,1380000000,2957012,False
vnodes,scaleout,join_command_start,2026-09-22T14:27:52.997388+00:00,599.397965,1424,r-scylla1,4,15.31,2094870299,10427106853,1020000000,2800000000,1430000000,3140000000,2959568,False
vnodes,scaleout,join_command_start,2026-09-22T14:27:52.997388+00:00,599.397965,1424,r-scylla2,4,8.39,1997159793,10427106853,859000000,2790000000,1220000000,2980000000,2959568,False
vnodes,scaleout,join_command_start,2026-09-22T14:27:52.997388+00:00,599.397965,1424,r-scylla3,4,9.24,2000381018,10427106853,947000000,2890000000,1410000000,3230000000,2959568,False
vnodes,scaleout,join_command_start,2026-09-22T14:27:52.997388+00:00,599.397965,1424,r-scylla4,4,11.30,478045798,10427106853,552000000,354000000,1310000000,1380000000,2959568,False
vnodes,scaleout,join_command_start,2026-09-22T14:27:56.298809+00:00,602.699386,1425,r-scylla1,4,9.48,2093796557,10427106853,1020000000,2800000000,1430000000,3140000000,2951484,False
vnodes,scaleout,join_command_start,2026-09-22T14:27:56.298809+00:00,602.699386,1425,r-scylla2,4,11.15,1998233534,10427106853,859000000,2790000000,1220000000,2980000000,2951484,False
vnodes,scaleout,join_command_start,2026-09-22T14:27:56.298809+00:00,602.699386,1425,r-scylla3,4,10.01,2000381018,10427106853,947000000,2890000000,1410000000,3230000000,2951484,False
vnodes,scaleout,join_command_start,2026-09-22T14:27:56.298809+00:00,602.699386,1425,r-scylla4,4,12.77,479828378,10427106853,552000000,357000000,1320000000,1380000000,2951484,False
vnodes,scaleout,join_command_start,2026-09-22T14:27:59.687554+00:00,606.088131,1426,r-scylla1,4,10.69,2093796557,10427106853,1020000000,2810000000,1430000000,3140000000,2955124,False
vnodes,scaleout,join_command_start,2026-09-22T14:27:59.687554+00:00,606.088131,1426,r-scylla2,4,7.74,1997159793,10427106853,859000000,2800000000,1220000000,2980000000,2955124,False
vnodes,scaleout,join_command_start,2026-09-22T14:27:59.687554+00:00,606.088131,1426,r-scylla3,4,8.37,2000381018,10427106853,948000000,2890000000,1410000000,3230000000,2955124,False
vnodes,scaleout,join_command_start,2026-09-22T14:27:59.687554+00:00,606.088131,1426,r-scylla4,4,10.67,481925530,10427106853,553000000,359000000,1320000000,1380000000,2955124,False
vnodes,scaleout,join_command_start,2026-09-22T14:28:02.999374+00:00,609.399951,1427,r-scylla1,4,18.01,2094870299,10427106853,1020000000,2810000000,1430000000,3140000000,2949376,False
vnodes,scaleout,join_command_start,2026-09-22T14:28:02.999374+00:00,609.399951,1427,r-scylla2,4,9.57,1997159793,10427106853,860000000,2800000000,1220000000,2980000000,2949376,False
vnodes,scaleout,join_command_start,2026-09-22T14:28:02.999374+00:00,609.399951,1427,r-scylla3,4,10.49,2000381018,10427106853,948000000,2890000000,1410000000,3230000000,2949376,False
vnodes,scaleout,join_command_start,2026-09-22T14:28:02.999374+00:00,609.399951,1427,r-scylla4,4,10.34,482659533,10427106853,553000000,360000000,1330000000,1380000000,2949376,False
vnodes,scaleout,join_command_start,2026-09-22T14:28:06.401622+00:00,612.802199,1428,r-scylla1,4,8.59,2093796557,10427106853,1020000000,2810000000,1430000000,3140000000,2947440,False
vnodes,scaleout,join_command_start,2026-09-22T14:28:06.401622+00:00,612.802199,1428,r-scylla2,4,7.83,1997159793,10427106853,860000000,2800000000,1220000000,2980000000,2947440,False
vnodes,scaleout,join_command_start,2026-09-22T14:28:06.401622+00:00,612.802199,1428,r-scylla3,4,9.58,2000381018,10427106853,949000000,2890000000,1410000000,3240000000,2947440,False
vnodes,scaleout,join_command_start,2026-09-22T14:28:06.401622+00:00,612.802199,1428,r-scylla4,4,11.93,484966400,10427106853,554000000,363000000,1330000000,1380000000,2947440,False
vnodes,scaleout,join_command_start,2026-09-22T14:28:09.714650+00:00,616.115227,1429,r-scylla1,4,18.22,2093796557,10427106853,1020000000,2810000000,1430000000,3140000000,2949548,False
vnodes,scaleout,join_command_start,2026-09-22T14:28:09.714650+00:00,616.115227,1429,r-scylla2,4,9.39,1997159793,10427106853,861000000,2800000000,1220000000,2980000000,2949548,False
vnodes,scaleout,join_command_start,2026-09-22T14:28:09.714650+00:00,616.115227,1429,r-scylla3,4,11.98,2000381018,10427106853,950000000,2900000000,1410000000,3240000000,2949548,False
vnodes,scaleout,join_command_start,2026-09-22T14:28:09.714650+00:00,616.115227,1429,r-scylla4,4,12.70,486329549,10427106853,554000000,364000000,1340000000,1380000000,2949548,False
vnodes,scaleout,join_command_start,2026-09-22T14:28:13.054132+00:00,619.454709,1430,r-scylla1,4,14.92,2100239008,10427106853,1020000000,2810000000,1430000000,3140000000,2945816,False
vnodes,scaleout,join_command_start,2026-09-22T14:28:13.054132+00:00,619.454709,1430,r-scylla2,4,9.60,1998233534,10427106853,861000000,2800000000,1220000000,2990000000,2945816,False
vnodes,scaleout,join_command_start,2026-09-22T14:28:13.054132+00:00,619.454709,1430,r-scylla3,4,9.76,2000381018,10427106853,950000000,2900000000,1410000000,3240000000,2945816,False
vnodes,scaleout,join_command_start,2026-09-22T14:28:13.054132+00:00,619.454709,1430,r-scylla4,4,9.81,487587840,10427106853,555000000,367000000,1340000000,1380000000,2945816,False
vnodes,scaleout,join_command_start,2026-09-22T14:28:16.434311+00:00,622.834888,1431,r-scylla1,4,18.28,2093796557,10427106853,1020000000,2820000000,1430000000,3140000000,2944616,False
vnodes,scaleout,join_command_start,2026-09-22T14:28:16.434311+00:00,622.834888,1431,r-scylla2,4,9.25,1997159793,10427106853,862000000,2810000000,1220000000,2990000000,2944616,False
vnodes,scaleout,join_command_start,2026-09-22T14:28:16.434311+00:00,622.834888,1431,r-scylla3,4,9.07,2000381018,10427106853,951000000,2900000000,1410000000,3240000000,2944616,False
vnodes,scaleout,join_command_start,2026-09-22T14:28:16.434311+00:00,622.834888,1431,r-scylla4,4,12.37,489684992,10427106853,555000000,369000000,1350000000,1390000000,2944616,False
vnodes,scaleout,join_command_start,2026-09-22T14:28:19.775373+00:00,626.175950,1432,r-scylla1,4,19.72,2093796557,10427106853,1020000000,2820000000,1430000000,3140000000,2941272,False
vnodes,scaleout,join_command_start,2026-09-22T14:28:19.775373+00:00,626.175950,1432,r-scylla2,4,7.67,1997159793,10427106853,862000000,2810000000,1220000000,2990000000,2941272,False
vnodes,scaleout,join_command_start,2026-09-22T14:28:19.775373+00:00,626.175950,1432,r-scylla3,4,10.80,2000381018,10427106853,951000000,2900000000,1410000000,3240000000,2941272,False
vnodes,scaleout,join_command_start,2026-09-22T14:28:19.775373+00:00,626.175950,1432,r-scylla4,4,12.13,491362714,10427106853,556000000,371000000,1350000000,1390000000,2941272,False
vnodes,scaleout,join_command_start,2026-09-22T14:28:23.195371+00:00,629.595948,1433,r-scylla1,4,18.82,2094870299,10427106853,1020000000,2820000000,1430000000,3140000000,2933264,False
vnodes,scaleout,join_command_start,2026-09-22T14:28:23.195371+00:00,629.595948,1433,r-scylla2,4,9.09,1997159793,10427106853,863000000,2810000000,1220000000,2990000000,2933264,False
vnodes,scaleout,join_command_start,2026-09-22T14:28:23.195371+00:00,629.595948,1433,r-scylla3,4,9.61,2001454760,10427106853,952000000,2900000000,1410000000,3240000000,2933264,False
vnodes,scaleout,join_command_start,2026-09-22T14:28:23.195371+00:00,629.595948,1433,r-scylla4,4,13.05,492201574,10427106853,556000000,372000000,1350000000,1390000000,2933264,False
vnodes,scaleout,join_command_start,2026-09-22T14:28:26.583452+00:00,632.984029,1434,r-scylla1,4,11.18,2101312750,10427106853,1020000000,2820000000,1430000000,3140000000,2935944,False
vnodes,scaleout,join_command_start,2026-09-22T14:28:26.583452+00:00,632.984029,1434,r-scylla2,4,10.54,1997159793,10427106853,863000000,2810000000,1220000000,2990000000,2935944,False
vnodes,scaleout,join_command_start,2026-09-22T14:28:26.583452+00:00,632.984029,1434,r-scylla3,4,11.89,2001454760,10427106853,952000000,2910000000,1410000000,3240000000,2935944,False
vnodes,scaleout,join_command_start,2026-09-22T14:28:26.583452+00:00,632.984029,1434,r-scylla4,4,13.87,494508442,10427106853,557000000,375000000,1360000000,1390000000,2935944,False
vnodes,scaleout,join_command_start,2026-09-22T14:28:29.980784+00:00,636.381361,1435,r-scylla1,4,15.76,2094870299,10427106853,1030000000,2830000000,1430000000,3150000000,2936156,False
vnodes,scaleout,join_command_start,2026-09-22T14:28:29.980784+00:00,636.381361,1435,r-scylla2,4,7.76,1997159793,10427106853,864000000,2810000000,1220000000,2990000000,2936156,False
vnodes,scaleout,join_command_start,2026-09-22T14:28:29.980784+00:00,636.381361,1435,r-scylla3,4,10.08,2000381018,10427106853,953000000,2910000000,1410000000,3240000000,2936156,False
vnodes,scaleout,join_command_start,2026-09-22T14:28:29.980784+00:00,636.381361,1435,r-scylla4,4,12.77,495347302,10427106853,557000000,376000000,1360000000,1390000000,2936156,False
vnodes,scaleout,join_command_start,2026-09-22T14:28:33.322929+00:00,639.723506,1436,r-scylla1,4,19.26,2093796557,10427106853,1030000000,2830000000,1430000000,3150000000,2938680,False
vnodes,scaleout,join_command_start,2026-09-22T14:28:33.322929+00:00,639.723506,1436,r-scylla2,4,10.44,1997159793,10427106853,864000000,2820000000,1220000000,2990000000,2938680,False
vnodes,scaleout,join_command_start,2026-09-22T14:28:33.322929+00:00,639.723506,1436,r-scylla3,4,11.08,2000381018,10427106853,953000000,2910000000,1410000000,3240000000,2938680,False
vnodes,scaleout,join_command_start,2026-09-22T14:28:33.322929+00:00,639.723506,1436,r-scylla4,4,12.10,497339597,10427106853,558000000,379000000,1370000000,1390000000,2938680,False
vnodes,scaleout,join_command_start,2026-09-22T14:28:36.727101+00:00,643.127678,1437,r-scylla1,4,11.87,2098091524,10427106853,1030000000,2830000000,1430000000,3150000000,2938700,False
vnodes,scaleout,join_command_start,2026-09-22T14:28:36.727101+00:00,643.127678,1437,r-scylla2,4,9.80,1997159793,10427106853,865000000,2820000000,1220000000,2990000000,2938700,False
vnodes,scaleout,join_command_start,2026-09-22T14:28:36.727101+00:00,643.127678,1437,r-scylla3,4,9.86,2000381018,10427106853,954000000,2910000000,1410000000,3240000000,2938700,False
vnodes,scaleout,join_command_start,2026-09-22T14:28:36.727101+00:00,643.127678,1437,r-scylla4,4,11.95,498912461,10427106853,558000000,381000000,1370000000,1390000000,2938700,False
vnodes,scaleout,join_command_start,2026-09-22T14:28:40.106853+00:00,646.507430,1438,r-scylla1,4,16.89,2101312750,10427106853,1030000000,2830000000,1430000000,3150000000,2934696,False
vnodes,scaleout,join_command_start,2026-09-22T14:28:40.106853+00:00,646.507430,1438,r-scylla2,4,9.35,1997159793,10427106853,865000000,2820000000,1220000000,2990000000,2934696,False
vnodes,scaleout,join_command_start,2026-09-22T14:28:40.106853+00:00,646.507430,1438,r-scylla3,4,9.59,2000381018,10427106853,954000000,2910000000,1410000000,3240000000,2934696,False
vnodes,scaleout,join_command_start,2026-09-22T14:28:40.106853+00:00,646.507430,1438,r-scylla4,4,11.53,499961037,10427106853,559000000,382000000,1380000000,1390000000,2934696,False
vnodes,scaleout,join_command_start,2026-09-22T14:28:43.524896+00:00,649.925473,1439,r-scylla1,4,17.11,2094870299,10427106853,1030000000,2830000000,1430000000,3150000000,2933788,False
vnodes,scaleout,join_command_start,2026-09-22T14:28:43.524896+00:00,649.925473,1439,r-scylla2,4,8.56,1997159793,10427106853,866000000,2820000000,1220000000,2990000000,2933788,False
vnodes,scaleout,join_command_start,2026-09-22T14:28:43.524896+00:00,649.925473,1439,r-scylla3,4,8.95,2000381018,10427106853,955000000,2920000000,1410000000,3240000000,2933788,False
vnodes,scaleout,join_command_start,2026-09-22T14:28:43.524896+00:00,649.925473,1439,r-scylla4,4,9.76,501953331,10427106853,559000000,385000000,1380000000,1390000000,2933788,False
vnodes,scaleout,join_command_start,2026-09-22T14:28:46.862654+00:00,653.263231,1440,r-scylla1,4,17.61,2093796557,10427106853,1030000000,2840000000,1430000000,3150000000,2931100,False
vnodes,scaleout,join_command_start,2026-09-22T14:28:46.862654+00:00,653.263231,1440,r-scylla2,4,10.68,1997159793,10427106853,866000000,2820000000,1220000000,2990000000,2931100,False
vnodes,scaleout,join_command_start,2026-09-22T14:28:46.862654+00:00,653.263231,1440,r-scylla3,4,10.44,2000381018,10427106853,955000000,2920000000,1410000000,3240000000,2931100,False
vnodes,scaleout,join_command_start,2026-09-22T14:28:46.862654+00:00,653.263231,1440,r-scylla4,4,12.41,503211622,10427106853,560000000,387000000,1390000000,1390000000,2931100,False
vnodes,scaleout,join_command_start,2026-09-22T14:28:50.294348+00:00,656.694925,1441,r-scylla1,4,13.81,2100239008,10427106853,1030000000,2840000000,1430000000,3150000000,2929420,False
vnodes,scaleout,join_command_start,2026-09-22T14:28:50.294348+00:00,656.694925,1441,r-scylla2,4,8.27,1997159793,10427106853,867000000,2830000000,1220000000,2990000000,2929420,False
vnodes,scaleout,join_command_start,2026-09-22T14:28:50.294348+00:00,656.694925,1441,r-scylla3,4,9.62,2000381018,10427106853,956000000,2920000000,1410000000,3240000000,2929420,False
vnodes,scaleout,join_command_start,2026-09-22T14:28:50.294348+00:00,656.694925,1441,r-scylla4,4,11.41,505413632,10427106853,560000000,389000000,1390000000,1390000000,2929420,False
vnodes,scaleout,join_command_start,2026-09-22T14:28:53.622237+00:00,660.022814,1442,r-scylla1,4,9.51,2093796557,10427106853,1030000000,2840000000,1430000000,3150000000,2928032,False
vnodes,scaleout,join_command_start,2026-09-22T14:28:53.622237+00:00,660.022814,1442,r-scylla2,4,8.87,1997159793,10427106853,867000000,2830000000,1220000000,2990000000,2928032,False
vnodes,scaleout,join_command_start,2026-09-22T14:28:53.622237+00:00,660.022814,1442,r-scylla3,4,10.37,2001454760,10427106853,956000000,2920000000,1410000000,3240000000,2928032,False
vnodes,scaleout,join_command_start,2026-09-22T14:28:53.622237+00:00,660.022814,1442,r-scylla4,4,11.41,505728205,10427106853,561000000,391000000,1390000000,1390000000,2928032,False
vnodes,scaleout,join_command_start,2026-09-22T14:28:56.947915+00:00,663.348492,1443,r-scylla1,4,8.94,2093796557,10427106853,1030000000,2840000000,1430000000,3150000000,2926408,False
vnodes,scaleout,join_command_start,2026-09-22T14:28:56.947915+00:00,663.348492,1443,r-scylla2,4,8.45,1997159793,10427106853,868000000,2830000000,1220000000,2990000000,2926408,False
vnodes,scaleout,join_command_start,2026-09-22T14:28:56.947915+00:00,663.348492,1443,r-scylla3,4,10.24,2000381018,10427106853,957000000,2920000000,1410000000,3240000000,2926408,False
vnodes,scaleout,join_command_start,2026-09-22T14:28:56.947915+00:00,663.348492,1443,r-scylla4,4,11.31,507510784,10427106853,561000000,392000000,1400000000,1390000000,2926408,False
vnodes,scaleout,join_command_start,2026-09-22T14:29:00.306592+00:00,666.707169,1444,r-scylla1,4,8.76,2094870299,10427106853,1030000000,2840000000,1430000000,3150000000,2917816,False
vnodes,scaleout,join_command_start,2026-09-22T14:29:00.306592+00:00,666.707169,1444,r-scylla2,4,8.56,1997159793,10427106853,868000000,2830000000,1220000000,2990000000,2917816,False
vnodes,scaleout,join_command_start,2026-09-22T14:29:00.306592+00:00,666.707169,1444,r-scylla3,4,10.70,2000381018,10427106853,957000000,2930000000,1410000000,3240000000,2917816,False
vnodes,scaleout,join_command_start,2026-09-22T14:29:00.306592+00:00,666.707169,1444,r-scylla4,4,11.31,508769075,10427106853,562000000,394000000,1400000000,1390000000,2917816,False
vnodes,scaleout,join_command_start,2026-09-22T14:29:03.731937+00:00,670.132514,1445,r-scylla1,4,16.42,2101312750,10427106853,1030000000,2850000000,1430000000,3150000000,2920524,False
vnodes,scaleout,join_command_start,2026-09-22T14:29:03.731937+00:00,670.132514,1445,r-scylla2,4,9.00,1997159793,10427106853,869000000,2830000000,1220000000,2990000000,2920524,False
vnodes,scaleout,join_command_start,2026-09-22T14:29:03.731937+00:00,670.132514,1445,r-scylla3,4,9.99,2000381018,10427106853,958000000,2930000000,1410000000,3240000000,2920524,False
vnodes,scaleout,join_command_start,2026-09-22T14:29:03.731937+00:00,670.132514,1445,r-scylla4,4,12.41,511390515,10427106853,562000000,397000000,1410000000,1390000000,2920524,False
vnodes,scaleout,join_command_start,2026-09-22T14:29:07.058400+00:00,673.458977,1446,r-scylla1,4,17.45,2093796557,10427106853,1030000000,2850000000,1430000000,3150000000,2918936,False
vnodes,scaleout,join_command_start,2026-09-22T14:29:07.058400+00:00,673.458977,1446,r-scylla2,4,11.09,1997159793,10427106853,869000000,2840000000,1220000000,2990000000,2918936,False
vnodes,scaleout,join_command_start,2026-09-22T14:29:07.058400+00:00,673.458977,1446,r-scylla3,4,10.02,2000381018,10427106853,959000000,2930000000,1410000000,3240000000,2918936,False
vnodes,scaleout,join_command_start,2026-09-22T14:29:07.058400+00:00,673.458977,1446,r-scylla4,4,10.53,512439091,10427106853,563000000,399000000,1410000000,1390000000,2918936,False
vnodes,scaleout,join_command_start,2026-09-22T14:29:10.461241+00:00,676.861818,1447,r-scylla1,4,9.50,2094870299,10427106853,1030000000,2850000000,1430000000,3150000000,2914268,False
vnodes,scaleout,join_command_start,2026-09-22T14:29:10.461241+00:00,676.861818,1447,r-scylla2,4,8.91,1997159793,10427106853,870000000,2840000000,1220000000,2990000000,2914268,False
vnodes,scaleout,join_command_start,2026-09-22T14:29:10.461241+00:00,676.861818,1447,r-scylla3,4,9.19,2000381018,10427106853,959000000,2930000000,1410000000,3240000000,2914268,False
vnodes,scaleout,join_command_start,2026-09-22T14:29:10.461241+00:00,676.861818,1447,r-scylla4,4,12.33,513802240,10427106853,563000000,401000000,1420000000,1390000000,2914268,False
vnodes,scaleout,join_command_start,2026-09-22T14:29:13.827492+00:00,680.228069,1448,r-scylla1,4,19.24,2094870299,10427106853,1030000000,2850000000,1430000000,3150000000,2918304,False
vnodes,scaleout,join_command_start,2026-09-22T14:29:13.827492+00:00,680.228069,1448,r-scylla2,4,9.62,1997159793,10427106853,870000000,2840000000,1220000000,2990000000,2918304,False
vnodes,scaleout,join_command_start,2026-09-22T14:29:13.827492+00:00,680.228069,1448,r-scylla3,4,9.97,2000381018,10427106853,960000000,2940000000,1410000000,3240000000,2918304,False
vnodes,scaleout,join_command_start,2026-09-22T14:29:13.827492+00:00,680.228069,1448,r-scylla4,4,11.87,516109107,10427106853,564000000,403000000,1420000000,1390000000,2918304,False
vnodes,scaleout,join_command_start,2026-09-22T14:29:17.211562+00:00,683.612139,1449,r-scylla1,4,13.84,2100239008,10427106853,1030000000,2850000000,1430000000,3150000000,2904348,False
vnodes,scaleout,join_command_start,2026-09-22T14:29:17.211562+00:00,683.612139,1449,r-scylla2,4,8.09,1998233534,10427106853,871000000,2840000000,1220000000,2990000000,2904348,False
vnodes,scaleout,join_command_start,2026-09-22T14:29:17.211562+00:00,683.612139,1449,r-scylla3,4,8.50,2000381018,10427106853,960000000,2940000000,1410000000,3240000000,2904348,False
vnodes,scaleout,join_command_start,2026-09-22T14:29:17.211562+00:00,683.612139,1449,r-scylla4,4,11.06,517052826,10427106853,564000000,405000000,1420000000,1390000000,2904348,False
vnodes,scaleout,join_command_start,2026-09-22T14:29:20.543147+00:00,686.943724,1450,r-scylla1,4,15.81,2093796557,10427106853,1030000000,2860000000,1430000000,3150000000,2914012,False
vnodes,scaleout,join_command_start,2026-09-22T14:29:20.543147+00:00,686.943724,1450,r-scylla2,4,7.83,1997159793,10427106853,871000000,2840000000,1220000000,2990000000,2914012,False
vnodes,scaleout,join_command_start,2026-09-22T14:29:20.543147+00:00,686.943724,1450,r-scylla3,4,8.48,2000381018,10427106853,961000000,2940000000,1410000000,3240000000,2914012,False
vnodes,scaleout,join_command_start,2026-09-22T14:29:20.543147+00:00,686.943724,1450,r-scylla4,4,10.53,519569408,10427106853,565000000,407000000,1430000000,1390000000,2914012,False
vnodes,scaleout,join_command_start,2026-09-22T14:29:23.910800+00:00,690.311377,1451,r-scylla1,4,15.57,2093796557,10427106853,1030000000,2860000000,1430000000,3150000000,2914652,False
vnodes,scaleout,join_command_start,2026-09-22T14:29:23.910800+00:00,690.311377,1451,r-scylla2,4,8.83,1997159793,10427106853,872000000,2850000000,1220000000,2990000000,2914652,False
vnodes,scaleout,join_command_start,2026-09-22T14:29:23.910800+00:00,690.311377,1451,r-scylla3,4,9.31,2000381018,10427106853,961000000,2940000000,1410000000,3240000000,2914652,False
vnodes,scaleout,join_command_start,2026-09-22T14:29:23.910800+00:00,690.311377,1451,r-scylla4,4,14.82,520198554,10427106853,565000000,409000000,1430000000,1390000000,2914652,False
vnodes,scaleout,join_command_start,2026-09-22T14:29:27.245311+00:00,693.645888,1452,r-scylla1,4,8.69,2093796557,10427106853,1030000000,2860000000,1430000000,3150000000,2909260,False
vnodes,scaleout,join_command_start,2026-09-22T14:29:27.245311+00:00,693.645888,1452,r-scylla2,4,11.19,1997159793,10427106853,872000000,2850000000,1220000000,2990000000,2909260,False
vnodes,scaleout,join_command_start,2026-09-22T14:29:27.245311+00:00,693.645888,1452,r-scylla3,4,8.96,2001454760,10427106853,962000000,2940000000,1410000000,3240000000,2909260,False
vnodes,scaleout,join_command_start,2026-09-22T14:29:27.245311+00:00,693.645888,1452,r-scylla4,4,11.56,521666560,10427106853,566000000,411000000,1440000000,1390000000,2909260,False
vnodes,scaleout,join_command_start,2026-09-22T14:29:30.604686+00:00,697.005263,1453,r-scylla1,4,13.34,2094870299,10427106853,1030000000,2860000000,1430000000,3150000000,2908436,False
vnodes,scaleout,join_command_start,2026-09-22T14:29:30.604686+00:00,697.005263,1453,r-scylla2,4,9.82,1997159793,10427106853,873000000,2850000000,1220000000,2990000000,2908436,False
vnodes,scaleout,join_command_start,2026-09-22T14:29:30.604686+00:00,697.005263,1453,r-scylla3,4,11.17,2000381018,10427106853,962000000,2950000000,1410000000,3240000000,2908436,False
vnodes,scaleout,join_command_start,2026-09-22T14:29:30.604686+00:00,697.005263,1453,r-scylla4,4,12.38,522819994,10427106853,566000000,413000000,1440000000,1390000000,2908436,False
vnodes,scaleout,join_command_start,2026-09-22T14:29:33.978162+00:00,700.378739,1454,r-scylla1,4,16.90,2093796557,10427106853,1030000000,2870000000,1430000000,3150000000,2908192,False
vnodes,scaleout,join_command_start,2026-09-22T14:29:33.978162+00:00,700.378739,1454,r-scylla2,4,8.51,1997159793,10427106853,873000000,2850000000,1220000000,2990000000,2908192,False
vnodes,scaleout,join_command_start,2026-09-22T14:29:33.978162+00:00,700.378739,1454,r-scylla3,4,9.98,2000381018,10427106853,963000000,2950000000,1410000000,3240000000,2908192,False
vnodes,scaleout,join_command_start,2026-09-22T14:29:33.978162+00:00,700.378739,1454,r-scylla4,4,10.68,524392858,10427106853,567000000,415000000,1440000000,1390000000,2908192,False
vnodes,scaleout,join_command_start,2026-09-22T14:29:37.379573+00:00,703.780150,1455,r-scylla1,4,9.52,2093796557,10427106853,1040000000,2870000000,1430000000,3150000000,2906644,False
vnodes,scaleout,join_command_start,2026-09-22T14:29:37.379573+00:00,703.780150,1455,r-scylla2,4,8.89,1997159793,10427106853,874000000,2850000000,1220000000,2990000000,2906644,False
vnodes,scaleout,join_command_start,2026-09-22T14:29:37.379573+00:00,703.780150,1455,r-scylla3,4,10.17,2000381018,10427106853,963000000,2950000000,1410000000,3240000000,2906644,False
vnodes,scaleout,join_command_start,2026-09-22T14:29:37.379573+00:00,703.780150,1455,r-scylla4,4,12.30,525651149,10427106853,567000000,417000000,1450000000,1390000000,2906644,False
vnodes,scaleout,join_command_start,2026-09-22T14:29:40.695978+00:00,707.096555,1456,r-scylla1,4,18.80,2093796557,10427106853,1040000000,2870000000,1430000000,3150000000,2903540,False
vnodes,scaleout,join_command_start,2026-09-22T14:29:40.695978+00:00,707.096555,1456,r-scylla2,4,9.69,1998233534,10427106853,874000000,2860000000,1220000000,2990000000,2903540,False
vnodes,scaleout,join_command_start,2026-09-22T14:29:40.695978+00:00,707.096555,1456,r-scylla3,4,10.70,2000381018,10427106853,964000000,2950000000,1410000000,3240000000,2903540,False
vnodes,scaleout,join_command_start,2026-09-22T14:29:40.695978+00:00,707.096555,1456,r-scylla4,4,11.32,527328870,10427106853,568000000,419000000,1450000000,1390000000,2903540,False
vnodes,scaleout,join_command_start,2026-09-22T14:29:44.068486+00:00,710.469063,1457,r-scylla1,4,14.31,2101312750,10427106853,1040000000,2870000000,1430000000,3150000000,2901480,False
vnodes,scaleout,join_command_start,2026-09-22T14:29:44.068486+00:00,710.469063,1457,r-scylla2,4,9.34,1997159793,10427106853,875000000,2860000000,1220000000,2990000000,2901480,False
vnodes,scaleout,join_command_start,2026-09-22T14:29:44.068486+00:00,710.469063,1457,r-scylla3,4,9.76,2000381018,10427106853,964000000,2950000000,1410000000,3240000000,2901480,False
vnodes,scaleout,join_command_start,2026-09-22T14:29:44.068486+00:00,710.469063,1457,r-scylla4,4,12.95,528796877,10427106853,568000000,421000000,1460000000,1390000000,2901480,False
vnodes,scaleout,join_command_start,2026-09-22T14:29:47.448249+00:00,713.848826,1458,r-scylla1,4,9.75,2093796557,10427106853,1040000000,2870000000,1430000000,3150000000,2902160,False
vnodes,scaleout,join_command_start,2026-09-22T14:29:47.448249+00:00,713.848826,1458,r-scylla2,4,9.30,1997159793,10427106853,875000000,2860000000,1220000000,2990000000,2902160,False
vnodes,scaleout,join_command_start,2026-09-22T14:29:47.448249+00:00,713.848826,1458,r-scylla3,4,9.83,2000381018,10427106853,965000000,2960000000,1410000000,3240000000,2902160,False
vnodes,scaleout,join_command_start,2026-09-22T14:29:47.448249+00:00,713.848826,1458,r-scylla4,4,10.66,530264883,10427106853,568000000,423000000,1460000000,1390000000,2902160,False
vnodes,scaleout,join_command_start,2026-09-22T14:29:50.762608+00:00,717.163185,1459,r-scylla1,4,17.13,2093796557,10427106853,1040000000,2880000000,1430000000,3150000000,2900492,False
vnodes,scaleout,join_command_start,2026-09-22T14:29:50.762608+00:00,717.163185,1459,r-scylla2,4,9.11,1997159793,10427106853,875000000,2860000000,1220000000,2990000000,2900492,False
vnodes,scaleout,join_command_start,2026-09-22T14:29:50.762608+00:00,717.163185,1459,r-scylla3,4,10.10,2000381018,10427106853,965000000,2960000000,1410000000,3240000000,2900492,False
vnodes,scaleout,join_command_start,2026-09-22T14:29:50.762608+00:00,717.163185,1459,r-scylla4,4,11.86,531418317,10427106853,569000000,425000000,1460000000,1390000000,2900492,False
vnodes,scaleout,join_command_start,2026-09-22T14:29:54.096992+00:00,720.497569,1460,r-scylla1,4,5.86,2093796557,10427106853,1040000000,2880000000,1430000000,3150000000,2899692,False
vnodes,scaleout,join_command_start,2026-09-22T14:29:54.096992+00:00,720.497569,1460,r-scylla2,4,5.48,1997159793,10427106853,876000000,2860000000,1220000000,2990000000,2899692,False
vnodes,scaleout,join_command_start,2026-09-22T14:29:54.096992+00:00,720.497569,1460,r-scylla3,4,5.55,2000381018,10427106853,966000000,2960000000,1410000000,3240000000,2899692,False
vnodes,scaleout,join_command_start,2026-09-22T14:29:54.096992+00:00,720.497569,1460,r-scylla4,4,7.56,533515469,10427106853,569000000,427000000,1470000000,1390000000,2899692,False
vnodes,scaleout,join_command_start,2026-09-22T14:29:57.382737+00:00,723.783314,1461,r-scylla1,4,8.24,2094870299,10427106853,1040000000,2880000000,1430000000,3150000000,2900472,False
vnodes,scaleout,join_command_start,2026-09-22T14:29:57.382737+00:00,723.783314,1461,r-scylla2,4,5.72,1997159793,10427106853,876000000,2870000000,1220000000,2990000000,2900472,False
vnodes,scaleout,join_command_start,2026-09-22T14:29:57.382737+00:00,723.783314,1461,r-scylla3,4,6.40,2000381018,10427106853,967000000,2960000000,1410000000,3240000000,2900472,False
vnodes,scaleout,join_command_start,2026-09-22T14:29:57.382737+00:00,723.783314,1461,r-scylla4,4,7.02,534983475,10427106853,570000000,429000000,1470000000,1390000000,2900472,False
vnodes,scaleout,join_command_start,2026-09-22T14:30:00.683113+00:00,727.083690,1462,r-scylla1,4,16.08,2102386491,10427106853,1040000000,2880000000,1430000000,3150000000,2895360,False
vnodes,scaleout,join_command_start,2026-09-22T14:30:00.683113+00:00,727.083690,1462,r-scylla2,4,7.43,1998233534,10427106853,877000000,2870000000,1220000000,2990000000,2895360,False
vnodes,scaleout,join_command_start,2026-09-22T14:30:00.683113+00:00,727.083690,1462,r-scylla3,4,9.01,2000381018,10427106853,967000000,2960000000,1410000000,3240000000,2895360,False
vnodes,scaleout,join_command_start,2026-09-22T14:30:00.683113+00:00,727.083690,1462,r-scylla4,4,10.12,536766054,10427106853,571000000,432000000,1480000000,1390000000,2895360,False
vnodes,scaleout,join_command_start,2026-09-22T14:30:04.104617+00:00,730.505194,1463,r-scylla1,4,8.87,2093796557,10427106853,1040000000,2880000000,1430000000,3150000000,2893884,False
vnodes,scaleout,join_command_start,2026-09-22T14:30:04.104617+00:00,730.505194,1463,r-scylla2,4,8.62,1997159793,10427106853,877000000,2870000000,1220000000,2990000000,2893884,False
vnodes,scaleout,join_command_start,2026-09-22T14:30:04.104617+00:00,730.505194,1463,r-scylla3,4,9.22,2000381018,10427106853,968000000,2970000000,1410000000,3240000000,2893884,False
vnodes,scaleout,join_command_start,2026-09-22T14:30:04.104617+00:00,730.505194,1463,r-scylla4,4,9.83,538024346,10427106853,571000000,434000000,1480000000,1390000000,2893884,False
vnodes,scaleout,join_command_start,2026-09-22T14:30:07.449026+00:00,733.849603,1464,r-scylla1,4,20.57,2094870299,10427106853,1040000000,2890000000,1430000000,3150000000,2890024,False
vnodes,scaleout,join_command_start,2026-09-22T14:30:07.449026+00:00,733.849603,1464,r-scylla2,4,9.51,1997159793,10427106853,878000000,2870000000,1220000000,2990000000,2890024,False
vnodes,scaleout,join_command_start,2026-09-22T14:30:07.449026+00:00,733.849603,1464,r-scylla3,4,9.79,2000381018,10427106853,968000000,2970000000,1410000000,3240000000,2890024,False
vnodes,scaleout,join_command_start,2026-09-22T14:30:07.449026+00:00,733.849603,1464,r-scylla4,4,12.40,538968064,10427106853,571000000,435000000,1490000000,1390000000,2890024,False
vnodes,scaleout,join_command_start,2026-09-22T14:30:10.829538+00:00,737.230115,1465,r-scylla1,4,11.01,2094870299,10427106853,1040000000,2890000000,1430000000,3150000000,2882748,False
vnodes,scaleout,join_command_start,2026-09-22T14:30:10.829538+00:00,737.230115,1465,r-scylla2,4,10.33,1998233534,10427106853,878000000,2870000000,1220000000,2990000000,2882748,False
vnodes,scaleout,join_command_start,2026-09-22T14:30:10.829538+00:00,737.230115,1465,r-scylla3,4,10.55,2000381018,10427106853,969000000,2970000000,1410000000,3240000000,2882748,False
vnodes,scaleout,join_command_start,2026-09-22T14:30:10.829538+00:00,737.230115,1465,r-scylla4,4,13.30,540855501,10427106853,572000000,438000000,1490000000,1390000000,2882748,False
vnodes,scaleout,join_command_start,2026-09-22T14:30:14.203568+00:00,740.604145,1466,r-scylla1,4,17.87,2102386491,10427106853,1040000000,2890000000,1430000000,3150000000,2886148,False
vnodes,scaleout,join_command_start,2026-09-22T14:30:14.203568+00:00,740.604145,1466,r-scylla2,4,9.12,1998233534,10427106853,879000000,2880000000,1220000000,2990000000,2886148,False
vnodes,scaleout,join_command_start,2026-09-22T14:30:14.203568+00:00,740.604145,1466,r-scylla3,4,9.66,2000381018,10427106853,969000000,2970000000,1410000000,3240000000,2886148,False
vnodes,scaleout,join_command_start,2026-09-22T14:30:14.203568+00:00,740.604145,1466,r-scylla4,4,11.84,542638080,10427106853,573000000,440000000,1490000000,1390000000,2886148,False
vnodes,scaleout,join_command_start,2026-09-22T14:30:17.529515+00:00,743.930092,1467,r-scylla1,4,19.79,2094870299,10427106853,1040000000,2890000000,1430000000,3150000000,2887180,False
vnodes,scaleout,join_command_start,2026-09-22T14:30:17.529515+00:00,743.930092,1467,r-scylla2,4,9.23,1997159793,10427106853,879000000,2880000000,1220000000,2990000000,2887180,False
vnodes,scaleout,join_command_start,2026-09-22T14:30:17.529515+00:00,743.930092,1467,r-scylla3,4,9.72,2000381018,10427106853,970000000,2980000000,1410000000,3240000000,2887180,False
vnodes,scaleout,join_command_start,2026-09-22T14:30:17.529515+00:00,743.930092,1467,r-scylla4,4,10.29,544001229,10427106853,573000000,441000000,1500000000,1390000000,2887180,False
vnodes,scaleout,join_command_start,2026-09-22T14:30:20.904744+00:00,747.305321,1468,r-scylla1,4,9.11,2094870299,10427106853,1040000000,2890000000,1430000000,3150000000,2884076,False
vnodes,scaleout,join_command_start,2026-09-22T14:30:20.904744+00:00,747.305321,1468,r-scylla2,4,9.62,1997159793,10427106853,880000000,2880000000,1220000000,2990000000,2884076,False
vnodes,scaleout,join_command_start,2026-09-22T14:30:20.904744+00:00,747.305321,1468,r-scylla3,4,10.09,2000381018,10427106853,970000000,2980000000,1410000000,3240000000,2884076,False
vnodes,scaleout,join_command_start,2026-09-22T14:30:20.904744+00:00,747.305321,1468,r-scylla4,4,10.87,545783808,10427106853,573000000,443000000,1500000000,1390000000,2884076,False
vnodes,scaleout,join_command_start,2026-09-22T14:30:24.212271+00:00,750.612848,1469,r-scylla1,4,19.18,2094870299,10427106853,1040000000,2900000000,1430000000,3150000000,2880188,False
vnodes,scaleout,join_command_start,2026-09-22T14:30:24.212271+00:00,750.612848,1469,r-scylla2,4,9.76,1997159793,10427106853,880000000,2880000000,1220000000,2990000000,2880188,False
vnodes,scaleout,join_command_start,2026-09-22T14:30:24.212271+00:00,750.612848,1469,r-scylla3,4,10.30,2000381018,10427106853,971000000,2980000000,1410000000,3240000000,2880188,False
vnodes,scaleout,join_command_start,2026-09-22T14:30:24.212271+00:00,750.612848,1469,r-scylla4,4,12.10,546937242,10427106853,574000000,446000000,1510000000,1390000000,2880188,False
vnodes,scaleout,join_command_start,2026-09-22T14:30:27.539797+00:00,753.940374,1470,r-scylla1,4,14.88,2101312750,10427106853,1040000000,2900000000,1430000000,3150000000,2881492,False
vnodes,scaleout,join_command_start,2026-09-22T14:30:27.539797+00:00,753.940374,1470,r-scylla2,4,7.19,1997159793,10427106853,881000000,2880000000,1220000000,2990000000,2881492,False
vnodes,scaleout,join_command_start,2026-09-22T14:30:27.539797+00:00,753.940374,1470,r-scylla3,4,8.57,2000381018,10427106853,971000000,2980000000,1410000000,3240000000,2881492,False
vnodes,scaleout,join_command_start,2026-09-22T14:30:27.539797+00:00,753.940374,1470,r-scylla4,4,14.00,547985818,10427106853,574000000,447000000,1510000000,1390000000,2881492,False
vnodes,scaleout,join_command_start,2026-09-22T14:30:30.903229+00:00,757.303806,1471,r-scylla1,4,18.93,2094870299,10427106853,1040000000,2900000000,1430000000,3150000000,2881344,False
vnodes,scaleout,join_command_start,2026-09-22T14:30:30.903229+00:00,757.303806,1471,r-scylla2,4,8.80,1998233534,10427106853,881000000,2890000000,1220000000,2990000000,2881344,False
vnodes,scaleout,join_command_start,2026-09-22T14:30:30.903229+00:00,757.303806,1471,r-scylla3,4,9.92,2000381018,10427106853,972000000,2980000000,1410000000,3240000000,2881344,False
vnodes,scaleout,join_command_start,2026-09-22T14:30:30.903229+00:00,757.303806,1471,r-scylla4,4,10.49,549558682,10427106853,575000000,449000000,1510000000,1390000000,2881344,False
vnodes,scaleout,join_command_start,2026-09-22T14:30:34.214262+00:00,760.614839,1472,r-scylla1,4,15.75,2094870299,10427106853,1040000000,2900000000,1430000000,3150000000,2877668,False
vnodes,scaleout,join_command_start,2026-09-22T14:30:34.214262+00:00,760.614839,1472,r-scylla2,4,9.49,1997159793,10427106853,882000000,2890000000,1220000000,2990000000,2877668,False
vnodes,scaleout,join_command_start,2026-09-22T14:30:34.214262+00:00,760.614839,1472,r-scylla3,4,10.08,2000381018,10427106853,972000000,2990000000,1410000000,3240000000,2877668,False
vnodes,scaleout,join_command_start,2026-09-22T14:30:34.214262+00:00,760.614839,1472,r-scylla4,4,9.25,551341261,10427106853,575000000,451000000,1520000000,1390000000,2877668,False
vnodes,scaleout,join_command_start,2026-09-22T14:30:37.574122+00:00,763.974699,1473,r-scylla1,4,9.76,2094870299,10427106853,1040000000,2910000000,1430000000,3150000000,2877540,False
vnodes,scaleout,join_command_start,2026-09-22T14:30:37.574122+00:00,763.974699,1473,r-scylla2,4,8.69,1997159793,10427106853,882000000,2890000000,1220000000,2990000000,2877540,False
vnodes,scaleout,join_command_start,2026-09-22T14:30:37.574122+00:00,763.974699,1473,r-scylla3,4,8.84,2000381018,10427106853,973000000,2990000000,1410000000,3250000000,2877540,False
vnodes,scaleout,join_command_start,2026-09-22T14:30:37.574122+00:00,763.974699,1473,r-scylla4,4,12.22,553018982,10427106853,576000000,453000000,1520000000,1390000000,2877540,False
vnodes,scaleout,join_command_start,2026-09-22T14:30:40.915279+00:00,767.315856,1474,r-scylla1,4,10.93,2093796557,10427106853,1050000000,2910000000,1430000000,3150000000,2877472,False
vnodes,scaleout,join_command_start,2026-09-22T14:30:40.915279+00:00,767.315856,1474,r-scylla2,4,8.70,1997159793,10427106853,883000000,2890000000,1220000000,2990000000,2877472,False
vnodes,scaleout,join_command_start,2026-09-22T14:30:40.915279+00:00,767.315856,1474,r-scylla3,4,9.18,2001454760,10427106853,973000000,2990000000,1410000000,3250000000,2877472,False
vnodes,scaleout,join_command_start,2026-09-22T14:30:40.915279+00:00,767.315856,1474,r-scylla4,4,11.58,553857843,10427106853,576000000,455000000,1530000000,1390000000,2877472,False
vnodes,scaleout,join_command_start,2026-09-22T14:30:44.237136+00:00,770.637713,1475,r-scylla1,4,8.74,2093796557,10427106853,1050000000,2910000000,1430000000,3150000000,2879044,False
vnodes,scaleout,join_command_start,2026-09-22T14:30:44.237136+00:00,770.637713,1475,r-scylla2,4,7.22,1997159793,10427106853,883000000,2890000000,1220000000,2990000000,2879044,False
vnodes,scaleout,join_command_start,2026-09-22T14:30:44.237136+00:00,770.637713,1475,r-scylla3,4,8.07,2000381018,10427106853,974000000,2990000000,1410000000,3250000000,2879044,False
vnodes,scaleout,join_command_start,2026-09-22T14:30:44.237136+00:00,770.637713,1475,r-scylla4,4,9.06,556269568,10427106853,577000000,458000000,1530000000,1390000000,2879044,False
vnodes,scaleout,join_command_start,2026-09-22T14:30:47.626513+00:00,774.027090,1476,r-scylla1,4,9.63,2094870299,10427106853,1050000000,2910000000,1430000000,3150000000,2878836,False
vnodes,scaleout,join_command_start,2026-09-22T14:30:47.626513+00:00,774.027090,1476,r-scylla2,4,8.08,1997159793,10427106853,884000000,2900000000,1220000000,2990000000,2878836,False
vnodes,scaleout,join_command_start,2026-09-22T14:30:47.626513+00:00,774.027090,1476,r-scylla3,4,9.45,2000381018,10427106853,974000000,2990000000,1410000000,3250000000,2878836,False
vnodes,scaleout,join_command_start,2026-09-22T14:30:47.626513+00:00,774.027090,1476,r-scylla4,4,11.85,557003571,10427106853,577000000,459000000,1530000000,1390000000,2878836,False
vnodes,scaleout,join_command_start,2026-09-22T14:30:50.937407+00:00,777.337984,1477,r-scylla1,4,15.20,2093796557,10427106853,1050000000,2910000000,1430000000,3150000000,2877988,False
vnodes,scaleout,join_command_start,2026-09-22T14:30:50.937407+00:00,777.337984,1477,r-scylla2,4,8.73,1997159793,10427106853,884000000,2900000000,1220000000,2990000000,2877988,False
vnodes,scaleout,join_command_start,2026-09-22T14:30:50.937407+00:00,777.337984,1477,r-scylla3,4,9.05,2000381018,10427106853,975000000,3000000000,1410000000,3250000000,2877988,False
vnodes,scaleout,join_command_start,2026-09-22T14:30:50.937407+00:00,777.337984,1477,r-scylla4,4,11.07,558681293,10427106853,578000000,461000000,1540000000,1390000000,2877988,False
vnodes,scaleout,join_command_start,2026-09-22T14:30:54.244670+00:00,780.645247,1478,r-scylla1,4,7.47,2102386491,10427106853,1050000000,2910000000,1430000000,3150000000,2873132,False
vnodes,scaleout,join_command_start,2026-09-22T14:30:54.244670+00:00,780.645247,1478,r-scylla2,4,2.62,1998233534,10427106853,884000000,2900000000,1220000000,3000000000,2873132,False
vnodes,scaleout,join_command_start,2026-09-22T14:30:54.244670+00:00,780.645247,1478,r-scylla3,4,2.66,2002528502,10427106853,975000000,3000000000,1410000000,3250000000,2873132,False
vnodes,scaleout,join_command_start,2026-09-22T14:30:54.244670+00:00,780.645247,1478,r-scylla4,4,3.39,558995866,10427106853,578000000,463000000,1540000000,1390000000,2873132,False
vnodes,scaleout,join_command_start,2026-09-22T14:30:57.643068+00:00,784.043645,1479,r-scylla1,4,2.14,2094870299,10427106853,1050000000,2920000000,1430000000,3150000000,2909528,False
vnodes,scaleout,join_command_start,2026-09-22T14:30:57.643068+00:00,784.043645,1479,r-scylla2,4,2.64,1998233534,10427106853,884000000,2900000000,1220000000,3000000000,2909528,False
vnodes,scaleout,join_command_start,2026-09-22T14:30:57.643068+00:00,784.043645,1479,r-scylla3,4,1.64,2002528502,10427106853,975000000,3000000000,1410000000,3250000000,2909528,False
vnodes,scaleout,join_command_start,2026-09-22T14:30:57.643068+00:00,784.043645,1479,r-scylla4,4,2.16,558995866,10427106853,578000000,465000000,1540000000,1390000000,2909528,False
vnodes,four_node,,2026-09-22T14:56:42.764983+00:00,,1940,r-scylla1,4,14.19,2101312750,10427106853,1120000000,3570000000,2120000000,3680000000,2728428,False
vnodes,four_node,,2026-09-22T14:56:42.764983+00:00,,1940,r-scylla2,4,5.44,1999307276,10427106853,906000000,3540000000,1860000000,3500000000,2728428,False
vnodes,four_node,,2026-09-22T14:56:42.764983+00:00,,1940,r-scylla3,4,7.60,2005749727,10427106853,996000000,3650000000,2070000000,3800000000,2728428,False
vnodes,four_node,,2026-09-22T14:56:42.764983+00:00,,1940,r-scylla4,4,7.45,676646093,10427106853,631000000,1090000000,1750000000,1390000000,2728428,False
vnodes,four_node,,2026-09-22T14:56:46.062861+00:00,,1941,r-scylla1,4,7.33,2101312750,10427106853,1120000000,3570000000,2120000000,3680000000,2728636,False
vnodes,four_node,,2026-09-22T14:56:46.062861+00:00,,1941,r-scylla2,4,6.71,1999307276,10427106853,906000000,3550000000,1860000000,3500000000,2728636,False
vnodes,four_node,,2026-09-22T14:56:46.062861+00:00,,1941,r-scylla3,4,7.65,2005749727,10427106853,997000000,3650000000,2070000000,3800000000,2728636,False
vnodes,four_node,,2026-09-22T14:56:46.062861+00:00,,1941,r-scylla4,4,8.05,677904384,10427106853,631000000,1100000000,1760000000,1390000000,2728636,False
vnodes,four_node,,2026-09-22T14:56:49.366806+00:00,,1942,r-scylla1,4,17.15,2101312750,10427106853,1120000000,3570000000,2120000000,3680000000,2726820,False
vnodes,four_node,,2026-09-22T14:56:49.366806+00:00,,1942,r-scylla2,4,9.38,1999307276,10427106853,906000000,3550000000,1860000000,3500000000,2726820,False
vnodes,four_node,,2026-09-22T14:56:49.366806+00:00,,1942,r-scylla3,4,9.05,2005749727,10427106853,997000000,3660000000,2070000000,3800000000,2726820,False
vnodes,four_node,,2026-09-22T14:56:49.366806+00:00,,1942,r-scylla4,4,11.30,679267533,10427106853,632000000,1100000000,1760000000,1390000000,2726820,False
vnodes,four_node,,2026-09-22T14:56:52.680003+00:00,,1943,r-scylla1,4,16.31,2108828942,10427106853,1120000000,3570000000,2120000000,3680000000,2721072,False
vnodes,four_node,,2026-09-22T14:56:52.680003+00:00,,1943,r-scylla2,4,9.41,1999307276,10427106853,907000000,3550000000,1860000000,3500000000,2721072,False
vnodes,four_node,,2026-09-22T14:56:52.680003+00:00,,1943,r-scylla3,4,10.75,2005749727,10427106853,998000000,3660000000,2070000000,3800000000,2721072,False
vnodes,four_node,,2026-09-22T14:56:52.680003+00:00,,1943,r-scylla4,4,10.24,680106394,10427106853,632000000,1100000000,1760000000,1400000000,2721072,False
vnodes,four_node,,2026-09-22T14:56:56.032229+00:00,,1944,r-scylla1,4,18.90,2101312750,10427106853,1120000000,3580000000,2120000000,3680000000,2725232,False
vnodes,four_node,,2026-09-22T14:56:56.032229+00:00,,1944,r-scylla2,4,8.81,1999307276,10427106853,907000000,3550000000,1860000000,3500000000,2725232,False
vnodes,four_node,,2026-09-22T14:56:56.032229+00:00,,1944,r-scylla3,4,9.77,2005749727,10427106853,998000000,3660000000,2070000000,3800000000,2725232,False
vnodes,four_node,,2026-09-22T14:56:56.032229+00:00,,1944,r-scylla4,4,10.78,681993830,10427106853,633000000,1100000000,1770000000,1400000000,2725232,False
vnodes,four_node,,2026-09-22T14:56:59.345570+00:00,,1945,r-scylla1,4,15.04,2101312750,10427106853,1120000000,3580000000,2120000000,3680000000,2726740,False
vnodes,four_node,,2026-09-22T14:56:59.345570+00:00,,1945,r-scylla2,4,7.65,1999307276,10427106853,908000000,3550000000,1860000000,3500000000,2726740,False
vnodes,four_node,,2026-09-22T14:56:59.345570+00:00,,1945,r-scylla3,4,8.43,2005749727,10427106853,999000000,3660000000,2070000000,3800000000,2726740,False
vnodes,four_node,,2026-09-22T14:56:59.345570+00:00,,1945,r-scylla4,4,12.49,683461837,10427106853,633000000,1100000000,1770000000,1400000000,2726740,False
vnodes,four_node,,2026-09-22T14:57:02.717860+00:00,,1946,r-scylla1,4,9.01,2101312750,10427106853,1130000000,3580000000,2120000000,3680000000,2720812,False
vnodes,four_node,,2026-09-22T14:57:02.717860+00:00,,1946,r-scylla2,4,8.32,1999307276,10427106853,909000000,3560000000,1860000000,3500000000,2720812,False
vnodes,four_node,,2026-09-22T14:57:02.717860+00:00,,1946,r-scylla3,4,8.06,2005749727,10427106853,1000000000,3660000000,2070000000,3800000000,2720812,False
vnodes,four_node,,2026-09-22T14:57:02.717860+00:00,,1946,r-scylla4,4,10.43,684720128,10427106853,634000000,1110000000,1770000000,1400000000,2720812,False
vnodes,four_node,,2026-09-22T14:57:06.064294+00:00,,1947,r-scylla1,4,19.39,2107755201,10427106853,1130000000,3580000000,2120000000,3680000000,2719872,False
vnodes,four_node,,2026-09-22T14:57:06.064294+00:00,,1947,r-scylla2,4,8.18,1999307276,10427106853,909000000,3560000000,1860000000,3500000000,2719872,False
vnodes,four_node,,2026-09-22T14:57:06.064294+00:00,,1947,r-scylla3,4,9.49,2005749727,10427106853,1000000000,3670000000,2070000000,3800000000,2719872,False
vnodes,four_node,,2026-09-22T14:57:06.064294+00:00,,1947,r-scylla4,4,11.25,685663846,10427106853,634000000,1110000000,1780000000,1400000000,2719872,False
vnodes,four_node,,2026-09-22T14:57:09.405177+00:00,,1948,r-scylla1,4,20.29,2101312750,10427106853,1130000000,3580000000,2120000000,3680000000,2719136,False
vnodes,four_node,,2026-09-22T14:57:09.405177+00:00,,1948,r-scylla2,4,10.83,1999307276,10427106853,909000000,3560000000,1860000000,3500000000,2719136,False
vnodes,four_node,,2026-09-22T14:57:09.405177+00:00,,1948,r-scylla3,4,11.40,2005749727,10427106853,1000000000,3670000000,2070000000,3800000000,2719136,False
vnodes,four_node,,2026-09-22T14:57:09.405177+00:00,,1948,r-scylla4,4,11.49,687446426,10427106853,635000000,1110000000,1780000000,1400000000,2719136,False
vnodes,four_node,,2026-09-22T14:57:12.806596+00:00,,1949,r-scylla1,4,10.44,2101312750,10427106853,1130000000,3590000000,2120000000,3680000000,2716680,False
vnodes,four_node,,2026-09-22T14:57:12.806596+00:00,,1949,r-scylla2,4,9.77,1999307276,10427106853,910000000,3560000000,1860000000,3500000000,2716680,False
vnodes,four_node,,2026-09-22T14:57:12.806596+00:00,,1949,r-scylla3,4,10.57,2005749727,10427106853,1000000000,3670000000,2070000000,3800000000,2716680,False
vnodes,four_node,,2026-09-22T14:57:12.806596+00:00,,1949,r-scylla4,4,10.99,688285286,10427106853,635000000,1110000000,1780000000,1400000000,2716680,False
vnodes,four_node,,2026-09-22T14:57:16.125419+00:00,,1950,r-scylla1,4,16.16,2101312750,10427106853,1130000000,3590000000,2120000000,3680000000,2718084,False
vnodes,four_node,,2026-09-22T14:57:16.125419+00:00,,1950,r-scylla2,4,8.75,1999307276,10427106853,910000000,3560000000,1860000000,3500000000,2718084,False
vnodes,four_node,,2026-09-22T14:57:16.125419+00:00,,1950,r-scylla3,4,9.22,2005749727,10427106853,1000000000,3670000000,2070000000,3800000000,2718084,False
vnodes,four_node,,2026-09-22T14:57:16.125419+00:00,,1950,r-scylla4,4,10.41,689543578,10427106853,636000000,1110000000,1780000000,1400000000,2718084,False
vnodes,four_node,,2026-09-22T14:57:19.420800+00:00,,1951,r-scylla1,4,14.44,2107755201,10427106853,1130000000,3590000000,2120000000,3680000000,2707680,False
vnodes,four_node,,2026-09-22T14:57:19.420800+00:00,,1951,r-scylla2,4,8.33,1999307276,10427106853,911000000,3570000000,1860000000,3500000000,2707680,False
vnodes,four_node,,2026-09-22T14:57:19.420800+00:00,,1951,r-scylla3,4,9.70,2005749727,10427106853,1000000000,3680000000,2070000000,3800000000,2707680,False
vnodes,four_node,,2026-09-22T14:57:19.420800+00:00,,1951,r-scylla4,4,12.37,690801869,10427106853,636000000,1120000000,1790000000,1400000000,2707680,False
vnodes,four_node,,2026-09-22T14:57:22.750985+00:00,,1952,r-scylla1,4,9.98,2101312750,10427106853,1130000000,3590000000,2120000000,3680000000,2716884,False
vnodes,four_node,,2026-09-22T14:57:22.750985+00:00,,1952,r-scylla2,4,8.90,1999307276,10427106853,911000000,3570000000,1860000000,3500000000,2716884,False
vnodes,four_node,,2026-09-22T14:57:22.750985+00:00,,1952,r-scylla3,4,9.97,2005749727,10427106853,1000000000,3680000000,2070000000,3800000000,2716884,False
vnodes,four_node,,2026-09-22T14:57:22.750985+00:00,,1952,r-scylla4,4,10.73,692269875,10427106853,637000000,1120000000,1790000000,1400000000,2716884,False
vnodes,four_node,,2026-09-22T14:57:26.061608+00:00,,1953,r-scylla1,4,15.14,2101312750,10427106853,1130000000,3600000000,2120000000,3680000000,2714196,False
vnodes,four_node,,2026-09-22T14:57:26.061608+00:00,,1953,r-scylla2,4,8.48,1999307276,10427106853,912000000,3570000000,1860000000,3500000000,2714196,False
vnodes,four_node,,2026-09-22T14:57:26.061608+00:00,,1953,r-scylla3,4,8.25,2005749727,10427106853,1000000000,3680000000,2070000000,3800000000,2714196,False
vnodes,four_node,,2026-09-22T14:57:26.061608+00:00,,1953,r-scylla4,4,9.80,693213594,10427106853,637000000,1120000000,1790000000,1400000000,2714196,False
vnodes,four_node,,2026-09-22T14:57:29.446032+00:00,,1954,r-scylla1,4,9.39,2101312750,10427106853,1130000000,3600000000,2120000000,3680000000,2710924,False
vnodes,four_node,,2026-09-22T14:57:29.446032+00:00,,1954,r-scylla2,4,8.91,1999307276,10427106853,912000000,3570000000,1860000000,3500000000,2710924,False
vnodes,four_node,,2026-09-22T14:57:29.446032+00:00,,1954,r-scylla3,4,9.78,2005749727,10427106853,1000000000,3680000000,2070000000,3800000000,2710924,False
vnodes,four_node,,2026-09-22T14:57:29.446032+00:00,,1954,r-scylla4,4,12.96,694576742,10427106853,638000000,1120000000,1800000000,1400000000,2710924,False
vnodes,four_node,,2026-09-22T14:57:32.763833+00:00,,1955,r-scylla1,4,14.69,2107755201,10427106853,1130000000,3600000000,2120000000,3680000000,2708640,False
vnodes,four_node,,2026-09-22T14:57:32.763833+00:00,,1955,r-scylla2,4,9.07,1999307276,10427106853,913000000,3580000000,1860000000,3500000000,2708640,False
vnodes,four_node,,2026-09-22T14:57:32.763833+00:00,,1955,r-scylla3,4,10.29,2005749727,10427106853,1000000000,3680000000,2070000000,3800000000,2708640,False
vnodes,four_node,,2026-09-22T14:57:32.763833+00:00,,1955,r-scylla4,4,11.36,695939891,10427106853,638000000,1130000000,1800000000,1400000000,2708640,False
vnodes,four_node,,2026-09-22T14:57:36.047196+00:00,,1956,r-scylla1,4,15.82,2108828942,10427106853,1130000000,3600000000,2120000000,3680000000,2706904,False
vnodes,four_node,,2026-09-22T14:57:36.047196+00:00,,1956,r-scylla2,4,7.79,1999307276,10427106853,913000000,3580000000,1860000000,3500000000,2706904,False
vnodes,four_node,,2026-09-22T14:57:36.047196+00:00,,1956,r-scylla3,4,8.70,2005749727,10427106853,1000000000,3690000000,2070000000,3800000000,2706904,False
vnodes,four_node,,2026-09-22T14:57:36.047196+00:00,,1956,r-scylla4,4,10.31,697093325,10427106853,639000000,1130000000,1800000000,1400000000,2706904,False
vnodes,four_node,,2026-09-22T14:57:39.367908+00:00,,1957,r-scylla1,4,10.11,2101312750,10427106853,1130000000,3600000000,2120000000,3680000000,2706420,False
vnodes,four_node,,2026-09-22T14:57:39.367908+00:00,,1957,r-scylla2,4,8.13,1999307276,10427106853,914000000,3580000000,1860000000,3500000000,2706420,False
vnodes,four_node,,2026-09-22T14:57:39.367908+00:00,,1957,r-scylla3,4,10.09,2005749727,10427106853,1010000000,3690000000,2070000000,3800000000,2706420,False
vnodes,four_node,,2026-09-22T14:57:39.367908+00:00,,1957,r-scylla4,4,10.13,698037043,10427106853,639000000,1130000000,1810000000,1400000000,2706420,False
vnodes,four_node,,2026-09-22T14:57:42.654198+00:00,,1958,r-scylla1,4,20.80,2101312750,10427106853,1130000000,3610000000,2120000000,3680000000,2701648,False
vnodes,four_node,,2026-09-22T14:57:42.654198+00:00,,1958,r-scylla2,4,10.92,1999307276,10427106853,914000000,3580000000,1860000000,3500000000,2701648,False
vnodes,four_node,,2026-09-22T14:57:42.654198+00:00,,1958,r-scylla3,4,11.61,2005749727,10427106853,1010000000,3690000000,2070000000,3800000000,2701648,False
vnodes,four_node,,2026-09-22T14:57:42.654198+00:00,,1958,r-scylla4,4,10.54,699085619,10427106853,640000000,1130000000,1810000000,1400000000,2701648,False
vnodes,four_node,,2026-09-22T14:57:45.993746+00:00,,1959,r-scylla1,4,7.71,2101312750,10427106853,1130000000,3610000000,2120000000,3690000000,2695408,False
vnodes,four_node,,2026-09-22T14:57:45.993746+00:00,,1959,r-scylla2,4,7.09,1999307276,10427106853,915000000,3580000000,1860000000,3500000000,2695408,False
vnodes,four_node,,2026-09-22T14:57:45.993746+00:00,,1959,r-scylla3,4,8.51,2005749727,10427106853,1010000000,3690000000,2070000000,3800000000,2695408,False
vnodes,four_node,,2026-09-22T14:57:45.993746+00:00,,1959,r-scylla4,4,9.86,700239053,10427106853,640000000,1130000000,1810000000,1400000000,2695408,False
vnodes,four_node,,2026-09-22T14:57:49.384348+00:00,,1960,r-scylla1,4,10.54,2101312750,10427106853,1130000000,3610000000,2120000000,3690000000,2701248,False
vnodes,four_node,,2026-09-22T14:57:49.384348+00:00,,1960,r-scylla2,4,8.80,1999307276,10427106853,915000000,3580000000,1860000000,3500000000,2701248,False
vnodes,four_node,,2026-09-22T14:57:49.384348+00:00,,1960,r-scylla3,4,10.55,2005749727,10427106853,1010000000,3690000000,2070000000,3800000000,2701248,False
vnodes,four_node,,2026-09-22T14:57:49.384348+00:00,,1960,r-scylla4,4,10.55,701811917,10427106853,641000000,1130000000,1810000000,1400000000,2701248,False
vnodes,four_node,,2026-09-22T14:57:52.753021+00:00,,1961,r-scylla1,4,18.80,2102386491,10427106853,1130000000,3610000000,2120000000,3690000000,2699920,False
vnodes,four_node,,2026-09-22T14:57:52.753021+00:00,,1961,r-scylla2,4,8.02,1999307276,10427106853,916000000,3590000000,1860000000,3500000000,2699920,False
vnodes,four_node,,2026-09-22T14:57:52.753021+00:00,,1961,r-scylla3,4,10.51,2005749727,10427106853,1010000000,3700000000,2070000000,3800000000,2699920,False
vnodes,four_node,,2026-09-22T14:57:52.753021+00:00,,1961,r-scylla4,4,11.84,703384781,10427106853,641000000,1140000000,1820000000,1400000000,2699920,False
vnodes,four_node,,2026-09-22T14:57:56.109786+00:00,,1962,r-scylla1,4,9.77,2101312750,10427106853,1130000000,3610000000,2120000000,3690000000,2698908,False
vnodes,four_node,,2026-09-22T14:57:56.109786+00:00,,1962,r-scylla2,4,8.08,1999307276,10427106853,916000000,3590000000,1860000000,3500000000,2698908,False
vnodes,four_node,,2026-09-22T14:57:56.109786+00:00,,1962,r-scylla3,4,10.24,2005749727,10427106853,1010000000,3700000000,2070000000,3800000000,2698908,False
vnodes,four_node,,2026-09-22T14:57:56.109786+00:00,,1962,r-scylla4,4,11.00,704223642,10427106853,642000000,1140000000,1820000000,1400000000,2698908,False
vnodes,four_node,,2026-09-22T14:57:59.433344+00:00,,1963,r-scylla1,4,17.44,2101312750,10427106853,1130000000,3620000000,2120000000,3690000000,2696600,False
vnodes,four_node,,2026-09-22T14:57:59.433344+00:00,,1963,r-scylla2,4,8.25,1999307276,10427106853,917000000,3590000000,1860000000,3500000000,2696600,False
vnodes,four_node,,2026-09-22T14:57:59.433344+00:00,,1963,r-scylla3,4,8.79,2005749727,10427106853,1010000000,3700000000,2070000000,3800000000,2696600,False
vnodes,four_node,,2026-09-22T14:57:59.433344+00:00,,1963,r-scylla4,4,10.16,705586790,10427106853,642000000,1140000000,1820000000,1400000000,2696600,False
vnodes,four_node,,2026-09-22T14:58:02.765624+00:00,,1964,r-scylla1,4,13.58,2107755201,10427106853,1130000000,3620000000,2120000000,3690000000,2694168,False
vnodes,four_node,,2026-09-22T14:58:02.765624+00:00,,1964,r-scylla2,4,8.04,1999307276,10427106853,917000000,3590000000,1860000000,3510000000,2694168,False
vnodes,four_node,,2026-09-22T14:58:02.765624+00:00,,1964,r-scylla3,4,8.62,2005749727,10427106853,1010000000,3700000000,2070000000,3800000000,2694168,False
vnodes,four_node,,2026-09-22T14:58:02.765624+00:00,,1964,r-scylla4,4,9.91,706740224,10427106853,642000000,1140000000,1830000000,1400000000,2694168,False
vnodes,four_node,,2026-09-22T14:58:06.135641+00:00,,1965,r-scylla1,4,8.93,2101312750,10427106853,1130000000,3620000000,2120000000,3690000000,2696472,False
vnodes,four_node,,2026-09-22T14:58:06.135641+00:00,,1965,r-scylla2,4,9.53,1999307276,10427106853,918000000,3590000000,1860000000,3510000000,2696472,False
vnodes,four_node,,2026-09-22T14:58:06.135641+00:00,,1965,r-scylla3,4,9.54,2005749727,10427106853,1010000000,3700000000,2070000000,3800000000,2696472,False
vnodes,four_node,,2026-09-22T14:58:06.135641+00:00,,1965,r-scylla4,4,10.90,708103373,10427106853,643000000,1150000000,1830000000,1400000000,2696472,False
vnodes,four_node,,2026-09-22T14:58:09.482352+00:00,,1966,r-scylla1,4,18.29,2101312750,10427106853,1140000000,3620000000,2120000000,3690000000,2693492,False
vnodes,four_node,,2026-09-22T14:58:09.482352+00:00,,1966,r-scylla2,4,9.07,2000381018,10427106853,918000000,3600000000,1860000000,3510000000,2693492,False
vnodes,four_node,,2026-09-22T14:58:09.482352+00:00,,1966,r-scylla3,4,9.25,2005749727,10427106853,1010000000,3710000000,2070000000,3800000000,2693492,False
vnodes,four_node,,2026-09-22T14:58:09.482352+00:00,,1966,r-scylla4,4,11.96,709047091,10427106853,644000000,1150000000,1830000000,1400000000,2693492,False
vnodes,four_node,,2026-09-22T14:58:12.801730+00:00,,1967,r-scylla1,4,15.54,2102386491,10427106853,1140000000,3620000000,2120000000,3690000000,2696684,False
vnodes,four_node,,2026-09-22T14:58:12.801730+00:00,,1967,r-scylla2,4,9.67,1999307276,10427106853,919000000,3600000000,1860000000,3510000000,2696684,False
vnodes,four_node,,2026-09-22T14:58:12.801730+00:00,,1967,r-scylla3,4,9.51,2005749727,10427106853,1010000000,3710000000,2070000000,3800000000,2696684,False
vnodes,four_node,,2026-09-22T14:58:12.801730+00:00,,1967,r-scylla4,4,9.95,710724813,10427106853,644000000,1150000000,1840000000,1400000000,2696684,False
vnodes,four_node,,2026-09-22T14:58:16.143975+00:00,,1968,r-scylla1,4,12.80,2101312750,10427106853,1140000000,3630000000,2120000000,3690000000,2702136,False
vnodes,four_node,,2026-09-22T14:58:16.143975+00:00,,1968,r-scylla2,4,9.19,1999307276,10427106853,919000000,3600000000,1860000000,3510000000,2702136,False
vnodes,four_node,,2026-09-22T14:58:16.143975+00:00,,1968,r-scylla3,4,9.63,2005749727,10427106853,1010000000,3710000000,2070000000,3810000000,2702136,False
vnodes,four_node,,2026-09-22T14:58:16.143975+00:00,,1968,r-scylla4,4,10.91,712612250,10427106853,645000000,1150000000,1840000000,1400000000,2702136,False
vnodes,four_node,,2026-09-22T14:58:19.433989+00:00,,1969,r-scylla1,4,17.34,2101312750,10427106853,1140000000,3630000000,2120000000,3690000000,2704176,False
vnodes,four_node,,2026-09-22T14:58:19.433989+00:00,,1969,r-scylla2,4,7.93,1999307276,10427106853,920000000,3600000000,1860000000,3510000000,2704176,False
vnodes,four_node,,2026-09-22T14:58:19.433989+00:00,,1969,r-scylla3,4,9.31,2005749727,10427106853,1010000000,3710000000,2070000000,3810000000,2704176,False
vnodes,four_node,,2026-09-22T14:58:19.433989+00:00,,1969,r-scylla4,4,11.02,713241395,10427106853,645000000,1150000000,1840000000,1400000000,2704176,False
vnodes,four_node,,2026-09-22T14:58:22.787344+00:00,,1970,r-scylla1,4,8.70,2101312750,10427106853,1140000000,3630000000,2120000000,3690000000,2701480,False
vnodes,four_node,,2026-09-22T14:58:22.787344+00:00,,1970,r-scylla2,4,9.69,1999307276,10427106853,920000000,3600000000,1860000000,3510000000,2701480,False
vnodes,four_node,,2026-09-22T14:58:22.787344+00:00,,1970,r-scylla3,4,8.55,2005749727,10427106853,1010000000,3720000000,2070000000,3810000000,2701480,False
vnodes,four_node,,2026-09-22T14:58:22.787344+00:00,,1970,r-scylla4,4,9.82,714709402,10427106853,646000000,1160000000,1850000000,1400000000,2701480,False
vnodes,four_node,,2026-09-22T14:58:26.107800+00:00,,1971,r-scylla1,4,16.30,2101312750,10427106853,1140000000,3630000000,2120000000,3690000000,2697808,False
vnodes,four_node,,2026-09-22T14:58:26.107800+00:00,,1971,r-scylla2,4,8.63,1999307276,10427106853,920000000,3610000000,1860000000,3510000000,2697808,False
vnodes,four_node,,2026-09-22T14:58:26.107800+00:00,,1971,r-scylla3,4,8.08,2005749727,10427106853,1010000000,3720000000,2070000000,3810000000,2697808,False
vnodes,four_node,,2026-09-22T14:58:26.107800+00:00,,1971,r-scylla4,4,8.81,715653120,10427106853,646000000,1160000000,1850000000,1400000000,2697808,False
vnodes,four_node,,2026-09-22T14:58:29.425973+00:00,,1972,r-scylla1,4,14.59,2107755201,10427106853,1140000000,3640000000,2120000000,3690000000,2687796,False
vnodes,four_node,,2026-09-22T14:58:29.425973+00:00,,1972,r-scylla2,4,9.78,1999307276,10427106853,921000000,3610000000,1860000000,3510000000,2687796,False
vnodes,four_node,,2026-09-22T14:58:29.425973+00:00,,1972,r-scylla3,4,10.61,2005749727,10427106853,1010000000,3720000000,2070000000,3810000000,2687796,False
vnodes,four_node,,2026-09-22T14:58:29.425973+00:00,,1972,r-scylla4,4,11.94,716387123,10427106853,646000000,1160000000,1850000000,1400000000,2687796,False
vnodes,four_node,,2026-09-22T14:58:32.838150+00:00,,1973,r-scylla1,4,8.91,2101312750,10427106853,1140000000,3640000000,2120000000,3690000000,2694468,False
vnodes,four_node,,2026-09-22T14:58:32.838150+00:00,,1973,r-scylla2,4,8.79,2000381018,10427106853,921000000,3610000000,1860000000,3510000000,2694468,False
vnodes,four_node,,2026-09-22T14:58:32.838150+00:00,,1973,r-scylla3,4,9.23,2005749727,10427106853,1010000000,3720000000,2070000000,3810000000,2694468,False
vnodes,four_node,,2026-09-22T14:58:32.838150+00:00,,1973,r-scylla4,4,11.30,717750272,10427106853,647000000,1160000000,1850000000,1400000000,2694468,False
vnodes,four_node,,2026-09-22T14:58:36.155561+00:00,,1974,r-scylla1,4,7.97,2102386491,10427106853,1140000000,3640000000,2120000000,3690000000,2694688,False
vnodes,four_node,,2026-09-22T14:58:36.155561+00:00,,1974,r-scylla2,4,8.13,1999307276,10427106853,922000000,3610000000,1860000000,3510000000,2694688,False
vnodes,four_node,,2026-09-22T14:58:36.155561+00:00,,1974,r-scylla3,4,9.05,2005749727,10427106853,1010000000,3720000000,2070000000,3810000000,2694688,False
vnodes,four_node,,2026-09-22T14:58:36.155561+00:00,,1974,r-scylla4,4,9.85,719532851,10427106853,648000000,1160000000,1860000000,1400000000,2694688,False
vnodes,four_node,,2026-09-22T14:58:39.484596+00:00,,1975,r-scylla1,4,8.97,2101312750,10427106853,1140000000,3640000000,2120000000,3690000000,2691308,False
vnodes,four_node,,2026-09-22T14:58:39.484596+00:00,,1975,r-scylla2,4,8.42,1999307276,10427106853,922000000,3610000000,1860000000,3510000000,2691308,False
vnodes,four_node,,2026-09-22T14:58:39.484596+00:00,,1975,r-scylla3,4,9.49,2005749727,10427106853,1010000000,3730000000,2070000000,3810000000,2691308,False
vnodes,four_node,,2026-09-22T14:58:39.484596+00:00,,1975,r-scylla4,4,9.52,720161997,10427106853,648000000,1160000000,1860000000,1400000000,2691308,False
vnodes,four_node,,2026-09-22T14:58:42.786809+00:00,,1976,r-scylla1,4,11.78,2101312750,10427106853,1140000000,3640000000,2120000000,3690000000,2709144,False
vnodes,four_node,,2026-09-22T14:58:42.786809+00:00,,1976,r-scylla2,4,3.58,1999307276,10427106853,923000000,3620000000,1860000000,3510000000,2709144,False
vnodes,four_node,,2026-09-22T14:58:42.786809+00:00,,1976,r-scylla3,4,3.37,2005749727,10427106853,1020000000,3730000000,2070000000,3810000000,2709144,False
vnodes,four_node,,2026-09-22T14:58:42.786809+00:00,,1976,r-scylla4,4,1.59,721210573,10427106853,648000000,1170000000,1860000000,1400000000,2709144,False
vnodes,four_node,,2026-09-22T14:58:46.110124+00:00,,1977,r-scylla1,4,7.76,2107755201,10427106853,1140000000,3640000000,2120000000,3690000000,2740808,False
vnodes,four_node,,2026-09-22T14:58:46.110124+00:00,,1977,r-scylla2,4,2.66,1999307276,10427106853,923000000,3620000000,1860000000,3510000000,2740808,False
vnodes,four_node,,2026-09-22T14:58:46.110124+00:00,,1977,r-scylla3,4,2.10,2005749727,10427106853,1020000000,3730000000,2070000000,3810000000,2740808,False
vnodes,four_node,,2026-09-22T14:58:46.110124+00:00,,1977,r-scylla4,4,2.75,721000858,10427106853,648000000,1170000000,1860000000,1400000000,2740808,False
vnodes,four_node,,2026-09-22T14:58:49.547817+00:00,,1978,r-scylla1,4,2.36,2101312750,10427106853,1140000000,3650000000,2120000000,3690000000,2744072,False
vnodes,four_node,,2026-09-22T14:58:49.547817+00:00,,1978,r-scylla2,4,1.92,1999307276,10427106853,923000000,3620000000,1860000000,3510000000,2744072,False
vnodes,four_node,,2026-09-22T14:58:49.547817+00:00,,1978,r-scylla3,4,2.05,2005749727,10427106853,1020000000,3730000000,2070000000,3810000000,2744072,False
vnodes,four_node,,2026-09-22T14:58:49.547817+00:00,,1978,r-scylla4,4,1.71,721000858,10427106853,648000000,1170000000,1860000000,1400000000,2744072,False
vnodes,scalein,decommission_command_start,2026-09-22T15:24:44.562495+00:00,-119.374582,2422,r-scylla1,4,12.63,2101312750,10427106853,1210000000,4300000000,2160000000,3690000000,2694824,False
vnodes,scalein,decommission_command_start,2026-09-22T15:24:44.562495+00:00,-119.374582,2422,r-scylla2,4,11.16,1999307276,10427106853,943000000,4260000000,1890000000,3510000000,2694824,False
vnodes,scalein,decommission_command_start,2026-09-22T15:24:44.562495+00:00,-119.374582,2422,r-scylla3,4,12.26,2005749727,10427106853,1040000000,4380000000,2110000000,3810000000,2694824,False
vnodes,scalein,decommission_command_start,2026-09-22T15:24:44.562495+00:00,-119.374582,2422,r-scylla4,4,12.19,723832013,10427106853,668000000,1800000000,1900000000,1400000000,2694824,False
vnodes,scalein,decommission_command_start,2026-09-22T15:24:48.064429+00:00,-115.872648,2423,r-scylla1,4,21.73,2101312750,10427106853,1210000000,4300000000,2160000000,3690000000,2693956,False
vnodes,scalein,decommission_command_start,2026-09-22T15:24:48.064429+00:00,-115.872648,2423,r-scylla2,4,9.50,1999307276,10427106853,943000000,4260000000,1890000000,3510000000,2693956,False
vnodes,scalein,decommission_command_start,2026-09-22T15:24:48.064429+00:00,-115.872648,2423,r-scylla3,4,10.66,2005749727,10427106853,1040000000,4380000000,2110000000,3810000000,2693956,False
vnodes,scalein,decommission_command_start,2026-09-22T15:24:48.064429+00:00,-115.872648,2423,r-scylla4,4,13.65,725509734,10427106853,669000000,1810000000,1910000000,1400000000,2693956,False
vnodes,scalein,decommission_command_start,2026-09-22T15:24:51.608384+00:00,-112.328693,2424,r-scylla1,4,20.57,2108828942,10427106853,1210000000,4300000000,2160000000,3690000000,2693232,False
vnodes,scalein,decommission_command_start,2026-09-22T15:24:51.608384+00:00,-112.328693,2424,r-scylla2,4,10.38,1999307276,10427106853,944000000,4260000000,1890000000,3510000000,2693232,False
vnodes,scalein,decommission_command_start,2026-09-22T15:24:51.608384+00:00,-112.328693,2424,r-scylla3,4,12.18,2005749727,10427106853,1040000000,4380000000,2110000000,3810000000,2693232,False
vnodes,scalein,decommission_command_start,2026-09-22T15:24:51.608384+00:00,-112.328693,2424,r-scylla4,4,13.58,726872883,10427106853,669000000,1810000000,1910000000,1400000000,2693232,False
vnodes,scalein,decommission_command_start,2026-09-22T15:24:55.154815+00:00,-108.782262,2425,r-scylla1,4,10.75,2101312750,10427106853,1210000000,4300000000,2160000000,3690000000,2692060,False
vnodes,scalein,decommission_command_start,2026-09-22T15:24:55.154815+00:00,-108.782262,2425,r-scylla2,4,11.40,1999307276,10427106853,944000000,4270000000,1890000000,3510000000,2692060,False
vnodes,scalein,decommission_command_start,2026-09-22T15:24:55.154815+00:00,-108.782262,2425,r-scylla3,4,10.72,2005749727,10427106853,1040000000,4380000000,2110000000,3810000000,2692060,False
vnodes,scalein,decommission_command_start,2026-09-22T15:24:55.154815+00:00,-108.782262,2425,r-scylla4,4,14.66,728445747,10427106853,670000000,1810000000,1910000000,1400000000,2692060,False
vnodes,scalein,decommission_command_start,2026-09-22T15:24:58.619250+00:00,-105.317827,2426,r-scylla1,4,19.44,2101312750,10427106853,1210000000,4300000000,2160000000,3690000000,2686916,False
vnodes,scalein,decommission_command_start,2026-09-22T15:24:58.619250+00:00,-105.317827,2426,r-scylla2,4,12.60,1999307276,10427106853,945000000,4270000000,1890000000,3510000000,2686916,False
vnodes,scalein,decommission_command_start,2026-09-22T15:24:58.619250+00:00,-105.317827,2426,r-scylla3,4,13.97,2005749727,10427106853,1040000000,4380000000,2110000000,3810000000,2686916,False
vnodes,scalein,decommission_command_start,2026-09-22T15:24:58.619250+00:00,-105.317827,2426,r-scylla4,4,12.71,729494323,10427106853,670000000,1810000000,1920000000,1400000000,2686916,False
vnodes,scalein,decommission_command_start,2026-09-22T15:25:02.155157+00:00,-101.781920,2427,r-scylla1,4,34.51,2102386491,10427106853,1210000000,4310000000,2160000000,3690000000,2686360,False
vnodes,scalein,decommission_command_start,2026-09-22T15:25:02.155157+00:00,-101.781920,2427,r-scylla2,4,17.58,1999307276,10427106853,945000000,4270000000,1890000000,3510000000,2686360,False
vnodes,scalein,decommission_command_start,2026-09-22T15:25:02.155157+00:00,-101.781920,2427,r-scylla3,4,18.56,2005749727,10427106853,1040000000,4390000000,2110000000,3810000000,2686360,False
vnodes,scalein,decommission_command_start,2026-09-22T15:25:02.155157+00:00,-101.781920,2427,r-scylla4,4,14.19,730857472,10427106853,671000000,1820000000,1920000000,1400000000,2686360,False
vnodes,scalein,decommission_command_start,2026-09-22T15:25:05.677984+00:00,-98.259093,2428,r-scylla1,4,13.43,2101312750,10427106853,1210000000,4310000000,2160000000,3690000000,2679196,False
vnodes,scalein,decommission_command_start,2026-09-22T15:25:05.677984+00:00,-98.259093,2428,r-scylla2,4,11.83,1999307276,10427106853,946000000,4270000000,1890000000,3510000000,2679196,False
vnodes,scalein,decommission_command_start,2026-09-22T15:25:05.677984+00:00,-98.259093,2428,r-scylla3,4,13.43,2005749727,10427106853,1040000000,4390000000,2110000000,3810000000,2679196,False
vnodes,scalein,decommission_command_start,2026-09-22T15:25:05.677984+00:00,-98.259093,2428,r-scylla4,4,14.40,731591475,10427106853,671000000,1820000000,1920000000,1400000000,2679196,False
vnodes,scalein,decommission_command_start,2026-09-22T15:25:09.222795+00:00,-94.714282,2429,r-scylla1,4,10.59,2101312750,10427106853,1210000000,4310000000,2160000000,3690000000,2684224,False
vnodes,scalein,decommission_command_start,2026-09-22T15:25:09.222795+00:00,-94.714282,2429,r-scylla2,4,9.18,1999307276,10427106853,946000000,4270000000,1890000000,3510000000,2684224,False
vnodes,scalein,decommission_command_start,2026-09-22T15:25:09.222795+00:00,-94.714282,2429,r-scylla3,4,11.09,2005749727,10427106853,1040000000,4390000000,2110000000,3810000000,2684224,False
vnodes,scalein,decommission_command_start,2026-09-22T15:25:09.222795+00:00,-94.714282,2429,r-scylla4,4,16.43,732849766,10427106853,672000000,1820000000,1920000000,1400000000,2684224,False
vnodes,scalein,decommission_command_start,2026-09-22T15:25:12.653342+00:00,-91.283735,2430,r-scylla1,4,15.37,2101312750,10427106853,1210000000,4310000000,2160000000,3690000000,2684036,False
vnodes,scalein,decommission_command_start,2026-09-22T15:25:12.653342+00:00,-91.283735,2430,r-scylla2,4,7.14,1999307276,10427106853,947000000,4280000000,1890000000,3510000000,2684036,False
vnodes,scalein,decommission_command_start,2026-09-22T15:25:12.653342+00:00,-91.283735,2430,r-scylla3,4,7.57,2005749727,10427106853,1040000000,4390000000,2110000000,3810000000,2684036,False
vnodes,scalein,decommission_command_start,2026-09-22T15:25:12.653342+00:00,-91.283735,2430,r-scylla4,4,8.22,734737203,10427106853,672000000,1820000000,1930000000,1400000000,2684036,False
vnodes,scalein,decommission_command_start,2026-09-22T15:25:16.025792+00:00,-87.911285,2431,r-scylla1,4,14.90,2101312750,10427106853,1210000000,4310000000,2160000000,3690000000,2676008,False
vnodes,scalein,decommission_command_start,2026-09-22T15:25:16.025792+00:00,-87.911285,2431,r-scylla2,4,8.10,1999307276,10427106853,947000000,4280000000,1890000000,3510000000,2676008,False
vnodes,scalein,decommission_command_start,2026-09-22T15:25:16.025792+00:00,-87.911285,2431,r-scylla3,4,11.28,2005749727,10427106853,1040000000,4390000000,2110000000,3810000000,2676008,False
vnodes,scalein,decommission_command_start,2026-09-22T15:25:16.025792+00:00,-87.911285,2431,r-scylla4,4,10.51,736519782,10427106853,673000000,1820000000,1930000000,1400000000,2676008,False
vnodes,scalein,decommission_command_start,2026-09-22T15:25:19.437110+00:00,-84.499967,2432,r-scylla1,4,12.28,2101312750,10427106853,1220000000,4320000000,2160000000,3690000000,2681872,False
vnodes,scalein,decommission_command_start,2026-09-22T15:25:19.437110+00:00,-84.499967,2432,r-scylla2,4,10.01,1999307276,10427106853,948000000,4280000000,1890000000,3510000000,2681872,False
vnodes,scalein,decommission_command_start,2026-09-22T15:25:19.437110+00:00,-84.499967,2432,r-scylla3,4,11.77,2005749727,10427106853,1040000000,4400000000,2110000000,3810000000,2681872,False
vnodes,scalein,decommission_command_start,2026-09-22T15:25:19.437110+00:00,-84.499967,2432,r-scylla4,4,13.44,736834355,10427106853,673000000,1830000000,1930000000,1400000000,2681872,False
vnodes,scalein,decommission_command_start,2026-09-22T15:25:22.944074+00:00,-80.993003,2433,r-scylla1,4,20.32,2101312750,10427106853,1220000000,4320000000,2160000000,3690000000,2679056,False
vnodes,scalein,decommission_command_start,2026-09-22T15:25:22.944074+00:00,-80.993003,2433,r-scylla2,4,10.74,1999307276,10427106853,948000000,4280000000,1890000000,3510000000,2679056,False
vnodes,scalein,decommission_command_start,2026-09-22T15:25:22.944074+00:00,-80.993003,2433,r-scylla3,4,11.03,2005749727,10427106853,1040000000,4400000000,2110000000,3810000000,2679056,False
vnodes,scalein,decommission_command_start,2026-09-22T15:25:22.944074+00:00,-80.993003,2433,r-scylla4,4,14.86,738616934,10427106853,674000000,1830000000,1940000000,1400000000,2679056,False
vnodes,scalein,decommission_command_start,2026-09-22T15:25:26.450640+00:00,-77.486437,2434,r-scylla1,4,19.86,2102386491,10427106853,1220000000,4320000000,2160000000,3690000000,2667924,False
vnodes,scalein,decommission_command_start,2026-09-22T15:25:26.450640+00:00,-77.486437,2434,r-scylla2,4,10.59,1999307276,10427106853,949000000,4280000000,1890000000,3510000000,2667924,False
vnodes,scalein,decommission_command_start,2026-09-22T15:25:26.450640+00:00,-77.486437,2434,r-scylla3,4,12.29,2005749727,10427106853,1040000000,4400000000,2110000000,3810000000,2667924,False
vnodes,scalein,decommission_command_start,2026-09-22T15:25:26.450640+00:00,-77.486437,2434,r-scylla4,4,13.80,739770368,10427106853,674000000,1830000000,1940000000,1410000000,2667924,False
vnodes,scalein,decommission_command_start,2026-09-22T15:25:29.915162+00:00,-74.021915,2435,r-scylla1,4,11.14,2101312750,10427106853,1220000000,4320000000,2160000000,3690000000,2673460,False
vnodes,scalein,decommission_command_start,2026-09-22T15:25:29.915162+00:00,-74.021915,2435,r-scylla2,4,10.29,1999307276,10427106853,949000000,4290000000,1890000000,3510000000,2673460,False
vnodes,scalein,decommission_command_start,2026-09-22T15:25:29.915162+00:00,-74.021915,2435,r-scylla3,4,11.05,2005749727,10427106853,1040000000,4400000000,2110000000,3810000000,2673460,False
vnodes,scalein,decommission_command_start,2026-09-22T15:25:29.915162+00:00,-74.021915,2435,r-scylla4,4,15.25,740923802,10427106853,675000000,1830000000,1940000000,1410000000,2673460,False
vnodes,scalein,decommission_command_start,2026-09-22T15:25:33.473594+00:00,-70.463483,2436,r-scylla1,4,21.73,2101312750,10427106853,1220000000,4330000000,2160000000,3690000000,2674360,False
vnodes,scalein,decommission_command_start,2026-09-22T15:25:33.473594+00:00,-70.463483,2436,r-scylla2,4,10.45,1999307276,10427106853,949000000,4290000000,1890000000,3510000000,2674360,False
vnodes,scalein,decommission_command_start,2026-09-22T15:25:33.473594+00:00,-70.463483,2436,r-scylla3,4,12.81,2005749727,10427106853,1040000000,4410000000,2110000000,3810000000,2674360,False
vnodes,scalein,decommission_command_start,2026-09-22T15:25:33.473594+00:00,-70.463483,2436,r-scylla4,4,13.86,742182093,10427106853,676000000,1830000000,1950000000,1410000000,2674360,False
vnodes,scalein,decommission_command_start,2026-09-22T15:25:36.895126+00:00,-67.041951,2437,r-scylla1,4,15.81,2101312750,10427106853,1220000000,4330000000,2160000000,3690000000,2672252,False
vnodes,scalein,decommission_command_start,2026-09-22T15:25:36.895126+00:00,-67.041951,2437,r-scylla2,4,6.16,1999307276,10427106853,950000000,4290000000,1890000000,3510000000,2672252,False
vnodes,scalein,decommission_command_start,2026-09-22T15:25:36.895126+00:00,-67.041951,2437,r-scylla3,4,7.27,2005749727,10427106853,1040000000,4410000000,2110000000,3810000000,2672252,False
vnodes,scalein,decommission_command_start,2026-09-22T15:25:36.895126+00:00,-67.041951,2437,r-scylla4,4,9.39,743335526,10427106853,676000000,1840000000,1950000000,1410000000,2672252,False
vnodes,scalein,decommission_command_start,2026-09-22T15:25:40.378235+00:00,-63.558842,2438,r-scylla1,4,10.61,2101312750,10427106853,1220000000,4330000000,2160000000,3690000000,2671636,False
vnodes,scalein,decommission_command_start,2026-09-22T15:25:40.378235+00:00,-63.558842,2438,r-scylla2,4,10.40,1999307276,10427106853,951000000,4290000000,1890000000,3510000000,2671636,False
vnodes,scalein,decommission_command_start,2026-09-22T15:25:40.378235+00:00,-63.558842,2438,r-scylla3,4,11.17,2005749727,10427106853,1040000000,4410000000,2110000000,3810000000,2671636,False
vnodes,scalein,decommission_command_start,2026-09-22T15:25:40.378235+00:00,-63.558842,2438,r-scylla4,4,13.59,744488960,10427106853,676000000,1840000000,1950000000,1410000000,2671636,False
vnodes,scalein,decommission_command_start,2026-09-22T15:25:43.856394+00:00,-60.080683,2439,r-scylla1,4,24.20,2101312750,10427106853,1220000000,4330000000,2160000000,3690000000,2667760,False
vnodes,scalein,decommission_command_start,2026-09-22T15:25:43.856394+00:00,-60.080683,2439,r-scylla2,4,11.39,1999307276,10427106853,951000000,4290000000,1890000000,3510000000,2667760,False
vnodes,scalein,decommission_command_start,2026-09-22T15:25:43.856394+00:00,-60.080683,2439,r-scylla3,4,11.60,2005749727,10427106853,1040000000,4410000000,2110000000,3810000000,2667760,False
vnodes,scalein,decommission_command_start,2026-09-22T15:25:43.856394+00:00,-60.080683,2439,r-scylla4,4,13.85,746271539,10427106853,677000000,1840000000,1960000000,1410000000,2667760,False
vnodes,scalein,decommission_command_start,2026-09-22T15:25:47.352632+00:00,-56.584445,2440,r-scylla1,4,23.04,2110976426,10427106853,1220000000,4340000000,2160000000,3690000000,2668712,False
vnodes,scalein,decommission_command_start,2026-09-22T15:25:47.352632+00:00,-56.584445,2440,r-scylla2,4,9.98,1999307276,10427106853,952000000,4300000000,1890000000,3510000000,2668712,False
vnodes,scalein,decommission_command_start,2026-09-22T15:25:47.352632+00:00,-56.584445,2440,r-scylla3,4,13.07,2005749727,10427106853,1050000000,4410000000,2110000000,3810000000,2668712,False
vnodes,scalein,decommission_command_start,2026-09-22T15:25:47.352632+00:00,-56.584445,2440,r-scylla4,4,13.46,747424973,10427106853,678000000,1840000000,1960000000,1410000000,2668712,False
vnodes,scalein,decommission_command_start,2026-09-22T15:25:50.886713+00:00,-53.050364,2441,r-scylla1,4,11.83,2101312750,10427106853,1220000000,4340000000,2160000000,3690000000,2668244,False
vnodes,scalein,decommission_command_start,2026-09-22T15:25:50.886713+00:00,-53.050364,2441,r-scylla2,4,10.53,1999307276,10427106853,952000000,4300000000,1890000000,3510000000,2668244,False
vnodes,scalein,decommission_command_start,2026-09-22T15:25:50.886713+00:00,-53.050364,2441,r-scylla3,4,12.99,2005749727,10427106853,1050000000,4420000000,2110000000,3810000000,2668244,False
vnodes,scalein,decommission_command_start,2026-09-22T15:25:50.886713+00:00,-53.050364,2441,r-scylla4,4,13.45,748473549,10427106853,678000000,1850000000,1960000000,1410000000,2668244,False
vnodes,scalein,decommission_command_start,2026-09-22T15:25:54.380690+00:00,-49.556387,2442,r-scylla1,4,21.96,2101312750,10427106853,1220000000,4340000000,2160000000,3690000000,2666964,False
vnodes,scalein,decommission_command_start,2026-09-22T15:25:54.380690+00:00,-49.556387,2442,r-scylla2,4,10.95,1999307276,10427106853,953000000,4300000000,1890000000,3510000000,2666964,False
vnodes,scalein,decommission_command_start,2026-09-22T15:25:54.380690+00:00,-49.556387,2442,r-scylla3,4,11.87,2005749727,10427106853,1050000000,4420000000,2110000000,3810000000,2666964,False
vnodes,scalein,decommission_command_start,2026-09-22T15:25:54.380690+00:00,-49.556387,2442,r-scylla4,4,13.37,749522125,10427106853,678000000,1850000000,1960000000,1410000000,2666964,False
vnodes,scalein,decommission_command_start,2026-09-22T15:25:57.872568+00:00,-46.064509,2443,r-scylla1,4,22.44,2101312750,10427106853,1220000000,4340000000,2160000000,3690000000,2666444,False
vnodes,scalein,decommission_command_start,2026-09-22T15:25:57.872568+00:00,-46.064509,2443,r-scylla2,4,10.54,1999307276,10427106853,953000000,4300000000,1890000000,3510000000,2666444,False
vnodes,scalein,decommission_command_start,2026-09-22T15:25:57.872568+00:00,-46.064509,2443,r-scylla3,4,10.94,2005749727,10427106853,1050000000,4420000000,2110000000,3810000000,2666444,False
vnodes,scalein,decommission_command_start,2026-09-22T15:25:57.872568+00:00,-46.064509,2443,r-scylla4,4,14.42,751304704,10427106853,679000000,1850000000,1970000000,1410000000,2666444,False
vnodes,scalein,decommission_command_start,2026-09-22T15:26:01.294621+00:00,-42.642456,2444,r-scylla1,4,12.16,2101312750,10427106853,1220000000,4340000000,2160000000,3690000000,2665712,False
vnodes,scalein,decommission_command_start,2026-09-22T15:26:01.294621+00:00,-42.642456,2444,r-scylla2,4,11.63,1999307276,10427106853,954000000,4310000000,1890000000,3510000000,2665712,False
vnodes,scalein,decommission_command_start,2026-09-22T15:26:01.294621+00:00,-42.642456,2444,r-scylla3,4,11.85,2005749727,10427106853,1050000000,4420000000,2110000000,3810000000,2665712,False
vnodes,scalein,decommission_command_start,2026-09-22T15:26:01.294621+00:00,-42.642456,2444,r-scylla4,4,14.18,751933850,10427106853,679000000,1850000000,1970000000,1410000000,2665712,False
vnodes,scalein,decommission_command_start,2026-09-22T15:26:04.749791+00:00,-39.187286,2445,r-scylla1,4,19.11,2101312750,10427106853,1220000000,4350000000,2160000000,3690000000,2661832,False
vnodes,scalein,decommission_command_start,2026-09-22T15:26:04.749791+00:00,-39.187286,2445,r-scylla2,4,10.17,1999307276,10427106853,954000000,4310000000,1890000000,3510000000,2661832,False
vnodes,scalein,decommission_command_start,2026-09-22T15:26:04.749791+00:00,-39.187286,2445,r-scylla3,4,12.64,2005749727,10427106853,1050000000,4430000000,2110000000,3810000000,2661832,False
vnodes,scalein,decommission_command_start,2026-09-22T15:26:04.749791+00:00,-39.187286,2445,r-scylla4,4,12.63,752877568,10427106853,680000000,1850000000,1970000000,1410000000,2661832,False
vnodes,scalein,decommission_command_start,2026-09-22T15:26:08.165032+00:00,-35.772045,2446,r-scylla1,4,20.12,2101312750,10427106853,1220000000,4350000000,2160000000,3690000000,2658052,False
vnodes,scalein,decommission_command_start,2026-09-22T15:26:08.165032+00:00,-35.772045,2446,r-scylla2,4,9.58,1999307276,10427106853,955000000,4310000000,1890000000,3510000000,2658052,False
vnodes,scalein,decommission_command_start,2026-09-22T15:26:08.165032+00:00,-35.772045,2446,r-scylla3,4,11.32,2005749727,10427106853,1050000000,4430000000,2110000000,3810000000,2658052,False
vnodes,scalein,decommission_command_start,2026-09-22T15:26:08.165032+00:00,-35.772045,2446,r-scylla4,4,12.99,754240717,10427106853,681000000,1860000000,1980000000,1410000000,2658052,False
vnodes,scalein,decommission_command_start,2026-09-22T15:26:11.717709+00:00,-32.219368,2447,r-scylla1,4,11.08,2101312750,10427106853,1220000000,4350000000,2160000000,3690000000,2655428,False
vnodes,scalein,decommission_command_start,2026-09-22T15:26:11.717709+00:00,-32.219368,2447,r-scylla2,4,10.21,1999307276,10427106853,955000000,4310000000,1890000000,3510000000,2655428,False
vnodes,scalein,decommission_command_start,2026-09-22T15:26:11.717709+00:00,-32.219368,2447,r-scylla3,4,11.65,2005749727,10427106853,1050000000,4430000000,2110000000,3810000000,2655428,False
vnodes,scalein,decommission_command_start,2026-09-22T15:26:11.717709+00:00,-32.219368,2447,r-scylla4,4,13.01,755499008,10427106853,681000000,1860000000,1980000000,1410000000,2655428,False
vnodes,scalein,decommission_command_start,2026-09-22T15:26:15.163186+00:00,-28.773891,2448,r-scylla1,4,13.80,2102386491,10427106853,1220000000,4350000000,2160000000,3690000000,2653520,False
vnodes,scalein,decommission_command_start,2026-09-22T15:26:15.163186+00:00,-28.773891,2448,r-scylla2,4,9.81,1999307276,10427106853,955000000,4310000000,1890000000,3510000000,2653520,False
vnodes,scalein,decommission_command_start,2026-09-22T15:26:15.163186+00:00,-28.773891,2448,r-scylla3,4,10.04,2005749727,10427106853,1050000000,4430000000,2110000000,3810000000,2653520,False
vnodes,scalein,decommission_command_start,2026-09-22T15:26:15.163186+00:00,-28.773891,2448,r-scylla4,4,12.86,757386445,10427106853,682000000,1860000000,1980000000,1410000000,2653520,False
vnodes,scalein,decommission_command_start,2026-09-22T15:26:18.666779+00:00,-25.270298,2449,r-scylla1,4,22.96,2101312750,10427106853,1220000000,4360000000,2160000000,3690000000,2652600,False
vnodes,scalein,decommission_command_start,2026-09-22T15:26:18.666779+00:00,-25.270298,2449,r-scylla2,4,9.64,1999307276,10427106853,956000000,4320000000,1890000000,3510000000,2652600,False
vnodes,scalein,decommission_command_start,2026-09-22T15:26:18.666779+00:00,-25.270298,2449,r-scylla3,4,10.99,2005749727,10427106853,1050000000,4430000000,2110000000,3810000000,2652600,False
vnodes,scalein,decommission_command_start,2026-09-22T15:26:18.666779+00:00,-25.270298,2449,r-scylla4,4,13.54,758959309,10427106853,682000000,1860000000,1990000000,1410000000,2652600,False
vnodes,scalein,decommission_command_start,2026-09-22T15:26:22.130384+00:00,-21.806693,2450,r-scylla1,4,11.76,2102386491,10427106853,1230000000,4360000000,2160000000,3700000000,2649692,False
vnodes,scalein,decommission_command_start,2026-09-22T15:26:22.130384+00:00,-21.806693,2450,r-scylla2,4,10.52,1999307276,10427106853,957000000,4320000000,1890000000,3510000000,2649692,False
vnodes,scalein,decommission_command_start,2026-09-22T15:26:22.130384+00:00,-21.806693,2450,r-scylla3,4,11.56,2005749727,10427106853,1050000000,4440000000,2110000000,3810000000,2649692,False
vnodes,scalein,decommission_command_start,2026-09-22T15:26:22.130384+00:00,-21.806693,2450,r-scylla4,4,13.27,759483597,10427106853,683000000,1860000000,1990000000,1410000000,2649692,False
vnodes,scalein,decommission_command_start,2026-09-22T15:26:25.596951+00:00,-18.340126,2451,r-scylla1,4,10.95,2101312750,10427106853,1230000000,4360000000,2160000000,3700000000,2656672,False
vnodes,scalein,decommission_command_start,2026-09-22T15:26:25.596951+00:00,-18.340126,2451,r-scylla2,4,9.14,1999307276,10427106853,957000000,4320000000,1890000000,3510000000,2656672,False
vnodes,scalein,decommission_command_start,2026-09-22T15:26:25.596951+00:00,-18.340126,2451,r-scylla3,4,10.78,2005749727,10427106853,1050000000,4440000000,2110000000,3810000000,2656672,False
vnodes,scalein,decommission_command_start,2026-09-22T15:26:25.596951+00:00,-18.340126,2451,r-scylla4,4,13.01,760846746,10427106853,683000000,1870000000,1990000000,1410000000,2656672,False
vnodes,scalein,decommission_command_start,2026-09-22T15:26:29.063187+00:00,-14.873890,2452,r-scylla1,4,12.43,2101312750,10427106853,1230000000,4360000000,2160000000,3700000000,2658112,False
vnodes,scalein,decommission_command_start,2026-09-22T15:26:29.063187+00:00,-14.873890,2452,r-scylla2,4,9.74,1999307276,10427106853,957000000,4320000000,1890000000,3510000000,2658112,False
vnodes,scalein,decommission_command_start,2026-09-22T15:26:29.063187+00:00,-14.873890,2452,r-scylla3,4,12.37,2005749727,10427106853,1050000000,4440000000,2110000000,3810000000,2658112,False
vnodes,scalein,decommission_command_start,2026-09-22T15:26:29.063187+00:00,-14.873890,2452,r-scylla4,4,14.25,762314752,10427106853,684000000,1870000000,1990000000,1410000000,2658112,False
vnodes,scalein,decommission_command_start,2026-09-22T15:26:32.538620+00:00,-11.398457,2453,r-scylla1,4,19.96,2101312750,10427106853,1230000000,4360000000,2160000000,3700000000,2647232,False
vnodes,scalein,decommission_command_start,2026-09-22T15:26:32.538620+00:00,-11.398457,2453,r-scylla2,4,12.10,1999307276,10427106853,958000000,4320000000,1890000000,3510000000,2647232,False
vnodes,scalein,decommission_command_start,2026-09-22T15:26:32.538620+00:00,-11.398457,2453,r-scylla3,4,11.66,2005749727,10427106853,1050000000,4440000000,2110000000,3810000000,2647232,False
vnodes,scalein,decommission_command_start,2026-09-22T15:26:32.538620+00:00,-11.398457,2453,r-scylla4,4,12.67,763573043,10427106853,684000000,1870000000,2000000000,1410000000,2647232,False
vnodes,scalein,decommission_command_start,2026-09-22T15:26:36.016318+00:00,-7.920759,2454,r-scylla1,4,14.51,2101312750,10427106853,1230000000,4370000000,2160000000,3700000000,2651404,False
vnodes,scalein,decommission_command_start,2026-09-22T15:26:36.016318+00:00,-7.920759,2454,r-scylla2,4,9.86,1999307276,10427106853,958000000,4330000000,1890000000,3510000000,2651404,False
vnodes,scalein,decommission_command_start,2026-09-22T15:26:36.016318+00:00,-7.920759,2454,r-scylla3,4,10.97,2005749727,10427106853,1050000000,4450000000,2110000000,3810000000,2651404,False
vnodes,scalein,decommission_command_start,2026-09-22T15:26:36.016318+00:00,-7.920759,2454,r-scylla4,4,12.10,764516762,10427106853,685000000,1870000000,2000000000,1410000000,2651404,False
vnodes,scalein,decommission_command_start,2026-09-22T15:26:39.470619+00:00,-4.466458,2455,r-scylla1,4,11.02,2101312750,10427106853,1230000000,4370000000,2160000000,3700000000,2646020,False
vnodes,scalein,decommission_command_start,2026-09-22T15:26:39.470619+00:00,-4.466458,2455,r-scylla2,4,10.83,1999307276,10427106853,959000000,4330000000,1890000000,3510000000,2646020,False
vnodes,scalein,decommission_command_start,2026-09-22T15:26:39.470619+00:00,-4.466458,2455,r-scylla3,4,11.20,2005749727,10427106853,1050000000,4450000000,2110000000,3810000000,2646020,False
vnodes,scalein,decommission_command_start,2026-09-22T15:26:39.470619+00:00,-4.466458,2455,r-scylla4,4,12.13,766194483,10427106853,685000000,1870000000,2000000000,1410000000,2646020,False
vnodes,scalein,decommission_command_start,2026-09-22T15:26:42.938047+00:00,-0.999030,2456,r-scylla1,4,15.38,2101312750,10427106853,1230000000,4370000000,2160000000,3700000000,2621920,False
vnodes,scalein,decommission_command_start,2026-09-22T15:26:42.938047+00:00,-0.999030,2456,r-scylla2,4,49.70,2000381018,10427106853,959000000,4330000000,1890000000,3530000000,2621920,False
vnodes,scalein,decommission_command_start,2026-09-22T15:26:42.938047+00:00,-0.999030,2456,r-scylla3,4,82.37,2006823469,10427106853,1050000000,4450000000,2180000000,3900000000,2621920,False
vnodes,scalein,decommission_command_start,2026-09-22T15:26:42.938047+00:00,-0.999030,2456,r-scylla4,4,23.94,776575386,10427106853,686000000,1880000000,2010000000,1410000000,2621920,False
vnodes,scalein,decommission_command_start,2026-09-22T15:26:46.435917+00:00,2.498840,2457,r-scylla1,4,117.91,2102386491,10427106853,1230000000,4370000000,2680000000,4220000000,2628536,False
vnodes,scalein,decommission_command_start,2026-09-22T15:26:46.435917+00:00,2.498840,2457,r-scylla2,4,131.90,2000381018,10427106853,960000000,4330000000,2290000000,3930000000,2628536,False
vnodes,scalein,decommission_command_start,2026-09-22T15:26:46.435917+00:00,2.498840,2457,r-scylla3,4,119.71,2006823469,10427106853,1050000000,4450000000,2470000000,4190000000,2628536,False
vnodes,scalein,decommission_command_start,2026-09-22T15:26:46.435917+00:00,2.498840,2457,r-scylla4,4,10.62,776994816,10427106853,686000000,1880000000,2010000000,1410000000,2628536,False
vnodes,scalein,decommission_command_start,2026-09-22T15:26:49.849399+00:00,5.912322,2458,r-scylla1,4,72.96,2103460233,10427106853,1280000000,4370000000,2710000000,4290000000,2626836,False
vnodes,scalein,decommission_command_start,2026-09-22T15:26:49.849399+00:00,5.912322,2458,r-scylla2,4,89.02,2000381018,10427106853,1070000000,4340000000,2330000000,4060000000,2626836,False
vnodes,scalein,decommission_command_start,2026-09-22T15:26:49.849399+00:00,5.912322,2458,r-scylla3,4,87.88,2006823469,10427106853,1170000000,4450000000,2680000000,4500000000,2626836,False
vnodes,scalein,decommission_command_start,2026-09-22T15:26:49.849399+00:00,5.912322,2458,r-scylla4,4,144.50,778882253,10427106853,687000000,2040000000,2200000000,1410000000,2626836,False
vnodes,scalein,decommission_command_start,2026-09-22T15:26:53.283723+00:00,9.346646,2459,r-scylla1,4,16.06,2103460233,10427106853,1370000000,4380000000,2720000000,4370000000,2628876,False
vnodes,scalein,decommission_command_start,2026-09-22T15:26:53.283723+00:00,9.346646,2459,r-scylla2,4,16.27,2000381018,10427106853,1120000000,4340000000,2330000000,4110000000,2628876,False
vnodes,scalein,decommission_command_start,2026-09-22T15:26:53.283723+00:00,9.346646,2459,r-scylla3,4,19.45,2006823469,10427106853,1220000000,4460000000,2680000000,4550000000,2628876,False
vnodes,scalein,decommission_command_start,2026-09-22T15:26:53.283723+00:00,9.346646,2459,r-scylla4,4,15.90,770179072,10427106853,689000000,2350000000,2580000000,1410000000,2628876,False
vnodes,scalein,decommission_command_start,2026-09-22T15:26:56.835325+00:00,12.898248,2460,r-scylla1,4,14.19,2103460233,10427106853,1370000000,4380000000,2720000000,4370000000,2634464,False
vnodes,scalein,decommission_command_start,2026-09-22T15:26:56.835325+00:00,12.898248,2460,r-scylla2,4,14.58,2000381018,10427106853,1120000000,4340000000,2330000000,4110000000,2634464,False
vnodes,scalein,decommission_command_start,2026-09-22T15:26:56.835325+00:00,12.898248,2460,r-scylla3,4,15.72,2006823469,10427106853,1220000000,4460000000,2680000000,4550000000,2634464,False
vnodes,scalein,decommission_command_start,2026-09-22T15:26:56.835325+00:00,12.898248,2460,r-scylla4,4,2.12,770179072,10427106853,689000000,2350000000,2580000000,1410000000,2634464,False
vnodes,scalein,decommission_command_start,2026-09-22T15:27:00.387304+00:00,16.450227,2461,r-scylla1,4,24.13,2109902684,10427106853,1370000000,4380000000,2720000000,4370000000,2632936,False
vnodes,scalein,decommission_command_start,2026-09-22T15:27:00.387304+00:00,16.450227,2461,r-scylla2,4,13.44,2000381018,10427106853,1120000000,4340000000,2340000000,4110000000,2632936,False
vnodes,scalein,decommission_command_start,2026-09-22T15:27:00.387304+00:00,16.450227,2461,r-scylla3,4,15.21,2006823469,10427106853,1220000000,4460000000,2690000000,4550000000,2632936,False
vnodes,scalein,decommission_command_start,2026-09-22T15:27:00.387304+00:00,16.450227,2461,r-scylla4,4,2.30,770179072,10427106853,689000000,2350000000,2580000000,1410000000,2632936,False
vnodes,scalein,decommission_command_start,2026-09-22T15:27:03.868954+00:00,19.931877,2462,r-scylla1,4,24.45,2103460233,10427106853,1370000000,4380000000,2720000000,4370000000,2629700,False
vnodes,scalein,decommission_command_start,2026-09-22T15:27:03.868954+00:00,19.931877,2462,r-scylla2,4,13.83,2000381018,10427106853,1120000000,4340000000,2340000000,4110000000,2629700,False
vnodes,scalein,decommission_command_start,2026-09-22T15:27:03.868954+00:00,19.931877,2462,r-scylla3,4,16.37,2006823469,10427106853,1220000000,4460000000,2690000000,4550000000,2629700,False
vnodes,scalein,decommission_command_start,2026-09-22T15:27:03.868954+00:00,19.931877,2462,r-scylla4,4,1.62,770179072,10427106853,689000000,2350000000,2580000000,1410000000,2629700,False
vnodes,scalein,decommission_command_start,2026-09-22T15:27:07.398620+00:00,23.461543,2463,r-scylla1,4,14.83,2103460233,10427106853,1370000000,4390000000,2730000000,4370000000,2629436,False
vnodes,scalein,decommission_command_start,2026-09-22T15:27:07.398620+00:00,23.461543,2463,r-scylla2,4,15.06,2001454760,10427106853,1120000000,4350000000,2340000000,4110000000,2629436,False
vnodes,scalein,decommission_command_start,2026-09-22T15:27:07.398620+00:00,23.461543,2463,r-scylla3,4,15.48,2006823469,10427106853,1220000000,4470000000,2690000000,4550000000,2629436,False
vnodes,scalein,decommission_command_start,2026-09-22T15:27:07.398620+00:00,23.461543,2463,r-scylla4,4,2.35,770388787,10427106853,689000000,2350000000,2580000000,1410000000,2629436,False
vnodes,scalein,decommission_command_start,2026-09-22T15:27:10.779486+00:00,26.842409,2464,r-scylla1,4,19.24,2102386491,10427106853,1370000000,4390000000,2730000000,4370000000,2638332,False
vnodes,scalein,decommission_command_start,2026-09-22T15:27:10.779486+00:00,26.842409,2464,r-scylla2,4,15.79,2001454760,10427106853,1120000000,4350000000,2340000000,4110000000,2638332,False
vnodes,scalein,decommission_command_start,2026-09-22T15:27:10.779486+00:00,26.842409,2464,r-scylla3,4,17.84,2006823469,10427106853,1230000000,4470000000,2700000000,4550000000,2638332,False
vnodes,scalein,decommission_command_start,2026-09-22T15:27:10.779486+00:00,26.842409,2464,r-scylla4,4,3.27,770179072,10427106853,689000000,2350000000,2580000000,1410000000,2638332,False
vnodes,scalein,decommission_command_start,2026-09-22T15:27:14.248350+00:00,30.311273,2465,r-scylla1,4,26.24,2102386491,10427106853,1370000000,4390000000,2730000000,4370000000,2637656,False
vnodes,scalein,decommission_command_start,2026-09-22T15:27:14.248350+00:00,30.311273,2465,r-scylla2,4,15.11,2001454760,10427106853,1120000000,4350000000,2350000000,4110000000,2637656,False
vnodes,scalein,decommission_command_start,2026-09-22T15:27:14.248350+00:00,30.311273,2465,r-scylla3,4,15.46,2006823469,10427106853,1230000000,4470000000,2700000000,4550000000,2637656,False
vnodes,scalein,decommission_command_start,2026-09-22T15:27:14.248350+00:00,30.311273,2465,r-scylla4,4,2.64,770388787,10427106853,689000000,2350000000,2580000000,1410000000,2637656,False
vnodes,scalein,decommission_command_start,2026-09-22T15:27:17.700056+00:00,33.762979,2466,r-scylla1,4,13.15,2103460233,10427106853,1370000000,4390000000,2740000000,4370000000,2632600,False
vnodes,scalein,decommission_command_start,2026-09-22T15:27:17.700056+00:00,33.762979,2466,r-scylla2,4,13.96,2000381018,10427106853,1120000000,4350000000,2350000000,4110000000,2632600,False
vnodes,scalein,decommission_command_start,2026-09-22T15:27:17.700056+00:00,33.762979,2466,r-scylla3,4,14.48,2006823469,10427106853,1230000000,4470000000,2700000000,4550000000,2632600,False
vnodes,scalein,decommission_command_start,2026-09-22T15:27:17.700056+00:00,33.762979,2466,r-scylla4,4,1.95,770179072,10427106853,689000000,2360000000,2580000000,1410000000,2632600,False
vnodes,scalein,decommission_command_start,2026-09-22T15:27:21.053945+00:00,37.116868,2467,r-scylla1,4,15.45,2103460233,10427106853,1380000000,4400000000,2740000000,4370000000,2636288,False
vnodes,scalein,decommission_command_start,2026-09-22T15:27:21.053945+00:00,37.116868,2467,r-scylla2,4,14.59,2000381018,10427106853,1120000000,4360000000,2350000000,4110000000,2636288,False
vnodes,scalein,decommission_command_start,2026-09-22T15:27:21.053945+00:00,37.116868,2467,r-scylla3,4,16.31,2006823469,10427106853,1230000000,4480000000,2710000000,4550000000,2636288,False
vnodes,scalein,decommission_command_start,2026-09-22T15:27:21.053945+00:00,37.116868,2467,r-scylla4,4,1.80,770388787,10427106853,689000000,2360000000,2580000000,1410000000,2636288,False
vnodes,scalein,decommission_command_start,2026-09-22T15:27:24.618338+00:00,40.681261,2468,r-scylla1,4,14.14,2102386491,10427106853,1380000000,4400000000,2740000000,4370000000,2639708,False
vnodes,scalein,decommission_command_start,2026-09-22T15:27:24.618338+00:00,40.681261,2468,r-scylla2,4,15.56,2000381018,10427106853,1130000000,4360000000,2360000000,4110000000,2639708,False
vnodes,scalein,decommission_command_start,2026-09-22T15:27:24.618338+00:00,40.681261,2468,r-scylla3,4,16.63,2006823469,10427106853,1230000000,4480000000,2710000000,4550000000,2639708,False
vnodes,scalein,decommission_command_start,2026-09-22T15:27:24.618338+00:00,40.681261,2468,r-scylla4,4,2.20,770179072,10427106853,689000000,2360000000,2580000000,1410000000,2639708,False
vnodes,scalein,decommission_command_start,2026-09-22T15:27:28.076890+00:00,44.139813,2469,r-scylla1,4,14.01,2102386491,10427106853,1380000000,4400000000,2740000000,4370000000,2631608,False
vnodes,scalein,decommission_command_start,2026-09-22T15:27:28.076890+00:00,44.139813,2469,r-scylla2,4,12.81,2000381018,10427106853,1130000000,4360000000,2360000000,4110000000,2631608,False
vnodes,scalein,decommission_command_start,2026-09-22T15:27:28.076890+00:00,44.139813,2469,r-scylla3,4,14.40,2006823469,10427106853,1230000000,4480000000,2710000000,4550000000,2631608,False
vnodes,scalein,decommission_command_start,2026-09-22T15:27:28.076890+00:00,44.139813,2469,r-scylla4,4,1.78,770179072,10427106853,689000000,2360000000,2580000000,1410000000,2631608,False
vnodes,scalein,decommission_command_start,2026-09-22T15:27:31.531514+00:00,47.594437,2470,r-scylla1,4,14.93,2103460233,10427106853,1380000000,4400000000,2750000000,4370000000,2634380,False
vnodes,scalein,decommission_command_start,2026-09-22T15:27:31.531514+00:00,47.594437,2470,r-scylla2,4,16.10,2000381018,10427106853,1130000000,4360000000,2360000000,4110000000,2634380,False
vnodes,scalein,decommission_command_start,2026-09-22T15:27:31.531514+00:00,47.594437,2470,r-scylla3,4,18.65,2006823469,10427106853,1230000000,4480000000,2720000000,4550000000,2634380,False
vnodes,scalein,decommission_command_start,2026-09-22T15:27:31.531514+00:00,47.594437,2470,r-scylla4,4,2.10,770179072,10427106853,689000000,2360000000,2580000000,1410000000,2634380,False
vnodes,scalein,decommission_command_start,2026-09-22T15:27:35.036096+00:00,51.099019,2471,r-scylla1,4,29.16,2103460233,10427106853,1380000000,4410000000,2750000000,4370000000,2639540,False
vnodes,scalein,decommission_command_start,2026-09-22T15:27:35.036096+00:00,51.099019,2471,r-scylla2,4,15.60,2000381018,10427106853,1130000000,4370000000,2370000000,4110000000,2639540,False
vnodes,scalein,decommission_command_start,2026-09-22T15:27:35.036096+00:00,51.099019,2471,r-scylla3,4,17.44,2006823469,10427106853,1230000000,4490000000,2720000000,4550000000,2639540,False
vnodes,scalein,decommission_command_start,2026-09-22T15:27:35.036096+00:00,51.099019,2471,r-scylla4,4,1.54,770388787,10427106853,689000000,2360000000,2580000000,1410000000,2639540,False
vnodes,scalein,decommission_command_start,2026-09-22T15:27:38.495666+00:00,54.558589,2472,r-scylla1,4,17.69,2102386491,10427106853,1380000000,4410000000,2750000000,4370000000,2636928,False
vnodes,scalein,decommission_command_start,2026-09-22T15:27:38.495666+00:00,54.558589,2472,r-scylla2,4,14.44,2000381018,10427106853,1130000000,4370000000,2370000000,4110000000,2636928,False
vnodes,scalein,decommission_command_start,2026-09-22T15:27:38.495666+00:00,54.558589,2472,r-scylla3,4,15.38,2006823469,10427106853,1230000000,4490000000,2720000000,4550000000,2636928,False
vnodes,scalein,decommission_command_start,2026-09-22T15:27:38.495666+00:00,54.558589,2472,r-scylla4,4,1.66,770179072,10427106853,689000000,2360000000,2580000000,1410000000,2636928,False
vnodes,scalein,decommission_command_start,2026-09-22T15:27:42.018022+00:00,58.080945,2473,r-scylla1,4,15.55,2102386491,10427106853,1380000000,4410000000,2750000000,4370000000,2637480,False
vnodes,scalein,decommission_command_start,2026-09-22T15:27:42.018022+00:00,58.080945,2473,r-scylla2,4,13.99,2000381018,10427106853,1130000000,4370000000,2370000000,4110000000,2637480,False
vnodes,scalein,decommission_command_start,2026-09-22T15:27:42.018022+00:00,58.080945,2473,r-scylla3,4,15.83,2006823469,10427106853,1230000000,4490000000,2730000000,4550000000,2637480,False
vnodes,scalein,decommission_command_start,2026-09-22T15:27:42.018022+00:00,58.080945,2473,r-scylla4,4,1.68,770179072,10427106853,689000000,2370000000,2580000000,1410000000,2637480,False
vnodes,scalein,decommission_command_start,2026-09-22T15:27:45.494146+00:00,61.557069,2474,r-scylla1,4,26.94,2103460233,10427106853,1380000000,4410000000,2760000000,4370000000,2637864,False
vnodes,scalein,decommission_command_start,2026-09-22T15:27:45.494146+00:00,61.557069,2474,r-scylla2,4,15.21,2000381018,10427106853,1130000000,4370000000,2370000000,4110000000,2637864,False
vnodes,scalein,decommission_command_start,2026-09-22T15:27:45.494146+00:00,61.557069,2474,r-scylla3,4,16.26,2006823469,10427106853,1230000000,4490000000,2730000000,4550000000,2637864,False
vnodes,scalein,decommission_command_start,2026-09-22T15:27:45.494146+00:00,61.557069,2474,r-scylla4,4,1.94,770179072,10427106853,689000000,2370000000,2580000000,1410000000,2637864,False
vnodes,scalein,decommission_command_start,2026-09-22T15:27:49.013246+00:00,65.076169,2475,r-scylla1,4,14.82,2103460233,10427106853,1380000000,4420000000,2760000000,4370000000,2646136,False
vnodes,scalein,decommission_command_start,2026-09-22T15:27:49.013246+00:00,65.076169,2475,r-scylla2,4,14.19,2000381018,10427106853,1130000000,4380000000,2380000000,4110000000,2646136,False
vnodes,scalein,decommission_command_start,2026-09-22T15:27:49.013246+00:00,65.076169,2475,r-scylla3,4,15.56,2006823469,10427106853,1230000000,4500000000,2730000000,4550000000,2646136,False
vnodes,scalein,decommission_command_start,2026-09-22T15:27:49.013246+00:00,65.076169,2475,r-scylla4,4,1.64,770179072,10427106853,689000000,2370000000,2580000000,1410000000,2646136,False
vnodes,scalein,decommission_command_start,2026-09-22T15:27:52.538297+00:00,68.601220,2476,r-scylla1,4,14.93,2102386491,10427106853,1380000000,4420000000,2760000000,4370000000,2644316,False
vnodes,scalein,decommission_command_start,2026-09-22T15:27:52.538297+00:00,68.601220,2476,r-scylla2,4,13.92,2000381018,10427106853,1130000000,4380000000,2380000000,4110000000,2644316,False
vnodes,scalein,decommission_command_start,2026-09-22T15:27:52.538297+00:00,68.601220,2476,r-scylla3,4,16.99,2006823469,10427106853,1230000000,4500000000,2730000000,4550000000,2644316,False
vnodes,scalein,decommission_command_start,2026-09-22T15:27:52.538297+00:00,68.601220,2476,r-scylla4,4,1.79,770179072,10427106853,689000000,2370000000,2580000000,1410000000,2644316,False
vnodes,scalein,decommission_command_start,2026-09-22T15:27:56.017259+00:00,72.080182,2477,r-scylla1,4,15.14,2103460233,10427106853,1380000000,4420000000,2760000000,4370000000,2643652,False
vnodes,scalein,decommission_command_start,2026-09-22T15:27:56.017259+00:00,72.080182,2477,r-scylla2,4,12.98,2000381018,10427106853,1130000000,4380000000,2380000000,4110000000,2643652,False
vnodes,scalein,decommission_command_start,2026-09-22T15:27:56.017259+00:00,72.080182,2477,r-scylla3,4,14.43,2006823469,10427106853,1230000000,4500000000,2740000000,4550000000,2643652,False
vnodes,scalein,decommission_command_start,2026-09-22T15:27:56.017259+00:00,72.080182,2477,r-scylla4,4,1.90,770074214,10427106853,689000000,2370000000,2580000000,1410000000,2643652,False
vnodes,scalein,decommission_command_start,2026-09-22T15:27:59.461585+00:00,75.524508,2478,r-scylla1,4,25.02,2102386491,10427106853,1380000000,4420000000,2770000000,4370000000,2641820,False
vnodes,scalein,decommission_command_start,2026-09-22T15:27:59.461585+00:00,75.524508,2478,r-scylla2,4,14.39,2001454760,10427106853,1130000000,4380000000,2380000000,4110000000,2641820,False
vnodes,scalein,decommission_command_start,2026-09-22T15:27:59.461585+00:00,75.524508,2478,r-scylla3,4,16.44,2007897211,10427106853,1240000000,4500000000,2740000000,4550000000,2641820,False
vnodes,scalein,decommission_command_start,2026-09-22T15:27:59.461585+00:00,75.524508,2478,r-scylla4,4,1.55,770074214,10427106853,689000000,2370000000,2580000000,1410000000,2641820,False
vnodes,scalein,decommission_command_start,2026-09-22T15:28:02.949973+00:00,79.012896,2479,r-scylla1,4,16.06,2102386491,10427106853,1380000000,4430000000,2770000000,4370000000,2634544,False
vnodes,scalein,decommission_command_start,2026-09-22T15:28:02.949973+00:00,79.012896,2479,r-scylla2,4,16.67,2001454760,10427106853,1130000000,4380000000,2390000000,4110000000,2634544,False
vnodes,scalein,decommission_command_start,2026-09-22T15:28:02.949973+00:00,79.012896,2479,r-scylla3,4,19.38,2006823469,10427106853,1240000000,4510000000,2740000000,4550000000,2634544,False
vnodes,scalein,decommission_command_start,2026-09-22T15:28:02.949973+00:00,79.012896,2479,r-scylla4,4,2.24,770074214,10427106853,689000000,2370000000,2580000000,1410000000,2634544,False
vnodes,scalein,decommission_command_start,2026-09-22T15:28:06.494179+00:00,82.557102,2480,r-scylla1,4,15.29,2103460233,10427106853,1380000000,4430000000,2770000000,4380000000,2638784,False
vnodes,scalein,decommission_command_start,2026-09-22T15:28:06.494179+00:00,82.557102,2480,r-scylla2,4,14.84,2000381018,10427106853,1130000000,4390000000,2390000000,4110000000,2638784,False
vnodes,scalein,decommission_command_start,2026-09-22T15:28:06.494179+00:00,82.557102,2480,r-scylla3,4,16.67,2006823469,10427106853,1240000000,4510000000,2740000000,4550000000,2638784,False
vnodes,scalein,decommission_command_start,2026-09-22T15:28:06.494179+00:00,82.557102,2480,r-scylla4,4,2.52,770074214,10427106853,689000000,2370000000,2580000000,1410000000,2638784,False
vnodes,scalein,decommission_command_start,2026-09-22T15:28:09.983895+00:00,86.046818,2481,r-scylla1,4,39.23,2103460233,10427106853,1380000000,4430000000,2770000000,4380000000,2636212,False
vnodes,scalein,decommission_command_start,2026-09-22T15:28:09.983895+00:00,86.046818,2481,r-scylla2,4,14.67,2000381018,10427106853,1130000000,4390000000,2390000000,4110000000,2636212,False
vnodes,scalein,decommission_command_start,2026-09-22T15:28:09.983895+00:00,86.046818,2481,r-scylla3,4,16.72,2006823469,10427106853,1240000000,4510000000,2750000000,4550000000,2636212,False
vnodes,scalein,decommission_command_start,2026-09-22T15:28:09.983895+00:00,86.046818,2481,r-scylla4,4,1.72,770074214,10427106853,689000000,2380000000,2580000000,1410000000,2636212,False
vnodes,scalein,decommission_command_start,2026-09-22T15:28:13.406353+00:00,89.469276,2482,r-scylla1,4,20.56,2105607717,10427106853,1390000000,4430000000,2780000000,4380000000,2628424,False
vnodes,scalein,decommission_command_start,2026-09-22T15:28:13.406353+00:00,89.469276,2482,r-scylla2,4,13.62,2000381018,10427106853,1130000000,4390000000,2390000000,4110000000,2628424,False
vnodes,scalein,decommission_command_start,2026-09-22T15:28:13.406353+00:00,89.469276,2482,r-scylla3,4,16.12,2006823469,10427106853,1240000000,4510000000,2750000000,4550000000,2628424,False
vnodes,scalein,decommission_command_start,2026-09-22T15:28:13.406353+00:00,89.469276,2482,r-scylla4,4,1.93,770074214,10427106853,689000000,2380000000,2580000000,1410000000,2628424,False
vnodes,scalein,decommission_command_start,2026-09-22T15:28:16.918983+00:00,92.981906,2483,r-scylla1,4,15.85,2102386491,10427106853,1390000000,4440000000,2780000000,4380000000,2636860,False
vnodes,scalein,decommission_command_start,2026-09-22T15:28:16.918983+00:00,92.981906,2483,r-scylla2,4,15.20,2000381018,10427106853,1140000000,4390000000,2400000000,4110000000,2636860,False
vnodes,scalein,decommission_command_start,2026-09-22T15:28:16.918983+00:00,92.981906,2483,r-scylla3,4,17.72,2006823469,10427106853,1240000000,4520000000,2750000000,4550000000,2636860,False
vnodes,scalein,decommission_command_start,2026-09-22T15:28:16.918983+00:00,92.981906,2483,r-scylla4,4,1.61,770074214,10427106853,689000000,2380000000,2580000000,1410000000,2636860,False
vnodes,scalein,decommission_command_start,2026-09-22T15:28:20.334923+00:00,96.397846,2484,r-scylla1,4,15.02,2102386491,10427106853,1390000000,4440000000,2780000000,4380000000,2637184,False
vnodes,scalein,decommission_command_start,2026-09-22T15:28:20.334923+00:00,96.397846,2484,r-scylla2,4,13.97,2000381018,10427106853,1140000000,4400000000,2400000000,4110000000,2637184,False
vnodes,scalein,decommission_command_start,2026-09-22T15:28:20.334923+00:00,96.397846,2484,r-scylla3,4,17.02,2006823469,10427106853,1240000000,4520000000,2760000000,4550000000,2637184,False
vnodes,scalein,decommission_command_start,2026-09-22T15:28:20.334923+00:00,96.397846,2484,r-scylla4,4,2.41,770074214,10427106853,689000000,2380000000,2580000000,1410000000,2637184,False
vnodes,scalein,decommission_command_start,2026-09-22T15:28:23.895612+00:00,99.958535,2485,r-scylla1,4,24.38,2103460233,10427106853,1390000000,4440000000,2780000000,4380000000,2637568,False
vnodes,scalein,decommission_command_start,2026-09-22T15:28:23.895612+00:00,99.958535,2485,r-scylla2,4,14.09,2000381018,10427106853,1140000000,4400000000,2400000000,4110000000,2637568,False
vnodes,scalein,decommission_command_start,2026-09-22T15:28:23.895612+00:00,99.958535,2485,r-scylla3,4,15.52,2006823469,10427106853,1240000000,4520000000,2760000000,4550000000,2637568,False
vnodes,scalein,decommission_command_start,2026-09-22T15:28:23.895612+00:00,99.958535,2485,r-scylla4,4,2.52,770179072,10427106853,689000000,2380000000,2580000000,1410000000,2637568,False
vnodes,scalein,decommission_command_start,2026-09-22T15:28:27.586920+00:00,103.649843,2486,r-scylla1,4,14.27,2103460233,10427106853,1390000000,4440000000,2780000000,4380000000,2634052,False
vnodes,scalein,decommission_command_start,2026-09-22T15:28:27.586920+00:00,103.649843,2486,r-scylla2,4,15.61,2000381018,10427106853,1140000000,4400000000,2400000000,4110000000,2634052,False
vnodes,scalein,decommission_command_start,2026-09-22T15:28:27.586920+00:00,103.649843,2486,r-scylla3,4,15.87,2006823469,10427106853,1240000000,4520000000,2760000000,4550000000,2634052,False
vnodes,scalein,decommission_command_start,2026-09-22T15:28:27.586920+00:00,103.649843,2486,r-scylla4,4,3.77,770074214,10427106853,689000000,2380000000,2580000000,1410000000,2634052,False
vnodes,scalein,decommission_command_start,2026-09-22T15:28:31.098158+00:00,107.161081,2487,r-scylla1,4,17.75,2103460233,10427106853,1390000000,4450000000,2790000000,4380000000,2633972,False
vnodes,scalein,decommission_command_start,2026-09-22T15:28:31.098158+00:00,107.161081,2487,r-scylla2,4,14.66,2000381018,10427106853,1140000000,4400000000,2410000000,4110000000,2633972,False
vnodes,scalein,decommission_command_start,2026-09-22T15:28:31.098158+00:00,107.161081,2487,r-scylla3,4,15.56,2006823469,10427106853,1240000000,4530000000,2760000000,4550000000,2633972,False
vnodes,scalein,decommission_command_start,2026-09-22T15:28:31.098158+00:00,107.161081,2487,r-scylla4,4,1.46,770388787,10427106853,689000000,2380000000,2580000000,1410000000,2633972,False
vnodes,scalein,decommission_command_start,2026-09-22T15:28:34.556262+00:00,110.619185,2488,r-scylla1,4,27.77,2102386491,10427106853,1390000000,4450000000,2790000000,4380000000,2635288,False
vnodes,scalein,decommission_command_start,2026-09-22T15:28:34.556262+00:00,110.619185,2488,r-scylla2,4,16.30,2000381018,10427106853,1140000000,4410000000,2410000000,4110000000,2635288,False
vnodes,scalein,decommission_command_start,2026-09-22T15:28:34.556262+00:00,110.619185,2488,r-scylla3,4,16.45,2006823469,10427106853,1240000000,4530000000,2770000000,4550000000,2635288,False
vnodes,scalein,decommission_command_start,2026-09-22T15:28:34.556262+00:00,110.619185,2488,r-scylla4,4,2.03,770179072,10427106853,689000000,2390000000,2580000000,1410000000,2635288,False
vnodes,scalein,decommission_command_start,2026-09-22T15:28:38.030581+00:00,114.093504,2489,r-scylla1,4,13.70,2102386491,10427106853,1390000000,4450000000,2790000000,4380000000,2627644,False
vnodes,scalein,decommission_command_start,2026-09-22T15:28:38.030581+00:00,114.093504,2489,r-scylla2,4,13.26,2000381018,10427106853,1140000000,4410000000,2410000000,4110000000,2627644,False
vnodes,scalein,decommission_command_start,2026-09-22T15:28:38.030581+00:00,114.093504,2489,r-scylla3,4,14.53,2006823469,10427106853,1240000000,4530000000,2770000000,4550000000,2627644,False
vnodes,scalein,decommission_command_start,2026-09-22T15:28:38.030581+00:00,114.093504,2489,r-scylla4,4,2.58,770074214,10427106853,689000000,2390000000,2580000000,1410000000,2627644,False
vnodes,scalein,decommission_command_start,2026-09-22T15:28:41.528177+00:00,117.591100,2490,r-scylla1,4,16.13,2103460233,10427106853,1390000000,4450000000,2790000000,4380000000,2631752,False
vnodes,scalein,decommission_command_start,2026-09-22T15:28:41.528177+00:00,117.591100,2490,r-scylla2,4,14.95,2000381018,10427106853,1140000000,4410000000,2410000000,4110000000,2631752,False
vnodes,scalein,decommission_command_start,2026-09-22T15:28:41.528177+00:00,117.591100,2490,r-scylla3,4,16.60,2006823469,10427106853,1240000000,4530000000,2770000000,4560000000,2631752,False
vnodes,scalein,decommission_command_start,2026-09-22T15:28:41.528177+00:00,117.591100,2490,r-scylla4,4,2.23,770388787,10427106853,689000000,2390000000,2580000000,1410000000,2631752,False
vnodes,scalein,decommission_command_start,2026-09-22T15:28:45.037263+00:00,121.100186,2491,r-scylla1,4,24.18,2102386491,10427106853,1390000000,4460000000,2800000000,4380000000,2637720,False
vnodes,scalein,decommission_command_start,2026-09-22T15:28:45.037263+00:00,121.100186,2491,r-scylla2,4,13.78,2000381018,10427106853,1140000000,4410000000,2420000000,4110000000,2637720,False
vnodes,scalein,decommission_command_start,2026-09-22T15:28:45.037263+00:00,121.100186,2491,r-scylla3,4,15.43,2006823469,10427106853,1240000000,4530000000,2770000000,4560000000,2637720,False
vnodes,scalein,decommission_command_start,2026-09-22T15:28:45.037263+00:00,121.100186,2491,r-scylla4,4,1.60,770388787,10427106853,689000000,2390000000,2580000000,1410000000,2637720,False
vnodes,scalein,decommission_command_start,2026-09-22T15:28:48.507298+00:00,124.570221,2492,r-scylla1,4,18.39,2103460233,10427106853,1390000000,4460000000,2800000000,4380000000,2638688,False
vnodes,scalein,decommission_command_start,2026-09-22T15:28:48.507298+00:00,124.570221,2492,r-scylla2,4,15.29,2000381018,10427106853,1140000000,4410000000,2420000000,4110000000,2638688,False
vnodes,scalein,decommission_command_start,2026-09-22T15:28:48.507298+00:00,124.570221,2492,r-scylla3,4,16.48,2006823469,10427106853,1250000000,4540000000,2780000000,4560000000,2638688,False
vnodes,scalein,decommission_command_start,2026-09-22T15:28:48.507298+00:00,124.570221,2492,r-scylla4,4,2.16,770074214,10427106853,689000000,2390000000,2580000000,1410000000,2638688,False
vnodes,scalein,decommission_command_start,2026-09-22T15:28:52.042710+00:00,128.105633,2493,r-scylla1,4,15.41,2103460233,10427106853,1390000000,4460000000,2800000000,4380000000,2638204,False
vnodes,scalein,decommission_command_start,2026-09-22T15:28:52.042710+00:00,128.105633,2493,r-scylla2,4,15.10,2000381018,10427106853,1140000000,4420000000,2420000000,4110000000,2638204,False
vnodes,scalein,decommission_command_start,2026-09-22T15:28:52.042710+00:00,128.105633,2493,r-scylla3,4,17.59,2006823469,10427106853,1250000000,4540000000,2780000000,4560000000,2638204,False
vnodes,scalein,decommission_command_start,2026-09-22T15:28:52.042710+00:00,128.105633,2493,r-scylla4,4,1.79,770074214,10427106853,689000000,2390000000,2580000000,1410000000,2638204,False
vnodes,scalein,decommission_command_start,2026-09-22T15:28:55.524148+00:00,131.587071,2494,r-scylla1,4,25.92,2103460233,10427106853,1390000000,4460000000,2800000000,4380000000,2638260,False
vnodes,scalein,decommission_command_start,2026-09-22T15:28:55.524148+00:00,131.587071,2494,r-scylla2,4,14.52,2000381018,10427106853,1140000000,4420000000,2420000000,4120000000,2638260,False
vnodes,scalein,decommission_command_start,2026-09-22T15:28:55.524148+00:00,131.587071,2494,r-scylla3,4,15.66,2006823469,10427106853,1250000000,4540000000,2780000000,4560000000,2638260,False
vnodes,scalein,decommission_command_start,2026-09-22T15:28:55.524148+00:00,131.587071,2494,r-scylla4,4,1.96,770074214,10427106853,689000000,2390000000,2580000000,1410000000,2638260,False
vnodes,scalein,decommission_command_start,2026-09-22T15:28:58.957784+00:00,135.020707,2495,r-scylla1,4,27.83,2110976426,10427106853,1390000000,4470000000,2800000000,4380000000,2638240,False
vnodes,scalein,decommission_command_start,2026-09-22T15:28:58.957784+00:00,135.020707,2495,r-scylla2,4,14.89,2000381018,10427106853,1140000000,4420000000,2430000000,4120000000,2638240,False
vnodes,scalein,decommission_command_start,2026-09-22T15:28:58.957784+00:00,135.020707,2495,r-scylla3,4,17.32,2006823469,10427106853,1250000000,4540000000,2780000000,4560000000,2638240,False
vnodes,scalein,decommission_command_start,2026-09-22T15:28:58.957784+00:00,135.020707,2495,r-scylla4,4,2.29,770388787,10427106853,689000000,2390000000,2580000000,1410000000,2638240,False
vnodes,scalein,decommission_command_start,2026-09-22T15:29:02.430863+00:00,138.493786,2496,r-scylla1,4,23.40,2102386491,10427106853,1390000000,4470000000,2810000000,4380000000,2637100,False
vnodes,scalein,decommission_command_start,2026-09-22T15:29:02.430863+00:00,138.493786,2496,r-scylla2,4,15.26,2000381018,10427106853,1140000000,4420000000,2430000000,4120000000,2637100,False
vnodes,scalein,decommission_command_start,2026-09-22T15:29:02.430863+00:00,138.493786,2496,r-scylla3,4,18.37,2006823469,10427106853,1250000000,4550000000,2790000000,4560000000,2637100,False
vnodes,scalein,decommission_command_start,2026-09-22T15:29:02.430863+00:00,138.493786,2496,r-scylla4,4,1.75,770074214,10427106853,689000000,2400000000,2580000000,1410000000,2637100,False
vnodes,scalein,decommission_command_start,2026-09-22T15:29:06.006280+00:00,142.069203,2497,r-scylla1,4,18.70,2109902684,10427106853,1390000000,4470000000,2810000000,4380000000,2636336,False
vnodes,scalein,decommission_command_start,2026-09-22T15:29:06.006280+00:00,142.069203,2497,r-scylla2,4,15.34,2000381018,10427106853,1140000000,4430000000,2430000000,4120000000,2636336,False
vnodes,scalein,decommission_command_start,2026-09-22T15:29:06.006280+00:00,142.069203,2497,r-scylla3,4,16.19,2006823469,10427106853,1250000000,4550000000,2790000000,4560000000,2636336,False
vnodes,scalein,decommission_command_start,2026-09-22T15:29:06.006280+00:00,142.069203,2497,r-scylla4,4,2.51,770074214,10427106853,689000000,2400000000,2580000000,1410000000,2636336,False
vnodes,scalein,decommission_command_start,2026-09-22T15:29:09.514287+00:00,145.577210,2498,r-scylla1,4,26.58,2103460233,10427106853,1400000000,4470000000,2810000000,4380000000,2635332,False
vnodes,scalein,decommission_command_start,2026-09-22T15:29:09.514287+00:00,145.577210,2498,r-scylla2,4,15.54,2000381018,10427106853,1140000000,4430000000,2430000000,4120000000,2635332,False
vnodes,scalein,decommission_command_start,2026-09-22T15:29:09.514287+00:00,145.577210,2498,r-scylla3,4,16.06,2006823469,10427106853,1250000000,4550000000,2790000000,4560000000,2635332,False
vnodes,scalein,decommission_command_start,2026-09-22T15:29:09.514287+00:00,145.577210,2498,r-scylla4,4,1.82,770179072,10427106853,689000000,2400000000,2580000000,1410000000,2635332,False
vnodes,scalein,decommission_command_start,2026-09-22T15:29:13.087590+00:00,149.150513,2499,r-scylla1,4,22.96,2109902684,10427106853,1400000000,4470000000,2810000000,4380000000,2628476,False
vnodes,scalein,decommission_command_start,2026-09-22T15:29:13.087590+00:00,149.150513,2499,r-scylla2,4,16.16,2001454760,10427106853,1150000000,4430000000,2440000000,4120000000,2628476,False
vnodes,scalein,decommission_command_start,2026-09-22T15:29:13.087590+00:00,149.150513,2499,r-scylla3,4,16.99,2006823469,10427106853,1250000000,4550000000,2790000000,4560000000,2628476,False
vnodes,scalein,decommission_command_start,2026-09-22T15:29:13.087590+00:00,149.150513,2499,r-scylla4,4,2.33,770388787,10427106853,689000000,2400000000,2580000000,1410000000,2628476,False
vnodes,scalein,decommission_command_start,2026-09-22T15:29:16.621729+00:00,152.684652,2500,r-scylla1,4,13.99,2103460233,10427106853,1400000000,4480000000,2820000000,4380000000,2635840,False
vnodes,scalein,decommission_command_start,2026-09-22T15:29:16.621729+00:00,152.684652,2500,r-scylla2,4,15.30,2000381018,10427106853,1150000000,4430000000,2440000000,4120000000,2635840,False
vnodes,scalein,decommission_command_start,2026-09-22T15:29:16.621729+00:00,152.684652,2500,r-scylla3,4,16.76,2006823469,10427106853,1250000000,4560000000,2800000000,4560000000,2635840,False
vnodes,scalein,decommission_command_start,2026-09-22T15:29:16.621729+00:00,152.684652,2500,r-scylla4,4,3.00,770388787,10427106853,689000000,2400000000,2580000000,1410000000,2635840,False
vnodes,scalein,decommission_command_start,2026-09-22T15:29:20.136911+00:00,156.199834,2501,r-scylla1,4,24.77,2103460233,10427106853,1400000000,4480000000,2820000000,4380000000,2638316,False
vnodes,scalein,decommission_command_start,2026-09-22T15:29:20.136911+00:00,156.199834,2501,r-scylla2,4,15.33,2000381018,10427106853,1150000000,4440000000,2440000000,4120000000,2638316,False
vnodes,scalein,decommission_command_start,2026-09-22T15:29:20.136911+00:00,156.199834,2501,r-scylla3,4,16.97,2006823469,10427106853,1250000000,4560000000,2800000000,4560000000,2638316,False
vnodes,scalein,decommission_command_start,2026-09-22T15:29:20.136911+00:00,156.199834,2501,r-scylla4,4,2.00,770074214,10427106853,689000000,2400000000,2580000000,1410000000,2638316,False
vnodes,scalein,decommission_command_start,2026-09-22T15:29:23.631722+00:00,159.694645,2502,r-scylla1,4,27.34,2103460233,10427106853,1400000000,4480000000,2820000000,4380000000,2638548,False
vnodes,scalein,decommission_command_start,2026-09-22T15:29:23.631722+00:00,159.694645,2502,r-scylla2,4,15.57,2000381018,10427106853,1150000000,4440000000,2440000000,4120000000,2638548,False
vnodes,scalein,decommission_command_start,2026-09-22T15:29:23.631722+00:00,159.694645,2502,r-scylla3,4,16.65,2006823469,10427106853,1250000000,4560000000,2800000000,4560000000,2638548,False
vnodes,scalein,decommission_command_start,2026-09-22T15:29:23.631722+00:00,159.694645,2502,r-scylla4,4,2.19,770388787,10427106853,689000000,2400000000,2580000000,1410000000,2638548,False
vnodes,scalein,decommission_command_start,2026-09-22T15:29:27.221170+00:00,163.284093,2503,r-scylla1,4,16.67,2103460233,10427106853,1400000000,4480000000,2820000000,4380000000,2630292,False
vnodes,scalein,decommission_command_start,2026-09-22T15:29:27.221170+00:00,163.284093,2503,r-scylla2,4,16.48,2000381018,10427106853,1150000000,4440000000,2450000000,4120000000,2630292,False
vnodes,scalein,decommission_command_start,2026-09-22T15:29:27.221170+00:00,163.284093,2503,r-scylla3,4,17.40,2006823469,10427106853,1250000000,4560000000,2800000000,4560000000,2630292,False
vnodes,scalein,decommission_command_start,2026-09-22T15:29:27.221170+00:00,163.284093,2503,r-scylla4,4,2.60,770179072,10427106853,689000000,2410000000,2580000000,1410000000,2630292,False
vnodes,scalein,decommission_command_start,2026-09-22T15:29:30.676651+00:00,166.739574,2504,r-scylla1,4,17.52,2103460233,10427106853,1400000000,4490000000,2820000000,4380000000,2638280,False
vnodes,scalein,decommission_command_start,2026-09-22T15:29:30.676651+00:00,166.739574,2504,r-scylla2,4,14.29,2000381018,10427106853,1150000000,4440000000,2450000000,4120000000,2638280,False
vnodes,scalein,decommission_command_start,2026-09-22T15:29:30.676651+00:00,166.739574,2504,r-scylla3,4,16.88,2006823469,10427106853,1250000000,4570000000,2810000000,4560000000,2638280,False
vnodes,scalein,decommission_command_start,2026-09-22T15:29:30.676651+00:00,166.739574,2504,r-scylla4,4,2.03,770074214,10427106853,689000000,2410000000,2580000000,1410000000,2638280,False
vnodes,scalein,decommission_command_start,2026-09-22T15:29:34.175298+00:00,170.238221,2505,r-scylla1,4,16.94,2103460233,10427106853,1400000000,4490000000,2830000000,4380000000,2637548,False
vnodes,scalein,decommission_command_start,2026-09-22T15:29:34.175298+00:00,170.238221,2505,r-scylla2,4,17.19,2000381018,10427106853,1150000000,4440000000,2450000000,4120000000,2637548,False
vnodes,scalein,decommission_command_start,2026-09-22T15:29:34.175298+00:00,170.238221,2505,r-scylla3,4,17.94,2006823469,10427106853,1250000000,4570000000,2810000000,4560000000,2637548,False
vnodes,scalein,decommission_command_start,2026-09-22T15:29:34.175298+00:00,170.238221,2505,r-scylla4,4,2.33,770388787,10427106853,689000000,2410000000,2580000000,1410000000,2637548,False
vnodes,scalein,decommission_command_start,2026-09-22T15:29:37.666119+00:00,173.729042,2506,r-scylla1,4,14.05,2103460233,10427106853,1400000000,4490000000,2830000000,4380000000,2629944,False
vnodes,scalein,decommission_command_start,2026-09-22T15:29:37.666119+00:00,173.729042,2506,r-scylla2,4,13.45,2000381018,10427106853,1150000000,4450000000,2450000000,4120000000,2629944,False
vnodes,scalein,decommission_command_start,2026-09-22T15:29:37.666119+00:00,173.729042,2506,r-scylla3,4,14.89,2006823469,10427106853,1260000000,4570000000,2810000000,4560000000,2629944,False
vnodes,scalein,decommission_command_start,2026-09-22T15:29:37.666119+00:00,173.729042,2506,r-scylla4,4,2.35,770074214,10427106853,689000000,2410000000,2580000000,1410000000,2629944,False
vnodes,scalein,decommission_command_start,2026-09-22T15:29:41.134441+00:00,177.197364,2507,r-scylla1,4,14.68,2103460233,10427106853,1400000000,4490000000,2830000000,4380000000,2636264,False
vnodes,scalein,decommission_command_start,2026-09-22T15:29:41.134441+00:00,177.197364,2507,r-scylla2,4,14.66,2001454760,10427106853,1150000000,4450000000,2460000000,4120000000,2636264,False
vnodes,scalein,decommission_command_start,2026-09-22T15:29:41.134441+00:00,177.197364,2507,r-scylla3,4,15.60,2006823469,10427106853,1260000000,4570000000,2820000000,4560000000,2636264,False
vnodes,scalein,decommission_command_start,2026-09-22T15:29:41.134441+00:00,177.197364,2507,r-scylla4,4,2.32,770074214,10427106853,689000000,2410000000,2580000000,1410000000,2636264,False
vnodes,scalein,decommission_command_start,2026-09-22T15:29:44.626476+00:00,180.689399,2508,r-scylla1,4,24.78,2103460233,10427106853,1400000000,4500000000,2830000000,4380000000,2634536,False
vnodes,scalein,decommission_command_start,2026-09-22T15:29:44.626476+00:00,180.689399,2508,r-scylla2,4,14.97,2000381018,10427106853,1150000000,4450000000,2460000000,4120000000,2634536,False
vnodes,scalein,decommission_command_start,2026-09-22T15:29:44.626476+00:00,180.689399,2508,r-scylla3,4,17.49,2006823469,10427106853,1260000000,4580000000,2820000000,4560000000,2634536,False
vnodes,scalein,decommission_command_start,2026-09-22T15:29:44.626476+00:00,180.689399,2508,r-scylla4,4,1.81,770074214,10427106853,689000000,2410000000,2580000000,1410000000,2634536,False
vnodes,scalein,decommission_command_start,2026-09-22T15:29:48.157644+00:00,184.220567,2509,r-scylla1,4,23.33,2109902684,10427106853,1400000000,4500000000,2840000000,4380000000,2637192,False
vnodes,scalein,decommission_command_start,2026-09-22T15:29:48.157644+00:00,184.220567,2509,r-scylla2,4,14.40,2000381018,10427106853,1150000000,4450000000,2460000000,4120000000,2637192,False
vnodes,scalein,decommission_command_start,2026-09-22T15:29:48.157644+00:00,184.220567,2509,r-scylla3,4,14.39,2006823469,10427106853,1260000000,4580000000,2820000000,4560000000,2637192,False
vnodes,scalein,decommission_command_start,2026-09-22T15:29:48.157644+00:00,184.220567,2509,r-scylla4,4,2.85,770598502,10427106853,689000000,2410000000,2580000000,1410000000,2637192,False
vnodes,scalein,decommission_command_start,2026-09-22T15:29:51.672518+00:00,187.735441,2510,r-scylla1,4,10.81,2103460233,10427106853,1400000000,4500000000,2840000000,4380000000,2637288,False
vnodes,scalein,decommission_command_start,2026-09-22T15:29:51.672518+00:00,187.735441,2510,r-scylla2,4,14.54,2000381018,10427106853,1150000000,4460000000,2460000000,4120000000,2637288,False
vnodes,scalein,decommission_command_start,2026-09-22T15:29:51.672518+00:00,187.735441,2510,r-scylla3,4,11.47,2006823469,10427106853,1260000000,4580000000,2820000000,4560000000,2637288,False
vnodes,scalein,decommission_command_start,2026-09-22T15:29:51.672518+00:00,187.735441,2510,r-scylla4,4,1.84,770074214,10427106853,689000000,2410000000,2580000000,1410000000,2637288,False
vnodes,scalein,decommission_command_start,2026-09-22T15:29:55.153895+00:00,191.216818,2511,r-scylla1,4,12.23,2103460233,10427106853,1400000000,4500000000,2840000000,4380000000,2640224,False
vnodes,scalein,decommission_command_start,2026-09-22T15:29:55.153895+00:00,191.216818,2511,r-scylla2,4,13.27,2000381018,10427106853,1150000000,4460000000,2470000000,4120000000,2640224,False
vnodes,scalein,decommission_command_start,2026-09-22T15:29:55.153895+00:00,191.216818,2511,r-scylla3,4,14.55,2006823469,10427106853,1260000000,4580000000,2830000000,4560000000,2640224,False
vnodes,scalein,decommission_command_start,2026-09-22T15:29:55.153895+00:00,191.216818,2511,r-scylla4,4,2.28,770074214,10427106853,689000000,2420000000,2580000000,1410000000,2640224,False
vnodes,scalein,decommission_command_start,2026-09-22T15:29:58.593219+00:00,194.656142,2512,r-scylla1,4,25.34,2109902684,10427106853,1400000000,4510000000,2840000000,4380000000,2641084,False
vnodes,scalein,decommission_command_start,2026-09-22T15:29:58.593219+00:00,194.656142,2512,r-scylla2,4,13.94,2001454760,10427106853,1150000000,4460000000,2470000000,4120000000,2641084,False
vnodes,scalein,decommission_command_start,2026-09-22T15:29:58.593219+00:00,194.656142,2512,r-scylla3,4,14.67,2006823469,10427106853,1260000000,4590000000,2830000000,4560000000,2641084,False
vnodes,scalein,decommission_command_start,2026-09-22T15:29:58.593219+00:00,194.656142,2512,r-scylla4,4,2.25,770388787,10427106853,689000000,2420000000,2580000000,1410000000,2641084,False
vnodes,scalein,decommission_command_start,2026-09-22T15:30:02.185375+00:00,198.248298,2513,r-scylla1,4,15.05,2103460233,10427106853,1410000000,4510000000,2840000000,4380000000,2632708,False
vnodes,scalein,decommission_command_start,2026-09-22T15:30:02.185375+00:00,198.248298,2513,r-scylla2,4,14.31,2000381018,10427106853,1150000000,4460000000,2470000000,4120000000,2632708,False
vnodes,scalein,decommission_command_start,2026-09-22T15:30:02.185375+00:00,198.248298,2513,r-scylla3,4,18.05,2006823469,10427106853,1260000000,4590000000,2830000000,4560000000,2632708,False
vnodes,scalein,decommission_command_start,2026-09-22T15:30:02.185375+00:00,198.248298,2513,r-scylla4,4,2.12,770388787,10427106853,689000000,2420000000,2580000000,1410000000,2632708,False
vnodes,scalein,decommission_command_start,2026-09-22T15:30:05.781357+00:00,201.844280,2514,r-scylla1,4,14.77,2102386491,10427106853,1410000000,4510000000,2850000000,4390000000,2638644,False
vnodes,scalein,decommission_command_start,2026-09-22T15:30:05.781357+00:00,201.844280,2514,r-scylla2,4,15.55,2001454760,10427106853,1150000000,4470000000,2470000000,4120000000,2638644,False
vnodes,scalein,decommission_command_start,2026-09-22T15:30:05.781357+00:00,201.844280,2514,r-scylla3,4,15.93,2006823469,10427106853,1260000000,4590000000,2830000000,4560000000,2638644,False
vnodes,scalein,decommission_command_start,2026-09-22T15:30:05.781357+00:00,201.844280,2514,r-scylla4,4,1.75,770074214,10427106853,689000000,2420000000,2580000000,1410000000,2638644,False
vnodes,scalein,decommission_command_start,2026-09-22T15:30:09.328760+00:00,205.391683,2515,r-scylla1,4,25.07,2102386491,10427106853,1410000000,4510000000,2850000000,4390000000,2638540,False
vnodes,scalein,decommission_command_start,2026-09-22T15:30:09.328760+00:00,205.391683,2515,r-scylla2,4,14.68,2000381018,10427106853,1160000000,4470000000,2470000000,4120000000,2638540,False
vnodes,scalein,decommission_command_start,2026-09-22T15:30:09.328760+00:00,205.391683,2515,r-scylla3,4,17.08,2006823469,10427106853,1260000000,4590000000,2840000000,4560000000,2638540,False
vnodes,scalein,decommission_command_start,2026-09-22T15:30:09.328760+00:00,205.391683,2515,r-scylla4,4,2.16,770388787,10427106853,689000000,2420000000,2580000000,1410000000,2638540,False
vnodes,scalein,decommission_command_start,2026-09-22T15:30:12.867598+00:00,208.930521,2516,r-scylla1,4,18.96,2102386491,10427106853,1410000000,4520000000,2850000000,4390000000,2638208,False
vnodes,scalein,decommission_command_start,2026-09-22T15:30:12.867598+00:00,208.930521,2516,r-scylla2,4,16.23,2000381018,10427106853,1160000000,4470000000,2480000000,4120000000,2638208,False
vnodes,scalein,decommission_command_start,2026-09-22T15:30:12.867598+00:00,208.930521,2516,r-scylla3,4,17.20,2006823469,10427106853,1260000000,4600000000,2840000000,4560000000,2638208,False
vnodes,scalein,decommission_command_start,2026-09-22T15:30:12.867598+00:00,208.930521,2516,r-scylla4,4,1.73,770074214,10427106853,689000000,2420000000,2580000000,1410000000,2638208,False
vnodes,scalein,decommission_command_start,2026-09-22T15:30:16.349838+00:00,212.412761,2517,r-scylla1,4,17.08,2103460233,10427106853,1410000000,4520000000,2850000000,4390000000,2639616,False
vnodes,scalein,decommission_command_start,2026-09-22T15:30:16.349838+00:00,212.412761,2517,r-scylla2,4,16.17,2000381018,10427106853,1160000000,4470000000,2480000000,4120000000,2639616,False
vnodes,scalein,decommission_command_start,2026-09-22T15:30:16.349838+00:00,212.412761,2517,r-scylla3,4,16.03,2006823469,10427106853,1260000000,4600000000,2840000000,4560000000,2639616,False
vnodes,scalein,decommission_command_start,2026-09-22T15:30:16.349838+00:00,212.412761,2517,r-scylla4,4,3.84,770179072,10427106853,689000000,2420000000,2580000000,1410000000,2639616,False
vnodes,scalein,decommission_command_start,2026-09-22T15:30:19.870043+00:00,215.932966,2518,r-scylla1,4,28.63,2103460233,10427106853,1410000000,4520000000,2850000000,4390000000,2635804,False
vnodes,scalein,decommission_command_start,2026-09-22T15:30:19.870043+00:00,215.932966,2518,r-scylla2,4,14.62,2000381018,10427106853,1160000000,4480000000,2480000000,4120000000,2635804,False
vnodes,scalein,decommission_command_start,2026-09-22T15:30:19.870043+00:00,215.932966,2518,r-scylla3,4,16.08,2006823469,10427106853,1260000000,4600000000,2840000000,4560000000,2635804,False
vnodes,scalein,decommission_command_start,2026-09-22T15:30:19.870043+00:00,215.932966,2518,r-scylla4,4,2.40,770074214,10427106853,689000000,2430000000,2580000000,1410000000,2635804,False
vnodes,scalein,decommission_command_start,2026-09-22T15:30:23.426865+00:00,219.489788,2519,r-scylla1,4,24.00,2103460233,10427106853,1410000000,4520000000,2860000000,4390000000,2637144,False
vnodes,scalein,decommission_command_start,2026-09-22T15:30:23.426865+00:00,219.489788,2519,r-scylla2,4,15.11,2000381018,10427106853,1160000000,4480000000,2480000000,4120000000,2637144,False
vnodes,scalein,decommission_command_start,2026-09-22T15:30:23.426865+00:00,219.489788,2519,r-scylla3,4,16.06,2006823469,10427106853,1260000000,4600000000,2850000000,4560000000,2637144,False
vnodes,scalein,decommission_command_start,2026-09-22T15:30:23.426865+00:00,219.489788,2519,r-scylla4,4,2.49,770388787,10427106853,689000000,2430000000,2580000000,1410000000,2637144,False
vnodes,scalein,decommission_command_start,2026-09-22T15:30:26.938458+00:00,223.001381,2520,r-scylla1,4,18.25,2102386491,10427106853,1410000000,4530000000,2860000000,4390000000,2630060,False
vnodes,scalein,decommission_command_start,2026-09-22T15:30:26.938458+00:00,223.001381,2520,r-scylla2,4,18.37,2000381018,10427106853,1160000000,4480000000,2480000000,4120000000,2630060,False
vnodes,scalein,decommission_command_start,2026-09-22T15:30:26.938458+00:00,223.001381,2520,r-scylla3,4,18.05,2006823469,10427106853,1260000000,4610000000,2850000000,4560000000,2630060,False
vnodes,scalein,decommission_command_start,2026-09-22T15:30:26.938458+00:00,223.001381,2520,r-scylla4,4,1.72,770074214,10427106853,689000000,2430000000,2580000000,1410000000,2630060,False
vnodes,scalein,decommission_command_start,2026-09-22T15:30:30.398615+00:00,226.461538,2521,r-scylla1,4,18.24,2102386491,10427106853,1410000000,4530000000,2860000000,4390000000,2634860,False
vnodes,scalein,decommission_command_start,2026-09-22T15:30:30.398615+00:00,226.461538,2521,r-scylla2,4,13.88,2001454760,10427106853,1160000000,4480000000,2490000000,4120000000,2634860,False
vnodes,scalein,decommission_command_start,2026-09-22T15:30:30.398615+00:00,226.461538,2521,r-scylla3,4,17.15,2006823469,10427106853,1270000000,4610000000,2850000000,4560000000,2634860,False
vnodes,scalein,decommission_command_start,2026-09-22T15:30:30.398615+00:00,226.461538,2521,r-scylla4,4,2.99,770074214,10427106853,689000000,2430000000,2580000000,1410000000,2634860,False
vnodes,scalein,decommission_command_start,2026-09-22T15:30:33.833333+00:00,229.896256,2522,r-scylla1,4,24.62,2103460233,10427106853,1410000000,4530000000,2860000000,4390000000,2635540,False
vnodes,scalein,decommission_command_start,2026-09-22T15:30:33.833333+00:00,229.896256,2522,r-scylla2,4,15.85,2000381018,10427106853,1160000000,4480000000,2490000000,4120000000,2635540,False
vnodes,scalein,decommission_command_start,2026-09-22T15:30:33.833333+00:00,229.896256,2522,r-scylla3,4,15.60,2006823469,10427106853,1270000000,4610000000,2850000000,4570000000,2635540,False
vnodes,scalein,decommission_command_start,2026-09-22T15:30:33.833333+00:00,229.896256,2522,r-scylla4,4,1.40,770074214,10427106853,689000000,2430000000,2580000000,1410000000,2635540,False
vnodes,scalein,decommission_command_start,2026-09-22T15:30:37.372712+00:00,233.435635,2523,r-scylla1,4,19.37,2102386491,10427106853,1410000000,4530000000,2870000000,4390000000,2632920,False
vnodes,scalein,decommission_command_start,2026-09-22T15:30:37.372712+00:00,233.435635,2523,r-scylla2,4,15.04,2000381018,10427106853,1160000000,4490000000,2490000000,4120000000,2632920,False
vnodes,scalein,decommission_command_start,2026-09-22T15:30:37.372712+00:00,233.435635,2523,r-scylla3,4,17.18,2006823469,10427106853,1270000000,4610000000,2860000000,4570000000,2632920,False
vnodes,scalein,decommission_command_start,2026-09-22T15:30:37.372712+00:00,233.435635,2523,r-scylla4,4,2.47,770388787,10427106853,689000000,2430000000,2580000000,1410000000,2632920,False
vnodes,scalein,decommission_command_start,2026-09-22T15:30:40.961452+00:00,237.024375,2524,r-scylla1,4,24.13,2103460233,10427106853,1410000000,4530000000,2870000000,4390000000,2636216,False
vnodes,scalein,decommission_command_start,2026-09-22T15:30:40.961452+00:00,237.024375,2524,r-scylla2,4,12.88,2000381018,10427106853,1160000000,4490000000,2490000000,4120000000,2636216,False
vnodes,scalein,decommission_command_start,2026-09-22T15:30:40.961452+00:00,237.024375,2524,r-scylla3,4,13.86,2006823469,10427106853,1270000000,4620000000,2860000000,4570000000,2636216,False
vnodes,scalein,decommission_command_start,2026-09-22T15:30:40.961452+00:00,237.024375,2524,r-scylla4,4,1.70,770074214,10427106853,689000000,2430000000,2580000000,1410000000,2636216,False
vnodes,scalein,decommission_command_start,2026-09-22T15:30:44.440403+00:00,240.503326,2525,r-scylla1,4,28.03,2102386491,10427106853,1410000000,4540000000,2870000000,4390000000,2635240,False
vnodes,scalein,decommission_command_start,2026-09-22T15:30:44.440403+00:00,240.503326,2525,r-scylla2,4,15.04,2000381018,10427106853,1160000000,4490000000,2500000000,4120000000,2635240,False
vnodes,scalein,decommission_command_start,2026-09-22T15:30:44.440403+00:00,240.503326,2525,r-scylla3,4,16.96,2006823469,10427106853,1270000000,4620000000,2860000000,4570000000,2635240,False
vnodes,scalein,decommission_command_start,2026-09-22T15:30:44.440403+00:00,240.503326,2525,r-scylla4,4,1.94,770388787,10427106853,689000000,2440000000,2580000000,1410000000,2635240,False
vnodes,scalein,decommission_command_start,2026-09-22T15:30:47.962700+00:00,244.025623,2526,r-scylla1,4,23.94,2110976426,10427106853,1410000000,4540000000,2870000000,4390000000,2636888,False
vnodes,scalein,decommission_command_start,2026-09-22T15:30:47.962700+00:00,244.025623,2526,r-scylla2,4,14.92,2000381018,10427106853,1160000000,4490000000,2500000000,4120000000,2636888,False
vnodes,scalein,decommission_command_start,2026-09-22T15:30:47.962700+00:00,244.025623,2526,r-scylla3,4,14.50,2006823469,10427106853,1270000000,4620000000,2860000000,4570000000,2636888,False
vnodes,scalein,decommission_command_start,2026-09-22T15:30:47.962700+00:00,244.025623,2526,r-scylla4,4,1.79,770074214,10427106853,689000000,2440000000,2580000000,1410000000,2636888,False
vnodes,scalein,decommission_command_start,2026-09-22T15:30:51.514902+00:00,247.577825,2527,r-scylla1,4,15.35,2102386491,10427106853,1410000000,4540000000,2870000000,4390000000,2638552,False
vnodes,scalein,decommission_command_start,2026-09-22T15:30:51.514902+00:00,247.577825,2527,r-scylla2,4,14.96,2001454760,10427106853,1160000000,4500000000,2500000000,4120000000,2638552,False
vnodes,scalein,decommission_command_start,2026-09-22T15:30:51.514902+00:00,247.577825,2527,r-scylla3,4,16.08,2006823469,10427106853,1270000000,4620000000,2870000000,4570000000,2638552,False
vnodes,scalein,decommission_command_start,2026-09-22T15:30:51.514902+00:00,247.577825,2527,r-scylla4,4,1.67,770388787,10427106853,689000000,2440000000,2580000000,1410000000,2638552,False
vnodes,scalein,decommission_command_start,2026-09-22T15:30:54.981616+00:00,251.044539,2528,r-scylla1,4,18.82,2103460233,10427106853,1420000000,4540000000,2880000000,4390000000,2639280,False
vnodes,scalein,decommission_command_start,2026-09-22T15:30:54.981616+00:00,251.044539,2528,r-scylla2,4,15.14,2001454760,10427106853,1160000000,4500000000,2500000000,4120000000,2639280,False
vnodes,scalein,decommission_command_start,2026-09-22T15:30:54.981616+00:00,251.044539,2528,r-scylla3,4,16.23,2006823469,10427106853,1270000000,4630000000,2870000000,4570000000,2639280,False
vnodes,scalein,decommission_command_start,2026-09-22T15:30:54.981616+00:00,251.044539,2528,r-scylla4,4,2.45,770074214,10427106853,689000000,2440000000,2580000000,1410000000,2639280,False
vnodes,scalein,decommission_command_start,2026-09-22T15:30:58.445788+00:00,254.508711,2529,r-scylla1,4,25.20,2103460233,10427106853,1420000000,4550000000,2880000000,4390000000,2638596,False
vnodes,scalein,decommission_command_start,2026-09-22T15:30:58.445788+00:00,254.508711,2529,r-scylla2,4,15.51,2001454760,10427106853,1160000000,4500000000,2510000000,4120000000,2638596,False
vnodes,scalein,decommission_command_start,2026-09-22T15:30:58.445788+00:00,254.508711,2529,r-scylla3,4,15.54,2006823469,10427106853,1270000000,4630000000,2870000000,4570000000,2638596,False
vnodes,scalein,decommission_command_start,2026-09-22T15:30:58.445788+00:00,254.508711,2529,r-scylla4,4,2.68,770388787,10427106853,689000000,2440000000,2580000000,1410000000,2638596,False
vnodes,scalein,decommission_command_start,2026-09-22T15:31:01.964752+00:00,258.027675,2530,r-scylla1,4,15.41,2103460233,10427106853,1420000000,4550000000,2880000000,4390000000,2635040,False
vnodes,scalein,decommission_command_start,2026-09-22T15:31:01.964752+00:00,258.027675,2530,r-scylla2,4,16.46,2001454760,10427106853,1170000000,4500000000,2510000000,4130000000,2635040,False
vnodes,scalein,decommission_command_start,2026-09-22T15:31:01.964752+00:00,258.027675,2530,r-scylla3,4,16.33,2006823469,10427106853,1270000000,4630000000,2870000000,4570000000,2635040,False
vnodes,scalein,decommission_command_start,2026-09-22T15:31:01.964752+00:00,258.027675,2530,r-scylla4,4,2.03,770388787,10427106853,689000000,2440000000,2580000000,1410000000,2635040,False
vnodes,scalein,decommission_command_start,2026-09-22T15:31:05.430736+00:00,261.493659,2531,r-scylla1,4,42.55,2109902684,10427106853,1420000000,4550000000,2880000000,4390000000,2622392,False
vnodes,scalein,decommission_command_start,2026-09-22T15:31:05.430736+00:00,261.493659,2531,r-scylla2,4,18.29,2001454760,10427106853,1170000000,4510000000,2510000000,4130000000,2622392,False
vnodes,scalein,decommission_command_start,2026-09-22T15:31:05.430736+00:00,261.493659,2531,r-scylla3,4,26.78,2006823469,10427106853,1270000000,4630000000,2880000000,4570000000,2622392,False
vnodes,scalein,decommission_command_start,2026-09-22T15:31:05.430736+00:00,261.493659,2531,r-scylla4,4,11.00,777204531,10427106853,689000000,2440000000,2580000000,1410000000,2622392,False
vnodes,scalein,decommission_command_start,2026-09-22T15:31:08.918918+00:00,264.981841,2532,r-scylla1,4,24.64,2102386491,10427106853,1420000000,4550000000,2890000000,4390000000,2630144,False
vnodes,scalein,decommission_command_start,2026-09-22T15:31:08.918918+00:00,264.981841,2532,r-scylla2,4,15.67,2001454760,10427106853,1170000000,4510000000,2510000000,4130000000,2630144,False
vnodes,scalein,decommission_command_start,2026-09-22T15:31:08.918918+00:00,264.981841,2532,r-scylla3,4,16.41,2006823469,10427106853,1270000000,4630000000,2880000000,4570000000,2630144,False
vnodes,scalein,decommission_command_start,2026-09-22T15:31:08.918918+00:00,264.981841,2532,r-scylla4,4,2.37,770388787,10427106853,689000000,2440000000,2580000000,1410000000,2630144,False
vnodes,scalein,decommission_command_start,2026-09-22T15:31:12.455405+00:00,268.518328,2533,r-scylla1,4,46.95,2110976426,10427106853,1430000000,4560000000,2900000000,4390000000,2624156,False
vnodes,scalein,decommission_command_start,2026-09-22T15:31:12.455405+00:00,268.518328,2533,r-scylla2,4,15.46,2001454760,10427106853,1170000000,4510000000,2510000000,4130000000,2624156,False
vnodes,scalein,decommission_command_start,2026-09-22T15:31:12.455405+00:00,268.518328,2533,r-scylla3,4,22.56,2006823469,10427106853,1270000000,4640000000,2890000000,4570000000,2624156,False
vnodes,scalein,decommission_command_start,2026-09-22T15:31:12.455405+00:00,268.518328,2533,r-scylla4,4,2.14,770388787,10427106853,689000000,2450000000,2580000000,1410000000,2624156,False
vnodes,scalein,decommission_command_start,2026-09-22T15:31:15.925738+00:00,271.988661,2534,r-scylla1,4,12.45,2103460233,10427106853,1440000000,4560000000,2910000000,4390000000,2630336,False
vnodes,scalein,decommission_command_start,2026-09-22T15:31:15.925738+00:00,271.988661,2534,r-scylla2,4,12.65,2001454760,10427106853,1170000000,4520000000,2540000000,4130000000,2630336,False
vnodes,scalein,decommission_command_start,2026-09-22T15:31:15.925738+00:00,271.988661,2534,r-scylla3,4,13.57,2007897211,10427106853,1280000000,4650000000,2910000000,4570000000,2630336,False
vnodes,scalein,decommission_command_start,2026-09-22T15:31:15.925738+00:00,271.988661,2534,r-scylla4,4,1.86,770074214,10427106853,689000000,2450000000,2580000000,1410000000,2630336,False
vnodes,scalein,decommission_command_start,2026-09-22T15:31:19.348409+00:00,275.411332,2535,r-scylla1,4,25.73,2104533975,10427106853,1440000000,4560000000,2910000000,4390000000,2630468,False
vnodes,scalein,decommission_command_start,2026-09-22T15:31:19.348409+00:00,275.411332,2535,r-scylla2,4,15.70,2001454760,10427106853,1170000000,4530000000,2540000000,4130000000,2630468,False
vnodes,scalein,decommission_command_start,2026-09-22T15:31:19.348409+00:00,275.411332,2535,r-scylla3,4,15.43,2007897211,10427106853,1280000000,4650000000,2910000000,4570000000,2630468,False
vnodes,scalein,decommission_command_start,2026-09-22T15:31:19.348409+00:00,275.411332,2535,r-scylla4,4,1.84,770703360,10427106853,689000000,2450000000,2580000000,1410000000,2630468,False
vnodes,scalein,decommission_command_start,2026-09-22T15:31:22.765459+00:00,278.828382,2536,r-scylla1,4,22.58,2109902684,10427106853,1440000000,4560000000,2920000000,4390000000,2630660,False
vnodes,scalein,decommission_command_start,2026-09-22T15:31:22.765459+00:00,278.828382,2536,r-scylla2,4,18.22,2001454760,10427106853,1170000000,4530000000,2540000000,4130000000,2630660,False
vnodes,scalein,decommission_command_start,2026-09-22T15:31:22.765459+00:00,278.828382,2536,r-scylla3,4,15.14,2007897211,10427106853,1280000000,4660000000,2910000000,4570000000,2630660,False
vnodes,scalein,decommission_command_start,2026-09-22T15:31:22.765459+00:00,278.828382,2536,r-scylla4,4,1.72,770388787,10427106853,690000000,2450000000,2580000000,1410000000,2630660,False
vnodes,scalein,decommission_command_start,2026-09-22T15:31:26.329737+00:00,282.392660,2537,r-scylla1,4,14.64,2103460233,10427106853,1440000000,4570000000,2920000000,4390000000,2629944,False
vnodes,scalein,decommission_command_start,2026-09-22T15:31:26.329737+00:00,282.392660,2537,r-scylla2,4,14.10,2001454760,10427106853,1170000000,4530000000,2550000000,4130000000,2629944,False
vnodes,scalein,decommission_command_start,2026-09-22T15:31:26.329737+00:00,282.392660,2537,r-scylla3,4,15.85,2007897211,10427106853,1280000000,4660000000,2910000000,4570000000,2629944,False
vnodes,scalein,decommission_command_start,2026-09-22T15:31:26.329737+00:00,282.392660,2537,r-scylla4,4,2.07,770388787,10427106853,690000000,2450000000,2580000000,1410000000,2629944,False
vnodes,scalein,decommission_command_start,2026-09-22T15:31:29.804969+00:00,285.867892,2538,r-scylla1,4,19.56,2104533975,10427106853,1440000000,4570000000,2920000000,4390000000,2632760,False
vnodes,scalein,decommission_command_start,2026-09-22T15:31:29.804969+00:00,285.867892,2538,r-scylla2,4,13.65,2001454760,10427106853,1170000000,4530000000,2550000000,4130000000,2632760,False
vnodes,scalein,decommission_command_start,2026-09-22T15:31:29.804969+00:00,285.867892,2538,r-scylla3,4,15.06,2007897211,10427106853,1280000000,4660000000,2920000000,4570000000,2632760,False
vnodes,scalein,decommission_command_start,2026-09-22T15:31:29.804969+00:00,285.867892,2538,r-scylla4,4,1.88,770074214,10427106853,690000000,2450000000,2580000000,1410000000,2632760,False
vnodes,scalein,decommission_command_start,2026-09-22T15:31:33.351218+00:00,289.414141,2539,r-scylla1,4,14.75,2104533975,10427106853,1450000000,4570000000,2920000000,4390000000,2630360,False
vnodes,scalein,decommission_command_start,2026-09-22T15:31:33.351218+00:00,289.414141,2539,r-scylla2,4,12.74,2001454760,10427106853,1170000000,4540000000,2550000000,4130000000,2630360,False
vnodes,scalein,decommission_command_start,2026-09-22T15:31:33.351218+00:00,289.414141,2539,r-scylla3,4,16.28,2007897211,10427106853,1280000000,4660000000,2920000000,4570000000,2630360,False
vnodes,scalein,decommission_command_start,2026-09-22T15:31:33.351218+00:00,289.414141,2539,r-scylla4,4,1.90,770388787,10427106853,690000000,2450000000,2580000000,1410000000,2630360,False
vnodes,scalein,decommission_command_start,2026-09-22T15:31:36.827717+00:00,292.890640,2540,r-scylla1,4,13.75,2103460233,10427106853,1450000000,4570000000,2920000000,4390000000,2630044,False
vnodes,scalein,decommission_command_start,2026-09-22T15:31:36.827717+00:00,292.890640,2540,r-scylla2,4,14.96,2001454760,10427106853,1170000000,4540000000,2550000000,4130000000,2630044,False
vnodes,scalein,decommission_command_start,2026-09-22T15:31:36.827717+00:00,292.890640,2540,r-scylla3,4,14.94,2007897211,10427106853,1280000000,4670000000,2920000000,4570000000,2630044,False
vnodes,scalein,decommission_command_start,2026-09-22T15:31:36.827717+00:00,292.890640,2540,r-scylla4,4,2.45,770388787,10427106853,690000000,2460000000,2580000000,1410000000,2630044,False
vnodes,scalein,decommission_command_start,2026-09-22T15:31:40.323883+00:00,296.386806,2541,r-scylla1,4,15.65,2110976426,10427106853,1450000000,4580000000,2920000000,4390000000,2630076,False
vnodes,scalein,decommission_command_start,2026-09-22T15:31:40.323883+00:00,296.386806,2541,r-scylla2,4,9.53,2001454760,10427106853,1170000000,4540000000,2550000000,4130000000,2630076,False
vnodes,scalein,decommission_command_start,2026-09-22T15:31:40.323883+00:00,296.386806,2541,r-scylla3,4,14.96,2007897211,10427106853,1280000000,4670000000,2920000000,4570000000,2630076,False
vnodes,scalein,decommission_command_start,2026-09-22T15:31:40.323883+00:00,296.386806,2541,r-scylla4,4,1.86,770074214,10427106853,690000000,2460000000,2580000000,1410000000,2630076,False
vnodes,scalein,decommission_command_start,2026-09-22T15:31:43.793517+00:00,299.856440,2542,r-scylla1,4,26.31,2103460233,10427106853,1450000000,4580000000,2930000000,4390000000,2631048,False
vnodes,scalein,decommission_command_start,2026-09-22T15:31:43.793517+00:00,299.856440,2542,r-scylla2,4,15.32,2001454760,10427106853,1170000000,4540000000,2560000000,4130000000,2631048,False
vnodes,scalein,decommission_command_start,2026-09-22T15:31:43.793517+00:00,299.856440,2542,r-scylla3,4,14.97,2007897211,10427106853,1280000000,4670000000,2930000000,4570000000,2631048,False
vnodes,scalein,decommission_command_start,2026-09-22T15:31:43.793517+00:00,299.856440,2542,r-scylla4,4,11.13,770283930,10427106853,690000000,2460000000,2580000000,1410000000,2631048,False
vnodes,scalein,decommission_command_start,2026-09-22T15:31:47.297617+00:00,303.360540,2543,r-scylla1,4,15.73,2104533975,10427106853,1450000000,4580000000,2930000000,4390000000,2626376,False
vnodes,scalein,decommission_command_start,2026-09-22T15:31:47.297617+00:00,303.360540,2543,r-scylla2,4,16.23,2001454760,10427106853,1170000000,4540000000,2560000000,4130000000,2626376,False
vnodes,scalein,decommission_command_start,2026-09-22T15:31:47.297617+00:00,303.360540,2543,r-scylla3,4,15.81,2007897211,10427106853,1280000000,4670000000,2930000000,4570000000,2626376,False
vnodes,scalein,decommission_command_start,2026-09-22T15:31:47.297617+00:00,303.360540,2543,r-scylla4,4,2.81,770598502,10427106853,690000000,2460000000,2580000000,1410000000,2626376,False
vnodes,scalein,decommission_command_start,2026-09-22T15:31:50.763395+00:00,306.826318,2544,r-scylla1,4,32.99,2104533975,10427106853,1450000000,4580000000,2940000000,4400000000,2633672,False
vnodes,scalein,decommission_command_start,2026-09-22T15:31:50.763395+00:00,306.826318,2544,r-scylla2,4,25.65,2001454760,10427106853,1170000000,4550000000,2570000000,4130000000,2633672,False
vnodes,scalein,decommission_command_start,2026-09-22T15:31:50.763395+00:00,306.826318,2544,r-scylla3,4,25.31,2007897211,10427106853,1280000000,4680000000,2930000000,4580000000,2633672,False
vnodes,scalein,decommission_command_start,2026-09-22T15:31:50.763395+00:00,306.826318,2544,r-scylla4,4,2.52,770388787,10427106853,690000000,2460000000,2580000000,1410000000,2633672,False
vnodes,scalein,decommission_command_start,2026-09-22T15:31:54.304650+00:00,310.367573,2545,r-scylla1,4,47.52,2103460233,10427106853,1450000000,4580000000,3140000000,4610000000,2634620,False
vnodes,scalein,decommission_command_start,2026-09-22T15:31:54.304650+00:00,310.367573,2545,r-scylla2,4,32.78,2001454760,10427106853,1170000000,4550000000,2750000000,4320000000,2634620,False
vnodes,scalein,decommission_command_start,2026-09-22T15:31:54.304650+00:00,310.367573,2545,r-scylla3,4,24.83,2007897211,10427106853,1280000000,4680000000,3110000000,4750000000,2634620,False
vnodes,scalein,decommission_command_start,2026-09-22T15:31:54.304650+00:00,310.367573,2545,r-scylla4,4,2.04,770388787,10427106853,690000000,2460000000,2580000000,1410000000,2634620,False
vnodes,scalein,decommission_command_start,2026-09-22T15:31:57.938969+00:00,314.001892,2546,r-scylla1,4,46.16,2110976426,10427106853,1450000000,4590000000,3250000000,4710000000,2632952,False
vnodes,scalein,decommission_command_start,2026-09-22T15:31:57.938969+00:00,314.001892,2546,r-scylla2,4,32.41,2001454760,10427106853,1170000000,4550000000,2830000000,4400000000,2632952,False
vnodes,scalein,decommission_command_start,2026-09-22T15:31:57.938969+00:00,314.001892,2546,r-scylla3,4,21.37,2008970953,10427106853,1280000000,4680000000,3160000000,4800000000,2632952,False
vnodes,scalein,decommission_command_start,2026-09-22T15:31:57.938969+00:00,314.001892,2546,r-scylla4,4,2.70,770074214,10427106853,690000000,2460000000,2580000000,1410000000,2632952,False
vnodes,scalein,decommission_command_start,2026-09-22T15:32:01.554437+00:00,317.617360,2547,r-scylla1,4,53.75,2103460233,10427106853,1450000000,4590000000,3340000000,4800000000,2631760,False
vnodes,scalein,decommission_command_start,2026-09-22T15:32:01.554437+00:00,317.617360,2547,r-scylla2,4,37.69,2001454760,10427106853,1170000000,4550000000,2930000000,4500000000,2631760,False
vnodes,scalein,decommission_command_start,2026-09-22T15:32:01.554437+00:00,317.617360,2547,r-scylla3,4,31.98,2008970953,10427106853,1280000000,4680000000,3210000000,4850000000,2631760,False
vnodes,scalein,decommission_command_start,2026-09-22T15:32:01.554437+00:00,317.617360,2547,r-scylla4,4,12.61,770074214,10427106853,690000000,2470000000,2580000000,1410000000,2631760,False
vnodes,scalein,decommission_command_start,2026-09-22T15:32:05.124132+00:00,321.187055,2548,r-scylla1,4,39.77,2103460233,10427106853,1450000000,4590000000,3460000000,4910000000,2634916,False
vnodes,scalein,decommission_command_start,2026-09-22T15:32:05.124132+00:00,321.187055,2548,r-scylla2,4,37.43,2001454760,10427106853,1170000000,4550000000,3080000000,4640000000,2634916,False
vnodes,scalein,decommission_command_start,2026-09-22T15:32:05.124132+00:00,321.187055,2548,r-scylla3,4,20.54,2008970953,10427106853,1280000000,4680000000,3260000000,4900000000,2634916,False
vnodes,scalein,decommission_command_start,2026-09-22T15:32:05.124132+00:00,321.187055,2548,r-scylla4,4,2.23,770074214,10427106853,690000000,2470000000,2580000000,1410000000,2634916,False
vnodes,scalein,decommission_command_start,2026-09-22T15:32:08.691253+00:00,324.754176,2549,r-scylla1,4,41.60,2104533975,10427106853,1450000000,4590000000,3560000000,5000000000,2636752,False
vnodes,scalein,decommission_command_start,2026-09-22T15:32:08.691253+00:00,324.754176,2549,r-scylla2,4,28.79,2001454760,10427106853,1170000000,4550000000,3150000000,4710000000,2636752,False
vnodes,scalein,decommission_command_start,2026-09-22T15:32:08.691253+00:00,324.754176,2549,r-scylla3,4,22.63,2008970953,10427106853,1280000000,4680000000,3300000000,4950000000,2636752,False
vnodes,scalein,decommission_command_start,2026-09-22T15:32:08.691253+00:00,324.754176,2549,r-scylla4,4,5.23,770074214,10427106853,690000000,2470000000,2580000000,1410000000,2636752,False
vnodes,scalein,decommission_command_start,2026-09-22T15:32:12.238043+00:00,328.300966,2550,r-scylla1,4,28.98,2103460233,10427106853,1450000000,4590000000,3630000000,5070000000,2628620,False
vnodes,scalein,decommission_command_start,2026-09-22T15:32:12.238043+00:00,328.300966,2550,r-scylla2,4,25.61,2001454760,10427106853,1170000000,4560000000,3220000000,4780000000,2628620,False
vnodes,scalein,decommission_command_start,2026-09-22T15:32:12.238043+00:00,328.300966,2550,r-scylla3,4,18.44,2008970953,10427106853,1280000000,4690000000,3340000000,4980000000,2628620,False
vnodes,scalein,decommission_command_start,2026-09-22T15:32:12.238043+00:00,328.300966,2550,r-scylla4,4,2.64,770074214,10427106853,690000000,2470000000,2580000000,1410000000,2628620,False
vnodes,scalein,decommission_command_start,2026-09-22T15:32:15.792239+00:00,331.855162,2551,r-scylla1,4,32.74,2103460233,10427106853,1450000000,4590000000,3710000000,5140000000,2634592,False
vnodes,scalein,decommission_command_start,2026-09-22T15:32:15.792239+00:00,331.855162,2551,r-scylla2,4,26.93,2001454760,10427106853,1180000000,4560000000,3300000000,4850000000,2634592,False
vnodes,scalein,decommission_command_start,2026-09-22T15:32:15.792239+00:00,331.855162,2551,r-scylla3,4,19.81,2008970953,10427106853,1280000000,4690000000,3370000000,5020000000,2634592,False
vnodes,scalein,decommission_command_start,2026-09-22T15:32:15.792239+00:00,331.855162,2551,r-scylla4,4,3.07,770598502,10427106853,690000000,2470000000,2580000000,1410000000,2634592,False
vnodes,scalein,decommission_command_start,2026-09-22T15:32:19.332443+00:00,335.395366,2552,r-scylla1,4,67.83,2104533975,10427106853,1450000000,4600000000,3880000000,5300000000,2634412,False
vnodes,scalein,decommission_command_start,2026-09-22T15:32:19.332443+00:00,335.395366,2552,r-scylla2,4,15.55,2001454760,10427106853,1180000000,4560000000,3500000000,5030000000,2634412,False
vnodes,scalein,decommission_command_start,2026-09-22T15:32:19.332443+00:00,335.395366,2552,r-scylla3,4,15.61,2008970953,10427106853,1280000000,4690000000,3490000000,5130000000,2634412,False
vnodes,scalein,decommission_command_start,2026-09-22T15:32:19.332443+00:00,335.395366,2552,r-scylla4,4,2.97,770388787,10427106853,690000000,2470000000,2580000000,1410000000,2634412,False
vnodes,scalein,decommission_command_start,2026-09-22T15:32:22.795804+00:00,338.858727,2553,r-scylla1,4,22.25,2110976426,10427106853,1450000000,4600000000,3890000000,5300000000,2629096,False
vnodes,scalein,decommission_command_start,2026-09-22T15:32:22.795804+00:00,338.858727,2553,r-scylla2,4,14.50,2001454760,10427106853,1180000000,4560000000,3500000000,5030000000,2629096,False
vnodes,scalein,decommission_command_start,2026-09-22T15:32:22.795804+00:00,338.858727,2553,r-scylla3,4,16.88,2008970953,10427106853,1280000000,4690000000,3490000000,5130000000,2629096,False
vnodes,scalein,decommission_command_start,2026-09-22T15:32:22.795804+00:00,338.858727,2553,r-scylla4,4,1.83,770388787,10427106853,690000000,2470000000,2580000000,1410000000,2629096,False
vnodes,scalein,decommission_command_start,2026-09-22T15:32:26.269690+00:00,342.332613,2554,r-scylla1,4,14.81,2104533975,10427106853,1450000000,4600000000,3890000000,5300000000,2637084,False
vnodes,scalein,decommission_command_start,2026-09-22T15:32:26.269690+00:00,342.332613,2554,r-scylla2,4,14.40,2001454760,10427106853,1180000000,4560000000,3500000000,5030000000,2637084,False
vnodes,scalein,decommission_command_start,2026-09-22T15:32:26.269690+00:00,342.332613,2554,r-scylla3,4,14.25,2008970953,10427106853,1280000000,4690000000,3500000000,5130000000,2637084,False
vnodes,scalein,decommission_command_start,2026-09-22T15:32:26.269690+00:00,342.332613,2554,r-scylla4,4,2.04,770074214,10427106853,690000000,2470000000,2580000000,1410000000,2637084,False
vnodes,scalein,decommission_command_start,2026-09-22T15:32:29.789313+00:00,345.852236,2555,r-scylla1,4,14.56,2103460233,10427106853,1450000000,4600000000,3890000000,5300000000,2636336,False
vnodes,scalein,decommission_command_start,2026-09-22T15:32:29.789313+00:00,345.852236,2555,r-scylla2,4,15.54,2001454760,10427106853,1180000000,4570000000,3500000000,5030000000,2636336,False
vnodes,scalein,decommission_command_start,2026-09-22T15:32:29.789313+00:00,345.852236,2555,r-scylla3,4,15.94,2008970953,10427106853,1290000000,4700000000,3500000000,5130000000,2636336,False
vnodes,scalein,decommission_command_start,2026-09-22T15:32:29.789313+00:00,345.852236,2555,r-scylla4,4,1.92,770074214,10427106853,690000000,2480000000,2580000000,1410000000,2636336,False
vnodes,scalein,decommission_command_start,2026-09-22T15:32:33.192433+00:00,349.255356,2556,r-scylla1,4,22.22,2109902684,10427106853,1450000000,4610000000,3900000000,5300000000,2627476,False
vnodes,scalein,decommission_command_start,2026-09-22T15:32:33.192433+00:00,349.255356,2556,r-scylla2,4,15.38,2001454760,10427106853,1180000000,4570000000,3510000000,5030000000,2627476,False
vnodes,scalein,decommission_command_start,2026-09-22T15:32:33.192433+00:00,349.255356,2556,r-scylla3,4,17.13,2008970953,10427106853,1290000000,4700000000,3500000000,5130000000,2627476,False
vnodes,scalein,decommission_command_start,2026-09-22T15:32:33.192433+00:00,349.255356,2556,r-scylla4,4,1.97,770074214,10427106853,690000000,2480000000,2580000000,1410000000,2627476,False
vnodes,scalein,decommission_command_start,2026-09-22T15:32:36.713651+00:00,352.776574,2557,r-scylla1,4,15.57,2103460233,10427106853,1450000000,4610000000,3900000000,5310000000,3386684,False
vnodes,scalein,decommission_command_start,2026-09-22T15:32:36.713651+00:00,352.776574,2557,r-scylla2,4,16.01,2001454760,10427106853,1180000000,4570000000,3510000000,5030000000,3386684,False
vnodes,scalein,decommission_command_start,2026-09-22T15:32:36.713651+00:00,352.776574,2557,r-scylla3,4,16.12,2008970953,10427106853,1290000000,4700000000,3500000000,5130000000,3386684,False
vnodes,scalein,decommission_command_start,2026-09-22T15:32:36.713651+00:00,352.776574,2557,r-scylla4,4,26.16,770703360,10427106853,690000000,2480000000,2580000000,1460000000,3386684,False
vnodes,scalein,decommission_command_start,2026-09-22T15:32:40.331476+00:00,356.394399,2558,r-scylla1,3,19.99,2103460233,10427106853,1450000000,4610000000,3900000000,5310000000,3388104,False
vnodes,scalein,decommission_command_start,2026-09-22T15:32:40.331476+00:00,356.394399,2558,r-scylla2,3,11.30,2001454760,10427106853,1180000000,4570000000,3510000000,5030000000,3388104,False
vnodes,scalein,decommission_command_start,2026-09-22T15:32:40.331476+00:00,356.394399,2558,r-scylla3,3,11.09,2008970953,10427106853,1290000000,4700000000,3500000000,5130000000,3388104,False
vnodes,scalein,decommission_command_start,2026-09-22T15:32:43.932936+00:00,359.995859,2559,r-scylla1,3,23.53,2103460233,10427106853,1450000000,4610000000,3900000000,5310000000,3384580,False
vnodes,scalein,decommission_command_start,2026-09-22T15:32:43.932936+00:00,359.995859,2559,r-scylla2,3,14.61,2001454760,10427106853,1180000000,4570000000,3510000000,5030000000,3384580,False
vnodes,scalein,decommission_command_start,2026-09-22T15:32:43.932936+00:00,359.995859,2559,r-scylla3,3,18.36,2008970953,10427106853,1290000000,4700000000,3510000000,5130000000,3384580,False
vnodes,scalein,decommission_command_start,2026-09-22T15:32:47.475795+00:00,363.538718,2560,r-scylla1,3,13.91,2103460233,10427106853,1460000000,4610000000,3900000000,5310000000,3388128,False
vnodes,scalein,decommission_command_start,2026-09-22T15:32:47.475795+00:00,363.538718,2560,r-scylla2,3,13.05,2001454760,10427106853,1180000000,4580000000,3510000000,5030000000,3388128,False
vnodes,scalein,decommission_command_start,2026-09-22T15:32:47.475795+00:00,363.538718,2560,r-scylla3,3,16.99,2008970953,10427106853,1290000000,4700000000,3510000000,5130000000,3388128,False
vnodes,scalein,decommission_command_start,2026-09-22T15:32:50.871250+00:00,366.934173,2561,r-scylla1,3,29.51,2110976426,10427106853,1460000000,4610000000,3900000000,5310000000,3389436,False
vnodes,scalein,decommission_command_start,2026-09-22T15:32:50.871250+00:00,366.934173,2561,r-scylla2,3,14.96,2001454760,10427106853,1180000000,4580000000,3520000000,5030000000,3389436,False
vnodes,scalein,decommission_command_start,2026-09-22T15:32:50.871250+00:00,366.934173,2561,r-scylla3,3,16.70,2008970953,10427106853,1290000000,4710000000,3510000000,5130000000,3389436,False
vnodes,scalein,decommission_command_start,2026-09-22T15:32:54.409262+00:00,370.472185,2562,r-scylla1,3,16.80,2103460233,10427106853,1460000000,4620000000,3910000000,5310000000,3381724,False
vnodes,scalein,decommission_command_start,2026-09-22T15:32:54.409262+00:00,370.472185,2562,r-scylla2,3,14.90,2001454760,10427106853,1180000000,4580000000,3520000000,5030000000,3381724,False
vnodes,scalein,decommission_command_start,2026-09-22T15:32:54.409262+00:00,370.472185,2562,r-scylla3,3,15.68,2008970953,10427106853,1290000000,4710000000,3510000000,5140000000,3381724,False
vnodes,scalein,decommission_command_start,2026-09-22T15:32:57.938681+00:00,374.001604,2563,r-scylla1,3,25.15,2104533975,10427106853,1460000000,4620000000,3910000000,5310000000,3376156,False
vnodes,scalein,decommission_command_start,2026-09-22T15:32:57.938681+00:00,374.001604,2563,r-scylla2,3,13.64,2001454760,10427106853,1180000000,4580000000,3520000000,5030000000,3376156,False
vnodes,scalein,decommission_command_start,2026-09-22T15:32:57.938681+00:00,374.001604,2563,r-scylla3,3,14.81,2008970953,10427106853,1290000000,4710000000,3520000000,5140000000,3376156,False
vnodes,scalein,decommission_command_start,2026-09-22T15:33:01.434580+00:00,377.497503,2564,r-scylla1,3,24.68,2112050168,10427106853,1460000000,4620000000,3910000000,5310000000,3380644,False
vnodes,scalein,decommission_command_start,2026-09-22T15:33:01.434580+00:00,377.497503,2564,r-scylla2,3,13.91,2001454760,10427106853,1180000000,4590000000,3520000000,5030000000,3380644,False
vnodes,scalein,decommission_command_start,2026-09-22T15:33:01.434580+00:00,377.497503,2564,r-scylla3,3,14.13,2008970953,10427106853,1290000000,4720000000,3520000000,5140000000,3380644,False
vnodes,scalein,decommission_command_start,2026-09-22T15:33:04.738442+00:00,380.801365,2565,r-scylla1,3,23.47,2103460233,10427106853,1460000000,4630000000,3920000000,5310000000,3387896,False
vnodes,scalein,decommission_command_start,2026-09-22T15:33:04.738442+00:00,380.801365,2565,r-scylla2,3,12.64,2001454760,10427106853,1180000000,4590000000,3530000000,5030000000,3387896,False
vnodes,scalein,decommission_command_start,2026-09-22T15:33:04.738442+00:00,380.801365,2565,r-scylla3,3,16.27,2008970953,10427106853,1290000000,4720000000,3520000000,5140000000,3387896,False
vnodes,scalein,decommission_command_start,2026-09-22T15:33:08.094845+00:00,384.157768,2566,r-scylla1,3,27.49,2103460233,10427106853,1460000000,4630000000,3920000000,5310000000,3383156,False
vnodes,scalein,decommission_command_start,2026-09-22T15:33:08.094845+00:00,384.157768,2566,r-scylla2,3,15.25,2001454760,10427106853,1180000000,4590000000,3530000000,5030000000,3383156,False
vnodes,scalein,decommission_command_start,2026-09-22T15:33:08.094845+00:00,384.157768,2566,r-scylla3,3,16.68,2008970953,10427106853,1290000000,4720000000,3530000000,5140000000,3383156,False
vnodes,scalein,decommission_command_start,2026-09-22T15:33:11.591266+00:00,387.654189,2567,r-scylla1,3,17.44,2103460233,10427106853,1460000000,4630000000,3920000000,5310000000,3382060,False
vnodes,scalein,decommission_command_start,2026-09-22T15:33:11.591266+00:00,387.654189,2567,r-scylla2,3,15.36,2001454760,10427106853,1190000000,4590000000,3530000000,5030000000,3382060,False
vnodes,scalein,decommission_command_start,2026-09-22T15:33:11.591266+00:00,387.654189,2567,r-scylla3,3,15.08,2008970953,10427106853,1290000000,4720000000,3530000000,5140000000,3382060,False
vnodes,scalein,decommission_command_start,2026-09-22T15:33:15.015275+00:00,391.078198,2568,r-scylla1,3,20.28,2104533975,10427106853,1460000000,4630000000,3920000000,5310000000,3385236,False
vnodes,scalein,decommission_command_start,2026-09-22T15:33:15.015275+00:00,391.078198,2568,r-scylla2,3,12.50,2001454760,10427106853,1190000000,4600000000,3540000000,5030000000,3385236,False
vnodes,scalein,decommission_command_start,2026-09-22T15:33:15.015275+00:00,391.078198,2568,r-scylla3,3,14.81,2008970953,10427106853,1300000000,4730000000,3530000000,5140000000,3385236,False
vnodes,scalein,decommission_command_start,2026-09-22T15:33:18.347696+00:00,394.410619,2569,r-scylla1,3,19.73,2103460233,10427106853,1460000000,4640000000,3930000000,5310000000,3383556,False
vnodes,scalein,decommission_command_start,2026-09-22T15:33:18.347696+00:00,394.410619,2569,r-scylla2,3,12.56,2001454760,10427106853,1190000000,4600000000,3540000000,5040000000,3383556,False
vnodes,scalein,decommission_command_start,2026-09-22T15:33:18.347696+00:00,394.410619,2569,r-scylla3,3,13.76,2008970953,10427106853,1300000000,4730000000,3540000000,5140000000,3383556,False
vnodes,scalein,decommission_command_start,2026-09-22T15:33:21.658170+00:00,397.721093,2570,r-scylla1,3,20.50,2104533975,10427106853,1460000000,4640000000,3930000000,5310000000,3383924,False
vnodes,scalein,decommission_command_start,2026-09-22T15:33:21.658170+00:00,397.721093,2570,r-scylla2,3,13.63,2001454760,10427106853,1190000000,4600000000,3540000000,5040000000,3383924,False
vnodes,scalein,decommission_command_start,2026-09-22T15:33:21.658170+00:00,397.721093,2570,r-scylla3,3,14.52,2008970953,10427106853,1300000000,4730000000,3540000000,5140000000,3383924,False
vnodes,scalein,decommission_command_start,2026-09-22T15:33:24.968564+00:00,401.031487,2571,r-scylla1,3,14.70,2103460233,10427106853,1460000000,4640000000,3930000000,5310000000,3377388,False
vnodes,scalein,decommission_command_start,2026-09-22T15:33:24.968564+00:00,401.031487,2571,r-scylla2,3,14.45,2001454760,10427106853,1190000000,4600000000,3550000000,5040000000,3377388,False
vnodes,scalein,decommission_command_start,2026-09-22T15:33:24.968564+00:00,401.031487,2571,r-scylla3,3,14.58,2008970953,10427106853,1300000000,4740000000,3540000000,5140000000,3377388,False
vnodes,scalein,decommission_command_start,2026-09-22T15:33:28.425299+00:00,404.488222,2572,r-scylla1,3,15.13,2103460233,10427106853,1470000000,4650000000,3930000000,5310000000,3385392,False
vnodes,scalein,decommission_command_start,2026-09-22T15:33:28.425299+00:00,404.488222,2572,r-scylla2,3,15.77,2001454760,10427106853,1190000000,4610000000,3550000000,5040000000,3385392,False
vnodes,scalein,decommission_command_start,2026-09-22T15:33:28.425299+00:00,404.488222,2572,r-scylla3,3,15.85,2008970953,10427106853,1300000000,4740000000,3550000000,5140000000,3385392,False
vnodes,scalein,decommission_command_start,2026-09-22T15:33:31.976139+00:00,408.039062,2573,r-scylla1,3,14.54,2103460233,10427106853,1470000000,4650000000,3940000000,5310000000,3384604,False
vnodes,scalein,decommission_command_start,2026-09-22T15:33:31.976139+00:00,408.039062,2573,r-scylla2,3,15.53,2001454760,10427106853,1190000000,4610000000,3550000000,5040000000,3384604,False
vnodes,scalein,decommission_command_start,2026-09-22T15:33:31.976139+00:00,408.039062,2573,r-scylla3,3,15.91,2008970953,10427106853,1300000000,4740000000,3550000000,5140000000,3384604,False
vnodes,scalein,decommission_command_start,2026-09-22T15:33:35.452823+00:00,411.515746,2574,r-scylla1,3,23.57,2109902684,10427106853,1470000000,4650000000,3940000000,5310000000,3377700,False
vnodes,scalein,decommission_command_start,2026-09-22T15:33:35.452823+00:00,411.515746,2574,r-scylla2,3,15.54,2001454760,10427106853,1190000000,4610000000,3550000000,5040000000,3377700,False
vnodes,scalein,decommission_command_start,2026-09-22T15:33:35.452823+00:00,411.515746,2574,r-scylla3,3,15.66,2008970953,10427106853,1300000000,4740000000,3550000000,5140000000,3377700,False
vnodes,scalein,decommission_command_start,2026-09-22T15:33:38.976255+00:00,415.039178,2575,r-scylla1,3,14.08,2103460233,10427106853,1470000000,4650000000,3940000000,5310000000,3383464,False
vnodes,scalein,decommission_command_start,2026-09-22T15:33:38.976255+00:00,415.039178,2575,r-scylla2,3,13.84,2001454760,10427106853,1190000000,4610000000,3560000000,5040000000,3383464,False
vnodes,scalein,decommission_command_start,2026-09-22T15:33:38.976255+00:00,415.039178,2575,r-scylla3,3,15.06,2008970953,10427106853,1300000000,4750000000,3550000000,5140000000,3383464,False
vnodes,scalein,decommission_command_start,2026-09-22T15:33:42.452023+00:00,418.514946,2576,r-scylla1,3,24.60,2104533975,10427106853,1470000000,4660000000,3940000000,5310000000,3380864,False
vnodes,scalein,decommission_command_start,2026-09-22T15:33:42.452023+00:00,418.514946,2576,r-scylla2,3,14.21,2001454760,10427106853,1190000000,4620000000,3560000000,5040000000,3380864,False
vnodes,scalein,decommission_command_start,2026-09-22T15:33:42.452023+00:00,418.514946,2576,r-scylla3,3,14.18,2008970953,10427106853,1300000000,4750000000,3560000000,5140000000,3380864,False
vnodes,scalein,decommission_command_start,2026-09-22T15:33:45.775107+00:00,421.838030,2577,r-scylla1,3,20.08,2110976426,10427106853,1470000000,4660000000,3950000000,5310000000,3379372,False
vnodes,scalein,decommission_command_start,2026-09-22T15:33:45.775107+00:00,421.838030,2577,r-scylla2,3,15.12,2001454760,10427106853,1190000000,4620000000,3560000000,5040000000,3379372,False
vnodes,scalein,decommission_command_start,2026-09-22T15:33:45.775107+00:00,421.838030,2577,r-scylla3,3,14.28,2008970953,10427106853,1300000000,4750000000,3560000000,5140000000,3379372,False
vnodes,scalein,decommission_command_start,2026-09-22T15:33:49.217737+00:00,425.280660,2578,r-scylla1,3,15.53,2103460233,10427106853,1470000000,4660000000,3950000000,5310000000,3381968,False
vnodes,scalein,decommission_command_start,2026-09-22T15:33:49.217737+00:00,425.280660,2578,r-scylla2,3,15.09,2001454760,10427106853,1190000000,4620000000,3560000000,5040000000,3381968,False
vnodes,scalein,decommission_command_start,2026-09-22T15:33:49.217737+00:00,425.280660,2578,r-scylla3,3,15.67,2008970953,10427106853,1300000000,4750000000,3560000000,5140000000,3381968,False
vnodes,scalein,decommission_command_start,2026-09-22T15:33:52.661336+00:00,428.724259,2579,r-scylla1,3,23.88,2104533975,10427106853,1470000000,4660000000,3950000000,5310000000,3380500,False
vnodes,scalein,decommission_command_start,2026-09-22T15:33:52.661336+00:00,428.724259,2579,r-scylla2,3,15.62,2001454760,10427106853,1200000000,4620000000,3570000000,5040000000,3380500,False
vnodes,scalein,decommission_command_start,2026-09-22T15:33:52.661336+00:00,428.724259,2579,r-scylla3,3,15.58,2008970953,10427106853,1310000000,4760000000,3560000000,5140000000,3380500,False
vnodes,scalein,decommission_command_start,2026-09-22T15:33:56.023904+00:00,432.086827,2580,r-scylla1,3,15.00,2103460233,10427106853,1470000000,4660000000,3950000000,5310000000,3367736,False
vnodes,scalein,decommission_command_start,2026-09-22T15:33:56.023904+00:00,432.086827,2580,r-scylla2,3,12.81,2001454760,10427106853,1200000000,4630000000,3570000000,5040000000,3367736,False
vnodes,scalein,decommission_command_start,2026-09-22T15:33:56.023904+00:00,432.086827,2580,r-scylla3,3,14.02,2008970953,10427106853,1310000000,4760000000,3570000000,5140000000,3367736,False
vnodes,scalein,decommission_command_start,2026-09-22T15:33:59.370694+00:00,435.433617,2581,r-scylla1,3,13.01,2103460233,10427106853,1470000000,4670000000,3960000000,5310000000,3380828,False
vnodes,scalein,decommission_command_start,2026-09-22T15:33:59.370694+00:00,435.433617,2581,r-scylla2,3,13.65,2001454760,10427106853,1200000000,4630000000,3570000000,5040000000,3380828,False
vnodes,scalein,decommission_command_start,2026-09-22T15:33:59.370694+00:00,435.433617,2581,r-scylla3,3,14.63,2008970953,10427106853,1310000000,4760000000,3570000000,5140000000,3380828,False
vnodes,scalein,decommission_command_start,2026-09-22T15:34:02.694488+00:00,438.757411,2582,r-scylla1,3,26.40,2104533975,10427106853,1470000000,4670000000,3960000000,5310000000,3379680,False
vnodes,scalein,decommission_command_start,2026-09-22T15:34:02.694488+00:00,438.757411,2582,r-scylla2,3,16.39,2001454760,10427106853,1200000000,4630000000,3570000000,5040000000,3379680,False
vnodes,scalein,decommission_command_start,2026-09-22T15:34:02.694488+00:00,438.757411,2582,r-scylla3,3,10.46,2008970953,10427106853,1310000000,4760000000,3570000000,5140000000,3379680,False
vnodes,scalein,decommission_command_start,2026-09-22T15:34:06.131923+00:00,442.194846,2583,r-scylla1,3,14.60,2104533975,10427106853,1470000000,4670000000,3960000000,5310000000,3383308,False
vnodes,scalein,decommission_command_start,2026-09-22T15:34:06.131923+00:00,442.194846,2583,r-scylla2,3,14.46,2001454760,10427106853,1200000000,4630000000,3580000000,5040000000,3383308,False
vnodes,scalein,decommission_command_start,2026-09-22T15:34:06.131923+00:00,442.194846,2583,r-scylla3,3,15.36,2008970953,10427106853,1310000000,4770000000,3580000000,5140000000,3383308,False
vnodes,scalein,decommission_command_start,2026-09-22T15:34:09.567250+00:00,445.630173,2584,r-scylla1,3,18.05,2103460233,10427106853,1470000000,4680000000,3960000000,5310000000,3382212,False
vnodes,scalein,decommission_command_start,2026-09-22T15:34:09.567250+00:00,445.630173,2584,r-scylla2,3,14.63,2001454760,10427106853,1200000000,4640000000,3580000000,5040000000,3382212,False
vnodes,scalein,decommission_command_start,2026-09-22T15:34:09.567250+00:00,445.630173,2584,r-scylla3,3,13.93,2008970953,10427106853,1310000000,4770000000,3580000000,5140000000,3382212,False
vnodes,scalein,decommission_command_start,2026-09-22T15:34:13.005639+00:00,449.068562,2585,r-scylla1,3,15.23,2103460233,10427106853,1470000000,4680000000,3960000000,5310000000,3381980,False
vnodes,scalein,decommission_command_start,2026-09-22T15:34:13.005639+00:00,449.068562,2585,r-scylla2,3,15.11,2001454760,10427106853,1200000000,4640000000,3580000000,5040000000,3381980,False
vnodes,scalein,decommission_command_start,2026-09-22T15:34:13.005639+00:00,449.068562,2585,r-scylla3,3,15.28,2008970953,10427106853,1310000000,4770000000,3580000000,5140000000,3381980,False
vnodes,scalein,decommission_command_start,2026-09-22T15:34:16.482888+00:00,452.545811,2586,r-scylla1,3,27.02,2103460233,10427106853,1480000000,4680000000,3960000000,5320000000,3376456,False
vnodes,scalein,decommission_command_start,2026-09-22T15:34:16.482888+00:00,452.545811,2586,r-scylla2,3,14.67,2001454760,10427106853,1200000000,4640000000,3580000000,5040000000,3376456,False
vnodes,scalein,decommission_command_start,2026-09-22T15:34:16.482888+00:00,452.545811,2586,r-scylla3,3,15.47,2008970953,10427106853,1310000000,4770000000,3580000000,5140000000,3376456,False
vnodes,scalein,decommission_command_start,2026-09-22T15:34:19.966342+00:00,456.029265,2587,r-scylla1,3,27.08,2109902684,10427106853,1480000000,4680000000,3970000000,5320000000,3381564,False
vnodes,scalein,decommission_command_start,2026-09-22T15:34:19.966342+00:00,456.029265,2587,r-scylla2,3,14.70,2001454760,10427106853,1200000000,4640000000,3580000000,5040000000,3381564,False
vnodes,scalein,decommission_command_start,2026-09-22T15:34:19.966342+00:00,456.029265,2587,r-scylla3,3,16.53,2008970953,10427106853,1310000000,4780000000,3580000000,5150000000,3381564,False
vnodes,scalein,decommission_command_start,2026-09-22T15:34:23.364545+00:00,459.427468,2588,r-scylla1,3,13.44,2104533975,10427106853,1480000000,4680000000,3970000000,5320000000,3385680,False
vnodes,scalein,decommission_command_start,2026-09-22T15:34:23.364545+00:00,459.427468,2588,r-scylla2,3,14.42,2001454760,10427106853,1200000000,4650000000,3590000000,5040000000,3385680,False
vnodes,scalein,decommission_command_start,2026-09-22T15:34:23.364545+00:00,459.427468,2588,r-scylla3,3,13.24,2008970953,10427106853,1310000000,4780000000,3590000000,5150000000,3385680,False
vnodes,scalein,decommission_command_start,2026-09-22T15:34:26.785518+00:00,462.848441,2589,r-scylla1,3,15.50,2103460233,10427106853,1480000000,4690000000,3970000000,5320000000,3382896,False
vnodes,scalein,decommission_command_start,2026-09-22T15:34:26.785518+00:00,462.848441,2589,r-scylla2,3,15.27,2001454760,10427106853,1200000000,4650000000,3590000000,5040000000,3382896,False
vnodes,scalein,decommission_command_start,2026-09-22T15:34:26.785518+00:00,462.848441,2589,r-scylla3,3,11.81,2008970953,10427106853,1310000000,4780000000,3590000000,5150000000,3382896,False
vnodes,scalein,decommission_command_start,2026-09-22T15:34:30.190788+00:00,466.253711,2590,r-scylla1,3,20.52,2103460233,10427106853,1480000000,4690000000,3970000000,5320000000,3382420,False
vnodes,scalein,decommission_command_start,2026-09-22T15:34:30.190788+00:00,466.253711,2590,r-scylla2,3,14.95,2001454760,10427106853,1200000000,4650000000,3590000000,5040000000,3382420,False
vnodes,scalein,decommission_command_start,2026-09-22T15:34:30.190788+00:00,466.253711,2590,r-scylla3,3,15.15,2008970953,10427106853,1310000000,4780000000,3590000000,5150000000,3382420,False
vnodes,scalein,decommission_command_start,2026-09-22T15:34:33.582947+00:00,469.645870,2591,r-scylla1,3,28.27,2104533975,10427106853,1480000000,4690000000,3970000000,5320000000,3381388,False
vnodes,scalein,decommission_command_start,2026-09-22T15:34:33.582947+00:00,469.645870,2591,r-scylla2,3,15.69,2001454760,10427106853,1200000000,4650000000,3590000000,5040000000,3381388,False
vnodes,scalein,decommission_command_start,2026-09-22T15:34:33.582947+00:00,469.645870,2591,r-scylla3,3,17.40,2008970953,10427106853,1310000000,4790000000,3590000000,5150000000,3381388,False
vnodes,scalein,decommission_command_start,2026-09-22T15:34:37.054481+00:00,473.117404,2592,r-scylla1,3,15.57,2103460233,10427106853,1480000000,4690000000,3980000000,5320000000,3378748,False
vnodes,scalein,decommission_command_start,2026-09-22T15:34:37.054481+00:00,473.117404,2592,r-scylla2,3,15.23,2001454760,10427106853,1200000000,4650000000,3590000000,5040000000,3378748,False
vnodes,scalein,decommission_command_start,2026-09-22T15:34:37.054481+00:00,473.117404,2592,r-scylla3,3,16.28,2008970953,10427106853,1310000000,4790000000,3590000000,5150000000,3378748,False
vnodes,scalein,decommission_command_start,2026-09-22T15:34:40.515713+00:00,476.578636,2593,r-scylla1,3,20.28,2104533975,10427106853,1480000000,4700000000,3980000000,5320000000,3379472,False
vnodes,scalein,decommission_command_start,2026-09-22T15:34:40.515713+00:00,476.578636,2593,r-scylla2,3,14.54,2001454760,10427106853,1200000000,4660000000,3600000000,5040000000,3379472,False
vnodes,scalein,decommission_command_start,2026-09-22T15:34:40.515713+00:00,476.578636,2593,r-scylla3,3,17.68,2008970953,10427106853,1320000000,4790000000,3600000000,5150000000,3379472,False
vnodes,scalein,decommission_command_start,2026-09-22T15:34:44.025264+00:00,480.088187,2594,r-scylla1,3,27.24,2103460233,10427106853,1480000000,4700000000,3980000000,5320000000,3377240,False
vnodes,scalein,decommission_command_start,2026-09-22T15:34:44.025264+00:00,480.088187,2594,r-scylla2,3,15.53,2001454760,10427106853,1210000000,4660000000,3600000000,5040000000,3377240,False
vnodes,scalein,decommission_command_start,2026-09-22T15:34:44.025264+00:00,480.088187,2594,r-scylla3,3,17.32,2008970953,10427106853,1320000000,4790000000,3600000000,5150000000,3377240,False
vnodes,scalein,decommission_command_start,2026-09-22T15:34:47.531282+00:00,483.594205,2595,r-scylla1,3,19.77,2103460233,10427106853,1480000000,4700000000,3980000000,5320000000,3379244,False
vnodes,scalein,decommission_command_start,2026-09-22T15:34:47.531282+00:00,483.594205,2595,r-scylla2,3,18.89,2001454760,10427106853,1210000000,4660000000,3600000000,5040000000,3379244,False
vnodes,scalein,decommission_command_start,2026-09-22T15:34:47.531282+00:00,483.594205,2595,r-scylla3,3,17.05,2008970953,10427106853,1320000000,4790000000,3600000000,5150000000,3379244,False
vnodes,scalein,decommission_command_start,2026-09-22T15:34:50.997606+00:00,487.060529,2596,r-scylla1,3,14.45,2103460233,10427106853,1480000000,4700000000,3980000000,5320000000,3375864,False
vnodes,scalein,decommission_command_start,2026-09-22T15:34:50.997606+00:00,487.060529,2596,r-scylla2,3,14.12,2001454760,10427106853,1210000000,4660000000,3600000000,5040000000,3375864,False
vnodes,scalein,decommission_command_start,2026-09-22T15:34:50.997606+00:00,487.060529,2596,r-scylla3,3,14.04,2008970953,10427106853,1320000000,4800000000,3600000000,5150000000,3375864,False
vnodes,scalein,decommission_command_start,2026-09-22T15:34:54.609881+00:00,490.672804,2597,r-scylla1,3,21.34,2104533975,10427106853,1480000000,4710000000,3990000000,5320000000,3375836,False
vnodes,scalein,decommission_command_start,2026-09-22T15:34:54.609881+00:00,490.672804,2597,r-scylla2,3,13.58,2001454760,10427106853,1210000000,4670000000,3600000000,5040000000,3375836,False
vnodes,scalein,decommission_command_start,2026-09-22T15:34:54.609881+00:00,490.672804,2597,r-scylla3,3,15.60,2008970953,10427106853,1320000000,4800000000,3610000000,5150000000,3375836,False
vnodes,scalein,decommission_command_start,2026-09-22T15:34:58.146364+00:00,494.209287,2598,r-scylla1,3,18.86,2104533975,10427106853,1480000000,4710000000,3990000000,5320000000,3374252,False
vnodes,scalein,decommission_command_start,2026-09-22T15:34:58.146364+00:00,494.209287,2598,r-scylla2,3,13.80,2001454760,10427106853,1210000000,4670000000,3610000000,5040000000,3374252,False
vnodes,scalein,decommission_command_start,2026-09-22T15:34:58.146364+00:00,494.209287,2598,r-scylla3,3,15.41,2008970953,10427106853,1320000000,4800000000,3610000000,5150000000,3374252,False
vnodes,scalein,decommission_command_start,2026-09-22T15:35:01.724013+00:00,497.786936,2599,r-scylla1,3,14.94,2103460233,10427106853,1480000000,4710000000,3990000000,5320000000,3374148,False
vnodes,scalein,decommission_command_start,2026-09-22T15:35:01.724013+00:00,497.786936,2599,r-scylla2,3,13.92,2001454760,10427106853,1210000000,4670000000,3610000000,5040000000,3374148,False
vnodes,scalein,decommission_command_start,2026-09-22T15:35:01.724013+00:00,497.786936,2599,r-scylla3,3,17.06,2008970953,10427106853,1320000000,4800000000,3610000000,5150000000,3374148,False
vnodes,scalein,decommission_command_start,2026-09-22T15:35:05.199854+00:00,501.262777,2600,r-scylla1,3,17.45,2104533975,10427106853,1480000000,4710000000,3990000000,5320000000,3373796,False
vnodes,scalein,decommission_command_start,2026-09-22T15:35:05.199854+00:00,501.262777,2600,r-scylla2,3,13.94,2001454760,10427106853,1210000000,4670000000,3610000000,5050000000,3373796,False
vnodes,scalein,decommission_command_start,2026-09-22T15:35:05.199854+00:00,501.262777,2600,r-scylla3,3,14.23,2008970953,10427106853,1320000000,4810000000,3610000000,5150000000,3373796,False
vnodes,scalein,decommission_command_start,2026-09-22T15:35:08.626180+00:00,504.689103,2601,r-scylla1,3,10.51,2104533975,10427106853,1490000000,4720000000,3990000000,5320000000,3367112,False
vnodes,scalein,decommission_command_start,2026-09-22T15:35:08.626180+00:00,504.689103,2601,r-scylla2,3,9.20,2001454760,10427106853,1210000000,4680000000,3610000000,5050000000,3367112,False
vnodes,scalein,decommission_command_start,2026-09-22T15:35:08.626180+00:00,504.689103,2601,r-scylla3,3,9.73,2008970953,10427106853,1320000000,4810000000,3620000000,5150000000,3367112,False
vnodes,scalein,decommission_command_start,2026-09-22T15:35:11.980984+00:00,508.043907,2602,r-scylla1,3,14.79,2103460233,10427106853,1490000000,4720000000,3990000000,5320000000,3371084,False
vnodes,scalein,decommission_command_start,2026-09-22T15:35:11.980984+00:00,508.043907,2602,r-scylla2,3,15.16,2001454760,10427106853,1210000000,4680000000,3610000000,5050000000,3371084,False
vnodes,scalein,decommission_command_start,2026-09-22T15:35:11.980984+00:00,508.043907,2602,r-scylla3,3,15.83,2008970953,10427106853,1320000000,4810000000,3620000000,5150000000,3371084,False
vnodes,scalein,decommission_command_start,2026-09-22T15:35:15.443935+00:00,511.506858,2603,r-scylla1,3,23.77,2104533975,10427106853,1490000000,4720000000,4000000000,5320000000,3369892,False
vnodes,scalein,decommission_command_start,2026-09-22T15:35:15.443935+00:00,511.506858,2603,r-scylla2,3,13.91,2001454760,10427106853,1210000000,4680000000,3620000000,5050000000,3369892,False
vnodes,scalein,decommission_command_start,2026-09-22T15:35:15.443935+00:00,511.506858,2603,r-scylla3,3,15.20,2008970953,10427106853,1320000000,4810000000,3620000000,5150000000,3369892,False
vnodes,scalein,decommission_command_start,2026-09-22T15:35:18.942837+00:00,515.005760,2604,r-scylla1,3,21.58,2110976426,10427106853,1490000000,4720000000,4000000000,5320000000,3372216,False
vnodes,scalein,decommission_command_start,2026-09-22T15:35:18.942837+00:00,515.005760,2604,r-scylla2,3,16.70,2001454760,10427106853,1210000000,4680000000,3620000000,5050000000,3372216,False
vnodes,scalein,decommission_command_start,2026-09-22T15:35:18.942837+00:00,515.005760,2604,r-scylla3,3,15.95,2008970953,10427106853,1320000000,4820000000,3620000000,5150000000,3372216,False
vnodes,scalein,decommission_command_start,2026-09-22T15:35:22.500972+00:00,518.563895,2605,r-scylla1,3,15.13,2104533975,10427106853,1490000000,4730000000,4000000000,5320000000,3376928,False
vnodes,scalein,decommission_command_start,2026-09-22T15:35:22.500972+00:00,518.563895,2605,r-scylla2,3,14.59,2001454760,10427106853,1210000000,4680000000,3620000000,5050000000,3376928,False
vnodes,scalein,decommission_command_start,2026-09-22T15:35:22.500972+00:00,518.563895,2605,r-scylla3,3,17.22,2008970953,10427106853,1320000000,4820000000,3620000000,5150000000,3376928,False
vnodes,scalein,decommission_command_start,2026-09-22T15:35:26.071557+00:00,522.134480,2606,r-scylla1,3,23.37,2104533975,10427106853,1490000000,4730000000,4000000000,5320000000,3376040,False
vnodes,scalein,decommission_command_start,2026-09-22T15:35:26.071557+00:00,522.134480,2606,r-scylla2,3,13.38,2001454760,10427106853,1210000000,4690000000,3620000000,5050000000,3376040,False
vnodes,scalein,decommission_command_start,2026-09-22T15:35:26.071557+00:00,522.134480,2606,r-scylla3,3,14.46,2008970953,10427106853,1320000000,4820000000,3620000000,5150000000,3376040,False
vnodes,scalein,decommission_command_start,2026-09-22T15:35:29.475996+00:00,525.538919,2607,r-scylla1,3,22.71,2112050168,10427106853,1490000000,4730000000,4000000000,5320000000,3375784,False
vnodes,scalein,decommission_command_start,2026-09-22T15:35:29.475996+00:00,525.538919,2607,r-scylla2,3,12.92,2001454760,10427106853,1210000000,4690000000,3620000000,5050000000,3375784,False
vnodes,scalein,decommission_command_start,2026-09-22T15:35:29.475996+00:00,525.538919,2607,r-scylla3,3,15.86,2008970953,10427106853,1330000000,4820000000,3630000000,5150000000,3375784,False
vnodes,scalein,decommission_command_start,2026-09-22T15:35:32.942616+00:00,529.005539,2608,r-scylla1,3,13.28,2104533975,10427106853,1490000000,4730000000,4010000000,5320000000,3377128,False
vnodes,scalein,decommission_command_start,2026-09-22T15:35:32.942616+00:00,529.005539,2608,r-scylla2,3,14.98,2001454760,10427106853,1210000000,4690000000,3630000000,5050000000,3377128,False
vnodes,scalein,decommission_command_start,2026-09-22T15:35:32.942616+00:00,529.005539,2608,r-scylla3,3,14.97,2008970953,10427106853,1330000000,4830000000,3630000000,5150000000,3377128,False
vnodes,scalein,decommission_command_start,2026-09-22T15:35:36.357643+00:00,532.420566,2609,r-scylla1,3,28.82,2104533975,10427106853,1490000000,4740000000,4010000000,5320000000,3375720,False
vnodes,scalein,decommission_command_start,2026-09-22T15:35:36.357643+00:00,532.420566,2609,r-scylla2,3,15.49,2001454760,10427106853,1220000000,4690000000,3630000000,5050000000,3375720,False
vnodes,scalein,decommission_command_start,2026-09-22T15:35:36.357643+00:00,532.420566,2609,r-scylla3,3,17.12,2008970953,10427106853,1330000000,4830000000,3630000000,5150000000,3375720,False
vnodes,scalein,decommission_command_start,2026-09-22T15:35:39.861757+00:00,535.924680,2610,r-scylla1,3,26.70,2112050168,10427106853,1490000000,4740000000,4010000000,5320000000,3377376,False
vnodes,scalein,decommission_command_start,2026-09-22T15:35:39.861757+00:00,535.924680,2610,r-scylla2,3,15.12,2001454760,10427106853,1220000000,4700000000,3630000000,5050000000,3377376,False
vnodes,scalein,decommission_command_start,2026-09-22T15:35:39.861757+00:00,535.924680,2610,r-scylla3,3,17.47,2008970953,10427106853,1330000000,4830000000,3630000000,5150000000,3377376,False
vnodes,scalein,decommission_command_start,2026-09-22T15:35:43.727379+00:00,539.790302,2611,r-scylla1,3,20.66,2103460233,10427106853,1490000000,4740000000,4010000000,5320000000,3370608,False
vnodes,scalein,decommission_command_start,2026-09-22T15:35:43.727379+00:00,539.790302,2611,r-scylla2,3,15.60,2001454760,10427106853,1220000000,4700000000,3630000000,5050000000,3370608,False
vnodes,scalein,decommission_command_start,2026-09-22T15:35:43.727379+00:00,539.790302,2611,r-scylla3,3,17.33,2008970953,10427106853,1330000000,4830000000,3640000000,5150000000,3370608,False
vnodes,scalein,decommission_command_start,2026-09-22T15:35:47.186576+00:00,543.249499,2612,r-scylla1,3,32.98,2110976426,10427106853,1490000000,4740000000,4010000000,5320000000,3379224,False
vnodes,scalein,decommission_command_start,2026-09-22T15:35:47.186576+00:00,543.249499,2612,r-scylla2,3,15.54,2001454760,10427106853,1220000000,4700000000,3630000000,5050000000,3379224,False
vnodes,scalein,decommission_command_start,2026-09-22T15:35:47.186576+00:00,543.249499,2612,r-scylla3,3,17.10,2008970953,10427106853,1330000000,4840000000,3640000000,5150000000,3379224,False
vnodes,scalein,decommission_command_start,2026-09-22T15:35:50.674894+00:00,546.737817,2613,r-scylla1,3,24.14,2104533975,10427106853,1490000000,4740000000,4010000000,5320000000,3377560,False
vnodes,scalein,decommission_command_start,2026-09-22T15:35:50.674894+00:00,546.737817,2613,r-scylla2,3,15.72,2001454760,10427106853,1220000000,4700000000,3640000000,5050000000,3377560,False
vnodes,scalein,decommission_command_start,2026-09-22T15:35:50.674894+00:00,546.737817,2613,r-scylla3,3,16.07,2008970953,10427106853,1330000000,4840000000,3640000000,5150000000,3377560,False
vnodes,scalein,decommission_command_start,2026-09-22T15:35:54.166635+00:00,550.229558,2614,r-scylla1,3,22.46,2110976426,10427106853,1490000000,4750000000,4020000000,5320000000,3370088,False
vnodes,scalein,decommission_command_start,2026-09-22T15:35:54.166635+00:00,550.229558,2614,r-scylla2,3,13.84,2001454760,10427106853,1220000000,4710000000,3640000000,5050000000,3370088,False
vnodes,scalein,decommission_command_start,2026-09-22T15:35:54.166635+00:00,550.229558,2614,r-scylla3,3,16.91,2008970953,10427106853,1330000000,4840000000,3640000000,5150000000,3370088,False
vnodes,scalein,decommission_command_start,2026-09-22T15:35:57.672967+00:00,553.735890,2615,r-scylla1,3,25.16,2103460233,10427106853,1490000000,4750000000,4020000000,5320000000,3376936,False
vnodes,scalein,decommission_command_start,2026-09-22T15:35:57.672967+00:00,553.735890,2615,r-scylla2,3,15.28,2001454760,10427106853,1220000000,4710000000,3640000000,5050000000,3376936,False
vnodes,scalein,decommission_command_start,2026-09-22T15:35:57.672967+00:00,553.735890,2615,r-scylla3,3,16.66,2008970953,10427106853,1330000000,4840000000,3640000000,5150000000,3376936,False
vnodes,scalein,decommission_command_start,2026-09-22T15:36:01.133585+00:00,557.196508,2616,r-scylla1,3,11.88,2104533975,10427106853,1500000000,4750000000,4020000000,5320000000,3379164,False
vnodes,scalein,decommission_command_start,2026-09-22T15:36:01.133585+00:00,557.196508,2616,r-scylla2,3,11.92,2001454760,10427106853,1220000000,4710000000,3640000000,5050000000,3379164,False
vnodes,scalein,decommission_command_start,2026-09-22T15:36:01.133585+00:00,557.196508,2616,r-scylla3,3,12.64,2008970953,10427106853,1330000000,4850000000,3650000000,5150000000,3379164,False
vnodes,scalein,decommission_command_start,2026-09-22T15:36:04.533700+00:00,560.596623,2617,r-scylla1,3,14.16,2104533975,10427106853,1500000000,4750000000,4020000000,5320000000,3371312,False
vnodes,scalein,decommission_command_start,2026-09-22T15:36:04.533700+00:00,560.596623,2617,r-scylla2,3,10.51,2001454760,10427106853,1220000000,4710000000,3640000000,5050000000,3371312,False
vnodes,scalein,decommission_command_start,2026-09-22T15:36:04.533700+00:00,560.596623,2617,r-scylla3,3,12.04,2008970953,10427106853,1330000000,4850000000,3650000000,5150000000,3371312,False
vnodes,scalein,decommission_command_start,2026-09-22T15:36:07.994930+00:00,564.057853,2618,r-scylla1,3,13.08,2103460233,10427106853,1500000000,4760000000,4020000000,5320000000,3377028,False
vnodes,scalein,decommission_command_start,2026-09-22T15:36:07.994930+00:00,564.057853,2618,r-scylla2,3,13.44,2001454760,10427106853,1220000000,4720000000,3650000000,5050000000,3377028,False
vnodes,scalein,decommission_command_start,2026-09-22T15:36:07.994930+00:00,564.057853,2618,r-scylla3,3,13.77,2008970953,10427106853,1330000000,4850000000,3650000000,5150000000,3377028,False
vnodes,scalein,decommission_command_start,2026-09-22T15:36:11.423991+00:00,567.486914,2619,r-scylla1,3,24.11,2104533975,10427106853,1500000000,4760000000,4020000000,5320000000,3378968,False
vnodes,scalein,decommission_command_start,2026-09-22T15:36:11.423991+00:00,567.486914,2619,r-scylla2,3,15.16,2001454760,10427106853,1220000000,4720000000,3650000000,5050000000,3378968,False
vnodes,scalein,decommission_command_start,2026-09-22T15:36:11.423991+00:00,567.486914,2619,r-scylla3,3,15.85,2008970953,10427106853,1330000000,4850000000,3650000000,5160000000,3378968,False
vnodes,scalein,decommission_command_start,2026-09-22T15:36:14.819655+00:00,570.882578,2620,r-scylla1,3,15.86,2109902684,10427106853,1500000000,4760000000,4030000000,5330000000,3370624,False
vnodes,scalein,decommission_command_start,2026-09-22T15:36:14.819655+00:00,570.882578,2620,r-scylla2,3,10.91,2001454760,10427106853,1220000000,4720000000,3650000000,5050000000,3370624,False
vnodes,scalein,decommission_command_start,2026-09-22T15:36:14.819655+00:00,570.882578,2620,r-scylla3,3,9.69,2008970953,10427106853,1330000000,4860000000,3650000000,5160000000,3370624,False
vnodes,scalein,decommission_command_start,2026-09-22T15:36:18.229537+00:00,574.292460,2621,r-scylla1,3,14.44,2104533975,10427106853,1500000000,4760000000,4030000000,5330000000,3378852,False
vnodes,scalein,decommission_command_start,2026-09-22T15:36:18.229537+00:00,574.292460,2621,r-scylla2,3,14.44,2001454760,10427106853,1220000000,4720000000,3650000000,5050000000,3378852,False
vnodes,scalein,decommission_command_start,2026-09-22T15:36:18.229537+00:00,574.292460,2621,r-scylla3,3,16.39,2008970953,10427106853,1340000000,4860000000,3660000000,5160000000,3378852,False
vnodes,scalein,decommission_command_start,2026-09-22T15:36:21.666022+00:00,577.728945,2622,r-scylla1,3,21.59,2104533975,10427106853,1500000000,4770000000,4030000000,5330000000,3378868,False
vnodes,scalein,decommission_command_start,2026-09-22T15:36:21.666022+00:00,577.728945,2622,r-scylla2,3,13.49,2001454760,10427106853,1220000000,4720000000,3650000000,5050000000,3378868,False
vnodes,scalein,decommission_command_start,2026-09-22T15:36:21.666022+00:00,577.728945,2622,r-scylla3,3,13.92,2008970953,10427106853,1340000000,4860000000,3660000000,5160000000,3378868,False
vnodes,scalein,decommission_command_start,2026-09-22T15:36:25.164997+00:00,581.227920,2623,r-scylla1,3,19.38,2110976426,10427106853,1500000000,4770000000,4030000000,5330000000,3377664,False
vnodes,scalein,decommission_command_start,2026-09-22T15:36:25.164997+00:00,581.227920,2623,r-scylla2,3,14.20,2001454760,10427106853,1220000000,4730000000,3650000000,5050000000,3377664,False
vnodes,scalein,decommission_command_start,2026-09-22T15:36:25.164997+00:00,581.227920,2623,r-scylla3,3,13.78,2008970953,10427106853,1340000000,4860000000,3660000000,5160000000,3377664,False
vnodes,scalein,decommission_command_start,2026-09-22T15:36:28.766023+00:00,584.828946,2624,r-scylla1,3,17.34,2104533975,10427106853,1500000000,4770000000,4030000000,5330000000,3378676,False
vnodes,scalein,decommission_command_start,2026-09-22T15:36:28.766023+00:00,584.828946,2624,r-scylla2,3,8.81,2001454760,10427106853,1220000000,4730000000,3660000000,5050000000,3378676,False
vnodes,scalein,decommission_command_start,2026-09-22T15:36:28.766023+00:00,584.828946,2624,r-scylla3,3,10.46,2008970953,10427106853,1340000000,4870000000,3660000000,5160000000,3378676,False
vnodes,scalein,decommission_command_start,2026-09-22T15:36:32.150305+00:00,588.213228,2625,r-scylla1,3,19.22,2103460233,10427106853,1500000000,4770000000,4030000000,5330000000,3380648,False
vnodes,scalein,decommission_command_start,2026-09-22T15:36:32.150305+00:00,588.213228,2625,r-scylla2,3,14.77,2001454760,10427106853,1220000000,4730000000,3660000000,5050000000,3380648,False
vnodes,scalein,decommission_command_start,2026-09-22T15:36:32.150305+00:00,588.213228,2625,r-scylla3,3,12.46,2010044695,10427106853,1340000000,4870000000,3670000000,5160000000,3380648,False
vnodes,scalein,decommission_command_start,2026-09-22T15:36:35.576040+00:00,591.638963,2626,r-scylla1,3,22.35,2114197651,10427106853,1500000000,4780000000,4040000000,5330000000,3379776,False
vnodes,scalein,decommission_command_start,2026-09-22T15:36:35.576040+00:00,591.638963,2626,r-scylla2,3,13.45,2001454760,10427106853,1230000000,4730000000,3660000000,5050000000,3379776,False
vnodes,scalein,decommission_command_start,2026-09-22T15:36:35.576040+00:00,591.638963,2626,r-scylla3,3,16.42,2008970953,10427106853,1340000000,4870000000,3670000000,5160000000,3379776,False
vnodes,scalein,decommission_command_start,2026-09-22T15:36:39.134668+00:00,595.197591,2627,r-scylla1,3,8.62,2104533975,10427106853,1500000000,4780000000,4040000000,5330000000,3377476,False
vnodes,scalein,decommission_command_start,2026-09-22T15:36:39.134668+00:00,595.197591,2627,r-scylla2,3,7.84,2001454760,10427106853,1230000000,4740000000,3660000000,5050000000,3377476,False
vnodes,scalein,decommission_command_start,2026-09-22T15:36:39.134668+00:00,595.197591,2627,r-scylla3,3,9.19,2008970953,10427106853,1340000000,4870000000,3670000000,5160000000,3377476,False
vnodes,scalein,decommission_command_start,2026-09-22T15:36:42.502342+00:00,598.565265,2628,r-scylla1,3,30.14,2104533975,10427106853,1500000000,4780000000,4040000000,5330000000,3378588,False
vnodes,scalein,decommission_command_start,2026-09-22T15:36:42.502342+00:00,598.565265,2628,r-scylla2,3,13.61,2001454760,10427106853,1230000000,4740000000,3660000000,5050000000,3378588,False
vnodes,scalein,decommission_command_start,2026-09-22T15:36:42.502342+00:00,598.565265,2628,r-scylla3,3,15.56,2008970953,10427106853,1340000000,4880000000,3670000000,5160000000,3378588,False
vnodes,scalein,decommission_command_start,2026-09-22T15:36:45.959366+00:00,602.022289,2629,r-scylla1,3,21.29,2110976426,10427106853,1500000000,4780000000,4040000000,5330000000,3376504,False
vnodes,scalein,decommission_command_start,2026-09-22T15:36:45.959366+00:00,602.022289,2629,r-scylla2,3,12.59,2001454760,10427106853,1230000000,4740000000,3670000000,5050000000,3376504,False
vnodes,scalein,decommission_command_start,2026-09-22T15:36:45.959366+00:00,602.022289,2629,r-scylla3,3,12.78,2008970953,10427106853,1340000000,4880000000,3670000000,5160000000,3376504,False
vnodes,scalein,decommission_command_start,2026-09-22T15:36:49.471874+00:00,605.534797,2630,r-scylla1,3,14.96,2104533975,10427106853,1500000000,4790000000,4040000000,5330000000,3382324,False
vnodes,scalein,decommission_command_start,2026-09-22T15:36:49.471874+00:00,605.534797,2630,r-scylla2,3,14.20,2001454760,10427106853,1230000000,4740000000,3670000000,5050000000,3382324,False
vnodes,scalein,decommission_command_start,2026-09-22T15:36:49.471874+00:00,605.534797,2630,r-scylla3,3,15.35,2008970953,10427106853,1340000000,4880000000,3670000000,5160000000,3382324,False
vnodes,scalein,decommission_command_start,2026-09-22T15:36:53.014627+00:00,609.077550,2631,r-scylla1,3,18.48,2103460233,10427106853,1510000000,4790000000,4040000000,5330000000,3380048,False
vnodes,scalein,decommission_command_start,2026-09-22T15:36:53.014627+00:00,609.077550,2631,r-scylla2,3,13.72,2001454760,10427106853,1230000000,4740000000,3670000000,5050000000,3380048,False
vnodes,scalein,decommission_command_start,2026-09-22T15:36:53.014627+00:00,609.077550,2631,r-scylla3,3,16.03,2008970953,10427106853,1340000000,4880000000,3680000000,5160000000,3380048,False
vnodes,scalein,decommission_command_start,2026-09-22T15:36:56.513653+00:00,612.576576,2632,r-scylla1,3,13.18,2103460233,10427106853,1510000000,4790000000,4050000000,5330000000,3379812,False
vnodes,scalein,decommission_command_start,2026-09-22T15:36:56.513653+00:00,612.576576,2632,r-scylla2,3,12.04,2001454760,10427106853,1230000000,4750000000,3670000000,5050000000,3379812,False
vnodes,scalein,decommission_command_start,2026-09-22T15:36:56.513653+00:00,612.576576,2632,r-scylla3,3,13.84,2008970953,10427106853,1340000000,4890000000,3680000000,5160000000,3379812,False
vnodes,scalein,decommission_command_start,2026-09-22T15:36:59.952186+00:00,616.015109,2633,r-scylla1,3,31.68,2104533975,10427106853,1510000000,4790000000,4050000000,5330000000,3370108,False
vnodes,scalein,decommission_command_start,2026-09-22T15:36:59.952186+00:00,616.015109,2633,r-scylla2,3,13.61,2001454760,10427106853,1230000000,4750000000,3670000000,5050000000,3370108,False
vnodes,scalein,decommission_command_start,2026-09-22T15:36:59.952186+00:00,616.015109,2633,r-scylla3,3,15.55,2008970953,10427106853,1340000000,4890000000,3680000000,5160000000,3370108,False
vnodes,scalein,decommission_command_start,2026-09-22T15:37:03.570457+00:00,619.633380,2634,r-scylla1,3,17.52,2103460233,10427106853,1510000000,4800000000,4050000000,5330000000,3376740,False
vnodes,scalein,decommission_command_start,2026-09-22T15:37:03.570457+00:00,619.633380,2634,r-scylla2,3,15.92,2001454760,10427106853,1230000000,4750000000,3670000000,5050000000,3376740,False
vnodes,scalein,decommission_command_start,2026-09-22T15:37:03.570457+00:00,619.633380,2634,r-scylla3,3,17.01,2008970953,10427106853,1340000000,4890000000,3680000000,5160000000,3376740,False
vnodes,scalein,decommission_command_start,2026-09-22T15:37:07.015424+00:00,623.078347,2635,r-scylla1,3,16.59,2104533975,10427106853,1510000000,4800000000,4050000000,5330000000,3377536,False
vnodes,scalein,decommission_command_start,2026-09-22T15:37:07.015424+00:00,623.078347,2635,r-scylla2,3,8.95,2001454760,10427106853,1230000000,4750000000,3680000000,5060000000,3377536,False
vnodes,scalein,decommission_command_start,2026-09-22T15:37:07.015424+00:00,623.078347,2635,r-scylla3,3,12.87,2008970953,10427106853,1340000000,4890000000,3680000000,5160000000,3377536,False
vnodes,scalein,decommission_command_start,2026-09-22T15:37:10.470582+00:00,626.533505,2636,r-scylla1,3,27.34,2103460233,10427106853,1510000000,4800000000,4050000000,5330000000,3368992,False
vnodes,scalein,decommission_command_start,2026-09-22T15:37:10.470582+00:00,626.533505,2636,r-scylla2,3,14.78,2001454760,10427106853,1230000000,4760000000,3680000000,5060000000,3368992,False
vnodes,scalein,decommission_command_start,2026-09-22T15:37:10.470582+00:00,626.533505,2636,r-scylla3,3,16.41,2008970953,10427106853,1350000000,4890000000,3690000000,5160000000,3368992,False
vnodes,scalein,decommission_command_start,2026-09-22T15:37:13.932087+00:00,629.995010,2637,r-scylla1,3,21.21,2110976426,10427106853,1510000000,4800000000,4050000000,5330000000,3376516,False
vnodes,scalein,decommission_command_start,2026-09-22T15:37:13.932087+00:00,629.995010,2637,r-scylla2,3,14.63,2001454760,10427106853,1230000000,4760000000,3680000000,5060000000,3376516,False
vnodes,scalein,decommission_command_start,2026-09-22T15:37:13.932087+00:00,629.995010,2637,r-scylla3,3,16.96,2008970953,10427106853,1350000000,4900000000,3690000000,5160000000,3376516,False
vnodes,scalein,decommission_command_start,2026-09-22T15:37:17.396808+00:00,633.459731,2638,r-scylla1,3,12.57,2103460233,10427106853,1510000000,4800000000,4060000000,5330000000,3384364,False
vnodes,scalein,decommission_command_start,2026-09-22T15:37:17.396808+00:00,633.459731,2638,r-scylla2,3,12.82,2001454760,10427106853,1230000000,4760000000,3680000000,5060000000,3384364,False
vnodes,scalein,decommission_command_start,2026-09-22T15:37:17.396808+00:00,633.459731,2638,r-scylla3,3,17.28,2008970953,10427106853,1350000000,4900000000,3690000000,5160000000,3384364,False
vnodes,scalein,decommission_command_start,2026-09-22T15:37:20.849684+00:00,636.912607,2639,r-scylla1,3,15.21,2104533975,10427106853,1510000000,4810000000,4060000000,5330000000,3381240,False
vnodes,scalein,decommission_command_start,2026-09-22T15:37:20.849684+00:00,636.912607,2639,r-scylla2,3,14.71,2001454760,10427106853,1230000000,4760000000,3680000000,5060000000,3381240,False
vnodes,scalein,decommission_command_start,2026-09-22T15:37:20.849684+00:00,636.912607,2639,r-scylla3,3,14.88,2008970953,10427106853,1350000000,4900000000,3690000000,5160000000,3381240,False
vnodes,scalein,decommission_command_start,2026-09-22T15:37:24.361785+00:00,640.424708,2640,r-scylla1,3,14.53,2103460233,10427106853,1510000000,4810000000,4060000000,5330000000,3384744,False
vnodes,scalein,decommission_command_start,2026-09-22T15:37:24.361785+00:00,640.424708,2640,r-scylla2,3,13.86,2001454760,10427106853,1230000000,4770000000,3690000000,5060000000,3384744,False
vnodes,scalein,decommission_command_start,2026-09-22T15:37:24.361785+00:00,640.424708,2640,r-scylla3,3,13.89,2008970953,10427106853,1350000000,4900000000,3690000000,5160000000,3384744,False
vnodes,scalein,decommission_command_start,2026-09-22T15:37:27.810337+00:00,643.873260,2641,r-scylla1,3,24.52,2104533975,10427106853,1510000000,4810000000,4060000000,5330000000,3383080,False
vnodes,scalein,decommission_command_start,2026-09-22T15:37:27.810337+00:00,643.873260,2641,r-scylla2,3,14.18,2001454760,10427106853,1240000000,4770000000,3690000000,5060000000,3383080,False
vnodes,scalein,decommission_command_start,2026-09-22T15:37:27.810337+00:00,643.873260,2641,r-scylla3,3,12.03,2008970953,10427106853,1350000000,4910000000,3700000000,5160000000,3383080,False
vnodes,scalein,decommission_command_start,2026-09-22T15:37:31.306644+00:00,647.369567,2642,r-scylla1,3,13.34,2103460233,10427106853,1510000000,4810000000,4060000000,5330000000,3381412,False
vnodes,scalein,decommission_command_start,2026-09-22T15:37:31.306644+00:00,647.369567,2642,r-scylla2,3,13.29,2001454760,10427106853,1240000000,4770000000,3690000000,5060000000,3381412,False
vnodes,scalein,decommission_command_start,2026-09-22T15:37:31.306644+00:00,647.369567,2642,r-scylla3,3,14.34,2008970953,10427106853,1350000000,4910000000,3700000000,5160000000,3381412,False
vnodes,scalein,decommission_command_start,2026-09-22T15:37:34.863780+00:00,650.926703,2643,r-scylla1,3,15.25,2104533975,10427106853,1510000000,4820000000,4070000000,5330000000,3378956,False
vnodes,scalein,decommission_command_start,2026-09-22T15:37:34.863780+00:00,650.926703,2643,r-scylla2,3,14.07,2001454760,10427106853,1240000000,4770000000,3690000000,5060000000,3378956,False
vnodes,scalein,decommission_command_start,2026-09-22T15:37:34.863780+00:00,650.926703,2643,r-scylla3,3,15.41,2008970953,10427106853,1350000000,4910000000,3700000000,5160000000,3378956,False
vnodes,scalein,decommission_command_start,2026-09-22T15:37:38.502743+00:00,654.565666,2644,r-scylla1,3,20.96,2104533975,10427106853,1510000000,4820000000,4070000000,5330000000,3379972,False
vnodes,scalein,decommission_command_start,2026-09-22T15:37:38.502743+00:00,654.565666,2644,r-scylla2,3,12.04,2001454760,10427106853,1240000000,4770000000,3690000000,5060000000,3379972,False
vnodes,scalein,decommission_command_start,2026-09-22T15:37:38.502743+00:00,654.565666,2644,r-scylla3,3,16.15,2008970953,10427106853,1350000000,4910000000,3700000000,5160000000,3379972,False
vnodes,scalein,decommission_command_start,2026-09-22T15:37:41.973212+00:00,658.036135,2645,r-scylla1,3,18.84,2109902684,10427106853,1510000000,4820000000,4070000000,5330000000,3376980,False
vnodes,scalein,decommission_command_start,2026-09-22T15:37:41.973212+00:00,658.036135,2645,r-scylla2,3,12.65,2001454760,10427106853,1240000000,4780000000,3690000000,5060000000,3376980,False
vnodes,scalein,decommission_command_start,2026-09-22T15:37:41.973212+00:00,658.036135,2645,r-scylla3,3,17.76,2008970953,10427106853,1350000000,4920000000,3700000000,5160000000,3376980,False
vnodes,scalein,decommission_command_start,2026-09-22T15:37:45.421621+00:00,661.484544,2646,r-scylla1,3,11.59,2104533975,10427106853,1510000000,4820000000,4070000000,5330000000,3378688,False
vnodes,scalein,decommission_command_start,2026-09-22T15:37:45.421621+00:00,661.484544,2646,r-scylla2,3,13.36,2001454760,10427106853,1240000000,4780000000,3700000000,5060000000,3378688,False
vnodes,scalein,decommission_command_start,2026-09-22T15:37:45.421621+00:00,661.484544,2646,r-scylla3,3,13.03,2008970953,10427106853,1350000000,4920000000,3710000000,5160000000,3378688,False
vnodes,scalein,decommission_command_start,2026-09-22T15:37:48.899789+00:00,664.962712,2647,r-scylla1,3,14.98,2103460233,10427106853,1520000000,4830000000,4070000000,5330000000,3381344,False
vnodes,scalein,decommission_command_start,2026-09-22T15:37:48.899789+00:00,664.962712,2647,r-scylla2,3,14.68,2001454760,10427106853,1240000000,4780000000,3700000000,5060000000,3381344,False
vnodes,scalein,decommission_command_start,2026-09-22T15:37:48.899789+00:00,664.962712,2647,r-scylla3,3,16.01,2008970953,10427106853,1350000000,4920000000,3710000000,5160000000,3381344,False
vnodes,scalein,decommission_command_start,2026-09-22T15:37:52.417393+00:00,668.480316,2648,r-scylla1,3,25.73,2109902684,10427106853,1520000000,4830000000,4070000000,5330000000,3380680,False
vnodes,scalein,decommission_command_start,2026-09-22T15:37:52.417393+00:00,668.480316,2648,r-scylla2,3,16.44,2001454760,10427106853,1240000000,4780000000,3700000000,5060000000,3380680,False
vnodes,scalein,decommission_command_start,2026-09-22T15:37:52.417393+00:00,668.480316,2648,r-scylla3,3,17.56,2008970953,10427106853,1350000000,4920000000,3710000000,5160000000,3380680,False
vnodes,scalein,decommission_command_start,2026-09-22T15:37:55.935750+00:00,671.998673,2649,r-scylla1,3,26.60,2103460233,10427106853,1520000000,4830000000,4080000000,5330000000,3381740,False
vnodes,scalein,decommission_command_start,2026-09-22T15:37:55.935750+00:00,671.998673,2649,r-scylla2,3,13.84,2001454760,10427106853,1240000000,4790000000,3700000000,5060000000,3381740,False
vnodes,scalein,decommission_command_start,2026-09-22T15:37:55.935750+00:00,671.998673,2649,r-scylla3,3,15.98,2008970953,10427106853,1350000000,4930000000,3710000000,5160000000,3381740,False
vnodes,scalein,decommission_command_start,2026-09-22T15:37:59.433512+00:00,675.496435,2650,r-scylla1,3,29.98,2103460233,10427106853,1520000000,4830000000,4080000000,5330000000,3385820,False
vnodes,scalein,decommission_command_start,2026-09-22T15:37:59.433512+00:00,675.496435,2650,r-scylla2,3,16.83,2001454760,10427106853,1240000000,4790000000,3700000000,5060000000,3385820,False
vnodes,scalein,decommission_command_start,2026-09-22T15:37:59.433512+00:00,675.496435,2650,r-scylla3,3,17.71,2008970953,10427106853,1360000000,4930000000,3710000000,5160000000,3385820,False
vnodes,scalein,decommission_command_start,2026-09-22T15:38:02.889770+00:00,678.952693,2651,r-scylla1,3,16.83,2103460233,10427106853,1520000000,4840000000,4080000000,5330000000,3392304,False
vnodes,scalein,decommission_command_start,2026-09-22T15:38:02.889770+00:00,678.952693,2651,r-scylla2,3,14.81,2001454760,10427106853,1240000000,4790000000,3700000000,5060000000,3392304,False
vnodes,scalein,decommission_command_start,2026-09-22T15:38:02.889770+00:00,678.952693,2651,r-scylla3,3,17.48,2008970953,10427106853,1360000000,4930000000,3720000000,5160000000,3392304,False
vnodes,scalein,decommission_command_start,2026-09-22T15:38:06.426263+00:00,682.489186,2652,r-scylla1,3,14.46,2104533975,10427106853,1520000000,4840000000,4080000000,5330000000,3388508,False
vnodes,scalein,decommission_command_start,2026-09-22T15:38:06.426263+00:00,682.489186,2652,r-scylla2,3,14.51,2001454760,10427106853,1240000000,4790000000,3710000000,5060000000,3388508,False
vnodes,scalein,decommission_command_start,2026-09-22T15:38:06.426263+00:00,682.489186,2652,r-scylla3,3,17.30,2008970953,10427106853,1360000000,4930000000,3720000000,5170000000,3388508,False
vnodes,scalein,decommission_command_start,2026-09-22T15:38:09.910732+00:00,685.973655,2653,r-scylla1,3,25.07,2103460233,10427106853,1520000000,4840000000,4080000000,5330000000,3386568,False
vnodes,scalein,decommission_command_start,2026-09-22T15:38:09.910732+00:00,685.973655,2653,r-scylla2,3,14.42,2001454760,10427106853,1240000000,4800000000,3710000000,5060000000,3386568,False
vnodes,scalein,decommission_command_start,2026-09-22T15:38:09.910732+00:00,685.973655,2653,r-scylla3,3,14.91,2008970953,10427106853,1360000000,4940000000,3720000000,5170000000,3386568,False
vnodes,scalein,decommission_command_start,2026-09-22T15:38:13.338838+00:00,689.401761,2654,r-scylla1,3,21.38,2104533975,10427106853,1520000000,4840000000,4080000000,5330000000,3386392,False
vnodes,scalein,decommission_command_start,2026-09-22T15:38:13.338838+00:00,689.401761,2654,r-scylla2,3,12.30,2001454760,10427106853,1240000000,4800000000,3710000000,5060000000,3386392,False
vnodes,scalein,decommission_command_start,2026-09-22T15:38:13.338838+00:00,689.401761,2654,r-scylla3,3,13.16,2008970953,10427106853,1360000000,4940000000,3720000000,5170000000,3386392,False
vnodes,scalein,decommission_command_start,2026-09-22T15:38:16.884958+00:00,692.947881,2655,r-scylla1,3,13.51,2103460233,10427106853,1520000000,4850000000,4090000000,5340000000,3388624,False
vnodes,scalein,decommission_command_start,2026-09-22T15:38:16.884958+00:00,692.947881,2655,r-scylla2,3,15.19,2001454760,10427106853,1240000000,4800000000,3710000000,5060000000,3388624,False
vnodes,scalein,decommission_command_start,2026-09-22T15:38:16.884958+00:00,692.947881,2655,r-scylla3,3,15.48,2008970953,10427106853,1360000000,4940000000,3720000000,5170000000,3388624,False
vnodes,scalein,decommission_command_start,2026-09-22T15:38:20.356630+00:00,696.419553,2656,r-scylla1,3,19.81,2103460233,10427106853,1520000000,4850000000,4090000000,5340000000,3388896,False
vnodes,scalein,decommission_command_start,2026-09-22T15:38:20.356630+00:00,696.419553,2656,r-scylla2,3,13.36,2001454760,10427106853,1240000000,4800000000,3710000000,5060000000,3388896,False
vnodes,scalein,decommission_command_start,2026-09-22T15:38:20.356630+00:00,696.419553,2656,r-scylla3,3,14.86,2008970953,10427106853,1360000000,4940000000,3730000000,5170000000,3388896,False
vnodes,scalein,decommission_command_start,2026-09-22T15:38:23.821691+00:00,699.884614,2657,r-scylla1,3,24.04,2103460233,10427106853,1520000000,4850000000,4090000000,5340000000,3389040,False
vnodes,scalein,decommission_command_start,2026-09-22T15:38:23.821691+00:00,699.884614,2657,r-scylla2,3,13.40,2001454760,10427106853,1250000000,4800000000,3710000000,5060000000,3389040,False
vnodes,scalein,decommission_command_start,2026-09-22T15:38:23.821691+00:00,699.884614,2657,r-scylla3,3,14.87,2008970953,10427106853,1360000000,4950000000,3730000000,5170000000,3389040,False
vnodes,scalein,decommission_command_start,2026-09-22T15:38:27.428620+00:00,703.491543,2658,r-scylla1,3,15.27,2103460233,10427106853,1520000000,4850000000,4090000000,5340000000,3380500,False
vnodes,scalein,decommission_command_start,2026-09-22T15:38:27.428620+00:00,703.491543,2658,r-scylla2,3,14.03,2001454760,10427106853,1250000000,4810000000,3720000000,5060000000,3380500,False
vnodes,scalein,decommission_command_start,2026-09-22T15:38:27.428620+00:00,703.491543,2658,r-scylla3,3,16.91,2008970953,10427106853,1360000000,4950000000,3730000000,5170000000,3380500,False
vnodes,scalein,decommission_command_start,2026-09-22T15:38:30.891515+00:00,706.954438,2659,r-scylla1,3,10.09,2104533975,10427106853,1520000000,4860000000,4090000000,5340000000,3385692,False
vnodes,scalein,decommission_command_start,2026-09-22T15:38:30.891515+00:00,706.954438,2659,r-scylla2,3,9.22,2001454760,10427106853,1250000000,4810000000,3720000000,5060000000,3385692,False
vnodes,scalein,decommission_command_start,2026-09-22T15:38:30.891515+00:00,706.954438,2659,r-scylla3,3,11.25,2008970953,10427106853,1360000000,4950000000,3730000000,5170000000,3385692,False
vnodes,scalein,decommission_command_start,2026-09-22T15:38:34.320049+00:00,710.382972,2660,r-scylla1,3,24.72,2104533975,10427106853,1520000000,4860000000,4090000000,5340000000,3384476,False
vnodes,scalein,decommission_command_start,2026-09-22T15:38:34.320049+00:00,710.382972,2660,r-scylla2,3,15.34,2001454760,10427106853,1250000000,4810000000,3720000000,5060000000,3384476,False
vnodes,scalein,decommission_command_start,2026-09-22T15:38:34.320049+00:00,710.382972,2660,r-scylla3,3,14.63,2008970953,10427106853,1360000000,4950000000,3730000000,5170000000,3384476,False
vnodes,scalein,decommission_command_start,2026-09-22T15:38:37.847282+00:00,713.910205,2661,r-scylla1,3,14.77,2104533975,10427106853,1520000000,4860000000,4100000000,5340000000,3377900,False
vnodes,scalein,decommission_command_start,2026-09-22T15:38:37.847282+00:00,713.910205,2661,r-scylla2,3,13.80,2001454760,10427106853,1250000000,4810000000,3720000000,5060000000,3377900,False
vnodes,scalein,decommission_command_start,2026-09-22T15:38:37.847282+00:00,713.910205,2661,r-scylla3,3,15.80,2008970953,10427106853,1360000000,4960000000,3740000000,5170000000,3377900,False
vnodes,scalein,decommission_command_start,2026-09-22T15:38:41.290809+00:00,717.353732,2662,r-scylla1,3,16.61,2103460233,10427106853,1530000000,4860000000,4100000000,5340000000,3383324,False
vnodes,scalein,decommission_command_start,2026-09-22T15:38:41.290809+00:00,717.353732,2662,r-scylla2,3,13.82,2001454760,10427106853,1250000000,4820000000,3720000000,5060000000,3383324,False
vnodes,scalein,decommission_command_start,2026-09-22T15:38:41.290809+00:00,717.353732,2662,r-scylla3,3,16.28,2008970953,10427106853,1360000000,4960000000,3740000000,5170000000,3383324,False
vnodes,scalein,decommission_command_start,2026-09-22T15:38:44.757534+00:00,720.820457,2663,r-scylla1,3,14.14,2103460233,10427106853,1530000000,4860000000,4100000000,5340000000,3380428,False
vnodes,scalein,decommission_command_start,2026-09-22T15:38:44.757534+00:00,720.820457,2663,r-scylla2,3,15.14,2001454760,10427106853,1250000000,4820000000,3730000000,5060000000,3380428,False
vnodes,scalein,decommission_command_start,2026-09-22T15:38:44.757534+00:00,720.820457,2663,r-scylla3,3,16.43,2008970953,10427106853,1360000000,4960000000,3740000000,5170000000,3380428,False
vnodes,scalein,decommission_command_start,2026-09-22T15:38:48.244568+00:00,724.307491,2664,r-scylla1,3,24.03,2104533975,10427106853,1530000000,4870000000,4100000000,5340000000,3376988,False
vnodes,scalein,decommission_command_start,2026-09-22T15:38:48.244568+00:00,724.307491,2664,r-scylla2,3,13.73,2001454760,10427106853,1250000000,4820000000,3730000000,5060000000,3376988,False
vnodes,scalein,decommission_command_start,2026-09-22T15:38:48.244568+00:00,724.307491,2664,r-scylla3,3,16.02,2008970953,10427106853,1370000000,4960000000,3740000000,5170000000,3376988,False
vnodes,scalein,decommission_command_start,2026-09-22T15:38:51.711554+00:00,727.774477,2665,r-scylla1,3,24.22,2104533975,10427106853,1530000000,4870000000,4100000000,5340000000,3384060,False
vnodes,scalein,decommission_command_start,2026-09-22T15:38:51.711554+00:00,727.774477,2665,r-scylla2,3,15.10,2001454760,10427106853,1250000000,4820000000,3730000000,5060000000,3384060,False
vnodes,scalein,decommission_command_start,2026-09-22T15:38:51.711554+00:00,727.774477,2665,r-scylla3,3,16.49,2008970953,10427106853,1370000000,4970000000,3740000000,5170000000,3384060,False
vnodes,scalein,decommission_command_start,2026-09-22T15:38:55.130246+00:00,731.193169,2666,r-scylla1,3,19.56,2104533975,10427106853,1530000000,4870000000,4100000000,5340000000,3386968,False
vnodes,scalein,decommission_command_start,2026-09-22T15:38:55.130246+00:00,731.193169,2666,r-scylla2,3,10.75,2001454760,10427106853,1250000000,4830000000,3730000000,5060000000,3386968,False
vnodes,scalein,decommission_command_start,2026-09-22T15:38:55.130246+00:00,731.193169,2666,r-scylla3,3,11.57,2008970953,10427106853,1370000000,4970000000,3750000000,5170000000,3386968,False
vnodes,scalein,decommission_command_start,2026-09-22T15:38:58.589900+00:00,734.652823,2667,r-scylla1,3,12.04,2104533975,10427106853,1530000000,4870000000,4110000000,5340000000,3387912,False
vnodes,scalein,decommission_command_start,2026-09-22T15:38:58.589900+00:00,734.652823,2667,r-scylla2,3,11.88,2001454760,10427106853,1250000000,4830000000,3730000000,5060000000,3387912,False
vnodes,scalein,decommission_command_start,2026-09-22T15:38:58.589900+00:00,734.652823,2667,r-scylla3,3,15.54,2008970953,10427106853,1370000000,4970000000,3750000000,5170000000,3387912,False
vnodes,scalein,decommission_command_start,2026-09-22T15:39:02.007131+00:00,738.070054,2668,r-scylla1,3,15.23,2103460233,10427106853,1530000000,4880000000,4110000000,5340000000,3380484,False
vnodes,scalein,decommission_command_start,2026-09-22T15:39:02.007131+00:00,738.070054,2668,r-scylla2,3,12.88,2001454760,10427106853,1250000000,4830000000,3730000000,5060000000,3380484,False
vnodes,scalein,decommission_command_start,2026-09-22T15:39:02.007131+00:00,738.070054,2668,r-scylla3,3,15.85,2008970953,10427106853,1370000000,4970000000,3750000000,5170000000,3380484,False
vnodes,scalein,decommission_command_start,2026-09-22T15:39:05.498951+00:00,741.561874,2669,r-scylla1,3,19.39,2104533975,10427106853,1530000000,4880000000,4110000000,5340000000,3379984,False
vnodes,scalein,decommission_command_start,2026-09-22T15:39:05.498951+00:00,741.561874,2669,r-scylla2,3,11.75,2001454760,10427106853,1250000000,4830000000,3740000000,5060000000,3379984,False
vnodes,scalein,decommission_command_start,2026-09-22T15:39:05.498951+00:00,741.561874,2669,r-scylla3,3,15.31,2008970953,10427106853,1370000000,4970000000,3750000000,5170000000,3379984,False
vnodes,scalein,decommission_command_start,2026-09-22T15:39:08.998003+00:00,745.060926,2670,r-scylla1,3,8.13,2103460233,10427106853,1530000000,4880000000,4110000000,5340000000,3371504,False
vnodes,scalein,decommission_command_start,2026-09-22T15:39:08.998003+00:00,745.060926,2670,r-scylla2,3,8.45,2001454760,10427106853,1250000000,4840000000,3740000000,5060000000,3371504,False
vnodes,scalein,decommission_command_start,2026-09-22T15:39:08.998003+00:00,745.060926,2670,r-scylla3,3,9.07,2008970953,10427106853,1370000000,4980000000,3750000000,5170000000,3371504,False
vnodes,scalein,decommission_command_start,2026-09-22T15:39:12.438351+00:00,748.501274,2671,r-scylla1,3,27.28,2114197651,10427106853,1530000000,4880000000,4110000000,5340000000,3379840,False
vnodes,scalein,decommission_command_start,2026-09-22T15:39:12.438351+00:00,748.501274,2671,r-scylla2,3,13.56,2001454760,10427106853,1250000000,4840000000,3740000000,5060000000,3379840,False
vnodes,scalein,decommission_command_start,2026-09-22T15:39:12.438351+00:00,748.501274,2671,r-scylla3,3,15.40,2008970953,10427106853,1370000000,4980000000,3750000000,5170000000,3379840,False
vnodes,scalein,decommission_command_start,2026-09-22T15:39:15.884602+00:00,751.947525,2672,r-scylla1,3,23.15,2104533975,10427106853,1530000000,4890000000,4110000000,5340000000,3377360,False
vnodes,scalein,decommission_command_start,2026-09-22T15:39:15.884602+00:00,751.947525,2672,r-scylla2,3,13.23,2001454760,10427106853,1250000000,4840000000,3740000000,5070000000,3377360,False
vnodes,scalein,decommission_command_start,2026-09-22T15:39:15.884602+00:00,751.947525,2672,r-scylla3,3,13.23,2008970953,10427106853,1370000000,4980000000,3760000000,5170000000,3377360,False
vnodes,scalein,decommission_command_start,2026-09-22T15:39:19.332769+00:00,755.395692,2673,r-scylla1,3,14.70,2104533975,10427106853,1530000000,4890000000,4110000000,5340000000,3374624,False
vnodes,scalein,decommission_command_start,2026-09-22T15:39:19.332769+00:00,755.395692,2673,r-scylla2,3,13.92,2001454760,10427106853,1260000000,4840000000,3740000000,5070000000,3374624,False
vnodes,scalein,decommission_command_start,2026-09-22T15:39:19.332769+00:00,755.395692,2673,r-scylla3,3,15.53,2008970953,10427106853,1370000000,4980000000,3760000000,5170000000,3374624,False
vnodes,scalein,decommission_command_start,2026-09-22T15:39:22.782779+00:00,758.845702,2674,r-scylla1,3,26.67,2110976426,10427106853,1530000000,4890000000,4120000000,5340000000,3376464,False
vnodes,scalein,decommission_command_start,2026-09-22T15:39:22.782779+00:00,758.845702,2674,r-scylla2,3,12.51,2001454760,10427106853,1260000000,4840000000,3740000000,5070000000,3376464,False
vnodes,scalein,decommission_command_start,2026-09-22T15:39:22.782779+00:00,758.845702,2674,r-scylla3,3,13.79,2008970953,10427106853,1370000000,4990000000,3760000000,5170000000,3376464,False
vnodes,scalein,decommission_command_start,2026-09-22T15:39:26.190631+00:00,762.253554,2675,r-scylla1,3,24.60,2104533975,10427106853,1530000000,4890000000,4120000000,5340000000,3376372,False
vnodes,scalein,decommission_command_start,2026-09-22T15:39:26.190631+00:00,762.253554,2675,r-scylla2,3,13.19,2001454760,10427106853,1260000000,4850000000,3750000000,5070000000,3376372,False
vnodes,scalein,decommission_command_start,2026-09-22T15:39:26.190631+00:00,762.253554,2675,r-scylla3,3,14.85,2008970953,10427106853,1370000000,4990000000,3760000000,5170000000,3376372,False
vnodes,scalein,decommission_command_start,2026-09-22T15:39:29.667411+00:00,765.730334,2676,r-scylla1,3,9.92,2104533975,10427106853,1530000000,4900000000,4120000000,5340000000,3371684,False
vnodes,scalein,decommission_command_start,2026-09-22T15:39:29.667411+00:00,765.730334,2676,r-scylla2,3,9.90,2001454760,10427106853,1260000000,4850000000,3750000000,5070000000,3371684,False
vnodes,scalein,decommission_command_start,2026-09-22T15:39:29.667411+00:00,765.730334,2676,r-scylla3,3,15.93,2008970953,10427106853,1370000000,4990000000,3760000000,5170000000,3371684,False
vnodes,scalein,decommission_command_start,2026-09-22T15:39:33.080387+00:00,769.143310,2677,r-scylla1,3,18.89,2104533975,10427106853,1530000000,4900000000,4120000000,5340000000,3377020,False
vnodes,scalein,decommission_command_start,2026-09-22T15:39:33.080387+00:00,769.143310,2677,r-scylla2,3,13.91,2001454760,10427106853,1260000000,4850000000,3750000000,5070000000,3377020,False
vnodes,scalein,decommission_command_start,2026-09-22T15:39:33.080387+00:00,769.143310,2677,r-scylla3,3,16.26,2008970953,10427106853,1370000000,4990000000,3760000000,5170000000,3377020,False
vnodes,scalein,decommission_command_start,2026-09-22T15:39:36.418446+00:00,772.481369,2678,r-scylla1,3,25.18,2112050168,10427106853,1540000000,4900000000,4120000000,5340000000,3378440,False
vnodes,scalein,decommission_command_start,2026-09-22T15:39:36.418446+00:00,772.481369,2678,r-scylla2,3,12.68,2001454760,10427106853,1260000000,4850000000,3750000000,5070000000,3378440,False
vnodes,scalein,decommission_command_start,2026-09-22T15:39:36.418446+00:00,772.481369,2678,r-scylla3,3,16.02,2008970953,10427106853,1370000000,5000000000,3770000000,5170000000,3378440,False
vnodes,scalein,decommission_command_start,2026-09-22T15:39:39.900745+00:00,775.963668,2679,r-scylla1,3,13.41,2104533975,10427106853,1540000000,4900000000,4120000000,5340000000,3377556,False
vnodes,scalein,decommission_command_start,2026-09-22T15:39:39.900745+00:00,775.963668,2679,r-scylla2,3,13.12,2001454760,10427106853,1260000000,4860000000,3750000000,5070000000,3377556,False
vnodes,scalein,decommission_command_start,2026-09-22T15:39:39.900745+00:00,775.963668,2679,r-scylla3,3,16.07,2008970953,10427106853,1380000000,5000000000,3770000000,5170000000,3377556,False
vnodes,scalein,decommission_command_start,2026-09-22T15:39:43.322022+00:00,779.384945,2680,r-scylla1,3,16.17,2104533975,10427106853,1540000000,4910000000,4120000000,5340000000,3397412,False
vnodes,scalein,decommission_command_start,2026-09-22T15:39:43.322022+00:00,779.384945,2680,r-scylla2,3,3.66,2001454760,10427106853,1260000000,4860000000,3750000000,5070000000,3397412,False
vnodes,scalein,decommission_command_start,2026-09-22T15:39:43.322022+00:00,779.384945,2680,r-scylla3,3,6.74,2008970953,10427106853,1380000000,5000000000,3770000000,5170000000,3397412,False
vnodes,scalein,decommission_command_start,2026-09-22T15:39:46.903877+00:00,782.966800,2681,r-scylla1,3,7.17,2103460233,10427106853,1540000000,4910000000,4120000000,5340000000,3405396,False
vnodes,scalein,decommission_command_start,2026-09-22T15:39:46.903877+00:00,782.966800,2681,r-scylla2,3,6.33,2001454760,10427106853,1260000000,4860000000,3750000000,5070000000,3405396,False
vnodes,scalein,decommission_command_start,2026-09-22T15:39:46.903877+00:00,782.966800,2681,r-scylla3,3,5.93,2008970953,10427106853,1380000000,5000000000,3770000000,5170000000,3405396,False
vnodes,scalein,decommission_command_start,2026-09-22T15:39:50.457519+00:00,786.520442,2682,r-scylla1,3,3.67,2104533975,10427106853,1540000000,4910000000,4120000000,5340000000,3446664,False
vnodes,scalein,decommission_command_start,2026-09-22T15:39:50.457519+00:00,786.520442,2682,r-scylla2,3,3.13,2001454760,10427106853,1260000000,4860000000,3750000000,5070000000,3446664,False
vnodes,scalein,decommission_command_start,2026-09-22T15:39:50.457519+00:00,786.520442,2682,r-scylla3,3,2.34,2008970953,10427106853,1380000000,5000000000,3770000000,5170000000,3446664,False
vnodes,final_three,,2026-09-22T16:01:25.318286+00:00,,3049,r-scylla1,3,23.83,2110976426,10427106853,1600000000,5450000000,4690000000,5340000000,3347300,False
vnodes,final_three,,2026-09-22T16:01:25.318286+00:00,,3049,r-scylla2,3,13.18,2003602244,10427106853,1270000000,5400000000,4390000000,5070000000,3347300,False
vnodes,final_three,,2026-09-22T16:01:25.318286+00:00,,3049,r-scylla3,3,14.23,2012192178,10427106853,1390000000,5550000000,4650000000,5170000000,3347300,False
vnodes,final_three,,2026-09-22T16:01:28.839827+00:00,,3050,r-scylla1,3,27.18,2112050168,10427106853,1600000000,5450000000,4690000000,5340000000,3336760,False
vnodes,final_three,,2026-09-22T16:01:28.839827+00:00,,3050,r-scylla2,3,11.44,2003602244,10427106853,1270000000,5400000000,4400000000,5070000000,3336760,False
vnodes,final_three,,2026-09-22T16:01:28.839827+00:00,,3050,r-scylla3,3,12.94,2012192178,10427106853,1390000000,5550000000,4650000000,5170000000,3336760,False
vnodes,final_three,,2026-09-22T16:01:32.296501+00:00,,3051,r-scylla1,3,14.81,2112050168,10427106853,1600000000,5450000000,4690000000,5340000000,3343168,False
vnodes,final_three,,2026-09-22T16:01:32.296501+00:00,,3051,r-scylla2,3,11.93,2003602244,10427106853,1270000000,5410000000,4400000000,5070000000,3343168,False
vnodes,final_three,,2026-09-22T16:01:32.296501+00:00,,3051,r-scylla3,3,15.24,2012192178,10427106853,1390000000,5560000000,4650000000,5170000000,3343168,False
vnodes,final_three,,2026-09-22T16:01:35.857256+00:00,,3052,r-scylla1,3,29.55,2110976426,10427106853,1600000000,5460000000,4690000000,5340000000,3343180,False
vnodes,final_three,,2026-09-22T16:01:35.857256+00:00,,3052,r-scylla2,3,16.27,2003602244,10427106853,1280000000,5410000000,4400000000,5070000000,3343180,False
vnodes,final_three,,2026-09-22T16:01:35.857256+00:00,,3052,r-scylla3,3,16.21,2012192178,10427106853,1390000000,5560000000,4650000000,5170000000,3343180,False
vnodes,final_three,,2026-09-22T16:01:39.425149+00:00,,3053,r-scylla1,3,16.89,2112050168,10427106853,1600000000,5460000000,4690000000,5340000000,3339600,False
vnodes,final_three,,2026-09-22T16:01:39.425149+00:00,,3053,r-scylla2,3,20.62,2003602244,10427106853,1280000000,5410000000,4400000000,5070000000,3339600,False
vnodes,final_three,,2026-09-22T16:01:39.425149+00:00,,3053,r-scylla3,3,22.00,2012192178,10427106853,1390000000,5560000000,4660000000,5180000000,3339600,False
vnodes,final_three,,2026-09-22T16:01:42.809968+00:00,,3054,r-scylla1,3,25.03,2112050168,10427106853,1600000000,5460000000,4690000000,5340000000,3342888,False
vnodes,final_three,,2026-09-22T16:01:42.809968+00:00,,3054,r-scylla2,3,16.67,2004675985,10427106853,1280000000,5410000000,4400000000,5070000000,3342888,False
vnodes,final_three,,2026-09-22T16:01:42.809968+00:00,,3054,r-scylla3,3,17.05,2012192178,10427106853,1390000000,5560000000,4660000000,5180000000,3342888,False
vnodes,final_three,,2026-09-22T16:01:46.396422+00:00,,3055,r-scylla1,3,25.72,2112050168,10427106853,1600000000,5460000000,4700000000,5340000000,3346404,False
vnodes,final_three,,2026-09-22T16:01:46.396422+00:00,,3055,r-scylla2,3,14.31,2003602244,10427106853,1280000000,5420000000,4400000000,5070000000,3346404,False
vnodes,final_three,,2026-09-22T16:01:46.396422+00:00,,3055,r-scylla3,3,15.50,2012192178,10427106853,1390000000,5570000000,4660000000,5180000000,3346404,False
vnodes,final_three,,2026-09-22T16:01:49.794602+00:00,,3056,r-scylla1,3,19.93,2118492619,10427106853,1600000000,5470000000,4700000000,5340000000,3331300,False
vnodes,final_three,,2026-09-22T16:01:49.794602+00:00,,3056,r-scylla2,3,12.07,2003602244,10427106853,1280000000,5420000000,4400000000,5070000000,3331300,False
vnodes,final_three,,2026-09-22T16:01:49.794602+00:00,,3056,r-scylla3,3,15.24,2012192178,10427106853,1400000000,5570000000,4660000000,5180000000,3331300,False
vnodes,final_three,,2026-09-22T16:01:53.243916+00:00,,3057,r-scylla1,3,15.07,2110976426,10427106853,1600000000,5470000000,4700000000,5340000000,3341168,False
vnodes,final_three,,2026-09-22T16:01:53.243916+00:00,,3057,r-scylla2,3,14.93,2003602244,10427106853,1280000000,5420000000,4410000000,5070000000,3341168,False
vnodes,final_three,,2026-09-22T16:01:53.243916+00:00,,3057,r-scylla3,3,14.64,2012192178,10427106853,1400000000,5570000000,4660000000,5180000000,3341168,False
vnodes,final_three,,2026-09-22T16:01:56.682823+00:00,,3058,r-scylla1,3,24.97,2112050168,10427106853,1600000000,5470000000,4700000000,5340000000,3343240,False
vnodes,final_three,,2026-09-22T16:01:56.682823+00:00,,3058,r-scylla2,3,13.75,2003602244,10427106853,1280000000,5420000000,4410000000,5070000000,3343240,False
vnodes,final_three,,2026-09-22T16:01:56.682823+00:00,,3058,r-scylla3,3,15.72,2012192178,10427106853,1400000000,5570000000,4660000000,5180000000,3343240,False
vnodes,final_three,,2026-09-22T16:02:00.049417+00:00,,3059,r-scylla1,3,19.21,2117418877,10427106853,1600000000,5470000000,4700000000,5350000000,3338700,False
vnodes,final_three,,2026-09-22T16:02:00.049417+00:00,,3059,r-scylla2,3,13.22,2003602244,10427106853,1280000000,5420000000,4410000000,5070000000,3338700,False
vnodes,final_three,,2026-09-22T16:02:00.049417+00:00,,3059,r-scylla3,3,15.58,2012192178,10427106853,1400000000,5580000000,4670000000,5180000000,3338700,False
vnodes,final_three,,2026-09-22T16:02:03.575306+00:00,,3060,r-scylla1,3,11.27,2112050168,10427106853,1600000000,5470000000,4700000000,5350000000,3342344,False
vnodes,final_three,,2026-09-22T16:02:03.575306+00:00,,3060,r-scylla2,3,12.03,2003602244,10427106853,1280000000,5430000000,4410000000,5070000000,3342344,False
vnodes,final_three,,2026-09-22T16:02:03.575306+00:00,,3060,r-scylla3,3,15.59,2012192178,10427106853,1400000000,5580000000,4670000000,5180000000,3342344,False
vnodes,final_three,,2026-09-22T16:02:06.976857+00:00,,3061,r-scylla1,3,16.58,2112050168,10427106853,1610000000,5480000000,4700000000,5350000000,3345772,False
vnodes,final_three,,2026-09-22T16:02:06.976857+00:00,,3061,r-scylla2,3,9.28,2003602244,10427106853,1280000000,5430000000,4410000000,5070000000,3345772,False
vnodes,final_three,,2026-09-22T16:02:06.976857+00:00,,3061,r-scylla3,3,8.53,2012192178,10427106853,1400000000,5580000000,4670000000,5180000000,3345772,False
vnodes,final_three,,2026-09-22T16:02:10.385514+00:00,,3062,r-scylla1,3,14.00,2112050168,10427106853,1610000000,5480000000,4700000000,5350000000,3340128,False
vnodes,final_three,,2026-09-22T16:02:10.385514+00:00,,3062,r-scylla2,3,12.82,2003602244,10427106853,1280000000,5430000000,4410000000,5070000000,3340128,False
vnodes,final_three,,2026-09-22T16:02:10.385514+00:00,,3062,r-scylla3,3,15.46,2012192178,10427106853,1400000000,5580000000,4670000000,5180000000,3340128,False
vnodes,final_three,,2026-09-22T16:02:13.900401+00:00,,3063,r-scylla1,3,13.14,2110976426,10427106853,1610000000,5480000000,4710000000,5350000000,3343736,False
vnodes,final_three,,2026-09-22T16:02:13.900401+00:00,,3063,r-scylla2,3,13.52,2003602244,10427106853,1280000000,5430000000,4410000000,5070000000,3343736,False
vnodes,final_three,,2026-09-22T16:02:13.900401+00:00,,3063,r-scylla3,3,14.03,2012192178,10427106853,1400000000,5590000000,4670000000,5180000000,3343736,False
vnodes,final_three,,2026-09-22T16:02:17.321837+00:00,,3064,r-scylla1,3,25.01,2110976426,10427106853,1610000000,5480000000,4710000000,5350000000,3344564,False
vnodes,final_three,,2026-09-22T16:02:17.321837+00:00,,3064,r-scylla2,3,13.83,2003602244,10427106853,1280000000,5440000000,4420000000,5070000000,3344564,False
vnodes,final_three,,2026-09-22T16:02:17.321837+00:00,,3064,r-scylla3,3,14.23,2012192178,10427106853,1400000000,5590000000,4670000000,5180000000,3344564,False
vnodes,final_three,,2026-09-22T16:02:20.778418+00:00,,3065,r-scylla1,3,16.34,2113123910,10427106853,1610000000,5490000000,4710000000,5350000000,3343164,False
vnodes,final_three,,2026-09-22T16:02:20.778418+00:00,,3065,r-scylla2,3,13.18,2003602244,10427106853,1280000000,5440000000,4420000000,5070000000,3343164,False
vnodes,final_three,,2026-09-22T16:02:20.778418+00:00,,3065,r-scylla3,3,13.77,2012192178,10427106853,1400000000,5590000000,4670000000,5180000000,3343164,False
vnodes,final_three,,2026-09-22T16:02:24.230305+00:00,,3066,r-scylla1,3,14.27,2112050168,10427106853,1610000000,5490000000,4710000000,5350000000,3348476,False
vnodes,final_three,,2026-09-22T16:02:24.230305+00:00,,3066,r-scylla2,3,15.08,2003602244,10427106853,1280000000,5440000000,4420000000,5070000000,3348476,False
vnodes,final_three,,2026-09-22T16:02:24.230305+00:00,,3066,r-scylla3,3,16.01,2012192178,10427106853,1400000000,5590000000,4680000000,5180000000,3348476,False
vnodes,final_three,,2026-09-22T16:02:27.634148+00:00,,3067,r-scylla1,3,16.87,2112050168,10427106853,1610000000,5490000000,4710000000,5350000000,3350124,False
vnodes,final_three,,2026-09-22T16:02:27.634148+00:00,,3067,r-scylla2,3,9.14,2003602244,10427106853,1290000000,5440000000,4420000000,5070000000,3350124,False
vnodes,final_three,,2026-09-22T16:02:27.634148+00:00,,3067,r-scylla3,3,14.94,2012192178,10427106853,1400000000,5590000000,4680000000,5180000000,3350124,False
vnodes,final_three,,2026-09-22T16:02:31.041858+00:00,,3068,r-scylla1,3,23.26,2110976426,10427106853,1610000000,5490000000,4710000000,5350000000,3344276,False
vnodes,final_three,,2026-09-22T16:02:31.041858+00:00,,3068,r-scylla2,3,14.31,2003602244,10427106853,1290000000,5440000000,4420000000,5070000000,3344276,False
vnodes,final_three,,2026-09-22T16:02:31.041858+00:00,,3068,r-scylla3,3,16.35,2012192178,10427106853,1400000000,5600000000,4680000000,5180000000,3344276,False
vnodes,final_three,,2026-09-22T16:02:34.557404+00:00,,3069,r-scylla1,3,9.98,2110976426,10427106853,1610000000,5500000000,4710000000,5350000000,3345396,False
vnodes,final_three,,2026-09-22T16:02:34.557404+00:00,,3069,r-scylla2,3,9.66,2003602244,10427106853,1290000000,5450000000,4420000000,5070000000,3345396,False
vnodes,final_three,,2026-09-22T16:02:34.557404+00:00,,3069,r-scylla3,3,14.96,2012192178,10427106853,1400000000,5600000000,4680000000,5180000000,3345396,False
vnodes,final_three,,2026-09-22T16:02:37.935411+00:00,,3070,r-scylla1,3,17.45,2112050168,10427106853,1610000000,5500000000,4710000000,5350000000,3346116,False
vnodes,final_three,,2026-09-22T16:02:37.935411+00:00,,3070,r-scylla2,3,9.75,2003602244,10427106853,1290000000,5450000000,4420000000,5070000000,3346116,False
vnodes,final_three,,2026-09-22T16:02:37.935411+00:00,,3070,r-scylla3,3,14.64,2012192178,10427106853,1400000000,5600000000,4680000000,5180000000,3346116,False
vnodes,final_three,,2026-09-22T16:02:41.417204+00:00,,3071,r-scylla1,3,22.07,2112050168,10427106853,1610000000,5500000000,4720000000,5350000000,3342464,False
vnodes,final_three,,2026-09-22T16:02:41.417204+00:00,,3071,r-scylla2,3,12.98,2003602244,10427106853,1290000000,5450000000,4430000000,5070000000,3342464,False
vnodes,final_three,,2026-09-22T16:02:41.417204+00:00,,3071,r-scylla3,3,14.96,2012192178,10427106853,1410000000,5600000000,4680000000,5180000000,3342464,False
vnodes,final_three,,2026-09-22T16:02:44.908923+00:00,,3072,r-scylla1,3,21.75,2110976426,10427106853,1610000000,5500000000,4720000000,5350000000,3349084,False
vnodes,final_three,,2026-09-22T16:02:44.908923+00:00,,3072,r-scylla2,3,12.11,2003602244,10427106853,1290000000,5450000000,4430000000,5070000000,3349084,False
vnodes,final_three,,2026-09-22T16:02:44.908923+00:00,,3072,r-scylla3,3,13.69,2012192178,10427106853,1410000000,5610000000,4680000000,5180000000,3349084,False
vnodes,final_three,,2026-09-22T16:02:48.375126+00:00,,3073,r-scylla1,3,24.26,2110976426,10427106853,1610000000,5510000000,4720000000,5350000000,3350396,False
vnodes,final_three,,2026-09-22T16:02:48.375126+00:00,,3073,r-scylla2,3,12.89,2004675985,10427106853,1290000000,5460000000,4430000000,5070000000,3350396,False
vnodes,final_three,,2026-09-22T16:02:48.375126+00:00,,3073,r-scylla3,3,14.57,2012192178,10427106853,1410000000,5610000000,4690000000,5180000000,3350396,False
vnodes,final_three,,2026-09-22T16:02:51.812675+00:00,,3074,r-scylla1,3,18.65,2114197651,10427106853,1610000000,5510000000,4720000000,5350000000,3341064,False
vnodes,final_three,,2026-09-22T16:02:51.812675+00:00,,3074,r-scylla2,3,13.35,2003602244,10427106853,1290000000,5460000000,4430000000,5070000000,3341064,False
vnodes,final_three,,2026-09-22T16:02:51.812675+00:00,,3074,r-scylla3,3,14.81,2012192178,10427106853,1410000000,5610000000,4690000000,5180000000,3341064,False
vnodes,final_three,,2026-09-22T16:02:55.263346+00:00,,3075,r-scylla1,3,14.02,2112050168,10427106853,1610000000,5510000000,4720000000,5350000000,3347376,False
vnodes,final_three,,2026-09-22T16:02:55.263346+00:00,,3075,r-scylla2,3,14.38,2003602244,10427106853,1290000000,5460000000,4430000000,5070000000,3347376,False
vnodes,final_three,,2026-09-22T16:02:55.263346+00:00,,3075,r-scylla3,3,15.02,2012192178,10427106853,1410000000,5610000000,4690000000,5180000000,3347376,False
vnodes,final_three,,2026-09-22T16:02:58.642659+00:00,,3076,r-scylla1,3,26.84,2112050168,10427106853,1610000000,5510000000,4720000000,5350000000,3347604,False
vnodes,final_three,,2026-09-22T16:02:58.642659+00:00,,3076,r-scylla2,3,14.29,2003602244,10427106853,1290000000,5460000000,4430000000,5070000000,3347604,False
vnodes,final_three,,2026-09-22T16:02:58.642659+00:00,,3076,r-scylla3,3,14.43,2012192178,10427106853,1410000000,5620000000,4690000000,5180000000,3347604,False
vnodes,final_three,,2026-09-22T16:03:02.078522+00:00,,3077,r-scylla1,3,21.11,2117418877,10427106853,1620000000,5520000000,4720000000,5350000000,3336728,False
vnodes,final_three,,2026-09-22T16:03:02.078522+00:00,,3077,r-scylla2,3,13.71,2003602244,10427106853,1290000000,5470000000,4430000000,5080000000,3336728,False
vnodes,final_three,,2026-09-22T16:03:02.078522+00:00,,3077,r-scylla3,3,16.28,2012192178,10427106853,1410000000,5620000000,4690000000,5180000000,3336728,False
vnodes,final_three,,2026-09-22T16:03:05.542809+00:00,,3078,r-scylla1,3,9.74,2110976426,10427106853,1620000000,5520000000,4720000000,5350000000,3344684,False
vnodes,final_three,,2026-09-22T16:03:05.542809+00:00,,3078,r-scylla2,3,10.26,2003602244,10427106853,1290000000,5470000000,4440000000,5080000000,3344684,False
vnodes,final_three,,2026-09-22T16:03:05.542809+00:00,,3078,r-scylla3,3,16.17,2012192178,10427106853,1410000000,5620000000,4690000000,5180000000,3344684,False
vnodes,final_three,,2026-09-22T16:03:08.931593+00:00,,3079,r-scylla1,3,16.07,2112050168,10427106853,1620000000,5520000000,4730000000,5350000000,3344200,False
vnodes,final_three,,2026-09-22T16:03:08.931593+00:00,,3079,r-scylla2,3,8.12,2003602244,10427106853,1290000000,5470000000,4440000000,5080000000,3344200,False
vnodes,final_three,,2026-09-22T16:03:08.931593+00:00,,3079,r-scylla3,3,9.60,2012192178,10427106853,1410000000,5620000000,4690000000,5180000000,3344200,False
vnodes,final_three,,2026-09-22T16:03:12.274951+00:00,,3080,r-scylla1,3,15.04,2110976426,10427106853,1620000000,5520000000,4730000000,5350000000,3339268,False
vnodes,final_three,,2026-09-22T16:03:12.274951+00:00,,3080,r-scylla2,3,14.12,2003602244,10427106853,1290000000,5470000000,4440000000,5080000000,3339268,False
vnodes,final_three,,2026-09-22T16:03:12.274951+00:00,,3080,r-scylla3,3,16.21,2012192178,10427106853,1410000000,5630000000,4700000000,5180000000,3339268,False
vnodes,final_three,,2026-09-22T16:03:15.755175+00:00,,3081,r-scylla1,3,9.56,2112050168,10427106853,1620000000,5520000000,4730000000,5350000000,3346472,False
vnodes,final_three,,2026-09-22T16:03:15.755175+00:00,,3081,r-scylla2,3,8.57,2003602244,10427106853,1290000000,5470000000,4440000000,5080000000,3346472,False
vnodes,final_three,,2026-09-22T16:03:15.755175+00:00,,3081,r-scylla3,3,9.52,2012192178,10427106853,1410000000,5630000000,4700000000,5180000000,3346472,False
vnodes,final_three,,2026-09-22T16:03:19.078462+00:00,,3082,r-scylla1,3,25.28,2110976426,10427106853,1620000000,5530000000,4730000000,5350000000,3347616,False
vnodes,final_three,,2026-09-22T16:03:19.078462+00:00,,3082,r-scylla2,3,15.30,2003602244,10427106853,1290000000,5480000000,4440000000,5080000000,3347616,False
vnodes,final_three,,2026-09-22T16:03:19.078462+00:00,,3082,r-scylla3,3,14.71,2012192178,10427106853,1410000000,5630000000,4700000000,5180000000,3347616,False
vnodes,final_three,,2026-09-22T16:03:22.585622+00:00,,3083,r-scylla1,3,4.05,2112050168,10427106853,1620000000,5530000000,4730000000,5350000000,3382180,False
vnodes,final_three,,2026-09-22T16:03:22.585622+00:00,,3083,r-scylla2,3,5.18,2003602244,10427106853,1290000000,5480000000,4440000000,5080000000,3382180,False
vnodes,final_three,,2026-09-22T16:03:22.585622+00:00,,3083,r-scylla3,3,10.18,2012192178,10427106853,1410000000,5630000000,4700000000,5180000000,3382180,False
vnodes,final_three,,2026-09-22T16:03:25.937783+00:00,,3084,r-scylla1,3,14.58,2121713844,10427106853,1620000000,5530000000,4730000000,5350000000,3379332,False
vnodes,final_three,,2026-09-22T16:03:25.937783+00:00,,3084,r-scylla2,3,4.03,2003602244,10427106853,1290000000,5480000000,4440000000,5080000000,3379332,False
vnodes,final_three,,2026-09-22T16:03:25.937783+00:00,,3084,r-scylla3,3,4.51,2012192178,10427106853,1410000000,5630000000,4700000000,5180000000,3379332,False
vnodes,final_three,,2026-09-22T16:03:29.522114+00:00,,3085,r-scylla1,3,12.94,2112050168,10427106853,1620000000,5530000000,4730000000,5350000000,3418492,False
vnodes,final_three,,2026-09-22T16:03:29.522114+00:00,,3085,r-scylla2,3,2.66,2003602244,10427106853,1290000000,5480000000,4440000000,5080000000,3418492,False
vnodes,final_three,,2026-09-22T16:03:29.522114+00:00,,3085,r-scylla3,3,3.46,2012192178,10427106853,1410000000,5640000000,4700000000,5180000000,3418492,False
